t,TS,Type of mobile,MMSI,Latitude,Longitude,Navigational status,ROT,SOG,COG,Heading,IMO,Callsign,Name,Ship type,Cargo type,Width,Length,Type of position fixing device,Draught,Destination,ETA,Data source type,geometry,traj_id,timedelta,acceleration,direction,oft_minutes60,oft_dummy60,haus_dist_a,lat,lon
2025-01-13 06:45:02,2025-01-13 06:45:02,Class A,273292160_0,55.470395,6.204208,Under way using engine,0.0,11.1,23.6,19.0,Unknown,Unknown,MAIN,Undefined,No additional information,42.0,246.0,Undefined,8.0,Unknown,13/01/2025 12:30:00,AIS,POINT (6.204208 55.470395),273292160_0,0,0.0,24.06310305282119,0.0,0,9.479411480107242,55.470395,6.204208
2025-01-13 07:53:03,2025-01-13 07:53:03,Class A,273292160_0,55.66144,6.35552,Under way using engine,0.0,11.1,25.8,19.0,9220641,UBGW3,LADY MARIIA,Cargo,No additional information,20.0,127.0,GPS,5.1,TO ORDER,16/01/2025 05:00:00,AIS,POINT (6.35552 55.66144),273292160_0,0 days 01:08:01,0.0,24.06310305282119,68.0,1,9.324068352525522,55.66144,6.35552
2025-01-13 08:37:01,2025-01-13 08:37:01,Class A,273292160_0,55.783903,6.454678,Under way using engine,0.0,11.1,25.6,22.0,9220641,UBGW3,LADY MARIIA,Cargo,No additional information,20.0,127.0,GPS,5.1,TO ORDER,29/01/2025 08:00:00,AIS,POINT (6.454678 55.783903),273292160_0,0 days 00:43:58,-1.1405350170682323e-08,24.47302281866348,0.0,0,9.224336677999181,55.783903,6.454678
2025-01-13 08:45:01,2025-01-13 08:45:01,Class A,273292160_0,55.806178,6.472848,Under way using engine,0.0,11.1,24.7,19.0,9220641,UBGW3,LADY MARIIA,Cargo,No additional information,20.0,127.0,GPS,5.1,TO ORDER,16/01/2025 05:00:00,AIS,POINT (6.472848 55.806178),273292160_0,0 days 00:08:00,7.336237035850297e-09,24.62663804476739,0.0,0,9.206236100402597,55.806178,6.472848
2025-01-13 08:46:01,2025-01-13 08:46:01,Class A,273292160_0,55.808968,6.475128,Under way using engine,0.0,11.1,24.8,18.0,9220641,UBGW3,LADY MARIIA,Cargo,No additional information,20.0,127.0,GPS,5.1,TO ORDER,29/01/2025 08:00:00,AIS,POINT (6.475128 55.808968),273292160_0,0 days 00:01:00,2.165813066564171e-07,24.665897290865928,0.0,0,9.203968614034709,55.808968,6.475128
2025-01-13 08:59:01,2025-01-13 08:59:01,Class A,273292160_0,55.843503,6.510668,Under way using engine,0.0,11.4,39.2,34.0,9220641,UBGW3,LADY MARIIA,Cargo,No additional information,20.0,127.0,GPS,5.1,TO ORDER,16/01/2025 05:00:00,AIS,POINT (6.510668 55.843503),273292160_0,0 days 00:13:00,-2.8762278055988508e-09,30.015389837010503,0.0,0,9.168654520854247,55.843503,6.510668
2025-01-13 09:05:01,2025-01-13 09:05:01,Class A,273292160_0,55.858085,6.531812,Under way using engine,0.0,11.4,39.0,35.0,9220641,UBGW3,LADY MARIIA,Cargo,No additional information,20.0,127.0,GPS,5.1,TO ORDER,29/01/2025 08:00:00,AIS,POINT (6.531812 55.858085),273292160_0,0 days 00:06:00,3.414759431519529e-07,39.13550514741837,0.0,0,9.147645862588089,55.858085,6.531812
2025-01-13 09:35:01,2025-01-13 09:35:01,Class A,273292160_0,55.930315,6.640487,Under way using engine,0.0,11.3,41.3,41.0,9220641,UBGW3,LADY MARIIA,Cargo,No additional information,20.0,127.0,GPS,5.1,TO ORDER,29/01/2025 08:00:00,AIS,POINT (6.640487 55.930315),273292160_0,0 days 00:30:00,1.70352306464015e-08,40.107538011113775,0.0,0,9.039997880714907,55.930315,6.640487
2025-01-13 09:44:02,2025-01-13 09:44:02,Class A,273292160_0,55.951667,6.673715,Under way using engine,0.0,11.3,40.2,37.0,9220641,UBGW3,LADY MARIIA,Cargo,No additional information,20.0,127.0,GPS,5.1,TO ORDER,16/01/2025 05:00:00,AIS,POINT (6.673715 55.951667),273292160_0,0 days 00:09:01,-2.983237213385738e-08,41.05984366155849,0.0,0,9.007189342581514,55.951667,6.673715
2025-01-13 09:56:01,2025-01-13 09:56:01,Class A,273292160_0,55.979738,6.718268,Under way using engine,0.0,11.1,42.5,42.0,9220641,UBGW3,LADY MARIIA,Cargo,No additional information,20.0,127.0,GPS,5.1,TO ORDER,16/01/2025 05:00:00,AIS,POINT (6.718268 55.979738),273292160_0,0 days 00:11:59,-2.035917174603586e-08,41.596634785544495,0.0,0,8.963270131502005,55.979738,6.718268
2025-01-13 09:58:01,2025-01-13 09:58:01,Class A,273292160_0,55.984407,6.725673,Under way using engine,0.0,11.4,41.8,42.0,9220641,UBGW3,LADY MARIIA,Cargo,No additional information,20.0,127.0,GPS,5.1,TO ORDER,16/01/2025 05:00:00,AIS,POINT (6.725673 55.984407),273292160_0,0 days 00:02:00,-1.9026739347013268e-07,41.579166293523315,0.0,0,8.955979688322769,55.984407,6.725673
2025-01-13 10:00:02,2025-01-13 10:00:02,Class A,273292160_0,55.989192,6.73324,Under way using engine,0.0,11.5,41.3,38.0,9220641,UBGW3,LADY MARIIA,Cargo,No additional information,20.0,127.0,GPS,5.1,TO ORDER,29/01/2025 08:00:00,AIS,POINT (6.73324 55.989192),273292160_0,0 days 00:02:01,7.197065874565453e-07,41.49315286366891,0.0,0,8.948532807307798,55.989192,6.73324
2025-01-13 10:01:02,2025-01-13 10:01:02,Class A,273292160_0,55.991567,6.737033,Under way using engine,2.2,11.4,42.4,41.0,9220641,UBGW3,LADY MARIIA,Cargo,No additional information,20.0,127.0,GPS,5.1,TO ORDER,29/01/2025 08:00:00,AIS,POINT (6.737033 55.991567),273292160_0,0 days 00:01:00,5.18627080270424e-07,41.77229500788991,0.0,0,8.944800464697353,55.991567,6.737033
2025-01-13 10:03:02,2025-01-13 10:03:02,Class A,273292160_0,55.996318,6.744475,Under way using engine,0.0,11.4,41.4,38.0,9220641,UBGW3,LADY MARIIA,Cargo,No additional information,20.0,127.0,GPS,5.1,TO ORDER,29/01/2025 08:00:00,AIS,POINT (6.744475 55.996318),273292160_0,0 days 00:02:00,-4.1016511821580255e-07,41.21725292075132,0.0,0,8.93748180414735,55.996318,6.744475
2025-01-13 10:29:01,2025-01-13 10:29:01,Class A,273292160_0,56.05648,6.842413,Under way using engine,0.0,11.3,43.0,39.0,9220641,UBGW3,LADY MARIIA,Cargo,No additional information,20.0,127.0,GPS,5.1,TO ORDER,13/01/2025 12:30:00,AIS,POINT (6.842413 56.05648),273292160_0,0 days 00:25:59,-3.323883733151384e-08,42.251900842443774,0.0,0,8.84134621628115,56.05648,6.842413
2025-01-13 10:31:01,2025-01-13 10:31:01,Class A,273292160_0,56.061148,6.850012,Under way using engine,0.0,11.3,42.6,39.0,9220641,UBGW3,LADY MARIIA,Cargo,No additional information,20.0,127.0,GPS,5.1,TO ORDER,13/01/2025 12:30:00,AIS,POINT (6.850012 56.061148),273292160_0,0 days 00:02:00,3.704682618618016e-07,42.26517026055393,0.0,0,8.833905850414753,56.061148,6.850012
2025-01-13 10:43:02,2025-01-13 10:43:02,Class A,273292160_0,56.089418,6.895108,Under way using engine,0.0,11.2,41.6,41.0,9220641,UBGW3,LADY MARIIA,Cargo,No additional information,20.0,127.0,GPS,5.1,TO ORDER,13/01/2025 12:30:00,AIS,POINT (6.895108 56.089418),273292160_0,0 days 00:12:01,-1.1078745790938176e-08,41.659328387547475,0.0,0,8.789828707730088,56.089418,6.895108
2025-01-13 10:47:01,2025-01-13 10:47:01,Class A,273292160_0,56.09885,6.910118,Under way using engine,0.0,11.4,41.9,38.0,9220641,UBGW3,LADY MARIIA,Cargo,No additional information,20.0,127.0,GPS,5.1,TO ORDER,13/01/2025 12:30:00,AIS,POINT (6.910118 56.09885),273292160_0,0 days 00:03:59,1.2795528831592428e-07,41.59006203069464,0.0,0,8.775181179015279,56.09885,6.910118
2025-01-13 10:58:01,2025-01-13 10:58:01,Class A,273292160_0,56.124743,6.950072,Under way using engine,-0.7,11.1,40.7,41.0,9220641,UBGW3,LADY MARIIA,Cargo,No additional information,20.0,127.0,GPS,5.1,TO ORDER,29/01/2025 08:00:00,AIS,POINT (6.950072 56.124743),273292160_0,0 days 00:11:00,-1.7208563466322015e-07,40.690827312992155,0.0,0,8.736279875017571,56.124743,6.950072
2025-01-13 11:09:01,2025-01-13 11:09:01,Class A,273292160_0,56.150817,6.990942,Under way using engine,0.0,11.2,42.5,37.0,9220641,UBGW3,LADY MARIIA,Cargo,No additional information,20.0,127.0,GPS,5.1,TO ORDER,13/01/2025 12:30:00,AIS,POINT (6.990942 56.150817),273292160_0,0 days 00:11:00,1.1816335302163937e-07,41.11654420994893,0.0,0,8.696558095370891,56.150817,6.990942
2025-01-13 11:17:01,2025-01-13 11:17:01,Class A,273292160_0,56.169462,7.020627,Under way using engine,0.0,11.3,42.7,39.0,9220641,UBGW3,LADY MARIIA,Cargo,No additional information,20.0,127.0,GPS,5.1,TO ORDER,13/01/2025 12:30:00,AIS,POINT (7.020627 56.169462),273292160_0,0 days 00:08:00,-1.2517819417863687e-07,41.54810245104204,0.0,0,8.667749303229819,56.169462,7.020627
2025-01-13 11:18:01,2025-01-13 11:18:01,Class A,273292160_0,56.171735,7.024372,Under way using engine,0.0,11.2,42.5,37.0,9220641,UBGW3,LADY MARIIA,Cargo,No additional information,20.0,127.0,GPS,5.1,TO ORDER,13/01/2025 12:30:00,AIS,POINT (7.024372 56.171735),273292160_0,0 days 00:01:00,-9.362541746451112e-07,42.52724659934415,0.0,0,8.664114407659042,56.171735,7.024372
2025-01-13 11:19:01,2025-01-13 11:19:01,Class A,273292160_0,56.174112,7.028093,Under way using engine,0.0,11.4,41.8,38.0,9220641,UBGW3,LADY MARIIA,Cargo,No additional information,20.0,127.0,GPS,5.1,TO ORDER,13/01/2025 12:30:00,AIS,POINT (7.028093 56.174112),273292160_0,0 days 00:01:00,2.116972800415753e-06,41.06898149527444,0.0,0,8.660509071730425,56.174112,7.028093
2025-01-13 11:25:02,2025-01-13 11:25:02,Class A,273292160_0,56.188407,7.050763,Under way using engine,0.0,11.5,41.8,43.0,9220641,UBGW3,LADY MARIIA,Cargo,No additional information,20.0,127.0,GPS,5.1,TO ORDER,16/01/2025 05:00:00,AIS,POINT (7.050763 56.188407),273292160_0,0 days 00:06:01,8.294423975690088e-08,41.42359401056228,0.0,0,8.638550873685354,56.188407,7.050763
2025-01-13 11:35:01,2025-01-13 11:35:01,Class A,273292160_0,56.211952,7.088068,Under way using engine,0.0,11.4,41.7,41.0,9220641,UBGW3,LADY MARIIA,Cargo,No additional information,20.0,127.0,GPS,5.1,TO ORDER,13/01/2025 12:30:00,AIS,POINT (7.088068 56.211952),273292160_0,0 days 00:09:59,-7.827215500902869e-08,41.37738193110067,0.0,0,8.60247805652534,56.211952,7.088068
2025-01-13 11:36:01,2025-01-13 11:36:01,Class A,273292160_0,56.21432,7.091795,Under way using engine,0.0,11.3,41.2,40.0,9220641,UBGW3,LADY MARIIA,Cargo,No additional information,20.0,127.0,GPS,5.1,TO ORDER,13/01/2025 12:30:00,AIS,POINT (7.091795 56.21432),273292160_0,0 days 00:01:00,9.716454599879044e-08,41.19264765670391,0.0,0,8.598879097473866,56.21432,7.091795
2025-01-13 11:47:02,2025-01-13 11:47:02,Class A,273292160_0,56.240728,7.133388,Under way using engine,0.0,11.7,40.4,40.0,9220641,UBGW3,LADY MARIIA,Cargo,No additional information,20.0,127.0,GPS,5.1,TO ORDER,13/01/2025 12:30:00,AIS,POINT (7.133388 56.240728),273292160_0,0 days 00:11:01,1.0995815171326364e-07,41.18632643350168,0.0,0,8.558765879147296,56.240728,7.133388
2025-01-13 12:39:02,2025-01-13 12:39:02,Class A,273292160_0,56.363678,7.329615,Under way using engine,0.0,11.4,42.4,44.0,9220641,UBGW3,LADY MARIIA,Cargo,No additional information,20.0,127.0,GPS,5.1,TO ORDER,29/01/2025 08:00:00,AIS,POINT (7.329615 56.363678),273292160_0,0 days 00:52:00,-1.6579261678905546e-08,41.44249970052988,0.0,0,8.370721766045326,56.363678,7.329615
2025-01-13 12:41:01,2025-01-13 12:41:01,Class A,273292160_0,56.36838,7.337275,Under way using engine,0.0,11.6,42.0,40.0,9220641,UBGW3,LADY MARIIA,Cargo,No additional information,20.0,127.0,GPS,5.1,TO ORDER,13/01/2025 12:30:00,AIS,POINT (7.337275 56.36838),273292160_0,0 days 00:01:59,5.491050881204905e-07,42.05773309050005,0.0,0,8.363418456651145,56.36838,7.337275
2025-01-13 12:42:01,2025-01-13 12:42:01,Class A,273292160_0,56.370752,7.34115,Under way using engine,0.0,11.6,42.3,40.0,9220641,UBGW3,LADY MARIIA,Cargo,No additional information,20.0,127.0,GPS,5.1,TO ORDER,13/01/2025 12:30:00,AIS,POINT (7.34115 56.370752),273292160_0,0 days 00:01:00,1.720717338206101e-07,42.1361291664428,0.0,0,8.359724669102686,56.370752,7.34115
2025-01-13 12:43:01,2025-01-13 12:43:01,Class A,273292160_0,56.373092,7.34499,Under way using engine,0.0,11.5,42.2,40.0,9220641,UBGW3,LADY MARIIA,Cargo,No additional information,20.0,127.0,GPS,5.1,TO ORDER,13/01/2025 12:30:00,AIS,POINT (7.34499 56.373092),273292160_0,0 days 00:01:00,-1.1392727644642282e-06,42.26294559536268,0.0,0,8.35606430306541,56.373092,7.34499
2025-01-13 12:44:01,2025-01-13 12:44:01,Class A,273292160_0,56.375392,7.348907,Under way using engine,0.0,11.4,43.5,44.0,9220641,UBGW3,LADY MARIIA,Cargo,No additional information,20.0,127.0,GPS,5.1,TO ORDER,13/01/2025 12:30:00,AIS,POINT (7.348907 56.375392),273292160_0,0 days 00:01:00,-1.0883098420285536e-08,43.32067052701427,0.0,0,8.352325042117373,56.375392,7.348907
2025-01-13 12:45:01,2025-01-13 12:45:01,Class A,273292160_0,56.377625,7.352627,Under way using engine,0.0,11.1,42.8,44.0,9220641,UBGW3,LADY MARIIA,Cargo,No additional information,20.0,127.0,GPS,5.1,TO ORDER,13/01/2025 12:30:00,AIS,POINT (7.352627 56.377625),273292160_0,0 days 00:01:00,-3.825412568740248e-06,42.689215815185776,0.0,0,8.34877814322611,56.377625,7.352627
2025-01-13 12:47:01,2025-01-13 12:47:01,Class A,273292160_0,56.381993,7.360158,Under way using engine,0.0,11.2,42.4,42.0,9220641,UBGW3,LADY MARIIA,Cargo,No additional information,20.0,127.0,GPS,5.1,TO ORDER,13/01/2025 12:30:00,AIS,POINT (7.360158 56.381993),273292160_0,0 days 00:02:00,-2.8648351353113746e-07,43.66702924633637,0.0,0,8.341588606120599,56.381993,7.360158
2025-01-13 12:48:01,2025-01-13 12:48:01,Class A,273292160_0,56.384217,7.363905,Under way using engine,0.0,11.0,42.6,39.0,9220641,UBGW3,LADY MARIIA,Cargo,No additional information,20.0,127.0,GPS,5.1,TO ORDER,13/01/2025 12:30:00,AIS,POINT (7.363905 56.384217),273292160_0,0 days 00:01:00,6.770502228861201e-07,43.00622140842165,0.0,0,8.338016334816933,56.384217,7.363905
2025-01-13 12:50:01,2025-01-13 12:50:01,Class A,273292160_0,56.388773,7.37142,Under way using engine,0.0,11.3,41.8,41.0,9220641,UBGW3,LADY MARIIA,Cargo,No additional information,20.0,127.0,GPS,5.1,TO ORDER,13/01/2025 12:30:00,AIS,POINT (7.37142 56.388773),273292160_0,0 days 00:02:00,6.723628766932474e-07,42.39696048375146,0.0,0,8.330861160708716,56.388773,7.37142
2025-01-13 12:51:01,2025-01-13 12:51:01,Class A,273292160_0,56.391148,7.375313,Under way using engine,0.0,11.5,42.0,39.0,9220641,UBGW3,LADY MARIIA,Cargo,No additional information,20.0,127.0,GPS,5.1,TO ORDER,29/01/2025 08:00:00,AIS,POINT (7.375313 56.391148),273292160_0,0 days 00:01:00,3.7793437153320575e-06,42.21694748846983,0.0,0,8.327156905272112,56.391148,7.375313
2025-01-13 12:52:01,2025-01-13 12:52:01,Class A,273292160_0,56.393525,7.379192,Under way using engine,0.0,11.6,42.2,40.0,9220641,UBGW3,LADY MARIIA,Cargo,No additional information,20.0,127.0,GPS,5.1,TO ORDER,29/01/2025 08:00:00,AIS,POINT (7.379192 56.393525),273292160_0,0 days 00:01:00,-1.1832733041992373e-07,42.088478771180064,0.0,0,8.32346761068997,56.393525,7.379192
2025-01-13 13:02:01,2025-01-13 13:02:01,Class A,273292160_0,56.417148,7.41774,Under way using engine,0.0,11.7,41.1,40.0,9220641,UBGW3,LADY MARIIA,Cargo,No additional information,20.0,127.0,GPS,5.1,TO ORDER,13/01/2025 12:30:00,AIS,POINT (7.41774 56.417148),273292160_0,0 days 00:10:00,-6.307012974388736e-08,42.062746726651596,0.0,0,8.286851402092353,56.417148,7.41774
2025-01-13 13:11:02,2025-01-13 13:11:02,Class A,273292160_0,56.438035,7.452805,Under way using engine,0.0,11.4,42.1,43.0,9220641,UBGW3,LADY MARIIA,Cargo,No additional information,20.0,127.0,GPS,5.1,TO ORDER,16/01/2025 05:00:00,AIS,POINT (7.452805 56.438035),273292160_0,0 days 00:09:01,-7.484143428915405e-08,42.85772094846567,0.0,0,8.25356867616536,56.438035,7.452805
2025-01-13 13:12:01,2025-01-13 13:12:01,Class A,273292160_0,56.440403,7.45663,Under way using engine,0.0,11.7,41.9,44.0,9220641,UBGW3,LADY MARIIA,Cargo,No additional information,20.0,127.0,GPS,5.1,TO ORDER,16/01/2025 05:00:00,AIS,POINT (7.45663 56.440403),273292160_0,0 days 00:00:59,2.1266521475634227e-06,41.76214835284668,0.0,0,8.249949502700304,56.440403,7.45663
2025-01-13 13:13:01,2025-01-13 13:13:01,Class A,273292160_0,56.442767,7.460537,Under way using engine,0.0,11.6,42.4,43.0,9220641,UBGW3,LADY MARIIA,Cargo,No additional information,20.0,127.0,GPS,5.1,TO ORDER,16/01/2025 05:00:00,AIS,POINT (7.460537 56.442767),273292160_0,0 days 00:01:00,-8.175035025273213e-07,42.41303500007052,0.0,0,8.246249143249676,56.442767,7.460537
2025-01-13 13:14:01,2025-01-13 13:14:01,Class A,273292160_0,56.445173,7.464465,Under way using engine,0.0,11.7,42.1,42.0,9220641,UBGW3,LADY MARIIA,Cargo,No additional information,20.0,127.0,GPS,5.1,TO ORDER,16/01/2025 05:00:00,AIS,POINT (7.464465 56.445173),273292160_0,0 days 00:01:00,1.2002030631795961e-06,42.06193242424405,0.0,0,8.242532182637202,56.445173,7.464465
2025-01-13 13:15:01,2025-01-13 13:15:01,Class A,273292160_0,56.447518,7.468307,Under way using engine,0.0,11.4,42.6,44.0,9220641,UBGW3,LADY MARIIA,Cargo,No additional information,20.0,127.0,GPS,5.1,TO ORDER,16/01/2025 05:00:00,AIS,POINT (7.468307 56.447518),273292160_0,0 days 00:01:00,-2.3902324284819464e-06,42.161167902551426,0.0,0,8.238896782568466,56.447518,7.468307
2025-01-13 13:16:01,2025-01-13 13:16:01,Class A,273292160_0,56.449832,7.47208,Under way using engine,0.0,11.3,42.1,44.0,9220641,UBGW3,LADY MARIIA,Cargo,No additional information,20.0,127.0,GPS,5.1,TO ORDER,16/01/2025 05:00:00,AIS,POINT (7.47208 56.449832),273292160_0,0 days 00:01:00,-1.5067598809161952e-06,42.02222363962841,0.0,0,8.235328426943518,56.449832,7.47208
2025-01-13 13:17:01,2025-01-13 13:17:01,Class A,273292160_0,56.452233,7.476107,Under way using engine,0.0,11.6,42.9,44.0,9220641,UBGW3,LADY MARIIA,Cargo,No additional information,20.0,127.0,GPS,5.1,TO ORDER,13/01/2025 12:30:00,AIS,POINT (7.476107 56.452233),273292160_0,0 days 00:01:00,4.920369647679158e-06,42.826174534858296,0.0,0,8.231515035916658,56.452233,7.476107
2025-01-13 13:18:01,2025-01-13 13:18:01,Class A,273292160_0,56.454603,7.480043,Under way using engine,0.0,11.6,43.7,40.0,9220641,UBGW3,LADY MARIIA,Cargo,No additional information,20.0,127.0,GPS,5.1,TO ORDER,13/01/2025 12:30:00,AIS,POINT (7.480043 56.454603),273292160_0,0 days 00:01:00,-1.7649803177824963e-06,42.54283502113043,0.0,0,8.227790636987914,56.454603,7.480043
2025-01-13 13:19:01,2025-01-13 13:19:01,Class A,273292160_0,56.456962,7.483978,Under way using engine,0.0,11.7,42.4,42.0,9220641,UBGW3,LADY MARIIA,Cargo,No additional information,20.0,127.0,GPS,5.1,TO ORDER,13/01/2025 12:30:00,AIS,POINT (7.483978 56.456962),273292160_0,0 days 00:01:00,-2.6460965606726083e-07,42.666613922756085,0.0,0,8.2240671908977,56.456962,7.483978
2025-01-13 13:23:02,2025-01-13 13:23:02,Class A,273292160_0,56.466368,7.499673,Under way using engine,0.0,11.5,42.1,41.0,9220641,UBGW3,LADY MARIIA,Cargo,No additional information,20.0,127.0,GPS,5.1,TO ORDER,13/01/2025 12:30:00,AIS,POINT (7.499673 56.466368),273292160_0,0 days 00:04:01,-1.7900561632157991e-07,42.666465674317124,0.0,0,8.209224436916134,56.466368,7.499673
2025-01-13 13:24:02,2025-01-13 13:24:02,Class A,273292160_0,56.468743,7.50356,Under way using engine,0.0,11.5,42.0,39.0,9220641,UBGW3,LADY MARIIA,Cargo,No additional information,20.0,127.0,GPS,5.1,TO ORDER,13/01/2025 12:30:00,AIS,POINT (7.50356 56.468743),273292160_0,0 days 00:01:00,5.15490612924121e-07,42.11480432086108,0.0,0,8.20555455536096,56.468743,7.50356
2025-01-13 13:35:01,2025-01-13 13:35:01,Class A,273292160_0,56.494793,7.54636,Under way using engine,0.0,11.7,42.5,41.0,9220641,UBGW3,LADY MARIIA,Cargo,No additional information,20.0,127.0,GPS,5.1,TO ORDER,13/01/2025 12:30:00,AIS,POINT (7.54636 56.494793),273292160_0,0 days 00:10:59,2.042177375910636e-09,42.19852478277551,0.0,0,8.165195194286847,56.494793,7.54636
2025-01-13 13:38:01,2025-01-13 13:38:01,Class A,273292160_0,56.5013,7.55742,Under way using engine,0.0,10.6,40.2,39.0,9220641,UBGW3,LADY MARIIA,Cargo,No additional information,20.0,127.0,GPS,5.1,TO ORDER,13/01/2025 12:30:00,AIS,POINT (7.55742 56.5013),273292160_0,0 days 00:03:00,-2.355149810975192e-06,43.16850873444514,0.0,0,8.154763213847966,56.5013,7.55742
2025-01-13 13:45:01,2025-01-13 13:45:01,Class A,273292160_0,56.518107,7.583413,Under way using engine,0.0,11.4,40.7,39.0,9220641,UBGW3,LADY MARIIA,Cargo,No additional information,20.0,127.0,GPS,5.1,TO ORDER,13/01/2025 12:30:00,AIS,POINT (7.583413 56.518107),273292160_0,0 days 00:07:00,8.050303429765896e-07,40.466077193122885,0.0,0,8.130413091427151,56.518107,7.583413
2025-01-13 13:46:01,2025-01-13 13:46:01,Class A,273292160_0,56.520478,7.587128,Under way using engine,0.0,11.4,40.2,41.0,9220641,UBGW3,LADY MARIIA,Cargo,No additional information,20.0,127.0,GPS,5.1,TO ORDER,13/01/2025 12:30:00,AIS,POINT (7.587128 56.520478),273292160_0,0 days 00:01:00,-6.945770698773129e-07,40.83734505064456,0.0,0,8.126933679953098,56.520478,7.587128
2025-01-13 13:47:01,2025-01-13 13:47:01,Class A,273292160_0,56.52297,7.590875,Under way using engine,0.0,11.7,39.9,41.0,9220641,UBGW3,LADY MARIIA,Cargo,No additional information,20.0,127.0,GPS,5.1,TO ORDER,29/01/2025 08:00:00,AIS,POINT (7.590875 56.52297),273292160_0,0 days 00:01:00,3.2053277550746334e-06,39.67154281921114,0.0,0,8.12343457712272,56.52297,7.590875
2025-01-13 13:48:01,2025-01-13 13:48:01,Class A,273292160_0,56.525505,7.594707,Under way using engine,0.0,11.9,39.6,41.0,9220641,UBGW3,LADY MARIIA,Cargo,No additional information,20.0,127.0,GPS,5.1,TO ORDER,29/01/2025 08:00:00,AIS,POINT (7.594707 56.525505),273292160_0,0 days 00:01:00,1.94935449427841e-06,39.81958361633144,0.0,0,8.119855852607854,56.525505,7.594707
2025-01-13 13:49:01,2025-01-13 13:49:01,Class A,273292160_0,56.528038,7.598543,Under way using engine,0.0,11.9,39.7,40.0,9220641,UBGW3,LADY MARIIA,Cargo,No additional information,20.0,127.0,GPS,5.1,TO ORDER,29/01/2025 08:00:00,AIS,POINT (7.598543 56.528038),273292160_0,0 days 00:01:00,-6.370523936814985e-09,39.86934848922908,0.0,0,8.116273981082761,56.528038,7.598543
2025-01-13 13:50:01,2025-01-13 13:50:01,Class A,273292160_0,56.530612,7.602332,Under way using engine,0.0,12.0,39.2,41.0,9220641,UBGW3,LADY MARIIA,Cargo,No additional information,20.0,127.0,GPS,5.1,TO ORDER,29/01/2025 08:00:00,AIS,POINT (7.602332 56.530612),273292160_0,0 days 00:01:00,4.6404012967807275e-07,39.06943497301404,0.0,0,8.112743786047725,56.530612,7.602332
2025-01-13 13:51:01,2025-01-13 13:51:01,Class A,273292160_0,56.533167,7.606118,Under way using engine,0.0,11.9,39.0,41.0,9220641,UBGW3,LADY MARIIA,Cargo,No additional information,20.0,127.0,GPS,5.1,TO ORDER,29/01/2025 08:00:00,AIS,POINT (7.606118 56.533167),273292160_0,0 days 00:01:00,-4.904587903969017e-07,39.253172770055016,0.0,0,8.109215831535439,56.533167,7.606118
2025-01-13 13:55:01,2025-01-13 13:55:01,Class A,273292160_0,56.542718,7.621183,Under way using engine,0.0,11.3,40.9,37.0,9220641,UBGW3,LADY MARIIA,Cargo,No additional information,20.0,127.0,GPS,5.1,TO ORDER,13/01/2025 12:30:00,AIS,POINT (7.621183 56.542718),273292160_0,0 days 00:04:00,-1.0441632830916354e-06,41.00755887190087,0.0,0,8.095128857094307,56.542718,7.621183
2025-01-13 13:59:01,2025-01-13 13:59:01,Class A,273292160_0,56.552788,7.636422,Under way using engine,0.0,12.0,40.6,42.0,9220641,UBGW3,LADY MARIIA,Cargo,No additional information,20.0,127.0,GPS,5.1,TO ORDER,16/01/2025 05:00:00,AIS,POINT (7.636422 56.552788),273292160_0,0 days 00:04:00,8.811312274973519e-07,39.82843878155268,0.0,0,8.080934015895192,56.552788,7.636422
2025-01-13 14:00:01,2025-01-13 14:00:01,Class A,273292160_0,56.555253,7.640128,Under way using engine,0.0,11.6,39.5,36.0,9220641,UBGW3,LADY MARIIA,Cargo,No additional information,20.0,127.0,GPS,5.1,TO ORDER,29/01/2025 08:00:00,AIS,POINT (7.640128 56.555253),273292160_0,0 days 00:01:00,-2.388894121378802e-06,39.64449300257451,0.0,0,8.077485988027524,56.555253,7.640128
2025-01-13 14:01:01,2025-01-13 14:01:01,Class A,273292160_0,56.557813,7.643842,Under way using engine,0.0,11.8,38.9,38.0,9220641,UBGW3,LADY MARIIA,Cargo,No additional information,20.0,127.0,GPS,5.1,TO ORDER,29/01/2025 08:00:00,AIS,POINT (7.643842 56.557813),273292160_0,0 days 00:01:00,2.360897048227561e-06,38.642385674852676,0.0,0,8.07404029156017,56.557813,7.643842
2025-01-13 14:02:01,2025-01-13 14:02:01,Class A,273292160_0,56.56038,7.647665,Under way using engine,-4.5,12.0,39.6,38.0,9220641,UBGW3,LADY MARIIA,Cargo,No additional information,20.0,127.0,GPS,5.1,TO ORDER,29/01/2025 08:00:00,AIS,POINT (7.647665 56.56038),273292160_0,0 days 00:01:00,1.3387932581030315e-06,39.37451698652126,0.0,0,8.070487862651985,56.56038,7.647665
2025-01-13 14:03:01,2025-01-13 14:03:01,Class A,273292160_0,56.562813,7.651578,Under way using engine,0.0,11.8,40.9,39.0,9220641,UBGW3,LADY MARIIA,Cargo,No additional information,20.0,127.0,GPS,5.1,TO ORDER,29/01/2025 08:00:00,AIS,POINT (7.651578 56.562813),273292160_0,0 days 00:01:00,-2.1552253359110947e-06,41.546991181800024,0.0,0,8.066833706715478,56.562813,7.651578
2025-01-13 14:04:01,2025-01-13 14:04:01,Class A,273292160_0,56.565297,7.655342,Under way using engine,0.0,11.7,40.3,41.0,9220641,UBGW3,LADY MARIIA,Cargo,No additional information,20.0,127.0,GPS,5.1,TO ORDER,29/01/2025 08:00:00,AIS,POINT (7.655342 56.565297),273292160_0,0 days 00:01:00,-4.6946357583539135e-07,39.858143017511054,0.0,0,8.063333847767993,56.565297,7.655342
2025-01-13 14:05:01,2025-01-13 14:05:01,Class A,273292160_0,56.567785,7.659163,Under way using engine,0.0,11.7,40.9,38.0,9220641,UBGW3,LADY MARIIA,Cargo,No additional information,20.0,127.0,GPS,5.1,TO ORDER,13/01/2025 12:30:00,AIS,POINT (7.659163 56.567785),273292160_0,0 days 00:01:00,7.189998399602902e-07,40.2350137931885,0.0,0,8.059778672653115,56.567785,7.659163
2025-01-13 14:06:01,2025-01-13 14:06:01,Class A,273292160_0,56.570282,7.662937,Under way using engine,0.0,11.8,40.2,37.0,9220641,UBGW3,LADY MARIIA,Cargo,No additional information,20.0,127.0,GPS,5.1,TO ORDER,13/01/2025 12:30:00,AIS,POINT (7.662937 56.570282),273292160_0,0 days 00:01:00,-3.063057451155431e-07,39.78209947936489,0.0,0,8.056272172793134,56.570282,7.662937
2025-01-13 14:07:01,2025-01-13 14:07:01,Class A,273292160_0,56.572773,7.666703,Under way using engine,0.0,11.7,40.0,38.0,9220641,UBGW3,LADY MARIIA,Cargo,No additional information,20.0,127.0,GPS,5.1,TO ORDER,13/01/2025 12:30:00,AIS,POINT (7.666703 56.572773),273292160_0,0 days 00:01:00,-2.3270306069339726e-07,39.788239770572375,0.0,0,8.05277404798781,56.572773,7.666703
2025-01-13 14:08:01,2025-01-13 14:08:01,Class A,273292160_0,56.575235,7.670517,Under way using engine,0.0,11.6,40.8,37.0,9220641,UBGW3,LADY MARIIA,Cargo,No additional information,20.0,127.0,GPS,5.1,TO ORDER,13/01/2025 12:30:00,AIS,POINT (7.670517 56.575235),273292160_0,0 days 00:01:00,-1.5904178813663274e-07,40.474600638785034,0.0,0,8.049226264523194,56.575235,7.670517
2025-01-13 14:09:01,2025-01-13 14:09:01,Class A,273292160_0,56.5777,7.67422,Under way using engine,0.0,11.5,39.8,37.0,9220641,UBGW3,LADY MARIIA,Cargo,No additional information,20.0,127.0,GPS,5.1,TO ORDER,16/01/2025 09:00:00,AIS,POINT (7.67422 56.5777),273292160_0,0 days 00:01:00,-1.1523735385816595e-06,39.60500030135205,0.0,0,8.045790214735156,56.5777,7.67422
2025-01-13 14:23:01,2025-01-13 14:23:01,Class A,273292160_0,56.614135,7.719902,Under way using engine,0.0,11.5,29.8,27.0,9220641,UBGW3,LADY MARIIA,Cargo,No additional information,20.0,127.0,GPS,5.1,TO ORDER,13/01/2025 12:30:00,AIS,POINT (7.719902 56.614135),273292160_0,0 days 00:14:00,-8.337978760260755e-08,34.596865933328786,0.0,0,8.004119451678928,56.614135,7.719902
2025-01-13 14:25:01,2025-01-13 14:25:01,Class A,273292160_0,56.61984,7.725402,Under way using engine,0.0,11.9,28.3,28.0,9220641,UBGW3,LADY MARIIA,Cargo,No additional information,20.0,127.0,GPS,5.1,TO ORDER,13/01/2025 12:30:00,AIS,POINT (7.725402 56.61984),273292160_0,0 days 00:02:00,1.021740747544807e-06,27.941930529528406,0.0,0,7.999257092236754,56.61984,7.725402
2025-01-13 14:32:01,2025-01-13 14:32:01,Class A,273292160_0,56.639647,7.746055,Under way using engine,0.0,11.9,29.6,26.0,9220641,UBGW3,LADY MARIIA,Cargo,No additional information,20.0,127.0,GPS,5.1,TO ORDER,13/01/2025 12:30:00,AIS,POINT (7.746055 56.639647),273292160_0,0 days 00:07:00,1.464897470734596e-07,29.827414762951776,0.0,0,7.980865324792418,56.639647,7.746055
2025-01-13 14:34:01,2025-01-13 14:34:01,Class A,273292160_0,56.645467,7.751982,Under way using engine,0.0,12.0,29.4,26.0,9220641,UBGW3,LADY MARIIA,Cargo,No additional information,20.0,127.0,GPS,5.1,TO ORDER,29/01/2025 08:00:00,AIS,POINT (7.751982 56.645467),273292160_0,0 days 00:02:00,1.1325324929615222e-06,29.24502579826168,0.0,0,7.975613347278126,56.645467,7.751982
2025-01-13 14:35:01,2025-01-13 14:35:01,Class A,273292160_0,56.648335,7.754983,Under way using engine,0.0,12.0,30.3,30.0,9220641,UBGW3,LADY MARIIA,Cargo,No additional information,20.0,127.0,GPS,5.1,TO ORDER,13/01/2025 12:30:00,AIS,POINT (7.754983 56.648335),273292160_0,0 days 00:01:00,-8.161500245801109e-07,29.910277952201795,0.0,0,7.972947390579848,56.648335,7.754983
2025-01-13 14:36:01,2025-01-13 14:36:01,Class A,273292160_0,56.651142,7.75788,Under way using engine,0.0,11.7,29.4,28.0,9220641,UBGW3,LADY MARIIA,Cargo,No additional information,20.0,127.0,GPS,5.1,TO ORDER,13/01/2025 12:30:00,AIS,POINT (7.75788 56.651142),273292160_0,0 days 00:01:00,-2.5197980889397003e-06,29.56860612788722,0.0,0,7.970379289489553,56.651142,7.75788
2025-01-13 14:37:01,2025-01-13 14:37:01,Class A,273292160_0,56.653967,7.760818,Under way using engine,0.0,11.7,29.3,25.0,9220641,UBGW3,LADY MARIIA,Cargo,No additional information,20.0,127.0,GPS,5.1,TO ORDER,13/01/2025 12:30:00,AIS,POINT (7.760818 56.653967),273292160_0,0 days 00:01:00,8.28025928000008e-07,29.755520411811176,0.0,0,7.967773663227702,56.653967,7.760818
2025-01-13 14:38:01,2025-01-13 14:38:01,Class A,273292160_0,56.656818,7.763712,Under way using engine,0.0,11.8,29.6,26.0,9220641,UBGW3,LADY MARIIA,Cargo,No additional information,20.0,127.0,GPS,5.1,TO ORDER,13/01/2025 12:30:00,AIS,POINT (7.763712 56.656818),273292160_0,0 days 00:01:00,3.28862139681105e-07,29.158725720054065,0.0,0,7.965215901011849,56.656818,7.763712
2025-01-13 14:39:01,2025-01-13 14:39:01,Class A,273292160_0,56.659725,7.766615,Under way using engine,0.0,12.0,28.5,25.0,9220641,UBGW3,LADY MARIIA,Cargo,No additional information,20.0,127.0,GPS,5.1,TO ORDER,16/01/2025 05:00:00,AIS,POINT (7.766615 56.659725),273292160_0,0 days 00:01:00,1.5874204370300986e-06,28.76007450476652,0.0,0,7.962656729286904,56.659725,7.766615
2025-01-13 14:40:01,2025-01-13 14:40:01,Class A,273292160_0,56.662655,7.769568,Under way using engine,0.0,12.1,29.4,25.0,9220641,UBGW3,LADY MARIIA,Cargo,No additional information,20.0,127.0,GPS,5.1,TO ORDER,16/01/2025 05:00:00,AIS,POINT (7.769568 56.662655),273292160_0,0 days 00:01:00,1.032785920466467e-06,28.9809672675525,0.0,0,7.960051762818443,56.662655,7.769568
2025-01-13 14:46:01,2025-01-13 14:46:01,Class A,273292160_0,56.67985,7.787215,Under way using engine,0.0,11.8,29.8,30.0,9220641,UBGW3,LADY MARIIA,Cargo,No additional information,20.0,127.0,GPS,5.1,TO ORDER,29/01/2025 08:00:00,AIS,POINT (7.787215 56.67985),273292160_0,0 days 00:06:00,-3.0610299114754204e-07,29.41063283966207,0.0,0,7.944476020810498,56.67985,7.787215
2025-01-13 14:50:01,2025-01-13 14:50:01,Class A,273292160_0,56.691163,7.79892,Under way using engine,0.0,11.8,29.5,25.0,9220641,UBGW3,LADY MARIIA,Cargo,No additional information,20.0,127.0,GPS,5.1,TO ORDER,13/01/2025 12:30:00,AIS,POINT (7.79892 56.691163),273292160_0,0 days 00:04:00,-2.8640315647581047e-07,29.603180713296922,0.0,0,7.934159449852581,56.691163,7.79892
2025-01-13 14:51:01,2025-01-13 14:51:01,Class A,273292160_0,56.694115,7.80173,Under way using engine,0.0,12.1,27.9,29.0,9220641,UBGW3,LADY MARIIA,Cargo,No additional information,20.0,127.0,GPS,5.1,TO ORDER,13/01/2025 12:30:00,AIS,POINT (7.80173 56.694115),273292160_0,0 days 00:01:00,2.4063635893003713e-06,27.59558709869316,0.0,0,7.931713356698727,56.694115,7.80173
2025-01-13 14:52:01,2025-01-13 14:52:01,Class A,273292160_0,56.697052,7.80467,Under way using engine,0.0,12.1,29.1,25.0,9220641,UBGW3,LADY MARIIA,Cargo,No additional information,20.0,127.0,GPS,5.1,TO ORDER,13/01/2025 12:30:00,AIS,POINT (7.80467 56.697052),273292160_0,0 days 00:01:00,6.36575724896861e-07,28.7940834647095,0.0,0,7.929137741752504,56.697052,7.80467
2025-01-13 14:53:01,2025-01-13 14:53:01,Class A,273292160_0,56.699955,7.807557,Under way using engine,0.0,12.0,28.9,25.0,9220641,UBGW3,LADY MARIIA,Cargo,No additional information,20.0,127.0,GPS,5.1,TO ORDER,13/01/2025 12:30:00,AIS,POINT (7.807557 56.699955),273292160_0,0 days 00:01:00,-1.357751446801449e-06,28.63415329188763,0.0,0,7.926612095096492,56.699955,7.807557
2025-01-13 14:59:02,2025-01-13 14:59:02,Class A,273292160_0,56.717187,7.82511,Under way using engine,0.0,11.6,28.8,26.0,9220641,UBGW3,LADY MARIIA,Cargo,No additional information,20.0,127.0,GPS,5.1,TO ORDER,16/01/2025 09:00:00,AIS,POINT (7.82511 56.717187),273292160_0,0 days 00:06:01,-1.346131940584923e-07,29.20321160295964,0.0,0,7.911234094448792,56.717187,7.82511
2025-01-13 15:10:02,2025-01-13 15:10:02,Class A,273292160_0,56.748638,7.857373,Under way using engine,3.6,11.9,28.4,24.0,9220641,UBGW3,LADY MARIIA,Cargo,No additional information,20.0,127.0,GPS,5.1,TO ORDER,29/01/2025 08:00:00,AIS,POINT (7.857373 56.748638),273292160_0,0 days 00:11:00,-1.502966262032167e-09,29.35318191142636,0.0,0,7.8830630963351425,56.748638,7.857373
2025-01-13 15:11:02,2025-01-13 15:11:02,Class A,273292160_0,56.751533,7.860302,Under way using engine,0.0,12.0,29.0,26.0,9220641,UBGW3,LADY MARIIA,Cargo,No additional information,20.0,127.0,GPS,5.1,TO ORDER,13/01/2025 12:30:00,AIS,POINT (7.860302 56.751533),273292160_0,0 days 00:01:00,9.226466517031947e-07,29.017280187093263,0.0,0,7.8805183230328835,56.751533,7.860302
2025-01-13 15:15:02,2025-01-13 15:15:02,Class A,273292160_0,56.76299,7.872172,Under way using engine,0.0,11.9,29.1,29.0,9220641,UBGW3,LADY MARIIA,Cargo,No additional information,20.0,127.0,GPS,5.1,TO ORDER,16/01/2025 09:00:00,AIS,POINT (7.872172 56.76299),273292160_0,0 days 00:04:00,-1.2822659184081893e-07,29.58936727398907,0.0,0,7.870184214150264,56.76299,7.872172
2025-01-13 15:21:01,2025-01-13 15:21:01,Class A,273292160_0,56.779952,7.889775,Under way using engine,0.0,11.6,29.8,29.0,9220641,UBGW3,LADY MARIIA,Cargo,No additional information,20.0,127.0,GPS,5.1,TO ORDER,16/01/2025 09:00:00,AIS,POINT (7.889775 56.779952),273292160_0,0 days 00:05:59,-1.693223470666512e-07,29.61901475067316,0.0,0,7.854893992399197,56.779952,7.889775
2025-01-13 15:22:01,2025-01-13 15:22:01,Class A,273292160_0,56.782797,7.89273,Under way using engine,0.0,11.8,29.9,29.0,9220641,UBGW3,LADY MARIIA,Cargo,No additional information,20.0,127.0,GPS,5.1,TO ORDER,29/01/2025 08:00:00,AIS,POINT (7.89273 56.782797),273292160_0,0 days 00:01:00,3.7497146280537215e-07,29.63937095914372,0.0,0,7.8523314675992255,56.782797,7.89273
2025-01-13 15:23:01,2025-01-13 15:23:01,Class A,273292160_0,56.785628,7.895755,Under way using engine,0.0,11.8,30.6,29.0,9220641,UBGW3,LADY MARIIA,Cargo,No additional information,20.0,127.0,GPS,5.1,TO ORDER,16/01/2025 09:00:00,AIS,POINT (7.895755 56.785628),273292160_0,0 days 00:01:00,2.1826479984163779e-07,30.340557772299974,0.0,0,7.8496990245362275,56.785628,7.895755
2025-01-13 15:24:01,2025-01-13 15:24:01,Class A,273292160_0,56.788498,7.898658,Under way using engine,0.0,11.8,28.2,26.0,9220641,UBGW3,LADY MARIIA,Cargo,No additional information,20.0,127.0,GPS,5.1,TO ORDER,13/01/2025 12:30:00,AIS,POINT (7.898658 56.788498),273292160_0,0 days 00:01:00,1.913810313915592e-08,28.987445355443526,0.0,0,7.847193926372407,56.788498,7.898658
2025-01-13 15:25:01,2025-01-13 15:25:01,Class A,273292160_0,56.79131,7.90164,Under way using engine,0.0,11.7,28.9,28.0,9220641,UBGW3,LADY MARIIA,Cargo,No additional information,20.0,127.0,GPS,5.1,TO ORDER,13/01/2025 12:30:00,AIS,POINT (7.90164 56.79131),273292160_0,0 days 00:01:00,-8.986897669404411e-07,30.147741171534562,0.0,0,7.8446042515137755,56.79131,7.90164
2025-01-13 15:26:01,2025-01-13 15:26:01,Class A,273292160_0,56.794143,7.90457,Under way using engine,0.0,11.7,29.9,30.0,9220641,UBGW3,LADY MARIIA,Cargo,No additional information,20.0,127.0,GPS,5.1,TO ORDER,13/01/2025 12:30:00,AIS,POINT (7.90457 56.794143),273292160_0,0 days 00:01:00,1.2146381063310451e-07,29.526912858604817,0.0,0,7.842070167445902,56.794143,7.90457
2025-01-13 15:27:01,2025-01-13 15:27:01,Class A,273292160_0,56.796857,7.907523,Under way using engine,0.0,11.4,30.9,28.0,9220641,UBGW3,LADY MARIIA,Cargo,No additional information,20.0,127.0,GPS,5.1,TO ORDER,13/01/2025 12:30:00,AIS,POINT (7.907523 56.796857),273292160_0,0 days 00:01:00,-2.9866295338409464e-06,30.787541623324046,0.0,0,7.839498939387006,56.796857,7.907523
2025-01-13 15:34:01,2025-01-13 15:34:01,Class A,273292160_0,56.816877,7.928025,Under way using engine,0.0,11.6,30.0,28.0,9220641,UBGW3,LADY MARIIA,Cargo,No additional information,20.0,127.0,GPS,5.1,TO ORDER,13/01/2025 12:30:00,AIS,POINT (7.928025 56.816877),273292160_0,0 days 00:07:00,5.279011618490047e-07,29.268313158891374,0.0,0,7.821838927768456,56.816877,7.928025
2025-01-13 15:35:01,2025-01-13 15:35:01,Class A,273292160_0,56.819697,7.931013,Under way using engine,0.0,11.8,30.7,27.0,9220641,UBGW3,LADY MARIIA,Cargo,No additional information,20.0,127.0,GPS,5.1,TO ORDER,13/01/2025 12:30:00,AIS,POINT (7.931013 56.819697),273292160_0,0 days 00:01:00,-5.839367769163607e-07,30.10823825017195,0.0,0,7.819257393285502,56.819697,7.931013
2025-01-13 15:36:01,2025-01-13 15:36:01,Class A,273292160_0,56.822523,7.934015,Under way using engine,0.0,11.9,29.9,24.0,9220641,UBGW3,LADY MARIIA,Cargo,No additional information,20.0,127.0,GPS,5.1,TO ORDER,16/01/2025 09:00:00,AIS,POINT (7.934015 56.822523),273292160_0,0 days 00:01:00,2.779553728843222e-07,30.169777495058952,0.0,0,7.816664104860205,56.822523,7.934015
2025-01-13 15:43:01,2025-01-13 15:43:01,Class A,273292160_0,56.84276,7.954983,Under way using engine,0.0,12.1,29.1,29.0,9220641,UBGW3,LADY MARIIA,Cargo,No additional information,20.0,127.0,GPS,5.1,TO ORDER,16/01/2025 09:00:00,AIS,POINT (7.954983 56.84276),273292160_0,0 days 00:07:00,2.399488289304747e-07,29.537881730023457,0.0,0,7.798656318535199,56.84276,7.954983
2025-01-13 15:44:01,2025-01-13 15:44:01,Class A,273292160_0,56.845668,7.957972,Under way using engine,0.0,12.1,29.7,29.0,9220641,UBGW3,LADY MARIIA,Cargo,No additional information,20.0,127.0,GPS,5.1,TO ORDER,16/01/2025 09:00:00,AIS,POINT (7.957972 56.845668),273292160_0,0 days 00:01:00,3.9648789263659693e-07,29.341322677367373,0.0,0,7.79609799414502,56.845668,7.957972
2025-01-13 15:45:01,2025-01-13 15:45:01,Class A,273292160_0,56.848577,7.960977,Under way using engine,0.0,12.1,29.8,30.0,9220641,UBGW3,LADY MARIIA,Cargo,No additional information,20.0,127.0,GPS,5.1,TO ORDER,16/01/2025 09:00:00,AIS,POINT (7.960977 56.848577),273292160_0,0 days 00:01:00,1.5839062337152643e-07,29.461814836773385,0.0,0,7.793525355233407,56.848577,7.960977
2025-01-13 15:46:01,2025-01-13 15:46:01,Class A,273292160_0,56.851483,7.963963,Under way using engine,0.0,12.1,29.0,27.0,9220641,UBGW3,LADY MARIIA,Cargo,No additional information,20.0,127.0,GPS,5.1,TO ORDER,16/01/2025 09:00:00,AIS,POINT (7.963963 56.851483),273292160_0,0 days 00:01:00,-2.410280462120107e-07,29.32978330906849,0.0,0,7.790972508991802,56.851483,7.963963
2025-01-13 15:47:01,2025-01-13 15:47:01,Class A,273292160_0,56.854365,7.96699,Under way using engine,0.0,12.1,29.7,28.0,9220641,UBGW3,LADY MARIIA,Cargo,No additional information,20.0,127.0,GPS,5.1,TO ORDER,16/01/2025 09:00:00,AIS,POINT (7.96699 56.854365),273292160_0,0 days 00:01:00,-3.0333969248413164e-07,29.86749820407607,0.0,0,7.788377104382723,56.854365,7.96699
2025-01-13 16:05:01,2025-01-13 16:05:01,Class A,273292160_0,56.905877,8.021097,Under way using engine,1.1,12.0,29.6,25.0,9220641,UBGW3,LADY MARIIA,Cargo,No additional information,20.0,127.0,GPS,5.1,TO ORDER,16/01/2025 09:00:00,AIS,POINT (8.021097 56.905877),273292160_0,0 days 00:18:00,-4.1013790124225e-08,29.8296337982747,0.0,0,7.742218168007538,56.905877,8.021097
2025-01-13 16:06:01,2025-01-13 16:06:01,Class A,273292160_0,56.908795,8.024095,Under way using engine,0.0,12.1,29.5,25.0,9220641,UBGW3,LADY MARIIA,Cargo,No additional information,20.0,127.0,GPS,5.1,TO ORDER,16/01/2025 09:00:00,AIS,POINT (8.024095 56.908795),273292160_0,0 days 00:01:00,1.4274610423081758e-06,29.289587675946848,0.0,0,7.739683010233557,56.908795,8.024095
2025-01-13 16:07:01,2025-01-13 16:07:01,Class A,273292160_0,56.911778,8.027057,Under way using engine,0.2,12.2,28.6,25.0,9220641,UBGW3,LADY MARIIA,Cargo,No additional information,20.0,127.0,GPS,5.1,TO ORDER,16/01/2025 09:00:00,AIS,POINT (8.027057 56.911778),273292160_0,0 days 00:01:00,1.463308069321268e-06,28.461239632412685,0.0,0,7.737194509674486,56.911778,8.027057
2025-01-13 16:08:01,2025-01-13 16:08:01,Class A,273292160_0,56.914685,8.03016,Under way using engine,0.0,12.2,29.8,28.0,9220641,UBGW3,LADY MARIIA,Cargo,No additional information,20.0,127.0,GPS,5.1,TO ORDER,16/01/2025 09:00:00,AIS,POINT (8.03016 56.914685),273292160_0,0 days 00:01:00,-8.792107074591324e-07,30.2287195193677,0.0,0,7.7345567722121595,56.914685,8.03016
2025-01-13 17:19:01,2025-01-13 17:19:01,Class A,273292160_0,57.09133,8.33321,Under way using engine,0.0,12.5,44.4,46.0,9220641,UBGW3,LADY MARIIA,Cargo,No additional information,20.0,127.0,GPS,5.1,TO ORDER,16/01/2025 05:00:00,AIS,POINT (8.33321 57.09133),273292160_0,0 days 01:11:00,1.8231352738303192e-08,42.92766251846638,71.0,1,7.464324587125617,57.09133,8.33321
2025-01-13 17:20:01,2025-01-13 17:20:01,Class A,273292160_0,57.093773,8.33774,Under way using engine,0.0,12.5,45.4,43.0,9220641,UBGW3,LADY MARIIA,Cargo,No additional information,20.0,127.0,GPS,5.1,TO ORDER,16/01/2025 05:00:00,AIS,POINT (8.33774 57.093773),273292160_0,0 days 00:01:00,1.955074388928406e-06,45.20926955434254,0.0,0,7.460300864273839,57.093773,8.33774
2025-01-13 17:21:01,2025-01-13 17:21:01,Class A,273292160_0,57.096245,8.342257,Under way using engine,-3.6,12.6,44.7,46.0,9220641,UBGW3,LADY MARIIA,Cargo,No additional information,20.0,127.0,GPS,5.1,TO ORDER,17/01/2025 09:00:00,AIS,POINT (8.342257 57.096245),273292160_0,0 days 00:01:00,4.752164190663753e-07,44.78698268927087,0.0,0,7.45629648651192,57.096245,8.342257
2025-01-13 17:23:01,2025-01-13 17:23:01,Class A,273292160_0,57.101165,8.351462,Under way using engine,0.0,12.7,45.0,45.0,9220641,UBGW3,LADY MARIIA,Cargo,No additional information,20.0,127.0,GPS,5.1,TO ORDER,13/01/2025 12:30:00,AIS,POINT (8.351462 57.101165),273292160_0,0 days 00:02:00,3.770820986098277e-07,45.45873556586224,0.0,0,7.4481194190282025,57.101165,8.351462
2025-01-13 17:29:02,2025-01-13 17:29:02,Class A,273292160_0,57.11549,8.379015,Under way using engine,0.0,12.4,46.7,46.0,9220641,UBGW3,LADY MARIIA,Cargo,No additional information,20.0,127.0,GPS,5.1,TO ORDER,13/01/2025 12:30:00,AIS,POINT (8.379015 57.11549),273292160_0,0 days 00:06:01,-3.317191889191952e-07,46.23581761684733,0.0,0,7.423604122033515,57.11549,8.379015
2025-01-13 17:40:03,2025-01-13 17:40:03,Class A,273292160_0,57.142023,8.428268,Under way using engine,0.0,12.5,45.1,45.0,9220641,UBGW3,LADY MARIIA,Cargo,No additional information,20.0,127.0,GPS,5.1,TO ORDER,29/01/2025 08:00:00,AIS,POINT (8.428268 57.142023),273292160_0,0 days 00:11:01,-6.773970597891412e-08,45.19360430433454,0.0,0,7.380076471136394,57.142023,8.428268
2025-01-13 17:41:03,2025-01-13 17:41:03,Class A,273292160_0,57.144415,8.432697,Under way using engine,0.0,12.3,44.6,42.0,9220641,UBGW3,LADY MARIIA,Cargo,No additional information,20.0,127.0,GPS,5.1,TO ORDER,16/01/2025 05:00:00,AIS,POINT (8.432697 57.144415),273292160_0,0 days 00:01:00,-8.775737120739664e-07,45.12855288426721,0.0,0,7.3761716529247074,57.144415,8.432697
2025-01-13 17:46:02,2025-01-13 17:46:02,Class A,273292160_0,57.156295,8.455075,Under way using engine,0.0,12.3,45.8,41.0,9220641,UBGW3,LADY MARIIA,Cargo,No additional information,20.0,127.0,GPS,5.1,TO ORDER,13/01/2025 12:30:00,AIS,POINT (8.455075 57.156295),273292160_0,0 days 00:04:59,1.108620329391076e-07,45.607555589833,0.0,0,7.356424216589061,57.156295,8.455075
2025-01-13 17:47:02,2025-01-13 17:47:02,Class A,273292160_0,57.158627,8.45953,Under way using engine,0.0,12.1,46.3,42.0,9220641,UBGW3,LADY MARIIA,Cargo,No additional information,20.0,127.0,GPS,5.1,TO ORDER,16/01/2025 05:00:00,AIS,POINT (8.45953 57.158627),273292160_0,0 days 00:01:00,-1.558335186483357e-06,46.01274277320459,0.0,0,7.352490736699298,57.158627,8.45953
2025-01-13 18:13:01,2025-01-13 18:13:01,Class A,273292160_0,57.219313,8.57945,Under way using engine,0.0,12.0,50.7,49.0,9220641,UBGW3,LADY MARIIA,Cargo,No additional information,20.0,127.0,GPS,5.1,TO ORDER,13/01/2025 12:30:00,AIS,POINT (8.57945 57.219313),273292160_0,0 days 00:25:59,7.635713979643105e-08,46.90711263621887,0.0,0,7.24669913910499,57.219313,8.57945
2025-01-13 18:14:01,2025-01-13 18:14:01,Class A,273292160_0,57.221353,8.584308,Under way using engine,0.0,12.0,51.7,53.0,9220641,UBGW3,LADY MARIIA,Cargo,No additional information,20.0,127.0,GPS,5.1,TO ORDER,13/01/2025 12:30:00,AIS,POINT (8.584308 57.221353),273292160_0,0 days 00:01:00,-2.870828228880038e-06,52.20024755240962,0.0,0,7.24234941204724,57.221353,8.584308
2025-01-13 18:16:01,2025-01-13 18:16:01,Class A,273292160_0,57.225107,8.594375,Under way using engine,0.0,11.7,56.0,55.0,9220641,UBGW3,LADY MARIIA,Cargo,No additional information,20.0,127.0,GPS,5.1,TO ORDER,16/01/2025 09:00:00,AIS,POINT (8.594375 57.225107),273292160_0,0 days 00:02:00,-2.9969030493822806e-07,55.43614337690269,0.0,0,7.233244087347945,57.225107,8.594375
2025-01-13 18:22:02,2025-01-13 18:22:02,Class A,273292160_0,57.236815,8.624523,Under way using engine,0.0,12.3,53.9,54.0,9220641,UBGW3,LADY MARIIA,Cargo,No additional information,20.0,127.0,GPS,5.1,TO ORDER,16/01/2025 09:00:00,AIS,POINT (8.624523 57.236815),273292160_0,0 days 00:06:01,1.4923437106572514e-07,54.32780769268459,0.0,0,7.206098080850274,57.236815,8.624523
2025-01-13 18:23:02,2025-01-13 18:23:02,Class A,273292160_0,57.238767,8.629615,Under way using engine,0.0,12.1,54.4,51.0,9220641,UBGW3,LADY MARIIA,Cargo,No additional information,20.0,127.0,GPS,5.1,TO ORDER,16/01/2025 09:00:00,AIS,POINT (8.629615 57.238767),273292160_0,0 days 00:01:00,1.2067403056864224e-06,54.68458411617803,0.0,0,7.201512144314832,57.238767,8.629615
2025-01-13 18:36:01,2025-01-13 18:36:01,Class A,273292160_0,57.263382,8.695508,Under way using engine,0.0,11.8,57.0,51.0,9220641,UBGW3,LADY MARIIA,Cargo,No additional information,20.0,127.0,GPS,5.1,TO ORDER,16/01/2025 09:00:00,AIS,POINT (8.695508 57.263382),273292160_0,0 days 00:12:59,-9.624782218041149e-08,55.34519337150829,0.0,0,7.1421426379273605,57.263382,8.695508
2025-01-13 18:38:01,2025-01-13 18:38:01,Class A,273292160_0,57.267087,8.705643,Under way using engine,0.0,12.0,55.5,53.0,9220641,UBGW3,LADY MARIIA,Cargo,No additional information,20.0,127.0,GPS,5.1,TO ORDER,16/01/2025 09:00:00,AIS,POINT (8.705643 57.267087),273292160_0,0 days 00:02:00,-4.448812318051072e-07,55.935784789346485,0.0,0,7.133011669810304,57.267087,8.705643
2025-01-13 18:39:01,2025-01-13 18:39:01,Class A,273292160_0,57.269005,8.710712,Under way using engine,0.0,12.0,55.0,53.0,9220641,UBGW3,LADY MARIIA,Cargo,No additional information,20.0,127.0,GPS,5.1,TO ORDER,13/01/2025 12:30:00,AIS,POINT (8.710712 57.269005),273292160_0,0 days 00:01:00,1.1622065407912354e-06,55.01426218632463,0.0,0,7.128460265951197,57.269005,8.710712
2025-01-13 18:43:01,2025-01-13 18:43:01,Class A,273292160_0,57.27659,8.731068,Under way using engine,0.0,12.0,55.4,55.0,9220641,UBGW3,LADY MARIIA,Cargo,No additional information,20.0,127.0,GPS,5.1,TO ORDER,16/01/2025 09:00:00,AIS,POINT (8.731068 57.27659),273292160_0,0 days 00:04:00,-2.919967048472287e-08,55.416218082571675,0.0,0,7.110170173553091,57.27659,8.731068
2025-01-13 18:58:02,2025-01-13 18:58:02,Class A,273292160_0,57.304938,8.80734,Under way using engine,2.2,11.9,55.3,53.0,9220641,UBGW3,LADY MARIIA,Cargo,No additional information,20.0,127.0,GPS,5.1,TO ORDER,16/01/2025 09:00:00,AIS,POINT (8.80734 57.304938),273292160_0,0 days 00:15:01,-2.1216858910564993e-08,55.4477781651471,0.0,0,7.041796629890698,57.304938,8.80734
2025-01-13 18:59:01,2025-01-13 18:59:01,Class A,273292160_0,57.306773,8.812318,Under way using engine,0.0,11.9,55.4,56.0,9220641,UBGW3,LADY MARIIA,Cargo,No additional information,20.0,127.0,GPS,5.1,TO ORDER,16/01/2025 05:00:00,AIS,POINT (8.812318 57.306773),273292160_0,0 days 00:00:59,-6.49776463061488e-07,55.686784820086416,0.0,0,7.037340425993403,57.306773,8.812318
2025-01-13 19:00:01,2025-01-13 19:00:01,Class A,273292160_0,57.308647,8.81731,Under way using engine,0.0,11.9,55.3,53.0,9220641,UBGW3,LADY MARIIA,Cargo,No additional information,20.0,127.0,GPS,5.1,TO ORDER,16/01/2025 05:00:00,AIS,POINT (8.81731 57.308647),273292160_0,0 days 00:01:00,-8.36022270993174e-07,55.1977175554631,0.0,0,7.032880294059397,57.308647,8.81731
2025-01-13 19:01:01,2025-01-13 19:01:01,Class A,273292160_0,57.310587,8.82244,Under way using engine,0.0,12.1,55.2,53.0,9220641,UBGW3,LADY MARIIA,Cargo,No additional information,20.0,127.0,GPS,5.1,TO ORDER,16/01/2025 05:00:00,AIS,POINT (8.82244 57.310587),273292160_0,0 days 00:01:00,3.0590167728548398e-06,54.99882340828805,0.0,0,7.0283012498034685,57.310587,8.82244
2025-01-13 19:02:01,2025-01-13 19:02:01,Class A,273292160_0,57.312527,8.827547,Under way using engine,0.0,12.2,54.7,52.0,9220641,UBGW3,LADY MARIIA,Cargo,No additional information,20.0,127.0,GPS,5.1,TO ORDER,16/01/2025 09:00:00,AIS,POINT (8.827547 57.312527),273292160_0,0 days 00:01:00,-3.190521115707002e-07,54.876353068587946,0.0,0,7.023745938786939,57.312527,8.827547
2025-01-13 19:03:01,2025-01-13 19:03:01,Class A,273292160_0,57.314455,8.832635,Under way using engine,0.0,12.0,55.1,52.0,9220641,UBGW3,LADY MARIIA,Cargo,No additional information,20.0,127.0,GPS,5.1,TO ORDER,16/01/2025 05:00:00,AIS,POINT (8.832635 57.314455),273292160_0,0 days 00:01:00,-4.771858541023777e-07,54.94171186812531,0.0,0,7.019207808892539,57.314455,8.832635
2025-01-13 19:04:01,2025-01-13 19:04:01,Class A,273292160_0,57.316378,8.837678,Under way using engine,0.0,12.0,55.2,57.0,9220641,UBGW3,LADY MARIIA,Cargo,No additional information,20.0,127.0,GPS,5.1,TO ORDER,16/01/2025 05:00:00,AIS,POINT (8.837678 57.316378),273292160_0,0 days 00:01:00,-7.088738563227649e-07,54.77077000223835,0.0,0,7.014713746308968,57.316378,8.837678
2025-01-13 19:27:02,2025-01-13 19:27:02,Class A,273292160_0,57.35967,8.9557,Under way using engine,0.0,12.2,56.1,52.0,9220641,UBGW3,LADY MARIIA,Cargo,No additional information,20.0,127.0,GPS,5.1,TO ORDER,13/01/2025 12:30:00,AIS,POINT (8.9557 57.35967),273292160_0,0 days 00:23:01,1.6587599628935844e-08,55.747016313771326,0.0,0,6.909512745459552,57.35967,8.9557
2025-01-13 19:29:02,2025-01-13 19:29:02,Class A,273292160_0,57.363445,8.966267,Under way using engine,0.0,12.3,56.5,54.0,9220641,UBGW3,LADY MARIIA,Cargo,No additional information,20.0,127.0,GPS,5.1,TO ORDER,16/01/2025 09:00:00,AIS,POINT (8.966267 57.363445),273292160_0,0 days 00:02:00,1.11633327610711e-06,56.475934911413276,0.0,0,6.900103737426705,57.363445,8.966267
2025-01-13 19:30:02,2025-01-13 19:30:02,Class A,273292160_0,57.365368,8.971557,Under way using engine,0.0,12.4,56.1,58.0,9220641,UBGW3,LADY MARIIA,Cargo,No additional information,20.0,127.0,GPS,5.1,TO ORDER,16/01/2025 09:00:00,AIS,POINT (8.971557 57.365368),273292160_0,0 days 00:01:00,6.940361650628266e-07,56.01547284519552,0.0,0,6.895403175777104,57.365368,8.971557
2025-01-13 19:35:01,2025-01-13 19:35:01,Class A,273292160_0,57.374673,8.997748,Under way using engine,0.0,12.2,56.7,58.0,9220641,UBGW3,LADY MARIIA,Cargo,No additional information,20.0,127.0,GPS,5.1,TO ORDER,16/01/2025 05:00:00,AIS,POINT (8.997748 57.374673),273292160_0,0 days 00:04:59,-2.897398748049384e-07,56.60895563301381,0.0,0,6.872100540243936,57.374673,8.997748
2025-01-13 19:36:01,2025-01-13 19:36:01,Class A,273292160_0,57.376557,9.002945,Under way using engine,0.0,12.2,55.9,53.0,9220641,UBGW3,LADY MARIIA,Cargo,No additional information,20.0,127.0,GPS,5.1,TO ORDER,16/01/2025 05:00:00,AIS,POINT (9.002945 57.376557),273292160_0,0 days 00:01:00,-5.412670811995862e-07,56.08046361523503,0.0,0,6.86748946827252,57.376557,9.002945
2025-01-13 19:37:01,2025-01-13 19:37:01,Class A,273292160_0,57.378445,9.00818,Under way using engine,0.0,12.3,56.0,53.0,9220641,UBGW3,LADY MARIIA,Cargo,No additional information,20.0,127.0,GPS,5.1,TO ORDER,16/01/2025 05:00:00,AIS,POINT (9.00818 57.378445),273292160_0,0 days 00:01:00,5.928068172589054e-07,56.215968025152165,0.0,0,6.862843753722869,57.378445,9.00818
2025-01-13 19:38:01,2025-01-13 19:38:01,Class A,273292160_0,57.380387,9.013463,Under way using engine,0.0,12.4,55.8,53.0,9220641,UBGW3,LADY MARIIA,Cargo,No additional information,20.0,127.0,GPS,5.1,TO ORDER,16/01/2025 05:00:00,AIS,POINT (9.013463 57.380387),273292160_0,0 days 00:01:00,1.595029554803566e-06,55.70769725499582,0.0,0,6.8581654643825845,57.380387,9.013463
2025-01-13 19:39:01,2025-01-13 19:39:01,Class A,273292160_0,57.382277,9.018772,Under way using engine,0.0,12.4,56.3,53.0,9220641,UBGW3,LADY MARIIA,Cargo,No additional information,20.0,127.0,GPS,5.1,TO ORDER,16/01/2025 05:00:00,AIS,POINT (9.018772 57.382277),273292160_0,0 days 00:01:00,-5.381019788244731e-07,56.55597265984841,0.0,0,6.853451076523491,57.382277,9.018772
2025-01-13 19:40:01,2025-01-13 19:40:01,Class A,273292160_0,57.384172,9.024068,Under way using engine,0.0,12.3,56.3,53.0,9220641,UBGW3,LADY MARIIA,Cargo,No additional information,20.0,127.0,GPS,5.1,TO ORDER,16/01/2025 05:00:00,AIS,POINT (9.024068 57.384172),273292160_0,0 days 00:01:00,-9.972837135008757e-08,56.420274705336055,0.0,0,6.848751893666465,57.384172,9.024068
2025-01-13 19:41:01,2025-01-13 19:41:01,Class A,273292160_0,57.386038,9.029337,Under way using engine,0.0,12.2,56.7,56.0,9220641,UBGW3,LADY MARIIA,Cargo,No additional information,20.0,127.0,GPS,5.1,TO ORDER,16/01/2025 05:00:00,AIS,POINT (9.029337 57.386038),273292160_0,0 days 00:01:00,-8.741192960477212e-07,56.69059394536316,0.0,0,6.84407347709659,57.386038,9.029337
2025-01-13 19:42:01,2025-01-13 19:42:01,Class A,273292160_0,57.387923,9.034555,Under way using engine,0.0,12.2,56.1,53.0,9220641,UBGW3,LADY MARIIA,Cargo,No additional information,20.0,127.0,GPS,5.1,TO ORDER,16/01/2025 05:00:00,AIS,POINT (9.034555 57.387923),273292160_0,0 days 00:01:00,-3.894791856239524e-07,56.16509109322533,0.0,0,6.8394504791664374,57.387923,9.034555
2025-01-13 19:43:01,2025-01-13 19:43:01,Class A,273292160_0,57.389815,9.039777,Under way using engine,0.0,12.3,56.3,54.0,9220641,UBGW3,LADY MARIIA,Cargo,No additional information,20.0,127.0,GPS,5.1,TO ORDER,16/01/2025 05:00:00,AIS,POINT (9.039777 57.389815),273292160_0,0 days 00:01:00,1.7232701494076784e-07,56.085763291945966,0.0,0,6.834826634966682,57.389815,9.039777
2025-01-13 19:44:01,2025-01-13 19:44:01,Class A,273292160_0,57.391712,9.045132,Under way using engine,0.0,12.4,56.4,53.0,9220641,UBGW3,LADY MARIIA,Cargo,No additional information,20.0,127.0,GPS,5.1,TO ORDER,13/01/2025 12:30:00,AIS,POINT (9.045132 57.391712),273292160_0,0 days 00:01:00,1.933004378672611e-06,56.6789651252858,0.0,0,6.830076187602594,57.391712,9.045132
2025-01-13 19:45:01,2025-01-13 19:45:01,Class A,273292160_0,57.39356,9.050443,Under way using engine,0.0,12.3,57.3,53.0,9220641,UBGW3,LADY MARIIA,Cargo,No additional information,20.0,127.0,GPS,5.1,TO ORDER,29/01/2025 08:00:00,AIS,POINT (9.050443 57.39356),273292160_0,0 days 00:01:00,-1.446277784649391e-06,57.1472175276196,0.0,0,6.825358211788521,57.39356,9.050443
2025-01-13 19:46:01,2025-01-13 19:46:01,Class A,273292160_0,57.395448,9.055722,Under way using engine,0.0,12.3,56.5,57.0,9220641,UBGW3,LADY MARIIA,Cargo,No additional information,20.0,127.0,GPS,5.1,TO ORDER,29/01/2025 08:00:00,AIS,POINT (9.055722 57.395448),273292160_0,0 days 00:01:00,2.2565392941995345e-07,56.424979202698296,0.0,0,6.820682236226228,57.395448,9.055722
2025-01-13 19:47:01,2025-01-13 19:47:01,Class A,273292160_0,57.397307,9.061007,Under way using engine,0.0,12.3,57.0,54.0,9220641,UBGW3,LADY MARIIA,Cargo,No additional information,20.0,127.0,GPS,5.1,TO ORDER,29/01/2025 08:00:00,AIS,POINT (9.061007 57.397307),273292160_0,0 days 00:01:00,-4.1258802796173614e-07,56.8608318133106,0.0,0,6.815994899433684,57.397307,9.061007
2025-01-13 19:48:01,2025-01-13 19:48:01,Class A,273292160_0,57.399155,9.066297,Under way using engine,0.0,12.2,57.1,55.0,9220641,UBGW3,LADY MARIIA,Cargo,No additional information,20.0,127.0,GPS,5.1,TO ORDER,29/01/2025 08:00:00,AIS,POINT (9.066297 57.399155),273292160_0,0 days 00:01:00,-1.1900988479200276e-07,57.039704261555414,0.0,0,6.811301453925673,57.399155,9.066297
2025-01-13 19:49:01,2025-01-13 19:49:01,Class A,273292160_0,57.400953,9.071557,Under way using engine,0.0,12.1,57.7,54.0,9220641,UBGW3,LADY MARIIA,Cargo,No additional information,20.0,127.0,GPS,5.1,TO ORDER,29/01/2025 08:00:00,AIS,POINT (9.071557 57.400953),273292160_0,0 days 00:01:00,-1.259557870517313e-06,57.60451234366411,0.0,0,6.806626499651792,57.400953,9.071557
2025-01-13 19:50:01,2025-01-13 19:50:01,Class A,273292160_0,57.402795,9.076847,Under way using engine,0.0,12.2,57.3,53.0,9220641,UBGW3,LADY MARIIA,Cargo,No additional information,20.0,127.0,GPS,5.1,TO ORDER,29/01/2025 08:00:00,AIS,POINT (9.076847 57.402795),273292160_0,0 days 00:01:00,1.151486587080396e-06,57.12210472291014,0.0,0,6.8019343418096865,57.402795,9.076847
2025-01-13 19:51:01,2025-01-13 19:51:01,Class A,273292160_0,57.404578,9.082112,Under way using engine,0.0,12.1,58.2,58.0,9220641,UBGW3,LADY MARIIA,Cargo,No additional information,20.0,127.0,GPS,5.1,TO ORDER,29/01/2025 08:00:00,AIS,POINT (9.082112 57.404578),273292160_0,0 days 00:01:00,-1.3356225108431276e-06,57.843228827522864,0.0,0,6.797253604188385,57.404578,9.082112
2025-01-13 19:52:01,2025-01-13 19:52:01,Class A,273292160_0,57.406427,9.087298,Under way using engine,0.0,12.1,56.9,53.0,9220641,UBGW3,LADY MARIIA,Cargo,No additional information,20.0,127.0,GPS,5.1,TO ORDER,13/01/2025 12:30:00,AIS,POINT (9.087298 57.406427),273292160_0,0 days 00:01:00,-7.422590467250888e-09,56.4988672079636,0.0,0,6.792666788105022,57.406427,9.087298
2025-01-13 20:06:01,2025-01-13 20:06:01,Class A,273292160_0,57.432545,9.160713,Under way using engine,0.0,12.2,57.4,57.0,9220641,UBGW3,LADY MARIIA,Cargo,No additional information,20.0,127.0,GPS,5.1,TO ORDER,16/01/2025 09:00:00,AIS,POINT (9.160713 57.432545),273292160_0,0 days 00:14:00,7.58482668830425e-08,56.5176795200594,0.0,0,6.7278677997352165,57.432545,9.160713
2025-01-13 20:11:01,2025-01-13 20:11:01,Class A,273292160_0,57.44189,9.186812,Under way using engine,0.0,12.2,56.5,53.0,9220641,UBGW3,LADY MARIIA,Cargo,No additional information,20.0,127.0,GPS,5.1,TO ORDER,13/01/2025 12:30:00,AIS,POINT (9.186812 57.44189),273292160_0,0 days 00:05:00,-6.247105985233923e-08,56.354682039042245,0.0,0,6.704914103654126,57.44189,9.186812
2025-01-13 20:12:01,2025-01-13 20:12:01,Class A,273292160_0,57.443805,9.191995,Under way using engine,0.0,12.2,56.0,53.0,9220641,UBGW3,LADY MARIIA,Cargo,No additional information,20.0,127.0,GPS,5.1,TO ORDER,13/01/2025 12:30:00,AIS,POINT (9.191995 57.443805),273292160_0,0 days 00:01:00,2.7585911309211075e-07,55.525062423934514,0.0,0,6.700374835802694,57.443805,9.191995
2025-01-13 20:13:01,2025-01-13 20:13:01,Class A,273292160_0,57.445662,9.197063,Under way using engine,0.0,12.0,55.9,53.0,9220641,UBGW3,LADY MARIIA,Cargo,No additional information,20.0,127.0,GPS,5.1,TO ORDER,16/01/2025 09:00:00,AIS,POINT (9.197063 57.445662),273292160_0,0 days 00:01:00,-2.5994070952069844e-06,55.745775270007755,0.0,0,6.6959338283935415,57.445662,9.197063
2025-01-13 21:56:01,2025-01-13 21:56:01,Class A,273292160_0,57.642387,9.731715,Under way using engine,0.0,12.4,55.4,53.0,9220641,UBGW3,LADY MARIIA,Cargo,No additional information,20.0,127.0,GPS,5.1,TO ORDER,29/01/2025 08:00:00,AIS,POINT (9.731715 57.642387),273292160_0,0 days 01:43:00,2.3506882229605157e-08,55.33854518440444,103.0,1,6.236156258683229,57.642387,9.731715
2025-01-13 22:01:01,2025-01-13 22:01:01,Class A,273292160_0,57.652192,9.758283,Under way using engine,0.0,12.5,55.7,53.0,9220641,UBGW3,LADY MARIIA,Cargo,No additional information,20.0,127.0,GPS,5.1,TO ORDER,16/01/2025 09:00:00,AIS,POINT (9.758283 57.652192),273292160_0,0 days 00:05:00,4.745337016921816e-07,55.39663481167196,0.0,0,6.21379279507492,57.652192,9.758283
2025-01-13 22:07:01,2025-01-13 22:07:01,Class A,273292160_0,57.66129,9.792657,Under way using engine,0.0,12.3,70.0,72.0,9220641,UBGW3,LADY MARIIA,Cargo,No additional information,20.0,127.0,GPS,5.1,TO ORDER,16/01/2025 09:00:00,AIS,POINT (9.792657 57.66129),273292160_0,0 days 00:06:00,-1.7415346077204638e-07,63.66241076438462,0.0,0,6.183830729690537,57.66129,9.792657
2025-01-13 22:08:01,2025-01-13 22:08:01,Class A,273292160_0,57.66248,9.798678,Under way using engine,0.0,12.4,69.7,73.0,9220641,UBGW3,LADY MARIIA,Cargo,No additional information,20.0,127.0,GPS,5.1,TO ORDER,16/01/2025 09:00:00,AIS,POINT (9.798678 57.66248),273292160_0,0 days 00:01:00,4.4926501296415654e-07,69.71906435425245,0.0,0,6.178464758524078,57.66248,9.798678
2025-01-13 22:16:01,2025-01-13 22:16:01,Class A,273292160_0,57.671982,9.847163,Under way using engine,0.0,12.4,69.8,72.0,9220641,UBGW3,LADY MARIIA,Cargo,No additional information,20.0,127.0,GPS,5.1,TO ORDER,29/01/2025 08:00:00,AIS,POINT (9.847163 57.671982),273292160_0,0 days 00:08:00,7.235741504820945e-08,69.8553287181395,0.0,0,6.135282149308619,57.671982,9.847163
2025-01-13 22:17:01,2025-01-13 22:17:01,Class A,273292160_0,57.6732,9.853235,Under way using engine,0.0,12.5,69.6,73.0,9220641,UBGW3,LADY MARIIA,Cargo,No additional information,20.0,127.0,GPS,5.1,TO ORDER,13/01/2025 12:30:00,AIS,POINT (9.853235 57.6732),273292160_0,0 days 00:01:00,4.8772487030426e-07,69.43583387159953,0.0,0,6.129889533296094,57.6732,9.853235
2025-01-13 22:18:01,2025-01-13 22:18:01,Class A,273292160_0,57.6744,9.859372,Under way using engine,0.0,12.6,69.7,72.0,9220641,UBGW3,LADY MARIIA,Cargo,No additional information,20.0,127.0,GPS,5.1,TO ORDER,13/01/2025 12:30:00,AIS,POINT (9.859372 57.6744),273292160_0,0 days 00:01:00,8.143170445587139e-07,69.9117088163897,0.0,0,6.124431058418406,57.6744,9.859372
2025-01-13 23:29:00,2025-01-13 23:29:00,Class A,273292160_0,57.759363,10.305923,Under way using engine,0.0,14.1,66.9,62.0,9220641,UBGW3,LADY MARIIA,Cargo,No additional information,20.0,127.0,GPS,5.1,TO ORDER,16/01/2025 05:00:00,AIS,POINT (10.305923 57.759363),273292160_0,0 days 01:10:59,3.1722329348099446e-08,70.20378057785774,71.0,1,5.730792959235746,57.759363,10.305923
2025-01-13 23:30:00,2025-01-13 23:30:00,Class A,273292160_0,57.760882,10.31266,Under way using engine,0.0,14.1,67.1,62.0,9220641,UBGW3,LADY MARIIA,Cargo,No additional information,20.0,127.0,GPS,5.1,TO ORDER,16/01/2025 05:00:00,AIS,POINT (10.31266 57.760882),273292160_0,0 days 00:01:00,1.0371356836385113e-05,67.0855952109838,0.0,0,5.72500598782604,57.760882,10.31266
2025-01-13 23:31:00,2025-01-13 23:31:00,Class A,273292160_0,57.7624,10.319408,Under way using engine,0.0,14.1,67.4,62.0,9220641,UBGW3,LADY MARIIA,Cargo,No additional information,20.0,127.0,GPS,5.1,TO ORDER,16/01/2025 05:00:00,AIS,POINT (10.319408 57.7624),273292160_0,0 days 00:01:00,1.512962984571379e-07,67.13174109571418,0.0,0,5.719210842899919,57.7624,10.319408
2025-01-13 23:32:00,2025-01-13 23:32:00,Class A,273292160_0,57.763902,10.326192,Under way using engine,0.0,14.2,67.4,62.0,9220641,UBGW3,LADY MARIIA,Cargo,No additional information,20.0,127.0,GPS,5.1,TO ORDER,16/01/2025 05:00:00,AIS,POINT (10.326192 57.763902),273292160_0,0 days 00:01:00,3.5423722374443244e-07,67.45557988565696,0.0,0,5.713378871144115,57.763902,10.326192
2025-01-13 23:33:00,2025-01-13 23:33:00,Class A,273292160_0,57.765407,10.333015,Under way using engine,0.0,14.2,67.6,62.0,9220641,UBGW3,LADY MARIIA,Cargo,No additional information,20.0,127.0,GPS,5.1,TO ORDER,16/01/2025 05:00:00,AIS,POINT (10.333015 57.765407),273292160_0,0 days 00:01:00,6.270348869722668e-07,67.53043223949476,0.0,0,5.707513920115659,57.765407,10.333015
2025-01-13 23:34:00,2025-01-13 23:34:00,Class A,273292160_0,57.766877,10.339795,Under way using engine,0.0,14.2,67.8,62.0,9220641,UBGW3,LADY MARIIA,Cargo,No additional information,20.0,127.0,GPS,5.1,TO ORDER,16/01/2025 05:00:00,AIS,POINT (10.339795 57.766877),273292160_0,0 days 00:01:00,-1.0723361965561355e-06,67.87569250220429,0.0,0,5.701679484190074,57.766877,10.339795
2025-01-13 23:38:00,2025-01-13 23:38:00,Class A,273292160_0,57.772763,10.366997,Under way using engine,0.0,14.0,67.7,61.0,9220641,UBGW3,LADY MARIIA,Cargo,No additional information,20.0,127.0,GPS,5.1,TO ORDER,16/01/2025 05:00:00,AIS,POINT (10.366997 57.772763),273292160_0,0 days 00:04:00,8.023832473844719e-08,67.9049527388542,0.0,0,5.678291961215273,57.772763,10.366997
2025-01-13 23:47:00,2025-01-13 23:47:00,Class A,273292160_0,57.786123,10.423793,Under way using engine,0.0,13.1,65.3,66.0,9220641,UBGW3,LADY MARIIA,Cargo,No additional information,20.0,127.0,GPS,5.1,TO ORDER,29/01/2025 08:00:00,AIS,POINT (10.423793 57.786123),273292160_0,0 days 00:09:00,-8.143840135298201e-07,66.16990480653845,0.0,0,5.629974608215033,57.786123,10.423793
2025-01-13 23:48:00,2025-01-13 23:48:00,Class A,273292160_0,57.787665,10.429928,Under way using engine,0.0,13.1,64.7,66.0,9220641,UBGW3,LADY MARIIA,Cargo,No additional information,20.0,127.0,GPS,5.1,TO ORDER,29/01/2025 08:00:00,AIS,POINT (10.429928 57.787665),273292160_0,0 days 00:01:00,-1.9233114710720246e-06,64.75332296506622,0.0,0,5.624802368324507,57.787665,10.429928
2025-01-13 23:49:00,2025-01-13 23:49:00,Class A,273292160_0,57.78921,10.436103,Under way using engine,0.0,13.1,64.9,62.0,9220641,UBGW3,LADY MARIIA,Cargo,No additional information,20.0,127.0,GPS,5.1,TO ORDER,29/01/2025 08:00:00,AIS,POINT (10.436103 57.78921),273292160_0,0 days 00:01:00,6.337738760480374e-07,64.85289450334585,0.0,0,5.619596249921251,57.78921,10.436103
2025-01-13 23:50:00,2025-01-13 23:50:00,Class A,273292160_0,57.790337,10.442452,Under way using engine,0.0,12.9,71.9,75.0,9220641,UBGW3,LADY MARIIA,Cargo,No additional information,20.0,127.0,GPS,5.1,TO ORDER,29/01/2025 08:00:00,AIS,POINT (10.442452 57.790337),273292160_0,0 days 00:01:00,-2.127608775960649e-06,71.57857090669631,0.0,0,5.614079515890473,57.790337,10.442452
2025-01-13 23:51:00,2025-01-13 23:51:00,Class A,273292160_0,57.791188,10.44896,Under way using engine,0.0,12.9,75.7,79.0,9220641,UBGW3,LADY MARIIA,Cargo,No additional information,20.0,127.0,GPS,5.1,TO ORDER,29/01/2025 08:00:00,AIS,POINT (10.44896 57.791188),273292160_0,0 days 00:01:00,1.576882847882568e-07,76.21329970097281,0.0,0,5.608316843021621,57.791188,10.44896
2025-01-13 23:52:00,2025-01-13 23:52:00,Class A,273292160_0,57.79204,10.455525,Under way using engine,0.0,13.0,76.3,79.0,9220641,UBGW3,LADY MARIIA,Cargo,No additional information,20.0,127.0,GPS,5.1,TO ORDER,13/01/2025 12:30:00,AIS,POINT (10.455525 57.79204),273292160_0,0 days 00:01:00,9.197493627182673e-07,76.3126763052029,0.0,0,5.602503149612056,57.79204,10.455525
2025-01-13 23:53:00,2025-01-13 23:53:00,Class A,273292160_0,57.792977,10.461992,Under way using engine,0.0,12.9,73.8,70.0,9220641,UBGW3,LADY MARIIA,Cargo,No additional information,20.0,127.0,GPS,5.1,TO ORDER,13/01/2025 12:30:00,AIS,POINT (10.461992 57.792977),273292160_0,0 days 00:01:00,-9.158499769519601e-07,74.78924564611691,0.0,0,5.596813375686293,57.792977,10.461992
2025-01-13 23:54:00,2025-01-13 23:54:00,Class A,273292160_0,57.794447,10.467937,Under way using engine,0.0,12.7,65.6,59.0,9220641,UBGW3,LADY MARIIA,Cargo,No additional information,20.0,127.0,GPS,5.1,TO ORDER,13/01/2025 12:30:00,AIS,POINT (10.467937 57.794447),273292160_0,0 days 00:01:00,-2.471476724416278e-06,65.10893322887557,0.0,0,5.591805210568944,57.794447,10.467937
2025-01-14 00:04:00,2025-01-14 00:04:00,Class A,273292160_0,57.81001,10.528103,Under way using engine,0.0,13.0,68.9,74.0,9220641,UBGW3,LADY MARIIA,Cargo,No additional information,20.0,127.0,GPS,5.1,TO ORDER,16/01/2025 09:00:00,AIS,POINT (10.528103 57.81001),273292160_0,0 days 00:10:00,2.1909615603203185e-07,64.08038861086447,0.0,0,5.541499476579331,57.81001,10.528103
2025-01-14 00:05:00,2025-01-14 00:05:00,Class A,273292160_0,57.811173,10.534583,Under way using engine,0.0,13.1,71.6,73.0,9220641,UBGW3,LADY MARIIA,Cargo,No additional information,20.0,127.0,GPS,5.1,TO ORDER,16/01/2025 09:00:00,AIS,POINT (10.534583 57.811173),273292160_0,0 days 00:01:00,2.4663436563900917e-06,71.37839440362205,0.0,0,5.535906223731214,57.811173,10.534583
2025-01-14 00:06:00,2025-01-14 00:06:00,Class A,273292160_0,57.812262,10.541143,Under way using engine,0.0,13.2,72.7,74.0,9220641,UBGW3,LADY MARIIA,Cargo,No additional information,20.0,127.0,GPS,5.1,TO ORDER,16/01/2025 09:00:00,AIS,POINT (10.541143 57.812262),273292160_0,0 days 00:01:00,5.488003457687368e-07,72.6886432675314,0.0,0,5.530213450765258,57.812262,10.541143
2025-01-14 00:07:00,2025-01-14 00:07:00,Class A,273292160_0,57.813357,10.54775,Under way using engine,0.0,13.3,72.6,73.0,9220641,UBGW3,LADY MARIIA,Cargo,No additional information,20.0,127.0,GPS,5.1,TO ORDER,16/01/2025 09:00:00,AIS,POINT (10.54775 57.813357),273292160_0,0 days 00:01:00,7.930384106534083e-07,72.71487782261181,0.0,0,5.524481384485697,57.813357,10.54775
2025-01-14 00:08:00,2025-01-14 00:08:00,Class A,273292160_0,57.81447,10.55438,Under way using engine,0.0,13.4,72.7,77.0,9220641,UBGW3,LADY MARIIA,Cargo,No additional information,20.0,127.0,GPS,5.1,TO ORDER,13/01/2025 12:30:00,AIS,POINT (10.55438 57.81447),273292160_0,0 days 00:01:00,5.254028685075113e-07,72.50474256900952,0.0,0,5.518736814307056,57.81447,10.55438
2025-01-14 00:09:00,2025-01-14 00:09:00,Class A,273292160_0,57.815613,10.56101,Under way using engine,0.0,13.4,72.3,77.0,9220641,UBGW3,LADY MARIIA,Cargo,No additional information,20.0,127.0,GPS,5.1,TO ORDER,13/01/2025 12:30:00,AIS,POINT (10.56101 57.815613),273292160_0,0 days 00:01:00,2.7864670181486827e-07,72.06256402438447,0.0,0,5.513005607574239,57.815613,10.56101
2025-01-14 00:10:00,2025-01-14 00:10:00,Class A,273292160_0,57.816745,10.56774,Under way using engine,0.0,13.5,72.4,73.0,9220641,UBGW3,LADY MARIIA,Cargo,No additional information,20.0,127.0,GPS,5.1,TO ORDER,13/01/2025 12:30:00,AIS,POINT (10.56774 57.816745),273292160_0,0 days 00:01:00,1.4661182423733684e-06,72.47150303984677,0.0,0,5.507179749132307,57.816745,10.56774
2025-01-14 00:11:00,2025-01-14 00:11:00,Class A,273292160_0,57.817912,10.574587,Under way using engine,0.0,13.6,72.6,73.0,9220641,UBGW3,LADY MARIIA,Cargo,No additional information,20.0,127.0,GPS,5.1,TO ORDER,13/01/2025 12:30:00,AIS,POINT (10.574587 57.817912),273292160_0,0 days 00:01:00,2.165251184852729e-06,72.25232325677797,0.0,0,5.501260679100837,57.817912,10.574587
2025-01-14 00:12:00,2025-01-14 00:12:00,Class A,273292160_0,57.818797,10.581418,Under way using engine,0.0,13.5,76.9,87.0,9220641,UBGW3,LADY MARIIA,Cargo,No additional information,20.0,127.0,GPS,5.1,TO ORDER,29/01/2025 08:00:00,AIS,POINT (10.581418 57.818797),273292160_0,0 days 00:01:00,-2.6168978942121835e-06,76.32541372881923,0.0,0,5.495253523325836,57.818797,10.581418
2025-01-14 00:13:00,2025-01-14 00:13:00,Class A,273292160_0,57.819128,10.588267,Under way using engine,0.0,13.3,84.3,93.0,9220641,UBGW3,LADY MARIIA,Cargo,No additional information,20.0,127.0,GPS,5.1,TO ORDER,29/01/2025 08:00:00,AIS,POINT (10.588267 57.819128),273292160_0,0 days 00:01:00,-2.5180745802744876e-06,84.8122341982637,0.0,0,5.489024536756689,57.819128,10.588267
2025-01-14 00:14:00,2025-01-14 00:14:00,Class A,273292160_0,57.819322,10.595183,Under way using engine,0.0,13.3,86.6,93.0,9220641,UBGW3,LADY MARIIA,Cargo,No additional information,20.0,127.0,GPS,5.1,TO ORDER,29/01/2025 08:00:00,AIS,POINT (10.595183 57.819322),273292160_0,0 days 00:01:00,8.001200076716581e-07,86.98216993551648,0.0,0,5.482683623539205,57.819322,10.595183
2025-01-14 00:15:00,2025-01-14 00:15:00,Class A,273292160_0,57.819487,10.602145,Under way using engine,0.0,13.4,87.2,90.0,9220641,UBGW3,LADY MARIIA,Cargo,No additional information,20.0,127.0,GPS,5.1,TO ORDER,29/01/2025 08:00:00,AIS,POINT (10.602145 57.819487),273292160_0,0 days 00:01:00,7.144810021923251e-07,87.44908909742799,0.0,0,5.4762905921101375,57.819487,10.602145
2025-01-14 00:16:00,2025-01-14 00:16:00,Class A,273292160_0,57.81962,10.609143,Under way using engine,0.0,13.5,87.9,92.0,9220641,UBGW3,LADY MARIIA,Cargo,No additional information,20.0,127.0,GPS,5.1,TO ORDER,29/01/2025 08:00:00,AIS,POINT (10.609143 57.81962),273292160_0,0 days 00:01:00,5.537736685732141e-07,87.95330085985324,0.0,0,5.46985357533353,57.81962,10.609143
2025-01-14 00:17:00,2025-01-14 00:17:00,Class A,273292160_0,57.81966,10.616185,Under way using engine,0.0,13.5,89.5,92.0,9220641,UBGW3,LADY MARIIA,Cargo,No additional information,20.0,127.0,GPS,5.1,TO ORDER,29/01/2025 08:00:00,AIS,POINT (10.616185 57.81966),273292160_0,0 days 00:01:00,6.594222455023544e-07,89.38596499841077,0.0,0,5.463342214228667,57.81966,10.616185
2025-01-14 00:18:00,2025-01-14 00:18:00,Class A,273292160_0,57.819663,10.62312,Under way using engine,0.0,13.6,89.8,96.0,9220641,UBGW3,LADY MARIIA,Cargo,No additional information,20.0,127.0,GPS,5.1,TO ORDER,13/01/2025 12:30:00,AIS,POINT (10.62312 57.819663),273292160_0,0 days 00:01:00,-1.7730053667351469e-06,89.95052719421938,0.0,0,5.45691738507053,57.819663,10.62312
2025-01-14 00:19:00,2025-01-14 00:19:00,Class A,273292160_0,57.81962,10.630228,Under way using engine,0.0,13.6,90.3,96.0,9220641,UBGW3,LADY MARIIA,Cargo,No additional information,20.0,127.0,GPS,5.1,TO ORDER,13/01/2025 12:30:00,AIS,POINT (10.630228 57.81962),273292160_0,0 days 00:01:00,2.863502832604805e-06,90.64777335237227,0.0,0,5.450316222703412,57.81962,10.630228
2025-01-14 00:20:00,2025-01-14 00:20:00,Class A,273292160_0,57.819535,10.637343,Under way using engine,0.0,13.7,91.5,95.0,9220641,UBGW3,LADY MARIIA,Cargo,No additional information,20.0,127.0,GPS,5.1,TO ORDER,16/01/2025 09:00:00,AIS,POINT (10.637343 57.819535),273292160_0,0 days 00:01:00,1.3765904153136983e-07,91.28198917456848,0.0,0,5.443694012979973,57.819535,10.637343
2025-01-14 00:21:00,2025-01-14 00:21:00,Class A,273292160_0,57.81936,10.644422,Under way using engine,0.0,13.6,92.5,95.0,9220641,UBGW3,LADY MARIIA,Cargo,No additional information,20.0,127.0,GPS,5.1,TO ORDER,16/01/2025 09:00:00,AIS,POINT (10.644422 57.81936),273292160_0,0 days 00:01:00,-4.979690797509047e-07,92.65457569369033,0.0,0,5.437072400454127,57.81936,10.644422
2025-01-14 00:22:00,2025-01-14 00:22:00,Class A,273292160_0,57.819195,10.65152,Under way using engine,0.0,13.7,92.5,95.0,9220641,UBGW3,LADY MARIIA,Cargo,No additional information,20.0,127.0,GPS,5.1,TO ORDER,16/01/2025 09:00:00,AIS,POINT (10.65152 57.819195),273292160_0,0 days 00:01:00,3.000032661679315e-07,92.49619477652811,0.0,0,5.430438137606671,57.819195,10.65152
2025-01-14 00:23:00,2025-01-14 00:23:00,Class A,273292160_0,57.819055,10.658658,Under way using engine,0.0,13.8,92.7,98.0,9220641,UBGW3,LADY MARIIA,Cargo,No additional information,20.0,127.0,GPS,5.1,TO ORDER,16/01/2025 09:00:00,AIS,POINT (10.658658 57.819055),273292160_0,0 days 00:01:00,6.292721166282553e-07,92.10600472569212,0.0,0,5.423777490628555,57.819055,10.658658
2025-01-14 00:49:00,2025-01-14 00:49:00,Class A,273292160_0,57.796547,10.834543,Under way using engine,0.0,12.3,127.3,140.0,9220641,UBGW3,LADY MARIIA,Cargo,No additional information,20.0,127.0,GPS,5.1,TO ORDER,16/01/2025 09:00:00,AIS,POINT (10.834543 57.796547),273292160_0,0 days 00:26:00,-1.1691904447246491e-07,103.43221349718635,0.0,0,5.252656031118922,57.796547,10.834543
2025-01-14 00:50:00,2025-01-14 00:50:00,Class A,273292160_0,57.794403,10.839503,Under way using engine,0.0,12.3,128.6,141.0,9220641,UBGW3,LADY MARIIA,Cargo,No additional information,20.0,127.0,GPS,5.1,TO ORDER,13/01/2025 12:30:00,AIS,POINT (10.839503 57.794403),273292160_0,0 days 00:01:00,-9.458969913372497e-06,129.0426263089796,0.0,0,5.247252819591028,57.794403,10.839503
2025-01-14 00:52:00,2025-01-14 00:52:00,Class A,273292160_0,57.789968,10.84914,Under way using engine,0.0,12.2,131.6,140.0,9220641,UBGW3,LADY MARIIA,Cargo,No additional information,20.0,127.0,GPS,5.1,TO ORDER,29/01/2025 08:00:00,AIS,POINT (10.84914 57.789968),273292160_0,0 days 00:02:00,-1.653510306766865e-07,130.80450769436789,0.0,0,5.23665060352512,57.789968,10.84914
2025-01-14 00:53:00,2025-01-14 00:53:00,Class A,273292160_0,57.787732,10.853743,Under way using engine,0.0,12.2,132.3,141.0,9220641,UBGW3,LADY MARIIA,Cargo,No additional information,20.0,127.0,GPS,5.1,TO ORDER,13/01/2025 12:30:00,AIS,POINT (10.853743 57.787732),273292160_0,0 days 00:01:00,-2.281144489656899e-06,132.341548774304,0.0,0,5.231541120160005,57.787732,10.853743
2025-01-14 00:54:00,2025-01-14 00:54:00,Class A,273292160_0,57.785402,10.8583,Under way using engine,0.0,12.2,133.7,143.0,9220641,UBGW3,LADY MARIIA,Cargo,No additional information,20.0,127.0,GPS,5.1,TO ORDER,13/01/2025 12:30:00,AIS,POINT (10.8583 57.785402),273292160_0,0 days 00:01:00,1.4319599793747562e-06,133.8037314657396,0.0,0,5.226437766663254,57.785402,10.8583
2025-01-14 00:55:00,2025-01-14 00:55:00,Class A,273292160_0,57.783047,10.862765,Under way using engine,0.0,12.1,134.6,147.0,9220641,UBGW3,LADY MARIIA,Cargo,No additional information,20.0,127.0,GPS,5.1,TO ORDER,16/01/2025 09:00:00,AIS,POINT (10.862765 57.783047),273292160_0,0 days 00:01:00,-5.473629803542414e-07,134.691596993163,0.0,0,5.221409646782564,57.783047,10.862765
2025-01-14 00:56:00,2025-01-14 00:56:00,Class A,273292160_0,57.780645,10.867193,Under way using engine,0.0,12.2,135.2,147.0,9220641,UBGW3,LADY MARIIA,Cargo,No additional information,20.0,127.0,GPS,5.1,TO ORDER,17/01/2025 09:00:00,AIS,POINT (10.867193 57.780645),273292160_0,0 days 00:01:00,6.002503370804129e-07,135.494190442589,0.0,0,5.216397546402497,57.780645,10.867193
2025-01-14 00:57:00,2025-01-14 00:57:00,Class A,273292160_0,57.778227,10.871617,Under way using engine,0.0,12.1,135.5,143.0,9220641,UBGW3,LADY MARIIA,Cargo,No additional information,20.0,127.0,GPS,5.1,TO ORDER,17/01/2025 09:00:00,AIS,POINT (10.871617 57.778227),273292160_0,0 days 00:01:00,3.10446499126758e-07,135.70831685434325,0.0,0,5.211383008126154,57.778227,10.871617
2025-01-14 00:58:00,2025-01-14 00:58:00,Class A,273292160_0,57.775802,10.876028,Under way using engine,0.0,12.2,135.8,143.0,9220641,UBGW3,LADY MARIIA,Cargo,No additional information,20.0,127.0,GPS,5.1,TO ORDER,17/01/2025 09:00:00,AIS,POINT (10.876028 57.775802),273292160_0,0 days 00:01:00,8.524884393901778e-09,135.8734586753925,0.0,0,5.206377813269029,57.775802,10.876028
2025-01-14 00:59:00,2025-01-14 00:59:00,Class A,273292160_0,57.773352,10.880445,Under way using engine,0.0,12.2,136.3,143.0,9220641,UBGW3,LADY MARIIA,Cargo,No additional information,20.0,127.0,GPS,5.1,TO ORDER,17/01/2025 09:00:00,AIS,POINT (10.880445 57.773352),273292160_0,0 days 00:01:00,6.282128908911139e-07,136.1262528922083,0.0,0,5.201357491454419,57.773352,10.880445
2025-01-14 01:00:00,2025-01-14 01:00:00,Class A,273292160_0,57.77089,10.88482,Under way using engine,0.0,12.2,136.4,143.0,9220641,UBGW3,LADY MARIIA,Cargo,No additional information,20.0,127.0,GPS,5.1,TO ORDER,17/01/2025 09:00:00,AIS,POINT (10.88482 57.77089),273292160_0,0 days 00:01:00,-2.0813056317503634e-07,136.5375547063888,0.0,0,5.1963713491693415,57.77089,10.88482
2025-01-14 01:19:00,2025-01-14 01:19:00,Class A,273292160_0,57.724742,10.961248,Under way using engine,0.0,11.8,139.5,143.0,9220641,UBGW3,LADY MARIIA,Cargo,No additional information,20.0,127.0,GPS,5.1,TO ORDER,17/01/2025 09:00:00,AIS,POINT (10.961248 57.724742),273292160_0,0 days 00:19:00,-2.455039742207551e-07,138.49746177063912,0.0,0,5.108073735460364,57.724742,10.961248
2025-01-14 01:20:00,2025-01-14 01:20:00,Class A,273292160_0,57.722265,10.9652,Under way using engine,0.0,11.8,139.6,148.0,9220641,UBGW3,LADY MARIIA,Cargo,No additional information,20.0,127.0,GPS,5.1,TO ORDER,17/01/2025 09:00:00,AIS,POINT (10.9652 57.722265),273292160_0,0 days 00:01:00,3.8749320552501745e-07,139.56751970184882,0.0,0,5.103474123595906,57.722265,10.9652
2025-01-14 01:21:00,2025-01-14 01:21:00,Class A,273292160_0,57.719793,10.969147,Under way using engine,0.0,11.8,139.8,148.0,9220641,UBGW3,LADY MARIIA,Cargo,No additional information,20.0,127.0,GPS,5.1,TO ORDER,16/01/2025 09:00:00,AIS,POINT (10.969147 57.719793),273292160_0,0 days 00:01:00,-1.6850146723106432e-07,139.5442422815912,0.0,0,5.09888116295742,57.719793,10.969147
2025-01-14 01:22:00,2025-01-14 01:22:00,Class A,273292160_0,57.717305,10.973023,Under way using engine,0.0,11.7,140.0,148.0,9220641,UBGW3,LADY MARIIA,Cargo,No additional information,20.0,127.0,GPS,5.1,TO ORDER,17/01/2025 09:00:00,AIS,POINT (10.973023 57.717305),273292160_0,0 days 00:01:00,-3.769194607985508e-07,140.23691254232938,0.0,0,5.094347778653712,57.717305,10.973023
2025-01-14 01:23:00,2025-01-14 01:23:00,Class A,273292160_0,57.714877,10.976935,Under way using engine,0.0,11.7,139.8,148.0,9220641,UBGW3,LADY MARIIA,Cargo,No additional information,20.0,127.0,GPS,5.1,TO ORDER,17/01/2025 09:00:00,AIS,POINT (10.976935 57.714877),273292160_0,0 days 00:01:00,-1.0276595899079104e-06,139.28413237741762,0.0,0,5.089804236038358,57.714877,10.976935
2025-01-14 01:24:00,2025-01-14 01:24:00,Class A,273292160_0,57.71242,10.980873,Under way using engine,0.0,11.6,139.3,143.0,9220641,UBGW3,LADY MARIIA,Cargo,No additional information,20.0,127.0,GPS,5.1,TO ORDER,17/01/2025 09:00:00,AIS,POINT (10.980873 57.71242),273292160_0,0 days 00:01:00,9.637297296432827e-07,139.43084573913933,0.0,0,5.0852256837813,57.71242,10.980873
2025-01-14 01:25:00,2025-01-14 01:25:00,Class A,273292160_0,57.71003,10.984688,Under way using engine,0.0,11.6,139.6,143.0,9220641,UBGW3,LADY MARIIA,Cargo,No additional information,20.0,127.0,GPS,5.1,TO ORDER,17/01/2025 09:00:00,AIS,POINT (10.984688 57.71003),273292160_0,0 days 00:01:00,-2.896236491616716e-06,139.54458444603773,0.0,0,5.080786520837498,57.71003,10.984688
2025-01-14 01:26:00,2025-01-14 01:26:00,Class A,273292160_0,57.707605,10.988622,Under way using engine,0.0,11.6,138.9,142.0,9220641,UBGW3,LADY MARIIA,Cargo,No additional information,20.0,127.0,GPS,5.1,TO ORDER,17/01/2025 09:00:00,AIS,POINT (10.988622 57.707605),273292160_0,0 days 00:01:00,2.109123556027527e-06,139.0844435995624,0.0,0,5.076224128860447,57.707605,10.988622
2025-01-14 01:27:00,2025-01-14 01:27:00,Class A,273292160_0,57.705185,10.992467,Under way using engine,0.0,11.4,139.3,142.0,9220641,UBGW3,LADY MARIIA,Cargo,No additional information,20.0,127.0,GPS,5.1,TO ORDER,17/01/2025 09:00:00,AIS,POINT (10.992467 57.705185),273292160_0,0 days 00:01:00,-1.0751103354143636e-06,139.67204351424402,0.0,0,5.071745995147037,57.705185,10.992467
2025-01-14 01:28:00,2025-01-14 01:28:00,Class A,273292160_0,57.702772,10.996288,Under way using engine,0.0,11.4,139.5,149.0,9220641,UBGW3,LADY MARIIA,Cargo,No additional information,20.0,127.0,GPS,5.1,TO ORDER,17/01/2025 09:00:00,AIS,POINT (10.996288 57.702772),273292160_0,0 days 00:01:00,-4.1961323314679797e-07,139.76525342725301,0.0,0,5.067292830713458,57.702772,10.996288
2025-01-14 01:29:00,2025-01-14 01:29:00,Class A,273292160_0,57.700385,11.000137,Under way using engine,0.0,11.4,139.5,142.0,9220641,UBGW3,LADY MARIIA,Cargo,No additional information,20.0,127.0,GPS,5.1,TO ORDER,17/01/2025 09:00:00,AIS,POINT (11.000137 57.700385),273292160_0,0 days 00:01:00,-3.0707721602599045e-07,139.250277458729,0.0,0,5.062823838713923,57.700385,11.000137
2025-01-14 01:49:00,2025-01-14 01:49:00,Class A,273292160_0,57.65455,11.075125,Under way using engine,0.0,11.0,137.1,141.0,9220641,UBGW3,LADY MARIIA,Cargo,No additional information,20.0,127.0,GPS,5.1,TO ORDER,17/01/2025 09:00:00,AIS,POINT (11.075125 57.65455),273292160_0,0 days 00:20:00,-1.6395537753859594e-07,138.7899529116338,0.0,0,4.976032608763029,57.65455,11.075125
2025-01-14 01:50:00,2025-01-14 01:50:00,Class A,273292160_0,57.652337,11.078988,Under way using engine,0.0,11.0,137.2,136.0,9220641,UBGW3,LADY MARIIA,Cargo,No additional information,20.0,127.0,GPS,5.1,TO ORDER,17/01/2025 09:00:00,AIS,POINT (11.078988 57.652337),273292160_0,0 days 00:01:00,-5.1375021023053e-07,136.95408865482722,0.0,0,4.971618820940017,57.652337,11.078988
2025-01-14 01:51:00,2025-01-14 01:51:00,Class A,273292160_0,57.650077,11.082853,Under way using engine,0.0,11.0,137.3,136.0,9220641,UBGW3,LADY MARIIA,Cargo,No additional information,20.0,127.0,GPS,5.1,TO ORDER,16/01/2025 09:00:00,AIS,POINT (11.082853 57.650077),273292160_0,0 days 00:01:00,1.0919408316676914e-06,137.53773998526964,0.0,0,4.967185426602273,57.650077,11.082853
2025-01-14 01:52:00,2025-01-14 01:52:00,Class A,273292160_0,57.64786,11.0868,Under way using engine,0.0,11.1,136.6,136.0,9220641,UBGW3,LADY MARIIA,Cargo,No additional information,20.0,127.0,GPS,5.1,TO ORDER,17/01/2025 09:00:00,AIS,POINT (11.0868 57.64786),273292160_0,0 days 00:01:00,-3.963238115295478e-08,136.38696647287122,0.0,0,4.962692534825021,57.64786,11.0868
2025-01-14 01:53:00,2025-01-14 01:53:00,Class A,273292160_0,57.645592,11.090715,Under way using engine,0.0,11.1,137.1,141.0,9220641,UBGW3,LADY MARIIA,Cargo,No additional information,20.0,127.0,GPS,5.1,TO ORDER,17/01/2025 09:00:00,AIS,POINT (11.090715 57.645592),273292160_0,0 days 00:01:00,7.888936491787784e-07,137.26813477469415,0.0,0,4.958209987585137,57.645592,11.090715
2025-01-14 01:54:00,2025-01-14 01:54:00,Class A,273292160_0,57.643358,11.09465,Under way using engine,0.0,11.1,137.0,135.0,9220641,UBGW3,LADY MARIIA,Cargo,No additional information,20.0,127.0,GPS,5.1,TO ORDER,17/01/2025 09:00:00,AIS,POINT (11.09465 57.643358),273292160_0,0 days 00:01:00,-5.390293070738622e-07,136.6890517340641,0.0,0,4.953721890570765,57.643358,11.09465
2025-01-14 01:55:00,2025-01-14 01:55:00,Class A,273292160_0,57.64113,11.098515,Under way using engine,0.0,11.1,137.0,136.0,9220641,UBGW3,LADY MARIIA,Cargo,No additional information,20.0,127.0,GPS,5.1,TO ORDER,17/01/2025 09:00:00,AIS,POINT (11.098515 57.64113),273292160_0,0 days 00:01:00,-9.26863894322276e-07,137.1235128808861,0.0,0,4.949300917009692,57.64113,11.098515
2025-01-14 01:56:00,2025-01-14 01:56:00,Class A,273292160_0,57.63888,11.102417,Under way using engine,0.0,11.1,137.1,136.0,9220641,UBGW3,LADY MARIIA,Cargo,No additional information,20.0,127.0,GPS,5.1,TO ORDER,17/01/2025 09:00:00,AIS,POINT (11.102417 57.63888),273292160_0,0 days 00:01:00,9.190889105214866e-07,137.13025837650764,0.0,0,4.944837440187998,57.63888,11.102417
2025-01-14 01:57:00,2025-01-14 01:57:00,Class A,273292160_0,57.636668,11.106323,Under way using engine,0.0,11.0,136.9,136.0,9220641,UBGW3,LADY MARIIA,Cargo,No additional information,20.0,127.0,GPS,5.1,TO ORDER,17/01/2025 09:00:00,AIS,POINT (11.106323 57.636668),273292160_0,0 days 00:01:00,-8.091086538712973e-07,136.61229673030766,0.0,0,4.940384720774385,57.636668,11.106323
2025-01-14 01:58:00,2025-01-14 01:58:00,Class A,273292160_0,57.634443,11.11018,Under way using engine,0.0,11.1,137.2,136.0,9220641,UBGW3,LADY MARIIA,Cargo,No additional information,20.0,127.0,GPS,5.1,TO ORDER,17/01/2025 09:00:00,AIS,POINT (11.11018 57.634443),273292160_0,0 days 00:01:00,-2.6036284695089664e-07,137.13895404125395,0.0,0,4.935972501917428,57.634443,11.11018
2025-01-14 01:59:00,2025-01-14 01:59:00,Class A,273292160_0,57.632258,11.114128,Under way using engine,0.0,11.0,136.1,134.0,9220641,UBGW3,LADY MARIIA,Cargo,No additional information,20.0,127.0,GPS,5.1,TO ORDER,17/01/2025 09:00:00,AIS,POINT (11.114128 57.632258),273292160_0,0 days 00:01:00,1.4473945112671664e-07,135.95123828360323,0.0,0,4.93149125515964,57.632258,11.114128
2025-01-14 02:00:00,2025-01-14 02:00:00,Class A,273292160_0,57.63007,11.118098,Under way using engine,0.0,11.0,136.0,134.0,9220641,UBGW3,LADY MARIIA,Cargo,No additional information,20.0,127.0,GPS,5.1,TO ORDER,17/01/2025 09:00:00,AIS,POINT (11.118098 57.63007),273292160_0,0 days 00:01:00,3.2365316205004366e-07,135.82967421227443,0.0,0,4.926988564961767,57.63007,11.118098
2025-01-14 02:11:00,2025-01-14 02:11:00,Class A,273292160_0,57.606352,11.160777,Under way using engine,0.0,10.7,135.9,134.0,9220641,UBGW3,LADY MARIIA,Cargo,No additional information,20.0,127.0,GPS,5.1,TO ORDER,17/01/2025 09:00:00,AIS,POINT (11.160777 57.606352),273292160_0,0 days 00:11:00,-1.5740848211104324e-07,136.04092264177706,0.0,0,4.878512499209263,57.606352,11.160777
2025-01-14 02:12:00,2025-01-14 02:12:00,Class A,273292160_0,57.604335,11.164585,Under way using engine,0.0,10.6,135.2,135.0,9220641,UBGW3,LADY MARIIA,Cargo,No additional information,20.0,127.0,GPS,5.1,TO ORDER,17/01/2025 09:00:00,AIS,POINT (11.164585 57.604335),273292160_0,0 days 00:01:00,-3.885266324356679e-06,134.67176838844756,0.0,0,4.874225013609649,57.604335,11.164585
2025-01-14 02:13:00,2025-01-14 02:13:00,Class A,273292160_0,57.60227,11.168405,Under way using engine,0.0,10.5,135.3,135.0,9220641,UBGW3,LADY MARIIA,Cargo,No additional information,20.0,127.0,GPS,5.1,TO ORDER,17/01/2025 09:00:00,AIS,POINT (11.168405 57.60227),273292160_0,0 days 00:01:00,1.1919934185519877e-06,135.25377834790027,0.0,0,4.869908356028169,57.60227,11.168405
2025-01-14 02:14:00,2025-01-14 02:14:00,Class A,273292160_0,57.600203,11.172203,Under way using engine,0.0,10.5,135.6,140.0,9220641,UBGW3,LADY MARIIA,Cargo,No additional information,20.0,127.0,GPS,5.1,TO ORDER,17/01/2025 09:00:00,AIS,POINT (11.172203 57.600203),273292160_0,0 days 00:01:00,-2.105309401196001e-07,135.44534252017053,0.0,0,4.865611368091989,57.600203,11.172203
2025-01-14 02:15:00,2025-01-14 02:15:00,Class A,273292160_0,57.598142,11.176003,Under way using engine,0.0,10.6,135.4,141.0,9220641,UBGW3,LADY MARIIA,Cargo,No additional information,20.0,127.0,GPS,5.1,TO ORDER,17/01/2025 09:00:00,AIS,POINT (11.176003 57.598142),273292160_0,0 days 00:01:00,-1.0618658068467629e-07,135.34536456353044,0.0,0,4.861314836381718,57.598142,11.176003
2025-01-14 02:16:00,2025-01-14 02:16:00,Class A,273292160_0,57.596082,11.179788,Under way using engine,0.0,10.6,135.2,134.0,9220641,UBGW3,LADY MARIIA,Cargo,No additional information,20.0,127.0,GPS,5.1,TO ORDER,17/01/2025 09:00:00,AIS,POINT (11.179788 57.596082),273292160_0,0 days 00:01:00,-1.946351695937774e-07,135.4431424400468,0.0,0,4.857032623166124,57.596082,11.179788
2025-01-14 02:17:00,2025-01-14 02:17:00,Class A,273292160_0,57.593993,11.183638,Under way using engine,0.0,10.6,135.4,135.0,9220641,UBGW3,LADY MARIIA,Cargo,No additional information,20.0,127.0,GPS,5.1,TO ORDER,17/01/2025 09:00:00,AIS,POINT (11.183638 57.593993),273292160_0,0 days 00:01:00,1.3995460631219374e-06,135.35417761870195,0.0,0,4.85267932195823,57.593993,11.183638
2025-01-14 02:18:00,2025-01-14 02:18:00,Class A,273292160_0,57.591912,11.187422,Under way using engine,0.0,10.5,135.4,134.0,9220641,UBGW3,LADY MARIIA,Cargo,No additional information,20.0,127.0,GPS,5.1,TO ORDER,17/01/2025 09:00:00,AIS,POINT (11.187422 57.591912),273292160_0,0 days 00:01:00,-9.425203797347748e-07,135.73793498548275,0.0,0,4.848390224216281,57.591912,11.187422
2025-01-14 02:19:00,2025-01-14 02:19:00,Class A,273292160_0,57.589837,11.19122,Under way using engine,0.0,10.5,135.7,135.0,9220641,UBGW3,LADY MARIIA,Cargo,No additional information,20.0,127.0,GPS,5.1,TO ORDER,17/01/2025 09:00:00,AIS,POINT (11.19122 57.589837),273292160_0,0 days 00:01:00,3.2657334783636746e-08,135.54782760275953,0.0,0,4.8440904670442535,57.589837,11.19122
2025-01-14 02:20:00,2025-01-14 02:20:00,Class A,273292160_0,57.58777,11.194967,Under way using engine,0.0,10.4,136.0,140.0,9220641,UBGW3,LADY MARIIA,Cargo,No additional information,20.0,127.0,GPS,5.1,TO ORDER,16/01/2025 09:00:00,AIS,POINT (11.194967 57.58777),273292160_0,0 days 00:01:00,-7.669195817706168e-07,135.8227683344246,0.0,0,4.839841021296567,57.58777,11.194967
2025-01-14 02:21:00,2025-01-14 02:21:00,Class A,273292160_0,57.58568,11.198733,Under way using engine,0.0,10.5,136.3,134.0,9220641,UBGW3,LADY MARIIA,Cargo,No additional information,20.0,127.0,GPS,5.1,TO ORDER,16/01/2025 09:00:00,AIS,POINT (11.198733 57.58568),273292160_0,0 days 00:01:00,7.328975209967489e-07,135.9931502989777,0.0,0,4.83556537080712,57.58568,11.198733
2025-01-14 02:22:00,2025-01-14 02:22:00,Class A,273292160_0,57.583558,11.202477,Under way using engine,0.0,10.5,136.5,135.0,9220641,UBGW3,LADY MARIIA,Cargo,No additional information,20.0,127.0,GPS,5.1,TO ORDER,16/01/2025 09:00:00,AIS,POINT (11.202477 57.583558),273292160_0,0 days 00:01:00,4.646550368290805e-07,136.59402386992917,0.0,0,4.8312981242992015,57.583558,11.202477
2025-01-14 02:23:00,2025-01-14 02:23:00,Class A,273292160_0,57.581433,11.20632,Under way using engine,0.0,10.7,135.9,134.0,9220641,UBGW3,LADY MARIIA,Cargo,No additional information,20.0,127.0,GPS,5.1,TO ORDER,16/01/2025 09:00:00,AIS,POINT (11.20632 57.581433),273292160_0,0 days 00:01:00,1.2083744041771165e-06,135.8857922465897,0.0,0,4.826938079851966,57.581433,11.20632
2025-01-14 02:24:00,2025-01-14 02:24:00,Class A,273292160_0,57.579307,11.210137,Under way using engine,0.0,10.7,135.9,135.0,9220641,UBGW3,LADY MARIIA,Cargo,No additional information,20.0,127.0,GPS,5.1,TO ORDER,16/01/2025 09:00:00,AIS,POINT (11.210137 57.579307),273292160_0,0 days 00:01:00,-2.756805541112139e-07,136.091961573768,0.0,0,4.822601809225597,57.579307,11.210137
2025-01-14 02:25:00,2025-01-14 02:25:00,Class A,273292160_0,57.577183,11.213903,Under way using engine,0.0,10.7,136.4,140.0,9220641,UBGW3,LADY MARIIA,Cargo,No additional information,20.0,127.0,GPS,5.1,TO ORDER,16/01/2025 09:00:00,AIS,POINT (11.213903 57.577183),273292160_0,0 days 00:01:00,-6.285761182538556e-07,136.44834638490318,0.0,0,4.818313610908488,57.577183,11.213903
2025-01-14 02:26:00,2025-01-14 02:26:00,Class A,273292160_0,57.57503,11.217725,Under way using engine,0.0,10.7,136.3,135.0,9220641,UBGW3,LADY MARIIA,Cargo,No additional information,20.0,127.0,GPS,5.1,TO ORDER,16/01/2025 09:00:00,AIS,POINT (11.217725 57.57503),273292160_0,0 days 00:01:00,1.2940498252007852e-06,136.41232698614772,0.0,0,4.813962683149195,57.57503,11.217725
2025-01-14 02:27:00,2025-01-14 02:27:00,Class A,273292160_0,57.572913,11.221582,Under way using engine,0.0,10.7,135.9,135.0,9220641,UBGW3,LADY MARIIA,Cargo,No additional information,20.0,127.0,GPS,5.1,TO ORDER,16/01/2025 09:00:00,AIS,POINT (11.221582 57.572913),273292160_0,0 days 00:01:00,-3.9418228215827866e-07,135.66692888775958,0.0,0,4.809592905086355,57.572913,11.221582
2025-01-14 02:28:00,2025-01-14 02:28:00,Class A,273292160_0,57.570842,11.225383,Under way using engine,0.0,10.7,135.8,135.0,9220641,UBGW3,LADY MARIIA,Cargo,No additional information,20.0,127.0,GPS,5.1,TO ORDER,16/01/2025 09:00:00,AIS,POINT (11.225383 57.570842),273292160_0,0 days 00:01:00,-1.6648842102481246e-06,135.4549866571988,0.0,0,4.80529235724789,57.570842,11.225383
2025-01-14 02:29:00,2025-01-14 02:29:00,Class A,273292160_0,57.568698,11.229215,Under way using engine,0.0,10.7,135.9,140.0,9220641,UBGW3,LADY MARIIA,Cargo,No additional information,20.0,127.0,GPS,5.1,TO ORDER,16/01/2025 09:00:00,AIS,POINT (11.229215 57.568698),273292160_0,0 days 00:01:00,1.9804228485523184e-06,136.21268370961934,0.0,0,4.800935721709362,57.568698,11.229215
2025-01-14 02:30:00,2025-01-14 02:30:00,Class A,273292160_0,57.566545,11.233093,Under way using engine,0.0,10.8,136.1,140.0,9220641,UBGW3,LADY MARIIA,Cargo,No additional information,20.0,127.0,GPS,5.1,TO ORDER,16/01/2025 09:00:00,AIS,POINT (11.233093 57.566545),273292160_0,0 days 00:01:00,7.337635976696853e-07,135.98929846409612,0.0,0,4.796533133682492,57.566545,11.233093
2025-01-14 02:31:00,2025-01-14 02:31:00,Class A,273292160_0,57.56438,11.236922,Under way using engine,0.0,10.9,136.4,140.0,9220641,UBGW3,LADY MARIIA,Cargo,No additional information,20.0,127.0,GPS,5.1,TO ORDER,17/01/2025 09:00:00,AIS,POINT (11.236922 57.56438),273292160_0,0 days 00:01:00,-2.93307152467315e-07,136.51062754312989,0.0,0,4.792171524277903,57.56438,11.236922
2025-01-14 02:32:00,2025-01-14 02:32:00,Class A,273292160_0,57.562197,11.24083,Under way using engine,0.0,11.0,136.2,135.0,9220641,UBGW3,LADY MARIIA,Cargo,No additional information,20.0,127.0,GPS,5.1,TO ORDER,17/01/2025 09:00:00,AIS,POINT (11.24083 57.562197),273292160_0,0 days 00:01:00,1.3127736429002923e-06,136.16141434581755,0.0,0,4.787729999012996,57.562197,11.24083
2025-01-14 02:33:00,2025-01-14 02:33:00,Class A,273292160_0,57.559995,11.244702,Under way using engine,0.0,11.0,136.6,134.0,9220641,UBGW3,LADY MARIIA,Cargo,No additional information,20.0,127.0,GPS,5.1,TO ORDER,17/01/2025 09:00:00,AIS,POINT (11.244702 57.559995),273292160_0,0 days 00:01:00,1.502642103919672e-08,136.67245594389863,0.0,0,4.783314787289772,57.559995,11.244702
2025-01-14 03:16:00,2025-01-14 03:16:00,Class A,273292160_0,57.467265,11.414397,Under way using engine,0.0,10.9,135.3,135.0,9220641,UBGW3,LADY MARIIA,Cargo,No additional information,20.0,127.0,GPS,5.1,TO ORDER,17/01/2025 09:00:00,AIS,POINT (11.414397 57.467265),273292160_0,0 days 00:43:00,-2.2128825434935333e-09,135.4229080162262,0.0,0,4.591284428633234,57.467265,11.414397
2025-01-14 03:17:00,2025-01-14 03:17:00,Class A,273292160_0,57.465087,11.418333,Under way using engine,0.0,10.9,135.5,139.0,9220641,UBGW3,LADY MARIIA,Cargo,No additional information,20.0,127.0,GPS,5.1,TO ORDER,17/01/2025 09:00:00,AIS,POINT (11.418333 57.465087),273292160_0,0 days 00:01:00,4.130625060823461e-07,135.8151364610685,0.0,0,4.586821652064748,57.465087,11.418333
2025-01-14 03:18:00,2025-01-14 03:18:00,Class A,273292160_0,57.462943,11.422323,Under way using engine,0.0,11.0,135.2,139.0,9220641,UBGW3,LADY MARIIA,Cargo,No additional information,20.0,127.0,GPS,5.1,TO ORDER,17/01/2025 09:00:00,AIS,POINT (11.422323 57.462943),273292160_0,0 days 00:01:00,-1.1267871150769856e-07,134.97242767107832,0.0,0,4.58232137078861,57.462943,11.422323
2025-01-14 03:19:00,2025-01-14 03:19:00,Class A,273292160_0,57.460767,11.426348,Under way using engine,0.0,11.1,135.2,134.0,9220641,UBGW3,LADY MARIIA,Cargo,No additional information,20.0,127.0,GPS,5.1,TO ORDER,17/01/2025 09:00:00,AIS,POINT (11.426348 57.460767),273292160_0,0 days 00:01:00,1.1153724797961813e-06,135.14493891531333,0.0,0,4.577776788630588,57.460767,11.426348
2025-01-14 03:20:00,2025-01-14 03:20:00,Class A,273292160_0,57.45859,11.430383,Under way using engine,0.0,11.2,135.1,135.0,9220641,UBGW3,LADY MARIIA,Cargo,No additional information,20.0,127.0,GPS,5.1,TO ORDER,17/01/2025 09:00:00,AIS,POINT (11.430383 57.45859),273292160_0,0 days 00:01:00,1.4246468049449768e-07,135.08530537046636,0.0,0,4.57322260798761,57.45859,11.430383
2025-01-14 03:21:00,2025-01-14 03:21:00,Class A,273292160_0,57.456423,11.43448,Under way using engine,0.0,11.2,134.7,134.0,9220641,UBGW3,LADY MARIIA,Cargo,No additional information,20.0,127.0,GPS,5.1,TO ORDER,17/01/2025 09:00:00,AIS,POINT (11.43448 57.456423),273292160_0,0 days 00:01:00,5.192561128109328e-07,134.51486081139979,0.0,0,4.568614586069281,57.456423,11.43448
2025-01-14 03:34:00,2025-01-14 03:34:00,Class A,273292160_0,57.429048,11.486507,Under way using engine,0.0,10.9,134.4,140.0,9220641,UBGW3,LADY MARIIA,Cargo,No additional information,20.0,127.0,GPS,5.1,TO ORDER,17/01/2025 09:00:00,AIS,POINT (11.486507 57.429048),273292160_0,0 days 00:13:00,-1.874540653596934e-07,134.33353996594224,0.0,0,4.510155819888821,57.429048,11.486507
2025-01-14 03:35:00,2025-01-14 03:35:00,Class A,273292160_0,57.426945,11.490508,Under way using engine,0.0,11.0,134.5,135.0,9220641,UBGW3,LADY MARIIA,Cargo,No additional information,20.0,127.0,GPS,5.1,TO ORDER,17/01/2025 09:00:00,AIS,POINT (11.490508 57.426945),273292160_0,0 days 00:01:00,-5.3559802561037204e-08,134.3122652708983,0.0,0,4.505661369875571,57.426945,11.490508
2025-01-14 03:36:00,2025-01-14 03:36:00,Class A,273292160_0,57.424802,11.494535,Under way using engine,0.0,11.0,134.4,140.0,9220641,UBGW3,LADY MARIIA,Cargo,No additional information,20.0,127.0,GPS,5.1,TO ORDER,17/01/2025 09:00:00,AIS,POINT (11.494535 57.424802),273292160_0,0 days 00:01:00,1.178870632990312e-06,134.6647506774592,0.0,0,4.501128062160528,57.424802,11.494535
2025-01-14 03:37:00,2025-01-14 03:37:00,Class A,273292160_0,57.422702,11.498698,Under way using engine,0.0,11.1,133.2,140.0,9220641,UBGW3,LADY MARIIA,Cargo,No additional information,20.0,127.0,GPS,5.1,TO ORDER,17/01/2025 09:00:00,AIS,POINT (11.498698 57.422702),273292160_0,0 days 00:01:00,7.183546369666829e-07,133.13215277066087,0.0,0,4.49648421387199,57.422702,11.498698
2025-01-14 03:38:00,2025-01-14 03:38:00,Class A,273292160_0,57.420607,11.502847,Under way using engine,0.0,11.0,133.2,140.0,9220641,UBGW3,LADY MARIIA,Cargo,No additional information,20.0,127.0,GPS,5.1,TO ORDER,16/01/2025 09:00:00,AIS,POINT (11.502847 57.420607),273292160_0,0 days 00:01:00,-2.7341490714457664e-07,133.1586752950418,0.0,0,4.49185526200767,57.420607,11.502847
2025-01-14 03:39:00,2025-01-14 03:39:00,Class A,273292160_0,57.41844,11.506828,Under way using engine,0.0,11.0,135.1,142.0,9220641,UBGW3,LADY MARIIA,Cargo,No additional information,20.0,127.0,GPS,5.1,TO ORDER,16/01/2025 09:00:00,AIS,POINT (11.506828 57.41844),273292160_0,0 days 00:01:00,-4.559236936348913e-07,135.30796462019032,0.0,0,4.487356039694642,57.41844,11.506828
2025-01-14 03:40:00,2025-01-14 03:40:00,Class A,273292160_0,57.41623,11.510742,Under way using engine,0.0,11.0,136.1,137.0,9220641,UBGW3,LADY MARIIA,Cargo,No additional information,20.0,127.0,GPS,5.1,TO ORDER,16/01/2025 09:00:00,AIS,POINT (11.510742 57.41623),273292160_0,0 days 00:01:00,1.7604403120195845e-07,136.35492151225657,0.0,0,4.482903355969208,57.41623,11.510742
2025-01-14 03:41:00,2025-01-14 03:41:00,Class A,273292160_0,57.414038,11.514723,Under way using engine,0.0,11.1,135.9,141.0,9220641,UBGW3,LADY MARIIA,Cargo,No additional information,20.0,127.0,GPS,5.1,TO ORDER,16/01/2025 09:00:00,AIS,POINT (11.514723 57.414038),273292160_0,0 days 00:01:00,3.80329021133427e-07,135.63309447757388,0.0,0,4.478395078217306,57.414038,11.514723
2025-01-14 03:57:00,2025-01-14 03:57:00,Class A,273292160_0,57.378127,11.577918,Under way using engine,0.0,11.2,137.5,139.0,9220641,UBGW3,LADY MARIIA,Cargo,No additional information,20.0,127.0,GPS,5.1,TO ORDER,17/01/2025 09:00:00,AIS,POINT (11.577918 57.378127),273292160_0,0 days 00:16:00,5.1751995668433424e-08,136.49605904003823,0.0,0,4.406432069330582,57.378127,11.577918
2025-01-14 03:58:00,2025-01-14 03:58:00,Class A,273292160_0,57.375817,11.581765,Under way using engine,0.0,11.2,137.5,143.0,9220641,UBGW3,LADY MARIIA,Cargo,No additional information,20.0,127.0,GPS,5.1,TO ORDER,17/01/2025 09:00:00,AIS,POINT (11.581765 57.375817),273292160_0,0 days 00:01:00,3.4760340594797157e-07,138.08039587685687,0.0,0,4.402006775700599,57.375817,11.581765
2025-01-14 03:59:00,2025-01-14 03:59:00,Class A,273292160_0,57.37354,11.58563,Under way using engine,0.0,11.2,137.7,143.0,9220641,UBGW3,LADY MARIIA,Cargo,No additional information,20.0,127.0,GPS,5.1,TO ORDER,17/01/2025 09:00:00,AIS,POINT (11.58563 57.37354),273292160_0,0 days 00:01:00,-5.507973340640806e-07,137.53530007047993,0.0,0,4.397576913154333,57.37354,11.58563
2025-01-14 04:00:00,2025-01-14 04:00:00,Class A,273292160_0,57.371233,11.58951,Under way using engine,0.0,11.3,137.6,143.0,9220641,UBGW3,LADY MARIIA,Cargo,No additional information,20.0,127.0,GPS,5.1,TO ORDER,17/01/2025 09:00:00,AIS,POINT (11.58951 57.371233),273292160_0,0 days 00:01:00,8.571510404715496e-07,137.79637780152905,0.0,0,4.393122241502618,57.371233,11.58951
2025-01-14 04:07:00,2025-01-14 04:07:00,Class A,273292160_0,57.355108,11.616785,Under way using engine,0.0,11.2,136.4,139.0,9220641,UBGW3,LADY MARIIA,Cargo,No additional information,20.0,127.0,GPS,5.1,TO ORDER,17/01/2025 09:00:00,AIS,POINT (11.616785 57.355108),273292160_0,0 days 00:07:00,1.67795721905727e-08,137.61644526910857,0.0,0,4.361844599465345,57.355108,11.616785
2025-01-14 04:08:00,2025-01-14 04:08:00,Class A,273292160_0,57.352828,11.620728,Under way using engine,0.0,11.2,136.5,139.0,9220641,UBGW3,LADY MARIIA,Cargo,No additional information,20.0,127.0,GPS,5.1,TO ORDER,17/01/2025 09:00:00,AIS,POINT (11.620728 57.352828),273292160_0,0 days 00:01:00,4.080693908446962e-09,136.9861526502512,0.0,0,4.357342052450783,57.352828,11.620728
2025-01-14 04:09:00,2025-01-14 04:09:00,Class A,273292160_0,57.350582,11.62467,Under way using engine,0.0,11.3,136.5,143.0,9220641,UBGW3,LADY MARIIA,Cargo,No additional information,20.0,127.0,GPS,5.1,TO ORDER,17/01/2025 09:00:00,AIS,POINT (11.62467 57.350582),273292160_0,0 days 00:01:00,-7.744202464887082e-07,136.5620507333674,0.0,0,4.352852919636041,57.350582,11.62467
2025-01-14 04:10:00,2025-01-14 04:10:00,Class A,273292160_0,57.34832,11.62863,Under way using engine,0.0,11.3,136.5,143.0,9220641,UBGW3,LADY MARIIA,Cargo,No additional information,20.0,127.0,GPS,5.1,TO ORDER,17/01/2025 09:00:00,AIS,POINT (11.62863 57.34832),273292160_0,0 days 00:01:00,5.690834666602074e-07,136.63301668473753,0.0,0,4.348341298608931,57.34832,11.62863
2025-01-14 04:11:00,2025-01-14 04:11:00,Class A,273292160_0,57.34605,11.632635,Under way using engine,0.0,11.2,136.1,143.0,9220641,UBGW3,LADY MARIIA,Cargo,No additional information,20.0,127.0,GPS,5.1,TO ORDER,17/01/2025 09:00:00,AIS,POINT (11.632635 57.34605),273292160_0,0 days 00:01:00,7.005581706493048e-07,136.4089786961116,0.0,0,4.3437849515270655,57.34605,11.632635
2025-01-14 04:12:00,2025-01-14 04:12:00,Class A,273292160_0,57.343805,11.636587,Under way using engine,0.0,11.2,136.7,139.0,9220641,UBGW3,LADY MARIIA,Cargo,No additional information,20.0,127.0,GPS,5.1,TO ORDER,17/01/2025 09:00:00,AIS,POINT (11.636587 57.343805),273292160_0,0 days 00:01:00,-1.1685509645890732e-06,136.47154626105015,0.0,0,4.339287166248623,57.343805,11.636587
2025-01-14 04:13:00,2025-01-14 04:13:00,Class A,273292160_0,57.341508,11.640602,Under way using engine,0.0,11.2,136.5,139.0,9220641,UBGW3,LADY MARIIA,Cargo,No additional information,20.0,127.0,GPS,5.1,TO ORDER,17/01/2025 09:00:00,AIS,POINT (11.640602 57.341508),273292160_0,0 days 00:01:00,1.8950813272732651e-06,136.67235257697007,0.0,0,4.33471189055651,57.341508,11.640602
2025-01-14 04:14:00,2025-01-14 04:14:00,Class A,273292160_0,57.3392,11.644565,Under way using engine,0.0,11.2,136.4,139.0,9220641,UBGW3,LADY MARIIA,Cargo,No additional information,20.0,127.0,GPS,5.1,TO ORDER,17/01/2025 09:00:00,AIS,POINT (11.644565 57.3392),273292160_0,0 days 00:01:00,-3.4342080957763635e-07,137.17973883180144,0.0,0,4.330181174700776,57.3392,11.644565
2025-01-14 04:15:00,2025-01-14 04:15:00,Class A,273292160_0,57.336918,11.648503,Under way using engine,0.0,11.2,136.5,139.0,9220641,UBGW3,LADY MARIIA,Cargo,No additional information,20.0,127.0,GPS,5.1,TO ORDER,17/01/2025 09:00:00,AIS,POINT (11.648503 57.336918),273292160_0,0 days 00:01:00,-8.708704533595448e-07,137.0350910444804,0.0,0,4.325683309508567,57.336918,11.648503
2025-01-14 04:28:00,2025-01-14 04:28:00,Class A,273292160_0,57.307585,11.698573,Under way using engine,0.0,11.0,137.1,137.0,9220641,UBGW3,LADY MARIIA,Cargo,No additional information,20.0,127.0,GPS,5.1,TO ORDER,17/01/2025 09:00:00,AIS,POINT (11.698573 57.307585),273292160_0,0 days 00:13:00,-1.1892669959450156e-07,137.31507486328087,0.0,0,4.268389803702798,57.307585,11.698573
2025-01-14 04:29:00,2025-01-14 04:29:00,Class A,273292160_0,57.305325,11.702432,Under way using engine,0.0,11.0,137.1,142.0,9220641,UBGW3,LADY MARIIA,Cargo,No additional information,20.0,127.0,GPS,5.1,TO ORDER,17/01/2025 09:00:00,AIS,POINT (11.702432 57.305325),273292160_0,0 days 00:01:00,1.8555497575635168e-07,137.3127081365244,0.0,0,4.263975172034308,57.305325,11.702432
2025-01-14 04:30:00,2025-01-14 04:30:00,Class A,273292160_0,57.303095,11.706245,Under way using engine,0.0,11.1,136.9,141.0,9220641,UBGW3,LADY MARIIA,Cargo,No additional information,20.0,127.0,GPS,5.1,TO ORDER,17/01/2025 09:00:00,AIS,POINT (11.706245 57.303095),273292160_0,0 days 00:01:00,-1.201618904219549e-06,137.27182172497993,0.0,0,4.259614385398988,57.303095,11.706245
2025-01-14 04:31:00,2025-01-14 04:31:00,Class A,273292160_0,57.300855,11.71017,Under way using engine,0.0,11.1,136.2,141.0,9220641,UBGW3,LADY MARIIA,Cargo,No additional information,20.0,127.0,GPS,5.1,TO ORDER,17/01/2025 09:00:00,AIS,POINT (11.71017 57.300855),273292160_0,0 days 00:01:00,1.5105838109584982e-06,136.57045432103268,0.0,0,4.25514564505529,57.300855,11.71017
2025-01-14 04:32:00,2025-01-14 04:32:00,Class A,273292160_0,57.298653,11.71412,Under way using engine,0.0,11.1,135.9,141.0,9220641,UBGW3,LADY MARIIA,Cargo,No additional information,20.0,127.0,GPS,5.1,TO ORDER,16/01/2025 09:00:00,AIS,POINT (11.71412 57.298653),273292160_0,0 days 00:01:00,-5.555747199036843e-07,135.89730365753195,0.0,0,4.250667390371189,57.298653,11.71412
2025-01-14 04:34:00,2025-01-14 04:34:00,Class A,273292160_0,57.294282,11.722035,Under way using engine,0.0,11.0,134.9,136.0,9220641,UBGW3,LADY MARIIA,Cargo,No additional information,20.0,127.0,GPS,5.1,TO ORDER,16/01/2025 09:00:00,AIS,POINT (11.722035 57.294282),273292160_0,0 days 00:02:00,-1.367720780951293e-07,135.62335811768457,0.0,0,4.241709055294693,57.294282,11.722035
2025-01-14 04:35:00,2025-01-14 04:35:00,Class A,273292160_0,57.292088,11.725975,Under way using engine,0.0,11.0,135.8,136.0,9220641,UBGW3,LADY MARIIA,Cargo,No additional information,20.0,127.0,GPS,5.1,TO ORDER,16/01/2025 09:00:00,AIS,POINT (11.725975 57.292088),273292160_0,0 days 00:01:00,-1.2496603422751153e-08,135.86055913084476,0.0,0,4.237243286100646,57.292088,11.725975
2025-01-14 04:36:00,2025-01-14 04:36:00,Class A,273292160_0,57.289877,11.729918,Under way using engine,0.0,11.0,136.0,140.0,9220641,UBGW3,LADY MARIIA,Cargo,No additional information,20.0,127.0,GPS,5.1,TO ORDER,16/01/2025 09:00:00,AIS,POINT (11.729918 57.289877),273292160_0,0 days 00:01:00,4.153774628740577e-07,136.05804657698297,0.0,0,4.232768692194861,57.289877,11.729918
2025-01-14 04:38:00,2025-01-14 04:38:00,Class A,273292160_0,57.285458,11.737822,Under way using engine,0.0,11.1,135.4,136.0,9220641,UBGW3,LADY MARIIA,Cargo,No additional information,20.0,127.0,GPS,5.1,TO ORDER,16/01/2025 09:00:00,AIS,POINT (11.737822 57.285458),273292160_0,0 days 00:02:00,3.77728552048524e-08,135.96909730393736,0.0,0,4.223804081653409,57.285458,11.737822
2025-01-14 04:39:00,2025-01-14 04:39:00,Class A,273292160_0,57.28326,11.741827,Under way using engine,0.0,11.1,135.3,136.0,9220641,UBGW3,LADY MARIIA,Cargo,No additional information,20.0,127.0,GPS,5.1,TO ORDER,16/01/2025 09:00:00,AIS,POINT (11.741827 57.28326),273292160_0,0 days 00:01:00,3.7040429045635004e-07,135.43719462359257,0.0,0,4.219276599802979,57.28326,11.741827
2025-01-14 04:40:00,2025-01-14 04:40:00,Class A,273292160_0,57.28106,11.745798,Under way using engine,0.0,11.1,135.6,136.0,9220641,UBGW3,LADY MARIIA,Cargo,No additional information,20.0,127.0,GPS,5.1,TO ORDER,17/01/2025 09:00:00,AIS,POINT (11.745798 57.28106),273292160_0,0 days 00:01:00,-3.521985139493961e-07,135.70573933005278,0.0,0,4.214780216239511,57.28106,11.745798
2025-01-14 04:41:00,2025-01-14 04:41:00,Class A,273292160_0,57.278852,11.749755,Under way using engine,0.0,11.1,135.6,135.0,9220641,UBGW3,LADY MARIIA,Cargo,No additional information,20.0,127.0,GPS,5.1,TO ORDER,17/01/2025 09:00:00,AIS,POINT (11.749755 57.278852),273292160_0,0 days 00:01:00,1.6368979810109027e-08,135.9091119225899,0.0,0,4.2102941171786314,57.278852,11.749755
2025-01-14 04:42:00,2025-01-14 04:42:00,Class A,273292160_0,57.276602,11.753733,Under way using engine,0.0,11.1,135.8,140.0,9220641,UBGW3,LADY MARIIA,Cargo,No additional information,20.0,127.0,GPS,5.1,TO ORDER,17/01/2025 09:00:00,AIS,POINT (11.753733 57.276602),273292160_0,0 days 00:01:00,1.1823372454678282e-06,136.29525965771245,0.0,0,4.2057734339625314,57.276602,11.753733
2025-01-14 04:43:00,2025-01-14 04:43:00,Class A,273292160_0,57.274355,11.757745,Under way using engine,0.0,11.2,135.8,136.0,9220641,UBGW3,LADY MARIIA,Cargo,No additional information,20.0,127.0,GPS,5.1,TO ORDER,17/01/2025 09:00:00,AIS,POINT (11.757745 57.274355),273292160_0,0 days 00:01:00,3.3097907495379927e-07,136.0116916320954,0.0,0,4.2012222005099895,57.274355,11.757745
2025-01-14 04:44:00,2025-01-14 04:44:00,Class A,273292160_0,57.27212,11.761793,Under way using engine,0.0,11.3,135.4,135.0,9220641,UBGW3,LADY MARIIA,Cargo,No additional information,20.0,127.0,GPS,5.1,TO ORDER,17/01/2025 09:00:00,AIS,POINT (11.761793 57.27212),273292160_0,0 days 00:01:00,1.5786071166326287e-07,135.60078378463209,0.0,0,4.196641772487735,57.27212,11.761793
2025-01-14 04:45:00,2025-01-14 04:45:00,Class A,273292160_0,57.269875,11.765892,Under way using engine,0.0,11.3,135.5,136.0,9220641,UBGW3,LADY MARIIA,Cargo,No additional information,20.0,127.0,GPS,5.1,TO ORDER,17/01/2025 09:00:00,AIS,POINT (11.765892 57.269875),273292160_0,0 days 00:01:00,8.23043187994672e-07,135.3682716529454,0.0,0,4.192010246696088,57.269875,11.765892
2025-01-14 04:46:00,2025-01-14 04:46:00,Class A,273292160_0,57.26759,11.769965,Under way using engine,0.0,11.4,135.9,135.0,9220641,UBGW3,LADY MARIIA,Cargo,No additional information,20.0,127.0,GPS,5.1,TO ORDER,17/01/2025 09:00:00,AIS,POINT (11.769965 57.26759),273292160_0,0 days 00:01:00,5.833108403903413e-07,136.0545202943975,0.0,0,4.187388745157655,57.26759,11.769965
2025-01-14 04:47:00,2025-01-14 04:47:00,Class A,273292160_0,57.265327,11.774045,Under way using engine,0.0,11.5,135.9,136.0,9220641,UBGW3,LADY MARIIA,Cargo,No additional information,20.0,127.0,GPS,5.1,TO ORDER,17/01/2025 09:00:00,AIS,POINT (11.774045 57.265327),273292160_0,0 days 00:01:00,-4.035479829976856e-07,135.72655793268018,0.0,0,4.182768700685468,57.265327,11.774045
2025-01-14 04:48:00,2025-01-14 04:48:00,Class A,273292160_0,57.263043,11.77815,Under way using engine,0.0,11.5,135.6,142.0,9220641,UBGW3,LADY MARIIA,Cargo,No additional information,20.0,127.0,GPS,5.1,TO ORDER,17/01/2025 09:00:00,AIS,POINT (11.77815 57.263043),273292160_0,0 days 00:01:00,7.605587641130428e-07,135.81436269024584,0.0,0,4.178117893844668,57.263043,11.77815
2025-01-14 04:49:00,2025-01-14 04:49:00,Class A,273292160_0,57.260712,11.782288,Under way using engine,0.0,11.6,135.9,136.0,9220641,UBGW3,LADY MARIIA,Cargo,No additional information,20.0,127.0,GPS,5.1,TO ORDER,17/01/2025 09:00:00,AIS,POINT (11.782288 57.260712),273292160_0,0 days 00:01:00,1.4324167551505967e-06,136.16649259124193,0.0,0,4.173419550752117,57.260712,11.782288
2025-01-14 04:50:00,2025-01-14 04:50:00,Class A,273292160_0,57.258397,11.78637,Under way using engine,0.0,11.5,136.0,136.0,9220641,UBGW3,LADY MARIIA,Cargo,No additional information,20.0,127.0,GPS,5.1,TO ORDER,17/01/2025 09:00:00,AIS,POINT (11.78637 57.258397),273292160_0,0 days 00:01:00,-1.0039463149626027e-06,136.35754828098226,0.0,0,4.168779340239659,57.258397,11.78637
2025-01-14 04:51:00,2025-01-14 04:51:00,Class A,273292160_0,57.256112,11.790532,Under way using engine,0.0,11.6,135.7,136.0,9220641,UBGW3,LADY MARIIA,Cargo,No additional information,20.0,127.0,GPS,5.1,TO ORDER,17/01/2025 09:00:00,AIS,POINT (11.790532 57.256112),273292160_0,0 days 00:01:00,2.7160161309699427e-07,135.4265298888456,0.0,0,4.164075274974745,57.256112,11.790532
2025-01-14 04:57:00,2025-01-14 04:57:00,Class A,273292160_0,57.242407,11.81548,Under way using engine,0.0,11.7,135.5,141.0,9220641,UBGW3,LADY MARIIA,Cargo,No additional information,20.0,127.0,GPS,5.1,TO ORDER,17/01/2025 09:00:00,AIS,POINT (11.81548 57.242407),273292160_0,0 days 00:06:00,-9.152290644670584e-09,135.4286681964827,0.0,0,4.135877195752914,57.242407,11.81548
2025-01-14 05:06:00,2025-01-14 05:06:00,Class A,273292160_0,57.221047,11.853283,Under way using engine,0.0,11.8,139.5,142.0,9220641,UBGW3,LADY MARIIA,Cargo,No additional information,20.0,127.0,GPS,5.1,TO ORDER,17/01/2025 09:00:00,AIS,POINT (11.853283 57.221047),273292160_0,0 days 00:09:00,2.7723042024010567e-07,136.21613134253414,0.0,0,4.092945603162836,57.221047,11.853283
2025-01-14 05:07:00,2025-01-14 05:07:00,Class A,273292160_0,57.218435,11.856795,Under way using engine,0.0,11.6,144.0,155.0,9220641,UBGW3,LADY MARIIA,Cargo,No additional information,20.0,127.0,GPS,5.1,TO ORDER,17/01/2025 09:00:00,AIS,POINT (11.856795 57.218435),273292160_0,0 days 00:01:00,-1.7506193032262514e-06,143.94496643192622,0.0,0,4.088734739566508,57.218435,11.856795
2025-01-14 05:08:00,2025-01-14 05:08:00,Class A,273292160_0,57.21566,11.859555,Under way using engine,0.0,11.4,151.7,163.0,9220641,UBGW3,LADY MARIIA,Cargo,No additional information,20.0,127.0,GPS,5.1,TO ORDER,17/01/2025 09:00:00,AIS,POINT (11.859555 57.21566),273292160_0,0 days 00:01:00,-2.468688560962343e-06,151.69498602879213,0.0,0,4.085169460751047,57.21566,11.859555
2025-01-14 05:09:00,2025-01-14 05:09:00,Class A,273292160_0,57.212767,11.861793,Under way using engine,0.0,11.3,157.0,168.0,9220641,UBGW3,LADY MARIIA,Cargo,No additional information,20.0,127.0,GPS,5.1,TO ORDER,17/01/2025 09:00:00,AIS,POINT (11.861793 57.212767),273292160_0,0 days 00:01:00,-4.86183826605375e-07,157.27027347317426,0.0,0,4.082051130994073,57.212767,11.861793
2025-01-14 05:10:00,2025-01-14 05:10:00,Class A,273292160_0,57.209862,11.863823,Under way using engine,0.0,11.3,159.1,163.0,9220641,UBGW3,LADY MARIIA,Cargo,No additional information,20.0,127.0,GPS,5.1,TO ORDER,17/01/2025 09:00:00,AIS,POINT (11.863823 57.209862),273292160_0,0 days 00:01:00,-9.490748498549619e-07,159.27114668006948,0.0,0,4.079123990592221,57.209862,11.863823
2025-01-14 05:11:01,2025-01-14 05:11:01,Class A,273292160_0,57.206848,11.865797,Under way using engine,0.0,11.3,160.7,165.0,9220641,UBGW3,LADY MARIIA,Cargo,No additional information,20.0,127.0,GPS,5.1,TO ORDER,17/01/2025 09:00:00,AIS,POINT (11.865797 57.206848),273292160_0,0 days 00:01:01,1.2000107794806323e-06,160.46916512691985,0.0,0,4.076211695017445,57.206848,11.865797
2025-01-14 05:12:01,2025-01-14 05:12:01,Class A,273292160_0,57.203903,11.867672,Under way using engine,0.0,11.2,160.6,171.0,9220641,UBGW3,LADY MARIIA,Cargo,No additional information,20.0,127.0,GPS,5.1,TO ORDER,17/01/2025 09:00:00,AIS,POINT (11.867672 57.203903),273292160_0,0 days 00:01:00,-9.410952654964235e-07,160.97294893850028,0.0,0,4.073417484736494,57.203903,11.867672
2025-01-14 05:13:01,2025-01-14 05:13:01,Class A,273292160_0,57.201003,11.869587,Under way using engine,0.0,11.2,160.4,171.0,9220641,UBGW3,LADY MARIIA,Cargo,No additional information,20.0,127.0,GPS,5.1,TO ORDER,17/01/2025 09:00:00,AIS,POINT (11.869587 57.201003),273292160_0,0 days 00:01:00,-1.0893717490607393e-06,160.317550297769,0.0,0,4.070602776715263,57.201003,11.869587
2025-01-14 05:14:01,2025-01-14 05:14:01,Class A,273292160_0,57.19808,11.871515,Under way using engine,0.0,11.2,160.5,170.0,9220641,UBGW3,LADY MARIIA,Cargo,No additional information,20.0,127.0,GPS,5.1,TO ORDER,17/01/2025 09:00:00,AIS,POINT (11.871515 57.19808),273292160_0,0 days 00:01:00,7.442356129271771e-07,160.3367117272661,0.0,0,4.067768826618959,57.19808,11.871515
2025-01-14 05:15:01,2025-01-14 05:15:01,Class A,273292160_0,57.195153,11.873477,Under way using engine,0.0,11.2,160.1,165.0,9220641,UBGW3,LADY MARIIA,Cargo,No additional information,20.0,127.0,GPS,5.1,TO ORDER,17/01/2025 09:00:00,AIS,POINT (11.873477 57.195153),273292160_0,0 days 00:01:00,3.1104921264828283e-07,160.04087773156778,0.0,0,4.064902680645872,57.195153,11.873477
2025-01-14 05:16:01,2025-01-14 05:16:01,Class A,273292160_0,57.19223,11.875448,Under way using engine,0.0,11.2,159.8,165.0,9220641,UBGW3,LADY MARIIA,Cargo,No additional information,20.0,127.0,GPS,5.1,TO ORDER,17/01/2025 09:00:00,AIS,POINT (11.875448 57.19223),273292160_0,0 days 00:01:00,-6.356720017278335e-08,159.9298928788403,0.0,0,4.062030545912229,57.19223,11.875448
2025-01-14 05:32:00,2025-01-14 05:32:00,Class A,273292160_0,57.14535,11.90438,Under way using engine,0.0,11.1,161.8,165.0,9220641,UBGW3,LADY MARIIA,Cargo,No additional information,20.0,127.0,GPS,5.1,TO ORDER,17/01/2025 09:00:00,AIS,POINT (11.90438 57.14535),273292160_0,0 days 00:15:59,-3.715495022687715e-08,161.48771390882268,0.0,0,4.018625256237263,57.14535,11.90438
2025-01-14 05:33:00,2025-01-14 05:33:00,Class A,273292160_0,57.142443,11.9061,Under way using engine,0.0,11.1,162.0,166.0,9220641,UBGW3,LADY MARIIA,Cargo,No additional information,20.0,127.0,GPS,5.1,TO ORDER,17/01/2025 09:00:00,AIS,POINT (11.9061 57.142443),273292160_0,0 days 00:01:00,-1.2326976653514286e-06,162.20253364946007,0.0,0,4.016012728685629,57.142443,11.9061
2025-01-14 05:34:00,2025-01-14 05:34:00,Class A,273292160_0,57.139472,11.907817,Under way using engine,0.0,11.1,162.2,166.0,9220641,UBGW3,LADY MARIIA,Cargo,No additional information,20.0,127.0,GPS,5.1,TO ORDER,17/01/2025 09:00:00,AIS,POINT (11.907817 57.139472),273292160_0,0 days 00:01:00,1.8721079862947029e-06,162.58971256420557,0.0,0,4.013382265229789,57.139472,11.907817
2025-01-14 05:35:00,2025-01-14 05:35:00,Class A,273292160_0,57.136587,11.909678,Under way using engine,0.0,11.0,161.3,171.0,9220641,UBGW3,LADY MARIIA,Cargo,No additional information,20.0,127.0,GPS,5.1,TO ORDER,17/01/2025 09:00:00,AIS,POINT (11.909678 57.136587),273292160_0,0 days 00:01:00,-1.7602725894341117e-06,160.70810508442014,0.0,0,4.010647056651208,57.136587,11.909678
2025-01-14 05:36:00,2025-01-14 05:36:00,Class A,273292160_0,57.133757,11.911418,Under way using engine,0.0,10.9,161.6,166.0,9220641,UBGW3,LADY MARIIA,Cargo,No additional information,20.0,127.0,GPS,5.1,TO ORDER,17/01/2025 09:00:00,AIS,POINT (11.911418 57.133757),273292160_0,0 days 00:01:00,-2.2683407395302727e-06,161.54804654615725,0.0,0,4.008045426691794,57.133757,11.911418
2025-01-14 05:37:00,2025-01-14 05:37:00,Class A,273292160_0,57.130877,11.91318,Under way using engine,0.0,10.9,161.8,166.0,9220641,UBGW3,LADY MARIIA,Cargo,No additional information,20.0,127.0,GPS,5.1,TO ORDER,17/01/2025 09:00:00,AIS,POINT (11.91318 57.130877),273292160_0,0 days 00:01:00,1.58500622473168e-06,161.6316818594462,0.0,0,4.005407144641977,57.130877,11.91318
2025-01-14 05:38:00,2025-01-14 05:38:00,Class A,273292160_0,57.12801,11.914952,Under way using engine,0.0,10.9,161.6,166.0,9220641,UBGW3,LADY MARIIA,Cargo,No additional information,20.0,127.0,GPS,5.1,TO ORDER,17/01/2025 09:00:00,AIS,POINT (11.914952 57.12801),273292160_0,0 days 00:01:00,-3.273428027922096e-07,161.45513301860842,0.0,0,4.002764990106216,57.12801,11.914952
2025-01-14 05:43:00,2025-01-14 05:43:00,Class A,273292160_0,57.113677,11.923665,Under way using engine,0.0,11.0,161.4,169.0,9220641,UBGW3,LADY MARIIA,Cargo,No additional information,20.0,127.0,GPS,5.1,TO ORDER,17/01/2025 09:00:00,AIS,POINT (11.923665 57.113677),273292160_0,0 days 00:05:00,-3.3225993368380184e-08,161.73299226516747,0.0,0,3.9897097200315224,57.113677,11.923665
2025-01-14 05:48:00,2025-01-14 05:48:00,Class A,273292160_0,57.099347,11.932563,Under way using engine,0.0,10.8,161.7,171.0,9220641,UBGW3,LADY MARIIA,Cargo,No additional information,20.0,127.0,GPS,5.1,TO ORDER,17/01/2025 09:00:00,AIS,POINT (11.932563 57.099347),273292160_0,0 days 00:05:00,3.6649037817478024e-08,161.36129226606067,0.0,0,3.976509049335862,57.099347,11.932563
2025-01-14 05:49:00,2025-01-14 05:49:00,Class A,273292160_0,57.096493,11.934253,Under way using engine,0.0,10.9,162.1,171.0,9220641,UBGW3,LADY MARIIA,Cargo,No additional information,20.0,127.0,GPS,5.1,TO ORDER,17/01/2025 09:00:00,AIS,POINT (11.934253 57.096493),273292160_0,0 days 00:01:00,-8.233142631372421e-07,162.16840802358433,0.0,0,3.973960693336813,57.096493,11.934253
2025-01-14 05:50:00,2025-01-14 05:50:00,Class A,273292160_0,57.093585,11.935947,Under way using engine,0.0,10.9,162.4,170.0,9220641,UBGW3,LADY MARIIA,Cargo,No additional information,20.0,127.0,GPS,5.1,TO ORDER,17/01/2025 09:00:00,AIS,POINT (11.935947 57.093585),273292160_0,0 days 00:01:00,1.6122413273978477e-06,162.43888246155416,0.0,0,3.9713916553684285,57.093585,11.935947
2025-01-14 05:52:00,2025-01-14 05:52:00,Class A,273292160_0,57.087845,11.939425,Under way using engine,0.0,10.9,161.8,165.0,9220641,UBGW3,LADY MARIIA,Cargo,No additional information,20.0,127.0,GPS,5.1,TO ORDER,17/01/2025 09:00:00,AIS,POINT (11.939425 57.087845),273292160_0,0 days 00:02:00,-4.421290606277002e-07,161.77676153025072,0.0,0,3.9661976175700073,57.087845,11.939425
2025-01-14 05:53:00,2025-01-14 05:53:00,Class A,273292160_0,57.08499,11.941162,Under way using engine,0.0,10.8,161.5,170.0,9220641,UBGW3,LADY MARIIA,Cargo,No additional information,20.0,127.0,GPS,5.1,TO ORDER,17/01/2025 09:00:00,AIS,POINT (11.941162 57.08499),273292160_0,0 days 00:01:00,-4.5012753224511065e-07,161.7058061544244,0.0,0,3.963609184225911,57.08499,11.941162
2025-01-14 05:54:00,2025-01-14 05:54:00,Class A,273292160_0,57.082115,11.942835,Under way using engine,0.0,10.9,162.1,171.0,9220641,UBGW3,LADY MARIIA,Cargo,No additional information,20.0,127.0,GPS,5.1,TO ORDER,17/01/2025 09:00:00,AIS,POINT (11.942835 57.082115),273292160_0,0 days 00:01:00,2.569186026800165e-07,162.45127359672256,0.0,0,3.9610756013459274,57.082115,11.942835
2025-01-14 06:16:00,2025-01-14 06:16:00,Class A,273292160_0,57.019805,11.979565,Under way using engine,0.0,10.8,160.9,170.0,9220641,UBGW3,LADY MARIIA,Cargo,No additional information,20.0,127.0,GPS,5.1,TO ORDER,17/01/2025 09:00:00,AIS,POINT (11.979565 57.019805),273292160_0,0 days 00:22:00,-5.771879682810661e-08,162.2082369823039,0.0,0,3.9060112487981904,57.019805,11.979565
2025-01-14 06:17:00,2025-01-14 06:17:00,Class A,273292160_0,57.017012,11.981345,Under way using engine,0.0,10.8,161.1,169.0,9220641,UBGW3,LADY MARIIA,Cargo,No additional information,20.0,127.0,GPS,5.1,TO ORDER,17/01/2025 09:00:00,AIS,POINT (11.981345 57.017012),273292160_0,0 days 00:01:00,-5.537784747655505e-07,160.86601667922366,0.0,0,3.9034296626055665,57.017012,11.981345
2025-01-14 06:18:00,2025-01-14 06:18:00,Class A,273292160_0,57.014223,11.983088,Under way using engine,0.0,10.8,161.3,164.0,9220641,UBGW3,LADY MARIIA,Cargo,No additional information,20.0,127.0,GPS,5.1,TO ORDER,17/01/2025 09:00:00,AIS,POINT (11.983088 57.014223),273292160_0,0 days 00:01:00,-3.19532561935089e-07,161.20931581845832,0.0,0,3.9008855152927775,57.014223,11.983088
2025-01-14 06:19:00,2025-01-14 06:19:00,Class A,273292160_0,57.011432,11.984805,Under way using engine,0.0,10.8,161.5,169.0,9220641,UBGW3,LADY MARIIA,Cargo,No additional information,20.0,127.0,GPS,5.1,TO ORDER,17/01/2025 09:00:00,AIS,POINT (11.984805 57.011432),273292160_0,0 days 00:01:00,-8.131557529673522e-08,161.48142407097885,0.0,0,3.8983664817650223,57.011432,11.984805
2025-01-14 06:46:00,2025-01-14 06:46:00,Class A,273292160_0,56.935533,12.032975,Under way using engine,0.0,10.8,161.9,164.0,9220641,UBGW3,LADY MARIIA,Cargo,No additional information,20.0,127.0,GPS,5.1,TO ORDER,17/01/2025 09:00:00,AIS,POINT (12.032975 56.935533),273292160_0,0 days 00:27:00,3.5661776599680414e-08,160.89896925351218,0.0,0,3.8288959954234842,56.935533,12.032975
2025-01-14 06:47:00,2025-01-14 06:47:00,Class A,273292160_0,56.93268,12.034732,Under way using engine,0.0,10.8,161.7,165.0,9220641,UBGW3,LADY MARIIA,Cargo,No additional information,20.0,127.0,GPS,5.1,TO ORDER,17/01/2025 09:00:00,AIS,POINT (12.034732 56.93268),273292160_0,0 days 00:01:00,1.0890080140528273e-06,161.4266118617336,0.0,0,3.826352356472152,56.93268,12.034732
2025-01-14 06:48:00,2025-01-14 06:48:00,Class A,273292160_0,56.929838,12.03647,Under way using engine,0.0,10.8,161.5,165.0,9220641,UBGW3,LADY MARIIA,Cargo,No additional information,20.0,127.0,GPS,5.1,TO ORDER,17/01/2025 09:00:00,AIS,POINT (12.03647 56.929838),273292160_0,0 days 00:01:00,-4.2412092057582106e-07,161.54622759866152,0.0,0,3.823831407549239,56.929838,12.03647
2025-01-14 06:49:00,2025-01-14 06:49:00,Class A,273292160_0,56.927008,12.038172,Under way using engine,0.0,10.7,161.8,171.0,9220641,UBGW3,LADY MARIIA,Cargo,No additional information,20.0,127.0,GPS,5.1,TO ORDER,17/01/2025 09:00:00,AIS,POINT (12.038172 56.927008),273292160_0,0 days 00:01:00,-5.4331111578964e-07,161.8303260257046,0.0,0,3.8213496437243224,56.927008,12.038172
2025-01-14 06:50:00,2025-01-14 06:50:00,Class A,273292160_0,56.924192,12.039898,Under way using engine,0.0,10.7,161.9,166.0,9220641,UBGW3,LADY MARIIA,Cargo,No additional information,20.0,127.0,GPS,5.1,TO ORDER,17/01/2025 09:00:00,AIS,POINT (12.039898 56.924192),273292160_0,0 days 00:01:00,-2.824442108744664e-07,161.5046669403348,0.0,0,3.8188504970605996,56.924192,12.039898
2025-01-14 06:51:00,2025-01-14 06:51:00,Class A,273292160_0,56.921365,12.041442,Under way using engine,0.0,10.7,163.4,171.0,9220641,UBGW3,LADY MARIIA,Cargo,No additional information,20.0,127.0,GPS,5.1,TO ORDER,17/01/2025 09:00:00,AIS,POINT (12.041442 56.921365),273292160_0,0 days 00:01:00,-6.049460863750388e-07,163.40118020582827,0.0,0,3.8165227083229833,56.921365,12.041442
2025-01-14 06:52:00,2025-01-14 06:52:00,Class A,273292160_0,56.918513,12.04306,Under way using engine,0.0,10.7,163.2,172.0,9220641,UBGW3,LADY MARIIA,Cargo,No additional information,20.0,127.0,GPS,5.1,TO ORDER,17/01/2025 09:00:00,AIS,POINT (12.04306 56.918513),273292160_0,0 days 00:01:00,1.104977942809913e-06,162.79419356495123,0.0,0,3.814118124369641,56.918513,12.04306
2025-01-14 06:53:00,2025-01-14 06:53:00,Class A,273292160_0,56.91564,12.044557,Under way using engine,0.0,10.7,164.2,172.0,9220641,UBGW3,LADY MARIIA,Cargo,No additional information,20.0,127.0,GPS,5.1,TO ORDER,17/01/2025 09:00:00,AIS,POINT (12.044557 56.91564),273292160_0,0 days 00:01:00,3.926369364643199e-08,164.1225205485448,0.0,0,3.8118238815250907,56.91564,12.044557
2025-01-14 06:54:00,2025-01-14 06:54:00,Class A,273292160_0,56.912815,12.046028,Under way using engine,0.0,10.7,164.2,173.0,9220641,UBGW3,LADY MARIIA,Cargo,No additional information,20.0,127.0,GPS,5.1,TO ORDER,17/01/2025 09:00:00,AIS,POINT (12.046028 56.912815),273292160_0,0 days 00:01:00,-1.548003532873387e-06,164.1315136553851,0.0,0,3.8095702516306225,56.912815,12.046028
2025-01-14 06:55:00,2025-01-14 06:55:00,Class A,273292160_0,56.909975,12.047498,Under way using engine,0.0,10.6,163.9,171.0,9220641,UBGW3,LADY MARIIA,Cargo,No additional information,20.0,127.0,GPS,5.1,TO ORDER,17/01/2025 09:00:00,AIS,POINT (12.047498 56.909975),273292160_0,0 days 00:01:00,4.4219770107867666e-07,164.22019535115726,0.0,0,3.8073144004362196,56.909975,12.047498
2025-01-14 06:56:00,2025-01-14 06:56:00,Class A,273292160_0,56.907152,12.049,Under way using engine,0.0,10.6,164.2,172.0,9220641,UBGW3,LADY MARIIA,Cargo,No additional information,20.0,127.0,GPS,5.1,TO ORDER,17/01/2025 09:00:00,AIS,POINT (12.049 56.907152),273292160_0,0 days 00:01:00,-3.555231306353983e-07,163.8012469571081,0.0,0,3.805034468188693,56.907152,12.049
2025-01-14 06:57:00,2025-01-14 06:57:00,Class A,273292160_0,56.904337,12.050523,Under way using engine,0.0,10.6,163.6,172.0,9220641,UBGW3,LADY MARIIA,Cargo,No additional information,20.0,127.0,GPS,5.1,TO ORDER,17/01/2025 09:00:00,AIS,POINT (12.050523 56.904337),273292160_0,0 days 00:01:00,-1.3684305455073769e-07,163.54157825051198,0.0,0,3.8027382142674497,56.904337,12.050523
2025-01-14 06:58:00,2025-01-14 06:58:00,Class A,273292160_0,56.901502,12.052017,Under way using engine,0.0,10.7,164.0,172.0,9220641,UBGW3,LADY MARIIA,Cargo,No additional information,20.0,127.0,GPS,5.1,TO ORDER,17/01/2025 09:00:00,AIS,POINT (12.052017 56.901502),273292160_0,0 days 00:01:00,4.566896735655323e-07,163.94543043945237,0.0,0,3.800464970758316,56.901502,12.052017
2025-01-14 06:59:00,2025-01-14 06:59:00,Class A,273292160_0,56.89867,12.053548,Under way using engine,0.0,10.7,163.5,172.0,9220641,UBGW3,LADY MARIIA,Cargo,No additional information,20.0,127.0,GPS,5.1,TO ORDER,17/01/2025 09:00:00,AIS,POINT (12.053548 56.89867),273292160_0,0 days 00:01:00,8.700703759078298e-08,163.55138533858394,0.0,0,3.798158647208409,56.89867,12.053548
2025-01-14 07:00:00,2025-01-14 07:00:00,Class A,273292160_0,56.895847,12.055037,Under way using engine,0.0,10.7,163.9,168.0,9220641,UBGW3,LADY MARIIA,Cargo,No additional information,20.0,127.0,GPS,5.1,TO ORDER,17/01/2025 09:00:00,AIS,POINT (12.055037 56.895847),273292160_0,0 days 00:01:00,-4.6613281377708496e-07,163.9295742069628,0.0,0,3.7958964283481182,56.895847,12.055037
2025-01-14 07:01:00,2025-01-14 07:01:00,Class A,273292160_0,56.893005,12.056458,Under way using engine,0.0,10.6,164.6,174.0,9220641,UBGW3,LADY MARIIA,Cargo,No additional information,20.0,127.0,GPS,5.1,TO ORDER,17/01/2025 09:00:00,AIS,POINT (12.056458 56.893005),273292160_0,0 days 00:01:00,2.5472621444441964e-07,164.72485185320102,0.0,0,3.793694834992531,56.893005,12.056458
2025-01-14 07:02:00,2025-01-14 07:02:00,Class A,273292160_0,56.890207,12.057935,Under way using engine,0.0,10.6,164.1,175.0,9220641,UBGW3,LADY MARIIA,Cargo,No additional information,20.0,127.0,GPS,5.1,TO ORDER,17/01/2025 09:00:00,AIS,POINT (12.057935 56.890207),273292160_0,0 days 00:01:00,-1.0530726857481815e-06,163.91502161991025,0.0,0,3.7914541846096452,56.890207,12.057935
2025-01-14 07:03:00,2025-01-14 07:03:00,Class A,273292160_0,56.88738,12.059237,Under way using engine,0.0,10.5,165.6,176.0,9220641,UBGW3,LADY MARIIA,Cargo,No additional information,20.0,127.0,GPS,5.1,TO ORDER,17/01/2025 09:00:00,AIS,POINT (12.059237 56.88738),273292160_0,0 days 00:01:00,9.293451310568983e-08,165.87763264616297,0.0,0,3.789373438108865,56.88738,12.059237
2025-01-14 07:04:00,2025-01-14 07:04:00,Class A,273292160_0,56.88455,12.060528,Under way using engine,0.0,10.5,165.7,176.0,9220641,UBGW3,LADY MARIIA,Cargo,No additional information,20.0,127.0,GPS,5.1,TO ORDER,17/01/2025 09:00:00,AIS,POINT (12.060528 56.88455),273292160_0,0 days 00:01:00,4.504621660523199e-08,166.0054773749506,0.0,0,3.7873037301283343,56.88455,12.060528
2025-01-14 07:05:00,2025-01-14 07:05:00,Class A,273292160_0,56.88171,12.061818,Under way using engine,0.0,10.5,166.2,170.0,9220641,UBGW3,LADY MARIIA,Cargo,No additional information,20.0,127.0,GPS,5.1,TO ORDER,17/01/2025 09:00:00,AIS,POINT (12.061818 56.88171),273292160_0,0 days 00:01:00,2.964152746945999e-07,166.06219151816936,0.0,0,3.7852334556145926,56.88171,12.061818
2025-01-14 07:22:00,2025-01-14 07:22:00,Class A,273292160_0,56.834272,12.082702,Under way using engine,0.0,10.2,166.3,170.0,9220641,UBGW3,LADY MARIIA,Cargo,No additional information,20.0,127.0,GPS,5.1,TO ORDER,17/01/2025 09:00:00,AIS,POINT (12.082702 56.834272),273292160_0,0 days 00:17:00,-1.019405835258352e-07,166.4584158333755,0.0,0,3.762534244482699,56.834272,12.082702
2025-01-14 07:23:00,2025-01-14 07:23:00,Class A,273292160_0,56.831518,12.08384,Under way using engine,0.0,10.2,167.4,171.0,9220641,UBGW3,LADY MARIIA,Cargo,No additional information,20.0,127.0,GPS,5.1,TO ORDER,17/01/2025 09:00:00,AIS,POINT (12.08384 56.831518),273292160_0,0 days 00:01:00,-1.4449922629669135e-06,167.26113053656945,0.0,0,3.7640545833891674,56.831518,12.08384
2025-01-14 07:24:00,2025-01-14 07:24:00,Class A,273292160_0,56.828718,12.085023,Under way using engine,0.0,10.3,166.8,171.0,9220641,UBGW3,LADY MARIIA,Cargo,No additional information,20.0,127.0,GPS,5.1,TO ORDER,17/01/2025 09:00:00,AIS,POINT (12.085023 56.828718),273292160_0,0 days 00:01:00,1.5576480266502857e-06,166.98365469833243,0.0,0,3.7656278253956526,56.828718,12.085023
2025-01-14 07:25:00,2025-01-14 07:25:00,Class A,273292160_0,56.825938,12.086105,Under way using engine,0.0,10.2,167.7,171.0,9220641,UBGW3,LADY MARIIA,Cargo,No additional information,20.0,127.0,GPS,5.1,TO ORDER,17/01/2025 09:00:00,AIS,POINT (12.086105 56.825938),273292160_0,0 days 00:01:00,-9.756384072923726e-07,167.97737949814928,0.0,0,3.7671000315279652,56.825938,12.086105
2025-01-14 07:26:00,2025-01-14 07:26:00,Class A,273292160_0,56.823143,12.087233,Under way using engine,0.0,10.3,167.6,171.0,9220641,UBGW3,LADY MARIIA,Cargo,No additional information,20.0,127.0,GPS,5.1,TO ORDER,16/01/2025 09:00:00,AIS,POINT (12.087233 56.823143),273292160_0,0 days 00:01:00,6.19351027639677e-07,167.54622679795784,0.0,0,3.768621716645091,56.823143,12.087233
2025-01-14 07:27:00,2025-01-14 07:27:00,Class A,273292160_0,56.820372,12.088472,Under way using engine,0.0,10.2,166.3,171.0,9220641,UBGW3,LADY MARIIA,Cargo,No additional information,20.0,127.0,GPS,5.1,TO ORDER,16/01/2025 09:00:00,AIS,POINT (12.088472 56.820372),273292160_0,0 days 00:01:00,-2.951213467281347e-07,166.24991648274238,0.0,0,3.7702514978930775,56.820372,12.088472
2025-01-14 07:28:00,2025-01-14 07:28:00,Class A,273292160_0,56.817608,12.089697,Under way using engine,0.0,10.2,165.9,170.0,9220641,UBGW3,LADY MARIIA,Cargo,No additional information,20.0,127.0,GPS,5.1,TO ORDER,17/01/2025 09:00:00,AIS,POINT (12.089697 56.817608),273292160_0,0 days 00:01:00,-2.6633893656379375e-07,166.36535493160022,0.0,0,3.7718681416520905,56.817608,12.089697
2025-01-14 07:29:00,2025-01-14 07:29:00,Class A,273292160_0,56.814817,12.090852,Under way using engine,0.0,10.2,166.5,170.0,9220641,UBGW3,LADY MARIIA,Cargo,No additional information,20.0,127.0,GPS,5.1,TO ORDER,17/01/2025 09:00:00,AIS,POINT (12.090852 56.814817),273292160_0,0 days 00:01:00,5.417106479251958e-07,167.2373468168389,0.0,0,3.773421262615665,56.814817,12.090852
2025-01-14 07:30:00,2025-01-14 07:30:00,Class A,273292160_0,56.812042,12.092013,Under way using engine,0.0,10.2,167.1,177.0,9220641,UBGW3,LADY MARIIA,Cargo,No additional information,20.0,127.0,GPS,5.1,TO ORDER,17/01/2025 09:00:00,AIS,POINT (12.092013 56.812042),273292160_0,0 days 00:01:00,-4.595792132772314e-07,167.1008219955679,0.0,0,3.7749797246070074,56.812042,12.092013
2025-01-14 07:31:00,2025-01-14 07:31:00,Class A,273292160_0,56.809242,12.09313,Under way using engine,0.0,10.3,167.4,177.0,9220641,UBGW3,LADY MARIIA,Cargo,No additional information,20.0,127.0,GPS,5.1,TO ORDER,17/01/2025 09:00:00,AIS,POINT (12.09313 56.809242),273292160_0,0 days 00:01:00,5.916003091082275e-07,167.68086363683938,0.0,0,3.7765001505882405,56.809242,12.09313
2025-01-14 07:32:00,2025-01-14 07:32:00,Class A,273292160_0,56.806397,12.094272,Under way using engine,0.0,10.4,167.3,171.0,9220641,UBGW3,LADY MARIIA,Cargo,No additional information,20.0,127.0,GPS,5.1,TO ORDER,16/01/2025 09:00:00,AIS,POINT (12.094272 56.806397),273292160_0,0 days 00:01:00,1.450802946983155e-06,167.60580485144692,0.0,0,3.778053817938543,56.806397,12.094272
2025-01-14 07:33:00,2025-01-14 07:33:00,Class A,273292160_0,56.803567,12.095412,Under way using engine,0.0,10.4,167.6,170.0,9220641,UBGW3,LADY MARIIA,Cargo,No additional information,20.0,127.0,GPS,5.1,TO ORDER,16/01/2025 09:00:00,AIS,POINT (12.095412 56.803567),273292160_0,0 days 00:01:00,-4.60126849255261e-07,167.56238548620513,0.0,0,3.7796051024862365,56.803567,12.095412
2025-01-14 07:45:00,2025-01-14 07:45:00,Class A,273292160_0,56.769625,12.109977,Under way using engine,0.0,10.6,166.7,173.0,9220641,UBGW3,LADY MARIIA,Cargo,No additional information,20.0,127.0,GPS,5.1,TO ORDER,17/01/2025 09:00:00,AIS,POINT (12.109977 56.769625),273292160_0,0 days 00:12:00,1.9603866277808342e-08,166.76657338515236,0.0,0,3.7992332290530686,56.769625,12.109977
2025-01-14 07:46:00,2025-01-14 07:46:00,Class A,273292160_0,56.76676,12.111292,Under way using engine,0.0,10.5,165.4,172.0,9220641,UBGW3,LADY MARIIA,Cargo,No additional information,20.0,127.0,GPS,5.1,TO ORDER,16/01/2025 09:00:00,AIS,POINT (12.111292 56.76676),273292160_0,0 days 00:01:00,1.5064026870661185e-06,165.88029911080548,0.0,0,3.800986298694196,56.76676,12.111292
2025-01-14 08:17:01,2025-01-14 08:17:01,Class A,273292160_0,56.678473,12.153675,Under way using engine,0.0,10.4,165.0,173.0,9220641,UBGW3,LADY MARIIA,Cargo,No additional information,20.0,127.0,GPS,5.1,TO ORDER,16/01/2025 09:00:00,AIS,POINT (12.153675 56.678473),273292160_0,0 days 00:31:01,-1.0679454102990498e-08,165.2254709011986,0.0,0,3.8577112251246852,56.678473,12.153675
2025-01-14 08:18:01,2025-01-14 08:18:01,Class A,273292160_0,56.675683,12.155007,Under way using engine,0.0,10.4,165.0,173.0,9220641,UBGW3,LADY MARIIA,Cargo,No additional information,20.0,127.0,GPS,5.1,TO ORDER,16/01/2025 09:00:00,AIS,POINT (12.155007 56.675683),273292160_0,0 days 00:01:00,-1.8310417560933428e-06,165.30326850268216,0.0,0,3.8595234880830813,56.675683,12.155007
2025-01-14 08:19:01,2025-01-14 08:19:01,Class A,273292160_0,56.672898,12.156287,Under way using engine,0.0,10.3,166.0,168.0,9220641,UBGW3,LADY MARIIA,Cargo,No additional information,20.0,127.0,GPS,5.1,TO ORDER,16/01/2025 09:00:00,AIS,POINT (12.156287 56.672898),273292160_0,0 days 00:01:00,-3.7051573829557406e-07,165.82816495030647,0.0,0,3.86128532923559,56.672898,12.156287
2025-01-14 08:20:01,2025-01-14 08:20:01,Class A,273292160_0,56.670095,12.157502,Under way using engine,0.0,10.3,166.2,167.0,9220641,UBGW3,LADY MARIIA,Cargo,No additional information,20.0,127.0,GPS,5.1,TO ORDER,16/01/2025 09:00:00,AIS,POINT (12.157502 56.670095),273292160_0,0 days 00:01:00,2.7678822369686834e-07,166.60337960276956,0.0,0,3.862988146243266,56.670095,12.157502
2025-01-14 08:21:01,2025-01-14 08:21:01,Class A,273292160_0,56.66729,12.158767,Under way using engine,0.0,10.3,166.3,168.0,9220641,UBGW3,LADY MARIIA,Cargo,No additional information,20.0,127.0,GPS,5.1,TO ORDER,16/01/2025 09:00:00,AIS,POINT (12.158767 56.66729),273292160_0,0 days 00:01:00,2.618781770046362e-07,166.0816849899643,0.0,0,3.864742155563032,56.66729,12.158767
2025-01-14 08:22:01,2025-01-14 08:22:01,Class A,273292160_0,56.664505,12.159933,Under way using engine,0.0,10.3,167.0,173.0,9220641,UBGW3,LADY MARIIA,Cargo,No additional information,20.0,127.0,GPS,5.1,TO ORDER,16/01/2025 09:00:00,AIS,POINT (12.159933 56.664505),273292160_0,0 days 00:01:00,-9.939201056491666e-07,167.04302530442146,0.0,0,3.866396830089354,56.664505,12.159933
2025-01-14 08:27:00,2025-01-14 08:27:00,Class A,273292160_0,56.650493,12.166268,Under way using engine,0.0,10.4,166.3,166.0,9220641,UBGW3,LADY MARIIA,Cargo,No additional information,20.0,127.0,GPS,5.1,TO ORDER,17/01/2025 09:00:00,AIS,POINT (12.166268 56.650493),273292160_0,0 days 00:04:59,2.4566815578705437e-07,166.04201079289965,0.0,0,3.8752072625788685,56.650493,12.166268
2025-01-14 08:28:00,2025-01-14 08:28:00,Class A,273292160_0,56.647602,12.167533,Under way using engine,0.0,10.4,166.6,172.0,9220641,UBGW3,LADY MARIIA,Cargo,No additional information,20.0,127.0,GPS,5.1,TO ORDER,17/01/2025 09:00:00,AIS,POINT (12.167533 56.647602),273292160_0,0 days 00:01:00,2.355978473274533e-06,166.47350015014774,0.0,0,3.8769888395807905,56.647602,12.167533
2025-01-14 08:29:00,2025-01-14 08:29:00,Class A,273292160_0,56.644772,12.16878,Under way using engine,0.0,10.4,166.6,172.0,9220641,UBGW3,LADY MARIIA,Cargo,No additional information,20.0,127.0,GPS,5.1,TO ORDER,16/01/2025 09:00:00,AIS,POINT (12.16878 56.644772),273292160_0,0 days 00:01:00,-1.9057062994071316e-06,166.38110022087835,0.0,0,3.8787430570499244,56.644772,12.16878
2025-01-14 08:30:00,2025-01-14 08:30:00,Class A,273292160_0,56.641937,12.169968,Under way using engine,0.0,10.6,166.6,165.0,9220641,UBGW3,LADY MARIIA,Cargo,No additional information,20.0,127.0,GPS,5.1,TO ORDER,16/01/2025 09:00:00,AIS,POINT (12.169968 56.641937),273292160_0,0 days 00:01:00,-8.08838096873875e-08,167.024274705297,0.0,0,3.880441937669472,56.641937,12.169968
2025-01-14 08:31:00,2025-01-14 08:31:00,Class A,273292160_0,56.639068,12.171307,Under way using engine,0.0,10.6,165.8,165.0,9220641,UBGW3,LADY MARIIA,Cargo,No additional information,20.0,127.0,GPS,5.1,TO ORDER,17/01/2025 09:00:00,AIS,POINT (12.171307 56.639068),273292160_0,0 days 00:01:00,1.6321670012370947e-06,165.60563661868957,0.0,0,3.8822972113492287,56.639068,12.171307
2025-01-14 08:32:00,2025-01-14 08:32:00,Class A,273292160_0,56.636258,12.172645,Under way using engine,0.0,10.4,165.3,171.0,9220641,UBGW3,LADY MARIIA,Cargo,No additional information,20.0,127.0,GPS,5.1,TO ORDER,17/01/2025 09:00:00,AIS,POINT (12.172645 56.636258),273292160_0,0 days 00:01:00,-1.7702318100317726e-06,165.32578779919527,0.0,0,3.8841420311592616,56.636258,12.172645
2025-01-14 08:33:00,2025-01-14 08:33:00,Class A,273292160_0,56.63349,12.173963,Under way using engine,0.0,10.3,165.5,170.0,9220641,UBGW3,LADY MARIIA,Cargo,No additional information,20.0,127.0,GPS,5.1,TO ORDER,17/01/2025 09:00:00,AIS,POINT (12.173963 56.63349),273292160_0,0 days 00:01:00,-1.3427215958518892e-06,165.32477336873296,0.0,0,3.885960856525706,56.63349,12.173963
2025-01-14 08:41:00,2025-01-14 08:41:00,Class A,273292160_0,56.610927,12.184215,Under way using engine,0.0,10.5,165.6,166.0,9220641,UBGW3,LADY MARIIA,Cargo,No additional information,20.0,127.0,GPS,5.1,TO ORDER,17/01/2025 09:00:00,AIS,POINT (12.184215 56.610927),273292160_0,0 days 00:08:00,1.7704696789684115e-07,165.96076502856954,0.0,0,3.9003629395830592,56.610927,12.184215
2025-01-14 08:42:00,2025-01-14 08:42:00,Class A,273292160_0,56.608093,12.1856,Under way using engine,0.0,10.5,165.2,165.0,9220641,UBGW3,LADY MARIIA,Cargo,No additional information,20.0,127.0,GPS,5.1,TO ORDER,17/01/2025 09:00:00,AIS,POINT (12.1856 56.608093),273292160_0,0 days 00:01:00,8.537952456602171e-07,164.945564870991,0.0,0,3.902274695385758,56.608093,12.1856
2025-01-14 08:43:00,2025-01-14 08:43:00,Class A,273292160_0,56.605252,12.186957,Under way using engine,0.0,10.5,165.2,166.0,9220641,UBGW3,LADY MARIIA,Cargo,No additional information,20.0,127.0,GPS,5.1,TO ORDER,16/01/2025 09:00:00,AIS,POINT (12.186957 56.605252),273292160_0,0 days 00:01:00,8.665197606820956e-08,165.27022793727633,0.0,0,3.9041619814871917,56.605252,12.186957
2025-01-14 08:44:00,2025-01-14 08:44:00,Class A,273292160_0,56.60242,12.188272,Under way using engine,0.0,10.4,165.3,165.0,9220641,UBGW3,LADY MARIIA,Cargo,No additional information,20.0,127.0,GPS,5.1,TO ORDER,16/01/2025 09:00:00,AIS,POINT (12.188272 56.60242),273292160_0,0 days 00:01:00,-4.4919288689143516e-07,165.66258488753488,0.0,0,3.9060079436300423,56.60242,12.188272
2025-01-14 08:45:00,2025-01-14 08:45:00,Class A,273292160_0,56.599615,12.189607,Under way using engine,0.0,10.4,165.2,166.0,9220641,UBGW3,LADY MARIIA,Cargo,No additional information,20.0,127.0,GPS,5.1,TO ORDER,16/01/2025 09:00:00,AIS,POINT (12.189607 56.599615),273292160_0,0 days 00:01:00,-7.223795844257172e-07,165.31866967564542,0.0,0,3.9078698025754393,56.599615,12.189607
2025-01-14 08:46:00,2025-01-14 08:46:00,Class A,273292160_0,56.596795,12.19092,Under way using engine,0.0,10.4,165.5,165.0,9220641,UBGW3,LADY MARIIA,Cargo,No additional information,20.0,127.0,GPS,5.1,TO ORDER,16/01/2025 09:00:00,AIS,POINT (12.19092 56.596795),273292160_0,0 days 00:01:00,3.551145849965282e-07,165.6230402866256,0.0,0,3.9097146508260674,56.596795,12.19092
2025-01-14 09:26:00,2025-01-14 09:26:00,Class A,273292160_0,56.487772,12.243503,Under way using engine,0.0,10.0,166.8,176.0,9220641,UBGW3,LADY MARIIA,Cargo,No additional information,20.0,127.0,GPS,5.1,TO ORDER,17/01/2025 09:00:00,AIS,POINT (12.243503 56.487772),273292160_0,0 days 00:40:00,-7.027905832135952e-08,165.08721181171393,0.0,0,3.984021687430178,56.487772,12.243503
2025-01-14 09:27:00,2025-01-14 09:27:00,Class A,273292160_0,56.485107,12.244662,Under way using engine,0.0,10.0,166.5,176.0,9220641,UBGW3,LADY MARIIA,Cargo,No additional information,20.0,127.0,GPS,5.1,TO ORDER,17/01/2025 09:00:00,AIS,POINT (12.244662 56.485107),273292160_0,0 days 00:01:00,-2.4631761840904237e-06,166.49720365523262,0.0,0,3.985743560090137,56.485107,12.244662
2025-01-14 09:28:00,2025-01-14 09:28:00,Class A,273292160_0,56.48244,12.24576,Under way using engine,0.0,9.9,167.2,170.0,9220641,UBGW3,LADY MARIIA,Cargo,No additional information,20.0,127.0,GPS,5.1,TO ORDER,17/01/2025 09:00:00,AIS,POINT (12.24576 56.48244),273292160_0,0 days 00:01:00,-1.7754106103825124e-07,167.19221761847143,0.0,0,3.987407788158744,56.48244,12.24576
2025-01-14 09:29:00,2025-01-14 09:29:00,Class A,273292160_0,56.479737,12.246862,Under way using engine,0.0,10.0,167.2,170.0,9220641,UBGW3,LADY MARIIA,Cargo,No additional information,20.0,127.0,GPS,5.1,TO ORDER,17/01/2025 09:00:00,AIS,POINT (12.246862 56.479737),273292160_0,0 days 00:01:00,1.10134575537531e-06,167.31183683110498,0.0,0,3.989085352411001,56.479737,12.246862
2025-01-14 09:30:00,2025-01-14 09:30:00,Class A,273292160_0,56.477068,12.247923,Under way using engine,0.0,9.9,167.4,169.0,9220641,UBGW3,LADY MARIIA,Cargo,No additional information,20.0,127.0,GPS,5.1,TO ORDER,17/01/2025 09:00:00,AIS,POINT (12.247923 56.477068),273292160_0,0 days 00:01:00,-1.1788356593917867e-06,167.6175605979414,0.0,0,3.99071677007953,56.477068,12.247923
2025-01-14 09:31:00,2025-01-14 09:31:00,Class A,273292160_0,56.474373,12.249008,Under way using engine,0.0,9.9,167.7,170.0,9220641,UBGW3,LADY MARIIA,Cargo,No additional information,20.0,127.0,GPS,5.1,TO ORDER,17/01/2025 09:00:00,AIS,POINT (12.249008 56.474373),273292160_0,0 days 00:01:00,8.742324289006189e-07,167.46372864299622,0.0,0,3.9923788152458677,56.474373,12.249008
2025-01-14 09:32:00,2025-01-14 09:32:00,Class A,273292160_0,56.471693,12.250175,Under way using engine,0.0,9.9,166.2,168.0,9220641,UBGW3,LADY MARIIA,Cargo,No additional information,20.0,127.0,GPS,5.1,TO ORDER,16/01/2025 09:00:00,AIS,POINT (12.250175 56.471693),273292160_0,0 days 00:01:00,-1.3460974139308141e-07,166.4761214895833,0.0,0,3.994118795901419,56.471693,12.250175
2025-01-14 09:33:00,2025-01-14 09:33:00,Class A,273292160_0,56.469015,12.251413,Under way using engine,0.0,9.9,165.5,167.0,9220641,UBGW3,LADY MARIIA,Cargo,No additional information,20.0,127.0,GPS,5.1,TO ORDER,16/01/2025 09:00:00,AIS,POINT (12.251413 56.469015),273292160_0,0 days 00:01:00,2.3333906042495172e-07,165.67500905849295,0.0,0,3.995928871592311,56.469015,12.251413
2025-01-14 09:34:00,2025-01-14 09:34:00,Class A,273292160_0,56.466357,12.252667,Under way using engine,0.0,9.9,165.4,167.0,9220641,UBGW3,LADY MARIIA,Cargo,No additional information,20.0,127.0,GPS,5.1,TO ORDER,16/01/2025 09:00:00,AIS,POINT (12.252667 56.466357),273292160_0,0 days 00:01:00,-5.300241130414141e-07,165.39218054040305,0.0,0,3.99775136207406,56.466357,12.252667
2025-01-14 09:35:00,2025-01-14 09:35:00,Class A,273292160_0,56.463697,12.253945,Under way using engine,0.0,9.9,165.0,168.0,9220641,UBGW3,LADY MARIIA,Cargo,No additional information,20.0,127.0,GPS,5.1,TO ORDER,16/01/2025 09:00:00,AIS,POINT (12.253945 56.463697),273292160_0,0 days 00:01:00,1.6489862356414026e-07,165.13458365502186,0.0,0,3.999599009397441,56.463697,12.253945
2025-01-14 09:36:00,2025-01-14 09:36:00,Class A,273292160_0,56.461075,12.255192,Under way using engine,0.0,9.9,165.6,168.0,9220641,UBGW3,LADY MARIIA,Cargo,No additional information,20.0,127.0,GPS,5.1,TO ORDER,17/01/2025 09:00:00,AIS,POINT (12.255192 56.461075),273292160_0,0 days 00:01:00,-1.2716995231123497e-06,165.27742047345555,0.0,0,4.001409148092206,56.461075,12.255192
2025-01-14 09:37:00,2025-01-14 09:37:00,Class A,273292160_0,56.458392,12.256428,Under way using engine,0.0,9.9,165.3,173.0,9220641,UBGW3,LADY MARIIA,Cargo,No additional information,20.0,127.0,GPS,5.1,TO ORDER,17/01/2025 09:00:00,AIS,POINT (12.256428 56.458392),273292160_0,0 days 00:01:00,1.779514400526141e-06,165.7189339298344,0.0,0,4.003223774943013,56.458392,12.256428
2025-01-14 09:38:00,2025-01-14 09:38:00,Class A,273292160_0,56.45575,12.257772,Under way using engine,0.0,9.9,164.7,168.0,9220641,UBGW3,LADY MARIIA,Cargo,No additional information,20.0,127.0,GPS,5.1,TO ORDER,17/01/2025 09:00:00,AIS,POINT (12.257772 56.45575),273292160_0,0 days 00:01:00,-7.451993657014352e-07,164.2992366814433,0.0,0,4.005135524985514,56.45575,12.257772
2025-01-14 09:39:00,2025-01-14 09:39:00,Class A,273292160_0,56.453112,12.258977,Under way using engine,0.0,9.9,165.6,168.0,9220641,UBGW3,LADY MARIIA,Cargo,No additional information,20.0,127.0,GPS,5.1,TO ORDER,17/01/2025 09:00:00,AIS,POINT (12.258977 56.453112),273292160_0,0 days 00:01:00,-7.338936680678729e-07,165.8328483092057,0.0,0,4.00691233805907,56.453112,12.258977
2025-01-14 09:40:00,2025-01-14 09:40:00,Class A,273292160_0,56.45043,12.260188,Under way using engine,0.0,9.9,165.8,167.0,9220641,UBGW3,LADY MARIIA,Cargo,No additional information,20.0,127.0,GPS,5.1,TO ORDER,17/01/2025 09:00:00,AIS,POINT (12.260188 56.45043),273292160_0,0 days 00:01:00,1.345230124000244e-06,165.9884784552794,0.0,0,4.008706409270327,56.45043,12.260188
2025-01-14 09:41:00,2025-01-14 09:41:00,Class A,273292160_0,56.447723,12.26146,Under way using engine,0.0,10.0,165.5,173.0,9220641,UBGW3,LADY MARIIA,Cargo,No additional information,20.0,127.0,GPS,5.1,TO ORDER,17/01/2025 09:00:00,AIS,POINT (12.26146 56.447723),273292160_0,0 days 00:01:00,1.0079206709489735e-06,165.441386968693,0.0,0,4.010566954941407,56.447723,12.26146
2025-01-14 09:42:00,2025-01-14 09:42:00,Class A,273292160_0,56.445048,12.262687,Under way using engine,0.0,10.0,165.8,172.0,9220641,UBGW3,LADY MARIIA,Cargo,No additional information,20.0,127.0,GPS,5.1,TO ORDER,17/01/2025 09:00:00,AIS,POINT (12.262687 56.445048),273292160_0,0 days 00:01:00,-1.150231838116768e-06,165.7732267997883,0.0,0,4.012377695378389,56.445048,12.262687
2025-01-14 09:44:01,2025-01-14 09:44:01,Class A,273292160_0,56.439635,12.265267,Under way using engine,0.0,10.0,165.1,168.0,9220641,UBGW3,LADY MARIIA,Cargo,No additional information,20.0,127.0,GPS,5.1,TO ORDER,17/01/2025 09:00:00,AIS,POINT (12.265267 56.439635),273292160_0,0 days 00:02:01,2.473404520250941e-07,165.23865281170094,0.0,0,4.016140374807757,56.439635,12.265267
2025-01-14 09:45:01,2025-01-14 09:45:01,Class A,273292160_0,56.43695,12.26652,Under way using engine,0.0,10.0,165.3,167.0,9220641,UBGW3,LADY MARIIA,Cargo,No additional information,20.0,127.0,GPS,5.1,TO ORDER,17/01/2025 09:00:00,AIS,POINT (12.26652 56.43695),273292160_0,0 days 00:01:00,-8.757661277959046e-08,165.53321073400332,0.0,0,4.017982763490778,56.43695,12.26652
2025-01-14 10:17:00,2025-01-14 10:17:00,Class A,273292160_0,56.352947,12.304773,Under way using engine,0.0,9.7,166.4,172.0,9220641,UBGW3,LADY MARIIA,Cargo,No additional information,20.0,127.0,GPS,5.1,TO ORDER,17/01/2025 09:00:00,AIS,POINT (12.304773 56.352947),273292160_0,0 days 00:31:59,-6.224254789672332e-08,165.83813935588853,0.0,0,4.0753727142543665,56.352947,12.304773
2025-01-14 10:39:00,2025-01-14 10:39:00,Class A,273292160_0,56.295157,12.333138,Under way using engine,0.0,10.0,161.8,169.0,9220641,UBGW3,LADY MARIIA,Cargo,No additional information,20.0,127.0,GPS,5.1,TO ORDER,17/01/2025 09:00:00,AIS,POINT (12.333138 56.295157),273292160_0,0 days 00:22:00,1.9395205867784985e-08,164.76321615765255,0.0,0,4.117569118886044,56.295157,12.333138
2025-01-14 10:40:00,2025-01-14 10:40:00,Class A,273292160_0,56.292507,12.334662,Under way using engine,0.0,9.9,162.1,170.0,9220641,UBGW3,LADY MARIIA,Cargo,No additional information,20.0,127.0,GPS,5.1,TO ORDER,17/01/2025 09:00:00,AIS,POINT (12.334662 56.292507),273292160_0,0 days 00:01:00,1.8385710042620867e-06,162.29943449170833,0.0,0,4.119733333166116,56.292507,12.334662
2025-01-14 10:41:00,2025-01-14 10:41:00,Class A,273292160_0,56.289882,12.33618,Under way using engine,0.0,10.0,161.9,164.0,9220641,UBGW3,LADY MARIIA,Cargo,No additional information,20.0,127.0,GPS,5.1,TO ORDER,17/01/2025 09:00:00,AIS,POINT (12.33618 56.289882),273292160_0,0 days 00:01:00,-7.673055054381045e-07,162.20624251871095,0.0,0,4.121886329103825,56.289882,12.33618
2025-01-14 10:42:00,2025-01-14 10:42:00,Class A,273292160_0,56.287247,12.337807,Under way using engine,0.0,10.0,161.2,163.0,9220641,UBGW3,LADY MARIIA,Cargo,No additional information,20.0,127.0,GPS,5.1,TO ORDER,17/01/2025 09:00:00,AIS,POINT (12.337807 56.287247),273292160_0,0 days 00:01:00,8.856211207716619e-07,161.08297858922015,0.0,0,4.124148225942539,56.287247,12.337807
2025-01-14 10:43:00,2025-01-14 10:43:00,Class A,273292160_0,56.2846,12.339378,Under way using engine,0.0,10.0,162.1,169.0,9220641,UBGW3,LADY MARIIA,Cargo,No additional information,20.0,127.0,GPS,5.1,TO ORDER,17/01/2025 09:00:00,AIS,POINT (12.339378 56.2846),273292160_0,0 days 00:01:00,4.4885162622841994e-08,161.76629445721892,0.0,0,4.126360344471263,56.2846,12.339378
2025-01-14 10:52:00,2025-01-14 10:52:00,Class A,273292160_0,56.260433,12.351765,Under way using engine,0.0,10.1,164.6,166.0,9220641,UBGW3,LADY MARIIA,Cargo,No additional information,20.0,127.0,GPS,5.1,TO ORDER,17/01/2025 09:00:00,AIS,POINT (12.351765 56.260433),273292160_0,0 days 00:09:00,1.644086373559773e-08,164.1087759612144,0.0,0,4.144723363093489,56.260433,12.351765
2025-01-14 10:53:00,2025-01-14 10:53:00,Class A,273292160_0,56.257718,12.353073,Under way using engine,0.0,10.1,165.2,166.0,9220641,UBGW3,LADY MARIIA,Cargo,No additional information,20.0,127.0,GPS,5.1,TO ORDER,17/01/2025 09:00:00,AIS,POINT (12.353073 56.257718),273292160_0,0 days 00:01:00,5.760693493991019e-07,165.0185267738642,0.0,0,4.146711830884081,56.257718,12.353073
2025-01-14 10:54:00,2025-01-14 10:54:00,Class A,273292160_0,56.255043,12.354363,Under way using engine,0.0,10.1,164.8,166.0,9220641,UBGW3,LADY MARIIA,Cargo,No additional information,20.0,127.0,GPS,5.1,TO ORDER,17/01/2025 09:00:00,AIS,POINT (12.354363 56.255043),273292160_0,0 days 00:01:00,-1.274852798774561e-06,165.003419375798,0.0,0,4.14867343539703,56.255043,12.354363
2025-01-14 10:55:00,2025-01-14 10:55:00,Class A,273292160_0,56.252348,12.355738,Under way using engine,0.0,10.1,164.6,172.0,9220641,UBGW3,LADY MARIIA,Cargo,No additional information,20.0,127.0,GPS,5.1,TO ORDER,17/01/2025 09:00:00,AIS,POINT (12.355738 56.252348),273292160_0,0 days 00:01:00,9.863102556543554e-07,164.17527519142163,0.0,0,4.1507234824364065,56.252348,12.355738
2025-01-14 10:56:00,2025-01-14 10:56:00,Class A,273292160_0,56.249663,12.35715,Under way using engine,0.0,10.1,163.9,172.0,9220641,UBGW3,LADY MARIIA,Cargo,No additional information,20.0,127.0,GPS,5.1,TO ORDER,17/01/2025 09:00:00,AIS,POINT (12.35715 56.249663),273292160_0,0 days 00:01:00,-1.202249646482945e-07,163.71326083570216,0.0,0,4.152807645336829,56.249663,12.35715
2025-01-14 10:58:00,2025-01-14 10:58:00,Class A,273292160_0,56.24428,12.359867,Under way using engine,0.0,10.1,164.5,167.0,9220641,UBGW3,LADY MARIIA,Cargo,No additional information,20.0,127.0,GPS,5.1,TO ORDER,17/01/2025 09:00:00,AIS,POINT (12.359867 56.24428),273292160_0,0 days 00:02:00,-3.00808285878286e-08,164.33329659250035,0.0,0,4.15688001055912,56.24428,12.359867
2025-01-14 10:59:00,2025-01-14 10:59:00,Class A,273292160_0,56.241578,12.361162,Under way using engine,0.0,10.1,165.2,167.0,9220641,UBGW3,LADY MARIIA,Cargo,No additional information,20.0,127.0,GPS,5.1,TO ORDER,17/01/2025 09:00:00,AIS,POINT (12.361162 56.241578),273292160_0,0 days 00:01:00,2.4881192658224768e-08,165.08659607250127,0.0,0,4.1588597164397125,56.241578,12.361162
2025-01-14 11:00:00,2025-01-14 11:00:00,Class A,273292160_0,56.238877,12.362482,Under way using engine,0.0,10.1,164.7,171.0,9220641,UBGW3,LADY MARIIA,Cargo,No additional information,20.0,127.0,GPS,5.1,TO ORDER,17/01/2025 09:00:00,AIS,POINT (12.362482 56.238877),273292160_0,0 days 00:01:00,8.25594429989477e-08,164.80548771448002,0.0,0,4.1608644221050985,56.238877,12.362482
2025-01-14 11:03:01,2025-01-14 11:03:01,Class A,273292160_0,56.230663,12.366465,Under way using engine,0.0,10.3,164.9,166.0,9220641,UBGW3,LADY MARIIA,Cargo,No additional information,20.0,127.0,GPS,5.1,TO ORDER,16/01/2025 09:00:00,AIS,POINT (12.366465 56.230663),273292160_0,0 days 00:03:01,2.1719897669547295e-07,164.91519133558472,0.0,0,4.166938272299339,56.230663,12.366465
2025-01-14 11:04:01,2025-01-14 11:04:01,Class A,273292160_0,56.227902,12.367813,Under way using engine,0.0,10.3,164.6,167.0,9220641,UBGW3,LADY MARIIA,Cargo,No additional information,20.0,127.0,GPS,5.1,TO ORDER,16/01/2025 09:00:00,AIS,POINT (12.367813 56.227902),273292160_0,0 days 00:01:00,1.263659790823902e-06,164.81554269663354,0.0,0,4.168991226476016,56.227902,12.367813
2025-01-14 11:05:00,2025-01-14 11:05:00,Class A,273292160_0,56.225198,12.369158,Under way using engine,0.0,10.3,164.8,167.0,9220641,UBGW3,LADY MARIIA,Cargo,No additional information,20.0,127.0,GPS,5.1,TO ORDER,16/01/2025 09:00:00,AIS,POINT (12.369158 56.225198),273292160_0,0 days 00:00:59,-2.4655290498383543e-07,164.54246085990326,0.0,0,4.171026885582135,56.225198,12.369158
2025-01-14 11:06:00,2025-01-14 11:06:00,Class A,273292160_0,56.222428,12.370525,Under way using engine,0.0,10.4,164.6,173.0,9220641,UBGW3,LADY MARIIA,Cargo,No additional information,20.0,127.0,GPS,5.1,TO ORDER,16/01/2025 09:00:00,AIS,POINT (12.370525 56.222428),273292160_0,0 days 00:01:00,5.981034468418236e-07,164.6571480715504,0.0,0,4.173103057588921,56.222428,12.370525
2025-01-14 11:07:00,2025-01-14 11:07:00,Class A,273292160_0,56.219662,12.371907,Under way using engine,0.0,10.3,164.1,174.0,9220641,UBGW3,LADY MARIIA,Cargo,No additional information,20.0,127.0,GPS,5.1,TO ORDER,17/01/2025 09:00:00,AIS,POINT (12.371907 56.219662),273292160_0,0 days 00:01:00,-4.99017812933579e-08,164.4744428327988,0.0,0,4.175193797170379,56.219662,12.371907
2025-01-14 11:08:00,2025-01-14 11:08:00,Class A,273292160_0,56.216923,12.37328,Under way using engine,0.0,10.3,164.4,168.0,9220641,UBGW3,LADY MARIIA,Cargo,No additional information,20.0,127.0,GPS,5.1,TO ORDER,17/01/2025 09:00:00,AIS,POINT (12.37328 56.216923),273292160_0,0 days 00:01:00,-8.456446222309105e-07,164.42491153776893,0.0,0,4.177269667779181,56.216923,12.37328
2025-01-14 11:09:00,2025-01-14 11:09:00,Class A,273292160_0,56.214208,12.374647,Under way using engine,0.0,10.4,164.7,169.0,9220641,UBGW3,LADY MARIIA,Cargo,No additional information,20.0,127.0,GPS,5.1,TO ORDER,17/01/2025 09:00:00,AIS,POINT (12.374647 56.214208),273292160_0,0 days 00:01:00,-7.422844688128889e-07,164.35821335405922,0.0,0,4.1793343429558245,56.214208,12.374647
2025-01-14 11:10:00,2025-01-14 11:10:00,Class A,273292160_0,56.211437,12.375998,Under way using engine,0.0,10.4,164.7,169.0,9220641,UBGW3,LADY MARIIA,Cargo,No additional information,20.0,127.0,GPS,5.1,TO ORDER,17/01/2025 09:00:00,AIS,POINT (12.375998 56.211437),273292160_0,0 days 00:01:00,1.596588625377915e-06,164.82948005025332,0.0,0,4.181400370297492,56.211437,12.375998
2025-01-14 11:11:00,2025-01-14 11:11:00,Class A,273292160_0,56.20868,12.377387,Under way using engine,0.0,10.3,164.5,175.0,9220641,UBGW3,LADY MARIIA,Cargo,No additional information,20.0,127.0,GPS,5.1,TO ORDER,17/01/2025 09:00:00,AIS,POINT (12.377387 56.20868),273292160_0,0 days 00:01:00,-2.425692011335008e-07,164.3469252888982,0.0,0,4.183500261066802,56.20868,12.377387
2025-01-14 11:12:00,2025-01-14 11:12:00,Class A,273292160_0,56.205983,12.378725,Under way using engine,0.0,10.2,164.7,175.0,9220641,UBGW3,LADY MARIIA,Cargo,No additional information,20.0,127.0,GPS,5.1,TO ORDER,17/01/2025 09:00:00,AIS,POINT (12.378725 56.205983),273292160_0,0 days 00:01:00,-2.0232235396142483e-06,164.5737044351448,0.0,0,4.185535686039839,56.205983,12.378725
2025-01-14 11:26:00,2025-01-14 11:26:00,Class A,273292160_0,56.17019,12.402333,Under way using engine,0.0,10.8,131.5,134.0,9220641,UBGW3,LADY MARIIA,Cargo,No additional information,20.0,127.0,GPS,5.1,TO ORDER,16/01/2025 09:00:00,AIS,POINT (12.402333 56.17019),273292160_0,0 days 00:14:00,-1.637615081043304e-07,159.83553887281357,0.0,0,4.2182675792853646,56.17019,12.402333
2025-01-14 11:27:00,2025-01-14 11:27:00,Class A,273292160_0,56.168253,12.406545,Under way using engine,0.0,11.0,129.8,134.0,9220641,UBGW3,LADY MARIIA,Cargo,No additional information,20.0,127.0,GPS,5.1,TO ORDER,17/01/2025 09:00:00,AIS,POINT (12.406545 56.168253),273292160_0,0 days 00:01:00,9.935339876298786e-06,129.5554287160304,0.0,0,4.222856824214266,56.168253,12.406545
2025-01-14 11:28:00,2025-01-14 11:28:00,Class A,273292160_0,56.16635,12.41076,Under way using engine,0.0,11.0,129.7,134.0,9220641,UBGW3,LADY MARIIA,Cargo,No additional information,20.0,127.0,GPS,5.1,TO ORDER,17/01/2025 09:00:00,AIS,POINT (12.41076 56.16635),273292160_0,0 days 00:01:00,-6.223077098413959e-07,129.03673341303818,0.0,0,4.227439355197067,56.16635,12.41076
2025-01-14 11:29:00,2025-01-14 11:29:00,Class A,273292160_0,56.164382,12.414992,Under way using engine,0.0,11.1,129.7,129.0,9220641,UBGW3,LADY MARIIA,Cargo,No additional information,20.0,127.0,GPS,5.1,TO ORDER,17/01/2025 09:00:00,AIS,POINT (12.414992 56.164382),273292160_0,0 days 00:01:00,1.5054832819455203e-06,129.86631782398968,0.0,0,4.232056809302658,56.164382,12.414992
2025-01-14 11:30:00,2025-01-14 11:30:00,Class A,273292160_0,56.162443,12.419243,Under way using engine,0.0,11.1,129.8,134.0,9220641,UBGW3,LADY MARIIA,Cargo,No additional information,20.0,127.0,GPS,5.1,TO ORDER,17/01/2025 09:00:00,AIS,POINT (12.419243 56.162443),273292160_0,0 days 00:01:00,-3.152421547673694e-07,129.32109030147882,0.0,0,4.236684307423553,56.162443,12.419243
2025-01-14 11:31:00,2025-01-14 11:31:00,Class A,273292160_0,56.160513,12.423487,Under way using engine,0.0,11.1,129.4,134.0,9220641,UBGW3,LADY MARIIA,Cargo,No additional information,20.0,127.0,GPS,5.1,TO ORDER,17/01/2025 09:00:00,AIS,POINT (12.423487 56.160513),273292160_0,0 days 00:01:00,-2.6676360333555023e-07,129.23532093609901,0.0,0,4.241302625784323,56.160513,12.423487
2025-01-14 11:46:00,2025-01-14 11:46:00,Class A,273292160_0,56.130048,12.487027,Under way using engine,0.0,11.4,130.5,128.0,9220641,UBGW3,LADY MARIIA,Cargo,No additional information,20.0,127.0,GPS,5.1,TO ORDER,17/01/2025 09:00:00,AIS,POINT (12.487027 56.130048),273292160_0,0 days 00:15:00,1.281527359933043e-07,130.69073056834628,0.0,0,4.310909811221987,56.130048,12.487027
2025-01-14 11:47:00,2025-01-14 11:47:00,Class A,273292160_0,56.127993,12.491363,Under way using engine,0.0,11.4,130.2,128.0,9220641,UBGW3,LADY MARIIA,Cargo,No additional information,20.0,127.0,GPS,5.1,TO ORDER,17/01/2025 09:00:00,AIS,POINT (12.491363 56.127993),273292160_0,0 days 00:01:00,1.8190763634799886e-06,130.3754571879411,0.0,0,4.315653955690726,56.127993,12.491363
2025-01-14 11:48:00,2025-01-14 11:48:00,Class A,273292160_0,56.126023,12.495672,Under way using engine,0.0,11.4,130.3,133.0,9220641,UBGW3,LADY MARIIA,Cargo,No additional information,20.0,127.0,GPS,5.1,TO ORDER,17/01/2025 09:00:00,AIS,POINT (12.495672 56.126023),273292160_0,0 days 00:01:00,-2.038554370872381e-06,129.3593381321233,0.0,0,4.3203478641077036,56.126023,12.495672
2025-01-14 11:49:00,2025-01-14 11:49:00,Class A,273292160_0,56.123975,12.49997,Under way using engine,0.0,11.4,130.4,133.0,9220641,UBGW3,LADY MARIIA,Cargo,No additional information,20.0,127.0,GPS,5.1,TO ORDER,17/01/2025 09:00:00,AIS,POINT (12.49997 56.123975),273292160_0,0 days 00:01:00,1.4042053075695593e-06,130.52499475793417,0.0,0,4.325053831154474,56.123975,12.49997
2025-01-14 11:50:00,2025-01-14 11:50:00,Class A,273292160_0,56.121938,12.50431,Under way using engine,0.0,11.4,130.4,128.0,9220641,UBGW3,LADY MARIIA,Cargo,No additional information,20.0,127.0,GPS,5.1,TO ORDER,17/01/2025 09:00:00,AIS,POINT (12.50431 56.121938),273292160_0,0 days 00:01:00,3.369292656933293e-07,130.096389474224,0.0,0,4.329796957645128,56.121938,12.50431
2025-01-14 11:51:00,2025-01-14 11:51:00,Class A,273292160_0,56.119893,12.508643,Under way using engine,0.0,11.5,130.3,128.0,9220641,UBGW3,LADY MARIIA,Cargo,No additional information,20.0,127.0,GPS,5.1,TO ORDER,16/01/2025 13:00:00,AIS,POINT (12.508643 56.119893),273292160_0,0 days 00:01:00,6.996592757169014e-08,130.25118446538625,0.0,0,4.3345358044972935,56.119893,12.508643
2025-01-14 12:01:00,2025-01-14 12:01:00,Class A,273292160_0,56.099737,12.553013,Under way using engine,0.0,11.6,129.0,132.0,9220641,UBGW3,LADY MARIIA,Cargo,No additional information,20.0,127.0,GPS,5.1,TO ORDER,17/01/2025 09:00:00,AIS,POINT (12.553013 56.099737),273292160_0,0 days 00:10:00,8.201362087269237e-08,129.15078075008603,0.0,0,4.382840478177252,56.099737,12.553013
2025-01-14 12:02:00,2025-01-14 12:02:00,Class A,273292160_0,56.097738,12.557483,Under way using engine,0.0,11.7,129.2,132.0,9220641,UBGW3,LADY MARIIA,Cargo,No additional information,20.0,127.0,GPS,5.1,TO ORDER,17/01/2025 09:00:00,AIS,POINT (12.557483 56.097738),273292160_0,0 days 00:01:00,1.388096096982683e-07,128.72008873479115,0.0,0,4.387698227876889,56.097738,12.557483
2025-01-14 12:03:00,2025-01-14 12:03:00,Class A,273292160_0,56.095717,12.561935,Under way using engine,0.0,11.7,129.6,132.0,9220641,UBGW3,LADY MARIIA,Cargo,No additional information,20.0,127.0,GPS,5.1,TO ORDER,17/01/2025 09:00:00,AIS,POINT (12.561935 56.095717),273292160_0,0 days 00:01:00,1.8788237745803852e-07,129.13819157363633,0.0,0,4.392545228590481,56.095717,12.561935
2025-01-14 12:04:00,2025-01-14 12:04:00,Class A,273292160_0,56.093632,12.566377,Under way using engine,0.0,11.7,130.1,132.0,9220641,UBGW3,LADY MARIIA,Cargo,No additional information,20.0,127.0,GPS,5.1,TO ORDER,17/01/2025 09:00:00,AIS,POINT (12.566377 56.093632),273292160_0,0 days 00:01:00,1.1303029731700587e-06,130.0773086065915,0.0,0,4.397401349862211,56.093632,12.566377
2025-01-14 12:05:00,2025-01-14 12:05:00,Class A,273292160_0,56.091583,12.570752,Under way using engine,0.0,11.7,130.8,134.0,9220641,UBGW3,LADY MARIIA,Cargo,No additional information,20.0,127.0,GPS,5.1,TO ORDER,17/01/2025 09:00:00,AIS,POINT (12.570752 56.091583),273292160_0,0 days 00:01:00,-1.5999437013648117e-06,130.01320598952287,0.0,0,4.402183011972583,56.091583,12.570752
2025-01-14 12:06:00,2025-01-14 12:06:00,Class A,273292160_0,56.089393,12.575002,Under way using engine,0.0,11.7,133.6,133.0,9220641,UBGW3,LADY MARIIA,Cargo,No additional information,20.0,127.0,GPS,5.1,TO ORDER,17/01/2025 09:00:00,AIS,POINT (12.575002 56.089393),273292160_0,0 days 00:01:00,1.2589135129588714e-06,132.72565931231065,0.0,0,4.406886201147017,56.089393,12.575002
2025-01-14 12:07:00,2025-01-14 12:07:00,Class A,273292160_0,56.087092,12.57901,Under way using engine,0.0,11.7,135.3,133.0,9220641,UBGW3,LADY MARIIA,Cargo,No additional information,20.0,127.0,GPS,5.1,TO ORDER,17/01/2025 09:00:00,AIS,POINT (12.57901 56.087092),273292160_0,0 days 00:01:00,-6.024833078944822e-07,135.81753621627809,0.0,0,4.411390351183288,56.087092,12.57901
2025-01-14 12:08:00,2025-01-14 12:08:00,Class A,273292160_0,56.084802,12.583123,Under way using engine,0.0,11.8,135.2,139.0,9220641,UBGW3,LADY MARIIA,Cargo,No additional information,20.0,127.0,GPS,5.1,TO ORDER,17/01/2025 09:00:00,AIS,POINT (12.583123 56.084802),273292160_0,0 days 00:01:00,1.037756594253495e-06,134.93777294742847,0.0,0,4.4159919839639645,56.084802,12.583123
2025-01-14 12:09:00,2025-01-14 12:09:00,Class A,273292160_0,56.082512,12.587233,Under way using engine,0.0,11.7,135.1,139.0,9220641,UBGW3,LADY MARIIA,Cargo,No additional information,20.0,127.0,GPS,5.1,TO ORDER,17/01/2025 09:00:00,AIS,POINT (12.587233 56.082512),273292160_0,0 days 00:01:00,-3.378621257427508e-08,134.95697448417195,0.0,0,4.420590970093704,56.082512,12.587233
2025-01-14 12:10:00,2025-01-14 12:10:00,Class A,273292160_0,56.080242,12.591295,Under way using engine,0.0,11.7,135.2,138.0,9220641,UBGW3,LADY MARIIA,Cargo,No additional information,20.0,127.0,GPS,5.1,TO ORDER,16/01/2025 13:00:00,AIS,POINT (12.591295 56.080242),273292160_0,0 days 00:01:00,-1.0216084930037787e-06,135.04054310223165,0.0,0,4.425138432092041,56.080242,12.591295
2025-01-14 12:11:00,2025-01-14 12:11:00,Class A,273292160_0,56.078037,12.595435,Under way using engine,0.0,11.7,135.0,138.0,9220641,UBGW3,LADY MARIIA,Cargo,No additional information,20.0,127.0,GPS,5.1,TO ORDER,16/01/2025 13:00:00,AIS,POINT (12.595435 56.078037),273292160_0,0 days 00:01:00,-4.3538820433954076e-07,133.6621519323552,0.0,0,4.429741736974402,56.078037,12.595435
2025-01-14 12:12:00,2025-01-14 12:12:00,Class A,273292160_0,56.075712,12.59947,Under way using engine,0.0,11.7,135.4,133.0,9220641,UBGW3,LADY MARIIA,Cargo,No additional information,20.0,127.0,GPS,5.1,TO ORDER,17/01/2025 09:00:00,AIS,POINT (12.59947 56.075712),273292160_0,0 days 00:01:00,1.3249248009834213e-06,135.91394473265927,0.0,0,4.434279867062181,56.075712,12.59947
2025-01-14 12:19:00,2025-01-14 12:19:00,Class A,273292160_0,56.05956,12.628262,Under way using engine,0.0,12.0,135.0,137.0,9220641,UBGW3,LADY MARIIA,Cargo,No additional information,20.0,127.0,GPS,5.1,TO ORDER,17/01/2025 09:00:00,AIS,POINT (12.628262 56.05956),273292160_0,0 days 00:07:00,8.176423534925418e-08,135.13013188392688,0.0,0,4.466540369471768,56.05956,12.628262
2025-01-14 12:20:00,2025-01-14 12:20:00,Class A,273292160_0,56.057227,12.632388,Under way using engine,0.0,12.1,135.5,137.0,9220641,UBGW3,LADY MARIIA,Cargo,No additional information,20.0,127.0,GPS,5.1,TO ORDER,16/01/2025 13:00:00,AIS,POINT (12.632388 56.057227),273292160_0,0 days 00:01:00,7.298358211058383e-07,135.35981483969942,0.0,0,4.471169714569557,56.057227,12.632388
2025-01-14 12:21:00,2025-01-14 12:21:00,Class A,273292160_0,56.054857,12.636472,Under way using engine,0.0,11.9,135.7,137.0,9220641,UBGW3,LADY MARIIA,Cargo,No additional information,20.0,127.0,GPS,5.1,TO ORDER,16/01/2025 13:00:00,AIS,POINT (12.636472 56.054857),273292160_0,0 days 00:01:00,3.1374265939560405e-07,136.10170686480336,0.0,0,4.475770031969918,56.054857,12.636472
2025-01-14 12:22:00,2025-01-14 12:22:00,Class A,273292160_0,56.0525,12.640355,Under way using engine,0.0,11.7,138.8,140.0,9220641,UBGW3,LADY MARIIA,Cargo,No additional information,20.0,127.0,GPS,5.1,TO ORDER,17/01/2025 09:00:00,AIS,POINT (12.640355 56.0525),273292160_0,0 days 00:01:00,-2.676217058912274e-06,137.38579252498982,0.0,0,4.480174681491112,56.0525,12.640355
2025-01-14 12:23:00,2025-01-14 12:23:00,Class A,273292160_0,56.049738,12.642795,Under way using engine,0.0,11.1,153.5,164.0,9220641,UBGW3,LADY MARIIA,Cargo,No additional information,20.0,127.0,GPS,5.1,TO ORDER,16/01/2025 13:00:00,AIS,POINT (12.642795 56.049738),273292160_0,0 days 00:01:00,-3.855383605176404e-06,153.7396827927795,0.0,0,4.483320042122578,56.049738,12.642795
2025-01-14 12:24:00,2025-01-14 12:24:00,Class A,273292160_0,56.046802,12.644382,Under way using engine,0.0,11.1,162.0,169.0,9220641,UBGW3,LADY MARIIA,Cargo,No additional information,20.0,127.0,GPS,5.1,TO ORDER,17/01/2025 09:00:00,AIS,POINT (12.644382 56.046802),273292160_0,0 days 00:01:00,-4.236987150692551e-07,163.2011349602492,0.0,0,4.485702620288711,56.046802,12.644382
2025-01-14 12:25:00,2025-01-14 12:25:00,Class A,273292160_0,56.043823,12.645877,Under way using engine,0.0,11.2,164.1,168.0,9220641,UBGW3,LADY MARIIA,Cargo,No additional information,20.0,127.0,GPS,5.1,TO ORDER,17/01/2025 09:00:00,AIS,POINT (12.645877 56.043823),273292160_0,0 days 00:01:00,8.313745841998649e-07,164.34120922363286,0.0,0,4.488011250995812,56.043823,12.645877
2025-01-14 12:26:00,2025-01-14 12:26:00,Class A,273292160_0,56.04081,12.64747,Under way using engine,0.0,11.4,163.5,168.0,9220641,UBGW3,LADY MARIIA,Cargo,No additional information,20.0,127.0,GPS,5.1,TO ORDER,17/01/2025 09:00:00,AIS,POINT (12.64747 56.04081),273292160_0,0 days 00:01:00,1.481082922980542e-06,163.54607360794978,0.0,0,4.490424842373937,56.04081,12.64747
2025-01-14 12:27:01,2025-01-14 12:27:01,Class A,273292160_0,56.037757,12.649122,Under way using engine,0.0,11.5,163.4,163.0,9220641,UBGW3,LADY MARIIA,Cargo,No additional information,20.0,127.0,GPS,5.1,TO ORDER,17/01/2025 09:00:00,AIS,POINT (12.649122 56.037757),273292160_0,0 days 00:01:01,-1.3638083481739864e-07,163.18052826353482,0.0,0,4.492907936446061,56.037757,12.649122
2025-01-14 12:28:01,2025-01-14 12:28:01,Class A,273292160_0,56.034733,12.65078,Under way using engine,0.0,11.4,162.9,163.0,9220641,UBGW3,LADY MARIIA,Cargo,No additional information,20.0,127.0,GPS,5.1,TO ORDER,17/01/2025 09:00:00,AIS,POINT (12.65078 56.034733),273292160_0,0 days 00:01:00,7.903882393034729e-07,162.96912363167598,0.0,0,4.495389445377118,56.034733,12.65078
2025-01-14 12:29:01,2025-01-14 12:29:01,Class A,273292160_0,56.031748,12.652463,Under way using engine,0.0,11.4,162.6,163.0,9220641,UBGW3,LADY MARIIA,Cargo,No additional information,20.0,127.0,GPS,5.1,TO ORDER,17/01/2025 09:00:00,AIS,POINT (12.652463 56.031748),273292160_0,0 days 00:01:00,-1.0224046451623592e-06,162.51422826584894,0.0,0,4.497884479360713,56.031748,12.652463
2025-01-14 12:30:01,2025-01-14 12:30:01,Class A,273292160_0,56.028768,12.654052,Under way using engine,0.0,11.3,163.3,163.0,9220641,UBGW3,LADY MARIIA,Cargo,No additional information,20.0,127.0,GPS,5.1,TO ORDER,17/01/2025 09:00:00,AIS,POINT (12.654052 56.028768),273292160_0,0 days 00:01:00,-6.251233818518308e-07,163.40843292128648,0.0,0,4.500289528228712,56.028768,12.654052
2025-01-14 12:31:01,2025-01-14 12:31:01,Class A,273292160_0,56.025775,12.655633,Under way using engine,0.0,11.2,163.1,168.0,9220641,UBGW3,LADY MARIIA,Cargo,No additional information,20.0,127.0,GPS,5.1,TO ORDER,17/01/2025 09:00:00,AIS,POINT (12.655633 56.025775),273292160_0,0 days 00:01:00,3.4650353476814733e-07,163.55403981390327,0.0,0,4.502692075928021,56.025775,12.655633
2025-01-14 12:32:01,2025-01-14 12:32:01,Class A,273292160_0,56.022858,12.65715,Under way using engine,0.0,11.0,163.4,167.0,9220641,UBGW3,LADY MARIIA,Cargo,No additional information,20.0,127.0,GPS,5.1,TO ORDER,16/01/2025 13:00:00,AIS,POINT (12.65715 56.022858),273292160_0,0 days 00:01:00,-2.567066658671037e-06,163.7940283570465,0.0,0,4.505012070495816,56.022858,12.65715
2025-01-14 13:01:01,2025-01-14 13:01:01,Class A,273292160_0,55.940108,12.710493,Under way using engine,0.0,11.0,155.1,156.0,9220641,UBGW3,LADY MARIIA,Cargo,No additional information,20.0,127.0,GPS,5.1,TO ORDER,17/01/2025 09:00:00,AIS,POINT (12.710493 55.940108),273292160_0,0 days 00:29:00,-4.408914843605391e-09,160.14633912901047,0.0,0,4.581112058991135,55.940108,12.710493
2025-01-14 13:02:01,2025-01-14 13:02:01,Class A,273292160_0,55.93734,12.712735,Under way using engine,0.0,11.0,155.5,160.0,9220641,UBGW3,LADY MARIIA,Cargo,No additional information,20.0,127.0,GPS,5.1,TO ORDER,17/01/2025 09:00:00,AIS,POINT (12.712735 55.93734),273292160_0,0 days 00:01:00,2.0111662242347216e-07,155.59774763060216,0.0,0,4.584107025102491,55.93734,12.712735
2025-01-14 13:03:01,2025-01-14 13:03:01,Class A,273292160_0,55.934583,12.714927,Under way using engine,0.0,11.0,156.0,160.0,9220641,UBGW3,LADY MARIIA,Cargo,No additional information,20.0,127.0,GPS,5.1,TO ORDER,17/01/2025 09:00:00,AIS,POINT (12.714927 55.934583),273292160_0,0 days 00:01:00,-6.655755504644899e-07,155.99413706231508,0.0,0,4.587051872436694,55.934583,12.714927
2025-01-14 13:04:01,2025-01-14 13:04:01,Class A,273292160_0,55.931742,12.717152,Under way using engine,0.0,11.2,156.3,156.0,9220641,UBGW3,LADY MARIIA,Cargo,No additional information,20.0,127.0,GPS,5.1,TO ORDER,17/01/2025 09:00:00,AIS,POINT (12.717152 55.931742),273292160_0,0 days 00:01:00,2.608467590019577e-06,156.3118739398376,0.0,0,4.590055213163018,55.931742,12.717152
2025-01-14 13:05:01,2025-01-14 13:05:01,Class A,273292160_0,55.928882,12.719372,Under way using engine,0.0,11.3,156.3,155.0,9220641,UBGW3,LADY MARIIA,Cargo,No additional information,20.0,127.0,GPS,5.1,TO ORDER,17/01/2025 09:00:00,AIS,POINT (12.719372 55.928882),273292160_0,0 days 00:01:00,5.046150221916229e-07,156.497691190713,0.0,0,4.593060645147743,55.928882,12.719372
2025-01-14 13:06:01,2025-01-14 13:06:01,Class A,273292160_0,55.926022,12.721603,Under way using engine,0.0,11.3,156.9,157.0,9220641,UBGW3,LADY MARIIA,Cargo,No additional information,20.0,127.0,GPS,5.1,TO ORDER,17/01/2025 09:00:00,AIS,POINT (12.721603 55.926022),273292160_0,0 days 00:01:00,7.756108954413167e-08,156.3923972019304,0.0,0,4.596077405779193,55.926022,12.721603
2025-01-14 13:07:01,2025-01-14 13:07:01,Class A,273292160_0,55.92314,12.723703,Under way using engine,0.0,11.3,157.4,162.0,9220641,UBGW3,LADY MARIIA,Cargo,No additional information,20.0,127.0,GPS,5.1,TO ORDER,17/01/2025 09:00:00,AIS,POINT (12.723703 55.92314),273292160_0,0 days 00:01:00,-2.5943439569855834e-07,157.79106404795778,0.0,0,4.598977640329426,55.92314,12.723703
2025-01-14 13:11:00,2025-01-14 13:11:00,Class A,273292160_0,55.911622,12.731443,Under way using engine,0.0,11.2,162.9,165.0,9220641,UBGW3,LADY MARIIA,Cargo,No additional information,20.0,127.0,GPS,5.1,TO ORDER,17/01/2025 09:00:00,AIS,POINT (12.731443 55.911622),273292160_0,0 days 00:03:59,-1.8075098020246494e-07,159.3616294290399,0.0,0,4.60995870548902,55.911622,12.731443
2025-01-14 13:12:00,2025-01-14 13:12:00,Class A,273292160_0,55.908585,12.732433,Under way using engine,0.0,11.1,169.7,172.0,9220641,UBGW3,LADY MARIIA,Cargo,No additional information,20.0,127.0,GPS,5.1,TO ORDER,17/01/2025 09:00:00,AIS,POINT (12.732433 55.908585),273292160_0,0 days 00:01:00,-9.61069153763867e-08,169.64532983962647,0.0,0,4.6118601369864844,55.908585,12.732433
2025-01-14 13:37:00,2025-01-14 13:37:00,Class A,273292160_0,55.83247,12.750993,Under way using engine,0.0,10.9,161.7,161.0,9220641,UBGW3,LADY MARIIA,Cargo,No additional information,20.0,127.0,GPS,5.1,TO ORDER,17/01/2025 09:00:00,AIS,POINT (12.750993 55.83247),273292160_0,0 days 00:25:00,-1.784621355354135e-08,172.201992937996,0.0,0,4.654075892188479,55.83247,12.750993
2025-01-14 13:38:00,2025-01-14 13:38:00,Class A,273292160_0,55.829707,12.753193,Under way using engine,0.0,11.0,156.1,155.0,9220641,UBGW3,LADY MARIIA,Cargo,No additional information,20.0,127.0,GPS,5.1,TO ORDER,17/01/2025 09:00:00,AIS,POINT (12.753193 55.829707),273292160_0,0 days 00:01:00,-1.4021036670615674e-06,155.9052014207217,0.0,0,4.657066121597266,55.829707,12.753193
2025-01-14 13:39:00,2025-01-14 13:39:00,Class A,273292160_0,55.82699,12.755607,Under way using engine,0.0,11.1,153.8,154.0,9220641,UBGW3,LADY MARIIA,Cargo,No additional information,20.0,127.0,GPS,5.1,TO ORDER,17/01/2025 09:00:00,AIS,POINT (12.755607 55.82699),273292160_0,0 days 00:01:00,3.108059160427211e-07,153.47814626425395,0.0,0,4.660243771253387,55.82699,12.755607
2025-01-14 13:40:00,2025-01-14 13:40:00,Class A,273292160_0,55.824218,12.758022,Under way using engine,0.0,11.2,153.6,154.0,9220641,UBGW3,LADY MARIIA,Cargo,No additional information,20.0,127.0,GPS,5.1,TO ORDER,17/01/2025 09:00:00,AIS,POINT (12.758022 55.824218),273292160_0,0 days 00:01:00,1.5333321634529092e-06,153.92317852223368,0.0,0,4.663441278041892,55.824218,12.758022
2025-01-14 13:41:00,2025-01-14 13:41:00,Class A,273292160_0,55.821387,12.760572,Under way using engine,0.0,11.4,153.5,154.0,9220641,UBGW3,LADY MARIIA,Cargo,No additional information,20.0,127.0,GPS,5.1,TO ORDER,17/01/2025 09:00:00,AIS,POINT (12.760572 55.821387),273292160_0,0 days 00:01:00,2.683264532868755e-06,153.1597420277435,0.0,0,4.666786422464606,55.821387,12.760572
2025-01-14 13:42:00,2025-01-14 13:42:00,Class A,273292160_0,55.818562,12.763085,Under way using engine,0.0,11.4,153.6,155.0,9220641,UBGW3,LADY MARIIA,Cargo,No additional information,20.0,127.0,GPS,5.1,TO ORDER,17/01/2025 09:00:00,AIS,POINT (12.763085 55.818562),273292160_0,0 days 00:01:00,-4.542226407410789e-07,153.4454166986377,0.0,0,4.67009538945598,55.818562,12.763085
2025-01-14 13:43:00,2025-01-14 13:43:00,Class A,273292160_0,55.81573,12.76568,Under way using engine,0.0,11.5,152.4,154.0,9220641,UBGW3,LADY MARIIA,Cargo,No additional information,20.0,127.0,GPS,5.1,TO ORDER,17/01/2025 09:00:00,AIS,POINT (12.76568 55.81573),273292160_0,0 days 00:01:00,8.414465935743104e-07,152.7587106130777,0.0,0,4.673484726512861,55.81573,12.76568
2025-01-14 13:44:00,2025-01-14 13:44:00,Class A,273292160_0,55.812988,12.768465,Under way using engine,0.0,11.6,149.8,153.0,9220641,UBGW3,LADY MARIIA,Cargo,No additional information,20.0,127.0,GPS,5.1,TO ORDER,17/01/2025 09:00:00,AIS,POINT (12.768465 55.812988),273292160_0,0 days 00:01:00,-8.640263128652844e-07,150.28598915650025,0.0,0,4.677023914946129,55.812988,12.768465
2025-01-14 13:45:00,2025-01-14 13:45:00,Class A,273292160_0,55.810223,12.771423,Under way using engine,0.0,11.7,149.3,154.0,9220641,UBGW3,LADY MARIIA,Cargo,No additional information,20.0,127.0,GPS,5.1,TO ORDER,17/01/2025 09:00:00,AIS,POINT (12.771423 55.810223),273292160_0,0 days 00:01:00,2.1405939451561487e-06,148.98709374842156,0.0,0,4.6807344559426785,55.810223,12.771423
2025-01-14 13:46:00,2025-01-14 13:46:00,Class A,273292160_0,55.807433,12.77436,Under way using engine,0.0,11.8,149.5,154.0,9220641,UBGW3,LADY MARIIA,Cargo,No additional information,20.0,127.0,GPS,5.1,TO ORDER,17/01/2025 09:00:00,AIS,POINT (12.77436 55.807433),273292160_0,0 days 00:01:00,4.77923005576383e-07,149.39173856866717,0.0,0,4.68443410886822,55.807433,12.77436
2025-01-14 13:47:00,2025-01-14 13:47:00,Class A,273292160_0,55.80464,12.777287,Under way using engine,0.0,11.8,148.9,153.0,9220641,UBGW3,LADY MARIIA,Cargo,No additional information,20.0,127.0,GPS,5.1,TO ORDER,17/01/2025 09:00:00,AIS,POINT (12.777287 55.80464),273292160_0,0 days 00:01:00,-6.991341561307767e-09,149.50244090344904,0.0,0,4.688125920039478,55.80464,12.777287
2025-01-14 13:48:00,2025-01-14 13:48:00,Class A,273292160_0,55.801897,12.7803,Under way using engine,0.0,11.7,148.4,147.0,9220641,UBGW3,LADY MARIIA,Cargo,No additional information,20.0,127.0,GPS,5.1,TO ORDER,17/01/2025 09:00:00,AIS,POINT (12.7803 55.801897),273292160_0,0 days 00:01:00,-5.467965770893553e-07,148.30928305297664,0.0,0,4.691882634952415,55.801897,12.7803
2025-01-14 13:49:00,2025-01-14 13:49:00,Class A,273292160_0,55.79914,12.78332,Under way using engine,0.0,11.7,148.5,148.0,9220641,UBGW3,LADY MARIIA,Cargo,No additional information,20.0,127.0,GPS,5.1,TO ORDER,17/01/2025 09:00:00,AIS,POINT (12.78332 55.79914),273292160_0,0 days 00:01:00,4.343552681311131e-07,148.37838060440595,0.0,0,4.695651163481908,55.79914,12.78332
2025-01-14 13:50:00,2025-01-14 13:50:00,Class A,273292160_0,55.796412,12.786262,Under way using engine,0.0,11.7,148.8,148.0,9220641,UBGW3,LADY MARIIA,Cargo,No additional information,20.0,127.0,GPS,5.1,TO ORDER,17/01/2025 09:00:00,AIS,POINT (12.786262 55.796412),273292160_0,0 days 00:01:00,-1.4725760153402906e-06,148.7740768040553,0.0,0,4.69933701997899,55.796412,12.786262
2025-01-14 13:51:00,2025-01-14 13:51:00,Class A,273292160_0,55.793623,12.789188,Under way using engine,0.0,11.7,148.9,148.0,9220641,UBGW3,LADY MARIIA,Cargo,No additional information,20.0,127.0,GPS,5.1,TO ORDER,17/01/2025 09:00:00,AIS,POINT (12.789188 55.793623),273292160_0,0 days 00:01:00,1.4768274975558456e-06,149.46799380850712,0.0,0,4.703028801094461,55.793623,12.789188
2025-01-14 13:52:00,2025-01-14 13:52:00,Class A,273292160_0,55.790838,12.792107,Under way using engine,0.0,11.7,149.1,147.0,9220641,UBGW3,LADY MARIIA,Cargo,No additional information,20.0,127.0,GPS,5.1,TO ORDER,17/01/2025 09:00:00,AIS,POINT (12.792107 55.790838),273292160_0,0 days 00:01:00,-1.6673139171563487e-07,149.49026540429196,0.0,0,4.70671322140727,55.790838,12.792107
2025-01-14 13:53:00,2025-01-14 13:53:00,Class A,273292160_0,55.788055,12.795087,Under way using engine,0.0,11.7,148.9,147.0,9220641,UBGW3,LADY MARIIA,Cargo,No additional information,20.0,127.0,GPS,5.1,TO ORDER,17/01/2025 09:00:00,AIS,POINT (12.795087 55.788055),273292160_0,0 days 00:01:00,4.935145593543914e-07,148.949370107317,0.0,0,4.710454993874903,55.788055,12.795087
2025-01-14 13:54:00,2025-01-14 13:54:00,Class A,273292160_0,55.785395,12.797993,Under way using engine,0.0,11.6,148.8,148.0,9220641,UBGW3,LADY MARIIA,Cargo,No additional information,20.0,127.0,GPS,5.1,TO ORDER,17/01/2025 09:00:00,AIS,POINT (12.797993 55.785395),273292160_0,0 days 00:01:00,-3.917635583262537e-06,148.43743817202562,0.0,0,4.7140862548987155,55.785395,12.797993
2025-01-14 13:55:00,2025-01-14 13:55:00,Class A,273292160_0,55.782642,12.800852,Under way using engine,0.0,11.5,149.3,148.0,9220641,UBGW3,LADY MARIIA,Cargo,No additional information,20.0,127.0,GPS,5.1,TO ORDER,17/01/2025 09:00:00,AIS,POINT (12.800852 55.782642),273292160_0,0 days 00:01:00,2.0463478844030766e-06,149.7153813049888,0.0,0,4.717705073029152,55.782642,12.800852
2025-01-14 13:56:00,2025-01-14 13:56:00,Class A,273292160_0,55.779932,12.803697,Under way using engine,0.0,11.4,148.9,152.0,9220641,UBGW3,LADY MARIIA,Cargo,No additional information,20.0,127.0,GPS,5.1,TO ORDER,17/01/2025 09:00:00,AIS,POINT (12.803697 55.779932),273292160_0,0 days 00:01:00,-1.268183251878661e-06,149.44260674107346,0.0,0,4.721296778950672,55.779932,12.803697
2025-01-14 13:57:00,2025-01-14 13:57:00,Class A,273292160_0,55.777277,12.806648,Under way using engine,0.0,11.4,148.5,152.0,9220641,UBGW3,LADY MARIIA,Cargo,No additional information,20.0,127.0,GPS,5.1,TO ORDER,17/01/2025 09:00:00,AIS,POINT (12.806648 55.777277),273292160_0,0 days 00:01:00,-4.902773180898706e-07,147.98960498137234,0.0,0,4.724970250973438,55.777277,12.806648
2025-01-14 13:58:00,2025-01-14 13:58:00,Class A,273292160_0,55.774623,12.809558,Under way using engine,0.0,11.4,148.4,146.0,9220641,UBGW3,LADY MARIIA,Cargo,No additional information,20.0,127.0,GPS,5.1,TO ORDER,17/01/2025 09:00:00,AIS,POINT (12.809558 55.774623),273292160_0,0 days 00:01:00,-4.020075266502789e-07,148.33742940581715,0.0,0,4.728605272109738,55.774623,12.809558
2025-01-14 13:59:00,2025-01-14 13:59:00,Class A,273292160_0,55.771917,12.812542,Under way using engine,0.0,11.4,147.7,145.0,9220641,UBGW3,LADY MARIIA,Cargo,No additional information,20.0,127.0,GPS,5.1,TO ORDER,17/01/2025 09:00:00,AIS,POINT (12.812542 55.771917),273292160_0,0 days 00:01:00,2.0483498768720293e-06,148.18933205912492,0.0,0,4.732327999217722,55.771917,12.812542
2025-01-14 14:14:00,2025-01-14 14:14:00,Class A,273292160_0,55.731838,12.85675,Under way using engine,0.0,11.4,147.3,143.0,9220641,UBGW3,LADY MARIIA,Cargo,No additional information,20.0,127.0,GPS,5.1,TO ORDER,17/01/2025 09:00:00,AIS,POINT (12.85675 55.731838),273292160_0,0 days 00:15:00,-8.125779812385895e-08,148.15153308001243,0.0,0,4.787534625252645,55.731838,12.85675
2025-01-14 14:15:00,2025-01-14 14:15:00,Class A,273292160_0,55.729197,12.859797,Under way using engine,0.0,11.5,147.3,144.0,9220641,UBGW3,LADY MARIIA,Cargo,No additional information,20.0,127.0,GPS,5.1,TO ORDER,17/01/2025 09:00:00,AIS,POINT (12.859797 55.729197),273292160_0,0 days 00:01:00,1.429484934700453e-07,146.9890145329589,0.0,0,4.79130202604313,55.729197,12.859797
2025-01-14 14:16:00,2025-01-14 14:16:00,Class A,273292160_0,55.726563,12.862872,Under way using engine,0.0,11.5,147.0,149.0,9220641,UBGW3,LADY MARIIA,Cargo,No additional information,20.0,127.0,GPS,5.1,TO ORDER,17/01/2025 09:00:00,AIS,POINT (12.862872 55.726563),273292160_0,0 days 00:01:00,8.856663183015531e-08,146.67758662805778,0.0,0,4.795093757742387,55.726563,12.862872
2025-01-14 14:17:00,2025-01-14 14:17:00,Class A,273292160_0,55.723887,12.865938,Under way using engine,0.0,11.5,147.1,148.0,9220641,UBGW3,LADY MARIIA,Cargo,No additional information,20.0,127.0,GPS,5.1,TO ORDER,17/01/2025 09:00:00,AIS,POINT (12.865938 55.723887),273292160_0,0 days 00:01:00,1.0038472054998653e-06,147.16710755482563,0.0,0,4.7988918750711616,55.723887,12.865938
2025-01-14 14:18:00,2025-01-14 14:18:00,Class A,273292160_0,55.72119,12.869038,Under way using engine,0.0,11.6,147.2,149.0,9220641,UBGW3,LADY MARIIA,Cargo,No additional information,20.0,127.0,GPS,5.1,TO ORDER,17/01/2025 09:00:00,AIS,POINT (12.869038 55.72119),273292160_0,0 days 00:01:00,8.697099720844358e-07,147.08141460864476,0.0,0,4.802729582521277,55.72119,12.869038
2025-01-14 14:19:00,2025-01-14 14:19:00,Class A,273292160_0,55.718462,12.872112,Under way using engine,0.0,11.6,147.2,144.0,9220641,UBGW3,LADY MARIIA,Cargo,No additional information,20.0,127.0,GPS,5.1,TO ORDER,17/01/2025 09:00:00,AIS,POINT (12.872112 55.718462),273292160_0,0 days 00:01:00,5.633445406151456e-07,147.59635219420505,0.0,0,4.806553984388919,55.718462,12.872112
2025-01-14 14:20:00,2025-01-14 14:20:00,Class A,273292160_0,55.715768,12.875233,Under way using engine,0.0,11.7,147.0,144.0,9220641,UBGW3,LADY MARIIA,Cargo,No additional information,20.0,127.0,GPS,5.1,TO ORDER,17/01/2025 09:00:00,AIS,POINT (12.875233 55.715768),273292160_0,0 days 00:01:00,-4.369677122247756e-07,146.87188235988754,0.0,0,4.8104112839542115,55.715768,12.875233
2025-01-14 14:32:00,2025-01-14 14:32:00,Class A,273292160_0,55.683022,12.91294,Under way using engine,0.0,11.8,146.6,143.0,9220641,UBGW3,LADY MARIIA,Cargo,No additional information,20.0,127.0,GPS,5.1,TO ORDER,17/01/2025 09:00:00,AIS,POINT (12.91294 55.683022),273292160_0,0 days 00:12:00,9.31969467435774e-08,147.00448304689922,0.0,0,4.857117304889084,55.683022,12.91294
2025-01-14 14:33:00,2025-01-14 14:33:00,Class A,273292160_0,55.680345,12.916158,Under way using engine,0.0,11.7,146.2,148.0,9220641,UBGW3,LADY MARIIA,Cargo,No additional information,20.0,127.0,GPS,5.1,TO ORDER,17/01/2025 09:00:00,AIS,POINT (12.916158 55.680345),273292160_0,0 days 00:01:00,-5.888784783464966e-07,145.87209715594219,0.0,0,4.861065363858008,55.680345,12.916158
2025-01-14 14:34:00,2025-01-14 14:34:00,Class A,273292160_0,55.67774,12.919343,Under way using engine,0.0,11.7,146.0,150.0,9220641,UBGW3,LADY MARIIA,Cargo,No additional information,20.0,127.0,GPS,5.1,TO ORDER,17/01/2025 09:00:00,AIS,POINT (12.919343 55.67774),273292160_0,0 days 00:01:00,-2.160849251076315e-06,145.41771029005895,0.0,0,4.864957819370071,55.67774,12.919343
2025-01-14 14:35:00,2025-01-14 14:35:00,Class A,273292160_0,55.675025,12.922537,Under way using engine,0.0,11.6,146.3,145.0,9220641,UBGW3,LADY MARIIA,Cargo,No additional information,20.0,127.0,GPS,5.1,TO ORDER,17/01/2025 09:00:00,AIS,POINT (12.922537 55.675025),273292160_0,0 days 00:01:00,2.906566108470766e-06,146.4404567309814,0.0,0,4.868897399496215,55.675025,12.922537
2025-01-14 14:36:00,2025-01-14 14:36:00,Class A,273292160_0,55.672358,12.925622,Under way using engine,0.0,11.6,147.0,145.0,9220641,UBGW3,LADY MARIIA,Cargo,No additional information,20.0,127.0,GPS,5.1,TO ORDER,17/01/2025 09:00:00,AIS,POINT (12.925622 55.672358),273292160_0,0 days 00:01:00,-2.285829581496543e-06,146.88286188263578,0.0,0,4.8727185048784625,55.672358,12.925622
2025-01-14 14:37:00,2025-01-14 14:37:00,Class A,273292160_0,55.669643,12.928655,Under way using engine,0.0,11.5,147.5,145.0,9220641,UBGW3,LADY MARIIA,Cargo,No additional information,20.0,127.0,GPS,5.1,TO ORDER,17/01/2025 09:00:00,AIS,POINT (12.928655 55.669643),273292160_0,0 days 00:01:00,7.596671495753004e-07,147.7879341112955,0.0,0,4.87650804498393,55.669643,12.928655
2025-01-14 14:38:00,2025-01-14 14:38:00,Class A,273292160_0,55.666943,12.931493,Under way using engine,0.0,11.5,149.7,155.0,9220641,UBGW3,LADY MARIIA,Cargo,No additional information,20.0,127.0,GPS,5.1,TO ORDER,17/01/2025 09:00:00,AIS,POINT (12.931493 55.666943),273292160_0,0 days 00:01:00,-2.1743250448531264e-06,149.3389877213496,0.0,0,4.880110078447922,55.666943,12.931493
2025-01-14 14:39:01,2025-01-14 14:39:01,Class A,273292160_0,55.664112,12.934138,Under way using engine,0.0,11.4,152.3,156.0,9220641,UBGW3,LADY MARIIA,Cargo,No additional information,20.0,127.0,GPS,5.1,TO ORDER,17/01/2025 09:00:00,AIS,POINT (12.934138 55.664112),273292160_0,0 days 00:01:01,2.5889098489302634e-07,152.21120161498652,0.0,0,4.8835775671784925,55.664112,12.934138
2025-01-14 14:40:01,2025-01-14 14:40:01,Class A,273292160_0,55.661302,12.936565,Under way using engine,0.0,11.4,154.4,152.0,9220641,UBGW3,LADY MARIIA,Cargo,No additional information,20.0,127.0,GPS,5.1,TO ORDER,17/01/2025 09:00:00,AIS,POINT (12.936565 55.661302),273292160_0,0 days 00:01:00,-6.807754478263019e-07,154.02447120425575,0.0,0,4.886834101184324,55.661302,12.936565
2025-01-14 14:41:01,2025-01-14 14:41:01,Class A,273292160_0,55.65836,12.938418,Under way using engine,0.0,11.2,160.0,160.0,9220641,UBGW3,LADY MARIIA,Cargo,No additional information,20.0,127.0,GPS,5.1,TO ORDER,17/01/2025 09:00:00,AIS,POINT (12.938418 55.65836),273292160_0,0 days 00:01:00,-1.266177306041144e-07,160.43921116968818,0.0,0,4.889599896558511,55.65836,12.938418
2025-01-14 14:42:01,2025-01-14 14:42:01,Class A,273292160_0,55.655425,12.939733,Under way using engine,0.0,11.1,165.8,165.0,9220641,UBGW3,LADY MARIIA,Cargo,No additional information,20.0,127.0,GPS,5.1,TO ORDER,17/01/2025 09:00:00,AIS,POINT (12.939733 55.655425),273292160_0,0 days 00:01:00,-2.945284439390894e-06,165.81441661375163,0.0,0,4.891860324674551,55.655425,12.939733
2025-01-14 14:43:01,2025-01-14 14:43:01,Class A,273292160_0,55.652455,12.94074,Under way using engine,0.0,11.0,169.5,175.0,9220641,UBGW3,LADY MARIIA,Cargo,No additional information,20.0,127.0,GPS,5.1,TO ORDER,17/01/2025 09:00:00,AIS,POINT (12.94074 55.652455),273292160_0,0 days 00:01:00,-1.1179249502564202e-07,169.1701489847137,0.0,0,4.893845737225887,55.652455,12.94074
2025-01-14 14:44:01,2025-01-14 14:44:01,Class A,273292160_0,55.649495,12.940743,Under way using engine,0.0,10.6,181.0,194.0,9220641,UBGW3,LADY MARIIA,Cargo,No additional information,20.0,127.0,GPS,5.1,TO ORDER,17/01/2025 09:00:00,AIS,POINT (12.940743 55.649495),273292160_0,0 days 00:01:00,-1.98184678465166e-06,179.96723374633757,0.0,0,4.8948889917571154,55.649495,12.940743
2025-01-14 14:45:01,2025-01-14 14:45:01,Class A,273292160_0,55.646972,12.938947,Under way using engine,0.0,9.8,202.5,215.0,9220641,UBGW3,LADY MARIIA,Cargo,No additional information,20.0,127.0,GPS,5.1,TO ORDER,17/01/2025 09:00:00,AIS,POINT (12.938947 55.646972),273292160_0,0 days 00:01:00,-7.430446682156781e-06,201.88496988857895,0.0,0,4.894096201822152,55.646972,12.938947
2025-01-14 14:46:01,2025-01-14 14:46:01,Class A,273292160_0,55.644893,12.935913,Under way using engine,0.0,9.7,218.3,222.0,9220641,UBGW3,LADY MARIIA,Cargo,No additional information,20.0,127.0,GPS,5.1,TO ORDER,17/01/2025 09:00:00,AIS,POINT (12.935913 55.644893),273292160_0,0 days 00:01:00,-7.47344687961913e-07,219.47346239909203,0.0,0,4.891990207846801,55.644893,12.935913
2025-01-14 14:59:00,2025-01-14 14:59:00,Class A,273292160_0,55.616267,12.89214,Under way using engine,0.0,10.7,221.1,224.0,9220641,UBGW3,LADY MARIIA,Cargo,No additional information,20.0,127.0,GPS,5.1,TO ORDER,17/01/2025 09:00:00,AIS,POINT (12.89214 55.616267),273292160_0,0 days 00:12:59,5.235182705668328e-07,220.82003977413032,0.0,0,4.861319805886874,55.616267,12.89214
2025-01-14 15:00:00,2025-01-14 15:00:00,Class A,273292160_0,55.614103,12.888603,Under way using engine,0.0,10.8,222.5,225.0,9220641,UBGW3,LADY MARIIA,Cargo,No additional information,20.0,127.0,GPS,5.1,TO ORDER,17/01/2025 09:00:00,AIS,POINT (12.888603 55.614103),273292160_0,0 days 00:01:00,1.0061149587338332e-06,222.71051054806586,0.0,0,4.858803752008204,55.614103,12.888603
2025-01-14 15:01:00,2025-01-14 15:01:00,Class A,273292160_0,55.611927,12.885028,Under way using engine,0.0,10.8,223.0,219.0,9220641,UBGW3,LADY MARIIA,Cargo,No additional information,20.0,127.0,GPS,5.1,TO ORDER,17/01/2025 09:00:00,AIS,POINT (12.885028 55.611927),273292160_0,0 days 00:01:00,7.267256405675809e-07,222.8593818521241,0.0,0,4.856258864196183,55.611927,12.885028
2025-01-14 15:02:00,2025-01-14 15:02:00,Class A,273292160_0,55.609712,12.881427,Under way using engine,0.0,10.9,223.0,219.0,9220641,UBGW3,LADY MARIIA,Cargo,No additional information,20.0,127.0,GPS,5.1,TO ORDER,17/01/2025 09:00:00,AIS,POINT (12.881427 55.609712),273292160_0,0 days 00:01:00,1.196822053102176e-06,222.56064715537954,0.0,0,4.853706178467131,55.609712,12.881427
2025-01-14 15:03:00,2025-01-14 15:03:00,Class A,273292160_0,55.607518,12.877792,Under way using engine,0.0,11.0,223.2,220.0,9220641,UBGW3,LADY MARIIA,Cargo,No additional information,20.0,127.0,GPS,5.1,TO ORDER,17/01/2025 09:00:00,AIS,POINT (12.877792 55.607518),273292160_0,0 days 00:01:00,-6.832351948497274e-08,223.10282485695345,0.0,0,4.851116525440818,55.607518,12.877792
2025-01-14 15:04:00,2025-01-14 15:04:00,Class A,273292160_0,55.60531,12.874123,Under way using engine,0.0,11.0,223.1,224.0,9220641,UBGW3,LADY MARIIA,Cargo,No additional information,20.0,127.0,GPS,5.1,TO ORDER,17/01/2025 09:00:00,AIS,POINT (12.874123 55.60531),273292160_0,0 days 00:01:00,7.255253601691433e-07,223.18875623345357,0.0,0,4.848502642326804,55.60531,12.874123
2025-01-14 15:05:00,2025-01-14 15:05:00,Class A,273292160_0,55.60307,12.87044,Under way using engine,0.0,11.0,223.3,225.0,9220641,UBGW3,LADY MARIIA,Cargo,No additional information,20.0,127.0,GPS,5.1,TO ORDER,17/01/2025 09:00:00,AIS,POINT (12.87044 55.60307),273292160_0,0 days 00:01:00,8.925606421502039e-07,222.88799359391675,0.0,0,4.845889775447745,55.60307,12.87044
2025-01-14 15:06:00,2025-01-14 15:06:00,Class A,273292160_0,55.60084,12.866733,Under way using engine,0.0,11.2,223.1,220.0,9220641,UBGW3,LADY MARIIA,Cargo,No additional information,20.0,127.0,GPS,5.1,TO ORDER,17/01/2025 09:00:00,AIS,POINT (12.866733 55.60084),273292160_0,0 days 00:01:00,6.384745283955981e-08,223.20315307861006,0.0,0,4.8432533411385785,55.60084,12.866733
2025-01-14 15:13:00,2025-01-14 15:13:00,Class A,273292160_0,55.584648,12.840933,Under way using engine,0.0,11.4,222.2,225.0,9220641,UBGW3,LADY MARIIA,Cargo,No additional information,20.0,127.0,GPS,5.1,TO ORDER,17/01/2025 09:00:00,AIS,POINT (12.840933 55.584648),273292160_0,0 days 00:07:00,2.3550646012870093e-07,222.00967082646994,0.0,0,4.82522046118869,55.584648,12.840933
2025-01-14 15:14:00,2025-01-14 15:14:00,Class A,273292160_0,55.582333,12.837213,Under way using engine,0.0,11.4,222.2,224.0,9220641,UBGW3,LADY MARIIA,Cargo,No additional information,20.0,127.0,GPS,5.1,TO ORDER,17/01/2025 09:00:00,AIS,POINT (12.837213 55.582333),273292160_0,0 days 00:01:00,4.5598572699194483e-07,222.24832921473933,0.0,0,4.822623385846028,55.582333,12.837213
2025-01-14 15:15:00,2025-01-14 15:15:00,Class A,273292160_0,55.579958,12.833478,Under way using engine,0.0,11.4,222.2,224.0,9220641,UBGW3,LADY MARIIA,Cargo,No additional information,20.0,127.0,GPS,5.1,TO ORDER,17/01/2025 09:00:00,AIS,POINT (12.833478 55.579958),273292160_0,0 days 00:01:00,1.557355633835421e-06,221.63581664470132,0.0,0,4.820037267491716,55.579958,12.833478
2025-01-14 15:16:00,2025-01-14 15:16:00,Class A,273292160_0,55.57766,12.829745,Under way using engine,0.0,11.4,222.2,225.0,9220641,UBGW3,LADY MARIIA,Cargo,No additional information,20.0,127.0,GPS,5.1,TO ORDER,17/01/2025 09:00:00,AIS,POINT (12.829745 55.57766),273292160_0,0 days 00:01:00,-1.7862363546983894e-06,222.56154665214044,0.0,0,4.817427013379031,55.57766,12.829745
2025-01-14 15:17:00,2025-01-14 15:17:00,Class A,273292160_0,55.575295,12.826035,Under way using engine,0.0,11.5,221.6,219.0,9220641,UBGW3,LADY MARIIA,Cargo,No additional information,20.0,127.0,GPS,5.1,TO ORDER,17/01/2025 09:00:00,AIS,POINT (12.826035 55.575295),273292160_0,0 days 00:01:00,1.2691522401147662e-06,221.5681710879325,0.0,0,4.814865667406413,55.575295,12.826035
2025-01-14 15:18:00,2025-01-14 15:18:00,Class A,273292160_0,55.572858,12.82236,Under way using engine,0.0,11.4,220.8,218.0,9220641,UBGW3,LADY MARIIA,Cargo,No additional information,20.0,127.0,GPS,5.1,TO ORDER,17/01/2025 09:00:00,AIS,POINT (12.82236 55.572858),273292160_0,0 days 00:01:00,1.2785056526320772e-06,220.45023751547242,0.0,0,4.812366352352345,55.572858,12.82236
2025-01-14 15:19:00,2025-01-14 15:19:00,Class A,273292160_0,55.57049,12.818773,Under way using engine,0.0,11.5,220.4,223.0,9220641,UBGW3,LADY MARIIA,Cargo,No additional information,20.0,127.0,GPS,5.1,TO ORDER,17/01/2025 09:00:00,AIS,POINT (12.818773 55.57049),273292160_0,0 days 00:01:00,-2.6212585959137686e-06,220.57884876033964,0.0,0,4.8099255455620105,55.57049,12.818773
2025-01-14 15:27:00,2025-01-14 15:27:00,Class A,273292160_0,55.551855,12.790898,Under way using engine,0.0,10.7,219.8,218.0,9220641,UBGW3,LADY MARIIA,Cargo,No additional information,20.0,127.0,GPS,5.1,TO ORDER,17/01/2025 09:00:00,AIS,POINT (12.790898 55.551855),273292160_0,0 days 00:08:00,-2.581691214518998e-07,220.24061605903682,0.0,0,4.791135261083744,55.551855,12.790898
2025-01-14 15:28:00,2025-01-14 15:28:00,Class A,273292160_0,55.549573,12.78744,Under way using engine,0.0,10.8,220.2,223.0,9220641,UBGW3,LADY MARIIA,Cargo,No additional information,20.0,127.0,GPS,5.1,TO ORDER,17/01/2025 09:00:00,AIS,POINT (12.78744 55.549573),273292160_0,0 days 00:01:00,-1.4042039702133352e-06,220.60430589887642,0.0,0,4.788804167857357,55.549573,12.78744
2025-01-14 15:29:00,2025-01-14 15:29:00,Class A,273292160_0,55.547303,12.783995,Under way using engine,0.0,11.0,220.4,222.0,9220641,UBGW3,LADY MARIIA,Cargo,No additional information,20.0,127.0,GPS,5.1,TO ORDER,17/01/2025 09:00:00,AIS,POINT (12.783995 55.547303),273292160_0,0 days 00:01:00,-4.277368764842894e-07,220.64857988157257,0.0,0,4.786482971547377,55.547303,12.783995
2025-01-14 15:30:00,2025-01-14 15:30:00,Class A,273292160_0,55.544987,12.78051,Under way using engine,0.0,10.9,220.4,222.0,9220641,UBGW3,LADY MARIIA,Cargo,No additional information,20.0,127.0,GPS,5.1,TO ORDER,17/01/2025 09:00:00,AIS,POINT (12.78051 55.544987),273292160_0,0 days 00:01:00,1.5389098009474436e-06,220.40920462300727,0.0,0,4.784144796593012,55.544987,12.78051
2025-01-14 15:31:00,2025-01-14 15:31:00,Class A,273292160_0,55.542693,12.77712,Under way using engine,0.0,10.9,220.2,223.0,9220641,UBGW3,LADY MARIIA,Cargo,No additional information,20.0,127.0,GPS,5.1,TO ORDER,17/01/2025 09:00:00,AIS,POINT (12.77712 55.542693),273292160_0,0 days 00:01:00,-1.592810297977804e-06,219.89988628793168,0.0,0,4.781888505635404,55.542693,12.77712
2025-01-14 15:32:00,2025-01-14 15:32:00,Class A,273292160_0,55.54042,12.773712,Under way using engine,0.0,10.8,220.5,218.0,9220641,UBGW3,LADY MARIIA,Cargo,No additional information,20.0,127.0,GPS,5.1,TO ORDER,17/01/2025 09:00:00,AIS,POINT (12.773712 55.54042),273292160_0,0 days 00:01:00,-2.905137955539159e-07,220.31065078978264,0.0,0,4.779609983505035,55.54042,12.773712
2025-01-14 15:33:00,2025-01-14 15:33:00,Class A,273292160_0,55.538202,12.770253,Under way using engine,0.0,10.7,221.2,219.0,9220641,UBGW3,LADY MARIIA,Cargo,No additional information,20.0,127.0,GPS,5.1,TO ORDER,17/01/2025 09:00:00,AIS,POINT (12.770253 55.538202),273292160_0,0 days 00:01:00,-6.969816596268224e-07,221.4277645523442,0.0,0,4.77726568650248,55.538202,12.770253
2025-01-14 15:34:00,2025-01-14 15:34:00,Class A,273292160_0,55.535953,12.766808,Under way using engine,0.0,10.7,221.3,219.0,9220641,UBGW3,LADY MARIIA,Cargo,No additional information,20.0,127.0,GPS,5.1,TO ORDER,17/01/2025 09:00:00,AIS,POINT (12.766808 55.535953),273292160_0,0 days 00:01:00,5.613867723804646e-07,220.92014563879792,0.0,0,4.774948614771053,55.535953,12.766808
2025-01-14 15:42:00,2025-01-14 15:42:00,Class A,273292160_0,55.518053,12.738883,Under way using engine,0.0,10.8,221.7,224.0,9220641,UBGW3,LADY MARIIA,Cargo,No additional information,20.0,127.0,GPS,5.1,TO ORDER,17/01/2025 09:00:00,AIS,POINT (12.738883 55.518053),273292160_0,0 days 00:08:00,3.379107322813763e-08,221.45663789750802,0.0,0,4.756127514841143,55.518053,12.738883
2025-01-14 15:43:00,2025-01-14 15:43:00,Class A,273292160_0,55.515812,12.735433,Under way using engine,0.0,10.7,221.5,219.0,9220641,UBGW3,LADY MARIIA,Cargo,No additional information,20.0,127.0,GPS,5.1,TO ORDER,17/01/2025 09:00:00,AIS,POINT (12.735433 55.515812),273292160_0,0 days 00:01:00,-3.791475202599443e-07,221.0769096232844,0.0,0,4.753824679673622,55.515812,12.735433
2025-01-14 15:44:00,2025-01-14 15:44:00,Class A,273292160_0,55.513577,12.73202,Under way using engine,0.0,10.7,221.4,219.0,9220641,UBGW3,LADY MARIIA,Cargo,No additional information,20.0,127.0,GPS,5.1,TO ORDER,17/01/2025 09:00:00,AIS,POINT (12.73202 55.513577),273292160_0,0 days 00:01:00,-5.639114225165342e-07,220.84871678885946,0.0,0,4.751555999140494,55.513577,12.73202
2025-01-14 15:45:00,2025-01-14 15:45:00,Class A,273292160_0,55.511355,12.728682,Under way using engine,0.0,10.5,220.9,218.0,9220641,UBGW3,LADY MARIIA,Cargo,No additional information,20.0,127.0,GPS,5.1,TO ORDER,17/01/2025 09:00:00,AIS,POINT (12.728682 55.511355),273292160_0,0 days 00:01:00,-1.1605970525313074e-06,220.38634666925242,0.0,0,4.7493536571049315,55.511355,12.728682
2025-01-14 15:46:00,2025-01-14 15:46:00,Class A,273292160_0,55.509165,12.725368,Under way using engine,0.0,10.5,221.0,223.0,9220641,UBGW3,LADY MARIIA,Cargo,No additional information,20.0,127.0,GPS,5.1,TO ORDER,17/01/2025 09:00:00,AIS,POINT (12.725368 55.509165),273292160_0,0 days 00:01:00,-1.0236716802024259e-06,220.59418801168334,0.0,0,4.747163203956652,55.509165,12.725368
2025-01-14 15:47:00,2025-01-14 15:47:00,Class A,273292160_0,55.506992,12.72202,Under way using engine,0.0,10.4,221.1,223.0,9220641,UBGW3,LADY MARIIA,Cargo,No additional information,20.0,127.0,GPS,5.1,TO ORDER,17/01/2025 09:00:00,AIS,POINT (12.72202 55.506992),273292160_0,0 days 00:01:00,-4.45343203268137e-09,221.10602557898474,0.0,0,4.74493711986292,55.506992,12.72202
2025-01-14 16:06:00,2025-01-14 16:06:00,Class A,273292160_0,55.464132,12.663348,Under way using engine,0.0,10.3,193.3,193.0,9220641,UBGW3,LADY MARIIA,Cargo,No additional information,20.0,127.0,GPS,5.1,TO ORDER,17/01/2025 09:00:00,AIS,POINT (12.663348 55.464132),273292160_0,0 days 00:19:00,-4.7840577278062724e-08,217.82312911786227,0.0,0,4.708238650942515,55.464132,12.663348
2025-01-14 16:07:00,2025-01-14 16:07:00,Class A,273292160_0,55.461268,12.662377,Under way using engine,0.0,10.4,191.1,193.0,9220641,UBGW3,LADY MARIIA,Cargo,No additional information,20.0,127.0,GPS,5.1,TO ORDER,17/01/2025 09:00:00,AIS,POINT (12.662377 55.461268),273292160_0,0 days 00:01:00,1.8397933324338968e-06,190.88075783637578,0.0,0,4.7085120030228245,55.461268,12.662377
2025-01-14 16:08:00,2025-01-14 16:08:00,Class A,273292160_0,55.458402,12.661445,Under way using engine,0.0,10.5,190.4,193.0,9220641,UBGW3,LADY MARIIA,Cargo,No additional information,20.0,127.0,GPS,5.1,TO ORDER,17/01/2025 09:00:00,AIS,POINT (12.661445 55.458402),273292160_0,0 days 00:01:00,-6.611158951920608e-08,190.44716993617433,0.0,0,4.7088237306378335,55.458402,12.661445
2025-01-14 16:09:00,2025-01-14 16:09:00,Class A,273292160_0,55.455515,12.660637,Under way using engine,0.0,10.5,189.9,187.0,9220641,UBGW3,LADY MARIIA,Cargo,No additional information,20.0,127.0,GPS,5.1,TO ORDER,17/01/2025 09:00:00,AIS,POINT (12.660637 55.455515),273292160_0,0 days 00:01:00,2.7109482756951876e-07,189.0177652789931,0.0,0,4.709259184343224,55.455515,12.660637
2025-01-14 16:10:00,2025-01-14 16:10:00,Class A,273292160_0,55.452638,12.659782,Under way using engine,0.0,10.5,189.6,188.0,9220641,UBGW3,LADY MARIIA,Cargo,No additional information,20.0,127.0,GPS,5.1,TO ORDER,17/01/2025 09:00:00,AIS,POINT (12.659782 55.452638),273292160_0,0 days 00:01:00,-1.7140681368322853e-07,189.5661532660543,0.0,0,4.709649509373813,55.452638,12.659782
2025-01-14 16:11:00,2025-01-14 16:11:00,Class A,273292160_0,55.449723,12.658957,Under way using engine,0.0,10.5,189.4,192.0,9220641,UBGW3,LADY MARIIA,Cargo,No additional information,20.0,127.0,GPS,5.1,TO ORDER,17/01/2025 09:00:00,AIS,POINT (12.658957 55.449723),273292160_0,0 days 00:01:00,1.073888138312159e-06,189.1186775191624,0.0,0,4.710084607573945,55.449723,12.658957
2025-01-14 16:12:00,2025-01-14 16:12:00,Class A,273292160_0,55.44684,12.658123,Under way using engine,0.0,10.5,189.3,193.0,9220641,UBGW3,LADY MARIIA,Cargo,No additional information,20.0,127.0,GPS,5.1,TO ORDER,17/01/2025 09:00:00,AIS,POINT (12.658123 55.44684),273292160_0,0 days 00:01:00,-9.512603154838868e-07,189.31763925597076,0.0,0,4.710500325427224,55.44684,12.658123
2025-01-14 16:13:00,2025-01-14 16:13:00,Class A,273292160_0,55.443952,12.657285,Under way using engine,0.0,10.5,189.4,193.0,9220641,UBGW3,LADY MARIIA,Cargo,No additional information,20.0,127.0,GPS,5.1,TO ORDER,17/01/2025 09:00:00,AIS,POINT (12.657285 55.443952),273292160_0,0 days 00:01:00,1.6412996763877247e-07,189.34628947033684,0.0,0,4.710916314367937,55.443952,12.657285
2025-01-14 16:14:01,2025-01-14 16:14:01,Class A,273292160_0,55.441072,12.656457,Under way using engine,0.0,10.5,189.2,192.0,9220641,UBGW3,LADY MARIIA,Cargo,No additional information,20.0,127.0,GPS,5.1,TO ORDER,17/01/2025 09:00:00,AIS,POINT (12.656457 55.441072),273292160_0,0 days 00:01:01,-1.7232233073950246e-06,189.26256970162066,0.0,0,4.711340030412791,55.441072,12.656457
2025-01-14 16:15:01,2025-01-14 16:15:01,Class A,273292160_0,55.438213,12.655622,Under way using engine,0.0,10.4,189.3,188.0,9220641,UBGW3,LADY MARIIA,Cargo,No additional information,20.0,127.0,GPS,5.1,TO ORDER,17/01/2025 09:00:00,AIS,POINT (12.655622 55.438213),273292160_0,0 days 00:01:00,8.587946446559295e-07,189.4075507634844,0.0,0,4.711750614574163,55.438213,12.655622
2025-01-14 16:16:01,2025-01-14 16:16:01,Class A,273292160_0,55.435342,12.65484,Under way using engine,0.0,10.4,189.4,187.0,9220641,UBGW3,LADY MARIIA,Cargo,No additional information,20.0,127.0,GPS,5.1,TO ORDER,17/01/2025 09:00:00,AIS,POINT (12.65484 55.435342),273292160_0,0 days 00:01:00,2.189241229144107e-07,188.78446172420777,0.0,0,4.7122162960047795,55.435342,12.65484
2025-01-14 16:17:01,2025-01-14 16:17:01,Class A,273292160_0,55.432465,12.654017,Under way using engine,0.0,10.5,189.3,187.0,9220641,UBGW3,LADY MARIIA,Cargo,No additional information,20.0,127.0,GPS,5.1,TO ORDER,17/01/2025 09:00:00,AIS,POINT (12.654017 55.432465),273292160_0,0 days 00:01:00,2.9641024125768036e-07,189.21900916946362,0.0,0,4.712648909462809,55.432465,12.654017
2025-01-14 16:28:00,2025-01-14 16:28:00,Class A,273292160_0,55.400885,12.644792,Under way using engine,0.0,10.4,189.4,188.0,9220641,UBGW3,LADY MARIIA,Cargo,No additional information,20.0,127.0,GPS,5.1,TO ORDER,17/01/2025 09:00:00,AIS,POINT (12.644792 55.400885),273292160_0,0 days 00:10:59,-3.5496663269627404e-10,189.4181243398927,0.0,0,4.717346054481905,55.400885,12.644792
2025-01-14 16:29:00,2025-01-14 16:29:00,Class A,273292160_0,55.398028,12.644038,Under way using engine,0.0,10.4,189.3,188.0,9220641,UBGW3,LADY MARIIA,Cargo,No additional information,20.0,127.0,GPS,5.1,TO ORDER,17/01/2025 09:00:00,AIS,POINT (12.644038 55.398028),273292160_0,0 days 00:01:00,-7.934004993803354e-07,188.52342801392865,0.0,0,4.717855271681087,55.398028,12.644038
2025-01-14 16:30:00,2025-01-14 16:30:00,Class A,273292160_0,55.395167,12.643183,Under way using engine,0.0,10.3,189.4,193.0,9220641,UBGW3,LADY MARIIA,Cargo,No additional information,20.0,127.0,GPS,5.1,TO ORDER,17/01/2025 09:00:00,AIS,POINT (12.643183 55.395167),273292160_0,0 days 00:01:00,4.033296395199547e-07,189.63240084255872,0.0,0,4.718276245258325,55.395167,12.643183
2025-01-14 16:31:00,2025-01-14 16:31:00,Class A,273292160_0,55.392347,12.642398,Under way using engine,0.0,10.3,189.6,187.0,9220641,UBGW3,LADY MARIIA,Cargo,No additional information,20.0,127.0,GPS,5.1,TO ORDER,17/01/2025 09:00:00,AIS,POINT (12.642398 55.392347),273292160_0,0 days 00:01:00,-1.4507618848440782e-06,188.984141358155,0.0,0,4.718745421620454,55.392347,12.642398
2025-01-14 16:32:00,2025-01-14 16:32:00,Class A,273292160_0,55.38949,12.641597,Under way using engine,0.0,10.4,189.4,188.0,9220641,UBGW3,LADY MARIIA,Cargo,No additional information,20.0,127.0,GPS,5.1,TO ORDER,17/01/2025 09:00:00,AIS,POINT (12.641597 55.38949),273292160_0,0 days 00:01:00,1.174380025486798e-06,189.0481174378901,0.0,0,4.719217384527439,55.38949,12.641597
2025-01-14 16:33:00,2025-01-14 16:33:00,Class A,273292160_0,55.386667,12.640788,Under way using engine,0.0,10.3,189.3,187.0,9220641,UBGW3,LADY MARIIA,Cargo,No additional information,20.0,127.0,GPS,5.1,TO ORDER,17/01/2025 09:00:00,AIS,POINT (12.640788 55.386667),273292160_0,0 days 00:01:00,-1.0154764908854638e-06,189.24577335203998,0.0,0,4.719669609776091,55.386667,12.640788
2025-01-14 16:34:00,2025-01-14 16:34:00,Class A,273292160_0,55.383832,12.639925,Under way using engine,0.0,10.4,189.3,193.0,9220641,UBGW3,LADY MARIIA,Cargo,No additional information,20.0,127.0,GPS,5.1,TO ORDER,17/01/2025 09:00:00,AIS,POINT (12.639925 55.383832),273292160_0,0 days 00:01:00,5.237969436049615e-07,189.81100088023305,0.0,0,4.720079692235927,55.383832,12.639925
2025-01-14 16:35:00,2025-01-14 16:35:00,Class A,273292160_0,55.381007,12.639115,Under way using engine,0.0,10.4,189.2,192.0,9220641,UBGW3,LADY MARIIA,Cargo,No additional information,20.0,127.0,GPS,5.1,TO ORDER,17/01/2025 09:00:00,AIS,POINT (12.639115 55.381007),273292160_0,0 days 00:01:00,-4.596711394567182e-07,189.2518650518433,0.0,0,4.720535441556711,55.381007,12.639115
2025-01-14 16:36:00,2025-01-14 16:36:00,Class A,273292160_0,55.378158,12.638315,Under way using engine,0.0,10.4,189.2,187.0,9220641,UBGW3,LADY MARIIA,Cargo,No additional information,20.0,127.0,GPS,5.1,TO ORDER,17/01/2025 09:00:00,AIS,POINT (12.638315 55.378158),273292160_0,0 days 00:01:00,7.047426355188032e-07,189.06451714115246,0.0,0,4.72101217404679,55.378158,12.638315
2025-01-14 16:37:00,2025-01-14 16:37:00,Class A,273292160_0,55.375342,12.637508,Under way using engine,0.0,10.4,189.2,188.0,9220641,UBGW3,LADY MARIIA,Cargo,No additional information,20.0,127.0,GPS,5.1,TO ORDER,17/01/2025 09:00:00,AIS,POINT (12.637508 55.375342),273292160_0,0 days 00:01:00,-9.876955801417566e-07,189.24844303152884,0.0,0,4.721470418446883,55.375342,12.637508
2025-01-14 16:38:00,2025-01-14 16:38:00,Class A,273292160_0,55.372475,12.636725,Under way using engine,0.0,10.4,189.2,188.0,9220641,UBGW3,LADY MARIIA,Cargo,No additional information,20.0,127.0,GPS,5.1,TO ORDER,17/01/2025 09:00:00,AIS,POINT (12.636725 55.372475),273292160_0,0 days 00:01:00,1.4911504332963098e-06,188.82140027923955,0.0,0,4.721973768153419,55.372475,12.636725
2025-01-14 16:39:00,2025-01-14 16:39:00,Class A,273292160_0,55.369642,12.635928,Under way using engine,0.0,10.4,189.2,187.0,9220641,UBGW3,LADY MARIIA,Cargo,No additional information,20.0,127.0,GPS,5.1,TO ORDER,17/01/2025 09:00:00,AIS,POINT (12.635928 55.369642),273292160_0,0 days 00:01:00,-1.0000316992751663e-06,189.08316621894056,0.0,0,4.722451842768649,55.369642,12.635928
2025-01-14 16:40:00,2025-01-14 16:40:00,Class A,273292160_0,55.366803,12.635062,Under way using engine,0.0,10.4,189.3,193.0,9220641,UBGW3,LADY MARIIA,Cargo,No additional information,20.0,127.0,GPS,5.1,TO ORDER,17/01/2025 09:00:00,AIS,POINT (12.635062 55.366803),273292160_0,0 days 00:01:00,3.8329152161769147e-07,189.8349905866611,0.0,0,4.72287177268238,55.366803,12.635062
2025-01-14 16:41:00,2025-01-14 16:41:00,Class A,273292160_0,55.363943,12.634283,Under way using engine,0.0,10.4,189.3,188.0,9220641,UBGW3,LADY MARIIA,Cargo,No additional information,20.0,127.0,GPS,5.1,TO ORDER,17/01/2025 09:00:00,AIS,POINT (12.634283 55.363943),273292160_0,0 days 00:01:00,3.923478817027699e-07,188.80005304773942,0.0,0,4.723381207352314,55.363943,12.634283
2025-01-14 16:42:00,2025-01-14 16:42:00,Class A,273292160_0,55.361107,12.633477,Under way using engine,0.0,10.4,189.4,188.0,9220641,UBGW3,LADY MARIIA,Cargo,No additional information,20.0,127.0,GPS,5.1,TO ORDER,17/01/2025 09:00:00,AIS,POINT (12.633477 55.361107),273292160_0,0 days 00:01:00,-6.584775910061912e-07,189.17639354333727,0.0,0,4.723857800605878,55.361107,12.633477
2025-01-14 16:43:00,2025-01-14 16:43:00,Class A,273292160_0,55.358245,12.632638,Under way using engine,0.0,10.4,189.4,187.0,9220641,UBGW3,LADY MARIIA,Cargo,No additional information,20.0,127.0,GPS,5.1,TO ORDER,17/01/2025 09:00:00,AIS,POINT (12.632638 55.358245),273292160_0,0 days 00:01:00,8.878547268758012e-07,189.46085247656075,0.0,0,4.724317410557849,55.358245,12.632638
2025-01-14 16:44:00,2025-01-14 16:44:00,Class A,273292160_0,55.355418,12.631835,Under way using engine,0.0,10.4,189.4,187.0,9220641,UBGW3,LADY MARIIA,Cargo,No additional information,20.0,127.0,GPS,5.1,TO ORDER,17/01/2025 09:00:00,AIS,POINT (12.631835 55.355418),273292160_0,0 days 00:01:00,-1.1708047779364118e-06,189.17272484862934,0.0,0,4.724796483314176,55.355418,12.631835
2025-01-14 16:45:00,2025-01-14 16:45:00,Class A,273292160_0,55.35259,12.630935,Under way using engine,0.0,10.4,189.3,193.0,9220641,UBGW3,LADY MARIIA,Cargo,No additional information,20.0,127.0,GPS,5.1,TO ORDER,17/01/2025 09:00:00,AIS,POINT (12.630935 55.35259),273292160_0,0 days 00:01:00,3.1960147949528933e-07,190.25563221735592,0.0,0,4.725190060663592,55.35259,12.630935
2025-01-14 16:46:00,2025-01-14 16:46:00,Class A,273292160_0,55.349677,12.630217,Under way using engine,0.0,10.4,189.2,188.0,9220641,UBGW3,LADY MARIIA,Cargo,No additional information,20.0,127.0,GPS,5.1,TO ORDER,17/01/2025 09:00:00,AIS,POINT (12.630217 55.349677),273292160_0,0 days 00:01:00,2.086655133070623e-06,187.97753944663899,0.0,0,4.725786337007313,55.349677,12.630217
2025-01-14 16:47:00,2025-01-14 16:47:00,Class A,273292160_0,55.34691,12.629365,Under way using engine,0.0,10.4,189.1,188.0,9220641,UBGW3,LADY MARIIA,Cargo,No additional information,20.0,127.0,GPS,5.1,TO ORDER,17/01/2025 09:00:00,AIS,POINT (12.629365 55.34691),273292160_0,0 days 00:01:00,-4.091993385450134e-06,189.93082660116332,0.0,0,4.72620081914787,55.34691,12.629365
2025-01-14 16:48:00,2025-01-14 16:48:00,Class A,273292160_0,55.344057,12.628568,Under way using engine,0.0,10.4,189.2,187.0,9220641,UBGW3,LADY MARIIA,Cargo,No additional information,20.0,127.0,GPS,5.1,TO ORDER,17/01/2025 09:00:00,AIS,POINT (12.628568 55.344057),273292160_0,0 days 00:01:00,2.46334766084508e-06,189.02627776609248,0.0,0,4.726703607981359,55.344057,12.628568
2025-01-14 16:49:00,2025-01-14 16:49:00,Class A,273292160_0,55.34126,12.627788,Under way using engine,0.0,10.4,189.2,188.0,9220641,UBGW3,LADY MARIIA,Cargo,No additional information,20.0,127.0,GPS,5.1,TO ORDER,17/01/2025 09:00:00,AIS,POINT (12.627788 55.34126),273292160_0,0 days 00:01:00,-1.7572456046050013e-06,189.01149475791317,0.0,0,4.7271995025728515,55.34126,12.627788
2025-01-14 16:50:00,2025-01-14 16:50:00,Class A,273292160_0,55.338407,12.626993,Under way using engine,0.0,10.3,189.2,188.0,9220641,UBGW3,LADY MARIIA,Cargo,No additional information,20.0,127.0,GPS,5.1,TO ORDER,17/01/2025 09:00:00,AIS,POINT (12.626993 55.338407),273292160_0,0 days 00:01:00,1.7519428407543943e-06,189.00526192988073,0.0,0,4.7277076662722095,55.338407,12.626993
2025-01-14 16:51:00,2025-01-14 16:51:00,Class A,273292160_0,55.335503,12.626182,Under way using engine,0.0,10.3,189.1,193.0,9220641,UBGW3,LADY MARIIA,Cargo,No additional information,20.0,127.0,GPS,5.1,TO ORDER,17/01/2025 09:00:00,AIS,POINT (12.626182 55.335503),273292160_0,0 days 00:01:00,1.6020097213588579e-06,189.02549031952654,0.0,0,4.728225148632411,55.335503,12.626182
2025-01-14 16:52:00,2025-01-14 16:52:00,Class A,273292160_0,55.332673,12.625397,Under way using engine,0.0,10.3,189.0,187.0,9220641,UBGW3,LADY MARIIA,Cargo,No additional information,20.0,127.0,GPS,5.1,TO ORDER,17/01/2025 09:00:00,AIS,POINT (12.625397 55.332673),273292160_0,0 days 00:01:00,-2.331872406560583e-06,188.96619903371754,0.0,0,4.728736052448371,55.332673,12.625397
2025-01-14 16:54:00,2025-01-14 16:54:00,Class A,273292160_0,55.32704,12.623823,Under way using engine,0.0,10.3,189.0,193.0,9220641,UBGW3,LADY MARIIA,Cargo,No additional information,20.0,127.0,GPS,5.1,TO ORDER,17/01/2025 09:00:00,AIS,POINT (12.623823 55.32704),273292160_0,0 days 00:02:00,-2.033138617930456e-07,189.03231694438827,0.0,0,4.729747888085581,55.32704,12.623823
2025-01-14 17:08:00,2025-01-14 17:08:00,Class A,273292160_0,55.295233,12.64149,Under way using engine,0.0,10.7,110.0,111.0,9220641,UBGW3,LADY MARIIA,Cargo,No additional information,20.0,127.0,GPS,5.1,TO ORDER,17/01/2025 09:00:00,AIS,POINT (12.64149 55.295233),273292160_0,0 days 00:14:00,-1.0355530885691995e-06,162.4502616161982,0.0,0,4.7594736971799705,55.295233,12.64149
2025-01-14 17:11:00,2025-01-14 17:11:00,Class A,273292160_0,55.292072,12.656177,Under way using engine,0.0,10.9,111.0,112.0,9220641,UBGW3,LADY MARIIA,Cargo,No additional information,20.0,127.0,GPS,5.1,TO ORDER,17/01/2025 09:00:00,AIS,POINT (12.656177 55.292072),273292160_0,0 days 00:03:00,6.209923961454278e-06,110.70075414884172,0.0,0,4.77406991460431,55.292072,12.656177
2025-01-14 17:12:00,2025-01-14 17:12:00,Class A,273292160_0,55.290982,12.661125,Under way using engine,0.0,11.0,111.1,118.0,9220641,UBGW3,LADY MARIIA,Cargo,No additional information,20.0,127.0,GPS,5.1,TO ORDER,17/01/2025 09:00:00,AIS,POINT (12.661125 55.290982),273292160_0,0 days 00:01:00,1.267749281252791e-06,111.14852247573538,0.0,0,4.778998839658575,55.290982,12.661125
2025-01-14 17:13:00,2025-01-14 17:13:00,Class A,273292160_0,55.28983,12.66616,Under way using engine,0.0,11.1,111.6,112.0,9220641,UBGW3,LADY MARIIA,Cargo,No additional information,20.0,127.0,GPS,5.1,TO ORDER,17/01/2025 09:00:00,AIS,POINT (12.66616 55.28983),273292160_0,0 days 00:01:00,2.1330707379130346e-06,111.88876272424085,0.0,0,4.784033361826503,55.28983,12.66616
2025-01-14 17:14:00,2025-01-14 17:14:00,Class A,273292160_0,55.28872,12.67117,Under way using engine,0.0,11.2,111.8,112.0,9220641,UBGW3,LADY MARIIA,Cargo,No additional information,20.0,127.0,GPS,5.1,TO ORDER,17/01/2025 09:00:00,AIS,POINT (12.67117 55.28872),273292160_0,0 days 00:01:00,-8.847901023837188e-07,111.25810878545917,0.0,0,4.789027384971714,55.28872,12.67117
2025-01-14 17:15:00,2025-01-14 17:15:00,Class A,273292160_0,55.287552,12.676205,Under way using engine,0.0,11.2,111.8,111.0,9220641,UBGW3,LADY MARIIA,Cargo,No additional information,20.0,127.0,GPS,5.1,TO ORDER,17/01/2025 09:00:00,AIS,POINT (12.676205 55.287552),273292160_0,0 days 00:01:00,1.0747148202761014e-06,112.16238831540085,0.0,0,4.794069423554274,55.287552,12.676205
2025-01-14 17:16:00,2025-01-14 17:16:00,Class A,273292160_0,55.28638,12.68124,Under way using engine,0.0,11.2,112.3,112.0,9220641,UBGW3,LADY MARIIA,Cargo,No additional information,20.0,127.0,GPS,5.1,TO ORDER,17/01/2025 09:00:00,AIS,POINT (12.68124 55.28638),273292160_0,0 days 00:01:00,4.9065922717095194e-08,112.23031978959818,0.0,0,4.79911346942214,55.28638,12.68124
2025-01-14 17:17:00,2025-01-14 17:17:00,Class A,273292160_0,55.28518,12.686327,Under way using engine,0.0,11.3,112.4,117.0,9220641,UBGW3,LADY MARIIA,Cargo,No additional information,20.0,127.0,GPS,5.1,TO ORDER,17/01/2025 09:00:00,AIS,POINT (12.686327 55.28518),273292160_0,0 days 00:01:00,1.1803341183688552e-06,112.49856270003289,0.0,0,4.804216782397107,55.28518,12.686327
2025-01-14 17:18:00,2025-01-14 17:18:00,Class A,273292160_0,55.283977,12.691412,Under way using engine,0.0,11.4,112.5,117.0,9220641,UBGW3,LADY MARIIA,Cargo,No additional information,20.0,127.0,GPS,5.1,TO ORDER,17/01/2025 09:00:00,AIS,POINT (12.691412 55.283977),273292160_0,0 days 00:01:00,5.367355214447312e-09,112.55655573647061,0.0,0,4.809319860508344,55.283977,12.691412
2025-01-14 17:19:00,2025-01-14 17:19:00,Class A,273292160_0,55.282717,12.69648,Under way using engine,0.0,11.4,112.9,116.0,9220641,UBGW3,LADY MARIIA,Cargo,No additional information,20.0,127.0,GPS,5.1,TO ORDER,17/01/2025 09:00:00,AIS,POINT (12.69648 55.282717),273292160_0,0 days 00:01:00,4.158931225988592e-07,113.58121254066316,0.0,0,4.814432611904336,55.282717,12.69648
2025-01-14 17:20:00,2025-01-14 17:20:00,Class A,273292160_0,55.281483,12.701562,Under way using engine,0.0,11.5,113.2,117.0,9220641,UBGW3,LADY MARIIA,Cargo,No additional information,20.0,127.0,GPS,5.1,TO ORDER,16/01/2025 13:00:00,AIS,POINT (12.701562 55.281483),273292160_0,0 days 00:01:00,-8.837554736280893e-08,113.08854381764274,0.0,0,4.819546939171771,55.281483,12.701562
2025-01-14 17:21:00,2025-01-14 17:21:00,Class A,273292160_0,55.280218,12.706715,Under way using engine,0.0,11.5,113.3,116.0,9220641,UBGW3,LADY MARIIA,Cargo,No additional information,20.0,127.0,GPS,5.1,TO ORDER,16/01/2025 13:00:00,AIS,POINT (12.706715 55.280218),273292160_0,0 days 00:01:00,1.5318964442126554e-06,113.31478763086022,0.0,0,4.824738934394069,55.280218,12.706715
2025-01-14 17:22:00,2025-01-14 17:22:00,Class A,273292160_0,55.278957,12.711913,Under way using engine,0.0,11.5,113.2,116.0,9220641,UBGW3,LADY MARIIA,Cargo,No additional information,20.0,127.0,GPS,5.1,TO ORDER,13/01/2025 12:30:00,AIS,POINT (12.711913 55.278957),273292160_0,0 days 00:01:00,6.844273468870153e-07,113.06807660043,0.0,0,4.829970002663474,55.278957,12.711913
2025-01-14 17:30:01,2025-01-14 17:30:01,Class A,273292160_0,55.269265,12.753517,Under way using engine,0.0,11.5,111.0,109.0,9220641,UBGW3,LADY MARIIA,Cargo,No additional information,20.0,127.0,GPS,5.1,TO ORDER,17/01/2025 09:00:00,AIS,POINT (12.753517 55.269265),273292160_0,0 days 00:08:01,-9.260005450237035e-08,112.22497616152145,0.0,0,4.8716749081667,55.269265,12.753517
2025-01-14 17:42:00,2025-01-14 17:42:00,Class A,273292160_0,55.255958,12.814322,Under way using engine,0.0,11.0,110.7,109.0,9220641,UBGW3,LADY MARIIA,Cargo,No additional information,20.0,127.0,GPS,5.1,TO ORDER,17/01/2025 09:00:00,AIS,POINT (12.814322 55.255958),273292160_0,0 days 00:11:59,-2.4984554236260507e-07,110.98511869250552,0.0,0,4.932290512225026,55.255958,12.814322
2025-01-14 17:43:00,2025-01-14 17:43:00,Class A,273292160_0,55.25487,12.819288,Under way using engine,0.0,11.0,110.8,114.0,9220641,UBGW3,LADY MARIIA,Cargo,No additional information,20.0,127.0,GPS,5.1,TO ORDER,16/01/2025 13:00:00,AIS,POINT (12.819288 55.25487),273292160_0,0 days 00:01:00,-2.0168613311409134e-06,111.02584957755147,0.0,0,4.937243350628468,55.25487,12.819288
2025-01-14 17:44:00,2025-01-14 17:44:00,Class A,273292160_0,55.253795,12.824273,Under way using engine,0.0,11.0,110.7,108.0,9220641,UBGW3,LADY MARIIA,Cargo,No additional information,20.0,127.0,GPS,5.1,TO ORDER,16/01/2025 13:00:00,AIS,POINT (12.824273 55.253795),273292160_0,0 days 00:01:00,1.7289786318179743e-07,110.72315897422322,0.0,0,4.942208052502951,55.253795,12.824273
2025-01-14 17:45:00,2025-01-14 17:45:00,Class A,273292160_0,55.252728,12.829265,Under way using engine,0.0,11.0,110.2,108.0,9220641,UBGW3,LADY MARIIA,Cargo,No additional information,20.0,127.0,GPS,5.1,TO ORDER,17/01/2025 09:00:00,AIS,POINT (12.829265 55.252728),273292160_0,0 days 00:01:00,3.0913009111957605e-08,110.55494091946571,0.0,0,4.947175928407844,55.252728,12.829265
2025-01-14 17:46:00,2025-01-14 17:46:00,Class A,273292160_0,55.251707,12.834255,Under way using engine,0.0,10.9,109.1,108.0,9220641,UBGW3,LADY MARIIA,Cargo,No additional information,20.0,127.0,GPS,5.1,TO ORDER,17/01/2025 09:00:00,AIS,POINT (12.834255 55.251707),273292160_0,0 days 00:01:00,-5.201573551327776e-07,109.7453574689506,0.0,0,4.952122585735635,55.251707,12.834255
2025-01-14 17:47:00,2025-01-14 17:47:00,Class A,273292160_0,55.250765,12.839277,Under way using engine,0.0,10.9,109.1,109.0,9220641,UBGW3,LADY MARIIA,Cargo,No additional information,20.0,127.0,GPS,5.1,TO ORDER,17/01/2025 09:00:00,AIS,POINT (12.839277 55.250765),273292160_0,0 days 00:01:00,-2.563898226408025e-07,108.21381969137718,0.0,0,4.957064668061229,55.250765,12.839277
2025-01-14 17:53:00,2025-01-14 17:53:00,Class A,273292160_0,55.246017,12.87019,Under way using engine,0.0,11.1,99.5,101.0,9220641,UBGW3,LADY MARIIA,Cargo,No additional information,20.0,127.0,GPS,5.1,TO ORDER,17/01/2025 09:00:00,AIS,POINT (12.87019 55.246017),273292160_0,0 days 00:06:00,1.4629457298830402e-07,105.06754605240894,0.0,0,4.9870453858279635,55.246017,12.87019
2025-01-14 17:54:00,2025-01-14 17:54:00,Class A,273292160_0,55.245595,12.87556,Under way using engine,0.0,11.1,98.1,101.0,9220641,UBGW3,LADY MARIIA,Cargo,No additional information,20.0,127.0,GPS,5.1,TO ORDER,17/01/2025 09:00:00,AIS,POINT (12.87556 55.245595),273292160_0,0 days 00:01:00,1.5154278018664375e-06,97.84678629173231,0.0,0,4.99208352340423,55.245595,12.87556
2025-01-14 18:05:00,2025-01-14 18:05:00,Class A,273292160_0,55.240985,12.934928,Under way using engine,0.0,11.3,97.1,100.0,9220641,UBGW3,LADY MARIIA,Cargo,No additional information,20.0,127.0,GPS,5.1,TO ORDER,17/01/2025 09:00:00,AIS,POINT (12.934928 55.240985),273292160_0,0 days 00:11:00,4.2544214522417036e-08,97.73202628920751,0.0,0,5.047807182311938,55.240985,12.934928
2025-01-14 18:07:00,2025-01-14 18:07:00,Class A,273292160_0,55.240225,12.945865,Under way using engine,0.0,11.3,96.9,99.0,9220641,UBGW3,LADY MARIIA,Cargo,No additional information,20.0,127.0,GPS,5.1,TO ORDER,17/01/2025 09:00:00,AIS,POINT (12.945865 55.240225),273292160_0,0 days 00:02:00,5.517341301795514e-07,96.94456930554179,0.0,0,5.058044697587101,55.240225,12.945865
2025-01-14 18:08:00,2025-01-14 18:08:00,Class A,273292160_0,55.239848,12.951348,Under way using engine,0.0,11.3,97.2,99.0,9220641,UBGW3,LADY MARIIA,Cargo,No additional information,20.0,127.0,GPS,5.1,TO ORDER,17/01/2025 09:00:00,AIS,POINT (12.951348 55.239848),273292160_0,0 days 00:01:00,2.445850692637796e-07,96.87432292177516,0.0,0,5.063176484535077,55.239848,12.951348
2025-01-14 18:09:00,2025-01-14 18:09:00,Class A,273292160_0,55.239445,12.956762,Under way using engine,0.0,11.3,97.4,99.0,9220641,UBGW3,LADY MARIIA,Cargo,No additional information,20.0,127.0,GPS,5.1,TO ORDER,17/01/2025 09:00:00,AIS,POINT (12.956762 55.239445),273292160_0,0 days 00:01:00,-1.1088812968947902e-06,97.43608863577902,0.0,0,5.068257372726446,55.239445,12.956762
2025-01-14 18:27:00,2025-01-14 18:27:00,Class A,273292160_0,55.232062,13.05439,Under way using engine,0.0,11.5,91.6,91.0,9220641,UBGW3,LADY MARIIA,Cargo,No additional information,20.0,127.0,GPS,5.1,TO ORDER,17/01/2025 09:00:00,AIS,POINT (13.05439 55.232062),273292160_0,0 days 00:18:00,1.1634972140254466e-08,97.51474845914862,0.0,0,5.160048245773774,55.232062,13.05439
2025-01-14 18:28:00,2025-01-14 18:28:00,Class A,273292160_0,55.231975,13.060055,Under way using engine,0.0,11.5,91.5,91.0,9220641,UBGW3,LADY MARIIA,Cargo,No additional information,20.0,127.0,GPS,5.1,TO ORDER,16/01/2025 13:00:00,AIS,POINT (13.060055 55.231975),273292160_0,0 days 00:01:00,3.4727081446470685e-06,91.54032607234922,0.0,0,5.16524001628666,55.231975,13.060055
2025-01-14 18:41:00,2025-01-14 18:41:00,Class A,273292160_0,55.22931,13.131733,Under way using engine,0.0,11.3,94.8,98.0,9220641,UBGW3,LADY MARIIA,Cargo,No additional information,20.0,127.0,GPS,5.1,TO ORDER,17/01/2025 09:00:00,AIS,POINT (13.131733 55.22931),273292160_0,0 days 00:13:00,-1.9237838190953618e-07,93.70079218949684,0.0,0,5.231655559500263,55.22931,13.131733
2025-01-14 18:42:00,2025-01-14 18:42:00,Class A,273292160_0,55.229013,13.137227,Under way using engine,0.0,11.3,95.2,98.0,9220641,UBGW3,LADY MARIIA,Cargo,No additional information,20.0,127.0,GPS,5.1,TO ORDER,17/01/2025 09:00:00,AIS,POINT (13.137227 55.229013),273292160_0,0 days 00:01:00,-1.1703182376970357e-07,95.41269673390167,0.0,0,5.236789918337854,55.229013,13.137227
2025-01-14 18:43:00,2025-01-14 18:43:00,Class A,273292160_0,55.228715,13.14259,Under way using engine,0.0,11.2,95.4,99.0,9220641,UBGW3,LADY MARIIA,Cargo,No additional information,20.0,127.0,GPS,5.1,TO ORDER,17/01/2025 09:00:00,AIS,POINT (13.14259 55.228715),273292160_0,0 days 00:01:00,-2.3011555340156684e-06,95.562720940963,0.0,0,5.241805875579903,55.228715,13.14259
2025-01-14 18:44:00,2025-01-14 18:44:00,Class A,273292160_0,55.228363,13.147975,Under way using engine,0.0,11.1,96.5,99.0,9220641,UBGW3,LADY MARIIA,Cargo,No additional information,20.0,127.0,GPS,5.1,TO ORDER,17/01/2025 09:00:00,AIS,POINT (13.147975 55.228363),273292160_0,0 days 00:01:00,5.631529169867946e-07,96.53634280491656,0.0,0,5.246864672811087,55.228363,13.147975
2025-01-14 18:45:00,2025-01-14 18:45:00,Class A,273292160_0,55.228032,13.153338,Under way using engine,0.0,11.1,96.2,98.0,9220641,UBGW3,LADY MARIIA,Cargo,No additional information,20.0,127.0,GPS,5.1,TO ORDER,17/01/2025 09:00:00,AIS,POINT (13.153338 55.228032),273292160_0,0 days 00:01:00,-4.5741928675893314e-07,96.17433961265692,0.0,0,5.251895487529146,55.228032,13.153338
2025-01-14 18:46:00,2025-01-14 18:46:00,Class A,273292160_0,55.227702,13.15867,Under way using engine,0.0,11.1,96.4,99.0,9220641,UBGW3,LADY MARIIA,Cargo,No additional information,20.0,127.0,GPS,5.1,TO ORDER,17/01/2025 09:00:00,AIS,POINT (13.15867 55.227702),273292160_0,0 days 00:01:00,-5.47300927624967e-07,96.19130964814235,0.0,0,5.2568982665820165,55.227702,13.15867
2025-01-14 18:47:00,2025-01-14 18:47:00,Class A,273292160_0,55.227315,13.164008,Under way using engine,0.0,11.1,96.7,98.0,9220641,UBGW3,LADY MARIIA,Cargo,No additional information,20.0,127.0,GPS,5.1,TO ORDER,17/01/2025 09:00:00,AIS,POINT (13.164008 55.227315),273292160_0,0 days 00:01:00,3.1197321500748647e-07,97.24239877243218,0.0,0,5.261930417413368,55.227315,13.164008
2025-01-14 18:49:00,2025-01-14 18:49:00,Class A,273292160_0,55.226635,13.174748,Under way using engine,0.0,11.1,96.3,98.0,9220641,UBGW3,LADY MARIIA,Cargo,No additional information,20.0,127.0,GPS,5.1,TO ORDER,16/01/2025 13:00:00,AIS,POINT (13.174748 55.226635),273292160_0,0 days 00:02:00,1.9573727577872966e-07,96.33032814689807,0.0,0,5.272016832380184,55.226635,13.174748
2025-01-14 18:50:00,2025-01-14 18:50:00,Class A,273292160_0,55.226287,13.180095,Under way using engine,0.0,11.0,96.5,98.0,9220641,UBGW3,LADY MARIIA,Cargo,No additional information,20.0,127.0,GPS,5.1,TO ORDER,17/01/2025 09:00:00,AIS,POINT (13.180095 55.226287),273292160_0,0 days 00:01:00,-3.751761983969166e-07,96.50790365938127,0.0,0,5.277043277843474,55.226287,13.180095
2025-01-14 18:57:00,2025-01-14 18:57:00,Class A,273292160_0,55.223823,13.21771,Under way using engine,0.0,11.1,97.0,99.0,9220641,UBGW3,LADY MARIIA,Cargo,No additional information,20.0,127.0,GPS,5.1,TO ORDER,17/01/2025 09:00:00,AIS,POINT (13.21771 55.223823),273292160_0,0 days 00:07:00,6.914346354772882e-08,96.53632247329341,0.0,0,5.312428004892677,55.223823,13.21771
2025-01-14 18:59:00,2025-01-14 18:59:00,Class A,273292160_0,55.223023,13.228413,Under way using engine,0.0,11.1,97.7,94.0,9220641,UBGW3,LADY MARIIA,Cargo,No additional information,20.0,127.0,GPS,5.1,TO ORDER,17/01/2025 09:00:00,AIS,POINT (13.228413 55.223023),273292160_0,0 days 00:02:00,-1.0133547292872613e-07,97.46141094507323,0.0,0,5.322542114765182,55.223023,13.228413
2025-01-14 19:00:00,2025-01-14 19:00:00,Class A,273292160_0,55.222668,13.233735,Under way using engine,0.0,11.0,96.6,94.0,9220641,UBGW3,LADY MARIIA,Cargo,No additional information,20.0,127.0,GPS,5.1,TO ORDER,17/01/2025 09:00:00,AIS,POINT (13.233735 55.222668),273292160_0,0 days 00:01:00,-6.870601691466148e-07,96.66801596556502,0.0,0,5.327554934051642,55.222668,13.233735
2025-01-14 19:01:00,2025-01-14 19:01:00,Class A,273292160_0,55.222295,13.239033,Under way using engine,0.0,11.0,97.4,99.0,9220641,UBGW3,LADY MARIIA,Cargo,No additional information,20.0,127.0,GPS,5.1,TO ORDER,17/01/2025 09:00:00,AIS,POINT (13.239033 55.222295),273292160_0,0 days 00:01:00,-3.541150467403139e-07,97.03430494832594,0.0,0,5.3325536655363335,55.222295,13.239033
2025-01-14 19:02:00,2025-01-14 19:02:00,Class A,273292160_0,55.22191,13.244302,Under way using engine,0.0,10.9,97.4,98.0,9220641,UBGW3,LADY MARIIA,Cargo,No additional information,20.0,127.0,GPS,5.1,TO ORDER,17/01/2025 09:00:00,AIS,POINT (13.244302 55.22191),273292160_0,0 days 00:01:00,-4.615791159096773e-07,97.29777518779275,0.0,0,5.337531288230636,55.22191,13.244302
2025-01-14 19:03:00,2025-01-14 19:03:00,Class A,273292160_0,55.221523,13.249537,Under way using engine,0.0,10.9,97.4,98.0,9220641,UBGW3,LADY MARIIA,Cargo,No additional information,20.0,127.0,GPS,5.1,TO ORDER,17/01/2025 09:00:00,AIS,POINT (13.249537 55.221523),273292160_0,0 days 00:01:00,-5.87363661675366e-07,97.38235841671815,0.0,0,5.342479176575704,55.221523,13.249537
2025-01-14 19:16:00,2025-01-14 19:16:00,Class A,273292160_0,55.217127,13.317623,Under way using engine,0.0,10.9,96.2,95.0,9220641,UBGW3,LADY MARIIA,Cargo,No additional information,20.0,127.0,GPS,5.1,TO ORDER,17/01/2025 09:00:00,AIS,POINT (13.317623 55.217127),273292160_0,0 days 00:13:00,-1.032895535620678e-08,96.42963262296348,0.0,0,5.406628841672878,55.217127,13.317623
2025-01-14 19:17:00,2025-01-14 19:17:00,Class A,273292160_0,55.216795,13.322833,Under way using engine,0.0,10.8,96.3,99.0,9220641,UBGW3,LADY MARIIA,Cargo,No additional information,20.0,127.0,GPS,5.1,TO ORDER,17/01/2025 09:00:00,AIS,POINT (13.322833 55.216795),273292160_0,0 days 00:01:00,-4.969048514208198e-07,96.37158356131187,0.0,0,5.411539992629178,55.216795,13.322833
2025-01-14 19:18:00,2025-01-14 19:18:00,Class A,273292160_0,55.216448,13.3281,Under way using engine,0.0,10.9,96.6,100.0,9220641,UBGW3,LADY MARIIA,Cargo,No additional information,20.0,127.0,GPS,5.1,TO ORDER,17/01/2025 09:00:00,AIS,POINT (13.3281 55.216448),273292160_0,0 days 00:01:00,1.054385797587164e-06,96.58551349149491,0.0,0,5.416509984875224,55.216448,13.3281
2025-01-14 19:19:00,2025-01-14 19:19:00,Class A,273292160_0,55.2161,13.333365,Under way using engine,0.0,11.0,96.5,99.0,9220641,UBGW3,LADY MARIIA,Cargo,No additional information,20.0,127.0,GPS,5.1,TO ORDER,17/01/2025 09:00:00,AIS,POINT (13.333365 55.2161),273292160_0,0 days 00:01:00,-3.0775910004774905e-08,96.60676158884814,0.0,0,5.421479122519427,55.2161,13.333365
2025-01-14 19:20:00,2025-01-14 19:20:00,Class A,273292160_0,55.215732,13.338667,Under way using engine,0.0,11.0,96.8,95.0,9220641,UBGW3,LADY MARIIA,Cargo,No additional information,20.0,127.0,GPS,5.1,TO ORDER,17/01/2025 09:00:00,AIS,POINT (13.338667 55.215732),273292160_0,0 days 00:01:00,7.232506609581499e-07,96.93458706075057,0.0,0,5.426490740717244,55.215732,13.338667
2025-01-14 19:29:00,2025-01-14 19:29:00,Class A,273292160_0,55.212522,13.386385,Under way using engine,0.0,11.0,95.2,96.0,9220641,UBGW3,LADY MARIIA,Cargo,No additional information,20.0,127.0,GPS,5.1,TO ORDER,16/01/2025 13:00:00,AIS,POINT (13.386385 55.212522),273292160_0,0 days 00:09:00,-4.158018912243097e-09,96.70522441412356,0.0,0,5.471580803740178,55.212522,13.386385
2025-01-14 19:30:00,2025-01-14 19:30:00,Class A,273292160_0,55.21226,13.391665,Under way using engine,0.0,10.9,95.1,93.0,9220641,UBGW3,LADY MARIIA,Cargo,No additional information,20.0,127.0,GPS,5.1,TO ORDER,16/01/2025 13:00:00,AIS,POINT (13.391665 55.21226),273292160_0,0 days 00:01:00,-6.806336802461469e-07,94.9685083414085,0.0,0,5.476536135379186,55.21226,13.391665
2025-01-14 19:32:00,2025-01-14 19:32:00,Class A,273292160_0,55.211668,13.402227,Under way using engine,0.0,10.9,95.3,97.0,9220641,UBGW3,LADY MARIIA,Cargo,No additional information,20.0,127.0,GPS,5.1,TO ORDER,17/01/2025 09:00:00,AIS,POINT (13.402227 55.211668),273292160_0,0 days 00:02:00,5.767230169649093e-08,95.60639014745476,0.0,0,5.486477258843783,55.211668,13.402227
2025-01-14 19:45:00,2025-01-14 19:45:00,Class A,273292160_0,55.208342,13.469293,Under way using engine,0.0,10.6,94.6,96.0,9220641,UBGW3,LADY MARIIA,Cargo,No additional information,20.0,127.0,GPS,5.1,TO ORDER,17/01/2025 11:00:00,AIS,POINT (13.469293 55.208342),273292160_0,0 days 00:13:00,-1.7378818712736412e-07,94.94002263597389,0.0,0,5.549487047664315,55.208342,13.469293
2025-01-14 19:46:00,2025-01-14 19:46:00,Class A,273292160_0,55.208087,13.474448,Under way using engine,0.0,10.6,94.8,92.0,9220641,UBGW3,LADY MARIIA,Cargo,No additional information,20.0,127.0,GPS,5.1,TO ORDER,17/01/2025 09:00:00,AIS,POINT (13.474448 55.208087),273292160_0,0 days 00:01:00,-6.729239943671581e-08,94.95262560557728,0.0,0,5.554334028695431,55.208087,13.474448
2025-01-14 19:47:00,2025-01-14 19:47:00,Class A,273292160_0,55.207842,13.479602,Under way using engine,0.0,10.6,94.7,97.0,9220641,UBGW3,LADY MARIIA,Cargo,No additional information,20.0,127.0,GPS,5.1,TO ORDER,17/01/2025 09:00:00,AIS,POINT (13.479602 55.207842),273292160_0,0 days 00:01:00,-4.318612271174994e-08,94.76012360771625,0.0,0,5.559176762649754,55.207842,13.479602
2025-01-14 19:48:00,2025-01-14 19:48:00,Class A,273292160_0,55.207595,13.484732,Under way using engine,0.0,10.6,94.8,97.0,9220641,UBGW3,LADY MARIIA,Cargo,No additional information,20.0,127.0,GPS,5.1,TO ORDER,17/01/2025 09:00:00,AIS,POINT (13.484732 55.207595),273292160_0,0 days 00:01:00,-4.1722688249822986e-07,94.82115304556214,0.0,0,5.563998733532926,55.207595,13.484732
2025-01-14 19:49:00,2025-01-14 19:49:00,Class A,273292160_0,55.207362,13.48976,Under way using engine,0.0,10.6,94.7,92.0,9220641,UBGW3,LADY MARIIA,Cargo,No additional information,20.0,127.0,GPS,5.1,TO ORDER,17/01/2025 09:00:00,AIS,POINT (13.48976 55.207362),273292160_0,0 days 00:01:00,-1.8327788656191408e-06,94.64089156687487,0.0,0,5.568721841849617,55.207362,13.48976
2025-01-14 19:50:00,2025-01-14 19:50:00,Class A,273292160_0,55.207122,13.49492,Under way using engine,0.0,10.6,94.4,92.0,9220641,UBGW3,LADY MARIIA,Cargo,No additional information,20.0,127.0,GPS,5.1,TO ORDER,17/01/2025 09:00:00,AIS,POINT (13.49492 55.207122),273292160_0,0 days 00:01:00,2.3447284687755075e-06,94.65788079263649,0.0,0,5.573569853475689,55.207122,13.49492
2025-01-14 19:51:00,2025-01-14 19:51:00,Class A,273292160_0,55.20688,13.500072,Under way using engine,0.0,10.6,94.5,93.0,9220641,UBGW3,LADY MARIIA,Cargo,No additional information,20.0,127.0,GPS,5.1,TO ORDER,16/01/2025 13:00:00,AIS,POINT (13.500072 55.20688),273292160_0,0 days 00:01:00,-1.3541810634804667e-07,94.70377920613385,0.0,0,5.57841183792493,55.20688,13.500072
2025-01-14 19:52:00,2025-01-14 19:52:00,Class A,273292160_0,55.206688,13.50516,Under way using engine,0.0,10.5,94.1,93.0,9220641,UBGW3,LADY MARIIA,Cargo,No additional information,20.0,127.0,GPS,5.1,TO ORDER,16/01/2025 13:00:00,AIS,POINT (13.50516 55.206688),273292160_0,0 days 00:01:00,-1.2424663124976833e-06,93.7814709322061,0.0,0,5.5831760081814545,55.206688,13.50516
2025-01-14 19:53:00,2025-01-14 19:53:00,Class A,273292160_0,55.206438,13.51029,Under way using engine,0.0,10.6,94.7,93.0,9220641,UBGW3,LADY MARIIA,Cargo,No additional information,20.0,127.0,GPS,5.1,TO ORDER,16/01/2025 13:00:00,AIS,POINT (13.51029 55.206438),273292160_0,0 days 00:01:00,8.763831161040774e-07,94.8793127770229,0.0,0,5.588001946255298,55.206438,13.51029
2025-01-14 19:54:00,2025-01-14 19:54:00,Class A,273292160_0,55.206177,13.515425,Under way using engine,0.0,10.5,95.2,94.0,9220641,UBGW3,LADY MARIIA,Cargo,No additional information,20.0,127.0,GPS,5.1,TO ORDER,16/01/2025 13:00:00,AIS,POINT (13.515425 55.206177),273292160_0,0 days 00:01:00,1.181690241124801e-07,95.08801871841558,0.0,0,5.5928373053587945,55.206177,13.515425
2025-01-14 19:55:00,2025-01-14 19:55:00,Class A,273292160_0,55.205927,13.520503,Under way using engine,0.0,10.5,95.2,94.0,9220641,UBGW3,LADY MARIIA,Cargo,No additional information,20.0,127.0,GPS,5.1,TO ORDER,16/01/2025 13:00:00,AIS,POINT (13.520503 55.205927),273292160_0,0 days 00:01:00,-1.033273223155958e-06,94.92901288741456,0.0,0,5.597616392823734,55.205927,13.520503
2025-01-14 19:56:00,2025-01-14 19:56:00,Class A,273292160_0,55.205658,13.525657,Under way using engine,0.0,10.5,95.3,94.0,9220641,UBGW3,LADY MARIIA,Cargo,No additional information,20.0,127.0,GPS,5.1,TO ORDER,17/01/2025 09:00:00,AIS,POINT (13.525657 55.205658),273292160_0,0 days 00:01:00,1.3912952667822272e-06,95.22387622217809,0.0,0,5.60247345406384,55.205658,13.525657
2025-01-14 19:57:00,2025-01-14 19:57:00,Class A,273292160_0,55.205385,13.530757,Under way using engine,0.0,10.6,95.4,94.0,9220641,UBGW3,LADY MARIIA,Cargo,No additional information,20.0,127.0,GPS,5.1,TO ORDER,17/01/2025 09:00:00,AIS,POINT (13.530757 55.205385),273292160_0,0 days 00:01:00,-9.389445323920373e-07,95.35695915841961,0.0,0,5.607282794757279,55.205385,13.530757
2025-01-14 19:58:00,2025-01-14 19:58:00,Class A,273292160_0,55.205092,13.535853,Under way using engine,0.0,10.6,95.7,98.0,9220641,UBGW3,LADY MARIIA,Cargo,No additional information,20.0,127.0,GPS,5.1,TO ORDER,17/01/2025 09:00:00,AIS,POINT (13.535853 55.205092),273292160_0,0 days 00:01:00,-1.0019393710970076e-08,95.75146612176945,0.0,0,5.612096691896353,55.205092,13.535853
2025-01-14 19:59:00,2025-01-14 19:59:00,Class A,273292160_0,55.204812,13.540983,Under way using engine,0.0,10.6,95.4,98.0,9220641,UBGW3,LADY MARIIA,Cargo,No additional information,20.0,127.0,GPS,5.1,TO ORDER,17/01/2025 09:00:00,AIS,POINT (13.540983 55.204812),273292160_0,0 days 00:01:00,5.598794739599539e-07,95.4615067977627,0.0,0,5.6169374566639085,55.204812,13.540983
2025-01-14 20:00:00,2025-01-14 20:00:00,Class A,273292160_0,55.204532,13.546092,Under way using engine,0.0,10.6,95.6,98.0,9220641,UBGW3,LADY MARIIA,Cargo,No additional information,20.0,127.0,GPS,5.1,TO ORDER,17/01/2025 09:00:00,AIS,POINT (13.546092 55.204532),273292160_0,0 days 00:01:00,-3.6907592485909957e-07,95.4837979560321,0.0,0,5.621759370923394,55.204532,13.546092
2025-01-14 20:01:00,2025-01-14 20:01:00,Class A,273292160_0,55.204243,13.551192,Under way using engine,0.0,10.6,95.6,98.0,9220641,UBGW3,LADY MARIIA,Cargo,No additional information,20.0,127.0,GPS,5.1,TO ORDER,17/01/2025 09:00:00,AIS,POINT (13.551192 55.204243),273292160_0,0 days 00:01:00,-1.3078333024074163e-07,95.66889115319856,0.0,0,5.626576966556133,55.204243,13.551192
2025-01-14 20:23:00,2025-01-14 20:23:00,Class A,273292160_0,55.197818,13.666307,Under way using engine,0.0,11.0,95.0,94.0,9220641,UBGW3,LADY MARIIA,Cargo,No additional information,20.0,127.0,GPS,5.1,TO ORDER,17/01/2025 09:00:00,AIS,POINT (13.666307 55.197818),273292160_0,0 days 00:22:00,1.0677532368353261e-07,95.53843891803774,0.0,0,5.735414229787593,55.197818,13.666307
2025-01-14 20:24:00,2025-01-14 20:24:00,Class A,273292160_0,55.197562,13.671613,Under way using engine,0.0,11.0,94.8,94.0,9220641,UBGW3,LADY MARIIA,Cargo,No additional information,20.0,127.0,GPS,5.1,TO ORDER,17/01/2025 09:00:00,AIS,POINT (13.671613 55.197562),273292160_0,0 days 00:01:00,1.2015434385280408e-06,94.82975198591242,0.0,0,5.740421744443,55.197562,13.671613
2025-01-14 20:25:00,2025-01-14 20:25:00,Class A,273292160_0,55.197295,13.676903,Under way using engine,0.0,10.9,94.9,93.0,9220641,UBGW3,LADY MARIIA,Cargo,No additional information,20.0,127.0,GPS,5.1,TO ORDER,17/01/2025 09:00:00,AIS,POINT (13.676903 55.197295),273292160_0,0 days 00:01:00,-2.52114751182449e-07,95.05146120889782,0.0,0,5.745419158392624,55.197295,13.676903
2025-01-14 20:26:00,2025-01-14 20:26:00,Class A,273292160_0,55.19704,13.682195,Under way using engine,0.0,10.9,94.9,94.0,9220641,UBGW3,LADY MARIIA,Cargo,No additional information,20.0,127.0,GPS,5.1,TO ORDER,17/01/2025 09:00:00,AIS,POINT (13.682195 55.19704),273292160_0,0 days 00:01:00,3.97246218967739e-09,94.82358198070835,0.0,0,5.750414422303317,55.19704,13.682195
2025-01-14 20:45:01,2025-01-14 20:45:01,Class A,273292160_0,55.189385,13.784422,Under way using engine,0.0,11.1,97.9,95.0,9220641,UBGW3,LADY MARIIA,Cargo,No additional information,20.0,127.0,GPS,5.1,TO ORDER,16/01/2025 13:00:00,AIS,POINT (13.784422 55.189385),273292160_0,0 days 00:19:01,1.03532943812297e-07,97.43175302138627,0.0,0,5.848031635095349,55.189385,13.784422
2025-01-14 20:46:01,2025-01-14 20:46:01,Class A,273292160_0,55.188937,13.78977,Under way using engine,0.0,11.2,98.4,95.0,9220641,UBGW3,LADY MARIIA,Cargo,No additional information,20.0,127.0,GPS,5.1,TO ORDER,17/01/2025 09:00:00,AIS,POINT (13.78977 55.188937),273292160_0,0 days 00:01:00,-2.8198887430999166e-07,98.3458418227379,0.0,0,5.853160803865549,55.188937,13.78977
2025-01-14 20:47:00,2025-01-14 20:47:00,Class A,273292160_0,55.188508,13.795045,Under way using engine,0.0,11.1,97.9,99.0,9220641,UBGW3,LADY MARIIA,Cargo,No additional information,20.0,127.0,GPS,5.1,TO ORDER,17/01/2025 09:00:00,AIS,POINT (13.795045 55.188508),273292160_0,0 days 00:00:59,2.405461886060699e-07,98.10564945081893,0.0,0,5.858215575567188,55.188508,13.795045
2025-01-14 20:48:00,2025-01-14 20:48:00,Class A,273292160_0,55.1881,13.800392,Under way using engine,0.0,11.2,97.9,100.0,9220641,UBGW3,LADY MARIIA,Cargo,No additional information,20.0,127.0,GPS,5.1,TO ORDER,17/01/2025 09:00:00,AIS,POINT (13.800392 55.1881),273292160_0,0 days 00:01:00,-4.2341968120438987e-07,97.61088567873799,0.0,0,5.863329769393924,55.1881,13.800392
2025-01-14 20:49:00,2025-01-14 20:49:00,Class A,273292160_0,55.187667,13.805805,Under way using engine,0.0,11.2,98.3,95.0,9220641,UBGW3,LADY MARIIA,Cargo,No additional information,20.0,127.0,GPS,5.1,TO ORDER,17/01/2025 09:00:00,AIS,POINT (13.805805 55.187667),273292160_0,0 days 00:01:00,1.2626135743097274e-06,97.97412116529688,0.0,0,5.868514969802241,55.187667,13.805805
2025-01-14 20:50:00,2025-01-14 20:50:00,Class A,273292160_0,55.187228,13.811188,Under way using engine,0.0,11.1,97.7,93.0,9220641,UBGW3,LADY MARIIA,Cargo,No additional information,20.0,127.0,GPS,5.1,TO ORDER,17/01/2025 09:00:00,AIS,POINT (13.811188 55.187228),273292160_0,0 days 00:01:00,-4.986114997354603e-07,98.1275807501911,0.0,0,5.8736749954546355,55.187228,13.811188
2025-01-14 20:54:00,2025-01-14 20:54:00,Class A,273292160_0,55.185722,13.832573,Under way using engine,0.0,11.1,97.0,93.0,9220641,UBGW3,LADY MARIIA,Cargo,No additional information,20.0,127.0,GPS,5.1,TO ORDER,17/01/2025 09:00:00,AIS,POINT (13.832573 55.185722),273292160_0,0 days 00:04:00,-2.2418919390278567e-07,97.02330985896867,0.0,0,5.894090186476112,55.185722,13.832573
2025-01-14 20:55:00,2025-01-14 20:55:00,Class A,273292160_0,55.185347,13.83799,Under way using engine,0.0,11.1,97.1,94.0,9220641,UBGW3,LADY MARIIA,Cargo,No additional information,20.0,127.0,GPS,5.1,TO ORDER,17/01/2025 09:00:00,AIS,POINT (13.83799 55.185347),273292160_0,0 days 00:01:00,1.2392269640498256e-06,96.91137511745364,0.0,0,5.899260275435218,55.185347,13.83799
2025-01-14 20:56:00,2025-01-14 20:56:00,Class A,273292160_0,55.184963,13.843273,Under way using engine,0.0,11.0,96.7,98.0,9220641,UBGW3,LADY MARIIA,Cargo,No additional information,20.0,127.0,GPS,5.1,TO ORDER,17/01/2025 09:00:00,AIS,POINT (13.843273 55.184963),273292160_0,0 days 00:01:00,-2.317853151659983e-06,97.25326039435038,0.0,0,5.90430968939545,55.184963,13.843273
2025-01-14 20:57:00,2025-01-14 20:57:00,Class A,273292160_0,55.184598,13.848548,Under way using engine,0.0,11.0,96.6,98.0,9220641,UBGW3,LADY MARIIA,Cargo,No additional information,20.0,127.0,GPS,5.1,TO ORDER,17/01/2025 09:00:00,AIS,POINT (13.848548 55.184598),273292160_0,0 days 00:01:00,-2.1190263588347542e-07,96.90811959699471,0.0,0,5.909345073656555,55.184598,13.848548
2025-01-14 20:58:00,2025-01-14 20:58:00,Class A,273292160_0,55.184228,13.853843,Under way using engine,0.0,10.9,96.8,98.0,9220641,UBGW3,LADY MARIIA,Cargo,No additional information,20.0,127.0,GPS,5.1,TO ORDER,17/01/2025 09:00:00,AIS,POINT (13.853843 55.184228),273292160_0,0 days 00:01:00,3.7081175351891724e-07,96.9755812417614,0.0,0,5.914401329395394,55.184228,13.853843
2025-01-14 21:02:00,2025-01-14 21:02:00,Class A,273292160_0,55.183117,13.874853,Under way using engine,0.0,10.9,95.0,91.0,9220641,UBGW3,LADY MARIIA,Cargo,No additional information,20.0,127.0,GPS,5.1,TO ORDER,17/01/2025 09:00:00,AIS,POINT (13.874853 55.183117),273292160_0,0 days 00:04:00,-2.6258202944655144e-07,95.28285639304454,0.0,0,5.934336654476976,55.183117,13.874853
2025-01-14 21:03:00,2025-01-14 21:03:00,Class A,273292160_0,55.182825,13.880163,Under way using engine,0.0,10.9,95.0,92.0,9220641,UBGW3,LADY MARIIA,Cargo,No additional information,20.0,127.0,GPS,5.1,TO ORDER,17/01/2025 09:00:00,AIS,POINT (13.880163 55.182825),273292160_0,0 days 00:01:00,1.0559625185668255e-06,95.49917452138493,0.0,0,5.939380380740485,55.182825,13.880163
2025-01-14 21:04:00,2025-01-14 21:04:00,Class A,273292160_0,55.18253,13.88544,Under way using engine,0.0,10.9,95.3,97.0,9220641,UBGW3,LADY MARIIA,Cargo,No additional information,20.0,127.0,GPS,5.1,TO ORDER,17/01/2025 09:00:00,AIS,POINT (13.88544 55.18253),273292160_0,0 days 00:01:00,-5.715876561117848e-07,95.58985049970579,0.0,0,5.944395008340966,55.18253,13.88544
2025-01-14 21:05:00,2025-01-14 21:05:00,Class A,273292160_0,55.182217,13.890727,Under way using engine,0.0,10.9,95.7,92.0,9220641,UBGW3,LADY MARIIA,Cargo,No additional information,20.0,127.0,GPS,5.1,TO ORDER,17/01/2025 09:00:00,AIS,POINT (13.890727 55.182217),273292160_0,0 days 00:01:00,2.3247765903095832e-07,95.9175083222595,0.0,0,5.9494260260873055,55.182217,13.890727
2025-01-14 21:06:00,2025-01-14 21:06:00,Class A,273292160_0,55.181915,13.895997,Under way using engine,0.0,10.9,95.9,92.0,9220641,UBGW3,LADY MARIIA,Cargo,No additional information,20.0,127.0,GPS,5.1,TO ORDER,17/01/2025 09:00:00,AIS,POINT (13.895997 55.181915),273292160_0,0 days 00:01:00,-3.330131110579453e-07,95.72913920448741,0.0,0,5.954437650106096,55.181915,13.895997
2025-01-14 21:07:00,2025-01-14 21:07:00,Class A,273292160_0,55.181622,13.90129,Under way using engine,0.0,10.9,95.3,91.0,9220641,UBGW3,LADY MARIIA,Cargo,No additional information,20.0,127.0,GPS,5.1,TO ORDER,17/01/2025 11:00:00,AIS,POINT (13.90129 55.181622),273292160_0,0 days 00:01:00,3.784689772577185e-07,95.5353588391066,0.0,0,5.959467819340332,55.181622,13.90129
2025-01-14 21:08:00,2025-01-14 21:08:00,Class A,273292160_0,55.18138,13.906603,Under way using engine,0.0,11.0,94.9,96.0,9220641,UBGW3,LADY MARIIA,Cargo,No additional information,20.0,127.0,GPS,5.1,TO ORDER,17/01/2025 09:00:00,AIS,POINT (13.906603 55.18138),273292160_0,0 days 00:01:00,2.1467664368126327e-07,94.55881405721198,0.0,0,5.964498335120064,55.18138,13.906603
2025-01-14 21:09:00,2025-01-14 21:09:00,Class A,273292160_0,55.181105,13.911903,Under way using engine,0.0,11.0,95.3,96.0,9220641,UBGW3,LADY MARIIA,Cargo,No additional information,20.0,127.0,GPS,5.1,TO ORDER,17/01/2025 09:00:00,AIS,POINT (13.911903 55.181105),273292160_0,0 days 00:01:00,-1.4204871106175629e-07,95.1901936813747,0.0,0,5.96952936457515,55.181105,13.911903
2025-01-14 21:10:00,2025-01-14 21:10:00,Class A,273292160_0,55.180778,13.917182,Under way using engine,0.0,11.0,95.6,91.0,9220641,UBGW3,LADY MARIIA,Cargo,No additional information,20.0,127.0,GPS,5.1,TO ORDER,17/01/2025 09:00:00,AIS,POINT (13.917182 55.180778),273292160_0,0 days 00:01:00,-2.099570998031752e-07,96.18935812433767,0.0,0,5.9745603998273396,55.180778,13.917182
2025-01-14 21:11:00,2025-01-14 21:11:00,Class A,273292160_0,55.180528,13.922513,Under way using engine,0.0,10.9,95.2,92.0,9220641,UBGW3,LADY MARIIA,Cargo,No additional information,20.0,127.0,GPS,5.1,TO ORDER,17/01/2025 09:00:00,AIS,POINT (13.922513 55.180528),273292160_0,0 days 00:01:00,6.91411202354518e-07,94.69298033809912,0.0,0,5.9796120524791565,55.180528,13.922513
2025-01-14 21:12:00,2025-01-14 21:12:00,Class A,273292160_0,55.180227,13.927777,Under way using engine,0.0,10.9,95.1,91.0,9220641,UBGW3,LADY MARIIA,Cargo,No additional information,20.0,127.0,GPS,5.1,TO ORDER,17/01/2025 09:00:00,AIS,POINT (13.927777 55.180227),273292160_0,0 days 00:01:00,-1.0373566859720342e-06,95.71651691419373,0.0,0,5.984620524362843,55.180227,13.927777
2025-01-14 21:13:00,2025-01-14 21:13:00,Class A,273292160_0,55.179935,13.933083,Under way using engine,0.0,10.9,95.4,92.0,9220641,UBGW3,LADY MARIIA,Cargo,No additional information,20.0,127.0,GPS,5.1,TO ORDER,17/01/2025 09:00:00,AIS,POINT (13.933083 55.179935),273292160_0,0 days 00:01:00,7.132359706593476e-07,95.50290122835719,0.0,0,5.989665244788309,55.179935,13.933083
2025-01-14 21:14:00,2025-01-14 21:14:00,Class A,273292160_0,55.17961,13.938322,Under way using engine,0.0,10.9,95.9,92.0,9220641,UBGW3,LADY MARIIA,Cargo,No additional information,20.0,127.0,GPS,5.1,TO ORDER,17/01/2025 09:00:00,AIS,POINT (13.938322 55.17961),273292160_0,0 days 00:01:00,-1.0749792208020395e-06,96.19823794311179,0.0,0,5.994660134352991,55.17961,13.938322
2025-01-14 21:15:00,2025-01-14 21:15:00,Class A,273292160_0,55.179313,13.943525,Under way using engine,0.0,10.9,95.5,91.0,9220641,UBGW3,LADY MARIIA,Cargo,No additional information,20.0,127.0,GPS,5.1,TO ORDER,17/01/2025 09:00:00,AIS,POINT (13.943525 55.179313),273292160_0,0 days 00:01:00,-7.225791071329418e-07,95.7066358004704,0.0,0,5.999611716577414,55.179313,13.943525
2025-01-14 21:16:00,2025-01-14 21:16:00,Class A,273292160_0,55.179033,13.94885,Under way using engine,0.0,10.9,95.2,92.0,9220641,UBGW3,LADY MARIIA,Cargo,No additional information,20.0,127.0,GPS,5.1,TO ORDER,17/01/2025 09:00:00,AIS,POINT (13.94885 55.179033),273292160_0,0 days 00:01:00,2.0997092559324094e-06,95.2591099483846,0.0,0,6.004671109626906,55.179033,13.94885
2025-01-14 21:17:00,2025-01-14 21:17:00,Class A,273292160_0,55.178713,13.954088,Under way using engine,0.0,10.9,95.8,92.0,9220641,UBGW3,LADY MARIIA,Cargo,No additional information,20.0,127.0,GPS,5.1,TO ORDER,17/01/2025 09:00:00,AIS,POINT (13.954088 55.178713),273292160_0,0 days 00:01:00,-1.4091881371633158e-06,96.10459394174882,0.0,0,6.009664565702814,55.178713,13.954088
2025-01-14 21:19:00,2025-01-14 21:19:00,Class A,273292160_0,55.178112,13.96459,Under way using engine,0.0,10.8,96.0,95.0,9220641,UBGW3,LADY MARIIA,Cargo,No additional information,20.0,127.0,GPS,5.1,TO ORDER,17/01/2025 09:00:00,AIS,POINT (13.96459 55.178112),273292160_0,0 days 00:02:00,8.395044118376938e-08,95.71869070687893,0.0,0,6.019662778986294,55.178112,13.96459
2025-01-14 21:21:00,2025-01-14 21:21:00,Class A,273292160_0,55.177502,13.975002,Under way using engine,0.0,10.8,95.5,96.0,9220641,UBGW3,LADY MARIIA,Cargo,No additional information,20.0,127.0,GPS,5.1,TO ORDER,17/01/2025 09:00:00,AIS,POINT (13.975002 55.177502),273292160_0,0 days 00:02:00,-3.884645911709757e-07,95.85361685484395,0.0,0,6.029582208248347,55.177502,13.975002
2025-01-14 21:32:00,2025-01-14 21:32:00,Class A,273292160_0,55.174402,14.032167,Under way using engine,0.0,10.8,95.5,96.0,9220641,UBGW3,LADY MARIIA,Cargo,No additional information,20.0,127.0,GPS,5.1,TO ORDER,17/01/2025 09:00:00,AIS,POINT (14.032167 55.174402),273292160_0,0 days 00:11:00,-2.07073552183865e-08,95.40120659380091,0.0,0,6.083983315079849,55.174402,14.032167
2025-01-14 21:33:00,2025-01-14 21:33:00,Class A,273292160_0,55.174138,14.037307,Under way using engine,0.0,10.7,95.0,96.0,9220641,UBGW3,LADY MARIIA,Cargo,No additional information,20.0,127.0,GPS,5.1,TO ORDER,17/01/2025 09:00:00,AIS,POINT (14.037307 55.174138),273292160_0,0 days 00:01:00,-1.048132931161282e-06,95.13711819058199,0.0,0,6.088872040039107,55.174138,14.037307
2025-01-14 21:34:00,2025-01-14 21:34:00,Class A,273292160_0,55.173875,14.042447,Under way using engine,0.0,10.7,94.8,95.0,9220641,UBGW3,LADY MARIIA,Cargo,No additional information,20.0,127.0,GPS,5.1,TO ORDER,17/01/2025 09:00:00,AIS,POINT (14.042447 55.173875),273292160_0,0 days 00:01:00,-2.1611861985923695e-09,95.11772141644832,0.0,0,6.0937608293566115,55.173875,14.042447
2025-01-14 21:35:00,2025-01-14 21:35:00,Class A,273292160_0,55.173607,14.047617,Under way using engine,0.0,10.7,94.8,96.0,9220641,UBGW3,LADY MARIIA,Cargo,No additional information,20.0,127.0,GPS,5.1,TO ORDER,17/01/2025 09:00:00,AIS,POINT (14.047617 55.173607),273292160_0,0 days 00:01:00,5.433006020832848e-07,95.18437285097843,0.0,0,6.0986798292798605,55.173607,14.047617
2025-01-14 21:36:00,2025-01-14 21:36:00,Class A,273292160_0,55.173352,14.052725,Under way using engine,0.0,10.7,95.1,92.0,9220641,UBGW3,LADY MARIIA,Cargo,No additional information,20.0,127.0,GPS,5.1,TO ORDER,17/01/2025 09:00:00,AIS,POINT (14.052725 55.173352),273292160_0,0 days 00:01:00,-1.1280524198744249e-06,94.99366959113041,0.0,0,6.103536734118834,55.173352,14.052725
2025-01-14 21:37:00,2025-01-14 21:37:00,Class A,273292160_0,55.173087,14.057892,Under way using engine,0.0,10.7,94.8,92.0,9220641,UBGW3,LADY MARIIA,Cargo,No additional information,20.0,127.0,GPS,5.1,TO ORDER,17/01/2025 09:00:00,AIS,POINT (14.057892 55.173087),273292160_0,0 days 00:01:00,1.0680337560236888e-06,95.12952280735624,0.0,0,6.108452705019496,55.173087,14.057892
2025-01-14 21:38:00,2025-01-14 21:38:00,Class A,273292160_0,55.172812,14.063042,Under way using engine,0.0,10.7,95.2,92.0,9220641,UBGW3,LADY MARIIA,Cargo,No additional information,20.0,127.0,GPS,5.1,TO ORDER,17/01/2025 09:00:00,AIS,POINT (14.063042 55.172812),273292160_0,0 days 00:01:00,-2.708649829453695e-07,95.33952148684591,0.0,0,6.113356835093547,55.172812,14.063042
2025-01-14 21:39:00,2025-01-14 21:39:00,Class A,273292160_0,55.172567,14.068177,Under way using engine,0.0,10.7,95.1,92.0,9220641,UBGW3,LADY MARIIA,Cargo,No additional information,20.0,127.0,GPS,5.1,TO ORDER,17/01/2025 09:00:00,AIS,POINT (14.068177 55.172567),273292160_0,0 days 00:01:00,-3.455030145074669e-07,94.77346049529643,0.0,0,6.118236602190619,55.172567,14.068177
2025-01-14 21:40:00,2025-01-14 21:40:00,Class A,273292160_0,55.172308,14.073358,Under way using engine,0.0,10.7,95.0,91.0,9220641,UBGW3,LADY MARIIA,Cargo,No additional information,20.0,127.0,GPS,5.1,TO ORDER,17/01/2025 09:00:00,AIS,POINT (14.073358 55.172308),273292160_0,0 days 00:01:00,8.486327962362964e-07,95.00034544518417,0.0,0,6.123164755566275,55.172308,14.073358
2025-01-14 21:41:00,2025-01-14 21:41:00,Class A,273292160_0,55.172085,14.078518,Under way using engine,0.0,10.7,94.6,95.0,9220641,UBGW3,LADY MARIIA,Cargo,No additional information,20.0,127.0,GPS,5.1,TO ORDER,17/01/2025 09:00:00,AIS,POINT (14.078518 55.172085),273292160_0,0 days 00:01:00,-4.602727214711444e-07,94.32530788146977,0.0,0,6.128060816057556,55.172085,14.078518
2025-01-14 21:58:00,2025-01-14 21:58:00,Class A,273292160_0,55.177897,14.16495,Under way using engine,0.0,10.5,80.9,79.0,9220641,UBGW3,LADY MARIIA,Cargo,No additional information,20.0,127.0,GPS,5.1,TO ORDER,17/01/2025 09:00:00,AIS,POINT (14.16495 55.177897),273292160_0,0 days 00:17:00,-5.8138385246105914e-08,83.24888152402343,0.0,0,6.206756019473295,55.177897,14.16495
2025-01-14 22:00:00,2025-01-14 22:00:00,Class A,273292160_0,55.178855,14.174958,Under way using engine,0.0,10.5,80.1,77.0,9220641,UBGW3,LADY MARIIA,Cargo,No additional information,20.0,127.0,GPS,5.1,TO ORDER,17/01/2025 09:00:00,AIS,POINT (14.174958 55.178855),273292160_0,0 days 00:02:00,-4.081125130383015e-07,80.47960547561433,0.0,0,6.215781257219401,55.178855,14.174958
2025-01-14 22:01:00,2025-01-14 22:01:00,Class A,273292160_0,55.179363,14.179962,Under way using engine,0.0,10.5,80.1,81.0,9220641,UBGW3,LADY MARIIA,Cargo,No additional information,20.0,127.0,GPS,5.1,TO ORDER,17/01/2025 09:00:00,AIS,POINT (14.179962 55.179363),273292160_0,0 days 00:01:00,1.5069940927222789e-07,79.91682527622277,0.0,0,6.220284839600192,55.179363,14.179962
2025-01-14 22:02:00,2025-01-14 22:02:00,Class A,273292160_0,55.179857,14.184968,Under way using engine,0.0,10.5,80.4,82.0,9220641,UBGW3,LADY MARIIA,Cargo,No additional information,20.0,127.0,GPS,5.1,TO ORDER,17/01/2025 09:00:00,AIS,POINT (14.184968 55.179857),273292160_0,0 days 00:01:00,-4.0826352818111124e-08,80.19290183404303,0.0,0,6.224796028538124,55.179857,14.184968
2025-01-14 22:05:00,2025-01-14 22:05:00,Class A,273292160_0,55.181312,14.200058,Under way using engine,0.0,10.5,80.2,77.0,9220641,UBGW3,LADY MARIIA,Cargo,No additional information,20.0,127.0,GPS,5.1,TO ORDER,17/01/2025 09:00:00,AIS,POINT (14.200058 55.181312),273292160_0,0 days 00:03:00,1.2325673593096859e-07,80.40888466152455,0.0,0,6.238411255395801,55.181312,14.200058
2025-01-14 22:06:00,2025-01-14 22:06:00,Class A,273292160_0,55.181832,14.205048,Under way using engine,0.0,10.5,79.9,78.0,9220641,UBGW3,LADY MARIIA,Cargo,No additional information,20.0,127.0,GPS,5.1,TO ORDER,17/01/2025 09:00:00,AIS,POINT (14.205048 55.181832),273292160_0,0 days 00:01:00,-5.124992480204949e-07,79.65480930235896,0.0,0,6.242901512119905,55.181832,14.205048
2025-01-14 22:26:01,2025-01-14 22:26:01,Class A,273292160_0,55.190755,14.306105,Under way using engine,0.0,10.5,82.0,77.0,9220641,UBGW3,LADY MARIIA,Cargo,No additional information,20.0,127.0,GPS,5.1,TO ORDER,17/01/2025 09:00:00,AIS,POINT (14.306105 55.190755),273292160_0,0 days 00:20:01,3.158965653277837e-08,81.16683227576743,0.0,0,6.334561262127709,55.190755,14.306105
2025-01-14 22:27:01,2025-01-14 22:27:01,Class A,273292160_0,55.191155,14.311182,Under way using engine,0.0,10.5,82.4,81.0,9220641,UBGW3,LADY MARIIA,Cargo,No additional information,20.0,127.0,GPS,5.1,TO ORDER,17/01/2025 09:00:00,AIS,POINT (14.311182 55.191155),273292160_0,0 days 00:01:00,2.815912611685781e-07,82.13970789943608,0.0,0,6.339190627379493,55.191155,14.311182
2025-01-14 22:29:01,2025-01-14 22:29:01,Class A,273292160_0,55.19252,14.321018,Under way using engine,0.0,10.4,74.6,69.0,9220641,UBGW3,LADY MARIIA,Cargo,No additional information,20.0,127.0,GPS,5.1,TO ORDER,17/01/2025 09:00:00,AIS,POINT (14.321018 55.19252),273292160_0,0 days 00:02:00,-5.696588554864118e-07,76.33173863377715,0.0,0,6.3479588640463795,55.19252,14.321018
2025-01-14 22:30:01,2025-01-14 22:30:01,Class A,273292160_0,55.193502,14.325773,Under way using engine,0.0,10.3,69.7,60.0,9220641,UBGW3,LADY MARIIA,Cargo,No additional information,20.0,127.0,GPS,5.1,TO ORDER,17/01/2025 11:00:00,AIS,POINT (14.325773 55.193502),273292160_0,0 days 00:01:00,-9.586107577692788e-08,70.10800866979889,0.0,0,6.352088455400632,55.193502,14.325773
2025-01-14 22:37:00,2025-01-14 22:37:00,Class A,273292160_0,55.204985,14.354067,Under way using engine,0.0,10.2,46.7,42.0,9220641,UBGW3,LADY MARIIA,Cargo,No additional information,20.0,127.0,GPS,5.1,TO ORDER,17/01/2025 09:00:00,AIS,POINT (14.354067 55.204985),273292160_0,0 days 00:06:59,-2.2339571704334305e-07,54.571509097490434,0.0,0,6.374763401339771,55.204985,14.354067
2025-01-14 22:38:00,2025-01-14 22:38:00,Class A,273292160_0,55.206958,14.357585,Under way using engine,0.0,10.2,45.5,41.0,9220641,UBGW3,LADY MARIIA,Cargo,No additional information,20.0,127.0,GPS,5.1,TO ORDER,17/01/2025 09:00:00,AIS,POINT (14.357585 55.206958),273292160_0,0 days 00:01:00,-7.324972360779094e-07,45.49470121720799,0.0,0,6.3774022620796,55.206958,14.357585
2025-01-14 22:39:00,2025-01-14 22:39:00,Class A,273292160_0,55.208975,14.361077,Under way using engine,0.0,10.1,44.8,44.0,9220641,UBGW3,LADY MARIIA,Cargo,No additional information,20.0,127.0,GPS,5.1,TO ORDER,17/01/2025 09:00:00,AIS,POINT (14.361077 55.208975),273292160_0,0 days 00:01:00,6.31787492808127e-07,44.648940698249135,0.0,0,6.380003207212438,55.208975,14.361077
2025-01-14 22:40:00,2025-01-14 22:40:00,Class A,273292160_0,55.210978,14.364582,Under way using engine,0.0,10.1,44.9,41.0,9220641,UBGW3,LADY MARIIA,Cargo,No additional information,20.0,127.0,GPS,5.1,TO ORDER,17/01/2025 09:00:00,AIS,POINT (14.364582 55.210978),273292160_0,0 days 00:01:00,-1.468649021344609e-07,44.953470715760545,0.0,0,6.382622611715737,55.210978,14.364582
2025-01-14 22:41:00,2025-01-14 22:41:00,Class A,273292160_0,55.212995,14.368115,Under way using engine,0.0,10.2,45.0,41.0,9220641,UBGW3,LADY MARIIA,Cargo,No additional information,20.0,127.0,GPS,5.1,TO ORDER,17/01/2025 11:00:00,AIS,POINT (14.368115 55.212995),273292160_0,0 days 00:01:00,6.540555792076183e-07,44.98042112236226,0.0,0,6.38526511348503,55.212995,14.368115
2025-01-14 22:42:00,2025-01-14 22:42:00,Class A,273292160_0,55.214998,14.371602,Under way using engine,0.0,10.2,45.1,41.0,9220641,UBGW3,LADY MARIIA,Cargo,No additional information,20.0,127.0,GPS,5.1,TO ORDER,17/01/2025 09:00:00,AIS,POINT (14.371602 55.214998),273292160_0,0 days 00:01:00,-8.832602426188357e-07,44.80308533051374,0.0,0,6.387870539128434,55.214998,14.371602
2025-01-14 22:43:00,2025-01-14 22:43:00,Class A,273292160_0,55.217008,14.375162,Under way using engine,0.0,10.2,45.4,41.0,9220641,UBGW3,LADY MARIIA,Cargo,No additional information,20.0,127.0,GPS,5.1,TO ORDER,17/01/2025 09:00:00,AIS,POINT (14.375162 55.217008),273292160_0,0 days 00:01:00,1.065042469913458e-06,45.29521054722119,0.0,0,6.390543799998948,55.217008,14.375162
2025-01-14 23:28:00,2025-01-14 23:28:00,Class A,273292160_0,55.312758,14.530188,Under way using engine,0.0,10.6,42.0,41.0,9220641,UBGW3,LADY MARIIA,Cargo,No additional information,20.0,127.0,GPS,5.1,TO ORDER,17/01/2025 09:00:00,AIS,POINT (14.530188 55.312758),273292160_0,0 days 00:45:00,2.5612656239231382e-08,42.62845707931194,0.0,0,6.505775159695346,55.312758,14.530188
2025-01-14 23:29:00,2025-01-14 23:29:00,Class A,273292160_0,55.314928,14.53368,Under way using engine,0.0,10.6,42.3,45.0,9220641,UBGW3,LADY MARIIA,Cargo,No additional information,20.0,127.0,GPS,5.1,TO ORDER,17/01/2025 09:00:00,AIS,POINT (14.53368 55.314928),273292160_0,0 days 00:01:00,1.4714558453912617e-06,42.48121830734277,0.0,0,6.508401855037302,55.314928,14.53368
2025-01-14 23:30:00,2025-01-14 23:30:00,Class A,273292160_0,55.317085,14.537167,Under way using engine,0.0,10.6,42.6,45.0,9220641,UBGW3,LADY MARIIA,Cargo,No additional information,20.0,127.0,GPS,5.1,TO ORDER,17/01/2025 09:00:00,AIS,POINT (14.537167 55.317085),273292160_0,0 days 00:01:00,-3.5783374541160407e-07,42.610273359355574,0.0,0,6.511029443710188,55.317085,14.537167
2025-01-14 23:31:00,2025-01-14 23:31:00,Class A,273292160_0,55.319255,14.540682,Under way using engine,0.0,10.6,42.7,45.0,9220641,UBGW3,LADY MARIIA,Cargo,No additional information,20.0,127.0,GPS,5.1,TO ORDER,17/01/2025 09:00:00,AIS,POINT (14.540682 55.319255),273292160_0,0 days 00:01:00,6.280672028622855e-07,42.66548995277327,0.0,0,6.513681031970786,55.319255,14.540682
2025-01-14 23:32:00,2025-01-14 23:32:00,Class A,273292160_0,55.321413,14.544202,Under way using engine,0.0,10.6,42.9,45.0,9220641,UBGW3,LADY MARIIA,Cargo,No additional information,20.0,127.0,GPS,5.1,TO ORDER,17/01/2025 09:00:00,AIS,POINT (14.544202 55.321413),273292160_0,0 days 00:01:00,-2.1450208989208867e-07,42.86290487917506,0.0,0,6.516342681088833,55.321413,14.544202
2025-01-14 23:33:00,2025-01-14 23:33:00,Class A,273292160_0,55.323567,14.547702,Under way using engine,0.0,10.6,43.0,42.0,9220641,UBGW3,LADY MARIIA,Cargo,No additional information,20.0,127.0,GPS,5.1,TO ORDER,17/01/2025 09:00:00,AIS,POINT (14.547702 55.323567),273292160_0,0 days 00:01:00,-3.3286827070944855e-07,42.75159532015948,0.0,0,6.51898812738296,55.323567,14.547702
2025-01-14 23:43:00,2025-01-14 23:43:00,Class A,273292160_0,55.345367,14.582645,Under way using engine,0.0,10.9,42.1,43.0,9220641,UBGW3,LADY MARIIA,Cargo,No additional information,20.0,127.0,GPS,5.1,TO ORDER,17/01/2025 09:00:00,AIS,POINT (14.582645 55.345367),273292160_0,0 days 00:10:00,5.1116625405664536e-08,42.34104539098689,0.0,0,6.545391022311271,55.345367,14.582645
2025-01-14 23:44:00,2025-01-14 23:44:00,Class A,273292160_0,55.34762,14.586178,Under way using engine,0.0,10.9,41.7,42.0,9220641,UBGW3,LADY MARIIA,Cargo,No additional information,20.0,127.0,GPS,5.1,TO ORDER,17/01/2025 09:00:00,AIS,POINT (14.586178 55.34762),273292160_0,0 days 00:01:00,2.11986709502043e-06,41.720614299398676,0.0,0,6.548053947595805,55.34762,14.586178
2025-01-14 23:45:00,2025-01-14 23:45:00,Class A,273292160_0,55.349817,14.589712,Under way using engine,0.0,10.8,42.7,45.0,9220641,UBGW3,LADY MARIIA,Cargo,No additional information,20.0,127.0,GPS,5.1,TO ORDER,17/01/2025 09:00:00,AIS,POINT (14.589712 55.349817),273292160_0,0 days 00:01:00,-1.274544781777482e-06,42.44438991201906,0.0,0,6.550736703122787,55.349817,14.589712
2025-01-14 23:46:00,2025-01-14 23:46:00,Class A,273292160_0,55.35199,14.593388,Under way using engine,0.0,10.8,43.9,48.0,9220641,UBGW3,LADY MARIIA,Cargo,No additional information,20.0,127.0,GPS,5.1,TO ORDER,17/01/2025 09:00:00,AIS,POINT (14.593388 55.35199),273292160_0,0 days 00:01:00,1.1706633516905383e-06,43.88289210027517,0.0,0,6.553563488616326,55.35199,14.593388
2025-01-14 23:47:00,2025-01-14 23:47:00,Class A,273292160_0,55.354167,14.597025,Under way using engine,0.0,10.7,43.3,48.0,9220641,UBGW3,LADY MARIIA,Cargo,No additional information,20.0,127.0,GPS,5.1,TO ORDER,17/01/2025 09:00:00,AIS,POINT (14.597025 55.354167),273292160_0,0 days 00:01:00,-3.8844208748994625e-07,43.52345933471361,0.0,0,6.556353497659581,55.354167,14.597025
2025-01-14 23:48:00,2025-01-14 23:48:00,Class A,273292160_0,55.356352,14.600643,Under way using engine,0.0,10.8,43.2,48.0,9220641,UBGW3,LADY MARIIA,Cargo,No additional information,20.0,127.0,GPS,5.1,TO ORDER,17/01/2025 09:00:00,AIS,POINT (14.600643 55.356352),273292160_0,0 days 00:01:00,-5.308309484502715e-08,43.26715867615701,0.0,0,6.559124520317783,55.356352,14.600643
2025-01-14 23:49:00,2025-01-14 23:49:00,Class A,273292160_0,55.358538,14.60422,Under way using engine,0.0,10.9,42.9,45.0,9220641,UBGW3,LADY MARIIA,Cargo,No additional information,20.0,127.0,GPS,5.1,TO ORDER,17/01/2025 09:00:00,AIS,POINT (14.60422 55.358538),273292160_0,0 days 00:01:00,-4.7393413513489394e-07,42.92674135953723,0.0,0,6.561857764991023,55.358538,14.60422
2025-01-14 23:50:00,2025-01-14 23:50:00,Class A,273292160_0,55.360725,14.607822,Under way using engine,0.0,11.0,42.9,48.0,9220641,UBGW3,LADY MARIIA,Cargo,No additional information,20.0,127.0,GPS,5.1,TO ORDER,17/01/2025 09:00:00,AIS,POINT (14.607822 55.360725),273292160_0,0 days 00:01:00,3.2106230581807325e-07,43.11113155235273,0.0,0,6.564616040887388,55.360725,14.607822
2025-01-14 23:51:00,2025-01-14 23:51:00,Class A,273292160_0,55.36294,14.611463,Under way using engine,0.0,11.0,43.0,48.0,9220641,UBGW3,LADY MARIIA,Cargo,No additional information,20.0,127.0,GPS,5.1,TO ORDER,17/01/2025 09:00:00,AIS,POINT (14.611463 55.36294),273292160_0,0 days 00:01:00,1.0992069000432716e-06,43.05371504752799,0.0,0,6.5674044307816155,55.36294,14.611463
2025-01-14 23:59:00,2025-01-14 23:59:00,Class A,273292160_0,55.380743,14.640833,Under way using engine,0.0,11.1,43.4,45.0,9220641,UBGW3,LADY MARIIA,Cargo,No additional information,20.0,127.0,GPS,5.1,TO ORDER,17/01/2025 09:00:00,AIS,POINT (14.640833 55.380743),273292160_0,0 days 00:08:00,7.343538617722152e-08,43.138829501169596,0.0,0,6.589973922009783,55.380743,14.640833
2025-01-15 00:00:00,2025-01-15 00:00:00,Class A,273292160_0,55.382942,14.644515,Under way using engine,0.0,11.1,43.6,44.0,Unknown,Unknown,FURIA,Undefined,0,42.0,246.0,Undefined,8.5,Unknown,19/01/2025 09:00:00,AIS,POINT (14.644515 55.382942),273292160_0,0 days 00:01:00,-4.7344653188884727e-07,43.566790072867036,0.0,0,6.592820459868295,55.382942,14.644515
2025-01-15 00:01:00,2025-01-15 00:01:00,Class A,273292160_0,55.385143,14.6482,Under way using engine,0.0,11.1,43.7,46.0,Unknown,Unknown,FURIA,Undefined,0,42.0,246.0,Undefined,8.5,Unknown,19/01/2025 09:00:00,AIS,POINT (14.6482 55.385143),273292160_0,0 days 00:01:00,7.874750472732875e-08,43.56248919414446,0.0,0,6.595670816296701,55.385143,14.6482
2025-01-15 00:02:00,2025-01-15 00:02:00,Class A,273292160_0,55.38705,14.652323,Under way using engine,0.0,10.8,51.3,62.0,Unknown,Unknown,WISDOMS DAUGHTER,Undefined,No additional information,42.0,244.0,Undefined,7.3,Unknown,17/01/2025 09:00:00,AIS,POINT (14.652323 55.38705),273292160_0,0 days 00:01:00,-5.093386484577699e-07,50.84422778027499,0.0,0,6.599028865950656,55.38705,14.652323
2025-01-15 00:03:00,2025-01-15 00:03:00,Class A,273292160_0,55.388598,14.656795,Under way using engine,0.0,10.7,58.4,67.0,Unknown,Unknown,LEONA,Undefined,No additional information,42.0,244.0,Undefined,8.4,Unknown,17/01/2025 11:00:00,AIS,POINT (14.656795 55.388598),273292160_0,0 days 00:01:00,-1.3845421371640158e-06,58.639789055068036,0.0,0,6.602829025687247,55.388598,14.656795
2025-01-15 00:04:00,2025-01-15 00:04:00,Class A,273292160_0,55.390025,14.661477,Under way using engine,0.0,10.8,61.5,67.0,Unknown,Unknown,MAIN,Undefined,No additional information,42.0,246.0,Undefined,8.0,Unknown,17/01/2025 11:00:00,AIS,POINT (14.661477 55.390025),273292160_0,0 days 00:01:00,1.3520254096723346e-06,61.78030655932929,0.0,0,6.606867010296256,55.390025,14.661477
2025-01-15 00:05:00,2025-01-15 00:05:00,Class A,273292160_0,55.391458,14.666092,Under way using engine,0.0,10.9,61.4,63.0,Unknown,Unknown,LEONA,Undefined,No additional information,42.0,244.0,Undefined,8.4,Unknown,17/01/2025 09:00:00,AIS,POINT (14.666092 55.391458),273292160_0,0 days 00:01:00,-9.519577945212021e-07,61.33295910612702,0.0,0,6.6108404308261,55.391458,14.666092
2025-01-15 00:06:00,2025-01-15 00:06:00,Class A,273292160_0,55.392887,14.670782,Under way using engine,0.0,10.8,61.8,63.0,9220641,UBGW3,LADY MARIIA,Cargo,No additional information,20.0,127.0,GPS,5.1,TO ORDER,17/01/2025 09:00:00,AIS,POINT (14.670782 55.392887),273292160_0,0 days 00:01:00,1.1000607179519062e-06,61.785895748406745,0.0,0,6.614887757935126,55.392887,14.670782
2025-01-15 00:07:00,2025-01-15 00:07:00,Class A,273292160_0,55.394318,14.675403,Under way using engine,0.0,10.9,61.3,66.0,9220641,UBGW3,LADY MARIIA,Cargo,No additional information,20.0,127.0,GPS,5.1,TO ORDER,17/01/2025 09:00:00,AIS,POINT (14.675403 55.394318),273292160_0,0 days 00:01:00,-1.0420504468743821e-06,61.39618044879916,0.0,0,6.618869794488632,55.394318,14.675403
2025-01-15 00:16:00,2025-01-15 00:16:00,Class A,273292160_0,55.407342,14.71699,Under way using engine,0.0,10.8,61.2,63.0,9220641,UBGW3,LADY MARIIA,Cargo,No additional information,20.0,127.0,GPS,5.1,TO ORDER,17/01/2025 09:00:00,AIS,POINT (14.71699 55.407342),273292160_0,0 days 00:09:00,2.4749762489166742e-08,61.10494708984305,0.0,0,6.654714435754023,55.407342,14.71699
2025-01-15 00:17:00,2025-01-15 00:17:00,Class A,273292160_0,55.408787,14.721653,Under way using engine,0.0,10.8,61.4,63.0,9220641,UBGW3,LADY MARIIA,Cargo,No additional information,20.0,127.0,GPS,5.1,TO ORDER,17/01/2025 09:00:00,AIS,POINT (14.721653 55.408787),273292160_0,0 days 00:01:00,6.072898005193838e-07,61.37077766677953,0.0,0,6.6587438369897525,55.408787,14.721653
2025-01-15 00:18:00,2025-01-15 00:18:00,Class A,273292160_0,55.410233,14.726298,Under way using engine,0.0,10.8,61.4,63.0,9220641,UBGW3,LADY MARIIA,Cargo,No additional information,20.0,127.0,GPS,5.1,TO ORDER,17/01/2025 11:00:00,AIS,POINT (14.726298 55.410233),273292160_0,0 days 00:01:00,-2.657854904170841e-07,61.2599050895991,0.0,0,6.662756881267994,55.410233,14.726298
2025-01-15 00:19:00,2025-01-15 00:19:00,Class A,273292160_0,55.411677,14.730895,Under way using engine,0.0,10.8,61.0,66.0,9220641,UBGW3,LADY MARIIA,Cargo,No additional information,20.0,127.0,GPS,5.1,TO ORDER,17/01/2025 09:00:00,AIS,POINT (14.730895 55.411677),273292160_0,0 days 00:01:00,-7.724882217090221e-07,61.04103526410768,0.0,0,6.666725768358333,55.411677,14.730895
2025-01-15 00:32:00,2025-01-15 00:32:00,Class A,273292160_0,55.42985,14.79157,Under way using engine,0.0,10.9,63.3,66.0,9220641,UBGW3,LADY MARIIA,Cargo,No additional information,20.0,127.0,GPS,5.1,TO ORDER,17/01/2025 09:00:00,AIS,POINT (14.79157 55.42985),273292160_0,0 days 00:13:00,3.0348287756612184e-08,62.152826977171685,0.0,0,6.719470502458433,55.42985,14.79157
2025-01-15 00:33:00,2025-01-15 00:33:00,Class A,273292160_0,55.431237,14.796302,Under way using engine,0.0,10.8,62.8,66.0,9220641,UBGW3,LADY MARIIA,Cargo,No additional information,20.0,127.0,GPS,5.1,TO ORDER,17/01/2025 09:00:00,AIS,POINT (14.796302 55.431237),273292160_0,0 days 00:01:00,8.348772766006892e-07,62.678021684242026,0.0,0,6.723600457696754,55.431237,14.796302
2025-01-15 00:34:00,2025-01-15 00:34:00,Class A,273292160_0,55.432618,14.800982,Under way using engine,0.0,10.8,63.0,66.0,9220641,UBGW3,LADY MARIIA,Cargo,No additional information,20.0,127.0,GPS,5.1,TO ORDER,17/01/2025 09:00:00,AIS,POINT (14.800982 55.432618),273292160_0,0 days 00:01:00,-9.000249561802685e-07,62.520042033811364,0.0,0,6.727683426843523,55.432618,14.800982
2025-01-15 00:35:00,2025-01-15 00:35:00,Class A,273292160_0,55.43399,14.80568,Under way using engine,0.0,10.7,62.9,66.0,9220641,UBGW3,LADY MARIIA,Cargo,No additional information,20.0,127.0,GPS,5.1,TO ORDER,17/01/2025 09:00:00,AIS,POINT (14.80568 55.43399),273292160_0,0 days 00:01:00,1.5102011842895643e-07,62.76188391355265,0.0,0,6.73178728507883,55.43399,14.80568
2025-01-15 00:51:00,2025-01-15 00:51:00,Class A,273292160_0,55.45613,14.879043,Under way using engine,0.0,10.6,62.8,63.0,9220641,UBGW3,LADY MARIIA,Cargo,No additional information,20.0,127.0,GPS,5.1,TO ORDER,17/01/2025 09:00:00,AIS,POINT (14.879043 55.45613),273292160_0,0 days 00:16:00,-1.0071230808390761e-07,61.95377542830789,0.0,0,6.795806480444392,55.45613,14.879043
2025-01-15 00:52:00,2025-01-15 00:52:00,Class A,273292160_0,55.457522,14.883758,Under way using engine,0.0,10.7,62.7,61.0,9220641,UBGW3,LADY MARIIA,Cargo,No additional information,20.0,127.0,GPS,5.1,TO ORDER,17/01/2025 09:00:00,AIS,POINT (14.883758 55.457522),273292160_0,0 days 00:01:00,2.117125439761837e-06,62.49389385017474,0.0,0,6.799938584685086,55.457522,14.883758
2025-01-15 00:53:00,2025-01-15 00:53:00,Class A,273292160_0,55.458898,14.888447,Under way using engine,0.0,10.7,62.8,60.0,9220641,UBGW3,LADY MARIIA,Cargo,No additional information,20.0,127.0,GPS,5.1,TO ORDER,17/01/2025 09:00:00,AIS,POINT (14.888447 55.458898),273292160_0,0 days 00:01:00,-6.358569530780465e-07,62.63438827005274,0.0,0,6.804051276985646,55.458898,14.888447
2025-01-15 00:54:00,2025-01-15 00:54:00,Class A,273292160_0,55.460258,14.893092,Under way using engine,0.0,10.7,62.7,60.0,9220641,UBGW3,LADY MARIIA,Cargo,No additional information,20.0,127.0,GPS,5.1,TO ORDER,17/01/2025 09:00:00,AIS,POINT (14.893092 55.460258),273292160_0,0 days 00:01:00,-9.165204154845298e-07,62.68660824375672,0.0,0,6.808127252824009,55.460258,14.893092
2025-01-15 00:55:00,2025-01-15 00:55:00,Class A,273292160_0,55.461615,14.897742,Under way using engine,0.0,10.7,62.9,61.0,9220641,UBGW3,LADY MARIIA,Cargo,No additional information,20.0,127.0,GPS,5.1,TO ORDER,17/01/2025 09:00:00,AIS,POINT (14.897742 55.461615),273292160_0,0 days 00:01:00,3.3195177912177795e-08,62.76244273251649,0.0,0,6.812209869164042,55.461615,14.897742
2025-01-15 00:56:00,2025-01-15 00:56:00,Class A,273292160_0,55.463015,14.902535,Under way using engine,0.0,10.7,62.9,64.0,9220641,UBGW3,LADY MARIIA,Cargo,No additional information,20.0,127.0,GPS,5.1,TO ORDER,17/01/2025 09:00:00,AIS,POINT (14.902535 55.463015),273292160_0,0 days 00:01:00,2.8401321630517885e-06,62.74042706748452,0.0,0,6.816418725266884,55.463015,14.902535
2025-01-15 00:57:00,2025-01-15 00:57:00,Class A,273292160_0,55.464382,14.90721,Under way using engine,0.0,10.7,62.6,60.0,9220641,UBGW3,LADY MARIIA,Cargo,No additional information,20.0,127.0,GPS,5.1,TO ORDER,17/01/2025 09:00:00,AIS,POINT (14.90721 55.464382),273292160_0,0 days 00:01:00,-2.3131414882765894e-06,62.714603071826616,0.0,0,6.820524571971938,55.464382,14.90721
2025-01-15 00:58:00,2025-01-15 00:58:00,Class A,273292160_0,55.465732,14.91182,Under way using engine,0.0,10.7,62.6,60.0,9220641,UBGW3,LADY MARIIA,Cargo,No additional information,20.0,127.0,GPS,5.1,TO ORDER,17/01/2025 09:00:00,AIS,POINT (14.91182 55.465732),273292160_0,0 days 00:01:00,-1.2585249924607772e-06,62.67909227881489,0.0,0,6.824573757020507,55.465732,14.91182
2025-01-15 00:59:00,2025-01-15 00:59:00,Class A,273292160_0,55.467137,14.916493,Under way using engine,0.0,10.7,62.1,63.0,9220641,UBGW3,LADY MARIIA,Cargo,No additional information,20.0,127.0,GPS,5.1,TO ORDER,17/01/2025 09:00:00,AIS,POINT (14.916493 55.467137),273292160_0,0 days 00:01:00,1.7660931736205332e-06,62.057740388684124,0.0,0,6.8286690836171715,55.467137,14.916493
2025-01-15 01:00:00,2025-01-15 01:00:00,Class A,273292160_0,55.468565,14.921125,Under way using engine,0.0,10.8,61.7,63.0,9220641,UBGW3,LADY MARIIA,Cargo,No additional information,20.0,127.0,GPS,5.1,TO ORDER,17/01/2025 09:00:00,AIS,POINT (14.921125 55.468565),273292160_0,0 days 00:01:00,-3.014897417048049e-07,61.45863621533482,0.0,0,6.832719657239641,55.468565,14.921125
2025-01-15 01:01:00,2025-01-15 01:01:00,Class A,273292160_0,55.46996,14.925755,Under way using engine,0.0,10.8,61.8,63.0,9220641,UBGW3,LADY MARIIA,Cargo,No additional information,20.0,127.0,GPS,5.1,TO ORDER,17/01/2025 09:00:00,AIS,POINT (14.925755 55.46996),273292160_0,0 days 00:01:00,-5.16003590514142e-07,62.00618446731801,0.0,0,6.836778524076526,55.46996,14.925755
2025-01-15 01:02:00,2025-01-15 01:02:00,Class A,273292160_0,55.471362,14.930432,Under way using engine,0.0,10.7,62.0,62.0,9220641,UBGW3,LADY MARIIA,Cargo,No additional information,20.0,127.0,GPS,5.1,TO ORDER,17/01/2025 09:00:00,AIS,POINT (14.930432 55.471362),273292160_0,0 days 00:01:00,8.285222700070282e-07,62.12612799502574,0.0,0,6.8408816074249525,55.471362,14.930432
2025-01-15 01:03:00,2025-01-15 01:03:00,Class A,273292160_0,55.472792,14.935088,Under way using engine,0.0,10.7,61.8,59.0,9220641,UBGW3,LADY MARIIA,Cargo,No additional information,20.0,127.0,GPS,5.1,TO ORDER,17/01/2025 09:00:00,AIS,POINT (14.935088 55.472792),273292160_0,0 days 00:01:00,8.001261830109634e-08,61.54658147551055,0.0,0,6.844957771752067,55.472792,14.935088
2025-01-15 01:10:00,2025-01-15 01:10:00,Class A,273292160_0,55.48274,14.96753,Under way using engine,0.0,10.8,61.7,62.0,9220641,UBGW3,LADY MARIIA,Cargo,No additional information,20.0,127.0,GPS,5.1,TO ORDER,17/01/2025 09:00:00,AIS,POINT (14.96753 55.48274),273292160_0,0 days 00:07:00,-6.738361513197452e-08,61.570059191630094,0.0,0,6.873392686472162,55.48274,14.96753
2025-01-15 01:11:00,2025-01-15 01:11:00,Class A,273292160_0,55.484158,14.972133,Under way using engine,0.0,10.8,61.7,62.0,9220641,UBGW3,LADY MARIIA,Cargo,No additional information,20.0,127.0,GPS,5.1,TO ORDER,17/01/2025 09:00:00,AIS,POINT (14.972133 55.484158),273292160_0,0 days 00:01:00,-5.44162309699947e-07,61.46709286223489,0.0,0,6.877429390116193,55.484158,14.972133
2025-01-15 01:12:00,2025-01-15 01:12:00,Class A,273292160_0,55.485577,14.976772,Under way using engine,0.0,10.8,61.7,62.0,9220641,UBGW3,LADY MARIIA,Cargo,No additional information,20.0,127.0,GPS,5.1,TO ORDER,17/01/2025 09:00:00,AIS,POINT (14.976772 55.485577),273292160_0,0 days 00:01:00,5.683006330513332e-07,61.636246000217966,0.0,0,6.8815014447982215,55.485577,14.976772
2025-01-15 01:13:00,2025-01-15 01:13:00,Class A,273292160_0,55.486993,14.981438,Under way using engine,0.0,10.8,61.9,59.0,9220641,UBGW3,LADY MARIIA,Cargo,No additional information,20.0,127.0,GPS,5.1,TO ORDER,17/01/2025 09:00:00,AIS,POINT (14.981438 55.486993),273292160_0,0 days 00:01:00,3.7135672404546453e-07,61.82464691724749,0.0,0,6.885601299425056,55.486993,14.981438
2025-01-15 01:14:00,2025-01-15 01:14:00,Class A,273292160_0,55.488417,14.98606,Under way using engine,0.0,10.8,61.8,58.0,9220641,UBGW3,LADY MARIIA,Cargo,No additional information,20.0,127.0,GPS,5.1,TO ORDER,17/01/2025 09:00:00,AIS,POINT (14.98606 55.488417),273292160_0,0 days 00:01:00,-5.655569398463807e-07,61.46200773614942,0.0,0,6.889657654113737,55.488417,14.98606
2025-01-15 01:21:00,2025-01-15 01:21:00,Class A,273292160_0,55.498438,15.018232,Under way using engine,0.0,10.7,61.1,57.0,9220641,UBGW3,LADY MARIIA,Cargo,No additional information,20.0,127.0,GPS,5.1,TO ORDER,17/01/2025 09:00:00,AIS,POINT (15.018232 55.498438),273292160_0,0 days 00:07:00,-4.2697483592009876e-08,61.18320332511934,0.0,0,6.9178906601683865,55.498438,15.018232
2025-01-15 01:22:00,2025-01-15 01:22:00,Class A,273292160_0,55.499927,15.022833,Under way using engine,0.0,10.6,60.6,61.0,9220641,UBGW3,LADY MARIIA,Cargo,No additional information,20.0,127.0,GPS,5.1,TO ORDER,17/01/2025 09:00:00,AIS,POINT (15.022833 55.499927),273292160_0,0 days 00:01:00,9.333761146908635e-07,60.25643534444566,0.0,0,6.921917224108434,55.499927,15.022833
2025-01-15 01:23:00,2025-01-15 01:23:00,Class A,273292160_0,55.501383,15.027427,Under way using engine,0.0,10.6,60.5,61.0,9220641,UBGW3,LADY MARIIA,Cargo,No additional information,20.0,127.0,GPS,5.1,TO ORDER,17/01/2025 09:00:00,AIS,POINT (15.027427 55.501383),273292160_0,0 days 00:01:00,-6.111444118547255e-07,60.768311746977645,0.0,0,6.925946993460533,55.501383,15.027427
2025-01-15 01:24:00,2025-01-15 01:24:00,Class A,273292160_0,55.502852,15.031957,Under way using engine,0.0,10.7,60.4,57.0,9220641,UBGW3,LADY MARIIA,Cargo,No additional information,20.0,127.0,GPS,5.1,TO ORDER,17/01/2025 09:00:00,AIS,POINT (15.031957 55.502852),273292160_0,0 days 00:01:00,-7.830627728808507e-07,60.20452544397398,0.0,0,6.929912635963747,55.502852,15.031957
2025-01-15 01:29:00,2025-01-15 01:29:00,Class A,273292160_0,55.510255,15.05492,Under way using engine,0.0,10.8,60.4,57.0,9220641,UBGW3,LADY MARIIA,Cargo,No additional information,20.0,127.0,GPS,5.1,TO ORDER,17/01/2025 09:00:00,AIS,POINT (15.05492 55.510255),273292160_0,0 days 00:05:00,2.2489990440555917e-07,60.338687812018804,0.0,0,6.950041890757492,55.510255,15.05492
2025-01-15 01:30:00,2025-01-15 01:30:00,Class A,273292160_0,55.511733,15.059465,Under way using engine,0.0,10.7,60.3,56.0,9220641,UBGW3,LADY MARIIA,Cargo,No additional information,20.0,127.0,GPS,5.1,TO ORDER,17/01/2025 09:00:00,AIS,POINT (15.059465 55.511733),273292160_0,0 days 00:01:00,-7.732789566016323e-07,60.12966181984734,0.0,0,6.9540256234193585,55.511733,15.059465
2025-01-15 01:31:00,2025-01-15 01:31:00,Class A,273292160_0,55.513192,15.064048,Under way using engine,0.0,10.7,60.5,57.0,9220641,UBGW3,LADY MARIIA,Cargo,No additional information,20.0,127.0,GPS,5.1,TO ORDER,17/01/2025 09:00:00,AIS,POINT (15.064048 55.513192),273292160_0,0 days 00:01:00,2.876907569898899e-07,60.65206158246855,0.0,0,6.958052051908566,55.513192,15.064048
2025-01-15 01:32:00,2025-01-15 01:32:00,Class A,273292160_0,55.514677,15.068585,Under way using engine,0.0,10.7,60.1,56.0,9220641,UBGW3,LADY MARIIA,Cargo,No additional information,20.0,127.0,GPS,5.1,TO ORDER,17/01/2025 09:00:00,AIS,POINT (15.068585 55.514677),273292160_0,0 days 00:01:00,-3.0663787997114247e-07,59.96704379477404,0.0,0,6.962028206525237,55.514677,15.068585
2025-01-15 01:40:00,2025-01-15 01:40:00,Class A,273292160_0,55.52653,15.10451,Under way using engine,0.0,10.6,59.0,60.0,9220641,UBGW3,LADY MARIIA,Cargo,No additional information,20.0,127.0,GPS,5.1,TO ORDER,17/01/2025 09:00:00,AIS,POINT (15.10451 55.52653),273292160_0,0 days 00:08:00,-9.600348856674612e-08,59.75091546862268,0.0,0,6.993522633120522,55.52653,15.10451
2025-01-15 01:41:00,2025-01-15 01:41:00,Class A,273292160_0,55.528043,15.109017,Under way using engine,0.0,10.6,59.4,60.0,9220641,UBGW3,LADY MARIIA,Cargo,No additional information,20.0,127.0,GPS,5.1,TO ORDER,17/01/2025 11:00:00,AIS,POINT (15.109017 55.528043),273292160_0,0 days 00:01:00,7.27270100474341e-07,59.32616466896309,0.0,0,6.997471381228007,55.528043,15.109017
2025-01-15 01:42:00,2025-01-15 01:42:00,Class A,273292160_0,55.52956,15.11347,Under way using engine,0.0,10.6,59.5,60.0,9220641,UBGW3,LADY MARIIA,Cargo,No additional information,20.0,127.0,GPS,5.1,TO ORDER,17/01/2025 09:00:00,AIS,POINT (15.11347 55.52956),273292160_0,0 days 00:01:00,-7.528774030484085e-07,58.954526684055054,0.0,0,7.0013679801885145,55.52956,15.11347
2025-01-15 01:43:00,2025-01-15 01:43:00,Class A,273292160_0,55.531067,15.117957,Under way using engine,0.0,10.6,59.7,60.0,9220641,UBGW3,LADY MARIIA,Cargo,No additional information,20.0,127.0,GPS,5.1,TO ORDER,17/01/2025 09:00:00,AIS,POINT (15.117957 55.531067),273292160_0,0 days 00:01:00,3.5125375832029995e-07,59.31232313136752,0.0,0,7.005301003670364,55.531067,15.117957
2025-01-15 01:44:00,2025-01-15 01:44:00,Class A,273292160_0,55.532583,15.122488,Under way using engine,0.0,10.6,59.6,59.0,9220641,UBGW3,LADY MARIIA,Cargo,No additional information,20.0,127.0,GPS,5.1,TO ORDER,17/01/2025 09:00:00,AIS,POINT (15.122488 55.532583),273292160_0,0 days 00:01:00,8.03428770030015e-07,59.4069061421381,0.0,0,7.009275114595232,55.532583,15.122488
2025-01-15 01:50:00,2025-01-15 01:50:00,Class A,273292160_0,55.541518,15.149415,Under way using engine,0.0,10.5,60.0,56.0,9220641,UBGW3,LADY MARIIA,Cargo,No additional information,20.0,127.0,GPS,5.1,TO ORDER,17/01/2025 09:00:00,AIS,POINT (15.149415 55.541518),273292160_0,0 days 00:06:00,-1.803616647250931e-07,59.6019142691398,0.0,0,7.032932590367832,55.541518,15.149415
2025-01-15 01:51:00,2025-01-15 01:51:00,Class A,273292160_0,55.543,15.153865,Under way using engine,0.0,10.6,60.0,56.0,9220641,UBGW3,LADY MARIIA,Cargo,No additional information,20.0,127.0,GPS,5.1,TO ORDER,17/01/2025 09:00:00,AIS,POINT (15.153865 55.543),273292160_0,0 days 00:01:00,-6.933767009985528e-07,59.51673286546736,0.0,0,7.036844219102338,55.543,15.153865
2025-01-15 01:52:00,2025-01-15 01:52:00,Class A,273292160_0,55.54446,15.15837,Under way using engine,0.0,10.6,60.6,60.0,9220641,UBGW3,LADY MARIIA,Cargo,No additional information,20.0,127.0,GPS,5.1,TO ORDER,17/01/2025 09:00:00,AIS,POINT (15.15837 55.54446),273292160_0,0 days 00:01:00,4.90848810050006e-07,60.193509027052414,0.0,0,7.040815623818663,55.54446,15.15837
2025-01-15 02:00:00,2025-01-15 02:00:00,Class A,273292160_0,55.556288,15.19379,Under way using engine,0.0,10.5,59.4,59.0,9220641,UBGW3,LADY MARIIA,Cargo,No additional information,20.0,127.0,GPS,5.1,TO ORDER,17/01/2025 09:00:00,AIS,POINT (15.19379 55.556288),273292160_0,0 days 00:08:00,-1.1244546429272624e-07,59.43100158539528,0.0,0,7.0719835168750915,55.556288,15.19379
2025-01-15 02:01:00,2025-01-15 02:01:00,Class A,273292160_0,55.557798,15.198187,Under way using engine,0.0,10.5,59.5,54.0,9220641,UBGW3,LADY MARIIA,Cargo,No additional information,20.0,127.0,GPS,5.1,TO ORDER,17/01/2025 09:00:00,AIS,POINT (15.198187 55.557798),273292160_0,0 days 00:01:00,2.9409739229742728e-08,58.73262038316739,0.0,0,7.075846152466149,55.557798,15.198187
2025-01-15 02:02:00,2025-01-15 02:02:00,Class A,273292160_0,55.559315,15.202617,Under way using engine,0.0,10.5,59.4,54.0,9220641,UBGW3,LADY MARIIA,Cargo,No additional information,20.0,127.0,GPS,5.1,TO ORDER,17/01/2025 09:00:00,AIS,POINT (15.202617 55.559315),273292160_0,0 days 00:01:00,6.044381133968035e-07,58.80407497951239,0.0,0,7.079739842689208,55.559315,15.202617
2025-01-15 02:03:00,2025-01-15 02:03:00,Class A,273292160_0,55.560857,15.207082,Under way using engine,0.0,10.5,59.2,55.0,9220641,UBGW3,LADY MARIIA,Cargo,No additional information,20.0,127.0,GPS,5.1,TO ORDER,17/01/2025 09:00:00,AIS,POINT (15.207082 55.560857),273292160_0,0 days 00:01:00,9.229669278836122e-07,58.58748438486333,0.0,0,7.083661935712348,55.560857,15.207082
2025-01-15 02:04:00,2025-01-15 02:04:00,Class A,273292160_0,55.562343,15.211475,Under way using engine,0.0,10.5,59.4,55.0,9220641,UBGW3,LADY MARIIA,Cargo,No additional information,20.0,127.0,GPS,5.1,TO ORDER,17/01/2025 09:00:00,AIS,POINT (15.211475 55.562343),273292160_0,0 days 00:01:00,-1.977623341577397e-06,59.11245629557067,0.0,0,7.087529684443869,55.562343,15.211475
2025-01-15 02:05:00,2025-01-15 02:05:00,Class A,273292160_0,55.563845,15.215877,Under way using engine,0.0,10.6,59.3,58.0,9220641,UBGW3,LADY MARIIA,Cargo,No additional information,20.0,127.0,GPS,5.1,TO ORDER,17/01/2025 09:00:00,AIS,POINT (15.215877 55.563845),273292160_0,0 days 00:01:00,3.8720604201046443e-07,58.89238206932987,0.0,0,7.091402980943969,55.563845,15.215877
2025-01-15 02:06:00,2025-01-15 02:06:00,Class A,273292160_0,55.565348,15.220283,Under way using engine,0.0,10.5,59.2,55.0,9220641,UBGW3,LADY MARIIA,Cargo,No additional information,20.0,127.0,GPS,5.1,TO ORDER,17/01/2025 09:00:00,AIS,POINT (15.220283 55.565348),273292160_0,0 days 00:01:00,7.349302343342157e-08,58.89756201920687,0.0,0,7.0952808257512965,55.565348,15.220283
2025-01-15 02:07:00,2025-01-15 02:07:00,Class A,273292160_0,55.566853,15.224712,Under way using engine,0.0,10.5,59.3,55.0,9220641,UBGW3,LADY MARIIA,Cargo,No additional information,20.0,127.0,GPS,5.1,TO ORDER,17/01/2025 09:00:00,AIS,POINT (15.224712 55.566853),273292160_0,0 days 00:01:00,3.7484278586971446e-07,58.994739342847254,0.0,0,7.099181341267457,55.566853,15.224712
2025-01-15 02:08:00,2025-01-15 02:08:00,Class A,273292160_0,55.568382,15.229125,Under way using engine,0.0,10.5,59.1,55.0,9220641,UBGW3,LADY MARIIA,Cargo,No additional information,20.0,127.0,GPS,5.1,TO ORDER,17/01/2025 09:00:00,AIS,POINT (15.229125 55.568382),273292160_0,0 days 00:01:00,1.4205610998699324e-07,58.49977298974795,0.0,0,7.103061227460875,55.568382,15.229125
2025-01-15 02:09:00,2025-01-15 02:09:00,Class A,273292160_0,55.569898,15.233455,Under way using engine,0.0,10.5,58.9,55.0,9220641,UBGW3,LADY MARIIA,Cargo,No additional information,20.0,127.0,GPS,5.1,TO ORDER,17/01/2025 09:00:00,AIS,POINT (15.233455 55.569898),273292160_0,0 days 00:01:00,-1.4521783756147922e-06,58.2314869589606,0.0,0,7.10686507061292,55.569898,15.233455
2025-01-15 02:25:00,2025-01-15 02:25:00,Class A,273292160_0,55.594147,15.3043,Under way using engine,0.0,10.7,59.4,59.0,9220641,UBGW3,LADY MARIIA,Cargo,No additional information,20.0,127.0,GPS,5.1,TO ORDER,17/01/2025 11:00:00,AIS,POINT (15.3043 55.594147),273292160_0,0 days 00:16:00,8.96201924747254e-08,58.77304467604631,0.0,0,7.169369248244087,55.594147,15.3043
2025-01-15 02:30:00,2025-01-15 02:30:00,Class A,273292160_0,55.601642,15.326902,Under way using engine,0.0,10.8,60.3,58.0,9220641,UBGW3,LADY MARIIA,Cargo,No additional information,20.0,127.0,GPS,5.1,TO ORDER,17/01/2025 11:00:00,AIS,POINT (15.326902 55.601642),273292160_0,0 days 00:05:00,2.2093208079083706e-07,59.58118179307951,0.0,0,7.189419384622447,55.601642,15.326902
2025-01-15 02:31:00,2025-01-15 02:31:00,Class A,273292160_0,55.603173,15.331582,Under way using engine,0.0,10.8,60.0,58.0,9220641,UBGW3,LADY MARIIA,Cargo,No additional information,20.0,127.0,GPS,5.1,TO ORDER,17/01/2025 09:00:00,AIS,POINT (15.331582 55.603173),273292160_0,0 days 00:01:00,2.9052368364557503e-06,59.924118946009344,0.0,0,7.193579002317274,55.603173,15.331582
2025-01-15 02:32:00,2025-01-15 02:32:00,Class A,273292160_0,55.604675,15.336135,Under way using engine,0.0,10.8,60.0,58.0,9220641,UBGW3,LADY MARIIA,Cargo,No additional information,20.0,127.0,GPS,5.1,TO ORDER,17/01/2025 09:00:00,AIS,POINT (15.336135 55.604675),273292160_0,0 days 00:01:00,-2.376062566455574e-06,59.714354079365705,0.0,0,7.197623587780137,55.604675,15.336135
2025-01-15 02:33:00,2025-01-15 02:33:00,Class A,273292160_0,55.606165,15.34078,Under way using engine,0.0,10.8,60.2,55.0,9220641,UBGW3,LADY MARIIA,Cargo,No additional information,20.0,127.0,GPS,5.1,TO ORDER,17/01/2025 09:00:00,AIS,POINT (15.34078 55.606165),273292160_0,0 days 00:01:00,1.209019273341203e-06,60.407789251854865,0.0,0,7.201761228395733,55.606165,15.34078
2025-01-15 02:49:00,2025-01-15 02:49:00,Class A,273292160_0,55.629898,15.414032,Under way using engine,0.0,10.8,60.0,55.0,9220641,UBGW3,LADY MARIIA,Cargo,No additional information,20.0,127.0,GPS,5.1,TO ORDER,17/01/2025 11:00:00,AIS,POINT (15.414032 55.629898),273292160_0,0 days 00:16:00,-7.12583557868864e-08,60.12546534142592,0.0,0,7.267077152088384,55.629898,15.414032
2025-01-15 02:50:00,2025-01-15 02:50:00,Class A,273292160_0,55.631397,15.418617,Under way using engine,0.0,10.8,60.1,58.0,9220641,UBGW3,LADY MARIIA,Cargo,No additional information,20.0,127.0,GPS,5.1,TO ORDER,17/01/2025 11:00:00,AIS,POINT (15.418617 55.631397),273292160_0,0 days 00:01:00,3.220213315569305e-07,59.92153891775831,0.0,0,7.271169790915695,55.631397,15.418617
2025-01-15 02:51:00,2025-01-15 02:51:00,Class A,273292160_0,55.632912,15.423182,Under way using engine,0.0,10.8,60.0,58.0,9220641,UBGW3,LADY MARIIA,Cargo,No additional information,20.0,127.0,GPS,5.1,TO ORDER,17/01/2025 11:00:00,AIS,POINT (15.423182 55.632912),273292160_0,0 days 00:01:00,-5.605848304952287e-08,59.5467604900972,0.0,0,7.275240081983894,55.632912,15.423182
2025-01-15 03:02:00,2025-01-15 03:02:00,Class A,273292160_0,55.648883,15.473928,Under way using engine,0.0,10.8,61.0,56.0,9220641,UBGW3,LADY MARIIA,Cargo,No additional information,20.0,127.0,GPS,5.1,TO ORDER,17/01/2025 11:00:00,AIS,POINT (15.473928 55.648883),273292160_0,0 days 00:11:00,-2.2763289989331034e-08,60.832912066260064,0.0,0,7.320751856447807,55.648883,15.473928
2025-01-15 03:03:00,2025-01-15 03:03:00,Class A,273292160_0,55.650328,15.478582,Under way using engine,0.0,10.9,61.1,56.0,9220641,UBGW3,LADY MARIIA,Cargo,No additional information,20.0,127.0,GPS,5.1,TO ORDER,17/01/2025 11:00:00,AIS,POINT (15.478582 55.650328),273292160_0,0 days 00:01:00,5.043386460988214e-07,61.17584419391255,0.0,0,7.3249356385012,55.650328,15.478582
2025-01-15 03:04:00,2025-01-15 03:04:00,Class A,273292160_0,55.651788,15.483298,Under way using engine,0.0,10.9,61.3,60.0,9220641,UBGW3,LADY MARIIA,Cargo,No additional information,20.0,127.0,GPS,5.1,TO ORDER,17/01/2025 11:00:00,AIS,POINT (15.483298 55.651788),273292160_0,0 days 00:01:00,1.1710723722624788e-06,61.24521251768556,0.0,0,7.329177022523673,55.651788,15.483298
2025-01-15 03:05:00,2025-01-15 03:05:00,Class A,273292160_0,55.653255,15.48799,Under way using engine,0.0,10.9,61.2,56.0,9220641,UBGW3,LADY MARIIA,Cargo,No additional information,20.0,127.0,GPS,5.1,TO ORDER,17/01/2025 11:00:00,AIS,POINT (15.48799 55.653255),273292160_0,0 days 00:01:00,-2.66017697582617e-07,61.00482875904129,0.0,0,7.333394304908471,55.653255,15.48799
2025-01-15 03:06:00,2025-01-15 03:06:00,Class A,273292160_0,55.65471,15.492693,Under way using engine,0.0,10.9,61.5,56.0,9220641,UBGW3,LADY MARIIA,Cargo,No additional information,20.0,127.0,GPS,5.1,TO ORDER,17/01/2025 11:00:00,AIS,POINT (15.492693 55.65471),273292160_0,0 days 00:01:00,-1.3008355206596892e-08,61.25960364443307,0.0,0,7.337625959126697,55.65471,15.492693
2025-01-15 03:07:00,2025-01-15 03:07:00,Class A,273292160_0,55.656123,15.497407,Under way using engine,0.0,10.9,61.7,56.0,9220641,UBGW3,LADY MARIIA,Cargo,No additional information,20.0,127.0,GPS,5.1,TO ORDER,17/01/2025 11:00:00,AIS,POINT (15.497407 55.656123),273292160_0,0 days 00:01:00,-4.492941550316773e-07,62.01613828799219,0.0,0,7.341878982965124,55.656123,15.497407
2025-01-15 03:08:00,2025-01-15 03:08:00,Class A,273292160_0,55.65759,15.502107,Under way using engine,0.0,10.9,61.1,55.0,9220641,UBGW3,LADY MARIIA,Cargo,No additional information,20.0,127.0,GPS,5.1,TO ORDER,17/01/2025 11:00:00,AIS,POINT (15.502107 55.65759),273292160_0,0 days 00:01:00,5.768151145263006e-07,61.04350132000229,0.0,0,7.346106629807793,55.65759,15.502107
2025-01-15 03:09:00,2025-01-15 03:09:00,Class A,273292160_0,55.659063,15.506808,Under way using engine,0.0,10.9,61.1,60.0,9220641,UBGW3,LADY MARIIA,Cargo,No additional information,20.0,127.0,GPS,5.1,TO ORDER,17/01/2025 11:00:00,AIS,POINT (15.506808 55.659063),273292160_0,0 days 00:01:00,1.0242933613671043e-07,60.94859050247578,0.0,0,7.350334717913462,55.659063,15.506808
2025-01-15 03:10:00,2025-01-15 03:10:00,Class A,273292160_0,55.660547,15.511572,Under way using engine,0.0,10.9,61.1,56.0,9220641,UBGW3,LADY MARIIA,Cargo,No additional information,20.0,127.0,GPS,5.1,TO ORDER,17/01/2025 11:00:00,AIS,POINT (15.511572 55.660547),273292160_0,0 days 00:01:00,1.1258709857848675e-06,61.09024898219428,0.0,0,7.354622388181462,55.660547,15.511572
2025-01-15 03:12:00,2025-01-15 03:12:00,Class A,273292160_0,55.663527,15.520978,Under way using engine,0.0,11.0,61.1,60.0,9220641,UBGW3,LADY MARIIA,Cargo,No additional information,20.0,127.0,GPS,5.1,TO ORDER,17/01/2025 11:00:00,AIS,POINT (15.520978 55.663527),273292160_0,0 days 00:02:00,-4.23074390650833e-07,60.67480912383172,0.0,0,7.363078926372037,55.663527,15.520978
2025-01-15 03:13:00,2025-01-15 03:13:00,Class A,273292160_0,55.664978,15.525742,Under way using engine,0.0,11.0,61.6,60.0,9220641,UBGW3,LADY MARIIA,Cargo,No additional information,20.0,127.0,GPS,5.1,TO ORDER,17/01/2025 11:00:00,AIS,POINT (15.525742 55.664978),273292160_0,0 days 00:01:00,3.495349857823328e-07,61.62948567446574,0.0,0,7.367376884893632,55.664978,15.525742
2025-01-15 03:14:00,2025-01-15 03:14:00,Class A,273292160_0,55.666417,15.53052,Under way using engine,0.0,11.0,62.0,60.0,9220641,UBGW3,LADY MARIIA,Cargo,No additional information,20.0,127.0,GPS,5.1,TO ORDER,17/01/2025 11:00:00,AIS,POINT (15.53052 55.666417),273292160_0,0 days 00:01:00,3.773446714099478e-08,61.896989819690646,0.0,0,7.371692097715964,55.666417,15.53052
2025-01-15 03:15:00,2025-01-15 03:15:00,Class A,273292160_0,55.66782,15.535338,Under way using engine,0.0,11.0,62.4,56.0,9220641,UBGW3,LADY MARIIA,Cargo,No additional information,20.0,127.0,GPS,5.1,TO ORDER,17/01/2025 11:00:00,AIS,POINT (15.535338 55.66782),273292160_0,0 days 00:01:00,9.991159249100878e-08,62.6901870174039,0.0,0,7.376055394709628,55.66782,15.535338
2025-01-15 03:37:00,2025-01-15 03:37:00,Class A,273292160_0,55.698552,15.637577,Under way using engine,0.0,10.7,62.2,55.0,9220641,UBGW3,LADY MARIIA,Cargo,No additional information,20.0,127.0,GPS,5.1,TO ORDER,17/01/2025 11:00:00,AIS,POINT (15.637577 55.698552),273292160_0,0 days 00:22:00,-1.2551915479798972e-07,61.892159854821784,0.0,0,7.468624329382889,55.698552,15.637577
2025-01-15 03:38:00,2025-01-15 03:38:00,Class A,273292160_0,55.699943,15.6422,Under way using engine,0.0,10.7,62.1,56.0,9220641,UBGW3,LADY MARIIA,Cargo,No additional information,20.0,127.0,GPS,5.1,TO ORDER,17/01/2025 11:00:00,AIS,POINT (15.6422 55.699943),273292160_0,0 days 00:01:00,-4.886996533583759e-07,61.89918318225625,0.0,0,7.4728187090112135,55.699943,15.6422
2025-01-15 03:39:00,2025-01-15 03:39:00,Class A,273292160_0,55.70134,15.64683,Under way using engine,0.0,10.7,62.1,56.0,9220641,UBGW3,LADY MARIIA,Cargo,No additional information,20.0,127.0,GPS,5.1,TO ORDER,17/01/2025 11:00:00,AIS,POINT (15.64683 55.70134),273292160_0,0 days 00:01:00,1.9268138980741215e-07,61.83183418554722,0.0,0,7.477019335915147,55.70134,15.64683
2025-01-15 03:40:00,2025-01-15 03:40:00,Class A,273292160_0,55.702673,15.65144,Under way using engine,0.0,10.7,62.2,59.0,9220641,UBGW3,LADY MARIIA,Cargo,No additional information,20.0,127.0,GPS,5.1,TO ORDER,17/01/2025 11:00:00,AIS,POINT (15.65144 55.702673),273292160_0,0 days 00:01:00,-1.2295035974232982e-06,62.83383367728004,0.0,0,7.481215509239658,55.702673,15.65144
2025-01-15 03:41:00,2025-01-15 03:41:00,Class A,273292160_0,55.70408,15.656075,Under way using engine,0.0,10.8,61.7,58.0,9220641,UBGW3,LADY MARIIA,Cargo,No additional information,20.0,127.0,GPS,5.1,TO ORDER,17/01/2025 11:00:00,AIS,POINT (15.656075 55.70408),273292160_0,0 days 00:01:00,1.4475883627743796e-06,61.6855871715851,0.0,0,7.485420295865423,55.70408,15.656075
2025-01-15 03:42:00,2025-01-15 03:42:00,Class A,273292160_0,55.705537,15.660687,Under way using engine,0.0,10.8,61.4,54.0,9220641,UBGW3,LADY MARIIA,Cargo,No additional information,20.0,127.0,GPS,5.1,TO ORDER,17/01/2025 11:00:00,AIS,POINT (15.660687 55.705537),273292160_0,0 days 00:01:00,3.888843352717735e-07,60.719919712034994,0.0,0,7.489592309681815,55.705537,15.660687
2025-01-15 03:46:00,2025-01-15 03:46:00,Class A,273292160_0,55.711317,15.679335,Under way using engine,0.0,10.7,60.9,59.0,9220641,UBGW3,LADY MARIIA,Cargo,No additional information,20.0,127.0,GPS,5.1,TO ORDER,17/01/2025 11:00:00,AIS,POINT (15.679335 55.711317),273292160_0,0 days 00:04:00,1.443132849246349e-07,61.17523298220476,0.0,0,7.506494005007464,55.711317,15.679335
2025-01-15 03:47:00,2025-01-15 03:47:00,Class A,273292160_0,55.712737,15.683858,Under way using engine,0.0,10.6,60.8,54.0,9220641,UBGW3,LADY MARIIA,Cargo,No additional information,20.0,127.0,GPS,5.1,TO ORDER,17/01/2025 11:00:00,AIS,POINT (15.683858 55.712737),273292160_0,0 days 00:01:00,-2.504714038522425e-06,60.86763468160257,0.0,0,7.510591367896673,55.712737,15.683858
2025-01-15 03:48:00,2025-01-15 03:48:00,Class A,273292160_0,55.714127,15.688312,Under way using engine,0.0,10.5,60.5,54.0,9220641,UBGW3,LADY MARIIA,Cargo,No additional information,20.0,127.0,GPS,5.1,TO ORDER,17/01/2025 11:00:00,AIS,POINT (15.688312 55.714127),273292160_0,0 days 00:01:00,-1.5059585989855447e-06,61.012259910133594,0.0,0,7.514628802075324,55.714127,15.688312
2025-01-15 04:20:00,2025-01-15 04:20:00,Class A,273292160_0,55.759517,15.830418,Under way using engine,0.0,10.4,61.6,61.0,9220641,UBGW3,LADY MARIIA,Cargo,No additional information,20.0,127.0,GPS,5.1,TO ORDER,17/01/2025 11:00:00,AIS,POINT (15.830418 55.759517),273292160_0,0 days 00:32:00,5.877642596126265e-09,60.373325981182575,0.0,0,7.643600035104138,55.759517,15.830418
2025-01-15 04:35:00,2025-01-15 04:35:00,Class A,273292160_0,55.779797,15.897442,Under way using engine,0.0,10.3,61.7,59.0,9220641,UBGW3,LADY MARIIA,Cargo,No additional information,20.0,127.0,GPS,5.1,TO ORDER,17/01/2025 11:00:00,AIS,POINT (15.897442 55.779797),273292160_0,0 days 00:15:00,-4.1986562361464524e-08,61.6966482915704,0.0,0,7.704915182200255,55.779797,15.897442
2025-01-15 04:36:00,2025-01-15 04:36:00,Class A,273292160_0,55.781125,15.901963,Under way using engine,0.0,10.3,61.8,58.0,9220641,UBGW3,LADY MARIIA,Cargo,No additional information,20.0,127.0,GPS,5.1,TO ORDER,17/01/2025 11:00:00,AIS,POINT (15.901963 55.781125),273292160_0,0 days 00:01:00,4.463956023348572e-07,62.41871464209726,0.0,0,7.709064684715325,55.781125,15.901963
