t,TS,Type of mobile,MMSI,Latitude,Longitude,Navigational status,ROT,SOG,COG,Heading,IMO,Callsign,Name,Ship type,Cargo type,Width,Length,Type of position fixing device,Draught,Destination,ETA,Data source type,geometry,traj_id,timedelta,acceleration,direction,oft_minutes60,oft_dummy60,haus_dist_a,lat,lon
2025-02-07 22:07:00,2025-02-07 22:07:00,Class A,273414440_0,56.139482,6.77208,Under way using engine,0.0,8.0,24.5,35.0,Unknown,Unknown,LEFKADA,Undefined,0,42.0,239.0,Undefined,7.0,Unknown,10/02/2025 13:00:00,AIS,POINT (6.77208 56.139482),273414440_0,0,0.0,23.57380954048233,0.0,0,8.914729765569119,56.139482,6.77208
2025-02-07 22:10:00,2025-02-07 22:10:00,Class A,273414440_0,56.145702,6.776952,Under way using engine,-3.6,8.1,23.5,36.0,Unknown,Unknown,FIORA,Undefined,0,44.0,251.0,Undefined,14.0,Unknown,22/02/2025 10:00:00,AIS,POINT (6.776952 56.145702),273414440_0,0 days 00:03:00,0.0,23.57380954048233,0.0,0,8.910124680480964,56.145702,6.776952
2025-02-07 23:41:00,2025-02-07 23:41:00,Class A,273414440_0,56.332088,6.956387,Under way using engine,0.0,8.3,40.5,48.0,Unknown,Unknown,FIORA,Undefined,0,44.0,251.0,Undefined,14.0,Unknown,22/02/2025 10:00:00,AIS,POINT (6.956387 56.332088),273414440_0,0 days 01:31:00,2.0769043925828514e-08,28.07249812989113,91.0,1,8.740937510610461,56.332088,6.956387
2025-02-07 23:58:00,2025-02-07 23:58:00,Class A,273414440_0,56.361722,7.002967,Under way using engine,0.0,8.2,42.7,48.0,Unknown,Unknown,IONIA,Undefined,0,44.0,249.0,Undefined,14.5,Unknown,21/02/2025 03:00:00,AIS,POINT (7.002967 56.361722),273414440_0,0 days 00:17:00,-1.8405558814308654e-08,41.03835561077864,0.0,0,8.696434179740626,56.361722,7.002967
2025-02-08 00:44:00,2025-02-08 00:44:00,Class A,273414440_0,56.440407,7.13436,Under way using engine,0.0,8.3,41.5,51.0,Unknown,Unknown,FIORA,Undefined,0,44.0,251.0,Undefined,14.0,Unknown,22/02/2025 10:00:00,AIS,POINT (7.13436 56.440407),273414440_0,0 days 00:46:00,1.1730858026882439e-08,42.685113624245616,0.0,0,8.571182836287473,56.440407,7.13436
2025-02-08 01:00:00,2025-02-08 01:00:00,Class A,273414440_0,56.466775,7.18122,Under way using engine,0.0,8.4,45.3,51.0,Unknown,Unknown,FIORA,Undefined,0,44.0,251.0,Undefined,14.0,Unknown,22/02/2025 10:00:00,AIS,POINT (7.18122 56.466775),273414440_0,0 days 00:16:00,-3.684879647692162e-08,44.46239317319379,0.0,0,8.526594238490125,56.466775,7.18122
2025-02-08 01:03:00,2025-02-08 01:03:00,Class A,273414440_0,56.471633,7.19001,Under way using engine,0.0,8.2,44.3,51.0,Unknown,Unknown,FIORA,Undefined,0,44.0,251.0,Undefined,14.0,Unknown,22/02/2025 10:00:00,AIS,POINT (7.19001 56.471633),273414440_0,0 days 00:03:00,-2.095247650514428e-07,44.9813843103376,0.0,0,8.518234819936874,56.471633,7.19001
2025-02-08 01:26:00,2025-02-08 01:26:00,Class A,273414440_0,56.510355,7.25653,Under way using engine,0.0,8.5,41.4,47.0,9179854,UGPS,ADLER,Cargo,0,20.0,127.0,Combined GPS/GLONASS,5.3,TO ORDER,03/02/2025 08:00:00,AIS,POINT (7.25653 56.510355),273414440_0,0 days 00:23:00,4.131422370890828e-08,43.45495226073365,0.0,0,8.455264206106927,56.510355,7.25653
2025-02-08 01:33:00,2025-02-08 01:33:00,Class A,273414440_0,56.522658,7.275965,Under way using engine,0.0,8.4,41.6,47.0,9179854,UGPS,ADLER,Cargo,0,20.0,127.0,Combined GPS/GLONASS,5.3,TO ORDER,03/02/2025 08:00:00,AIS,POINT (7.275965 56.522658),273414440_0,0 days 00:07:00,4.814774088411608e-08,41.06447309868827,0.0,0,8.436998710365256,56.522658,7.275965
2025-02-08 01:36:00,2025-02-08 01:36:00,Class A,273414440_0,56.527997,7.284282,Under way using engine,0.0,8.8,41.0,47.0,9179854,UGPS,ADLER,Cargo,0,20.0,127.0,Combined GPS/GLONASS,5.3,TO ORDER,03/02/2025 08:00:00,AIS,POINT (7.284282 56.527997),273414440_0,0 days 00:03:00,1.5443755499627284e-07,40.66647388973263,0.0,0,8.429195963665869,56.527997,7.284282
2025-02-08 01:47:00,2025-02-08 01:47:00,Class A,273414440_0,56.547462,7.31494,Under way using engine,0.0,8.8,40.6,47.0,9179854,UGPS,ADLER,Cargo,0,20.0,127.0,Combined GPS/GLONASS,5.3,TO ORDER,03/02/2025 08:00:00,AIS,POINT (7.31494 56.547462),273414440_0,0 days 00:11:00,-7.426468345216231e-09,40.96000575822575,0.0,0,8.400451382953419,56.547462,7.31494
2025-02-08 01:48:00,2025-02-08 01:48:00,Class A,273414440_0,56.549253,7.31773,Under way using engine,0.0,8.5,41.1,47.0,9179854,UGPS,ADLER,Cargo,0,20.0,127.0,Combined GPS/GLONASS,5.3,TO ORDER,03/02/2025 08:00:00,AIS,POINT (7.31773 56.549253),273414440_0,0 days 00:01:00,5.256819674922912e-07,40.651676232053035,0.0,0,8.39784025126133,56.549253,7.31773
2025-02-08 01:49:00,2025-02-08 01:49:00,Class A,273414440_0,56.551005,7.320455,Under way using engine,0.0,8.6,40.2,47.0,9179854,UGPS,ADLER,Cargo,0,20.0,127.0,Combined GPS/GLONASS,5.3,TO ORDER,03/02/2025 08:00:00,AIS,POINT (7.320455 56.551005),273414440_0,0 days 00:01:00,-1.640116911128496e-06,40.60629027322574,0.0,0,8.395290687063671,56.551005,7.320455
2025-02-08 01:50:00,2025-02-08 01:50:00,Class A,273414440_0,56.552785,7.323183,Under way using engine,0.0,8.6,39.9,46.0,9179854,UGPS,ADLER,Cargo,0,20.0,127.0,Combined GPS/GLONASS,5.3,TO ORDER,03/02/2025 08:00:00,AIS,POINT (7.323183 56.552785),273414440_0,0 days 00:01:00,6.908609635374359e-07,40.18771405166359,0.0,0,8.392741235684202,56.552785,7.323183
2025-02-08 01:51:00,2025-02-08 01:51:00,Class A,273414440_0,56.55459,7.32588,Under way using engine,0.0,8.5,40.5,47.0,9179854,UGPS,ADLER,Cargo,0,20.0,127.0,Combined GPS/GLONASS,5.3,TO ORDER,03/02/2025 08:00:00,AIS,POINT (7.32588 56.55459),273414440_0,0 days 00:01:00,2.523315197632397e-07,39.47124862122513,0.0,0,8.390225485760679,56.55459,7.32588
2025-02-08 01:52:00,2025-02-08 01:52:00,Class A,273414440_0,56.556408,7.328562,Under way using engine,0.0,8.6,37.9,46.0,9179854,UGPS,ADLER,Cargo,0,20.0,127.0,Combined GPS/GLONASS,5.3,TO ORDER,03/02/2025 08:00:00,AIS,POINT (7.328562 56.556408),273414440_0,0 days 00:01:00,1.4709600130457096e-07,39.11177452896993,0.0,0,8.38772639469195,56.556408,7.328562
2025-02-08 01:53:00,2025-02-08 01:53:00,Class A,273414440_0,56.558233,7.331297,Under way using engine,0.0,8.5,39.1,46.0,9179854,UGPS,ADLER,Cargo,0,20.0,127.0,Combined GPS/GLONASS,5.3,TO ORDER,03/02/2025 08:00:00,AIS,POINT (7.331297 56.558233),273414440_0,0 days 00:01:00,7.404593600357443e-07,39.552117167558094,0.0,0,8.385175708716067,56.558233,7.331297
2025-02-08 01:54:00,2025-02-08 01:54:00,Class A,273414440_0,56.560047,7.333998,Under way using engine,0.0,8.5,38.8,46.0,9179854,UGPS,ADLER,Cargo,0,20.0,127.0,Combined GPS/GLONASS,5.3,TO ORDER,03/02/2025 08:00:00,AIS,POINT (7.333998 56.560047),273414440_0,0 days 00:01:00,-6.334204888117957e-07,39.3690572080738,0.0,0,8.382658342031181,56.560047,7.333998
2025-02-08 02:27:00,2025-02-08 02:27:00,Class A,273414440_0,56.623015,7.415955,Under way using engine,0.0,8.3,34.2,45.0,9179854,UGPS,ADLER,Cargo,0,20.0,127.0,Combined GPS/GLONASS,5.3,TO ORDER,03/02/2025 08:00:00,AIS,POINT (7.415955 56.623015),273414440_0,0 days 00:33:00,6.736761308212386e-10,35.59298222996887,0.0,0,8.307330135624682,56.623015,7.415955
2025-02-08 02:28:00,2025-02-08 02:28:00,Class A,273414440_0,56.624867,7.418282,Under way using engine,0.0,8.4,34.6,44.0,9179854,UGPS,ADLER,Cargo,0,20.0,127.0,Combined GPS/GLONASS,5.3,TO ORDER,03/02/2025 08:00:00,AIS,POINT (7.418282 56.624867),273414440_0,0 days 00:01:00,-2.9777980482263884e-06,34.65239584598311,0.0,0,8.305206780549236,56.624867,7.418282
2025-02-08 02:29:00,2025-02-08 02:29:00,Class A,273414440_0,56.626708,7.420697,Under way using engine,0.0,8.1,33.3,44.0,9179854,UGPS,ADLER,Cargo,0,20.0,127.0,Combined GPS/GLONASS,5.3,TO ORDER,03/02/2025 08:00:00,AIS,POINT (7.420697 56.626708),273414440_0,0 days 00:01:00,5.879994238558393e-07,35.81398212981554,0.0,0,8.302995281602717,56.626708,7.420697
2025-02-08 02:30:00,2025-02-08 02:30:00,Class A,273414440_0,56.628565,7.423073,Under way using engine,0.0,8.3,34.3,45.0,9179854,UGPS,ADLER,Cargo,0,20.0,127.0,Combined GPS/GLONASS,5.3,TO ORDER,03/02/2025 08:00:00,AIS,POINT (7.423073 56.628565),273414440_0,0 days 00:01:00,1.5165903106542528e-08,35.13748305020914,0.0,0,8.30082475533811,56.628565,7.423073
2025-02-08 02:31:00,2025-02-08 02:31:00,Class A,273414440_0,56.630445,7.425447,Under way using engine,0.0,8.3,34.1,44.0,9179854,UGPS,ADLER,Cargo,0,20.0,127.0,Combined GPS/GLONASS,5.3,TO ORDER,03/02/2025 08:00:00,AIS,POINT (7.425447 56.630445),273414440_0,0 days 00:01:00,5.619554766944154e-07,34.78228702301709,0.0,0,8.298659141119726,56.630445,7.425447
2025-02-08 02:32:00,2025-02-08 02:32:00,Class A,273414440_0,56.632308,7.427802,Under way using engine,0.0,7.9,35.2,45.0,9179854,UGPS,ADLER,Cargo,0,20.0,127.0,Combined GPS/GLONASS,5.3,TO ORDER,03/02/2025 08:00:00,AIS,POINT (7.427802 56.632308),273414440_0,0 days 00:01:00,-6.177461277612467e-07,34.80910524164335,0.0,0,8.296511188766758,56.632308,7.427802
2025-02-08 02:33:00,2025-02-08 02:33:00,Class A,273414440_0,56.634217,7.430257,Under way using engine,0.0,8.3,34.8,44.0,9179854,UGPS,ADLER,Cargo,0,20.0,127.0,Combined GPS/GLONASS,5.3,TO ORDER,03/02/2025 08:00:00,AIS,POINT (7.430257 56.634217),273414440_0,0 days 00:01:00,2.14314473682615e-06,35.270833133317296,0.0,0,8.29426912910993,56.634217,7.430257
2025-02-08 02:34:00,2025-02-08 02:34:00,Class A,273414440_0,56.636075,7.432575,Under way using engine,0.0,8.2,34.4,45.0,9179854,UGPS,ADLER,Cargo,0,20.0,127.0,Combined GPS/GLONASS,5.3,TO ORDER,03/02/2025 08:00:00,AIS,POINT (7.432575 56.636075),273414440_0,0 days 00:01:00,-2.631496486345065e-06,34.454166953092965,0.0,0,8.292158524612153,56.636075,7.432575
2025-02-08 02:42:01,2025-02-08 02:42:01,Class A,273414440_0,56.650908,7.45164,Under way using engine,0.0,8.0,34.9,45.0,9179854,UGPS,ADLER,Cargo,0,20.0,127.0,Combined GPS/GLONASS,5.3,TO ORDER,03/02/2025 08:00:00,AIS,POINT (7.45164 56.650908),273414440_0,0 days 00:08:01,4.8126310917177085e-08,35.24178743348159,0.0,0,8.274771373656192,56.650908,7.45164
2025-02-08 02:43:01,2025-02-08 02:43:01,Class A,273414440_0,56.652778,7.453983,Under way using engine,0.0,8.3,32.7,45.0,9179854,UGPS,ADLER,Cargo,0,20.0,127.0,Combined GPS/GLONASS,5.3,TO ORDER,03/02/2025 08:00:00,AIS,POINT (7.453983 56.652778),273414440_0,0 days 00:01:00,1.5173044680096118e-07,34.55705202892051,0.0,0,8.272641964649562,56.652778,7.453983
2025-02-08 02:44:01,2025-02-08 02:44:01,Class A,273414440_0,56.654638,7.456358,Under way using engine,0.0,7.9,35.7,45.0,9179854,UGPS,ADLER,Cargo,0,20.0,127.0,Combined GPS/GLONASS,5.3,TO ORDER,03/02/2025 08:00:00,AIS,POINT (7.456358 56.654638),273414440_0,0 days 00:01:00,5.677049722186955e-08,35.06399539251072,0.0,0,8.270480205028967,56.654638,7.456358
2025-02-08 02:45:01,2025-02-08 02:45:01,Class A,273414440_0,56.656503,7.458645,Under way using engine,0.0,8.0,34.8,45.0,9179854,UGPS,ADLER,Cargo,0,20.0,127.0,Combined GPS/GLONASS,5.3,TO ORDER,03/02/2025 08:00:00,AIS,POINT (7.458645 56.656503),273414440_0,0 days 00:01:00,-7.246677442345235e-07,33.98085386654992,0.0,0,8.268407007670218,56.656503,7.458645
2025-02-08 02:46:01,2025-02-08 02:46:01,Class A,273414440_0,56.65835,7.461052,Under way using engine,0.0,8.2,35.3,45.0,9179854,UGPS,ADLER,Cargo,0,20.0,127.0,Combined GPS/GLONASS,5.3,TO ORDER,03/02/2025 08:00:00,AIS,POINT (7.461052 56.65835),273414440_0,0 days 00:01:00,7.103465488298138e-07,35.61273917989308,0.0,0,8.266213102204661,56.65835,7.461052
2025-02-08 03:12:00,2025-02-08 03:12:00,Class A,273414440_0,56.705938,7.521353,Under way using engine,0.0,7.9,36.5,45.0,9179854,UGPS,ADLER,Cargo,0,20.0,127.0,Combined GPS/GLONASS,5.3,TO ORDER,03/02/2025 08:00:00,AIS,POINT (7.521353 56.705938),273414440_0,0 days 00:25:59,-4.8309822984656614e-08,34.81360304298369,0.0,0,8.211575671319176,56.705938,7.521353
2025-02-08 03:13:00,2025-02-08 03:13:00,Class A,273414440_0,56.707715,7.523685,Under way using engine,0.0,7.8,35.9,45.0,9179854,UGPS,ADLER,Cargo,0,20.0,127.0,Combined GPS/GLONASS,5.3,TO ORDER,03/02/2025 08:00:00,AIS,POINT (7.523685 56.707715),273414440_0,0 days 00:01:00,-1.2784963534996206e-06,35.766691164870394,0.0,0,8.209462564539653,56.707715,7.523685
2025-02-08 03:18:01,2025-02-08 03:18:01,Class A,273414440_0,56.716583,7.535318,Under way using engine,0.0,8.3,34.8,44.0,9179854,UGPS,ADLER,Cargo,0,20.0,127.0,Combined GPS/GLONASS,5.3,TO ORDER,03/02/2025 08:00:00,AIS,POINT (7.535318 56.716583),273414440_0,0 days 00:05:01,-7.315970429004536e-08,35.74800672538129,0.0,0,8.198929435678844,56.716583,7.535318
2025-02-08 03:26:00,2025-02-08 03:26:00,Class A,273414440_0,56.730263,7.555232,Under way using engine,0.0,7.7,46.1,52.0,9179854,UGPS,ADLER,Cargo,0,20.0,127.0,Combined GPS/GLONASS,5.3,TO ORDER,03/02/2025 08:00:00,AIS,POINT (7.555232 56.730263),273414440_0,0 days 00:07:59,5.847763614365184e-08,38.60659845821294,0.0,0,8.180750525505408,56.730263,7.555232
2025-02-08 03:27:00,2025-02-08 03:27:00,Class A,273414440_0,56.731758,7.558025,Under way using engine,0.0,7.6,47.1,53.0,9179854,UGPS,ADLER,Cargo,0,20.0,127.0,Combined GPS/GLONASS,5.3,TO ORDER,03/02/2025 08:00:00,AIS,POINT (7.558025 56.731758),273414440_0,0 days 00:01:00,-1.6050029468644486e-06,45.70207793705782,0.0,0,8.178153330889865,56.731758,7.558025
2025-02-08 03:28:00,2025-02-08 03:28:00,Class A,273414440_0,56.733248,7.560888,Under way using engine,0.0,7.9,45.8,52.0,9179854,UGPS,ADLER,Cargo,0,20.0,127.0,Combined GPS/GLONASS,5.3,TO ORDER,03/02/2025 08:00:00,AIS,POINT (7.560888 56.733248),273414440_0,0 days 00:01:00,7.500170520819092e-07,46.505402216830305,0.0,0,8.17548643868339,56.733248,7.560888
2025-02-08 03:29:00,2025-02-08 03:29:00,Class A,273414440_0,56.734772,7.563712,Under way using engine,0.0,7.8,46.3,53.0,9179854,UGPS,ADLER,Cargo,0,20.0,127.0,Combined GPS/GLONASS,5.3,TO ORDER,03/02/2025 08:00:00,AIS,POINT (7.563712 56.734772),273414440_0,0 days 00:01:00,2.5126758190982536e-07,45.46565484839874,0.0,0,8.172862704701211,56.734772,7.563712
2025-02-08 03:30:00,2025-02-08 03:30:00,Class A,273414440_0,56.736317,7.566662,Under way using engine,0.0,8.2,45.9,52.0,9179854,UGPS,ADLER,Cargo,0,20.0,127.0,Combined GPS/GLONASS,5.3,TO ORDER,03/02/2025 08:00:00,AIS,POINT (7.566662 56.736317),273414440_0,0 days 00:01:00,1.989945721138321e-06,46.3224274267007,0.0,0,8.170116772661268,56.736317,7.566662
2025-02-08 03:31:00,2025-02-08 03:31:00,Class A,273414440_0,56.737795,7.569537,Under way using engine,0.0,7.9,47.8,53.0,9179854,UGPS,ADLER,Cargo,0,20.0,127.0,Combined GPS/GLONASS,5.3,TO ORDER,03/02/2025 08:00:00,AIS,POINT (7.569537 56.737795),273414440_0,0 days 00:01:00,-2.3513006777113773e-06,46.85280571780163,0.0,0,8.16743777350094,56.737795,7.569537
2025-02-08 03:32:00,2025-02-08 03:32:00,Class A,273414440_0,56.739337,7.57252,Under way using engine,0.0,7.7,44.8,52.0,9179854,UGPS,ADLER,Cargo,0,20.0,127.0,Combined GPS/GLONASS,5.3,TO ORDER,03/02/2025 08:00:00,AIS,POINT (7.57252 56.739337),273414440_0,0 days 00:01:00,2.6919727035102797e-06,46.69396126454984,0.0,0,8.164659571293159,56.739337,7.57252
2025-02-08 03:33:00,2025-02-08 03:33:00,Class A,273414440_0,56.740902,7.575563,Under way using engine,0.0,8.0,47.1,52.0,9179854,UGPS,ADLER,Cargo,0,20.0,127.0,Combined GPS/GLONASS,5.3,TO ORDER,03/02/2025 08:00:00,AIS,POINT (7.575563 56.740902),273414440_0,0 days 00:01:00,1.2290643142680041e-06,46.83883228811874,0.0,0,8.161824980408793,56.740902,7.575563
2025-02-08 03:34:00,2025-02-08 03:34:00,Class A,273414440_0,56.742458,7.578487,Under way using engine,0.0,8.0,46.3,52.0,9179854,UGPS,ADLER,Cargo,0,20.0,127.0,Combined GPS/GLONASS,5.3,TO ORDER,03/02/2025 08:00:00,AIS,POINT (7.578487 56.742458),273414440_0,0 days 00:01:00,-1.6586017979371032e-06,45.86125002808785,0.0,0,8.159107908487117,56.742458,7.578487
2025-02-08 03:35:00,2025-02-08 03:35:00,Class A,273414440_0,56.74404,7.581485,Under way using engine,0.0,8.1,44.7,52.0,9179854,UGPS,ADLER,Cargo,0,20.0,127.0,Combined GPS/GLONASS,5.3,TO ORDER,03/02/2025 08:00:00,AIS,POINT (7.581485 56.74404),273414440_0,0 days 00:01:00,1.462178245698285e-06,46.10113674603218,0.0,0,8.1563209265485,56.74404,7.581485
2025-02-08 03:36:00,2025-02-08 03:36:00,Class A,273414440_0,56.745528,7.58438,Under way using engine,0.0,8.1,46.6,53.0,9179854,UGPS,ADLER,Cargo,0,20.0,127.0,Combined GPS/GLONASS,5.3,TO ORDER,03/02/2025 08:00:00,AIS,POINT (7.58438 56.745528),273414440_0,0 days 00:01:00,-3.2723428641412568e-06,46.85233038628911,0.0,0,8.153625366760483,56.745528,7.58438
2025-02-08 03:37:00,2025-02-08 03:37:00,Class A,273414440_0,56.747133,7.587398,Under way using engine,0.0,8.1,46.1,53.0,9179854,UGPS,ADLER,Cargo,0,20.0,127.0,Combined GPS/GLONASS,5.3,TO ORDER,03/02/2025 08:00:00,AIS,POINT (7.587398 56.747133),273414440_0,0 days 00:01:00,4.007850116286782e-06,45.875892130791726,0.0,0,8.150822186408005,56.747133,7.587398
2025-02-08 03:38:00,2025-02-08 03:38:00,Class A,273414440_0,56.748643,7.590308,Under way using engine,0.0,8.4,47.3,53.0,9179854,UGPS,ADLER,Cargo,0,20.0,127.0,Combined GPS/GLONASS,5.3,TO ORDER,03/02/2025 08:00:00,AIS,POINT (7.590308 56.748643),273414440_0,0 days 00:01:00,-3.3589726784204245e-06,46.57804582732365,0.0,0,8.148115234768161,56.748643,7.590308
2025-02-08 03:39:00,2025-02-08 03:39:00,Class A,273414440_0,56.750218,7.593372,Under way using engine,0.0,8.5,45.8,53.0,9179854,UGPS,ADLER,Cargo,0,20.0,127.0,Combined GPS/GLONASS,5.3,TO ORDER,03/02/2025 08:00:00,AIS,POINT (7.593372 56.750218),273414440_0,0 days 00:01:00,3.2825327704038166e-06,46.84625973665692,0.0,0,8.145263681466181,56.750218,7.593372
2025-02-08 03:47:00,2025-02-08 03:47:00,Class A,273414440_0,56.764633,7.615102,Under way using engine,0.0,8.7,33.8,41.0,9179854,UGPS,ADLER,Cargo,0,20.0,127.0,Combined GPS/GLONASS,5.3,TO ORDER,03/02/2025 08:00:00,AIS,POINT (7.615102 56.764633),273414440_0,0 days 00:08:00,1.3189277996054708e-07,39.56006117934726,0.0,0,8.12545159903479,56.764633,7.615102
2025-02-08 03:49:00,2025-02-08 03:49:00,Class A,273414440_0,56.768768,7.619645,Under way using engine,0.0,8.3,30.3,39.0,9179854,UGPS,ADLER,Cargo,0,20.0,127.0,Combined GPS/GLONASS,5.3,TO ORDER,03/02/2025 08:00:00,AIS,POINT (7.619645 56.768768),273414440_0,0 days 00:02:00,1.1637742324156171e-06,31.051315204205025,0.0,0,8.121452368107875,56.768768,7.619645
2025-02-08 03:50:00,2025-02-08 03:50:00,Class A,273414440_0,56.770858,7.621835,Under way using engine,0.0,8.9,29.7,40.0,9179854,UGPS,ADLER,Cargo,0,20.0,127.0,Combined GPS/GLONASS,5.3,TO ORDER,03/02/2025 08:00:00,AIS,POINT (7.621835 56.770858),273414440_0,0 days 00:01:00,-1.0478169983319484e-07,29.86457337860037,0.0,0,8.119537414322629,56.770858,7.621835
2025-02-08 03:54:00,2025-02-08 03:54:00,Class A,273414440_0,56.778878,7.630655,Under way using engine,0.0,8.6,31.5,39.0,9179854,UGPS,ADLER,Cargo,0,20.0,127.0,Combined GPS/GLONASS,5.3,TO ORDER,03/02/2025 08:00:00,AIS,POINT (7.630655 56.778878),273414440_0,0 days 00:04:00,-5.345528529255325e-07,31.068914098376013,0.0,0,8.111782399442491,56.778878,7.630655
2025-02-08 03:57:00,2025-02-08 03:57:00,Class A,273414440_0,56.785008,7.63732,Under way using engine,0.0,8.5,30.6,40.0,9179854,UGPS,ADLER,Cargo,0,20.0,127.0,Combined GPS/GLONASS,5.3,TO ORDER,03/02/2025 08:00:00,AIS,POINT (7.63732 56.785008),273414440_0,0 days 00:03:00,3.8623715107938407e-07,30.776884326493416,0.0,0,8.105937621830062,56.785008,7.63732
2025-02-08 03:58:00,2025-02-08 03:58:00,Class A,273414440_0,56.787087,7.63956,Under way using engine,0.0,8.3,31.1,40.0,9179854,UGPS,ADLER,Cargo,0,20.0,127.0,Combined GPS/GLONASS,5.3,TO ORDER,03/02/2025 08:00:00,AIS,POINT (7.63956 56.787087),273414440_0,0 days 00:01:00,1.1054019202443957e-06,30.547599517884805,0.0,0,8.103976979327435,56.787087,7.63956
2025-02-08 03:59:00,2025-02-08 03:59:00,Class A,273414440_0,56.78916,7.641817,Under way using engine,0.0,9.1,31.0,40.0,9179854,UGPS,ADLER,Cargo,0,20.0,127.0,Combined GPS/GLONASS,5.3,TO ORDER,03/02/2025 08:00:00,AIS,POINT (7.641817 56.78916),273414440_0,0 days 00:01:00,-1.3110909172191442e-08,30.80895792485586,0.0,0,8.101999393703075,56.78916,7.641817
2025-02-08 04:00:00,2025-02-08 04:00:00,Class A,273414440_0,56.791258,7.64406,Under way using engine,0.0,8.8,30.4,40.0,9179854,UGPS,ADLER,Cargo,0,20.0,127.0,Combined GPS/GLONASS,5.3,TO ORDER,03/02/2025 08:00:00,AIS,POINT (7.64406 56.791258),273414440_0,0 days 00:01:00,5.432475932133062e-07,30.35059762920139,0.0,0,8.100039535376355,56.791258,7.64406
2025-02-08 04:01:00,2025-02-08 04:01:00,Class A,273414440_0,56.793327,7.646307,Under way using engine,0.0,8.7,30.5,39.0,9179854,UGPS,ADLER,Cargo,0,20.0,127.0,Combined GPS/GLONASS,5.3,TO ORDER,03/02/2025 08:00:00,AIS,POINT (7.646307 56.793327),273414440_0,0 days 00:01:00,-7.386266790466016e-07,30.74296111100449,0.0,0,8.098072722117651,56.793327,7.646307
2025-02-08 04:02:00,2025-02-08 04:02:00,Class A,273414440_0,56.79539,7.648448,Under way using engine,0.0,8.6,28.4,39.0,9179854,UGPS,ADLER,Cargo,0,20.0,127.0,Combined GPS/GLONASS,5.3,TO ORDER,03/02/2025 08:00:00,AIS,POINT (7.648448 56.79539),273414440_0,0 days 00:01:00,-1.0672756490705346e-06,29.61090622584709,0.0,0,8.09621096114003,56.79539,7.648448
2025-02-08 04:03:00,2025-02-08 04:03:00,Class A,273414440_0,56.79745,7.650637,Under way using engine,0.0,8.6,30.5,40.0,9179854,UGPS,ADLER,Cargo,0,20.0,127.0,Combined GPS/GLONASS,5.3,TO ORDER,03/02/2025 08:00:00,AIS,POINT (7.650637 56.79745),273414440_0,0 days 00:01:00,3.2541193076504086e-07,30.19454886842408,0.0,0,8.09430187292672,56.79745,7.650637
2025-02-08 04:04:00,2025-02-08 04:04:00,Class A,273414440_0,56.799472,7.652815,Under way using engine,0.0,8.4,28.7,39.0,9179854,UGPS,ADLER,Cargo,0,20.0,127.0,Combined GPS/GLONASS,5.3,TO ORDER,03/02/2025 08:00:00,AIS,POINT (7.652815 56.799472),273414440_0,0 days 00:01:00,-1.1091914183440285e-06,30.53258127894776,0.0,0,8.092399509514406,56.799472,7.652815
2025-02-08 04:16:00,2025-02-08 04:16:00,Class A,273414440_0,56.824518,7.679497,Under way using engine,0.0,8.2,29.0,40.0,9179854,UGPS,ADLER,Cargo,0,20.0,127.0,Combined GPS/GLONASS,5.3,TO ORDER,03/02/2025 08:00:00,AIS,POINT (7.679497 56.824518),273414440_0,0 days 00:12:00,1.76864827944529e-07,30.23714926017675,0.0,0,8.06918275721507,56.824518,7.679497
2025-02-08 04:17:00,2025-02-08 04:17:00,Class A,273414440_0,56.826623,7.681675,Under way using engine,0.0,8.4,30.4,39.0,9179854,UGPS,ADLER,Cargo,0,20.0,127.0,Combined GPS/GLONASS,5.3,TO ORDER,03/02/2025 08:00:00,AIS,POINT (7.681675 56.826623),273414440_0,0 days 00:01:00,8.631295622932937e-08,29.51614840583227,0.0,0,8.067299954411636,56.826623,7.681675
2025-02-08 04:18:00,2025-02-08 04:18:00,Class A,273414440_0,56.8287,7.683767,Under way using engine,0.0,8.8,28.0,40.0,9179854,UGPS,ADLER,Cargo,0,20.0,127.0,Combined GPS/GLONASS,5.3,TO ORDER,03/02/2025 08:00:00,AIS,POINT (7.683767 56.8287),273414440_0,0 days 00:01:00,-1.4691479122125057e-06,28.858755814656433,0.0,0,8.06549941228719,56.8287,7.683767
2025-02-08 04:19:00,2025-02-08 04:19:00,Class A,273414440_0,56.83086,7.68593,Under way using engine,0.0,8.9,29.5,40.0,9179854,UGPS,ADLER,Cargo,0,20.0,127.0,Combined GPS/GLONASS,5.3,TO ORDER,03/02/2025 08:00:00,AIS,POINT (7.68593 56.83086),273414440_0,0 days 00:01:00,2.8288054706211217e-06,28.716906597552168,0.0,0,8.063640123705175,56.83086,7.68593
2025-02-08 04:20:00,2025-02-08 04:20:00,Class A,273414440_0,56.832973,7.68802,Under way using engine,0.0,8.7,27.5,40.0,9179854,UGPS,ADLER,Cargo,0,20.0,127.0,Combined GPS/GLONASS,5.3,TO ORDER,03/02/2025 08:00:00,AIS,POINT (7.68802 56.832973),273414440_0,0 days 00:01:00,-1.870099073702884e-06,28.41880112559585,0.0,0,8.061847705197922,56.832973,7.68802
2025-02-08 04:21:00,2025-02-08 04:21:00,Class A,273414440_0,56.835057,7.690053,Under way using engine,0.0,8.5,27.0,39.0,9179854,UGPS,ADLER,Cargo,0,20.0,127.0,Combined GPS/GLONASS,5.3,TO ORDER,03/02/2025 08:00:00,AIS,POINT (7.690053 56.835057),273414440_0,0 days 00:01:00,-1.248973973662692e-06,28.087029121341118,0.0,0,8.060108635499276,56.835057,7.690053
2025-02-08 04:22:00,2025-02-08 04:22:00,Class A,273414440_0,56.83706,7.692125,Under way using engine,0.0,8.0,29.7,40.0,9179854,UGPS,ADLER,Cargo,0,20.0,127.0,Combined GPS/GLONASS,5.3,TO ORDER,03/02/2025 08:00:00,AIS,POINT (7.692125 56.83706),273414440_0,0 days 00:01:00,-1.8766765355460786e-06,29.503829608162164,0.0,0,8.058320825415988,56.83706,7.692125
2025-02-08 04:23:00,2025-02-08 04:23:00,Class A,273414440_0,56.8391,7.694185,Under way using engine,0.0,8.3,28.9,40.0,9179854,UGPS,ADLER,Cargo,0,20.0,127.0,Combined GPS/GLONASS,5.3,TO ORDER,03/02/2025 08:00:00,AIS,POINT (7.694185 56.8391),273414440_0,0 days 00:01:00,8.981506987816377e-07,28.91407182833575,0.0,0,8.056550469128398,56.8391,7.694185
2025-02-08 04:24:00,2025-02-08 04:24:00,Class A,273414440_0,56.84106,7.696167,Under way using engine,0.0,8.2,29.0,39.0,9179854,UGPS,ADLER,Cargo,0,20.0,127.0,Combined GPS/GLONASS,5.3,TO ORDER,03/02/2025 08:00:00,AIS,POINT (7.696167 56.84106),273414440_0,0 days 00:01:00,-2.80633263218404e-06,28.946910583394185,0.0,0,8.054847395560328,56.84106,7.696167
2025-02-08 04:25:00,2025-02-08 04:25:00,Class A,273414440_0,56.843065,7.698187,Under way using engine,0.0,8.3,28.8,40.0,9179854,UGPS,ADLER,Cargo,0,20.0,127.0,Combined GPS/GLONASS,5.3,TO ORDER,03/02/2025 08:00:00,AIS,POINT (7.698187 56.843065),273414440_0,0 days 00:01:00,1.529004775029256e-06,28.85570617020403,0.0,0,8.053113284185812,56.843065,7.698187
2025-02-08 04:26:00,2025-02-08 04:26:00,Class A,273414440_0,56.845055,7.700188,Under way using engine,0.0,8.3,29.8,39.0,9179854,UGPS,ADLER,Cargo,0,20.0,127.0,Combined GPS/GLONASS,5.3,TO ORDER,03/02/2025 08:00:00,AIS,POINT (7.700188 56.845055),273414440_0,0 days 00:01:00,-5.627060487960796e-07,28.807438594995517,0.0,0,8.051396624458953,56.845055,7.700188
2025-02-08 04:27:00,2025-02-08 04:27:00,Class A,273414440_0,56.847065,7.702152,Under way using engine,0.0,8.0,27.4,40.0,9179854,UGPS,ADLER,Cargo,0,20.0,127.0,Combined GPS/GLONASS,5.3,TO ORDER,03/02/2025 08:00:00,AIS,POINT (7.702152 56.847065),273414440_0,0 days 00:01:00,2.433982310293039e-07,28.118087339642045,0.0,0,8.04971993810499,56.847065,7.702152
2025-02-08 04:28:00,2025-02-08 04:28:00,Class A,273414440_0,56.849043,7.704097,Under way using engine,0.0,8.1,30.5,40.0,9179854,UGPS,ADLER,Cargo,0,20.0,127.0,Combined GPS/GLONASS,5.3,TO ORDER,03/02/2025 08:00:00,AIS,POINT (7.704097 56.849043),273414440_0,0 days 00:01:00,-1.0252210258227441e-06,28.26777937312619,0.0,0,8.048058406072984,56.849043,7.704097
2025-02-08 04:29:00,2025-02-08 04:29:00,Class A,273414440_0,56.851048,7.706098,Under way using engine,0.0,7.7,29.3,41.0,9179854,UGPS,ADLER,Cargo,0,20.0,127.0,Combined GPS/GLONASS,5.3,TO ORDER,03/02/2025 08:00:00,AIS,POINT (7.706098 56.851048),273414440_0,0 days 00:01:00,1.1860054718855427e-06,28.622278485637935,0.0,0,8.046345638151273,56.851048,7.706098
2025-02-08 04:30:00,2025-02-08 04:30:00,Class A,273414440_0,56.852905,7.708305,Under way using engine,0.0,8.0,34.6,44.0,9179854,UGPS,ADLER,Cargo,0,20.0,127.0,Combined GPS/GLONASS,5.3,TO ORDER,03/02/2025 08:00:00,AIS,POINT (7.708305 56.852905),273414440_0,0 days 00:01:00,-2.1404321988127175e-06,33.017439425127634,0.0,0,8.044409399769382,56.852905,7.708305
2025-02-08 04:31:00,2025-02-08 04:31:00,Class A,273414440_0,56.854715,7.710513,Under way using engine,0.0,8.3,32.9,43.0,9179854,UGPS,ADLER,Cargo,0,20.0,127.0,Combined GPS/GLONASS,5.3,TO ORDER,03/02/2025 08:00:00,AIS,POINT (7.710513 56.854715),273414440_0,0 days 00:01:00,-1.2052144778470704e-06,33.702667601350186,0.0,0,8.042466378408678,56.854715,7.710513
2025-02-08 04:32:00,2025-02-08 04:32:00,Class A,273414440_0,56.8565,7.712645,Under way using engine,0.0,7.8,34.4,44.0,9179854,UGPS,ADLER,Cargo,0,20.0,127.0,Combined GPS/GLONASS,5.3,TO ORDER,03/02/2025 08:00:00,AIS,POINT (7.712645 56.8565),273414440_0,0 days 00:01:00,-1.3564559087260483e-06,33.1451704057514,0.0,0,8.040595809991508,56.8565,7.712645
2025-02-08 04:33:00,2025-02-08 04:33:00,Class A,273414440_0,56.858335,7.714835,Under way using engine,0.0,8.1,33.4,44.0,9179854,UGPS,ADLER,Cargo,0,20.0,127.0,Combined GPS/GLONASS,5.3,TO ORDER,03/02/2025 08:00:00,AIS,POINT (7.714835 56.858335),273414440_0,0 days 00:01:00,1.8313999460535437e-06,33.12328929309223,0.0,0,8.03867509750817,56.858335,7.714835
2025-02-08 04:34:00,2025-02-08 04:34:00,Class A,273414440_0,56.860135,7.717078,Under way using engine,0.0,7.7,33.2,44.0,9179854,UGPS,ADLER,Cargo,0,20.0,127.0,Combined GPS/GLONASS,5.3,TO ORDER,03/02/2025 08:00:00,AIS,POINT (7.717078 56.860135),273414440_0,0 days 00:01:00,-4.023007960398967e-07,34.26356235134597,0.0,0,8.036697671427548,56.860135,7.717078
2025-02-08 04:40:00,2025-02-08 04:40:00,Class A,273414440_0,56.870617,7.730175,Under way using engine,0.0,7.6,33.4,44.0,9179854,UGPS,ADLER,Cargo,0,20.0,127.0,Combined GPS/GLONASS,5.3,TO ORDER,03/02/2025 08:00:00,AIS,POINT (7.730175 56.870617),273414440_0,0 days 00:06:00,-3.22025453867506e-07,34.32654984105392,0.0,0,8.025158328055216,56.870617,7.730175
2025-02-08 04:41:00,2025-02-08 04:41:00,Class A,273414440_0,56.87233,7.732287,Under way using engine,0.0,7.6,32.9,43.0,9179854,UGPS,ADLER,Cargo,0,20.0,127.0,Combined GPS/GLONASS,5.3,TO ORDER,03/02/2025 08:00:00,AIS,POINT (7.732287 56.87233),273414440_0,0 days 00:01:00,-1.5476630394197219e-06,33.97186517099135,0.0,0,8.023302370878527,56.87233,7.732287
2025-02-08 04:42:00,2025-02-08 04:42:00,Class A,273414440_0,56.874123,7.73448,Under way using engine,0.0,7.9,33.8,44.0,9179854,UGPS,ADLER,Cargo,0,20.0,127.0,Combined GPS/GLONASS,5.3,TO ORDER,03/02/2025 08:00:00,AIS,POINT (7.73448 56.874123),273414440_0,0 days 00:01:00,2.8181989019286197e-06,33.75826285412671,0.0,0,8.02137772988188,56.874123,7.73448
2025-02-08 04:43:00,2025-02-08 04:43:00,Class A,273414440_0,56.875853,7.736632,Under way using engine,0.0,8.0,35.2,44.0,9179854,UGPS,ADLER,Cargo,0,20.0,127.0,Combined GPS/GLONASS,5.3,TO ORDER,03/02/2025 08:00:00,AIS,POINT (7.736632 56.875853),273414440_0,0 days 00:01:00,-2.004577531395482e-06,34.20570256882041,0.0,0,8.019485516979065,56.875853,7.736632
2025-02-08 04:51:00,2025-02-08 04:51:00,Class A,273414440_0,56.890332,7.753792,Under way using engine,0.0,7.9,33.2,43.0,9179854,UGPS,ADLER,Cargo,0,20.0,127.0,Combined GPS/GLONASS,5.3,TO ORDER,03/02/2025 08:00:00,AIS,POINT (7.753792 56.890332),273414440_0,0 days 00:08:00,2.48461730752754e-07,32.91642512345851,0.0,0,8.004511147055515,56.890332,7.753792
2025-02-08 04:52:00,2025-02-08 04:52:00,Class A,273414440_0,56.892208,7.755885,Under way using engine,0.0,7.7,31.5,42.0,9179854,UGPS,ADLER,Cargo,0,20.0,127.0,Combined GPS/GLONASS,5.3,TO ORDER,03/02/2025 08:00:00,AIS,POINT (7.755885 56.892208),273414440_0,0 days 00:01:00,1.2578732519889867e-06,31.357790846601574,0.0,0,8.002702595154027,56.892208,7.755885
2025-02-08 04:53:00,2025-02-08 04:53:00,Class A,273414440_0,56.894008,7.757925,Under way using engine,0.0,8.0,32.2,43.0,9179854,UGPS,ADLER,Cargo,0,20.0,127.0,Combined GPS/GLONASS,5.3,TO ORDER,03/02/2025 08:00:00,AIS,POINT (7.757925 56.894008),273414440_0,0 days 00:01:00,-2.4733010750017215e-06,31.757885694843083,0.0,0,8.000936380989728,56.894008,7.757925
2025-02-08 04:54:00,2025-02-08 04:54:00,Class A,273414440_0,56.895863,7.760135,Under way using engine,0.0,8.2,32.5,42.0,9179854,UGPS,ADLER,Cargo,0,20.0,127.0,Combined GPS/GLONASS,5.3,TO ORDER,03/02/2025 08:00:00,AIS,POINT (7.760135 56.895863),273414440_0,0 days 00:01:00,2.979323266343225e-06,33.05113797839584,0.0,0,7.999010171375581,56.895863,7.760135
2025-02-08 04:55:00,2025-02-08 04:55:00,Class A,273414440_0,56.897712,7.762293,Under way using engine,0.0,8.1,32.6,43.0,9179854,UGPS,ADLER,Cargo,0,20.0,127.0,Combined GPS/GLONASS,5.3,TO ORDER,03/02/2025 08:00:00,AIS,POINT (7.762293 56.897712),273414440_0,0 days 00:01:00,-6.342375204217415e-07,32.51334333658639,0.0,0,7.997135167016061,56.897712,7.762293
2025-02-08 04:56:00,2025-02-08 04:56:00,Class A,273414440_0,56.899527,7.764392,Under way using engine,0.0,7.6,33.4,43.0,9179854,UGPS,ADLER,Cargo,0,20.0,127.0,Combined GPS/GLONASS,5.3,TO ORDER,03/02/2025 08:00:00,AIS,POINT (7.764392 56.899527),273414440_0,0 days 00:01:00,-1.4242969250528754e-06,32.27464313101376,0.0,0,7.995314318553148,56.899527,7.764392
2025-02-08 04:57:00,2025-02-08 04:57:00,Class A,273414440_0,56.901347,7.766595,Under way using engine,0.0,7.5,33.4,42.0,9179854,UGPS,ADLER,Cargo,0,20.0,127.0,Combined GPS/GLONASS,5.3,TO ORDER,03/02/2025 08:00:00,AIS,POINT (7.766595 56.901347),273414440_0,0 days 00:01:00,1.0857146697617996e-06,33.464406140948995,0.0,0,7.993391782255766,56.901347,7.766595
2025-02-08 04:58:00,2025-02-08 04:58:00,Class A,273414440_0,56.903138,7.768678,Under way using engine,0.0,7.7,33.1,43.0,9179854,UGPS,ADLER,Cargo,0,20.0,127.0,Combined GPS/GLONASS,5.3,TO ORDER,03/02/2025 08:00:00,AIS,POINT (7.768678 56.903138),273414440_0,0 days 00:01:00,-1.8594555637371577e-06,32.41871191766927,0.0,0,7.991584459703595,56.903138,7.768678
2025-02-08 04:59:00,2025-02-08 04:59:00,Class A,273414440_0,56.905018,7.770913,Under way using engine,0.0,7.6,32.0,43.0,9179854,UGPS,ADLER,Cargo,0,20.0,127.0,Combined GPS/GLONASS,5.3,TO ORDER,03/02/2025 08:00:00,AIS,POINT (7.770913 56.905018),273414440_0,0 days 00:01:00,3.706279535688614e-06,32.98873774146546,0.0,0,7.989639907627939,56.905018,7.770913
2025-02-08 05:00:00,2025-02-08 05:00:00,Class A,273414440_0,56.906833,7.773117,Under way using engine,0.0,8.0,33.6,43.0,9179854,UGPS,ADLER,Cargo,0,20.0,127.0,Combined GPS/GLONASS,5.3,TO ORDER,03/02/2025 08:00:00,AIS,POINT (7.773117 56.906833),273414440_0,0 days 00:01:00,-1.9693351002920766e-06,33.54505063261138,0.0,0,7.987717351534291,56.906833,7.773117
2025-02-08 05:01:00,2025-02-08 05:01:00,Class A,273414440_0,56.908673,7.775317,Under way using engine,0.0,7.8,33.3,42.0,9179854,UGPS,ADLER,Cargo,0,20.0,127.0,Combined GPS/GLONASS,5.3,TO ORDER,03/02/2025 08:00:00,AIS,POINT (7.775317 56.908673),273414440_0,0 days 00:01:00,6.074052598498628e-07,33.13608120294646,0.0,0,7.985802888281302,56.908673,7.775317
2025-02-08 05:02:00,2025-02-08 05:02:00,Class A,273414440_0,56.910537,7.777523,Under way using engine,0.0,7.8,33.3,42.0,9179854,UGPS,ADLER,Cargo,0,20.0,127.0,Combined GPS/GLONASS,5.3,TO ORDER,03/02/2025 08:00:00,AIS,POINT (7.777523 56.910537),273414440_0,0 days 00:01:00,6.766222297828213e-07,32.86689486015814,0.0,0,7.9838864975806105,56.910537,7.777523
2025-02-08 05:03:00,2025-02-08 05:03:00,Class A,273414440_0,56.91238,7.779708,Under way using engine,0.0,8.3,33.4,43.0,9179854,UGPS,ADLER,Cargo,0,20.0,127.0,Combined GPS/GLONASS,5.3,TO ORDER,03/02/2025 08:00:00,AIS,POINT (7.779708 56.91238),273414440_0,0 days 00:01:00,-7.393740443472086e-07,32.91171811565562,0.0,0,7.98198845905104,56.91238,7.779708
2025-02-08 05:04:00,2025-02-08 05:04:00,Class A,273414440_0,56.914268,7.781895,Under way using engine,0.0,8.0,32.1,42.0,9179854,UGPS,ADLER,Cargo,0,20.0,127.0,Combined GPS/GLONASS,5.3,TO ORDER,03/02/2025 08:00:00,AIS,POINT (7.781895 56.914268),273414440_0,0 days 00:01:00,1.1891583647327357e-06,32.30677716522297,0.0,0,7.980095486737299,56.914268,7.781895
2025-02-08 05:06:00,2025-02-08 05:06:00,Class A,273414440_0,56.918052,7.786375,Under way using engine,0.0,7.9,32.7,43.0,9179854,UGPS,ADLER,Cargo,0,20.0,127.0,Combined GPS/GLONASS,5.3,TO ORDER,03/02/2025 08:00:00,AIS,POINT (7.786375 56.918052),273414440_0,0 days 00:02:00,2.9319483114358865e-07,32.871416667010635,0.0,0,7.9762075998703175,56.918052,7.786375
2025-02-08 05:22:00,2025-02-08 05:22:00,Class A,273414440_0,56.944575,7.826963,Under way using engine,0.0,7.4,43.1,52.0,9179854,UGPS,ADLER,Cargo,0,20.0,127.0,Combined GPS/GLONASS,5.3,TO ORDER,03/02/2025 08:00:00,AIS,POINT (7.826963 56.944575),273414440_0,0 days 00:16:00,-1.7917466530892204e-07,39.844743195115086,0.0,0,7.939939515801993,56.944575,7.826963
2025-02-08 05:23:00,2025-02-08 05:23:00,Class A,273414440_0,56.946083,7.829718,Under way using engine,0.0,7.6,44.1,53.0,9179854,UGPS,ADLER,Cargo,0,20.0,127.0,Combined GPS/GLONASS,5.3,TO ORDER,03/02/2025 08:00:00,AIS,POINT (7.829718 56.946083),273414440_0,0 days 00:01:00,-9.391510899655568e-07,44.897688164860256,0.0,0,7.93743901748171,56.946083,7.829718
2025-02-08 05:24:00,2025-02-08 05:24:00,Class A,273414440_0,56.947598,7.832445,Under way using engine,0.0,7.9,44.3,53.0,9179854,UGPS,ADLER,Cargo,0,20.0,127.0,Combined GPS/GLONASS,5.3,TO ORDER,03/02/2025 08:00:00,AIS,POINT (7.832445 56.947598),273414440_0,0 days 00:01:00,-1.8072530008443148e-07,44.47124701144662,0.0,0,7.934967704376937,56.947598,7.832445
2025-02-08 05:25:00,2025-02-08 05:25:00,Class A,273414440_0,56.949117,7.835157,Under way using engine,0.0,8.0,42.4,50.0,9179854,UGPS,ADLER,Cargo,0,20.0,127.0,Combined GPS/GLONASS,5.3,TO ORDER,03/02/2025 08:00:00,AIS,POINT (7.835157 56.949117),273414440_0,0 days 00:01:00,-9.036915216244108e-08,44.23659531002602,0.0,0,7.932512276908621,56.949117,7.835157
2025-02-08 05:26:00,2025-02-08 05:26:00,Class A,273414440_0,56.950707,7.837737,Under way using engine,0.0,8.0,41.1,49.0,9179854,UGPS,ADLER,Cargo,0,20.0,127.0,Combined GPS/GLONASS,5.3,TO ORDER,03/02/2025 08:00:00,AIS,POINT (7.837737 56.950707),273414440_0,0 days 00:01:00,8.7069601473778e-08,41.50592333894281,0.0,0,7.930198430628707,56.950707,7.837737
2025-02-08 05:27:00,2025-02-08 05:27:00,Class A,273414440_0,56.952342,7.840432,Under way using engine,0.0,8.0,41.7,50.0,9179854,UGPS,ADLER,Cargo,0,20.0,127.0,Combined GPS/GLONASS,5.3,TO ORDER,03/02/2025 08:00:00,AIS,POINT (7.840432 56.952342),273414440_0,0 days 00:01:00,2.331989775142624e-06,41.95148456332669,0.0,0,7.9277780933093736,56.952342,7.840432
2025-02-08 05:28:00,2025-02-08 05:28:00,Class A,273414440_0,56.953998,7.84302,Under way using engine,0.0,7.5,38.8,47.0,9179854,UGPS,ADLER,Cargo,0,20.0,127.0,Combined GPS/GLONASS,5.3,TO ORDER,03/02/2025 08:00:00,AIS,POINT (7.84302 56.953998),273414440_0,0 days 00:01:00,-7.055244775631212e-07,40.4376771653541,0.0,0,7.925467209255237,56.953998,7.84302
2025-02-08 05:29:00,2025-02-08 05:29:00,Class A,273414440_0,56.955745,7.845492,Under way using engine,0.0,7.5,36.9,46.0,9179854,UGPS,ADLER,Cargo,0,20.0,127.0,Combined GPS/GLONASS,5.3,TO ORDER,03/02/2025 08:00:00,AIS,POINT (7.845492 56.955745),273414440_0,0 days 00:01:00,9.469097770752807e-07,37.65263914779155,0.0,0,7.923285188147969,56.955745,7.845492
2025-02-08 05:30:00,2025-02-08 05:30:00,Class A,273414440_0,56.957437,7.84785,Under way using engine,0.0,7.1,36.6,47.0,9179854,UGPS,ADLER,Cargo,0,20.0,127.0,Combined GPS/GLONASS,5.3,TO ORDER,03/02/2025 08:00:00,AIS,POINT (7.84785 56.957437),273414440_0,0 days 00:01:00,-2.5238017681414837e-06,37.230341479788024,0.0,0,7.921208156179775,56.957437,7.84785
2025-02-08 05:31:00,2025-02-08 05:31:00,Class A,273414440_0,56.95908,7.850308,Under way using engine,0.0,8.0,39.0,47.0,9179854,UGPS,ADLER,Cargo,0,20.0,127.0,Combined GPS/GLONASS,5.3,TO ORDER,03/02/2025 08:00:00,AIS,POINT (7.850308 56.95908),273414440_0,0 days 00:01:00,-1.4422252985382977e-07,39.20370479787266,0.0,0,7.919025403648103,56.95908,7.850308
2025-02-08 05:32:00,2025-02-08 05:32:00,Class A,273414440_0,56.960762,7.852678,Under way using engine,0.0,7.3,36.9,44.0,9179854,UGPS,ADLER,Cargo,0,20.0,127.0,Combined GPS/GLONASS,5.3,TO ORDER,03/02/2025 08:00:00,AIS,POINT (7.852678 56.960762),273414440_0,0 days 00:01:00,1.974633983815461e-08,37.532022555466426,0.0,0,7.916936029955023,56.960762,7.852678
2025-02-08 05:33:00,2025-02-08 05:33:00,Class A,273414440_0,56.962458,7.855037,Under way using engine,0.0,7.6,36.8,44.0,9179854,UGPS,ADLER,Cargo,0,20.0,127.0,Combined GPS/GLONASS,5.3,TO ORDER,03/02/2025 08:00:00,AIS,POINT (7.855037 56.962458),273414440_0,0 days 00:01:00,2.2997850686806595e-07,37.17316887114589,0.0,0,7.914860161161219,56.962458,7.855037
2025-02-08 05:34:00,2025-02-08 05:34:00,Class A,273414440_0,56.964162,7.857407,Under way using engine,0.0,7.8,37.8,44.0,9179854,UGPS,ADLER,Cargo,0,20.0,127.0,Combined GPS/GLONASS,5.3,TO ORDER,03/02/2025 08:00:00,AIS,POINT (7.857407 56.964162),273414440_0,0 days 00:01:00,3.084059327604158e-07,37.17042338350501,0.0,0,7.912775152326837,56.964162,7.857407
2025-02-08 05:35:00,2025-02-08 05:35:00,Class A,273414440_0,56.965853,7.859738,Under way using engine,0.0,7.4,37.3,45.0,9179854,UGPS,ADLER,Cargo,0,20.0,127.0,Combined GPS/GLONASS,5.3,TO ORDER,03/02/2025 08:00:00,AIS,POINT (7.859738 56.965853),273414440_0,0 days 00:01:00,-7.193395523859859e-07,36.92303616233079,0.0,0,7.910727248912138,56.965853,7.859738
2025-02-08 05:36:00,2025-02-08 05:36:00,Class A,273414440_0,56.967547,7.862095,Under way using engine,0.0,7.7,37.4,45.0,9179854,UGPS,ADLER,Cargo,0,20.0,127.0,Combined GPS/GLONASS,5.3,TO ORDER,03/02/2025 08:00:00,AIS,POINT (7.862095 56.967547),273414440_0,0 days 00:01:00,3.3797635596185686e-07,37.17855324979797,0.0,0,7.908654621086573,56.967547,7.862095
2025-02-08 05:37:00,2025-02-08 05:37:00,Class A,273414440_0,56.969222,7.864387,Under way using engine,0.0,7.6,36.6,44.0,9179854,UGPS,ADLER,Cargo,0,20.0,127.0,Combined GPS/GLONASS,5.3,TO ORDER,03/02/2025 08:00:00,AIS,POINT (7.864387 56.969222),273414440_0,0 days 00:01:00,-1.131417971083863e-06,36.71809126988944,0.0,0,7.906643868350275,56.969222,7.864387
2025-02-08 05:38:00,2025-02-08 05:38:00,Class A,273414440_0,56.970927,7.866715,Under way using engine,0.0,7.9,36.8,45.0,9179854,UGPS,ADLER,Cargo,0,20.0,127.0,Combined GPS/GLONASS,5.3,TO ORDER,03/02/2025 08:00:00,AIS,POINT (7.866715 56.970927),273414440_0,0 days 00:01:00,1.1064360294034925e-06,36.65733931018133,0.0,0,7.904602615648304,56.970927,7.866715
2025-02-08 05:39:00,2025-02-08 05:39:00,Class A,273414440_0,56.9726,7.869023,Under way using engine,0.0,7.2,36.3,45.0,9179854,UGPS,ADLER,Cargo,0,20.0,127.0,Combined GPS/GLONASS,5.3,TO ORDER,03/02/2025 08:00:00,AIS,POINT (7.869023 56.9726),273414440_0,0 days 00:01:00,-9.957623521026514e-07,36.939675237129165,0.0,0,7.902576770476133,56.9726,7.869023
2025-02-08 05:40:00,2025-02-08 05:40:00,Class A,273414440_0,56.974275,7.871358,Under way using engine,0.0,7.7,36.6,44.0,9179854,UGPS,ADLER,Cargo,0,20.0,127.0,Combined GPS/GLONASS,5.3,TO ORDER,03/02/2025 08:00:00,AIS,POINT (7.871358 56.974275),273414440_0,0 days 00:01:00,3.236547097212724e-07,37.22604603834861,0.0,0,7.90052505756225,56.974275,7.871358
2025-02-08 05:41:00,2025-02-08 05:41:00,Class A,273414440_0,56.976003,7.87369,Under way using engine,0.0,7.5,35.9,44.0,9179854,UGPS,ADLER,Cargo,0,20.0,127.0,Combined GPS/GLONASS,5.3,TO ORDER,03/02/2025 08:00:00,AIS,POINT (7.87369 56.976003),273414440_0,0 days 00:01:00,1.2807426509147397e-06,36.33356304009038,0.0,0,7.89848493850213,56.976003,7.87369
2025-02-08 05:42:00,2025-02-08 05:42:00,Class A,273414440_0,56.977728,7.876008,Under way using engine,0.0,7.7,36.3,45.0,9179854,UGPS,ADLER,Cargo,0,20.0,127.0,Combined GPS/GLONASS,5.3,TO ORDER,03/02/2025 08:00:00,AIS,POINT (7.876008 56.977728),273414440_0,0 days 00:01:00,-2.1592973452894358e-07,36.21522467863258,0.0,0,7.8964587332586,56.977728,7.876008
2025-02-08 05:43:00,2025-02-08 05:43:00,Class A,273414440_0,56.979498,7.87839,Under way using engine,0.0,7.7,36.7,43.0,9179854,UGPS,ADLER,Cargo,0,20.0,127.0,Combined GPS/GLONASS,5.3,TO ORDER,03/02/2025 08:00:00,AIS,POINT (7.87839 56.979498),273414440_0,0 days 00:01:00,1.7607406657025107e-06,36.2544343742519,0.0,0,7.894376740703474,56.979498,7.87839
2025-02-08 05:51:00,2025-02-08 05:51:00,Class A,273414440_0,56.993508,7.897337,Under way using engine,0.0,7.7,37.4,44.0,9179854,UGPS,ADLER,Cargo,0,20.0,127.0,Combined GPS/GLONASS,5.3,TO ORDER,03/02/2025 08:00:00,AIS,POINT (7.897337 56.993508),273414440_0,0 days 00:08:00,-7.60547257428144e-08,36.376039363829875,0.0,0,7.877825539083547,56.993508,7.897337
2025-02-08 05:52:00,2025-02-08 05:52:00,Class A,273414440_0,56.995273,7.899697,Under way using engine,0.0,7.6,35.8,44.0,9179854,UGPS,ADLER,Cargo,0,20.0,127.0,Combined GPS/GLONASS,5.3,TO ORDER,03/02/2025 08:00:00,AIS,POINT (7.899697 56.995273),273414440_0,0 days 00:01:00,2.542530876671814e-07,36.066821344936386,0.0,0,7.875769568399141,56.995273,7.899697
2025-02-08 05:53:00,2025-02-08 05:53:00,Class A,273414440_0,56.997028,7.902082,Under way using engine,0.0,7.9,35.5,43.0,9179854,UGPS,ADLER,Cargo,0,20.0,127.0,Combined GPS/GLONASS,5.3,TO ORDER,03/02/2025 08:00:00,AIS,POINT (7.902082 56.997028),273414440_0,0 days 00:01:00,-1.327185867571375e-10,36.50884629991714,0.0,0,7.8736879081286935,56.997028,7.902082
2025-02-08 05:54:00,2025-02-08 05:54:00,Class A,273414440_0,56.998775,7.904397,Under way using engine,0.0,7.8,36.5,44.0,9179854,UGPS,ADLER,Cargo,0,20.0,127.0,Combined GPS/GLONASS,5.3,TO ORDER,03/02/2025 08:00:00,AIS,POINT (7.904397 56.998775),273414440_0,0 days 00:01:00,-8.990389809208013e-07,35.819181962422306,0.0,0,7.8716746954996815,56.998775,7.904397
2025-02-08 05:55:00,2025-02-08 05:55:00,Class A,273414440_0,57.000527,7.906838,Under way using engine,0.0,8.0,38.1,44.0,9179854,UGPS,ADLER,Cargo,0,20.0,127.0,Combined GPS/GLONASS,5.3,TO ORDER,03/02/2025 08:00:00,AIS,POINT (7.906838 57.000527),273414440_0,0 days 00:01:00,1.3902872856797789e-06,37.19142255489464,0.0,0,7.869538379906728,57.000527,7.906838
2025-02-08 05:56:00,2025-02-08 05:56:00,Class A,273414440_0,57.00229,7.90922,Under way using engine,0.0,8.0,36.9,44.0,9179854,UGPS,ADLER,Cargo,0,20.0,127.0,Combined GPS/GLONASS,5.3,TO ORDER,03/02/2025 08:00:00,AIS,POINT (7.90922 57.00229),273414440_0,0 days 00:01:00,-3.257271206415253e-07,36.34602048419549,0.0,0,7.867462627205038,57.00229,7.90922
2025-02-08 05:57:00,2025-02-08 05:57:00,Class A,273414440_0,57.004093,7.91167,Under way using engine,0.0,8.0,36.6,43.0,9179854,UGPS,ADLER,Cargo,0,20.0,127.0,Combined GPS/GLONASS,5.3,TO ORDER,03/02/2025 08:00:00,AIS,POINT (7.91167 57.004093),273414440_0,0 days 00:01:00,1.6761912333198835e-06,36.50105395518949,0.0,0,7.86532658495151,57.004093,7.91167
2025-02-08 05:58:00,2025-02-08 05:58:00,Class A,273414440_0,57.005908,7.914077,Under way using engine,0.0,7.8,34.6,43.0,9179854,UGPS,ADLER,Cargo,0,20.0,127.0,Combined GPS/GLONASS,5.3,TO ORDER,03/02/2025 08:00:00,AIS,POINT (7.914077 57.005908),273414440_0,0 days 00:01:00,-1.3062205579208487e-07,35.83532900850611,0.0,0,7.863235493253206,57.005908,7.914077
2025-02-08 06:04:01,2025-02-08 06:04:01,Class A,273414440_0,57.016948,7.928495,Under way using engine,0.0,8.3,34.7,44.0,9179854,UGPS,ADLER,Cargo,0,20.0,127.0,Combined GPS/GLONASS,5.3,TO ORDER,03/02/2025 08:00:00,AIS,POINT (7.928495 57.016948),273414440_0,0 days 00:06:01,6.501432646753648e-08,35.40937820603102,0.0,0,7.850749142368835,57.016948,7.928495
2025-02-08 06:05:01,2025-02-08 06:05:01,Class A,273414440_0,57.018843,7.93102,Under way using engine,0.0,8.5,37.7,46.0,9179854,UGPS,ADLER,Cargo,0,20.0,127.0,Combined GPS/GLONASS,5.3,TO ORDER,03/02/2025 08:00:00,AIS,POINT (7.93102 57.018843),273414440_0,0 days 00:01:00,2.7728815230571863e-06,35.95446914124642,0.0,0,7.8485585774615325,57.018843,7.93102
2025-02-08 06:06:01,2025-02-08 06:06:01,Class A,273414440_0,57.020618,7.933608,Under way using engine,0.0,8.1,37.6,46.0,9179854,UGPS,ADLER,Cargo,0,20.0,127.0,Combined GPS/GLONASS,5.3,TO ORDER,03/02/2025 08:00:00,AIS,POINT (7.933608 57.020618),273414440_0,0 days 00:01:00,-2.3130651439780124e-06,38.43716958402956,0.0,0,7.846287298183516,57.020618,7.933608
2025-02-08 06:07:01,2025-02-08 06:07:01,Class A,273414440_0,57.022403,7.936118,Under way using engine,0.0,8.1,37.5,46.0,9179854,UGPS,ADLER,Cargo,0,20.0,127.0,Combined GPS/GLONASS,5.3,TO ORDER,03/02/2025 08:00:00,AIS,POINT (7.936118 57.022403),273414440_0,0 days 00:01:00,-5.675118817883753e-07,37.42968559858116,0.0,0,7.844095211563983,57.022403,7.936118
2025-02-08 06:08:01,2025-02-08 06:08:01,Class A,273414440_0,57.024207,7.938652,Under way using engine,0.0,8.2,38.8,46.0,9179854,UGPS,ADLER,Cargo,0,20.0,127.0,Combined GPS/GLONASS,5.3,TO ORDER,03/02/2025 08:00:00,AIS,POINT (7.938652 57.024207),273414440_0,0 days 00:01:00,7.115560853870826e-07,37.39870932189734,0.0,0,7.841883080213641,57.024207,7.938652
2025-02-08 06:09:01,2025-02-08 06:09:01,Class A,273414440_0,57.025993,7.941122,Under way using engine,0.0,7.8,36.8,45.0,9179854,UGPS,ADLER,Cargo,0,20.0,127.0,Combined GPS/GLONASS,5.3,TO ORDER,03/02/2025 08:00:00,AIS,POINT (7.941122 57.025993),273414440_0,0 days 00:01:00,-1.0978779359139755e-06,36.96832618668367,0.0,0,7.839731835180142,57.025993,7.941122
2025-02-08 06:15:00,2025-02-08 06:15:00,Class A,273414440_0,57.037098,7.95622,Under way using engine,0.0,8.3,34.9,45.0,9179854,UGPS,ADLER,Cargo,0,20.0,127.0,Combined GPS/GLONASS,5.3,TO ORDER,03/02/2025 08:00:00,AIS,POINT (7.95622 57.037098),273414440_0,0 days 00:05:59,3.791215913942617e-07,36.48939802089683,0.0,0,7.826625710929327,57.037098,7.95622
2025-02-08 06:16:00,2025-02-08 06:16:00,Class A,273414440_0,57.038978,7.95884,Under way using engine,0.0,8.7,38.0,46.0,9179854,UGPS,ADLER,Cargo,0,20.0,127.0,Combined GPS/GLONASS,5.3,TO ORDER,03/02/2025 08:00:00,AIS,POINT (7.95884 57.038978),273414440_0,0 days 00:01:00,1.5681074668706866e-06,37.16983750013736,0.0,0,7.824346044777161,57.038978,7.95884
2025-02-08 06:17:00,2025-02-08 06:17:00,Class A,273414440_0,57.04083,7.961453,Under way using engine,0.0,8.5,37.4,45.0,9179854,UGPS,ADLER,Cargo,0,20.0,127.0,Combined GPS/GLONASS,5.3,TO ORDER,03/02/2025 08:00:00,AIS,POINT (7.961453 57.04083),273414440_0,0 days 00:01:00,-7.61135435543558e-07,37.509137467573396,0.0,0,7.822069387959238,57.04083,7.961453
2025-02-08 06:18:00,2025-02-08 06:18:00,Class A,273414440_0,57.042693,7.963967,Under way using engine,0.0,8.6,35.3,46.0,9179854,UGPS,ADLER,Cargo,0,20.0,127.0,Combined GPS/GLONASS,5.3,TO ORDER,03/02/2025 08:00:00,AIS,POINT (7.963967 57.042693),273414440_0,0 days 00:01:00,-7.329504555941662e-07,36.28247871798254,0.0,0,7.81989284789261,57.042693,7.963967
2025-02-08 06:19:00,2025-02-08 06:19:00,Class A,273414440_0,57.044495,7.966582,Under way using engine,0.0,8.4,37.2,45.0,9179854,UGPS,ADLER,Cargo,0,20.0,127.0,Combined GPS/GLONASS,5.3,TO ORDER,03/02/2025 08:00:00,AIS,POINT (7.966582 57.044495),273414440_0,0 days 00:01:00,-4.6854286403167495e-07,38.28770333508743,0.0,0,7.817607340020666,57.044495,7.966582
2025-02-08 06:20:00,2025-02-08 06:20:00,Class A,273414440_0,57.046368,7.969055,Under way using engine,0.0,8.4,36.3,44.0,9179854,UGPS,ADLER,Cargo,0,20.0,127.0,Combined GPS/GLONASS,5.3,TO ORDER,03/02/2025 08:00:00,AIS,POINT (7.969055 57.046368),273414440_0,0 days 00:01:00,3.0952779062398103e-07,35.68605555402684,0.0,0,7.815474164968175,57.046368,7.969055
2025-02-08 06:21:00,2025-02-08 06:21:00,Class A,273414440_0,57.048238,7.971507,Under way using engine,0.0,8.4,36.8,45.0,9179854,UGPS,ADLER,Cargo,0,20.0,127.0,Combined GPS/GLONASS,5.3,TO ORDER,03/02/2025 08:00:00,AIS,POINT (7.971507 57.048238),273414440_0,0 days 00:01:00,-2.829575919248833e-07,35.496913156322876,0.0,0,7.813361862505601,57.048238,7.971507
2025-02-08 06:22:00,2025-02-08 06:22:00,Class A,273414440_0,57.05018,7.973922,Under way using engine,0.0,8.1,34.2,44.0,9179854,UGPS,ADLER,Cargo,0,20.0,127.0,Combined GPS/GLONASS,5.3,TO ORDER,03/02/2025 08:00:00,AIS,POINT (7.973922 57.05018),273414440_0,0 days 00:01:00,1.470562754077049e-06,34.073295124848016,0.0,0,7.811298536280635,57.05018,7.973922
2025-02-08 06:23:00,2025-02-08 06:23:00,Class A,273414440_0,57.052057,7.976482,Under way using engine,0.0,8.5,35.2,45.0,9179854,UGPS,ADLER,Cargo,0,20.0,127.0,Combined GPS/GLONASS,5.3,TO ORDER,03/02/2025 08:00:00,AIS,POINT (7.976482 57.052057),273414440_0,0 days 00:01:00,-2.255870643124488e-07,36.566974586628874,0.0,0,7.809082171630735,57.052057,7.976482
2025-02-08 06:24:00,2025-02-08 06:24:00,Class A,273414440_0,57.053983,7.978883,Under way using engine,-1.1,8.5,36.0,46.0,9179854,UGPS,ADLER,Cargo,0,20.0,127.0,Combined GPS/GLONASS,5.3,TO ORDER,03/02/2025 08:00:00,AIS,POINT (7.978883 57.053983),273414440_0,0 days 00:01:00,-3.187880620219233e-07,34.135985817065944,0.0,0,7.807031372606748,57.053983,7.978883
2025-02-08 06:25:00,2025-02-08 06:25:00,Class A,273414440_0,57.055883,7.981413,Under way using engine,0.0,8.5,36.6,44.0,9179854,UGPS,ADLER,Cargo,0,20.0,127.0,Combined GPS/GLONASS,5.3,TO ORDER,03/02/2025 08:00:00,AIS,POINT (7.981413 57.055883),273414440_0,0 days 00:01:00,5.903149110955165e-07,35.90944727144034,0.0,0,7.804849725758081,57.055883,7.981413
2025-02-08 06:26:00,2025-02-08 06:26:00,Class A,273414440_0,57.057725,7.9839,Under way using engine,0.0,7.9,36.7,45.0,9179854,UGPS,ADLER,Cargo,0,20.0,127.0,Combined GPS/GLONASS,5.3,TO ORDER,03/02/2025 08:00:00,AIS,POINT (7.9839 57.057725),273414440_0,0 days 00:01:00,-1.8775159149158651e-06,36.28612969942884,0.0,0,7.802701559548012,57.057725,7.9839
2025-02-08 06:27:00,2025-02-08 06:27:00,Class A,273414440_0,57.059582,7.986408,Under way using engine,0.0,8.4,35.1,44.0,9179854,UGPS,ADLER,Cargo,0,20.0,127.0,Combined GPS/GLONASS,5.3,TO ORDER,03/02/2025 08:00:00,AIS,POINT (7.986408 57.059582),273414440_0,0 days 00:01:00,5.822814724586062e-07,36.29290785205188,0.0,0,7.800535807013516,57.059582,7.986408
2025-02-08 06:36:00,2025-02-08 06:36:00,Class A,273414440_0,57.076435,8.009453,Under way using engine,0.0,8.2,38.0,45.0,9179854,UGPS,ADLER,Cargo,0,20.0,127.0,Combined GPS/GLONASS,5.3,TO ORDER,03/02/2025 08:00:00,AIS,POINT (8.009453 57.076435),273414440_0,0 days 00:09:00,1.0082522970295598e-07,36.61686552784562,0.0,0,7.780630551077077,57.076435,8.009453
2025-02-08 06:55:01,2025-02-08 06:55:01,Class A,273414440_0,57.113618,8.058782,Under way using engine,0.0,9.2,34.6,43.0,9179854,UGPS,ADLER,Cargo,0,20.0,127.0,Combined GPS/GLONASS,5.3,TO ORDER,03/02/2025 08:00:00,AIS,POINT (8.058782 57.113618),273414440_0,0 days 00:19:01,1.2506093057762482e-07,35.75964731351223,0.0,0,7.738397160665249,57.113618,8.058782
2025-02-08 06:56:01,2025-02-08 06:56:01,Class A,273414440_0,57.115707,8.061323,Under way using engine,0.0,9.3,33.3,44.0,9179854,UGPS,ADLER,Cargo,0,20.0,127.0,Combined GPS/GLONASS,5.3,TO ORDER,03/02/2025 08:00:00,AIS,POINT (8.061323 57.115707),273414440_0,0 days 00:01:00,2.8825457138465222e-06,33.44132237640633,0.0,0,7.73625906589548,57.115707,8.061323
2025-02-08 06:57:01,2025-02-08 06:57:01,Class A,273414440_0,57.117803,8.063987,Under way using engine,0.0,8.9,35.4,44.0,9179854,UGPS,ADLER,Cargo,0,20.0,127.0,Combined GPS/GLONASS,5.3,TO ORDER,03/02/2025 08:00:00,AIS,POINT (8.063987 57.117803),273414440_0,0 days 00:01:00,1.337881665617781e-06,34.606826977508774,0.0,0,7.7340018946598414,57.117803,8.063987
2025-02-08 06:58:01,2025-02-08 06:58:01,Class A,273414440_0,57.119822,8.066712,Under way using engine,0.0,8.9,36.8,44.0,9179854,UGPS,ADLER,Cargo,0,20.0,127.0,Combined GPS/GLONASS,5.3,TO ORDER,03/02/2025 08:00:00,AIS,POINT (8.066712 57.119822),273414440_0,0 days 00:01:00,-1.3456628874762104e-06,36.230525083868145,0.0,0,7.731672013050993,57.119822,8.066712
2025-02-08 06:59:01,2025-02-08 06:59:01,Class A,273414440_0,57.121778,8.069412,Under way using engine,0.0,8.6,35.8,42.0,9179854,UGPS,ADLER,Cargo,0,20.0,127.0,Combined GPS/GLONASS,5.3,TO ORDER,03/02/2025 08:00:00,AIS,POINT (8.069412 57.121778),273414440_0,0 days 00:01:00,-1.8169360904762555e-06,36.84528425275869,0.0,0,7.729356481910509,57.121778,8.069412
2025-02-08 07:00:01,2025-02-08 07:00:01,Class A,273414440_0,57.123833,8.071983,Under way using engine,0.0,9.0,34.7,44.0,9179854,UGPS,ADLER,Cargo,0,20.0,127.0,Combined GPS/GLONASS,5.3,TO ORDER,03/02/2025 08:00:00,AIS,POINT (8.071983 57.123833),273414440_0,0 days 00:01:00,1.227493450752032e-06,34.181095859742584,0.0,0,7.7271860807195525,57.123833,8.071983
2025-02-08 07:05:01,2025-02-08 07:05:01,Class A,273414440_0,57.133823,8.085007,Under way using engine,0.0,8.7,35.0,43.0,9179854,UGPS,ADLER,Cargo,0,20.0,127.0,Combined GPS/GLONASS,5.3,TO ORDER,03/02/2025 08:00:00,AIS,POINT (8.085007 57.133823),273414440_0,0 days 00:05:00,-2.255480801220099e-07,35.277286177676444,0.0,0,7.716129139316035,57.133823,8.085007
2025-02-08 07:07:01,2025-02-08 07:07:01,Class A,273414440_0,57.13787,8.090217,Under way using engine,0.0,9.0,34.4,43.0,9179854,UGPS,ADLER,Cargo,0,20.0,127.0,Combined GPS/GLONASS,5.3,TO ORDER,03/02/2025 08:00:00,AIS,POINT (8.090217 57.13787),273414440_0,0 days 00:02:00,3.210437613359703e-07,34.93565083621189,0.0,0,7.711720382639984,57.13787,8.090217
2025-02-08 07:08:01,2025-02-08 07:08:01,Class A,273414440_0,57.139932,8.092885,Under way using engine,0.0,9.0,36.1,45.0,9179854,UGPS,ADLER,Cargo,0,20.0,127.0,Combined GPS/GLONASS,5.3,TO ORDER,03/02/2025 08:00:00,AIS,POINT (8.092885 57.139932),273414440_0,0 days 00:01:00,1.5814478553781372e-06,35.07041808679452,0.0,0,7.709462043078556,57.139932,8.092885
2025-02-08 07:09:01,2025-02-08 07:09:01,Class A,273414440_0,57.142013,8.095502,Under way using engine,0.0,9.1,35.1,43.0,9179854,UGPS,ADLER,Cargo,0,20.0,127.0,Combined GPS/GLONASS,5.3,TO ORDER,03/02/2025 08:00:00,AIS,POINT (8.095502 57.142013),273414440_0,0 days 00:01:00,-7.226441902643752e-09,34.30555047955505,0.0,0,7.7072580893477936,57.142013,8.095502
2025-02-08 07:45:00,2025-02-08 07:45:00,Class A,273414440_0,57.217068,8.192273,Under way using engine,0.0,9.0,33.8,45.0,9179854,UGPS,ADLER,Cargo,0,20.0,127.0,Combined GPS/GLONASS,5.3,TO ORDER,03/02/2025 08:00:00,AIS,POINT (8.192273 57.217068),273414440_0,0 days 00:35:59,2.1911225448716394e-08,34.906352510506736,0.0,0,7.625981846559889,57.217068,8.192273
2025-02-08 07:46:00,2025-02-08 07:46:00,Class A,273414440_0,57.219073,8.1949,Under way using engine,0.0,9.2,36.5,45.0,9179854,UGPS,ADLER,Cargo,0,20.0,127.0,Combined GPS/GLONASS,5.3,TO ORDER,03/02/2025 08:00:00,AIS,POINT (8.1949 57.219073),273414440_0,0 days 00:01:00,-2.6728365334488236e-06,35.351240776596626,0.0,0,7.623784632525042,57.219073,8.1949
2025-02-08 07:47:00,2025-02-08 07:47:00,Class A,273414440_0,57.221113,8.197575,Under way using engine,0.0,8.7,35.9,45.0,9179854,UGPS,ADLER,Cargo,0,20.0,127.0,Combined GPS/GLONASS,5.3,TO ORDER,03/02/2025 08:00:00,AIS,POINT (8.197575 57.221113),273414440_0,0 days 00:01:00,1.3477833854468857e-06,35.37140226288432,0.0,0,7.621547780925473,57.221113,8.197575
2025-02-08 07:48:00,2025-02-08 07:48:00,Class A,273414440_0,57.223135,8.200147,Under way using engine,0.0,9.0,34.3,45.0,9179854,UGPS,ADLER,Cargo,0,20.0,127.0,Combined GPS/GLONASS,5.3,TO ORDER,03/02/2025 08:00:00,AIS,POINT (8.200147 57.223135),273414440_0,0 days 00:01:00,-1.4492211837813558e-06,34.551935422424606,0.0,0,7.619409416334707,57.223135,8.200147
2025-02-08 07:49:00,2025-02-08 07:49:00,Class A,273414440_0,57.22517,8.202827,Under way using engine,0.0,9.3,35.0,44.0,9179854,UGPS,ADLER,Cargo,0,20.0,127.0,Combined GPS/GLONASS,5.3,TO ORDER,03/02/2025 08:00:00,AIS,POINT (8.202827 57.22517),273414440_0,0 days 00:01:00,1.369144887741252e-06,35.4853768706144,0.0,0,7.617168345396142,57.22517,8.202827
2025-02-08 07:50:00,2025-02-08 07:50:00,Class A,273414440_0,57.227252,8.205548,Under way using engine,0.0,9.4,35.3,44.0,9179854,UGPS,ADLER,Cargo,0,20.0,127.0,Combined GPS/GLONASS,5.3,TO ORDER,03/02/2025 08:00:00,AIS,POINT (8.205548 57.227252),273414440_0,0 days 00:01:00,1.5820215642213155e-06,35.2769161853945,0.0,0,7.614896880102841,57.227252,8.205548
2025-02-08 07:51:01,2025-02-08 07:51:01,Class A,273414440_0,57.229338,8.208198,Under way using engine,0.0,9.1,36.3,45.0,9179854,UGPS,ADLER,Cargo,0,20.0,127.0,Combined GPS/GLONASS,5.3,TO ORDER,03/02/2025 08:00:00,AIS,POINT (8.208198 57.229338),273414440_0,0 days 00:01:01,-1.8364669714499185e-06,34.513032797190476,0.0,0,7.612696724326801,57.229338,8.208198
2025-02-08 07:52:01,2025-02-08 07:52:01,Class A,273414440_0,57.231387,8.210968,Under way using engine,0.0,8.8,34.4,44.0,9179854,UGPS,ADLER,Cargo,0,20.0,127.0,Combined GPS/GLONASS,5.3,TO ORDER,03/02/2025 08:00:00,AIS,POINT (8.210968 57.231387),273414440_0,0 days 00:01:00,1.5167738322452903e-06,36.19257773618375,0.0,0,7.610372548799763,57.231387,8.210968
2025-02-08 07:53:01,2025-02-08 07:53:01,Class A,273414440_0,57.233455,8.213647,Under way using engine,0.0,8.9,34.6,45.0,9179854,UGPS,ADLER,Cargo,0,20.0,127.0,Combined GPS/GLONASS,5.3,TO ORDER,03/02/2025 08:00:00,AIS,POINT (8.213647 57.233455),273414440_0,0 days 00:01:00,-4.14164895987763e-07,35.03478749172717,0.0,0,7.608142179523855,57.233455,8.213647
2025-02-08 07:54:01,2025-02-08 07:54:01,Class A,273414440_0,57.235498,8.216255,Under way using engine,0.0,9.1,34.9,45.0,9179854,UGPS,ADLER,Cargo,0,20.0,127.0,Combined GPS/GLONASS,5.3,TO ORDER,03/02/2025 08:00:00,AIS,POINT (8.216255 57.235498),273414440_0,0 days 00:01:00,-1.317042320490066e-06,34.63849132536245,0.0,0,7.605977496058281,57.235498,8.216255
2025-02-08 07:55:01,2025-02-08 07:55:01,Class A,273414440_0,57.237562,8.218947,Under way using engine,0.0,9.4,36.3,44.0,9179854,UGPS,ADLER,Cargo,0,20.0,127.0,Combined GPS/GLONASS,5.3,TO ORDER,03/02/2025 08:00:00,AIS,POINT (8.218947 57.237562),273414440_0,0 days 00:01:00,1.3386914343495951e-06,35.214503330340676,0.0,0,7.603735290145297,57.237562,8.218947
2025-02-08 07:56:00,2025-02-08 07:56:00,Class A,273414440_0,57.23959,8.22151,Under way using engine,0.0,9.1,34.1,44.0,9179854,UGPS,ADLER,Cargo,0,20.0,127.0,Combined GPS/GLONASS,5.3,TO ORDER,03/02/2025 08:00:00,AIS,POINT (8.22151 57.23959),273414440_0,0 days 00:00:59,-8.77311660368739e-07,34.3671108540816,0.0,0,7.6016135135988065,57.23959,8.22151
2025-02-08 07:57:00,2025-02-08 07:57:00,Class A,273414440_0,57.24167,8.22422,Under way using engine,0.0,9.1,35.6,45.0,9179854,UGPS,ADLER,Cargo,0,20.0,127.0,Combined GPS/GLONASS,5.3,TO ORDER,03/02/2025 08:00:00,AIS,POINT (8.22422 57.24167),273414440_0,0 days 00:01:00,1.438266292099558e-06,35.18294618474374,0.0,0,7.599358441615186,57.24167,8.22422
2025-02-08 07:58:00,2025-02-08 07:58:00,Class A,273414440_0,57.24376,8.22689,Under way using engine,0.0,9.3,35.8,45.0,9179854,UGPS,ADLER,Cargo,0,20.0,127.0,Combined GPS/GLONASS,5.3,TO ORDER,03/02/2025 08:00:00,AIS,POINT (8.22689 57.24376),273414440_0,0 days 00:01:00,-1.324779484364816e-07,34.65257744887168,0.0,0,7.597145417462273,57.24376,8.22689
2025-02-08 07:59:00,2025-02-08 07:59:00,Class A,273414440_0,57.245843,8.229637,Under way using engine,0.0,9.3,34.1,44.0,9179854,UGPS,ADLER,Cargo,0,20.0,127.0,Combined GPS/GLONASS,5.3,TO ORDER,03/02/2025 08:00:00,AIS,POINT (8.229637 57.245843),273414440_0,0 days 00:01:00,5.646274511231809e-07,35.50754050873701,0.0,0,7.59485637373624,57.245843,8.229637
2025-02-08 08:00:00,2025-02-08 08:00:00,Class A,273414440_0,57.247907,8.232355,Under way using engine,0.0,9.4,34.5,45.0,9179854,UGPS,ADLER,Cargo,0,20.0,127.0,Combined GPS/GLONASS,5.3,TO ORDER,03/02/2025 08:00:00,AIS,POINT (8.232355 57.247907),273414440_0,0 days 00:01:00,-7.62426991930687e-07,35.46676440394435,0.0,0,7.59259294025921,57.247907,8.232355
2025-02-08 08:01:00,2025-02-08 08:01:00,Class A,273414440_0,57.250002,8.235137,Under way using engine,0.0,9.2,35.7,44.0,9179854,UGPS,ADLER,Cargo,0,20.0,127.0,Combined GPS/GLONASS,5.3,TO ORDER,03/02/2025 08:00:00,AIS,POINT (8.235137 57.250002),273414440_0,0 days 00:01:00,1.403167591783154e-06,35.69203824269533,0.0,0,7.590273660212852,57.250002,8.235137
2025-02-08 08:02:00,2025-02-08 08:02:00,Class A,273414440_0,57.252093,8.237853,Under way using engine,0.0,9.0,35.0,44.0,9179854,UGPS,ADLER,Cargo,0,20.0,127.0,Combined GPS/GLONASS,5.3,TO ORDER,03/02/2025 08:00:00,AIS,POINT (8.237853 57.252093),273414440_0,0 days 00:01:00,-7.441249179400018e-07,35.09272197117605,0.0,0,7.588019208949461,57.252093,8.237853
2025-02-08 08:03:00,2025-02-08 08:03:00,Class A,273414440_0,57.25424,8.240625,Under way using engine,0.0,9.2,36.1,45.0,9179854,UGPS,ADLER,Cargo,0,20.0,127.0,Combined GPS/GLONASS,5.3,TO ORDER,03/02/2025 08:00:00,AIS,POINT (8.240625 57.25424),273414440_0,0 days 00:01:00,1.955848387713537e-06,34.929059912944865,0.0,0,7.585721707920283,57.25424,8.240625
2025-02-08 08:04:00,2025-02-08 08:04:00,Class A,273414440_0,57.256263,8.243415,Under way using engine,0.0,9.3,35.3,44.0,9179854,UGPS,ADLER,Cargo,0,20.0,127.0,Combined GPS/GLONASS,5.3,TO ORDER,03/02/2025 08:00:00,AIS,POINT (8.243415 57.256263),273414440_0,0 days 00:01:00,-2.9330385423526147e-06,36.72077721632735,0.0,0,7.58338311966961,57.256263,8.243415
2025-02-08 08:05:00,2025-02-08 08:05:00,Class A,273414440_0,57.258303,8.246113,Under way using engine,0.0,9.1,36.2,45.0,9179854,UGPS,ADLER,Cargo,0,20.0,127.0,Combined GPS/GLONASS,5.3,TO ORDER,03/02/2025 08:00:00,AIS,POINT (8.246113 57.258303),273414440_0,0 days 00:01:00,-4.88157112993962e-07,35.575910193820334,0.0,0,7.581138923058066,57.258303,8.246113
2025-02-08 08:06:00,2025-02-08 08:06:00,Class A,273414440_0,57.260413,8.248905,Under way using engine,0.0,9.1,34.2,45.0,9179854,UGPS,ADLER,Cargo,0,20.0,127.0,Combined GPS/GLONASS,5.3,TO ORDER,03/02/2025 08:00:00,AIS,POINT (8.248905 57.260413),273414440_0,0 days 00:01:00,2.6765482547407913e-06,35.58815239360922,0.0,0,7.578817215057373,57.260413,8.248905
2025-02-08 08:07:00,2025-02-08 08:07:00,Class A,273414440_0,57.262567,8.251702,Under way using engine,0.0,9.5,35.3,45.0,9179854,UGPS,ADLER,Cargo,0,20.0,127.0,Combined GPS/GLONASS,5.3,TO ORDER,03/02/2025 08:00:00,AIS,POINT (8.251702 57.262567),273414440_0,0 days 00:01:00,1.1566671456395584e-06,35.07704706325359,0.0,0,7.576500199540748,57.262567,8.251702
2025-02-08 08:08:00,2025-02-08 08:08:00,Class A,273414440_0,57.264683,8.254468,Under way using engine,0.0,9.1,34.9,44.0,9179854,UGPS,ADLER,Cargo,0,20.0,127.0,Combined GPS/GLONASS,5.3,TO ORDER,03/02/2025 08:00:00,AIS,POINT (8.254468 57.264683),273414440_0,0 days 00:01:00,-1.2615433422266213e-06,35.254997536061694,0.0,0,7.574206990830195,57.264683,8.254468
2025-02-08 08:09:00,2025-02-08 08:09:00,Class A,273414440_0,57.266805,8.257217,Under way using engine,0.0,9.5,35.4,45.0,9179854,UGPS,ADLER,Cargo,0,20.0,127.0,Combined GPS/GLONASS,5.3,TO ORDER,03/02/2025 08:00:00,AIS,POINT (8.257217 57.266805),273414440_0,0 days 00:01:00,-1.4014949419310224e-08,35.010855296993896,0.0,0,7.571932541181939,57.266805,8.257217
2025-02-08 08:10:00,2025-02-08 08:10:00,Class A,273414440_0,57.268903,8.25997,Under way using engine,0.0,9.4,34.7,44.0,9179854,UGPS,ADLER,Cargo,0,20.0,127.0,Combined GPS/GLONASS,5.3,TO ORDER,03/02/2025 08:00:00,AIS,POINT (8.25997 57.268903),273414440_0,0 days 00:01:00,-5.692192358655619e-07,35.35545387059824,0.0,0,7.569650316987239,57.268903,8.25997
2025-02-08 08:32:00,2025-02-08 08:32:00,Class A,273414440_0,57.315283,8.320677,Under way using engine,0.0,9.0,34.9,44.0,9179854,UGPS,ADLER,Cargo,0,20.0,127.0,Combined GPS/GLONASS,5.3,TO ORDER,03/02/2025 08:00:00,AIS,POINT (8.320677 57.315283),273414440_0,0 days 00:22:00,1.3710616414060846e-08,35.24528092488987,0.0,0,7.51957739525846,57.315283,8.320677
2025-02-08 08:33:00,2025-02-08 08:33:00,Class A,273414440_0,57.317268,8.323292,Under way using engine,0.0,8.6,36.0,45.0,9179854,UGPS,ADLER,Cargo,0,20.0,127.0,Combined GPS/GLONASS,5.3,TO ORDER,03/02/2025 08:00:00,AIS,POINT (8.323292 57.317268),273414440_0,0 days 00:01:00,-4.523649686159036e-06,35.426453697131194,0.0,0,7.517427763488784,57.317268,8.323292
2025-02-08 08:34:00,2025-02-08 08:34:00,Class A,273414440_0,57.319188,8.325928,Under way using engine,0.0,8.6,37.0,45.0,9179854,UGPS,ADLER,Cargo,0,20.0,127.0,Combined GPS/GLONASS,5.3,TO ORDER,03/02/2025 08:00:00,AIS,POINT (8.325928 57.319188),273414440_0,0 days 00:01:00,-1.4204783209429612e-06,36.54981193881332,0.0,0,7.515244973464005,57.319188,8.325928
2025-02-08 08:35:00,2025-02-08 08:35:00,Class A,273414440_0,57.321182,8.328567,Under way using engine,0.0,8.7,34.1,45.0,9179854,UGPS,ADLER,Cargo,0,20.0,127.0,Combined GPS/GLONASS,5.3,TO ORDER,03/02/2025 08:00:00,AIS,POINT (8.328567 57.321182),273414440_0,0 days 00:01:00,1.8778370979681113e-06,35.54847694176999,0.0,0,7.513075343570102,57.321182,8.328567
2025-02-08 08:36:00,2025-02-08 08:36:00,Class A,273414440_0,57.323098,8.331137,Under way using engine,0.0,8.7,35.5,45.0,9179854,UGPS,ADLER,Cargo,0,20.0,127.0,Combined GPS/GLONASS,5.3,TO ORDER,03/02/2025 08:00:00,AIS,POINT (8.331137 57.323098),273414440_0,0 days 00:01:00,-2.6339930835001748e-06,35.911261237437884,0.0,0,7.510957878261401,57.323098,8.331137
2025-02-08 08:37:01,2025-02-08 08:37:01,Class A,273414440_0,57.325065,8.333678,Under way using engine,0.0,8.6,35.2,44.0,9179854,UGPS,ADLER,Cargo,0,20.0,127.0,Combined GPS/GLONASS,5.3,TO ORDER,03/02/2025 08:00:00,AIS,POINT (8.333678 57.325065),273414440_0,0 days 00:01:01,-2.1107815906530351e-07,34.89214300645608,0.0,0,7.508880139182473,57.325065,8.333678
2025-02-08 08:38:01,2025-02-08 08:38:01,Class A,273414440_0,57.327002,8.336202,Under way using engine,0.0,8.8,35.6,45.0,9179854,UGPS,ADLER,Cargo,0,20.0,127.0,Combined GPS/GLONASS,5.3,TO ORDER,03/02/2025 08:00:00,AIS,POINT (8.336202 57.327002),273414440_0,0 days 00:01:00,2.9261697148374084e-07,35.123777906106454,0.0,0,7.506813592145205,57.327002,8.336202
2025-02-08 08:39:01,2025-02-08 08:39:01,Class A,273414440_0,57.328987,8.338743,Under way using engine,0.0,8.8,35.0,45.0,9179854,UGPS,ADLER,Cargo,0,20.0,127.0,Combined GPS/GLONASS,5.3,TO ORDER,03/02/2025 08:00:00,AIS,POINT (8.338743 57.328987),273414440_0,0 days 00:01:00,1.378900321301523e-06,34.64478547179323,0.0,0,7.504741191783365,57.328987,8.338743
2025-02-08 08:40:01,2025-02-08 08:40:01,Class A,273414440_0,57.330923,8.341298,Under way using engine,0.0,8.8,35.0,45.0,9179854,UGPS,ADLER,Cargo,0,20.0,127.0,Combined GPS/GLONASS,5.3,TO ORDER,03/02/2025 08:00:00,AIS,POINT (8.341298 57.330923),273414440_0,0 days 00:01:00,-1.106625351986089e-06,35.4646694154913,0.0,0,7.502645694201545,57.330923,8.341298
2025-02-08 08:41:01,2025-02-08 08:41:01,Class A,273414440_0,57.332913,8.343915,Under way using engine,0.0,8.6,35.4,45.0,9179854,UGPS,ADLER,Cargo,0,20.0,127.0,Combined GPS/GLONASS,5.3,TO ORDER,03/02/2025 08:00:00,AIS,POINT (8.343915 57.332913),273414440_0,0 days 00:01:00,1.961088658043687e-06,35.367560575279356,0.0,0,7.5005016267240405,57.332913,8.343915
2025-02-08 08:42:01,2025-02-08 08:42:01,Class A,273414440_0,57.334913,8.34648,Under way using engine,0.0,8.8,34.4,44.0,9179854,UGPS,ADLER,Cargo,0,20.0,127.0,Combined GPS/GLONASS,5.3,TO ORDER,03/02/2025 08:00:00,AIS,POINT (8.34648 57.334913),273414440_0,0 days 00:01:00,-2.4821651951282414e-07,34.69064998555643,0.0,0,7.498411329069978,57.334913,8.34648
2025-02-08 08:43:01,2025-02-08 08:43:01,Class A,273414440_0,57.336905,8.348977,Under way using engine,0.0,8.7,33.7,44.0,9179854,UGPS,ADLER,Cargo,0,20.0,127.0,Combined GPS/GLONASS,5.3,TO ORDER,03/02/2025 08:00:00,AIS,POINT (8.348977 57.336905),273414440_0,0 days 00:01:00,-8.487246008480967e-07,34.07877820501142,0.0,0,7.49638667461131,57.336905,8.348977
2025-02-08 08:44:01,2025-02-08 08:44:01,Class A,273414440_0,57.33892,8.351535,Under way using engine,0.0,8.6,33.7,45.0,9179854,UGPS,ADLER,Cargo,0,20.0,127.0,Combined GPS/GLONASS,5.3,TO ORDER,03/02/2025 08:00:00,AIS,POINT (8.351535 57.33892),273414440_0,0 days 00:01:00,1.1615346931813982e-06,34.41461594420764,0.0,0,7.494308018738821,57.33892,8.351535
2025-02-08 08:49:00,2025-02-08 08:49:00,Class A,273414440_0,57.348863,8.364692,Under way using engine,0.0,9.0,36.7,46.0,9179854,UGPS,ADLER,Cargo,0,20.0,127.0,Combined GPS/GLONASS,5.3,TO ORDER,03/02/2025 08:00:00,AIS,POINT (8.364692 57.348863),273414440_0,0 days 00:04:59,5.715235493222403e-08,35.521894602112695,0.0,0,7.4835407179113425,57.348863,8.364692
2025-02-08 08:50:00,2025-02-08 08:50:00,Class A,273414440_0,57.35082,8.367477,Under way using engine,0.0,8.9,38.1,47.0,9179854,UGPS,ADLER,Cargo,0,20.0,127.0,Combined GPS/GLONASS,5.3,TO ORDER,03/02/2025 08:00:00,AIS,POINT (8.367477 57.35082),273414440_0,0 days 00:01:00,4.884610474947641e-07,37.514876390806364,0.0,0,7.481232952341814,57.35082,8.367477
2025-02-08 08:51:00,2025-02-08 08:51:00,Class A,273414440_0,57.35278,8.37036,Under way using engine,0.0,9.0,37.1,47.0,9179854,UGPS,ADLER,Cargo,0,20.0,127.0,Combined GPS/GLONASS,5.3,TO ORDER,03/02/2025 08:00:00,AIS,POINT (8.37036 57.35278),273414440_0,0 days 00:01:00,1.0811701914804819e-06,38.431841923792206,0.0,0,7.47883089030418,57.35278,8.37036
2025-02-08 08:52:00,2025-02-08 08:52:00,Class A,273414440_0,57.354745,8.37321,Under way using engine,0.0,9.2,39.4,47.0,9179854,UGPS,ADLER,Cargo,0,20.0,127.0,Combined GPS/GLONASS,5.3,TO ORDER,03/02/2025 08:00:00,AIS,POINT (8.37321 57.354745),273414440_0,0 days 00:01:00,-2.220952208237577e-07,38.038748807618674,0.0,0,7.476462990989321,57.354745,8.37321
2025-02-08 08:53:00,2025-02-08 08:53:00,Class A,273414440_0,57.356747,8.376073,Under way using engine,0.0,9.3,36.9,46.0,9179854,UGPS,ADLER,Cargo,0,20.0,127.0,Combined GPS/GLONASS,5.3,TO ORDER,03/02/2025 08:00:00,AIS,POINT (8.376073 57.356747),273414440_0,0 days 00:01:00,1.0351652716282812e-06,37.645755496475545,0.0,0,7.474091115570507,57.356747,8.376073
2025-02-08 08:58:00,2025-02-08 08:58:00,Class A,273414440_0,57.366865,8.390287,Under way using engine,0.0,8.8,38.0,47.0,9179854,UGPS,ADLER,Cargo,0,20.0,127.0,Combined GPS/GLONASS,5.3,TO ORDER,03/02/2025 08:00:00,AIS,POINT (8.390287 57.366865),273414440_0,0 days 00:05:00,6.407193578189009e-08,37.14400170074367,0.0,0,7.462366775663735,57.366865,8.390287
2025-02-08 08:59:00,2025-02-08 08:59:00,Class A,273414440_0,57.36881,8.39313,Under way using engine,0.0,8.6,37.4,46.0,9179854,UGPS,ADLER,Cargo,0,20.0,127.0,Combined GPS/GLONASS,5.3,TO ORDER,03/02/2025 08:00:00,AIS,POINT (8.39313 57.36881),273414440_0,0 days 00:01:00,-1.9252752783952924e-06,38.24435523369158,0.0,0,7.460007513811767,57.36881,8.39313
2025-02-08 09:00:00,2025-02-08 09:00:00,Class A,273414440_0,57.370642,8.396047,Under way using engine,0.0,8.5,46.4,56.0,9179854,UGPS,ADLER,Cargo,0,20.0,127.0,Combined GPS/GLONASS,5.3,TO ORDER,03/02/2025 08:00:00,AIS,POINT (8.396047 57.370642),273414440_0,0 days 00:01:00,-1.9125027632529557e-06,40.64703353886546,0.0,0,7.457552519882176,57.370642,8.396047
2025-02-08 09:01:00,2025-02-08 09:01:00,Class A,273414440_0,57.372182,8.399297,Under way using engine,0.0,8.6,49.4,57.0,9179854,UGPS,ADLER,Cargo,0,20.0,127.0,Combined GPS/GLONASS,5.3,TO ORDER,03/02/2025 08:00:00,AIS,POINT (8.399297 57.372182),273414440_0,0 days 00:01:00,-2.5093295587060665e-06,48.68932296323999,0.0,0,7.454710223865244,57.372182,8.399297
2025-02-08 09:02:00,2025-02-08 09:02:00,Class A,273414440_0,57.373672,8.402522,Under way using engine,-4.5,8.1,52.5,61.0,9179854,UGPS,ADLER,Cargo,0,20.0,127.0,Combined GPS/GLONASS,5.3,TO ORDER,03/02/2025 08:00:00,AIS,POINT (8.402522 57.373672),273414440_0,0 days 00:01:00,-1.3301655466037057e-06,49.405261614009646,0.0,0,7.451882206172881,57.373672,8.402522
2025-02-08 09:03:00,2025-02-08 09:03:00,Class A,273414440_0,57.374993,8.405992,Under way using engine,0.0,8.5,55.7,63.0,9179854,UGPS,ADLER,Cargo,0,20.0,127.0,Combined GPS/GLONASS,5.3,TO ORDER,03/02/2025 08:00:00,AIS,POINT (8.405992 57.374993),273414440_0,0 days 00:01:00,2.277525574939654e-08,54.772684206630856,0.0,0,7.448779092589404,57.374993,8.405992
2025-02-08 09:05:00,2025-02-08 09:05:00,Class A,273414440_0,57.377525,8.413093,Under way using engine,0.0,8.3,57.0,65.0,9179854,UGPS,ADLER,Cargo,0,20.0,127.0,Combined GPS/GLONASS,5.3,TO ORDER,03/02/2025 08:00:00,AIS,POINT (8.413093 57.377525),273414440_0,0 days 00:02:00,7.496786657093986e-08,56.51668106901275,0.0,0,7.4423935451972705,57.377525,8.413093
2025-02-08 09:18:00,2025-02-08 09:18:00,Class A,273414440_0,57.393592,8.459597,Under way using engine,0.0,7.7,57.1,65.0,9179854,UGPS,ADLER,Cargo,0,20.0,127.0,Combined GPS/GLONASS,5.3,TO ORDER,03/02/2025 08:00:00,AIS,POINT (8.459597 57.393592),273414440_0,0 days 00:13:00,-1.1164187766777004e-08,57.31986728805754,0.0,0,7.400515405814718,57.393592,8.459597
2025-02-08 09:19:00,2025-02-08 09:19:00,Class A,273414440_0,57.394802,8.463198,Under way using engine,0.0,8.2,58.2,64.0,9179854,UGPS,ADLER,Cargo,0,20.0,127.0,Combined GPS/GLONASS,5.3,TO ORDER,03/02/2025 08:00:00,AIS,POINT (8.463198 57.394802),273414440_0,0 days 00:01:00,-1.0407550489150685e-07,58.05180565951315,0.0,0,7.397268852326512,57.394802,8.463198
2025-02-08 09:20:00,2025-02-08 09:20:00,Class A,273414440_0,57.39603,8.466725,Under way using engine,0.0,7.8,57.5,65.0,9179854,UGPS,ADLER,Cargo,0,20.0,127.0,Combined GPS/GLONASS,5.3,TO ORDER,03/02/2025 08:00:00,AIS,POINT (8.466725 57.39603),273414440_0,0 days 00:01:00,-7.477175815579779e-07,57.12991912424053,0.0,0,7.39409897261005,57.39603,8.466725
2025-02-08 09:21:00,2025-02-08 09:21:00,Class A,273414440_0,57.39725,8.470228,Under way using engine,0.0,8.0,56.7,65.0,9179854,UGPS,ADLER,Cargo,0,20.0,127.0,Combined GPS/GLONASS,5.3,TO ORDER,03/02/2025 08:00:00,AIS,POINT (8.470228 57.39725),273414440_0,0 days 00:01:00,-4.7262818286433575e-07,57.12143172987777,0.0,0,7.390951263636095,57.39725,8.470228
2025-02-08 09:22:00,2025-02-08 09:22:00,Class A,273414440_0,57.398453,8.473585,Under way using engine,0.0,7.9,56.8,65.0,9179854,UGPS,ADLER,Cargo,0,20.0,127.0,Combined GPS/GLONASS,5.3,TO ORDER,03/02/2025 08:00:00,AIS,POINT (8.473585 57.398453),273414440_0,0 days 00:01:00,-2.329880610002528e-06,56.37083889192627,0.0,0,7.38794271315432,57.398453,8.473585
2025-02-08 09:23:00,2025-02-08 09:23:00,Class A,273414440_0,57.399642,8.477017,Under way using engine,0.0,7.8,55.9,64.0,9179854,UGPS,ADLER,Cargo,0,20.0,127.0,Combined GPS/GLONASS,5.3,TO ORDER,03/02/2025 08:00:00,AIS,POINT (8.477017 57.399642),273414440_0,0 days 00:01:00,8.106226130696112e-07,57.257040185013295,0.0,0,7.384858419953695,57.399642,8.477017
2025-02-08 09:24:00,2025-02-08 09:24:00,Class A,273414440_0,57.400838,8.480368,Under way using engine,0.0,8.0,56.5,65.0,9179854,UGPS,ADLER,Cargo,0,20.0,127.0,Combined GPS/GLONASS,5.3,TO ORDER,03/02/2025 08:00:00,AIS,POINT (8.480368 57.400838),273414440_0,0 days 00:01:00,-1.0167801669498308e-06,56.475957163787086,0.0,0,7.381855164623321,57.400838,8.480368
2025-02-08 09:25:00,2025-02-08 09:25:00,Class A,273414440_0,57.402052,8.483858,Under way using engine,0.0,7.8,56.1,64.0,9179854,UGPS,ADLER,Cargo,0,20.0,127.0,Combined GPS/GLONASS,5.3,TO ORDER,03/02/2025 08:00:00,AIS,POINT (8.483858 57.402052),273414440_0,0 days 00:01:00,2.246588070816541e-06,57.14966834868841,0.0,0,7.378720850913117,57.402052,8.483858
2025-02-08 09:26:00,2025-02-08 09:26:00,Class A,273414440_0,57.403273,8.487268,Under way using engine,0.0,7.8,56.5,65.0,9179854,UGPS,ADLER,Cargo,0,20.0,127.0,Combined GPS/GLONASS,5.3,TO ORDER,03/02/2025 08:00:00,AIS,POINT (8.487268 57.403273),273414440_0,0 days 00:01:00,-1.0012242604895011e-06,56.38881991803231,0.0,0,7.375666614945458,57.403273,8.487268
2025-02-08 09:27:00,2025-02-08 09:27:00,Class A,273414440_0,57.404487,8.490738,Under way using engine,0.0,8.1,56.4,64.0,9179854,UGPS,ADLER,Cargo,0,20.0,127.0,Combined GPS/GLONASS,5.3,TO ORDER,03/02/2025 08:00:00,AIS,POINT (8.490738 57.404487),273414440_0,0 days 00:01:00,7.17505181975295e-07,56.997706553339015,0.0,0,7.372552837601438,57.404487,8.490738
2025-02-08 09:28:00,2025-02-08 09:28:00,Class A,273414440_0,57.405703,8.494108,Under way using engine,0.0,7.4,57.1,65.0,9179854,UGPS,ADLER,Cargo,0,20.0,127.0,Combined GPS/GLONASS,5.3,TO ORDER,03/02/2025 08:00:00,AIS,POINT (8.494108 57.405703),273414440_0,0 days 00:01:00,-1.3622815786297048e-06,56.183496711419025,0.0,0,7.369537517808088,57.405703,8.494108
2025-02-08 09:29:00,2025-02-08 09:29:00,Class A,273414440_0,57.406918,8.497495,Under way using engine,0.0,7.7,57.2,65.0,9179854,UGPS,ADLER,Cargo,0,20.0,127.0,Combined GPS/GLONASS,5.3,TO ORDER,03/02/2025 08:00:00,AIS,POINT (8.497495 57.406918),273414440_0,0 days 00:01:00,2.1747904974996763e-07,56.337537676718796,0.0,0,7.366505910412682,57.406918,8.497495
2025-02-08 09:30:00,2025-02-08 09:30:00,Class A,273414440_0,57.408143,8.501025,Under way using engine,0.0,7.8,55.9,65.0,9179854,UGPS,ADLER,Cargo,0,20.0,127.0,Combined GPS/GLONASS,5.3,TO ORDER,03/02/2025 08:00:00,AIS,POINT (8.501025 57.408143),273414440_0,0 days 00:01:00,2.166166808107824e-06,57.207323461786245,0.0,0,7.363337642719503,57.408143,8.501025
2025-02-08 09:31:00,2025-02-08 09:31:00,Class A,273414440_0,57.409382,8.504362,Under way using engine,0.0,8.0,56.2,65.0,9179854,UGPS,ADLER,Cargo,0,20.0,127.0,Combined GPS/GLONASS,5.3,TO ORDER,03/02/2025 08:00:00,AIS,POINT (8.504362 57.409382),273414440_0,0 days 00:01:00,-2.4449062817536644e-06,55.41968816691906,0.0,0,7.360361163210404,57.409382,8.504362
2025-02-08 09:32:00,2025-02-08 09:32:00,Class A,273414440_0,57.410563,8.507725,Under way using engine,0.0,8.1,57.2,64.0,9179854,UGPS,ADLER,Cargo,0,20.0,127.0,Combined GPS/GLONASS,5.3,TO ORDER,03/02/2025 08:00:00,AIS,POINT (8.507725 57.410563),273414440_0,0 days 00:01:00,-6.386857576430305e-07,56.89485959363151,0.0,0,7.357346897416894,57.410563,8.507725
2025-02-08 09:33:00,2025-02-08 09:33:00,Class A,273414440_0,57.411777,8.511317,Under way using engine,0.0,8.3,56.7,64.0,9179854,UGPS,ADLER,Cargo,0,20.0,127.0,Combined GPS/GLONASS,5.3,TO ORDER,03/02/2025 08:00:00,AIS,POINT (8.511317 57.411777),273414440_0,0 days 00:01:00,3.7702923213731436e-06,57.89039326805158,0.0,0,7.354117312090282,57.411777,8.511317
2025-02-08 09:34:00,2025-02-08 09:34:00,Class A,273414440_0,57.412983,8.514692,Under way using engine,0.0,8.0,57.4,65.0,9179854,UGPS,ADLER,Cargo,0,20.0,127.0,Combined GPS/GLONASS,5.3,TO ORDER,03/02/2025 08:00:00,AIS,POINT (8.514692 57.412983),273414440_0,0 days 00:01:00,-3.1814876608257136e-06,56.435803531332226,0.0,0,7.351097957399084,57.412983,8.514692
2025-02-08 09:35:00,2025-02-08 09:35:00,Class A,273414440_0,57.414172,8.518053,Under way using engine,0.0,8.0,56.9,65.0,9179854,UGPS,ADLER,Cargo,0,20.0,127.0,Combined GPS/GLONASS,5.3,TO ORDER,03/02/2025 08:00:00,AIS,POINT (8.518053 57.414172),273414440_0,0 days 00:01:00,-4.860310808682082e-07,56.69942746066323,0.0,0,7.34808894129113,57.414172,8.518053
2025-02-08 09:36:00,2025-02-08 09:36:00,Class A,273414440_0,57.415367,8.521488,Under way using engine,0.0,8.1,56.8,64.0,9179854,UGPS,ADLER,Cargo,0,20.0,127.0,Combined GPS/GLONASS,5.3,TO ORDER,03/02/2025 08:00:00,AIS,POINT (8.521488 57.415367),273414440_0,0 days 00:01:00,1.1353026525213999e-06,57.13731284448676,0.0,0,7.345009658953827,57.415367,8.521488
2025-02-08 09:37:00,2025-02-08 09:37:00,Class A,273414440_0,57.41654,8.524997,Under way using engine,0.0,7.8,56.9,65.0,9179854,UGPS,ADLER,Cargo,0,20.0,127.0,Combined GPS/GLONASS,5.3,TO ORDER,03/02/2025 08:00:00,AIS,POINT (8.524997 57.41654),273414440_0,0 days 00:01:00,6.790139921520848e-07,58.16958290184925,0.0,0,7.341853835352825,57.41654,8.524997
2025-02-08 09:38:00,2025-02-08 09:38:00,Class A,273414440_0,57.417737,8.528425,Under way using engine,0.0,7.5,57.2,65.0,9179854,UGPS,ADLER,Cargo,0,20.0,127.0,Combined GPS/GLONASS,5.3,TO ORDER,03/02/2025 08:00:00,AIS,POINT (8.528425 57.417737),273414440_0,0 days 00:01:00,-7.466945690520494e-07,57.03860893260298,0.0,0,7.338782843152806,57.417737,8.528425
2025-02-08 09:39:00,2025-02-08 09:39:00,Class A,273414440_0,57.418977,8.531965,Under way using engine,0.0,8.1,57.8,65.0,9179854,UGPS,ADLER,Cargo,0,20.0,127.0,Combined GPS/GLONASS,5.3,TO ORDER,03/02/2025 08:00:00,AIS,POINT (8.531965 57.418977),273414440_0,0 days 00:01:00,2.2906455371456745e-06,56.95542706644238,0.0,0,7.335612928809289,57.418977,8.531965
2025-02-08 09:40:00,2025-02-08 09:40:00,Class A,273414440_0,57.420157,8.53544,Under way using engine,0.0,7.7,57.2,64.0,9179854,UGPS,ADLER,Cargo,0,20.0,127.0,Combined GPS/GLONASS,5.3,TO ORDER,03/02/2025 08:00:00,AIS,POINT (8.53544 57.420157),273414440_0,0 days 00:01:00,-1.9154891735135634e-06,57.762933878020874,0.0,0,7.332493355018402,57.420157,8.53544
2025-02-08 09:41:00,2025-02-08 09:41:00,Class A,273414440_0,57.42139,8.538932,Under way using engine,0.0,8.1,57.7,65.0,9179854,UGPS,ADLER,Cargo,0,20.0,127.0,Combined GPS/GLONASS,5.3,TO ORDER,03/02/2025 08:00:00,AIS,POINT (8.538932 57.42139),273414440_0,0 days 00:01:00,1.1228469310163928e-06,56.74410411581749,0.0,0,7.329369697671144,57.42139,8.538932
2025-02-08 09:42:00,2025-02-08 09:42:00,Class A,273414440_0,57.422583,8.542443,Under way using engine,0.0,8.4,57.5,65.0,9179854,UGPS,ADLER,Cargo,0,20.0,127.0,Combined GPS/GLONASS,5.3,TO ORDER,03/02/2025 08:00:00,AIS,POINT (8.542443 57.422583),273414440_0,0 days 00:01:00,-4.0336145099328864e-07,57.74439696712409,0.0,0,7.326219029544912,57.422583,8.542443
2025-02-08 09:43:00,2025-02-08 09:43:00,Class A,273414440_0,57.42379,8.545957,Under way using engine,0.0,7.8,57.0,65.0,9179854,UGPS,ADLER,Cargo,0,20.0,127.0,Combined GPS/GLONASS,5.3,TO ORDER,03/02/2025 08:00:00,AIS,POINT (8.545957 57.42379),273414440_0,0 days 00:01:00,2.7239179715337604e-07,57.46329192853102,0.0,0,7.32306913000724,57.42379,8.545957
2025-02-08 09:44:00,2025-02-08 09:44:00,Class A,273414440_0,57.425003,8.549392,Under way using engine,0.0,8.1,58.0,65.0,9179854,UGPS,ADLER,Cargo,0,20.0,127.0,Combined GPS/GLONASS,5.3,TO ORDER,03/02/2025 08:00:00,AIS,POINT (8.549392 57.425003),273414440_0,0 days 00:01:00,-1.0085849828534032e-06,56.73879223696645,0.0,0,7.319998065718119,57.425003,8.549392
2025-02-08 09:45:00,2025-02-08 09:45:00,Class A,273414440_0,57.426148,8.552908,Under way using engine,0.0,8.2,56.5,65.0,9179854,UGPS,ADLER,Cargo,0,20.0,127.0,Combined GPS/GLONASS,5.3,TO ORDER,03/02/2025 08:00:00,AIS,POINT (8.552908 57.426148),273414440_0,0 days 00:01:00,2.2897998601158672e-08,58.830394663737934,0.0,0,7.316833212114103,57.426148,8.552908
2025-02-08 09:46:00,2025-02-08 09:46:00,Class A,273414440_0,57.427343,8.556398,Under way using engine,0.0,8.4,57.9,65.0,9179854,UGPS,ADLER,Cargo,0,20.0,127.0,Combined GPS/GLONASS,5.3,TO ORDER,03/02/2025 08:00:00,AIS,POINT (8.556398 57.427343),273414440_0,0 days 00:01:00,4.437536844403353e-07,57.542259719183505,0.0,0,7.313705534293885,57.427343,8.556398
2025-02-08 09:47:00,2025-02-08 09:47:00,Class A,273414440_0,57.428495,8.55996,Under way using engine,0.0,8.2,58.8,64.0,9179854,UGPS,ADLER,Cargo,0,20.0,127.0,Combined GPS/GLONASS,5.3,TO ORDER,03/02/2025 08:00:00,AIS,POINT (8.55996 57.428495),273414440_0,0 days 00:01:00,3.224150509207405e-07,59.003631984902256,0.0,0,7.3104984888263935,57.428495,8.55996
2025-02-08 09:48:00,2025-02-08 09:48:00,Class A,273414440_0,57.429685,8.56348,Under way using engine,0.0,8.3,58.5,64.0,9179854,UGPS,ADLER,Cargo,0,20.0,127.0,Combined GPS/GLONASS,5.3,TO ORDER,03/02/2025 08:00:00,AIS,POINT (8.56348 57.429685),273414440_0,0 days 00:01:00,1.5329405240076138e-08,57.87055188057718,0.0,0,7.30734150089162,57.429685,8.56348
2025-02-08 09:49:00,2025-02-08 09:49:00,Class A,273414440_0,57.430837,8.567097,Under way using engine,0.0,8.1,57.7,64.0,9179854,UGPS,ADLER,Cargo,0,20.0,127.0,Combined GPS/GLONASS,5.3,TO ORDER,03/02/2025 08:00:00,AIS,POINT (8.567097 57.430837),273414440_0,0 days 00:01:00,7.700882854196964e-07,59.38814548978672,0.0,0,7.304081931319362,57.430837,8.567097
2025-02-08 09:50:00,2025-02-08 09:50:00,Class A,273414440_0,57.43203,8.570663,Under way using engine,0.0,8.0,57.7,65.0,9179854,UGPS,ADLER,Cargo,0,20.0,127.0,Combined GPS/GLONASS,5.3,TO ORDER,03/02/2025 08:00:00,AIS,POINT (8.570663 57.43203),273414440_0,0 days 00:01:00,-7.286485168046807e-08,58.138331721356224,0.0,0,7.300881889090454,57.43203,8.570663
2025-02-08 09:51:00,2025-02-08 09:51:00,Class A,273414440_0,57.433235,8.574252,Under way using engine,0.0,7.9,58.4,65.0,9179854,UGPS,ADLER,Cargo,0,20.0,127.0,Combined GPS/GLONASS,5.3,TO ORDER,03/02/2025 08:00:00,AIS,POINT (8.574252 57.433235),273414440_0,0 days 00:01:00,5.202285499291322e-07,58.04546429098002,0.0,0,7.297662730124284,57.433235,8.574252
2025-02-08 09:52:00,2025-02-08 09:52:00,Class A,273414440_0,57.434382,8.57782,Under way using engine,0.0,8.4,58.7,65.0,9179854,UGPS,ADLER,Cargo,0,20.0,127.0,Combined GPS/GLONASS,5.3,TO ORDER,03/02/2025 08:00:00,AIS,POINT (8.57782 57.434382),273414440_0,0 days 00:01:00,-1.2344017223973187e-06,59.15193554508875,0.0,0,7.29445129588813,57.434382,8.57782
2025-02-08 09:53:00,2025-02-08 09:53:00,Class A,273414440_0,57.435602,8.581377,Under way using engine,0.0,8.3,58.4,65.0,9179854,UGPS,ADLER,Cargo,0,20.0,127.0,Combined GPS/GLONASS,5.3,TO ORDER,03/02/2025 08:00:00,AIS,POINT (8.581377 57.435602),273414440_0,0 days 00:01:00,1.0264052031266873e-06,57.49254572619452,0.0,0,7.291267793548733,57.435602,8.581377
2025-02-08 09:54:00,2025-02-08 09:54:00,Class A,273414440_0,57.43676,8.584928,Under way using engine,0.0,8.1,59.0,65.0,9179854,UGPS,ADLER,Cargo,0,20.0,127.0,Combined GPS/GLONASS,5.3,TO ORDER,03/02/2025 08:00:00,AIS,POINT (8.584928 57.43676),273414440_0,0 days 00:01:00,-1.0977019006726725e-06,58.78788246104216,0.0,0,7.288076470736569,57.43676,8.584928
2025-02-08 09:55:00,2025-02-08 09:55:00,Class A,273414440_0,57.437953,8.588507,Under way using engine,0.0,8.3,58.6,65.0,9179854,UGPS,ADLER,Cargo,0,20.0,127.0,Combined GPS/GLONASS,5.3,TO ORDER,03/02/2025 08:00:00,AIS,POINT (8.588507 57.437953),273414440_0,0 days 00:01:00,9.617055920523814e-07,58.22757218855605,0.0,0,7.284866443000997,57.437953,8.588507
2025-02-08 10:02:00,2025-02-08 10:02:00,Class A,273414440_0,57.446225,8.614068,Under way using engine,0.0,8.4,58.1,64.0,9179854,UGPS,ADLER,Cargo,0,20.0,127.0,Combined GPS/GLONASS,5.3,TO ORDER,03/02/2025 08:00:00,AIS,POINT (8.614068 57.446225),273414440_0,0 days 00:07:00,1.2080978644096773e-07,58.9685970144908,0.0,0,7.2618988979239445,57.446225,8.614068
2025-02-08 10:03:00,2025-02-08 10:03:00,Class A,273414440_0,57.447445,8.617767,Under way using engine,0.0,8.3,59.1,65.0,9179854,UGPS,ADLER,Cargo,0,20.0,127.0,Combined GPS/GLONASS,5.3,TO ORDER,03/02/2025 08:00:00,AIS,POINT (8.617767 57.447445),273414440_0,0 days 00:01:00,1.2835913882063154e-06,58.49210779885345,0.0,0,7.258582732755066,57.447445,8.617767
2025-02-08 10:04:00,2025-02-08 10:04:00,Class A,273414440_0,57.448637,8.62146,Under way using engine,0.0,8.2,59.4,65.0,9179854,UGPS,ADLER,Cargo,0,20.0,127.0,Combined GPS/GLONASS,5.3,TO ORDER,03/02/2025 08:00:00,AIS,POINT (8.62146 57.448637),273414440_0,0 days 00:01:00,-5.358401029871649e-07,59.03983302699578,0.0,0,7.255266486978199,57.448637,8.62146
2025-02-08 10:05:00,2025-02-08 10:05:00,Class A,273414440_0,57.449857,8.625112,Under way using engine,0.0,8.1,58.6,65.0,9179854,UGPS,ADLER,Cargo,0,20.0,127.0,Combined GPS/GLONASS,5.3,TO ORDER,03/02/2025 08:00:00,AIS,POINT (8.625112 57.449857),273414440_0,0 days 00:01:00,-1.3507093693591935e-07,58.16304762284841,0.0,0,7.251997181192296,57.449857,8.625112
2025-02-08 10:06:00,2025-02-08 10:06:00,Class A,273414440_0,57.451065,8.628732,Under way using engine,0.0,8.3,56.9,65.0,9179854,UGPS,ADLER,Cargo,0,20.0,127.0,Combined GPS/GLONASS,5.3,TO ORDER,03/02/2025 08:00:00,AIS,POINT (8.628732 57.451065),273414440_0,0 days 00:01:00,-6.508628300367728e-07,58.19003069042225,0.0,0,7.248756780922161,57.451065,8.628732
2025-02-08 10:07:00,2025-02-08 10:07:00,Class A,273414440_0,57.452248,8.632287,Under way using engine,0.0,8.2,58.2,65.0,9179854,UGPS,ADLER,Cargo,0,20.0,127.0,Combined GPS/GLONASS,5.3,TO ORDER,03/02/2025 08:00:00,AIS,POINT (8.632287 57.452248),273414440_0,0 days 00:01:00,-1.330336415527808e-06,58.26086930867774,0.0,0,7.245574340417535,57.452248,8.632287
2025-02-08 10:08:00,2025-02-08 10:08:00,Class A,273414440_0,57.453383,8.635787,Under way using engine,0.0,8.4,58.0,65.0,9179854,UGPS,ADLER,Cargo,0,20.0,127.0,Combined GPS/GLONASS,5.3,TO ORDER,03/02/2025 08:00:00,AIS,POINT (8.635787 57.453383),273414440_0,0 days 00:01:00,-1.5575534603049495e-06,58.91828452486101,0.0,0,7.242434745647488,57.453383,8.635787
2025-02-08 10:09:00,2025-02-08 10:09:00,Class A,273414440_0,57.454693,8.63951,Under way using engine,0.0,8.4,58.3,65.0,9179854,UGPS,ADLER,Cargo,0,20.0,127.0,Combined GPS/GLONASS,5.3,TO ORDER,03/02/2025 08:00:00,AIS,POINT (8.63951 57.454693),273414440_0,0 days 00:01:00,6.02550853508561e-06,56.811471543521066,0.0,0,7.239119619657144,57.454693,8.63951
2025-02-08 10:10:00,2025-02-08 10:10:00,Class A,273414440_0,57.455907,8.64314,Under way using engine,0.0,8.1,57.6,65.0,9179854,UGPS,ADLER,Cargo,0,20.0,127.0,Combined GPS/GLONASS,5.3,TO ORDER,03/02/2025 08:00:00,AIS,POINT (8.64314 57.455907),273414440_0,0 days 00:01:00,-2.904869255647699e-06,58.13024199811673,0.0,0,7.235873140346574,57.455907,8.64314
2025-02-08 10:11:00,2025-02-08 10:11:00,Class A,273414440_0,57.45708,8.646692,Under way using engine,0.0,8.4,56.9,65.0,9179854,UGPS,ADLER,Cargo,0,20.0,127.0,Combined GPS/GLONASS,5.3,TO ORDER,03/02/2025 08:00:00,AIS,POINT (8.646692 57.45708),273414440_0,0 days 00:01:00,-1.7744061856617e-06,58.45311014090845,0.0,0,7.232693483976767,57.45708,8.646692
2025-02-08 10:12:00,2025-02-08 10:12:00,Class A,273414440_0,57.458318,8.650303,Under way using engine,0.0,8.4,58.3,65.0,9179854,UGPS,ADLER,Cargo,0,20.0,127.0,Combined GPS/GLONASS,5.3,TO ORDER,03/02/2025 08:00:00,AIS,POINT (8.650303 57.458318),273414440_0,0 days 00:01:00,1.8977830538115305e-06,57.48733253942771,0.0,0,7.2294722151040185,57.458318,8.650303
2025-02-08 10:14:00,2025-02-08 10:14:00,Class A,273414440_0,57.460762,8.657538,Under way using engine,0.0,7.9,57.7,64.0,9179854,UGPS,ADLER,Cargo,0,20.0,127.0,Combined GPS/GLONASS,5.3,TO ORDER,03/02/2025 08:00:00,AIS,POINT (8.657538 57.460762),273414440_0,0 days 00:02:00,-8.759377444991027e-08,57.86780388806727,0.0,0,7.22301127588764,57.460762,8.657538
2025-02-08 10:48:01,2025-02-08 10:48:01,Class A,273414440_0,57.50393,8.782133,Under way using engine,0.0,8.6,56.8,64.0,9179854,UGPS,ADLER,Cargo,0,20.0,127.0,Combined GPS/GLONASS,5.3,TO ORDER,03/02/2025 08:00:00,AIS,POINT (8.782133 57.50393),273414440_0,0 days 00:34:01,4.071151850577626e-08,57.14498536733055,0.0,0,7.112375790328362,57.50393,8.782133
2025-02-08 11:02:00,2025-02-08 11:02:00,Class A,273414440_0,57.520978,8.834587,Under way using engine,0.0,8.5,59.7,66.0,9179854,UGPS,ADLER,Cargo,0,20.0,127.0,Combined GPS/GLONASS,5.3,TO ORDER,03/02/2025 08:00:00,AIS,POINT (8.834587 57.520978),273414440_0,0 days 00:13:59,2.7938522794460216e-08,58.799784144581395,0.0,0,7.065736992301439,57.520978,8.834587
2025-02-08 11:03:00,2025-02-08 11:03:00,Class A,273414440_0,57.522182,8.83827,Under way using engine,0.0,8.2,58.7,66.0,9179854,UGPS,ADLER,Cargo,0,20.0,127.0,Combined GPS/GLONASS,5.3,TO ORDER,03/02/2025 08:00:00,AIS,POINT (8.83827 57.522182),273414440_0,0 days 00:01:00,-1.2269992957774102e-06,58.66595015695867,0.0,0,7.062468650718671,57.522182,8.83827
2025-02-08 11:05:00,2025-02-08 11:05:00,Class A,273414440_0,57.52451,8.845863,Under way using engine,0.0,8.4,60.1,67.0,9179854,UGPS,ADLER,Cargo,0,20.0,127.0,Combined GPS/GLONASS,5.3,TO ORDER,03/02/2025 08:00:00,AIS,POINT (8.845863 57.52451),273414440_0,0 days 00:02:00,4.989179512401637e-07,60.270723484142025,0.0,0,7.055694035183853,57.52451,8.845863
2025-02-08 11:06:00,2025-02-08 11:06:00,Class A,273414440_0,57.525762,8.8497,Under way using engine,0.0,9.0,58.9,66.0,9179854,UGPS,ADLER,Cargo,0,20.0,127.0,Combined GPS/GLONASS,5.3,TO ORDER,03/02/2025 08:00:00,AIS,POINT (8.8497 57.525762),273414440_0,0 days 00:01:00,1.958518084578531e-06,58.71098116544647,0.0,0,7.052290374963583,57.525762,8.8497
2025-02-08 11:07:00,2025-02-08 11:07:00,Class A,273414440_0,57.526933,8.853492,Under way using engine,0.0,8.7,59.8,66.0,9179854,UGPS,ADLER,Cargo,0,20.0,127.0,Combined GPS/GLONASS,5.3,TO ORDER,03/02/2025 08:00:00,AIS,POINT (8.853492 57.526933),273414440_0,0 days 00:01:00,-1.9205073778825936e-06,60.09278014221513,0.0,0,7.048910724507511,57.526933,8.853492
2025-02-08 11:08:00,2025-02-08 11:08:00,Class A,273414440_0,57.528163,8.857412,Under way using engine,0.0,8.5,59.6,67.0,9179854,UGPS,ADLER,Cargo,0,20.0,127.0,Combined GPS/GLONASS,5.3,TO ORDER,03/02/2025 08:00:00,AIS,POINT (8.857412 57.528163),273414440_0,0 days 00:01:00,2.7560781750724453e-06,59.695167326944784,0.0,0,7.045422508196155,57.528163,8.857412
2025-02-08 11:09:00,2025-02-08 11:09:00,Class A,273414440_0,57.529325,8.861148,Under way using engine,0.0,8.6,58.7,66.0,9179854,UGPS,ADLER,Cargo,0,20.0,127.0,Combined GPS/GLONASS,5.3,TO ORDER,03/02/2025 08:00:00,AIS,POINT (8.861148 57.529325),273414440_0,0 days 00:01:00,-3.7061248722182008e-06,59.9134870460918,0.0,0,7.042096077296091,57.529325,8.861148
2025-02-08 11:10:00,2025-02-08 11:10:00,Class A,273414440_0,57.530548,8.865023,Under way using engine,0.0,8.6,59.3,67.0,9179854,UGPS,ADLER,Cargo,0,20.0,127.0,Combined GPS/GLONASS,5.3,TO ORDER,03/02/2025 08:00:00,AIS,POINT (8.865023 57.530548),273414440_0,0 days 00:01:00,2.9467595309582914e-06,59.54760470406768,0.0,0,7.038650974669863,57.530548,8.865023
2025-02-08 11:11:00,2025-02-08 11:11:00,Class A,273414440_0,57.531768,8.86889,Under way using engine,0.0,8.8,60.2,66.0,9179854,UGPS,ADLER,Cargo,0,20.0,127.0,Combined GPS/GLONASS,5.3,TO ORDER,03/02/2025 08:00:00,AIS,POINT (8.86889 57.531768),273414440_0,0 days 00:01:00,-1.6363675174891254e-07,59.55651480673163,0.0,0,7.035213523163315,57.531768,8.86889
2025-02-08 11:12:00,2025-02-08 11:12:00,Class A,273414440_0,57.53296,8.872788,Under way using engine,0.0,8.7,60.9,67.0,9179854,UGPS,ADLER,Cargo,0,20.0,127.0,Combined GPS/GLONASS,5.3,TO ORDER,03/02/2025 08:00:00,AIS,POINT (8.872788 57.53296),273414440_0,0 days 00:01:00,1.1658456745789955e-08,60.33063152555786,0.0,0,7.031739689273488,57.53296,8.872788
2025-02-08 11:13:00,2025-02-08 11:13:00,Class A,273414440_0,57.534193,8.876693,Under way using engine,0.0,8.5,59.5,66.0,9179854,UGPS,ADLER,Cargo,0,20.0,127.0,Combined GPS/GLONASS,5.3,TO ORDER,03/02/2025 08:00:00,AIS,POINT (8.876693 57.534193),273414440_0,0 days 00:01:00,7.335329837862414e-07,59.534295938790535,0.0,0,7.028270040172475,57.534193,8.876693
2025-02-08 11:14:00,2025-02-08 11:14:00,Class A,273414440_0,57.535365,8.880503,Under way using engine,0.0,8.5,59.7,67.0,9179854,UGPS,ADLER,Cargo,0,20.0,127.0,Combined GPS/GLONASS,5.3,TO ORDER,03/02/2025 08:00:00,AIS,POINT (8.880503 57.535365),273414440_0,0 days 00:01:00,-2.3156460260068353e-06,60.18309056347073,0.0,0,7.024877641570279,57.535365,8.880503
2025-02-08 11:15:00,2025-02-08 11:15:00,Class A,273414440_0,57.53653,8.884332,Under way using engine,0.0,8.4,60.0,67.0,9179854,UGPS,ADLER,Cargo,0,20.0,127.0,Combined GPS/GLONASS,5.3,TO ORDER,03/02/2025 08:00:00,AIS,POINT (8.884332 57.53653),273414440_0,0 days 00:01:00,1.6594228769969387e-07,60.45256411997798,0.0,0,7.021465715915729,57.53653,8.884332
2025-02-08 11:16:00,2025-02-08 11:16:00,Class A,273414440_0,57.537748,8.888227,Under way using engine,0.0,8.8,59.9,66.0,9179854,UGPS,ADLER,Cargo,0,20.0,127.0,Combined GPS/GLONASS,5.3,TO ORDER,03/02/2025 08:00:00,AIS,POINT (8.888227 57.537748),273414440_0,0 days 00:01:00,1.7664984612228546e-06,59.773564930522696,0.0,0,7.0180039281434565,57.537748,8.888227
2025-02-08 11:17:00,2025-02-08 11:17:00,Class A,273414440_0,57.53892,8.891972,Under way using engine,0.0,8.8,60.2,67.0,9179854,UGPS,ADLER,Cargo,0,20.0,127.0,Combined GPS/GLONASS,5.3,TO ORDER,03/02/2025 08:00:00,AIS,POINT (8.891972 57.53892),273414440_0,0 days 00:01:00,-2.874456997556237e-06,59.75352829226472,0.0,0,7.014676313846561,57.53892,8.891972
2025-02-08 11:18:00,2025-02-08 11:18:00,Class A,273414440_0,57.540123,8.89578,Under way using engine,0.0,8.7,60.0,66.0,9179854,UGPS,ADLER,Cargo,0,20.0,127.0,Combined GPS/GLONASS,5.3,TO ORDER,03/02/2025 08:00:00,AIS,POINT (8.89578 57.540123),273414440_0,0 days 00:01:00,1.387087034058551e-06,59.51718300886887,0.0,0,7.011296208308774,57.540123,8.89578
2025-02-08 11:19:00,2025-02-08 11:19:00,Class A,273414440_0,57.541277,8.899582,Under way using engine,0.0,8.4,59.3,67.0,9179854,UGPS,ADLER,Cargo,0,20.0,127.0,Combined GPS/GLONASS,5.3,TO ORDER,03/02/2025 08:00:00,AIS,POINT (8.899582 57.541277),273414440_0,0 days 00:01:00,-8.447927891277092e-07,60.50858647887742,0.0,0,7.007910141995329,57.541277,8.899582
2025-02-08 11:20:00,2025-02-08 11:20:00,Class A,273414440_0,57.542488,8.903322,Under way using engine,0.0,8.5,59.4,67.0,9179854,UGPS,ADLER,Cargo,0,20.0,127.0,Combined GPS/GLONASS,5.3,TO ORDER,03/02/2025 08:00:00,AIS,POINT (8.903322 57.542488),273414440_0,0 days 00:01:00,-4.42726280602881e-09,58.89459196655207,0.0,0,7.004599119496561,57.542488,8.903322
2025-02-08 11:21:00,2025-02-08 11:21:00,Class A,273414440_0,57.543633,8.907077,Under way using engine,0.0,8.6,60.2,67.0,9179854,UGPS,ADLER,Cargo,0,20.0,127.0,Combined GPS/GLONASS,5.3,TO ORDER,03/02/2025 08:00:00,AIS,POINT (8.907077 57.543633),273414440_0,0 days 00:01:00,-8.166917527567079e-07,60.39371295295541,0.0,0,7.001257475459819,57.543633,8.907077
2025-02-08 11:22:00,2025-02-08 11:22:00,Class A,273414440_0,57.544873,8.910987,Under way using engine,0.0,8.5,60.7,66.0,9179854,UGPS,ADLER,Cargo,0,20.0,127.0,Combined GPS/GLONASS,5.3,TO ORDER,03/02/2025 08:00:00,AIS,POINT (8.910987 57.544873),273414440_0,0 days 00:01:00,3.7016548014913934e-06,59.41711819727908,0.0,0,6.997790670864769,57.544873,8.910987
2025-02-08 11:23:00,2025-02-08 11:23:00,Class A,273414440_0,57.546087,8.914823,Under way using engine,0.0,8.7,58.9,66.0,9179854,UGPS,ADLER,Cargo,0,20.0,127.0,Combined GPS/GLONASS,5.3,TO ORDER,03/02/2025 08:00:00,AIS,POINT (8.914823 57.546087),273414440_0,0 days 00:01:00,-1.470674361220469e-06,59.4685641917344,0.0,0,6.994389502040189,57.546087,8.914823
2025-02-08 11:24:00,2025-02-08 11:24:00,Class A,273414440_0,57.547278,8.918652,Under way using engine,0.0,8.5,59.9,67.0,9179854,UGPS,ADLER,Cargo,0,20.0,127.0,Combined GPS/GLONASS,5.3,TO ORDER,03/02/2025 08:00:00,AIS,POINT (8.918652 57.547278),273414440_0,0 days 00:01:00,-4.6099472420208246e-07,59.89966157181584,0.0,0,6.990989904067376,57.547278,8.918652
2025-02-08 11:25:00,2025-02-08 11:25:00,Class A,273414440_0,57.548463,8.922458,Under way using engine,0.0,8.7,60.6,67.0,9179854,UGPS,ADLER,Cargo,0,20.0,127.0,Combined GPS/GLONASS,5.3,TO ORDER,03/02/2025 08:00:00,AIS,POINT (8.922458 57.548463),273414440_0,0 days 00:01:00,-4.2585661119689743e-07,59.8746321176842,0.0,0,6.987611662492485,57.548463,8.922458
2025-02-08 11:26:00,2025-02-08 11:26:00,Class A,273414440_0,57.549648,8.926495,Under way using engine,0.0,8.5,60.5,66.0,9179854,UGPS,ADLER,Cargo,0,20.0,127.0,Combined GPS/GLONASS,5.3,TO ORDER,03/02/2025 08:00:00,AIS,POINT (8.926495 57.549648),273414440_0,0 days 00:01:00,3.347113623571576e-06,61.3174174156473,0.0,0,6.984010718978386,57.549648,8.926495
2025-02-08 11:27:00,2025-02-08 11:27:00,Class A,273414440_0,57.550857,8.93045,Under way using engine,0.0,8.9,61.0,67.0,9179854,UGPS,ADLER,Cargo,0,20.0,127.0,Combined GPS/GLONASS,5.3,TO ORDER,03/02/2025 08:00:00,AIS,POINT (8.93045 57.550857),273414440_0,0 days 00:01:00,-8.318227004823139e-07,60.32728381402114,0.0,0,6.980495864430334,57.550857,8.93045
2025-02-08 11:28:00,2025-02-08 11:28:00,Class A,273414440_0,57.552027,8.93444,Under way using engine,0.0,8.4,61.1,66.0,9179854,UGPS,ADLER,Cargo,0,20.0,127.0,Combined GPS/GLONASS,5.3,TO ORDER,03/02/2025 08:00:00,AIS,POINT (8.93444 57.552027),273414440_0,0 days 00:01:00,-8.043797549093143e-08,61.34066050875032,0.0,0,6.976937874711871,57.552027,8.93444
2025-02-08 11:29:00,2025-02-08 11:29:00,Class A,273414440_0,57.553213,8.938393,Under way using engine,0.0,8.9,61.1,67.0,9179854,UGPS,ADLER,Cargo,0,20.0,127.0,Combined GPS/GLONASS,5.3,TO ORDER,03/02/2025 08:00:00,AIS,POINT (8.938393 57.553213),273414440_0,0 days 00:01:00,-3.014915057187254e-07,60.78436116156564,0.0,0,6.973420413414496,57.553213,8.938393
2025-02-08 11:30:00,2025-02-08 11:30:00,Class A,273414440_0,57.55437,8.942317,Under way using engine,0.0,8.7,60.5,67.0,9179854,UGPS,ADLER,Cargo,0,20.0,127.0,Combined GPS/GLONASS,5.3,TO ORDER,03/02/2025 08:00:00,AIS,POINT (8.942317 57.55437),273414440_0,0 days 00:01:00,-8.581634222117514e-07,61.206163328407854,0.0,0,6.969924210766212,57.55437,8.942317
2025-02-08 11:31:00,2025-02-08 11:31:00,Class A,273414440_0,57.555543,8.946228,Under way using engine,0.0,8.8,60.7,66.0,9179854,UGPS,ADLER,Cargo,0,20.0,127.0,Combined GPS/GLONASS,5.3,TO ORDER,03/02/2025 08:00:00,AIS,POINT (8.946228 57.555543),273414440_0,0 days 00:01:00,4.8632344478808745e-08,60.791112342524855,0.0,0,6.966445329123096,57.555543,8.946228
2025-02-08 11:32:00,2025-02-08 11:32:00,Class A,273414440_0,57.55668,8.950125,Under way using engine,0.0,8.5,61.3,67.0,9179854,UGPS,ADLER,Cargo,0,20.0,127.0,Combined GPS/GLONASS,5.3,TO ORDER,03/02/2025 08:00:00,AIS,POINT (8.950125 57.55668),273414440_0,0 days 00:01:00,-7.427449645106404e-07,61.45864542188872,0.0,0,6.96297137659297,57.55668,8.950125
2025-02-08 11:33:00,2025-02-08 11:33:00,Class A,273414440_0,57.557815,8.954017,Under way using engine,0.0,8.9,61.7,67.0,9179854,UGPS,ADLER,Cargo,0,20.0,127.0,Combined GPS/GLONASS,5.3,TO ORDER,03/02/2025 08:00:00,AIS,POINT (8.954017 57.557815),273414440_0,0 days 00:01:00,-1.0435466779471746e-07,61.4693597661456,0.0,0,6.959502374564576,57.557815,8.954017
2025-02-08 11:34:00,2025-02-08 11:34:00,Class A,273414440_0,57.558935,8.957915,Under way using engine,0.0,8.4,62.1,67.0,9179854,UGPS,ADLER,Cargo,0,20.0,127.0,Combined GPS/GLONASS,5.3,TO ORDER,03/02/2025 08:00:00,AIS,POINT (8.957915 57.558935),273414440_0,0 days 00:01:00,-1.3395550245635761e-07,61.824061224743275,0.0,0,6.95602434248314,57.558935,8.957915
2025-02-08 11:35:00,2025-02-08 11:35:00,Class A,273414440_0,57.560052,8.961717,Under way using engine,0.0,8.8,61.2,66.0,9179854,UGPS,ADLER,Cargo,0,20.0,127.0,Combined GPS/GLONASS,5.3,TO ORDER,03/02/2025 08:00:00,AIS,POINT (8.961717 57.560052),273414440_0,0 days 00:01:00,-1.4500490149406496e-06,61.289405223009226,0.0,0,6.952638912604407,57.560052,8.961717
2025-02-08 11:36:00,2025-02-08 11:36:00,Class A,273414440_0,57.561197,8.96558,Under way using engine,0.0,8.5,60.0,65.0,9179854,UGPS,ADLER,Cargo,0,20.0,127.0,Combined GPS/GLONASS,5.3,TO ORDER,03/02/2025 08:00:00,AIS,POINT (8.96558 57.561197),273414440_0,0 days 00:01:00,1.3042082843068344e-06,61.074696849954194,0.0,0,6.949202394516151,57.561197,8.96558
2025-02-08 11:37:00,2025-02-08 11:37:00,Class A,273414440_0,57.562413,8.969377,Under way using engine,0.0,8.7,58.8,65.0,9179854,UGPS,ADLER,Cargo,0,20.0,127.0,Combined GPS/GLONASS,5.3,TO ORDER,03/02/2025 08:00:00,AIS,POINT (8.969377 57.562413),273414440_0,0 days 00:01:00,1.390332058663826e-07,59.15896904874012,0.0,0,6.945848627651052,57.562413,8.969377
2025-02-08 11:38:00,2025-02-08 11:38:00,Class A,273414440_0,57.56363,8.97316,Under way using engine,0.0,8.7,59.3,65.0,9179854,UGPS,ADLER,Cargo,0,20.0,127.0,Combined GPS/GLONASS,5.3,TO ORDER,03/02/2025 08:00:00,AIS,POINT (8.97316 57.56363),273414440_0,0 days 00:01:00,-1.8576861550859483e-07,59.044121575317774,0.0,0,6.94250931191799,57.56363,8.97316
2025-02-08 11:39:00,2025-02-08 11:39:00,Class A,273414440_0,57.564827,8.976967,Under way using engine,0.0,8.7,60.3,65.0,9179854,UGPS,ADLER,Cargo,0,20.0,127.0,Combined GPS/GLONASS,5.3,TO ORDER,03/02/2025 08:00:00,AIS,POINT (8.976967 57.564827),273414440_0,0 days 00:01:00,2.645657420355038e-08,59.61875151474146,0.0,0,6.939142301551828,57.564827,8.976967
2025-02-08 11:44:00,2025-02-08 11:44:00,Class A,273414440_0,57.571138,8.996062,Under way using engine,0.0,9.1,58.1,63.0,9179854,UGPS,ADLER,Cargo,0,20.0,127.0,Combined GPS/GLONASS,5.3,TO ORDER,03/02/2025 08:00:00,AIS,POINT (8.996062 57.571138),273414440_0,0 days 00:05:00,2.4065702729615147e-07,58.34760741806156,0.0,0,6.922344255400188,57.571138,8.996062
2025-02-08 11:45:00,2025-02-08 11:45:00,Class A,273414440_0,57.572437,8.99984,Under way using engine,0.0,8.7,58.1,63.0,9179854,UGPS,ADLER,Cargo,0,20.0,127.0,Combined GPS/GLONASS,5.3,TO ORDER,03/02/2025 08:00:00,AIS,POINT (8.99984 57.572437),273414440_0,0 days 00:01:00,2.221815024352862e-08,57.330864231178566,0.0,0,6.919035951242701,57.572437,8.99984
2025-02-08 11:46:00,2025-02-08 11:46:00,Class A,273414440_0,57.573707,9.003603,Under way using engine,0.0,8.6,57.9,62.0,9179854,UGPS,ADLER,Cargo,0,20.0,127.0,Combined GPS/GLONASS,5.3,TO ORDER,03/02/2025 08:00:00,AIS,POINT (9.003603 57.573707),273414440_0,0 days 00:01:00,-6.928326387510853e-07,57.81228641172669,0.0,0,6.915735272192682,57.573707,9.003603
2025-02-08 11:47:00,2025-02-08 11:47:00,Class A,273414440_0,57.57499,9.007377,Under way using engine,0.0,8.6,57.5,63.0,9179854,UGPS,ADLER,Cargo,0,20.0,127.0,Combined GPS/GLONASS,5.3,TO ORDER,03/02/2025 08:00:00,AIS,POINT (9.007377 57.57499),273414440_0,0 days 00:01:00,3.6729227708536446e-07,57.62342073384929,0.0,0,6.912428083533673,57.57499,9.007377
2025-02-08 11:48:00,2025-02-08 11:48:00,Class A,273414440_0,57.576287,9.011193,Under way using engine,0.0,8.4,57.8,63.0,9179854,UGPS,ADLER,Cargo,0,20.0,127.0,Combined GPS/GLONASS,5.3,TO ORDER,03/02/2025 08:00:00,AIS,POINT (9.011193 57.576287),273414440_0,0 days 00:01:00,8.195723982480785e-07,57.6280419570827,0.0,0,6.9090847457279025,57.576287,9.011193
2025-02-08 11:49:00,2025-02-08 11:49:00,Class A,273414440_0,57.57758,9.014937,Under way using engine,0.0,8.6,57.2,63.0,9179854,UGPS,ADLER,Cargo,0,20.0,127.0,Combined GPS/GLONASS,5.3,TO ORDER,03/02/2025 08:00:00,AIS,POINT (9.014937 57.57758),273414440_0,0 days 00:01:00,-1.0773062128854524e-06,57.21225976788912,0.0,0,6.905810571920214,57.57758,9.014937
2025-02-08 11:50:00,2025-02-08 11:50:00,Class A,273414440_0,57.578862,9.018703,Under way using engine,0.0,8.7,57.0,62.0,9179854,UGPS,ADLER,Cargo,0,20.0,127.0,Combined GPS/GLONASS,5.3,TO ORDER,03/02/2025 08:00:00,AIS,POINT (9.018703 57.578862),273414440_0,0 days 00:01:00,1.232470322978073e-07,57.58587574884757,0.0,0,6.902513001583191,57.578862,9.018703
2025-02-08 11:51:00,2025-02-08 11:51:00,Class A,273414440_0,57.58016,9.022448,Under way using engine,0.0,8.6,58.0,62.0,9179854,UGPS,ADLER,Cargo,0,20.0,127.0,Combined GPS/GLONASS,5.3,TO ORDER,03/02/2025 08:00:00,AIS,POINT (9.022448 57.58016),273414440_0,0 days 00:01:00,-2.9210432092918158e-08,57.11663592088178,0.0,0,6.899240616713117,57.58016,9.022448
2025-02-08 12:00:01,2025-02-08 12:00:01,Class A,273414440_0,57.591568,9.056392,Under way using engine,0.0,8.6,57.6,63.0,9179854,UGPS,ADLER,Cargo,0,20.0,127.0,Combined GPS/GLONASS,5.3,TO ORDER,03/02/2025 08:00:00,AIS,POINT (9.056392 57.591568),273414440_0,0 days 00:09:01,-3.088901776733559e-08,57.89880824117921,0.0,0,6.8695187002927645,57.591568,9.056392
2025-02-08 12:01:01,2025-02-08 12:01:01,Class A,273414440_0,57.592838,9.06006,Under way using engine,0.0,8.5,57.1,63.0,9179854,UGPS,ADLER,Cargo,0,20.0,127.0,Combined GPS/GLONASS,5.3,TO ORDER,03/02/2025 08:00:00,AIS,POINT (9.06006 57.592838),273414440_0,0 days 00:01:00,-1.284092045694627e-06,57.13452824327584,0.0,0,6.8663203265227875,57.592838,9.06006
2025-02-08 12:02:01,2025-02-08 12:02:01,Class A,273414440_0,57.59411,9.063765,Under way using engine,0.0,8.4,57.4,63.0,9179854,UGPS,ADLER,Cargo,0,20.0,127.0,Combined GPS/GLONASS,5.3,TO ORDER,03/02/2025 08:00:00,AIS,POINT (9.063765 57.59411),273414440_0,0 days 00:01:00,5.488401133321545e-07,57.354236172133824,0.0,0,6.863087526455786,57.59411,9.063765
2025-02-08 12:03:01,2025-02-08 12:03:01,Class A,273414440_0,57.59539,9.067478,Under way using engine,0.0,8.5,56.8,62.0,9179854,UGPS,ADLER,Cargo,0,20.0,127.0,Combined GPS/GLONASS,5.3,TO ORDER,03/02/2025 08:00:00,AIS,POINT (9.067478 57.59539),273414440_0,0 days 00:01:00,2.435959692028532e-07,57.24619579873672,0.0,0,6.859849862437517,57.59539,9.067478
2025-02-08 12:05:01,2025-02-08 12:05:01,Class A,273414440_0,57.59795,9.074855,Under way using engine,0.0,8.5,57.6,63.0,9179854,UGPS,ADLER,Cargo,0,20.0,127.0,Combined GPS/GLONASS,5.3,TO ORDER,03/02/2025 08:00:00,AIS,POINT (9.074855 57.59795),273414440_0,0 days 00:02:00,-1.7241731864277674e-07,57.07044556081672,0.0,0,6.853423915547103,57.59795,9.074855
2025-02-08 12:06:01,2025-02-08 12:06:01,Class A,273414440_0,57.599242,9.078542,Under way using engine,0.0,8.6,57.5,63.0,9179854,UGPS,ADLER,Cargo,0,20.0,127.0,Combined GPS/GLONASS,5.3,TO ORDER,03/02/2025 08:00:00,AIS,POINT (9.078542 57.599242),273414440_0,0 days 00:01:00,1.786088108472345e-07,56.81554430605996,0.0,0,6.8502166755757425,57.599242,9.078542
2025-02-08 12:07:00,2025-02-08 12:07:00,Class A,273414440_0,57.600533,9.082327,Under way using engine,0.0,8.6,56.8,63.0,9179854,UGPS,ADLER,Cargo,0,20.0,127.0,Combined GPS/GLONASS,5.3,TO ORDER,03/02/2025 08:00:00,AIS,POINT (9.082327 57.600533),273414440_0,0 days 00:00:59,2.65650810529765e-06,57.51948695785643,0.0,0,6.846915476291642,57.600533,9.082327
2025-02-08 12:08:00,2025-02-08 12:08:00,Class A,273414440_0,57.60185,9.085995,Under way using engine,0.0,8.8,57.1,62.0,9179854,UGPS,ADLER,Cargo,0,20.0,127.0,Combined GPS/GLONASS,5.3,TO ORDER,03/02/2025 08:00:00,AIS,POINT (9.085995 57.60185),273414440_0,0 days 00:01:00,-2.452785700571613e-06,56.17200727828731,0.0,0,6.843734708195006,57.60185,9.085995
2025-02-08 12:09:00,2025-02-08 12:09:00,Class A,273414440_0,57.603123,9.089707,Under way using engine,0.0,8.7,57.5,63.0,9179854,UGPS,ADLER,Cargo,0,20.0,127.0,Combined GPS/GLONASS,5.3,TO ORDER,03/02/2025 08:00:00,AIS,POINT (9.089707 57.603123),273414440_0,0 days 00:01:00,-1.3499821245000974e-07,57.3764502805671,0.0,0,6.8405004826987605,57.603123,9.089707
2025-02-08 12:10:00,2025-02-08 12:10:00,Class A,273414440_0,57.604483,9.093525,Under way using engine,0.0,8.8,56.8,62.0,9179854,UGPS,ADLER,Cargo,0,20.0,127.0,Combined GPS/GLONASS,5.3,TO ORDER,03/02/2025 08:00:00,AIS,POINT (9.093525 57.604483),273414440_0,0 days 00:01:00,2.9420214064367847e-06,56.380422634886145,0.0,0,6.837188270361582,57.604483,9.093525
2025-02-08 12:11:00,2025-02-08 12:11:00,Class A,273414440_0,57.605737,9.097288,Under way using engine,0.0,8.5,56.6,63.0,9179854,UGPS,ADLER,Cargo,No additional information,20.0,127.0,Combined GPS/GLONASS,5.3,TO ORDER,03/02/2025 08:00:00,AIS,POINT (9.097288 57.605737),273414440_0,0 days 00:01:00,-2.542359638358412e-06,58.116234375353315,0.0,0,6.833901295360139,57.605737,9.097288
2025-02-08 12:12:00,2025-02-08 12:12:00,Class A,273414440_0,57.6071,9.10104,Under way using engine,0.0,8.7,55.5,62.0,9179854,UGPS,ADLER,Cargo,No additional information,20.0,127.0,Combined GPS/GLONASS,5.3,TO ORDER,03/02/2025 08:00:00,AIS,POINT (9.10104 57.6071),273414440_0,0 days 00:01:00,1.6798090754041738e-06,55.85773951850712,0.0,0,6.830655007713976,57.6071,9.10104
2025-02-08 12:13:00,2025-02-08 12:13:00,Class A,273414440_0,57.608432,9.10473,Under way using engine,0.0,9.0,56.4,62.0,9179854,UGPS,ADLER,Cargo,No additional information,20.0,127.0,Combined GPS/GLONASS,5.3,TO ORDER,03/02/2025 08:00:00,AIS,POINT (9.10473 57.608432),273414440_0,0 days 00:01:00,-1.3917119786830493e-06,56.02542335488715,0.0,0,6.827460847249437,57.608432,9.10473
2025-02-08 12:14:00,2025-02-08 12:14:00,Class A,273414440_0,57.609788,9.10851,Under way using engine,0.0,8.9,56.0,63.0,9179854,UGPS,ADLER,Cargo,No additional information,20.0,127.0,Combined GPS/GLONASS,5.3,TO ORDER,03/02/2025 08:00:00,AIS,POINT (9.10851 57.609788),273414440_0,0 days 00:01:00,1.6528340900572267e-06,56.189892156148346,0.0,0,6.824187275831459,57.609788,9.10851
2025-02-08 12:15:00,2025-02-08 12:15:00,Class A,273414440_0,57.611113,9.11223,Under way using engine,0.0,9.0,56.4,62.0,9179854,UGPS,ADLER,Cargo,No additional information,20.0,127.0,Combined GPS/GLONASS,5.3,TO ORDER,03/02/2025 08:00:00,AIS,POINT (9.11223 57.611113),273414440_0,0 days 00:01:00,-1.3626897990075617e-06,56.37746064105312,0.0,0,6.820963877475456,57.611113,9.11223
2025-02-08 12:16:00,2025-02-08 12:16:00,Class A,273414440_0,57.612468,9.11593,Under way using engine,0.0,8.8,56.7,63.0,9179854,UGPS,ADLER,Cargo,No additional information,20.0,127.0,Combined GPS/GLONASS,5.3,TO ORDER,03/02/2025 08:00:00,AIS,POINT (9.11593 57.612468),273414440_0,0 days 00:01:00,2.407961813701877e-07,55.638733331125366,0.0,0,6.817768618533485,57.612468,9.11593
2025-02-08 12:17:00,2025-02-08 12:17:00,Class A,273414440_0,57.613818,9.119662,Under way using engine,0.0,8.6,56.1,63.0,9179854,UGPS,ADLER,Cargo,No additional information,20.0,127.0,Combined GPS/GLONASS,5.3,TO ORDER,03/02/2025 08:00:00,AIS,POINT (9.119662 57.613818),273414440_0,0 days 00:01:00,3.509976248719515e-07,55.9655556474367,0.0,0,6.814541982615706,57.613818,9.119662
2025-02-08 12:18:00,2025-02-08 12:18:00,Class A,273414440_0,57.615127,9.123377,Under way using engine,0.0,8.8,55.9,62.0,9179854,UGPS,ADLER,Cargo,No additional information,20.0,127.0,Combined GPS/GLONASS,5.3,TO ORDER,03/02/2025 08:00:00,AIS,POINT (9.123377 57.615127),273414440_0,0 days 00:01:00,-9.394386928902356e-07,56.659365897676025,0.0,0,6.811321363793225,57.615127,9.123377
2025-02-08 12:34:00,2025-02-08 12:34:00,Class A,273414440_0,57.637038,9.183848,Under way using engine,0.0,8.7,56.0,63.0,9179854,UGPS,ADLER,Cargo,No additional information,20.0,127.0,Combined GPS/GLONASS,5.3,TO ORDER,03/02/2025 08:00:00,AIS,POINT (9.183848 57.637038),273414440_0,0 days 00:16:00,1.193874991400172e-07,55.88787920656904,0.0,0,6.7591717110512874,57.637038,9.183848
2025-02-08 12:35:00,2025-02-08 12:35:00,Class A,273414440_0,57.638422,9.187605,Under way using engine,0.0,8.7,55.2,62.0,9179854,UGPS,ADLER,Cargo,No additional information,20.0,127.0,Combined GPS/GLONASS,5.3,TO ORDER,03/02/2025 08:00:00,AIS,POINT (9.187605 57.638422),273414440_0,0 days 00:01:00,-7.060651743172446e-08,55.46224738525598,0.0,0,6.755944917185826,57.638422,9.187605
2025-02-08 12:36:00,2025-02-08 12:36:00,Class A,273414440_0,57.639818,9.191393,Under way using engine,0.0,8.7,55.7,63.0,9179854,UGPS,ADLER,Cargo,No additional information,20.0,127.0,Combined GPS/GLONASS,5.3,TO ORDER,03/02/2025 08:00:00,AIS,POINT (9.191393 57.639818),273414440_0,0 days 00:01:00,6.321693806165835e-07,55.45008451679962,0.0,0,6.752692501510859,57.639818,9.191393
2025-02-08 12:37:00,2025-02-08 12:37:00,Class A,273414440_0,57.641238,9.195155,Under way using engine,0.0,9.0,55.4,63.0,9179854,UGPS,ADLER,Cargo,No additional information,20.0,127.0,Combined GPS/GLONASS,5.3,TO ORDER,03/02/2025 08:00:00,AIS,POINT (9.195155 57.641238),273414440_0,0 days 00:01:00,6.783225839539567e-08,54.8058477818264,0.0,0,6.749472576729608,57.641238,9.195155
2025-02-08 12:38:00,2025-02-08 12:38:00,Class A,273414440_0,57.6426,9.198953,Under way using engine,0.0,9.0,55.4,63.0,9179854,UGPS,ADLER,Cargo,No additional information,20.0,127.0,Combined GPS/GLONASS,5.3,TO ORDER,03/02/2025 08:00:00,AIS,POINT (9.198953 57.6426),273414440_0,0 days 00:01:00,-5.247471838016899e-07,56.17484643816101,0.0,0,6.746202801181492,57.6426,9.198953
2025-02-08 12:39:00,2025-02-08 12:39:00,Class A,273414440_0,57.643975,9.202772,Under way using engine,0.0,8.8,56.7,63.0,9179854,UGPS,ADLER,Cargo,No additional information,20.0,127.0,Combined GPS/GLONASS,5.3,TO ORDER,03/02/2025 08:00:00,AIS,POINT (9.202772 57.643975),273414440_0,0 days 00:01:00,5.113129261800359e-07,56.068159790201776,0.0,0,6.742917304909277,57.643975,9.202772
2025-02-08 12:40:00,2025-02-08 12:40:00,Class A,273414440_0,57.645337,9.206647,Under way using engine,0.0,9.0,55.8,62.0,9179854,UGPS,ADLER,Cargo,No additional information,20.0,127.0,Combined GPS/GLONASS,5.3,TO ORDER,03/02/2025 08:00:00,AIS,POINT (9.206647 57.645337),273414440_0,0 days 00:01:00,5.497617671748669e-07,56.70256459300401,0.0,0,6.7395752475824455,57.645337,9.206647
2025-02-08 12:41:00,2025-02-08 12:41:00,Class A,273414440_0,57.646692,9.210443,Under way using engine,0.0,9.0,55.4,62.0,9179854,UGPS,ADLER,Cargo,No additional information,20.0,127.0,Combined GPS/GLONASS,5.3,TO ORDER,03/02/2025 08:00:00,AIS,POINT (9.210443 57.646692),273414440_0,0 days 00:01:00,-1.2147519766000897e-06,56.29432259354735,0.0,0,6.73630794255466,57.646692,9.210443
2025-02-08 12:42:00,2025-02-08 12:42:00,Class A,273414440_0,57.6481,9.214327,Under way using engine,0.0,9.0,56.2,63.0,9179854,UGPS,ADLER,Cargo,No additional information,20.0,127.0,Combined GPS/GLONASS,5.3,TO ORDER,03/02/2025 08:00:00,AIS,POINT (9.214327 57.6481),273414440_0,0 days 00:01:00,2.123661363314921e-06,55.88339527020389,0.0,0,6.732971783609744,57.6481,9.214327
2025-02-08 12:43:00,2025-02-08 12:43:00,Class A,273414440_0,57.649472,9.218122,Under way using engine,0.0,8.9,56.4,63.0,9179854,UGPS,ADLER,Cargo,No additional information,20.0,127.0,Combined GPS/GLONASS,5.3,TO ORDER,03/02/2025 08:00:00,AIS,POINT (9.218122 57.649472),273414440_0,0 days 00:01:00,-1.8486747825754007e-06,55.95473225925434,0.0,0,6.729711877894626,57.649472,9.218122
2025-02-08 12:44:00,2025-02-08 12:44:00,Class A,273414440_0,57.650862,9.22192,Under way using engine,0.0,8.8,56.7,62.0,9179854,UGPS,ADLER,Cargo,No additional information,20.0,127.0,Combined GPS/GLONASS,5.3,TO ORDER,03/02/2025 08:00:00,AIS,POINT (9.22192 57.650862),273414440_0,0 days 00:01:00,3.518488166603303e-07,55.62755367531054,0.0,0,6.726454976292042,57.650862,9.22192
2025-02-08 12:45:00,2025-02-08 12:45:00,Class A,273414440_0,57.65222,9.22585,Under way using engine,0.0,9.3,55.8,63.0,9179854,UGPS,ADLER,Cargo,No additional information,20.0,127.0,Combined GPS/GLONASS,5.3,TO ORDER,03/02/2025 08:00:00,AIS,POINT (9.22585 57.65222),273414440_0,0 days 00:01:00,1.2751053626411843e-06,57.143907568960685,0.0,0,6.723063253165777,57.65222,9.22585
2025-02-08 12:46:00,2025-02-08 12:46:00,Class A,273414440_0,57.653612,9.229652,Under way using engine,0.0,9.0,56.5,63.0,9179854,UGPS,ADLER,Cargo,No additional information,20.0,127.0,Combined GPS/GLONASS,5.3,TO ORDER,03/02/2025 08:00:00,AIS,POINT (9.229652 57.653612),273414440_0,0 days 00:01:00,-1.1893532055976912e-06,55.61524456920904,0.0,0,6.719804788103298,57.653612,9.229652
2025-02-08 12:47:00,2025-02-08 12:47:00,Class A,273414440_0,57.654962,9.233642,Under way using engine,0.0,8.9,56.8,62.0,9179854,UGPS,ADLER,Cargo,No additional information,20.0,127.0,Combined GPS/GLONASS,5.3,TO ORDER,03/02/2025 08:00:00,AIS,POINT (9.233642 57.654962),273414440_0,0 days 00:01:00,1.891031654398838e-06,57.6894315758276,0.0,0,6.716354958363651,57.654962,9.233642
2025-02-08 12:48:00,2025-02-08 12:48:00,Class A,273414440_0,57.656357,9.237412,Under way using engine,0.0,8.9,55.1,62.0,9179854,UGPS,ADLER,Cargo,No additional information,20.0,127.0,Combined GPS/GLONASS,5.3,TO ORDER,03/02/2025 08:00:00,AIS,POINT (9.237412 57.656357),273414440_0,0 days 00:01:00,-2.2798768150721937e-06,55.32950342178282,0.0,0,6.713129768999031,57.656357,9.237412
2025-02-08 12:49:00,2025-02-08 12:49:00,Class A,273414440_0,57.657753,9.24141,Under way using engine,0.0,9.8,56.7,63.0,9179854,UGPS,ADLER,Cargo,No additional information,20.0,127.0,Combined GPS/GLONASS,5.3,TO ORDER,03/02/2025 08:00:00,AIS,POINT (9.24141 57.657753),273414440_0,0 days 00:01:00,3.1555215171400325e-06,56.86662346162683,0.0,0,6.709686965322971,57.657753,9.24141
2025-02-08 12:50:00,2025-02-08 12:50:00,Class A,273414440_0,57.659112,9.245238,Under way using engine,0.0,8.9,56.7,62.0,9179854,UGPS,ADLER,Cargo,No additional information,20.0,127.0,Combined GPS/GLONASS,5.3,TO ORDER,03/02/2025 08:00:00,AIS,POINT (9.245238 57.659112),273414440_0,0 days 00:01:00,-2.9866373566318424e-06,56.429193364077946,0.0,0,6.706397714130887,57.659112,9.245238
2025-02-08 12:51:00,2025-02-08 12:51:00,Class A,273414440_0,57.660535,9.249182,Under way using engine,0.0,9.2,57.3,62.0,9179854,UGPS,ADLER,Cargo,No additional information,20.0,127.0,Combined GPS/GLONASS,5.3,TO ORDER,03/02/2025 08:00:00,AIS,POINT (9.249182 57.660535),273414440_0,0 days 00:01:00,2.6970973485778972e-06,56.00007796324769,0.0,0,6.7030161231929775,57.660535,9.249182
2025-02-08 12:52:00,2025-02-08 12:52:00,Class A,273414440_0,57.6619,9.253107,Under way using engine,0.0,8.8,56.8,63.0,9179854,UGPS,ADLER,Cargo,No additional information,20.0,127.0,Combined GPS/GLONASS,5.3,TO ORDER,03/02/2025 08:00:00,AIS,POINT (9.253107 57.6619),273414440_0,0 days 00:01:00,-1.254328347452856e-06,56.969214376816694,0.0,0,6.699637262816921,57.6619,9.253107
2025-02-08 12:58:00,2025-02-08 12:58:00,Class A,273414440_0,57.670138,9.276642,Under way using engine,0.0,8.8,57.0,63.0,9179854,UGPS,ADLER,Cargo,No additional information,20.0,127.0,Combined GPS/GLONASS,5.3,TO ORDER,03/02/2025 08:00:00,AIS,POINT (9.276642 57.670138),273414440_0,0 days 00:06:00,1.55181156405193e-08,56.787544682200576,0.0,0,6.679410558493316,57.670138,9.276642
2025-02-08 12:59:00,2025-02-08 12:59:00,Class A,273414440_0,57.671517,9.280558,Under way using engine,0.0,9.0,56.5,63.0,9179854,UGPS,ADLER,Cargo,No additional information,20.0,127.0,Combined GPS/GLONASS,5.3,TO ORDER,03/02/2025 08:00:00,AIS,POINT (9.280558 57.671517),273414440_0,0 days 00:01:00,4.42395638743503e-09,56.63413886728347,0.0,0,6.676050479709168,57.671517,9.280558
2025-02-08 13:00:00,2025-02-08 13:00:00,Class A,273414440_0,57.672907,9.28451,Under way using engine,0.0,9.2,56.7,62.0,9179854,UGPS,ADLER,Cargo,No additional information,20.0,127.0,Combined GPS/GLONASS,5.3,TO ORDER,03/02/2025 08:00:00,AIS,POINT (9.28451 57.672907),273414440_0,0 days 00:01:00,6.835180697943039e-07,56.66484775519234,0.0,0,6.672659935825369,57.672907,9.28451
2025-02-08 13:01:00,2025-02-08 13:01:00,Class A,273414440_0,57.674277,9.288418,Under way using engine,0.0,9.1,56.5,63.0,9179854,UGPS,ADLER,Cargo,No additional information,20.0,127.0,Combined GPS/GLONASS,5.3,TO ORDER,03/02/2025 08:00:00,AIS,POINT (9.288418 57.674277),273414440_0,0 days 00:01:00,-9.512060679701863e-07,56.75053634682837,0.0,0,6.669306739356421,57.674277,9.288418
2025-02-08 13:02:00,2025-02-08 13:02:00,Class A,273414440_0,57.675628,9.29228,Under way using engine,0.0,9.1,56.3,62.0,9179854,UGPS,ADLER,Cargo,No additional information,20.0,127.0,Combined GPS/GLONASS,5.3,TO ORDER,03/02/2025 08:00:00,AIS,POINT (9.29228 57.675628),273414440_0,0 days 00:01:00,-9.6180883410661e-07,56.80537634129479,0.0,0,6.665993059573346,57.675628,9.29228
2025-02-08 13:03:00,2025-02-08 13:03:00,Class A,273414440_0,57.677037,9.29628,Under way using engine,0.0,9.2,57.2,63.0,9179854,UGPS,ADLER,Cargo,No additional information,20.0,127.0,Combined GPS/GLONASS,5.3,TO ORDER,03/02/2025 08:00:00,AIS,POINT (9.29628 57.677037),273414440_0,0 days 00:01:00,2.894456187072898e-06,56.62226405890476,0.0,0,6.662564673093162,57.677037,9.29628
2025-02-08 13:18:01,2025-02-08 13:18:01,Class A,273414440_0,57.697967,9.355458,Under way using engine,0.0,9.3,56.3,62.0,9179854,UGPS,ADLER,Cargo,No additional information,20.0,127.0,Combined GPS/GLONASS,5.3,TO ORDER,03/02/2025 08:00:00,AIS,POINT (9.355458 57.697967),273414440_0,0 days 00:15:01,-7.290064828758703e-08,56.48419414711242,0.0,0,6.6119782219563445,57.697967,9.355458
2025-02-08 13:19:01,2025-02-08 13:19:01,Class A,273414440_0,57.699377,9.35941,Under way using engine,0.0,9.1,56.7,63.0,9179854,UGPS,ADLER,Cargo,No additional information,20.0,127.0,Combined GPS/GLONASS,5.3,TO ORDER,03/02/2025 08:00:00,AIS,POINT (9.35941 57.699377),273414440_0,0 days 00:01:00,4.1491528727054017e-07,56.268685158737185,0.0,0,6.608611009884678,57.699377,9.35941
2025-02-08 13:20:01,2025-02-08 13:20:01,Class A,273414440_0,57.700765,9.363405,Under way using engine,0.0,9.2,55.1,62.0,9179854,UGPS,ADLER,Cargo,No additional information,20.0,127.0,Combined GPS/GLONASS,5.3,TO ORDER,03/02/2025 08:00:00,AIS,POINT (9.363405 57.700765),273414440_0,0 days 00:01:00,2.1899232349884117e-07,56.96645874549125,0.0,0,6.60519718918807,57.700765,9.363405
2025-02-08 13:21:01,2025-02-08 13:21:01,Class A,273414440_0,57.702237,9.367298,Under way using engine,0.0,9.0,54.5,62.0,9179854,UGPS,ADLER,Cargo,0,20.0,127.0,Combined GPS/GLONASS,5.3,TO ORDER,03/02/2025 08:00:00,AIS,POINT (9.367298 57.702237),273414440_0,0 days 00:01:00,5.6290439554351175e-08,54.71352135321223,0.0,0,6.601906459926934,57.702237,9.367298
2025-02-08 13:22:01,2025-02-08 13:22:01,Class A,273414440_0,57.703728,9.371208,Under way using engine,0.0,9.7,54.2,63.0,9179854,UGPS,ADLER,Cargo,0,20.0,127.0,Combined GPS/GLONASS,5.3,TO ORDER,03/02/2025 08:00:00,AIS,POINT (9.371208 57.703728),273414440_0,0 days 00:01:00,5.675703683991843e-07,54.48331970328144,0.0,0,6.598606042343791,57.703728,9.371208
2025-02-08 13:23:01,2025-02-08 13:23:01,Class A,273414440_0,57.705257,9.375133,Under way using engine,0.0,9.0,53.7,63.0,9179854,UGPS,ADLER,Cargo,No additional information,20.0,127.0,Combined GPS/GLONASS,5.3,TO ORDER,03/02/2025 08:00:00,AIS,POINT (9.375133 57.705257),273414440_0,0 days 00:01:00,8.863273449359089e-07,53.902119343437505,0.0,0,6.595303462256306,57.705257,9.375133
2025-02-08 13:24:01,2025-02-08 13:24:01,Class A,273414440_0,57.706792,9.379123,Under way using engine,0.0,9.6,53.3,63.0,9179854,UGPS,ADLER,Cargo,No additional information,20.0,127.0,Combined GPS/GLONASS,5.3,TO ORDER,03/02/2025 08:00:00,AIS,POINT (9.379123 57.706792),273414440_0,0 days 00:01:00,9.787851547816452e-07,54.24145429972714,0.0,0,6.591941565314805,57.706792,9.379123
2025-02-08 13:25:01,2025-02-08 13:25:01,Class A,273414440_0,57.70836,9.383053,Under way using engine,0.0,9.8,54.2,62.0,9179854,UGPS,ADLER,Cargo,No additional information,20.0,127.0,Combined GPS/GLONASS,5.3,TO ORDER,03/02/2025 08:00:00,AIS,POINT (9.383053 57.70836),273414440_0,0 days 00:01:00,-2.010316600620637e-07,53.24518375978698,0.0,0,6.5886477880540095,57.70836,9.383053
2025-02-08 13:49:00,2025-02-08 13:49:00,Class A,273414440_0,57.745173,9.480882,Under way using engine,0.0,9.7,54.9,62.0,9179854,UGPS,ADLER,Cargo,No additional information,20.0,127.0,Combined GPS/GLONASS,5.3,TO ORDER,03/02/2025 08:00:00,AIS,POINT (9.480882 57.745173),273414440_0,0 days 00:23:59,5.713659851713748e-08,54.78488585376516,0.0,0,6.506330373042627,57.745173,9.480882
2025-02-08 13:50:00,2025-02-08 13:50:00,Class A,273414440_0,57.746715,9.485003,Under way using engine,0.0,9.6,54.9,63.0,9179854,UGPS,ADLER,Cargo,No additional information,20.0,127.0,Combined GPS/GLONASS,5.3,TO ORDER,03/02/2025 08:00:00,AIS,POINT (9.485003 57.746715),273414440_0,0 days 00:01:00,6.644766416526258e-07,54.96238294025977,0.0,0,6.50287413876618,57.746715,9.485003
2025-02-08 13:51:00,2025-02-08 13:51:00,Class A,273414440_0,57.748228,9.489173,Under way using engine,0.0,9.6,55.7,63.0,9179854,UGPS,ADLER,Cargo,No additional information,20.0,127.0,Combined GPS/GLONASS,5.3,TO ORDER,03/02/2025 08:00:00,AIS,POINT (9.489173 57.748228),273414440_0,0 days 00:01:00,1.5593595726265282e-07,55.786463592256894,0.0,0,6.499363535961117,57.748228,9.489173
2025-02-08 13:52:00,2025-02-08 13:52:00,Class A,273414440_0,57.74974,9.493292,Under way using engine,0.0,9.9,56.1,63.0,9179854,UGPS,ADLER,Cargo,No additional information,20.0,127.0,Combined GPS/GLONASS,5.3,TO ORDER,03/02/2025 08:00:00,AIS,POINT (9.493292 57.74974),273414440_0,0 days 00:01:00,-7.165500018192598e-07,55.47449290682664,0.0,0,6.495902324490418,57.74974,9.493292
2025-02-08 13:53:00,2025-02-08 13:53:00,Class A,273414440_0,57.75123,9.497445,Under way using engine,0.0,9.3,55.6,62.0,9179854,UGPS,ADLER,Cargo,No additional information,20.0,127.0,Combined GPS/GLONASS,5.3,TO ORDER,03/02/2025 08:00:00,AIS,POINT (9.497445 57.75123),273414440_0,0 days 00:01:00,8.070688251804574e-08,56.08289550405681,0.0,0,6.492403135144412,57.75123,9.497445
2025-02-08 13:55:00,2025-02-08 13:55:00,Class A,273414440_0,57.754318,9.505772,Under way using engine,0.0,9.6,55.8,63.0,9179854,UGPS,ADLER,Cargo,No additional information,20.0,127.0,Combined GPS/GLONASS,5.3,TO ORDER,03/02/2025 08:00:00,AIS,POINT (9.505772 57.754318),273414440_0,0 days 00:02:00,5.40742595105122e-07,55.1965838372073,0.0,0,6.485421212613101,57.754318,9.505772
2025-02-08 13:56:00,2025-02-08 13:56:00,Class A,273414440_0,57.755813,9.509945,Under way using engine,0.0,9.7,54.9,62.0,9179854,UGPS,ADLER,Cargo,No additional information,20.0,127.0,Combined GPS/GLONASS,5.3,TO ORDER,03/02/2025 08:00:00,AIS,POINT (9.509945 57.755813),273414440_0,0 days 00:01:00,-7.278230507239917e-07,56.11809493630443,0.0,0,6.481907913431817,57.755813,9.509945
2025-02-08 14:10:01,2025-02-08 14:10:01,Class A,273414440_0,57.776873,9.568645,Under way using engine,0.0,9.8,56.2,63.0,9179854,UGPS,ADLER,Cargo,No additional information,20.0,127.0,Combined GPS/GLONASS,5.3,TO ORDER,03/02/2025 08:00:00,AIS,POINT (9.568645 57.776873),273414440_0,0 days 00:14:01,2.251462344775751e-08,56.048433881907954,0.0,0,6.432617528326241,57.776873,9.568645
2025-02-08 14:11:01,2025-02-08 14:11:01,Class A,273414440_0,57.778382,9.572828,Under way using engine,0.0,9.7,55.7,62.0,9179854,UGPS,ADLER,Cargo,No additional information,20.0,127.0,Combined GPS/GLONASS,5.3,TO ORDER,03/02/2025 08:00:00,AIS,POINT (9.572828 57.778382),273414440_0,0 days 00:01:00,2.7721792259163592e-08,55.91755157872586,0.0,0,6.429116311694789,57.778382,9.572828
2025-02-08 14:12:01,2025-02-08 14:12:01,Class A,273414440_0,57.779887,9.57703,Under way using engine,0.0,9.7,55.7,63.0,9179854,UGPS,ADLER,Cargo,No additional information,20.0,127.0,Combined GPS/GLONASS,5.3,TO ORDER,03/02/2025 08:00:00,AIS,POINT (9.57703 57.779887),273414440_0,0 days 00:01:00,1.8905914566228788e-07,56.10727519674356,0.0,0,6.425596968270652,57.779887,9.57703
2025-02-08 14:13:01,2025-02-08 14:13:01,Class A,273414440_0,57.781408,9.581218,Under way using engine,0.0,9.8,55.3,62.0,9179854,UGPS,ADLER,Cargo,No additional information,20.0,127.0,Combined GPS/GLONASS,5.3,TO ORDER,03/02/2025 08:00:00,AIS,POINT (9.581218 57.781408),273414440_0,0 days 00:01:00,8.282744871950081e-08,55.73623324894419,0.0,0,6.422097111576249,57.781408,9.581218
2025-02-08 14:14:01,2025-02-08 14:14:01,Class A,273414440_0,57.782912,9.585313,Under way using engine,0.0,9.8,56.1,63.0,9179854,UGPS,ADLER,Cargo,No additional information,20.0,127.0,Combined GPS/GLONASS,5.3,TO ORDER,03/02/2025 08:00:00,AIS,POINT (9.585313 57.782912),273414440_0,0 days 00:01:00,-1.5679030192519272e-06,55.43551475878331,0.0,0,6.418681389641101,57.782912,9.585313
2025-02-08 14:15:01,2025-02-08 14:15:01,Class A,273414440_0,57.784453,9.589583,Under way using engine,0.0,9.7,58.2,66.0,9179854,UGPS,ADLER,Cargo,No additional information,20.0,127.0,Combined GPS/GLONASS,5.3,TO ORDER,03/02/2025 08:00:00,AIS,POINT (9.589583 57.784453),273414440_0,0 days 00:01:00,3.031926833714895e-06,55.902437207752484,0.0,0,6.415112339351977,57.784453,9.589583
2025-02-08 14:16:01,2025-02-08 14:16:01,Class A,273414440_0,57.785762,9.593895,Under way using engine,0.0,9.5,59.7,66.0,9179854,UGPS,ADLER,Cargo,No additional information,20.0,127.0,Combined GPS/GLONASS,5.3,TO ORDER,03/02/2025 08:00:00,AIS,POINT (9.593895 57.785762),273414440_0,0 days 00:01:00,-3.2003219115762925e-06,60.33884290346373,0.0,0,6.411431578096189,57.785762,9.593895
2025-02-08 14:17:01,2025-02-08 14:17:01,Class A,273414440_0,57.78711,9.59824,Under way using engine,0.0,9.7,59.8,67.0,9179854,UGPS,ADLER,Cargo,No additional information,20.0,127.0,Combined GPS/GLONASS,5.3,TO ORDER,03/02/2025 08:00:00,AIS,POINT (9.59824 57.78711),273414440_0,0 days 00:01:00,1.0716462195644628e-06,59.79947258870777,0.0,0,6.407732854455465,57.78711,9.59824
2025-02-08 14:18:00,2025-02-08 14:18:00,Class A,273414440_0,57.788403,9.602583,Under way using engine,0.0,9.4,63.6,71.0,9179854,UGPS,ADLER,Cargo,No additional information,20.0,127.0,Combined GPS/GLONASS,5.3,TO ORDER,03/02/2025 08:00:00,AIS,POINT (9.602583 57.788403),273414440_0,0 days 00:00:59,5.286367355823465e-07,60.81414175053288,0.0,0,6.404019757769804,57.788403,9.602583
2025-02-08 14:19:00,2025-02-08 14:19:00,Class A,273414440_0,57.789552,9.607067,Under way using engine,0.0,9.5,65.0,72.0,9179854,UGPS,ADLER,Cargo,No additional information,20.0,127.0,Combined GPS/GLONASS,5.3,TO ORDER,03/02/2025 08:00:00,AIS,POINT (9.607067 57.789552),273414440_0,0 days 00:01:00,-1.3751272573015732e-06,64.32341359260568,0.0,0,6.400128424091268,57.789552,9.607067
2025-02-08 14:20:00,2025-02-08 14:20:00,Class A,273414440_0,57.790662,9.61158,Under way using engine,0.0,9.6,65.5,72.0,9179854,UGPS,ADLER,Cargo,No additional information,20.0,127.0,Combined GPS/GLONASS,5.3,TO ORDER,03/02/2025 08:00:00,AIS,POINT (9.61158 57.790662),273414440_0,0 days 00:01:00,-8.18407535879695e-08,65.22775343940566,0.0,0,6.396198220562273,57.790662,9.61158
2025-02-08 14:21:00,2025-02-08 14:21:00,Class A,273414440_0,57.791745,9.616115,Under way using engine,0.0,9.6,65.1,72.0,9179854,UGPS,ADLER,Cargo,No additional information,20.0,127.0,Combined GPS/GLONASS,5.3,TO ORDER,03/02/2025 08:00:00,AIS,POINT (9.616115 57.791745),273414440_0,0 days 00:01:00,-1.6296048955264168e-08,65.86368835101263,0.0,0,6.3922395581187335,57.791745,9.616115
2025-02-08 14:22:00,2025-02-08 14:22:00,Class A,273414440_0,57.792692,9.620733,Under way using engine,0.0,9.3,77.4,86.0,9179854,UGPS,ADLER,Cargo,No additional information,20.0,127.0,Combined GPS/GLONASS,5.3,TO ORDER,03/02/2025 08:00:00,AIS,POINT (9.620733 57.792692),273414440_0,0 days 00:01:00,-3.492280138306265e-07,68.95393214757604,0.0,0,6.388159991666224,57.792692,9.620733
2025-02-08 14:23:00,2025-02-08 14:23:00,Class A,273414440_0,57.793082,9.625447,Under way using engine,0.0,9.4,82.3,87.0,9179854,UGPS,ADLER,Cargo,No additional information,20.0,127.0,Combined GPS/GLONASS,5.3,TO ORDER,03/02/2025 08:00:00,AIS,POINT (9.625447 57.793082),273414440_0,0 days 00:01:00,-2.9182725801083e-06,81.17465663505408,0.0,0,6.383813411120425,57.793082,9.625447
2025-02-08 14:24:00,2025-02-08 14:24:00,Class A,273414440_0,57.793373,9.630173,Under way using engine,0.0,8.9,84.4,90.0,9179854,UGPS,ADLER,Cargo,No additional information,20.0,127.0,Combined GPS/GLONASS,5.3,TO ORDER,03/02/2025 08:00:00,AIS,POINT (9.630173 57.793373),273414440_0,0 days 00:01:00,-2.142639218764263e-07,83.407886657306,0.0,0,6.379424541033933,57.793373,9.630173
2025-02-08 14:25:00,2025-02-08 14:25:00,Class A,273414440_0,57.793598,9.634888,Under way using engine,0.0,9.3,85.4,90.0,9179854,UGPS,ADLER,Cargo,No additional information,20.0,127.0,Combined GPS/GLONASS,5.3,TO ORDER,03/02/2025 08:00:00,AIS,POINT (9.634888 57.793598),273414440_0,0 days 00:01:00,-3.892016430152364e-07,84.88163281308732,0.0,0,6.375025607148258,57.793598,9.634888
2025-02-08 14:26:00,2025-02-08 14:26:00,Class A,273414440_0,57.793725,9.639618,Under way using engine,0.0,9.4,88.1,94.0,9179854,UGPS,ADLER,Cargo,No additional information,20.0,127.0,Combined GPS/GLONASS,5.3,TO ORDER,03/02/2025 08:00:00,AIS,POINT (9.639618 57.793725),273414440_0,0 days 00:01:00,3.5730734591609784e-08,87.1139969924651,0.0,0,6.370581725256258,57.793725,9.639618
2025-02-08 14:27:00,2025-02-08 14:27:00,Class A,273414440_0,57.793785,9.64443,Under way using engine,0.0,9.4,88.5,93.0,9179854,UGPS,ADLER,Cargo,No additional information,20.0,127.0,Combined GPS/GLONASS,5.3,TO ORDER,03/02/2025 08:00:00,AIS,POINT (9.64443 57.793785),273414440_0,0 days 00:01:00,1.2774010515064632e-06,88.65777071097921,0.0,0,6.3660391899165205,57.793785,9.64443
2025-02-08 14:29:00,2025-02-08 14:29:00,Class A,273414440_0,57.794065,9.654085,Under way using engine,0.0,9.2,86.7,92.0,9179854,UGPS,ADLER,Cargo,No additional information,20.0,127.0,Combined GPS/GLONASS,5.3,TO ORDER,03/02/2025 08:00:00,AIS,POINT (9.654085 57.794065),273414440_0,0 days 00:02:00,1.7577223234673324e-07,86.8813258057545,0.0,0,6.3569769634455975,57.794065,9.654085
2025-02-08 14:30:00,2025-02-08 14:30:00,Class A,273414440_0,57.794217,9.658873,Under way using engine,0.0,9.2,87.2,92.0,9179854,UGPS,ADLER,Cargo,No additional information,20.0,127.0,Combined GPS/GLONASS,5.3,TO ORDER,03/02/2025 08:00:00,AIS,POINT (9.658873 57.794217),273414440_0,0 days 00:01:00,-6.308803845469218e-07,86.58916792751569,0.0,0,6.352487773829243,57.794217,9.658873
2025-02-08 14:31:00,2025-02-08 14:31:00,Class A,273414440_0,57.794377,9.66361,Under way using engine,0.0,9.4,85.9,91.0,9179854,UGPS,ADLER,Cargo,No additional information,20.0,127.0,Combined GPS/GLONASS,5.3,TO ORDER,03/02/2025 08:00:00,AIS,POINT (9.66361 57.794377),273414440_0,0 days 00:01:00,-8.261188002084968e-07,86.37169554214802,0.0,0,6.348049907709373,57.794377,9.66361
2025-02-08 14:46:00,2025-02-08 14:46:00,Class A,273414440_0,57.79527,9.735403,Under way using engine,0.0,9.1,88.0,93.0,9179854,UGPS,ADLER,Cargo,No additional information,20.0,127.0,Combined GPS/GLONASS,5.3,TO ORDER,03/02/2025 08:00:00,AIS,POINT (9.735403 57.79527),273414440_0,0 days 00:15:00,4.511166801308647e-08,88.63264789402194,0.0,0,6.280349448596711,57.79527,9.735403
2025-02-08 14:47:00,2025-02-08 14:47:00,Class A,273414440_0,57.795323,9.740102,Under way using engine,0.0,9.3,88.2,93.0,9179854,UGPS,ADLER,Cargo,No additional information,20.0,127.0,Combined GPS/GLONASS,5.3,TO ORDER,03/02/2025 08:00:00,AIS,POINT (9.740102 57.795323),273414440_0,0 days 00:01:00,-1.4456579530008837e-06,88.78561390471981,0.0,0,6.275919728480998,57.795323,9.740102
2025-02-08 14:48:00,2025-02-08 14:48:00,Class A,273414440_0,57.79538,9.744832,Under way using engine,0.0,9.2,89.3,93.0,9179854,UGPS,ADLER,Cargo,No additional information,20.0,127.0,Combined GPS/GLONASS,5.3,TO ORDER,03/02/2025 08:00:00,AIS,POINT (9.744832 57.79538),273414440_0,0 days 00:01:00,5.145641372609194e-07,88.70267007647647,0.0,0,6.27146236215127,57.79538,9.744832
2025-02-08 14:49:00,2025-02-08 14:49:00,Class A,273414440_0,57.7954,9.749583,Under way using engine,0.0,9.4,90.0,93.0,9179854,UGPS,ADLER,Cargo,No additional information,20.0,127.0,Combined GPS/GLONASS,5.3,TO ORDER,03/02/2025 08:00:00,AIS,POINT (9.749583 57.7954),273414440_0,0 days 00:01:00,3.2936657047939396e-07,89.54542941775424,0.0,0,6.266973547707777,57.7954,9.749583
2025-02-08 14:50:00,2025-02-08 14:50:00,Class A,273414440_0,57.795452,9.754418,Under way using engine,0.0,9.6,89.1,93.0,9179854,UGPS,ADLER,Cargo,No additional information,20.0,127.0,Combined GPS/GLONASS,5.3,TO ORDER,03/02/2025 08:00:00,AIS,POINT (9.754418 57.795452),273414440_0,0 days 00:01:00,1.4013094549404116e-06,88.84187115838762,0.0,0,6.262416019756272,57.795452,9.754418
2025-02-08 14:51:00,2025-02-08 14:51:00,Class A,273414440_0,57.79547,9.759133,Under way using engine,0.0,9.5,89.2,93.0,9179854,UGPS,ADLER,Cargo,No additional information,20.0,127.0,Combined GPS/GLONASS,5.3,TO ORDER,03/02/2025 08:00:00,AIS,POINT (9.759133 57.79547),273414440_0,0 days 00:01:00,-1.996608560206669e-06,89.58758852445692,0.0,0,6.257961400798905,57.79547,9.759133
2025-02-08 15:05:00,2025-02-08 15:05:00,Class A,273414440_0,57.795725,9.825727,Under way using engine,0.0,8.9,87.8,90.0,9179854,UGPS,ADLER,Cargo,No additional information,20.0,127.0,Combined GPS/GLONASS,5.3,TO ORDER,03/02/2025 08:00:00,AIS,POINT (9.825727 57.795725),273414440_0,0 days 00:14:00,4.920164164238093e-08,89.56016363368667,0.0,0,6.195086406597569,57.795725,9.825727
2025-02-08 15:06:00,2025-02-08 15:06:00,Class A,273414440_0,57.795845,9.83038,Under way using engine,0.0,8.6,86.9,89.0,9179854,UGPS,ADLER,Cargo,No additional information,20.0,127.0,Combined GPS/GLONASS,5.3,TO ORDER,03/02/2025 08:00:00,AIS,POINT (9.83038 57.795845),273414440_0,0 days 00:01:00,-1.6260997450653757e-06,87.22755123353011,0.0,0,6.190729662746791,57.795845,9.83038
2025-02-08 15:07:00,2025-02-08 15:07:00,Class A,273414440_0,57.795928,9.835102,Under way using engine,0.0,8.9,87.3,90.0,9179854,UGPS,ADLER,Cargo,No additional information,20.0,127.0,Combined GPS/GLONASS,5.3,TO ORDER,03/02/2025 08:00:00,AIS,POINT (9.835102 57.795928),273414440_0,0 days 00:01:00,1.0922565964714778e-06,88.10896096198599,0.0,0,6.186296032940229,57.795928,9.835102
2025-02-08 15:08:00,2025-02-08 15:08:00,Class A,273414440_0,57.796065,9.839823,Under way using engine,0.0,8.7,86.9,90.0,9179854,UGPS,ADLER,Cargo,No additional information,20.0,127.0,Combined GPS/GLONASS,5.3,TO ORDER,03/02/2025 08:00:00,AIS,POINT (9.839823 57.796065),273414440_0,0 days 00:01:00,5.60794047908877e-08,86.8812240597905,0.0,0,6.18188150556398,57.796065,9.839823
2025-02-08 15:09:00,2025-02-08 15:09:00,Class A,273414440_0,57.796187,9.844498,Under way using engine,0.0,8.9,87.2,89.0,9179854,UGPS,ADLER,Cargo,No additional information,20.0,127.0,Combined GPS/GLONASS,5.3,TO ORDER,03/02/2025 08:00:00,AIS,POINT (9.844498 57.796187),273414440_0,0 days 00:01:00,-7.830664649709738e-07,87.19464785265768,0.0,0,6.177505951484386,57.796187,9.844498
2025-02-08 15:10:00,2025-02-08 15:10:00,Class A,273414440_0,57.796297,9.84904,Under way using engine,0.0,9.0,87.5,89.0,9179854,UGPS,ADLER,Cargo,No additional information,20.0,127.0,Combined GPS/GLONASS,5.3,TO ORDER,03/02/2025 08:00:00,AIS,POINT (9.84904 57.796297),273414440_0,0 days 00:01:00,-2.212314767758115e-06,87.39613476512466,0.0,0,6.173252496536085,57.796297,9.84904
2025-02-08 15:11:00,2025-02-08 15:11:00,Class A,273414440_0,57.796402,9.853703,Under way using engine,0.0,9.0,87.3,90.0,9179854,UGPS,ADLER,Cargo,No additional information,20.0,127.0,Combined GPS/GLONASS,5.3,TO ORDER,03/02/2025 08:00:00,AIS,POINT (9.853703 57.796402),273414440_0,0 days 00:01:00,1.9898974670295826e-06,87.5785699623799,0.0,0,6.168883548797546,57.796402,9.853703
2025-02-08 15:12:00,2025-02-08 15:12:00,Class A,273414440_0,57.796507,9.858385,Under way using engine,0.0,9.1,87.9,90.0,9179854,UGPS,ADLER,Cargo,No additional information,20.0,127.0,Combined GPS/GLONASS,5.3,TO ORDER,03/02/2025 08:00:00,AIS,POINT (9.858385 57.796507),273414440_0,0 days 00:01:00,3.133579725029048e-07,87.5883617084155,0.0,0,6.164497093583059,57.796507,9.858385
2025-02-08 15:13:00,2025-02-08 15:13:00,Class A,273414440_0,57.796608,9.863098,Under way using engine,0.0,9.0,87.8,90.0,9179854,UGPS,ADLER,Cargo,No additional information,20.0,127.0,Combined GPS/GLONASS,5.3,TO ORDER,03/02/2025 08:00:00,AIS,POINT (9.863098 57.796608),273414440_0,0 days 00:01:00,5.063553261170125e-07,87.69526644457676,0.0,0,6.160080488964083,57.796608,9.863098
2025-02-08 15:14:00,2025-02-08 15:14:00,Class A,273414440_0,57.796698,9.867755,Under way using engine,0.0,8.9,87.6,90.0,9179854,UGPS,ADLER,Cargo,No additional information,20.0,127.0,Combined GPS/GLONASS,5.3,TO ORDER,03/02/2025 08:00:00,AIS,POINT (9.867755 57.796698),273414440_0,0 days 00:01:00,-9.375658975608724e-07,87.92119482343395,0.0,0,6.155713563669527,57.796698,9.867755
2025-02-08 15:20:00,2025-02-08 15:20:00,Class A,273414440_0,57.79729,9.895848,Under way using engine,0.0,8.9,88.6,90.0,9179854,UGPS,ADLER,Cargo,No additional information,20.0,127.0,Combined GPS/GLONASS,5.3,TO ORDER,03/02/2025 08:00:00,AIS,POINT (9.895848 57.79729),273414440_0,0 days 00:06:00,7.080552651436787e-08,87.7236919190749,0.0,0,6.1293957666057075,57.79729,9.895848
2025-02-08 15:21:00,2025-02-08 15:21:00,Class A,273414440_0,57.797422,9.900568,Under way using engine,0.0,8.9,86.9,89.0,9179854,UGPS,ADLER,Cargo,No additional information,20.0,127.0,Combined GPS/GLONASS,5.3,TO ORDER,03/02/2025 08:00:00,AIS,POINT (9.900568 57.797422),273414440_0,0 days 00:01:00,6.708372600462582e-07,86.99401524852124,0.0,0,6.124986366392989,57.797422,9.900568
2025-02-08 15:22:00,2025-02-08 15:22:00,Class A,273414440_0,57.797522,9.905263,Under way using engine,0.0,9.1,87.9,90.0,9179854,UGPS,ADLER,Cargo,No additional information,20.0,127.0,Combined GPS/GLONASS,5.3,TO ORDER,03/02/2025 08:00:00,AIS,POINT (9.905263 57.797522),273414440_0,0 days 00:01:00,-4.5840312747416623e-07,87.70925952033366,0.0,0,6.120590396017773,57.797522,9.905263
2025-02-08 15:23:00,2025-02-08 15:23:00,Class A,273414440_0,57.797597,9.909968,Under way using engine,0.0,9.0,88.6,90.0,9179854,UGPS,ADLER,Cargo,No additional information,20.0,127.0,Combined GPS/GLONASS,5.3,TO ORDER,03/02/2025 08:00:00,AIS,POINT (9.909968 57.797597),273414440_0,0 days 00:01:00,1.379429031547116e-07,88.28468722032153,0.0,0,6.116177136588265,57.797597,9.909968
2025-02-08 15:36:00,2025-02-08 15:36:00,Class A,273414440_0,57.798742,9.970907,Under way using engine,0.0,8.6,87.9,90.0,9179854,UGPS,ADLER,Cargo,No additional information,20.0,127.0,Combined GPS/GLONASS,5.3,TO ORDER,03/02/2025 08:00:00,AIS,POINT (9.970907 57.798742),273414440_0,0 days 00:13:00,-2.1167150940824742e-08,87.95490058405096,0.0,0,6.059114731434039,57.798742,9.970907
2025-02-08 15:37:00,2025-02-08 15:37:00,Class A,273414440_0,57.798835,9.97557,Under way using engine,0.0,9.1,87.5,89.0,9179854,UGPS,ADLER,Cargo,No additional information,20.0,127.0,Combined GPS/GLONASS,5.3,TO ORDER,03/02/2025 08:00:00,AIS,POINT (9.97557 57.798835),273414440_0,0 days 00:01:00,-4.021271133045588e-07,87.8546601028566,0.0,0,6.054753293645662,57.798835,9.97557
2025-02-08 15:38:00,2025-02-08 15:38:00,Class A,273414440_0,57.798962,9.980193,Under way using engine,0.0,9.1,88.1,90.0,9179854,UGPS,ADLER,Cargo,No additional information,20.0,127.0,Combined GPS/GLONASS,5.3,TO ORDER,03/02/2025 08:00:00,AIS,POINT (9.980193 57.798962),273414440_0,0 days 00:01:00,-6.13651617146398e-07,87.04698065078509,0.0,0,6.050441404395634,57.798962,9.980193
2025-02-08 15:39:00,2025-02-08 15:39:00,Class A,273414440_0,57.799062,9.984883,Under way using engine,0.0,9.0,88.0,90.0,9179854,UGPS,ADLER,Cargo,No additional information,20.0,127.0,Combined GPS/GLONASS,5.3,TO ORDER,03/02/2025 08:00:00,AIS,POINT (9.984883 57.799062),273414440_0,0 days 00:01:00,1.0671849894495206e-06,87.7067264821817,0.0,0,6.046057800188896,57.799062,9.984883
2025-02-08 15:40:00,2025-02-08 15:40:00,Class A,273414440_0,57.799147,9.989583,Under way using engine,0.0,9.0,87.8,89.0,9179854,UGPS,ADLER,Cargo,No additional information,20.0,127.0,Combined GPS/GLONASS,5.3,TO ORDER,03/02/2025 08:00:00,AIS,POINT (9.989583 57.799147),273414440_0,0 days 00:01:00,1.4775319183577574e-07,88.05426381131502,0.0,0,6.041660193891245,57.799147,9.989583
2025-02-08 15:41:00,2025-02-08 15:41:00,Class A,273414440_0,57.799232,9.99428,Under way using engine,0.0,8.9,88.1,90.0,9179854,UGPS,ADLER,Cargo,No additional information,20.0,127.0,Combined GPS/GLONASS,5.3,TO ORDER,03/02/2025 08:00:00,AIS,POINT (9.99428 57.799232),273414440_0,0 days 00:01:00,-4.970695105927942e-08,88.05301997103118,0.0,0,6.03726586928421,57.799232,9.99428
2025-02-08 16:02:00,2025-02-08 16:02:00,Class A,273414440_0,57.804023,10.091513,Under way using engine,0.0,8.8,88.0,90.0,9179854,UGPS,ADLER,Cargo,No additional information,20.0,127.0,Combined GPS/GLONASS,5.3,TO ORDER,03/02/2025 08:00:00,AIS,POINT (10.091513 57.804023),273414440_0,0 days 00:21:00,-3.9477080282653964e-08,84.67568632568066,0.0,0,5.947440708081585,57.804023,10.091513
2025-02-08 16:03:00,2025-02-08 16:03:00,Class A,273414440_0,57.804098,10.096112,Under way using engine,0.0,9.1,87.8,91.0,9179854,UGPS,ADLER,Cargo,No additional information,20.0,127.0,Combined GPS/GLONASS,5.3,TO ORDER,03/02/2025 08:00:00,AIS,POINT (10.096112 57.804098),273414440_0,0 days 00:01:00,-8.090671423874203e-07,88.24495114337515,0.0,0,5.943145976222695,57.804098,10.096112
2025-02-08 16:05:00,2025-02-08 16:05:00,Class A,273414440_0,57.804255,10.105425,Under way using engine,0.0,8.6,87.8,91.0,9179854,UGPS,ADLER,Cargo,No additional information,20.0,127.0,Combined GPS/GLONASS,5.3,TO ORDER,03/02/2025 08:00:00,AIS,POINT (10.105425 57.804255),273414440_0,0 days 00:02:00,4.761471764310604e-07,88.18383621084865,0.0,0,5.93445228018374,57.804255,10.105425
2025-02-08 16:06:00,2025-02-08 16:06:00,Class A,273414440_0,57.804362,10.11,Under way using engine,0.0,8.9,88.2,91.0,9179854,UGPS,ADLER,Cargo,No additional information,20.0,127.0,Combined GPS/GLONASS,5.3,TO ORDER,03/02/2025 08:00:00,AIS,POINT (10.11 57.804362),273414440_0,0 days 00:01:00,-1.3121358985925818e-06,87.4846614684559,0.0,0,5.930192469389505,57.804362,10.11
2025-02-08 16:16:00,2025-02-08 16:16:00,Class A,273414440_0,57.805178,10.156998,Under way using engine,0.0,9.1,88.0,91.0,9179854,UGPS,ADLER,Cargo,No additional information,20.0,127.0,Combined GPS/GLONASS,5.3,TO ORDER,03/02/2025 08:00:00,AIS,POINT (10.156998 57.805178),273414440_0,0 days 00:10:00,2.0286814648958392e-07,88.11368829215382,0.0,0,5.886361752547663,57.805178,10.156998
2025-02-08 16:17:00,2025-02-08 16:17:00,Class A,273414440_0,57.805275,10.161712,Under way using engine,0.0,8.9,88.5,92.0,9179854,UGPS,ADLER,Cargo,No additional information,20.0,127.0,Combined GPS/GLONASS,5.3,TO ORDER,03/02/2025 08:00:00,AIS,POINT (10.161712 57.805275),273414440_0,0 days 00:01:00,2.503060753241612e-07,87.78630889078238,0.0,0,5.881973395669603,57.805275,10.161712
2025-02-08 16:18:00,2025-02-08 16:18:00,Class A,273414440_0,57.805302,10.166438,Under way using engine,0.0,9.2,88.8,92.0,9179854,UGPS,ADLER,Cargo,No additional information,20.0,127.0,Combined GPS/GLONASS,5.3,TO ORDER,03/02/2025 08:00:00,AIS,POINT (10.166438 57.805302),273414440_0,0 days 00:01:00,1.4469809363779872e-07,89.38365393780646,0.0,0,5.877550006354688,57.805302,10.166438
2025-02-08 16:20:00,2025-02-08 16:20:00,Class A,273414440_0,57.805312,10.175918,Under way using engine,0.0,9.1,89.5,92.0,9179854,UGPS,ADLER,Cargo,No additional information,20.0,127.0,Combined GPS/GLONASS,5.3,TO ORDER,03/02/2025 08:00:00,AIS,POINT (10.175918 57.805312),273414440_0,0 days 00:02:00,1.1342552979131647e-07,89.88255272633086,0.0,0,5.86866310064737,57.805312,10.175918
2025-02-08 16:21:00,2025-02-08 16:21:00,Class A,273414440_0,57.805373,10.180703,Under way using engine,0.0,9.3,89.4,91.0,9179854,UGPS,ADLER,Cargo,No additional information,20.0,127.0,Combined GPS/GLONASS,5.3,TO ORDER,03/02/2025 08:00:00,AIS,POINT (10.180703 57.805373),273414440_0,0 days 00:01:00,7.654687565081571e-07,88.6273284419388,0.0,0,5.864197623302442,57.805373,10.180703
2025-02-08 16:22:00,2025-02-08 16:22:00,Class A,273414440_0,57.805353,10.18548,Under way using engine,0.0,9.1,90.2,92.0,9179854,UGPS,ADLER,Cargo,No additional information,20.0,127.0,Combined GPS/GLONASS,5.3,TO ORDER,03/02/2025 08:00:00,AIS,POINT (10.18548 57.805353),273414440_0,0 days 00:01:00,-1.5226782559920638e-07,90.44820065363172,0.0,0,5.859711965140009,57.805353,10.18548
2025-02-08 16:23:00,2025-02-08 16:23:00,Class A,273414440_0,57.805392,10.190245,Under way using engine,0.0,9.4,88.7,90.0,9179854,UGPS,ADLER,Cargo,No additional information,20.0,127.0,Combined GPS/GLONASS,5.3,TO ORDER,03/02/2025 08:00:00,AIS,POINT (10.190245 57.805392),273414440_0,0 days 00:01:00,-1.9137585966520186e-07,89.11789103491992,0.0,0,5.855258562686107,57.805392,10.190245
2025-02-08 16:24:00,2025-02-08 16:24:00,Class A,273414440_0,57.805443,10.195097,Under way using engine,0.0,9.4,88.9,91.0,9179854,UGPS,ADLER,Cargo,No additional information,20.0,127.0,Combined GPS/GLONASS,5.3,TO ORDER,03/02/2025 08:00:00,AIS,POINT (10.195097 57.805443),273414440_0,0 days 00:01:00,1.442973131871693e-06,88.86774907088176,0.0,0,5.850728288201561,57.805443,10.195097
2025-02-08 16:25:00,2025-02-08 16:25:00,Class A,273414440_0,57.805477,10.199852,Under way using engine,0.0,9.0,88.6,91.0,9179854,UGPS,ADLER,Cargo,No additional information,20.0,127.0,Combined GPS/GLONASS,5.3,TO ORDER,03/02/2025 08:00:00,AIS,POINT (10.199852 57.805477),273414440_0,0 days 00:01:00,-1.6105161307455005e-06,89.22909790394874,0.0,0,5.846283509422119,57.805477,10.199852
2025-02-08 16:26:00,2025-02-08 16:26:00,Class A,273414440_0,57.805517,10.204583,Under way using engine,0.0,9.2,89.7,91.0,9179854,UGPS,ADLER,Cargo,No additional information,20.0,127.0,Combined GPS/GLONASS,5.3,TO ORDER,03/02/2025 08:00:00,AIS,POINT (10.204583 57.805517),273414440_0,0 days 00:01:00,-3.936798246816549e-07,89.08885350965909,0.0,0,5.841863804151036,57.805517,10.204583
2025-02-08 16:34:00,2025-02-08 16:34:00,Class A,273414440_0,57.805612,10.243065,Under way using engine,0.0,9.3,89.8,91.0,9179854,UGPS,ADLER,Cargo,No additional information,20.0,127.0,Combined GPS/GLONASS,5.3,TO ORDER,03/02/2025 08:00:00,AIS,POINT (10.243065 57.805612),273414440_0,0 days 00:08:00,1.6246198491684314e-07,89.71824090494272,0.0,0,5.8058511988328645,57.805612,10.243065
2025-02-08 16:35:00,2025-02-08 16:35:00,Class A,273414440_0,57.80563,10.247912,Under way using engine,0.0,9.4,89.8,91.0,9179854,UGPS,ADLER,Cargo,No additional information,20.0,127.0,Combined GPS/GLONASS,5.3,TO ORDER,03/02/2025 08:00:00,AIS,POINT (10.247912 57.80563),273414440_0,0 days 00:01:00,6.078799652545497e-07,89.59859666422716,0.0,0,5.801319601195922,57.80563,10.247912
2025-02-08 16:36:00,2025-02-08 16:36:00,Class A,273414440_0,57.80563,10.252655,Under way using engine,0.0,9.0,89.9,91.0,9179854,UGPS,ADLER,Cargo,No additional information,20.0,127.0,Combined GPS/GLONASS,5.3,TO ORDER,03/02/2025 08:00:00,AIS,POINT (10.252655 57.80563),273414440_0,0 days 00:01:00,-1.7194863388681908e-06,89.99799312875865,0.0,0,5.796879533807218,57.80563,10.252655
2025-02-08 16:37:00,2025-02-08 16:37:00,Class A,273414440_0,57.805652,10.257525,Under way using engine,0.0,9.3,89.5,91.0,9179854,UGPS,ADLER,Cargo,No additional information,20.0,127.0,Combined GPS/GLONASS,5.3,TO ORDER,03/02/2025 08:00:00,AIS,POINT (10.257525 57.805652),273414440_0,0 days 00:01:00,2.1002230249045235e-06,89.5121506283225,0.0,0,5.792328823006254,57.805652,10.257525
2025-02-08 16:38:00,2025-02-08 16:38:00,Class A,273414440_0,57.805672,10.26237,Under way using engine,0.0,9.3,90.4,91.0,9179854,UGPS,ADLER,Cargo,No additional information,20.0,127.0,Combined GPS/GLONASS,5.3,TO ORDER,03/02/2025 08:00:00,AIS,POINT (10.26237 57.805672),273414440_0,0 days 00:01:00,-4.1340153241462875e-07,89.554043034394,0.0,0,5.787801324033506,57.805672,10.26237
2025-02-08 16:39:00,2025-02-08 16:39:00,Class A,273414440_0,57.805697,10.267167,Under way using engine,0.0,8.8,89.5,90.0,9179854,UGPS,ADLER,Cargo,No additional information,20.0,127.0,Combined GPS/GLONASS,5.3,TO ORDER,03/02/2025 08:00:00,AIS,POINT (10.267167 57.805697),273414440_0,0 days 00:01:00,-7.913714291904722e-07,89.43754061365479,0.0,0,5.7833210195169,57.805697,10.267167
2025-02-08 16:40:00,2025-02-08 16:40:00,Class A,273414440_0,57.805677,10.271915,Under way using engine,0.0,9.1,89.4,91.0,9179854,UGPS,ADLER,Cargo,No additional information,20.0,127.0,Combined GPS/GLONASS,5.3,TO ORDER,03/02/2025 08:00:00,AIS,POINT (10.271915 57.805677),273414440_0,0 days 00:01:00,-8.105589793070868e-07,90.45096675186971,0.0,0,5.778871190649088,57.805677,10.271915
2025-02-08 16:41:00,2025-02-08 16:41:00,Class A,273414440_0,57.805667,10.27671,Under way using engine,0.0,9.4,89.4,91.0,9179854,UGPS,ADLER,Cargo,No additional information,20.0,127.0,Combined GPS/GLONASS,5.3,TO ORDER,03/02/2025 08:00:00,AIS,POINT (10.27671 57.805667),273414440_0,0 days 00:01:00,7.743859247665366e-07,90.22224242362165,0.0,0,5.774381396995612,57.805667,10.27671
2025-02-08 16:42:00,2025-02-08 16:42:00,Class A,273414440_0,57.805705,10.281533,Under way using engine,0.0,9.0,89.8,91.0,9179854,UGPS,ADLER,Cargo,No additional information,20.0,127.0,Combined GPS/GLONASS,5.3,TO ORDER,03/02/2025 08:00:00,AIS,POINT (10.281533 57.805705),273414440_0,0 days 00:01:00,4.7045146125885596e-07,89.1507330840443,0.0,0,5.769882866911079,57.805705,10.281533
2025-02-08 16:43:00,2025-02-08 16:43:00,Class A,273414440_0,57.805727,10.286297,Under way using engine,0.0,9.1,89.0,90.0,9179854,UGPS,ADLER,Cargo,No additional information,20.0,127.0,Combined GPS/GLONASS,5.3,TO ORDER,03/02/2025 08:00:00,AIS,POINT (10.286297 57.805727),273414440_0,0 days 00:01:00,-9.801629098288185e-07,89.50138607859026,0.0,0,5.76543438767852,57.805727,10.286297
2025-02-08 16:44:00,2025-02-08 16:44:00,Class A,273414440_0,57.805747,10.291078,Under way using engine,0.0,9.2,88.8,90.0,9179854,UGPS,ADLER,Cargo,No additional information,20.0,127.0,Combined GPS/GLONASS,5.3,TO ORDER,03/02/2025 08:00:00,AIS,POINT (10.291078 57.805747),273414440_0,0 days 00:01:00,2.8018387916542374e-07,89.54812713967362,0.0,0,5.760969805911586,57.805747,10.291078
2025-02-08 16:45:00,2025-02-08 16:45:00,Class A,273414440_0,57.80579,10.29582,Under way using engine,0.0,9.1,88.7,91.0,9179854,UGPS,ADLER,Cargo,No additional information,20.0,127.0,Combined GPS/GLONASS,5.3,TO ORDER,03/02/2025 08:00:00,AIS,POINT (10.29582 57.80579),273414440_0,0 days 00:01:00,-6.352660477786012e-07,89.02293506558766,0.0,0,5.756550351284004,57.80579,10.29582
2025-02-08 16:46:00,2025-02-08 16:46:00,Class A,273414440_0,57.80581,10.30054,Under way using engine,0.0,8.9,88.8,90.0,9179854,UGPS,ADLER,Cargo,No additional information,20.0,127.0,Combined GPS/GLONASS,5.3,TO ORDER,03/02/2025 08:00:00,AIS,POINT (10.30054 57.80581),273414440_0,0 days 00:01:00,-3.7223256358962707e-07,89.54233865805355,0.0,0,5.752143826650026,57.80581,10.30054
2025-02-08 16:47:00,2025-02-08 16:47:00,Class A,273414440_0,57.805832,10.305297,Under way using engine,0.0,9.0,89.3,91.0,9179854,UGPS,ADLER,Cargo,No additional information,20.0,127.0,Combined GPS/GLONASS,5.3,TO ORDER,03/02/2025 08:00:00,AIS,POINT (10.305297 57.805832),273414440_0,0 days 00:01:00,6.114881738871214e-07,89.50065687536699,0.0,0,5.74770391706993,57.805832,10.305297
2025-02-08 16:48:00,2025-02-08 16:48:00,Class A,273414440_0,57.805842,10.310022,Under way using engine,0.0,9.0,89.2,91.0,9179854,UGPS,ADLER,Cargo,No additional information,20.0,127.0,Combined GPS/GLONASS,5.3,TO ORDER,03/02/2025 08:00:00,AIS,POINT (10.310022 57.805842),273414440_0,0 days 00:01:00,-5.308373400084743e-07,89.77040589852032,0.0,0,5.743290168446654,57.805842,10.310022
2025-02-08 16:49:00,2025-02-08 16:49:00,Class A,273414440_0,57.805877,10.31475,Under way using engine,0.0,9.0,88.9,91.0,9179854,UGPS,ADLER,Cargo,No additional information,20.0,127.0,Combined GPS/GLONASS,5.3,TO ORDER,03/02/2025 08:00:00,AIS,POINT (10.31475 57.805877),273414440_0,0 days 00:01:00,5.6389589399991055e-08,89.20196950758884,0.0,0,5.738882995908612,57.805877,10.31475
2025-02-08 16:50:00,2025-02-08 16:50:00,Class A,273414440_0,57.805925,10.319533,Under way using engine,0.0,9.0,88.5,90.0,9179854,UGPS,ADLER,Cargo,No additional information,20.0,127.0,Combined GPS/GLONASS,5.3,TO ORDER,03/02/2025 08:00:00,AIS,POINT (10.319533 57.805925),273414440_0,0 days 00:01:00,9.146622941657555e-07,88.91888838896591,0.0,0,5.734429554645693,57.805925,10.319533
2025-02-08 16:51:00,2025-02-08 16:51:00,Class A,273414440_0,57.80597,10.324245,Under way using engine,0.0,9.1,89.4,90.0,9179854,UGPS,ADLER,Cargo,No additional information,20.0,127.0,Combined GPS/GLONASS,5.3,TO ORDER,03/02/2025 08:00:00,AIS,POINT (10.324245 57.80597),273414440_0,0 days 00:01:00,-1.174140651898327e-06,88.97110525754954,0.0,0,5.730041926955947,57.80597,10.324245
2025-02-08 16:52:00,2025-02-08 16:52:00,Class A,273414440_0,57.806012,10.328995,Under way using engine,0.0,9.0,88.6,90.0,9179854,UGPS,ADLER,Cargo,No additional information,20.0,127.0,Combined GPS/GLONASS,5.3,TO ORDER,03/02/2025 08:00:00,AIS,POINT (10.328995 57.806012),273414440_0,0 days 00:01:00,6.257672762638387e-07,89.04720109009259,0.0,0,5.725618239326562,57.806012,10.328995
2025-02-08 16:53:00,2025-02-08 16:53:00,Class A,273414440_0,57.806035,10.333735,Under way using engine,0.0,9.1,89.2,91.0,9179854,UGPS,ADLER,Cargo,No additional information,20.0,127.0,Combined GPS/GLONASS,5.3,TO ORDER,03/02/2025 08:00:00,AIS,POINT (10.333735 57.806035),273414440_0,0 days 00:01:00,-1.7274258791528131e-07,89.476191782103,0.0,0,5.721197644383385,57.806035,10.333735
2025-02-08 16:54:00,2025-02-08 16:54:00,Class A,273414440_0,57.806072,10.338322,Under way using engine,0.0,9.2,88.8,90.0,9179854,UGPS,ADLER,Cargo,No additional information,20.0,127.0,Combined GPS/GLONASS,5.3,TO ORDER,03/02/2025 08:00:00,AIS,POINT (10.338322 57.806072),273414440_0,0 days 00:01:00,-2.521371275207747e-06,89.1306800853065,0.0,0,5.716925486752123,57.806072,10.338322
2025-02-08 16:55:00,2025-02-08 16:55:00,Class A,273414440_0,57.806127,10.342997,Under way using engine,0.0,8.9,89.0,91.0,9179854,UGPS,ADLER,Cargo,No additional information,20.0,127.0,Combined GPS/GLONASS,5.3,TO ORDER,03/02/2025 08:00:00,AIS,POINT (10.342997 57.806127),273414440_0,0 days 00:01:00,1.4632789880328634e-06,88.73305203759526,0.0,0,5.712578045613554,57.806127,10.342997
2025-02-08 16:56:00,2025-02-08 16:56:00,Class A,273414440_0,57.806138,10.34772,Under way using engine,0.0,9.1,89.1,91.0,9179854,UGPS,ADLER,Cargo,No additional information,20.0,127.0,Combined GPS/GLONASS,5.3,TO ORDER,03/02/2025 08:00:00,AIS,POINT (10.34772 57.806138),273414440_0,0 days 00:01:00,7.74618529926265e-07,89.74753946527272,0.0,0,5.708170568882816,57.806138,10.34772
2025-02-08 16:57:00,2025-02-08 16:57:00,Class A,273414440_0,57.80622,10.35242,Under way using engine,0.0,9.2,88.0,90.0,9179854,UGPS,ADLER,Cargo,No additional information,20.0,127.0,Combined GPS/GLONASS,5.3,TO ORDER,03/02/2025 08:00:00,AIS,POINT (10.35242 57.80622),273414440_0,0 days 00:01:00,-3.3922907357354647e-07,88.12244915681964,0.0,0,5.703810467595151,57.80622,10.35242
2025-02-08 16:58:00,2025-02-08 16:58:00,Class A,273414440_0,57.80628,10.357108,Under way using engine,0.0,9.1,88.7,91.0,9179854,UGPS,ADLER,Cargo,No additional information,20.0,127.0,Combined GPS/GLONASS,5.3,TO ORDER,03/02/2025 08:00:00,AIS,POINT (10.357108 57.80628),273414440_0,0 days 00:01:00,-2.1752202157256675e-07,88.62191125655158,0.0,0,5.699454238681454,57.80628,10.357108
2025-02-08 16:59:00,2025-02-08 16:59:00,Class A,273414440_0,57.806332,10.361863,Under way using engine,0.0,8.9,88.3,90.0,9179854,UGPS,ADLER,Cargo,No additional information,20.0,127.0,Combined GPS/GLONASS,5.3,TO ORDER,03/02/2025 08:00:00,AIS,POINT (10.361863 57.806332),273414440_0,0 days 00:01:00,1.1005721247642179e-06,88.82210533616694,0.0,0,5.695033117473944,57.806332,10.361863
2025-02-08 17:00:00,2025-02-08 17:00:00,Class A,273414440_0,57.806448,10.366605,Under way using engine,0.0,9.0,87.4,91.0,9179854,UGPS,ADLER,Cargo,No additional information,20.0,127.0,Combined GPS/GLONASS,5.3,TO ORDER,03/02/2025 08:00:00,AIS,POINT (10.366605 57.806448),273414440_0,0 days 00:01:00,-1.4916005096907506e-07,87.36915018684903,0.0,0,5.690647614625687,57.806448,10.366605
2025-02-08 17:01:00,2025-02-08 17:01:00,Class A,273414440_0,57.80655,10.371243,Under way using engine,0.0,8.9,87.8,91.0,9179854,UGPS,ADLER,Cargo,No additional information,20.0,127.0,Combined GPS/GLONASS,5.3,TO ORDER,03/02/2025 08:00:00,AIS,POINT (10.371243 57.80655),273414440_0,0 days 00:01:00,-1.7349335968143044e-06,87.63430992919814,0.0,0,5.686354738790836,57.80655,10.371243
2025-02-08 17:02:00,2025-02-08 17:02:00,Class A,273414440_0,57.806638,10.375923,Under way using engine,0.0,9.0,87.1,90.0,9179854,UGPS,ADLER,Cargo,No additional information,20.0,127.0,Combined GPS/GLONASS,5.3,TO ORDER,03/02/2025 08:00:00,AIS,POINT (10.375923 57.806638),273414440_0,0 days 00:01:00,6.763566438646764e-07,87.9767130297156,0.0,0,5.682018181227599,57.806638,10.375923
2025-02-08 17:03:00,2025-02-08 17:03:00,Class A,273414440_0,57.806737,10.380652,Under way using engine,0.0,8.9,87.6,90.0,9179854,UGPS,ADLER,Cargo,No additional information,20.0,127.0,Combined GPS/GLONASS,5.3,TO ORDER,03/02/2025 08:00:00,AIS,POINT (10.380652 57.806737),273414440_0,0 days 00:01:00,8.210969820621339e-07,87.74780862310388,0.0,0,5.677640396885047,57.806737,10.380652
2025-02-08 17:04:00,2025-02-08 17:04:00,Class A,273414440_0,57.806858,10.385302,Under way using engine,0.0,9.1,87.1,91.0,9179854,UGPS,ADLER,Cargo,No additional information,20.0,127.0,Combined GPS/GLONASS,5.3,TO ORDER,03/02/2025 08:00:00,AIS,POINT (10.385302 57.806858),273414440_0,0 days 00:01:00,-1.2737051422820363e-06,87.20184993329929,0.0,0,5.6733448041197,57.806858,10.385302
2025-02-08 17:05:00,2025-02-08 17:05:00,Class A,273414440_0,57.80698,10.38995,Under way using engine,0.0,8.9,87.1,91.0,9179854,UGPS,ADLER,Cargo,No additional information,20.0,127.0,Combined GPS/GLONASS,5.3,TO ORDER,03/02/2025 08:00:00,AIS,POINT (10.38995 57.80698),273414440_0,0 days 00:01:00,-3.173368415586644e-08,87.17755832891606,0.0,0,5.669051999076036,57.80698,10.38995
2025-02-08 17:06:00,2025-02-08 17:06:00,Class A,273414440_0,57.807097,10.39453,Under way using engine,0.0,9.1,87.0,91.0,9179854,UGPS,ADLER,Cargo,No additional information,20.0,127.0,Combined GPS/GLONASS,5.3,TO ORDER,03/02/2025 08:00:00,AIS,POINT (10.39453 57.807097),273414440_0,0 days 00:01:00,-1.1293865266820038e-06,87.25289446938615,0.0,0,5.6648213902336755,57.807097,10.39453
2025-02-08 17:07:00,2025-02-08 17:07:00,Class A,273414440_0,57.807262,10.399318,Under way using engine,0.0,9.5,86.0,91.0,9179854,UGPS,ADLER,Cargo,No additional information,20.0,127.0,Combined GPS/GLONASS,5.3,TO ORDER,03/02/2025 08:00:00,AIS,POINT (10.399318 57.807262),273414440_0,0 days 00:01:00,3.5126577002518734e-06,86.2970694220918,0.0,0,5.66041462371795,57.807262,10.399318
2025-02-08 17:08:00,2025-02-08 17:08:00,Class A,273414440_0,57.807357,10.403967,Under way using engine,0.0,9.0,87.4,91.0,9179854,UGPS,ADLER,Cargo,No additional information,20.0,127.0,Combined GPS/GLONASS,5.3,TO ORDER,03/02/2025 08:00:00,AIS,POINT (10.403967 57.807357),273414440_0,0 days 00:01:00,-2.4040915620234925e-06,87.80151132141674,0.0,0,5.6561128561040945,57.807357,10.403967
2025-02-08 17:09:00,2025-02-08 17:09:00,Class A,273414440_0,57.80745,10.408668,Under way using engine,0.0,8.7,88.3,92.0,9179854,UGPS,ADLER,Cargo,No additional information,20.0,127.0,Combined GPS/GLONASS,5.3,TO ORDER,03/02/2025 08:00:00,AIS,POINT (10.408668 57.80745),273414440_0,0 days 00:01:00,8.555852066844098e-07,87.87144624766694,0.0,0,5.651762427123419,57.80745,10.408668
2025-02-08 17:10:00,2025-02-08 17:10:00,Class A,273414440_0,57.807555,10.413283,Under way using engine,0.0,8.6,88.2,92.0,9179854,UGPS,ADLER,Cargo,No additional information,20.0,127.0,Combined GPS/GLONASS,5.3,TO ORDER,03/02/2025 08:00:00,AIS,POINT (10.413283 57.807555),273414440_0,0 days 00:01:00,-1.4045034718253447e-06,87.5527010481403,0.0,0,5.647497084946038,57.807555,10.413283
2025-02-08 17:11:00,2025-02-08 17:11:00,Class A,273414440_0,57.807652,10.41796,Under way using engine,0.0,8.8,87.6,91.0,9179854,UGPS,ADLER,Cargo,No additional information,20.0,127.0,Combined GPS/GLONASS,5.3,TO ORDER,03/02/2025 08:00:00,AIS,POINT (10.41796 57.807652),273414440_0,0 days 00:01:00,1.0127218108006013e-06,87.76869847641956,0.0,0,5.643171599512456,57.807652,10.41796
2025-02-08 17:12:00,2025-02-08 17:12:00,Class A,273414440_0,57.807738,10.422613,Under way using engine,0.0,9.1,87.5,91.0,9179854,UGPS,ADLER,Cargo,No additional information,20.0,127.0,Combined GPS/GLONASS,5.3,TO ORDER,03/02/2025 08:00:00,AIS,POINT (10.422613 57.807738),273414440_0,0 days 00:01:00,-4.0875396207298854e-07,88.01111226758269,0.0,0,5.638865066802095,57.807738,10.422613
2025-02-08 17:13:00,2025-02-08 17:13:00,Class A,273414440_0,57.807828,10.427272,Under way using engine,0.0,8.8,88.3,92.0,9179854,UGPS,ADLER,Cargo,No additional information,20.0,127.0,Combined GPS/GLONASS,5.3,TO ORDER,03/02/2025 08:00:00,AIS,POINT (10.427272 57.807828),273414440_0,0 days 00:01:00,1.0321227944258723e-07,87.9214445291035,0.0,0,5.63455494322595,57.807828,10.427272
2025-02-08 17:14:00,2025-02-08 17:14:00,Class A,273414440_0,57.807937,10.431987,Under way using engine,0.0,8.7,87.5,91.0,9179854,UGPS,ADLER,Cargo,No additional information,20.0,127.0,Combined GPS/GLONASS,5.3,TO ORDER,03/02/2025 08:00:00,AIS,POINT (10.431987 57.807937),273414440_0,0 days 00:01:00,9.471769920683098e-07,87.51336428157748,0.0,0,5.630200077683386,57.807937,10.431987
2025-02-08 17:15:00,2025-02-08 17:15:00,Class A,273414440_0,57.808047,10.436635,Under way using engine,0.0,9.1,87.0,91.0,9179854,UGPS,ADLER,Cargo,No additional information,20.0,127.0,Combined GPS/GLONASS,5.3,TO ORDER,03/02/2025 08:00:00,AIS,POINT (10.436635 57.808047),273414440_0,0 days 00:01:00,-1.1042334456584415e-06,87.45452237090296,0.0,0,5.6259085899962855,57.808047,10.436635
2025-02-08 17:16:00,2025-02-08 17:16:00,Class A,273414440_0,57.808152,10.441377,Under way using engine,0.0,8.7,89.0,93.0,9179854,UGPS,ADLER,Cargo,No additional information,20.0,127.0,Combined GPS/GLONASS,5.3,TO ORDER,03/02/2025 08:00:00,AIS,POINT (10.441377 57.808152),273414440_0,0 days 00:01:00,1.5439911627649142e-06,87.61802274892159,0.0,0,5.621528274743533,57.808152,10.441377
2025-02-08 17:17:00,2025-02-08 17:17:00,Class A,273414440_0,57.808185,10.446017,Under way using engine,0.0,8.8,88.6,92.0,9179854,UGPS,ADLER,Cargo,No additional information,20.0,127.0,Combined GPS/GLONASS,5.3,TO ORDER,03/02/2025 08:00:00,AIS,POINT (10.446017 57.808185),273414440_0,0 days 00:01:00,-1.7450778644087014e-06,89.23320695266614,0.0,0,5.617217399183515,57.808185,10.446017
2025-02-08 17:18:00,2025-02-08 17:18:00,Class A,273414440_0,57.808235,10.450762,Under way using engine,0.0,9.0,89.1,93.0,9179854,UGPS,ADLER,Cargo,No additional information,20.0,127.0,Combined GPS/GLONASS,5.3,TO ORDER,03/02/2025 08:00:00,AIS,POINT (10.450762 57.808235),273414440_0,0 days 00:01:00,1.7422982348754579e-06,88.86488177139074,0.0,0,5.612815427200953,57.808235,10.450762
2025-02-08 17:19:00,2025-02-08 17:19:00,Class A,273414440_0,57.808288,10.455395,Under way using engine,0.0,8.9,88.2,92.0,9179854,UGPS,ADLER,Cargo,No additional information,20.0,127.0,Combined GPS/GLONASS,5.3,TO ORDER,03/02/2025 08:00:00,AIS,POINT (10.455395 57.808288),273414440_0,0 days 00:01:00,-1.8473226174978094e-06,88.76793361235298,0.0,0,5.608519420585525,57.808288,10.455395
2025-02-08 17:20:00,2025-02-08 17:20:00,Class A,273414440_0,57.808318,10.460087,Under way using engine,0.0,8.8,88.4,92.0,9179854,UGPS,ADLER,Cargo,No additional information,20.0,127.0,Combined GPS/GLONASS,5.3,TO ORDER,03/02/2025 08:00:00,AIS,POINT (10.460087 57.808318),273414440_0,0 days 00:01:00,9.621978004492084e-07,89.31041031846854,0.0,0,5.604160626878659,57.808318,10.460087
2025-02-08 17:21:00,2025-02-08 17:21:00,Class A,273414440_0,57.808362,10.464722,Under way using engine,0.0,8.9,89.7,94.0,9179854,UGPS,ADLER,Cargo,No additional information,20.0,127.0,Combined GPS/GLONASS,5.3,TO ORDER,03/02/2025 08:00:00,AIS,POINT (10.464722 57.808362),273414440_0,0 days 00:01:00,-9.348018811703955e-07,88.97720828774152,0.0,0,5.599860552208065,57.808362,10.464722
2025-02-08 17:22:00,2025-02-08 17:22:00,Class A,273414440_0,57.808363,10.46937,Under way using engine,0.0,8.8,89.8,94.0,9179854,UGPS,ADLER,Cargo,No additional information,20.0,127.0,Combined GPS/GLONASS,5.3,TO ORDER,03/02/2025 08:00:00,AIS,POINT (10.46937 57.808363),273414440_0,0 days 00:01:00,2.0252983691658628e-07,89.97489500222582,0.0,0,5.595533216985223,57.808363,10.46937
2025-02-08 17:23:00,2025-02-08 17:23:00,Class A,273414440_0,57.808393,10.47395,Under way using engine,0.0,9.0,89.3,94.0,9179854,UGPS,ADLER,Cargo,No additional information,20.0,127.0,Combined GPS/GLONASS,5.3,TO ORDER,03/02/2025 08:00:00,AIS,POINT (10.47395 57.808393),273414440_0,0 days 00:01:00,-1.1172592381507539e-06,89.29364313888874,0.0,0,5.591280290529621,57.808393,10.47395
2025-02-08 17:24:00,2025-02-08 17:24:00,Class A,273414440_0,57.808385,10.47861,Under way using engine,0.0,8.9,90.0,94.0,9179854,UGPS,ADLER,Cargo,No additional information,20.0,127.0,Combined GPS/GLONASS,5.3,TO ORDER,03/02/2025 08:00:00,AIS,POINT (10.47861 57.808385),273414440_0,0 days 00:01:00,1.3157560672185514e-06,90.18265714027427,0.0,0,5.586939527422237,57.808385,10.47861
2025-02-08 17:25:00,2025-02-08 17:25:00,Class A,273414440_0,57.808392,10.483155,Under way using engine,0.0,8.8,89.9,94.0,9179854,UGPS,ADLER,Cargo,No additional information,20.0,127.0,Combined GPS/GLONASS,5.3,TO ORDER,03/02/2025 08:00:00,AIS,POINT (10.483155 57.808392),273414440_0,0 days 00:01:00,-1.8991307202977063e-06,89.83243877405118,0.0,0,5.582711796389725,57.808392,10.483155
2025-02-08 17:26:00,2025-02-08 17:26:00,Class A,273414440_0,57.808373,10.487812,Under way using engine,0.0,8.8,89.6,93.0,9179854,UGPS,ADLER,Cargo,No additional information,20.0,127.0,Combined GPS/GLONASS,5.3,TO ORDER,03/02/2025 08:00:00,AIS,POINT (10.487812 57.808373),273414440_0,0 days 00:01:00,1.851452633950945e-06,90.43679855526807,0.0,0,5.578370820474111,57.808373,10.487812
2025-02-08 17:27:00,2025-02-08 17:27:00,Class A,273414440_0,57.808358,10.492348,Under way using engine,0.0,9.1,90.7,94.0,9179854,UGPS,ADLER,Cargo,No additional information,20.0,127.0,Combined GPS/GLONASS,5.3,TO ORDER,03/02/2025 08:00:00,AIS,POINT (10.492348 57.808358),273414440_0,0 days 00:01:00,-1.998900922424773e-06,90.35371983009458,0.0,0,5.574144408473464,57.808358,10.492348
2025-02-08 17:28:00,2025-02-08 17:28:00,Class A,273414440_0,57.808353,10.497003,Under way using engine,0.0,9.0,90.3,94.0,9179854,UGPS,ADLER,Cargo,No additional information,20.0,127.0,Combined GPS/GLONASS,5.3,TO ORDER,03/02/2025 08:00:00,AIS,POINT (10.497003 57.808353),273414440_0,0 days 00:01:00,1.9638406732860708e-06,90.11354748128656,0.0,0,5.5698114352378205,57.808353,10.497003
2025-02-08 17:29:00,2025-02-08 17:29:00,Class A,273414440_0,57.80833,10.501607,Under way using engine,0.0,8.9,90.0,93.0,9179854,UGPS,ADLER,Cargo,No additional information,20.0,127.0,Combined GPS/GLONASS,5.3,TO ORDER,03/02/2025 08:00:00,AIS,POINT (10.501607 57.80833),273414440_0,0 days 00:01:00,-8.389829491221075e-07,90.53530192718512,0.0,0,5.565519821176184,57.80833,10.501607
2025-02-08 17:30:00,2025-02-08 17:30:00,Class A,273414440_0,57.808302,10.506202,Under way using engine,0.0,8.6,91.0,93.0,9179854,UGPS,ADLER,Cargo,No additional information,20.0,127.0,Combined GPS/GLONASS,5.3,TO ORDER,03/02/2025 08:00:00,AIS,POINT (10.506202 57.808302),273414440_0,0 days 00:01:00,-1.4695298813020666e-07,90.65337043425706,0.0,0,5.561235242391387,57.808302,10.506202
2025-02-08 17:31:00,2025-02-08 17:31:00,Class A,273414440_0,57.80822,10.51084,Under way using engine,0.0,8.7,92.1,94.0,9179854,UGPS,ADLER,Cargo,No additional information,20.0,127.0,Combined GPS/GLONASS,5.3,TO ORDER,03/02/2025 08:00:00,AIS,POINT (10.51084 57.80822),273414440_0,0 days 00:01:00,7.472540765758392e-07,91.89876320949821,0.0,0,5.556891325653939,57.80822,10.51084
2025-02-08 17:32:00,2025-02-08 17:32:00,Class A,273414440_0,57.808153,10.515427,Under way using engine,0.0,8.9,91.5,93.0,9179854,UGPS,ADLER,Cargo,No additional information,20.0,127.0,Combined GPS/GLONASS,5.3,TO ORDER,03/02/2025 08:00:00,AIS,POINT (10.515427 57.808153),273414440_0,0 days 00:01:00,-8.556795629391928e-07,91.56853788886804,0.0,0,5.552600828415633,57.808153,10.515427
2025-02-08 17:33:00,2025-02-08 17:33:00,Class A,273414440_0,57.808063,10.520045,Under way using engine,0.0,8.7,91.8,93.0,9179854,UGPS,ADLER,Cargo,No additional information,20.0,127.0,Combined GPS/GLONASS,5.3,TO ORDER,03/02/2025 08:00:00,AIS,POINT (10.520045 57.808063),273414440_0,0 days 00:01:00,5.345436307726264e-07,92.09306910610502,0.0,0,5.54827351791618,57.808063,10.520045
2025-02-08 17:34:00,2025-02-08 17:34:00,Class A,273414440_0,57.807968,10.524575,Under way using engine,0.0,8.9,92.2,93.0,9179854,UGPS,ADLER,Cargo,No additional information,20.0,127.0,Combined GPS/GLONASS,5.3,TO ORDER,03/02/2025 08:00:00,AIS,POINT (10.524575 57.807968),273414440_0,0 days 00:01:00,-1.4461035571162814e-06,92.2522911794066,0.0,0,5.544026652367844,57.807968,10.524575
2025-02-08 17:35:00,2025-02-08 17:35:00,Class A,273414440_0,57.807853,10.529088,Under way using engine,0.0,8.8,91.6,93.0,9179854,UGPS,ADLER,Cargo,No additional information,20.0,127.0,Combined GPS/GLONASS,5.3,TO ORDER,03/02/2025 08:00:00,AIS,POINT (10.529088 57.807853),273414440_0,0 days 00:01:00,-2.533540495361306e-07,92.73646671686026,0.0,0,5.539788670263605,57.807853,10.529088
2025-02-08 17:36:00,2025-02-08 17:36:00,Class A,273414440_0,57.807855,10.533678,Under way using engine,0.0,8.6,91.3,94.0,9179854,UGPS,ADLER,Cargo,No additional information,20.0,127.0,Combined GPS/GLONASS,5.3,TO ORDER,03/02/2025 08:00:00,AIS,POINT (10.533678 57.807855),273414440_0,0 days 00:01:00,1.1868219336159571e-06,89.95119720102093,0.0,0,5.535522700834043,57.807855,10.533678
2025-02-08 17:37:00,2025-02-08 17:37:00,Class A,273414440_0,57.807785,10.538125,Under way using engine,0.0,8.8,90.8,93.0,9179854,UGPS,ADLER,Cargo,No additional information,20.0,127.0,Combined GPS/GLONASS,5.3,TO ORDER,03/02/2025 08:00:00,AIS,POINT (10.538125 57.807785),273414440_0,0 days 00:01:00,-2.329489231758927e-06,91.69048697437916,0.0,0,5.531363581166763,57.807785,10.538125
2025-02-08 17:38:00,2025-02-08 17:38:00,Class A,273414440_0,57.80778,10.542725,Under way using engine,0.0,8.6,89.8,92.0,9179854,UGPS,ADLER,Cargo,No additional information,20.0,127.0,Combined GPS/GLONASS,5.3,TO ORDER,03/02/2025 08:00:00,AIS,POINT (10.542725 57.80778),273414440_0,0 days 00:01:00,2.4949086597574404e-06,90.11495008854808,0.0,0,5.527086735455939,57.80778,10.542725
2025-02-08 17:39:00,2025-02-08 17:39:00,Class A,273414440_0,57.807803,10.547265,Under way using engine,0.0,8.4,89.8,93.0,9179854,UGPS,ADLER,Cargo,No additional information,20.0,127.0,Combined GPS/GLONASS,5.3,TO ORDER,03/02/2025 08:00:00,AIS,POINT (10.547265 57.807803),273414440_0,0 days 00:01:00,-9.876229005188174e-07,89.45326412562576,0.0,0,5.522876509552789,57.807803,10.547265
2025-02-08 17:40:00,2025-02-08 17:40:00,Class A,273414440_0,57.807825,10.551783,Under way using engine,0.0,8.4,89.5,93.0,9179854,UGPS,ADLER,Cargo,No additional information,20.0,127.0,Combined GPS/GLONASS,5.3,TO ORDER,03/02/2025 08:00:00,AIS,POINT (10.551783 57.807825),273414440_0,0 days 00:01:00,-3.636204336082202e-07,89.47442192533151,0.0,0,5.518686876114099,57.807825,10.551783
2025-02-08 17:41:00,2025-02-08 17:41:00,Class A,273414440_0,57.807807,10.556235,Under way using engine,0.0,8.7,90.8,93.0,9179854,UGPS,ADLER,Cargo,No additional information,20.0,127.0,Combined GPS/GLONASS,5.3,TO ORDER,03/02/2025 08:00:00,AIS,POINT (10.556235 57.807807),273414440_0,0 days 00:01:00,-1.0909042181447345e-06,90.43292603970247,0.0,0,5.514544264233808,57.807807,10.556235
2025-02-08 17:42:00,2025-02-08 17:42:00,Class A,273414440_0,57.807803,10.56081,Under way using engine,0.0,8.4,90.2,92.0,9179854,UGPS,ADLER,Cargo,No additional information,20.0,127.0,Combined GPS/GLONASS,5.3,TO ORDER,03/02/2025 08:00:00,AIS,POINT (10.56081 57.807803),273414440_0,0 days 00:01:00,2.029201311375808e-06,90.09209249419769,0.0,0,5.510293073859592,57.807803,10.56081
2025-02-08 17:43:00,2025-02-08 17:43:00,Class A,273414440_0,57.807817,10.565302,Under way using engine,0.0,9.0,89.9,92.0,9179854,UGPS,ADLER,Cargo,No additional information,20.0,127.0,Combined GPS/GLONASS,5.3,TO ORDER,03/02/2025 08:00:00,AIS,POINT (10.565302 57.807817),273414440_0,0 days 00:01:00,-1.3694852515888327e-06,89.66292275708565,0.0,0,5.506126160690562,57.807817,10.565302
2025-02-08 17:44:00,2025-02-08 17:44:00,Class A,273414440_0,57.807773,10.5698,Under way using engine,0.0,8.8,89.7,93.0,9179854,UGPS,ADLER,Cargo,No additional information,20.0,127.0,Combined GPS/GLONASS,5.3,TO ORDER,03/02/2025 08:00:00,AIS,POINT (10.5698 57.807773),273414440_0,0 days 00:01:00,1.1032072569965601e-07,91.0499968902717,0.0,0,5.501932667174779,57.807773,10.5698
2025-02-08 17:45:00,2025-02-08 17:45:00,Class A,273414440_0,57.807768,10.574232,Under way using engine,0.0,8.8,90.2,93.0,9179854,UGPS,ADLER,Cargo,No additional information,20.0,127.0,Combined GPS/GLONASS,5.3,TO ORDER,03/02/2025 08:00:00,AIS,POINT (10.574232 57.807768),273414440_0,0 days 00:01:00,-1.102164297120921e-06,90.1194522165062,0.0,0,5.497815418108542,57.807768,10.574232
2025-02-08 17:46:00,2025-02-08 17:46:00,Class A,273414440_0,57.807732,10.57879,Under way using engine,0.0,8.6,90.9,93.0,9179854,UGPS,ADLER,Cargo,No additional information,20.0,127.0,Combined GPS/GLONASS,5.3,TO ORDER,03/02/2025 08:00:00,AIS,POINT (10.57879 57.807732),273414440_0,0 days 00:01:00,2.0888483340351116e-06,90.84741983537111,0.0,0,5.493570161576532,57.807732,10.57879
2025-02-08 17:47:00,2025-02-08 17:47:00,Class A,273414440_0,57.807713,10.583297,Under way using engine,0.0,8.8,90.5,92.0,9179854,UGPS,ADLER,Cargo,No additional information,20.0,127.0,Combined GPS/GLONASS,5.3,TO ORDER,03/02/2025 08:00:00,AIS,POINT (10.583297 57.807713),273414440_0,0 days 00:01:00,-8.480622249062696e-07,90.45145606606559,0.0,0,5.489379071133819,57.807713,10.583297
2025-02-08 17:48:00,2025-02-08 17:48:00,Class A,273414440_0,57.807712,10.587788,Under way using engine,0.0,8.6,90.3,92.0,9179854,UGPS,ADLER,Cargo,No additional information,20.0,127.0,Combined GPS/GLONASS,5.3,TO ORDER,03/02/2025 08:00:00,AIS,POINT (10.587788 57.807712),273414440_0,0 days 00:01:00,-2.6651416267334194e-07,90.02204643077624,0.0,0,5.485210031220318,57.807712,10.587788
2025-02-08 17:49:00,2025-02-08 17:49:00,Class A,273414440_0,57.807683,10.5923,Under way using engine,0.0,8.6,90.3,93.0,9179854,UGPS,ADLER,Cargo,No additional information,20.0,127.0,Combined GPS/GLONASS,5.3,TO ORDER,03/02/2025 08:00:00,AIS,POINT (10.5923 57.807683),273414440_0,0 days 00:01:00,3.522146305586007e-07,90.68927972028723,0.0,0,5.481011582568038,57.807683,10.5923
2025-02-08 17:50:00,2025-02-08 17:50:00,Class A,273414440_0,57.807678,10.596828,Under way using engine,0.0,8.5,90.4,93.0,9179854,UGPS,ADLER,Cargo,No additional information,20.0,127.0,Combined GPS/GLONASS,5.3,TO ORDER,03/02/2025 08:00:00,AIS,POINT (10.596828 57.807678),273414440_0,0 days 00:01:00,2.59014033420369e-07,90.11683899330427,0.0,0,5.476807730855266,57.807678,10.596828
2025-02-08 17:51:00,2025-02-08 17:51:00,Class A,273414440_0,57.807628,10.60133,Under way using engine,0.0,8.6,90.6,92.0,9179854,UGPS,ADLER,Cargo,No additional information,20.0,127.0,Combined GPS/GLONASS,5.3,TO ORDER,03/02/2025 08:00:00,AIS,POINT (10.60133 57.807628),273414440_0,0 days 00:01:00,-4.1337069390649273e-07,91.192330599098,0.0,0,5.472611734901353,57.807628,10.60133
2025-02-08 17:52:00,2025-02-08 17:52:00,Class A,273414440_0,57.80764,10.605847,Under way using engine,0.0,8.6,90.4,93.0,9179854,UGPS,ADLER,Cargo,No additional information,20.0,127.0,Combined GPS/GLONASS,5.3,TO ORDER,03/02/2025 08:00:00,AIS,POINT (10.605847 57.80764),273414440_0,0 days 00:01:00,2.3257905503447305e-07,89.71238511856018,0.0,0,5.46842545364614,57.80764,10.605847
2025-02-08 17:53:00,2025-02-08 17:53:00,Class A,273414440_0,57.807648,10.610343,Under way using engine,0.0,8.5,90.2,93.0,9179854,UGPS,ADLER,Cargo,No additional information,20.0,127.0,Combined GPS/GLONASS,5.3,TO ORDER,03/02/2025 08:00:00,AIS,POINT (10.610343 57.807648),273414440_0,0 days 00:01:00,-3.473214623868377e-07,89.80673796113854,0.0,0,5.464257684518638,57.807648,10.610343
2025-02-08 17:54:00,2025-02-08 17:54:00,Class A,273414440_0,57.807633,10.614857,Under way using engine,0.0,8.8,89.5,93.0,9179854,UGPS,ADLER,Cargo,No additional information,20.0,127.0,Combined GPS/GLONASS,5.3,TO ORDER,03/02/2025 08:00:00,AIS,POINT (10.614857 57.807633),273414440_0,0 days 00:01:00,2.982873003414971e-07,90.3554552140971,0.0,0,5.460065142772749,57.807633,10.614857
2025-02-08 17:55:00,2025-02-08 17:55:00,Class A,273414440_0,57.807647,10.619462,Under way using engine,0.0,8.7,89.5,93.0,9179854,UGPS,ADLER,Cargo,No additional information,20.0,127.0,Combined GPS/GLONASS,5.3,TO ORDER,03/02/2025 08:00:00,AIS,POINT (10.619462 57.807647),273414440_0,0 days 00:01:00,1.502544642910762e-06,89.67110105119508,0.0,0,5.455799573529164,57.807647,10.619462
2025-02-08 17:56:00,2025-02-08 17:56:00,Class A,273414440_0,57.807645,10.623955,Under way using engine,0.0,8.5,90.4,93.0,9179854,UGPS,ADLER,Cargo,No additional information,20.0,127.0,Combined GPS/GLONASS,5.3,TO ORDER,03/02/2025 08:00:00,AIS,POINT (10.623955 57.807645),273414440_0,0 days 00:01:00,-1.8507641220857155e-06,90.04597088882645,0.0,0,5.4516324177202184,57.807645,10.623955
2025-02-08 17:57:00,2025-02-08 17:57:00,Class A,273414440_0,57.807683,10.628545,Under way using engine,0.0,8.6,89.2,92.0,9179854,UGPS,ADLER,Cargo,No additional information,20.0,127.0,Combined GPS/GLONASS,5.3,TO ORDER,03/02/2025 08:00:00,AIS,POINT (10.628545 57.807683),273414440_0,0 days 00:01:00,1.6108898127893735e-06,89.10778223191522,0.0,0,5.44739083692826,57.807683,10.628545
2025-02-08 17:58:00,2025-02-08 17:58:00,Class A,273414440_0,57.80771,10.633068,Under way using engine,0.0,8.5,90.5,94.0,9179854,UGPS,ADLER,Cargo,No additional information,20.0,127.0,Combined GPS/GLONASS,5.3,TO ORDER,03/02/2025 08:00:00,AIS,POINT (10.633068 57.80771),273414440_0,0 days 00:01:00,-1.110935810503553e-06,89.3561262693525,0.0,0,5.443207806248444,57.80771,10.633068
2025-02-08 17:59:00,2025-02-08 17:59:00,Class A,273414440_0,57.807648,10.637608,Under way using engine,0.0,8.8,91.1,95.0,9179854,UGPS,ADLER,Cargo,No additional information,20.0,127.0,Combined GPS/GLONASS,5.3,TO ORDER,03/02/2025 08:00:00,AIS,POINT (10.637608 57.807648),273414440_0,0 days 00:01:00,3.006322879944556e-07,91.46642846113099,0.0,0,5.438976159710208,57.807648,10.637608
2025-02-08 18:00:00,2025-02-08 18:00:00,Class A,273414440_0,57.807567,10.642067,Under way using engine,0.0,8.9,90.8,94.0,9179854,UGPS,ADLER,Cargo,No additional information,20.0,127.0,Combined GPS/GLONASS,5.3,TO ORDER,03/02/2025 08:00:00,AIS,POINT (10.642067 57.807567),273414440_0,0 days 00:01:00,-1.3193743769873556e-06,91.95095548518623,0.0,0,5.434812945335468,57.807567,10.642067
2025-02-08 18:01:00,2025-02-08 18:01:00,Class A,273414440_0,57.807583,10.64673,Under way using engine,0.0,8.8,91.0,95.0,9179854,UGPS,ADLER,Cargo,No additional information,20.0,127.0,Combined GPS/GLONASS,5.3,TO ORDER,03/02/2025 08:00:00,AIS,POINT (10.64673 57.807583),273414440_0,0 days 00:01:00,3.3278479064005056e-06,89.62901875096384,0.0,0,5.430497619432772,57.807583,10.64673
2025-02-08 18:02:00,2025-02-08 18:02:00,Class A,273414440_0,57.807558,10.651235,Under way using engine,0.0,8.7,91.2,94.0,9179854,UGPS,ADLER,Cargo,No additional information,20.0,127.0,Combined GPS/GLONASS,5.3,TO ORDER,03/02/2025 08:00:00,AIS,POINT (10.651235 57.807558),273414440_0,0 days 00:01:00,-2.606744464323729e-06,90.59487740614458,0.0,0,5.426313840406303,57.807558,10.651235
2025-02-08 18:03:00,2025-02-08 18:03:00,Class A,273414440_0,57.807502,10.655732,Under way using engine,0.0,8.7,90.9,95.0,9179854,UGPS,ADLER,Cargo,No additional information,20.0,127.0,Combined GPS/GLONASS,5.3,TO ORDER,03/02/2025 08:00:00,AIS,POINT (10.655732 57.807502),273414440_0,0 days 00:01:00,-1.1584163459388633e-07,91.33707370427481,0.0,0,5.422126317816286,57.807502,10.655732
2025-02-08 18:04:00,2025-02-08 18:04:00,Class A,273414440_0,57.807477,10.660363,Under way using engine,0.0,8.8,90.5,95.0,9179854,UGPS,ADLER,Cargo,No additional information,20.0,127.0,Combined GPS/GLONASS,5.3,TO ORDER,03/02/2025 08:00:00,AIS,POINT (10.660363 57.807477),273414440_0,0 days 00:01:00,2.1966448604224513e-06,90.57858665964756,0.0,0,5.417826843527761,57.807477,10.660363
2025-02-08 18:05:00,2025-02-08 18:05:00,Class A,273414440_0,57.807477,10.664833,Under way using engine,0.0,8.6,90.3,95.0,9179854,UGPS,ADLER,Cargo,No additional information,20.0,127.0,Combined GPS/GLONASS,5.3,TO ORDER,03/02/2025 08:00:00,AIS,POINT (10.664833 57.807477),273414440_0,0 days 00:01:00,-2.6626162357407403e-06,89.99810860290381,0.0,0,5.413686460301334,57.807477,10.664833
2025-02-08 18:06:00,2025-02-08 18:06:00,Class A,273414440_0,57.807478,10.66943,Under way using engine,0.0,8.5,89.8,95.0,9179854,UGPS,ADLER,Cargo,No additional information,20.0,127.0,Combined GPS/GLONASS,5.3,TO ORDER,03/02/2025 08:00:00,AIS,POINT (10.66943 57.807478),273414440_0,0 days 00:01:00,2.097265706845379e-06,89.9746604746299,0.0,0,5.409429366585722,57.807478,10.66943
2025-02-08 18:07:00,2025-02-08 18:07:00,Class A,273414440_0,57.807473,10.67401,Under way using engine,0.0,8.9,89.7,95.0,9179854,UGPS,ADLER,Cargo,No additional information,20.0,127.0,Combined GPS/GLONASS,5.3,TO ORDER,03/02/2025 08:00:00,AIS,POINT (10.67401 57.807473),273414440_0,0 days 00:01:00,-2.8057958256661836e-07,90.1154680222457,0.0,0,5.405186305250264,57.807473,10.67401
2025-02-08 18:08:00,2025-02-08 18:08:00,Class A,273414440_0,57.807475,10.67856,Under way using engine,0.0,9.0,89.7,94.0,9179854,UGPS,ADLER,Cargo,No additional information,20.0,127.0,Combined GPS/GLONASS,5.3,TO ORDER,03/02/2025 08:00:00,AIS,POINT (10.67856 57.807475),273414440_0,0 days 00:01:00,-4.95545463920135e-07,89.95080267144107,0.0,0,5.40097421495539,57.807475,10.67856
2025-02-08 18:24:00,2025-02-08 18:24:00,Class A,273414440_0,57.807847,10.754645,Under way using engine,0.0,9.1,92.4,99.0,9179854,UGPS,ADLER,Cargo,No additional information,20.0,127.0,Combined GPS/GLONASS,5.3,TO ORDER,03/02/2025 08:00:00,AIS,POINT (10.754645 57.807847),273414440_0,0 days 00:16:00,2.1208504869586594e-07,89.44200655315251,0.0,0,5.3307516800010495,57.807847,10.754645
2025-02-08 18:25:00,2025-02-08 18:25:00,Class A,273414440_0,57.8077,10.759482,Under way using engine,0.0,9.1,91.5,98.0,9179854,UGPS,ADLER,Cargo,No additional information,20.0,127.0,Combined GPS/GLONASS,5.3,TO ORDER,03/02/2025 08:00:00,AIS,POINT (10.759482 57.8077),273414440_0,0 days 00:01:00,1.474789499183917e-06,93.2627840672223,0.0,0,5.326227417647503,57.8077,10.759482
2025-02-08 18:26:00,2025-02-08 18:26:00,Class A,273414440_0,57.8076,10.764313,Under way using engine,0.0,9.0,91.6,99.0,9179854,UGPS,ADLER,Cargo,No additional information,20.0,127.0,Combined GPS/GLONASS,5.3,TO ORDER,03/02/2025 08:00:00,AIS,POINT (10.764313 57.8076),273414440_0,0 days 00:01:00,-1.682050986178922e-07,92.22297068344847,0.0,0,5.321727278043192,57.8076,10.764313
2025-02-08 18:27:00,2025-02-08 18:27:00,Class A,273414440_0,57.8075,10.76907,Under way using engine,0.0,9.4,91.4,99.0,9179854,UGPS,ADLER,Cargo,No additional information,20.0,127.0,Combined GPS/GLONASS,5.3,TO ORDER,03/02/2025 08:00:00,AIS,POINT (10.76907 57.8075),273414440_0,0 days 00:01:00,-1.2208706484119133e-06,92.25757251822131,0.0,0,5.317296051587498,57.8075,10.76907
2025-02-08 18:28:00,2025-02-08 18:28:00,Class A,273414440_0,57.807432,10.773883,Under way using engine,0.0,9.3,91.3,98.0,9179854,UGPS,ADLER,Cargo,No additional information,20.0,127.0,Combined GPS/GLONASS,5.3,TO ORDER,03/02/2025 08:00:00,AIS,POINT (10.773883 57.807432),273414440_0,0 days 00:01:00,8.918999237849557e-07,91.51703211674953,0.0,0,5.312825981351637,57.807432,10.773883
2025-02-08 18:29:00,2025-02-08 18:29:00,Class A,273414440_0,57.80735,10.778702,Under way using engine,0.0,9.3,91.8,98.0,9179854,UGPS,ADLER,Cargo,No additional information,20.0,127.0,Combined GPS/GLONASS,5.3,TO ORDER,03/02/2025 08:00:00,AIS,POINT (10.778702 57.80735),273414440_0,0 days 00:01:00,1.1183660618888844e-07,91.82730139212885,0.0,0,5.3083455900836,57.80735,10.778702
2025-02-08 18:38:00,2025-02-08 18:38:00,Class A,273414440_0,57.79857,10.81464,Under way using engine,0.0,9.0,134.6,137.0,9179854,UGPS,ADLER,Cargo,No additional information,20.0,127.0,Combined GPS/GLONASS,5.3,TO ORDER,03/02/2025 08:00:00,AIS,POINT (10.81464 57.79857),273414440_0,0 days 00:09:00,-7.881198323899961e-07,114.61677497411557,0.0,0,5.271797426630502,57.79857,10.81464
2025-02-08 18:39:00,2025-02-08 18:39:00,Class A,273414440_0,57.796837,10.817963,Under way using engine,0.0,8.7,135.0,136.0,9179854,UGPS,ADLER,Cargo,No additional information,20.0,127.0,Combined GPS/GLONASS,5.3,TO ORDER,03/02/2025 08:00:00,AIS,POINT (10.817963 57.796837),273414440_0,0 days 00:01:00,4.2018412634534765e-06,134.37951510436324,0.0,0,5.268063211166887,57.796837,10.817963
2025-02-08 18:40:00,2025-02-08 18:40:00,Class A,273414440_0,57.79508,10.821187,Under way using engine,0.0,9.0,135.0,136.0,9179854,UGPS,ADLER,Cargo,No additional information,20.0,127.0,Combined GPS/GLONASS,5.3,TO ORDER,03/02/2025 08:00:00,AIS,POINT (10.821187 57.79508),273414440_0,0 days 00:01:00,-6.308505738066885e-07,135.63854771673863,0.0,0,5.264411119512323,57.79508,10.821187
2025-02-08 18:41:00,2025-02-08 18:41:00,Class A,273414440_0,57.793362,10.824488,Under way using engine,0.0,8.7,135.7,136.0,9179854,UGPS,ADLER,Cargo,No additional information,20.0,127.0,Combined GPS/GLONASS,5.3,TO ORDER,03/02/2025 08:00:00,AIS,POINT (10.824488 57.793362),273414440_0,0 days 00:01:00,5.040484848904218e-08,134.31802886129776,0.0,0,5.260703027172319,57.793362,10.824488
2025-02-08 18:42:00,2025-02-08 18:42:00,Class A,273414440_0,57.79156,10.827748,Under way using engine,0.0,8.8,134.9,136.0,9179854,UGPS,ADLER,Cargo,No additional information,20.0,127.0,Combined GPS/GLONASS,5.3,TO ORDER,03/02/2025 08:00:00,AIS,POINT (10.827748 57.79156),273414440_0,0 days 00:01:00,1.3657508879453874e-06,136.04194842372527,0.0,0,5.2570004281628115,57.79156,10.827748
2025-02-08 18:43:00,2025-02-08 18:43:00,Class A,273414440_0,57.789805,10.831055,Under way using engine,0.0,8.8,134.4,137.0,9179854,UGPS,ADLER,Cargo,No additional information,20.0,127.0,Combined GPS/GLONASS,5.3,TO ORDER,03/02/2025 08:00:00,AIS,POINT (10.831055 57.789805),273414440_0,0 days 00:01:00,-4.883869499273739e-07,134.8735602116618,0.0,0,5.2532725900621235,57.789805,10.831055
2025-02-08 18:44:00,2025-02-08 18:44:00,Class A,273414440_0,57.788107,10.834345,Under way using engine,0.0,8.8,134.4,137.0,9179854,UGPS,ADLER,Cargo,No additional information,20.0,127.0,Combined GPS/GLONASS,5.3,TO ORDER,03/02/2025 08:00:00,AIS,POINT (10.834345 57.788107),273414440_0,0 days 00:01:00,-1.4330430299739748e-06,134.07411532981916,0.0,0,5.2495824153387645,57.788107,10.834345
2025-02-08 18:53:00,2025-02-08 18:53:00,Class A,273414440_0,57.772157,10.865012,Under way using engine,0.0,9.0,135.3,138.0,9179854,UGPS,ADLER,Cargo,No additional information,20.0,127.0,Combined GPS/GLONASS,5.3,TO ORDER,03/02/2025 08:00:00,AIS,POINT (10.865012 57.772157),273414440_0,0 days 00:09:00,3.3349101336693957e-07,134.27626677001388,0.0,0,5.215139000086287,57.772157,10.865012
2025-02-08 18:54:00,2025-02-08 18:54:00,Class A,273414440_0,57.770358,10.868478,Under way using engine,0.0,9.3,134.5,137.0,9179854,UGPS,ADLER,Cargo,No additional information,20.0,127.0,Combined GPS/GLONASS,5.3,TO ORDER,03/02/2025 08:00:00,AIS,POINT (10.868478 57.770358),273414440_0,0 days 00:01:00,1.2813298896501707e-06,134.22225994642702,0.0,0,5.21124770457287,57.770358,10.868478
2025-02-08 18:55:00,2025-02-08 18:55:00,Class A,273414440_0,57.768565,10.871832,Under way using engine,0.0,9.3,134.9,138.0,9179854,UGPS,ADLER,Cargo,No additional information,20.0,127.0,Combined GPS/GLONASS,5.3,TO ORDER,03/02/2025 08:00:00,AIS,POINT (10.871832 57.768565),273414440_0,0 days 00:01:00,-1.4468637648108768e-06,135.0660945286392,0.0,0,5.207462127060072,57.768565,10.871832
2025-02-08 18:57:00,2025-02-08 18:57:00,Class A,273414440_0,57.7649,10.878697,Under way using engine,0.0,9.5,134.9,138.0,9179854,UGPS,ADLER,Cargo,No additional information,20.0,127.0,Combined GPS/GLONASS,5.3,TO ORDER,03/02/2025 08:00:00,AIS,POINT (10.878697 57.7649),273414440_0,0 days 00:02:00,8.923623235316238e-07,135.02393603652501,0.0,0,5.199715744927311,57.7649,10.878697
2025-02-08 18:58:00,2025-02-08 18:58:00,Class A,273414440_0,57.763167,10.882142,Under way using engine,0.0,8.9,135.1,138.0,9179854,UGPS,ADLER,Cargo,No additional information,20.0,127.0,Combined GPS/GLONASS,5.3,TO ORDER,03/02/2025 08:00:00,AIS,POINT (10.882142 57.763167),273414440_0,0 days 00:01:00,-1.9917784803960904e-06,133.32073619304396,0.0,0,5.195869291346829,57.763167,10.882142
2025-02-08 18:59:00,2025-02-08 18:59:00,Class A,273414440_0,57.761298,10.885513,Under way using engine,0.0,9.3,134.5,137.0,9179854,UGPS,ADLER,Cargo,No additional information,20.0,127.0,Combined GPS/GLONASS,5.3,TO ORDER,03/02/2025 08:00:00,AIS,POINT (10.885513 57.761298),273414440_0,0 days 00:01:00,2.0896712537845417e-06,136.10451275341302,0.0,0,5.1920389144652015,57.761298,10.885513
2025-02-08 19:00:00,2025-02-08 19:00:00,Class A,273414440_0,57.759515,10.888947,Under way using engine,0.0,8.9,134.7,138.0,9179854,UGPS,ADLER,Cargo,No additional information,20.0,127.0,Combined GPS/GLONASS,5.3,TO ORDER,03/02/2025 08:00:00,AIS,POINT (10.888947 57.759515),273414440_0,0 days 00:01:00,-1.1479386719648784e-06,134.2234612683277,0.0,0,5.188183445485519,57.759515,10.888947
2025-02-08 19:01:00,2025-02-08 19:01:00,Class A,273414440_0,57.757733,10.892333,Under way using engine,0.0,9.6,134.2,137.0,9179854,UGPS,ADLER,Cargo,No additional information,20.0,127.0,Combined GPS/GLONASS,5.3,TO ORDER,03/02/2025 08:00:00,AIS,POINT (10.892333 57.757733),273414440_0,0 days 00:01:00,-5.871096427664494e-07,134.60917560680025,0.0,0,5.184372698973907,57.757733,10.892333
2025-02-08 19:02:00,2025-02-08 19:02:00,Class A,273414440_0,57.755917,10.895772,Under way using engine,0.0,9.0,133.9,137.0,9179854,UGPS,ADLER,Cargo,No additional information,20.0,127.0,Combined GPS/GLONASS,5.3,TO ORDER,03/02/2025 08:00:00,AIS,POINT (10.895772 57.755917),273414440_0,0 days 00:01:00,1.3646070415575974e-06,134.70422087525128,0.0,0,5.180499982154328,57.755917,10.895772
2025-02-08 19:03:00,2025-02-08 19:03:00,Class A,273414440_0,57.754167,10.899102,Under way using engine,0.0,9.4,134.9,138.0,9179854,UGPS,ADLER,Cargo,No additional information,20.0,127.0,Combined GPS/GLONASS,5.3,TO ORDER,03/02/2025 08:00:00,AIS,POINT (10.899102 57.754167),273414440_0,0 days 00:01:00,-2.7151574591967753e-06,134.5650096070724,0.0,0,5.176753276798211,57.754167,10.899102
2025-02-08 19:04:00,2025-02-08 19:04:00,Class A,273414440_0,57.752417,10.902533,Under way using engine,0.0,9.0,134.5,137.0,9179854,UGPS,ADLER,Cargo,No additional information,20.0,127.0,Combined GPS/GLONASS,5.3,TO ORDER,03/02/2025 08:00:00,AIS,POINT (10.902533 57.752417),273414440_0,0 days 00:01:00,1.20183652627579e-06,133.70801658960045,0.0,0,5.172913333823601,57.752417,10.902533
2025-02-08 19:05:00,2025-02-08 19:05:00,Class A,273414440_0,57.750583,10.905975,Under way using engine,0.0,9.4,133.5,137.0,9179854,UGPS,ADLER,Cargo,No additional information,20.0,127.0,Combined GPS/GLONASS,5.3,TO ORDER,03/02/2025 08:00:00,AIS,POINT (10.905975 57.750583),273414440_0,0 days 00:01:00,1.9466778012464304e-06,134.95757086549747,0.0,0,5.169031005456438,57.750583,10.905975
2025-02-08 19:06:00,2025-02-08 19:06:00,Class A,273414440_0,57.748808,10.909375,Under way using engine,0.0,9.1,135.5,139.0,9179854,UGPS,ADLER,Cargo,No additional information,20.0,127.0,Combined GPS/GLONASS,5.3,TO ORDER,03/02/2025 08:00:00,AIS,POINT (10.909375 57.748808),273414440_0,0 days 00:01:00,-1.7744362181897703e-06,134.37117061197557,0.0,0,5.165210131741493,57.748808,10.909375
2025-02-08 19:07:00,2025-02-08 19:07:00,Class A,273414440_0,57.746983,10.912768,Under way using engine,0.0,9.0,133.6,137.0,9179854,UGPS,ADLER,Cargo,No additional information,20.0,127.0,Combined GPS/GLONASS,5.3,TO ORDER,03/02/2025 08:00:00,AIS,POINT (10.912768 57.746983),273414440_0,0 days 00:01:00,1.0086606597825796e-06,135.22456239081077,0.0,0,5.1613765565535905,57.746983,10.912768
2025-02-08 19:08:00,2025-02-08 19:08:00,Class A,273414440_0,57.74524,10.916233,Under way using engine,0.0,9.0,134.1,138.0,9179854,UGPS,ADLER,Cargo,No additional information,20.0,127.0,Combined GPS/GLONASS,5.3,TO ORDER,03/02/2025 08:00:00,AIS,POINT (10.916233 57.74524),273414440_0,0 days 00:01:00,-9.13434691715203e-07,133.30554733589406,0.0,0,5.157507981972399,57.74524,10.916233
2025-02-08 19:09:00,2025-02-08 19:09:00,Class A,273414440_0,57.74345,10.91963,Under way using engine,0.0,8.9,133.4,138.0,9179854,UGPS,ADLER,Cargo,No additional information,20.0,127.0,Combined GPS/GLONASS,5.3,TO ORDER,03/02/2025 08:00:00,AIS,POINT (10.91963 57.74345),273414440_0,0 days 00:01:00,2.002078505909897e-07,134.63325852452112,0.0,0,5.15368418892427,57.74345,10.91963
2025-02-08 19:10:00,2025-02-08 19:10:00,Class A,273414440_0,57.741695,10.92316,Under way using engine,0.0,9.3,133.2,137.0,9179854,UGPS,ADLER,Cargo,No additional information,20.0,127.0,Combined GPS/GLONASS,5.3,TO ORDER,03/02/2025 08:00:00,AIS,POINT (10.92316 57.741695),273414440_0,0 days 00:01:00,8.428264387439453e-07,132.96756100270068,0.0,0,5.149751017586482,57.741695,10.92316
2025-02-08 19:15:00,2025-02-08 19:15:00,Class A,273414440_0,57.732665,10.940168,Under way using engine,0.0,9.3,136.1,139.0,9179854,UGPS,ADLER,Cargo,No additional information,20.0,127.0,Combined GPS/GLONASS,5.3,TO ORDER,03/02/2025 08:00:00,AIS,POINT (10.940168 57.732665),273414440_0,0 days 00:05:00,-8.655460534854817e-08,134.83798453296652,0.0,0,5.130580596453874,57.732665,10.940168
2025-02-08 19:16:00,2025-02-08 19:16:00,Class A,273414440_0,57.730852,10.943583,Under way using engine,0.0,9.1,134.9,139.0,9179854,UGPS,ADLER,Cargo,No additional information,20.0,127.0,Combined GPS/GLONASS,5.3,TO ORDER,03/02/2025 08:00:00,AIS,POINT (10.943583 57.730852),273414440_0,0 days 00:01:00,3.158842352717015e-07,134.83763053573296,0.0,0,5.1267315301588585,57.730852,10.943583
2025-02-08 19:17:00,2025-02-08 19:17:00,Class A,273414440_0,57.728958,10.946953,Under way using engine,0.0,9.4,136.3,138.0,9179854,UGPS,ADLER,Cargo,No additional information,20.0,127.0,Combined GPS/GLONASS,5.3,TO ORDER,03/02/2025 08:00:00,AIS,POINT (10.946953 57.728958),273414440_0,0 days 00:01:00,1.271442501687272e-06,136.46768751079765,0.0,0,5.122893024575175,57.728958,10.946953
2025-02-08 19:18:00,2025-02-08 19:18:00,Class A,273414440_0,57.727158,10.950253,Under way using engine,0.0,9.0,136.0,139.0,9179854,UGPS,ADLER,Cargo,No additional information,20.0,127.0,Combined GPS/GLONASS,5.3,TO ORDER,03/02/2025 08:00:00,AIS,POINT (10.950253 57.727158),273414440_0,0 days 00:01:00,-2.894471134175684e-06,135.60987809246149,0.0,0,5.119155226074025,57.727158,10.950253
2025-02-08 19:19:00,2025-02-08 19:19:00,Class A,273414440_0,57.725297,10.95358,Under way using engine,0.0,8.7,135.9,138.0,9179854,UGPS,ADLER,Cargo,No additional information,20.0,127.0,Combined GPS/GLONASS,5.3,TO ORDER,03/02/2025 08:00:00,AIS,POINT (10.95358 57.725297),273414440_0,0 days 00:01:00,1.668416721191e-06,136.32930403366305,0.0,0,5.115369156663963,57.725297,10.95358
2025-02-08 19:20:00,2025-02-08 19:20:00,Class A,273414440_0,57.723437,10.956907,Under way using engine,0.0,9.4,136.9,139.0,9179854,UGPS,ADLER,Cargo,No additional information,20.0,127.0,Combined GPS/GLONASS,5.3,TO ORDER,03/02/2025 08:00:00,AIS,POINT (10.956907 57.723437),273414440_0,0 days 00:01:00,-2.0412977912150886e-08,136.31245112855095,0.0,0,5.111583508845961,57.723437,10.956907
2025-02-08 19:21:00,2025-02-08 19:21:00,Class A,273414440_0,57.721633,10.960177,Under way using engine,0.0,9.2,136.1,138.0,9179854,UGPS,ADLER,Cargo,No additional information,20.0,127.0,Combined GPS/GLONASS,5.3,TO ORDER,03/02/2025 08:00:00,AIS,POINT (10.960177 57.721633),273414440_0,0 days 00:01:00,-1.9003554510557338e-06,135.93061799640316,0.0,0,5.107871994625745,57.721633,10.960177
2025-02-08 19:22:00,2025-02-08 19:22:00,Class A,273414440_0,57.719742,10.963488,Under way using engine,0.0,9.1,137.5,139.0,9179854,UGPS,ADLER,Cargo,No additional information,20.0,127.0,Combined GPS/GLONASS,5.3,TO ORDER,03/02/2025 08:00:00,AIS,POINT (10.963488 57.719742),273414440_0,0 days 00:01:00,2.4184649014750807e-06,136.92019707064878,0.0,0,5.104089339392482,57.719742,10.963488
2025-02-08 19:23:00,2025-02-08 19:23:00,Class A,273414440_0,57.717953,10.966877,Under way using engine,0.0,9.2,136.4,138.0,9179854,UGPS,ADLER,Cargo,No additional information,20.0,127.0,Combined GPS/GLONASS,5.3,TO ORDER,03/02/2025 08:00:00,AIS,POINT (10.966877 57.717953),273414440_0,0 days 00:01:00,-1.3570457101865837e-06,134.6646058164863,0.0,0,5.100273693628804,57.717953,10.966877
2025-02-08 19:24:00,2025-02-08 19:24:00,Class A,273414440_0,57.716038,10.970138,Under way using engine,0.0,9.1,136.5,139.0,9179854,UGPS,ADLER,Cargo,No additional information,20.0,127.0,Combined GPS/GLONASS,5.3,TO ORDER,03/02/2025 08:00:00,AIS,POINT (10.970138 57.716038),273414440_0,0 days 00:01:00,1.3443909278814704e-06,137.7118921451647,0.0,0,5.096528132422697,57.716038,10.970138
2025-02-08 19:25:00,2025-02-08 19:25:00,Class A,273414440_0,57.714162,10.973458,Under way using engine,0.0,9.1,135.8,138.0,9179854,UGPS,ADLER,Cargo,No additional information,20.0,127.0,Combined GPS/GLONASS,5.3,TO ORDER,03/02/2025 08:00:00,AIS,POINT (10.973458 57.714162),273414440_0,0 days 00:01:00,-2.172160509583716e-07,136.61044705106627,0.0,0,5.0927430262678675,57.714162,10.973458
2025-02-08 19:26:00,2025-02-08 19:26:00,Class A,273414440_0,57.712337,10.976822,Under way using engine,0.0,9.2,136.9,139.0,9179854,UGPS,ADLER,Cargo,No additional information,20.0,127.0,Combined GPS/GLONASS,5.3,TO ORDER,03/02/2025 08:00:00,AIS,POINT (10.976822 57.712337),273414440_0,0 days 00:01:00,-6.262345619187284e-07,135.4430311741546,0.0,0,5.088936807978754,57.712337,10.976822
2025-02-08 19:29:00,2025-02-08 19:29:00,Class A,273414440_0,57.706657,10.98675,Under way using engine,0.0,9.5,136.9,139.0,9179854,UGPS,ADLER,Cargo,No additional information,20.0,127.0,Combined GPS/GLONASS,5.3,TO ORDER,03/02/2025 08:00:00,AIS,POINT (10.98675 57.706657),273414440_0,0 days 00:03:00,3.004744514249613e-07,136.958201886942,0.0,0,5.077591553141016,57.706657,10.98675
2025-02-08 19:30:00,2025-02-08 19:30:00,Class A,273414440_0,57.704797,10.990032,Under way using engine,0.0,9.4,136.2,138.0,9179854,UGPS,ADLER,Cargo,No additional information,20.0,127.0,Combined GPS/GLONASS,5.3,TO ORDER,03/02/2025 08:00:00,AIS,POINT (10.990032 57.704797),273414440_0,0 days 00:01:00,-1.0575263995967673e-06,136.68732815607984,0.0,0,5.073847888770514,57.704797,10.990032
2025-02-08 19:31:00,2025-02-08 19:31:00,Class A,273414440_0,57.702955,10.993403,Under way using engine,0.0,8.8,135.8,139.0,9179854,UGPS,ADLER,Cargo,No additional information,20.0,127.0,Combined GPS/GLONASS,5.3,TO ORDER,03/02/2025 08:00:00,AIS,POINT (10.993403 57.702955),273414440_0,0 days 00:01:00,6.224490570268422e-07,135.64164764469808,0.0,0,5.070028890615319,57.702955,10.993403
2025-02-08 19:43:00,2025-02-08 19:43:00,Class A,273414440_0,57.682022,11.031423,Under way using engine,0.0,8.4,135.6,139.0,9179854,UGPS,ADLER,Cargo,No additional information,20.0,127.0,Combined GPS/GLONASS,5.3,TO ORDER,03/02/2025 08:00:00,AIS,POINT (11.031423 57.682022),273414440_0,0 days 00:12:00,-3.7444947272371677e-07,135.8348494391455,0.0,0,5.026898309715944,57.682022,11.031423
2025-02-08 19:44:00,2025-02-08 19:44:00,Class A,273414440_0,57.680357,11.034538,Under way using engine,0.0,8.5,136.8,139.0,9179854,UGPS,ADLER,Cargo,No additional information,20.0,127.0,Combined GPS/GLONASS,5.3,TO ORDER,03/02/2025 08:00:00,AIS,POINT (11.034538 57.680357),273414440_0,0 days 00:01:00,-2.3579681041222104e-06,134.99228554358803,0.0,0,5.023383874603354,57.680357,11.034538
2025-02-08 19:45:00,2025-02-08 19:45:00,Class A,273414440_0,57.678648,11.037698,Under way using engine,0.0,8.8,134.9,138.0,9179854,UGPS,ADLER,Cargo,No additional information,20.0,127.0,Combined GPS/GLONASS,5.3,TO ORDER,03/02/2025 08:00:00,AIS,POINT (11.037698 57.678648),273414440_0,0 days 00:01:00,1.4923416209929677e-06,135.32726391346642,0.0,0,5.0198110956286,57.678648,11.037698
2025-02-08 19:46:00,2025-02-08 19:46:00,Class A,273414440_0,57.676895,11.040858,Under way using engine,0.0,8.8,136.3,139.0,9179854,UGPS,ADLER,Cargo,No additional information,20.0,127.0,Combined GPS/GLONASS,5.3,TO ORDER,03/02/2025 08:00:00,AIS,POINT (11.040858 57.676895),273414440_0,0 days 00:01:00,9.749150795958923e-07,136.05389962428285,0.0,0,5.016221586382424,57.676895,11.040858
2025-02-08 19:47:00,2025-02-08 19:47:00,Class A,273414440_0,57.675142,11.043953,Under way using engine,0.0,8.8,135.2,139.0,9179854,UGPS,ADLER,Cargo,No additional information,20.0,127.0,Combined GPS/GLONASS,5.3,TO ORDER,03/02/2025 08:00:00,AIS,POINT (11.043953 57.675142),273414440_0,0 days 00:01:00,-7.426070661829878e-07,136.64729110384008,0.0,0,5.012692214810819,57.675142,11.043953
2025-02-08 19:48:00,2025-02-08 19:48:00,Class A,273414440_0,57.673407,11.047162,Under way using engine,0.0,8.7,136.5,139.0,9179854,UGPS,ADLER,Cargo,No additional information,20.0,127.0,Combined GPS/GLONASS,5.3,TO ORDER,03/02/2025 08:00:00,AIS,POINT (11.047162 57.673407),273414440_0,0 days 00:01:00,9.159743840621669e-07,135.31485291309662,0.0,0,5.009064320102207,57.673407,11.047162
2025-02-08 19:49:00,2025-02-08 19:49:00,Class A,273414440_0,57.671653,11.050263,Under way using engine,0.0,8.7,135.5,138.0,9179854,UGPS,ADLER,Cargo,No additional information,20.0,127.0,Combined GPS/GLONASS,5.3,TO ORDER,03/02/2025 08:00:00,AIS,POINT (11.050263 57.671653),273414440_0,0 days 00:01:00,-8.217747927816935e-07,136.60545405472374,0.0,0,5.005529092404318,57.671653,11.050263
2025-02-08 19:50:00,2025-02-08 19:50:00,Class A,273414440_0,57.669875,11.05345,Under way using engine,0.0,8.8,136.8,139.0,9179854,UGPS,ADLER,Cargo,No additional information,20.0,127.0,Combined GPS/GLONASS,5.3,TO ORDER,03/02/2025 08:00:00,AIS,POINT (11.05345 57.669875),273414440_0,0 days 00:01:00,1.5229161160841467e-06,136.21016173645376,0.0,0,5.0019052411529135,57.669875,11.05345
2025-02-08 19:51:00,2025-02-08 19:51:00,Class A,273414440_0,57.66814,11.056607,Under way using engine,0.0,9.0,135.4,138.0,9179854,UGPS,ADLER,Cargo,No additional information,20.0,127.0,Combined GPS/GLONASS,5.3,TO ORDER,03/02/2025 08:00:00,AIS,POINT (11.056607 57.66814),273414440_0,0 days 00:01:00,-1.3000380065897148e-06,135.77864872144346,0.0,0,4.998325531432002,57.66814,11.056607
2025-02-08 19:52:00,2025-02-08 19:52:00,Class A,273414440_0,57.666315,11.059815,Under way using engine,0.0,8.6,137.1,139.0,9179854,UGPS,ADLER,Cargo,No additional information,20.0,127.0,Combined GPS/GLONASS,5.3,TO ORDER,03/02/2025 08:00:00,AIS,POINT (11.059815 57.666315),273414440_0,0 days 00:01:00,2.5970655437831194e-06,136.76589684594637,0.0,0,4.994664452162726,57.666315,11.059815
2025-02-08 19:53:00,2025-02-08 19:53:00,Class A,273414440_0,57.66452,11.062935,Under way using engine,0.0,8.8,136.5,138.0,9179854,UGPS,ADLER,Cargo,No additional information,20.0,127.0,Combined GPS/GLONASS,5.3,TO ORDER,03/02/2025 08:00:00,AIS,POINT (11.062935 57.66452),273414440_0,0 days 00:01:00,-1.6729260499342922e-06,137.08577194998145,0.0,0,4.99109621355199,57.66452,11.062935
2025-02-08 19:54:00,2025-02-08 19:54:00,Class A,273414440_0,57.662723,11.066152,Under way using engine,0.0,8.8,136.7,139.0,9179854,UGPS,ADLER,Cargo,No additional information,20.0,127.0,Combined GPS/GLONASS,5.3,TO ORDER,03/02/2025 08:00:00,AIS,POINT (11.066152 57.662723),273414440_0,0 days 00:01:00,1.1515310521140476e-06,136.24058296927603,0.0,0,4.987437544675321,57.662723,11.066152
2025-02-08 19:55:00,2025-02-08 19:55:00,Class A,273414440_0,57.660943,11.069347,Under way using engine,0.0,8.8,136.1,139.0,9179854,UGPS,ADLER,Cargo,No additional information,20.0,127.0,Combined GPS/GLONASS,5.3,TO ORDER,03/02/2025 08:00:00,AIS,POINT (11.069347 57.660943),273414440_0,0 days 00:01:00,-6.301629052218814e-07,136.16352907527136,0.0,0,4.983805725282839,57.660943,11.069347
2025-02-08 20:09:00,2025-02-08 20:09:00,Class A,273414440_0,57.635585,11.113723,Under way using engine,0.0,9.1,137.5,138.0,9179854,UGPS,ADLER,Cargo,No additional information,20.0,127.0,Combined GPS/GLONASS,5.3,TO ORDER,03/02/2025 08:00:00,AIS,POINT (11.113723 57.635585),273414440_0,0 days 00:14:00,3.045403326809168e-08,136.86116441340613,0.0,0,4.933125829466951,57.635585,11.113723
2025-02-08 20:10:00,2025-02-08 20:10:00,Class A,273414440_0,57.63367,11.116817,Under way using engine,0.0,8.8,137.7,139.0,9179854,UGPS,ADLER,Cargo,No additional information,20.0,127.0,Combined GPS/GLONASS,5.3,TO ORDER,03/02/2025 08:00:00,AIS,POINT (11.116817 57.63367),273414440_0,0 days 00:01:00,1.5548840077824501e-06,139.1424137566441,0.0,0,4.92953696036707,57.63367,11.116817
2025-02-08 20:30:00,2025-02-08 20:30:00,Class A,273414440_0,57.596022,11.179192,Under way using engine,0.0,9.1,139.7,139.0,9179854,UGPS,ADLER,Cargo,No additional information,20.0,127.0,Combined GPS/GLONASS,5.3,TO ORDER,03/02/2025 08:00:00,AIS,POINT (11.179192 57.596022),273414440_0,0 days 00:20:00,-2.3431709183148668e-08,138.3880536399015,0.0,0,4.857562120368198,57.596022,11.179192
2025-02-08 20:31:00,2025-02-08 20:31:00,Class A,273414440_0,57.594122,11.182275,Under way using engine,0.0,8.8,138.9,138.0,9179854,UGPS,ADLER,Cargo,No additional information,20.0,127.0,Combined GPS/GLONASS,5.3,TO ORDER,03/02/2025 08:00:00,AIS,POINT (11.182275 57.594122),273414440_0,0 days 00:01:00,3.482387464629789e-08,138.98954330859982,0.0,0,4.853990559975265,57.594122,11.182275
2025-02-08 20:32:00,2025-02-08 20:32:00,Class A,273414440_0,57.592217,11.185395,Under way using engine,0.0,9.1,139.0,139.0,9179854,UGPS,ADLER,Cargo,No additional information,20.0,127.0,Combined GPS/GLONASS,5.3,TO ORDER,03/02/2025 08:00:00,AIS,POINT (11.185395 57.592217),273414440_0,0 days 00:01:00,5.229650802191909e-07,138.7239815528402,0.0,0,4.85038291299089,57.592217,11.185395
2025-02-08 20:33:00,2025-02-08 20:33:00,Class A,273414440_0,57.590317,11.18846,Under way using engine,0.0,8.9,139.4,139.0,9179854,UGPS,ADLER,Cargo,No additional information,20.0,127.0,Combined GPS/GLONASS,5.3,TO ORDER,03/02/2025 08:00:00,AIS,POINT (11.18846 57.590317),273414440_0,0 days 00:01:00,-7.1559454456e-07,139.1526418336772,0.0,0,4.846828176392165,57.590317,11.18846
2025-02-08 20:34:00,2025-02-08 20:34:00,Class A,273414440_0,57.588385,11.19157,Under way using engine,0.0,8.8,138.7,138.0,9179854,UGPS,ADLER,Cargo,0,20.0,127.0,Combined GPS/GLONASS,5.3,TO ORDER,03/02/2025 08:00:00,AIS,POINT (11.19157 57.588385),273414440_0,0 days 00:01:00,1.2395299314615887e-06,139.21140675762837,0.0,0,4.843219783131156,57.588385,11.19157
2025-02-08 20:35:00,2025-02-08 20:35:00,Class A,273414440_0,57.58647,11.19461,Under way using engine,0.0,9.2,139.5,139.0,9179854,UGPS,ADLER,Cargo,0,20.0,127.0,Combined GPS/GLONASS,5.3,TO ORDER,03/02/2025 08:00:00,AIS,POINT (11.19461 57.58647),273414440_0,0 days 00:01:00,-1.1548382883593579e-06,139.6042020974848,0.0,0,4.839682723713197,57.58647,11.19461
2025-02-08 20:54:00,2025-02-08 20:54:00,Class A,273414440_0,57.552265,11.254813,Under way using engine,0.0,8.4,137.1,137.0,9179854,UGPS,ADLER,Cargo,No additional information,20.0,127.0,Combined GPS/GLONASS,5.3,TO ORDER,03/02/2025 08:00:00,AIS,POINT (11.254813 57.552265),273414440_0,0 days 00:19:00,-6.298030332603759e-08,136.628144147576,0.0,0,4.771044166598543,57.552265,11.254813
2025-02-08 20:55:00,2025-02-08 20:55:00,Class A,273414440_0,57.550445,11.258018,Under way using engine,0.0,8.8,136.1,136.0,9179854,UGPS,ADLER,Cargo,No additional information,20.0,127.0,Combined GPS/GLONASS,5.3,TO ORDER,03/02/2025 08:00:00,AIS,POINT (11.258018 57.550445),273414440_0,0 days 00:01:00,8.775768654503835e-07,136.6230327835558,0.0,0,4.767390933339641,57.550445,11.258018
2025-02-08 20:56:00,2025-02-08 20:56:00,Class A,273414440_0,57.548592,11.261193,Under way using engine,0.0,9.0,136.8,137.0,9179854,UGPS,ADLER,Cargo,No additional information,20.0,127.0,Combined GPS/GLONASS,5.3,TO ORDER,03/02/2025 08:00:00,AIS,POINT (11.261193 57.548592),273414440_0,0 days 00:01:00,4.0742539345989316e-07,137.40384643418184,0.0,0,4.763753225233754,57.548592,11.261193
2025-02-08 20:57:00,2025-02-08 20:57:00,Class A,273414440_0,57.546767,11.264343,Under way using engine,0.0,8.9,136.8,136.0,9179854,UGPS,ADLER,Cargo,No additional information,20.0,127.0,Combined GPS/GLONASS,5.3,TO ORDER,03/02/2025 08:00:00,AIS,POINT (11.264343 57.546767),273414440_0,0 days 00:01:00,-9.165096254514846e-07,137.1933667102948,0.0,0,4.760149234325538,57.546767,11.264343
2025-02-08 20:58:00,2025-02-08 20:58:00,Class A,273414440_0,57.544938,11.267513,Under way using engine,0.0,9.3,137.0,137.0,9179854,UGPS,ADLER,Cargo,No additional information,20.0,127.0,Combined GPS/GLONASS,5.3,TO ORDER,03/02/2025 08:00:00,AIS,POINT (11.267513 57.544938),273414440_0,0 days 00:01:00,3.1893048307518716e-07,137.0736598440888,0.0,0,4.7565252541115575,57.544938,11.267513
2025-02-08 20:59:00,2025-02-08 20:59:00,Class A,273414440_0,57.543143,11.270608,Under way using engine,0.0,8.8,138.0,137.0,9179854,UGPS,ADLER,Cargo,No additional information,20.0,127.0,Combined GPS/GLONASS,5.3,TO ORDER,03/02/2025 08:00:00,AIS,POINT (11.270608 57.543143),273414440_0,0 days 00:01:00,-1.6179987100130068e-06,137.22023076502148,0.0,0,4.752983601282567,57.543143,11.270608
2025-02-08 21:10:00,2025-02-08 21:10:00,Class A,273414440_0,57.523212,11.303752,Under way using engine,0.0,8.7,139.5,137.0,9179854,UGPS,ADLER,Cargo,No additional information,20.0,127.0,Combined GPS/GLONASS,5.3,TO ORDER,03/02/2025 08:00:00,AIS,POINT (11.303752 57.523212),273414440_0,0 days 00:11:00,-4.7330966957684e-08,138.23126374933554,0.0,0,4.714795805018071,57.523212,11.303752
2025-02-08 21:11:00,2025-02-08 21:11:00,Class A,273414440_0,57.521305,11.306658,Under way using engine,0.0,9.0,140.1,137.0,9179854,UGPS,ADLER,Cargo,No additional information,20.0,127.0,Combined GPS/GLONASS,5.3,TO ORDER,03/02/2025 08:00:00,AIS,POINT (11.306658 57.521305),273414440_0,0 days 00:01:00,1.0847668477870307e-06,140.70634968124233,0.0,0,4.711388543608878,57.521305,11.306658
2025-02-08 21:12:00,2025-02-08 21:12:00,Class A,273414440_0,57.51947,11.30961,Under way using engine,0.0,8.7,139.6,136.0,9179854,UGPS,ADLER,Cargo,No additional information,20.0,127.0,Combined GPS/GLONASS,5.3,TO ORDER,03/02/2025 08:00:00,AIS,POINT (11.30961 57.51947),273414440_0,0 days 00:01:00,-1.208674716953586e-06,139.17562912497937,0.0,0,4.707965500532899,57.51947,11.30961
2025-02-08 21:13:00,2025-02-08 21:13:00,Class A,273414440_0,57.517593,11.312555,Under way using engine,0.0,8.6,139.5,137.0,9179854,UGPS,ADLER,Cargo,No additional information,20.0,127.0,Combined GPS/GLONASS,5.3,TO ORDER,03/02/2025 08:00:00,AIS,POINT (11.312555 57.517593),273414440_0,0 days 00:01:00,9.135444419836539e-07,139.8815598589631,0.0,0,4.704533397438049,57.517593,11.312555
2025-02-08 21:14:00,2025-02-08 21:14:00,Class A,273414440_0,57.515768,11.315462,Under way using engine,0.0,8.5,139.9,137.0,9179854,UGPS,ADLER,Cargo,No additional information,20.0,127.0,Combined GPS/GLONASS,5.3,TO ORDER,03/02/2025 08:00:00,AIS,POINT (11.315462 57.515768),273414440_0,0 days 00:01:00,-1.6335890300576162e-06,139.4530797447734,0.0,0,4.701156004232576,57.515768,11.315462
2025-02-08 21:15:00,2025-02-08 21:15:00,Class A,273414440_0,57.51386,11.318348,Under way using engine,0.0,8.9,139.6,137.0,9179854,UGPS,ADLER,Cargo,No additional information,20.0,127.0,Combined GPS/GLONASS,5.3,TO ORDER,03/02/2025 08:00:00,AIS,POINT (11.318348 57.51386),273414440_0,0 days 00:01:00,1.7482189721830926e-06,140.9091334024987,0.0,0,4.697767308254422,57.51386,11.318348
2025-02-08 21:16:00,2025-02-08 21:16:00,Class A,273414440_0,57.512017,11.321278,Under way using engine,0.0,8.9,138.9,136.0,9179854,UGPS,ADLER,Cargo,No additional information,20.0,127.0,Combined GPS/GLONASS,5.3,TO ORDER,03/02/2025 08:00:00,AIS,POINT (11.321278 57.512017),273414440_0,0 days 00:01:00,-1.0730064700458993e-06,139.5048931483143,0.0,0,4.6943620415797715,57.512017,11.321278
2025-02-08 21:17:00,2025-02-08 21:17:00,Class A,273414440_0,57.510155,11.324322,Under way using engine,0.0,9.0,140.0,137.0,9179854,UGPS,ADLER,Cargo,No additional information,20.0,127.0,Combined GPS/GLONASS,5.3,TO ORDER,03/02/2025 08:00:00,AIS,POINT (11.324322 57.510155),273414440_0,0 days 00:01:00,1.6894491139037073e-06,138.7119826789974,0.0,0,4.690843963704717,57.510155,11.324322
2025-02-08 21:18:00,2025-02-08 21:18:00,Class A,273414440_0,57.508222,11.327297,Under way using engine,0.0,9.0,139.6,136.0,9179854,UGPS,ADLER,Cargo,No additional information,20.0,127.0,Combined GPS/GLONASS,5.3,TO ORDER,03/02/2025 08:00:00,AIS,POINT (11.327297 57.508222),273414440_0,0 days 00:01:00,9.263107192413172e-07,140.41727584937172,0.0,0,4.68736363566995,57.508222,11.327297
2025-02-08 21:19:00,2025-02-08 21:19:00,Class A,273414440_0,57.50632,11.330322,Under way using engine,0.0,8.8,139.9,136.0,9179854,UGPS,ADLER,Cargo,No additional information,20.0,127.0,Combined GPS/GLONASS,5.3,TO ORDER,03/02/2025 08:00:00,AIS,POINT (11.330322 57.50632),273414440_0,0 days 00:01:00,-1.9564841996338085e-07,139.48921394517998,0.0,0,4.683848502539338,57.50632,11.330322
2025-02-08 21:20:00,2025-02-08 21:20:00,Class A,273414440_0,57.504458,11.33336,Under way using engine,0.0,8.9,139.5,137.0,9179854,UGPS,ADLER,Cargo,No additional information,20.0,127.0,Combined GPS/GLONASS,5.3,TO ORDER,03/02/2025 08:00:00,AIS,POINT (11.33336 57.504458),273414440_0,0 days 00:01:00,-7.914493786569428e-07,138.7635932157935,0.0,0,4.680336241367707,57.504458,11.33336
2025-02-08 21:21:00,2025-02-08 21:21:00,Class A,273414440_0,57.502533,11.33642,Under way using engine,0.0,8.9,138.0,136.0,9179854,UGPS,ADLER,Cargo,No additional information,20.0,127.0,Combined GPS/GLONASS,5.3,TO ORDER,03/02/2025 08:00:00,AIS,POINT (11.33642 57.502533),273414440_0,0 days 00:01:00,1.7143543684840195e-06,139.50087756126857,0.0,0,4.676780241504297,57.502533,11.33642
2025-02-08 21:22:00,2025-02-08 21:22:00,Class A,273414440_0,57.500622,11.339563,Under way using engine,0.0,8.9,138.7,137.0,9179854,UGPS,ADLER,Cargo,No additional information,20.0,127.0,Combined GPS/GLONASS,5.3,TO ORDER,03/02/2025 08:00:00,AIS,POINT (11.339563 57.500622),273414440_0,0 days 00:01:00,5.825746379301203e-07,138.53317479482462,0.0,0,4.673152454909319,57.500622,11.339563
2025-02-08 21:23:00,2025-02-08 21:23:00,Class A,273414440_0,57.498737,11.342632,Under way using engine,0.0,8.9,138.5,137.0,9179854,UGPS,ADLER,Cargo,No additional information,20.0,127.0,Combined GPS/GLONASS,5.3,TO ORDER,03/02/2025 08:00:00,AIS,POINT (11.342632 57.498737),273414440_0,0 days 00:01:00,-1.4164167487603028e-06,138.8194612372002,0.0,0,4.669603112319182,57.498737,11.342632
2025-02-08 21:24:00,2025-02-08 21:24:00,Class A,273414440_0,57.496937,11.345687,Under way using engine,0.0,9.1,136.5,136.0,9179854,UGPS,ADLER,Cargo,No additional information,20.0,127.0,Combined GPS/GLONASS,5.3,TO ORDER,03/02/2025 08:00:00,AIS,POINT (11.345687 57.496937),273414440_0,0 days 00:01:00,-2.1133424319759162e-06,137.63480741414463,0.0,0,4.666098375875289,57.496937,11.345687
2025-02-08 21:25:00,2025-02-08 21:25:00,Class A,273414440_0,57.495042,11.348888,Under way using engine,0.0,8.9,138.2,137.0,9179854,UGPS,ADLER,Cargo,No additional information,20.0,127.0,Combined GPS/GLONASS,5.3,TO ORDER,03/02/2025 08:00:00,AIS,POINT (11.348888 57.495042),273414440_0,0 days 00:01:00,3.8118664917191797e-06,137.7687319226667,0.0,0,4.6624228845633455,57.495042,11.348888
2025-02-08 21:26:00,2025-02-08 21:26:00,Class A,273414440_0,57.49318,11.352078,Under way using engine,0.0,9.1,137.9,137.0,9179854,UGPS,ADLER,Cargo,No additional information,20.0,127.0,Combined GPS/GLONASS,5.3,TO ORDER,03/02/2025 08:00:00,AIS,POINT (11.352078 57.49318),273414440_0,0 days 00:01:00,-8.747449556708621e-07,137.36423588689325,0.0,0,4.658769911846259,57.49318,11.352078
2025-02-08 21:27:00,2025-02-08 21:27:00,Class A,273414440_0,57.491312,11.355335,Under way using engine,0.0,9.0,136.9,136.0,9179854,UGPS,ADLER,Cargo,No additional information,20.0,127.0,Combined GPS/GLONASS,5.3,TO ORDER,03/02/2025 08:00:00,AIS,POINT (11.355335 57.491312),273414440_0,0 days 00:01:00,8.980416923598811e-07,136.86082541951987,0.0,0,4.655052549657092,57.491312,11.355335
2025-02-08 21:28:01,2025-02-08 21:28:01,Class A,273414440_0,57.489438,11.358507,Under way using engine,0.0,9.3,137.0,136.0,9179854,UGPS,ADLER,Cargo,No additional information,20.0,127.0,Combined GPS/GLONASS,5.3,TO ORDER,03/02/2025 08:00:00,AIS,POINT (11.358507 57.489438),273414440_0,0 days 00:01:01,-2.0747825131020213e-06,137.70610726204325,0.0,0,4.651411977330862,57.489438,11.358507
2025-02-08 21:29:01,2025-02-08 21:29:01,Class A,273414440_0,57.48754,11.361657,Under way using engine,0.0,9.1,137.1,136.0,9179854,UGPS,ADLER,Cargo,No additional information,20.0,127.0,Combined GPS/GLONASS,5.3,TO ORDER,03/02/2025 08:00:00,AIS,POINT (11.361657 57.48754),273414440_0,0 days 00:01:00,1.5933394153077023e-06,138.2655171909919,0.0,0,4.64778302182503,57.48754,11.361657
2025-02-08 21:30:01,2025-02-08 21:30:01,Class A,273414440_0,57.485683,11.364857,Under way using engine,0.0,8.9,137.9,137.0,9179854,UGPS,ADLER,Cargo,No additional information,20.0,127.0,Combined GPS/GLONASS,5.3,TO ORDER,03/02/2025 08:00:00,AIS,POINT (11.364857 57.485683),273414440_0,0 days 00:01:00,-3.7506295744124154e-07,137.19219833171758,0.0,0,4.644122874012056,57.485683,11.364857
2025-02-08 21:31:01,2025-02-08 21:31:01,Class A,273414440_0,57.483783,11.368068,Under way using engine,0.0,9.3,137.7,137.0,9179854,UGPS,ADLER,Cargo,0,20.0,127.0,Combined GPS/GLONASS,5.3,TO ORDER,03/02/2025 08:00:00,AIS,POINT (11.368068 57.483783),273414440_0,0 days 00:01:00,1.1052870551763455e-06,137.74613311690223,0.0,0,4.640436655762151,57.483783,11.368068
2025-02-08 21:32:00,2025-02-08 21:32:00,Class A,273414440_0,57.481962,11.371218,Under way using engine,0.0,8.8,136.6,137.0,9179854,UGPS,ADLER,Cargo,0,20.0,127.0,Combined GPS/GLONASS,5.3,TO ORDER,03/02/2025 08:00:00,AIS,POINT (11.371218 57.481962),273414440_0,0 days 00:00:59,-1.19948013296302e-06,137.07993229909948,0.0,0,4.636836409493007,57.481962,11.371218
2025-02-08 21:33:00,2025-02-08 21:33:00,Class A,273414440_0,57.480098,11.374443,Under way using engine,0.0,9.3,136.6,136.0,9179854,UGPS,ADLER,Cargo,0,20.0,127.0,Combined GPS/GLONASS,5.3,TO ORDER,03/02/2025 08:00:00,AIS,POINT (11.374443 57.480098),273414440_0,0 days 00:01:00,5.219609938281044e-07,137.07298544914738,0.0,0,4.633150637063401,57.480098,11.374443
2025-02-08 21:34:00,2025-02-08 21:34:00,Class A,273414440_0,57.478227,11.377627,Under way using engine,0.0,9.2,137.8,137.0,9179854,UGPS,ADLER,Cargo,0,20.0,127.0,Combined GPS/GLONASS,5.3,TO ORDER,03/02/2025 08:00:00,AIS,POINT (11.377627 57.478227),273414440_0,0 days 00:01:00,-3.028508413303616e-07,137.54392040323938,0.0,0,4.629500432861626,57.478227,11.377627
2025-02-08 21:35:00,2025-02-08 21:35:00,Class A,273414440_0,57.476323,11.380813,Under way using engine,0.0,9.1,136.9,136.0,9179854,UGPS,ADLER,Cargo,0,20.0,127.0,Combined GPS/GLONASS,5.3,TO ORDER,03/02/2025 08:00:00,AIS,POINT (11.380813 57.476323),273414440_0,0 days 00:01:00,7.796764432720412e-07,138.02304826920715,0.0,0,4.625836239616141,57.476323,11.380813
2025-02-08 21:36:00,2025-02-08 21:36:00,Class A,273414440_0,57.474435,11.384017,Under way using engine,0.0,9.4,137.2,137.0,9179854,UGPS,ADLER,Cargo,0,20.0,127.0,Combined GPS/GLONASS,5.3,TO ORDER,03/02/2025 08:00:00,AIS,POINT (11.384017 57.474435),273414440_0,0 days 00:01:00,-1.63028156309923e-07,137.62036770478664,0.0,0,4.622161308705052,57.474435,11.384017
2025-02-08 21:42:00,2025-02-08 21:42:00,Class A,273414440_0,57.46149,11.398595,Under way using engine,0.0,9.4,162.0,160.0,9179854,UGPS,ADLER,Cargo,0,20.0,127.0,Combined GPS/GLONASS,5.3,TO ORDER,03/02/2025 08:00:00,AIS,POINT (11.398595 57.46149),273414440_0,0 days 00:06:00,-1.7759666232348084e-07,148.79431874769148,0.0,0,4.603836311033765,57.46149,11.398595
2025-02-08 21:43:00,2025-02-08 21:43:00,Class A,273414440_0,57.45901,11.399937,Under way using engine,0.0,9.2,164.2,161.0,9179854,UGPS,ADLER,Cargo,0,20.0,127.0,Combined GPS/GLONASS,5.3,TO ORDER,03/02/2025 08:00:00,AIS,POINT (11.399937 57.45901),273414440_0,0 days 00:01:00,1.8462829132520937e-06,163.77100654027947,0.0,0,4.601675813616708,57.45901,11.399937
2025-02-08 21:44:00,2025-02-08 21:44:00,Class A,273414440_0,57.456488,11.401255,Under way using engine,0.0,9.3,163.8,160.0,9179854,UGPS,ADLER,Cargo,0,20.0,127.0,Combined GPS/GLONASS,5.3,TO ORDER,03/02/2025 08:00:00,AIS,POINT (11.401255 57.456488),273414440_0,0 days 00:01:00,1.1391361106833446e-06,164.29779862220266,0.0,0,4.599522917643197,57.456488,11.401255
2025-02-08 21:45:00,2025-02-08 21:45:00,Class A,273414440_0,57.454027,11.402697,Under way using engine,0.0,9.5,161.5,158.0,9179854,UGPS,ADLER,Cargo,0,20.0,127.0,Combined GPS/GLONASS,5.3,TO ORDER,03/02/2025 08:00:00,AIS,POINT (11.402697 57.454027),273414440_0,0 days 00:01:00,-1.2161913100686613e-06,162.50394117191536,0.0,0,4.59727782441153,57.454027,11.402697
2025-02-08 21:46:00,2025-02-08 21:46:00,Class A,273414440_0,57.451505,11.404237,Under way using engine,0.0,9.5,162.6,159.0,9179854,UGPS,ADLER,Cargo,0,20.0,127.0,Combined GPS/GLONASS,5.3,TO ORDER,03/02/2025 08:00:00,AIS,POINT (11.404237 57.451505),273414440_0,0 days 00:01:00,2.2980701143743605e-06,161.8132844559059,0.0,0,4.594919861931216,57.451505,11.404237
2025-02-08 21:47:00,2025-02-08 21:47:00,Class A,273414440_0,57.449,11.405692,Under way using engine,0.0,9.5,162.1,158.0,9179854,UGPS,ADLER,Cargo,0,20.0,127.0,Combined GPS/GLONASS,5.3,TO ORDER,03/02/2025 08:00:00,AIS,POINT (11.405692 57.449),273414440_0,0 days 00:01:00,-9.336328033397589e-07,162.6448702768422,0.0,0,4.592647908198492,57.449,11.405692
2025-02-08 21:48:00,2025-02-08 21:48:00,Class A,273414440_0,57.446605,11.407207,Under way using engine,0.0,9.1,160.2,157.0,9179854,UGPS,ADLER,Cargo,0,20.0,127.0,Combined GPS/GLONASS,5.3,TO ORDER,03/02/2025 08:00:00,AIS,POINT (11.407207 57.446605),273414440_0,0 days 00:01:00,-2.9230870407640665e-06,161.20261795681313,0.0,0,4.5903610845694915,57.446605,11.407207
2025-02-08 21:49:00,2025-02-08 21:49:00,Class A,273414440_0,57.44411,11.408823,Under way using engine,0.0,9.5,161.2,158.0,9179854,UGPS,ADLER,Cargo,0,20.0,127.0,Combined GPS/GLONASS,5.3,TO ORDER,03/02/2025 08:00:00,AIS,POINT (11.408823 57.44411),273414440_0,0 days 00:01:00,3.474410737672517e-06,160.78447899485855,0.0,0,4.587944298063023,57.44411,11.408823
2025-02-08 21:50:00,2025-02-08 21:50:00,Class A,273414440_0,57.441627,11.41035,Under way using engine,0.0,9.4,160.8,157.0,9179854,UGPS,ADLER,Cargo,0,20.0,127.0,Combined GPS/GLONASS,5.3,TO ORDER,03/02/2025 08:00:00,AIS,POINT (11.41035 57.441627),273414440_0,0 days 00:01:00,-8.292400553910374e-07,161.68757349782027,0.0,0,4.585615396882843,57.441627,11.41035
2025-02-08 21:51:00,2025-02-08 21:51:00,Class A,273414440_0,57.439148,11.412038,Under way using engine,0.0,9.4,159.7,156.0,9179854,UGPS,ADLER,Cargo,0,20.0,127.0,Combined GPS/GLONASS,5.3,TO ORDER,03/02/2025 08:00:00,AIS,POINT (11.412038 57.439148),273414440_0,0 days 00:01:00,7.694120695486955e-07,159.87366587205065,0.0,0,4.583138732724114,57.439148,11.412038
2025-02-08 21:52:00,2025-02-08 21:52:00,Class A,273414440_0,57.436695,11.413707,Under way using engine,0.0,9.5,160.8,157.0,9179854,UGPS,ADLER,Cargo,0,20.0,127.0,Combined GPS/GLONASS,5.3,TO ORDER,03/02/2025 08:00:00,AIS,POINT (11.413707 57.436695),273414440_0,0 days 00:01:00,-8.636582965556415e-07,159.88679179910423,0.0,0,4.5806898656828965,57.436695,11.413707
2025-02-08 21:53:00,2025-02-08 21:53:00,Class A,273414440_0,57.434247,11.41537,Under way using engine,0.0,9.4,159.3,156.0,9179854,UGPS,ADLER,Cargo,0,20.0,127.0,Combined GPS/GLONASS,5.3,TO ORDER,03/02/2025 08:00:00,AIS,POINT (11.41537 57.434247),273414440_0,0 days 00:01:00,-1.790692436945089e-07,159.91441975310408,0.0,0,4.578249020707481,57.434247,11.41537
2025-02-08 21:54:00,2025-02-08 21:54:00,Class A,273414440_0,57.431783,11.417033,Under way using engine,0.0,9.4,159.7,157.0,9179854,UGPS,ADLER,Cargo,0,20.0,127.0,Combined GPS/GLONASS,5.3,TO ORDER,03/02/2025 08:00:00,AIS,POINT (11.417033 57.431783),273414440_0,0 days 00:01:00,4.6554502977709693e-07,160.03327387281593,0.0,0,4.575802964340357,57.431783,11.417033
2025-02-08 21:55:00,2025-02-08 21:55:00,Class A,273414440_0,57.429313,11.41871,Under way using engine,0.0,9.3,159.6,156.0,9179854,UGPS,ADLER,Cargo,0,20.0,127.0,Combined GPS/GLONASS,5.3,TO ORDER,03/02/2025 08:00:00,AIS,POINT (11.41871 57.429313),273414440_0,0 days 00:01:00,2.55083323591722e-07,159.92233989447845,0.0,0,4.573342308568756,57.429313,11.41871
2025-02-08 21:56:01,2025-02-08 21:56:01,Class A,273414440_0,57.426828,11.420447,Under way using engine,0.0,9.3,159.8,157.0,9179854,UGPS,ADLER,Cargo,0,20.0,127.0,Combined GPS/GLONASS,5.3,TO ORDER,03/02/2025 08:00:00,AIS,POINT (11.420447 57.426828),273414440_0,0 days 00:01:01,-5.532509588015858e-07,159.37749856421738,0.0,0,4.570820928100006,57.426828,11.420447
2025-02-08 21:57:01,2025-02-08 21:57:01,Class A,273414440_0,57.424352,11.422142,Under way using engine,0.0,9.5,159.7,157.0,9179854,UGPS,ADLER,Cargo,0,20.0,127.0,Combined GPS/GLONASS,5.3,TO ORDER,03/02/2025 08:00:00,AIS,POINT (11.422142 57.424352),273414440_0,0 days 00:01:00,8.41604198785773e-07,159.76692684506247,0.0,0,4.56834257087141,57.424352,11.422142
2025-02-08 21:58:01,2025-02-08 21:58:01,Class A,273414440_0,57.421893,11.423865,Under way using engine,0.0,9.4,159.1,157.0,9179854,UGPS,ADLER,Cargo,0,20.0,127.0,Combined GPS/GLONASS,5.3,TO ORDER,03/02/2025 08:00:00,AIS,POINT (11.423865 57.421893),273414440_0,0 days 00:01:00,-3.2844324881815074e-07,159.32909855502226,0.0,0,4.565844909723719,57.421893,11.423865
2025-02-08 21:59:01,2025-02-08 21:59:01,Class A,273414440_0,57.4194,11.425565,Under way using engine,0.0,9.5,159.5,157.0,9179854,UGPS,ADLER,Cargo,0,20.0,127.0,Combined GPS/GLONASS,5.3,TO ORDER,03/02/2025 08:00:00,AIS,POINT (11.425565 57.4194),273414440_0,0 days 00:01:00,8.52014721450881e-07,159.8367657010724,0.0,0,4.563356978687182,57.4194,11.425565
2025-02-08 22:00:01,2025-02-08 22:00:01,Class A,273414440_0,57.416938,11.427317,Under way using engine,0.0,9.5,159.0,156.0,9179854,UGPS,ADLER,Cargo,0,20.0,127.0,Combined GPS/GLONASS,5.3,TO ORDER,03/02/2025 08:00:00,AIS,POINT (11.427317 57.416938),273414440_0,0 days 00:01:00,-5.91631588582724e-07,159.0320251470048,0.0,0,4.560832430328591,57.416938,11.427317
2025-02-08 22:01:01,2025-02-08 22:01:01,Class A,273414440_0,57.414467,11.429032,Under way using engine,0.0,9.7,158.6,157.0,9179854,UGPS,ADLER,Cargo,0,20.0,127.0,Combined GPS/GLONASS,5.3,TO ORDER,03/02/2025 08:00:00,AIS,POINT (11.429032 57.414467),273414440_0,0 days 00:01:00,4.1998821106670774e-08,159.5048343952675,0.0,0,4.558339729789894,57.414467,11.429032
2025-02-08 22:12:01,2025-02-08 22:12:01,Class A,273414440_0,57.387675,11.448823,Under way using engine,0.0,9.5,157.7,157.0,9179854,UGPS,ADLER,Cargo,0,20.0,127.0,Combined GPS/GLONASS,5.3,TO ORDER,03/02/2025 08:00:00,AIS,POINT (11.448823 57.387675),273414440_0,0 days 00:11:00,-4.632642934489076e-08,158.29042753671524,0.0,0,4.53023579679844,57.387675,11.448823
2025-02-08 22:13:01,2025-02-08 22:13:01,Class A,273414440_0,57.385227,11.450727,Under way using engine,0.0,9.2,156.6,156.0,9179854,UGPS,ADLER,Cargo,0,20.0,127.0,Combined GPS/GLONASS,5.3,TO ORDER,03/02/2025 08:00:00,AIS,POINT (11.450727 57.385227),273414440_0,0 days 00:01:00,1.0217436775003907e-06,157.25582154586004,0.0,0,4.527582085138379,57.385227,11.450727
2025-02-08 22:23:00,2025-02-08 22:23:00,Class A,273414440_0,57.360592,11.470048,Under way using engine,0.0,9.8,157.0,157.0,9179854,UGPS,ADLER,Cargo,0,20.0,127.0,Combined GPS/GLONASS,5.3,TO ORDER,03/02/2025 08:00:00,AIS,POINT (11.470048 57.360592),273414440_0,0 days 00:09:59,7.681828741067769e-08,157.0700510176381,0.0,0,4.500758757742964,57.360592,11.470048
2025-02-08 22:24:00,2025-02-08 22:24:00,Class A,273414440_0,57.358113,11.47203,Under way using engine,0.0,9.8,157.1,156.0,9179854,UGPS,ADLER,Cargo,0,20.0,127.0,Combined GPS/GLONASS,5.3,TO ORDER,03/02/2025 08:00:00,AIS,POINT (11.47203 57.358113),273414440_0,0 days 00:01:00,6.353711531231968e-07,156.6718386664494,0.0,0,4.498027456455219,57.358113,11.47203
2025-02-08 22:25:00,2025-02-08 22:25:00,Class A,273414440_0,57.355637,11.47392,Under way using engine,0.0,9.8,157.1,157.0,9179854,UGPS,ADLER,Cargo,0,20.0,127.0,Combined GPS/GLONASS,5.3,TO ORDER,03/02/2025 08:00:00,AIS,POINT (11.47392 57.355637),273414440_0,0 days 00:01:00,-6.830531898492469e-07,157.6201472262362,0.0,0,4.495383855880275,57.355637,11.47392
2025-02-08 22:40:00,2025-02-08 22:40:00,Class A,273414440_0,57.319068,11.503423,Under way using engine,0.0,9.5,156.1,157.0,9179854,UGPS,ADLER,Cargo,0,20.0,127.0,Combined GPS/GLONASS,5.3,TO ORDER,03/02/2025 08:00:00,AIS,POINT (11.503423 57.319068),273414440_0,0 days 00:15:00,-3.836172977391594e-08,156.45877247331987,0.0,0,4.454921155650345,57.319068,11.503423
2025-02-08 22:41:00,2025-02-08 22:41:00,Class A,273414440_0,57.316777,11.505473,Under way using engine,0.0,9.2,155.3,157.0,9179854,UGPS,ADLER,Cargo,0,20.0,127.0,Combined GPS/GLONASS,5.3,TO ORDER,03/02/2025 08:00:00,AIS,POINT (11.505473 57.316777),273414440_0,0 days 00:01:00,-3.5416500839243694e-06,154.21048425950062,0.0,0,4.4522014327577315,57.316777,11.505473
2025-02-08 22:42:00,2025-02-08 22:42:00,Class A,273414440_0,57.314317,11.507338,Under way using engine,0.0,9.5,157.2,159.0,9179854,UGPS,ADLER,Cargo,0,20.0,127.0,Combined GPS/GLONASS,5.3,TO ORDER,03/02/2025 08:00:00,AIS,POINT (11.507338 57.314317),273414440_0,0 days 00:01:00,3.513178480100459e-06,157.73505624543952,0.0,0,4.449596817423462,57.314317,11.507338
2025-02-08 22:43:00,2025-02-08 22:43:00,Class A,273414440_0,57.311885,11.509155,Under way using engine,0.0,9.2,156.9,159.0,9179854,UGPS,ADLER,Cargo,0,20.0,127.0,Combined GPS/GLONASS,5.3,TO ORDER,03/02/2025 08:00:00,AIS,POINT (11.509155 57.311885),273414440_0,0 days 00:01:00,-1.104496914508159e-06,158.0260709948284,0.0,0,4.447047558569392,57.311885,11.509155
2025-02-08 22:44:00,2025-02-08 22:44:00,Class A,273414440_0,57.309477,11.511087,Under way using engine,0.0,9.3,156.9,158.0,9179854,UGPS,ADLER,Cargo,0,20.0,127.0,Combined GPS/GLONASS,5.3,TO ORDER,03/02/2025 08:00:00,AIS,POINT (11.511087 57.309477),273414440_0,0 days 00:01:00,6.020982429739511e-08,156.57100431179492,0.0,0,4.444399397797862,57.309477,11.511087
2025-02-08 22:45:00,2025-02-08 22:45:00,Class A,273414440_0,57.30698,11.512928,Under way using engine,0.0,9.7,158.8,159.0,9179854,UGPS,ADLER,Cargo,0,20.0,127.0,Combined GPS/GLONASS,5.3,TO ORDER,03/02/2025 08:00:00,AIS,POINT (11.512928 57.30698),273414440_0,0 days 00:01:00,1.956880435484883e-06,158.28569825222985,0.0,0,4.4418062842523875,57.30698,11.512928
2025-02-08 22:46:00,2025-02-08 22:46:00,Class A,273414440_0,57.304517,11.514767,Under way using engine,0.0,9.7,158.8,160.0,9179854,UGPS,ADLER,Cargo,0,20.0,127.0,Combined GPS/GLONASS,5.3,TO ORDER,03/02/2025 08:00:00,AIS,POINT (11.514767 57.304517),273414440_0,0 days 00:01:00,-9.877693193358188e-07,158.03463004089383,0.0,0,4.439227480698188,57.304517,11.514767
2025-02-08 22:49:00,2025-02-08 22:49:00,Class A,273414440_0,57.29693,11.519868,Under way using engine,0.0,9.8,160.4,161.0,9179854,UGPS,ADLER,Cargo,0,20.0,127.0,Combined GPS/GLONASS,5.3,TO ORDER,03/02/2025 08:00:00,AIS,POINT (11.519868 57.29693),273414440_0,0 days 00:03:00,3.5851678413192654e-07,160.03607642478937,0.0,0,4.431816868906476,57.29693,11.519868
2025-02-08 22:50:00,2025-02-08 22:50:00,Class A,273414440_0,57.294323,11.521552,Under way using engine,0.0,10.0,160.4,160.0,9179854,UGPS,ADLER,Cargo,0,20.0,127.0,Combined GPS/GLONASS,5.3,TO ORDER,03/02/2025 08:00:00,AIS,POINT (11.521552 57.294323),273414440_0,0 days 00:01:00,2.181973957710503e-06,160.75971903587265,0.0,0,4.429336525986368,57.294323,11.521552
2025-02-08 22:51:00,2025-02-08 22:51:00,Class A,273414440_0,57.291785,11.523272,Under way using engine,0.0,9.7,159.9,160.0,9179854,UGPS,ADLER,Cargo,0,20.0,127.0,Combined GPS/GLONASS,5.3,TO ORDER,03/02/2025 08:00:00,AIS,POINT (11.523272 57.291785),273414440_0,0 days 00:01:00,-1.8054788190360477e-06,159.88707896336973,0.0,0,4.426846949692861,57.291785,11.523272
2025-02-08 22:52:00,2025-02-08 22:52:00,Class A,273414440_0,57.289248,11.524918,Under way using engine,0.0,9.8,160.4,161.0,9179854,UGPS,ADLER,Cargo,0,20.0,127.0,Combined GPS/GLONASS,5.3,TO ORDER,03/02/2025 08:00:00,AIS,POINT (11.524918 57.289248),273414440_0,0 days 00:01:00,-4.473619382592588e-07,160.67878965640193,0.0,0,4.424427919561579,57.289248,11.524918
2025-02-08 22:53:00,2025-02-08 22:53:00,Class A,273414440_0,57.28667,11.526593,Under way using engine,0.0,9.8,160.8,160.0,9179854,UGPS,ADLER,Cargo,0,20.0,127.0,Combined GPS/GLONASS,5.3,TO ORDER,03/02/2025 08:00:00,AIS,POINT (11.526593 57.28667),273414440_0,0 days 00:01:00,1.3582484282427358e-06,160.65187581454882,0.0,0,4.421968305957088,57.28667,11.526593
2025-02-08 22:54:01,2025-02-08 22:54:01,Class A,273414440_0,57.28414,11.528303,Under way using engine,0.0,9.7,159.9,160.0,9179854,UGPS,ADLER,Cargo,0,20.0,127.0,Combined GPS/GLONASS,5.3,TO ORDER,03/02/2025 08:00:00,AIS,POINT (11.528303 57.28414),273414440_0,0 days 00:01:01,-2.5231421087204743e-06,159.93266191557075,0.0,0,4.4194930750380195,57.28414,11.528303
2025-02-08 22:55:01,2025-02-08 22:55:01,Class A,273414440_0,57.281528,11.529978,Under way using engine,0.0,9.7,160.5,160.0,9179854,UGPS,ADLER,Cargo,0,20.0,127.0,Combined GPS/GLONASS,5.3,TO ORDER,03/02/2025 08:00:00,AIS,POINT (11.529978 57.281528),273414440_0,0 days 00:01:00,3.559292437190521e-06,160.88286944155323,0.0,0,4.417023315305909,57.281528,11.529978
2025-02-08 22:56:01,2025-02-08 22:56:01,Class A,273414440_0,57.278983,11.53165,Under way using engine,0.0,9.9,161.4,161.0,9179854,UGPS,ADLER,Cargo,0,20.0,127.0,Combined GPS/GLONASS,5.3,TO ORDER,03/02/2025 08:00:00,AIS,POINT (11.53165 57.278983),273414440_0,0 days 00:01:00,-1.9713851759818255e-06,160.4486039431889,0.0,0,4.414580129836243,57.278983,11.53165
2025-02-08 22:57:01,2025-02-08 22:57:01,Class A,273414440_0,57.276418,11.533283,Under way using engine,0.0,9.7,159.8,160.0,9179854,UGPS,ADLER,Cargo,0,20.0,127.0,Combined GPS/GLONASS,5.3,TO ORDER,03/02/2025 08:00:00,AIS,POINT (11.533283 57.276418),273414440_0,0 days 00:01:00,3.684777868623139e-07,161.00836228576793,0.0,0,4.412167492781863,57.276418,11.533283
2025-02-08 22:58:01,2025-02-08 22:58:01,Class A,273414440_0,57.273863,11.534992,Under way using engine,0.0,10.0,160.4,161.0,9179854,UGPS,ADLER,Cargo,0,20.0,127.0,Combined GPS/GLONASS,5.3,TO ORDER,03/02/2025 08:00:00,AIS,POINT (11.534992 57.273863),273414440_0,0 days 00:01:00,1.3344004302712325e-07,160.11915976321689,0.0,0,4.409687629870962,57.273863,11.534992
2025-02-08 22:59:01,2025-02-08 22:59:01,Class A,273414440_0,57.271308,11.536702,Under way using engine,0.0,9.7,160.3,161.0,9179854,UGPS,ADLER,Cargo,0,20.0,127.0,Combined GPS/GLONASS,5.3,TO ORDER,03/02/2025 08:00:00,AIS,POINT (11.536702 57.271308),273414440_0,0 days 00:01:00,6.355419870278725e-09,160.10716686821365,0.0,0,4.407207575612021,57.271308,11.536702
2025-02-08 23:00:01,2025-02-08 23:00:01,Class A,273414440_0,57.268738,11.538368,Under way using engine,0.0,9.5,160.6,161.0,9179854,UGPS,ADLER,Cargo,0,20.0,127.0,Combined GPS/GLONASS,5.3,TO ORDER,03/02/2025 08:00:00,AIS,POINT (11.538368 57.268738),273414440_0,0 days 00:01:00,1.8983284516772028e-07,160.6839588604753,0.0,0,4.404764516097994,57.268738,11.538368
2025-02-08 23:01:00,2025-02-08 23:01:00,Class A,273414440_0,57.266197,11.540047,Under way using engine,0.0,9.8,160.4,161.0,9179854,UGPS,ADLER,Cargo,0,20.0,127.0,Combined GPS/GLONASS,5.3,TO ORDER,03/02/2025 08:00:00,AIS,POINT (11.540047 57.266197),273414440_0,0 days 00:00:59,6.538854796126855e-07,160.3381590248764,0.0,0,4.4023198892886,57.266197,11.540047
2025-02-08 23:02:00,2025-02-08 23:02:00,Class A,273414440_0,57.263647,11.541715,Under way using engine,0.0,9.6,160.8,161.0,9179854,UGPS,ADLER,Cargo,0,20.0,127.0,Combined GPS/GLONASS,5.3,TO ORDER,03/02/2025 08:00:00,AIS,POINT (11.541715 57.263647),273414440_0,0 days 00:01:00,-1.2140590343334584e-06,160.51971211141517,0.0,0,4.399883293146989,57.263647,11.541715
2025-02-08 23:03:00,2025-02-08 23:03:00,Class A,273414440_0,57.261088,11.543382,Under way using engine,0.0,9.7,160.4,160.0,9179854,UGPS,ADLER,Cargo,0,20.0,127.0,Combined GPS/GLONASS,5.3,TO ORDER,03/02/2025 08:00:00,AIS,POINT (11.543382 57.261088),273414440_0,0 days 00:01:00,2.5750235400352587e-07,160.59261339362354,0.0,0,4.3974453395729665,57.261088,11.543382
2025-02-08 23:04:00,2025-02-08 23:04:00,Class A,273414440_0,57.258488,11.545065,Under way using engine,0.0,9.6,160.8,161.0,9179854,UGPS,ADLER,Cargo,0,20.0,127.0,Combined GPS/GLONASS,5.3,TO ORDER,03/02/2025 08:00:00,AIS,POINT (11.545065 57.258488),273414440_0,0 days 00:01:00,1.2860561920091865e-06,160.70496212616467,0.0,0,4.394979186340364,57.258488,11.545065
2025-02-08 23:05:00,2025-02-08 23:05:00,Class A,273414440_0,57.255965,11.54671,Under way using engine,0.0,9.7,160.6,160.0,9179854,UGPS,ADLER,Cargo,0,20.0,127.0,Combined GPS/GLONASS,5.3,TO ORDER,03/02/2025 08:00:00,AIS,POINT (11.54671 57.255965),273414440_0,0 days 00:01:00,-2.4577239087255075e-06,160.57426035432638,0.0,0,4.392575692296379,57.255965,11.54671
2025-02-08 23:13:00,2025-02-08 23:13:00,Class A,273414440_0,57.235647,11.559792,Under way using engine,0.0,9.9,160.3,160.0,9179854,UGPS,ADLER,Cargo,0,20.0,127.0,Combined GPS/GLONASS,5.3,TO ORDER,03/02/2025 08:00:00,AIS,POINT (11.559792 57.235647),273414440_0,0 days 00:08:00,5.467458144103341e-08,160.788570816434,0.0,0,4.373403306540686,57.235647,11.559792
2025-02-08 23:14:00,2025-02-08 23:14:00,Class A,273414440_0,57.233145,11.5614,Under way using engine,0.0,9.8,160.5,160.0,9179854,UGPS,ADLER,Cargo,0,20.0,127.0,Combined GPS/GLONASS,5.3,TO ORDER,03/02/2025 08:00:00,AIS,POINT (11.5614 57.233145),273414440_0,0 days 00:01:00,-1.2505183417620106e-06,160.82043111526184,0.0,0,4.371048576565237,57.233145,11.5614
2025-02-08 23:15:00,2025-02-08 23:15:00,Class A,273414440_0,57.23057,11.563027,Under way using engine,0.0,9.7,161.6,161.0,9179854,UGPS,ADLER,Cargo,0,20.0,127.0,Combined GPS/GLONASS,5.3,TO ORDER,03/02/2025 08:00:00,AIS,POINT (11.563027 57.23057),273414440_0,0 days 00:01:00,2.2390534346460622e-06,161.1196497226947,0.0,0,4.368652233825095,57.23057,11.563027
2025-02-08 23:16:00,2025-02-08 23:16:00,Class A,273414440_0,57.228042,11.56463,Under way using engine,0.0,9.5,161.0,161.0,9179854,UGPS,ADLER,Cargo,0,20.0,127.0,Combined GPS/GLONASS,5.3,TO ORDER,03/02/2025 08:00:00,AIS,POINT (11.56463 57.228042),273414440_0,0 days 00:01:00,-1.505303366358679e-06,161.05590201671362,0.0,0,4.366295049790383,57.228042,11.56463
2025-02-08 23:17:00,2025-02-08 23:17:00,Class A,273414440_0,57.225463,11.566218,Under way using engine,0.0,9.6,161.3,160.0,9179854,UGPS,ADLER,Cargo,0,20.0,127.0,Combined GPS/GLONASS,5.3,TO ORDER,03/02/2025 08:00:00,AIS,POINT (11.566218 57.225463),273414440_0,0 days 00:01:00,1.41396330849759e-06,161.56553077407102,0.0,0,4.363935730118055,57.225463,11.566218
2025-02-08 23:18:00,2025-02-08 23:18:00,Class A,273414440_0,57.222908,11.567773,Under way using engine,0.0,9.8,161.7,161.0,9179854,UGPS,ADLER,Cargo,0,20.0,127.0,Combined GPS/GLONASS,5.3,TO ORDER,03/02/2025 08:00:00,AIS,POINT (11.567773 57.222908),273414440_0,0 days 00:01:00,-8.785419285218249e-07,161.76367124008493,0.0,0,4.3616163575836175,57.222908,11.567773
2025-02-08 23:19:00,2025-02-08 23:19:00,Class A,273414440_0,57.2203,11.569358,Under way using engine,0.0,9.7,162.1,161.0,9179854,UGPS,ADLER,Cargo,0,20.0,127.0,Combined GPS/GLONASS,5.3,TO ORDER,03/02/2025 08:00:00,AIS,POINT (11.569358 57.2203),273414440_0,0 days 00:01:00,1.715241975753142e-06,161.78667915132598,0.0,0,4.359251843773655,57.2203,11.569358
2025-02-08 23:28:00,2025-02-08 23:28:00,Class A,273414440_0,57.19712,11.583783,Under way using engine,0.0,9.8,160.7,159.0,9179854,UGPS,ADLER,Cargo,0,20.0,127.0,Combined GPS/GLONASS,5.3,TO ORDER,03/02/2025 08:00:00,AIS,POINT (11.583783 57.19712),273414440_0,0 days 00:09:00,-9.497916609390528e-08,161.36870489991043,0.0,0,4.337955088609031,57.19712,11.583783
2025-02-08 23:29:00,2025-02-08 23:29:00,Class A,273414440_0,57.194517,11.585487,Under way using engine,0.0,9.8,160.1,159.0,9179854,UGPS,ADLER,Cargo,0,20.0,127.0,Combined GPS/GLONASS,5.3,TO ORDER,03/02/2025 08:00:00,AIS,POINT (11.585487 57.194517),273414440_0,0 days 00:01:00,1.361650288275902e-06,160.47181479729795,0.0,0,4.33548832441583,57.194517,11.585487
2025-02-08 23:30:00,2025-02-08 23:30:00,Class A,273414440_0,57.191942,11.587132,Under way using engine,0.0,9.8,160.7,160.0,9179854,UGPS,ADLER,Cargo,0,20.0,127.0,Combined GPS/GLONASS,5.3,TO ORDER,03/02/2025 08:00:00,AIS,POINT (11.587132 57.191942),273414440_0,0 days 00:01:00,-1.1448497610896483e-06,160.90726243447148,0.0,0,4.333087317185749,57.191942,11.587132
2025-02-08 23:31:00,2025-02-08 23:31:00,Class A,273414440_0,57.189357,11.588842,Under way using engine,0.0,9.8,160.1,159.0,9179854,UGPS,ADLER,Cargo,0,20.0,127.0,Combined GPS/GLONASS,5.3,TO ORDER,03/02/2025 08:00:00,AIS,POINT (11.588842 57.189357),273414440_0,0 days 00:01:00,6.556727235230523e-07,160.27980268600447,0.0,0,4.330622458072396,57.189357,11.588842
2025-02-08 23:32:00,2025-02-08 23:32:00,Class A,273414440_0,57.186755,11.590577,Under way using engine,0.0,9.9,160.0,159.0,9179854,UGPS,ADLER,Cargo,0,20.0,127.0,Combined GPS/GLONASS,5.3,TO ORDER,03/02/2025 08:00:00,AIS,POINT (11.590577 57.186755),273414440_0,0 days 00:01:00,6.377887617208151e-07,160.13321426027005,0.0,0,4.3281292203087,57.186755,11.590577
2025-02-08 23:33:00,2025-02-08 23:33:00,Class A,273414440_0,57.184127,11.59228,Under way using engine,0.0,9.9,160.3,160.0,9179854,UGPS,ADLER,Cargo,0,20.0,127.0,Combined GPS/GLONASS,5.3,TO ORDER,03/02/2025 08:00:00,AIS,POINT (11.59228 57.184127),273414440_0,0 days 00:01:00,5.774505296980964e-07,160.6491895742215,0.0,0,4.325658517121871,57.184127,11.59228
2025-02-08 23:34:00,2025-02-08 23:34:00,Class A,273414440_0,57.181545,11.593963,Under way using engine,0.0,9.9,160.4,160.0,9179854,UGPS,ADLER,Cargo,0,20.0,127.0,Combined GPS/GLONASS,5.3,TO ORDER,03/02/2025 08:00:00,AIS,POINT (11.593963 57.181545),273414440_0,0 days 00:01:00,-1.453032788388831e-06,160.54298919879977,0.0,0,4.323222626087396,57.181545,11.593963
2025-02-08 23:35:00,2025-02-08 23:35:00,Class A,273414440_0,57.178977,11.595648,Under way using engine,0.0,9.6,159.5,159.0,9179854,UGPS,ADLER,Cargo,0,20.0,127.0,Combined GPS/GLONASS,5.3,TO ORDER,03/02/2025 08:00:00,AIS,POINT (11.595648 57.178977),273414440_0,0 days 00:01:00,-3.962343177070967e-07,160.4222134280883,0.0,0,4.320790247249339,57.178977,11.595648
2025-02-08 23:36:00,2025-02-08 23:36:00,Class A,273414440_0,57.176417,11.597322,Under way using engine,0.0,9.9,160.9,160.0,9179854,UGPS,ADLER,Cargo,0,20.0,127.0,Combined GPS/GLONASS,5.3,TO ORDER,03/02/2025 08:00:00,AIS,POINT (11.597322 57.176417),273414440_0,0 days 00:01:00,-2.944739350606585e-07,160.4829178714665,0.0,0,4.318371692200777,57.176417,11.597322
2025-02-08 23:37:00,2025-02-08 23:37:00,Class A,273414440_0,57.173873,11.599065,Under way using engine,0.0,9.8,160.1,159.0,9179854,UGPS,ADLER,Cargo,0,20.0,127.0,Combined GPS/GLONASS,5.3,TO ORDER,03/02/2025 08:00:00,AIS,POINT (11.599065 57.173873),273414440_0,0 days 00:01:00,-6.835213288610327e-08,159.6244434412016,0.0,0,4.315893939800884,57.173873,11.599065
2025-02-08 23:38:00,2025-02-08 23:38:00,Class A,273414440_0,57.17123,11.600722,Under way using engine,0.0,9.8,160.4,160.0,9179854,UGPS,ADLER,Cargo,0,20.0,127.0,Combined GPS/GLONASS,5.3,TO ORDER,03/02/2025 08:00:00,AIS,POINT (11.600722 57.17123),273414440_0,0 days 00:01:00,2.400809968817307e-06,161.2279232916676,0.0,0,4.313466034362623,57.17123,11.600722
2025-02-08 23:39:00,2025-02-08 23:39:00,Class A,273414440_0,57.168735,11.602432,Under way using engine,0.0,9.7,159.8,159.0,9179854,UGPS,ADLER,Cargo,0,20.0,127.0,Combined GPS/GLONASS,5.3,TO ORDER,03/02/2025 08:00:00,AIS,POINT (11.602432 57.168735),273414440_0,0 days 00:01:00,-4.0134469748144585e-06,159.6155884653558,0.0,0,4.311037042694599,57.168735,11.602432
2025-02-08 23:51:00,2025-02-08 23:51:00,Class A,273414440_0,57.13844,11.623763,Under way using engine,0.0,9.4,157.9,160.0,9179854,UGPS,ADLER,Cargo,0,20.0,127.0,Combined GPS/GLONASS,5.3,TO ORDER,03/02/2025 08:00:00,AIS,POINT (11.623763 57.13844),273414440_0,0 days 00:12:00,1.0514376622295754e-07,159.0891199311451,0.0,0,4.281066332505139,57.13844,11.623763
2025-02-08 23:53:00,2025-02-08 23:53:00,Class A,273414440_0,57.133382,11.627485,Under way using engine,0.0,9.8,158.3,160.0,9179854,UGPS,ADLER,Cargo,0,20.0,127.0,Combined GPS/GLONASS,5.3,TO ORDER,03/02/2025 08:00:00,AIS,POINT (11.627485 57.133382),273414440_0,0 days 00:02:00,3.217798729869013e-07,158.2308601522675,0.0,0,4.2759211018877545,57.133382,11.627485
2025-02-08 23:54:00,2025-02-08 23:54:00,Class A,273414440_0,57.130862,11.629338,Under way using engine,0.0,10.2,157.8,159.0,9179854,UGPS,ADLER,Cargo,0,20.0,127.0,Combined GPS/GLONASS,5.3,TO ORDER,03/02/2025 08:00:00,AIS,POINT (11.629338 57.130862),273414440_0,0 days 00:01:00,-3.073275313925875e-07,158.2442831128659,0.0,0,4.273360079094669,57.130862,11.629338
2025-02-08 23:55:00,2025-02-08 23:55:00,Class A,273414440_0,57.128302,11.631247,Under way using engine,0.0,9.7,157.8,159.0,9179854,UGPS,ADLER,Cargo,0,20.0,127.0,Combined GPS/GLONASS,5.3,TO ORDER,03/02/2025 08:00:00,AIS,POINT (11.631247 57.128302),273414440_0,0 days 00:01:00,1.5004577324895385e-06,157.96485864810643,0.0,0,4.270733979259419,57.128302,11.631247
2025-02-08 23:56:00,2025-02-08 23:56:00,Class A,273414440_0,57.125748,11.633132,Under way using engine,0.0,10.1,158.2,160.0,9179854,UGPS,ADLER,Cargo,0,20.0,127.0,Combined GPS/GLONASS,5.3,TO ORDER,03/02/2025 08:00:00,AIS,POINT (11.633132 57.125748),273414440_0,0 days 00:01:00,-3.22396452096914e-07,158.16807629480024,0.0,0,4.268133314102548,57.125748,11.633132
2025-02-08 23:57:00,2025-02-08 23:57:00,Class A,273414440_0,57.123182,11.635015,Under way using engine,0.0,9.9,158.2,160.0,9179854,UGPS,ADLER,Cargo,0,20.0,127.0,Combined GPS/GLONASS,5.3,TO ORDER,03/02/2025 08:00:00,AIS,POINT (11.635015 57.123182),273414440_0,0 days 00:01:00,3.3290512032373733e-07,158.28018820936052,0.0,0,4.265531504594592,57.123182,11.635015
2025-02-08 23:58:00,2025-02-08 23:58:00,Class A,273414440_0,57.120625,11.636842,Under way using engine,0.0,10.0,158.3,159.0,9179854,UGPS,ADLER,Cargo,0,20.0,127.0,Combined GPS/GLONASS,5.3,TO ORDER,03/02/2025 08:00:00,AIS,POINT (11.636842 57.120625),273414440_0,0 days 00:01:00,-6.035806100989644e-07,158.79926619809532,0.0,0,4.262986441628097,57.120625,11.636842
2025-02-08 23:59:00,2025-02-08 23:59:00,Class A,273414440_0,57.117973,11.638793,Under way using engine,0.0,10.2,158.1,159.0,9179854,UGPS,ADLER,Cargo,0,20.0,127.0,Combined GPS/GLONASS,5.3,TO ORDER,03/02/2025 08:00:00,AIS,POINT (11.638793 57.117973),273414440_0,0 days 00:01:00,3.5001357862006737e-06,158.22792128339688,0.0,0,4.260294442564504,57.117973,11.638793
2025-02-09 00:00:00,2025-02-09 00:00:00,Class A,273414440_0,57.115373,11.640668,Under way using engine,0.0,10.3,158.8,160.0,Unknown,Unknown,ADLER,Undefined,0,20.0,127.0,Undefined,5.3,Unknown,03/02/2025 08:00:00,AIS,POINT (11.640668 57.115373),273414440_0,0 days 00:01:00,-1.965766390948038e-06,158.61707468824818,0.0,0,4.257691847353563,57.115373,11.640668
2025-02-09 00:01:00,2025-02-09 00:01:00,Class A,273414440_0,57.112762,11.642497,Under way using engine,0.0,10.4,158.8,160.0,9179854,UGPS,ADLER,Cargo,0,20.0,127.0,Combined GPS/GLONASS,5.3,TO ORDER,03/02/2025 08:00:00,AIS,POINT (11.642497 57.112762),273414440_0,0 days 00:01:00,3.8922223810185344e-08,159.17501294140902,0.0,0,4.255130231027128,57.112762,11.642497
2025-02-09 00:02:00,2025-02-09 00:02:00,Class A,273414440_0,57.11011,11.644383,Under way using engine,0.0,10.0,158.6,160.0,9179854,UGPS,ADLER,Cargo,0,20.0,127.0,Combined GPS/GLONASS,5.3,TO ORDER,03/02/2025 08:00:00,AIS,POINT (11.644383 57.11011),273414440_0,0 days 00:01:00,1.5286620888158657e-06,158.8843670830115,0.0,0,4.252502426304893,57.11011,11.644383
2025-02-09 00:03:00,2025-02-09 00:03:00,Class A,273414440_0,57.107492,11.646185,Under way using engine,0.0,10.4,159.1,160.0,9179854,UGPS,ADLER,Cargo,0,20.0,127.0,Combined GPS/GLONASS,5.3,TO ORDER,03/02/2025 08:00:00,AIS,POINT (11.646185 57.107492),273414440_0,0 days 00:01:00,-1.4852397990123735e-06,159.504277170676,0.0,0,4.249965925730347,57.107492,11.646185
2025-02-09 00:19:00,2025-02-09 00:19:00,Class A,273414440_0,57.064227,11.67465,Under way using engine,0.0,10.5,160.7,160.0,9179854,UGPS,ADLER,Cargo,0,20.0,127.0,Combined GPS/GLONASS,5.3,TO ORDER,03/02/2025 08:00:00,AIS,POINT (11.67465 57.064227),273414440_0,0 days 00:16:00,1.483186902500515e-07,160.31593894093987,0.0,0,4.209424718810043,57.064227,11.67465
2025-02-09 00:20:00,2025-02-09 00:20:00,Class A,273414440_0,57.061467,11.676475,Under way using engine,0.0,10.5,159.9,159.0,9179854,UGPS,ADLER,Cargo,0,20.0,127.0,Combined GPS/GLONASS,5.3,TO ORDER,03/02/2025 08:00:00,AIS,POINT (11.676475 57.061467),273414440_0,0 days 00:01:00,1.896176462309306e-06,160.22449540291768,0.0,0,4.206838162629269,57.061467,11.676475
2025-02-09 00:21:00,2025-02-09 00:21:00,Class A,273414440_0,57.058702,11.678278,Under way using engine,0.0,10.5,160.4,160.0,9179854,UGPS,ADLER,Cargo,0,20.0,127.0,Combined GPS/GLONASS,5.3,TO ORDER,03/02/2025 08:00:00,AIS,POINT (11.678278 57.058702),273414440_0,0 days 00:01:00,2.146296834536441e-08,160.4760453681747,0.0,0,4.204272017127339,57.058702,11.678278
2025-02-09 00:22:00,2025-02-09 00:22:00,Class A,273414440_0,57.05595,11.680055,Under way using engine,0.0,10.3,160.0,160.0,9179854,UGPS,ADLER,Cargo,0,20.0,127.0,Combined GPS/GLONASS,5.3,TO ORDER,03/02/2025 08:00:00,AIS,POINT (11.680055 57.05595),273414440_0,0 days 00:01:00,-5.24502834774827e-07,160.65113808001104,0.0,0,4.201735632687165,57.05595,11.680055
2025-02-09 00:23:00,2025-02-09 00:23:00,Class A,273414440_0,57.053198,11.681905,Under way using engine,0.0,10.3,159.6,160.0,9179854,UGPS,ADLER,Cargo,0,20.0,127.0,Combined GPS/GLONASS,5.3,TO ORDER,03/02/2025 08:00:00,AIS,POINT (11.681905 57.053198),273414440_0,0 days 00:01:00,4.165609602206372e-07,159.91731247041616,0.0,0,4.199130784048647,57.053198,11.681905
2025-02-09 00:29:00,2025-02-09 00:29:00,Class A,273414440_0,57.037808,11.692368,Under way using engine,0.0,9.9,160.1,160.0,9179854,UGPS,ADLER,Cargo,0,20.0,127.0,Combined GPS/GLONASS,5.3,TO ORDER,03/02/2025 08:00:00,AIS,POINT (11.692368 57.037808),273414440_0,0 days 00:06:00,-1.0073711884209792e-06,159.70001930218064,0.0,0,4.184470538528858,57.037808,11.692368
2025-02-09 00:30:00,2025-02-09 00:30:00,Class A,273414440_0,57.03535,11.694065,Under way using engine,0.0,9.7,159.1,159.0,9179854,UGPS,ADLER,Cargo,0,20.0,127.0,Combined GPS/GLONASS,5.3,TO ORDER,03/02/2025 08:00:00,AIS,POINT (11.694065 57.03535),273414440_0,0 days 00:01:00,-3.374678333336823e-06,159.41068216601957,0.0,0,4.182107310750526,57.03535,11.694065
2025-02-09 00:31:00,2025-02-09 00:31:00,Class A,273414440_0,57.032862,11.695812,Under way using engine,0.0,9.3,159.6,160.0,9179854,UGPS,ADLER,Cargo,0,20.0,127.0,Combined GPS/GLONASS,5.3,TO ORDER,03/02/2025 08:00:00,AIS,POINT (11.695812 57.032862),273414440_0,0 days 00:01:00,1.1675301446816925e-06,159.0884699999998,0.0,0,4.179688141547884,57.032862,11.695812
2025-02-09 00:32:00,2025-02-09 00:32:00,Class A,273414440_0,57.030405,11.697507,Under way using engine,0.0,9.5,159.6,159.0,9179854,UGPS,ADLER,Cargo,0,20.0,127.0,Combined GPS/GLONASS,5.3,TO ORDER,03/02/2025 08:00:00,AIS,POINT (11.697507 57.030405),273414440_0,0 days 00:01:00,-1.207079701797681e-06,159.42273717358694,0.0,0,4.177328726462642,57.030405,11.697507
2025-02-09 00:33:00,2025-02-09 00:33:00,Class A,273414440_0,57.027847,11.69928,Under way using engine,0.0,10.0,159.2,160.0,9179854,UGPS,ADLER,Cargo,0,20.0,127.0,Combined GPS/GLONASS,5.3,TO ORDER,03/02/2025 08:00:00,AIS,POINT (11.69928 57.027847),273414440_0,0 days 00:01:00,3.388215483415416e-06,159.33255740746563,0.0,0,4.174865239112395,57.027847,11.69928
2025-02-09 00:34:00,2025-02-09 00:34:00,Class A,273414440_0,57.025358,11.701008,Under way using engine,0.0,9.8,159.2,159.0,9179854,UGPS,ADLER,Cargo,0,20.0,127.0,Combined GPS/GLONASS,5.3,TO ORDER,03/02/2025 08:00:00,AIS,POINT (11.701008 57.025358),273414440_0,0 days 00:01:00,-2.2642414231293164e-06,159.30031156582163,0.0,0,4.172466341160344,57.025358,11.701008
2025-02-09 00:35:00,2025-02-09 00:35:00,Class A,273414440_0,57.022888,11.702723,Under way using engine,0.0,9.9,159.1,159.0,9179854,UGPS,ADLER,Cargo,0,20.0,127.0,Combined GPS/GLONASS,5.3,TO ORDER,03/02/2025 08:00:00,AIS,POINT (11.702723 57.022888),273414440_0,0 days 00:01:00,-6.266544846724737e-07,159.29694497498576,0.0,0,4.170086385712051,57.022888,11.702723
2025-02-09 00:36:00,2025-02-09 00:36:00,Class A,273414440_0,57.020428,11.704517,Under way using engine,0.0,9.7,159.6,160.0,9179854,UGPS,ADLER,Cargo,0,20.0,127.0,Combined GPS/GLONASS,5.3,TO ORDER,03/02/2025 08:00:00,AIS,POINT (11.704517 57.020428),273414440_0,0 days 00:01:00,1.9461674340747724e-07,158.34831018858767,0.0,0,4.167634911039714,57.020428,11.704517
2025-02-09 00:37:00,2025-02-09 00:37:00,Class A,273414440_0,57.017878,11.706267,Under way using engine,0.0,9.0,159.1,160.0,9179854,UGPS,ADLER,Cargo,0,20.0,127.0,Combined GPS/GLONASS,5.3,TO ORDER,03/02/2025 08:00:00,AIS,POINT (11.706267 57.017878),273414440_0,0 days 00:01:00,2.3307330447347625e-06,159.51461019924704,0.0,0,4.165199142492109,57.017878,11.706267
2025-02-09 00:38:00,2025-02-09 00:38:00,Class A,273414440_0,57.015335,11.707965,Under way using engine,0.0,9.8,159.6,160.0,9179854,UGPS,ADLER,Cargo,0,20.0,127.0,Combined GPS/GLONASS,5.3,TO ORDER,03/02/2025 08:00:00,AIS,POINT (11.707965 57.015335),273414440_0,0 days 00:01:00,-5.064091433885718e-07,160.02300667360373,0.0,0,4.162815950990146,57.015335,11.707965
2025-02-09 00:39:00,2025-02-09 00:39:00,Class A,273414440_0,57.012802,11.709742,Under way using engine,0.0,9.9,158.0,159.0,9179854,UGPS,ADLER,Cargo,0,20.0,127.0,Combined GPS/GLONASS,5.3,TO ORDER,03/02/2025 08:00:00,AIS,POINT (11.709742 57.012802),273414440_0,0 days 00:01:00,1.772467996492977e-07,159.09532717563263,0.0,0,4.160361266420982,57.012802,11.709742
2025-02-09 00:40:00,2025-02-09 00:40:00,Class A,273414440_0,57.01025,11.71138,Under way using engine,0.0,9.7,162.1,164.0,9179854,UGPS,ADLER,Cargo,0,20.0,127.0,Combined GPS/GLONASS,5.3,TO ORDER,03/02/2025 08:00:00,AIS,POINT (11.71138 57.01025),273414440_0,0 days 00:01:00,-2.5440886821795236e-07,160.7364255187681,0.0,0,4.158034385435983,57.01025,11.71138
2025-02-09 00:41:00,2025-02-09 00:41:00,Class A,273414440_0,57.007722,11.71275,Under way using engine,0.0,9.4,164.3,165.0,9179854,UGPS,ADLER,Cargo,0,20.0,127.0,Combined GPS/GLONASS,5.3,TO ORDER,03/02/2025 08:00:00,AIS,POINT (11.71275 57.007722),273414440_0,0 days 00:01:00,-2.0956846067790263e-06,163.55887798351205,0.0,0,4.155971348205375,57.007722,11.71275
2025-02-09 00:42:00,2025-02-09 00:42:00,Class A,273414440_0,57.00522,11.714087,Under way using engine,0.0,9.6,164.2,164.0,9179854,UGPS,ADLER,Cargo,0,20.0,127.0,Combined GPS/GLONASS,5.3,TO ORDER,03/02/2025 08:00:00,AIS,POINT (11.714087 57.00522),273414440_0,0 days 00:01:00,-9.281991316823206e-07,163.77499773196814,0.0,0,4.153948529060634,57.00522,11.714087
2025-02-09 00:43:00,2025-02-09 00:43:00,Class A,273414440_0,57.002588,11.71539,Under way using engine,0.0,9.7,164.8,165.0,9179854,UGPS,ADLER,Cargo,0,20.0,127.0,Combined GPS/GLONASS,5.3,TO ORDER,03/02/2025 08:00:00,AIS,POINT (11.71539 57.002588),273414440_0,0 days 00:01:00,3.716975628723851e-06,164.91118079409694,0.0,0,4.1519204111760155,57.002588,11.71539
2025-02-09 00:44:00,2025-02-09 00:44:00,Class A,273414440_0,57.000035,11.716653,Under way using engine,0.0,9.7,164.3,164.0,9179854,UGPS,ADLER,Cargo,0,20.0,127.0,Combined GPS/GLONASS,5.3,TO ORDER,03/02/2025 08:00:00,AIS,POINT (11.716653 57.000035),273414440_0,0 days 00:01:00,-2.5348913534367636e-06,164.92033780215036,0.0,0,4.149955056377597,57.000035,11.716653
2025-02-09 00:45:00,2025-02-09 00:45:00,Class A,273414440_0,56.997487,11.717952,Under way using engine,0.0,9.7,164.4,164.0,9179854,UGPS,ADLER,Cargo,0,20.0,127.0,Combined GPS/GLONASS,5.3,TO ORDER,03/02/2025 08:00:00,AIS,POINT (11.717952 56.997487),273414440_0,0 days 00:01:00,1.184254732369885e-08,164.48094151071268,0.0,0,4.1479578324449,56.997487,11.717952
2025-02-09 00:46:00,2025-02-09 00:46:00,Class A,273414440_0,56.994903,11.719262,Under way using engine,0.0,9.5,165.3,165.0,9179854,UGPS,ADLER,Cargo,0,20.0,127.0,Combined GPS/GLONASS,5.3,TO ORDER,03/02/2025 08:00:00,AIS,POINT (11.719262 56.994903),273414440_0,0 days 00:01:00,1.1230837542109978e-06,164.56240295907673,0.0,0,4.1459404455897575,56.994903,11.719262
2025-02-09 00:47:00,2025-02-09 00:47:00,Class A,273414440_0,56.992347,11.720542,Under way using engine,0.0,9.7,164.7,165.0,9179854,UGPS,ADLER,Cargo,0,20.0,127.0,Combined GPS/GLONASS,5.3,TO ORDER,03/02/2025 08:00:00,AIS,POINT (11.720542 56.992347),273414440_0,0 days 00:01:00,-9.690685831461488e-07,164.74087086311965,0.0,0,4.143961042789979,56.992347,11.720542
2025-02-09 00:48:00,2025-02-09 00:48:00,Class A,273414440_0,56.989803,11.721792,Under way using engine,0.0,9.5,164.5,164.0,9179854,UGPS,ADLER,Cargo,0,20.0,127.0,Combined GPS/GLONASS,5.3,TO ORDER,03/02/2025 08:00:00,AIS,POINT (11.721792 56.989803),273414440_0,0 days 00:01:00,-4.903367622167629e-07,165.01420002868906,0.0,0,4.142014872850772,56.989803,11.721792
2025-02-09 00:55:00,2025-02-09 00:55:00,Class A,273414440_0,56.971858,11.730335,Under way using engine,0.0,9.9,165.4,164.0,9179854,UGPS,ADLER,Cargo,0,20.0,127.0,Combined GPS/GLONASS,5.3,TO ORDER,03/02/2025 08:00:00,AIS,POINT (11.730335 56.971858),273414440_0,0 days 00:07:00,6.559722079476962e-08,165.45346477368992,0.0,0,4.1285784591775645,56.971858,11.730335
2025-02-09 00:56:00,2025-02-09 00:56:00,Class A,273414440_0,56.969267,11.731557,Under way using engine,0.0,9.4,166.1,165.0,9179854,UGPS,ADLER,Cargo,0,20.0,127.0,Combined GPS/GLONASS,5.3,TO ORDER,03/02/2025 08:00:00,AIS,POINT (11.731557 56.969267),273414440_0,0 days 00:01:00,8.293437791163926e-07,165.58248510331373,0.0,0,4.126653715482558,56.969267,11.731557
2025-02-09 00:57:00,2025-02-09 00:57:00,Class A,273414440_0,56.96661,11.7327,Under way using engine,0.0,9.7,165.8,164.0,9179854,UGPS,ADLER,Cargo,0,20.0,127.0,Combined GPS/GLONASS,5.3,TO ORDER,03/02/2025 08:00:00,AIS,POINT (11.7327 56.96661),273414440_0,0 days 00:01:00,1.6636302717212113e-06,166.8022800888234,0.0,0,4.124786438872685,56.96661,11.7327
2025-02-09 00:58:00,2025-02-09 00:58:00,Class A,273414440_0,56.964043,11.733933,Under way using engine,0.0,9.9,165.7,164.0,9179854,UGPS,ADLER,Cargo,0,20.0,127.0,Combined GPS/GLONASS,5.3,TO ORDER,03/02/2025 08:00:00,AIS,POINT (11.733933 56.964043),273414440_0,0 days 00:01:00,-2.3347124614024347e-06,165.3260962882855,0.0,0,4.122860370178207,56.964043,11.733933
2025-02-09 00:59:00,2025-02-09 00:59:00,Class A,273414440_0,56.961403,11.735053,Under way using engine,0.0,9.6,166.4,165.0,9179854,UGPS,ADLER,Cargo,0,20.0,127.0,Combined GPS/GLONASS,5.3,TO ORDER,03/02/2025 08:00:00,AIS,POINT (11.735053 56.961403),273414440_0,0 days 00:01:00,1.734830398863324e-06,166.97656485698985,0.0,0,4.121022343388347,56.961403,11.735053
2025-02-09 01:00:00,2025-02-09 01:00:00,Class A,273414440_0,56.958823,11.736188,Under way using engine,0.0,9.5,165.9,164.0,9179854,UGPS,ADLER,Cargo,0,20.0,127.0,Combined GPS/GLONASS,5.3,TO ORDER,03/02/2025 08:00:00,AIS,POINT (11.736188 56.958823),273414440_0,0 days 00:01:00,-1.7478580054509079e-06,166.5116062818215,0.0,0,4.119188504137799,56.958823,11.736188
2025-02-09 01:01:00,2025-02-09 01:01:00,Class A,273414440_0,56.956183,11.737407,Under way using engine,0.0,9.8,166.4,165.0,9179854,UGPS,ADLER,Cargo,0,20.0,127.0,Combined GPS/GLONASS,5.3,TO ORDER,03/02/2025 08:00:00,AIS,POINT (11.737407 56.956183),273414440_0,0 days 00:01:00,2.1419570317508884e-06,165.86783162626762,0.0,0,4.117258022437021,56.956183,11.737407
2025-02-09 01:02:00,2025-02-09 01:02:00,Class A,273414440_0,56.953522,11.738553,Under way using engine,0.0,9.6,166.2,164.0,9179854,UGPS,ADLER,Cargo,0,20.0,127.0,Combined GPS/GLONASS,5.3,TO ORDER,03/02/2025 08:00:00,AIS,POINT (11.738553 56.953522),273414440_0,0 days 00:01:00,3.392174812483564e-07,166.78356996507046,0.0,0,4.115392528498952,56.953522,11.738553
2025-02-09 01:03:00,2025-02-09 01:03:00,Class A,273414440_0,56.95091,11.739737,Under way using engine,0.0,9.5,167.0,165.0,9179854,UGPS,ADLER,Cargo,0,20.0,127.0,Combined GPS/GLONASS,5.3,TO ORDER,03/02/2025 08:00:00,AIS,POINT (11.739737 56.95091),273414440_0,0 days 00:01:00,-1.322322796740522e-06,166.11447204290403,0.0,0,4.11350594875284,56.95091,11.739737
2025-02-09 01:04:00,2025-02-09 01:04:00,Class A,273414440_0,56.948212,11.740843,Under way using engine,0.0,9.7,166.8,164.0,9179854,UGPS,ADLER,Cargo,0,20.0,127.0,Combined GPS/GLONASS,5.3,TO ORDER,03/02/2025 08:00:00,AIS,POINT (11.740843 56.948212),273414440_0,0 days 00:01:00,2.2870214345994722e-06,167.39725800732924,0.0,0,4.111670490995722,56.948212,11.740843
2025-02-09 01:05:00,2025-02-09 01:05:00,Class A,273414440_0,56.945568,11.742025,Under way using engine,0.0,9.8,166.8,165.0,9179854,UGPS,ADLER,Cargo,0,20.0,127.0,Combined GPS/GLONASS,5.3,TO ORDER,03/02/2025 08:00:00,AIS,POINT (11.742025 56.945568),273414440_0,0 days 00:01:00,-1.3332832489943748e-06,166.29655457620436,0.0,0,4.109778971327412,56.945568,11.742025
2025-02-09 01:06:00,2025-02-09 01:06:00,Class A,273414440_0,56.942953,11.743253,Under way using engine,0.0,9.5,164.7,162.0,9179854,UGPS,ADLER,Cargo,0,20.0,127.0,Combined GPS/GLONASS,5.3,TO ORDER,03/02/2025 08:00:00,AIS,POINT (11.743253 56.942953),273414440_0,0 days 00:01:00,-6.809205597241181e-07,165.63236953514433,0.0,0,4.1078528559706236,56.942953,11.743253
2025-02-09 01:07:00,2025-02-09 01:07:00,Class A,273414440_0,56.94032,11.744543,Under way using engine,0.0,9.6,164.4,162.0,9179854,UGPS,ADLER,Cargo,0,20.0,127.0,Combined GPS/GLONASS,5.3,TO ORDER,03/02/2025 08:00:00,AIS,POINT (11.744543 56.94032),273414440_0,0 days 00:01:00,8.048195255288439e-07,165.03650221737655,0.0,0,4.10586331150819,56.94032,11.744543
2025-02-09 01:08:00,2025-02-09 01:08:00,Class A,273414440_0,56.937747,11.745925,Under way using engine,0.0,10.0,162.4,160.0,9179854,UGPS,ADLER,Cargo,0,20.0,127.0,Combined GPS/GLONASS,5.3,TO ORDER,03/02/2025 08:00:00,AIS,POINT (11.745925 56.937747),273414440_0,0 days 00:01:00,-1.3663128214047005e-06,163.66811824073784,0.0,0,4.103803850277691,56.937747,11.745925
2025-02-09 01:09:00,2025-02-09 01:09:00,Class A,273414440_0,56.935052,11.747425,Under way using engine,0.0,9.9,162.7,161.0,9179854,UGPS,ADLER,Cargo,0,20.0,127.0,Combined GPS/GLONASS,5.3,TO ORDER,03/02/2025 08:00:00,AIS,POINT (11.747425 56.935052),273414440_0,0 days 00:01:00,4.187706522075651e-06,163.10811327990643,0.0,0,4.101597563197662,56.935052,11.747425
2025-02-09 01:10:00,2025-02-09 01:10:00,Class A,273414440_0,56.93249,11.748885,Under way using engine,0.0,9.9,162.9,160.0,9179854,UGPS,ADLER,Cargo,0,20.0,127.0,Combined GPS/GLONASS,5.3,TO ORDER,03/02/2025 08:00:00,AIS,POINT (11.748885 56.93249),273414440_0,0 days 00:01:00,-4.1305120794699635e-06,162.72765393489567,0.0,0,4.099468588140786,56.93249,11.748885
2025-02-09 01:17:00,2025-02-09 01:17:00,Class A,273414440_0,56.914642,11.76132,Under way using engine,0.0,9.4,157.7,155.0,9179854,UGPS,ADLER,Cargo,0,20.0,127.0,Combined GPS/GLONASS,5.3,TO ORDER,03/02/2025 08:00:00,AIS,POINT (11.76132 56.914642),273414440_0,0 days 00:07:00,1.9905151319121126e-07,159.17607031496186,0.0,0,4.082492849973408,56.914642,11.76132
2025-02-09 01:18:00,2025-02-09 01:18:00,Class A,273414440_0,56.912012,11.763245,Under way using engine,0.0,9.7,157.8,156.0,9179854,UGPS,ADLER,Cargo,0,20.0,127.0,Combined GPS/GLONASS,5.3,TO ORDER,03/02/2025 08:00:00,AIS,POINT (11.763245 56.912012),273414440_0,0 days 00:01:00,3.2309481460353977e-06,158.21898760339207,0.0,0,4.079906307687591,56.912012,11.763245
2025-02-09 01:19:00,2025-02-09 01:19:00,Class A,273414440_0,56.909523,11.765092,Under way using engine,0.0,9.8,158.4,156.0,9179854,UGPS,ADLER,Cargo,0,20.0,127.0,Combined GPS/GLONASS,5.3,TO ORDER,03/02/2025 08:00:00,AIS,POINT (11.765092 56.909523),273414440_0,0 days 00:01:00,-4.537895527638476e-06,157.94505899679575,0.0,0,4.077435131152549,56.909523,11.765092
2025-02-09 01:20:00,2025-02-09 01:20:00,Class A,273414440_0,56.906983,11.766997,Under way using engine,0.0,9.7,157.5,155.0,9179854,UGPS,ADLER,Cargo,0,20.0,127.0,Combined GPS/GLONASS,5.3,TO ORDER,03/02/2025 08:00:00,AIS,POINT (11.766997 56.906983),273414440_0,0 days 00:01:00,1.8322630806074924e-06,157.7307909357437,0.0,0,4.074894856268318,56.906983,11.766997
2025-02-09 01:27:00,2025-02-09 01:27:00,Class A,273414440_0,56.889187,11.78021,Under way using engine,0.0,9.6,157.4,155.0,9179854,UGPS,ADLER,Cargo,0,20.0,127.0,Combined GPS/GLONASS,5.3,TO ORDER,03/02/2025 08:00:00,AIS,POINT (11.78021 56.889187),273414440_0,0 days 00:07:00,-6.124253034652633e-09,157.92263806580354,0.0,0,4.057250774794306,56.889187,11.78021
2025-02-09 01:28:00,2025-02-09 01:28:00,Class A,273414440_0,56.886622,11.782107,Under way using engine,0.0,9.8,157.4,156.0,9179854,UGPS,ADLER,Cargo,0,20.0,127.0,Combined GPS/GLONASS,5.3,TO ORDER,03/02/2025 08:00:00,AIS,POINT (11.782107 56.886622),273414440_0,0 days 00:01:00,7.142513073341826e-07,157.9999043696771,0.0,0,4.054718477709766,56.886622,11.782107
2025-02-09 01:29:00,2025-02-09 01:29:00,Class A,273414440_0,56.884045,11.784015,Under way using engine,0.0,9.9,157.1,155.0,9179854,UGPS,ADLER,Cargo,0,20.0,127.0,Combined GPS/GLONASS,5.3,TO ORDER,03/02/2025 08:00:00,AIS,POINT (11.784015 56.884045),273414440_0,0 days 00:01:00,4.147668466047046e-07,157.97634353452156,0.0,0,4.052173226649868,56.884045,11.784015
2025-02-09 01:30:00,2025-02-09 01:30:00,Class A,273414440_0,56.881505,11.785932,Under way using engine,0.0,9.9,158.2,156.0,9179854,UGPS,ADLER,Cargo,0,20.0,127.0,Combined GPS/GLONASS,5.3,TO ORDER,03/02/2025 08:00:00,AIS,POINT (11.785932 56.881505),273414440_0,0 days 00:01:00,-1.0007209031287172e-06,157.5905643904348,0.0,0,4.049630451140571,56.881505,11.785932
2025-02-09 01:31:00,2025-02-09 01:31:00,Class A,273414440_0,56.878938,11.787868,Under way using engine,0.0,10.0,157.3,155.0,9179854,UGPS,ADLER,Cargo,0,20.0,127.0,Combined GPS/GLONASS,5.3,TO ORDER,03/02/2025 08:00:00,AIS,POINT (11.787868 56.878938),273414440_0,0 days 00:01:00,8.955821677637695e-07,157.603536784148,0.0,0,4.047062889636878,56.878938,11.787868
2025-02-09 01:32:00,2025-02-09 01:32:00,Class A,273414440_0,56.876335,11.789728,Under way using engine,0.0,9.9,157.6,156.0,9179854,UGPS,ADLER,Cargo,0,20.0,127.0,Combined GPS/GLONASS,5.3,TO ORDER,03/02/2025 08:00:00,AIS,POINT (11.789728 56.876335),273414440_0,0 days 00:01:00,5.539004145113513e-07,158.67074855373312,0.0,0,4.044559456063045,56.876335,11.789728
2025-02-09 01:33:00,2025-02-09 01:33:00,Class A,273414440_0,56.873757,11.791697,Under way using engine,0.0,10.1,156.9,155.0,9179854,UGPS,ADLER,Cargo,0,20.0,127.0,Combined GPS/GLONASS,5.3,TO ORDER,03/02/2025 08:00:00,AIS,POINT (11.791697 56.873757),273414440_0,0 days 00:01:00,-2.3520924759673028e-08,157.3447326609205,0.0,0,4.041959023867758,56.873757,11.791697
2025-02-09 01:34:00,2025-02-09 01:34:00,Class A,273414440_0,56.871147,11.793605,Under way using engine,0.0,10.0,157.8,156.0,9179854,UGPS,ADLER,Cargo,0,20.0,127.0,Combined GPS/GLONASS,5.3,TO ORDER,03/02/2025 08:00:00,AIS,POINT (11.793605 56.871147),273414440_0,0 days 00:01:00,5.256088008193539e-07,158.2218122651143,0.0,0,4.039409444544338,56.871147,11.793605
2025-02-09 01:35:01,2025-02-09 01:35:01,Class A,273414440_0,56.868595,11.795615,Under way using engine,0.0,10.0,157.1,155.0,9179854,UGPS,ADLER,Cargo,0,20.0,127.0,Combined GPS/GLONASS,5.3,TO ORDER,03/02/2025 08:00:00,AIS,POINT (11.795615 56.868595),273414440_0,0 days 00:01:01,-2.362557784150284e-06,156.7089051790391,0.0,0,4.036778556098662,56.868595,11.795615
2025-02-09 01:36:01,2025-02-09 01:36:01,Class A,273414440_0,56.866008,11.797587,Under way using engine,0.0,10.0,157.2,156.0,9179854,UGPS,ADLER,Cargo,0,20.0,127.0,Combined GPS/GLONASS,5.3,TO ORDER,03/02/2025 08:00:00,AIS,POINT (11.797587 56.866008),273414440_0,0 days 00:01:00,2.1553568459285397e-06,157.38046043080362,0.0,0,4.034175588176226,56.866008,11.797587
2025-02-09 01:37:01,2025-02-09 01:37:01,Class A,273414440_0,56.86343,11.799552,Under way using engine,0.0,10.0,156.6,155.0,9179854,UGPS,ADLER,Cargo,0,20.0,127.0,Combined GPS/GLONASS,5.3,TO ORDER,03/02/2025 08:00:00,AIS,POINT (11.799552 56.86343),273414440_0,0 days 00:01:00,-3.0173813738919366e-07,157.38050324824815,0.0,0,4.031582749186726,56.86343,11.799552
2025-02-09 01:38:01,2025-02-09 01:38:01,Class A,273414440_0,56.860833,11.801542,Under way using engine,0.0,10.1,156.8,155.0,9179854,UGPS,ADLER,Cargo,0,20.0,127.0,Combined GPS/GLONASS,5.3,TO ORDER,03/02/2025 08:00:00,AIS,POINT (11.801542 56.860833),273414440_0,0 days 00:01:00,7.065574910983079e-07,157.27108559618296,0.0,0,4.028961628233384,56.860833,11.801542
2025-02-09 01:40:01,2025-02-09 01:40:01,Class A,273414440_0,56.855682,11.805538,Under way using engine,0.0,10.2,157.1,155.0,9179854,UGPS,ADLER,Cargo,0,20.0,127.0,Combined GPS/GLONASS,5.3,TO ORDER,03/02/2025 08:00:00,AIS,POINT (11.805538 56.855682),273414440_0,0 days 00:02:00,-2.7929877238903944e-07,157.01537061147565,0.0,0,4.023718483442896,56.855682,11.805538
2025-02-09 01:41:01,2025-02-09 01:41:01,Class A,273414440_0,56.853068,11.807407,Under way using engine,0.0,10.1,160.4,160.0,9179854,UGPS,ADLER,Cargo,0,20.0,127.0,Combined GPS/GLONASS,5.3,TO ORDER,03/02/2025 08:00:00,AIS,POINT (11.807407 56.853068),273414440_0,0 days 00:01:00,2.775619929300457e-07,158.64681793723025,0.0,0,4.021212106034324,56.853068,11.807407
2025-02-09 01:50:00,2025-02-09 01:50:00,Class A,273414440_0,56.829785,11.82334,Under way using engine,0.0,9.9,159.4,158.0,9179854,UGPS,ADLER,Cargo,0,20.0,127.0,Combined GPS/GLONASS,5.3,TO ORDER,03/02/2025 08:00:00,AIS,POINT (11.82334 56.829785),273414440_0,0 days 00:08:59,-1.3539607566455302e-07,159.47276628247278,0.0,0,3.9996208682690164,56.829785,11.82334
2025-02-09 01:51:00,2025-02-09 01:51:00,Class A,273414440_0,56.82725,11.825063,Under way using engine,0.0,9.8,159.9,159.0,9179854,UGPS,ADLER,Cargo,0,20.0,127.0,Combined GPS/GLONASS,5.3,TO ORDER,03/02/2025 08:00:00,AIS,POINT (11.825063 56.82725),273414440_0,0 days 00:01:00,-1.942836870413465e-06,159.59976184927336,0.0,0,3.9972863711234146,56.82725,11.825063
2025-02-09 01:52:00,2025-02-09 01:52:00,Class A,273414440_0,56.824673,11.826812,Under way using engine,0.0,10.1,159.8,158.0,9179854,UGPS,ADLER,Cargo,0,20.0,127.0,Combined GPS/GLONASS,5.3,TO ORDER,03/02/2025 08:00:00,AIS,POINT (11.826812 56.824673),273414440_0,0 days 00:01:00,1.3720338985847256e-06,159.62569678108366,0.0,0,3.994916663876355,56.824673,11.826812
2025-02-09 01:53:00,2025-02-09 01:53:00,Class A,273414440_0,56.82205,11.82847,Under way using engine,0.0,9.7,159.5,158.0,9179854,UGPS,ADLER,Cargo,0,20.0,127.0,Combined GPS/GLONASS,5.3,TO ORDER,03/02/2025 08:00:00,AIS,POINT (11.82847 56.82205),273414440_0,0 days 00:01:00,8.178832510615456e-07,160.91883489499355,0.0,0,3.992623577565007,56.82205,11.82847
2025-02-09 01:54:00,2025-02-09 01:54:00,Class A,273414440_0,56.819478,11.83027,Under way using engine,0.0,9.5,159.7,158.0,9179854,UGPS,ADLER,Cargo,0,20.0,127.0,Combined GPS/GLONASS,5.3,TO ORDER,03/02/2025 08:00:00,AIS,POINT (11.83027 56.819478),273414440_0,0 days 00:01:00,-6.553375508542228e-07,159.0425642538952,0.0,0,3.9902080807195994,56.819478,11.83027
2025-02-09 01:55:00,2025-02-09 01:55:00,Class A,273414440_0,56.816808,11.832,Under way using engine,0.0,10.2,160.4,159.0,9179854,UGPS,ADLER,Cargo,0,20.0,127.0,Combined GPS/GLONASS,5.3,TO ORDER,03/02/2025 08:00:00,AIS,POINT (11.832 56.816808),273414440_0,0 days 00:01:00,2.432836226316041e-06,160.47393201355783,0.0,0,3.9878353038860563,56.816808,11.832
2025-02-09 01:56:00,2025-02-09 01:56:00,Class A,273414440_0,56.814183,11.833742,Under way using engine,0.0,10.0,159.5,158.0,9179854,UGPS,ADLER,Cargo,0,20.0,127.0,Combined GPS/GLONASS,5.3,TO ORDER,03/02/2025 08:00:00,AIS,POINT (11.833742 56.814183),273414440_0,0 days 00:01:00,-1.2402739606821144e-06,160.03707545569773,0.0,0,3.985463906946968,56.814183,11.833742
2025-02-09 01:57:00,2025-02-09 01:57:00,Class A,273414440_0,56.811528,11.83557,Under way using engine,0.0,10.3,159.7,159.0,9179854,UGPS,ADLER,Cargo,0,20.0,127.0,Combined GPS/GLONASS,5.3,TO ORDER,03/02/2025 08:00:00,AIS,POINT (11.83557 56.811528),273414440_0,0 days 00:01:00,1.3780482460920736e-06,159.34907779815205,0.0,0,3.9830027314502305,56.811528,11.83557
2025-02-09 01:58:00,2025-02-09 01:58:00,Class A,273414440_0,56.808867,11.83744,Under way using engine,0.0,10.2,158.4,158.0,9179854,UGPS,ADLER,Cargo,0,20.0,127.0,Combined GPS/GLONASS,5.3,TO ORDER,03/02/2025 08:00:00,AIS,POINT (11.83744 56.808867),273414440_0,0 days 00:01:00,4.28186380920393e-07,158.9578955753086,0.0,0,3.9805005391770756,56.808867,11.83744
2025-02-09 01:59:00,2025-02-09 01:59:00,Class A,273414440_0,56.806245,11.839257,Under way using engine,0.0,9.9,158.6,159.0,9179854,UGPS,ADLER,Cargo,0,20.0,127.0,Combined GPS/GLONASS,5.3,TO ORDER,03/02/2025 08:00:00,AIS,POINT (11.839257 56.806245),273414440_0,0 days 00:01:00,-1.4473821811384803e-06,159.22373489744075,0.0,0,3.9780607839461166,56.806245,11.839257
2025-02-09 02:04:00,2025-02-09 02:04:00,Class A,273414440_0,56.793252,11.847712,Under way using engine,0.0,9.7,160.3,160.0,9179854,UGPS,ADLER,Cargo,0,20.0,127.0,Combined GPS/GLONASS,5.3,TO ORDER,03/02/2025 08:00:00,AIS,POINT (11.847712 56.793252),273414440_0,0 days 00:05:00,-2.8332126472801974e-07,160.38441398538362,0.0,0,3.966516795110794,56.793252,11.847712
2025-02-09 02:05:00,2025-02-09 02:05:00,Class A,273414440_0,56.790638,11.849413,Under way using engine,0.0,9.9,160.3,160.0,9179854,UGPS,ADLER,Cargo,0,20.0,127.0,Combined GPS/GLONASS,5.3,TO ORDER,03/02/2025 08:00:00,AIS,POINT (11.849413 56.790638),273414440_0,0 days 00:01:00,5.076085197095598e-07,160.38369682124926,0.0,0,3.964197598051969,56.790638,11.849413
2025-02-09 02:06:00,2025-02-09 02:06:00,Class A,273414440_0,56.788062,11.851083,Under way using engine,0.0,10.0,160.3,160.0,9179854,UGPS,ADLER,Cargo,0,20.0,127.0,Combined GPS/GLONASS,5.3,TO ORDER,03/02/2025 08:00:00,AIS,POINT (11.851083 56.788062),273414440_0,0 days 00:01:00,-1.2832521675645916e-06,160.45028491124503,0.0,0,3.9619192492054904,56.788062,11.851083
2025-02-09 02:07:00,2025-02-09 02:07:00,Class A,273414440_0,56.785497,11.852735,Under way using engine,0.0,9.7,160.5,161.0,9179854,UGPS,ADLER,Cargo,0,20.0,127.0,Combined GPS/GLONASS,5.3,TO ORDER,03/02/2025 08:00:00,AIS,POINT (11.852735 56.785497),273414440_0,0 days 00:01:00,-4.222137182158334e-07,160.5672343834217,0.0,0,3.959662194353706,56.785497,11.852735
2025-02-09 02:08:00,2025-02-09 02:08:00,Class A,273414440_0,56.782878,11.854448,Under way using engine,0.0,9.8,159.9,160.0,9179854,UGPS,ADLER,Cargo,0,20.0,127.0,Combined GPS/GLONASS,5.3,TO ORDER,03/02/2025 08:00:00,AIS,POINT (11.854448 56.782878),273414440_0,0 days 00:01:00,1.9216718204508884e-06,160.28699847064695,0.0,0,3.957333380037117,56.782878,11.854448
2025-02-09 02:09:00,2025-02-09 02:09:00,Class A,273414440_0,56.780305,11.85612,Under way using engine,0.0,10.1,160.8,161.0,9179854,UGPS,ADLER,Cargo,0,20.0,127.0,Combined GPS/GLONASS,5.3,TO ORDER,03/02/2025 08:00:00,AIS,POINT (11.85612 56.780305),273414440_0,0 days 00:01:00,-1.5736063049757102e-06,160.40382471296425,0.0,0,3.9550570931571887,56.780305,11.85612
2025-02-09 02:10:00,2025-02-09 02:10:00,Class A,273414440_0,56.777673,11.85778,Under way using engine,0.0,10.2,161.0,161.0,9179854,UGPS,ADLER,Cargo,0,20.0,127.0,Combined GPS/GLONASS,5.3,TO ORDER,03/02/2025 08:00:00,AIS,POINT (11.85778 56.777673),273414440_0,0 days 00:01:00,1.6548210006162543e-06,160.93716908477813,0.0,0,3.9527783826373315,56.777673,11.85778
2025-02-09 02:11:00,2025-02-09 02:11:00,Class A,273414440_0,56.77505,11.859423,Under way using engine,0.7,10.0,162.5,163.0,9179854,UGPS,ADLER,Cargo,0,20.0,127.0,Combined GPS/GLONASS,5.3,TO ORDER,03/02/2025 08:00:00,AIS,POINT (11.859423 56.77505),273414440_0,0 days 00:01:00,-3.5672446304141983e-07,161.05709417065202,0.0,0,3.950519543296679,56.77505,11.859423
2025-02-09 02:12:00,2025-02-09 02:12:00,Class A,273414440_0,56.772407,11.860675,Under way using engine,0.0,10.0,166.9,167.0,9179854,UGPS,ADLER,Cargo,0,20.0,127.0,Combined GPS/GLONASS,5.3,TO ORDER,03/02/2025 08:00:00,AIS,POINT (11.860675 56.772407),273414440_0,0 days 00:01:00,-1.3250718770857455e-06,165.4486253473665,0.0,0,3.94863483679537,56.772407,11.860675
2025-02-09 02:13:00,2025-02-09 02:13:00,Class A,273414440_0,56.769718,11.861825,Under way using engine,0.0,10.2,166.0,166.0,9179854,UGPS,ADLER,Cargo,0,20.0,127.0,Combined GPS/GLONASS,5.3,TO ORDER,03/02/2025 08:00:00,AIS,POINT (11.861825 56.769718),273414440_0,0 days 00:01:00,9.655275716111017e-07,166.80993325258487,0.0,0,3.9468383517272403,56.769718,11.861825
2025-02-09 02:14:00,2025-02-09 02:14:00,Class A,273414440_0,56.767017,11.86308,Under way using engine,0.0,9.9,165.6,167.0,9179854,UGPS,ADLER,Cargo,0,20.0,127.0,Combined GPS/GLONASS,5.3,TO ORDER,03/02/2025 08:00:00,AIS,POINT (11.86308 56.767017),273414440_0,0 days 00:01:00,7.852162895873761e-07,165.71351372703725,0.0,0,3.944938606841557,56.767017,11.86308
2025-02-09 02:16:00,2025-02-09 02:16:00,Class A,273414440_0,56.76166,11.865595,Under way using engine,0.0,10.1,165.5,166.0,9179854,UGPS,ADLER,Cargo,0,20.0,127.0,Combined GPS/GLONASS,5.3,TO ORDER,03/02/2025 08:00:00,AIS,POINT (11.865595 56.76166),273414440_0,0 days 00:02:00,-3.315423497246648e-07,165.56897802887931,0.0,0,3.941149648162702,56.76166,11.865595
2025-02-09 02:17:00,2025-02-09 02:17:00,Class A,273414440_0,56.75897,11.866832,Under way using engine,0.0,10.0,165.7,167.0,9179854,UGPS,ADLER,Cargo,0,20.0,127.0,Combined GPS/GLONASS,5.3,TO ORDER,03/02/2025 08:00:00,AIS,POINT (11.866832 56.75897),273414440_0,0 days 00:01:00,2.59062568997619e-07,165.85198498406692,0.0,0,3.939274076936002,56.75897,11.866832
2025-02-09 02:18:00,2025-02-09 02:18:00,Class A,273414440_0,56.756292,11.86809,Under way using engine,0.0,9.8,165.2,167.0,9179854,UGPS,ADLER,Cargo,0,20.0,127.0,Combined GPS/GLONASS,5.3,TO ORDER,03/02/2025 08:00:00,AIS,POINT (11.86809 56.756292),273414440_0,0 days 00:01:00,-2.710523049094584e-07,165.55895184640553,0.0,0,3.9373825302304573,56.756292,11.86809
2025-02-09 02:19:00,2025-02-09 02:19:00,Class A,273414440_0,56.753655,11.869322,Under way using engine,0.0,9.7,165.3,167.0,9179854,UGPS,ADLER,Cargo,0,20.0,127.0,Combined GPS/GLONASS,5.3,TO ORDER,03/02/2025 08:00:00,AIS,POINT (11.869322 56.753655),273414440_0,0 days 00:01:00,-1.3379605374918013e-06,165.63330064902902,0.0,0,3.9355277527702683,56.753655,11.869322
2025-02-09 02:20:00,2025-02-09 02:20:00,Class A,273414440_0,56.751017,11.870363,Under way using engine,0.0,9.7,167.7,169.0,9179854,UGPS,ADLER,Cargo,0,20.0,127.0,Combined GPS/GLONASS,5.3,TO ORDER,03/02/2025 08:00:00,AIS,POINT (11.870363 56.751017),273414440_0,0 days 00:01:00,-7.171092771839227e-07,167.79163929145102,0.0,0,3.933858923785905,56.751017,11.870363
2025-02-09 02:21:00,2025-02-09 02:21:00,Class A,273414440_0,56.748372,11.871422,Under way using engine,0.0,10.3,166.9,168.0,9179854,UGPS,ADLER,Cargo,0,20.0,127.0,Combined GPS/GLONASS,5.3,TO ORDER,03/02/2025 08:00:00,AIS,POINT (11.871422 56.748372),273414440_0,0 days 00:01:00,2.770341882112782e-07,167.61802536144648,0.0,0,3.9321722540951836,56.748372,11.871422
2025-02-09 02:22:00,2025-02-09 02:22:00,Class A,273414440_0,56.74572,11.872485,Under way using engine,0.0,9.7,168.3,169.0,9179854,UGPS,ADLER,Cargo,0,20.0,127.0,Combined GPS/GLONASS,5.3,TO ORDER,03/02/2025 08:00:00,AIS,POINT (11.872485 56.74572),273414440_0,0 days 00:01:00,2.2631395823747718e-07,167.60364599174545,0.0,0,3.9304813078467884,56.74572,11.872485
2025-02-09 02:23:00,2025-02-09 02:23:00,Class A,273414440_0,56.743038,11.873533,Under way using engine,0.0,10.0,167.5,168.0,9179854,UGPS,ADLER,Cargo,0,20.0,127.0,Combined GPS/GLONASS,5.3,TO ORDER,03/02/2025 08:00:00,AIS,POINT (11.873533 56.743038),273414440_0,0 days 00:01:00,8.528279011765638e-07,167.90515200578238,0.0,0,3.9287987827325788,56.743038,11.873533
2025-02-09 02:24:00,2025-02-09 02:24:00,Class A,273414440_0,56.740358,11.874582,Under way using engine,0.0,9.8,168.1,169.0,9179854,UGPS,ADLER,Cargo,0,20.0,127.0,Combined GPS/GLONASS,5.3,TO ORDER,03/02/2025 08:00:00,AIS,POINT (11.874582 56.740358),273414440_0,0 days 00:01:00,-5.6680345058097185e-08,167.8843452183744,0.0,0,3.927117175368211,56.740358,11.874582
2025-02-09 02:25:00,2025-02-09 02:25:00,Class A,273414440_0,56.737538,11.875662,Under way using engine,0.0,10.0,167.7,168.0,9179854,UGPS,ADLER,Cargo,0,20.0,127.0,Internal,5.3,TO ORDER,03/02/2025 08:00:00,AIS,POINT (11.875662 56.737538),273414440_0,0 days 00:01:00,4.345574897537041e-06,168.13722218650355,0.0,0,3.9253722819462613,56.737538,11.875662
2025-02-09 02:26:00,2025-02-09 02:26:00,Class A,273414440_0,56.734967,11.876678,Under way using engine,0.0,9.8,168.5,169.0,9179854,UGPS,ADLER,Cargo,0,20.0,127.0,Combined GPS/GLONASS,5.3,TO ORDER,03/02/2025 08:00:00,AIS,POINT (11.876678 56.734967),273414440_0,0 days 00:01:00,-7.759111239694995e-06,167.76977451050163,0.0,0,3.9237524168103413,56.734967,11.876678
2025-02-09 02:27:00,2025-02-09 02:27:00,Class A,273414440_0,56.73225,11.87776,Under way using engine,0.0,10.2,167.9,168.0,9179854,UGPS,ADLER,Cargo,0,20.0,127.0,Combined GPS/GLONASS,5.3,TO ORDER,03/02/2025 08:00:00,AIS,POINT (11.87776 56.73225),273414440_0,0 days 00:01:00,4.651673644946296e-06,167.67719793517495,0.0,0,3.922033906175213,56.73225,11.87776
2025-02-09 02:28:00,2025-02-09 02:28:00,Class A,273414440_0,56.729457,11.878793,Under way using engine,0.0,10.3,168.1,169.0,9179854,UGPS,ADLER,Cargo,0,20.0,127.0,Combined GPS/GLONASS,5.3,TO ORDER,03/02/2025 08:00:00,AIS,POINT (11.878793 56.729457),273414440_0,0 days 00:01:00,2.1283755881864025e-06,168.53043373367302,0.0,0,3.920345650711171,56.729457,11.878793
2025-02-09 02:29:00,2025-02-09 02:29:00,Class A,273414440_0,56.726727,11.87984,Under way using engine,0.0,10.2,167.9,169.0,9179854,UGPS,ADLER,Cargo,0,20.0,127.0,Combined GPS/GLONASS,5.3,TO ORDER,03/02/2025 08:00:00,AIS,POINT (11.87984 56.726727),273414440_0,0 days 00:01:00,-1.8597536797145913e-06,168.11771876260536,0.0,0,3.9186607970311735,56.726727,11.87984
2025-02-09 02:30:00,2025-02-09 02:30:00,Class A,273414440_0,56.723972,11.880935,Under way using engine,0.0,10.2,168.0,168.0,9179854,UGPS,ADLER,Cargo,0,20.0,127.0,Combined GPS/GLONASS,5.3,TO ORDER,03/02/2025 08:00:00,AIS,POINT (11.880935 56.723972),273414440_0,0 days 00:01:00,9.276351769061265e-07,167.69779784273567,0.0,0,3.9169247457755696,56.723972,11.880935
2025-02-09 02:43:00,2025-02-09 02:43:00,Class A,273414440_0,56.688088,11.89587,Under way using engine,0.0,10.2,166.5,167.0,9179854,UGPS,ADLER,Cargo,0,20.0,127.0,Combined GPS/GLONASS,5.3,TO ORDER,03/02/2025 08:00:00,AIS,POINT (11.89587 56.688088),273414440_0,0 days 00:13:00,2.785041019411143e-08,167.1243938738396,0.0,0,3.893794586705878,56.688088,11.89587
2025-02-09 02:44:00,2025-02-09 02:44:00,Class A,273414440_0,56.685335,11.897027,Under way using engine,0.0,10.3,166.9,167.0,9179854,UGPS,ADLER,Cargo,0,20.0,127.0,Combined GPS/GLONASS,5.3,TO ORDER,03/02/2025 08:00:00,AIS,POINT (11.897027 56.685335),273414440_0,0 days 00:01:00,-1.8717049719730918e-07,167.00221300690384,0.0,0,3.892019529700488,56.685335,11.897027
2025-02-09 02:45:00,2025-02-09 02:45:00,Class A,273414440_0,56.682615,11.898195,Under way using engine,0.0,10.0,166.1,166.0,9179854,UGPS,ADLER,Cargo,0,20.0,127.0,Combined GPS/GLONASS,5.3,TO ORDER,03/02/2025 08:00:00,AIS,POINT (11.898195 56.682615),273414440_0,0 days 00:01:00,-9.510199035149084e-07,166.72842448471488,0.0,0,3.8902430367289393,56.682615,11.898195
2025-02-09 02:46:00,2025-02-09 02:46:00,Class A,273414440_0,56.67981,11.899372,Under way using engine,0.0,10.1,166.9,167.0,9179854,UGPS,ADLER,Cargo,0,20.0,127.0,Combined GPS/GLONASS,5.3,TO ORDER,03/02/2025 08:00:00,AIS,POINT (11.899372 56.67981),273414440_0,0 days 00:01:00,2.5954065357878307e-06,167.02012203138895,0.0,0,3.8884392689844094,56.67981,11.899372
2025-02-09 02:47:00,2025-02-09 02:47:00,Class A,273414440_0,56.677122,11.900555,Under way using engine,0.0,10.3,166.1,166.0,9179854,UGPS,ADLER,Cargo,0,20.0,127.0,Combined GPS/GLONASS,5.3,TO ORDER,03/02/2025 08:00:00,AIS,POINT (11.900555 56.677122),273414440_0,0 days 00:01:00,-3.4980067816876384e-06,166.4081664322,0.0,0,3.886658626873344,56.677122,11.900555
2025-02-09 02:48:00,2025-02-09 02:48:00,Class A,273414440_0,56.67437,11.901742,Under way using engine,0.0,10.1,166.2,167.0,9179854,UGPS,ADLER,Cargo,0,20.0,127.0,Combined GPS/GLONASS,5.3,TO ORDER,03/02/2025 08:00:00,AIS,POINT (11.901742 56.67437),273414440_0,0 days 00:01:00,1.9412250231309678e-06,166.66865425806782,0.0,0,3.884860540302573,56.67437,11.901742
2025-02-09 02:56:00,2025-02-09 02:56:00,Class A,273414440_0,56.652503,11.910848,Under way using engine,0.0,9.9,167.6,168.0,9179854,UGPS,ADLER,Cargo,0,20.0,127.0,Combined GPS/GLONASS,5.3,TO ORDER,03/02/2025 08:00:00,AIS,POINT (11.910848 56.652503),273414440_0,0 days 00:08:00,-9.35519469893871e-08,167.10604010132738,0.0,0,3.8709430755800334,56.652503,11.910848
2025-02-09 02:57:00,2025-02-09 02:57:00,Class A,273414440_0,56.649808,11.911863,Under way using engine,0.0,9.7,169.0,169.0,9179854,UGPS,ADLER,Cargo,0,20.0,127.0,Combined GPS/GLONASS,5.3,TO ORDER,03/02/2025 08:00:00,AIS,POINT (11.911863 56.649808),273414440_0,0 days 00:01:00,-1.6065951277340468e-06,168.30215489974887,0.0,0,3.8693388250631395,56.649808,11.911863
2025-02-09 02:58:00,2025-02-09 02:58:00,Class A,273414440_0,56.64711,11.912818,Under way using engine,0.0,9.9,168.3,169.0,9179854,UGPS,ADLER,Cargo,0,20.0,127.0,Combined GPS/GLONASS,5.3,TO ORDER,03/02/2025 08:00:00,AIS,POINT (11.912818 56.64711),273414440_0,0 days 00:01:00,-1.1051158860434703e-07,168.98739471671297,0.0,0,3.867793793870609,56.64711,11.912818
2025-02-09 02:59:00,2025-02-09 02:59:00,Class A,273414440_0,56.644407,11.913785,Under way using engine,0.0,9.9,168.7,169.0,9179854,UGPS,ADLER,Cargo,0,20.0,127.0,Combined GPS/GLONASS,5.3,TO ORDER,03/02/2025 08:00:00,AIS,POINT (11.913785 56.644407),273414440_0,0 days 00:01:00,1.912983641001731e-07,168.87178917702875,0.0,0,3.866237441931625,56.644407,11.913785
2025-02-09 03:00:00,2025-02-09 03:00:00,Class A,273414440_0,56.64173,11.9148,Under way using engine,0.0,9.7,167.7,167.0,9179854,UGPS,ADLER,Cargo,0,20.0,127.0,Combined GPS/GLONASS,5.3,TO ORDER,03/02/2025 08:00:00,AIS,POINT (11.9148 56.64173),273414440_0,0 days 00:01:00,-6.252197067728015e-07,168.22323613149274,0.0,0,3.8646417322473767,56.64173,11.9148
2025-02-09 03:01:00,2025-02-09 03:01:00,Class A,273414440_0,56.639042,11.915917,Under way using engine,0.0,10.0,167.9,168.0,9179854,UGPS,ADLER,Cargo,0,20.0,127.0,Combined GPS/GLONASS,5.3,TO ORDER,03/02/2025 08:00:00,AIS,POINT (11.915917 56.639042),273414440_0,0 days 00:01:00,7.044094179341585e-07,167.12798530471787,0.0,0,3.862945637070369,56.639042,11.915917
2025-02-09 03:02:00,2025-02-09 03:02:00,Class A,273414440_0,56.636365,11.91694,Under way using engine,0.0,9.8,167.9,168.0,9179854,UGPS,ADLER,Cargo,0,20.0,127.0,Combined GPS/GLONASS,5.3,TO ORDER,03/02/2025 08:00:00,AIS,POINT (11.91694 56.636365),273414440_0,0 days 00:01:00,-6.759844507868429e-07,168.1313961549456,0.0,0,3.861345052617416,56.636365,11.91694
2025-02-09 03:03:00,2025-02-09 03:03:00,Class A,273414440_0,56.63371,11.917935,Under way using engine,0.0,9.8,168.0,168.0,9179854,UGPS,ADLER,Cargo,0,20.0,127.0,Combined GPS/GLONASS,5.3,TO ORDER,03/02/2025 08:00:00,AIS,POINT (11.917935 56.63371),273414440_0,0 days 00:01:00,-7.633891027526013e-07,168.35347527112822,0.0,0,3.8597781598264165,56.63371,11.917935
2025-02-09 03:04:00,2025-02-09 03:04:00,Class A,273414440_0,56.631022,11.918933,Under way using engine,0.0,9.7,168.5,168.0,9179854,UGPS,ADLER,Cargo,0,20.0,127.0,Combined GPS/GLONASS,5.3,TO ORDER,03/02/2025 08:00:00,AIS,POINT (11.918933 56.631022),273414440_0,0 days 00:01:00,1.0103349071503784e-06,168.45805430581095,0.0,0,3.858202394875753,56.631022,11.918933
2025-02-09 03:05:00,2025-02-09 03:05:00,Class A,273414440_0,56.628373,11.919905,Under way using engine,0.0,10.0,168.0,167.0,9179854,UGPS,ADLER,Cargo,0,20.0,127.0,Combined GPS/GLONASS,5.3,TO ORDER,03/02/2025 08:00:00,AIS,POINT (11.919905 56.628373),273414440_0,0 days 00:01:00,-1.2702739897693748e-06,168.58890080025958,0.0,0,3.8566621769050506,56.628373,11.919905
2025-02-09 03:06:00,2025-02-09 03:06:00,Class A,273414440_0,56.625717,11.920938,Under way using engine,0.0,9.9,168.0,167.0,9179854,UGPS,ADLER,Cargo,0,20.0,127.0,Combined GPS/GLONASS,5.3,TO ORDER,03/02/2025 08:00:00,AIS,POINT (11.920938 56.625717),273414440_0,0 days 00:01:00,4.2426997151478785e-07,167.92344539920987,0.0,0,3.8550623833635953,56.625717,11.920938
2025-02-09 03:07:00,2025-02-09 03:07:00,Class A,273414440_0,56.623027,11.922,Under way using engine,0.0,10.0,168.8,168.0,9179854,UGPS,ADLER,Cargo,0,20.0,127.0,Combined GPS/GLONASS,5.3,TO ORDER,03/02/2025 08:00:00,AIS,POINT (11.922 56.623027),273414440_0,0 days 00:01:00,1.1325913503298142e-06,167.74595424327072,0.0,0,3.853428200217177,56.623027,11.922
2025-02-09 03:08:00,2025-02-09 03:08:00,Class A,273414440_0,56.620305,11.922977,Under way using engine,0.0,10.0,168.7,167.0,9179854,UGPS,ADLER,Cargo,0,20.0,127.0,Combined GPS/GLONASS,5.3,TO ORDER,03/02/2025 08:00:00,AIS,POINT (11.922977 56.620305),273414440_0,0 days 00:01:00,6.745756186625889e-07,168.82915325330032,0.0,0,3.851871285452047,56.620305,11.922977
2025-02-09 03:10:00,2025-02-09 03:10:00,Class A,273414440_0,56.614913,11.924893,Under way using engine,0.0,10.0,169.1,168.0,9179854,UGPS,ADLER,Cargo,0,20.0,127.0,Combined GPS/GLONASS,5.3,TO ORDER,03/02/2025 08:00:00,AIS,POINT (11.924893 56.614913),273414440_0,0 days 00:02:00,-4.2568635023347483e-07,168.9364387873028,0.0,0,3.8488106150635675,56.614913,11.924893
2025-02-09 03:11:00,2025-02-09 03:11:00,Class A,273414440_0,56.612178,11.925855,Under way using engine,0.0,9.9,169.3,168.0,9179854,UGPS,ADLER,Cargo,0,20.0,127.0,Combined GPS/GLONASS,5.3,TO ORDER,03/02/2025 08:00:00,AIS,POINT (11.925855 56.612178),273414440_0,0 days 00:01:00,1.1973728541691577e-06,169.04517732935471,0.0,0,3.8472700820588352,56.612178,11.925855
2025-02-09 03:12:00,2025-02-09 03:12:00,Class A,273414440_0,56.609423,11.926827,Under way using engine,0.0,9.9,169.3,167.0,9179854,UGPS,ADLER,Cargo,0,20.0,127.0,Combined GPS/GLONASS,5.3,TO ORDER,03/02/2025 08:00:00,AIS,POINT (11.926827 56.609423),273414440_0,0 days 00:01:00,6.399915698298974e-07,169.0116877034966,0.0,0,3.8457169764508152,56.609423,11.926827
2025-02-09 03:13:00,2025-02-09 03:13:00,Class A,273414440_0,56.606735,11.927698,Under way using engine,0.0,10.2,169.2,168.0,9179854,UGPS,ADLER,Cargo,0,20.0,127.0,Combined GPS/GLONASS,5.3,TO ORDER,03/02/2025 08:00:00,AIS,POINT (11.927698 56.606735),273414440_0,0 days 00:01:00,-2.35317920852505e-06,169.88805773905938,0.0,0,3.844278666945075,56.606735,11.927698
2025-02-09 03:14:00,2025-02-09 03:14:00,Class A,273414440_0,56.603945,11.928652,Under way using engine,0.0,10.2,169.8,168.0,9179854,UGPS,ADLER,Cargo,0,20.0,127.0,Combined GPS/GLONASS,5.3,TO ORDER,03/02/2025 08:00:00,AIS,POINT (11.928652 56.603945),273414440_0,0 days 00:01:00,3.359046447727508e-06,169.3410796451268,0.0,0,3.8427386590301724,56.603945,11.928652
2025-02-09 03:15:00,2025-02-09 03:15:00,Class A,273414440_0,56.60113,11.929568,Under way using engine,0.0,10.1,169.7,167.0,9179854,UGPS,ADLER,Cargo,0,20.0,127.0,Combined GPS/GLONASS,5.3,TO ORDER,03/02/2025 08:00:00,AIS,POINT (11.929568 56.60113),273414440_0,0 days 00:01:00,6.433605521744713e-07,169.84481098117658,0.0,0,3.841231955860515,56.60113,11.929568
2025-02-09 03:16:00,2025-02-09 03:16:00,Class A,273414440_0,56.59836,11.930467,Under way using engine,0.0,10.2,170.0,168.0,9179854,UGPS,ADLER,Cargo,0,20.0,127.0,Combined GPS/GLONASS,5.3,TO ORDER,03/02/2025 08:00:00,AIS,POINT (11.930467 56.59836),273414440_0,0 days 00:01:00,-1.4210838433873577e-06,169.87008881578095,0.0,0,3.839753290247304,56.59836,11.930467
2025-02-09 03:17:00,2025-02-09 03:17:00,Class A,273414440_0,56.595605,11.931357,Under way using engine,0.0,10.1,169.1,167.0,9179854,UGPS,ADLER,Cargo,0,20.0,127.0,Combined GPS/GLONASS,5.3,TO ORDER,03/02/2025 08:00:00,AIS,POINT (11.931357 56.595605),273414440_0,0 days 00:01:00,-4.835841705560339e-07,169.9152160875717,0.0,0,3.838288292706789,56.595605,11.931357
2025-02-09 03:18:00,2025-02-09 03:18:00,Class A,273414440_0,56.592862,11.932308,Under way using engine,0.0,10.1,169.1,167.0,9179854,UGPS,ADLER,Cargo,0,20.0,127.0,Combined GPS/GLONASS,5.3,TO ORDER,03/02/2025 08:00:00,AIS,POINT (11.932308 56.592862),273414440_0,0 days 00:01:00,-1.757451779486885e-07,169.19291486206134,0.0,0,3.836767937483317,56.592862,11.932308
2025-02-09 03:19:00,2025-02-09 03:19:00,Class A,273414440_0,56.5901,11.933248,Under way using engine,0.0,10.2,169.1,168.0,9179854,UGPS,ADLER,Cargo,0,20.0,127.0,Combined GPS/GLONASS,5.3,TO ORDER,03/02/2025 08:00:00,AIS,POINT (11.933248 56.5901),273414440_0,0 days 00:01:00,5.426436846511148e-07,169.386093272361,0.0,0,3.835255839594536,56.5901,11.933248
2025-02-09 03:20:00,2025-02-09 03:20:00,Class A,273414440_0,56.587327,11.934253,Under way using engine,0.0,10.1,168.8,167.0,9179854,UGPS,ADLER,Cargo,0,20.0,127.0,Combined GPS/GLONASS,5.3,TO ORDER,03/02/2025 08:00:00,AIS,POINT (11.934253 56.587327),273414440_0,0 days 00:01:00,5.453543266672559e-07,168.71352245358082,0.0,0,3.8336795179370435,56.587327,11.934253
2025-02-09 03:21:00,2025-02-09 03:21:00,Class A,273414440_0,56.584553,11.935235,Under way using engine,0.0,10.3,168.4,168.0,9179854,UGPS,ADLER,Cargo,0,20.0,127.0,Combined GPS/GLONASS,5.3,TO ORDER,03/02/2025 08:00:00,AIS,POINT (11.935235 56.584553),273414440_0,0 days 00:01:00,-4.557143492263729e-08,168.96850020907164,0.0,0,3.832127074178255,56.584553,11.935235
2025-02-09 03:22:00,2025-02-09 03:22:00,Class A,273414440_0,56.58183,11.936248,Under way using engine,0.0,9.9,167.9,167.0,9179854,UGPS,ADLER,Cargo,0,20.0,127.0,Combined GPS/GLONASS,5.3,TO ORDER,03/02/2025 08:00:00,AIS,POINT (11.936248 56.58183),273414440_0,0 days 00:01:00,-1.4426471144777236e-06,168.42111350802293,0.0,0,3.83055682917301,56.58183,11.936248
2025-02-09 03:23:00,2025-02-09 03:23:00,Class A,273414440_0,56.579117,11.937327,Under way using engine,0.0,10.2,168.2,168.0,9179854,UGPS,ADLER,Cargo,0,20.0,127.0,Combined GPS/GLONASS,5.3,TO ORDER,03/02/2025 08:00:00,AIS,POINT (11.937327 56.579117),273414440_0,0 days 00:01:00,-6.827652078280599e-08,167.64420015109908,0.0,0,3.8289257713183726,56.579117,11.937327
2025-02-09 03:24:00,2025-02-09 03:24:00,Class A,273414440_0,56.576383,11.938367,Under way using engine,0.0,10.0,168.0,168.0,9179854,UGPS,ADLER,Cargo,0,20.0,127.0,Combined GPS/GLONASS,5.3,TO ORDER,03/02/2025 08:00:00,AIS,POINT (11.938367 56.576383),273414440_0,0 days 00:01:00,4.955521993032485e-07,168.1659407460412,0.0,0,3.8273299176582625,56.576383,11.938367
2025-02-09 03:25:00,2025-02-09 03:25:00,Class A,273414440_0,56.573663,11.939442,Under way using engine,0.0,10.0,167.4,167.0,9179854,UGPS,ADLER,Cargo,0,20.0,127.0,Combined GPS/GLONASS,5.3,TO ORDER,03/02/2025 08:00:00,AIS,POINT (11.939442 56.573663),273414440_0,0 days 00:01:00,-2.981430943663268e-07,167.7176089740518,0.0,0,3.8257043772012764,56.573663,11.939442
2025-02-09 03:26:00,2025-02-09 03:26:00,Class A,273414440_0,56.570965,11.940507,Under way using engine,0.0,9.8,167.7,168.0,9179854,UGPS,ADLER,Cargo,0,20.0,127.0,Combined GPS/GLONASS,5.3,TO ORDER,03/02/2025 08:00:00,AIS,POINT (11.940507 56.570965),273414440_0,0 days 00:01:00,-7.009953008676265e-07,167.7313384712245,0.0,0,3.8240947876183715,56.570965,11.940507
2025-02-09 03:27:00,2025-02-09 03:27:00,Class A,273414440_0,56.568263,11.94157,Under way using engine,0.0,9.9,167.1,168.0,9179854,UGPS,ADLER,Cargo,0,20.0,127.0,Combined GPS/GLONASS,5.3,TO ORDER,03/02/2025 08:00:00,AIS,POINT (11.94157 56.568263),273414440_0,0 days 00:01:00,1.1387726000855354e-07,167.77041835542707,0.0,0,3.8224878376503693,56.568263,11.94157
2025-02-09 03:28:01,2025-02-09 03:28:01,Class A,273414440_0,56.565502,11.942655,Under way using engine,0.0,10.0,168.3,168.0,9179854,UGPS,ADLER,Cargo,0,20.0,127.0,Combined GPS/GLONASS,5.3,TO ORDER,03/02/2025 08:00:00,AIS,POINT (11.942655 56.565502),273414440_0,0 days 00:01:01,4.2369401146305983e-07,167.7827814600363,0.0,0,3.820848564553298,56.565502,11.942655
2025-02-09 03:29:01,2025-02-09 03:29:01,Class A,273414440_0,56.562832,11.943762,Under way using engine,0.0,10.0,167.3,167.0,9179854,UGPS,ADLER,Cargo,0,20.0,127.0,Combined GPS/GLONASS,5.3,TO ORDER,03/02/2025 08:00:00,AIS,POINT (11.943762 56.562832),273414440_0,0 days 00:01:00,-1.2327479627805265e-06,167.1311783239671,0.0,0,3.819208352079787,56.562832,11.943762
2025-02-09 03:30:01,2025-02-09 03:30:01,Class A,273414440_0,56.560108,11.944813,Under way using engine,0.0,9.8,167.7,168.0,9179854,UGPS,ADLER,Cargo,0,20.0,127.0,Combined GPS/GLONASS,5.3,TO ORDER,03/02/2025 08:00:00,AIS,POINT (11.944813 56.560108),273414440_0,0 days 00:01:00,1.424870946652385e-06,167.99672195395942,0.0,0,3.8176131714385364,56.560108,11.944813
2025-02-09 03:31:01,2025-02-09 03:31:01,Class A,273414440_0,56.557408,11.945932,Under way using engine,0.0,9.8,167.3,168.0,9179854,UGPS,ADLER,Cargo,0,20.0,127.0,Combined GPS/GLONASS,5.3,TO ORDER,03/02/2025 08:00:00,AIS,POINT (11.945932 56.557408),273414440_0,0 days 00:01:00,-4.7406713841966857e-07,167.13426509883743,0.0,0,3.8159580100509487,56.557408,11.945932
2025-02-09 03:32:01,2025-02-09 03:32:01,Class A,273414440_0,56.554692,11.94699,Under way using engine,0.0,10.0,167.2,168.0,9179854,UGPS,ADLER,Cargo,0,20.0,127.0,Combined GPS/GLONASS,5.3,TO ORDER,03/02/2025 08:00:00,AIS,POINT (11.94699 56.554692),273414440_0,0 days 00:01:00,2.5759720722653055e-07,167.88289957994652,0.0,0,3.8143607460443496,56.554692,11.94699
2025-02-09 03:33:01,2025-02-09 03:33:01,Class A,273414440_0,56.551988,11.948098,Under way using engine,0.0,9.9,167.2,168.0,9179854,UGPS,ADLER,Cargo,0,20.0,127.0,Combined GPS/GLONASS,5.3,TO ORDER,03/02/2025 08:00:00,AIS,POINT (11.948098 56.551988),273414440_0,0 days 00:01:00,-1.781224164444708e-07,167.27306282815334,0.0,0,3.8127185867666658,56.551988,11.948098
2025-02-09 03:34:01,2025-02-09 03:34:01,Class A,273414440_0,56.549272,11.949228,Under way using engine,0.0,10.1,167.5,168.0,9179854,UGPS,ADLER,Cargo,0,20.0,127.0,Combined GPS/GLONASS,5.3,TO ORDER,03/02/2025 08:00:00,AIS,POINT (11.949228 56.549272),273414440_0,0 days 00:01:00,4.457150763756181e-07,167.08331694618892,0.0,0,3.8110539645877495,56.549272,11.949228
2025-02-09 03:35:01,2025-02-09 03:35:01,Class A,273414440_0,56.546558,11.95033,Under way using engine,0.0,9.9,167.3,168.0,9179854,UGPS,ADLER,Cargo,0,20.0,127.0,Combined GPS/GLONASS,5.3,TO ORDER,03/02/2025 08:00:00,AIS,POINT (11.95033 56.546558),273414440_0,0 days 00:01:00,-1.659752725136915e-07,167.3831548008377,0.0,0,3.809418702720928,56.546558,11.95033
2025-02-09 03:41:00,2025-02-09 03:41:00,Class A,273414440_0,56.53022,11.956665,Under way using engine,0.0,10.1,168.3,168.0,9179854,UGPS,ADLER,Cargo,0,20.0,127.0,Combined GPS/GLONASS,5.3,TO ORDER,03/02/2025 08:00:00,AIS,POINT (11.956665 56.53022),273414440_0,0 days 00:05:59,5.7454528749451756e-08,167.92949179996947,0.0,0,3.7999002627770384,56.53022,11.956665
2025-02-09 03:42:00,2025-02-09 03:42:00,Class A,273414440_0,56.527517,11.957678,Under way using engine,0.0,10.1,168.2,167.0,9179854,UGPS,ADLER,Cargo,0,20.0,127.0,Combined GPS/GLONASS,5.3,TO ORDER,03/02/2025 08:00:00,AIS,POINT (11.957678 56.527517),273414440_0,0 days 00:01:00,-9.954017238040374e-07,168.32148821947578,0.0,0,3.7983653690008556,56.527517,11.957678
2025-02-09 03:43:00,2025-02-09 03:43:00,Class A,273414440_0,56.524808,11.958692,Under way using engine,0.0,9.7,168.5,168.0,9179854,UGPS,ADLER,Cargo,0,20.0,127.0,Combined GPS/GLONASS,5.3,TO ORDER,03/02/2025 08:00:00,AIS,POINT (11.958692 56.524808),273414440_0,0 days 00:01:00,1.854125412717311e-07,168.33464608702877,0.0,0,3.7968298708991433,56.524808,11.958692
2025-02-09 03:44:00,2025-02-09 03:44:00,Class A,273414440_0,56.52203,11.959628,Under way using engine,0.0,9.8,168.6,168.0,9179854,UGPS,ADLER,Cargo,0,20.0,127.0,Combined GPS/GLONASS,5.3,TO ORDER,03/02/2025 08:00:00,AIS,POINT (11.959628 56.52203),273414440_0,0 days 00:01:00,1.8373071772916805e-06,169.4712561116661,0.0,0,3.7953586554005665,56.52203,11.959628
2025-02-09 03:45:00,2025-02-09 03:45:00,Class A,273414440_0,56.519375,11.96063,Under way using engine,0.0,10.0,168.9,167.0,9179854,UGPS,ADLER,Cargo,0,20.0,127.0,Combined GPS/GLONASS,5.3,TO ORDER,03/02/2025 08:00:00,AIS,POINT (11.96063 56.519375),273414440_0,0 days 00:01:00,-3.513957865841618e-06,168.2392786755139,0.0,0,3.79384885855947,56.519375,11.96063
2025-02-09 03:46:00,2025-02-09 03:46:00,Class A,273414440_0,56.516648,11.961542,Under way using engine,0.0,10.0,169.4,168.0,9179854,UGPS,ADLER,Cargo,0,20.0,127.0,Combined GPS/GLONASS,5.3,TO ORDER,03/02/2025 08:00:00,AIS,POINT (11.961542 56.516648),273414440_0,0 days 00:01:00,1.8884304760863508e-06,169.54618648270366,0.0,0,3.79241455984601,56.516648,11.961542
2025-02-09 03:47:00,2025-02-09 03:47:00,Class A,273414440_0,56.514018,11.962487,Under way using engine,0.0,9.8,169.0,168.0,9179854,UGPS,ADLER,Cargo,0,20.0,127.0,Combined GPS/GLONASS,5.3,TO ORDER,03/02/2025 08:00:00,AIS,POINT (11.962487 56.514018),273414440_0,0 days 00:01:00,-2.8402335151837126e-06,168.7867028807358,0.0,0,3.79096867666524,56.514018,11.962487
2025-02-09 03:48:00,2025-02-09 03:48:00,Class A,273414440_0,56.511332,11.963393,Under way using engine,0.0,9.6,169.5,168.0,9179854,UGPS,ADLER,Cargo,0,20.0,127.0,Combined GPS/GLONASS,5.3,TO ORDER,03/02/2025 08:00:00,AIS,POINT (11.963393 56.511332),273414440_0,0 days 00:01:00,1.5749763266475574e-06,169.45699878217874,0.0,0,3.7895515324276836,56.511332,11.963393
2025-02-09 03:49:00,2025-02-09 03:49:00,Class A,273414440_0,56.508642,11.964283,Under way using engine,0.0,9.7,169.4,167.0,9179854,UGPS,ADLER,Cargo,0,20.0,127.0,Combined GPS/GLONASS,5.3,TO ORDER,03/02/2025 08:00:00,AIS,POINT (11.964283 56.508642),273414440_0,0 days 00:01:00,7.212502871431203e-08,169.65347690672115,0.0,0,3.7881508852770107,56.508642,11.964283
2025-02-09 03:50:00,2025-02-09 03:50:00,Class A,273414440_0,56.505917,11.965172,Under way using engine,0.0,9.7,169.9,168.0,9179854,UGPS,ADLER,Cargo,0,20.0,127.0,Combined GPS/GLONASS,5.3,TO ORDER,03/02/2025 08:00:00,AIS,POINT (11.965172 56.505917),273414440_0,0 days 00:01:00,1.0622471067852177e-06,169.79407131613743,0.0,0,3.7867459851831873,56.505917,11.965172
2025-02-09 03:51:00,2025-02-09 03:51:00,Class A,273414440_0,56.503247,11.966032,Under way using engine,0.0,9.9,169.2,167.0,9179854,UGPS,ADLER,Cargo,0,20.0,127.0,Combined GPS/GLONASS,5.3,TO ORDER,03/02/2025 08:00:00,AIS,POINT (11.966032 56.503247),273414440_0,0 days 00:01:00,-1.7618754414019597e-06,169.9202543187057,0.0,0,3.785381885672963,56.503247,11.966032
2025-02-09 03:52:00,2025-02-09 03:52:00,Class A,273414440_0,56.500538,11.966857,Under way using engine,0.0,9.8,169.9,168.0,9179854,UGPS,ADLER,Cargo,0,20.0,127.0,Combined GPS/GLONASS,5.3,TO ORDER,03/02/2025 08:00:00,AIS,POINT (11.966857 56.500538),273414440_0,0 days 00:01:00,1.086531184538381e-06,170.45863303740907,0.0,0,3.7840461417452356,56.500538,11.966857
2025-02-09 03:53:00,2025-02-09 03:53:00,Class A,273414440_0,56.497807,11.96775,Under way using engine,0.0,9.9,170.1,168.0,9179854,UGPS,ADLER,Cargo,0,20.0,127.0,Combined GPS/GLONASS,5.3,TO ORDER,03/02/2025 08:00:00,AIS,POINT (11.96775 56.497807),273414440_0,0 days 00:01:00,8.706046619041055e-07,169.76902538026457,0.0,0,3.7826410754298374,56.497807,11.96775
2025-02-09 03:54:00,2025-02-09 03:54:00,Class A,273414440_0,56.495118,11.968578,Under way using engine,0.0,10.0,170.2,168.0,9179854,UGPS,ADLER,Cargo,0,20.0,127.0,Combined GPS/GLONASS,5.3,TO ORDER,03/02/2025 08:00:00,AIS,POINT (11.968578 56.495118),273414440_0,0 days 00:01:00,-1.4716990757913333e-06,170.35333966009352,0.0,0,3.781309546167305,56.495118,11.968578
2025-02-09 03:55:00,2025-02-09 03:55:00,Class A,273414440_0,56.492325,11.969472,Under way using engine,0.0,9.9,170.2,168.0,9179854,UGPS,ADLER,Cargo,0,20.0,127.0,Combined GPS/GLONASS,5.3,TO ORDER,03/02/2025 08:00:00,AIS,POINT (11.969472 56.492325),273414440_0,0 days 00:01:00,3.362747942784773e-06,169.9790945152422,0.0,0,3.779894895634666,56.492325,11.969472
2025-02-09 03:56:00,2025-02-09 03:56:00,Class A,273414440_0,56.489557,11.970275,Under way using engine,0.0,9.6,170.2,167.0,9179854,UGPS,ADLER,Cargo,0,20.0,127.0,Combined GPS/GLONASS,5.3,TO ORDER,03/02/2025 08:00:00,AIS,POINT (11.970275 56.489557),273414440_0,0 days 00:01:00,-1.0214860319790377e-06,170.90068443542486,0.0,0,3.7785760940801483,56.489557,11.970275
2025-02-09 03:58:00,2025-02-09 03:58:00,Class A,273414440_0,56.484067,11.971912,Under way using engine,0.0,10.0,170.8,168.0,9179854,UGPS,ADLER,Cargo,0,20.0,127.0,Combined GPS/GLONASS,5.3,TO ORDER,03/02/2025 08:00:00,AIS,POINT (11.971912 56.484067),273414440_0,0 days 00:02:00,-3.2969322880706717e-07,170.65040539645042,0.0,0,3.7759220169941283,56.484067,11.971912
2025-02-09 03:59:00,2025-02-09 03:59:00,Class A,273414440_0,56.481322,11.972738,Under way using engine,0.0,10.1,170.6,168.0,9179854,UGPS,ADLER,Cargo,0,20.0,127.0,Combined GPS/GLONASS,5.3,TO ORDER,03/02/2025 08:00:00,AIS,POINT (11.972738 56.481322),273414440_0,0 days 00:01:00,2.117972791114709e-08,170.56560604423817,0.0,0,3.774590174999135,56.481322,11.972738
2025-02-09 04:00:00,2025-02-09 04:00:00,Class A,273414440_0,56.478548,11.973498,Under way using engine,0.0,9.9,171.0,168.0,9179854,UGPS,ADLER,Cargo,0,20.0,127.0,Combined GPS/GLONASS,5.3,TO ORDER,03/02/2025 08:00:00,AIS,POINT (11.973498 56.478548),273414440_0,0 days 00:01:00,7.085630492470434e-07,171.39633189324445,0.0,0,3.773319380677444,56.478548,11.973498
2025-02-09 04:01:00,2025-02-09 04:01:00,Class A,273414440_0,56.475752,11.974328,Under way using engine,0.0,9.8,170.8,168.0,9179854,UGPS,ADLER,Cargo,0,20.0,127.0,Combined GPS/GLONASS,5.3,TO ORDER,03/02/2025 08:00:00,AIS,POINT (11.974328 56.475752),273414440_0,0 days 00:01:00,8.591940622202736e-07,170.68925426180022,0.0,0,3.7719774629496396,56.475752,11.974328
2025-02-09 04:10:00,2025-02-09 04:10:00,Class A,273414440_0,56.452802,11.988223,Under way using engine,0.0,9.8,151.2,148.0,9179854,UGPS,ADLER,Cargo,0,20.0,127.0,Combined GPS/GLONASS,5.3,TO ORDER,03/02/2025 08:00:00,AIS,POINT (11.988223 56.452802),273414440_0,0 days 00:09:00,-4.951032610156458e-07,161.4999913438943,0.0,0,3.7540671243632553,56.452802,11.988223
2025-02-09 04:11:00,2025-02-09 04:11:00,Class A,273414440_0,56.450435,11.990817,Under way using engine,0.0,9.9,146.7,142.0,9179854,UGPS,ADLER,Cargo,0,20.0,127.0,Combined GPS/GLONASS,5.3,TO ORDER,03/02/2025 08:00:00,AIS,POINT (11.990817 56.450435),273414440_0,0 days 00:01:00,2.4548877718120367e-06,148.7981321505698,0.0,0,3.751084504258735,56.450435,11.990817
2025-02-09 04:12:00,2025-02-09 04:12:00,Class A,273414440_0,56.4482,11.993468,Under way using engine,0.0,9.7,147.3,144.0,9179854,UGPS,ADLER,Cargo,0,20.0,127.0,Combined GPS/GLONASS,5.3,TO ORDER,03/02/2025 08:00:00,AIS,POINT (11.993468 56.4482),273414440_0,0 days 00:01:00,-2.9295968688782617e-06,146.7523084442729,0.0,0,3.7501690771117238,56.4482,11.993468
2025-02-09 04:13:00,2025-02-09 04:13:00,Class A,273414440_0,56.445888,11.996088,Under way using engine,0.0,9.9,146.9,143.0,9179854,UGPS,ADLER,Cargo,0,20.0,127.0,Combined GPS/GLONASS,5.3,TO ORDER,03/02/2025 08:00:00,AIS,POINT (11.996088 56.445888),273414440_0,0 days 00:01:00,1.7186109669129011e-06,147.93842842340888,0.0,0,3.7532779247198054,56.445888,11.996088
2025-02-09 04:14:00,2025-02-09 04:14:00,Class A,273414440_0,56.443637,11.998778,Under way using engine,0.0,9.8,147.2,143.0,9179854,UGPS,ADLER,Cargo,0,20.0,127.0,Combined GPS/GLONASS,5.3,TO ORDER,03/02/2025 08:00:00,AIS,POINT (11.998778 56.443637),273414440_0,0 days 00:01:00,-9.347049840015333e-07,146.5525776975984,0.0,0,3.7564402156728107,56.443637,11.998778
2025-02-09 04:15:00,2025-02-09 04:15:00,Class A,273414440_0,56.44125,12.001458,Under way using engine,0.0,9.6,147.1,144.0,9179854,UGPS,ADLER,Cargo,0,20.0,127.0,Combined GPS/GLONASS,5.3,TO ORDER,03/02/2025 08:00:00,AIS,POINT (12.001458 56.44125),273414440_0,0 days 00:01:00,3.4495980579210696e-06,148.17405070035852,0.0,0,3.759627073078526,56.44125,12.001458
2025-02-09 04:16:00,2025-02-09 04:16:00,Class A,273414440_0,56.439008,12.004018,Under way using engine,0.0,9.7,148.3,144.0,9179854,UGPS,ADLER,Cargo,0,20.0,127.0,Combined GPS/GLONASS,5.3,TO ORDER,03/02/2025 08:00:00,AIS,POINT (12.004018 56.439008),273414440_0,0 days 00:01:00,-4.890487086735993e-06,147.73811440132124,0.0,0,3.762662465702843,56.439008,12.004018
2025-02-09 04:17:00,2025-02-09 04:17:00,Class A,273414440_0,56.436715,12.006682,Under way using engine,0.0,9.8,147.5,143.0,9179854,UGPS,ADLER,Cargo,0,20.0,127.0,Combined GPS/GLONASS,5.3,TO ORDER,03/02/2025 08:00:00,AIS,POINT (12.006682 56.436715),273414440_0,0 days 00:01:00,2.289751007037297e-06,147.28670622944048,0.0,0,3.765811890397076,56.436715,12.006682
2025-02-09 04:18:00,2025-02-09 04:18:00,Class A,273414440_0,56.434387,12.009217,Under way using engine,0.0,9.6,148.4,144.0,9179854,UGPS,ADLER,Cargo,0,20.0,127.0,Combined GPS/GLONASS,5.3,TO ORDER,03/02/2025 08:00:00,AIS,POINT (12.009217 56.434387),273414440_0,0 days 00:01:00,-2.490847105942207e-07,148.94953652854275,0.0,0,3.768845712202211,56.434387,12.009217
2025-02-09 04:19:00,2025-02-09 04:19:00,Class A,273414440_0,56.43205,12.01176,Under way using engine,0.0,9.9,148.1,143.0,9179854,UGPS,ADLER,Cargo,0,20.0,127.0,Combined GPS/GLONASS,5.3,TO ORDER,03/02/2025 08:00:00,AIS,POINT (12.01176 56.43205),273414440_0,0 days 00:01:00,3.1053044301502783e-07,148.96589419518574,0.0,0,3.7718902235973157,56.43205,12.01176
2025-02-09 04:20:00,2025-02-09 04:20:00,Class A,273414440_0,56.429742,12.01431,Under way using engine,0.0,9.8,148.8,144.0,9179854,UGPS,ADLER,Cargo,0,20.0,127.0,Combined GPS/GLONASS,5.3,TO ORDER,03/02/2025 08:00:00,AIS,POINT (12.01431 56.429742),273414440_0,0 days 00:01:00,-7.029606975083742e-07,148.57735289216384,0.0,0,3.774934984382248,56.429742,12.01431
2025-02-09 04:21:00,2025-02-09 04:21:00,Class A,273414440_0,56.427382,12.016855,Under way using engine,0.0,9.7,148.6,144.0,9179854,UGPS,ADLER,Cargo,0,20.0,127.0,Combined GPS/GLONASS,5.3,TO ORDER,03/02/2025 08:00:00,AIS,POINT (12.016855 56.427382),273414440_0,0 days 00:01:00,1.3332592766403974e-06,149.19030218507856,0.0,0,3.7779885734843077,56.427382,12.016855
2025-02-09 04:22:00,2025-02-09 04:22:00,Class A,273414440_0,56.425082,12.019407,Under way using engine,0.0,9.6,149.1,144.0,9179854,UGPS,ADLER,Cargo,0,20.0,127.0,Combined GPS/GLONASS,5.3,TO ORDER,03/02/2025 08:00:00,AIS,POINT (12.019407 56.425082),273414440_0,0 days 00:01:00,-1.5234937823485646e-06,148.4656240575572,0.0,0,3.781034643217381,56.425082,12.019407
2025-02-09 04:27:00,2025-02-09 04:27:00,Class A,273414440_0,56.413382,12.032003,Under way using engine,0.0,9.9,149.3,144.0,9179854,UGPS,ADLER,Cargo,0,20.0,127.0,Combined GPS/GLONASS,5.3,TO ORDER,03/02/2025 08:00:00,AIS,POINT (12.032003 56.413382),273414440_0,0 days 00:05:00,1.5419867696282035e-07,149.2222270865052,0.0,0,3.796166736558604,56.413382,12.032003
2025-02-09 04:28:00,2025-02-09 04:28:00,Class A,273414440_0,56.411108,12.03454,Under way using engine,0.0,9.8,148.9,143.0,9179854,UGPS,ADLER,Cargo,0,20.0,127.0,Combined GPS/GLONASS,5.3,TO ORDER,03/02/2025 08:00:00,AIS,POINT (12.03454 56.411108),273414440_0,0 days 00:01:00,-1.5822071518099717e-06,148.31624251092762,0.0,0,3.7991957977936597,56.411108,12.03454
2025-02-09 04:29:00,2025-02-09 04:29:00,Class A,273414440_0,56.408758,12.037025,Under way using engine,0.0,9.7,148.6,143.0,9179854,UGPS,ADLER,Cargo,0,20.0,127.0,Combined GPS/GLONASS,5.3,TO ORDER,03/02/2025 08:00:00,AIS,POINT (12.037025 56.408758),273414440_0,0 days 00:01:00,1.5551559112898996e-06,149.67007478021787,0.0,0,3.802194432605729,56.408758,12.037025
2025-02-09 04:30:00,2025-02-09 04:30:00,Class A,273414440_0,56.406425,12.039613,Under way using engine,0.0,9.7,149.8,144.0,9179854,UGPS,ADLER,Cargo,0,20.0,127.0,Combined GPS/GLONASS,5.3,TO ORDER,03/02/2025 08:00:00,AIS,POINT (12.039613 56.406425),273414440_0,0 days 00:01:00,4.5992177539548655e-07,148.45916943475663,0.0,0,3.8052891009915393,56.406425,12.039613
2025-02-09 04:31:00,2025-02-09 04:31:00,Class A,273414440_0,56.404067,12.042028,Under way using engine,0.0,9.9,149.0,144.0,9179854,UGPS,ADLER,Cargo,0,20.0,127.0,Combined GPS/GLONASS,5.3,TO ORDER,03/02/2025 08:00:00,AIS,POINT (12.042028 56.404067),273414440_0,0 days 00:01:00,-8.430076671292822e-07,150.45917436835526,0.0,0,3.808223465586546,56.404067,12.042028
2025-02-09 04:32:00,2025-02-09 04:32:00,Class A,273414440_0,56.401705,12.044608,Under way using engine,0.0,9.9,148.7,143.0,9179854,UGPS,ADLER,Cargo,0,20.0,127.0,Combined GPS/GLONASS,5.3,TO ORDER,03/02/2025 08:00:00,AIS,POINT (12.044608 56.401705),273414440_0,0 days 00:01:00,1.5399784058497233e-06,148.84928674601878,0.0,0,3.8113191483527067,56.401705,12.044608
2025-02-09 04:33:00,2025-02-09 04:33:00,Class A,273414440_0,56.399353,12.047112,Under way using engine,0.0,9.5,149.0,144.0,9179854,UGPS,ADLER,Cargo,0,20.0,127.0,Combined GPS/GLONASS,5.3,TO ORDER,03/02/2025 08:00:00,AIS,POINT (12.047112 56.399353),273414440_0,0 days 00:01:00,-9.330997704409353e-07,149.49462946757035,0.0,0,3.8143394871720586,56.399353,12.047112
2025-02-09 04:34:00,2025-02-09 04:34:00,Class A,273414440_0,56.397017,12.049637,Under way using engine,0.0,9.9,149.3,143.0,9179854,UGPS,ADLER,Cargo,0,20.0,127.0,Combined GPS/GLONASS,5.3,TO ORDER,03/02/2025 08:00:00,AIS,POINT (12.049637 56.397017),273414440_0,0 days 00:01:00,-2.398327988429918e-07,149.11135423979965,0.0,0,3.817376748496932,56.397017,12.049637
2025-02-09 04:35:00,2025-02-09 04:35:00,Class A,273414440_0,56.394637,12.052122,Under way using engine,0.0,9.9,149.5,144.0,9179854,UGPS,ADLER,Cargo,0,20.0,127.0,Combined GPS/GLONASS,5.3,TO ORDER,03/02/2025 08:00:00,AIS,POINT (12.052122 56.394637),273414440_0,0 days 00:01:00,8.255823893227784e-07,149.97666984290646,0.0,0,3.8203872703300643,56.394637,12.052122
2025-02-09 04:36:00,2025-02-09 04:36:00,Class A,273414440_0,56.392242,12.054667,Under way using engine,0.0,10.1,149.3,144.0,9179854,UGPS,ADLER,Cargo,0,20.0,127.0,Combined GPS/GLONASS,5.3,TO ORDER,03/02/2025 08:00:00,AIS,POINT (12.054667 56.392242),273414440_0,0 days 00:01:00,9.211358411396482e-07,149.53693804263264,0.0,0,3.823460358854266,56.392242,12.054667
2025-02-09 04:37:00,2025-02-09 04:37:00,Class A,273414440_0,56.38987,12.057155,Under way using engine,0.0,9.9,149.0,143.0,9179854,UGPS,ADLER,Cargo,0,20.0,127.0,Combined GPS/GLONASS,5.3,TO ORDER,03/02/2025 08:00:00,AIS,POINT (12.057155 56.38987),273414440_0,0 days 00:01:00,-1.1066784959923564e-06,149.8599028740432,0.0,0,3.82647317853843,56.38987,12.057155
2025-02-09 04:38:00,2025-02-09 04:38:00,Class A,273414440_0,56.387538,12.059717,Under way using engine,0.0,10.1,149.4,143.0,9179854,UGPS,ADLER,Cargo,0,20.0,127.0,Combined GPS/GLONASS,5.3,TO ORDER,03/02/2025 08:00:00,AIS,POINT (12.059717 56.387538),273414440_0,0 days 00:01:00,-4.1208452747312484e-07,148.69298509562014,0.0,0,3.829547953460042,56.387538,12.059717
2025-02-09 04:39:00,2025-02-09 04:39:00,Class A,273414440_0,56.3851,12.06225,Under way using engine,0.0,10.0,149.3,144.0,9179854,UGPS,ADLER,Cargo,0,20.0,127.0,Combined GPS/GLONASS,5.3,TO ORDER,03/02/2025 08:00:00,AIS,POINT (12.06225 56.3851),273414440_0,0 days 00:01:00,2.5681969360725278e-06,150.09307589239592,0.0,0,3.8326226453603547,56.3851,12.06225
2025-02-09 04:40:00,2025-02-09 04:40:00,Class A,273414440_0,56.382745,12.064833,Under way using engine,0.0,10.1,149.3,144.0,9179854,UGPS,ADLER,Cargo,0,20.0,127.0,Combined GPS/GLONASS,5.3,TO ORDER,03/02/2025 08:00:00,AIS,POINT (12.064833 56.382745),273414440_0,0 days 00:01:00,-1.7703604799744563e-06,148.73176929690226,0.0,0,3.835725012344472,56.382745,12.064833
2025-02-09 04:41:00,2025-02-09 04:41:00,Class A,273414440_0,56.380343,12.067413,Under way using engine,0.0,10.0,149.1,143.0,9179854,UGPS,ADLER,Cargo,0,20.0,127.0,Combined GPS/GLONASS,5.3,TO ORDER,03/02/2025 08:00:00,AIS,POINT (12.067413 56.380343),273414440_0,0 days 00:01:00,1.220211073247636e-06,149.2594533625794,0.0,0,3.8388372895147556,56.380343,12.067413
2025-02-09 04:42:00,2025-02-09 04:42:00,Class A,273414440_0,56.377947,12.069977,Under way using engine,0.0,9.7,150.3,145.0,9179854,UGPS,ADLER,Cargo,0,20.0,127.0,Combined GPS/GLONASS,5.3,TO ORDER,03/02/2025 08:00:00,AIS,POINT (12.069977 56.377947),273414440_0,0 days 00:01:00,-2.98471937459693e-07,149.35142682783106,0.0,0,3.841933272495112,56.377947,12.069977
2025-02-09 04:43:00,2025-02-09 04:43:00,Class A,273414440_0,56.375535,12.072473,Under way using engine,0.0,10.1,149.6,144.0,9179854,UGPS,ADLER,Cargo,0,20.0,127.0,Combined GPS/GLONASS,5.3,TO ORDER,03/02/2025 08:00:00,AIS,POINT (12.072473 56.375535),273414440_0,0 days 00:01:00,-1.597583440608643e-07,150.1856592754126,0.0,0,3.844968429392497,56.375535,12.072473
2025-02-09 04:44:00,2025-02-09 04:44:00,Class A,273414440_0,56.373112,12.0751,Under way using engine,0.0,10.2,149.6,145.0,9179854,UGPS,ADLER,Cargo,0,20.0,127.0,Combined GPS/GLONASS,5.3,TO ORDER,03/02/2025 08:00:00,AIS,POINT (12.0751 56.373112),273414440_0,0 days 00:01:00,1.4341402590103795e-06,149.0188081902475,0.0,0,3.8481336921490925,56.373112,12.0751
2025-02-09 04:45:00,2025-02-09 04:45:00,Class A,273414440_0,56.370672,12.077598,Under way using engine,0.0,9.9,149.7,145.0,9179854,UGPS,ADLER,Cargo,0,20.0,127.0,Combined GPS/GLONASS,5.3,TO ORDER,03/02/2025 08:00:00,AIS,POINT (12.077598 56.370672),273414440_0,0 days 00:01:00,-6.624418294753938e-07,150.44727576423747,0.0,0,3.85117951756199,56.370672,12.077598
2025-02-09 04:46:00,2025-02-09 04:46:00,Class A,273414440_0,56.368233,12.080178,Under way using engine,0.0,10.1,149.8,144.0,9179854,UGPS,ADLER,Cargo,0,20.0,127.0,Combined GPS/GLONASS,5.3,TO ORDER,03/02/2025 08:00:00,AIS,POINT (12.080178 56.368233),273414440_0,0 days 00:01:00,6.785609251160555e-07,149.63488893526852,0.0,0,3.8543050135250074,56.368233,12.080178
2025-02-09 05:11:01,2025-02-09 05:11:01,Class A,273414440_0,56.30796,12.144617,Under way using engine,0.0,10.2,147.6,147.0,9179854,UGPS,ADLER,Cargo,0,20.0,127.0,Combined GPS/GLONASS,5.3,TO ORDER,03/02/2025 08:00:00,AIS,POINT (12.144617 56.30796),273414440_0,0 days 00:25:01,-3.23316280958279e-08,149.32206597486203,0.0,0,3.932428206666461,56.30796,12.144617
2025-02-09 05:12:01,2025-02-09 05:12:01,Class A,273414440_0,56.305577,12.147232,Under way using engine,0.0,10.0,147.9,147.0,9179854,UGPS,ADLER,Cargo,0,20.0,127.0,Combined GPS/GLONASS,5.3,TO ORDER,03/02/2025 08:00:00,AIS,POINT (12.147232 56.305577),273414440_0,0 days 00:01:00,-3.3174823779196585e-07,148.66777333988136,0.0,0,3.9355905039066252,56.305577,12.147232
2025-02-09 05:13:01,2025-02-09 05:13:01,Class A,273414440_0,56.303138,12.150057,Under way using engine,0.0,10.1,147.6,146.0,9179854,UGPS,ADLER,Cargo,0,20.0,127.0,Combined GPS/GLONASS,5.3,TO ORDER,03/02/2025 08:00:00,AIS,POINT (12.150057 56.303138),273414440_0,0 days 00:01:00,3.3871342495662028e-06,147.2747668979191,0.0,0,3.9389707571864516,56.303138,12.150057
2025-02-09 05:14:01,2025-02-09 05:14:01,Class A,273414440_0,56.300778,12.152757,Under way using engine,0.0,10.4,148.0,146.0,9179854,UGPS,ADLER,Cargo,0,20.0,127.0,Combined GPS/GLONASS,5.3,TO ORDER,03/02/2025 08:00:00,AIS,POINT (12.152757 56.300778),273414440_0,0 days 00:01:00,-3.2151346880336602e-06,147.59365637907217,0.0,0,3.9422098889341233,56.300778,12.152757
2025-02-09 05:15:01,2025-02-09 05:15:01,Class A,273414440_0,56.2984,12.155487,Under way using engine,0.0,10.1,148.3,147.0,9179854,UGPS,ADLER,Cargo,0,20.0,127.0,Combined GPS/GLONASS,5.3,TO ORDER,03/02/2025 08:00:00,AIS,POINT (12.155487 56.2984),273414440_0,0 days 00:01:00,7.482762408262886e-07,147.5024893076768,0.0,0,3.945483385156501,56.2984,12.155487
2025-02-09 05:16:01,2025-02-09 05:16:01,Class A,273414440_0,56.295973,12.158195,Under way using engine,0.0,10.1,147.5,147.0,9179854,UGPS,ADLER,Cargo,0,20.0,127.0,Combined GPS/GLONASS,5.3,TO ORDER,03/02/2025 08:00:00,AIS,POINT (12.158195 56.295973),273414440_0,0 days 00:01:00,1.0827363750472597e-06,148.2359670957896,0.0,0,3.948749662732876,56.295973,12.158195
2025-02-09 05:17:01,2025-02-09 05:17:01,Class A,273414440_0,56.293593,12.160957,Under way using engine,0.0,10.0,147.8,147.0,9179854,UGPS,ADLER,Cargo,0,20.0,127.0,Combined GPS/GLONASS,5.3,TO ORDER,03/02/2025 08:00:00,AIS,POINT (12.160957 56.293593),273414440_0,0 days 00:01:00,-7.302665986225199e-07,147.21783437650015,0.0,0,3.9520557222444364,56.293593,12.160957
2025-02-09 05:18:00,2025-02-09 05:18:00,Class A,273414440_0,56.29122,12.16363,Under way using engine,0.0,10.1,147.6,146.0,9179854,UGPS,ADLER,Cargo,0,20.0,127.0,Combined GPS/GLONASS,5.3,TO ORDER,03/02/2025 08:00:00,AIS,POINT (12.16363 56.29122),273414440_0,0 days 00:00:59,4.73273122469199e-07,147.98883698278087,0.0,0,3.9552748504811888,56.29122,12.16363
2025-02-09 05:19:00,2025-02-09 05:19:00,Class A,273414440_0,56.28878,12.16639,Under way using engine,0.0,10.3,147.2,147.0,9179854,UGPS,ADLER,Cargo,0,20.0,127.0,Combined GPS/GLONASS,5.3,TO ORDER,03/02/2025 08:00:00,AIS,POINT (12.16639 56.28878),273414440_0,0 days 00:01:00,1.0843751540711571e-06,147.87927131581102,0.0,0,3.958596594437098,56.28878,12.16639
2025-02-09 05:20:00,2025-02-09 05:20:00,Class A,273414440_0,56.28632,12.16917,Under way using engine,0.0,10.3,146.6,146.0,9179854,UGPS,ADLER,Cargo,0,20.0,127.0,Combined GPS/GLONASS,5.3,TO ORDER,03/02/2025 08:00:00,AIS,POINT (12.16917 56.28632),273414440_0,0 days 00:01:00,7.084023151010995e-07,147.9019368609105,0.0,0,3.9619436914233126,56.28632,12.16917
2025-02-09 05:21:00,2025-02-09 05:21:00,Class A,273414440_0,56.284013,12.171917,Under way using engine,0.0,10.4,147.8,147.0,9179854,UGPS,ADLER,Cargo,0,20.0,127.0,Combined GPS/GLONASS,5.3,TO ORDER,03/02/2025 08:00:00,AIS,POINT (12.171917 56.284013),273414440_0,0 days 00:01:00,-4.282805199038462e-06,146.53722612518777,0.0,0,3.965217745209587,56.284013,12.171917
2025-02-09 05:22:00,2025-02-09 05:22:00,Class A,273414440_0,56.281558,12.17454,Under way using engine,0.0,10.0,147.7,146.0,9179854,UGPS,ADLER,Cargo,0,20.0,127.0,Combined GPS/GLONASS,5.3,TO ORDER,03/02/2025 08:00:00,AIS,POINT (12.17454 56.281558),273414440_0,0 days 00:01:00,2.744994292045597e-06,149.32755797794027,0.0,0,3.9684137473520837,56.281558,12.17454
2025-02-09 05:23:00,2025-02-09 05:23:00,Class A,273414440_0,56.279238,12.177302,Under way using engine,0.0,10.4,147.5,146.0,9179854,UGPS,ADLER,Cargo,0,20.0,127.0,Combined GPS/GLONASS,5.3,TO ORDER,03/02/2025 08:00:00,AIS,POINT (12.177302 56.279238),273414440_0,0 days 00:01:00,-2.2640543126445712e-06,146.53850734263972,0.0,0,3.971706944187221,56.279238,12.177302
2025-02-09 05:24:00,2025-02-09 05:24:00,Class A,273414440_0,56.276852,12.179963,Under way using engine,0.0,10.2,148.4,147.0,9179854,UGPS,ADLER,Cargo,0,20.0,127.0,Combined GPS/GLONASS,5.3,TO ORDER,03/02/2025 08:00:00,AIS,POINT (12.179963 56.276852),273414440_0,0 days 00:01:00,7.821162093152138e-07,148.23521909730403,0.0,0,3.974921762404137,56.276852,12.179963
2025-02-09 05:25:00,2025-02-09 05:25:00,Class A,273414440_0,56.27444,12.182692,Under way using engine,0.0,10.2,148.0,147.0,9179854,UGPS,ADLER,Cargo,0,20.0,127.0,Combined GPS/GLONASS,5.3,TO ORDER,03/02/2025 08:00:00,AIS,POINT (12.182692 56.27444),273414440_0,0 days 00:01:00,1.3035812876404282e-06,147.8632412797424,0.0,0,3.9782097266560745,56.27444,12.182692
2025-02-09 05:26:01,2025-02-09 05:26:01,Class A,273414440_0,56.272005,12.185395,Under way using engine,0.0,10.2,147.3,146.0,9179854,UGPS,ADLER,Cargo,0,20.0,127.0,Combined GPS/GLONASS,5.3,TO ORDER,03/02/2025 08:00:00,AIS,POINT (12.185395 56.272005),273414440_0,0 days 00:01:01,-1.0649421416857935e-06,148.3515606992737,0.0,0,3.981479668704714,56.272005,12.185395
2025-02-09 05:28:01,2025-02-09 05:28:01,Class A,273414440_0,56.267213,12.19091,Under way using engine,0.0,10.1,147.7,147.0,9179854,UGPS,ADLER,Cargo,0,20.0,127.0,Combined GPS/GLONASS,5.3,TO ORDER,03/02/2025 08:00:00,AIS,POINT (12.19091 56.267213),273414440_0,0 days 00:02:00,4.6586187677850337e-07,147.41647766652358,0.0,0,3.9881046085964202,56.267213,12.19091
2025-02-09 05:29:01,2025-02-09 05:29:01,Class A,273414440_0,56.264807,12.193592,Under way using engine,0.0,10.2,147.8,147.0,9179854,UGPS,ADLER,Cargo,0,20.0,127.0,Combined GPS/GLONASS,5.3,TO ORDER,03/02/2025 08:00:00,AIS,POINT (12.193592 56.264807),273414440_0,0 days 00:01:00,-4.289541559859804e-07,148.23961796921662,0.0,0,3.9913482017408617,56.264807,12.193592
2025-02-09 05:30:01,2025-02-09 05:30:01,Class A,273414440_0,56.262365,12.196303,Under way using engine,0.0,10.2,147.0,146.0,9179854,UGPS,ADLER,Cargo,0,20.0,127.0,Combined GPS/GLONASS,5.3,TO ORDER,03/02/2025 08:00:00,AIS,POINT (12.196303 56.262365),273414440_0,0 days 00:01:00,1.210996324954583e-06,148.34294331568435,0.0,0,3.994630265259226,56.262365,12.196303
2025-02-09 05:31:01,2025-02-09 05:31:01,Class A,273414440_0,56.259957,12.199053,Under way using engine,0.0,10.1,148.0,147.0,9179854,UGPS,ADLER,Cargo,0,20.0,127.0,Combined GPS/GLONASS,5.3,TO ORDER,03/02/2025 08:00:00,AIS,POINT (12.199053 56.259957),273414440_0,0 days 00:01:00,-5.330463572470057e-07,147.61226850199824,0.0,0,3.997940975105685,56.259957,12.199053
2025-02-09 05:32:00,2025-02-09 05:32:00,Class A,273414440_0,56.257573,12.20173,Under way using engine,0.0,10.4,148.1,146.0,9179854,UGPS,ADLER,Cargo,0,20.0,127.0,Combined GPS/GLONASS,5.3,TO ORDER,03/02/2025 08:00:00,AIS,POINT (12.20173 56.257573),273414440_0,0 days 00:00:59,1.8025114106386967e-07,148.04674758746262,0.0,0,4.001175489346599,56.257573,12.20173
2025-02-09 05:33:00,2025-02-09 05:33:00,Class A,273414440_0,56.25517,12.204402,Under way using engine,0.0,10.2,148.4,147.0,9179854,UGPS,ADLER,Cargo,0,20.0,127.0,Combined GPS/GLONASS,5.3,TO ORDER,03/02/2025 08:00:00,AIS,POINT (12.204402 56.25517),273414440_0,0 days 00:01:00,-1.0187398247536987e-06,148.29692934536695,0.0,0,4.004411094011328,56.25517,12.204402
2025-02-09 05:34:00,2025-02-09 05:34:00,Class A,273414440_0,56.252797,12.207082,Under way using engine,0.0,10.0,148.0,146.0,9179854,UGPS,ADLER,Cargo,0,20.0,127.0,Combined GPS/GLONASS,5.3,TO ORDER,03/02/2025 08:00:00,AIS,POINT (12.207082 56.252797),273414440_0,0 days 00:01:00,-7.128809574436477e-07,147.8955383452278,0.0,0,4.007646617507586,56.252797,12.207082
2025-02-09 05:35:00,2025-02-09 05:35:00,Class A,273414440_0,56.25035,12.209798,Under way using engine,0.0,10.4,148.3,147.0,9179854,UGPS,ADLER,Cargo,0,20.0,127.0,Combined GPS/GLONASS,5.3,TO ORDER,03/02/2025 08:00:00,AIS,POINT (12.209798 56.25035),273414440_0,0 days 00:01:00,2.2717923939110337e-06,148.34009774647967,0.0,0,4.010937972597557,56.25035,12.209798
2025-02-09 05:36:00,2025-02-09 05:36:00,Class A,273414440_0,56.247912,12.212555,Under way using engine,0.0,10.1,148.2,146.0,9179854,UGPS,ADLER,Cargo,0,20.0,127.0,Combined GPS/GLONASS,5.3,TO ORDER,03/02/2025 08:00:00,AIS,POINT (12.212555 56.247912),273414440_0,0 days 00:01:00,1.3899739973290484e-07,147.85860886719848,0.0,0,4.01426680113542,56.247912,12.212555
2025-02-09 05:37:00,2025-02-09 05:37:00,Class A,273414440_0,56.245472,12.215272,Under way using engine,0.0,10.1,148.3,147.0,9179854,UGPS,ADLER,Cargo,0,20.0,127.0,Combined GPS/GLONASS,5.3,TO ORDER,03/02/2025 08:00:00,AIS,POINT (12.215272 56.245472),273414440_0,0 days 00:01:00,-3.109504730339103e-07,148.25401671602458,0.0,0,4.017558406192125,56.245472,12.215272
2025-02-09 05:45:00,2025-02-09 05:45:00,Class A,273414440_0,56.23107,12.244155,Under way using engine,0.0,9.7,127.4,126.0,9179854,UGPS,ADLER,Cargo,0,20.0,127.0,Combined GPS/GLONASS,5.3,TO ORDER,03/02/2025 08:00:00,AIS,POINT (12.244155 56.23107),273414440_0,0 days 00:08:00,-6.654167342776751e-07,131.88771016082188,0.0,0,4.049324138677218,56.23107,12.244155
2025-02-09 05:46:00,2025-02-09 05:46:00,Class A,273414440_0,56.22942,12.248067,Under way using engine,0.0,10.0,127.7,125.0,9179854,UGPS,ADLER,Cargo,0,20.0,127.0,Combined GPS/GLONASS,5.3,TO ORDER,03/02/2025 08:00:00,AIS,POINT (12.248067 56.22942),273414440_0,0 days 00:01:00,1.0662024147903988e-06,127.18926974156318,0.0,0,4.053542495445929,56.22942,12.248067
2025-02-09 05:47:00,2025-02-09 05:47:00,Class A,273414440_0,56.227717,12.251918,Under way using engine,0.0,10.0,127.5,126.0,9179854,UGPS,ADLER,Cargo,0,20.0,127.0,Combined GPS/GLONASS,5.3,TO ORDER,03/02/2025 08:00:00,AIS,POINT (12.251918 56.227717),273414440_0,0 days 00:01:00,1.7626277614010815e-07,128.50186646339932,0.0,0,4.057717319311931,56.227717,12.251918
2025-02-09 05:48:00,2025-02-09 05:48:00,Class A,273414440_0,56.226052,12.255837,Under way using engine,0.0,10.0,127.7,126.0,9179854,UGPS,ADLER,Cargo,0,20.0,127.0,Combined GPS/GLONASS,5.3,TO ORDER,03/02/2025 08:00:00,AIS,POINT (12.255837 56.226052),273414440_0,0 days 00:01:00,2.051521892753137e-07,127.38739812128762,0.0,0,4.061946743512277,56.226052,12.255837
2025-02-09 05:49:00,2025-02-09 05:49:00,Class A,273414440_0,56.224363,12.259697,Under way using engine,0.0,10.0,127.8,125.0,9179854,UGPS,ADLER,Cargo,0,20.0,127.0,Combined GPS/GLONASS,5.3,TO ORDER,03/02/2025 08:00:00,AIS,POINT (12.259697 56.224363),273414440_0,0 days 00:01:00,-3.4726035978035624e-07,128.20418862511087,0.0,0,4.066126393272226,56.224363,12.259697
2025-02-09 05:51:00,2025-02-09 05:51:00,Class A,273414440_0,56.221012,12.267498,Under way using engine,0.0,9.8,127.4,125.0,9179854,UGPS,ADLER,Cargo,0,20.0,127.0,Combined GPS/GLONASS,5.3,TO ORDER,03/02/2025 08:00:00,AIS,POINT (12.267498 56.221012),273414440_0,0 days 00:02:00,1.488747977872864e-07,127.68775993260329,0.0,0,4.074555982883165,56.221012,12.267498
2025-02-09 05:52:00,2025-02-09 05:52:00,Class A,273414440_0,56.219378,12.271458,Under way using engine,0.0,9.8,126.6,124.0,9179854,UGPS,ADLER,Cargo,0,20.0,127.0,Combined GPS/GLONASS,5.3,TO ORDER,03/02/2025 08:00:00,AIS,POINT (12.271458 56.219378),273414440_0,0 days 00:01:00,4.763075990519653e-08,126.57857204259238,0.0,0,4.078816228531142,56.219378,12.271458
2025-02-09 05:53:00,2025-02-09 05:53:00,Class A,273414440_0,56.217668,12.275398,Under way using engine,0.0,9.7,126.7,125.0,9179854,UGPS,ADLER,Cargo,0,20.0,127.0,Combined GPS/GLONASS,5.3,TO ORDER,03/02/2025 08:00:00,AIS,POINT (12.275398 56.217668),273414440_0,0 days 00:01:00,1.1498095483888134e-06,127.97239368427944,0.0,0,4.083078811873338,56.217668,12.275398
2025-02-09 05:54:00,2025-02-09 05:54:00,Class A,273414440_0,56.216018,12.279327,Under way using engine,0.0,10.0,127.5,125.0,9179854,UGPS,ADLER,Cargo,0,20.0,127.0,Combined GPS/GLONASS,5.3,TO ORDER,03/02/2025 08:00:00,AIS,POINT (12.279327 56.216018),273414440_0,0 days 00:01:00,-1.276868081817696e-06,127.06006008790337,0.0,0,4.08731395163254,56.216018,12.279327
2025-02-09 05:55:00,2025-02-09 05:55:00,Class A,273414440_0,56.214372,12.283293,Under way using engine,0.0,9.9,126.9,124.0,9179854,UGPS,ADLER,Cargo,0,20.0,127.0,Combined GPS/GLONASS,5.3,TO ORDER,03/02/2025 08:00:00,AIS,POINT (12.283293 56.214372),273414440_0,0 days 00:01:00,4.3847934282632663e-07,126.73423793278653,0.0,0,4.091583504746543,56.214372,12.283293
2025-02-09 05:57:00,2025-02-09 05:57:00,Class A,273414440_0,56.210938,12.291158,Under way using engine,0.0,10.0,127.7,124.0,9179854,UGPS,ADLER,Cargo,0,20.0,127.0,Combined GPS/GLONASS,5.3,TO ORDER,03/02/2025 08:00:00,AIS,POINT (12.291158 56.210938),273414440_0,0 days 00:02:00,4.389740109142345e-07,128.13310471935108,0.0,0,4.100098689725529,56.210938,12.291158
2025-02-09 05:58:00,2025-02-09 05:58:00,Class A,273414440_0,56.209212,12.295113,Under way using engine,0.0,10.3,127.9,125.0,9179854,UGPS,ADLER,Cargo,0,20.0,127.0,Combined GPS/GLONASS,5.3,TO ORDER,03/02/2025 08:00:00,AIS,POINT (12.295113 56.209212),273414440_0,0 days 00:01:00,4.805430761868247e-07,128.1195766116515,0.0,0,4.1043805141183,56.209212,12.295113
2025-02-09 05:59:00,2025-02-09 05:59:00,Class A,273414440_0,56.207455,12.299125,Under way using engine,0.0,10.1,127.5,123.0,9179854,UGPS,ADLER,Cargo,0,20.0,127.0,Combined GPS/GLONASS,5.3,TO ORDER,03/02/2025 08:00:00,AIS,POINT (12.299125 56.207455),273414440_0,0 days 00:01:00,1.3672858212831838e-06,128.21549520211408,0.0,0,4.108725855095347,56.207455,12.299125
2025-02-09 06:06:00,2025-02-09 06:06:00,Class A,273414440_0,56.195865,12.327425,Under way using engine,0.0,9.8,125.4,124.0,9179854,UGPS,ADLER,Cargo,0,20.0,127.0,Combined GPS/GLONASS,5.3,TO ORDER,03/02/2025 08:00:00,AIS,POINT (12.327425 56.195865),273414440_0,0 days 00:07:00,-2.0892782134832215e-07,126.34964479858616,0.0,0,4.139150968571816,56.195865,12.327425
2025-02-09 06:07:00,2025-02-09 06:07:00,Class A,273414440_0,56.194253,12.331455,Under way using engine,0.0,10.0,125.3,124.0,9179854,UGPS,ADLER,Cargo,0,20.0,127.0,Combined GPS/GLONASS,5.3,TO ORDER,03/02/2025 08:00:00,AIS,POINT (12.331455 56.194253),273414440_0,0 days 00:01:00,-9.641215703591031e-07,125.71255502376721,0.0,0,4.143472854919287,56.194253,12.331455
2025-02-09 06:08:00,2025-02-09 06:08:00,Class A,273414440_0,56.192637,12.335547,Under way using engine,0.0,10.0,125.4,124.0,9179854,UGPS,ADLER,Cargo,0,20.0,127.0,Combined GPS/GLONASS,5.3,TO ORDER,03/02/2025 08:00:00,AIS,POINT (12.335547 56.192637),273414440_0,0 days 00:01:00,9.447881703807288e-07,125.36480278923733,0.0,0,4.147855360583949,56.192637,12.335547
2025-02-09 06:10:00,2025-02-09 06:10:00,Class A,273414440_0,56.189442,12.343525,Under way using engine,0.0,9.7,125.0,123.0,9179854,UGPS,ADLER,Cargo,0,20.0,127.0,Combined GPS/GLONASS,5.3,TO ORDER,03/02/2025 08:00:00,AIS,POINT (12.343525 56.189442),273414440_0,0 days 00:02:00,-8.874176360895801e-07,125.7403924706731,0.0,0,4.1564124626290395,56.189442,12.343525
2025-02-09 06:11:00,2025-02-09 06:11:00,Class A,273414440_0,56.187847,12.347555,Under way using engine,0.0,9.9,125.5,124.0,9179854,UGPS,ADLER,Cargo,0,20.0,127.0,Combined GPS/GLONASS,5.3,TO ORDER,03/02/2025 08:00:00,AIS,POINT (12.347555 56.187847),273414440_0,0 days 00:01:00,5.340342413075415e-07,125.42061462710564,0.0,0,4.160729665877489,56.187847,12.347555
2025-02-09 06:12:00,2025-02-09 06:12:00,Class A,273414440_0,56.18628,12.351527,Under way using engine,0.0,9.7,124.9,123.0,9179854,UGPS,ADLER,Cargo,0,20.0,127.0,Combined GPS/GLONASS,5.3,TO ORDER,03/02/2025 08:00:00,AIS,POINT (12.351527 56.18628),273414440_0,0 days 00:01:00,-1.3145887251595975e-06,125.33259076868376,0.0,0,4.1649833347645,56.18628,12.351527
2025-02-09 06:18:01,2025-02-09 06:18:01,Class A,273414440_0,56.176548,12.374953,Under way using engine,0.0,9.6,128.1,125.0,9179854,UGPS,ADLER,Cargo,0,20.0,127.0,Combined GPS/GLONASS,5.3,TO ORDER,03/02/2025 08:00:00,AIS,POINT (12.374953 56.176548),273414440_0,0 days 00:06:01,-2.820272403204414e-08,126.72896061609424,0.0,0,4.190210972286957,56.176548,12.374953
2025-02-09 06:19:01,2025-02-09 06:19:01,Class A,273414440_0,56.174932,12.378748,Under way using engine,0.0,9.5,126.8,124.0,9179854,UGPS,ADLER,Cargo,0,20.0,127.0,Combined GPS/GLONASS,5.3,TO ORDER,03/02/2025 08:00:00,AIS,POINT (12.378748 56.174932),273414440_0,0 days 00:01:00,-1.3772885096171415e-06,127.4136445612346,0.0,0,4.194309239604181,56.174932,12.378748
2025-02-09 06:20:01,2025-02-09 06:20:01,Class A,273414440_0,56.173327,12.382483,Under way using engine,0.0,9.7,126.8,125.0,9179854,UGPS,ADLER,Cargo,0,20.0,127.0,Combined GPS/GLONASS,5.3,TO ORDER,03/02/2025 08:00:00,AIS,POINT (12.382483 56.173327),273414440_0,0 days 00:01:00,-1.026334655861074e-06,127.66459259548549,0.0,0,4.198346914561611,56.173327,12.382483
2025-02-09 06:22:01,2025-02-09 06:22:01,Class A,273414440_0,56.170288,12.389922,Under way using engine,0.0,8.9,125.7,124.0,9179854,UGPS,ADLER,Cargo,0,20.0,127.0,Combined GPS/GLONASS,5.3,TO ORDER,03/02/2025 08:00:00,AIS,POINT (12.389922 56.170288),273414440_0,0 days 00:02:00,-8.995402880569685e-07,126.26899682485481,0.0,0,4.206343884737077,56.170288,12.389922
2025-02-09 06:23:01,2025-02-09 06:23:01,Class A,273414440_0,56.168848,12.393638,Under way using engine,0.0,9.1,126.1,125.0,9179854,UGPS,ADLER,Cargo,0,20.0,127.0,Combined GPS/GLONASS,5.3,TO ORDER,03/02/2025 08:00:00,AIS,POINT (12.393638 56.168848),273414440_0,0 days 00:01:00,-1.4740996392396608e-06,124.83807672706314,0.0,0,4.2103163644373565,56.168848,12.393638
2025-02-09 06:24:00,2025-02-09 06:24:00,Class A,273414440_0,56.16741,12.397188,Under way using engine,0.0,9.0,125.1,125.0,9179854,UGPS,ADLER,Cargo,0,20.0,127.0,Combined GPS/GLONASS,5.3,TO ORDER,03/02/2025 08:00:00,AIS,POINT (12.397188 56.16741),273414440_0,0 days 00:00:59,-1.104773780167962e-06,126.03637628133822,0.0,0,4.214129215285764,56.16741,12.397188
2025-02-09 06:25:00,2025-02-09 06:25:00,Class A,273414440_0,56.166028,12.400912,Under way using engine,0.0,8.7,124.2,125.0,9179854,UGPS,ADLER,Cargo,0,20.0,127.0,Combined GPS/GLONASS,5.3,TO ORDER,03/02/2025 08:00:00,AIS,POINT (12.400912 56.166028),273414440_0,0 days 00:01:00,1.959208624292772e-07,123.68288260928705,0.0,0,4.21809283903579,56.166028,12.400912
2025-02-09 06:26:00,2025-02-09 06:26:00,Class A,273414440_0,56.16459,12.404582,Under way using engine,0.0,8.9,123.8,124.0,9179854,UGPS,ADLER,Cargo,0,20.0,127.0,Combined GPS/GLONASS,5.3,TO ORDER,03/02/2025 08:00:00,AIS,POINT (12.404582 56.16459),273414440_0,0 days 00:01:00,2.0999908278074413e-07,125.13296748160417,0.0,0,4.222020737358002,56.16459,12.404582
2025-02-09 06:27:00,2025-02-09 06:27:00,Class A,273414440_0,56.163193,12.408273,Under way using engine,0.0,9.0,124.8,125.0,9179854,UGPS,ADLER,Cargo,0,20.0,127.0,Combined GPS/GLONASS,5.3,TO ORDER,03/02/2025 08:00:00,AIS,POINT (12.408273 56.163193),273414440_0,0 days 00:01:00,-4.2016495078443275e-07,124.20369493319316,0.0,0,4.225957063065004,56.163193,12.408273
2025-02-09 06:33:00,2025-02-09 06:33:00,Class A,273414440_0,56.154995,12.429775,Under way using engine,0.0,8.6,124.6,127.0,9179854,UGPS,ADLER,Cargo,0,20.0,127.0,Combined GPS/GLONASS,5.3,TO ORDER,03/02/2025 08:00:00,AIS,POINT (12.429775 56.154995),273414440_0,0 days 00:06:00,-3.431032121794438e-07,124.3880700938094,0.0,0,4.248905693179009,56.154995,12.429775
2025-02-09 06:34:00,2025-02-09 06:34:00,Class A,273414440_0,56.15364,12.43327,Under way using engine,0.0,8.4,124.5,126.0,9179854,UGPS,ADLER,Cargo,0,20.0,127.0,Combined GPS/GLONASS,5.3,TO ORDER,03/02/2025 08:00:00,AIS,POINT (12.43327 56.15364),273414440_0,0 days 00:01:00,-1.4530030857185164e-06,124.84020394713741,0.0,0,4.252642332057682,56.15364,12.43327
2025-02-09 06:35:00,2025-02-09 06:35:00,Class A,273414440_0,56.152297,12.436707,Under way using engine,0.0,8.3,124.3,127.0,9179854,UGPS,ADLER,Cargo,0,20.0,127.0,Combined GPS/GLONASS,5.3,TO ORDER,03/02/2025 08:00:00,AIS,POINT (12.436707 56.152297),273414440_0,0 days 00:01:00,-1.0318402323342511e-06,125.05016274319155,0.0,0,4.256319984616407,56.152297,12.436707
2025-02-09 06:36:00,2025-02-09 06:36:00,Class A,273414440_0,56.151008,12.440143,Under way using engine,0.0,8.3,125.5,128.0,9179854,UGPS,ADLER,Cargo,0,20.0,127.0,Combined GPS/GLONASS,5.3,TO ORDER,03/02/2025 08:00:00,AIS,POINT (12.440143 56.151008),273414440_0,0 days 00:01:00,-9.574136160039592e-07,123.95942653280883,0.0,0,4.259981230995509,56.151008,12.440143
2025-02-09 06:37:00,2025-02-09 06:37:00,Class A,273414440_0,56.1496,12.443525,Under way using engine,0.0,8.3,126.5,129.0,9179854,UGPS,ADLER,Cargo,0,20.0,127.0,Combined GPS/GLONASS,5.3,TO ORDER,03/02/2025 08:00:00,AIS,POINT (12.443525 56.1496),273414440_0,0 days 00:01:00,1.3688015757232162e-06,126.7735500746088,0.0,0,4.263624854505142,56.1496,12.443525
2025-02-09 06:38:00,2025-02-09 06:38:00,Class A,273414440_0,56.148212,12.446837,Under way using engine,0.0,8.5,127.0,129.0,9179854,UGPS,ADLER,Cargo,0,20.0,127.0,Combined GPS/GLONASS,5.3,TO ORDER,03/02/2025 08:00:00,AIS,POINT (12.446837 56.148212),273414440_0,0 days 00:01:00,-1.3365265429378266e-06,126.95431996397912,0.0,0,4.267195716365726,56.148212,12.446837
2025-02-09 06:39:00,2025-02-09 06:39:00,Class A,273414440_0,56.146828,12.450263,Under way using engine,0.0,8.4,125.9,128.0,9179854,UGPS,ADLER,Cargo,0,20.0,127.0,Combined GPS/GLONASS,5.3,TO ORDER,03/02/2025 08:00:00,AIS,POINT (12.450263 56.146828),273414440_0,0 days 00:01:00,1.512622249358432e-06,125.94767759043032,0.0,0,4.27087467890993,56.146828,12.450263
2025-02-09 06:40:00,2025-02-09 06:40:00,Class A,273414440_0,56.145452,12.453527,Under way using engine,0.0,8.3,126.3,129.0,9179854,UGPS,ADLER,Cargo,0,20.0,127.0,Combined GPS/GLONASS,5.3,TO ORDER,03/02/2025 08:00:00,AIS,POINT (12.453527 56.145452),273414440_0,0 days 00:01:00,-2.394670390590053e-06,127.11532252389958,0.0,0,4.274396180122989,56.145452,12.453527
2025-02-09 06:41:00,2025-02-09 06:41:00,Class A,273414440_0,56.144108,12.45682,Under way using engine,0.0,8.1,125.2,129.0,9179854,UGPS,ADLER,Cargo,0,20.0,127.0,Combined GPS/GLONASS,5.3,TO ORDER,03/02/2025 08:00:00,AIS,POINT (12.45682 56.144108),273414440_0,0 days 00:01:00,-1.8680012341995857e-07,126.22579180620073,0.0,0,4.277936316250278,56.144108,12.45682
2025-02-09 06:42:00,2025-02-09 06:42:00,Class A,273414440_0,56.142798,12.460158,Under way using engine,0.0,8.2,126.0,129.0,9179854,UGPS,ADLER,Cargo,0,20.0,127.0,Combined GPS/GLONASS,5.3,TO ORDER,03/02/2025 08:00:00,AIS,POINT (12.460158 56.142798),273414440_0,0 days 00:01:00,2.0363482067907677e-08,125.16074727613221,0.0,0,4.281509831105027,56.142798,12.460158
2025-02-09 06:43:00,2025-02-09 06:43:00,Class A,273414440_0,56.141457,12.463465,Under way using engine,0.0,8.1,125.7,129.0,9179854,UGPS,ADLER,Cargo,0,20.0,127.0,Combined GPS/GLONASS,5.3,TO ORDER,03/02/2025 08:00:00,AIS,POINT (12.463465 56.141457),273414440_0,0 days 00:01:00,1.2352296241667966e-07,126.04715679685137,0.0,0,4.28506256835218,56.141457,12.463465
2025-02-09 06:44:00,2025-02-09 06:44:00,Class A,273414440_0,56.14019,12.466653,Under way using engine,0.0,7.9,125.7,129.0,9179854,UGPS,ADLER,Cargo,0,20.0,127.0,Combined GPS/GLONASS,5.3,TO ORDER,03/02/2025 08:00:00,AIS,POINT (12.466653 56.14019),273414440_0,0 days 00:01:00,-3.0030223894984773e-06,125.49963516841171,0.0,0,4.288480096636804,56.14019,12.466653
2025-02-09 06:54:00,2025-02-09 06:54:00,Class A,273414440_0,56.12656,12.497292,Under way using engine,0.0,7.7,132.7,134.0,9179854,UGPS,ADLER,Cargo,0,20.0,127.0,Combined GPS/GLONASS,5.3,TO ORDER,03/02/2025 08:00:00,AIS,POINT (12.497292 56.12656),273414440_0,0 days 00:10:00,8.315597707381911e-09,128.58739362454628,0.0,0,4.3217444266014855,56.12656,12.497292
2025-02-09 06:56:00,2025-02-09 06:56:00,Class A,273414440_0,56.12366,12.502982,Under way using engine,0.0,7.9,133.5,135.0,9179854,UGPS,ADLER,Cargo,0,20.0,127.0,Combined GPS/GLONASS,5.3,TO ORDER,03/02/2025 08:00:00,AIS,POINT (12.502982 56.12366),273414440_0,0 days 00:02:00,-5.615426091839232e-07,132.437244875759,0.0,0,4.328028729766126,56.12366,12.502982
2025-02-09 06:57:00,2025-02-09 06:57:00,Class A,273414440_0,56.122193,12.505703,Under way using engine,0.0,7.7,133.2,134.0,9179854,UGPS,ADLER,Cargo,0,20.0,127.0,Combined GPS/GLONASS,5.3,TO ORDER,03/02/2025 08:00:00,AIS,POINT (12.505703 56.122193),273414440_0,0 days 00:01:00,-1.2003676563192202e-06,134.044184030893,0.0,0,4.331057165666253,56.122193,12.505703
2025-02-09 06:58:00,2025-02-09 06:58:00,Class A,273414440_0,56.120707,12.508452,Under way using engine,0.0,7.4,133.1,135.0,9179854,UGPS,ADLER,Cargo,0,20.0,127.0,Combined GPS/GLONASS,5.3,TO ORDER,03/02/2025 08:00:00,AIS,POINT (12.508452 56.120707),273414440_0,0 days 00:01:00,7.575202880756293e-07,134.11839870442782,0.0,0,4.334117981829751,56.120707,12.508452
2025-02-09 06:59:00,2025-02-09 06:59:00,Class A,273414440_0,56.119173,12.511243,Under way using engine,0.0,7.6,134.9,134.0,9179854,UGPS,ADLER,Cargo,0,20.0,127.0,Combined GPS/GLONASS,5.3,TO ORDER,03/02/2025 08:00:00,AIS,POINT (12.511243 56.119173),273414440_0,0 days 00:01:00,1.5575170542338808e-06,134.59348917253772,0.0,0,4.337232958713307,56.119173,12.511243
2025-02-09 07:00:00,2025-02-09 07:00:00,Class A,273414440_0,56.117775,12.513898,Under way using engine,0.0,7.6,134.6,134.0,9179854,UGPS,ADLER,Cargo,0,20.0,127.0,Combined GPS/GLONASS,5.3,TO ORDER,03/02/2025 08:00:00,AIS,POINT (12.513898 56.117775),273414440_0,0 days 00:01:00,-4.6093102415978344e-06,133.3648839615788,0.0,0,4.340178551211919,56.117775,12.513898
2025-02-09 07:01:00,2025-02-09 07:01:00,Class A,273414440_0,56.116225,12.516635,Under way using engine,0.0,7.5,134.8,134.0,9179854,UGPS,ADLER,Cargo,0,20.0,127.0,Combined GPS/GLONASS,5.3,TO ORDER,03/02/2025 08:00:00,AIS,POINT (12.516635 56.116225),273414440_0,0 days 00:01:00,4.301365175299744e-06,135.4482564378025,0.0,0,4.3432466442592235,56.116225,12.516635
2025-02-09 07:02:00,2025-02-09 07:02:00,Class A,273414440_0,56.114813,12.519272,Under way using engine,0.0,7.4,133.1,132.0,9179854,UGPS,ADLER,Cargo,0,20.0,127.0,Combined GPS/GLONASS,5.3,TO ORDER,03/02/2025 08:00:00,AIS,POINT (12.519272 56.114813),273414440_0,0 days 00:01:00,-4.225971240483211e-06,133.8424649143812,0.0,0,4.346179219411,56.114813,12.519272
2025-02-09 07:03:00,2025-02-09 07:03:00,Class A,273414440_0,56.113458,12.522052,Under way using engine,0.0,7.4,132.7,133.0,9179854,UGPS,ADLER,Cargo,0,20.0,127.0,Combined GPS/GLONASS,5.3,TO ORDER,03/02/2025 08:00:00,AIS,POINT (12.522052 56.113458),273414440_0,0 days 00:01:00,6.351971623052196e-07,131.1592853270996,0.0,0,4.34923227615231,56.113458,12.522052
2025-02-09 07:04:00,2025-02-09 07:04:00,Class A,273414440_0,56.112003,12.524728,Under way using engine,0.0,7.3,132.1,133.0,9179854,UGPS,ADLER,Cargo,0,20.0,127.0,Combined GPS/GLONASS,5.3,TO ORDER,03/02/2025 08:00:00,AIS,POINT (12.524728 56.112003),273414440_0,0 days 00:01:00,7.758412801528635e-07,134.27894919788673,0.0,0,4.3522147719068265,56.112003,12.524728
2025-02-09 07:05:00,2025-02-09 07:05:00,Class A,273414440_0,56.110642,12.527455,Under way using engine,0.0,7.3,131.9,132.0,9179854,UGPS,ADLER,Cargo,0,20.0,127.0,Combined GPS/GLONASS,5.3,TO ORDER,03/02/2025 08:00:00,AIS,POINT (12.527455 56.110642),273414440_0,0 days 00:01:00,-1.3370821566626973e-06,131.83015966321682,0.0,0,4.355218960444813,56.110642,12.527455
2025-02-09 07:06:00,2025-02-09 07:06:00,Class A,273414440_0,56.109257,12.530192,Under way using engine,0.0,7.4,132.5,133.0,9179854,UGPS,ADLER,Cargo,0,20.0,127.0,Combined GPS/GLONASS,5.3,TO ORDER,03/02/2025 08:00:00,AIS,POINT (12.530192 56.109257),273414440_0,0 days 00:01:00,6.261229081934438e-07,132.22292318713937,0.0,0,4.358239731088688,56.109257,12.530192
2025-02-09 07:07:00,2025-02-09 07:07:00,Class A,273414440_0,56.107815,12.532877,Under way using engine,0.0,7.2,133.1,133.0,9179854,UGPS,ADLER,Cargo,0,20.0,127.0,Combined GPS/GLONASS,5.3,TO ORDER,03/02/2025 08:00:00,AIS,POINT (12.532877 56.107815),273414440_0,0 days 00:01:00,5.468460877325173e-07,133.92270204838889,0.0,0,4.361227310705209,56.107815,12.532877
2025-02-09 07:08:00,2025-02-09 07:08:00,Class A,273414440_0,56.106457,12.53556,Under way using engine,0.0,7.3,132.8,132.0,9179854,UGPS,ADLER,Cargo,0,20.0,127.0,Combined GPS/GLONASS,5.3,TO ORDER,03/02/2025 08:00:00,AIS,POINT (12.53556 56.106457),273414440_0,0 days 00:01:00,-1.7966392153374056e-06,132.2276974181691,0.0,0,4.364188712400966,56.106457,12.53556
2025-02-09 07:09:00,2025-02-09 07:09:00,Class A,273414440_0,56.105068,12.538238,Under way using engine,0.0,7.3,133.9,133.0,9179854,UGPS,ADLER,Cargo,0,20.0,127.0,Combined GPS/GLONASS,5.3,TO ORDER,03/02/2025 08:00:00,AIS,POINT (12.538238 56.105068),273414440_0,0 days 00:01:00,5.854888029293345e-07,132.92421134482333,0.0,0,4.367154379910216,56.105068,12.538238
2025-02-09 07:10:00,2025-02-09 07:10:00,Class A,273414440_0,56.1037,12.540918,Under way using engine,0.0,7.3,133.1,132.0,9179854,UGPS,ADLER,Cargo,0,20.0,127.0,Combined GPS/GLONASS,5.3,TO ORDER,03/02/2025 08:00:00,AIS,POINT (12.540918 56.1037),273414440_0,0 days 00:01:00,-4.133036349681426e-07,132.4668558796056,0.0,0,4.3701159398149825,56.1037,12.540918
2025-02-09 07:11:00,2025-02-09 07:11:00,Class A,273414440_0,56.10227,12.54352,Under way using engine,0.0,7.3,134.0,132.0,9179854,UGPS,ADLER,Cargo,0,20.0,127.0,Combined GPS/GLONASS,5.3,TO ORDER,03/02/2025 08:00:00,AIS,POINT (12.54352 56.10227),273414440_0,0 days 00:01:00,3.4180607520467356e-07,134.57852207689655,0.0,0,4.373020913385734,56.10227,12.54352
2025-02-09 07:12:00,2025-02-09 07:12:00,Class A,273414440_0,56.100852,12.546137,Under way using engine,0.0,7.3,134.4,133.0,9179854,UGPS,ADLER,Cargo,0,20.0,127.0,Combined GPS/GLONASS,5.3,TO ORDER,03/02/2025 08:00:00,AIS,POINT (12.546137 56.100852),273414440_0,0 days 00:01:00,-7.258873500607208e-08,134.17146492068338,0.0,0,4.375936842749217,56.100852,12.546137
2025-02-09 07:13:00,2025-02-09 07:13:00,Class A,273414440_0,56.099447,12.548787,Under way using engine,0.0,7.4,132.8,131.0,9179854,UGPS,ADLER,Cargo,0,20.0,127.0,Combined GPS/GLONASS,5.3,TO ORDER,03/02/2025 08:00:00,AIS,POINT (12.548787 56.099447),273414440_0,0 days 00:01:00,1.3461650061383975e-07,133.54806860966391,0.0,0,4.37888065473187,56.099447,12.548787
2025-02-09 07:14:00,2025-02-09 07:14:00,Class A,273414440_0,56.098097,12.551565,Under way using engine,0.0,7.3,131.5,130.0,9179854,UGPS,ADLER,Cargo,0,20.0,127.0,Combined GPS/GLONASS,5.3,TO ORDER,03/02/2025 08:00:00,AIS,POINT (12.551565 56.098097),273414440_0,0 days 00:01:00,4.956188834340496e-07,131.06345127764553,0.0,0,4.381931037140246,56.098097,12.551565
2025-02-09 07:15:00,2025-02-09 07:15:00,Class A,273414440_0,56.096755,12.554227,Under way using engine,0.0,7.4,132.6,131.0,9179854,UGPS,ADLER,Cargo,0,20.0,127.0,Combined GPS/GLONASS,5.3,TO ORDER,03/02/2025 08:00:00,AIS,POINT (12.554227 56.096755),273414440_0,0 days 00:01:00,-1.6641773528219452e-06,132.10665087108396,0.0,0,4.384868156494672,56.096755,12.554227
2025-02-09 07:16:00,2025-02-09 07:16:00,Class A,273414440_0,56.09536,12.556998,Under way using engine,0.0,7.4,131.2,130.0,9179854,UGPS,ADLER,Cargo,0,20.0,127.0,Combined GPS/GLONASS,5.3,TO ORDER,03/02/2025 08:00:00,AIS,POINT (12.556998 56.09536),273414440_0,0 days 00:01:00,2.4984425124879703e-06,132.065773516862,0.0,0,4.38792503696508,56.09536,12.556998
2025-02-09 07:17:00,2025-02-09 07:17:00,Class A,273414440_0,56.094,12.559703,Under way using engine,0.0,7.5,132.7,131.0,9179854,UGPS,ADLER,Cargo,0,20.0,127.0,Combined GPS/GLONASS,5.3,TO ORDER,03/02/2025 08:00:00,AIS,POINT (12.559703 56.094),273414440_0,0 days 00:01:00,-1.571045183488477e-06,132.02764108367353,0.0,0,4.390908653803903,56.094,12.559703
2025-02-09 07:27:00,2025-02-09 07:27:00,Class A,273414440_0,56.080157,12.586912,Under way using engine,0.0,7.3,132.7,131.0,9179854,UGPS,ADLER,Cargo,0,20.0,127.0,Combined GPS/GLONASS,5.3,TO ORDER,03/02/2025 08:00:00,AIS,POINT (12.586912 56.080157),273414440_0,0 days 00:10:00,7.149031536237221e-08,132.34966956843908,0.0,0,4.420971149532645,56.080157,12.586912
2025-02-09 07:28:00,2025-02-09 07:28:00,Class A,273414440_0,56.078802,12.589595,Under way using engine,0.0,7.5,131.9,131.0,9179854,UGPS,ADLER,Cargo,0,20.0,127.0,Combined GPS/GLONASS,5.3,TO ORDER,03/02/2025 08:00:00,AIS,POINT (12.589595 56.078802),273414440_0,0 days 00:01:00,-1.0874718137311318e-06,132.1441717187538,0.0,0,4.423932942803042,56.078802,12.589595
2025-02-09 07:29:00,2025-02-09 07:29:00,Class A,273414440_0,56.07743,12.592302,Under way using engine,0.0,7.3,132.2,131.0,9179854,UGPS,ADLER,Cargo,0,20.0,127.0,Combined GPS/GLONASS,5.3,TO ORDER,03/02/2025 08:00:00,AIS,POINT (12.592302 56.07743),273414440_0,0 days 00:01:00,6.617842676549339e-07,132.24472619302213,0.0,0,4.426922716113418,56.07743,12.592302
2025-02-09 07:42:00,2025-02-09 07:42:00,Class A,273414440_0,56.060688,12.62904,Under way using engine,0.0,7.7,127.0,131.0,9179854,UGPS,ADLER,Cargo,0,20.0,127.0,Combined GPS/GLONASS,5.3,TO ORDER,03/02/2025 08:00:00,AIS,POINT (12.62904 56.060688),273414440_0,0 days 00:13:00,-9.763500289797698e-09,129.21323271631138,0.0,0,4.466952963917686,56.060688,12.62904
2025-02-09 07:43:00,2025-02-09 07:43:00,Class A,273414440_0,56.059442,12.632057,Under way using engine,0.0,7.6,126.2,131.0,9179854,UGPS,ADLER,Cargo,0,20.0,127.0,Combined GPS/GLONASS,5.3,TO ORDER,03/02/2025 08:00:00,AIS,POINT (12.632057 56.059442),273414440_0,0 days 00:01:00,1.8277418237055152e-06,126.4891578801533,0.0,0,4.470202776435316,56.059442,12.632057
2025-02-09 07:44:00,2025-02-09 07:44:00,Class A,273414440_0,56.058188,12.635208,Under way using engine,0.0,7.9,125.3,130.0,9179854,UGPS,ADLER,Cargo,0,20.0,127.0,Combined GPS/GLONASS,5.3,TO ORDER,03/02/2025 08:00:00,AIS,POINT (12.635208 56.058188),273414440_0,0 days 00:01:00,2.024338483985314e-06,125.47880862348768,0.0,0,4.473583055000656,56.058188,12.635208
2025-02-09 07:45:00,2025-02-09 07:45:00,Class A,273414440_0,56.056622,12.637875,Under way using engine,0.4,7.2,147.4,152.0,9179854,UGPS,ADLER,Cargo,0,20.0,127.0,Combined GPS/GLONASS,5.3,TO ORDER,03/02/2025 08:00:00,AIS,POINT (12.637875 56.056622),273414440_0,0 days 00:01:00,-1.09987562704663e-08,136.43979390728498,0.0,0,4.476592304266494,56.056622,12.637875
2025-02-09 07:46:00,2025-02-09 07:46:00,Class A,273414440_0,56.05468,12.63917,Under way using engine,0.0,7.5,164.5,164.0,9179854,UGPS,ADLER,Cargo,0,20.0,127.0,Combined GPS/GLONASS,5.3,TO ORDER,03/02/2025 08:00:00,AIS,POINT (12.63917 56.05468),273414440_0,0 days 00:01:00,-2.7950325125395394e-06,159.5764411477163,0.0,0,4.4784007858173,56.05468,12.63917
2025-02-09 07:47:00,2025-02-09 07:47:00,Class A,273414440_0,56.052602,12.64027,Under way using engine,0.0,8.2,161.7,160.0,9179854,UGPS,ADLER,Cargo,0,20.0,127.0,Combined GPS/GLONASS,5.3,TO ORDER,03/02/2025 08:00:00,AIS,POINT (12.64027 56.052602),273414440_0,0 days 00:01:00,2.9216065836741247e-06,163.5318300589828,0.0,0,4.480063422117257,56.052602,12.64027
2025-02-09 07:48:00,2025-02-09 07:48:00,Class A,273414440_0,56.050482,12.641538,Under way using engine,0.0,8.1,160.6,161.0,9179854,UGPS,ADLER,Cargo,0,20.0,127.0,Combined GPS/GLONASS,5.3,TO ORDER,03/02/2025 08:00:00,AIS,POINT (12.641538 56.050482),273414440_0,0 days 00:01:00,2.1140183462494985e-06,161.52940916627017,0.0,0,4.481899591437653,56.050482,12.641538
2025-02-09 08:07:00,2025-02-09 08:07:00,Class A,273414440_0,56.004343,12.667092,Under way using engine,0.0,10.0,163.8,163.0,9179854,UGPS,ADLER,Cargo,0,20.0,127.0,Combined GPS/GLONASS,5.3,TO ORDER,03/02/2025 08:00:00,AIS,POINT (12.667092 56.004343),273414440_0,0 days 00:19:00,4.995129546897957e-07,162.79272176552558,0.0,0,4.52006423266086,56.004343,12.667092
2025-02-09 08:08:00,2025-02-09 08:08:00,Class A,273414440_0,56.001688,12.668425,Under way using engine,0.0,10.0,165.6,165.0,9179854,UGPS,ADLER,Cargo,0,20.0,127.0,Combined GPS/GLONASS,5.3,TO ORDER,03/02/2025 08:00:00,AIS,POINT (12.668425 56.001688),273414440_0,0 days 00:01:00,6.667425047937415e-06,164.31826658997556,0.0,0,4.52213826695049,56.001688,12.668425
2025-02-09 08:09:00,2025-02-09 08:09:00,Class A,273414440_0,55.998983,12.669672,Under way using engine,0.0,10.0,164.8,163.0,9179854,UGPS,ADLER,Cargo,0,20.0,127.0,Combined GPS/GLONASS,5.3,TO ORDER,03/02/2025 08:00:00,AIS,POINT (12.669672 55.998983),273414440_0,0 days 00:01:00,1.1052366120179133e-06,165.54422356427347,0.0,0,4.524146520069835,55.998983,12.669672
2025-02-09 08:10:00,2025-02-09 08:10:00,Class A,273414440_0,55.996317,12.670963,Under way using engine,0.0,10.0,165.0,163.0,9179854,UGPS,ADLER,Cargo,0,20.0,127.0,Combined GPS/GLONASS,5.3,TO ORDER,03/02/2025 08:00:00,AIS,POINT (12.670963 55.996317),273414440_0,0 days 00:01:00,-9.704306913368844e-07,164.84699325011366,0.0,0,4.526185914395144,55.996317,12.670963
2025-02-09 08:11:00,2025-02-09 08:11:00,Class A,273414440_0,55.993637,12.672205,Under way using engine,0.0,9.9,165.5,164.0,9179854,UGPS,ADLER,Cargo,0,20.0,127.0,Combined GPS/GLONASS,5.3,TO ORDER,03/02/2025 08:00:00,AIS,POINT (12.672205 55.993637),273414440_0,0 days 00:01:00,2.0087377976363111e-07,165.46917618264138,0.0,0,4.528183910418503,55.993637,12.672205
2025-02-09 08:12:00,2025-02-09 08:12:00,Class A,273414440_0,55.990972,12.673432,Under way using engine,0.0,10.0,165.7,164.0,9179854,UGPS,ADLER,Cargo,0,20.0,127.0,Combined GPS/GLONASS,5.3,TO ORDER,03/02/2025 08:00:00,AIS,POINT (12.673432 55.990972),273414440_0,0 days 00:01:00,-5.139484538022188e-07,165.5589453844285,0.0,0,4.530164093876182,55.990972,12.673432
2025-02-09 08:13:00,2025-02-09 08:13:00,Class A,273414440_0,55.988362,12.674675,Under way using engine,0.0,9.8,165.3,163.0,9179854,UGPS,ADLER,Cargo,0,20.0,127.0,Combined GPS/GLONASS,5.3,TO ORDER,03/02/2025 08:00:00,AIS,POINT (12.674675 55.988362),273414440_0,0 days 00:01:00,-1.5745695626406183e-06,165.0831814552131,0.0,0,4.53214376455315,55.988362,12.674675
2025-02-09 08:14:00,2025-02-09 08:14:00,Class A,273414440_0,55.98571,12.675918,Under way using engine,0.0,9.7,165.7,164.0,9179854,UGPS,ADLER,Cargo,0,20.0,127.0,Combined GPS/GLONASS,5.3,TO ORDER,03/02/2025 08:00:00,AIS,POINT (12.675918 55.98571),273414440_0,0 days 00:01:00,1.256037736543679e-06,165.30816184780372,0.0,0,4.534137249182582,55.98571,12.675918
2025-02-09 08:15:01,2025-02-09 08:15:01,Class A,273414440_0,55.98301,12.677193,Under way using engine,0.0,9.7,164.2,163.0,9179854,UGPS,ADLER,Cargo,0,20.0,127.0,Combined GPS/GLONASS,5.3,TO ORDER,03/02/2025 08:00:00,AIS,POINT (12.677193 55.98301),273414440_0,0 days 00:01:01,1.5855211092662374e-07,165.20167956505475,0.0,0,4.536176903963293,55.98301,12.677193
2025-02-09 08:16:01,2025-02-09 08:16:01,Class A,273414440_0,55.980428,12.678865,Under way using engine,0.0,9.7,156.0,153.0,9179854,UGPS,ADLER,Cargo,0,20.0,127.0,Combined GPS/GLONASS,5.3,TO ORDER,03/02/2025 08:00:00,AIS,POINT (12.678865 55.980428),273414440_0,0 days 00:01:00,-1.0172720110246739e-08,160.0847545437523,0.0,0,4.538559333887571,55.980428,12.678865
2025-02-09 08:17:01,2025-02-09 08:17:01,Class A,273414440_0,55.977923,12.680895,Under way using engine,0.0,9.8,155.7,155.0,9179854,UGPS,ADLER,Cargo,0,20.0,127.0,Combined GPS/GLONASS,5.3,TO ORDER,03/02/2025 08:00:00,AIS,POINT (12.680895 55.977923),273414440_0,0 days 00:01:00,1.4080378671779056e-07,155.6095016047841,0.0,0,4.541259698083011,55.977923,12.680895
2025-02-09 08:18:01,2025-02-09 08:18:01,Class A,273414440_0,55.975508,12.682777,Under way using engine,0.0,9.8,156.5,155.0,9179854,UGPS,ADLER,Cargo,0,20.0,127.0,Combined GPS/GLONASS,5.3,TO ORDER,03/02/2025 08:00:00,AIS,POINT (12.682777 55.975508),273414440_0,0 days 00:01:00,-3.5864276246676177e-06,156.44012399666008,0.0,0,4.5437922537952815,55.975508,12.682777
2025-02-09 08:19:01,2025-02-09 08:19:01,Class A,273414440_0,55.972997,12.684768,Under way using engine,0.0,9.9,156.5,154.0,9179854,UGPS,ADLER,Cargo,0,20.0,127.0,Combined GPS/GLONASS,5.3,TO ORDER,03/02/2025 08:00:00,AIS,POINT (12.684768 55.972997),273414440_0,0 days 00:01:00,3.480167286145083e-06,156.07299985598172,0.0,0,4.546458703327679,55.972997,12.684768
2025-02-09 08:20:01,2025-02-09 08:20:01,Class A,273414440_0,55.970498,12.68669,Under way using engine,0.0,10.0,157.5,155.0,9179854,UGPS,ADLER,Cargo,0,20.0,127.0,Combined GPS/GLONASS,5.3,TO ORDER,03/02/2025 08:00:00,AIS,POINT (12.68669 55.970498),273414440_0,0 days 00:01:00,-8.191952166831188e-07,156.7124547856497,0.0,0,4.549056505091249,55.970498,12.68669
2025-02-09 08:22:00,2025-02-09 08:22:00,Class A,273414440_0,55.965575,12.690518,Under way using engine,0.0,9.6,156.4,154.0,9179854,UGPS,ADLER,Cargo,0,20.0,127.0,Combined GPS/GLONASS,5.3,TO ORDER,03/02/2025 08:00:00,AIS,POINT (12.690518 55.965575),273414440_0,0 days 00:01:59,-2.1181652810367056e-07,156.48100146659954,0.0,0,4.554215840383502,55.965575,12.690518
2025-02-09 08:23:00,2025-02-09 08:23:00,Class A,273414440_0,55.963085,12.692447,Under way using engine,0.0,9.9,156.6,154.0,9179854,UGPS,ADLER,Cargo,0,20.0,127.0,Combined GPS/GLONASS,5.3,TO ORDER,03/02/2025 08:00:00,AIS,POINT (12.692447 55.963085),273414440_0,0 days 00:01:00,2.1534888994070336e-07,156.557364786177,0.0,0,4.556819591326938,55.963085,12.692447
2025-02-09 08:24:00,2025-02-09 08:24:00,Class A,273414440_0,55.960588,12.69435,Under way using engine,0.0,9.6,155.8,153.0,9179854,UGPS,ADLER,Cargo,0,20.0,127.0,Combined GPS/GLONASS,5.3,TO ORDER,03/02/2025 08:00:00,AIS,POINT (12.69435 55.960588),273414440_0,0 days 00:01:00,2.1108756701017244e-08,156.89661114742057,0.0,0,4.559401473153356,55.960588,12.69435
2025-02-09 08:25:00,2025-02-09 08:25:00,Class A,273414440_0,55.958207,12.696352,Under way using engine,0.0,9.5,154.7,152.0,9179854,UGPS,ADLER,Cargo,0,20.0,127.0,Combined GPS/GLONASS,5.3,TO ORDER,03/02/2025 08:00:00,AIS,POINT (12.696352 55.958207),273414440_0,0 days 00:01:00,-2.567951514524383e-06,154.79391990006422,0.0,0,4.562042250310708,55.958207,12.696352
2025-02-09 08:26:00,2025-02-09 08:26:00,Class A,273414440_0,55.95568,12.698522,Under way using engine,0.0,10.0,155.1,153.0,9179854,UGPS,ADLER,Cargo,0,20.0,127.0,Combined GPS/GLONASS,5.3,TO ORDER,03/02/2025 08:00:00,AIS,POINT (12.698522 55.95568),273414440_0,0 days 00:01:00,5.331326180382703e-06,154.32419457204583,0.0,0,4.564888613821919,55.95568,12.698522
2025-02-09 08:27:00,2025-02-09 08:27:00,Class A,273414440_0,55.953227,12.700583,Under way using engine,0.0,9.7,153.6,152.0,9179854,UGPS,ADLER,Cargo,0,20.0,127.0,Combined GPS/GLONASS,5.3,TO ORDER,03/02/2025 08:00:00,AIS,POINT (12.700583 55.953227),273414440_0,0 days 00:01:00,-2.878730982488004e-06,154.80755522944605,0.0,0,4.567609043866277,55.953227,12.700583
2025-02-09 08:28:00,2025-02-09 08:28:00,Class A,273414440_0,55.95071,12.703018,Under way using engine,0.0,10.2,151.1,153.0,9179854,UGPS,ADLER,Cargo,0,20.0,127.0,Combined GPS/GLONASS,5.3,TO ORDER,03/02/2025 08:00:00,AIS,POINT (12.703018 55.95071),273414440_0,0 days 00:01:00,4.701453382634426e-06,151.55691549916014,0.0,0,4.570705468352232,55.95071,12.703018
2025-02-09 08:29:00,2025-02-09 08:29:00,Class A,273414440_0,55.948227,12.70526,Under way using engine,0.0,10.0,153.9,156.0,9179854,UGPS,ADLER,Cargo,0,20.0,127.0,Combined GPS/GLONASS,5.3,TO ORDER,03/02/2025 08:00:00,AIS,POINT (12.70526 55.948227),273414440_0,0 days 00:01:00,-2.4861210746108795e-06,153.1789308730058,0.0,0,4.573608479551786,55.948227,12.70526
2025-02-09 08:30:00,2025-02-09 08:30:00,Class A,273414440_0,55.945583,12.707563,Under way using engine,0.0,10.4,154.2,155.0,9179854,UGPS,ADLER,Cargo,0,20.0,127.0,Combined GPS/GLONASS,5.3,TO ORDER,03/02/2025 08:00:00,AIS,POINT (12.707563 55.945583),273414440_0,0 days 00:01:00,4.930782321017424e-06,153.9986077904705,0.0,0,4.576620214110956,55.945583,12.707563
2025-02-09 08:31:00,2025-02-09 08:31:00,Class A,273414440_0,55.94298,12.709805,Under way using engine,0.0,10.7,153.9,154.0,9179854,UGPS,ADLER,Cargo,0,20.0,127.0,Combined GPS/GLONASS,5.3,TO ORDER,03/02/2025 08:00:00,AIS,POINT (12.709805 55.94298),273414440_0,0 days 00:01:00,-1.6021492748507829e-06,154.24944131050154,0.0,0,4.579561907658198,55.94298,12.709805
2025-02-09 08:32:00,2025-02-09 08:32:00,Class A,273414440_0,55.940273,12.712207,Under way using engine,0.0,10.6,154.1,154.0,9179854,UGPS,ADLER,Cargo,0,20.0,127.0,Combined GPS/GLONASS,5.3,TO ORDER,03/02/2025 08:00:00,AIS,POINT (12.712207 55.940273),273414440_0,0 days 00:01:00,4.112179001055684e-06,153.57450632958648,0.0,0,4.582688763575921,55.940273,12.712207
2025-02-09 08:40:00,2025-02-09 08:40:00,Class A,273414440_0,55.91959,12.729177,Under way using engine,0.0,9.7,155.1,155.0,9179854,UGPS,ADLER,Cargo,0,20.0,127.0,Combined GPS/GLONASS,5.3,TO ORDER,03/02/2025 08:00:00,AIS,POINT (12.729177 55.91959),273414440_0,0 days 00:08:00,-6.867528578471041e-07,155.30764193796995,0.0,0,4.605291337653461,55.91959,12.729177
2025-02-09 08:41:00,2025-02-09 08:41:00,Class A,273414440_0,55.9172,12.73127,Under way using engine,0.0,9.4,154.0,154.0,9179854,UGPS,ADLER,Cargo,0,20.0,127.0,Combined GPS/GLONASS,5.3,TO ORDER,03/02/2025 08:00:00,AIS,POINT (12.73127 55.9172),273414440_0,0 days 00:01:00,-5.662557781280986e-06,153.86024757286248,0.0,0,4.608031321422305,55.9172,12.73127
2025-02-09 08:42:00,2025-02-09 08:42:00,Class A,273414440_0,55.914758,12.733333,Under way using engine,0.0,9.6,155.5,156.0,9179854,UGPS,ADLER,Cargo,0,20.0,127.0,Combined GPS/GLONASS,5.3,TO ORDER,03/02/2025 08:00:00,AIS,POINT (12.733333 55.914758),273414440_0,0 days 00:01:00,1.222464664096913e-06,154.66475723523672,0.0,0,4.610759829315988,55.914758,12.733333
2025-02-09 08:43:00,2025-02-09 08:43:00,Class A,273414440_0,55.912345,12.73529,Under way using engine,0.0,9.9,155.9,157.0,9179854,UGPS,ADLER,Cargo,0,20.0,127.0,Combined GPS/GLONASS,5.3,TO ORDER,03/02/2025 08:00:00,AIS,POINT (12.73529 55.912345),273414440_0,0 days 00:01:00,-1.5886778340535509e-06,155.55584450695233,0.0,0,4.613379207756934,55.912345,12.73529
2025-02-09 08:44:00,2025-02-09 08:44:00,Class A,273414440_0,55.909893,12.736965,Under way using engine,0.4,9.4,165.2,168.0,9179854,UGPS,ADLER,Cargo,0,20.0,127.0,Combined GPS/GLONASS,5.3,TO ORDER,03/02/2025 08:00:00,AIS,POINT (12.736965 55.909893),273414440_0,0 days 00:01:00,-7.807097652666057e-07,159.04888312775495,0.0,0,4.615744046276072,55.909893,12.736965
2025-02-09 08:45:00,2025-02-09 08:45:00,Class A,273414440_0,55.907363,12.73756,Under way using engine,0.0,9.4,174.7,176.0,9179854,UGPS,ADLER,Cargo,0,20.0,127.0,Combined GPS/GLONASS,5.3,TO ORDER,03/02/2025 08:00:00,AIS,POINT (12.73756 55.907363),273414440_0,0 days 00:01:00,-2.2982352451583496e-06,172.49028889636963,0.0,0,4.617110025882859,55.907363,12.73756
2025-02-09 08:46:00,2025-02-09 08:46:00,Class A,273414440_0,55.904735,12.737998,Under way using engine,0.0,9.3,174.4,175.0,9179854,UGPS,ADLER,Cargo,0,20.0,127.0,Combined GPS/GLONASS,5.3,TO ORDER,03/02/2025 08:00:00,AIS,POINT (12.737998 55.904735),273414440_0,0 days 00:01:00,2.706560593114801e-06,174.66243819417218,0.0,0,4.6183593097982305,55.904735,12.737998
2025-02-09 08:47:00,2025-02-09 08:47:00,Class A,273414440_0,55.90211,12.73839,Under way using engine,0.0,9.5,176.5,177.0,9179854,UGPS,ADLER,Cargo,0,20.0,127.0,Combined GPS/GLONASS,5.3,TO ORDER,03/02/2025 08:00:00,AIS,POINT (12.73839 55.90211),273414440_0,0 days 00:01:00,-1.6306937520514712e-07,175.21449650083298,0.0,0,4.6195652268248155,55.90211,12.73839
2025-02-09 08:58:00,2025-02-09 08:58:00,Class A,273414440_0,55.872398,12.743232,Under way using engine,0.0,9.7,167.1,168.0,9179854,UGPS,ADLER,Cargo,0,20.0,127.0,Combined GPS/GLONASS,5.3,TO ORDER,03/02/2025 08:00:00,AIS,POINT (12.743232 55.872398),273414440_0,0 days 00:11:00,2.1977835680775046e-07,174.77599821482943,0.0,0,4.633682173499281,55.872398,12.743232
2025-02-09 08:59:00,2025-02-09 08:59:00,Class A,273414440_0,55.86972,12.744295,Under way using engine,0.0,10.0,167.4,167.0,9179854,UGPS,ADLER,Cargo,0,20.0,127.0,Combined GPS/GLONASS,5.3,TO ORDER,03/02/2025 08:00:00,AIS,POINT (12.744295 55.86972),273414440_0,0 days 00:01:00,9.73583854964365e-07,167.44439962415947,0.0,0,4.635554844852339,55.86972,12.744295
2025-02-09 09:00:00,2025-02-09 09:00:00,Class A,273414440_0,55.867033,12.74539,Under way using engine,0.0,9.8,167.4,168.0,9179854,UGPS,ADLER,Cargo,0,20.0,127.0,Combined GPS/GLONASS,5.3,TO ORDER,03/02/2025 08:00:00,AIS,POINT (12.74539 55.867033),273414440_0,0 days 00:01:00,3.944927292581779e-07,167.11991223302255,0.0,0,4.637461739200444,55.867033,12.74539
2025-02-09 09:01:00,2025-02-09 09:01:00,Class A,273414440_0,55.86434,12.746343,Under way using engine,0.0,10.0,169.0,169.0,9179854,UGPS,ADLER,Cargo,0,20.0,127.0,Combined GPS/GLONASS,5.3,TO ORDER,03/02/2025 08:00:00,AIS,POINT (12.746343 55.86434),273414440_0,0 days 00:01:00,-3.351788577222002e-07,168.76822139517174,0.0,0,4.639237314068984,55.86434,12.746343
2025-02-09 09:03:00,2025-02-09 09:03:00,Class A,273414440_0,55.858925,12.748272,Under way using engine,0.0,9.8,169.9,170.0,9179854,UGPS,ADLER,Cargo,0,20.0,127.0,Combined GPS/GLONASS,5.3,TO ORDER,03/02/2025 08:00:00,AIS,POINT (12.748272 55.858925),273414440_0,0 days 00:02:00,2.3960911680032637e-07,168.6939288583908,0.0,0,4.642822891988882,55.858925,12.748272
2025-02-09 09:04:01,2025-02-09 09:04:01,Class A,273414440_0,55.8562,12.749077,Under way using engine,0.0,9.9,170.5,170.0,9179854,UGPS,ADLER,Cargo,0,20.0,127.0,Combined GPS/GLONASS,5.3,TO ORDER,03/02/2025 08:00:00,AIS,POINT (12.749077 55.8562),273414440_0,0 days 00:01:01,-1.3454331683705408e-06,170.58560450251798,0.0,0,4.644472245332724,55.8562,12.749077
2025-02-09 09:05:01,2025-02-09 09:05:01,Class A,273414440_0,55.853478,12.749867,Under way using engine,0.0,9.9,171.2,171.0,9179854,UGPS,ADLER,Cargo,0,20.0,127.0,Combined GPS/GLONASS,5.3,TO ORDER,03/02/2025 08:00:00,AIS,POINT (12.749867 55.853478),273414440_0,0 days 00:01:00,1.2667078085227437e-06,170.74732652277476,0.0,0,4.646107593856388,55.853478,12.749867
2025-02-09 09:06:01,2025-02-09 09:06:01,Class A,273414440_0,55.850797,12.750473,Under way using engine,0.0,9.8,173.0,173.0,9179854,UGPS,ADLER,Cargo,0,20.0,127.0,Combined GPS/GLONASS,5.3,TO ORDER,03/02/2025 08:00:00,AIS,POINT (12.750473 55.850797),273414440_0,0 days 00:01:00,-1.7148795991587853e-06,172.76867722532745,0.0,0,4.647556807828066,55.850797,12.750473
2025-02-09 09:07:01,2025-02-09 09:07:01,Class A,273414440_0,55.848042,12.750977,Under way using engine,-0.2,10.0,178.0,178.0,9179854,UGPS,ADLER,Cargo,0,20.0,127.0,Combined GPS/GLONASS,5.3,TO ORDER,03/02/2025 08:00:00,AIS,POINT (12.750977 55.848042),273414440_0,0 days 00:01:00,2.0710656931114423e-06,174.1362399651241,0.0,0,4.648935072660191,55.848042,12.750977
2025-02-09 09:08:01,2025-02-09 09:08:01,Class A,273414440_0,55.845263,12.750972,Under way using engine,0.0,10.0,180.4,180.0,9179854,UGPS,ADLER,Cargo,0,20.0,127.0,Combined GPS/GLONASS,5.3,TO ORDER,03/02/2025 08:00:00,AIS,POINT (12.750972 55.845263),273414440_0,0 days 00:01:00,2.922267864563684e-07,180.05787612120145,0.0,0,4.649841683707091,55.845263,12.750972
2025-02-09 09:09:00,2025-02-09 09:09:00,Class A,273414440_0,55.842525,12.750943,Under way using engine,0.0,9.7,180.8,179.0,9179854,UGPS,ADLER,Cargo,0,20.0,127.0,Combined GPS/GLONASS,5.3,TO ORDER,03/02/2025 08:00:00,AIS,POINT (12.750943 55.842525),273414440_0,0 days 00:00:59,1.715231660706334e-07,180.3407282409293,0.0,0,4.650713634371073,55.842525,12.750943
2025-02-09 09:10:00,2025-02-09 09:10:00,Class A,273414440_0,55.839752,12.750838,Under way using engine,0.0,9.9,180.8,180.0,9179854,UGPS,ADLER,Cargo,0,20.0,127.0,Combined GPS/GLONASS,5.3,TO ORDER,03/02/2025 08:00:00,AIS,POINT (12.750838 55.839752),273414440_0,0 days 00:01:00,-3.3488741791601447e-07,181.2180179253829,0.0,0,4.65152679549511,55.839752,12.750838
2025-02-09 09:11:00,2025-02-09 09:11:00,Class A,273414440_0,55.837057,12.750795,Under way using engine,0.0,9.8,180.3,179.0,9179854,UGPS,ADLER,Cargo,0,20.0,127.0,Combined GPS/GLONASS,5.3,TO ORDER,03/02/2025 08:00:00,AIS,POINT (12.750795 55.837057),273414440_0,0 days 00:01:00,-2.428484947929535e-06,180.51334323201576,0.0,0,4.652374276669171,55.837057,12.750795
2025-02-09 09:12:00,2025-02-09 09:12:00,Class A,273414440_0,55.834203,12.750717,Under way using engine,0.0,10.0,183.1,182.0,9179854,UGPS,ADLER,Cargo,0,20.0,127.0,Combined GPS/GLONASS,5.3,TO ORDER,03/02/2025 08:00:00,AIS,POINT (12.750717 55.834203),273414440_0,0 days 00:01:00,4.924507368191805e-06,180.8793225036672,0.0,0,4.653242650825873,55.834203,12.750717
2025-02-09 09:13:00,2025-02-09 09:13:00,Class A,273414440_0,55.831565,12.749872,Under way using engine,0.0,10.0,191.7,191.0,9179854,UGPS,ADLER,Cargo,0,20.0,127.0,Combined GPS/GLONASS,5.3,TO ORDER,03/02/2025 08:00:00,AIS,POINT (12.749872 55.831565),273414440_0,0 days 00:01:00,-5.375647626639423e-06,190.19841711423985,0.0,0,4.6533173481266035,55.831565,12.749872
2025-02-09 09:14:00,2025-02-09 09:14:00,Class A,273414440_0,55.828847,12.748613,Under way using engine,0.0,10.0,198.2,197.0,9179854,UGPS,ADLER,Cargo,0,20.0,127.0,Combined GPS/GLONASS,5.3,TO ORDER,03/02/2025 08:00:00,AIS,POINT (12.748613 55.828847),273414440_0,0 days 00:01:00,3.968888815603812e-06,194.58330440203838,0.0,0,4.653029619214668,55.828847,12.748613
2025-02-09 09:15:00,2025-02-09 09:15:00,Class A,273414440_0,55.826387,12.746307,Under way using engine,0.0,9.8,215.8,216.0,9179854,UGPS,ADLER,Cargo,0,20.0,127.0,Combined GPS/GLONASS,5.3,TO ORDER,03/02/2025 08:00:00,AIS,POINT (12.746307 55.826387),273414440_0,0 days 00:01:00,-8.479314642825433e-07,207.76875844238145,0.0,0,4.6516705448585896,55.826387,12.746307
2025-02-09 09:16:00,2025-02-09 09:16:00,Class A,273414440_0,55.824188,12.743307,Under way using engine,0.0,10.0,217.2,215.0,9179854,UGPS,ADLER,Cargo,0,20.0,127.0,Combined GPS/GLONASS,5.3,TO ORDER,03/02/2025 08:00:00,AIS,POINT (12.743307 55.824188),273414440_0,0 days 00:01:00,-2.726782259197871e-07,217.46519105258497,0.0,0,4.64957221782499,55.824188,12.743307
2025-02-09 09:17:00,2025-02-09 09:17:00,Class A,273414440_0,55.821917,12.74026,Under way using engine,0.0,10.3,217.1,215.0,9179854,UGPS,ADLER,Cargo,0,20.0,127.0,Combined GPS/GLONASS,5.3,TO ORDER,03/02/2025 08:00:00,AIS,POINT (12.74026 55.821917),273414440_0,0 days 00:01:00,2.269106777720763e-06,217.00661404047085,0.0,0,4.647455613094976,55.821917,12.74026
2025-02-09 09:29:00,2025-02-09 09:29:00,Class A,273414440_0,55.794795,12.702663,Under way using engine,0.0,10.7,218.8,216.0,9179854,UGPS,ADLER,Cargo,0,20.0,127.0,Combined GPS/GLONASS,5.3,TO ORDER,03/02/2025 08:00:00,AIS,POINT (12.702663 55.794795),273414440_0,0 days 00:12:00,5.4956895888100403e-08,217.93424073447997,0.0,0,4.62120907932383,55.794795,12.702663
2025-02-09 09:30:00,2025-02-09 09:30:00,Class A,273414440_0,55.792598,12.699438,Under way using engine,0.0,10.5,219.4,217.0,9179854,UGPS,ADLER,Cargo,0,20.0,127.0,Combined GPS/GLONASS,5.3,TO ORDER,03/02/2025 08:00:00,AIS,POINT (12.699438 55.792598),273414440_0,0 days 00:01:00,-5.070060361060726e-07,219.53152623504153,0.0,0,4.618928167080433,55.792598,12.699438
2025-02-09 09:31:00,2025-02-09 09:31:00,Class A,273414440_0,55.790323,12.696152,Under way using engine,0.0,10.4,218.2,216.0,9179854,UGPS,ADLER,Cargo,0,20.0,127.0,Combined GPS/GLONASS,5.3,TO ORDER,03/02/2025 08:00:00,AIS,POINT (12.696152 55.790323),273414440_0,0 days 00:01:00,2.5412243069846777e-06,219.079642340072,0.0,0,4.6166188262775165,55.790323,12.696152
2025-02-09 09:32:00,2025-02-09 09:32:00,Class A,273414440_0,55.788028,12.692973,Under way using engine,0.0,10.5,219.7,218.0,9179854,UGPS,ADLER,Cargo,0,20.0,127.0,Combined GPS/GLONASS,5.3,TO ORDER,03/02/2025 08:00:00,AIS,POINT (12.692973 55.788028),273414440_0,0 days 00:01:00,-6.763387015032487e-07,217.91298689472347,0.0,0,4.614419157873937,55.788028,12.692973
2025-02-09 09:33:00,2025-02-09 09:33:00,Class A,273414440_0,55.78577,12.689728,Under way using engine,0.0,10.2,218.4,216.0,9179854,UGPS,ADLER,Cargo,0,20.0,127.0,Combined GPS/GLONASS,5.3,TO ORDER,03/02/2025 08:00:00,AIS,POINT (12.689728 55.78577),273414440_0,0 days 00:01:00,-1.779913233559595e-07,218.94124463777848,0.0,0,4.612147076267734,55.78577,12.689728
2025-02-09 09:34:00,2025-02-09 09:34:00,Class A,273414440_0,55.78346,12.686523,Under way using engine,0.0,10.0,219.3,217.0,9179854,UGPS,ADLER,Cargo,0,20.0,127.0,Combined GPS/GLONASS,5.3,TO ORDER,03/02/2025 08:00:00,AIS,POINT (12.686523 55.78346),273414440_0,0 days 00:01:00,8.264586121240099e-07,217.9615535902003,0.0,0,4.609932728538455,55.78346,12.686523
2025-02-09 09:35:00,2025-02-09 09:35:00,Class A,273414440_0,55.781132,12.683235,Under way using engine,0.0,10.3,219.6,217.0,9179854,UGPS,ADLER,Cargo,0,20.0,127.0,Combined GPS/GLONASS,5.3,TO ORDER,03/02/2025 08:00:00,AIS,POINT (12.683235 55.781132),273414440_0,0 days 00:01:00,1.3350419582637812e-06,218.45906009622806,0.0,0,4.6076490159405585,55.781132,12.683235
2025-02-09 09:42:00,2025-02-09 09:42:00,Class A,273414440_0,55.763595,12.675662,Under way using engine,0.0,9.5,174.8,173.0,9179854,UGPS,ADLER,Cargo,0,20.0,127.0,Combined GPS/GLONASS,5.3,TO ORDER,03/02/2025 08:00:00,AIS,POINT (12.675662 55.763595),273414440_0,0 days 00:07:00,-1.7537597228101329e-06,193.65568603738416,0.0,0,4.606633303714981,55.763595,12.675662
2025-02-09 09:43:00,2025-02-09 09:43:00,Class A,273414440_0,55.760952,12.675987,Under way using engine,0.0,9.9,178.2,177.0,9179854,UGPS,ADLER,Cargo,0,20.0,127.0,Combined GPS/GLONASS,5.3,TO ORDER,03/02/2025 08:00:00,AIS,POINT (12.675987 55.760952),273414440_0,0 days 00:01:00,2.1928178080269477e-06,176.0422047957162,0.0,0,4.607860906313252,55.760952,12.675987
2025-02-09 09:44:00,2025-02-09 09:44:00,Class A,273414440_0,55.758238,12.676167,Under way using engine,0.0,9.6,178.1,175.0,9179854,UGPS,ADLER,Cargo,0,20.0,127.0,Combined GPS/GLONASS,5.3,TO ORDER,03/02/2025 08:00:00,AIS,POINT (12.676167 55.758238),273414440_0,0 days 00:01:00,2.0582365630314544e-06,177.86277625676325,0.0,0,4.608978739552831,55.758238,12.676167
2025-02-09 09:45:00,2025-02-09 09:45:00,Class A,273414440_0,55.755592,12.676118,Under way using engine,0.0,9.7,178.6,176.0,9179854,UGPS,ADLER,Cargo,0,20.0,127.0,Combined GPS/GLONASS,5.3,TO ORDER,03/02/2025 08:00:00,AIS,POINT (12.676118 55.755592),273414440_0,0 days 00:01:00,-2.157288838091131e-06,180.59704736533047,0.0,0,4.609859599659083,55.755592,12.676118
2025-02-09 09:46:00,2025-02-09 09:46:00,Class A,273414440_0,55.752878,12.676375,Under way using engine,0.0,9.6,177.4,175.0,9179854,UGPS,ADLER,Cargo,0,20.0,127.0,Combined GPS/GLONASS,5.3,TO ORDER,03/02/2025 08:00:00,AIS,POINT (12.676375 55.752878),273414440_0,0 days 00:01:00,2.2181405057022812e-06,176.949569058439,0.0,0,4.611052209188049,55.752878,12.676375
2025-02-09 09:47:00,2025-02-09 09:47:00,Class A,273414440_0,55.750192,12.676538,Under way using engine,0.0,9.4,178.4,176.0,9179854,UGPS,ADLER,Cargo,0,20.0,127.0,Combined GPS/GLONASS,5.3,TO ORDER,03/02/2025 08:00:00,AIS,POINT (12.676538 55.750192),273414440_0,0 days 00:01:00,-9.369543587967276e-07,178.0438992439773,0.0,0,4.612148277990314,55.750192,12.676538
2025-02-09 09:48:00,2025-02-09 09:48:00,Class A,273414440_0,55.747613,12.67673,Under way using engine,0.0,9.9,176.9,175.0,9179854,UGPS,ADLER,Cargo,0,20.0,127.0,Combined GPS/GLONASS,5.3,TO ORDER,03/02/2025 08:00:00,AIS,POINT (12.67673 55.747613),273414440_0,0 days 00:01:00,-3.28758079751647e-06,177.60059794463518,0.0,0,4.613235137686782,55.747613,12.67673
2025-02-09 09:49:00,2025-02-09 09:49:00,Class A,273414440_0,55.744913,12.677002,Under way using engine,0.0,9.5,178.0,176.0,9179854,UGPS,ADLER,Cargo,0,20.0,127.0,Combined GPS/GLONASS,5.3,TO ORDER,03/02/2025 08:00:00,AIS,POINT (12.677002 55.744913),273414440_0,0 days 00:01:00,3.806553028608258e-06,176.7545307132275,0.0,0,4.614440704546978,55.744913,12.677002
2025-02-09 09:50:00,2025-02-09 09:50:00,Class A,273414440_0,55.742292,12.677168,Under way using engine,0.0,9.4,177.4,175.0,9179854,UGPS,ADLER,Cargo,0,20.0,127.0,Combined GPS/GLONASS,5.3,TO ORDER,03/02/2025 08:00:00,AIS,POINT (12.677168 55.742292),273414440_0,0 days 00:01:00,-2.5262568579087456e-06,177.95815156480012,0.0,0,4.615520490569726,55.742292,12.677168
2025-02-09 09:51:00,2025-02-09 09:51:00,Class A,273414440_0,55.739595,12.67759,Under way using engine,0.0,9.3,174.4,172.0,9179854,UGPS,ADLER,Cargo,0,20.0,127.0,Combined GPS/GLONASS,5.3,TO ORDER,03/02/2025 08:00:00,AIS,POINT (12.67759 55.739595),273414440_0,0 days 00:01:00,2.623021760862953e-06,174.96605493312927,0.0,0,4.616867856595421,55.739595,12.67759
2025-02-09 09:52:00,2025-02-09 09:52:00,Class A,273414440_0,55.736935,12.677972,Under way using engine,0.0,9.3,175.8,174.0,9179854,UGPS,ADLER,Cargo,0,20.0,127.0,Combined GPS/GLONASS,5.3,TO ORDER,03/02/2025 08:00:00,AIS,POINT (12.677972 55.736935),273414440_0,0 days 00:01:00,-1.19908755155493e-06,175.37763625841467,0.0,0,4.6181659371958474,55.736935,12.677972
2025-02-09 09:53:00,2025-02-09 09:53:00,Class A,273414440_0,55.7343,12.678327,Under way using engine,0.0,9.4,175.1,173.0,9179854,UGPS,ADLER,Cargo,0,20.0,127.0,Combined GPS/GLONASS,5.3,TO ORDER,03/02/2025 08:00:00,AIS,POINT (12.678327 55.7343),273414440_0,0 days 00:01:00,-8.076827189776112e-07,175.66217346655753,0.0,0,4.619431108985824,55.7343,12.678327
2025-02-09 09:54:00,2025-02-09 09:54:00,Class A,273414440_0,55.731605,12.678695,Under way using engine,0.0,9.6,176.8,176.0,9179854,UGPS,ADLER,Cargo,0,20.0,127.0,Combined GPS/GLONASS,5.3,TO ORDER,03/02/2025 08:00:00,AIS,POINT (12.678695 55.731605),273414440_0,0 days 00:01:00,1.8675137355254455e-06,175.6033613892398,0.0,0,4.620730909986968,55.731605,12.678695
2025-02-09 09:55:00,2025-02-09 09:55:00,Class A,273414440_0,55.728965,12.678927,Under way using engine,0.0,9.5,176.6,175.0,9179854,UGPS,ADLER,Cargo,0,20.0,127.0,Combined GPS/GLONASS,5.3,TO ORDER,03/02/2025 08:00:00,AIS,POINT (12.678927 55.728965),273414440_0,0 days 00:01:00,-1.8477194566364283e-06,177.16701304550543,0.0,0,4.621885278167448,55.728965,12.678927
2025-02-09 09:56:00,2025-02-09 09:56:00,Class A,273414440_0,55.726298,12.679183,Under way using engine,0.0,9.5,177.1,176.0,9179854,UGPS,ADLER,Cargo,0,20.0,127.0,Combined GPS/GLONASS,5.3,TO ORDER,03/02/2025 08:00:00,AIS,POINT (12.679183 55.726298),273414440_0,0 days 00:01:00,8.555875370973992e-07,176.90586828462722,0.0,0,4.623072914033911,55.726298,12.679183
2025-02-09 09:57:00,2025-02-09 09:57:00,Class A,273414440_0,55.723638,12.6794,Under way using engine,0.0,10.1,176.9,175.0,9179854,UGPS,ADLER,Cargo,0,20.0,127.0,Combined GPS/GLONASS,5.3,TO ORDER,03/02/2025 08:00:00,AIS,POINT (12.6794 55.723638),273414440_0,0 days 00:01:00,-2.5030360608151227e-07,177.3694492532502,0.0,0,4.624222862805489,55.723638,12.6794
2025-02-09 09:58:00,2025-02-09 09:58:00,Class A,273414440_0,55.721005,12.679682,Under way using engine,0.0,9.5,177.5,176.0,9179854,UGPS,ADLER,Cargo,0,20.0,127.0,Combined GPS/GLONASS,5.3,TO ORDER,03/02/2025 08:00:00,AIS,POINT (12.679682 55.721005),273414440_0,0 days 00:01:00,-7.735635017338226e-07,176.5479625568587,0.0,0,4.625425153513566,55.721005,12.679682
2025-02-09 10:12:00,2025-02-09 10:12:00,Class A,273414440_0,55.684327,12.6852,Under way using engine,0.0,9.7,175.2,175.0,9179854,UGPS,ADLER,Cargo,0,20.0,127.0,Combined GPS/GLONASS,5.3,TO ORDER,03/02/2025 08:00:00,AIS,POINT (12.6852 55.684327),273414440_0,0 days 00:14:00,-1.882206482717754e-08,175.1521389605657,0.0,0,4.643778959940707,55.684327,12.6852
2025-02-09 10:13:00,2025-02-09 10:13:00,Class A,273414440_0,55.68167,12.685547,Under way using engine,0.0,9.5,175.9,176.0,9179854,UGPS,ADLER,Cargo,0,20.0,127.0,Combined GPS/GLONASS,5.3,TO ORDER,03/02/2025 08:00:00,AIS,POINT (12.685547 55.68167),273414440_0,0 days 00:01:00,1.079962014971774e-06,175.78890299218756,0.0,0,4.645068101548782,55.68167,12.685547
2025-02-09 10:14:00,2025-02-09 10:14:00,Class A,273414440_0,55.679038,12.685917,Under way using engine,0.0,9.6,175.9,176.0,9179854,UGPS,ADLER,Cargo,0,20.0,127.0,Combined GPS/GLONASS,5.3,TO ORDER,03/02/2025 08:00:00,AIS,POINT (12.685917 55.679038),273414440_0,0 days 00:01:00,-7.402166557747587e-07,175.46812015328533,0.0,0,4.646370745264524,55.679038,12.685917
2025-02-09 10:15:00,2025-02-09 10:15:00,Class A,273414440_0,55.676302,12.686127,Under way using engine,0.0,9.9,178.0,178.0,9179854,UGPS,ADLER,Cargo,0,20.0,127.0,Combined GPS/GLONASS,5.3,TO ORDER,03/02/2025 08:00:00,AIS,POINT (12.686127 55.676302),273414440_0,0 days 00:01:00,3.039513616996337e-06,177.52182411167064,0.0,0,4.647563493148858,55.676302,12.686127
2025-02-09 10:16:00,2025-02-09 10:16:00,Class A,273414440_0,55.673695,12.68637,Under way using engine,0.0,9.8,177.7,177.0,9179854,UGPS,ADLER,Cargo,0,20.0,127.0,Combined GPS/GLONASS,5.3,TO ORDER,03/02/2025 08:00:00,AIS,POINT (12.68637 55.673695),273414440_0,0 days 00:01:00,-3.957349597895069e-06,176.99119122291086,0.0,0,4.648741164571759,55.673695,12.68637
2025-02-09 10:17:00,2025-02-09 10:17:00,Class A,273414440_0,55.670925,12.686433,Under way using engine,0.0,10.0,178.8,178.0,9179854,UGPS,ADLER,Cargo,0,20.0,127.0,Combined GPS/GLONASS,5.3,TO ORDER,03/02/2025 08:00:00,AIS,POINT (12.686433 55.670925),273414440_0,0 days 00:01:00,4.936313112535641e-06,179.26515373067332,0.0,0,4.649812083850809,55.670925,12.686433
2025-02-09 10:18:00,2025-02-09 10:18:00,Class A,273414440_0,55.668137,12.686653,Under way using engine,0.0,10.1,176.7,176.0,9179854,UGPS,ADLER,Cargo,0,20.0,127.0,Combined GPS/GLONASS,5.3,TO ORDER,03/02/2025 08:00:00,AIS,POINT (12.686653 55.668137),273414440_0,0 days 00:01:00,6.352685155053331e-07,177.45179750911836,0.0,0,4.651037092686855,55.668137,12.686653
2025-02-09 10:19:00,2025-02-09 10:19:00,Class A,273414440_0,55.665357,12.686875,Under way using engine,0.0,9.8,178.2,178.0,9179854,UGPS,ADLER,Cargo,0,20.0,127.0,Combined GPS/GLONASS,5.3,TO ORDER,03/02/2025 08:00:00,AIS,POINT (12.686875 55.665357),273414440_0,0 days 00:01:00,-2.456242643319283e-07,177.42109047345093,0.0,0,4.6522623871975455,55.665357,12.686875
2025-02-09 10:20:00,2025-02-09 10:20:00,Class A,273414440_0,55.66258,12.687072,Under way using engine,0.0,9.9,176.6,176.0,9179854,UGPS,ADLER,Cargo,0,20.0,127.0,Combined GPS/GLONASS,5.3,TO ORDER,03/02/2025 08:00:00,AIS,POINT (12.687072 55.66258),273414440_0,0 days 00:01:00,-1.113317223399238e-07,177.70854742478514,0.0,0,4.653464675325365,55.66258,12.687072
2025-02-09 10:21:00,2025-02-09 10:21:00,Class A,273414440_0,55.659868,12.687328,Under way using engine,0.0,9.8,177.5,177.0,9179854,UGPS,ADLER,Cargo,0,20.0,127.0,Combined GPS/GLONASS,5.3,TO ORDER,03/02/2025 08:00:00,AIS,POINT (12.687328 55.659868),273414440_0,0 days 00:01:00,-1.9599600086171644e-06,176.95194652590135,0.0,0,4.654699284386586,55.659868,12.687328
2025-02-09 10:22:00,2025-02-09 10:22:00,Class A,273414440_0,55.657118,12.687513,Under way using engine,0.0,9.7,176.7,176.0,9179854,UGPS,ADLER,Cargo,0,20.0,127.0,Combined GPS/GLONASS,5.3,TO ORDER,03/02/2025 08:00:00,AIS,POINT (12.687513 55.657118),273414440_0,0 days 00:01:00,1.1173307490567035e-06,177.82658121781878,0.0,0,4.655883138180554,55.657118,12.687513
2025-02-09 10:23:00,2025-02-09 10:23:00,Class A,273414440_0,55.654445,12.687723,Under way using engine,0.0,9.9,177.9,177.0,9179854,UGPS,ADLER,Cargo,0,20.0,127.0,Combined GPS/GLONASS,5.3,TO ORDER,03/02/2025 08:00:00,AIS,POINT (12.687723 55.654445),273414440_0,0 days 00:01:00,-2.3613586545709448e-06,177.46207615079834,0.0,0,4.657063173151616,55.654445,12.687723
2025-02-09 10:24:00,2025-02-09 10:24:00,Class A,273414440_0,55.65164,12.687872,Under way using engine,0.0,9.8,177.6,176.0,9179854,UGPS,ADLER,Cargo,0,20.0,127.0,Combined GPS/GLONASS,5.3,TO ORDER,03/02/2025 08:00:00,AIS,POINT (12.687872 55.65164),273414440_0,0 days 00:01:00,4.0398750597466785e-06,178.28329002218686,0.0,0,4.65823649072275,55.65164,12.687872
2025-02-09 10:25:00,2025-02-09 10:25:00,Class A,273414440_0,55.648873,12.688113,Under way using engine,0.0,9.9,177.3,176.0,9179854,UGPS,ADLER,Cargo,0,20.0,127.0,Combined GPS/GLONASS,5.3,TO ORDER,03/02/2025 08:00:00,AIS,POINT (12.688113 55.648873),273414440_0,0 days 00:01:00,-1.1106464213129185e-06,177.18639698832078,0.0,0,4.659482641082483,55.648873,12.688113
2025-02-09 10:26:00,2025-02-09 10:26:00,Class A,273414440_0,55.646235,12.68849,Under way using engine,0.0,9.7,173.4,172.0,9179854,UGPS,ADLER,Cargo,0,20.0,127.0,Combined GPS/GLONASS,5.3,TO ORDER,03/02/2025 08:00:00,AIS,POINT (12.68849 55.646235),273414440_0,0 days 00:01:00,-3.827291258806003e-06,175.38935963489484,0.0,0,4.660808704255519,55.646235,12.68849
2025-02-09 10:27:00,2025-02-09 10:27:00,Class A,273414440_0,55.643582,12.689132,Under way using engine,0.0,9.6,169.7,168.0,9179854,UGPS,ADLER,Cargo,0,20.0,127.0,Combined GPS/GLONASS,5.3,TO ORDER,03/02/2025 08:00:00,AIS,POINT (12.689132 55.643582),273414440_0,0 days 00:01:00,9.62641692363363e-07,172.22352750915502,0.0,0,4.662387603780385,55.643582,12.689132
2025-02-09 10:28:00,2025-02-09 10:28:00,Class A,273414440_0,55.64105,12.690185,Under way using engine,0.0,9.2,162.7,161.0,9179854,UGPS,ADLER,Cargo,0,20.0,127.0,Combined GPS/GLONASS,5.3,TO ORDER,03/02/2025 08:00:00,AIS,POINT (12.690185 55.64105),273414440_0,0 days 00:01:00,-2.3700286835363384e-06,166.79113274841848,0.0,0,4.6643043451509465,55.64105,12.690185
2025-02-09 10:29:00,2025-02-09 10:29:00,Class A,273414440_0,55.638637,12.691838,Under way using engine,0.0,8.9,153.7,153.0,9179854,UGPS,ADLER,Cargo,0,20.0,127.0,Combined GPS/GLONASS,5.3,TO ORDER,03/02/2025 08:00:00,AIS,POINT (12.691838 55.638637),273414440_0,0 days 00:01:00,-4.1131887139662174e-07,158.86124666578758,0.0,0,4.666734825027452,55.638637,12.691838
2025-02-09 10:33:11,2025-02-09 10:33:11,Class A,273414440_0,55.628698,12.69503,Under way using engine,0.0,8.7,178.2,178.0,9179854,UGPS,ADLER,Cargo,0,20.0,127.0,Combined GPS/GLONASS,5.3,TO ORDER,03/02/2025 08:00:00,AIS,POINT (12.69503 55.628698),273414440_0,0 days 00:04:11,-1.2793269950188795e-06,169.72321432091474,0.0,0,4.673395835350671,55.628698,12.69503
2025-02-09 10:43:00,2025-02-09 10:43:00,Class A,273414440_0,55.604125,12.697233,Under way using engine,0.0,8.8,175.9,176.0,9179854,UGPS,ADLER,Cargo,0,20.0,127.0,Combined GPS/GLONASS,5.3,TO ORDER,03/02/2025 08:00:00,AIS,POINT (12.697233 55.604125),273414440_0,0 days 00:09:49,2.887551782110175e-07,177.1007488783182,0.0,0,4.6846545037094245,55.604125,12.697233
2025-02-09 10:46:04,2025-02-09 10:46:04,Class A,273414440_0,55.596312,12.698817,Under way using engine,0.0,9.0,174.1,174.0,9179854,UGPS,ADLER,Cargo,0,20.0,127.0,Combined GPS/GLONASS,5.3,TO ORDER,03/02/2025 08:00:00,AIS,POINT (12.698817 55.596312),273414440_0,0 days 00:03:04,5.851956583270768e-07,173.46515099134626,0.0,0,4.6890735317341745,55.596312,12.698817
2025-02-09 11:05:01,2025-02-09 11:05:01,Class A,273414440_0,55.546867,12.70459,Under way using engine,0.0,9.5,195.5,197.0,9179854,UGPS,ADLER,Cargo,0,20.0,127.0,Combined GPS/GLONASS,5.3,TO ORDER,03/02/2025 08:00:00,AIS,POINT (12.70459 55.546867),273414440_0,0 days 00:18:57,8.238111872191614e-08,176.22094399149387,0.0,0,4.7133357336188135,55.546867,12.70459
2025-02-09 11:53:05,2025-02-09 11:53:05,Class A,273414440_0,55.412252,12.651718,Under way using engine,0.0,10.5,190.3,189.0,9179854,UGPS,ADLER,Cargo,0,20.0,127.0,Combined GPS/GLONASS,5.3,TO ORDER,03/02/2025 08:00:00,AIS,POINT (12.651718 55.412252),273414440_0,0 days 00:48:04,1.6370412257016587e-07,192.57011221154195,0.0,0,4.718909332145405,55.412252,12.651718
2025-02-09 11:54:04,2025-02-09 11:54:04,Class A,273414440_0,55.409415,12.650923,Under way using engine,0.0,10.6,189.4,188.0,9179854,UGPS,ADLER,Cargo,0,20.0,127.0,Combined GPS/GLONASS,5.3,TO ORDER,03/02/2025 08:00:00,AIS,POINT (12.650923 55.409415),273414440_0,0 days 00:00:59,1.6375677791829694e-06,189.03924132658838,0.0,0,4.719364789272492,55.409415,12.650923
2025-02-09 11:55:04,2025-02-09 11:55:04,Class A,273414440_0,55.406553,12.650025,Under way using engine,0.0,10.7,189.7,189.0,9179854,UGPS,ADLER,Cargo,0,20.0,127.0,Combined GPS/GLONASS,5.3,TO ORDER,03/02/2025 08:00:00,AIS,POINT (12.650025 55.406553),273414440_0,0 days 00:01:00,-4.4138592494292623e-07,190.10077379585104,0.0,0,4.719738797871444,55.406553,12.650025
2025-02-09 11:56:04,2025-02-09 11:56:04,Class A,273414440_0,55.403663,12.649205,Under way using engine,0.0,10.7,188.6,188.0,9179854,UGPS,ADLER,Cargo,0,20.0,127.0,Combined GPS/GLONASS,5.3,TO ORDER,03/02/2025 08:00:00,AIS,POINT (12.649205 55.403663),273414440_0,0 days 00:01:00,6.238420931258734e-07,189.1519148692678,0.0,0,4.720197254767326,55.403663,12.649205
2025-02-09 12:13:04,2025-02-09 12:13:04,Class A,273414440_0,55.355195,12.635275,Under way using engine,0.0,10.6,187.4,185.0,9179854,UGPS,ADLER,Cargo,0,20.0,127.0,Combined GPS/GLONASS,5.3,TO ORDER,03/02/2025 08:00:00,AIS,POINT (12.635275 55.355195),273414440_0,0 days 00:17:00,-6.995271073925245e-08,189.27952758883873,0.0,0,4.728002959234374,55.355195,12.635275
2025-02-09 12:23:05,2025-02-09 12:23:05,Class A,273414440_0,55.326633,12.630377,Under way using engine,0.0,10.3,181.8,179.0,9179854,UGPS,ADLER,Cargo,0,20.0,127.0,Combined GPS/GLONASS,5.3,TO ORDER,03/02/2025 08:00:00,AIS,POINT (12.630377 55.326633),273414440_0,0 days 00:10:01,-7.39871378212785e-08,185.57206282048296,0.0,0,4.735834618768374,55.326633,12.630377
2025-02-09 12:33:01,2025-02-09 12:33:01,Class A,273414440_0,55.29976,12.63482,Under way using engine,0.2,8.9,140.1,137.0,9179854,UGPS,ADLER,Cargo,0,20.0,127.0,Combined GPS/GLONASS,5.3,TO ORDER,03/02/2025 08:00:00,AIS,POINT (12.63482 55.29976),273414440_0,0 days 00:09:56,-4.5985892358897303e-07,174.62306553461758,0.0,0,4.751497153835726,55.29976,12.63482
2025-02-09 12:46:00,2025-02-09 12:46:00,Class A,273414440_0,55.285527,12.688298,Under way using engine,0.0,9.6,113.7,113.0,9179854,UGPS,ADLER,Cargo,0,20.0,127.0,Combined GPS/GLONASS,5.3,TO ORDER,03/02/2025 08:00:00,AIS,POINT (12.688298 55.285527),273414440_0,0 days 00:12:59,-2.95015010785649e-07,115.0307449847478,0.0,0,4.805841716659423,55.285527,12.688298
2025-02-09 13:22:04,2025-02-09 13:22:04,Class A,273414440_0,55.25048,12.84306,Under way using engine,0.0,9.4,111.3,110.0,9179854,UGPS,ADLER,Cargo,0,20.0,127.0,Combined GPS/GLONASS,5.3,TO ORDER,03/02/2025 08:00:00,AIS,POINT (12.84306 55.25048),273414440_0,0 days 00:36:04,3.623497583671382e-08,111.61302708890986,0.0,0,4.960606143675285,55.25048,12.84306
2025-02-09 13:27:05,2025-02-09 13:27:05,Class A,273414440_0,55.245473,12.864212,Under way using engine,0.0,9.8,112.1,111.0,9179854,UGPS,ADLER,Cargo,0,20.0,127.0,Combined GPS/GLONASS,5.3,TO ORDER,03/02/2025 08:00:00,AIS,POINT (12.864212 55.245473),273414440_0,0 days 00:05:01,-1.7557405678269891e-07,112.54300733465556,0.0,0,4.981870199244458,55.245473,12.864212
2025-02-09 13:37:04,2025-02-09 13:37:04,Class A,273414440_0,55.235387,12.906747,Under way using engine,0.0,9.5,111.3,109.0,9179854,UGPS,ADLER,Cargo,0,20.0,127.0,Combined GPS/GLONASS,5.3,TO ORDER,03/02/2025 08:00:00,AIS,POINT (12.906747 55.235387),273414440_0,0 days 00:09:59,8.814672992996912e-08,112.56526478154149,0.0,0,5.0246501374150405,55.235387,12.906747
2025-02-09 13:41:05,2025-02-09 13:41:05,Class A,273414440_0,55.231725,12.923925,Under way using engine,0.0,9.3,109.8,107.0,9179854,UGPS,ADLER,Cargo,0,20.0,127.0,Combined GPS/GLONASS,5.3,TO ORDER,03/02/2025 08:00:00,AIS,POINT (12.923925 55.231725),273414440_0,0 days 00:04:01,-2.0934510282743705e-07,110.49104287217517,0.0,0,5.041757044764158,55.231725,12.923925
2025-02-09 14:09:01,2025-02-09 14:09:01,Class A,273414440_0,55.207077,13.040008,Under way using engine,0.4,8.9,102.5,98.0,9179854,UGPS,ADLER,Cargo,0,20.0,127.0,Combined GPS/GLONASS,5.3,TO ORDER,03/02/2025 08:00:00,AIS,POINT (13.040008 55.207077),273414440_0,0 days 00:27:56,-8.21711353589283e-08,110.36888883416742,0.0,0,5.1573988189187014,55.207077,13.040008
2025-02-09 15:03:04,2025-02-09 15:03:04,Class A,273414440_0,55.191862,13.271737,Under way using engine,0.0,8.5,103.7,101.0,9179854,UGPS,ADLER,Cargo,0,20.0,127.0,Combined GPS/GLONASS,5.3,TO ORDER,03/02/2025 08:00:00,AIS,POINT (13.271737 55.191862),273414440_0,0 days 00:54:03,-3.776982371209591e-08,96.46758825702761,0.0,0,5.374769013880503,55.191862,13.271737
2025-02-09 15:42:04,2025-02-09 15:42:04,Class A,273414440_0,55.182865,13.433508,Under way using engine,0.0,8.6,93.0,92.0,9179854,UGPS,ADLER,Cargo,0,20.0,127.0,Combined GPS/GLONASS,5.3,TO ORDER,03/02/2025 08:00:00,AIS,POINT (13.433508 55.182865),273414440_0,0 days 00:39:00,-6.652143613357605e-08,95.49769416811495,0.0,0,5.526588913262864,55.182865,13.433508
2025-02-09 17:00:04,2025-02-09 17:00:04,Class A,273414440_0,55.17282,13.747668,Under way using engine,0.0,8.2,93.5,91.0,9179854,UGPS,ADLER,Cargo,0,20.0,127.0,Combined GPS/GLONASS,5.3,TO ORDER,03/02/2025 08:00:00,AIS,POINT (13.747668 55.17282),273414440_0,0 days 01:18:00,-3.0076612526060175e-08,93.07589756031888,78.0,1,5.820185032035065,55.17282,13.747668
2025-02-09 18:10:00,2025-02-09 18:10:00,Class A,273414440_0,55.161485,14.019305,Under way using engine,0.0,7.4,93.4,90.0,9179854,UGPS,ADLER,Cargo,0,20.0,127.0,Combined GPS/GLONASS,5.3,TO ORDER,03/02/2025 08:00:00,AIS,POINT (14.019305 55.161485),273414440_0,0 days 01:09:56,-3.502280106854016e-08,94.06689152034392,70.0,1,6.076676478581774,55.161485,14.019305
2025-02-09 18:54:05,2025-02-09 18:54:05,Class A,273414440_0,55.15818,14.184173,Under way using engine,0.0,8.0,92.2,91.0,9179854,UGPS,ADLER,Cargo,0,20.0,127.0,Combined GPS/GLONASS,5.3,TO ORDER,03/02/2025 08:00:00,AIS,POINT (14.184173 55.15818),273414440_0,0 days 00:44:05,-6.089221328015568e-08,91.94200584221954,0.0,0,6.231717464411395,55.15818,14.184173
2025-02-09 18:58:01,2025-02-09 18:58:01,Class A,273414440_0,55.157715,14.198977,Under way using engine,0.0,8.1,94.0,90.0,9179854,UGPS,ADLER,Cargo,0,20.0,127.0,Combined GPS/GLONASS,5.3,TO ORDER,03/02/2025 08:00:00,AIS,POINT (14.198977 55.157715),273414440_0,0 days 00:03:56,1.23149022175887e-07,93.14082562756084,0.0,0,6.245723404653858,55.157715,14.198977
2025-02-09 19:58:04,2025-02-09 19:58:04,Class A,273414440_0,55.210035,14.389388,Under way using engine,0.0,7.3,37.7,44.0,9179854,UGPS,ADLER,Cargo,0,20.0,127.0,Combined GPS/GLONASS,5.3,TO ORDER,03/02/2025 08:00:00,AIS,POINT (14.389388 55.210035),273414440_0,0 days 01:00:03,-7.493702026524355e-08,64.22210804558478,60.0,1,6.406288006209214,55.210035,14.389388
2025-02-09 19:59:04,2025-02-09 19:59:04,Class A,273414440_0,55.211708,14.39166,Under way using engine,0.0,7.9,36.6,44.0,9179854,UGPS,ADLER,Cargo,0,20.0,127.0,Combined GPS/GLONASS,5.3,TO ORDER,03/02/2025 08:00:00,AIS,POINT (14.39166 55.211708),273414440_0,0 days 00:01:00,3.2617036658356447e-06,37.76902116683709,0.0,0,6.4078627995653115,55.211708,14.39166
2025-02-09 20:01:04,2025-02-09 20:01:04,Class A,273414440_0,55.215168,14.39618,Under way using engine,0.0,8.0,36.8,43.0,9179854,UGPS,ADLER,Cargo,0,20.0,127.0,Combined GPS/GLONASS,5.3,TO ORDER,03/02/2025 08:00:00,AIS,POINT (14.39618 55.215168),273414440_0,0 days 00:02:00,6.361119811071882e-07,36.69548498462905,0.0,0,6.410954006955048,55.215168,14.39618
2025-02-09 20:04:04,2025-02-09 20:04:04,Class A,273414440_0,55.22062,14.403512,Under way using engine,0.0,8.4,37.7,43.0,9179854,UGPS,ADLER,Cargo,0,20.0,127.0,Combined GPS/GLONASS,5.3,TO ORDER,03/02/2025 08:00:00,AIS,POINT (14.403512 55.22062),273414440_0,0 days 00:03:00,1.3715686985735742e-06,37.49119841246164,0.0,0,6.416029717420346,55.22062,14.403512
2025-02-09 20:42:03,2025-02-09 20:42:03,Class A,273414440_0,55.288912,14.495607,Under way using engine,0.0,7.6,39.3,46.0,9179854,UGPS,ADLER,Cargo,0,20.0,127.0,Combined GPS/GLONASS,5.3,TO ORDER,03/02/2025 08:00:00,AIS,POINT (14.495607 55.288912),273414440_0,0 days 00:37:59,-1.864103686423963e-08,37.507167556457375,0.0,0,6.48060343814756,55.288912,14.495607
2025-02-09 20:44:03,2025-02-09 20:44:03,Class A,273414440_0,55.292303,14.50047,Under way using engine,0.0,8.2,37.7,45.0,9179854,UGPS,ADLER,Cargo,0,20.0,127.0,Combined GPS/GLONASS,5.3,TO ORDER,03/02/2025 08:00:00,AIS,POINT (14.50047 55.292303),273414440_0,0 days 00:02:00,-1.2147572075721181e-06,39.232783754890534,0.0,0,6.48412064344025,55.292303,14.50047
2025-02-09 20:46:05,2025-02-09 20:46:05,Class A,273414440_0,55.295773,14.50536,Under way using engine,0.0,8.1,38.8,45.0,9179854,UGPS,ADLER,Cargo,0,20.0,127.0,Combined GPS/GLONASS,5.3,TO ORDER,03/02/2025 08:00:00,AIS,POINT (14.50536 55.295773),273414440_0,0 days 00:02:02,-1.5865772012429717e-08,38.74021361943221,0.0,0,6.487641665579874,55.295773,14.50536
2025-02-09 20:47:05,2025-02-09 20:47:05,Class A,273414440_0,55.297503,14.507912,Under way using engine,0.0,8.6,40.3,46.0,9179854,UGPS,ADLER,Cargo,0,20.0,127.0,Combined GPS/GLONASS,5.3,TO ORDER,03/02/2025 08:00:00,AIS,POINT (14.507912 55.297503),273414440_0,0 days 00:01:00,2.207070447155926e-06,40.02385936034932,0.0,0,6.4895065248214365,55.297503,14.507912
2025-02-09 20:48:05,2025-02-09 20:48:05,Class A,273414440_0,55.299178,14.510227,Under way using engine,0.0,8.5,38.5,45.0,9179854,UGPS,ADLER,Cargo,0,20.0,127.0,Combined GPS/GLONASS,5.3,TO ORDER,03/02/2025 08:00:00,AIS,POINT (14.510227 55.299178),273414440_0,0 days 00:01:00,-3.961634982834654e-06,38.19571463633696,0.0,0,6.491165269592973,55.299178,14.510227
2025-02-09 21:10:00,2025-02-09 21:10:00,Class A,273414440_0,55.335103,14.562078,Under way using engine,0.0,6.9,38.7,46.0,9179854,UGPS,ADLER,Cargo,0,20.0,127.0,Combined GPS/GLONASS,5.3,TO ORDER,03/02/2025 08:00:00,AIS,POINT (14.562078 55.335103),273414440_0,0 days 00:21:55,-1.4266024083329938e-08,39.374712761089086,0.0,0,6.5290309872066015,55.335103,14.562078
2025-02-09 21:35:05,2025-02-09 21:35:05,Class A,273414440_0,55.375273,14.619217,Under way using engine,0.0,7.8,40.7,46.0,9179854,UGPS,ADLER,Cargo,0,20.0,127.0,Combined GPS/GLONASS,5.3,TO ORDER,03/02/2025 08:00:00,AIS,POINT (14.619217 55.375273),273414440_0,0 days 00:25:05,-7.60362753069723e-08,38.93665613425071,0.0,0,6.571030474749376,55.375273,14.619217
2025-02-09 21:36:05,2025-02-09 21:36:05,Class A,273414440_0,55.376892,14.621553,Under way using engine,0.0,8.0,38.9,45.0,9179854,UGPS,ADLER,Cargo,0,20.0,127.0,Combined GPS/GLONASS,5.3,TO ORDER,03/02/2025 08:00:00,AIS,POINT (14.621553 55.376892),273414440_0,0 days 00:01:00,1.0530881618805867e-06,39.34455995864033,0.0,0,6.572764670166886,55.376892,14.621553
2025-02-09 21:43:04,2025-02-09 21:43:04,Class A,273414440_0,55.388232,14.63844,Under way using engine,-1.1,7.2,36.1,46.0,9179854,UGPS,ADLER,Cargo,0,20.0,127.0,Combined GPS/GLONASS,5.3,TO ORDER,03/02/2025 08:00:00,AIS,POINT (14.63844 55.388232),273414440_0,0 days 00:06:59,1.487124714077487e-07,40.223587761259125,0.0,0,6.585433654642113,55.388232,14.63844
2025-02-09 21:44:04,2025-02-09 21:44:04,Class A,273414440_0,55.38979,14.641082,Under way using engine,0.0,7.4,48.6,54.0,9179854,UGPS,ADLER,Cargo,0,20.0,127.0,Combined GPS/GLONASS,5.3,TO ORDER,03/02/2025 08:00:00,AIS,POINT (14.641082 55.38979),273414440_0,0 days 00:01:00,1.1290819664117712e-06,43.92493241288662,0.0,0,6.587484236996778,55.38979,14.641082
2025-02-09 21:49:05,2025-02-09 21:49:05,Class A,273414440_0,55.396957,14.656228,Under way using engine,0.0,8.6,52.8,58.0,9179854,UGPS,ADLER,Cargo,0,20.0,127.0,Combined GPS/GLONASS,5.3,TO ORDER,03/02/2025 08:00:00,AIS,POINT (14.656228 55.396957),273414440_0,0 days 00:05:01,4.2702368361049216e-07,50.193448079078394,0.0,0,6.5997826906121695,55.396957,14.656228
2025-02-09 22:22:00,2025-02-09 22:22:00,Class A,273414440_0,55.431277,14.777312,Under way using engine,0.0,8.7,66.5,69.0,9179854,UGPS,ADLER,Cargo,0,20.0,127.0,Combined GPS/GLONASS,5.3,TO ORDER,03/02/2025 08:00:00,AIS,POINT (14.777312 55.431277),273414440_0,0 days 00:32:55,9.700860931856322e-08,63.41587755320387,0.0,0,6.70540888589801,55.431277,14.777312
2025-02-09 23:29:00,2025-02-09 23:29:00,Class A,273414440_0,55.497408,15.032192,Under way using engine,0.0,22.7,118.1,68.0,9179854,UGPS,ADLER,Cargo,0,20.0,127.0,Combined GPS/GLONASS,5.3,TO ORDER,03/02/2025 08:00:00,AIS,POINT (15.032192 55.497408),273414440_0,0 days 01:07:00,1.7586126395980005e-08,65.30311313268498,67.0,1,6.931608725746498,55.497408,15.032192
2025-02-09 23:30:00,2025-02-09 23:30:00,Class A,273414440_0,55.498498,15.036195,Under way using engine,0.0,21.8,117.3,69.0,9179854,UGPS,ADLER,Cargo,0,20.0,127.0,Combined GPS/GLONASS,5.3,TO ORDER,03/02/2025 08:00:00,AIS,POINT (15.036195 55.498498),273414440_0,0 days 00:01:00,4.460075099802169e-06,64.32392317917521,0.0,0,6.935168312842738,55.498498,15.036195
2025-02-09 23:31:00,2025-02-09 23:31:00,Class A,273414440_0,55.49949,15.040085,Under way using engine,0.0,22.6,120.5,69.0,9179854,UGPS,ADLER,Cargo,0,20.0,127.0,Combined GPS/GLONASS,5.3,TO ORDER,03/02/2025 08:00:00,AIS,POINT (15.040085 55.49949),273414440_0,0 days 00:01:00,-3.0775655018298095e-06,65.76026085594083,0.0,0,6.9386461807757565,55.49949,15.040085
2025-02-09 23:32:00,2025-02-09 23:32:00,Class A,273414440_0,55.500308,15.044247,Under way using engine,0.0,23.1,137.9,69.0,9179854,UGPS,ADLER,Cargo,0,20.0,127.0,Combined GPS/GLONASS,5.3,TO ORDER,03/02/2025 08:00:00,AIS,POINT (15.044247 55.500308),273414440_0,0 days 00:01:00,2.4542585223903565e-06,70.86181268201517,0.0,0,6.942433457197124,55.500308,15.044247
2025-02-09 23:33:00,2025-02-09 23:33:00,Class A,273414440_0,55.501382,15.047995,Under way using engine,0.0,22.9,136.8,68.0,9179854,UGPS,ADLER,Cargo,0,20.0,127.0,Combined GPS/GLONASS,5.3,TO ORDER,03/02/2025 08:00:00,AIS,POINT (15.047995 55.501382),273414440_0,0 days 00:01:00,-3.6162004253871156e-06,63.162474454821734,0.0,0,6.945753621813691,55.501382,15.047995
2025-02-09 23:34:00,2025-02-09 23:34:00,Class A,273414440_0,55.502432,15.05179,Under way using engine,0.0,23.2,130.1,69.0,9179854,UGPS,ADLER,Cargo,0,20.0,127.0,Combined GPS/GLONASS,5.3,TO ORDER,03/02/2025 08:00:00,AIS,POINT (15.05179 55.502432),273414440_0,0 days 00:01:00,4.076289672828396e-07,63.96261714893075,0.0,0,6.949126110554694,55.502432,15.05179
2025-02-09 23:35:00,2025-02-09 23:35:00,Class A,273414440_0,55.503435,15.055822,Under way using engine,0.0,26.6,147.8,69.0,9179854,UGPS,ADLER,Cargo,0,20.0,127.0,Combined GPS/GLONASS,5.3,TO ORDER,03/02/2025 08:00:00,AIS,POINT (15.055822 55.503435),273414440_0,0 days 00:01:00,3.1643964861229577e-06,66.28616898898645,0.0,0,6.952740107164654,55.503435,15.055822
2025-02-09 23:36:00,2025-02-09 23:36:00,Class A,273414440_0,55.50452,15.059452,Under way using engine,0.0,22.7,135.4,69.0,9179854,UGPS,ADLER,Cargo,0,20.0,127.0,Combined GPS/GLONASS,5.3,TO ORDER,03/02/2025 08:00:00,AIS,POINT (15.059452 55.50452),273414440_0,0 days 00:01:00,-5.261664307817605e-06,62.175069096236484,0.0,0,6.955945448732401,55.50452,15.059452
2025-02-09 23:37:00,2025-02-09 23:37:00,Class A,273414440_0,55.505582,15.063397,Under way using engine,0.0,22.9,134.4,68.0,9179854,UGPS,ADLER,Cargo,0,20.0,127.0,Combined GPS/GLONASS,5.3,TO ORDER,03/02/2025 08:00:00,AIS,POINT (15.063397 55.505582),273414440_0,0 days 00:01:00,4.6261027714336026e-06,64.57472135133378,0.0,0,6.959461011323364,55.505582,15.063397
2025-02-09 23:38:00,2025-02-09 23:38:00,Class A,273414440_0,55.506477,15.067557,Under way using engine,0.0,21.9,132.7,69.0,9179854,UGPS,ADLER,Cargo,0,20.0,127.0,Combined GPS/GLONASS,5.3,TO ORDER,03/02/2025 08:00:00,AIS,POINT (15.067557 55.506477),273414440_0,0 days 00:01:00,1.447845487148935e-06,69.19655010489367,0.0,0,6.96322906680263,55.506477,15.067557
2025-02-09 23:39:00,2025-02-09 23:39:00,Class A,273414440_0,55.507408,15.071653,Under way using engine,0.0,21.4,128.9,69.0,9179854,UGPS,ADLER,Cargo,0,20.0,127.0,Combined GPS/GLONASS,5.3,TO ORDER,03/02/2025 08:00:00,AIS,POINT (15.071653 55.507408),273414440_0,0 days 00:01:00,-6.439047977696912e-07,68.12956840162633,0.0,0,6.966926384772125,55.507408,15.071653
2025-02-09 23:40:00,2025-02-09 23:40:00,Class A,273414440_0,55.508493,15.075455,Under way using engine,0.0,21.1,133.1,68.0,9179854,UGPS,ADLER,Cargo,0,20.0,127.0,Combined GPS/GLONASS,5.3,TO ORDER,03/02/2025 08:00:00,AIS,POINT (15.075455 55.508493),273414440_0,0 days 00:01:00,-2.7515127713895395e-06,63.253151902884326,0.0,0,6.970299809053625,55.508493,15.075455
2025-02-09 23:41:00,2025-02-09 23:41:00,Class A,273414440_0,55.509237,15.079675,Under way using engine,0.0,22.2,130.4,69.0,9179854,UGPS,ADLER,Cargo,0,20.0,127.0,Combined GPS/GLONASS,5.3,TO ORDER,03/02/2025 08:00:00,AIS,POINT (15.079675 55.509237),273414440_0,0 days 00:01:00,2.8647486449187056e-06,72.70498140945347,0.0,0,6.974167712383536,55.509237,15.079675
2025-02-09 23:42:00,2025-02-09 23:42:00,Class A,273414440_0,55.510493,15.083067,Under way using engine,0.0,20.9,133.4,68.0,9179854,UGPS,ADLER,Cargo,0,20.0,127.0,Combined GPS/GLONASS,5.3,TO ORDER,03/02/2025 08:00:00,AIS,POINT (15.083067 55.510493),273414440_0,0 days 00:01:00,-6.473417816427026e-06,56.8177328836432,0.0,0,6.9771015351078995,55.510493,15.083067
2025-02-09 23:43:00,2025-02-09 23:43:00,Class A,273414440_0,55.511285,15.087413,Under way using engine,0.0,21.4,132.0,69.0,9179854,UGPS,ADLER,Cargo,0,20.0,127.0,Combined GPS/GLONASS,5.3,TO ORDER,03/02/2025 08:00:00,AIS,POINT (15.087413 55.511285),273414440_0,0 days 00:01:00,9.025512896051416e-06,72.15843667401566,0.0,0,6.981079139798158,55.511285,15.087413
2025-02-09 23:44:00,2025-02-09 23:44:00,Class A,273414440_0,55.512492,15.091092,Under way using engine,0.0,18.9,132.0,69.0,9179854,UGPS,ADLER,Cargo,0,20.0,127.0,Combined GPS/GLONASS,5.3,TO ORDER,03/02/2025 08:00:00,AIS,POINT (15.091092 55.512492),273414440_0,0 days 00:01:00,-5.529645508641875e-06,59.91036058729071,0.0,0,6.98430387540555,55.512492,15.091092
2025-02-09 23:46:00,2025-02-09 23:46:00,Class A,273414440_0,55.514355,15.099068,Under way using engine,0.0,22.3,129.4,69.0,9179854,UGPS,ADLER,Cargo,0,20.0,127.0,Combined GPS/GLONASS,5.3,TO ORDER,03/02/2025 08:00:00,AIS,POINT (15.099068 55.514355),273414440_0,0 days 00:02:00,5.515965139386442e-07,67.57945797443585,0.0,0,6.991497460265576,55.514355,15.099068
2025-02-09 23:47:00,2025-02-09 23:47:00,Class A,273414440_0,55.515403,15.103035,Under way using engine,0.0,22.7,133.2,68.0,9179854,UGPS,ADLER,Cargo,0,20.0,127.0,Combined GPS/GLONASS,5.3,TO ORDER,03/02/2025 08:00:00,AIS,POINT (15.103035 55.515403),273414440_0,0 days 00:01:00,1.1068404406531629e-06,64.98509037226228,0.0,0,6.995043916650774,55.515403,15.103035
2025-02-09 23:48:00,2025-02-09 23:48:00,Class A,273414440_0,55.51624,15.107225,Under way using engine,0.0,22.6,129.0,69.0,9179854,UGPS,ADLER,Cargo,0,20.0,127.0,Combined GPS/GLONASS,5.3,TO ORDER,03/02/2025 08:00:00,AIS,POINT (15.107225 55.51624),273414440_0,0 days 00:01:00,1.159824097193681e-06,70.56421551487324,0.0,0,6.99886193126811,55.51624,15.107225
2025-02-09 23:49:00,2025-02-09 23:49:00,Class A,273414440_0,55.517162,15.111153,Under way using engine,0.0,17.5,129.2,68.0,9179854,UGPS,ADLER,Cargo,0,20.0,127.0,Combined GPS/GLONASS,5.3,TO ORDER,03/02/2025 08:00:00,AIS,POINT (15.111153 55.517162),273414440_0,0 days 00:01:00,-3.357316219619831e-06,67.48012128125595,0.0,0,7.002405315909241,55.517162,15.111153
2025-02-09 23:50:00,2025-02-09 23:50:00,Class A,273414440_0,55.518103,15.11526,Under way using engine,0.0,20.8,131.2,68.0,9179854,UGPS,ADLER,Cargo,0,20.0,127.0,Combined GPS/GLONASS,5.3,TO ORDER,03/02/2025 08:00:00,AIS,POINT (15.11526 55.518103),273414440_0,0 days 00:01:00,3.1281826040921906e-06,67.96520976027648,0.0,0,7.006116829981354,55.518103,15.11526
2025-02-09 23:51:00,2025-02-09 23:51:00,Class A,273414440_0,55.519038,15.11932,Under way using engine,0.0,20.1,135.4,69.0,9179854,UGPS,ADLER,Cargo,0,20.0,127.0,Combined GPS/GLONASS,5.3,TO ORDER,03/02/2025 08:00:00,AIS,POINT (15.11932 55.519038),273414440_0,0 days 00:01:00,-8.356184556432943e-07,67.86268736989865,0.0,0,7.009785167562055,55.519038,15.11932
2025-02-09 23:52:00,2025-02-09 23:52:00,Class A,273414440_0,55.520152,15.123402,Under way using engine,0.0,15.8,123.6,69.0,9179854,UGPS,ADLER,Cargo,0,20.0,127.0,Combined GPS/GLONASS,5.3,TO ORDER,03/02/2025 08:00:00,AIS,POINT (15.123402 55.520152),273414440_0,0 days 00:01:00,2.5944348791323913e-06,64.26149971307274,0.0,0,7.013428031627971,55.520152,15.123402
2025-02-09 23:53:00,2025-02-09 23:53:00,Class A,273414440_0,55.521128,15.127415,Under way using engine,0.0,17.9,129.3,69.0,9179854,UGPS,ADLER,Cargo,0,20.0,127.0,Combined GPS/GLONASS,5.3,TO ORDER,03/02/2025 08:00:00,AIS,POINT (15.127415 55.521128),273414440_0,0 days 00:01:00,-2.8706687190143924e-06,66.74921658336791,0.0,0,7.017041383490481,55.521128,15.127415
2025-02-09 23:54:00,2025-02-09 23:54:00,Class A,273414440_0,55.522007,15.131382,Under way using engine,0.0,9.4,190.2,69.0,9179854,UGPS,ADLER,Cargo,0,20.0,127.0,Combined GPS/GLONASS,5.3,TO ORDER,03/02/2025 08:00:00,AIS,POINT (15.131382 55.522007),273414440_0,0 days 00:01:00,-1.8854532991234198e-06,68.62228324507987,0.0,0,7.020636480331395,55.522007,15.131382
2025-02-09 23:55:00,2025-02-09 23:55:00,Class A,273414440_0,55.52325,15.135067,Under way using engine,0.0,13.0,268.2,68.0,9179854,UGPS,ADLER,Cargo,0,20.0,127.0,Combined GPS/GLONASS,5.3,TO ORDER,03/02/2025 08:00:00,AIS,POINT (15.135067 55.52325),273414440_0,0 days 00:01:00,4.953995651355737e-07,59.20881740126828,0.0,0,7.023864243789596,55.52325,15.135067
2025-02-09 23:56:00,2025-02-09 23:56:00,Class A,273414440_0,55.52415,15.139107,Under way using engine,0.0,6.6,268.7,69.0,9179854,UGPS,ADLER,Cargo,0,20.0,127.0,Combined GPS/GLONASS,5.3,TO ORDER,03/02/2025 08:00:00,AIS,POINT (15.139107 55.52415),273414440_0,0 days 00:01:00,9.304405539285511e-07,68.51645479170213,0.0,0,7.027525348179542,55.52415,15.139107
2025-02-09 23:57:00,2025-02-09 23:57:00,Class A,273414440_0,55.525185,15.143018,Under way using engine,0.0,15.0,273.8,69.0,9179854,UGPS,ADLER,Cargo,0,20.0,127.0,Combined GPS/GLONASS,5.3,TO ORDER,03/02/2025 08:00:00,AIS,POINT (15.143018 55.525185),273414440_0,0 days 00:01:00,-4.3516818232766074e-07,64.94153637145246,0.0,0,7.0310270609136465,55.525185,15.143018
2025-02-09 23:58:00,2025-02-09 23:58:00,Class A,273414440_0,55.526362,15.147163,Under way using engine,0.0,13.5,276.0,68.0,9179854,UGPS,ADLER,Cargo,0,20.0,127.0,Combined GPS/GLONASS,5.3,TO ORDER,03/02/2025 08:00:00,AIS,POINT (15.147163 55.526362),273414440_0,0 days 00:01:00,5.605982367679613e-06,63.35726472995543,0.0,0,7.0347179208745825,55.526362,15.147163
2025-02-09 23:59:00,2025-02-09 23:59:00,Class A,273414440_0,55.5271,15.150758,Under way using engine,0.0,11.8,261.8,69.0,9179854,UGPS,ADLER,Cargo,0,20.0,127.0,Combined GPS/GLONASS,5.3,TO ORDER,03/02/2025 08:00:00,AIS,POINT (15.150758 55.5271),273414440_0,0 days 00:01:00,-1.4249013537407556e-05,70.063789175561,0.0,0,7.037993716154129,55.5271,15.150758
