t,TS,Type of mobile,MMSI,Latitude,Longitude,Navigational status,ROT,SOG,COG,Heading,IMO,Callsign,Name,Ship type,Cargo type,Width,Length,Type of position fixing device,Draught,Destination,ETA,Data source type,geometry,traj_id,timedelta,acceleration,direction,oft_minutes60,oft_dummy60,haus_dist_a,lat,lon
2025-02-01 08:28:04,2025-02-01 08:28:04,Class A,314839000_2,55.806233,16.603217,Under way using engine,0.0,12.4,255.0,257.0,Unknown,Unknown,RZK CONSTANTA,Undefined,0,20.0,133.0,Undefined,6.0,Unknown,04/02/2025 15:00:00,AIS,POINT (16.603217 55.806233),314839000_2,0,0.0,255.520195644071,0.0,0,8.3917638441656,55.806233,16.603217
2025-02-01 08:33:03,2025-02-01 08:33:03,Class A,314839000_2,55.801967,16.57385,Under way using engine,0.0,12.3,255.0,257.0,9387255,8PXO5,MAIN,Tanker,No additional information,42.0,246.0,GLONASS,14.5,SUEZ,16/02/2025 01:00:00,AIS,POINT (16.57385 55.801967),314839000_2,0 days 00:04:59,0.0,255.520195644071,0.0,0,8.363713354584075,55.801967,16.57385
2025-02-01 08:43:04,2025-02-01 08:43:04,Class A,314839000_2,55.793483,16.514933,Under way using engine,0.0,12.3,255.0,257.0,9387255,8PXO5,MAIN,Tanker,No additional information,42.0,246.0,GLONASS,14.5,SUEZ,16/02/2025 01:00:00,AIS,POINT (16.514933 55.793483),314839000_2,0 days 00:10:01,-2.4118183090913204e-08,255.6557085138204,0.0,0,8.307457458429083,55.793483,16.514933
2025-02-01 10:19:05,2025-02-01 10:19:05,Class A,314839000_2,55.707833,15.944317,Under way using engine,0.0,12.6,254.0,257.0,9387255,8PXO5,MAIN,Tanker,No additional information,42.0,246.0,GLONASS,14.5,SUEZ,16/02/2025 01:00:00,AIS,POINT (15.944317 55.707833),314839000_2,0 days 01:36:01,1.5624127578905957e-08,255.30243095939193,96.0,1,7.765881859624507,55.707833,15.944317
2025-02-02 04:18:05,2025-02-02 04:18:05,Class A,314839000_2,54.604133,10.99815,Constrained by her draught,0.0,12.9,288.0,291.0,9387255,8PXO5,MAIN,Tanker,No additional information,42.0,246.0,GLONASS,14.5,SUEZ,15/02/2025 14:30:00,AIS,POINT (10.99815 54.604133),314839000_2,0 days 17:59:00,-1.8699489261100835e-08,250.70907310247645,1079.0,1,4.822977736579861,54.604133,10.99815
2025-02-02 06:21:01,2025-02-02 06:21:01,Class A,314839000_2,54.936617,10.8837,Constrained by her draught,0.0,10.2,30.0,48.0,9387255,8PXO5,MAIN,Tanker,No additional information,42.0,246.0,GLONASS,14.5,SUEZ,15/02/2025 14:30:00,AIS,POINT (10.8837 54.936617),314839000_2,0 days 02:02:56,-1.4804822100079478e-08,348.8156495027278,123.0,1,4.866555216354687,54.936617,10.8837
2025-02-02 08:46:01,2025-02-02 08:46:01,Class A,314839000_2,55.3658,11.036967,Constrained by her draught,0.0,11.8,350.0,332.0,9387255,8PXO5,MAIN,Tanker,No additional information,42.0,246.0,GLONASS,14.5,SUEZ,15/02/2025 14:30:00,AIS,POINT (11.036967 55.3658),314839000_2,0 days 02:25:00,5.6236914099606034e-08,11.470523790608183,145.0,1,4.659281245085447,55.3658,11.036967
2025-02-02 09:29:05,2025-02-02 09:29:05,Class A,314839000_2,55.491283,10.89595,Constrained by her draught,0.0,12.8,331.0,334.0,9387255,8PXO5,MAIN,Tanker,No additional information,42.0,246.0,GLONASS,14.5,SUEZ,15/02/2025 14:30:00,AIS,POINT (10.89595 55.491283),314839000_2,0 days 00:43:04,3.136923680343224e-07,327.5332650738181,0.0,0,4.79095153665167,55.491283,10.89595
2025-02-02 09:30:05,2025-02-02 09:30:05,Class A,314839000_2,55.494483,10.892883,Constrained by her draught,0.0,12.8,331.0,334.0,9387255,8PXO5,MAIN,Tanker,No additional information,42.0,246.0,GLONASS,14.5,SUEZ,15/02/2025 14:30:00,AIS,POINT (10.892883 55.494483),314839000_2,0 days 00:01:00,5.728928623288332e-06,331.5009367548315,0.0,0,4.793830929837431,55.494483,10.892883
2025-02-02 09:31:04,2025-02-02 09:31:04,Class A,314839000_2,55.497533,10.890017,Constrained by her draught,0.0,12.8,331.0,333.0,9387255,8PXO5,MAIN,Tanker,No additional information,42.0,246.0,GLONASS,14.5,SUEZ,15/02/2025 14:30:00,AIS,POINT (10.890017 55.497533),314839000_2,0 days 00:00:59,-4.014596630185535e-06,331.9752496416677,0.0,0,4.796520410631232,55.497533,10.890017
2025-02-02 11:15:03,2025-02-02 11:15:03,Class A,314839000_2,55.85755,10.8093,Constrained by her draught,0.0,13.2,1.0,1.0,9387255,8PXO5,MAIN,Tanker,No additional information,42.0,246.0,GLONASS,14.5,SUEZ,15/02/2025 14:30:00,AIS,POINT (10.8093 55.85755),314839000_2,0 days 01:43:59,-7.547676746333993e-09,352.82837755533285,104.0,1,4.870551700017976,55.85755,10.8093
2025-02-02 12:13:05,2025-02-02 12:13:05,Class A,314839000_2,55.995933,11.05115,Constrained by her draught,0.0,12.7,24.0,25.0,9387255,8PXO5,MAIN,Tanker,No additional information,42.0,246.0,GLONASS,14.5,SUEZ,15/02/2025 14:30:00,AIS,POINT (11.05115 55.995933),314839000_2,0 days 00:58:02,-7.943846553197522e-08,44.29616670603514,0.0,0,4.633538599725377,55.995933,11.05115
2025-02-02 12:14:05,2025-02-02 12:14:05,Class A,314839000_2,55.999217,11.053833,Constrained by her draught,0.0,12.8,24.0,25.0,9387255,8PXO5,MAIN,Tanker,No additional information,42.0,246.0,GLONASS,14.5,SUEZ,15/02/2025 14:30:00,AIS,POINT (11.053833 55.999217),314839000_2,0 days 00:01:00,8.386177971661379e-06,24.553814026610553,0.0,0,4.631022859828054,55.999217,11.053833
2025-02-02 12:35:04,2025-02-02 12:35:04,Class A,314839000_2,56.071,11.083833,Constrained by her draught,0.0,12.8,3.0,5.0,9387255,8PXO5,MAIN,Tanker,No additional information,42.0,246.0,GLONASS,14.5,SUEZ,15/02/2025 14:30:00,AIS,POINT (11.083833 56.071),314839000_2,0 days 00:20:59,-1.451383080735459e-07,13.130043273269166,0.0,0,4.605251967945836,56.071,11.083833
2025-02-02 12:36:04,2025-02-02 12:36:04,Class A,314839000_2,56.074517,11.0842,Constrained by her draught,0.0,12.9,3.0,6.0,9387255,8PXO5,MAIN,Tanker,No additional information,42.0,246.0,GLONASS,14.5,SUEZ,15/02/2025 14:30:00,AIS,POINT (11.0842 56.074517),314839000_2,0 days 00:01:00,2.9871846864044925e-07,3.3331053928471874,0.0,0,4.605119777468227,56.074517,11.0842
2025-02-02 12:37:04,2025-02-02 12:37:04,Class A,314839000_2,56.078167,11.084617,Constrained by her draught,0.0,12.8,3.0,5.0,9387255,8PXO5,MAIN,Tanker,No additional information,42.0,246.0,GLONASS,14.5,SUEZ,15/02/2025 14:30:00,AIS,POINT (11.084617 56.078167),314839000_2,0 days 00:01:00,4.158661399302179e-06,3.648045655381793,0.0,0,4.604949416789071,56.078167,11.084617
2025-02-02 12:38:04,2025-02-02 12:38:04,Class A,314839000_2,56.081667,11.085017,Constrained by her draught,0.0,12.8,4.0,6.0,9387255,8PXO5,MAIN,Tanker,No additional information,42.0,246.0,GLONASS,14.5,SUEZ,15/02/2025 14:30:00,AIS,POINT (11.085017 56.081667),314839000_2,0 days 00:01:00,-4.648587438724538e-06,3.6489614835979296,0.0,0,4.6047886673968,56.081667,11.085017
2025-02-02 12:50:05,2025-02-02 12:50:05,Class A,314839000_2,56.124667,11.0906,Constrained by her draught,0.0,13.1,4.0,4.0,9387255,8PXO5,MAIN,Tanker,No additional information,42.0,246.0,GLONASS,14.5,SUEZ,15/02/2025 14:30:00,AIS,POINT (11.0906 56.124667),314839000_2,0 days 00:12:01,2.0756443746438458e-07,4.139248530456655,0.0,0,4.6023666389618505,56.124667,11.0906
2025-02-02 13:09:04,2025-02-02 13:09:04,Class A,314839000_2,56.192867,11.0962,Constrained by her draught,0.0,12.9,2.0,3.0,9387255,8PXO5,MAIN,Tanker,No additional information,42.0,246.0,GLONASS,14.5,SUEZ,15/02/2025 14:30:00,AIS,POINT (11.0962 56.192867),314839000_2,0 days 00:18:59,1.4102936976207075e-08,2.6158334076116603,0.0,0,4.602601875442737,56.192867,11.0962
2025-02-02 13:50:05,2025-02-02 13:50:05,Class A,314839000_2,56.3335,11.101867,Constrained by her draught,0.0,10.3,1.0,3.0,9387255,8PXO5,MAIN,Tanker,No additional information,42.0,246.0,GLONASS,14.5,SUEZ,15/02/2025 14:30:00,AIS,POINT (11.101867 56.3335),314839000_2,0 days 00:41:01,-1.2577378261728556e-07,1.279695546020207,0.0,0,4.612133313576809,56.3335,11.101867
2025-02-02 13:51:05,2025-02-02 13:51:05,Class A,314839000_2,56.336267,11.101983,Constrained by her draught,0.0,10.1,1.0,3.0,9387255,8PXO5,MAIN,Tanker,No additional information,42.0,246.0,GLONASS,14.5,SUEZ,15/02/2025 14:30:00,AIS,POINT (11.101983 56.336267),314839000_2,0 days 00:01:00,-2.0467950706743086e-05,1.3312267859296867,0.0,0,4.612359268232473,56.336267,11.101983
2025-02-02 13:59:04,2025-02-02 13:59:04,Class A,314839000_2,56.35585,11.103183,Constrained by her draught,0.0,7.8,1.0,2.0,9387255,8PXO5,MAIN,Tanker,No additional information,42.0,246.0,GLONASS,14.5,SUEZ,15/02/2025 14:30:00,AIS,POINT (11.103183 56.35585),314839000_2,0 days 00:07:59,-1.2139808119935185e-06,1.9444355636159685,0.0,0,4.613629700828731,56.35585,11.103183
2025-02-02 14:19:05,2025-02-02 14:19:05,Class A,314839000_2,56.39105,11.142833,Constrained by her draught,0.0,10.0,52.0,54.0,9387255,8PXO5,MAIN,Tanker,No additional information,42.0,246.0,GLONASS,14.5,SUEZ,15/02/2025 14:30:00,AIS,POINT (11.142833 56.39105),314839000_2,0 days 00:20:01,-5.880743209392545e-07,31.938841518480217,0.0,0,4.57897674208649,56.39105,11.142833
2025-02-02 14:24:03,2025-02-02 14:24:03,Class A,314839000_2,56.399917,11.1637,Constrained by her draught,0.0,10.8,52.0,55.0,9387255,8PXO5,MAIN,Tanker,No additional information,42.0,246.0,GLONASS,14.5,SUEZ,15/02/2025 14:30:00,AIS,POINT (11.1637 56.399917),314839000_2,0 days 00:04:58,5.365715700413355e-06,52.47524166183649,0.0,0,4.559529358040037,56.399917,11.1637
2025-02-02 15:12:04,2025-02-02 15:12:04,Class A,314839000_2,56.49755,11.3997,Constrained by her draught,0.0,12.6,52.0,55.0,9387255,8PXO5,MAIN,Tanker,No additional information,42.0,246.0,GLONASS,14.5,SUEZ,15/02/2025 14:30:00,AIS,POINT (11.3997 56.49755),314839000_2,0 days 00:48:01,2.9773569012809367e-07,53.08578459013802,0.0,0,4.341316305470957,56.49755,11.3997
2025-02-02 15:13:04,2025-02-02 15:13:04,Class A,314839000_2,56.499717,11.404833,Constrained by her draught,0.0,12.7,52.0,55.0,9387255,8PXO5,MAIN,Tanker,No additional information,42.0,246.0,GLONASS,14.5,SUEZ,15/02/2025 14:30:00,AIS,POINT (11.404833 56.499717),314839000_2,0 days 00:01:00,5.380947043601234e-06,52.5868965670507,0.0,0,4.336622649395494,56.499717,11.404833
2025-02-02 15:14:04,2025-02-02 15:14:04,Class A,314839000_2,56.501783,11.409867,Constrained by her draught,0.0,12.7,52.0,56.0,9387255,8PXO5,MAIN,Tanker,No additional information,42.0,246.0,GLONASS,14.5,SUEZ,15/02/2025 14:30:00,AIS,POINT (11.409867 56.501783),314839000_2,0 days 00:01:00,-3.2357017510632775e-06,53.36360990902068,0.0,0,4.332011489181671,56.501783,11.409867
2025-02-02 15:15:04,2025-02-02 15:15:04,Class A,314839000_2,56.5039,11.415,Constrained by her draught,0.0,12.7,53.0,55.0,9387255,8PXO5,MAIN,Tanker,No additional information,42.0,246.0,GLONASS,14.5,SUEZ,15/02/2025 14:30:00,AIS,POINT (11.415 56.5039),314839000_2,0 days 00:01:00,2.2964822905731142e-06,53.22724585776916,0.0,0,4.3273133981083465,56.5039,11.415
2025-02-02 15:16:04,2025-02-02 15:16:04,Class A,314839000_2,56.50605,11.420233,Constrained by her draught,0.0,12.8,53.0,55.0,9387255,8PXO5,MAIN,Tanker,No additional information,42.0,246.0,GLONASS,14.5,SUEZ,15/02/2025 14:30:00,AIS,POINT (11.420233 56.50605),314839000_2,0 days 00:01:00,1.9776088783499357e-06,53.33073458020169,0.0,0,4.322524454826023,56.50605,11.420233
2025-02-02 15:28:05,2025-02-02 15:28:05,Class A,314839000_2,56.531383,11.48215,Constrained by her draught,0.0,12.8,53.0,54.0,9387255,8PXO5,MAIN,Tanker,No additional information,42.0,246.0,GLONASS,14.5,SUEZ,15/02/2025 14:30:00,AIS,POINT (11.48215 56.531383),314839000_2,0 days 00:12:01,-1.582128306854071e-07,53.41153529412742,0.0,0,4.266004016119182,56.531383,11.48215
2025-02-02 15:29:05,2025-02-02 15:29:05,Class A,314839000_2,56.533483,11.487217,Constrained by her draught,0.0,12.8,53.0,54.0,9387255,8PXO5,MAIN,Tanker,No additional information,42.0,246.0,GLONASS,14.5,SUEZ,15/02/2025 14:30:00,AIS,POINT (11.487217 56.533483),314839000_2,0 days 00:01:00,-1.3493161804351585e-06,53.071658665546465,0.0,0,4.26139678751017,56.533483,11.487217
2025-02-02 15:55:04,2025-02-02 15:55:04,Class A,314839000_2,56.593833,11.61305,Constrained by her draught,0.0,12.7,48.0,48.0,9387255,8PXO5,MAIN,Tanker,No additional information,42.0,246.0,GLONASS,14.5,SUEZ,15/02/2025 14:30:00,AIS,POINT (11.61305 56.593833),314839000_2,0 days 00:25:59,4.980092312926872e-08,48.91092128667168,0.0,0,4.149294083882823,56.593833,11.61305
2025-02-02 16:17:04,2025-02-02 16:17:04,Class A,314839000_2,56.65075,11.711283,Constrained by her draught,0.0,13.0,43.0,44.0,9387255,8PXO5,MAIN,Tanker,No additional information,42.0,246.0,GLONASS,14.5,SUEZ,15/02/2025 14:30:00,AIS,POINT (11.711283 56.65075),314839000_2,0 days 00:22:00,4.1150851737667327e-08,43.47553919105752,0.0,0,4.0650835730362305,56.65075,11.711283
2025-02-02 16:22:03,2025-02-02 16:22:03,Class A,314839000_2,56.66465,11.73175,Constrained by her draught,0.0,12.9,38.0,41.0,9387255,8PXO5,MAIN,Tanker,No additional information,42.0,246.0,GLONASS,14.5,SUEZ,15/02/2025 14:30:00,AIS,POINT (11.73175 56.66465),314839000_2,0 days 00:04:59,1.253445154206831e-07,38.975211395244685,0.0,0,4.048170957907781,56.66465,11.73175
2025-02-02 16:25:03,2025-02-02 16:25:03,Class A,314839000_2,56.673033,11.744117,Constrained by her draught,0.0,13.0,38.0,41.0,9387255,8PXO5,MAIN,Tanker,No additional information,42.0,246.0,GLONASS,14.5,SUEZ,15/02/2025 14:30:00,AIS,POINT (11.744117 56.673033),314839000_2,0 days 00:03:00,9.055055319910498e-08,39.023576057584705,0.0,0,4.037987219692751,56.673033,11.744117
2025-02-02 16:26:03,2025-02-02 16:26:03,Class A,314839000_2,56.67585,11.748267,Constrained by her draught,0.0,13.0,39.0,41.0,9387255,8PXO5,MAIN,Tanker,No additional information,42.0,246.0,GLONASS,14.5,SUEZ,15/02/2025 14:30:00,AIS,POINT (11.748267 56.67585),314839000_2,0 days 00:01:00,8.347683485906167e-07,38.98389245575072,0.0,0,4.034577377682202,56.67585,11.748267
2025-02-02 16:27:05,2025-02-02 16:27:05,Class A,314839000_2,56.678717,11.752567,Constrained by her draught,0.0,13.0,39.0,41.0,9387255,8PXO5,MAIN,Tanker,No additional information,42.0,246.0,GLONASS,14.5,SUEZ,15/02/2025 14:30:00,AIS,POINT (11.752567 56.678717),314839000_2,0 days 00:01:02,-8.696194431767942e-07,39.48452233916237,0.0,0,4.031036100531225,56.678717,11.752567
2025-02-02 16:28:05,2025-02-02 16:28:05,Class A,314839000_2,56.681467,11.756633,Constrained by her draught,0.0,13.0,39.0,40.0,9387255,8PXO5,MAIN,Tanker,No additional information,42.0,246.0,GLONASS,14.5,SUEZ,15/02/2025 14:30:00,AIS,POINT (11.756633 56.681467),314839000_2,0 days 00:01:00,-1.6182988073005216e-06,39.081270718180235,0.0,0,4.027699635555013,56.681467,11.756633
2025-02-02 16:53:03,2025-02-02 16:53:03,Class A,314839000_2,56.753933,11.849583,Constrained by her draught,0.0,12.5,18.0,16.0,9387255,8PXO5,MAIN,Tanker,No additional information,42.0,246.0,GLONASS,14.5,SUEZ,15/02/2025 14:30:00,AIS,POINT (11.849583 56.753933),314839000_2,0 days 00:24:58,7.729697725125555e-09,35.102262796356285,0.0,0,3.954708045136328,56.753933,11.849583
2025-02-02 16:54:03,2025-02-02 16:54:03,Class A,314839000_2,56.757183,11.8512,Constrained by her draught,0.0,12.4,14.0,13.0,9387255,8PXO5,MAIN,Tanker,No additional information,42.0,246.0,GLONASS,14.5,SUEZ,15/02/2025 14:30:00,AIS,POINT (11.8512 56.757183),314839000_2,0 days 00:01:00,-5.648501259113928e-06,15.25600684086288,0.0,0,3.953955460402278,56.757183,11.8512
2025-02-02 16:59:05,2025-02-02 16:59:05,Class A,314839000_2,56.773917,11.857183,Constrained by her draught,0.0,12.1,4.0,4.0,9387255,8PXO5,MAIN,Tanker,No additional information,42.0,246.0,GLONASS,14.5,SUEZ,15/02/2025 14:30:00,AIS,POINT (11.857183 56.773917),314839000_2,0 days 00:05:02,1.1630142348897558e-07,11.084309405862939,0.0,0,3.9523963581920776,56.773917,11.857183
2025-02-02 17:02:04,2025-02-02 17:02:04,Class A,314839000_2,56.783817,11.8563,Constrained by her draught,0.0,11.9,350.0,350.0,9387255,8PXO5,MAIN,Tanker,No additional information,42.0,246.0,GLONASS,14.5,SUEZ,15/02/2025 14:30:00,AIS,POINT (11.8563 56.783817),314839000_2,0 days 00:02:59,-6.811869646347559e-07,357.2027940557264,0.0,0,3.9557849633453284,56.783817,11.8563
2025-02-02 17:07:03,2025-02-02 17:07:03,Class A,314839000_2,56.800333,11.8498,Constrained by her draught,0.0,12.3,347.0,349.0,9387255,8PXO5,MAIN,Tanker,No additional information,42.0,246.0,GLONASS,14.5,SUEZ,15/02/2025 14:30:00,AIS,POINT (11.8498 56.800333),314839000_2,0 days 00:04:59,4.2371141914685083e-07,347.83908863047503,0.0,0,3.9663400449337423,56.800333,11.8498
2025-02-02 17:09:03,2025-02-02 17:09:03,Class A,314839000_2,56.806967,11.847067,Constrained by her draught,0.0,12.2,347.0,349.0,9387255,8PXO5,MAIN,Tanker,No additional information,42.0,246.0,GLONASS,14.5,SUEZ,15/02/2025 14:30:00,AIS,POINT (11.847067 56.806967),314839000_2,0 days 00:02:00,1.5472327981952532e-07,347.2903920470248,0.0,0,3.970712021135001,56.806967,11.847067
2025-02-02 17:10:03,2025-02-02 17:10:03,Class A,314839000_2,56.810267,11.845667,Constrained by her draught,0.0,12.2,346.0,350.0,9387255,8PXO5,MAIN,Tanker,No additional information,42.0,246.0,GLONASS,14.5,SUEZ,15/02/2025 14:30:00,AIS,POINT (11.845667 56.810267),314839000_2,0 days 00:01:00,-3.8607468570094583e-07,346.9256519767511,0.0,0,3.9729289201527376,56.810267,11.845667
2025-02-02 17:15:03,2025-02-02 17:15:03,Class A,314839000_2,56.826667,11.838117,Constrained by her draught,0.0,12.2,342.0,346.0,9387255,8PXO5,MAIN,Tanker,No additional information,42.0,246.0,GLONASS,14.5,SUEZ,15/02/2025 14:30:00,AIS,POINT (11.838117 56.826667),314839000_2,0 days 00:05:00,-3.253331738910005e-08,345.8615274406003,0.0,0,3.9845468436430753,56.826667,11.838117
2025-02-02 17:16:03,2025-02-02 17:16:03,Class A,314839000_2,56.829917,11.836433,Constrained by her draught,0.0,12.2,344.0,347.0,9387255,8PXO5,MAIN,Tanker,No additional information,42.0,246.0,GLONASS,14.5,SUEZ,15/02/2025 14:30:00,AIS,POINT (11.836433 56.829917),314839000_2,0 days 00:01:00,-1.3346617114562884e-07,344.1722545786599,0.0,0,3.9870358685682783,56.829917,11.836433
2025-02-02 17:17:03,2025-02-02 17:17:03,Class A,314839000_2,56.833183,11.834717,Constrained by her draught,0.0,12.3,343.0,346.0,9387255,8PXO5,MAIN,Tanker,No additional information,42.0,246.0,GLONASS,14.5,SUEZ,15/02/2025 14:30:00,AIS,POINT (11.834717 56.833183),314839000_2,0 days 00:01:00,6.244421473036895e-07,343.9631621307318,0.0,0,3.989561812154563,56.833183,11.834717
2025-02-02 17:18:03,2025-02-02 17:18:03,Class A,314839000_2,56.8365,11.8329,Constrained by her draught,0.0,12.4,343.0,345.0,9387255,8PXO5,MAIN,Tanker,No additional information,42.0,246.0,GLONASS,14.5,SUEZ,15/02/2025 14:30:00,AIS,POINT (11.8329 56.8365),314839000_2,0 days 00:01:00,1.996066142369576e-06,343.3189871197646,0.0,0,3.992200541637155,56.8365,11.8329
2025-02-02 17:19:03,2025-02-02 17:19:03,Class A,314839000_2,56.83975,11.831083,Constrained by her draught,0.0,12.4,342.0,344.0,9387255,8PXO5,MAIN,Tanker,No additional information,42.0,246.0,GLONASS,14.5,SUEZ,15/02/2025 14:30:00,AIS,POINT (11.831083 56.83975),314839000_2,0 days 00:01:00,-1.983973022889234e-06,342.9961535257854,0.0,0,3.994823105691791,56.83975,11.831083
2025-02-02 17:20:03,2025-02-02 17:20:03,Class A,314839000_2,56.843083,11.829133,Constrained by her draught,0.0,12.4,342.0,344.0,9387255,8PXO5,MAIN,Tanker,No additional information,42.0,246.0,GLONASS,14.5,SUEZ,15/02/2025 14:30:00,AIS,POINT (11.829133 56.843083),314839000_2,0 days 00:01:00,3.1236646658024315e-06,342.2560115484354,0.0,0,3.997597857472159,56.843083,11.829133
2025-02-02 17:21:04,2025-02-02 17:21:04,Class A,314839000_2,56.84635,11.8272,Constrained by her draught,0.0,12.4,342.0,344.0,9387255,8PXO5,MAIN,Tanker,No additional information,42.0,246.0,GLONASS,14.5,SUEZ,15/02/2025 14:30:00,AIS,POINT (11.8272 56.84635),314839000_2,0 days 00:01:01,-3.712022378366527e-06,342.06961185423273,0.0,0,4.000340224649399,56.84635,11.8272
2025-02-02 17:22:04,2025-02-02 17:22:04,Class A,314839000_2,56.849667,11.825267,Constrained by her draught,0.0,12.3,342.0,344.0,9387255,8PXO5,MAIN,Tanker,No additional information,42.0,246.0,GLONASS,14.5,SUEZ,15/02/2025 14:30:00,AIS,POINT (11.825267 56.849667),314839000_2,0 days 00:01:00,3.21302922844773e-06,342.3244163219902,0.0,0,4.003097843344076,56.849667,11.825267
2025-02-02 17:23:04,2025-02-02 17:23:04,Class A,314839000_2,56.852867,11.823383,Constrained by her draught,0.0,12.3,342.0,344.0,9387255,8PXO5,MAIN,Tanker,No additional information,42.0,246.0,GLONASS,14.5,SUEZ,15/02/2025 14:30:00,AIS,POINT (11.823383 56.852867),314839000_2,0 days 00:01:00,-3.7005860342635786e-06,342.1555053543376,0.0,0,4.005778344248469,56.852867,11.823383
2025-02-02 17:24:04,2025-02-02 17:24:04,Class A,314839000_2,56.856133,11.821483,Constrained by her draught,0.0,12.4,342.0,345.0,9387255,8PXO5,MAIN,Tanker,No additional information,42.0,246.0,GLONASS,14.5,SUEZ,15/02/2025 14:30:00,AIS,POINT (11.821483 56.856133),314839000_2,0 days 00:01:00,2.0260574048398324e-06,342.35583975476294,0.0,0,4.008493832808776,56.856133,11.821483
2025-02-02 17:25:04,2025-02-02 17:25:04,Class A,314839000_2,56.859433,11.819617,Constrained by her draught,0.0,12.4,342.0,344.0,9387255,8PXO5,MAIN,Tanker,No additional information,42.0,246.0,GLONASS,14.5,SUEZ,15/02/2025 14:30:00,AIS,POINT (11.819617 56.859433),314839000_2,0 days 00:01:00,8.298274714172027e-07,342.8220601999493,0.0,0,4.011187593992832,56.859433,11.819617
2025-02-02 17:26:04,2025-02-02 17:26:04,Class A,314839000_2,56.86275,11.817767,Constrained by her draught,0.0,12.5,342.0,344.0,9387255,8PXO5,MAIN,Tanker,No additional information,42.0,246.0,GLONASS,14.5,SUEZ,15/02/2025 14:30:00,AIS,POINT (11.817767 56.86275),314839000_2,0 days 00:01:00,4.2212550664239994e-07,343.0445079623598,0.0,0,4.013872379872708,56.86275,11.817767
2025-02-02 17:27:04,2025-02-02 17:27:04,Class A,314839000_2,56.86605,11.8158,Constrained by her draught,0.0,12.5,342.0,344.0,9387255,8PXO5,MAIN,Tanker,No additional information,42.0,246.0,GLONASS,14.5,SUEZ,15/02/2025 14:30:00,AIS,POINT (11.8158 56.86605),314839000_2,0 days 00:01:00,9.502267479550436e-08,341.95417519959443,0.0,0,4.0166668376339105,56.86605,11.8158
2025-02-02 17:28:04,2025-02-02 17:28:04,Class A,314839000_2,56.86935,11.8139,Constrained by her draught,0.0,12.6,342.0,344.0,9387255,8PXO5,MAIN,Tanker,No additional information,42.0,246.0,GLONASS,14.5,SUEZ,15/02/2025 14:30:00,AIS,POINT (11.8139 56.86935),314839000_2,0 days 00:01:00,-3.4765988909190037e-07,342.53230924509137,0.0,0,4.019398596525106,56.86935,11.8139
2025-02-02 17:29:04,2025-02-02 17:29:04,Class A,314839000_2,56.87275,11.8119,Constrained by her draught,0.0,12.6,342.0,344.0,9387255,8PXO5,MAIN,Tanker,No additional information,42.0,246.0,GLONASS,14.5,SUEZ,15/02/2025 14:30:00,AIS,POINT (11.8119 56.87275),314839000_2,0 days 00:01:00,3.460793982559106e-06,342.1789978093885,0.0,0,4.022255753696924,56.87275,11.8119
2025-02-02 17:30:04,2025-02-02 17:30:04,Class A,314839000_2,56.8761,11.80995,Constrained by her draught,0.0,12.6,341.0,344.0,9387255,8PXO5,MAIN,Tanker,No additional information,42.0,246.0,GLONASS,14.5,SUEZ,15/02/2025 14:30:00,AIS,POINT (11.80995 56.8761),314839000_2,0 days 00:01:00,-1.7321763247608897e-06,342.3550598268796,0.0,0,4.025052900888136,56.8761,11.80995
2025-02-02 17:31:04,2025-02-02 17:31:04,Class A,314839000_2,56.879417,11.807933,Constrained by her draught,0.0,12.5,341.0,344.0,9387255,8PXO5,MAIN,Tanker,No additional information,42.0,246.0,GLONASS,14.5,SUEZ,15/02/2025 14:30:00,AIS,POINT (11.807933 56.879417),314839000_2,0 days 00:01:00,-6.198927795991449e-07,341.62068475963525,0.0,0,4.027907107574601,56.879417,11.807933
2025-02-02 17:32:04,2025-02-02 17:32:04,Class A,314839000_2,56.882767,11.8059,Constrained by her draught,0.0,12.5,341.0,345.0,9387255,8PXO5,MAIN,Tanker,No additional information,42.0,246.0,GLONASS,14.5,SUEZ,15/02/2025 14:30:00,AIS,POINT (11.8059 56.882767),314839000_2,0 days 00:01:00,1.0532176887834838e-06,341.65645130189904,0.0,0,4.030787546079426,56.882767,11.8059
2025-02-02 17:33:04,2025-02-02 17:33:04,Class A,314839000_2,56.886033,11.804,Constrained by her draught,0.0,12.6,342.0,345.0,9387255,8PXO5,MAIN,Tanker,No additional information,42.0,246.0,GLONASS,14.5,SUEZ,15/02/2025 14:30:00,AIS,POINT (11.804 56.886033),314839000_2,0 days 00:01:00,-3.168591156003569e-06,342.3690691392529,0.0,0,4.033518643597051,56.886033,11.804
2025-02-02 17:34:04,2025-02-02 17:34:04,Class A,314839000_2,56.8893,11.802167,Constrained by her draught,0.0,12.6,342.0,345.0,9387255,8PXO5,MAIN,Tanker,No additional information,42.0,246.0,GLONASS,14.5,SUEZ,15/02/2025 14:30:00,AIS,POINT (11.802167 56.8893),314839000_2,0 days 00:01:00,-3.0992397335430994e-07,342.96046694604183,0.0,0,4.036187353729382,56.8893,11.802167
2025-02-02 17:35:04,2025-02-02 17:35:04,Class A,314839000_2,56.892667,11.800233,Constrained by her draught,0.0,12.5,342.0,345.0,9387255,8PXO5,MAIN,Tanker,No additional information,42.0,246.0,GLONASS,14.5,SUEZ,15/02/2025 14:30:00,AIS,POINT (11.800233 56.892667),314839000_2,0 days 00:01:00,3.4606310039832743e-06,342.58125262079966,0.0,0,4.038982653868422,56.892667,11.800233
2025-02-02 17:36:04,2025-02-02 17:36:04,Class A,314839000_2,56.895983,11.798283,Constrained by her draught,0.0,12.6,342.0,344.0,9387255,8PXO5,MAIN,Tanker,No additional information,42.0,246.0,GLONASS,14.5,SUEZ,15/02/2025 14:30:00,AIS,POINT (11.798283 56.895983),314839000_2,0 days 00:01:00,-1.4220725888523597e-06,342.1944027275033,0.0,0,4.041780859332431,56.895983,11.798283
2025-02-02 17:37:04,2025-02-02 17:37:04,Class A,314839000_2,56.899333,11.79635,Constrained by her draught,0.0,12.6,342.0,345.0,9387255,8PXO5,MAIN,Tanker,No additional information,42.0,246.0,GLONASS,14.5,SUEZ,15/02/2025 14:30:00,AIS,POINT (11.79635 56.899333),314839000_2,0 days 00:01:00,9.13786734142921e-07,342.50967212009857,0.0,0,4.044573992245041,56.899333,11.79635
2025-02-02 17:38:05,2025-02-02 17:38:05,Class A,314839000_2,56.90275,11.794417,Constrained by her draught,0.0,12.7,342.0,345.0,9387255,8PXO5,MAIN,Tanker,No additional information,42.0,246.0,GLONASS,14.5,SUEZ,15/02/2025 14:30:00,AIS,POINT (11.794417 56.90275),314839000_2,0 days 00:01:01,1.6071562775660902e-07,342.8337528178123,0.0,0,4.047387704693609,56.90275,11.794417
2025-02-02 17:39:05,2025-02-02 17:39:05,Class A,314839000_2,56.906067,11.792583,Constrained by her draught,0.0,12.7,343.0,345.0,9387255,8PXO5,MAIN,Tanker,No additional information,42.0,246.0,GLONASS,14.5,SUEZ,15/02/2025 14:30:00,AIS,POINT (11.792583 56.906067),314839000_2,0 days 00:01:00,-1.6351485924677618e-06,343.2012203936481,0.0,0,4.050080127509824,56.906067,11.792583
2025-02-02 17:40:05,2025-02-02 17:40:05,Class A,314839000_2,56.909517,11.790667,Constrained by her draught,0.0,12.8,343.0,345.0,9387255,8PXO5,MAIN,Tanker,No additional information,42.0,246.0,GLONASS,14.5,SUEZ,15/02/2025 14:30:00,AIS,POINT (11.790667 56.909517),314839000_2,0 days 00:01:00,4.3389573626010135e-06,343.13238781974627,0.0,0,4.052890489463786,56.909517,11.790667
2025-02-02 17:41:05,2025-02-02 17:41:05,Class A,314839000_2,56.912917,11.7888,Constrained by her draught,0.0,12.8,343.0,345.0,9387255,8PXO5,MAIN,Tanker,No additional information,42.0,246.0,GLONASS,14.5,SUEZ,15/02/2025 14:30:00,AIS,POINT (11.7888 56.912917),314839000_2,0 days 00:01:00,-1.7211452738719683e-06,343.31288410459706,0.0,0,4.055641607345131,56.912917,11.7888
2025-02-02 17:42:05,2025-02-02 17:42:05,Class A,314839000_2,56.916333,11.78695,Constrained by her draught,0.0,12.8,343.0,345.0,9387255,8PXO5,MAIN,Tanker,No additional information,42.0,246.0,GLONASS,14.5,SUEZ,15/02/2025 14:30:00,AIS,POINT (11.78695 56.916333),314839000_2,0 days 00:01:00,3.9128332430325996e-07,343.5311921382738,0.0,0,4.058382798005261,56.916333,11.78695
2025-02-02 17:43:05,2025-02-02 17:43:05,Class A,314839000_2,56.91975,11.7851,Constrained by her draught,0.0,12.8,343.0,345.0,9387255,8PXO5,MAIN,Tanker,No additional information,42.0,246.0,GLONASS,14.5,SUEZ,15/02/2025 14:30:00,AIS,POINT (11.7851 56.91975),314839000_2,0 days 00:01:00,2.8903221113100314e-08,343.53717637170837,0.0,0,4.061126138517246,56.91975,11.7851
2025-02-02 17:44:05,2025-02-02 17:44:05,Class A,314839000_2,56.923133,11.7833,Constrained by her draught,0.0,12.9,343.0,345.0,9387255,8PXO5,MAIN,Tanker,No additional information,42.0,246.0,GLONASS,14.5,SUEZ,15/02/2025 14:30:00,AIS,POINT (11.7833 56.923133),314839000_2,0 days 00:01:00,-1.2481280750494128e-06,343.80751991825906,0.0,0,4.0638137326463415,56.923133,11.7833
2025-02-02 17:45:05,2025-02-02 17:45:05,Class A,314839000_2,56.926633,11.781433,Constrained by her draught,0.0,12.9,343.0,345.0,9387255,8PXO5,MAIN,Tanker,No additional information,42.0,246.0,GLONASS,14.5,SUEZ,15/02/2025 14:30:00,AIS,POINT (11.781433 56.926633),314839000_2,0 days 00:01:00,3.7909638384873642e-06,343.76985490269703,0.0,0,4.066600757717188,56.926633,11.781433
2025-02-02 17:46:04,2025-02-02 17:46:04,Class A,314839000_2,56.930017,11.779683,Constrained by her draught,0.0,12.9,344.0,345.0,9387255,8PXO5,MAIN,Tanker,No additional information,42.0,246.0,GLONASS,14.5,SUEZ,15/02/2025 14:30:00,AIS,POINT (11.779683 56.930017),314839000_2,0 days 00:00:59,-2.188583769857429e-06,344.2418429504879,0.0,0,4.069244454226115,56.930017,11.779683
2025-02-02 17:47:04,2025-02-02 17:47:04,Class A,314839000_2,56.933433,11.777833,Constrained by her draught,0.0,12.9,343.0,343.0,9387255,8PXO5,MAIN,Tanker,No additional information,42.0,246.0,GLONASS,14.5,SUEZ,15/02/2025 14:30:00,AIS,POINT (11.777833 56.933433),314839000_2,0 days 00:01:00,-4.234165543026142e-07,343.5383288507959,0.0,0,4.071994974980447,56.933433,11.777833
2025-02-02 17:48:04,2025-02-02 17:48:04,Class A,314839000_2,56.93685,11.775783,Constrained by her draught,0.0,12.9,341.0,342.0,9387255,8PXO5,MAIN,Tanker,No additional information,42.0,246.0,GLONASS,14.5,SUEZ,15/02/2025 14:30:00,AIS,POINT (11.775783 56.93685),314839000_2,0 days 00:01:00,1.0360608709007878e-06,341.8765057209235,0.0,0,4.074939201309511,56.93685,11.775783
2025-02-02 17:49:04,2025-02-02 17:49:04,Class A,314839000_2,56.940217,11.773683,Constrained by her draught,0.0,12.9,341.0,342.0,9387255,8PXO5,MAIN,Tanker,No additional information,42.0,246.0,GLONASS,14.5,SUEZ,15/02/2025 14:30:00,AIS,POINT (11.773683 56.940217),314839000_2,0 days 00:01:00,-1.1995992097381855e-06,341.20987116112025,0.0,0,4.077918686076267,56.940217,11.773683
2025-02-02 17:50:04,2025-02-02 17:50:04,Class A,314839000_2,56.943633,11.7716,Constrained by her draught,0.0,12.9,341.0,342.0,9387255,8PXO5,MAIN,Tanker,No additional information,42.0,246.0,GLONASS,14.5,SUEZ,15/02/2025 14:30:00,AIS,POINT (11.7716 56.943633),314839000_2,0 days 00:01:00,1.3435149909369505e-06,341.6023637133587,0.0,0,4.08089771224972,56.943633,11.7716
2025-02-02 17:51:05,2025-02-02 17:51:05,Class A,314839000_2,56.947033,11.7695,Constrained by her draught,0.0,13.0,341.0,342.0,9387255,8PXO5,MAIN,Tanker,No additional information,42.0,246.0,GLONASS,14.5,SUEZ,15/02/2025 14:30:00,AIS,POINT (11.7695 56.947033),314839000_2,0 days 00:01:01,-2.1624818853503674e-06,341.38278627691506,0.0,0,4.083890133468944,56.947033,11.7695
2025-02-02 17:52:05,2025-02-02 17:52:05,Class A,314839000_2,56.9505,11.767383,Constrained by her draught,0.0,13.0,341.0,342.0,9387255,8PXO5,MAIN,Tanker,No additional information,42.0,246.0,GLONASS,14.5,SUEZ,15/02/2025 14:30:00,AIS,POINT (11.767383 56.9505),314839000_2,0 days 00:01:00,3.874980241124461e-06,341.58198358421384,0.0,0,4.086919954105902,56.9505,11.767383
2025-02-02 17:53:05,2025-02-02 17:53:05,Class A,314839000_2,56.95395,11.76525,Constrained by her draught,0.0,13.0,341.0,341.0,9387255,8PXO5,MAIN,Tanker,No additional information,42.0,246.0,GLONASS,14.5,SUEZ,15/02/2025 14:30:00,AIS,POINT (11.76525 56.95395),314839000_2,0 days 00:01:00,-4.134285192143883e-07,341.36878161563664,0.0,0,4.089961939339778,56.95395,11.76525
2025-02-02 17:54:05,2025-02-02 17:54:05,Class A,314839000_2,56.957283,11.763133,Constrained by her draught,0.0,13.0,340.0,341.0,9387255,8PXO5,MAIN,Tanker,No additional information,42.0,246.0,GLONASS,14.5,SUEZ,15/02/2025 14:30:00,AIS,POINT (11.763133 56.957283),314839000_2,0 days 00:01:00,-3.512626764438009e-06,340.89749344250095,0.0,0,4.092956330876985,56.957283,11.763133
2025-02-02 17:55:05,2025-02-02 17:55:05,Class A,314839000_2,56.960717,11.760917,Constrained by her draught,0.0,13.0,341.0,342.0,9387255,8PXO5,MAIN,Tanker,No additional information,42.0,246.0,GLONASS,14.5,SUEZ,15/02/2025 14:30:00,AIS,POINT (11.760917 56.960717),314839000_2,0 days 00:01:00,3.5004360987653335e-06,340.6165550127614,0.0,0,4.096076487150357,56.960717,11.760917
2025-02-02 17:56:05,2025-02-02 17:56:05,Class A,314839000_2,56.9641,11.758833,Constrained by her draught,0.0,13.0,341.0,342.0,9387255,8PXO5,MAIN,Tanker,No additional information,42.0,246.0,GLONASS,14.5,SUEZ,15/02/2025 14:30:00,AIS,POINT (11.758833 56.9641),314839000_2,0 days 00:01:00,-2.219225029134626e-06,341.4363442026392,0.0,0,4.099057201829344,56.9641,11.758833
2025-02-02 17:57:05,2025-02-02 17:57:05,Class A,314839000_2,56.967567,11.756733,Constrained by her draught,0.0,13.0,341.0,342.0,9387255,8PXO5,MAIN,Tanker,No additional information,42.0,246.0,GLONASS,14.5,SUEZ,15/02/2025 14:30:00,AIS,POINT (11.756733 56.967567),314839000_2,0 days 00:01:00,2.5493936957684166e-06,341.7278268511902,0.0,0,4.102079494872082,56.967567,11.756733
2025-02-02 17:58:05,2025-02-02 17:58:05,Class A,314839000_2,56.971,11.754667,Constrained by her draught,0.0,13.0,341.0,342.0,9387255,8PXO5,MAIN,Tanker,No additional information,42.0,246.0,GLONASS,14.5,SUEZ,15/02/2025 14:30:00,AIS,POINT (11.754667 56.971),314839000_2,0 days 00:01:00,-1.1796915413900903e-06,341.83943192170034,0.0,0,4.105061084637474,56.971,11.754667
2025-02-02 17:59:05,2025-02-02 17:59:05,Class A,314839000_2,56.97435,11.752633,Constrained by her draught,0.0,13.0,341.0,342.0,9387255,8PXO5,MAIN,Tanker,No additional information,42.0,246.0,GLONASS,14.5,SUEZ,15/02/2025 14:30:00,AIS,POINT (11.752633 56.97435),314839000_2,0 days 00:01:00,-2.608440297756625e-06,341.6900207463251,0.0,0,4.107989425664215,56.97435,11.752633
2025-02-02 18:00:05,2025-02-02 18:00:05,Class A,314839000_2,56.9779,11.750533,Constrained by her draught,0.0,13.1,341.0,342.0,9387255,8PXO5,MAIN,Tanker,No additional information,42.0,246.0,GLONASS,14.5,SUEZ,15/02/2025 14:30:00,AIS,POINT (11.750533 56.9779),314839000_2,0 days 00:01:00,6.225616048295878e-06,342.13220567018243,0.0,0,4.111041423005731,56.9779,11.750533
2025-02-02 18:01:05,2025-02-02 18:01:05,Class A,314839000_2,56.98125,11.748433,Constrained by her draught,0.0,13.0,341.0,342.0,9387255,8PXO5,MAIN,Tanker,No additional information,42.0,246.0,GLONASS,14.5,SUEZ,15/02/2025 14:30:00,AIS,POINT (11.748433 56.98125),314839000_2,0 days 00:01:00,-5.871593350009289e-06,341.140564124759,0.0,0,4.114036226355937,56.98125,11.748433
2025-02-02 18:02:05,2025-02-02 18:02:05,Class A,314839000_2,56.984717,11.74635,Constrained by her draught,0.0,13.0,341.0,342.0,9387255,8PXO5,MAIN,Tanker,No additional information,42.0,246.0,GLONASS,14.5,SUEZ,15/02/2025 14:30:00,AIS,POINT (11.74635 56.984717),314839000_2,0 days 00:01:00,3.3394522794791646e-06,341.87382826313495,0.0,0,4.117051031737281,56.984717,11.74635
2025-02-02 18:03:05,2025-02-02 18:03:05,Class A,314839000_2,56.988167,11.744317,Constrained by her draught,0.0,13.0,342.0,342.0,9387255,8PXO5,MAIN,Tanker,No additional information,42.0,246.0,GLONASS,14.5,SUEZ,15/02/2025 14:30:00,AIS,POINT (11.744317 56.988167),314839000_2,0 days 00:01:00,-7.619709120183232e-07,342.20114192395806,0.0,0,4.120014809413431,56.988167,11.744317
2025-02-02 18:04:04,2025-02-02 18:04:04,Class A,314839000_2,56.991567,11.742333,Constrained by her draught,0.0,13.0,342.0,342.0,9387255,8PXO5,MAIN,Tanker,No additional information,42.0,246.0,GLONASS,14.5,SUEZ,15/02/2025 14:30:00,AIS,POINT (11.742333 56.991567),314839000_2,0 days 00:00:59,1.4710517184167486e-07,342.3654004705566,0.0,0,4.122918700902312,56.991567,11.742333
2025-02-02 18:05:04,2025-02-02 18:05:04,Class A,314839000_2,56.995,11.740317,Constrained by her draught,0.0,13.0,341.0,342.0,9387255,8PXO5,MAIN,Tanker,No additional information,42.0,246.0,GLONASS,14.5,SUEZ,15/02/2025 14:30:00,AIS,POINT (11.740317 56.995),314839000_2,0 days 00:01:00,-7.349083721401006e-07,342.2617680870502,0.0,0,4.125864679652618,56.995,11.740317
2025-02-02 18:06:04,2025-02-02 18:06:04,Class A,314839000_2,56.998433,11.738233,Constrained by her draught,0.0,13.0,342.0,341.0,9387255,8PXO5,MAIN,Tanker,No additional information,42.0,246.0,GLONASS,14.5,SUEZ,15/02/2025 14:30:00,AIS,POINT (11.738233 56.998433),314839000_2,0 days 00:01:00,3.548282354402943e-07,341.7043083716264,0.0,0,4.128877297070718,56.998433,11.738233
2025-02-02 18:07:04,2025-02-02 18:07:04,Class A,314839000_2,57.001883,11.736217,Constrained by her draught,0.0,13.0,341.0,341.0,9387255,8PXO5,MAIN,Tanker,No additional information,42.0,246.0,GLONASS,14.5,SUEZ,15/02/2025 14:30:00,AIS,POINT (11.736217 57.001883),314839000_2,0 days 00:01:00,1.442622028395019e-07,342.3467948394409,0.0,0,4.131831815962745,57.001883,11.736217
2025-02-02 18:08:04,2025-02-02 18:08:04,Class A,314839000_2,57.005317,11.734117,Constrained by her draught,0.0,13.0,341.0,341.0,9387255,8PXO5,MAIN,Tanker,No additional information,42.0,246.0,GLONASS,14.5,SUEZ,15/02/2025 14:30:00,AIS,POINT (11.734117 57.005317),314839000_2,0 days 00:01:00,-3.163345035236097e-08,341.5814804939474,0.0,0,4.13486343138271,57.005317,11.734117
2025-02-02 18:09:05,2025-02-02 18:09:05,Class A,314839000_2,57.008733,11.732017,Constrained by her draught,0.0,13.0,341.0,341.0,9387255,8PXO5,MAIN,Tanker,No additional information,42.0,246.0,GLONASS,14.5,SUEZ,15/02/2025 14:30:00,AIS,POINT (11.732017 57.008733),314839000_2,0 days 00:01:01,-2.3175033652100566e-06,341.4926087826849,0.0,0,4.137891336901199,57.008733,11.732017
2025-02-02 18:10:05,2025-02-02 18:10:05,Class A,314839000_2,57.01215,11.729883,Constrained by her draught,0.0,12.9,341.0,341.0,9387255,8PXO5,MAIN,Tanker,No additional information,42.0,246.0,GLONASS,14.5,SUEZ,15/02/2025 14:30:00,AIS,POINT (11.729883 57.01215),314839000_2,0 days 00:01:00,2.0392053914553675e-06,341.22055423873866,0.0,0,4.140953637046544,57.01215,11.729883
2025-02-02 18:11:05,2025-02-02 18:11:05,Class A,314839000_2,57.015483,11.727833,Constrained by her draught,0.0,12.9,341.0,342.0,9387255,8PXO5,MAIN,Tanker,No additional information,42.0,246.0,GLONASS,14.5,SUEZ,15/02/2025 14:30:00,AIS,POINT (11.727833 57.015483),314839000_2,0 days 00:01:00,-2.9165357795918306e-06,341.4871141606299,0.0,0,4.143912176900712,57.015483,11.727833
2025-02-02 18:12:05,2025-02-02 18:12:05,Class A,314839000_2,57.018883,11.725817,Constrained by her draught,0.0,12.8,342.0,342.0,9387255,8PXO5,MAIN,Tanker,No additional information,42.0,246.0,GLONASS,14.5,SUEZ,15/02/2025 14:30:00,AIS,POINT (11.725817 57.018883),314839000_2,0 days 00:01:00,1.7880274755085358e-06,342.11129742753076,0.0,0,4.146860122333765,57.018883,11.725817
2025-02-02 18:13:03,2025-02-02 18:13:03,Class A,314839000_2,57.022183,11.7239,Constrained by her draught,0.0,12.8,342.0,342.0,9387255,8PXO5,MAIN,Tanker,No additional information,42.0,246.0,GLONASS,14.5,SUEZ,15/02/2025 14:30:00,AIS,POINT (11.7239 57.022183),314839000_2,0 days 00:00:58,2.443982137974238e-07,342.4532687951442,0.0,0,4.149685117408909,57.022183,11.7239
2025-02-02 18:14:03,2025-02-02 18:14:03,Class A,314839000_2,57.025583,11.721933,Constrained by her draught,0.0,12.8,342.0,342.0,9387255,8PXO5,MAIN,Tanker,No additional information,42.0,246.0,GLONASS,14.5,SUEZ,15/02/2025 14:30:00,AIS,POINT (11.721933 57.025583),314839000_2,0 days 00:01:00,-4.895707917264581e-07,342.522265716695,0.0,0,4.152589666830325,57.025583,11.721933
2025-02-02 18:15:03,2025-02-02 18:15:03,Class A,314839000_2,57.028983,11.719933,Constrained by her draught,0.0,12.9,342.0,341.0,9387255,8PXO5,MAIN,Tanker,No additional information,42.0,246.0,GLONASS,14.5,SUEZ,15/02/2025 14:30:00,AIS,POINT (11.719933 57.028983),314839000_2,0 days 00:01:00,1.6790430371828487e-07,342.2488418601738,0.0,0,4.155527338842328,57.028983,11.719933
2025-02-02 18:16:03,2025-02-02 18:16:03,Class A,314839000_2,57.032333,11.717883,Constrained by her draught,0.0,12.9,341.0,341.0,9387255,8PXO5,MAIN,Tanker,No additional information,42.0,246.0,GLONASS,14.5,SUEZ,15/02/2025 14:30:00,AIS,POINT (11.717883 57.032333),314839000_2,0 days 00:01:00,-1.208616817950156e-06,341.58248715206275,0.0,0,4.158499082128791,57.032333,11.717883
2025-02-02 18:17:04,2025-02-02 18:17:04,Class A,314839000_2,57.035767,11.715833,Constrained by her draught,0.0,12.9,342.0,342.0,9387255,8PXO5,MAIN,Tanker,No additional information,42.0,246.0,GLONASS,14.5,SUEZ,15/02/2025 14:30:00,AIS,POINT (11.715833 57.035767),314839000_2,0 days 00:01:01,6.251795495619778e-07,342.0051785387052,0.0,0,4.161498032109351,57.035767,11.715833
2025-02-02 18:18:04,2025-02-02 18:18:04,Class A,314839000_2,57.039233,11.71385,Constrained by her draught,0.0,12.9,342.0,341.0,9387255,8PXO5,MAIN,Tanker,No additional information,42.0,246.0,GLONASS,14.5,SUEZ,15/02/2025 14:30:00,AIS,POINT (11.71385 57.039233),314839000_2,0 days 00:01:00,2.4304734684082256e-06,342.70999872983475,0.0,0,4.16444465019587,57.039233,11.71385
2025-02-02 18:19:04,2025-02-02 18:19:04,Class A,314839000_2,57.0426,11.711817,Constrained by her draught,0.0,12.8,341.0,341.0,9387255,8PXO5,MAIN,Tanker,No additional information,42.0,246.0,GLONASS,14.5,SUEZ,15/02/2025 14:30:00,AIS,POINT (11.711817 57.0426),314839000_2,0 days 00:01:00,-2.6599157929302428e-06,341.81590384237296,0.0,0,4.167410289304978,57.0426,11.711817
2025-02-02 18:20:04,2025-02-02 18:20:04,Class A,314839000_2,57.045983,11.70975,Constrained by her draught,0.0,12.8,341.0,341.0,9387255,8PXO5,MAIN,Tanker,No additional information,42.0,246.0,GLONASS,14.5,SUEZ,15/02/2025 14:30:00,AIS,POINT (11.70975 57.045983),314839000_2,0 days 00:01:00,6.491185801300523e-07,341.6152915026192,0.0,0,4.170414798211923,57.045983,11.70975
2025-02-02 18:21:04,2025-02-02 18:21:04,Class A,314839000_2,57.04935,11.707667,Constrained by her draught,0.0,12.8,341.0,341.0,9387255,8PXO5,MAIN,Tanker,No additional information,42.0,246.0,GLONASS,14.5,SUEZ,15/02/2025 14:30:00,AIS,POINT (11.707667 57.04935),314839000_2,0 days 00:01:00,-3.845264939895983e-07,341.4022699287724,0.0,0,4.1734312166016325,57.04935,11.707667
2025-02-02 18:22:04,2025-02-02 18:22:04,Class A,314839000_2,57.052733,11.705633,Constrained by her draught,0.0,12.8,341.0,342.0,9387255,8PXO5,MAIN,Tanker,No additional information,42.0,246.0,GLONASS,14.5,SUEZ,15/02/2025 14:30:00,AIS,POINT (11.705633 57.052733),314839000_2,0 days 00:01:00,2.0814837205988639e-07,341.89257761167835,0.0,0,4.176407519970483,57.052733,11.705633
2025-02-02 18:23:04,2025-02-02 18:23:04,Class A,314839000_2,57.056117,11.703633,Constrained by her draught,0.0,12.8,342.0,342.0,9387255,8PXO5,MAIN,Tanker,No additional information,42.0,246.0,GLONASS,14.5,SUEZ,15/02/2025 14:30:00,AIS,POINT (11.703633 57.056117),314839000_2,0 days 00:01:00,-1.485639269924177e-07,342.1824107325266,0.0,0,4.179353400138591,57.056117,11.703633
2025-02-02 18:24:04,2025-02-02 18:24:04,Class A,314839000_2,57.059483,11.701633,Constrained by her draught,0.0,12.7,341.0,341.0,9387255,8PXO5,MAIN,Tanker,No additional information,42.0,246.0,GLONASS,14.5,SUEZ,15/02/2025 14:30:00,AIS,POINT (11.701633 57.059483),314839000_2,0 days 00:01:00,-5.307510984451479e-07,342.094719544762,0.0,0,4.182295334366764,57.059483,11.701633
2025-02-02 18:25:04,2025-02-02 18:25:04,Class A,314839000_2,57.062817,11.699617,Constrained by her draught,0.0,12.7,342.0,342.0,9387255,8PXO5,MAIN,Tanker,No additional information,42.0,246.0,GLONASS,14.5,SUEZ,15/02/2025 14:30:00,AIS,POINT (11.699617 57.062817),314839000_2,0 days 00:01:00,-8.581375768944155e-07,341.80047764971715,0.0,0,4.185244163747917,57.062817,11.699617
2025-02-02 18:26:04,2025-02-02 18:26:04,Class A,314839000_2,57.066167,11.6977,Constrained by her draught,0.0,12.6,342.0,341.0,9387255,8PXO5,MAIN,Tanker,No additional information,42.0,246.0,GLONASS,14.5,SUEZ,15/02/2025 14:30:00,AIS,POINT (11.6977 57.066167),314839000_2,0 days 00:01:00,-3.886190778028033e-08,342.7186747147833,0.0,0,4.188105395382141,57.066167,11.6977
2025-02-02 18:27:04,2025-02-02 18:27:04,Class A,314839000_2,57.069467,11.695717,Constrained by her draught,0.0,12.5,341.0,341.0,9387255,8PXO5,MAIN,Tanker,No additional information,42.0,246.0,GLONASS,14.5,SUEZ,15/02/2025 14:30:00,AIS,POINT (11.695717 57.069467),314839000_2,0 days 00:01:00,-1.1356680361840199e-06,341.9095587966195,0.0,0,4.191015409896032,57.069467,11.695717
2025-02-02 18:28:04,2025-02-02 18:28:04,Class A,314839000_2,57.07275,11.693733,Constrained by her draught,0.0,12.5,341.0,341.0,9387255,8PXO5,MAIN,Tanker,No additional information,42.0,246.0,GLONASS,14.5,SUEZ,15/02/2025 14:30:00,AIS,POINT (11.693733 57.07275),314839000_2,0 days 00:01:00,-4.952596036223901e-07,341.8149695065188,0.0,0,4.193922594274839,57.07275,11.693733
2025-02-02 18:29:04,2025-02-02 18:29:04,Class A,314839000_2,57.076,11.69175,Constrained by her draught,0.0,12.5,341.0,341.0,9387255,8PXO5,MAIN,Tanker,No additional information,42.0,246.0,GLONASS,14.5,SUEZ,15/02/2025 14:30:00,AIS,POINT (11.69175 57.076),314839000_2,0 days 00:01:00,-9.753417293412286e-07,341.65277848387444,0.0,0,4.196820022892093,57.076,11.69175
2025-02-02 18:30:04,2025-02-02 18:30:04,Class A,314839000_2,57.079383,11.689717,Constrained by her draught,0.0,12.5,341.0,341.0,9387255,8PXO5,MAIN,Tanker,No additional information,42.0,246.0,GLONASS,14.5,SUEZ,15/02/2025 14:30:00,AIS,POINT (11.689717 57.079383),314839000_2,0 days 00:01:00,4.170123519057625e-06,341.91304428982573,0.0,0,4.199807976967756,57.079383,11.689717
2025-02-02 18:31:04,2025-02-02 18:31:04,Class A,314839000_2,57.082617,11.687733,Constrained by her draught,0.0,12.5,341.0,342.0,9387255,8PXO5,MAIN,Tanker,No additional information,42.0,246.0,GLONASS,14.5,SUEZ,15/02/2025 14:30:00,AIS,POINT (11.687733 57.082617),314839000_2,0 days 00:01:00,-4.6361409635848364e-06,341.5625283078807,0.0,0,4.202704310946703,57.082617,11.687733
2025-02-02 18:32:04,2025-02-02 18:32:04,Class A,314839000_2,57.085933,11.685767,Constrained by her draught,0.0,12.5,342.0,342.0,9387255,8PXO5,MAIN,Tanker,No additional information,42.0,246.0,GLONASS,14.5,SUEZ,15/02/2025 14:30:00,AIS,POINT (11.685767 57.085933),314839000_2,0 days 00:01:00,2.314479260020491e-06,342.1431562193894,0.0,0,4.205610709920973,57.085933,11.685767
2025-02-02 18:33:04,2025-02-02 18:33:04,Class A,314839000_2,57.0893,11.68375,Constrained by her draught,0.0,12.6,341.0,341.0,9387255,8PXO5,MAIN,Tanker,No additional information,42.0,246.0,GLONASS,14.5,SUEZ,15/02/2025 14:30:00,AIS,POINT (11.68375 57.0893),314839000_2,0 days 00:01:00,1.764829787808623e-06,341.9709260700051,0.0,0,4.2085830790597445,57.0893,11.68375
2025-02-02 18:34:04,2025-02-02 18:34:04,Class A,314839000_2,57.09255,11.6817,Constrained by her draught,0.0,12.6,341.0,342.0,9387255,8PXO5,MAIN,Tanker,No additional information,42.0,246.0,GLONASS,14.5,SUEZ,15/02/2025 14:30:00,AIS,POINT (11.6817 57.09255),314839000_2,0 days 00:01:00,-3.256671890099321e-06,341.0841905401596,0.0,0,4.21155148515936,57.09255,11.6817
2025-02-02 18:35:05,2025-02-02 18:35:05,Class A,314839000_2,57.095967,11.679617,Constrained by her draught,0.0,12.6,341.0,342.0,9387255,8PXO5,MAIN,Tanker,No additional information,42.0,246.0,GLONASS,14.5,SUEZ,15/02/2025 14:30:00,AIS,POINT (11.679617 57.095967),314839000_2,0 days 00:01:01,3.192495177635755e-06,341.67755669192354,0.0,0,4.214605300521746,57.095967,11.679617
2025-02-02 18:36:05,2025-02-02 18:36:05,Class A,314839000_2,57.099283,11.6776,Constrained by her draught,0.0,12.6,341.0,342.0,9387255,8PXO5,MAIN,Tanker,No additional information,42.0,246.0,GLONASS,14.5,SUEZ,15/02/2025 14:30:00,AIS,POINT (11.6776 57.099283),314839000_2,0 days 00:01:00,-1.4905091998855969e-06,341.7165647189704,0.0,0,4.2175661638728315,57.099283,11.6776
2025-02-02 18:37:05,2025-02-02 18:37:05,Class A,314839000_2,57.102567,11.675567,Constrained by her draught,0.0,12.6,341.0,342.0,9387255,8PXO5,MAIN,Tanker,No additional information,42.0,246.0,GLONASS,14.5,SUEZ,15/02/2025 14:30:00,AIS,POINT (11.675567 57.102567),314839000_2,0 days 00:01:00,-8.544726781590003e-07,341.415617836109,0.0,0,4.22053356505857,57.102567,11.675567
2025-02-02 18:38:05,2025-02-02 18:38:05,Class A,314839000_2,57.105933,11.6735,Constrained by her draught,0.0,12.7,341.0,343.0,9387255,8PXO5,MAIN,Tanker,No additional information,42.0,246.0,GLONASS,14.5,SUEZ,15/02/2025 14:30:00,AIS,POINT (11.6735 57.105933),314839000_2,0 days 00:01:00,2.585955780417832e-06,341.5565307477541,0.0,0,4.223560665131377,57.105933,11.6735
2025-02-02 18:39:05,2025-02-02 18:39:05,Class A,314839000_2,57.109267,11.67145,Constrained by her draught,0.0,12.7,341.0,345.0,9387255,8PXO5,MAIN,Tanker,No additional information,42.0,246.0,GLONASS,14.5,SUEZ,15/02/2025 14:30:00,AIS,POINT (11.67145 57.109267),314839000_2,0 days 00:01:00,-1.0304768498987002e-06,341.535819296608,0.0,0,4.226563002171979,57.109267,11.67145
2025-02-02 18:40:05,2025-02-02 18:40:05,Class A,314839000_2,57.112683,11.669733,Constrained by her draught,0.0,12.7,344.0,347.0,9387255,8PXO5,MAIN,Tanker,No additional information,42.0,246.0,GLONASS,14.5,SUEZ,15/02/2025 14:30:00,AIS,POINT (11.669733 57.112683),314839000_2,0 days 00:01:00,7.974829402747873e-07,344.73439358421666,0.0,0,4.229277252116014,57.112683,11.669733
2025-02-02 18:41:04,2025-02-02 18:41:04,Class A,314839000_2,57.11605,11.668067,Constrained by her draught,0.0,12.7,345.0,346.0,9387255,8PXO5,MAIN,Tanker,No additional information,42.0,246.0,GLONASS,14.5,SUEZ,15/02/2025 14:30:00,AIS,POINT (11.668067 57.11605),314839000_2,0 days 00:00:59,1.4227854954152508e-07,344.96271378086885,0.0,0,4.231929250838794,57.11605,11.668067
2025-02-02 18:42:04,2025-02-02 18:42:04,Class A,314839000_2,57.11945,11.666383,Constrained by her draught,0.0,12.7,344.0,345.0,9387255,8PXO5,MAIN,Tanker,No additional information,42.0,246.0,GLONASS,14.5,SUEZ,15/02/2025 14:30:00,AIS,POINT (11.666383 57.11945),314839000_2,0 days 00:01:00,-7.643151107108338e-07,344.949770156012,0.0,0,4.234610522110505,57.11945,11.666383
2025-02-02 18:43:04,2025-02-02 18:43:04,Class A,314839000_2,57.12285,11.6646,Constrained by her draught,0.0,12.7,344.0,345.0,9387255,8PXO5,MAIN,Tanker,No additional information,42.0,246.0,GLONASS,14.5,SUEZ,15/02/2025 14:30:00,AIS,POINT (11.6646 57.12285),314839000_2,0 days 00:01:00,4.4454320158197315e-07,344.1099159831519,0.0,0,4.23738728422928,57.12285,11.6646
2025-02-02 18:44:04,2025-02-02 18:44:04,Class A,314839000_2,57.12615,11.66295,Constrained by her draught,0.0,12.6,344.0,345.0,9387255,8PXO5,MAIN,Tanker,No additional information,42.0,246.0,GLONASS,14.5,SUEZ,15/02/2025 14:30:00,AIS,POINT (11.66295 57.12615),314839000_2,0 days 00:01:00,-3.581179758821498e-06,344.8159700980656,0.0,0,4.240007658394971,57.12615,11.66295
2025-02-02 18:45:04,2025-02-02 18:45:04,Class A,314839000_2,57.12965,11.66115,Constrained by her draught,0.0,12.6,344.0,345.0,9387255,8PXO5,MAIN,Tanker,No additional information,42.0,246.0,GLONASS,14.5,SUEZ,15/02/2025 14:30:00,AIS,POINT (11.66115 57.12965),314839000_2,0 days 00:01:00,6.634469502254791e-06,344.4043945355386,0.0,0,4.242835929192643,57.12965,11.66115
2025-02-02 18:46:04,2025-02-02 18:46:04,Class A,314839000_2,57.132917,11.65955,Constrained by her draught,0.0,12.6,344.0,345.0,9387255,8PXO5,MAIN,Tanker,No additional information,42.0,246.0,GLONASS,14.5,SUEZ,15/02/2025 14:30:00,AIS,POINT (11.65955 57.132917),314839000_2,0 days 00:01:00,-7.840014460976473e-06,345.11600281819085,0.0,0,4.24540160558798,57.132917,11.65955
2025-02-02 18:47:04,2025-02-02 18:47:04,Class A,314839000_2,57.13635,11.657833,Constrained by her draught,0.0,12.7,344.0,345.0,9387255,8PXO5,MAIN,Tanker,No additional information,42.0,246.0,GLONASS,14.5,SUEZ,15/02/2025 14:30:00,AIS,POINT (11.657833 57.13635),314839000_2,0 days 00:01:00,5.469479704552776e-06,344.8157441268724,0.0,0,4.248133128489384,57.13635,11.657833
2025-02-02 18:48:04,2025-02-02 18:48:04,Class A,314839000_2,57.139783,11.656067,Constrained by her draught,0.0,12.7,344.0,345.0,9387255,8PXO5,MAIN,Tanker,No additional information,42.0,246.0,GLONASS,14.5,SUEZ,15/02/2025 14:30:00,AIS,POINT (11.656067 57.139783),314839000_2,0 days 00:01:00,2.1846724588305e-07,344.4046137906748,0.0,0,4.2509127342256745,57.139783,11.656067
2025-02-02 18:49:04,2025-02-02 18:49:04,Class A,314839000_2,57.1431,11.6544,Constrained by her draught,0.0,12.7,344.0,345.0,9387255,8PXO5,MAIN,Tanker,No additional information,42.0,246.0,GLONASS,14.5,SUEZ,15/02/2025 14:30:00,AIS,POINT (11.6544 57.1431),314839000_2,0 days 00:01:00,-3.902915718346882e-06,344.74842950995304,0.0,0,4.253562810427041,57.1431,11.6544
2025-02-02 18:50:04,2025-02-02 18:50:04,Class A,314839000_2,57.146583,11.652667,Constrained by her draught,0.0,12.6,344.0,345.0,9387255,8PXO5,MAIN,Tanker,No additional information,42.0,246.0,GLONASS,14.5,SUEZ,15/02/2025 14:30:00,AIS,POINT (11.652667 57.146583),314839000_2,0 days 00:01:00,5.245735186081794e-06,344.8946446849363,0.0,0,4.256330735551691,57.146583,11.652667
2025-02-02 18:51:04,2025-02-02 18:51:04,Class A,314839000_2,57.149917,11.651,Constrained by her draught,0.0,12.6,344.0,345.0,9387255,8PXO5,MAIN,Tanker,No additional information,42.0,246.0,GLONASS,14.5,SUEZ,15/02/2025 14:30:00,AIS,POINT (11.651 57.149917),314839000_2,0 days 00:01:00,-4.73960141589965e-06,344.8252680729547,0.0,0,4.258989589800497,57.149917,11.651
2025-02-02 18:52:04,2025-02-02 18:52:04,Class A,314839000_2,57.153317,11.649317,Constrained by her draught,0.0,12.6,344.0,345.0,9387255,8PXO5,MAIN,Tanker,No additional information,42.0,246.0,GLONASS,14.5,SUEZ,15/02/2025 14:30:00,AIS,POINT (11.649317 57.153317),314839000_2,0 days 00:01:00,2.0404739979747234e-06,344.9714358110294,0.0,0,4.261686653636796,57.153317,11.649317
2025-02-02 18:53:05,2025-02-02 18:53:05,Class A,314839000_2,57.156733,11.647483,Constrained by her draught,0.0,12.6,344.0,345.0,9387255,8PXO5,MAIN,Tanker,No additional information,42.0,246.0,GLONASS,14.5,SUEZ,15/02/2025 14:30:00,AIS,POINT (11.647483 57.156733),314839000_2,0 days 00:01:01,-6.327365274945014e-07,343.7657757133144,0.0,0,4.264533352298468,57.156733,11.647483
2025-02-02 18:54:05,2025-02-02 18:54:05,Class A,314839000_2,57.160117,11.645683,Constrained by her draught,0.0,12.6,344.0,345.0,9387255,8PXO5,MAIN,Tanker,No additional information,42.0,246.0,GLONASS,14.5,SUEZ,15/02/2025 14:30:00,AIS,POINT (11.645683 57.160117),314839000_2,0 days 00:01:00,6.937984856734189e-07,343.9096497911065,0.0,0,4.267339087680987,57.160117,11.645683
2025-02-02 18:55:05,2025-02-02 18:55:05,Class A,314839000_2,57.163433,11.644017,Constrained by her draught,0.0,12.6,344.0,345.0,9387255,8PXO5,MAIN,Tanker,No additional information,42.0,246.0,GLONASS,14.5,SUEZ,15/02/2025 14:30:00,AIS,POINT (11.644017 57.163433),314839000_2,0 days 00:01:00,-2.6351208343502294e-06,344.76075905266794,0.0,0,4.269997546767678,57.163433,11.644017
2025-02-02 18:56:15,2025-02-02 18:56:15,Class A,314839000_2,57.1674,11.641867,Constrained by her draught,0.0,12.6,343.0,343.0,9387255,8PXO5,MAIN,Tanker,No additional information,42.0,246.0,GLONASS,14.5,SUEZ,15/02/2025 14:30:00,AIS,POINT (11.641867 57.1674),314839000_2,0 days 00:01:10,2.8448415778585782e-06,343.624676094836,0.0,0,4.2733282331930695,57.1674,11.641867
2025-02-02 18:57:15,2025-02-02 18:57:15,Class A,314839000_2,57.170667,11.6399,Constrained by her draught,0.0,12.6,341.0,342.0,9387255,8PXO5,MAIN,Tanker,No additional information,42.0,246.0,GLONASS,14.5,SUEZ,15/02/2025 14:30:00,AIS,POINT (11.6399 57.170667),314839000_2,0 days 00:01:00,-3.3196767286104973e-06,341.9228013666918,0.0,0,4.276258316171861,57.170667,11.6399
2025-02-02 18:58:04,2025-02-02 18:58:04,Class A,314839000_2,57.1734,11.63815,Constrained by her draught,0.0,12.6,341.0,342.0,9387255,8PXO5,MAIN,Tanker,No additional information,42.0,246.0,GLONASS,14.5,SUEZ,15/02/2025 14:30:00,AIS,POINT (11.63815 57.1734),314839000_2,0 days 00:00:49,4.010375320355022e-06,340.85729528024814,0.0,0,4.278809237690786,57.1734,11.63815
2025-02-02 18:59:04,2025-02-02 18:59:04,Class A,314839000_2,57.176717,11.636083,Constrained by her draught,0.0,12.5,341.0,342.0,9387255,8PXO5,MAIN,Tanker,No additional information,42.0,246.0,GLONASS,14.5,SUEZ,15/02/2025 14:30:00,AIS,POINT (11.636083 57.176717),314839000_2,0 days 00:01:00,-1.2786336541373636e-06,341.3361404518387,0.0,0,4.281852744227666,57.176717,11.636083
2025-02-02 19:00:04,2025-02-02 19:00:04,Class A,314839000_2,57.17995,11.634017,Constrained by her draught,0.0,12.5,341.0,343.0,9387255,8PXO5,MAIN,Tanker,No additional information,42.0,246.0,GLONASS,14.5,SUEZ,15/02/2025 14:30:00,AIS,POINT (11.634017 57.17995),314839000_2,0 days 00:01:00,-2.4645001321953185e-06,340.8961341482645,0.0,0,4.2848689973096015,57.17995,11.634017
2025-02-02 19:01:04,2025-02-02 19:01:04,Class A,314839000_2,57.1832,11.632033,Constrained by her draught,0.0,12.3,342.0,344.0,9387255,8PXO5,MAIN,Tanker,No additional information,42.0,246.0,GLONASS,14.5,SUEZ,15/02/2025 14:30:00,AIS,POINT (11.632033 57.1832),314839000_2,0 days 00:01:00,5.4509288933664646e-08,341.6936735199413,0.0,0,4.287814784883904,57.1832,11.632033
2025-02-02 19:02:04,2025-02-02 19:02:04,Class A,314839000_2,57.18645,11.630133,Constrained by her draught,0.0,12.3,342.0,343.0,9387255,8PXO5,MAIN,Tanker,No additional information,42.0,246.0,GLONASS,14.5,SUEZ,15/02/2025 14:30:00,AIS,POINT (11.630133 57.18645),314839000_2,0 days 00:01:00,-4.3632758211240366e-07,342.4214983470062,0.0,0,4.29068266316317,57.18645,11.630133
2025-02-02 19:03:04,2025-02-02 19:03:04,Class A,314839000_2,57.1897,11.6281,Constrained by her draught,0.0,12.4,341.0,343.0,9387255,8PXO5,MAIN,Tanker,No additional information,42.0,246.0,GLONASS,14.5,SUEZ,15/02/2025 14:30:00,AIS,POINT (11.6281 57.1897),314839000_2,0 days 00:01:00,6.963931288686091e-07,341.2758014262236,0.0,0,4.293677406215796,57.1897,11.6281
2025-02-02 19:04:05,2025-02-02 19:04:05,Class A,314839000_2,57.193,11.626133,Constrained by her draught,0.0,12.5,341.0,342.0,9387255,8PXO5,MAIN,Tanker,No additional information,42.0,246.0,GLONASS,14.5,SUEZ,15/02/2025 14:30:00,AIS,POINT (11.626133 57.193),314839000_2,0 days 00:01:01,-6.300838116851488e-07,342.10210492503836,0.0,0,4.296627827874902,57.193,11.626133
2025-02-02 19:05:05,2025-02-02 19:05:05,Class A,314839000_2,57.196267,11.624017,Constrained by her draught,0.0,12.5,340.0,341.0,9387255,8PXO5,MAIN,Tanker,No additional information,42.0,246.0,GLONASS,14.5,SUEZ,15/02/2025 14:30:00,AIS,POINT (11.624017 57.196267),314839000_2,0 days 00:01:00,1.5910494103426633e-06,340.6644353396676,0.0,0,4.299709201723529,57.196267,11.624017
2025-02-02 19:06:05,2025-02-02 19:06:05,Class A,314839000_2,57.199583,11.621683,Constrained by her draught,0.0,12.5,339.0,340.0,9387255,8PXO5,MAIN,Tanker,No additional information,42.0,246.0,GLONASS,14.5,SUEZ,15/02/2025 14:30:00,AIS,POINT (11.621683 57.199583),314839000_2,0 days 00:01:00,2.6827240066413465e-06,339.12872141743946,0.0,0,4.303013762941734,57.199583,11.621683
2025-02-02 19:07:05,2025-02-02 19:07:05,Class A,314839000_2,57.202733,11.619433,Constrained by her draught,0.0,12.5,339.0,340.0,9387255,8PXO5,MAIN,Tanker,No additional information,42.0,246.0,GLONASS,14.5,SUEZ,15/02/2025 14:30:00,AIS,POINT (11.619433 57.202733),314839000_2,0 days 00:01:00,-5.3001841714694044e-06,338.8483801893945,0.0,0,4.306185044661458,57.202733,11.619433
2025-02-02 19:08:05,2025-02-02 19:08:05,Class A,314839000_2,57.206,11.617067,Constrained by her draught,0.0,12.4,338.0,341.0,9387255,8PXO5,MAIN,Tanker,No additional information,42.0,246.0,GLONASS,14.5,SUEZ,15/02/2025 14:30:00,AIS,POINT (11.617067 57.206),314839000_2,0 days 00:01:00,4.078577275232632e-06,338.58265058671356,0.0,0,4.309505890447883,57.206,11.617067
2025-02-02 19:09:05,2025-02-02 19:09:05,Class A,314839000_2,57.2092,11.614867,Constrained by her draught,0.0,12.5,339.0,341.0,9387255,8PXO5,MAIN,Tanker,No additional information,42.0,246.0,GLONASS,14.5,SUEZ,15/02/2025 14:30:00,AIS,POINT (11.614867 57.2092),314839000_2,0 days 00:01:00,-2.933535265817897e-06,339.5782237574561,0.0,0,4.312649102280987,57.2092,11.614867
2025-02-02 19:10:05,2025-02-02 19:10:05,Class A,314839000_2,57.212417,11.61265,Constrained by her draught,0.0,12.4,339.0,341.0,9387255,8PXO5,MAIN,Tanker,No additional information,42.0,246.0,GLONASS,14.5,SUEZ,15/02/2025 14:30:00,AIS,POINT (11.61265 57.212417),314839000_2,0 days 00:01:00,5.914140634623541e-07,339.5348708219417,0.0,0,4.315815232389936,57.212417,11.61265
2025-02-02 19:11:04,2025-02-02 19:11:04,Class A,314839000_2,57.2156,11.610433,Constrained by her draught,0.0,12.5,339.0,340.0,9387255,8PXO5,MAIN,Tanker,No additional information,42.0,246.0,GLONASS,14.5,SUEZ,15/02/2025 14:30:00,AIS,POINT (11.610433 57.2156),314839000_2,0 days 00:00:59,8.120236332992837e-07,339.33628697535875,0.0,0,4.318971166825381,57.2156,11.610433
2025-02-02 19:12:04,2025-02-02 19:12:04,Class A,314839000_2,57.218833,11.608133,Constrained by her draught,0.0,12.5,339.0,340.0,9387255,8PXO5,MAIN,Tanker,No additional information,42.0,246.0,GLONASS,14.5,SUEZ,15/02/2025 14:30:00,AIS,POINT (11.608133 57.218833),314839000_2,0 days 00:01:00,1.5674753685492733e-07,338.93433913159197,0.0,0,4.3222232536121945,57.218833,11.608133
2025-02-02 19:13:04,2025-02-02 19:13:04,Class A,314839000_2,57.2221,11.605817,Constrained by her draught,0.0,12.4,339.0,340.0,9387255,8PXO5,MAIN,Tanker,No additional information,42.0,246.0,GLONASS,14.5,SUEZ,15/02/2025 14:30:00,AIS,POINT (11.605817 57.2221),314839000_2,0 days 00:01:00,1.076807223485031e-06,339.003771833271,0.0,0,4.325503043971301,57.2221,11.605817
2025-02-02 19:14:04,2025-02-02 19:14:04,Class A,314839000_2,57.225283,11.6036,Constrained by her draught,0.0,12.4,339.0,340.0,9387255,8PXO5,MAIN,Tanker,No additional information,42.0,246.0,GLONASS,14.5,SUEZ,15/02/2025 14:30:00,AIS,POINT (11.6036 57.225283),314839000_2,0 days 00:01:00,-3.0209338688555725e-06,339.3412513457985,0.0,0,4.328662535084594,57.225283,11.6036
2025-02-02 19:15:04,2025-02-02 19:15:04,Class A,314839000_2,57.2285,11.601333,Constrained by her draught,0.0,12.4,339.0,340.0,9387255,8PXO5,MAIN,Tanker,No additional information,42.0,246.0,GLONASS,14.5,SUEZ,15/02/2025 14:30:00,AIS,POINT (11.601333 57.2285),314839000_2,0 days 00:01:00,1.280084296979642e-06,339.1210823337116,0.0,0,4.331881736990171,57.2285,11.601333
2025-02-02 19:16:04,2025-02-02 19:16:04,Class A,314839000_2,57.231733,11.599067,Constrained by her draught,0.0,12.4,339.0,340.0,9387255,8PXO5,MAIN,Tanker,No additional information,42.0,246.0,GLONASS,14.5,SUEZ,15/02/2025 14:30:00,AIS,POINT (11.599067 57.231733),314839000_2,0 days 00:01:00,4.553833844233122e-07,339.22561329239545,0.0,0,4.335106588355354,57.231733,11.599067
2025-02-02 19:17:04,2025-02-02 19:17:04,Class A,314839000_2,57.234967,11.5968,Constrained by her draught,0.0,12.4,339.0,340.0,9387255,8PXO5,MAIN,Tanker,No additional information,42.0,246.0,GLONASS,14.5,SUEZ,15/02/2025 14:30:00,AIS,POINT (11.5968 57.234967),314839000_2,0 days 00:01:00,3.3742949467867556e-08,339.2247725390708,0.0,0,4.3383339149066185,57.234967,11.5968
2025-02-02 19:18:04,2025-02-02 19:18:04,Class A,314839000_2,57.238267,11.5945,Constrained by her draught,0.0,12.4,339.0,340.0,9387255,8PXO5,MAIN,Tanker,No additional information,42.0,246.0,GLONASS,14.5,SUEZ,15/02/2025 14:30:00,AIS,POINT (11.5945 57.238267),314839000_2,0 days 00:01:00,2.1041846192866354e-06,339.3355087928422,0.0,0,4.341615855995207,57.238267,11.5945
2025-02-02 19:19:04,2025-02-02 19:19:04,Class A,314839000_2,57.2415,11.592233,Constrained by her draught,0.0,12.4,339.0,340.0,9387255,8PXO5,MAIN,Tanker,No additional information,42.0,246.0,GLONASS,14.5,SUEZ,15/02/2025 14:30:00,AIS,POINT (11.592233 57.2415),314839000_2,0 days 00:01:00,-2.1353917920052175e-06,339.2222628136785,0.0,0,4.34484525435245,57.2415,11.592233
2025-02-02 19:20:04,2025-02-02 19:20:04,Class A,314839000_2,57.244667,11.59,Constrained by her draught,0.0,12.4,339.0,340.0,9387255,8PXO5,MAIN,Tanker,No additional information,42.0,246.0,GLONASS,14.5,SUEZ,15/02/2025 14:30:00,AIS,POINT (11.59 57.244667),314839000_2,0 days 00:01:00,-2.1119958815861197e-06,339.1188934427688,0.0,0,4.348021425548521,57.244667,11.59
2025-02-02 19:21:04,2025-02-02 19:21:04,Class A,314839000_2,57.24795,11.587683,Constrained by her draught,0.0,12.4,339.0,340.0,9387255,8PXO5,MAIN,Tanker,No additional information,42.0,246.0,GLONASS,14.5,SUEZ,15/02/2025 14:30:00,AIS,POINT (11.587683 57.24795),314839000_2,0 days 00:01:00,3.853714065991595e-06,339.10238159578415,0.0,0,4.351317206429451,57.24795,11.587683
2025-02-02 19:22:04,2025-02-02 19:22:04,Class A,314839000_2,57.251133,11.585433,Constrained by her draught,0.0,12.4,339.0,340.0,9387255,8PXO5,MAIN,Tanker,No additional information,42.0,246.0,GLONASS,14.5,SUEZ,15/02/2025 14:30:00,AIS,POINT (11.585433 57.251133),314839000_2,0 days 00:01:00,-3.2918162838489636e-06,339.0736444567437,0.0,0,4.354517118081636,57.251133,11.585433
2025-02-02 19:23:05,2025-02-02 19:23:05,Class A,314839000_2,57.254467,11.583117,Constrained by her draught,0.0,12.4,339.0,340.0,9387255,8PXO5,MAIN,Tanker,No additional information,42.0,246.0,GLONASS,14.5,SUEZ,15/02/2025 14:30:00,AIS,POINT (11.583117 57.254467),314839000_2,0 days 00:01:01,2.9035323496331073e-06,339.4064932948474,0.0,0,4.3578317610006465,57.254467,11.583117
2025-02-02 19:24:05,2025-02-02 19:24:05,Class A,314839000_2,57.2577,11.580833,Constrained by her draught,0.0,12.5,338.0,340.0,9387255,8PXO5,MAIN,Tanker,No additional information,42.0,246.0,GLONASS,14.5,SUEZ,15/02/2025 14:30:00,AIS,POINT (11.580833 57.2577),314839000_2,0 days 00:01:00,-1.3059337175553987e-06,339.08829309966603,0.0,0,4.3610830532642915,57.2577,11.580833
2025-02-02 19:25:05,2025-02-02 19:25:05,Class A,314839000_2,57.2609,11.5786,Constrained by her draught,0.0,12.5,339.0,340.0,9387255,8PXO5,MAIN,Tanker,No additional information,42.0,246.0,GLONASS,14.5,SUEZ,15/02/2025 14:30:00,AIS,POINT (11.5786 57.2609),314839000_2,0 days 00:01:00,-1.2592906354712853e-06,339.3242578745519,0.0,0,4.364276296460617,57.2609,11.5786
2025-02-02 19:26:05,2025-02-02 19:26:05,Class A,314839000_2,57.264183,11.576283,Constrained by her draught,0.0,12.5,339.0,340.0,9387255,8PXO5,MAIN,Tanker,No additional information,42.0,246.0,GLONASS,14.5,SUEZ,15/02/2025 14:30:00,AIS,POINT (11.576283 57.264183),314839000_2,0 days 00:01:00,2.899260851095513e-06,339.1107920062066,0.0,0,4.367578061038635,57.264183,11.576283
2025-02-02 19:27:03,2025-02-02 19:27:03,Class A,314839000_2,57.267317,11.574067,Constrained by her draught,0.0,12.5,339.0,340.0,9387255,8PXO5,MAIN,Tanker,No additional information,42.0,246.0,GLONASS,14.5,SUEZ,15/02/2025 14:30:00,AIS,POINT (11.574067 57.267317),314839000_2,0 days 00:00:58,-1.376883047893918e-06,339.0765428523212,0.0,0,4.370734998462615,57.267317,11.574067
2025-02-02 19:28:03,2025-02-02 19:28:03,Class A,314839000_2,57.270567,11.571767,Constrained by her draught,0.0,12.5,339.0,340.0,9387255,8PXO5,MAIN,Tanker,No additional information,42.0,246.0,GLONASS,14.5,SUEZ,15/02/2025 14:30:00,AIS,POINT (11.571767 57.270567),314839000_2,0 days 00:01:00,2.7345259557620564e-07,339.06178376809015,0.0,0,4.3740117934667255,57.270567,11.571767
2025-02-02 19:29:03,2025-02-02 19:29:03,Class A,314839000_2,57.2738,11.569533,Constrained by her draught,0.0,12.5,339.0,340.0,9387255,8PXO5,MAIN,Tanker,No additional information,42.0,246.0,GLONASS,14.5,SUEZ,15/02/2025 14:30:00,AIS,POINT (11.569533 57.2738),314839000_2,0 days 00:01:00,-8.847766943300729e-07,339.51586386483405,0.0,0,4.377221939777443,57.2738,11.569533
2025-02-02 19:30:03,2025-02-02 19:30:03,Class A,314839000_2,57.277067,11.567267,Constrained by her draught,0.0,12.5,339.0,340.0,9387255,8PXO5,MAIN,Tanker,No additional information,42.0,246.0,GLONASS,14.5,SUEZ,15/02/2025 14:30:00,AIS,POINT (11.567267 57.277067),314839000_2,0 days 00:01:00,1.1719758818607509e-06,339.4467983540198,0.0,0,4.3804750214315815,57.277067,11.567267
2025-02-02 19:31:03,2025-02-02 19:31:03,Class A,314839000_2,57.28035,11.565,Constrained by her draught,0.0,12.5,339.0,340.0,9387255,8PXO5,MAIN,Tanker,No additional information,42.0,246.0,GLONASS,14.5,SUEZ,15/02/2025 14:30:00,AIS,POINT (11.565 57.28035),314839000_2,0 days 00:01:00,4.682109735486389e-07,339.5320393265264,0.0,0,4.3837357593892445,57.28035,11.565
2025-02-02 19:32:05,2025-02-02 19:32:05,Class A,314839000_2,57.28375,11.562583,Constrained by her draught,0.0,12.6,339.0,340.0,9387255,8PXO5,MAIN,Tanker,No additional information,42.0,246.0,GLONASS,14.5,SUEZ,15/02/2025 14:30:00,AIS,POINT (11.562583 57.28375),314839000_2,0 days 00:01:02,6.181775740593442e-07,338.98250879338667,0.0,0,4.3871789107317,57.28375,11.562583
2025-02-02 19:33:05,2025-02-02 19:33:05,Class A,314839000_2,57.286967,11.560317,Constrained by her draught,0.0,12.6,339.0,340.0,9387255,8PXO5,MAIN,Tanker,No additional information,42.0,246.0,GLONASS,14.5,SUEZ,15/02/2025 14:30:00,AIS,POINT (11.560317 57.286967),314839000_2,0 days 00:01:00,-2.5570164615099987e-06,339.15974767721775,0.0,0,4.390418288248398,57.286967,11.560317
2025-02-02 19:34:05,2025-02-02 19:34:05,Class A,314839000_2,57.29025,11.558,Constrained by her draught,0.0,12.6,339.0,340.0,9387255,8PXO5,MAIN,Tanker,No additional information,42.0,246.0,GLONASS,14.5,SUEZ,15/02/2025 14:30:00,AIS,POINT (11.558 57.29025),314839000_2,0 days 00:01:00,2.210957278440748e-06,339.12430264588005,0.0,0,4.393729526558047,57.29025,11.558
2025-02-02 19:35:05,2025-02-02 19:35:05,Class A,314839000_2,57.293467,11.555767,Constrained by her draught,0.0,12.6,339.0,339.0,9387255,8PXO5,MAIN,Tanker,No additional information,42.0,246.0,GLONASS,14.5,SUEZ,15/02/2025 14:30:00,AIS,POINT (11.555767 57.293467),314839000_2,0 days 00:01:00,-2.4089408841283886e-06,339.4410120172459,0.0,0,4.396940249808496,57.293467,11.555767
2025-02-02 19:36:05,2025-02-02 19:36:05,Class A,314839000_2,57.296817,11.553333,Constrained by her draught,0.0,12.6,338.0,340.0,9387255,8PXO5,MAIN,Tanker,No additional information,42.0,246.0,GLONASS,14.5,SUEZ,15/02/2025 14:30:00,AIS,POINT (11.553333 57.296817),314839000_2,0 days 00:01:00,5.047395907776695e-06,338.567406649207,0.0,0,4.40038682382015,57.296817,11.553333
2025-02-02 19:37:05,2025-02-02 19:37:05,Class A,314839000_2,57.300083,11.551083,Constrained by her draught,0.0,12.6,339.0,340.0,9387255,8PXO5,MAIN,Tanker,No additional information,42.0,246.0,GLONASS,14.5,SUEZ,15/02/2025 14:30:00,AIS,POINT (11.551083 57.300083),314839000_2,0 days 00:01:00,-3.530245500031398e-06,339.5858844210489,0.0,0,4.403632858568707,57.300083,11.551083
2025-02-02 19:38:05,2025-02-02 19:38:05,Class A,314839000_2,57.303333,11.54885,Constrained by her draught,0.0,12.6,339.0,340.0,9387255,8PXO5,MAIN,Tanker,No additional information,42.0,246.0,GLONASS,14.5,SUEZ,15/02/2025 14:30:00,AIS,POINT (11.54885 57.303333),314839000_2,0 days 00:01:00,-5.64292035888358e-07,339.6375535578506,0.0,0,4.406858558740569,57.303333,11.54885
2025-02-02 19:39:03,2025-02-02 19:39:03,Class A,314839000_2,57.306533,11.5466,Constrained by her draught,0.0,12.7,339.0,340.0,9387255,8PXO5,MAIN,Tanker,No additional information,42.0,246.0,GLONASS,14.5,SUEZ,15/02/2025 14:30:00,AIS,POINT (11.5466 57.306533),314839000_2,0 days 00:00:58,2.3831877793157626e-06,339.20389267144833,0.0,0,4.410083892585832,57.306533,11.5466
2025-02-02 19:40:03,2025-02-02 19:40:03,Class A,314839000_2,57.3098,11.544333,Constrained by her draught,0.0,12.6,339.0,340.0,9387255,8PXO5,MAIN,Tanker,No additional information,42.0,246.0,GLONASS,14.5,SUEZ,15/02/2025 14:30:00,AIS,POINT (11.544333 57.3098),314839000_2,0 days 00:01:00,-1.614067090678845e-06,339.45524355867633,0.0,0,4.413349694061077,57.3098,11.544333
2025-02-02 19:41:03,2025-02-02 19:41:03,Class A,314839000_2,57.313117,11.541983,Constrained by her draught,0.0,12.6,339.0,340.0,9387255,8PXO5,MAIN,Tanker,No additional information,42.0,246.0,GLONASS,14.5,SUEZ,15/02/2025 14:30:00,AIS,POINT (11.541983 57.313117),314839000_2,0 days 00:01:00,1.937909831498079e-06,339.0628568740696,0.0,0,4.416711915016644,57.313117,11.541983
2025-02-02 19:42:03,2025-02-02 19:42:03,Class A,314839000_2,57.316367,11.539667,Constrained by her draught,0.0,12.6,339.0,340.0,9387255,8PXO5,MAIN,Tanker,No additional information,42.0,246.0,GLONASS,14.5,SUEZ,15/02/2025 14:30:00,AIS,POINT (11.539667 57.316367),314839000_2,0 days 00:01:00,-2.1400161681587946e-06,338.9527894937811,0.0,0,4.420019980450993,57.316367,11.539667
2025-02-02 19:43:05,2025-02-02 19:43:05,Class A,314839000_2,57.3197,11.53735,Constrained by her draught,0.0,12.6,339.0,340.0,9387255,8PXO5,MAIN,Tanker,No additional information,42.0,246.0,GLONASS,14.5,SUEZ,15/02/2025 14:30:00,AIS,POINT (11.53735 57.3197),314839000_2,0 days 00:01:02,-1.1121288143269463e-06,339.42612227834763,0.0,0,4.42335925492696,57.3197,11.53735
2025-02-02 19:44:05,2025-02-02 19:44:05,Class A,314839000_2,57.323,11.535,Constrained by her draught,0.0,12.6,339.0,340.0,9387255,8PXO5,MAIN,Tanker,No additional information,42.0,246.0,GLONASS,14.5,SUEZ,15/02/2025 14:30:00,AIS,POINT (11.535 57.323),314839000_2,0 days 00:01:00,2.7946882352602486e-06,338.96957349733026,0.0,0,4.426719020566812,57.323,11.535
2025-02-02 19:45:05,2025-02-02 19:45:05,Class A,314839000_2,57.326217,11.53275,Constrained by her draught,0.0,12.6,339.0,340.0,9387255,8PXO5,MAIN,Tanker,No additional information,42.0,246.0,GLONASS,14.5,SUEZ,15/02/2025 14:30:00,AIS,POINT (11.53275 57.326217),314839000_2,0 days 00:01:00,-2.9967868859237263e-06,339.3145945330195,0.0,0,4.429957121522622,57.326217,11.53275
2025-02-02 19:46:05,2025-02-02 19:46:05,Class A,314839000_2,57.3296,11.530367,Constrained by her draught,0.0,12.7,339.0,340.0,9387255,8PXO5,MAIN,Tanker,No additional information,42.0,246.0,GLONASS,14.5,SUEZ,15/02/2025 14:30:00,AIS,POINT (11.530367 57.3296),314839000_2,0 days 00:01:00,5.58958525723956e-06,339.18125254714835,0.0,0,4.433379322684333,57.3296,11.530367
2025-02-02 19:47:05,2025-02-02 19:47:05,Class A,314839000_2,57.332783,11.528183,Constrained by her draught,0.0,12.7,339.0,340.0,9387255,8PXO5,MAIN,Tanker,No additional information,42.0,246.0,GLONASS,14.5,SUEZ,15/02/2025 14:30:00,AIS,POINT (11.528183 57.332783),314839000_2,0 days 00:01:00,-6.964233291850581e-06,339.6778571960067,0.0,0,4.436545944027403,57.332783,11.528183
2025-02-02 19:48:04,2025-02-02 19:48:04,Class A,314839000_2,57.336,11.525917,Constrained by her draught,0.0,12.6,339.0,340.0,9387255,8PXO5,MAIN,Tanker,No additional information,42.0,246.0,GLONASS,14.5,SUEZ,15/02/2025 14:30:00,AIS,POINT (11.525917 57.336),314839000_2,0 days 00:00:59,3.326663884575609e-06,339.1851404975284,0.0,0,4.439802387900277,57.336,11.525917
2025-02-02 19:49:04,2025-02-02 19:49:04,Class A,314839000_2,57.339267,11.523617,Constrained by her draught,0.0,12.7,339.0,340.0,9387255,8PXO5,MAIN,Tanker,No additional information,42.0,246.0,GLONASS,14.5,SUEZ,15/02/2025 14:30:00,AIS,POINT (11.523617 57.339267),314839000_2,0 days 00:01:00,-1.582223206068184e-07,339.19691734596654,0.0,0,4.443109428563064,57.339267,11.523617
2025-02-02 19:50:04,2025-02-02 19:50:04,Class A,314839000_2,57.342567,11.521283,Constrained by her draught,0.0,12.7,339.0,340.0,9387255,8PXO5,MAIN,Tanker,No additional information,42.0,246.0,GLONASS,14.5,SUEZ,15/02/2025 14:30:00,AIS,POINT (11.521283 57.342567),314839000_2,0 days 00:01:00,1.1553456403644128e-06,339.11052179401713,0.0,0,4.4464610898162595,57.342567,11.521283
2025-02-02 19:51:04,2025-02-02 19:51:04,Class A,314839000_2,57.345933,11.51895,Constrained by her draught,0.0,12.7,339.0,340.0,9387255,8PXO5,MAIN,Tanker,No additional information,42.0,246.0,GLONASS,14.5,SUEZ,15/02/2025 14:30:00,AIS,POINT (11.51895 57.345933),314839000_2,0 days 00:01:00,1.902351080322693e-06,339.49548304456704,0.0,0,4.449836390963718,57.345933,11.51895
2025-02-02 19:52:04,2025-02-02 19:52:04,Class A,314839000_2,57.3492,11.51665,Constrained by her draught,0.0,12.7,339.0,340.0,9387255,8PXO5,MAIN,Tanker,No additional information,42.0,246.0,GLONASS,14.5,SUEZ,15/02/2025 14:30:00,AIS,POINT (11.51665 57.3492),314839000_2,0 days 00:01:00,-3.0612409310746494e-06,339.2020623743575,0.0,0,4.453146865683637,57.3492,11.51665
2025-02-02 19:53:04,2025-02-02 19:53:04,Class A,314839000_2,57.352533,11.514317,Constrained by her draught,0.0,12.8,339.0,340.0,9387255,8PXO5,MAIN,Tanker,No additional information,42.0,246.0,GLONASS,14.5,SUEZ,15/02/2025 14:30:00,AIS,POINT (11.514317 57.352533),314839000_2,0 days 00:01:00,2.1034995196569756e-06,339.31299499639033,0.0,0,4.456512792868657,57.352533,11.514317
2025-02-02 19:54:04,2025-02-02 19:54:04,Class A,314839000_2,57.355883,11.5119,Constrained by her draught,0.0,12.8,339.0,340.0,9387255,8PXO5,MAIN,Tanker,No additional information,42.0,246.0,GLONASS,14.5,SUEZ,15/02/2025 14:30:00,AIS,POINT (11.5119 57.355883),314839000_2,0 days 00:01:00,9.933809542768055e-07,338.7347930822814,0.0,0,4.459964433831843,57.355883,11.5119
2025-02-02 19:55:04,2025-02-02 19:55:04,Class A,314839000_2,57.359117,11.509617,Constrained by her draught,0.0,12.8,338.0,340.0,9387255,8PXO5,MAIN,Tanker,No additional information,42.0,246.0,GLONASS,14.5,SUEZ,15/02/2025 14:30:00,AIS,POINT (11.509617 57.359117),314839000_2,0 days 00:01:00,-4.155580565652064e-06,339.1551674273544,0.0,0,4.463250655428842,57.359117,11.509617
2025-02-02 19:56:04,2025-02-02 19:56:04,Class A,314839000_2,57.362517,11.507217,Constrained by her draught,0.0,12.8,338.0,340.0,9387255,8PXO5,MAIN,Tanker,No additional information,42.0,246.0,GLONASS,14.5,SUEZ,15/02/2025 14:30:00,AIS,POINT (11.507217 57.362517),314839000_2,0 days 00:01:00,5.493932379884503e-06,339.15841160248107,0.0,0,4.46670656031779,57.362517,11.507217
2025-02-02 19:57:04,2025-02-02 19:57:04,Class A,314839000_2,57.365767,11.504883,Constrained by her draught,0.0,12.8,338.0,340.0,9387255,8PXO5,MAIN,Tanker,No additional information,42.0,246.0,GLONASS,14.5,SUEZ,15/02/2025 14:30:00,AIS,POINT (11.504883 57.365767),314839000_2,0 days 00:01:00,-4.728208216907816e-06,338.82965307023784,0.0,0,4.47004836520255,57.365767,11.504883
2025-02-02 19:58:04,2025-02-02 19:58:04,Class A,314839000_2,57.369083,11.5025,Constrained by her draught,0.0,12.8,338.0,341.0,9387255,8PXO5,MAIN,Tanker,No additional information,42.0,246.0,GLONASS,14.5,SUEZ,15/02/2025 14:30:00,AIS,POINT (11.5025 57.369083),314839000_2,0 days 00:01:00,2.198510619020186e-06,338.818422717814,0.0,0,4.473460645612635,57.369083,11.5025
2025-02-02 19:59:04,2025-02-02 19:59:04,Class A,314839000_2,57.372483,11.5001,Constrained by her draught,0.0,12.9,339.0,342.0,9387255,8PXO5,MAIN,Tanker,No additional information,42.0,246.0,GLONASS,14.5,SUEZ,15/02/2025 14:30:00,AIS,POINT (11.5001 57.372483),314839000_2,0 days 00:01:00,2.525978635983675e-06,339.16358615426867,0.0,0,4.476920053010217,57.372483,11.5001
2025-02-02 20:00:04,2025-02-02 20:00:04,Class A,314839000_2,57.375733,11.497933,Constrained by her draught,0.0,12.8,340.0,343.0,9387255,8PXO5,MAIN,Tanker,No additional information,42.0,246.0,GLONASS,14.5,SUEZ,15/02/2025 14:30:00,AIS,POINT (11.497933 57.375733),314839000_2,0 days 00:01:00,-5.7058857641389645e-06,340.2279296249856,0.0,0,4.4801093234279445,57.375733,11.497933
2025-02-02 20:01:05,2025-02-02 20:01:05,Class A,314839000_2,57.379267,11.495733,Constrained by her draught,0.0,12.9,340.0,342.0,9387255,8PXO5,MAIN,Tanker,No additional information,42.0,246.0,GLONASS,14.5,SUEZ,15/02/2025 14:30:00,AIS,POINT (11.495733 57.379267),314839000_2,0 days 00:01:01,6.478991132756462e-06,341.448983498411,0.0,0,4.483432680352188,57.379267,11.495733
2025-02-02 20:02:05,2025-02-02 20:02:05,Class A,314839000_2,57.382583,11.49355,Constrained by her draught,0.0,12.8,340.0,342.0,9387255,8PXO5,MAIN,Tanker,No additional information,42.0,246.0,GLONASS,14.5,SUEZ,15/02/2025 14:30:00,AIS,POINT (11.49355 57.382583),314839000_2,0 days 00:01:00,-4.576724835749524e-06,340.46267354643885,0.0,0,4.486663045242531,57.382583,11.49355
2025-02-02 20:03:05,2025-02-02 20:03:05,Class A,314839000_2,57.385967,11.49135,Constrained by her draught,0.0,12.9,340.0,342.0,9387255,8PXO5,MAIN,Tanker,No additional information,42.0,246.0,GLONASS,14.5,SUEZ,15/02/2025 14:30:00,AIS,POINT (11.49135 57.385967),314839000_2,0 days 00:01:00,2.076992583935561e-06,340.6897003191604,0.0,0,4.489934980367644,57.385967,11.49135
2025-02-02 20:04:05,2025-02-02 20:04:05,Class A,314839000_2,57.389367,11.489183,Constrained by her draught,0.0,12.9,340.0,342.0,9387255,8PXO5,MAIN,Tanker,No additional information,42.0,246.0,GLONASS,14.5,SUEZ,15/02/2025 14:30:00,AIS,POINT (11.489183 57.389367),314839000_2,0 days 00:01:00,2.8544438642740904e-07,341.04317701456625,0.0,0,4.493183166113973,57.389367,11.489183
2025-02-02 20:05:05,2025-02-02 20:05:05,Class A,314839000_2,57.392683,11.487,Constrained by her draught,0.0,12.9,340.0,342.0,9387255,8PXO5,MAIN,Tanker,No additional information,42.0,246.0,GLONASS,14.5,SUEZ,15/02/2025 14:30:00,AIS,POINT (11.487 57.392683),314839000_2,0 days 00:01:00,-2.365639783302543e-06,340.4676480294937,0.0,0,4.496417154473658,57.392683,11.487
2025-02-02 20:06:05,2025-02-02 20:06:05,Class A,314839000_2,57.396117,11.4847,Constrained by her draught,0.0,12.9,340.0,342.0,9387255,8PXO5,MAIN,Tanker,No additional information,42.0,246.0,GLONASS,14.5,SUEZ,15/02/2025 14:30:00,AIS,POINT (11.4847 57.396117),314839000_2,0 days 00:01:00,4.094641402582741e-06,340.1559893246648,0.0,0,4.4998041149397805,57.396117,11.4847
2025-02-02 20:07:05,2025-02-02 20:07:05,Class A,314839000_2,57.399433,11.48255,Constrained by her draught,0.0,12.9,340.0,342.0,9387255,8PXO5,MAIN,Tanker,No additional information,42.0,246.0,GLONASS,14.5,SUEZ,15/02/2025 14:30:00,AIS,POINT (11.48255 57.399433),314839000_2,0 days 00:01:00,-4.280100673098225e-06,340.74430700912814,0.0,0,4.503009738801928,57.399433,11.48255
2025-02-02 20:08:05,2025-02-02 20:08:05,Class A,314839000_2,57.402783,11.480333,Constrained by her draught,0.0,12.9,340.0,342.0,9387255,8PXO5,MAIN,Tanker,No additional information,42.0,246.0,GLONASS,14.5,SUEZ,15/02/2025 14:30:00,AIS,POINT (11.480333 57.402783),314839000_2,0 days 00:01:00,1.3636135238279516e-06,340.37760208399243,0.0,0,4.506291321193737,57.402783,11.480333
2025-02-02 20:09:04,2025-02-02 20:09:04,Class A,314839000_2,57.406133,11.4781,Constrained by her draught,0.0,12.9,340.0,342.0,9387255,8PXO5,MAIN,Tanker,No additional information,42.0,246.0,GLONASS,14.5,SUEZ,15/02/2025 14:30:00,AIS,POINT (11.4781 57.406133),314839000_2,0 days 00:00:59,1.9889458012155167e-06,340.248578912524,0.0,0,4.509588998882824,57.406133,11.4781
2025-02-02 20:10:04,2025-02-02 20:10:04,Class A,314839000_2,57.4095,11.475883,Constrained by her draught,0.0,12.9,340.0,342.0,9387255,8PXO5,MAIN,Tanker,No additional information,42.0,246.0,GLONASS,14.5,SUEZ,15/02/2025 14:30:00,AIS,POINT (11.475883 57.4095),314839000_2,0 days 00:01:00,-1.4625687961019776e-06,340.472469875121,0.0,0,4.512879146428475,57.4095,11.475883
2025-02-02 20:11:04,2025-02-02 20:11:04,Class A,314839000_2,57.412933,11.473633,Constrained by her draught,0.0,12.9,340.0,342.0,9387255,8PXO5,MAIN,Tanker,No additional information,42.0,246.0,GLONASS,14.5,SUEZ,15/02/2025 14:30:00,AIS,POINT (11.473633 57.412933),314839000_2,0 days 00:01:00,2.1073706269145088e-06,340.5577058415271,0.0,0,4.516225286814865,57.412933,11.473633
2025-02-02 20:12:04,2025-02-02 20:12:04,Class A,314839000_2,57.416233,11.47135,Constrained by her draught,0.0,12.9,339.0,342.0,9387255,8PXO5,MAIN,Tanker,No additional information,42.0,246.0,GLONASS,14.5,SUEZ,15/02/2025 14:30:00,AIS,POINT (11.47135 57.416233),314839000_2,0 days 00:01:00,-3.679973394962978e-06,339.56641989670845,0.0,0,4.5195548462813235,57.416233,11.47135
2025-02-02 20:13:05,2025-02-02 20:13:05,Class A,314839000_2,57.419583,11.4691,Constrained by her draught,0.0,12.8,339.0,343.0,9387255,8PXO5,MAIN,Tanker,No additional information,42.0,246.0,GLONASS,14.5,SUEZ,15/02/2025 14:30:00,AIS,POINT (11.4691 57.419583),314839000_2,0 days 00:01:01,-5.376764797600237e-07,340.1166959232588,0.0,0,4.522873074191339,57.419583,11.4691
2025-02-02 20:14:05,2025-02-02 20:14:05,Class A,314839000_2,57.423,11.466783,Constrained by her draught,0.0,12.8,340.0,343.0,9387255,8PXO5,MAIN,Tanker,No additional information,42.0,246.0,GLONASS,14.5,SUEZ,15/02/2025 14:30:00,AIS,POINT (11.466783 57.423),314839000_2,0 days 00:01:00,4.1360682318577485e-06,339.9429540447662,0.0,0,4.526279340613989,57.423,11.466783
2025-02-02 20:15:05,2025-02-02 20:15:05,Class A,314839000_2,57.426233,11.46465,Constrained by her draught,0.0,12.8,340.0,343.0,9387255,8PXO5,MAIN,Tanker,No additional information,42.0,246.0,GLONASS,14.5,SUEZ,15/02/2025 14:30:00,AIS,POINT (11.46465 57.426233),314839000_2,0 days 00:01:00,-6.3976672386670525e-06,340.44484792281133,0.0,0,4.529448178503095,57.426233,11.46465
2025-02-02 20:16:05,2025-02-02 20:16:05,Class A,314839000_2,57.42965,11.462333,Constrained by her draught,0.0,12.8,340.0,342.0,9387255,8PXO5,MAIN,Tanker,No additional information,42.0,246.0,GLONASS,14.5,SUEZ,15/02/2025 14:30:00,AIS,POINT (11.462333 57.42965),314839000_2,0 days 00:01:00,6.395364394480964e-06,339.94630707122263,0.0,0,4.5328567916016285,57.42965,11.462333
2025-02-02 20:17:05,2025-02-02 20:17:05,Class A,314839000_2,57.433,11.460033,Constrained by her draught,0.0,12.8,339.0,342.0,9387255,8PXO5,MAIN,Tanker,No additional information,42.0,246.0,GLONASS,14.5,SUEZ,15/02/2025 14:30:00,AIS,POINT (11.460033 57.433),314839000_2,0 days 00:01:00,-2.0442752639313e-06,339.71735992122007,0.0,0,4.536226173182837,57.433,11.460033
2025-02-02 20:18:05,2025-02-02 20:18:05,Class A,314839000_2,57.436267,11.457783,Constrained by her draught,0.0,12.8,339.0,342.0,9387255,8PXO5,MAIN,Tanker,No additional information,42.0,246.0,GLONASS,14.5,SUEZ,15/02/2025 14:30:00,AIS,POINT (11.457783 57.436267),314839000_2,0 days 00:01:00,-2.6986360989396473e-06,339.66102968317665,0.0,0,4.539519664595584,57.436267,11.457783
2025-02-02 20:19:05,2025-02-02 20:19:05,Class A,314839000_2,57.439633,11.4555,Constrained by her draught,0.0,12.8,339.0,342.0,9387255,8PXO5,MAIN,Tanker,No additional information,42.0,246.0,GLONASS,14.5,SUEZ,15/02/2025 14:30:00,AIS,POINT (11.4555 57.439633),314839000_2,0 days 00:01:00,3.062902510187852e-06,339.94663407836,0.0,0,4.542881375894047,57.439633,11.4555
2025-02-02 20:20:05,2025-02-02 20:20:05,Class A,314839000_2,57.4429,11.453267,Constrained by her draught,0.0,12.8,339.0,342.0,9387255,8PXO5,MAIN,Tanker,No additional information,42.0,246.0,GLONASS,14.5,SUEZ,15/02/2025 14:30:00,AIS,POINT (11.453267 57.4429),314839000_2,0 days 00:01:00,-3.163559291053019e-06,339.80560618899074,0.0,0,4.546161254267715,57.4429,11.453267
2025-02-02 20:21:04,2025-02-02 20:21:04,Class A,314839000_2,57.44615,11.451,Constrained by her draught,0.0,12.8,339.0,342.0,9387255,8PXO5,MAIN,Tanker,No additional information,42.0,246.0,GLONASS,14.5,SUEZ,15/02/2025 14:30:00,AIS,POINT (11.451 57.44615),314839000_2,0 days 00:00:59,1.5503549217416382e-06,339.42700111952456,0.0,0,4.549467530705984,57.44615,11.451
2025-02-02 20:22:04,2025-02-02 20:22:04,Class A,314839000_2,57.44955,11.448683,Constrained by her draught,0.0,12.8,339.0,342.0,9387255,8PXO5,MAIN,Tanker,No additional information,42.0,246.0,GLONASS,14.5,SUEZ,15/02/2025 14:30:00,AIS,POINT (11.448683 57.44955),314839000_2,0 days 00:01:00,2.818370594514947e-06,339.86415842952664,0.0,0,4.5528767655811855,57.44955,11.448683
2025-02-02 20:23:04,2025-02-02 20:23:04,Class A,314839000_2,57.452867,11.446333,Constrained by her draught,0.0,12.8,339.0,342.0,9387255,8PXO5,MAIN,Tanker,No additional information,42.0,246.0,GLONASS,14.5,SUEZ,15/02/2025 14:30:00,AIS,POINT (11.446333 57.452867),314839000_2,0 days 00:01:00,-2.2126221529497354e-06,339.13563684582476,0.0,0,4.556287097763923,57.452867,11.446333
2025-02-02 20:24:04,2025-02-02 20:24:04,Class A,314839000_2,57.4562,11.444,Constrained by her draught,0.0,12.8,339.0,342.0,9387255,8PXO5,MAIN,Tanker,No additional information,42.0,246.0,GLONASS,14.5,SUEZ,15/02/2025 14:30:00,AIS,POINT (11.444 57.4562),314839000_2,0 days 00:01:00,3.6093685226635334e-07,339.3665185620246,0.0,0,4.559688643564163,57.4562,11.444
2025-02-02 20:25:04,2025-02-02 20:25:04,Class A,314839000_2,57.459467,11.441767,Constrained by her draught,0.0,12.8,339.0,342.0,9387255,8PXO5,MAIN,Tanker,No additional information,42.0,246.0,GLONASS,14.5,SUEZ,15/02/2025 14:30:00,AIS,POINT (11.441767 57.459467),314839000_2,0 days 00:01:00,-2.496771181742345e-06,339.8140141234775,0.0,0,4.56297393027683,57.459467,11.441767
2025-02-02 20:26:04,2025-02-02 20:26:04,Class A,314839000_2,57.462767,11.439517,Constrained by her draught,0.0,12.8,339.0,343.0,9387255,8PXO5,MAIN,Tanker,No additional information,42.0,246.0,GLONASS,14.5,SUEZ,15/02/2025 14:30:00,AIS,POINT (11.439517 57.462767),314839000_2,0 days 00:01:00,1.0548466146477735e-06,339.8614059237818,0.0,0,4.566288325695826,57.462767,11.439517
2025-02-02 20:27:04,2025-02-02 20:27:04,Class A,314839000_2,57.466167,11.437167,Constrained by her draught,0.0,12.8,339.0,343.0,9387255,8PXO5,MAIN,Tanker,No additional information,42.0,246.0,GLONASS,14.5,SUEZ,15/02/2025 14:30:00,AIS,POINT (11.437167 57.466167),314839000_2,0 days 00:01:00,3.478653174002749e-06,339.6093653937342,0.0,0,4.569733829293123,57.466167,11.437167
2025-02-02 20:28:04,2025-02-02 20:28:04,Class A,314839000_2,57.469433,11.434933,Constrained by her draught,0.0,12.8,339.0,343.0,9387255,8PXO5,MAIN,Tanker,No additional information,42.0,246.0,GLONASS,14.5,SUEZ,15/02/2025 14:30:00,AIS,POINT (11.434933 57.469433),314839000_2,0 days 00:01:00,-4.560115847569192e-06,339.8050830039464,0.0,0,4.573022912173742,57.469433,11.434933
2025-02-02 20:29:04,2025-02-02 20:29:04,Class A,314839000_2,57.47285,11.43265,Constrained by her draught,0.0,12.8,339.0,343.0,9387255,8PXO5,MAIN,Tanker,No additional information,42.0,246.0,GLONASS,14.5,SUEZ,15/02/2025 14:30:00,AIS,POINT (11.43265 57.47285),314839000_2,0 days 00:01:00,4.667602682501672e-06,340.2391356909905,0.0,0,4.5764148228988155,57.47285,11.43265
2025-02-02 20:30:04,2025-02-02 20:30:04,Class A,314839000_2,57.476067,11.430383,Constrained by her draught,0.0,12.8,339.0,342.0,9387255,8PXO5,MAIN,Tanker,No additional information,42.0,246.0,GLONASS,14.5,SUEZ,15/02/2025 14:30:00,AIS,POINT (11.430383 57.476067),314839000_2,0 days 00:01:00,-5.896949797196474e-06,339.2494271741166,0.0,0,4.579718398029511,57.476067,11.430383
2025-02-02 20:31:04,2025-02-02 20:31:04,Class A,314839000_2,57.479467,11.428,Constrained by her draught,0.0,12.7,339.0,342.0,9387255,8PXO5,MAIN,Tanker,No additional information,42.0,246.0,GLONASS,14.5,SUEZ,15/02/2025 14:30:00,AIS,POINT (11.428 57.479467),314839000_2,0 days 00:01:00,5.977766126538852e-06,339.35393514669977,0.0,0,4.583198963281976,57.479467,11.428
2025-02-02 20:32:04,2025-02-02 20:32:04,Class A,314839000_2,57.482733,11.425717,Constrained by her draught,0.0,12.8,339.0,343.0,9387255,8PXO5,MAIN,Tanker,No additional information,42.0,246.0,GLONASS,14.5,SUEZ,15/02/2025 14:30:00,AIS,POINT (11.425717 57.482733),314839000_2,0 days 00:01:00,-4.467911810821723e-06,339.40586012180785,0.0,0,4.5865377655266295,57.482733,11.425717
2025-02-02 20:33:04,2025-02-02 20:33:04,Class A,314839000_2,57.486017,11.423467,Constrained by her draught,0.0,12.7,339.0,343.0,9387255,8PXO5,MAIN,Tanker,No additional information,42.0,246.0,GLONASS,14.5,SUEZ,15/02/2025 14:30:00,AIS,POINT (11.423467 57.486017),314839000_2,0 days 00:01:00,3.2859674761722436e-07,339.7830509601358,0.0,0,4.589853746143333,57.486017,11.423467
2025-02-02 20:34:04,2025-02-02 20:34:04,Class A,314839000_2,57.4894,11.421167,Constrained by her draught,0.0,12.7,339.0,343.0,9387255,8PXO5,MAIN,Tanker,No additional information,42.0,246.0,GLONASS,14.5,SUEZ,15/02/2025 14:30:00,AIS,POINT (11.421167 57.4894),314839000_2,0 days 00:01:00,3.160854549855745e-06,339.92781443369927,0.0,0,4.593254268381515,57.4894,11.421167
2025-02-02 20:35:04,2025-02-02 20:35:04,Class A,314839000_2,57.4927,11.418883,Constrained by her draught,0.0,12.7,339.0,343.0,9387255,8PXO5,MAIN,Tanker,No additional information,42.0,246.0,GLONASS,14.5,SUEZ,15/02/2025 14:30:00,AIS,POINT (11.418883 57.4927),314839000_2,0 days 00:01:00,-2.502109500292834e-06,339.5973910239547,0.0,0,4.596609914216019,57.4927,11.418883
2025-02-02 20:36:04,2025-02-02 20:36:04,Class A,314839000_2,57.49595,11.416633,Constrained by her draught,0.0,12.7,338.0,337.0,9387255,8PXO5,MAIN,Tanker,No additional information,42.0,246.0,GLONASS,14.5,SUEZ,15/02/2025 14:30:00,AIS,POINT (11.416633 57.49595),314839000_2,0 days 00:01:00,-1.6483151430737458e-06,339.594012194336,0.0,0,4.599916308257033,57.49595,11.416633
2025-02-02 20:37:04,2025-02-02 20:37:04,Class A,314839000_2,57.499133,11.413633,Constrained by her draught,0.0,12.6,331.0,326.0,9387255,8PXO5,MAIN,Tanker,No additional information,42.0,246.0,GLONASS,14.5,SUEZ,15/02/2025 14:30:00,AIS,POINT (11.413633 57.499133),314839000_2,0 days 00:01:00,3.1211162412351537e-06,333.14165997144886,0.0,0,4.603893343862995,57.499133,11.413633
2025-02-02 20:38:04,2025-02-02 20:38:04,Class A,314839000_2,57.501833,11.409717,Constrained by her draught,0.0,12.5,320.0,319.0,9387255,8PXO5,MAIN,Tanker,No additional information,42.0,246.0,GLONASS,14.5,SUEZ,15/02/2025 14:30:00,AIS,POINT (11.409717 57.501833),314839000_2,0 days 00:01:00,-4.448964938452227e-06,322.07332313500643,0.0,0,4.60853771263749,57.501833,11.409717
2025-02-02 20:39:04,2025-02-02 20:39:04,Class A,314839000_2,57.504383,11.40515,Constrained by her draught,0.0,12.5,315.0,318.0,9387255,8PXO5,MAIN,Tanker,No additional information,42.0,246.0,GLONASS,14.5,SUEZ,15/02/2025 14:30:00,AIS,POINT (11.40515 57.504383),314839000_2,0 days 00:01:00,3.605597302093463e-06,316.10520957181865,0.0,0,4.613728830733876,57.504383,11.40515
2025-02-02 20:40:04,2025-02-02 20:40:04,Class A,314839000_2,57.506867,11.4007,Constrained by her draught,0.0,12.6,316.0,320.0,9387255,8PXO5,MAIN,Tanker,No additional information,42.0,246.0,GLONASS,14.5,SUEZ,15/02/2025 14:30:00,AIS,POINT (11.4007 57.506867),314839000_2,0 days 00:01:00,-2.8257004429405475e-06,316.0993837117058,0.0,0,4.618786792203012,57.506867,11.4007
2025-02-02 20:41:04,2025-02-02 20:41:04,Class A,314839000_2,57.509433,11.3964,Constrained by her draught,0.0,12.6,318.0,321.0,9387255,8PXO5,MAIN,Tanker,No additional information,42.0,246.0,GLONASS,14.5,SUEZ,15/02/2025 14:30:00,AIS,POINT (11.3964 57.509433),314839000_2,0 days 00:01:00,1.4827005843688624e-07,318.00877338663105,0.0,0,4.623736815676796,57.509433,11.3964
2025-02-02 20:42:04,2025-02-02 20:42:04,Class A,314839000_2,57.512067,11.391967,Constrained by her draught,0.0,12.7,317.0,320.0,9387255,8PXO5,MAIN,Tanker,No additional information,42.0,246.0,GLONASS,14.5,SUEZ,15/02/2025 14:30:00,AIS,POINT (11.391967 57.512067),314839000_2,0 days 00:01:00,3.042052035797738e-06,317.88814872349184,0.0,0,4.628835786889184,57.512067,11.391967
2025-02-02 20:43:04,2025-02-02 20:43:04,Class A,314839000_2,57.514633,11.387717,Constrained by her draught,0.0,12.6,317.0,320.0,9387255,8PXO5,MAIN,Tanker,No additional information,42.0,246.0,GLONASS,14.5,SUEZ,15/02/2025 14:30:00,AIS,POINT (11.387717 57.514633),314839000_2,0 days 00:01:00,-3.6044905103236696e-06,318.3458187500843,0.0,0,4.63373975428077,57.514633,11.387717
2025-02-02 20:44:04,2025-02-02 20:44:04,Class A,314839000_2,57.517283,11.383167,Constrained by her draught,0.0,12.7,317.0,320.0,9387255,8PXO5,MAIN,Tanker,No additional information,42.0,246.0,GLONASS,14.5,SUEZ,15/02/2025 14:30:00,AIS,POINT (11.383167 57.517283),314839000_2,0 days 00:01:00,5.277313957970734e-06,317.3218390446911,0.0,0,4.638953365663638,57.517283,11.383167
2025-02-02 20:45:04,2025-02-02 20:45:04,Class A,314839000_2,57.519933,11.378767,Constrained by her draught,0.0,12.7,318.0,320.0,9387255,8PXO5,MAIN,Tanker,No additional information,42.0,246.0,GLONASS,14.5,SUEZ,15/02/2025 14:30:00,AIS,POINT (11.378767 57.519933),314839000_2,0 days 00:01:00,-1.6827341352061564e-06,318.27957651547257,0.0,0,4.644028198170421,57.519933,11.378767
2025-02-02 20:46:04,2025-02-02 20:46:04,Class A,314839000_2,57.522417,11.374483,Constrained by her draught,0.0,12.7,317.0,320.0,9387255,8PXO5,MAIN,Tanker,No additional information,42.0,246.0,GLONASS,14.5,SUEZ,15/02/2025 14:30:00,AIS,POINT (11.374483 57.522417),314839000_2,0 days 00:01:00,-5.100721353706756e-06,317.19874187336626,0.0,0,4.64893305482559,57.522417,11.374483
2025-02-02 20:47:04,2025-02-02 20:47:04,Class A,314839000_2,57.525033,11.370017,Constrained by her draught,0.0,12.8,317.0,320.0,9387255,8PXO5,MAIN,Tanker,No additional information,42.0,246.0,GLONASS,14.5,SUEZ,15/02/2025 14:30:00,AIS,POINT (11.370017 57.525033),314839000_2,0 days 00:01:00,5.051801326341682e-06,317.4911965285874,0.0,0,4.654056396800751,57.525033,11.370017
2025-02-02 20:48:04,2025-02-02 20:48:04,Class A,314839000_2,57.527717,11.365533,Constrained by her draught,0.0,12.8,318.0,320.0,9387255,8PXO5,MAIN,Tanker,No additional information,42.0,246.0,GLONASS,14.5,SUEZ,15/02/2025 14:30:00,AIS,POINT (11.365533 57.527717),314839000_2,0 days 00:01:00,1.7548567255650914e-06,318.1102317550557,0.0,0,4.659222225033918,57.527717,11.365533
2025-02-02 20:49:04,2025-02-02 20:49:04,Class A,314839000_2,57.530367,11.361133,Constrained by her draught,0.0,12.8,317.0,320.0,9387255,8PXO5,MAIN,Tanker,No additional information,42.0,246.0,GLONASS,14.5,SUEZ,15/02/2025 14:30:00,AIS,POINT (11.361133 57.530367),314839000_2,0 days 00:01:00,-1.7197659790281918e-06,318.28771957617226,0.0,0,4.664297567506814,57.530367,11.361133
2025-02-02 20:50:04,2025-02-02 20:50:04,Class A,314839000_2,57.532983,11.356717,Constrained by her draught,0.0,12.8,317.0,320.0,9387255,8PXO5,MAIN,Tanker,No additional information,42.0,246.0,GLONASS,14.5,SUEZ,15/02/2025 14:30:00,AIS,POINT (11.356717 57.532983),314839000_2,0 days 00:01:00,-6.069578633323876e-07,317.8185532342862,0.0,0,4.669374990360274,57.532983,11.356717
2025-02-02 20:51:04,2025-02-02 20:51:04,Class A,314839000_2,57.535617,11.352333,Constrained by her draught,0.0,12.8,318.0,320.0,9387255,8PXO5,MAIN,Tanker,No additional information,42.0,246.0,GLONASS,14.5,SUEZ,15/02/2025 14:30:00,AIS,POINT (11.352333 57.535617),314839000_2,0 days 00:01:00,5.355440725170769e-08,318.22313476026943,0.0,0,4.674429727490831,57.535617,11.352333
2025-02-02 20:52:03,2025-02-02 20:52:03,Class A,314839000_2,57.53825,11.34785,Constrained by her draught,0.0,12.8,318.0,320.0,9387255,8PXO5,MAIN,Tanker,No additional information,42.0,246.0,GLONASS,14.5,SUEZ,15/02/2025 14:30:00,AIS,POINT (11.34785 57.53825),314839000_2,0 days 00:00:59,3.000978988211738e-06,317.57796541149827,0.0,0,4.679575844288454,57.53825,11.34785
2025-02-02 20:53:03,2025-02-02 20:53:03,Class A,314839000_2,57.540883,11.34345,Constrained by her draught,0.0,12.8,317.0,320.0,9387255,8PXO5,MAIN,Tanker,No additional information,42.0,246.0,GLONASS,14.5,SUEZ,15/02/2025 14:30:00,AIS,POINT (11.34345 57.540883),314839000_2,0 days 00:01:00,-2.803239872246176e-06,318.1127164926112,0.0,0,4.68464526295695,57.540883,11.34345
2025-02-02 20:54:03,2025-02-02 20:54:03,Class A,314839000_2,57.543533,11.339033,Constrained by her draught,0.0,12.8,317.0,320.0,9387255,8PXO5,MAIN,Tanker,No additional information,42.0,246.0,GLONASS,14.5,SUEZ,15/02/2025 14:30:00,AIS,POINT (11.339033 57.543533),314839000_2,0 days 00:01:00,5.767734663379738e-07,318.18824088281514,0.0,0,4.689736982440058,57.543533,11.339033
2025-02-02 20:55:03,2025-02-02 20:55:03,Class A,314839000_2,57.546183,11.334617,Constrained by her draught,0.0,12.9,317.0,319.0,9387255,8PXO5,MAIN,Tanker,No additional information,42.0,246.0,GLONASS,14.5,SUEZ,15/02/2025 14:30:00,AIS,POINT (11.334617 57.546183),314839000_2,0 days 00:01:00,-1.4634010559175122e-08,318.1967573036086,0.0,0,4.6948279058131615,57.546183,11.334617
2025-02-02 20:56:03,2025-02-02 20:56:03,Class A,314839000_2,57.54885,11.330133,Constrained by her draught,0.0,12.8,317.0,319.0,9387255,8PXO5,MAIN,Tanker,No additional information,42.0,246.0,GLONASS,14.5,SUEZ,15/02/2025 14:30:00,AIS,POINT (11.330133 57.54885),314839000_2,0 days 00:01:00,1.1439511528205306e-06,317.94574283529084,0.0,0,4.699988325343905,57.54885,11.330133
2025-02-02 20:57:03,2025-02-02 20:57:03,Class A,314839000_2,57.55145,11.32565,Constrained by her draught,0.0,12.8,317.0,319.0,9387255,8PXO5,MAIN,Tanker,No additional information,42.0,246.0,GLONASS,14.5,SUEZ,15/02/2025 14:30:00,AIS,POINT (11.32565 57.55145),314839000_2,0 days 00:01:00,-1.5437600924572633e-06,317.22827053692976,0.0,0,4.705122525168501,57.55145,11.32565
2025-02-02 20:58:03,2025-02-02 20:58:03,Class A,314839000_2,57.554083,11.321217,Constrained by her draught,0.0,12.8,317.0,319.0,9387255,8PXO5,MAIN,Tanker,No additional information,42.0,246.0,GLONASS,14.5,SUEZ,15/02/2025 14:30:00,AIS,POINT (11.321217 57.554083),314839000_2,0 days 00:01:00,1.876142287323898e-07,317.9101749396917,0.0,0,4.710223096393841,57.554083,11.321217
2025-02-02 20:59:03,2025-02-02 20:59:03,Class A,314839000_2,57.556733,11.316733,Constrained by her draught,0.0,12.8,317.0,319.0,9387255,8PXO5,MAIN,Tanker,No additional information,42.0,246.0,GLONASS,14.5,SUEZ,15/02/2025 14:30:00,AIS,POINT (11.316733 57.556733),314839000_2,0 days 00:01:00,9.55790303421167e-07,317.769635875599,0.0,0,4.715377423692191,57.556733,11.316733
2025-02-02 21:00:03,2025-02-02 21:00:03,Class A,314839000_2,57.55935,11.312317,Constrained by her draught,0.0,12.8,317.0,319.0,9387255,8PXO5,MAIN,Tanker,No additional information,42.0,246.0,GLONASS,14.5,SUEZ,15/02/2025 14:30:00,AIS,POINT (11.312317 57.55935),314839000_2,0 days 00:01:00,-1.5195000129661294e-06,317.8500773591591,0.0,0,4.720456431734648,57.55935,11.312317
2025-02-02 21:01:03,2025-02-02 21:01:03,Class A,314839000_2,57.562,11.307817,Constrained by her draught,0.0,12.9,317.0,319.0,9387255,8PXO5,MAIN,Tanker,No additional information,42.0,246.0,GLONASS,14.5,SUEZ,15/02/2025 14:30:00,AIS,POINT (11.307817 57.562),314839000_2,0 days 00:01:00,1.6914649035890677e-06,317.6721857410351,0.0,0,4.7256257957867325,57.562,11.307817
2025-02-02 21:02:03,2025-02-02 21:02:03,Class A,314839000_2,57.564633,11.303367,Constrained by her draught,0.0,12.9,317.0,320.0,9387255,8PXO5,MAIN,Tanker,No additional information,42.0,246.0,GLONASS,14.5,SUEZ,15/02/2025 14:30:00,AIS,POINT (11.303367 57.564633),314839000_2,0 days 00:01:00,-9.521293140954835e-07,317.80933396293597,0.0,0,4.73074256725115,57.564633,11.303367
2025-02-02 21:03:03,2025-02-02 21:03:03,Class A,314839000_2,57.5673,11.298933,Constrained by her draught,0.0,12.9,318.0,319.0,9387255,8PXO5,MAIN,Tanker,No additional information,42.0,246.0,GLONASS,14.5,SUEZ,15/02/2025 14:30:00,AIS,POINT (11.298933 57.5673),314839000_2,0 days 00:01:00,5.999164044167016e-07,318.27949486976934,0.0,0,4.735857586970813,57.5673,11.298933
2025-02-02 21:08:04,2025-02-02 21:08:04,Class A,314839000_2,57.580583,11.276483,Constrained by her draught,0.0,12.9,316.0,315.0,9387255,8PXO5,MAIN,Tanker,No additional information,42.0,246.0,GLONASS,14.5,SUEZ,15/02/2025 14:30:00,AIS,POINT (11.276483 57.580583),314839000_2,0 days 00:05:01,8.614208490029823e-10,317.8245278608945,0.0,0,4.761673672362059,57.580583,11.276483
2025-02-02 21:09:04,2025-02-02 21:09:04,Class A,314839000_2,57.582983,11.271767,Constrained by her draught,0.0,12.8,313.0,314.0,9387255,8PXO5,MAIN,Tanker,No additional information,42.0,246.0,GLONASS,14.5,SUEZ,15/02/2025 14:30:00,AIS,POINT (11.271767 57.582983),314839000_2,0 days 00:01:00,-2.6896373802597737e-06,313.5115761774357,0.0,0,4.766948389169111,57.582983,11.271767
2025-02-02 21:12:04,2025-02-02 21:12:04,Class A,314839000_2,57.590417,11.257267,Constrained by her draught,0.0,12.9,313.0,315.0,9387255,8PXO5,MAIN,Tanker,No additional information,42.0,246.0,GLONASS,14.5,SUEZ,15/02/2025 14:30:00,AIS,POINT (11.257267 57.590417),314839000_2,0 days 00:03:00,1.0226412274451841e-06,313.7315395659057,0.0,0,4.783187397477335,57.590417,11.257267
2025-02-02 21:13:04,2025-02-02 21:13:04,Class A,314839000_2,57.5929,11.252483,Constrained by her draught,0.0,12.9,314.0,314.0,9387255,8PXO5,MAIN,Tanker,No additional information,42.0,246.0,GLONASS,14.5,SUEZ,15/02/2025 14:30:00,AIS,POINT (11.252483 57.5929),314839000_2,0 days 00:01:00,-4.917253310057074e-07,314.08273560953467,0.0,0,4.788556787871372,57.5929,11.252483
2025-02-02 21:15:04,2025-02-02 21:15:04,Class A,314839000_2,57.597833,11.242883,Constrained by her draught,0.0,12.9,314.0,315.0,9387255,8PXO5,MAIN,Tanker,No additional information,42.0,246.0,GLONASS,14.5,SUEZ,15/02/2025 14:30:00,AIS,POINT (11.242883 57.597833),314839000_2,0 days 00:02:00,-8.404178096455313e-08,313.80122672405827,0.0,0,4.799312692153533,57.597833,11.242883
2025-02-02 21:16:04,2025-02-02 21:16:04,Class A,314839000_2,57.6004,11.238083,Constrained by her draught,0.0,12.9,314.0,315.0,9387255,8PXO5,MAIN,Tanker,No additional information,42.0,246.0,GLONASS,14.5,SUEZ,15/02/2025 14:30:00,AIS,POINT (11.238083 57.6004),314839000_2,0 days 00:01:00,2.1662979188644935e-06,314.9459338218741,0.0,0,4.804729068601995,57.6004,11.238083
2025-02-02 21:17:04,2025-02-02 21:17:04,Class A,314839000_2,57.6029,11.233417,Constrained by her draught,0.0,12.8,314.0,308.0,9387255,8PXO5,MAIN,Tanker,No additional information,42.0,246.0,GLONASS,14.5,SUEZ,15/02/2025 14:30:00,AIS,POINT (11.233417 57.6029),314839000_2,0 days 00:01:00,-3.043328019355932e-06,315.0013467957258,0.0,0,4.809996076194345,57.6029,11.233417
2025-02-02 21:18:04,2025-02-02 21:18:04,Class A,314839000_2,57.604933,11.228167,Constrained by her draught,0.0,12.4,303.0,293.0,9387255,8PXO5,MAIN,Tanker,No additional information,42.0,246.0,GLONASS,14.5,SUEZ,15/02/2025 14:30:00,AIS,POINT (11.228167 57.604933),314839000_2,0 days 00:01:00,-1.980245208203577e-06,305.8605100379983,0.0,0,4.815624561009923,57.604933,11.228167
2025-02-02 21:19:04,2025-02-02 21:19:04,Class A,314839000_2,57.6062,11.2225,Constrained by her draught,0.0,12.1,291.0,288.0,9387255,8PXO5,MAIN,Tanker,No additional information,42.0,246.0,GLONASS,14.5,SUEZ,15/02/2025 14:30:00,AIS,POINT (11.2225 57.6062),314839000_2,0 days 00:01:00,-5.560206438986881e-06,292.65397092726346,0.0,0,4.8213461077014585,57.6062,11.2225
2025-02-02 21:20:04,2025-02-02 21:20:04,Class A,314839000_2,57.607267,11.216383,Constrained by her draught,0.0,12.2,289.0,292.0,9387255,8PXO5,MAIN,Tanker,No additional information,42.0,246.0,GLONASS,14.5,SUEZ,15/02/2025 14:30:00,AIS,POINT (11.216383 57.607267),314839000_2,0 days 00:01:00,4.861786088542625e-06,288.0377367759473,0.0,0,4.827407571072697,57.607267,11.216383
2025-02-02 21:21:04,2025-02-02 21:21:04,Class A,314839000_2,57.60855,11.2105,Constrained by her draught,0.0,12.3,292.0,292.0,9387255,8PXO5,MAIN,Tanker,No additional information,42.0,246.0,GLONASS,14.5,SUEZ,15/02/2025 14:30:00,AIS,POINT (11.2105 57.60855),314839000_2,0 days 00:01:00,-1.3620827789303605e-06,292.1535724533791,0.0,0,4.833335391150505,57.60855,11.2105
2025-02-02 21:22:04,2025-02-02 21:22:04,Class A,314839000_2,57.609867,11.2046,Constrained by her draught,0.0,12.3,291.0,290.0,9387255,8PXO5,MAIN,Tanker,No additional information,42.0,246.0,GLONASS,14.5,SUEZ,15/02/2025 14:30:00,AIS,POINT (11.2046 57.609867),314839000_2,0 days 00:01:00,6.577853153870121e-07,292.62378845052257,0.0,0,4.839292112223544,57.609867,11.2046
2025-02-02 21:23:14,2025-02-02 21:23:14,Class A,314839000_2,57.6112,11.1976,Constrained by her draught,0.0,12.3,289.0,290.0,9387255,8PXO5,MAIN,Tanker,No additional information,42.0,246.0,GLONASS,14.5,SUEZ,15/02/2025 14:30:00,AIS,POINT (11.1976 57.6112),314839000_2,0 days 00:01:10,-3.3680915412539885e-07,289.5730019918235,0.0,0,4.846272307727661,57.6112,11.1976
2025-02-02 21:24:04,2025-02-02 21:24:04,Class A,314839000_2,57.612167,11.19275,Constrained by her draught,0.0,12.4,290.0,290.0,9387255,8PXO5,MAIN,Tanker,No additional information,42.0,246.0,GLONASS,14.5,SUEZ,15/02/2025 14:30:00,AIS,POINT (11.19275 57.612167),314839000_2,0 days 00:00:50,-3.1486455901015044e-06,290.41832861703307,0.0,0,4.851125355577713,57.612167,11.19275
2025-02-02 21:25:04,2025-02-02 21:25:04,Class A,314839000_2,57.613367,11.18655,Constrained by her draught,0.0,12.4,290.0,290.0,9387255,8PXO5,MAIN,Tanker,No additional information,42.0,246.0,GLONASS,14.5,SUEZ,15/02/2025 14:30:00,AIS,POINT (11.18655 57.613367),314839000_2,0 days 00:01:00,6.343064760370622e-06,289.8695009005195,0.0,0,4.857315771362717,57.613367,11.18655
2025-02-02 21:26:04,2025-02-02 21:26:04,Class A,314839000_2,57.614583,11.1806,Constrained by her draught,0.0,12.5,290.0,290.0,9387255,8PXO5,MAIN,Tanker,No additional information,42.0,246.0,GLONASS,14.5,SUEZ,15/02/2025 14:30:00,AIS,POINT (11.1806 57.614583),314839000_2,0 days 00:01:00,-3.7230507734205303e-06,290.8872036450018,0.0,0,4.863281344035631,57.614583,11.1806
2025-02-02 21:27:04,2025-02-02 21:27:04,Class A,314839000_2,57.615783,11.174533,Constrained by her draught,0.0,12.5,290.0,290.0,9387255,8PXO5,MAIN,Tanker,No additional information,42.0,246.0,GLONASS,14.5,SUEZ,15/02/2025 14:30:00,AIS,POINT (11.174533 57.615783),314839000_2,0 days 00:01:00,1.6421914897690996e-06,290.27110303196446,0.0,0,4.869349337587723,57.615783,11.174533
2025-02-02 21:28:04,2025-02-02 21:28:04,Class A,314839000_2,57.61695,11.168433,Constrained by her draught,0.0,12.5,289.0,290.0,9387255,8PXO5,MAIN,Tanker,No additional information,42.0,246.0,GLONASS,14.5,SUEZ,15/02/2025 14:30:00,AIS,POINT (11.168433 57.61695),314839000_2,0 days 00:01:00,1.6401368505561512e-07,289.65933199855897,0.0,0,4.875435628225339,57.61695,11.168433
2025-02-02 21:29:04,2025-02-02 21:29:04,Class A,314839000_2,57.618067,11.16235,Constrained by her draught,0.0,12.5,289.0,290.0,9387255,8PXO5,MAIN,Tanker,No additional information,42.0,246.0,GLONASS,14.5,SUEZ,15/02/2025 14:30:00,AIS,POINT (11.16235 57.618067),314839000_2,0 days 00:01:00,-7.795667819978247e-07,288.92749296579086,0.0,0,4.881487535877667,57.618067,11.16235
2025-02-02 21:30:03,2025-02-02 21:30:03,Class A,314839000_2,57.619283,11.15645,Constrained by her draught,0.0,12.5,290.0,290.0,9387255,8PXO5,MAIN,Tanker,No additional information,42.0,246.0,GLONASS,14.5,SUEZ,15/02/2025 14:30:00,AIS,POINT (11.15645 57.619283),314839000_2,0 days 00:00:59,-3.613477873169652e-08,291.05121533440985,0.0,0,4.887407967884921,57.619283,11.15645
2025-02-02 21:31:03,2025-02-02 21:31:03,Class A,314839000_2,57.620483,11.150417,Constrained by her draught,0.0,12.5,290.0,290.0,9387255,8PXO5,MAIN,Tanker,No additional information,42.0,246.0,GLONASS,14.5,SUEZ,15/02/2025 14:30:00,AIS,POINT (11.150417 57.620483),314839000_2,0 days 00:01:00,1.0952383260263062e-07,290.37836940931277,0.0,0,4.893445673163441,57.620483,11.150417
2025-02-02 21:32:03,2025-02-02 21:32:03,Class A,314839000_2,57.621667,11.1443,Constrained by her draught,0.0,12.5,290.0,290.0,9387255,8PXO5,MAIN,Tanker,No additional information,42.0,246.0,GLONASS,14.5,SUEZ,15/02/2025 14:30:00,AIS,POINT (11.1443 57.621667),314839000_2,0 days 00:01:00,1.1364122741325457e-06,289.874651379071,0.0,0,4.8995553465828925,57.621667,11.1443
2025-02-02 21:33:03,2025-02-02 21:33:03,Class A,314839000_2,57.622883,11.138283,Constrained by her draught,0.0,12.5,290.0,290.0,9387255,8PXO5,MAIN,Tanker,No additional information,42.0,246.0,GLONASS,14.5,SUEZ,15/02/2025 14:30:00,AIS,POINT (11.138283 57.622883),314839000_2,0 days 00:01:00,-1.218081392102196e-06,290.6787599914249,0.0,0,4.905584871823747,57.622883,11.138283
2025-02-02 21:34:03,2025-02-02 21:34:03,Class A,314839000_2,57.62405,11.132217,Constrained by her draught,0.0,12.5,289.0,289.0,9387255,8PXO5,MAIN,Tanker,No additional information,42.0,246.0,GLONASS,14.5,SUEZ,15/02/2025 14:30:00,AIS,POINT (11.132217 57.62405),314839000_2,0 days 00:01:00,2.3727937628016325e-07,289.7645480696159,0.0,0,4.911641494175341,57.62405,11.132217
2025-02-02 21:35:03,2025-02-02 21:35:03,Class A,314839000_2,57.62515,11.126117,Constrained by her draught,0.0,12.4,289.0,289.0,9387255,8PXO5,MAIN,Tanker,No additional information,42.0,246.0,GLONASS,14.5,SUEZ,15/02/2025 14:30:00,AIS,POINT (11.126117 57.62515),314839000_2,0 days 00:01:00,-1.4993049292917442e-07,288.61451703406044,0.0,0,4.917704569116061,57.62515,11.126117
2025-02-02 21:36:04,2025-02-02 21:36:04,Class A,314839000_2,57.626333,11.120017,Constrained by her draught,0.0,12.5,289.0,289.0,9387255,8PXO5,MAIN,Tanker,No additional information,42.0,246.0,GLONASS,14.5,SUEZ,15/02/2025 14:30:00,AIS,POINT (11.120017 57.626333),314839000_2,0 days 00:01:01,-9.070585869855728e-07,289.912525306781,0.0,0,4.923799333766761,57.626333,11.120017
2025-02-02 21:37:04,2025-02-02 21:37:04,Class A,314839000_2,57.6275,11.113767,Constrained by her draught,0.0,12.4,289.0,289.0,9387255,8PXO5,MAIN,Tanker,No additional information,42.0,246.0,GLONASS,14.5,SUEZ,15/02/2025 14:30:00,AIS,POINT (11.113767 57.6275),314839000_2,0 days 00:01:00,3.942438567022348e-06,289.22778429342264,0.0,0,4.930027255340988,57.6275,11.113767
2025-02-02 21:38:04,2025-02-02 21:38:04,Class A,314839000_2,57.628667,11.10785,Constrained by her draught,0.0,12.4,289.0,290.0,9387255,8PXO5,MAIN,Tanker,No additional information,42.0,246.0,GLONASS,14.5,SUEZ,15/02/2025 14:30:00,AIS,POINT (11.10785 57.628667),314839000_2,0 days 00:01:00,-5.206628039442273e-06,290.22462062142455,0.0,0,4.935947117922659,57.628667,11.10785
2025-02-02 21:40:05,2025-02-02 21:40:05,Class A,314839000_2,57.631017,11.095567,Constrained by her draught,0.0,12.4,289.0,289.0,9387255,8PXO5,MAIN,Tanker,No additional information,42.0,246.0,GLONASS,14.5,SUEZ,15/02/2025 14:30:00,AIS,POINT (11.095567 57.631017),314839000_2,0 days 00:02:01,1.3331516059641508e-06,289.66961293182226,0.0,0,4.948209575269219,57.631017,11.095567
2025-02-02 21:41:05,2025-02-02 21:41:05,Class A,314839000_2,57.6321,11.0895,Constrained by her draught,0.0,12.4,289.0,289.0,9387255,8PXO5,MAIN,Tanker,No additional information,42.0,246.0,GLONASS,14.5,SUEZ,15/02/2025 14:30:00,AIS,POINT (11.0895 57.6321),314839000_2,0 days 00:01:00,-1.2066474328130694e-06,288.44259551259665,0.0,0,4.9542375979203905,57.6321,11.0895
2025-02-02 21:42:05,2025-02-02 21:42:05,Class A,314839000_2,57.6333,11.083417,Constrained by her draught,0.0,12.4,289.0,289.0,9387255,8PXO5,MAIN,Tanker,No additional information,42.0,246.0,GLONASS,14.5,SUEZ,15/02/2025 14:30:00,AIS,POINT (11.083417 57.6333),314839000_2,0 days 00:01:00,1.4440785458788546e-06,290.23108246213576,0.0,0,4.960324810272507,57.6333,11.083417
2025-02-02 21:43:05,2025-02-02 21:43:05,Class A,314839000_2,57.634417,11.077383,Constrained by her draught,0.0,12.4,289.0,290.0,9387255,8PXO5,MAIN,Tanker,No additional information,42.0,246.0,GLONASS,14.5,SUEZ,15/02/2025 14:30:00,AIS,POINT (11.077383 57.634417),314839000_2,0 days 00:01:00,-1.6310443111965661e-06,289.0780608633154,0.0,0,4.966335680484153,57.634417,11.077383
2025-02-02 21:44:05,2025-02-02 21:44:05,Class A,314839000_2,57.6356,11.0714,Constrained by her draught,0.0,12.4,289.0,290.0,9387255,8PXO5,MAIN,Tanker,No additional information,42.0,246.0,GLONASS,14.5,SUEZ,15/02/2025 14:30:00,AIS,POINT (11.0714 57.6356),314839000_2,0 days 00:01:00,-1.137429756647527e-07,290.2751634597664,0.0,0,4.972324409192141,57.6356,11.0714
2025-02-02 21:45:05,2025-02-02 21:45:05,Class A,314839000_2,57.636817,11.0653,Constrained by her draught,0.0,12.3,289.0,290.0,9387255,8PXO5,MAIN,Tanker,No additional information,42.0,246.0,GLONASS,14.5,SUEZ,15/02/2025 14:30:00,AIS,POINT (11.0653 57.636817),314839000_2,0 days 00:01:00,2.1826629642903606e-06,290.4434194556678,0.0,0,4.978434607607997,57.636817,11.0653
2025-02-02 21:46:05,2025-02-02 21:46:05,Class A,314839000_2,57.63795,11.059417,Constrained by her draught,0.0,12.3,289.0,289.0,9387255,8PXO5,MAIN,Tanker,No additional information,42.0,246.0,GLONASS,14.5,SUEZ,15/02/2025 14:30:00,AIS,POINT (11.059417 57.63795),314839000_2,0 days 00:01:00,-4.2768258057945124e-06,289.7908924456027,0.0,0,4.984312415700383,57.63795,11.059417
2025-02-02 21:47:05,2025-02-02 21:47:05,Class A,314839000_2,57.6391,11.0533,Constrained by her draught,0.0,12.3,289.0,289.0,9387255,8PXO5,MAIN,Tanker,No additional information,42.0,246.0,GLONASS,14.5,SUEZ,15/02/2025 14:30:00,AIS,POINT (11.0533 57.6391),314839000_2,0 days 00:01:00,3.83180719115054e-06,289.3555457285632,0.0,0,4.990413770805783,57.6391,11.0533
2025-02-02 21:48:03,2025-02-02 21:48:03,Class A,314839000_2,57.6402,11.0475,Constrained by her draught,0.0,12.3,289.0,290.0,9387255,8PXO5,MAIN,Tanker,No additional information,42.0,246.0,GLONASS,14.5,SUEZ,15/02/2025 14:30:00,AIS,POINT (11.0475 57.6402),314839000_2,0 days 00:00:58,-2.025382082146974e-06,289.5134738188207,0.0,0,4.996202815563836,57.6402,11.0475
2025-02-02 21:49:03,2025-02-02 21:49:03,Class A,314839000_2,57.64135,11.041517,Constrained by her draught,0.0,12.3,290.0,290.0,9387255,8PXO5,MAIN,Tanker,No additional information,42.0,246.0,GLONASS,14.5,SUEZ,15/02/2025 14:30:00,AIS,POINT (11.041517 57.64135),314839000_2,0 days 00:01:00,-1.4335614451418722e-07,289.75684824644947,0.0,0,5.0021805270806645,57.64135,11.041517
2025-02-02 21:50:03,2025-02-02 21:50:03,Class A,314839000_2,57.64255,11.035533,Constrained by her draught,0.0,12.3,290.0,290.0,9387255,8PXO5,MAIN,Tanker,No additional information,42.0,246.0,GLONASS,14.5,SUEZ,15/02/2025 14:30:00,AIS,POINT (11.035533 57.64255),314839000_2,0 days 00:01:00,5.444565418732371e-07,290.54276445268147,0.0,0,5.008178173504713,57.64255,11.035533
2025-02-02 21:51:03,2025-02-02 21:51:03,Class A,314839000_2,57.64375,11.029583,Constrained by her draught,0.0,12.3,290.0,290.0,9387255,8PXO5,MAIN,Tanker,No additional information,42.0,246.0,GLONASS,14.5,SUEZ,15/02/2025 14:30:00,AIS,POINT (11.029583 57.64375),314839000_2,0 days 00:01:00,-5.311680451220284e-07,290.6508711006729,0.0,0,5.014144547654064,57.64375,11.029583
2025-02-02 21:52:03,2025-02-02 21:52:03,Class A,314839000_2,57.64495,11.023583,Constrained by her draught,0.0,12.3,290.0,290.0,9387255,8PXO5,MAIN,Tanker,No additional information,42.0,246.0,GLONASS,14.5,SUEZ,15/02/2025 14:30:00,AIS,POINT (11.023583 57.64495),314839000_2,0 days 00:01:00,7.736751368846856e-07,290.4937967983788,0.0,0,5.0201575369672415,57.64495,11.023583
2025-02-02 21:53:03,2025-02-02 21:53:03,Class A,314839000_2,57.6461,11.017633,Constrained by her draught,0.0,12.3,289.0,289.0,9387255,8PXO5,MAIN,Tanker,No additional information,42.0,246.0,GLONASS,14.5,SUEZ,15/02/2025 14:30:00,AIS,POINT (11.017633 57.6461),314839000_2,0 days 00:01:00,-1.3142828553270106e-06,289.8602488428164,0.0,0,5.026105710375478,57.6461,11.017633
2025-02-02 21:54:03,2025-02-02 21:54:03,Class A,314839000_2,57.64725,11.011633,Constrained by her draught,0.0,12.3,289.0,290.0,9387255,8PXO5,MAIN,Tanker,No additional information,42.0,246.0,GLONASS,14.5,SUEZ,15/02/2025 14:30:00,AIS,POINT (11.011633 57.64725),314839000_2,0 days 00:01:00,7.776596179236902e-07,289.70815561341203,0.0,0,5.032100526794849,57.64725,11.011633
2025-02-02 21:55:03,2025-02-02 21:55:03,Class A,314839000_2,57.64845,11.0058,Constrained by her draught,0.0,12.2,290.0,290.0,9387255,8PXO5,MAIN,Tanker,No additional information,42.0,246.0,GLONASS,14.5,SUEZ,15/02/2025 14:30:00,AIS,POINT (11.0058 57.64845),314839000_2,0 days 00:01:00,-2.063119352865286e-06,291.0315880799234,0.0,0,5.037959387187235,57.64845,11.0058
2025-02-02 21:57:04,2025-02-02 21:57:04,Class A,314839000_2,57.65075,10.993833,Constrained by her draught,0.0,12.1,289.0,290.0,9387255,8PXO5,MAIN,Tanker,No additional information,42.0,246.0,GLONASS,14.5,SUEZ,15/02/2025 14:30:00,AIS,POINT (10.993833 57.65075),314839000_2,0 days 00:02:01,4.5949119752416765e-07,289.7622843569337,0.0,0,5.04991972329947,57.65075,10.993833
2025-02-02 21:58:04,2025-02-02 21:58:04,Class A,314839000_2,57.651817,10.987967,Constrained by her draught,0.0,12.0,289.0,290.0,9387255,8PXO5,MAIN,Tanker,No additional information,42.0,246.0,GLONASS,14.5,SUEZ,15/02/2025 14:30:00,AIS,POINT (10.987967 57.651817),314839000_2,0 days 00:01:00,-1.8189370327168723e-06,288.77778314219984,0.0,0,5.05576031868462,57.651817,10.987967
2025-02-02 21:59:05,2025-02-02 21:59:05,Class A,314839000_2,57.65295,10.9822,Constrained by her draught,0.0,11.8,289.0,290.0,9387255,8PXO5,MAIN,Tanker,No additional information,42.0,246.0,GLONASS,14.5,SUEZ,15/02/2025 14:30:00,AIS,POINT (10.9822 57.65295),314839000_2,0 days 00:01:01,-2.5000516905541856e-06,290.1647814088683,0.0,0,5.061533930988508,57.65295,10.9822
2025-02-02 22:00:05,2025-02-02 22:00:05,Class A,314839000_2,57.654,10.9765,Constrained by her draught,0.0,11.6,289.0,290.0,9387255,8PXO5,MAIN,Tanker,No additional information,42.0,246.0,GLONASS,14.5,SUEZ,15/02/2025 14:30:00,AIS,POINT (10.9765 57.654),314839000_2,0 days 00:01:00,-2.3905620175126524e-07,289.0006828911728,0.0,0,5.067214684523246,57.654,10.9765
2025-02-02 22:03:04,2025-02-02 22:03:04,Class A,314839000_2,57.657083,10.9601,Constrained by her draught,0.0,11.0,289.0,290.0,9387255,8PXO5,MAIN,Tanker,No additional information,42.0,246.0,GLONASS,14.5,SUEZ,15/02/2025 14:30:00,AIS,POINT (10.9601 57.657083),314839000_2,0 days 00:02:59,-1.1230393023783494e-06,289.36706546129795,0.0,0,5.083583798290827,57.657083,10.9601
2025-02-02 22:12:04,2025-02-02 22:12:04,Class A,314839000_2,57.6649,10.916917,Constrained by her draught,0.0,8.9,289.0,290.0,9387255,8PXO5,MAIN,Tanker,No additional information,42.0,246.0,GLONASS,14.5,SUEZ,15/02/2025 14:30:00,AIS,POINT (10.916917 57.6649),314839000_2,0 days 00:09:00,-1.4037116644530779e-06,288.7141354500787,0.0,0,5.12658385165063,57.6649,10.916917
2025-02-02 22:13:04,2025-02-02 22:13:04,Class A,314839000_2,57.66575,10.912617,Constrained by her draught,0.0,8.6,289.0,290.0,9387255,8PXO5,MAIN,Tanker,No additional information,42.0,246.0,GLONASS,14.5,SUEZ,15/02/2025 14:30:00,AIS,POINT (10.912617 57.66575),314839000_2,0 days 00:01:00,-7.98745935845337e-06,290.2850696389389,0.0,0,5.130892964358642,57.66575,10.912617
2025-02-02 22:14:04,2025-02-02 22:14:04,Class A,314839000_2,57.666533,10.908533,Constrained by her draught,0.0,8.4,289.0,290.0,9387255,8PXO5,MAIN,Tanker,No additional information,42.0,246.0,GLONASS,14.5,SUEZ,15/02/2025 14:30:00,AIS,POINT (10.908533 57.666533),314839000_2,0 days 00:01:00,-4.075030177121275e-06,289.72253093393425,0.0,0,5.1349767424464545,57.666533,10.908533
2025-02-02 22:21:05,2025-02-02 22:21:05,Class A,314839000_2,57.67155,10.8825,Constrained by her draught,0.0,7.1,292.0,297.0,9387255,8PXO5,MAIN,Tanker,No additional information,42.0,246.0,GLONASS,14.5,SUEZ,15/02/2025 14:30:00,AIS,POINT (10.8825 57.67155),314839000_2,0 days 00:07:01,-9.332632678523314e-07,289.82748476409193,0.0,0,5.161020672245753,57.67155,10.8825
2025-02-02 22:23:04,2025-02-02 22:23:04,Class A,314839000_2,57.673433,10.876167,Constrained by her draught,0.0,6.9,301.0,300.0,9387255,8PXO5,MAIN,Tanker,No additional information,42.0,246.0,GLONASS,14.5,SUEZ,15/02/2025 14:30:00,AIS,POINT (10.876167 57.673433),314839000_2,0 days 00:01:59,-2.4350801981432686e-06,299.07722033751173,0.0,0,5.167601514590884,57.673433,10.876167
2025-02-02 22:25:04,2025-02-02 22:25:04,Class A,314839000_2,57.675433,10.870167,Constrained by her draught,0.0,6.7,302.0,299.0,9387255,8PXO5,MAIN,Tanker,No additional information,42.0,246.0,GLONASS,14.5,SUEZ,15/02/2025 14:30:00,AIS,POINT (10.870167 57.675433),314839000_2,0 days 00:02:00,-9.843652493296782e-07,301.9406350420422,0.0,0,5.173916086447671,57.675433,10.870167
2025-02-02 22:30:03,2025-02-02 22:30:03,Class A,314839000_2,57.6802,10.855967,Constrained by her draught,0.0,6.5,302.0,300.0,9387255,8PXO5,MAIN,Tanker,No additional information,42.0,246.0,GLONASS,14.5,SUEZ,15/02/2025 14:30:00,AIS,POINT (10.855967 57.6802),314839000_2,0 days 00:04:59,-5.680798712825399e-07,302.12909138540397,0.0,0,5.188873087405877,57.6802,10.855967
2025-02-02 22:31:03,2025-02-02 22:31:03,Class A,314839000_2,57.6812,10.85305,Constrained by her draught,0.0,6.6,302.0,299.0,9387255,8PXO5,MAIN,Tanker,No additional information,42.0,246.0,GLONASS,14.5,SUEZ,15/02/2025 14:30:00,AIS,POINT (10.85305 57.6812),314839000_2,0 days 00:01:00,1.66045432107024e-06,302.66988526277584,0.0,0,5.191953261051951,57.6812,10.85305
2025-02-02 22:32:04,2025-02-02 22:32:04,Class A,314839000_2,57.682167,10.8501,Constrained by her draught,0.0,6.7,301.0,299.0,9387255,8PXO5,MAIN,Tanker,No additional information,42.0,246.0,GLONASS,14.5,SUEZ,15/02/2025 14:30:00,AIS,POINT (10.8501 57.682167),314839000_2,0 days 00:01:01,-1.0020442636726353e-06,301.5152295006671,0.0,0,5.19505194318873,57.682167,10.8501
2025-02-02 22:33:04,2025-02-02 22:33:04,Class A,314839000_2,57.68315,10.847083,Constrained by her draught,0.0,6.8,302.0,300.0,9387255,8PXO5,MAIN,Tanker,No additional information,42.0,246.0,GLONASS,14.5,SUEZ,15/02/2025 14:30:00,AIS,POINT (10.847083 57.68315),314839000_2,0 days 00:01:00,2.1440108970709582e-06,301.36175999507867,0.0,0,5.198218810724399,57.68315,10.847083
2025-02-02 22:34:04,2025-02-02 22:34:04,Class A,314839000_2,57.684183,10.84405,Constrained by her draught,0.0,6.9,302.0,300.0,9387255,8PXO5,MAIN,Tanker,No additional information,42.0,246.0,GLONASS,14.5,SUEZ,15/02/2025 14:30:00,AIS,POINT (10.84405 57.684183),314839000_2,0 days 00:01:00,1.0409838744895944e-06,302.50230249409805,0.0,0,5.2014189939616475,57.684183,10.84405
2025-02-02 22:35:04,2025-02-02 22:35:04,Class A,314839000_2,57.68525,10.840867,Constrained by her draught,0.0,7.0,302.0,300.0,9387255,8PXO5,MAIN,Tanker,No additional information,42.0,246.0,GLONASS,14.5,SUEZ,15/02/2025 14:30:00,AIS,POINT (10.840867 57.68525),314839000_2,0 days 00:01:00,2.6621480089383435e-06,302.0919855386006,0.0,0,5.204771150560322,57.68525,10.840867
2025-02-02 22:36:04,2025-02-02 22:36:04,Class A,314839000_2,57.686283,10.83795,Constrained by her draught,0.0,7.1,303.0,300.0,9387255,8PXO5,MAIN,Tanker,No additional information,42.0,246.0,GLONASS,14.5,SUEZ,15/02/2025 14:30:00,AIS,POINT (10.83795 57.686283),314839000_2,0 days 00:01:00,-4.2773136053903024e-06,303.5244710720043,0.0,0,5.2078635143929235,57.686283,10.83795
2025-02-02 22:37:04,2025-02-02 22:37:04,Class A,314839000_2,57.68735,10.83475,Constrained by her draught,0.0,7.2,303.0,300.0,9387255,8PXO5,MAIN,Tanker,No additional information,42.0,246.0,GLONASS,14.5,SUEZ,15/02/2025 14:30:00,AIS,POINT (10.83475 57.68735),314839000_2,0 days 00:01:00,4.513673479175538e-06,301.9562785550346,0.0,0,5.211231484174158,57.68735,10.83475
2025-02-02 22:52:04,2025-02-02 22:52:04,Class A,314839000_2,57.709583,10.796217,Constrained by her draught,0.0,6.7,342.0,346.0,9387255,8PXO5,MAIN,Tanker,No additional information,42.0,246.0,GLONASS,14.5,SUEZ,15/02/2025 14:30:00,AIS,POINT (10.796217 57.709583),314839000_2,0 days 00:15:00,6.559401620842892e-09,317.2120010466626,0.0,0,5.2552505314972375,57.709583,10.796217
2025-02-02 23:06:04,2025-02-02 23:06:04,Class A,314839000_2,57.729533,10.78925,Constrained by her draught,0.0,4.6,352.0,355.0,9387255,8PXO5,MAIN,Tanker,No additional information,42.0,246.0,GLONASS,14.5,SUEZ,15/02/2025 14:30:00,AIS,POINT (10.78925 57.729533),314839000_2,0 days 00:14:00,-1.2647702740841386e-06,349.43824055214026,0.0,0,5.269124773503187,57.729533,10.78925
2025-02-02 23:08:04,2025-02-02 23:08:04,Class A,314839000_2,57.732167,10.788683,Constrained by her draught,0.0,4.8,355.0,0.0,9387255,8PXO5,MAIN,Tanker,No additional information,42.0,246.0,GLONASS,14.5,SUEZ,15/02/2025 14:30:00,AIS,POINT (10.788683 57.732167),314839000_2,0 days 00:02:00,-1.917488306096906e-06,353.44412908570683,0.0,0,5.270632798559389,57.732167,10.788683
2025-02-02 23:12:03,2025-02-02 23:12:03,Class A,314839000_2,57.73825,10.7885,Constrained by her draught,0.0,5.9,358.0,0.0,9387255,8PXO5,MAIN,Tanker,No additional information,42.0,246.0,GLONASS,14.5,SUEZ,15/02/2025 14:30:00,AIS,POINT (10.7885 57.73825),314839000_2,0 days 00:03:59,1.5658165546752259e-06,359.08000105226563,0.0,0,5.273074337855289,57.73825,10.7885
2025-02-02 23:13:03,2025-02-02 23:13:03,Class A,314839000_2,57.73995,10.788517,Constrained by her draught,0.0,6.2,359.0,0.0,9387255,8PXO5,MAIN,Tanker,No additional information,42.0,246.0,GLONASS,14.5,SUEZ,15/02/2025 14:30:00,AIS,POINT (10.788517 57.73995),314839000_2,0 days 00:01:00,5.343264106628523e-06,0.3058206829820733,0.0,0,5.273694530886766,57.73995,10.788517
2025-02-02 23:14:03,2025-02-02 23:14:03,Class A,314839000_2,57.74175,10.788467,Constrained by her draught,0.0,6.4,359.0,0.0,9387255,8PXO5,MAIN,Tanker,No additional information,42.0,246.0,GLONASS,14.5,SUEZ,15/02/2025 14:30:00,AIS,POINT (10.788467 57.74175),314839000_2,0 days 00:01:00,3.099102658097205e-06,359.1505945539876,0.0,0,5.274414774409101,57.74175,10.788467
2025-02-02 23:15:03,2025-02-02 23:15:03,Class A,314839000_2,57.743517,10.788467,Constrained by her draught,0.0,6.6,359.0,0.0,9387255,8PXO5,MAIN,Tanker,No additional information,42.0,246.0,GLONASS,14.5,SUEZ,15/02/2025 14:30:00,AIS,POINT (10.788467 57.743517),314839000_2,0 days 00:01:00,-1.0270480452550516e-06,0.0,0.0,0,5.2750768104347046,57.743517,10.788467
2025-02-02 23:16:03,2025-02-02 23:16:03,Class A,314839000_2,57.745417,10.788483,Constrained by her draught,0.0,6.7,359.0,0.0,9387255,8PXO5,MAIN,Tanker,No additional information,42.0,246.0,GLONASS,14.5,SUEZ,15/02/2025 14:30:00,AIS,POINT (10.788483 57.745417),314839000_2,0 days 00:01:00,4.115230421864336e-06,0.2574949864934979,0.0,0,5.275774413131215,57.745417,10.788483
2025-02-02 23:17:03,2025-02-02 23:17:03,Class A,314839000_2,57.747317,10.78845,Constrained by her draught,0.0,6.9,0.0,0.0,9387255,8PXO5,MAIN,Tanker,No additional information,42.0,246.0,GLONASS,14.5,SUEZ,15/02/2025 14:30:00,AIS,POINT (10.78845 57.747317),314839000_2,0 days 00:01:00,1.956503841128836e-09,359.46895613048395,0.0,0,5.276518023500821,57.747317,10.78845
2025-02-02 23:19:05,2025-02-02 23:19:05,Class A,314839000_2,57.751367,10.788433,Constrained by her draught,0.0,7.2,359.0,0.0,9387255,8PXO5,MAIN,Tanker,No additional information,42.0,246.0,GLONASS,14.5,SUEZ,15/02/2025 14:30:00,AIS,POINT (10.788433 57.751367),314839000_2,0 days 00:02:02,1.3956230453258507e-06,359.8716703478544,0.0,0,5.278055595505792,57.751367,10.788433
2025-02-02 23:31:04,2025-02-02 23:31:04,Class A,314839000_2,57.778783,10.78975,Under way using engine,0.0,9.7,2.0,359.0,9387255,8PXO5,MAIN,Tanker,No additional information,42.0,246.0,GLONASS,14.5,SUEZ,15/02/2025 14:30:00,AIS,POINT (10.78975 57.778783),314839000_2,0 days 00:11:59,7.662277150638283e-07,1.4672054874312153,0.0,0,5.287209499040584,57.778783,10.78975
2025-02-02 23:32:04,2025-02-02 23:32:04,Class A,314839000_2,57.781483,10.7899,Under way using engine,0.0,9.9,2.0,359.0,9387255,8PXO5,MAIN,Tanker,No additional information,42.0,246.0,GLONASS,14.5,SUEZ,15/02/2025 14:30:00,AIS,POINT (10.7899 57.781483),314839000_2,0 days 00:01:00,1.276455363343972e-05,1.696572197739556,0.0,0,5.288099081734854,57.781483,10.7899
2025-02-02 23:34:04,2025-02-02 23:34:04,Class A,314839000_2,57.78725,10.790317,Under way using engine,0.0,10.4,2.0,0.0,9387255,8PXO5,MAIN,Tanker,No additional information,42.0,246.0,GLONASS,14.5,SUEZ,15/02/2025 14:30:00,AIS,POINT (10.790317 57.78725),314839000_2,0 days 00:02:00,2.853379921197539e-06,2.207361995143799,0.0,0,5.289914009537868,57.78725,10.790317
2025-02-02 23:35:04,2025-02-02 23:35:04,Class A,314839000_2,57.790083,10.790617,Under way using engine,0.0,10.6,2.0,0.0,9387255,8PXO5,MAIN,Tanker,No additional information,42.0,246.0,GLONASS,14.5,SUEZ,15/02/2025 14:30:00,AIS,POINT (10.790617 57.790083),314839000_2,0 days 00:01:00,-1.4887239842264714e-06,3.2305941968038496,0.0,0,5.290719751319476,57.790083,10.790617
2025-02-02 23:36:04,2025-02-02 23:36:04,Class A,314839000_2,57.793117,10.7908,Under way using engine,0.0,10.8,1.0,0.0,9387255,8PXO5,MAIN,Tanker,No additional information,42.0,246.0,GLONASS,14.5,SUEZ,15/02/2025 14:30:00,AIS,POINT (10.7908 57.793117),314839000_2,0 days 00:01:00,6.127048375245142e-06,1.84127140884749,0.0,0,5.291711964688648,57.793117,10.7908
2025-02-02 23:37:04,2025-02-02 23:37:04,Class A,314839000_2,57.796133,10.790983,Under way using engine,0.0,10.9,2.0,0.0,9387255,8PXO5,MAIN,Tanker,No additional information,42.0,246.0,GLONASS,14.5,SUEZ,15/02/2025 14:30:00,AIS,POINT (10.790983 57.796133),314839000_2,0 days 00:01:00,-5.565428525909835e-07,1.8520981141604125,0.0,0,5.292698834495118,57.796133,10.790983
2025-02-02 23:38:04,2025-02-02 23:38:04,Class A,314839000_2,57.799183,10.79125,Under way using engine,0.0,11.1,2.0,0.0,9387255,8PXO5,MAIN,Tanker,No additional information,42.0,246.0,GLONASS,14.5,SUEZ,15/02/2025 14:30:00,AIS,POINT (10.79125 57.799183),314839000_2,0 days 00:01:00,1.1059666892068228e-06,2.6708868888660504,0.0,0,5.293622741520688,57.799183,10.79125
2025-02-02 23:39:04,2025-02-02 23:39:04,Class A,314839000_2,57.802317,10.791467,Under way using engine,0.0,11.3,2.0,0.0,9387255,8PXO5,MAIN,Tanker,No additional information,42.0,246.0,GLONASS,14.5,SUEZ,15/02/2025 14:30:00,AIS,POINT (10.791467 57.802317),314839000_2,0 days 00:01:00,2.561984013637108e-06,2.112929020428794,0.0,0,5.2946267137529155,57.802317,10.791467
2025-02-02 23:40:04,2025-02-02 23:40:04,Class A,314839000_2,57.805467,10.791717,Under way using engine,0.0,11.4,2.0,0.0,9387255,8PXO5,MAIN,Tanker,No additional information,42.0,246.0,GLONASS,14.5,SUEZ,15/02/2025 14:30:00,AIS,POINT (10.791717 57.805467),314839000_2,0 days 00:01:00,5.162472738426058e-07,2.421329991795801,0.0,0,5.295608064612221,57.805467,10.791717
2025-02-02 23:55:04,2025-02-02 23:55:04,Class A,314839000_2,57.831133,10.737967,Under way using engine,0.0,11.1,291.0,289.0,9387255,8PXO5,MAIN,Tanker,No additional information,42.0,246.0,GLONASS,14.5,SUEZ,15/02/2025 14:30:00,AIS,POINT (10.737967 57.831133),314839000_2,0 days 00:15:00,-1.2104188479125325e-06,311.9005039776093,0.0,0,5.3550972563905885,57.831133,10.737967
2025-02-03 00:11:04,2025-02-03 00:11:04,Class A,314839000_2,57.847617,10.650333,Under way using engine,0.0,10.8,281.0,280.0,9387255,8PXO5,MAIN,Tanker,No additional information,42.0,246.0,GLONASS,14.5,SUEZ,15/02/2025 14:30:00,AIS,POINT (10.650333 57.847617),314839000_2,0 days 00:16:00,1.0275791761013335e-06,289.4993105507948,0.0,0,5.442342699357511,57.847617,10.650333
2025-02-03 00:28:05,2025-02-03 00:28:05,Class A,314839000_2,57.850983,10.5555,Under way using engine,0.0,10.9,269.0,269.0,9387255,8PXO5,MAIN,Tanker,No additional information,42.0,246.0,GLONASS,14.5,SUEZ,15/02/2025 14:30:00,AIS,POINT (10.5555 57.850983),314839000_2,0 days 00:17:01,-2.1725708242483163e-07,273.85608885925484,0.0,0,5.531353945431895,57.850983,10.5555
2025-02-03 00:29:04,2025-02-03 00:29:04,Class A,314839000_2,57.850967,10.5498,Under way using engine,0.0,11.0,269.0,269.0,9387255,8PXO5,MAIN,Tanker,No additional information,42.0,246.0,GLONASS,14.5,SUEZ,15/02/2025 14:30:00,AIS,POINT (10.5498 57.850967),314839000_2,0 days 00:00:59,3.5416978098701234e-06,269.70017329471796,0.0,0,5.536628046855684,57.850967,10.5498
2025-02-03 00:30:04,2025-02-03 00:30:04,Class A,314839000_2,57.85095,10.54415,Under way using engine,0.0,11.0,269.0,269.0,9387255,8PXO5,MAIN,Tanker,No additional information,42.0,246.0,GLONASS,14.5,SUEZ,15/02/2025 14:30:00,AIS,POINT (10.54415 57.85095),314839000_2,0 days 00:01:00,-2.4179837918340654e-06,269.6784208865374,0.0,0,5.541856287639367,57.85095,10.54415
2025-02-03 00:31:04,2025-02-03 00:31:04,Class A,314839000_2,57.850867,10.538267,Under way using engine,0.0,11.0,269.0,269.0,9387255,8PXO5,MAIN,Tanker,No additional information,42.0,246.0,GLONASS,14.5,SUEZ,15/02/2025 14:30:00,AIS,POINT (10.538267 57.850867),314839000_2,0 days 00:01:00,3.875719667412991e-06,268.48373754230465,0.0,0,5.547276476739374,57.850867,10.538267
2025-02-03 00:39:04,2025-02-03 00:39:04,Class A,314839000_2,57.850233,10.49225,Under way using engine,0.0,11.0,268.0,268.0,9387255,8PXO5,MAIN,Tanker,No additional information,42.0,246.0,GLONASS,14.5,SUEZ,15/02/2025 14:30:00,AIS,POINT (10.49225 57.850233),314839000_2,0 days 00:08:00,-2.7000105444316766e-07,268.53635047748764,0.0,0,5.589711366443263,57.850233,10.49225
2025-02-03 00:46:04,2025-02-03 00:46:04,Class A,314839000_2,57.8496,10.452017,Under way using engine,0.0,11.0,269.0,269.0,9387255,8PXO5,MAIN,Tanker,No additional information,42.0,246.0,GLONASS,14.5,SUEZ,15/02/2025 14:30:00,AIS,POINT (10.452017 57.8496),314839000_2,0 days 00:07:00,-9.120961317328926e-09,268.3235035931177,0.0,0,5.6268295637068135,57.8496,10.452017
2025-02-03 00:48:04,2025-02-03 00:48:04,Class A,314839000_2,57.849467,10.440467,Under way using engine,0.0,11.0,268.0,269.0,9387255,8PXO5,MAIN,Tanker,No additional information,42.0,246.0,GLONASS,14.5,SUEZ,15/02/2025 14:30:00,AIS,POINT (10.440467 57.849467),314839000_2,0 days 00:02:00,2.1718830766948433e-07,268.76525131868044,0.0,0,5.637511284155978,57.849467,10.440467
2025-02-03 00:50:05,2025-02-03 00:50:05,Class A,314839000_2,57.849267,10.4287,Under way using engine,0.0,11.1,268.0,269.0,9387255,8PXO5,MAIN,Tanker,No additional information,42.0,246.0,GLONASS,14.5,SUEZ,15/02/2025 14:30:00,AIS,POINT (10.4287 57.849267),314839000_2,0 days 00:02:01,5.031847876752862e-07,268.17558559015697,0.0,0,5.648373423192645,57.849267,10.4287
2025-02-03 00:55:05,2025-02-03 00:55:05,Class A,314839000_2,57.848367,10.3996,Under way using engine,0.0,11.2,266.0,268.0,9387255,8PXO5,MAIN,Tanker,No additional information,42.0,246.0,GLONASS,14.5,SUEZ,15/02/2025 14:30:00,AIS,POINT (10.3996 57.848367),314839000_2,0 days 00:05:00,-2.6285487931332224e-08,266.6861394928126,0.0,0,5.675102471535559,57.848367,10.3996
2025-02-03 01:12:04,2025-02-03 01:12:04,Class A,314839000_2,57.845983,10.29875,Under way using engine,0.0,11.5,269.0,270.0,9387255,8PXO5,MAIN,Tanker,No additional information,42.0,246.0,GLONASS,14.5,SUEZ,15/02/2025 14:30:00,AIS,POINT (10.29875 57.845983),314839000_2,0 days 00:16:59,1.1120189461991618e-07,267.4993220056433,0.0,0,5.768179266037506,57.845983,10.29875
2025-02-03 01:15:04,2025-02-03 01:15:04,Class A,314839000_2,57.845783,10.280717,Under way using engine,0.0,11.6,267.0,268.0,9387255,8PXO5,MAIN,Tanker,No additional information,42.0,246.0,GLONASS,14.5,SUEZ,15/02/2025 14:30:00,AIS,POINT (10.280717 57.845783),314839000_2,0 days 00:03:00,3.766972257131385e-07,268.81378793830885,0.0,0,5.784931239885397,57.845783,10.280717
2025-02-03 01:16:04,2025-02-03 01:16:04,Class A,314839000_2,57.8456,10.2747,Under way using engine,0.0,11.6,267.0,268.0,9387255,8PXO5,MAIN,Tanker,No additional information,42.0,246.0,GLONASS,14.5,SUEZ,15/02/2025 14:30:00,AIS,POINT (10.2747 57.8456),314839000_2,0 days 00:01:00,2.3938920496235336e-07,266.73180965110834,0.0,0,5.7904807687659225,57.8456,10.2747
2025-02-03 01:17:04,2025-02-03 01:17:04,Class A,314839000_2,57.8454,10.2686,Under way using engine,0.0,11.7,266.0,268.0,9387255,8PXO5,MAIN,Tanker,No additional information,42.0,246.0,GLONASS,14.5,SUEZ,15/02/2025 14:30:00,AIS,POINT (10.2686 57.8454),314839000_2,0 days 00:01:00,1.3984533814415718e-06,266.477282555494,0.0,0,5.796102615020545,57.8454,10.2686
2025-02-03 01:20:05,2025-02-03 01:20:05,Class A,314839000_2,57.844767,10.250133,Under way using engine,0.0,11.8,266.0,268.0,9387255,8PXO5,MAIN,Tanker,No additional information,42.0,246.0,GLONASS,14.5,SUEZ,15/02/2025 14:30:00,AIS,POINT (10.250133 57.844767),314839000_2,0 days 00:03:01,1.249146669722555e-07,266.32273388802605,0.0,0,5.813118141948432,57.844767,10.250133
2025-02-03 01:21:05,2025-02-03 01:21:05,Class A,314839000_2,57.844533,10.2441,Under way using engine,0.0,11.9,265.0,268.0,9387255,8PXO5,MAIN,Tanker,No additional information,42.0,246.0,GLONASS,14.5,SUEZ,15/02/2025 14:30:00,AIS,POINT (10.2441 57.844533),314839000_2,0 days 00:01:00,-1.406852508950519e-06,265.8343439435016,0.0,0,5.818669175648758,57.844533,10.2441
2025-02-03 01:22:05,2025-02-03 01:22:05,Class A,314839000_2,57.84425,10.2378,Under way using engine,0.0,11.9,265.0,268.0,9387255,8PXO5,MAIN,Tanker,No additional information,42.0,246.0,GLONASS,14.5,SUEZ,15/02/2025 14:30:00,AIS,POINT (10.2378 57.84425),314839000_2,0 days 00:01:00,4.5105933807906e-06,265.1782056171476,0.0,0,5.824453125894998,57.84425,10.2378
2025-02-03 01:23:05,2025-02-03 01:23:05,Class A,314839000_2,57.843967,10.23155,Under way using engine,0.0,12.0,265.0,270.0,9387255,8PXO5,MAIN,Tanker,No additional information,42.0,246.0,GLONASS,14.5,SUEZ,15/02/2025 14:30:00,AIS,POINT (10.23155 57.843967),314839000_2,0 days 00:01:00,-8.211093950143394e-07,265.1398111301671,0.0,0,5.830191441859263,57.843967,10.23155
2025-02-03 01:25:05,2025-02-03 01:25:05,Class A,314839000_2,57.843733,10.21895,Under way using engine,0.0,12.1,269.0,272.0,9387255,8PXO5,MAIN,Tanker,No additional information,42.0,246.0,GLONASS,14.5,SUEZ,15/02/2025 14:30:00,AIS,POINT (10.21895 57.843733),314839000_2,0 days 00:02:00,2.587767389880593e-07,268.0068819457634,0.0,0,5.841882781599183,57.843733,10.21895
2025-02-03 01:30:05,2025-02-03 01:30:05,Class A,314839000_2,57.843433,10.1874,Under way using engine,0.0,12.1,269.0,271.0,9387255,8PXO5,MAIN,Tanker,No additional information,42.0,246.0,GLONASS,14.5,SUEZ,15/02/2025 14:30:00,AIS,POINT (10.1874 57.843433),314839000_2,0 days 00:05:00,2.3855553681843138e-08,268.989833606502,0.0,0,5.871275204982728,57.843433,10.1874
2025-02-03 01:31:05,2025-02-03 01:31:05,Class A,314839000_2,57.843417,10.1811,Under way using engine,0.0,12.1,269.0,271.0,9387255,8PXO5,MAIN,Tanker,No additional information,42.0,246.0,GLONASS,14.5,SUEZ,15/02/2025 14:30:00,AIS,POINT (10.1811 57.843417),314839000_2,0 days 00:01:00,-1.7988761624356206e-07,269.72926866648515,0.0,0,5.877162571464992,57.843417,10.1811
2025-02-03 01:38:04,2025-02-03 01:38:04,Class A,314839000_2,57.84285,10.137117,Under way using engine,0.0,12.0,268.0,269.0,9387255,8PXO5,MAIN,Tanker,No additional information,42.0,246.0,GLONASS,14.5,SUEZ,15/02/2025 14:30:00,AIS,POINT (10.137117 57.84285),314839000_2,0 days 00:06:59,2.3885759364795393e-10,268.6311301607101,0.0,0,5.918128710353044,57.84285,10.137117
2025-02-03 01:39:04,2025-02-03 01:39:04,Class A,314839000_2,57.842783,10.130917,Under way using engine,0.0,11.9,268.0,269.0,9387255,8PXO5,MAIN,Tanker,No additional information,42.0,246.0,GLONASS,14.5,SUEZ,15/02/2025 14:30:00,AIS,POINT (10.130917 57.842783),314839000_2,0 days 00:01:00,-1.6298649129637867e-06,268.83947507099464,0.0,0,5.92391145712037,57.842783,10.130917
2025-02-03 01:42:04,2025-02-03 01:42:04,Class A,314839000_2,57.842483,10.112267,Under way using engine,0.0,11.9,268.0,269.0,9387255,8PXO5,MAIN,Tanker,No additional information,42.0,246.0,GLONASS,14.5,SUEZ,15/02/2025 14:30:00,AIS,POINT (10.112267 57.842483),314839000_2,0 days 00:03:00,1.0037771415565944e-07,268.2768027730865,0.0,0,5.941277003557569,57.842483,10.112267
2025-02-03 01:45:04,2025-02-03 01:45:04,Class A,314839000_2,57.84225,10.0938,Under way using engine,0.0,11.8,268.0,268.0,9387255,8PXO5,MAIN,Tanker,No additional information,42.0,246.0,GLONASS,14.5,SUEZ,15/02/2025 14:30:00,AIS,POINT (10.0938 57.84225),314839000_2,0 days 00:03:00,-3.4128161499012246e-07,268.6498636001272,0.0,0,5.958502134576105,57.84225,10.0938
2025-02-03 01:51:04,2025-02-03 01:51:04,Class A,314839000_2,57.841167,10.057083,Under way using engine,0.0,11.8,265.0,267.0,9387255,8PXO5,MAIN,Tanker,No additional information,42.0,246.0,GLONASS,14.5,SUEZ,15/02/2025 14:30:00,AIS,POINT (10.057083 57.841167),314839000_2,0 days 00:06:00,-7.815681563600158e-08,266.8436677336824,0.0,0,5.992557388565419,57.841167,10.057083
2025-02-03 01:59:03,2025-02-03 01:59:03,Class A,314839000_2,57.839217,10.007867,Under way using engine,0.0,11.9,265.0,267.0,9387255,8PXO5,MAIN,Tanker,No additional information,42.0,246.0,GLONASS,14.5,SUEZ,15/02/2025 14:30:00,AIS,POINT (10.007867 57.839217),314839000_2,0 days 00:07:59,1.1002541479730765e-07,265.76378499752434,0.0,0,6.038083691883212,57.839217,10.007867
2025-02-03 02:03:04,2025-02-03 02:03:04,Class A,314839000_2,57.838233,9.983083,Under way using engine,0.0,11.8,267.0,269.0,9387255,8PXO5,MAIN,Tanker,No additional information,42.0,246.0,GLONASS,14.5,SUEZ,15/02/2025 14:30:00,AIS,POINT (9.983083 57.838233),314839000_2,0 days 00:04:01,2.3751866828637847e-08,265.74486247304543,0.0,0,6.061031028452668,57.838233,9.983083
2025-02-03 02:04:04,2025-02-03 02:04:04,Class A,314839000_2,57.838083,9.976917,Under way using engine,0.0,11.9,267.0,269.0,9387255,8PXO5,MAIN,Tanker,No additional information,42.0,246.0,GLONASS,14.5,SUEZ,15/02/2025 14:30:00,AIS,POINT (9.976917 57.838083),314839000_2,0 days 00:01:00,-2.451304973610559e-07,267.38598455552597,0.0,0,6.066774730645764,57.838083,9.976917
2025-02-03 02:05:04,2025-02-03 02:05:04,Class A,314839000_2,57.83795,9.970733,Under way using engine,0.0,11.9,268.0,271.0,9387255,8PXO5,MAIN,Tanker,No additional information,42.0,246.0,GLONASS,14.5,SUEZ,15/02/2025 14:30:00,AIS,POINT (9.970733 57.83795),314839000_2,0 days 00:01:00,2.745455366011858e-07,267.68895407046887,0.0,0,6.072541984372689,57.83795,9.970733
2025-02-03 02:07:04,2025-02-03 02:07:04,Class A,314839000_2,57.837983,9.958383,Under way using engine,0.0,11.9,270.0,272.0,9387255,8PXO5,MAIN,Tanker,No additional information,42.0,246.0,GLONASS,14.5,SUEZ,15/02/2025 14:30:00,AIS,POINT (9.958383 57.837983),314839000_2,0 days 00:02:00,-1.1500497494780116e-07,270.2928327349693,0.0,0,6.084163832924456,57.837983,9.958383
2025-02-03 02:13:04,2025-02-03 02:13:04,Class A,314839000_2,57.83785,9.921033,Under way using engine,0.0,11.9,270.0,272.0,9387255,8PXO5,MAIN,Tanker,No additional information,42.0,246.0,GLONASS,14.5,SUEZ,15/02/2025 14:30:00,AIS,POINT (9.921033 57.83785),314839000_2,0 days 00:06:00,1.376913477832444e-07,269.63253687144095,0.0,0,6.119250238008658,57.83785,9.921033
2025-02-03 02:15:03,2025-02-03 02:15:03,Class A,314839000_2,57.8379,9.9085,Under way using engine,0.0,11.9,270.0,272.0,9387255,8PXO5,MAIN,Tanker,No additional information,42.0,246.0,GLONASS,14.5,SUEZ,15/02/2025 14:30:00,AIS,POINT (9.9085 57.8379),314839000_2,0 days 00:01:59,7.837202331142406e-07,270.43470216682397,0.0,0,6.131061641628469,57.8379,9.9085
2025-02-03 02:17:03,2025-02-03 02:17:03,Class A,314839000_2,57.837967,9.896217,Under way using engine,0.0,11.9,270.0,272.0,9387255,8PXO5,MAIN,Tanker,No additional information,42.0,246.0,GLONASS,14.5,SUEZ,15/02/2025 14:30:00,AIS,POINT (9.896217 57.837967),314839000_2,0 days 00:02:00,-1.4645802074141386e-06,270.59229398128105,0.0,0,6.142646283971265,57.837967,9.896217
2025-02-03 02:18:03,2025-02-03 02:18:03,Class A,314839000_2,57.838017,9.89,Under way using engine,0.0,11.9,270.0,272.0,9387255,8PXO5,MAIN,Tanker,No additional information,42.0,246.0,GLONASS,14.5,SUEZ,15/02/2025 14:30:00,AIS,POINT (9.89 57.838017),314839000_2,0 days 00:01:00,1.2519422053099399e-06,270.8682169911722,0.0,0,6.148516266793884,57.838017,9.89
2025-02-03 02:19:03,2025-02-03 02:19:03,Class A,314839000_2,57.838033,9.883867,Under way using engine,0.0,11.9,270.0,272.0,9387255,8PXO5,MAIN,Tanker,No additional information,42.0,246.0,GLONASS,14.5,SUEZ,15/02/2025 14:30:00,AIS,POINT (9.883867 57.838033),314839000_2,0 days 00:01:00,-1.3965372725437217e-06,270.283396396641,0.0,0,6.154296388654189,57.838033,9.883867
2025-02-03 02:21:03,2025-02-03 02:21:03,Class A,314839000_2,57.8381,9.8715,Under way using engine,0.0,11.9,270.0,272.0,9387255,8PXO5,MAIN,Tanker,No additional information,42.0,246.0,GLONASS,14.5,SUEZ,15/02/2025 14:30:00,AIS,POINT (9.8715 57.8381),314839000_2,0 days 00:02:00,4.1859037540887204e-07,270.5883442653196,0.0,0,6.165965565963533,57.8381,9.8715
2025-02-03 02:22:04,2025-02-03 02:22:04,Class A,314839000_2,57.83815,9.865217,Under way using engine,0.0,11.8,270.0,272.0,9387255,8PXO5,MAIN,Tanker,No additional information,42.0,246.0,GLONASS,14.5,SUEZ,15/02/2025 14:30:00,AIS,POINT (9.865217 57.83815),314839000_2,0 days 00:01:01,-5.097807154152159e-08,270.8591568802261,0.0,0,6.171900439322154,57.83815,9.865217
2025-02-03 02:23:04,2025-02-03 02:23:04,Class A,314839000_2,57.838183,9.85905,Under way using engine,0.0,11.8,271.0,272.0,9387255,8PXO5,MAIN,Tanker,No additional information,42.0,246.0,GLONASS,14.5,SUEZ,15/02/2025 14:30:00,AIS,POINT (9.85905 57.838183),314839000_2,0 days 00:01:00,-2.2084440310306207e-07,270.5785557719589,0.0,0,6.1777210182028295,57.838183,9.85905
2025-02-03 02:24:04,2025-02-03 02:24:04,Class A,314839000_2,57.838217,9.8529,Under way using engine,0.0,11.8,270.0,272.0,9387255,8PXO5,MAIN,Tanker,No additional information,42.0,246.0,GLONASS,14.5,SUEZ,15/02/2025 14:30:00,AIS,POINT (9.8529 57.838217),314839000_2,0 days 00:01:00,-2.8026126173584173e-07,270.59764095981825,0.0,0,6.183526586554715,57.838217,9.8529
2025-02-03 02:27:04,2025-02-03 02:27:04,Class A,314839000_2,57.838383,9.8345,Under way using engine,0.0,11.7,270.0,272.0,9387255,8PXO5,MAIN,Tanker,No additional information,42.0,246.0,GLONASS,14.5,SUEZ,15/02/2025 14:30:00,AIS,POINT (9.8345 57.838383),314839000_2,0 days 00:03:00,-8.875046201747877e-08,270.97875928867086,0.0,0,6.200921536065829,57.838383,9.8345
2025-02-03 02:28:04,2025-02-03 02:28:04,Class A,314839000_2,57.838417,9.828333,Under way using engine,0.0,11.7,270.0,272.0,9387255,8PXO5,MAIN,Tanker,No additional information,42.0,246.0,GLONASS,14.5,SUEZ,15/02/2025 14:30:00,AIS,POINT (9.828333 57.838417),314839000_2,0 days 00:01:00,5.461695499145118e-07,270.5960112868125,0.0,0,6.206745754842065,57.838417,9.828333
2025-02-03 02:29:04,2025-02-03 02:29:04,Class A,314839000_2,57.83845,9.822383,Under way using engine,0.0,11.7,270.0,272.0,9387255,8PXO5,MAIN,Tanker,No additional information,42.0,246.0,GLONASS,14.5,SUEZ,15/02/2025 14:30:00,AIS,POINT (9.822383 57.83845),314839000_2,0 days 00:01:00,-3.580660671950138e-06,270.59947192825825,0.0,0,6.21236572796298,57.83845,9.822383
2025-02-03 02:30:04,2025-02-03 02:30:04,Class A,314839000_2,57.8385,9.816067,Under way using engine,0.0,11.7,270.0,272.0,9387255,8PXO5,MAIN,Tanker,No additional information,42.0,246.0,GLONASS,14.5,SUEZ,15/02/2025 14:30:00,AIS,POINT (9.816067 57.8385),314839000_2,0 days 00:01:00,6.044946982218972e-06,270.85470474580984,0.0,0,6.218337060806933,57.8385,9.816067
2025-02-03 02:31:04,2025-02-03 02:31:04,Class A,314839000_2,57.838533,9.809883,Under way using engine,0.0,11.7,270.0,272.0,9387255,8PXO5,MAIN,Tanker,No additional information,42.0,246.0,GLONASS,14.5,SUEZ,15/02/2025 14:30:00,AIS,POINT (9.809883 57.838533),314839000_2,0 days 00:01:00,-2.184449383084676e-06,270.5769853721024,0.0,0,6.224178944765807,57.838533,9.809883
2025-02-03 02:32:05,2025-02-03 02:32:05,Class A,314839000_2,57.838583,9.803767,Under way using engine,0.0,11.7,270.0,272.0,9387255,8PXO5,MAIN,Tanker,No additional information,42.0,246.0,GLONASS,14.5,SUEZ,15/02/2025 14:30:00,AIS,POINT (9.803767 57.838583),314839000_2,0 days 00:01:01,-2.724426976536036e-06,270.88248018095453,0.0,0,6.22996301563677,57.838583,9.803767
2025-02-03 02:33:05,2025-02-03 02:33:05,Class A,314839000_2,57.838633,9.797533,Under way using engine,0.0,11.7,271.0,272.0,9387255,8PXO5,MAIN,Tanker,No additional information,42.0,246.0,GLONASS,14.5,SUEZ,15/02/2025 14:30:00,AIS,POINT (9.797533 57.838633),314839000_2,0 days 00:01:00,3.601080522156718e-06,270.86587888462293,0.0,0,6.235859014094691,57.838633,9.797533
2025-02-03 02:34:05,2025-02-03 02:34:05,Class A,314839000_2,57.8387,9.791517,Under way using engine,0.0,11.7,271.0,272.0,9387255,8PXO5,MAIN,Tanker,No additional information,42.0,246.0,GLONASS,14.5,SUEZ,15/02/2025 14:30:00,AIS,POINT (9.791517 57.8387),314839000_2,0 days 00:01:00,-3.5870718969539345e-06,271.2011225685888,0.0,0,6.241555680405727,57.8387,9.791517
2025-02-03 02:36:05,2025-02-03 02:36:05,Class A,314839000_2,57.83885,9.77925,Under way using engine,0.0,11.7,271.0,271.0,9387255,8PXO5,MAIN,Tanker,No additional information,42.0,246.0,GLONASS,14.5,SUEZ,15/02/2025 14:30:00,AIS,POINT (9.77925 57.83885),314839000_2,0 days 00:02:00,9.716779508271552e-07,271.32114368848625,0.0,0,6.253177830003558,57.83885,9.77925
2025-02-03 02:37:05,2025-02-03 02:37:05,Class A,314839000_2,57.838883,9.773133,Under way using engine,0.0,11.7,270.0,271.0,9387255,8PXO5,MAIN,Tanker,No additional information,42.0,246.0,GLONASS,14.5,SUEZ,15/02/2025 14:30:00,AIS,POINT (9.773133 57.838883),314839000_2,0 days 00:01:00,-2.939313738879763e-07,270.5832533326828,0.0,0,6.258960352459985,57.838883,9.773133
2025-02-03 02:39:05,2025-02-03 02:39:05,Class A,314839000_2,57.838833,9.76095,Under way using engine,0.0,11.7,269.0,270.0,9387255,8PXO5,MAIN,Tanker,No additional information,42.0,246.0,GLONASS,14.5,SUEZ,15/02/2025 14:30:00,AIS,POINT (9.76095 57.838833),314839000_2,0 days 00:02:00,-2.114508616724078e-07,269.5634119602603,0.0,0,6.270440827895994,57.838833,9.76095
2025-02-03 02:42:05,2025-02-03 02:42:05,Class A,314839000_2,57.838717,9.742683,Under way using engine,0.0,11.6,268.0,268.0,9387255,8PXO5,MAIN,Tanker,No additional information,42.0,246.0,GLONASS,14.5,SUEZ,15/02/2025 14:30:00,AIS,POINT (9.742683 57.838717),314839000_2,0 days 00:03:00,-1.2290742031675943e-08,269.3242399390217,0.0,0,6.287645904887617,57.838717,9.742683
2025-02-03 02:43:03,2025-02-03 02:43:03,Class A,314839000_2,57.838567,9.736733,Under way using engine,0.0,11.6,266.0,267.0,9387255,8PXO5,MAIN,Tanker,No additional information,42.0,246.0,GLONASS,14.5,SUEZ,15/02/2025 14:30:00,AIS,POINT (9.736733 57.838567),314839000_2,0 days 00:00:58,1.239794473178483e-06,267.29100595695525,0.0,0,6.2932143529558875,57.838567,9.736733
2025-02-03 02:44:03,2025-02-03 02:44:03,Class A,314839000_2,57.83835,9.730683,Under way using engine,0.0,11.6,266.0,267.0,9387255,8PXO5,MAIN,Tanker,No additional information,42.0,246.0,GLONASS,14.5,SUEZ,15/02/2025 14:30:00,AIS,POINT (9.730683 57.83835),314839000_2,0 days 00:01:00,-1.622701990500186e-06,266.14770731424613,0.0,0,6.298855897015662,57.83835,9.730683
2025-02-03 02:51:03,2025-02-03 02:51:03,Class A,314839000_2,57.836533,9.6884,Under way using engine,0.0,11.6,266.0,268.0,9387255,8PXO5,MAIN,Tanker,No additional information,42.0,246.0,GLONASS,14.5,SUEZ,15/02/2025 14:30:00,AIS,POINT (9.6884 57.836533),314839000_2,0 days 00:07:00,-8.231577547069027e-09,265.402642990872,0.0,0,6.3382073464699005,57.836533,9.6884
2025-02-03 02:52:03,2025-02-03 02:52:03,Class A,314839000_2,57.836317,9.68235,Under way using engine,0.0,11.6,266.0,267.0,9387255,8PXO5,MAIN,Tanker,No additional information,42.0,246.0,GLONASS,14.5,SUEZ,15/02/2025 14:30:00,AIS,POINT (9.68235 57.836317),314839000_2,0 days 00:01:00,6.116068636957683e-08,266.1656342867436,0.0,0,6.343855368616864,57.836317,9.68235
2025-02-03 02:53:03,2025-02-03 02:53:03,Class A,314839000_2,57.836133,9.67635,Under way using engine,0.0,11.6,266.0,265.0,9387255,8PXO5,MAIN,Tanker,No additional information,42.0,246.0,GLONASS,14.5,SUEZ,15/02/2025 14:30:00,AIS,POINT (9.67635 57.836133),314839000_2,0 days 00:01:00,-8.843775725732913e-07,266.70553594906494,0.0,0,6.349467300832803,57.836133,9.67635
2025-02-03 02:54:04,2025-02-03 02:54:04,Class A,314839000_2,57.835683,9.67025,Under way using engine,0.0,11.5,261.0,260.0,9387255,8PXO5,MAIN,Tanker,No additional information,42.0,246.0,GLONASS,14.5,SUEZ,15/02/2025 14:30:00,AIS,POINT (9.67025 57.835683),314839000_2,0 days 00:01:01,7.670783978613962e-07,262.1129938441939,0.0,0,6.355087877326719,57.835683,9.67025
2025-02-03 02:55:04,2025-02-03 02:55:04,Class A,314839000_2,57.835083,9.664467,Under way using engine,0.0,11.5,257.0,256.0,9387255,8PXO5,MAIN,Tanker,No additional information,42.0,246.0,GLONASS,14.5,SUEZ,15/02/2025 14:30:00,AIS,POINT (9.664467 57.835083),314839000_2,0 days 00:01:00,-2.7331688074315205e-06,258.97410489669016,0.0,0,6.360360817265164,57.835083,9.664467
2025-02-03 02:56:04,2025-02-03 02:56:04,Class A,314839000_2,57.8342,9.65865,Under way using engine,0.0,11.5,253.0,254.0,9387255,8PXO5,MAIN,Tanker,No additional information,42.0,246.0,GLONASS,14.5,SUEZ,15/02/2025 14:30:00,AIS,POINT (9.65865 57.8342),314839000_2,0 days 00:01:00,2.5859083206509285e-06,254.0876880020274,0.0,0,6.365574917896105,57.8342,9.65865
2025-02-03 02:57:04,2025-02-03 02:57:04,Class A,314839000_2,57.83325,9.6529,Under way using engine,0.0,11.5,252.0,255.0,9387255,8PXO5,MAIN,Tanker,No additional information,42.0,246.0,GLONASS,14.5,SUEZ,15/02/2025 14:30:00,AIS,POINT (9.6529 57.83325),314839000_2,0 days 00:01:00,-4.6715092922905606e-07,252.76130805427022,0.0,0,6.370705071665772,57.83325,9.6529
2025-02-03 02:58:04,2025-02-03 02:58:04,Class A,314839000_2,57.832317,9.647133,Under way using engine,0.0,11.5,254.0,259.0,9387255,8PXO5,MAIN,Tanker,No additional information,42.0,246.0,GLONASS,14.5,SUEZ,15/02/2025 14:30:00,AIS,POINT (9.647133 57.832317),314839000_2,0 days 00:01:00,1.1645475785269053e-07,253.099534984546,0.0,0,6.3758580160045915,57.832317,9.647133
2025-02-03 02:59:04,2025-02-03 02:59:04,Class A,314839000_2,57.831617,9.641217,Under way using engine,0.0,11.6,258.0,262.0,9387255,8PXO5,MAIN,Tanker,No additional information,42.0,246.0,GLONASS,14.5,SUEZ,15/02/2025 14:30:00,AIS,POINT (9.641217 57.831617),314839000_2,0 days 00:01:00,5.530722081713984e-07,257.4725502791215,0.0,0,6.381228535241942,57.831617,9.641217
2025-02-03 03:00:04,2025-02-03 03:00:04,Class A,314839000_2,57.831083,9.635167,Under way using engine,0.0,11.6,260.0,262.0,9387255,8PXO5,MAIN,Tanker,No additional information,42.0,246.0,GLONASS,14.5,SUEZ,15/02/2025 14:30:00,AIS,POINT (9.635167 57.831083),314839000_2,0 days 00:01:00,1.1975877122269064e-06,260.58956960876264,0.0,0,6.386780563351304,57.831083,9.635167
2025-02-03 03:06:03,2025-02-03 03:06:03,Class A,314839000_2,57.8272,9.59995,Under way using engine,0.0,11.5,254.0,252.0,9387255,8PXO5,MAIN,Tanker,No additional information,42.0,246.0,GLONASS,14.5,SUEZ,15/02/2025 14:30:00,AIS,POINT (9.59995 57.8272),314839000_2,0 days 00:05:59,-3.355037519458211e-07,258.31541905776425,0.0,0,6.418868891677722,57.8272,9.59995
2025-02-03 03:08:03,2025-02-03 03:08:03,Class A,314839000_2,57.824633,9.589083,Under way using engine,0.0,11.4,242.0,243.0,9387255,8PXO5,MAIN,Tanker,No additional information,42.0,246.0,GLONASS,14.5,SUEZ,15/02/2025 14:30:00,AIS,POINT (9.589083 57.824633),314839000_2,0 days 00:02:00,-5.565962502628941e-07,246.08201753071899,0.0,0,6.428339149163334,57.824633,9.589083
2025-02-03 03:09:05,2025-02-03 03:09:05,Class A,314839000_2,57.82305,9.583717,Under way using engine,0.0,11.4,241.0,245.0,9387255,8PXO5,MAIN,Tanker,No additional information,42.0,246.0,GLONASS,14.5,SUEZ,15/02/2025 14:30:00,AIS,POINT (9.583717 57.82305),314839000_2,0 days 00:01:02,-1.2938848001383077e-07,241.0168695002158,0.0,0,6.43291660122413,57.82305,9.583717
2025-02-03 03:10:05,2025-02-03 03:10:05,Class A,314839000_2,57.8216,9.578533,Under way using engine,0.0,11.4,242.0,246.0,9387255,8PXO5,MAIN,Tanker,No additional information,42.0,246.0,GLONASS,14.5,SUEZ,15/02/2025 14:30:00,AIS,POINT (9.578533 57.8216),314839000_2,0 days 00:01:00,-1.3281383896184053e-06,242.2926122653289,0.0,0,6.4373656454227435,57.8216,9.578533
2025-02-03 03:11:05,2025-02-03 03:11:05,Class A,314839000_2,57.820183,9.573083,Under way using engine,0.0,11.4,244.0,246.0,9387255,8PXO5,MAIN,Tanker,No additional information,42.0,246.0,GLONASS,14.5,SUEZ,15/02/2025 14:30:00,AIS,POINT (9.573083 57.820183),314839000_2,0 days 00:01:00,3.4613918191003587e-06,243.98063701353544,0.0,0,6.442078755127571,57.820183,9.573083
2025-02-03 03:12:05,2025-02-03 03:12:05,Class A,314839000_2,57.818783,9.567817,Under way using engine,0.0,11.4,243.0,245.0,9387255,8PXO5,MAIN,Tanker,No additional information,42.0,246.0,GLONASS,14.5,SUEZ,15/02/2025 14:30:00,AIS,POINT (9.567817 57.818783),314839000_2,0 days 00:01:00,-2.954076303407667e-06,243.47486972062129,0.0,0,6.446624324094123,57.818783,9.567817
2025-02-03 03:13:05,2025-02-03 03:13:05,Class A,314839000_2,57.81735,9.562417,Under way using engine,0.0,11.5,243.0,245.0,9387255,8PXO5,MAIN,Tanker,No additional information,42.0,246.0,GLONASS,14.5,SUEZ,15/02/2025 14:30:00,AIS,POINT (9.562417 57.81735),314839000_2,0 days 00:01:00,2.438415041117814e-06,243.51770049041278,0.0,0,6.451287848616351,57.81735,9.562417
2025-02-03 03:14:05,2025-02-03 03:14:05,Class A,314839000_2,57.815933,9.55705,Under way using engine,0.0,11.5,243.0,244.0,9387255,8PXO5,MAIN,Tanker,No additional information,42.0,246.0,GLONASS,14.5,SUEZ,15/02/2025 14:30:00,AIS,POINT (9.55705 57.815933),314839000_2,0 days 00:01:00,-7.048866994817614e-07,243.63500685806036,0.0,0,6.455926625879898,57.815933,9.55705
2025-02-03 03:15:03,2025-02-03 03:15:03,Class A,314839000_2,57.8145,9.551917,Under way using engine,0.0,11.5,242.0,243.0,9387255,8PXO5,MAIN,Tanker,No additional information,42.0,246.0,GLONASS,14.5,SUEZ,15/02/2025 14:30:00,AIS,POINT (9.551917 57.8145),314839000_2,0 days 00:00:58,8.499390044433707e-08,242.34218439709787,0.0,0,6.46033983994689,57.8145,9.551917
2025-02-03 03:17:03,2025-02-03 03:17:03,Class A,314839000_2,57.811433,9.541417,Under way using engine,0.0,11.5,241.0,243.0,9387255,8PXO5,MAIN,Tanker,No additional information,42.0,246.0,GLONASS,14.5,SUEZ,15/02/2025 14:30:00,AIS,POINT (9.541417 57.811433),314839000_2,0 days 00:02:00,-6.14753448543555e-08,241.26648472717494,0.0,0,6.469328862146522,57.811433,9.541417
2025-02-03 03:18:03,2025-02-03 03:18:03,Class A,314839000_2,57.809867,9.536067,Under way using engine,0.0,11.5,241.0,243.0,9387255,8PXO5,MAIN,Tanker,No additional information,42.0,246.0,GLONASS,14.5,SUEZ,15/02/2025 14:30:00,AIS,POINT (9.536067 57.809867),314839000_2,0 days 00:01:00,1.9361179045271668e-06,241.21502223614695,0.0,0,6.473910252373444,57.809867,9.536067
2025-02-03 03:19:03,2025-02-03 03:19:03,Class A,314839000_2,57.80835,9.53095,Under way using engine,0.0,11.5,241.0,242.0,9387255,8PXO5,MAIN,Tanker,No additional information,42.0,246.0,GLONASS,14.5,SUEZ,15/02/2025 14:30:00,AIS,POINT (9.53095 57.80835),314839000_2,0 days 00:01:00,-4.0977883090427665e-06,240.90688530576654,0.0,0,6.478287520822766,57.80835,9.53095
2025-02-03 03:20:03,2025-02-03 03:20:03,Class A,314839000_2,57.80675,9.52575,Under way using engine,0.0,11.4,240.0,242.0,9387255,8PXO5,MAIN,Tanker,No additional information,42.0,246.0,GLONASS,14.5,SUEZ,15/02/2025 14:30:00,AIS,POINT (9.52575 57.80675),314839000_2,0 days 00:01:00,2.460766740035675e-06,239.99410076212186,0.0,0,6.4827188848544095,57.80675,9.52575
2025-02-03 03:21:05,2025-02-03 03:21:05,Class A,314839000_2,57.8051,9.520417,Under way using engine,0.0,11.4,239.0,242.0,9387255,8PXO5,MAIN,Tanker,No additional information,42.0,246.0,GLONASS,14.5,SUEZ,15/02/2025 14:30:00,AIS,POINT (9.520417 57.8051),314839000_2,0 days 00:01:02,-5.85179761979001e-07,239.85820763149172,0.0,0,6.487262332155607,57.8051,9.520417
2025-02-03 03:22:05,2025-02-03 03:22:05,Class A,314839000_2,57.80355,9.51535,Under way using engine,0.0,11.4,240.0,242.0,9387255,8PXO5,MAIN,Tanker,No additional information,42.0,246.0,GLONASS,14.5,SUEZ,15/02/2025 14:30:00,AIS,POINT (9.51535 57.80355),314839000_2,0 days 00:01:00,-2.0638926609712045e-06,240.14093252685512,0.0,0,6.491586217192837,57.80355,9.51535
2025-02-03 03:23:05,2025-02-03 03:23:05,Class A,314839000_2,57.801933,9.510083,Under way using engine,0.0,11.4,240.0,242.0,9387255,8PXO5,MAIN,Tanker,No additional information,42.0,246.0,GLONASS,14.5,SUEZ,15/02/2025 14:30:00,AIS,POINT (9.510083 57.801933),314839000_2,0 days 00:01:00,3.899865134389608e-06,240.05282016756496,0.0,0,6.4960804777393255,57.801933,9.510083
2025-02-03 03:24:05,2025-02-03 03:24:05,Class A,314839000_2,57.800383,9.504933,Under way using engine,0.0,11.4,240.0,242.0,9387255,8PXO5,MAIN,Tanker,No additional information,42.0,246.0,GLONASS,14.5,SUEZ,15/02/2025 14:30:00,AIS,POINT (9.504933 57.800383),314839000_2,0 days 00:01:00,-2.701665530677449e-06,240.54343848495319,0.0,0,6.500486139718012,57.800383,9.504933
2025-02-03 03:25:04,2025-02-03 03:25:04,Class A,314839000_2,57.798833,9.49995,Under way using engine,0.0,11.4,240.0,242.0,9387255,8PXO5,MAIN,Tanker,No additional information,42.0,246.0,GLONASS,14.5,SUEZ,15/02/2025 14:30:00,AIS,POINT (9.49995 57.798833),314839000_2,0 days 00:00:59,-7.887378539539081e-07,239.72884938749624,0.0,0,6.5047346258048835,57.798833,9.49995
2025-02-03 03:26:04,2025-02-03 03:26:04,Class A,314839000_2,57.79725,9.49475,Under way using engine,0.0,11.3,240.0,242.0,9387255,8PXO5,MAIN,Tanker,No additional information,42.0,246.0,GLONASS,14.5,SUEZ,15/02/2025 14:30:00,AIS,POINT (9.49475 57.79725),314839000_2,0 days 00:01:00,2.0039555676473636e-06,240.26495273124948,0.0,0,6.509180393417284,57.79725,9.49475
2025-02-03 03:29:04,2025-02-03 03:29:04,Class A,314839000_2,57.7925,9.479383,Under way using engine,0.0,11.3,240.0,242.0,9387255,8PXO5,MAIN,Tanker,No additional information,42.0,246.0,GLONASS,14.5,SUEZ,15/02/2025 14:30:00,AIS,POINT (9.479383 57.7925),314839000_2,0 days 00:03:00,-3.669516418410475e-07,239.89342924840423,0.0,0,6.522304910326485,57.7925,9.479383
2025-02-03 03:30:04,2025-02-03 03:30:04,Class A,314839000_2,57.790967,9.474367,Under way using engine,0.0,11.3,240.0,242.0,9387255,8PXO5,MAIN,Tanker,No additional information,42.0,246.0,GLONASS,14.5,SUEZ,15/02/2025 14:30:00,AIS,POINT (9.474367 57.790967),314839000_2,0 days 00:01:00,-2.292989599616292e-06,240.17210195404382,0.0,0,6.526597218473498,57.790967,9.474367
2025-02-03 03:31:04,2025-02-03 03:31:04,Class A,314839000_2,57.789367,9.469183,Under way using engine,0.0,11.3,240.0,242.0,9387255,8PXO5,MAIN,Tanker,No additional information,42.0,246.0,GLONASS,14.5,SUEZ,15/02/2025 14:30:00,AIS,POINT (9.469183 57.789367),314839000_2,0 days 00:01:00,3.44261244983026e-06,239.92953787946857,0.0,0,6.531029900731584,57.789367,9.469183
2025-02-03 03:32:05,2025-02-03 03:32:05,Class A,314839000_2,57.7878,9.464017,Under way using engine,0.0,11.3,239.0,242.0,9387255,8PXO5,MAIN,Tanker,No additional information,42.0,246.0,GLONASS,14.5,SUEZ,15/02/2025 14:30:00,AIS,POINT (9.464017 57.7878),314839000_2,0 days 00:01:01,-2.332666753415682e-06,240.3601227365794,0.0,0,6.535457169793478,57.7878,9.464017
2025-02-03 03:34:05,2025-02-03 03:34:05,Class A,314839000_2,57.784633,9.453817,Under way using engine,0.0,11.3,240.0,242.0,9387255,8PXO5,MAIN,Tanker,No additional information,42.0,246.0,GLONASS,14.5,SUEZ,15/02/2025 14:30:00,AIS,POINT (9.453817 57.784633),314839000_2,0 days 00:02:00,4.613985516402743e-07,239.7858266212513,0.0,0,6.544180339217585,57.784633,9.453817
2025-02-03 03:35:05,2025-02-03 03:35:05,Class A,314839000_2,57.78305,9.4487,Under way using engine,0.0,11.3,240.0,242.0,9387255,8PXO5,MAIN,Tanker,No additional information,42.0,246.0,GLONASS,14.5,SUEZ,15/02/2025 14:30:00,AIS,POINT (9.4487 57.78305),314839000_2,0 days 00:01:00,2.3999040244315646e-07,239.87602312485475,0.0,0,6.548560426395102,57.78305,9.4487
2025-02-03 03:36:05,2025-02-03 03:36:05,Class A,314839000_2,57.78145,9.443533,Under way using engine,0.0,11.3,240.0,242.0,9387255,8PXO5,MAIN,Tanker,No additional information,42.0,246.0,GLONASS,14.5,SUEZ,15/02/2025 14:30:00,AIS,POINT (9.443533 57.78145),314839000_2,0 days 00:01:00,9.818141272391335e-07,239.85330926290715,0.0,0,6.552984313575684,57.78145,9.443533
2025-02-03 03:37:04,2025-02-03 03:37:04,Class A,314839000_2,57.779917,9.438483,Under way using engine,0.0,11.3,239.0,242.0,9387255,8PXO5,MAIN,Tanker,No additional information,42.0,246.0,GLONASS,14.5,SUEZ,15/02/2025 14:30:00,AIS,POINT (9.438483 57.779917),314839000_2,0 days 00:00:59,-1.0969314242215585e-06,240.34639592897264,0.0,0,6.557318903580182,57.779917,9.438483
2025-02-03 03:38:04,2025-02-03 03:38:04,Class A,314839000_2,57.778333,9.433317,Under way using engine,0.0,11.3,240.0,242.0,9387255,8PXO5,MAIN,Tanker,No additional information,42.0,246.0,GLONASS,14.5,SUEZ,15/02/2025 14:30:00,AIS,POINT (9.433317 57.778333),314839000_2,0 days 00:01:00,8.233773428495434e-07,240.10012597216505,0.0,0,6.561749649186717,57.778333,9.433317
2025-02-03 03:39:04,2025-02-03 03:39:04,Class A,314839000_2,57.776783,9.428283,Under way using engine,0.0,11.3,240.0,242.0,9387255,8PXO5,MAIN,Tanker,No additional information,42.0,246.0,GLONASS,14.5,SUEZ,15/02/2025 14:30:00,AIS,POINT (9.428283 57.776783),314839000_2,0 days 00:01:00,-2.4123755442306392e-06,239.99740361859895,0.0,0,6.5660666009770265,57.776783,9.428283
2025-02-03 03:40:04,2025-02-03 03:40:04,Class A,314839000_2,57.77525,9.4233,Under way using engine,0.0,11.3,240.0,242.0,9387255,8PXO5,MAIN,Tanker,No additional information,42.0,246.0,GLONASS,14.5,SUEZ,15/02/2025 14:30:00,AIS,POINT (9.4233 57.77525),314839000_2,0 days 00:01:00,-9.89875234293731e-07,240.01941623377303,0.0,0,6.570341578924797,57.77525,9.4233
2025-02-03 03:41:04,2025-02-03 03:41:04,Class A,314839000_2,57.773717,9.418017,Under way using engine,0.0,11.3,240.0,242.0,9387255,8PXO5,MAIN,Tanker,No additional information,42.0,246.0,GLONASS,14.5,SUEZ,15/02/2025 14:30:00,AIS,POINT (9.418017 57.773717),314839000_2,0 days 00:01:00,4.331019018573764e-06,241.44888388256823,0.0,0,6.574903587003081,57.773717,9.418017
2025-02-03 03:42:04,2025-02-03 03:42:04,Class A,314839000_2,57.77215,9.412867,Under way using engine,0.0,11.2,240.0,242.0,9387255,8PXO5,MAIN,Tanker,No additional information,42.0,246.0,GLONASS,14.5,SUEZ,15/02/2025 14:30:00,AIS,POINT (9.412867 57.77215),314839000_2,0 days 00:01:00,-1.4067445037349406e-06,240.29434720272724,0.0,0,6.579329997051752,57.77215,9.412867
2025-02-03 03:43:04,2025-02-03 03:43:04,Class A,314839000_2,57.770633,9.407917,Under way using engine,0.0,11.3,240.0,242.0,9387255,8PXO5,MAIN,Tanker,No additional information,42.0,246.0,GLONASS,14.5,SUEZ,15/02/2025 14:30:00,AIS,POINT (9.407917 57.770633),314839000_2,0 days 00:01:00,-3.634768508130167e-06,240.1178986534755,0.0,0,6.583582546759931,57.770633,9.407917
2025-02-03 03:44:15,2025-02-03 03:44:15,Class A,314839000_2,57.768817,9.401867,Under way using engine,0.0,11.3,240.0,242.0,9387255,8PXO5,MAIN,Tanker,No additional information,42.0,246.0,GLONASS,14.5,SUEZ,15/02/2025 14:30:00,AIS,POINT (9.401867 57.768817),314839000_2,0 days 00:01:11,2.206919388101338e-06,240.63085879327352,0.0,0,6.588793487292343,57.768817,9.401867
2025-02-03 03:48:04,2025-02-03 03:48:04,Class A,314839000_2,57.762983,9.382317,Under way using engine,0.0,11.2,241.0,242.0,9387255,8PXO5,MAIN,Tanker,No additional information,42.0,246.0,GLONASS,14.5,SUEZ,15/02/2025 14:30:00,AIS,POINT (9.382317 57.762983),314839000_2,0 days 00:03:49,1.4182056718482577e-08,240.7822108812273,0.0,0,6.605655685350394,57.762983,9.382317
2025-02-03 03:59:05,2025-02-03 03:59:05,Class A,314839000_2,57.745783,9.326533,Under way using engine,0.0,11.1,240.0,242.0,9387255,8PXO5,MAIN,Tanker,No additional information,42.0,246.0,GLONASS,14.5,SUEZ,15/02/2025 14:30:00,AIS,POINT (9.326533 57.745783),314839000_2,0 days 00:11:01,-2.9133167834438365e-08,240.0004822044445,0.0,0,6.653714682150567,57.745783,9.326533
2025-02-03 04:02:04,2025-02-03 04:02:04,Class A,314839000_2,57.741233,9.311483,Under way using engine,0.0,11.2,240.0,242.0,9387255,8PXO5,MAIN,Tanker,No additional information,42.0,246.0,GLONASS,14.5,SUEZ,15/02/2025 14:30:00,AIS,POINT (9.311483 57.741233),314839000_2,0 days 00:02:59,-2.6954554708198513e-07,240.4765434944054,0.0,0,6.666735538617532,57.741233,9.311483
2025-02-03 04:03:04,2025-02-03 04:03:04,Class A,314839000_2,57.739683,9.30645,Under way using engine,0.0,11.1,240.0,242.0,9387255,8PXO5,MAIN,Tanker,No additional information,42.0,246.0,GLONASS,14.5,SUEZ,15/02/2025 14:30:00,AIS,POINT (9.30645 57.739683),314839000_2,0 days 00:01:00,2.1924365534062355e-07,240.01794109084904,0.0,0,6.67108415337005,57.739683,9.30645
2025-02-03 04:05:04,2025-02-03 04:05:04,Class A,314839000_2,57.73655,9.29635,Under way using engine,0.0,11.2,240.0,242.0,9387255,8PXO5,MAIN,Tanker,No additional information,42.0,246.0,GLONASS,14.5,SUEZ,15/02/2025 14:30:00,AIS,POINT (9.29635 57.73655),314839000_2,0 days 00:02:00,2.518022121274612e-07,239.84238010828614,0.0,0,6.679808099582502,57.73655,9.29635
2025-02-03 04:11:05,2025-02-03 04:11:05,Class A,314839000_2,57.727433,9.265767,Under way using engine,0.0,11.2,241.0,242.0,9387255,8PXO5,MAIN,Tanker,No additional information,42.0,246.0,GLONASS,14.5,SUEZ,15/02/2025 14:30:00,AIS,POINT (9.265767 57.727433),314839000_2,0 days 00:06:01,-4.9102877274142184e-08,240.83491904921334,0.0,0,6.7063649860712164,57.727433,9.265767
2025-02-03 04:12:05,2025-02-03 04:12:05,Class A,314839000_2,57.72595,9.2607,Under way using engine,0.0,11.2,241.0,242.0,9387255,8PXO5,MAIN,Tanker,No additional information,42.0,246.0,GLONASS,14.5,SUEZ,15/02/2025 14:30:00,AIS,POINT (9.2607 57.72595),314839000_2,0 days 00:01:00,-7.046478048743955e-07,241.27372007027935,0.0,0,6.710777477054949,57.72595,9.2607
2025-02-03 04:15:05,2025-02-03 04:15:05,Class A,314839000_2,57.721533,9.2454,Under way using engine,0.0,11.2,242.0,242.0,9387255,8PXO5,MAIN,Tanker,No additional information,42.0,246.0,GLONASS,14.5,SUEZ,15/02/2025 14:30:00,AIS,POINT (9.2454 57.721533),314839000_2,0 days 00:03:00,1.0946589923129258e-07,241.60987408572348,0.0,0,6.724126475970317,57.721533,9.2454
2025-02-03 04:17:05,2025-02-03 04:17:05,Class A,314839000_2,57.71855,9.235133,Under way using engine,0.0,11.1,241.0,241.0,9387255,8PXO5,MAIN,Tanker,No additional information,42.0,246.0,GLONASS,14.5,SUEZ,15/02/2025 14:30:00,AIS,POINT (9.235133 57.71855),314839000_2,0 days 00:02:00,3.8875802475838664e-07,241.4568500750613,0.0,0,6.73308503774971,57.71855,9.235133
2025-02-03 04:18:05,2025-02-03 04:18:05,Class A,314839000_2,57.717,9.230117,Under way using engine,0.0,11.1,240.0,241.0,9387255,8PXO5,MAIN,Tanker,No additional information,42.0,246.0,GLONASS,14.5,SUEZ,15/02/2025 14:30:00,AIS,POINT (9.230117 57.717),314839000_2,0 days 00:01:00,-8.081688923954403e-07,239.94952038421832,0.0,0,6.737436809292165,57.717,9.230117
2025-02-03 04:23:04,2025-02-03 04:23:04,Class A,314839000_2,57.70945,9.20485,Under way using engine,0.0,11.2,241.0,242.0,9387255,8PXO5,MAIN,Tanker,No additional information,42.0,246.0,GLONASS,14.5,SUEZ,15/02/2025 14:30:00,AIS,POINT (9.20485 57.70945),314839000_2,0 days 00:04:59,5.1559285844249544e-08,240.78793600392413,0.0,0,6.759451405376621,57.70945,9.20485
2025-02-03 04:24:03,2025-02-03 04:24:03,Class A,314839000_2,57.707967,9.199767,Under way using engine,0.0,11.2,241.0,242.0,9387255,8PXO5,MAIN,Tanker,No additional information,42.0,246.0,GLONASS,14.5,SUEZ,15/02/2025 14:30:00,AIS,POINT (9.199767 57.707967),314839000_2,0 days 00:00:59,1.361755336109393e-06,241.36177525222,0.0,0,6.76389416884874,57.707967,9.199767
2025-02-03 04:26:03,2025-02-03 04:26:03,Class A,314839000_2,57.705017,9.18955,Under way using engine,0.0,11.2,241.0,242.0,9387255,8PXO5,MAIN,Tanker,No additional information,42.0,246.0,GLONASS,14.5,SUEZ,15/02/2025 14:30:00,AIS,POINT (9.18955 57.705017),314839000_2,0 days 00:02:00,-6.835044125199979e-07,241.61568740428186,0.0,0,6.772836817296648,57.705017,9.18955
2025-02-03 04:28:03,2025-02-03 04:28:03,Class A,314839000_2,57.702083,9.179317,Under way using engine,0.0,11.2,242.0,242.0,9387255,8PXO5,MAIN,Tanker,No additional information,42.0,246.0,GLONASS,14.5,SUEZ,15/02/2025 14:30:00,AIS,POINT (9.179317 57.702083),314839000_2,0 days 00:02:00,2.7794605336273552e-09,241.78514669670602,0.0,0,6.781804250463295,57.702083,9.179317
2025-02-03 04:29:03,2025-02-03 04:29:03,Class A,314839000_2,57.700667,9.17415,Under way using engine,0.0,11.1,243.0,242.0,9387255,8PXO5,MAIN,Tanker,No additional information,42.0,246.0,GLONASS,14.5,SUEZ,15/02/2025 14:30:00,AIS,POINT (9.17415 57.700667),314839000_2,0 days 00:01:00,1.3473438173526933e-08,242.84992179737742,0.0,0,6.786352727064002,57.700667,9.17415
2025-02-03 04:30:03,2025-02-03 04:30:03,Class A,314839000_2,57.699133,9.169133,Under way using engine,0.0,11.1,239.0,240.0,9387255,8PXO5,MAIN,Tanker,No additional information,42.0,246.0,GLONASS,14.5,SUEZ,15/02/2025 14:30:00,AIS,POINT (9.169133 57.699133),314839000_2,0 days 00:01:00,-4.447417399481747e-07,240.2236754878498,0.0,0,6.790725002285544,57.699133,9.169133
2025-02-03 04:33:03,2025-02-03 04:33:03,Class A,314839000_2,57.69445,9.154167,Under way using engine,0.0,11.1,240.0,242.0,9387255,8PXO5,MAIN,Tanker,No additional information,42.0,246.0,GLONASS,14.5,SUEZ,15/02/2025 14:30:00,AIS,POINT (9.154167 57.69445),314839000_2,0 days 00:03:00,5.87639540598048e-09,239.65589507747922,0.0,0,6.803744771396486,57.69445,9.154167
2025-02-03 04:37:03,2025-02-03 04:37:03,Class A,314839000_2,57.688217,9.13415,Under way using engine,0.0,11.1,240.0,242.0,9387255,8PXO5,MAIN,Tanker,No additional information,42.0,246.0,GLONASS,14.5,SUEZ,15/02/2025 14:30:00,AIS,POINT (9.13415 57.688217),314839000_2,0 days 00:04:00,4.772644836731647e-08,239.78360880905848,0.0,0,6.821184793284009,57.688217,9.13415
2025-02-03 04:38:03,2025-02-03 04:38:03,Class A,314839000_2,57.6867,9.129117,Under way using engine,0.0,11.1,240.0,242.0,9387255,8PXO5,MAIN,Tanker,No additional information,42.0,246.0,GLONASS,14.5,SUEZ,15/02/2025 14:30:00,AIS,POINT (9.129117 57.6867),314839000_2,0 days 00:01:00,-2.1256804572100663e-07,240.5846894717206,0.0,0,6.825587091848216,57.6867,9.129117
2025-02-03 04:39:04,2025-02-03 04:39:04,Class A,314839000_2,57.68515,9.124,Under way using engine,0.0,11.1,240.0,243.0,9387255,8PXO5,MAIN,Tanker,No additional information,42.0,246.0,GLONASS,14.5,SUEZ,15/02/2025 14:30:00,AIS,POINT (9.124 57.68515),314839000_2,0 days 00:01:01,1.1813004212093993e-07,240.46382278984694,0.0,0,6.830061944737251,57.68515,9.124
2025-02-03 04:41:04,2025-02-03 04:41:04,Class A,314839000_2,57.682167,9.113883,Under way using engine,0.0,11.1,241.0,243.0,9387255,8PXO5,MAIN,Tanker,No additional information,42.0,246.0,GLONASS,14.5,SUEZ,15/02/2025 14:30:00,AIS,POINT (9.113883 57.682167),314839000_2,0 days 00:02:00,-6.347965806681888e-08,241.12573252638566,0.0,0,6.838935864683189,57.682167,9.113883
2025-02-03 04:42:04,2025-02-03 04:42:04,Class A,314839000_2,57.680733,9.1088,Under way using engine,0.0,11.1,242.0,243.0,9387255,8PXO5,MAIN,Tanker,No additional information,42.0,246.0,GLONASS,14.5,SUEZ,15/02/2025 14:30:00,AIS,POINT (9.1088 57.680733),314839000_2,0 days 00:01:00,-4.815039480592579e-07,242.18197882531297,0.0,0,6.843414212572916,57.680733,9.1088
2025-02-03 04:43:04,2025-02-03 04:43:04,Class A,314839000_2,57.679267,9.10365,Under way using engine,0.0,11.1,242.0,242.0,9387255,8PXO5,MAIN,Tanker,No additional information,42.0,246.0,GLONASS,14.5,SUEZ,15/02/2025 14:30:00,AIS,POINT (9.10365 57.679267),314839000_2,0 days 00:01:00,1.447357626895828e-06,241.9701753630971,0.0,0,6.847949098827255,57.679267,9.10365
2025-02-03 04:45:04,2025-02-03 04:45:04,Class A,314839000_2,57.6764,9.0934,Under way using engine,0.0,11.1,242.0,242.0,9387255,8PXO5,MAIN,Tanker,No additional information,42.0,246.0,GLONASS,14.5,SUEZ,15/02/2025 14:30:00,AIS,POINT (9.0934 57.6764),314839000_2,0 days 00:02:00,-4.153368430030059e-07,242.3888714428765,0.0,0,6.856992502478619,57.6764,9.0934
2025-02-03 04:46:04,2025-02-03 04:46:04,Class A,314839000_2,57.674983,9.08835,Under way using engine,0.0,11.2,242.0,242.0,9387255,8PXO5,MAIN,Tanker,No additional information,42.0,246.0,GLONASS,14.5,SUEZ,15/02/2025 14:30:00,AIS,POINT (9.08835 57.674983),314839000_2,0 days 00:01:00,-1.333643393270524e-06,242.31351238949148,0.0,0,6.861448475471122,57.674983,9.08835
2025-02-03 04:47:04,2025-02-03 04:47:04,Class A,314839000_2,57.673533,9.0831,Under way using engine,0.0,11.2,243.0,242.0,9387255,8PXO5,MAIN,Tanker,No additional information,42.0,246.0,GLONASS,14.5,SUEZ,15/02/2025 14:30:00,AIS,POINT (9.0831 57.673533),314839000_2,0 days 00:01:00,3.415197549180776e-06,242.6857488980003,0.0,0,6.866088526202163,57.673533,9.0831
2025-02-03 04:48:04,2025-02-03 04:48:04,Class A,314839000_2,57.6721,9.077917,Under way using engine,0.0,11.2,242.0,241.0,9387255,8PXO5,MAIN,Tanker,No additional information,42.0,246.0,GLONASS,14.5,SUEZ,15/02/2025 14:30:00,AIS,POINT (9.077917 57.6721),314839000_2,0 days 00:01:00,-1.225014714569273e-06,242.66209841265464,0.0,0,6.870670105106561,57.6721,9.077917
2025-02-03 04:49:04,2025-02-03 04:49:04,Class A,314839000_2,57.670667,9.07275,Under way using engine,0.0,11.3,242.0,241.0,9387255,8PXO5,MAIN,Tanker,No additional information,42.0,246.0,GLONASS,14.5,SUEZ,15/02/2025 14:30:00,AIS,POINT (9.07275 57.670667),314839000_2,0 days 00:01:00,-2.326044178428688e-07,242.59068222803913,0.0,0,6.8752374628465756,57.670667,9.07275
2025-02-03 04:50:04,2025-02-03 04:50:04,Class A,314839000_2,57.66915,9.067517,Under way using engine,0.0,11.3,241.0,241.0,9387255,8PXO5,MAIN,Tanker,No additional information,42.0,246.0,GLONASS,14.5,SUEZ,15/02/2025 14:30:00,AIS,POINT (9.067517 57.66915),314839000_2,0 days 00:01:00,2.185747619280869e-06,241.54190698206529,0.0,0,6.879846160075456,57.66915,9.067517
2025-02-03 04:51:04,2025-02-03 04:51:04,Class A,314839000_2,57.667667,9.0624,Under way using engine,0.0,11.4,241.0,241.0,9387255,8PXO5,MAIN,Tanker,No additional information,42.0,246.0,GLONASS,14.5,SUEZ,15/02/2025 14:30:00,AIS,POINT (9.0624 57.667667),314839000_2,0 days 00:01:00,-2.1886811656758773e-06,241.5488811617695,0.0,0,6.884353985424413,57.667667,9.0624
2025-02-03 04:52:04,2025-02-03 04:52:04,Class A,314839000_2,57.666117,9.057317,Under way using engine,0.0,11.4,240.0,241.0,9387255,8PXO5,MAIN,Tanker,No additional information,42.0,246.0,GLONASS,14.5,SUEZ,15/02/2025 14:30:00,AIS,POINT (9.057317 57.666117),314839000_2,0 days 00:01:00,5.15922355840857e-07,240.3126332989284,0.0,0,6.888811822497839,57.666117,9.057317
2025-02-03 04:53:04,2025-02-03 04:53:04,Class A,314839000_2,57.664583,9.052133,Under way using engine,0.0,11.4,241.0,242.0,9387255,8PXO5,MAIN,Tanker,No additional information,42.0,246.0,GLONASS,14.5,SUEZ,15/02/2025 14:30:00,AIS,POINT (9.052133 57.664583),314839000_2,0 days 00:01:00,1.221701753498011e-06,241.04884938370822,0.0,0,6.893372374467087,57.664583,9.052133
2025-02-03 04:54:04,2025-02-03 04:54:04,Class A,314839000_2,57.663033,9.04685,Under way using engine,0.0,11.4,241.0,242.0,9387255,8PXO5,MAIN,Tanker,No additional information,42.0,246.0,GLONASS,14.5,SUEZ,15/02/2025 14:30:00,AIS,POINT (9.04685 57.663033),314839000_2,0 days 00:01:00,1.6799767144210925e-06,241.25673552893943,0.0,0,6.8980249329895145,57.663033,9.04685
2025-02-03 04:55:04,2025-02-03 04:55:04,Class A,314839000_2,57.6615,9.041717,Under way using engine,0.0,11.5,241.0,242.0,9387255,8PXO5,MAIN,Tanker,No additional information,42.0,246.0,GLONASS,14.5,SUEZ,15/02/2025 14:30:00,AIS,POINT (9.041717 57.6615),314839000_2,0 days 00:01:00,-2.4280598602860644e-06,240.82622926782625,0.0,0,6.902539178592541,57.6615,9.041717
2025-02-03 04:56:04,2025-02-03 04:56:04,Class A,314839000_2,57.659933,9.03655,Under way using engine,0.0,11.4,240.0,242.0,9387255,8PXO5,MAIN,Tanker,No additional information,42.0,246.0,GLONASS,14.5,SUEZ,15/02/2025 14:30:00,AIS,POINT (9.03655 57.659933),314839000_2,0 days 00:01:00,1.009725804960353e-06,240.4518275961277,0.0,0,6.907078004825557,57.659933,9.03655
2025-02-03 04:58:04,2025-02-03 04:58:04,Class A,314839000_2,57.656633,9.0262,Under way using engine,0.0,11.4,239.0,242.0,9387255,8PXO5,MAIN,Tanker,No additional information,42.0,246.0,GLONASS,14.5,SUEZ,15/02/2025 14:30:00,AIS,POINT (9.0262 57.656633),314839000_2,0 days 00:02:00,7.042387976449868e-07,239.20944083659793,0.0,0,6.916129385880878,57.656633,9.0262
2025-02-03 04:59:04,2025-02-03 04:59:04,Class A,314839000_2,57.65505,9.02105,Under way using engine,0.0,11.4,240.0,243.0,9387255,8PXO5,MAIN,Tanker,No additional information,42.0,246.0,GLONASS,14.5,SUEZ,15/02/2025 14:30:00,AIS,POINT (9.02105 57.65505),314839000_2,0 days 00:01:00,-1.3984720939069598e-06,240.12327429661926,0.0,0,6.920651265021811,57.65505,9.02105
2025-02-03 05:01:04,2025-02-03 05:01:04,Class A,314839000_2,57.651933,9.010717,Under way using engine,0.0,11.3,240.0,242.0,9387255,8PXO5,MAIN,Tanker,No additional information,42.0,246.0,GLONASS,14.5,SUEZ,15/02/2025 14:30:00,AIS,POINT (9.010717 57.651933),314839000_2,0 days 00:02:00,-6.582586957137466e-08,240.5900365491832,0.0,0,6.92974382578476,57.651933,9.010717
2025-02-03 05:04:04,2025-02-03 05:04:04,Class A,314839000_2,57.6474,8.99535,Under way using engine,0.0,11.3,241.0,242.0,9387255,8PXO5,MAIN,Tanker,No additional information,42.0,246.0,GLONASS,14.5,SUEZ,15/02/2025 14:30:00,AIS,POINT (8.99535 57.6474),314839000_2,0 days 00:03:00,-4.4892931253518054e-07,241.13977055708813,0.0,0,6.943302855655079,57.6474,8.99535
2025-02-03 05:05:04,2025-02-03 05:05:04,Class A,314839000_2,57.645917,8.99015,Under way using engine,0.0,11.3,242.0,242.0,9387255,8PXO5,MAIN,Tanker,No additional information,42.0,246.0,GLONASS,14.5,SUEZ,15/02/2025 14:30:00,AIS,POINT (8.99015 57.645917),314839000_2,0 days 00:01:00,7.270806604931333e-07,241.94764935034635,0.0,0,6.947907207579055,57.645917,8.99015
2025-02-03 05:06:05,2025-02-03 05:06:05,Class A,314839000_2,57.644467,8.985017,Under way using engine,0.0,11.2,241.0,242.0,9387255,8PXO5,MAIN,Tanker,No additional information,42.0,246.0,GLONASS,14.5,SUEZ,15/02/2025 14:30:00,AIS,POINT (8.985017 57.644467),314839000_2,0 days 00:01:01,-2.9847769386818825e-06,242.17472487817813,0.0,0,6.952457121003049,57.644467,8.985017
2025-02-03 05:07:05,2025-02-03 05:07:05,Class A,314839000_2,57.642933,8.9798,Under way using engine,0.0,11.2,241.0,242.0,9387255,8PXO5,MAIN,Tanker,No additional information,42.0,246.0,GLONASS,14.5,SUEZ,15/02/2025 14:30:00,AIS,POINT (8.9798 57.642933),314839000_2,0 days 00:01:00,4.038618417457725e-06,241.2170397991124,0.0,0,6.957066376084463,57.642933,8.9798
2025-02-03 05:08:05,2025-02-03 05:08:05,Class A,314839000_2,57.641467,8.974733,Under way using engine,0.0,11.3,241.0,242.0,9387255,8PXO5,MAIN,Tanker,No additional information,42.0,246.0,GLONASS,14.5,SUEZ,15/02/2025 14:30:00,AIS,POINT (8.974733 57.641467),314839000_2,0 days 00:01:00,-3.1880270079177382e-06,241.6071994233531,0.0,0,6.961550685820652,57.641467,8.974733
2025-02-03 05:09:05,2025-02-03 05:09:05,Class A,314839000_2,57.63995,8.969483,Under way using engine,0.0,11.3,241.0,242.0,9387255,8PXO5,MAIN,Tanker,No additional information,42.0,246.0,GLONASS,14.5,SUEZ,15/02/2025 14:30:00,AIS,POINT (8.969483 57.63995),314839000_2,0 days 00:01:00,3.4240991338207035e-06,241.63897916579086,0.0,0,6.966198642657916,57.63995,8.969483
2025-02-03 05:10:04,2025-02-03 05:10:04,Class A,314839000_2,57.63845,8.9644,Under way using engine,0.0,11.3,241.0,242.0,9387255,8PXO5,MAIN,Tanker,No additional information,42.0,246.0,GLONASS,14.5,SUEZ,15/02/2025 14:30:00,AIS,POINT (8.9644 57.63845),314839000_2,0 days 00:00:59,-1.0680046456908524e-06,241.13267658332143,0.0,0,6.970691485164725,57.63845,8.9644
2025-02-03 05:11:04,2025-02-03 05:11:04,Class A,314839000_2,57.636917,8.959367,Under way using engine,0.0,11.4,240.0,242.0,9387255,8PXO5,MAIN,Tanker,No additional information,42.0,246.0,GLONASS,14.5,SUEZ,15/02/2025 14:30:00,AIS,POINT (8.959367 57.636917),314839000_2,0 days 00:01:00,-1.854283562958738e-06,240.36060782892037,0.0,0,6.975128442128215,57.636917,8.959367
2025-02-03 05:12:04,2025-02-03 05:12:04,Class A,314839000_2,57.63535,8.9542,Under way using engine,0.0,11.3,240.0,242.0,9387255,8PXO5,MAIN,Tanker,No additional information,42.0,246.0,GLONASS,14.5,SUEZ,15/02/2025 14:30:00,AIS,POINT (8.9542 57.63535),314839000_2,0 days 00:01:00,2.456010507907652e-06,240.46847458219742,0.0,0,6.979686546324841,57.63535,8.9542
2025-02-03 05:13:04,2025-02-03 05:13:04,Class A,314839000_2,57.63375,8.948967,Under way using engine,0.0,11.4,240.0,242.0,9387255,8PXO5,MAIN,Tanker,No additional information,42.0,246.0,GLONASS,14.5,SUEZ,15/02/2025 14:30:00,AIS,POINT (8.948967 57.63375),314839000_2,0 days 00:01:00,1.4596286226110344e-06,240.26893172851194,0.0,0,6.984300623792263,57.63375,8.948967
2025-02-03 05:14:04,2025-02-03 05:14:04,Class A,314839000_2,57.632233,8.943867,Under way using engine,0.0,11.4,241.0,242.0,9387255,8PXO5,MAIN,Tanker,No additional information,42.0,246.0,GLONASS,14.5,SUEZ,15/02/2025 14:30:00,AIS,POINT (8.943867 57.632233),314839000_2,0 days 00:01:00,-3.178996667838992e-06,240.9443133861119,0.0,0,6.988809925574024,57.632233,8.943867
2025-02-03 05:15:04,2025-02-03 05:15:04,Class A,314839000_2,57.630667,8.9387,Under way using engine,0.0,11.4,240.0,242.0,9387255,8PXO5,MAIN,Tanker,No additional information,42.0,246.0,GLONASS,14.5,SUEZ,15/02/2025 14:30:00,AIS,POINT (8.9387 57.630667),314839000_2,0 days 00:01:00,1.7137351320824108e-06,240.4873268716599,0.0,0,6.993371880704543,57.630667,8.9387
2025-02-03 05:16:04,2025-02-03 05:16:04,Class A,314839000_2,57.629117,8.9336,Under way using engine,0.0,11.4,240.0,242.0,9387255,8PXO5,MAIN,Tanker,No additional information,42.0,246.0,GLONASS,14.5,SUEZ,15/02/2025 14:30:00,AIS,POINT (8.9336 57.629117),314839000_2,0 days 00:01:00,-1.2082636105237993e-06,240.41996769453334,0.0,0,6.997874703681754,57.629117,8.9336
2025-02-03 05:17:04,2025-02-03 05:17:04,Class A,314839000_2,57.627533,8.9284,Under way using engine,0.0,11.5,240.0,242.0,9387255,8PXO5,MAIN,Tanker,No additional information,42.0,246.0,GLONASS,14.5,SUEZ,15/02/2025 14:30:00,AIS,POINT (8.9284 57.627533),314839000_2,0 days 00:01:00,1.96563096450629e-06,240.3649487853229,0.0,0,7.002466054815618,57.627533,8.9284
2025-02-03 05:18:05,2025-02-03 05:18:05,Class A,314839000_2,57.625967,8.9232,Under way using engine,0.0,11.5,240.0,242.0,9387255,8PXO5,MAIN,Tanker,No additional information,42.0,246.0,GLONASS,14.5,SUEZ,15/02/2025 14:30:00,AIS,POINT (8.9232 57.625967),314839000_2,0 days 00:01:01,-1.8619477115997867e-06,240.64663378467432,0.0,0,7.0070633915235145,57.625967,8.9232
2025-02-03 05:19:05,2025-02-03 05:19:05,Class A,314839000_2,57.624333,8.917883,Under way using engine,0.0,11.5,240.0,242.0,9387255,8PXO5,MAIN,Tanker,No additional information,42.0,246.0,GLONASS,14.5,SUEZ,15/02/2025 14:30:00,AIS,POINT (8.917883 57.624333),314839000_2,0 days 00:01:00,4.352641204632693e-06,240.14929157477428,0.0,0,7.01175671854536,57.624333,8.917883
2025-02-03 05:20:05,2025-02-03 05:20:05,Class A,314839000_2,57.6228,8.91275,Under way using engine,0.0,11.6,241.0,242.0,9387255,8PXO5,MAIN,Tanker,No additional information,42.0,246.0,GLONASS,14.5,SUEZ,15/02/2025 14:30:00,AIS,POINT (8.91275 57.6228),314839000_2,0 days 00:01:00,-4.19244456337406e-06,240.85222043529063,0.0,0,7.016300595424057,57.6228,8.91275
2025-02-03 05:21:05,2025-02-03 05:21:05,Class A,314839000_2,57.62125,8.907533,Under way using engine,0.0,11.6,241.0,242.0,9387255,8PXO5,MAIN,Tanker,No additional information,42.0,246.0,GLONASS,14.5,SUEZ,15/02/2025 14:30:00,AIS,POINT (8.907533 57.62125),314839000_2,0 days 00:01:00,1.477432956107861e-06,240.97995321713967,0.0,0,7.020922143049943,57.62125,8.907533
2025-02-03 05:22:05,2025-02-03 05:22:05,Class A,314839000_2,57.619617,8.90215,Under way using engine,0.0,11.6,240.0,242.0,9387255,8PXO5,MAIN,Tanker,No additional information,42.0,246.0,GLONASS,14.5,SUEZ,15/02/2025 14:30:00,AIS,POINT (8.90215 57.619617),314839000_2,0 days 00:01:00,3.661791568012092e-06,240.47175965779365,0.0,0,7.025683092065068,57.619617,8.90215
2025-02-03 05:23:05,2025-02-03 05:23:05,Class A,314839000_2,57.618067,8.897,Under way using engine,0.0,11.6,240.0,242.0,9387255,8PXO5,MAIN,Tanker,No additional information,42.0,246.0,GLONASS,14.5,SUEZ,15/02/2025 14:30:00,AIS,POINT (8.897 57.618067),314839000_2,0 days 00:01:00,-4.626700583865711e-06,240.6668158419855,0.0,0,7.03024240542451,57.618067,8.897
2025-02-03 05:24:05,2025-02-03 05:24:05,Class A,314839000_2,57.616483,8.89165,Under way using engine,0.0,11.6,241.0,242.0,9387255,8PXO5,MAIN,Tanker,No additional information,42.0,246.0,GLONASS,14.5,SUEZ,15/02/2025 14:30:00,AIS,POINT (8.89165 57.616483),314839000_2,0 days 00:01:00,3.4159644603109066e-06,241.06758493086284,0.0,0,7.034986893217712,57.616483,8.89165
2025-02-03 05:25:04,2025-02-03 05:25:04,Class A,314839000_2,57.614983,8.88645,Under way using engine,0.0,11.6,241.0,242.0,9387255,8PXO5,MAIN,Tanker,No additional information,42.0,246.0,GLONASS,14.5,SUEZ,15/02/2025 14:30:00,AIS,POINT (8.88645 57.614983),314839000_2,0 days 00:00:59,-1.7953232211853666e-06,241.6961102463666,0.0,0,7.039609927683848,57.614983,8.88645
2025-02-03 05:26:04,2025-02-03 05:26:04,Class A,314839000_2,57.613467,8.88125,Under way using engine,0.0,11.6,241.0,242.0,9387255,8PXO5,MAIN,Tanker,No additional information,42.0,246.0,GLONASS,14.5,SUEZ,15/02/2025 14:30:00,AIS,POINT (8.88125 57.613467),314839000_2,0 days 00:01:00,-1.4227058578622468e-06,241.44257428580823,0.0,0,7.044229890664345,57.613467,8.88125
2025-02-03 05:27:04,2025-02-03 05:27:04,Class A,314839000_2,57.611867,8.875883,Under way using engine,0.0,11.6,240.0,241.0,9387255,8PXO5,MAIN,Tanker,No additional information,42.0,246.0,GLONASS,14.5,SUEZ,15/02/2025 14:30:00,AIS,POINT (8.875883 57.611867),314839000_2,0 days 00:01:00,3.6845989673132557e-06,240.9035184926683,0.0,0,7.048990169396605,57.611867,8.875883
2025-02-03 05:28:04,2025-02-03 05:28:04,Class A,314839000_2,57.610233,8.870717,Under way using engine,0.0,11.6,239.0,241.0,9387255,8PXO5,MAIN,Tanker,No additional information,42.0,246.0,GLONASS,14.5,SUEZ,15/02/2025 14:30:00,AIS,POINT (8.870717 57.610233),314839000_2,0 days 00:01:00,-2.370831148156569e-06,239.44117779547207,0.0,0,7.053548783385708,57.610233,8.870717
2025-02-03 05:29:04,2025-02-03 05:29:04,Class A,314839000_2,57.608667,8.8656,Under way using engine,0.0,11.5,240.0,242.0,9387255,8PXO5,MAIN,Tanker,No additional information,42.0,246.0,GLONASS,14.5,SUEZ,15/02/2025 14:30:00,AIS,POINT (8.8656 57.608667),314839000_2,0 days 00:01:00,-1.7557508935534416e-06,240.2627997798226,0.0,0,7.05807906015716,57.608667,8.8656
2025-02-03 05:30:03,2025-02-03 05:30:03,Class A,314839000_2,57.607083,8.8604,Under way using engine,0.0,11.5,240.0,242.0,9387255,8PXO5,MAIN,Tanker,No additional information,42.0,246.0,GLONASS,14.5,SUEZ,15/02/2025 14:30:00,AIS,POINT (8.8604 57.607083),314839000_2,0 days 00:00:59,3.212765571136215e-06,240.37880626711592,0.0,0,7.062685925725779,57.607083,8.8604
2025-02-03 05:31:03,2025-02-03 05:31:03,Class A,314839000_2,57.605517,8.855183,Under way using engine,0.0,11.5,240.0,242.0,9387255,8PXO5,MAIN,Tanker,No additional information,42.0,246.0,GLONASS,14.5,SUEZ,15/02/2025 14:30:00,AIS,POINT (8.855183 57.605517),314839000_2,0 days 00:01:00,-1.7068676431523642e-06,240.74022931483097,0.0,0,7.067315067849317,57.605517,8.855183
2025-02-03 05:32:03,2025-02-03 05:32:03,Class A,314839000_2,57.603933,8.849983,Under way using engine,0.0,11.5,240.0,242.0,9387255,8PXO5,MAIN,Tanker,No additional information,42.0,246.0,GLONASS,14.5,SUEZ,15/02/2025 14:30:00,AIS,POINT (8.849983 57.603933),314839000_2,0 days 00:01:00,3.0605372426878785e-08,240.380939467458,0.0,0,7.071924281994681,57.603933,8.849983
2025-02-03 05:33:03,2025-02-03 05:33:03,Class A,314839000_2,57.602367,8.844767,Under way using engine,0.0,11.5,240.0,242.0,9387255,8PXO5,MAIN,Tanker,No additional information,42.0,246.0,GLONASS,14.5,SUEZ,15/02/2025 14:30:00,AIS,POINT (8.844767 57.602367),314839000_2,0 days 00:01:00,-3.857258639057559e-08,240.73766204387437,0.0,0,7.076554791802718,57.602367,8.844767
2025-02-03 05:34:03,2025-02-03 05:34:03,Class A,314839000_2,57.6008,8.83955,Under way using engine,0.0,11.5,240.0,242.0,9387255,8PXO5,MAIN,Tanker,No additional information,42.0,246.0,GLONASS,14.5,SUEZ,15/02/2025 14:30:00,AIS,POINT (8.83955 57.6008),314839000_2,0 days 00:01:00,3.284234930760709e-08,240.72780032689013,0.0,0,7.081187168868509,57.6008,8.83955
2025-02-03 05:35:03,2025-02-03 05:35:03,Class A,314839000_2,57.5992,8.834383,Under way using engine,0.0,11.5,239.0,242.0,9387255,8PXO5,MAIN,Tanker,No additional information,42.0,246.0,GLONASS,14.5,SUEZ,15/02/2025 14:30:00,AIS,POINT (8.834383 57.5992),314839000_2,0 days 00:01:00,-2.144900574525763e-07,239.9783125914862,0.0,0,7.085763870781258,57.5992,8.834383
2025-02-03 05:36:04,2025-02-03 05:36:04,Class A,314839000_2,57.597583,8.829083,Under way using engine,0.0,11.5,240.0,242.0,9387255,8PXO5,MAIN,Tanker,No additional information,42.0,246.0,GLONASS,14.5,SUEZ,15/02/2025 14:30:00,AIS,POINT (8.829083 57.597583),314839000_2,0 days 00:01:01,5.132853458889645e-07,240.34658004763438,0.0,0,7.09046584210558,57.597583,8.829083
2025-02-03 05:37:04,2025-02-03 05:37:04,Class A,314839000_2,57.596,8.8238,Under way using engine,0.0,11.5,241.0,242.0,9387255,8PXO5,MAIN,Tanker,No additional information,42.0,246.0,GLONASS,14.5,SUEZ,15/02/2025 14:30:00,AIS,POINT (8.8238 57.596),314839000_2,0 days 00:01:00,9.010196013934374e-07,240.78997352108019,0.0,0,7.095161367456555,57.596,8.8238
2025-02-03 05:38:04,2025-02-03 05:38:04,Class A,314839000_2,57.594483,8.81865,Under way using engine,0.0,11.5,241.0,242.0,9387255,8PXO5,MAIN,Tanker,No additional information,42.0,246.0,GLONASS,14.5,SUEZ,15/02/2025 14:30:00,AIS,POINT (8.81865 57.594483),314839000_2,0 days 00:01:00,-2.91833754522291e-06,241.2061738616633,0.0,0,7.0997465498245065,57.594483,8.81865
2025-02-03 05:39:04,2025-02-03 05:39:04,Class A,314839000_2,57.592933,8.813433,Under way using engine,0.0,11.5,241.0,242.0,9387255,8PXO5,MAIN,Tanker,No additional information,42.0,246.0,GLONASS,14.5,SUEZ,15/02/2025 14:30:00,AIS,POINT (8.813433 57.592933),314839000_2,0 days 00:01:00,1.4705993441522894e-06,240.9988836904318,0.0,0,7.104389093177963,57.592933,8.813433
2025-02-03 05:40:04,2025-02-03 05:40:04,Class A,314839000_2,57.5914,8.808233,Under way using engine,0.0,11.4,241.0,242.0,9387255,8PXO5,MAIN,Tanker,No additional information,42.0,246.0,GLONASS,14.5,SUEZ,15/02/2025 14:30:00,AIS,POINT (8.808233 57.5914),314839000_2,0 days 00:01:00,-4.979822635168182e-07,241.18816201676108,0.0,0,7.109020705179371,57.5914,8.808233
2025-02-03 05:41:04,2025-02-03 05:41:04,Class A,314839000_2,57.589833,8.802967,Under way using engine,0.0,11.5,241.0,242.0,9387255,8PXO5,MAIN,Tanker,No additional information,42.0,246.0,GLONASS,14.5,SUEZ,15/02/2025 14:30:00,AIS,POINT (8.802967 57.589833),314839000_2,0 days 00:01:00,1.4713080543268778e-06,240.96306508396862,0.0,0,7.1137085124990875,57.589833,8.802967
2025-02-03 05:42:04,2025-02-03 05:42:04,Class A,314839000_2,57.588283,8.79775,Under way using engine,0.0,11.4,241.0,242.0,9387255,8PXO5,MAIN,Tanker,No additional information,42.0,246.0,GLONASS,14.5,SUEZ,15/02/2025 14:30:00,AIS,POINT (8.79775 57.588283),314839000_2,0 days 00:01:00,-9.636669631720088e-07,241.0019895846897,0.0,0,7.118354456455859,57.588283,8.79775
2025-02-03 05:43:03,2025-02-03 05:43:03,Class A,314839000_2,57.5868,8.79275,Under way using engine,0.0,11.4,241.0,242.0,9387255,8PXO5,MAIN,Tanker,No additional information,42.0,246.0,GLONASS,14.5,SUEZ,15/02/2025 14:30:00,AIS,POINT (8.79275 57.5868),314839000_2,0 days 00:00:59,-2.589622445703156e-06,241.0442715846083,0.0,0,7.122808858122474,57.5868,8.79275
2025-02-03 05:45:03,2025-02-03 05:45:03,Class A,314839000_2,57.583633,8.7825,Under way using engine,0.0,11.4,239.0,241.0,9387255,8PXO5,MAIN,Tanker,No additional information,42.0,246.0,GLONASS,14.5,SUEZ,15/02/2025 14:30:00,AIS,POINT (8.7825 57.583633),314839000_2,0 days 00:02:00,8.661576070685452e-07,240.04521952962523,0.0,0,7.131911283200667,57.583633,8.7825
2025-02-03 05:46:03,2025-02-03 05:46:03,Class A,314839000_2,57.582017,8.777467,Under way using engine,0.0,11.4,239.0,242.0,9387255,8PXO5,MAIN,Tanker,No additional information,42.0,246.0,GLONASS,14.5,SUEZ,15/02/2025 14:30:00,AIS,POINT (8.777467 57.582017),314839000_2,0 days 00:01:00,-8.052352328194832e-07,239.08295205107635,0.0,0,7.136366948453954,57.582017,8.777467
2025-02-03 05:47:03,2025-02-03 05:47:03,Class A,314839000_2,57.580467,8.7723,Under way using engine,0.0,11.3,241.0,243.0,9387255,8PXO5,MAIN,Tanker,No additional information,42.0,246.0,GLONASS,14.5,SUEZ,15/02/2025 14:30:00,AIS,POINT (8.7723 57.580467),314839000_2,0 days 00:01:00,9.093912552267496e-07,240.77265189505,0.0,0,7.140970117163984,57.580467,8.7723
2025-02-03 05:48:03,2025-02-03 05:48:03,Class A,314839000_2,57.579,8.767133,Under way using engine,0.0,11.3,242.0,243.0,9387255,8PXO5,MAIN,Tanker,No additional information,42.0,246.0,GLONASS,14.5,SUEZ,15/02/2025 14:30:00,AIS,POINT (8.767133 57.579),314839000_2,0 days 00:01:00,-1.222973052033537e-06,242.09772610878724,0.0,0,7.1455954473555945,57.579,8.767133
2025-02-03 05:49:03,2025-02-03 05:49:03,Class A,314839000_2,57.577533,8.761967,Under way using engine,0.0,11.3,242.0,243.0,9387255,8PXO5,MAIN,Tanker,No additional information,42.0,246.0,GLONASS,14.5,SUEZ,15/02/2025 14:30:00,AIS,POINT (8.761967 57.577533),314839000_2,0 days 00:01:00,-1.1642807067101593e-08,242.09409418092932,0.0,0,7.150220852966851,57.577533,8.761967
2025-02-03 05:50:03,2025-02-03 05:50:03,Class A,314839000_2,57.576067,8.756783,Under way using engine,0.0,11.3,242.0,243.0,9387255,8PXO5,MAIN,Tanker,No additional information,42.0,246.0,GLONASS,14.5,SUEZ,15/02/2025 14:30:00,AIS,POINT (8.756783 57.576067),314839000_2,0 days 00:01:00,2.532017296123414e-07,242.19352935638904,0.0,0,7.1548649668075495,57.576067,8.756783
2025-02-03 05:51:04,2025-02-03 05:51:04,Class A,314839000_2,57.574567,8.751517,Under way using engine,0.0,11.3,242.0,243.0,9387255,8PXO5,MAIN,Tanker,No additional information,42.0,246.0,GLONASS,14.5,SUEZ,15/02/2025 14:30:00,AIS,POINT (8.751517 57.574567),314839000_2,0 days 00:01:01,7.424034706807738e-08,242.02316567222567,0.0,0,7.159580876516865,57.574567,8.751517
2025-02-03 05:52:04,2025-02-03 05:52:04,Class A,314839000_2,57.573117,8.746367,Under way using engine,0.0,11.3,242.0,243.0,9387255,8PXO5,MAIN,Tanker,No additional information,42.0,246.0,GLONASS,14.5,SUEZ,15/02/2025 14:30:00,AIS,POINT (8.746367 57.573117),314839000_2,0 days 00:01:00,-7.997512077380393e-07,242.29918378278327,0.0,0,7.164198225355438,57.573117,8.746367
2025-02-03 05:53:04,2025-02-03 05:53:04,Class A,314839000_2,57.571633,8.741067,Under way using engine,0.0,11.3,242.0,243.0,9387255,8PXO5,MAIN,Tanker,No additional information,42.0,246.0,GLONASS,14.5,SUEZ,15/02/2025 14:30:00,AIS,POINT (8.741067 57.571633),314839000_2,0 days 00:01:00,2.6998466511681436e-06,242.43046172627317,0.0,0,7.168953197238911,57.571633,8.741067
2025-02-03 05:54:04,2025-02-03 05:54:04,Class A,314839000_2,57.570183,8.7359,Under way using engine,0.0,11.3,242.0,243.0,9387255,8PXO5,MAIN,Tanker,No additional information,42.0,246.0,GLONASS,14.5,SUEZ,15/02/2025 14:30:00,AIS,POINT (8.7359 57.570183),314839000_2,0 days 00:01:00,-2.4433795334105064e-06,242.37873340772222,0.0,0,7.173589062501767,57.570183,8.7359
2025-02-03 05:55:04,2025-02-03 05:55:04,Class A,314839000_2,57.56875,8.730683,Under way using engine,0.0,11.3,243.0,243.0,9387255,8PXO5,MAIN,Tanker,No additional information,42.0,246.0,GLONASS,14.5,SUEZ,15/02/2025 14:30:00,AIS,POINT (8.730683 57.56875),314839000_2,0 days 00:01:00,4.999544170554138e-07,242.88084413056436,0.0,0,7.178278612715515,57.56875,8.730683
2025-02-03 05:56:03,2025-02-03 05:56:03,Class A,314839000_2,57.56735,8.72555,Under way using engine,0.0,11.3,242.0,243.0,9387255,8PXO5,MAIN,Tanker,No additional information,42.0,246.0,GLONASS,14.5,SUEZ,15/02/2025 14:30:00,AIS,POINT (8.72555 57.56735),314839000_2,0 days 00:00:59,-8.415456575235916e-08,243.0456309196361,0.0,0,7.182896133513834,57.56735,8.72555
2025-02-03 05:57:03,2025-02-03 05:57:03,Class A,314839000_2,57.565883,8.720283,Under way using engine,0.0,11.3,242.0,243.0,9387255,8PXO5,MAIN,Tanker,No additional information,42.0,246.0,GLONASS,14.5,SUEZ,15/02/2025 14:30:00,AIS,POINT (8.720283 57.565883),314839000_2,0 days 00:01:00,1.30919775181351e-06,242.55799075936866,0.0,0,7.187627583609629,57.565883,8.720283
2025-02-03 05:58:03,2025-02-03 05:58:03,Class A,314839000_2,57.56445,8.715133,Under way using engine,0.0,11.3,242.0,243.0,9387255,8PXO5,MAIN,Tanker,No additional information,42.0,246.0,GLONASS,14.5,SUEZ,15/02/2025 14:30:00,AIS,POINT (8.715133 57.56445),314839000_2,0 days 00:01:00,-2.2078095977513147e-06,242.58195391401745,0.0,0,7.192255292602523,57.56445,8.715133
2025-02-03 05:59:03,2025-02-03 05:59:03,Class A,314839000_2,57.563017,8.7099,Under way using engine,0.0,11.4,242.0,242.0,9387255,8PXO5,MAIN,Tanker,No additional information,42.0,246.0,GLONASS,14.5,SUEZ,15/02/2025 14:30:00,AIS,POINT (8.7099 57.563017),314839000_2,0 days 00:01:00,1.2304123858175037e-06,242.95563036785114,0.0,0,7.1969643685813125,57.563017,8.7099
2025-02-03 06:00:03,2025-02-03 06:00:03,Class A,314839000_2,57.561517,8.7047,Under way using engine,0.0,11.4,241.0,242.0,9387255,8PXO5,MAIN,Tanker,No additional information,42.0,246.0,GLONASS,14.5,SUEZ,15/02/2025 14:30:00,AIS,POINT (8.7047 57.561517),314839000_2,0 days 00:01:00,4.776678851907297e-07,241.73125225684822,0.0,0,7.2016257933073,57.561517,8.7047
2025-02-03 06:01:03,2025-02-03 06:01:03,Class A,314839000_2,57.560017,8.699517,Under way using engine,0.0,11.4,241.0,243.0,9387255,8PXO5,MAIN,Tanker,No additional information,42.0,246.0,GLONASS,14.5,SUEZ,15/02/2025 14:30:00,AIS,POINT (8.699517 57.560017),314839000_2,0 days 00:01:00,-2.458269282117036e-07,241.65389607783766,0.0,0,7.206271802283481,57.560017,8.699517
2025-02-03 06:02:03,2025-02-03 06:02:03,Class A,314839000_2,57.5585,8.694217,Under way using engine,0.0,11.4,241.0,243.0,9387255,8PXO5,MAIN,Tanker,No additional information,42.0,246.0,GLONASS,14.5,SUEZ,15/02/2025 14:30:00,AIS,POINT (8.694217 57.5585),314839000_2,0 days 00:01:00,1.9663672299648882e-06,241.9187744461845,0.0,0,7.211027959244438,57.5585,8.694217
2025-02-03 06:03:04,2025-02-03 06:03:04,Class A,314839000_2,57.557017,8.688983,Under way using engine,0.0,11.4,242.0,243.0,9387255,8PXO5,MAIN,Tanker,No additional information,42.0,246.0,GLONASS,14.5,SUEZ,15/02/2025 14:30:00,AIS,POINT (8.688983 57.557017),314839000_2,0 days 00:01:01,-3.02144812137419e-06,242.16025747024497,0.0,0,7.215729694857617,57.557017,8.688983
2025-02-03 06:04:04,2025-02-03 06:04:04,Class A,314839000_2,57.555583,8.683767,Under way using engine,0.0,11.4,242.0,243.0,9387255,8PXO5,MAIN,Tanker,No additional information,42.0,246.0,GLONASS,14.5,SUEZ,15/02/2025 14:30:00,AIS,POINT (8.683767 57.555583),314839000_2,0 days 00:01:00,6.516550640212783e-07,242.86857352173308,0.0,0,7.220427170895223,57.555583,8.683767
2025-02-03 06:05:04,2025-02-03 06:05:04,Class A,314839000_2,57.554117,8.6785,Under way using engine,0.0,11.4,242.0,243.0,9387255,8PXO5,MAIN,Tanker,No additional information,42.0,246.0,GLONASS,14.5,SUEZ,15/02/2025 14:30:00,AIS,POINT (8.6785 57.554117),314839000_2,0 days 00:01:00,1.2101452559991836e-06,242.581535972766,0.0,0,7.2251671391068175,57.554117,8.6785
2025-02-03 06:06:04,2025-02-03 06:06:04,Class A,314839000_2,57.552683,8.67325,Under way using engine,0.0,11.4,242.0,243.0,9387255,8PXO5,MAIN,Tanker,No additional information,42.0,246.0,GLONASS,14.5,SUEZ,15/02/2025 14:30:00,AIS,POINT (8.67325 57.552683),314839000_2,0 days 00:01:00,-7.002821980642427e-07,243.02123829778037,0.0,0,7.229899567389924,57.552683,8.67325
2025-02-03 06:08:04,2025-02-03 06:08:04,Class A,314839000_2,57.549733,8.6626,Under way using engine,0.0,11.5,242.0,243.0,9387255,8PXO5,MAIN,Tanker,No additional information,42.0,246.0,GLONASS,14.5,SUEZ,15/02/2025 14:30:00,AIS,POINT (8.6626 57.549733),314839000_2,0 days 00:02:00,8.46411395774347e-07,242.69914253332735,0.0,0,7.239492593962992,57.549733,8.6626
2025-02-03 06:09:04,2025-02-03 06:09:04,Class A,314839000_2,57.5483,8.6574,Under way using engine,0.0,11.5,243.0,243.0,9387255,8PXO5,MAIN,Tanker,No additional information,42.0,246.0,GLONASS,14.5,SUEZ,15/02/2025 14:30:00,AIS,POINT (8.6574 57.5483),314839000_2,0 days 00:01:00,-2.438264926460087e-06,242.81796293718736,0.0,0,7.2441798369068655,57.5483,8.6574
2025-02-03 06:10:04,2025-02-03 06:10:04,Class A,314839000_2,57.546817,8.652133,Under way using engine,0.0,11.4,241.0,242.0,9387255,8PXO5,MAIN,Tanker,No additional information,42.0,246.0,GLONASS,14.5,SUEZ,15/02/2025 14:30:00,AIS,POINT (8.652133 57.546817),314839000_2,0 days 00:01:00,1.704127356098164e-06,242.315324029861,0.0,0,7.248920728994765,57.546817,8.652133
2025-02-03 06:11:04,2025-02-03 06:11:04,Class A,314839000_2,57.545267,8.647083,Under way using engine,0.0,11.4,240.0,243.0,9387255,8PXO5,MAIN,Tanker,No additional information,42.0,246.0,GLONASS,14.5,SUEZ,15/02/2025 14:30:00,AIS,POINT (8.647083 57.545267),314839000_2,0 days 00:01:00,-2.168961089422577e-06,240.233935297331,0.0,0,7.253435845601035,57.545267,8.647083
2025-02-03 06:12:04,2025-02-03 06:12:04,Class A,314839000_2,57.543733,8.641883,Under way using engine,0.0,11.4,241.0,243.0,9387255,8PXO5,MAIN,Tanker,No additional information,42.0,246.0,GLONASS,14.5,SUEZ,15/02/2025 14:30:00,AIS,POINT (8.641883 57.543733),314839000_2,0 days 00:01:00,1.938658169860219e-06,241.20405999136176,0.0,0,7.258101349172937,57.543733,8.641883
2025-02-03 06:13:04,2025-02-03 06:13:04,Class A,314839000_2,57.54225,8.636533,Under way using engine,0.0,11.4,242.0,244.0,9387255,8PXO5,MAIN,Tanker,No additional information,42.0,246.0,GLONASS,14.5,SUEZ,15/02/2025 14:30:00,AIS,POINT (8.636533 57.54225),314839000_2,0 days 00:01:00,1.465168984724653e-06,242.6852336012828,0.0,0,7.26292581985862,57.54225,8.636533
2025-02-03 06:14:04,2025-02-03 06:14:04,Class A,314839000_2,57.540817,8.631317,Under way using engine,0.0,11.4,243.0,244.0,9387255,8PXO5,MAIN,Tanker,No additional information,42.0,246.0,GLONASS,14.5,SUEZ,15/02/2025 14:30:00,AIS,POINT (8.631317 57.540817),314839000_2,0 days 00:01:00,-2.686295859685023e-06,242.8942128048911,0.0,0,7.267633591808684,57.540817,8.631317
2025-02-03 06:15:04,2025-02-03 06:15:04,Class A,314839000_2,57.539367,8.625967,Under way using engine,0.0,11.4,243.0,243.0,9387255,8PXO5,MAIN,Tanker,No additional information,42.0,246.0,GLONASS,14.5,SUEZ,15/02/2025 14:30:00,AIS,POINT (8.625967 57.539367),314839000_2,0 days 00:01:00,2.2289462291823156e-06,243.20934666288375,0.0,0,7.272468151665294,57.539367,8.625967
2025-02-03 06:16:04,2025-02-03 06:16:04,Class A,314839000_2,57.53795,8.6207,Under way using engine,0.0,11.4,243.0,243.0,9387255,8PXO5,MAIN,Tanker,No additional information,42.0,246.0,GLONASS,14.5,SUEZ,15/02/2025 14:30:00,AIS,POINT (8.6207 57.53795),314839000_2,0 days 00:01:00,-1.6889934322496218e-06,243.3801191471356,0.0,0,7.277231252237901,57.53795,8.6207
2025-02-03 06:17:04,2025-02-03 06:17:04,Class A,314839000_2,57.5366,8.615567,Under way using engine,0.0,11.4,243.0,243.0,9387255,8PXO5,MAIN,Tanker,No additional information,42.0,246.0,GLONASS,14.5,SUEZ,15/02/2025 14:30:00,AIS,POINT (8.615567 57.5366),314839000_2,0 days 00:01:00,-2.91431294830273e-06,243.8976389848139,0.0,0,7.281881629661731,57.5366,8.615567
2025-02-03 06:18:04,2025-02-03 06:18:04,Class A,314839000_2,57.535117,8.610133,Under way using engine,0.0,11.4,242.0,243.0,9387255,8PXO5,MAIN,Tanker,No additional information,42.0,246.0,GLONASS,14.5,SUEZ,15/02/2025 14:30:00,AIS,POINT (8.610133 57.535117),314839000_2,0 days 00:01:00,6.320382950351372e-06,243.05210214535288,0.0,0,7.286792616662698,57.535117,8.610133
2025-02-03 06:19:04,2025-02-03 06:19:04,Class A,314839000_2,57.5337,8.604917,Under way using engine,0.0,11.4,243.0,243.0,9387255,8PXO5,MAIN,Tanker,No additional information,42.0,246.0,GLONASS,14.5,SUEZ,15/02/2025 14:30:00,AIS,POINT (8.604917 57.5337),314839000_2,0 days 00:01:00,-4.155132599379943e-06,243.15880956887253,0.0,0,7.2915091442584785,57.5337,8.604917
2025-02-03 06:20:04,2025-02-03 06:20:04,Class A,314839000_2,57.532283,8.5996,Under way using engine,0.0,11.4,243.0,243.0,9387255,8PXO5,MAIN,Tanker,No additional information,42.0,246.0,GLONASS,14.5,SUEZ,15/02/2025 14:30:00,AIS,POINT (8.5996 57.532283),314839000_2,0 days 00:01:00,1.5059717759076558e-06,243.59993608747214,0.0,0,7.296324624127204,57.532283,8.5996
2025-02-03 06:21:05,2025-02-03 06:21:05,Class A,314839000_2,57.53085,8.594333,Under way using engine,0.0,11.3,243.0,243.0,9387255,8PXO5,MAIN,Tanker,No additional information,42.0,246.0,GLONASS,14.5,SUEZ,15/02/2025 14:30:00,AIS,POINT (8.594333 57.53085),314839000_2,0 days 00:01:01,-2.0944759360573708e-06,243.1260350082777,0.0,0,7.301088690350843,57.53085,8.594333
2025-02-03 06:22:05,2025-02-03 06:22:05,Class A,314839000_2,57.5294,8.5891,Under way using engine,0.0,11.3,242.0,242.0,9387255,8PXO5,MAIN,Tanker,No additional information,42.0,246.0,GLONASS,14.5,SUEZ,15/02/2025 14:30:00,AIS,POINT (8.5891 57.5294),314839000_2,0 days 00:01:00,1.3483581107564887e-06,242.70257665465095,0.0,0,7.305816630592914,57.5294,8.5891
2025-02-03 06:23:05,2025-02-03 06:23:05,Class A,314839000_2,57.5279,8.583817,Under way using engine,0.0,11.3,242.0,242.0,9387255,8PXO5,MAIN,Tanker,No additional information,42.0,246.0,GLONASS,14.5,SUEZ,15/02/2025 14:30:00,AIS,POINT (8.583817 57.5279),314839000_2,0 days 00:01:00,1.4560975038281863e-06,242.12995759395267,0.0,0,7.310582025270286,57.5279,8.583817
2025-02-03 06:24:05,2025-02-03 06:24:05,Class A,314839000_2,57.526433,8.578667,Under way using engine,0.0,11.3,242.0,243.0,9387255,8PXO5,MAIN,Tanker,No additional information,42.0,246.0,GLONASS,14.5,SUEZ,15/02/2025 14:30:00,AIS,POINT (8.578667 57.526433),314839000_2,0 days 00:01:00,-2.430719537336133e-06,242.05379850044255,0.0,0,7.315227285231949,57.526433,8.578667
2025-02-03 06:25:05,2025-02-03 06:25:05,Class A,314839000_2,57.524967,8.573433,Under way using engine,0.0,11.3,242.0,243.0,9387255,8PXO5,MAIN,Tanker,No additional information,42.0,246.0,GLONASS,14.5,SUEZ,15/02/2025 14:30:00,AIS,POINT (8.573433 57.524967),314839000_2,0 days 00:01:00,1.2263792095656775e-06,242.45284532956174,0.0,0,7.319955294620999,57.524967,8.573433
2025-02-03 06:26:05,2025-02-03 06:26:05,Class A,314839000_2,57.523583,8.568333,Under way using engine,0.0,11.3,243.0,243.0,9387255,8PXO5,MAIN,Tanker,No additional information,42.0,246.0,GLONASS,14.5,SUEZ,15/02/2025 14:30:00,AIS,POINT (8.568333 57.523583),314839000_2,0 days 00:01:00,-3.1387448940920514e-06,243.1899520498464,0.0,0,7.324573870544688,57.523583,8.568333
2025-02-03 06:27:05,2025-02-03 06:27:05,Class A,314839000_2,57.5222,8.563183,Under way using engine,0.0,11.3,243.0,243.0,9387255,8PXO5,MAIN,Tanker,No additional information,42.0,246.0,GLONASS,14.5,SUEZ,15/02/2025 14:30:00,AIS,POINT (8.563183 57.5222),314839000_2,0 days 00:01:00,7.327933016953598e-07,243.43179579771038,0.0,0,7.329242129747726,57.5222,8.563183
2025-02-03 06:28:03,2025-02-03 06:28:03,Class A,314839000_2,57.520767,8.5581,Under way using engine,0.0,11.3,243.0,243.0,9387255,8PXO5,MAIN,Tanker,No additional information,42.0,246.0,GLONASS,14.5,SUEZ,15/02/2025 14:30:00,AIS,POINT (8.5581 57.520767),314839000_2,0 days 00:00:58,3.1118039587540768e-06,242.30234704643374,0.0,0,7.333834278904113,57.520767,8.5581
2025-02-03 06:29:03,2025-02-03 06:29:03,Class A,314839000_2,57.51935,8.55285,Under way using engine,0.0,11.3,243.0,243.0,9387255,8PXO5,MAIN,Tanker,No additional information,42.0,246.0,GLONASS,14.5,SUEZ,15/02/2025 14:30:00,AIS,POINT (8.55285 57.51935),314839000_2,0 days 00:01:00,-1.0429196617780674e-06,243.31756744646503,0.0,0,7.338593342463391,57.51935,8.55285
2025-02-03 06:30:03,2025-02-03 06:30:03,Class A,314839000_2,57.517933,8.547617,Under way using engine,0.0,11.3,243.0,243.0,9387255,8PXO5,MAIN,Tanker,No additional information,42.0,246.0,GLONASS,14.5,SUEZ,15/02/2025 14:30:00,AIS,POINT (8.547617 57.517933),314839000_2,0 days 00:01:00,-2.498305531427354e-07,243.24381881525142,0.0,0,7.34333683928512,57.517933,8.547617
2025-02-03 06:31:03,2025-02-03 06:31:03,Class A,314839000_2,57.516517,8.54235,Under way using engine,0.0,11.3,243.0,243.0,9387255,8PXO5,MAIN,Tanker,No additional information,42.0,246.0,GLONASS,14.5,SUEZ,15/02/2025 14:30:00,AIS,POINT (8.54235 57.516517),314839000_2,0 days 00:01:00,4.950786033800352e-07,243.4098029220242,0.0,0,7.348114533669776,57.516517,8.54235
2025-02-03 06:32:03,2025-02-03 06:32:03,Class A,314839000_2,57.5151,8.537167,Under way using engine,0.0,11.3,243.0,243.0,9387255,8PXO5,MAIN,Tanker,No additional information,42.0,246.0,GLONASS,14.5,SUEZ,15/02/2025 14:30:00,AIS,POINT (8.537167 57.5151),314839000_2,0 days 00:01:00,-1.2318491984243008e-06,243.0238262972643,0.0,0,7.35281134160295,57.5151,8.537167
2025-02-03 06:33:03,2025-02-03 06:33:03,Class A,314839000_2,57.513683,8.53195,Under way using engine,0.0,11.3,243.0,243.0,9387255,8PXO5,MAIN,Tanker,No additional information,42.0,246.0,GLONASS,14.5,SUEZ,15/02/2025 14:30:00,AIS,POINT (8.53195 57.513683),314839000_2,0 days 00:01:00,5.079429514429513e-07,243.17590203755248,0.0,0,7.357542102587317,57.513683,8.53195
2025-02-03 06:34:03,2025-02-03 06:34:03,Class A,314839000_2,57.512233,8.526667,Under way using engine,0.0,11.3,243.0,243.0,9387255,8PXO5,MAIN,Tanker,No additional information,42.0,246.0,GLONASS,14.5,SUEZ,15/02/2025 14:30:00,AIS,POINT (8.526667 57.512233),314839000_2,0 days 00:01:00,1.44482376003469e-06,242.9349722710887,0.0,0,7.362330085115853,57.512233,8.526667
2025-02-03 06:35:04,2025-02-03 06:35:04,Class A,314839000_2,57.510783,8.52145,Under way using engine,0.0,11.3,242.0,243.0,9387255,8PXO5,MAIN,Tanker,No additional information,42.0,246.0,GLONASS,14.5,SUEZ,15/02/2025 14:30:00,AIS,POINT (8.52145 57.510783),314839000_2,0 days 00:01:01,-2.534815706965618e-06,242.64293807641297,0.0,0,7.36705490664655,57.510783,8.52145
2025-02-03 06:36:04,2025-02-03 06:36:04,Class A,314839000_2,57.509317,8.5162,Under way using engine,0.0,11.3,242.0,243.0,9387255,8PXO5,MAIN,Tanker,No additional information,42.0,246.0,GLONASS,14.5,SUEZ,15/02/2025 14:30:00,AIS,POINT (8.5162 57.509317),314839000_2,0 days 00:01:00,2.3211155340235013e-06,242.53456463277342,0.0,0,7.371808958514118,57.509317,8.5162
2025-02-03 06:37:04,2025-02-03 06:37:04,Class A,314839000_2,57.507917,8.511083,Under way using engine,0.0,11.3,242.0,243.0,9387255,8PXO5,MAIN,Tanker,No additional information,42.0,246.0,GLONASS,14.5,SUEZ,15/02/2025 14:30:00,AIS,POINT (8.511083 57.507917),314839000_2,0 days 00:01:00,-2.8996363300503714e-06,243.0110821948524,0.0,0,7.376450316056498,57.507917,8.511083
2025-02-03 06:38:04,2025-02-03 06:38:04,Class A,314839000_2,57.506467,8.505867,Under way using engine,0.0,11.3,242.0,243.0,9387255,8PXO5,MAIN,Tanker,No additional information,42.0,246.0,GLONASS,14.5,SUEZ,15/02/2025 14:30:00,AIS,POINT (8.505867 57.506467),314839000_2,0 days 00:01:00,2.1753880533262556e-06,242.64122063374498,0.0,0,7.381176989761592,57.506467,8.505867
2025-02-03 06:39:04,2025-02-03 06:39:04,Class A,314839000_2,57.50505,8.500733,Under way using engine,0.0,11.3,242.0,243.0,9387255,8PXO5,MAIN,Tanker,No additional information,42.0,246.0,GLONASS,14.5,SUEZ,15/02/2025 14:30:00,AIS,POINT (8.500733 57.50505),314839000_2,0 days 00:01:00,-1.6782067094596714e-06,242.8095740672714,0.0,0,7.385832679635316,57.50505,8.500733
2025-02-03 06:40:03,2025-02-03 06:40:03,Class A,314839000_2,57.503633,8.4955,Under way using engine,0.0,11.3,242.0,243.0,9387255,8PXO5,MAIN,Tanker,No additional information,42.0,246.0,GLONASS,14.5,SUEZ,15/02/2025 14:30:00,AIS,POINT (8.4955 57.503633),314839000_2,0 days 00:00:59,3.1791012961664316e-06,243.25284525048522,0.0,0,7.39058550071948,57.503633,8.4955
2025-02-03 06:41:03,2025-02-03 06:41:03,Class A,314839000_2,57.5022,8.4903,Under way using engine,0.0,11.3,242.0,243.0,9387255,8PXO5,MAIN,Tanker,No additional information,42.0,246.0,GLONASS,14.5,SUEZ,15/02/2025 14:30:00,AIS,POINT (8.4903 57.5022),314839000_2,0 days 00:01:00,-1.916340473231811e-06,242.84738781445964,0.0,0,7.395303408072451,57.5022,8.4903
2025-02-03 06:42:03,2025-02-03 06:42:03,Class A,314839000_2,57.500767,8.485083,Under way using engine,0.0,11.3,243.0,243.0,9387255,8PXO5,MAIN,Tanker,No additional information,42.0,246.0,GLONASS,14.5,SUEZ,15/02/2025 14:30:00,AIS,POINT (8.485083 57.500767),314839000_2,0 days 00:01:00,2.551085412911495e-07,242.92417642078152,0.0,0,7.400038765523463,57.500767,8.485083
2025-02-03 06:43:03,2025-02-03 06:43:03,Class A,314839000_2,57.499333,8.479867,Under way using engine,0.0,11.3,243.0,243.0,9387255,8PXO5,MAIN,Tanker,No additional information,42.0,246.0,GLONASS,14.5,SUEZ,15/02/2025 14:30:00,AIS,POINT (8.479867 57.499333),314839000_2,0 days 00:01:00,2.2604809026630554e-09,242.90443156320538,0.0,0,7.404773841381112,57.499333,8.479867
2025-02-03 06:46:04,2025-02-03 06:46:04,Class A,314839000_2,57.495,8.464183,Under way using engine,0.0,11.3,242.0,243.0,9387255,8PXO5,MAIN,Tanker,No additional information,42.0,246.0,GLONASS,14.5,SUEZ,15/02/2025 14:30:00,AIS,POINT (8.464183 57.495),314839000_2,0 days 00:03:01,-6.996227816315824e-08,242.79709298869676,0.0,0,7.4190123884024475,57.495,8.464183
2025-02-03 06:47:04,2025-02-03 06:47:04,Class A,314839000_2,57.493567,8.458983,Under way using engine,0.0,11.3,242.0,243.0,9387255,8PXO5,MAIN,Tanker,No additional information,42.0,246.0,GLONASS,14.5,SUEZ,15/02/2025 14:30:00,AIS,POINT (8.458983 57.493567),314839000_2,0 days 00:01:00,-2.8147263493290622e-08,242.852889901398,0.0,0,7.4237358326014,57.493567,8.458983
2025-02-03 06:48:03,2025-02-03 06:48:03,Class A,314839000_2,57.49215,8.4539,Under way using engine,0.0,11.3,243.0,243.0,9387255,8PXO5,MAIN,Tanker,No additional information,42.0,246.0,GLONASS,14.5,SUEZ,15/02/2025 14:30:00,AIS,POINT (8.4539 57.49215),314839000_2,0 days 00:00:59,-3.461224614531989e-07,242.58464749868222,0.0,0,7.4283501082372245,57.49215,8.4539
2025-02-03 06:49:03,2025-02-03 06:49:03,Class A,314839000_2,57.490717,8.4487,Under way using engine,0.0,11.3,243.0,243.0,9387255,8PXO5,MAIN,Tanker,No additional information,42.0,246.0,GLONASS,14.5,SUEZ,15/02/2025 14:30:00,AIS,POINT (8.4487 57.490717),314839000_2,0 days 00:01:00,3.4635163045076733e-07,242.85470572916694,0.0,0,7.43307536184243,57.490717,8.4487
2025-02-03 06:50:03,2025-02-03 06:50:03,Class A,314839000_2,57.489267,8.443417,Under way using engine,0.0,11.3,243.0,243.0,9387255,8PXO5,MAIN,Tanker,No additional information,42.0,246.0,GLONASS,14.5,SUEZ,15/02/2025 14:30:00,AIS,POINT (8.443417 57.489267),314839000_2,0 days 00:01:00,1.4736074092830687e-06,242.94957696084572,0.0,0,7.437878329643876,57.489267,8.443417
2025-02-03 06:51:03,2025-02-03 06:51:03,Class A,314839000_2,57.48785,8.438317,Under way using engine,0.0,11.2,242.0,243.0,9387255,8PXO5,MAIN,Tanker,No additional information,42.0,246.0,GLONASS,14.5,SUEZ,15/02/2025 14:30:00,AIS,POINT (8.438317 57.48785),314839000_2,0 days 00:01:00,-3.175541451320869e-06,242.66552744049113,0.0,0,7.442511825849187,57.48785,8.438317
2025-02-03 06:52:03,2025-02-03 06:52:03,Class A,314839000_2,57.486433,8.4331,Under way using engine,0.0,11.2,243.0,242.0,9387255,8PXO5,MAIN,Tanker,No additional information,42.0,246.0,GLONASS,14.5,SUEZ,15/02/2025 14:30:00,AIS,POINT (8.4331 57.486433),314839000_2,0 days 00:01:00,1.7392818838075513e-06,243.19312394840387,0.0,0,7.447260037855869,57.486433,8.4331
2025-02-03 06:53:03,2025-02-03 06:53:03,Class A,314839000_2,57.484967,8.427933,Under way using engine,0.0,11.2,242.0,242.0,9387255,8PXO5,MAIN,Tanker,No additional information,42.0,246.0,GLONASS,14.5,SUEZ,15/02/2025 14:30:00,AIS,POINT (8.427933 57.484967),314839000_2,0 days 00:01:00,-4.2787793767210676e-08,242.1749348747269,0.0,0,7.451949193348677,57.484967,8.427933
2025-02-03 06:54:03,2025-02-03 06:54:03,Class A,314839000_2,57.483517,8.422867,Under way using engine,0.0,11.2,242.0,242.0,9387255,8PXO5,MAIN,Tanker,No additional information,42.0,246.0,GLONASS,14.5,SUEZ,15/02/2025 14:30:00,AIS,POINT (8.422867 57.483517),314839000_2,0 days 00:01:00,-1.715874521548037e-06,241.9679704951031,0.0,0,7.456544667819404,57.483517,8.422867
2025-02-03 06:55:03,2025-02-03 06:55:03,Class A,314839000_2,57.482033,8.417667,Under way using engine,0.0,11.2,242.0,242.0,9387255,8PXO5,MAIN,Tanker,No additional information,42.0,246.0,GLONASS,14.5,SUEZ,15/02/2025 14:30:00,AIS,POINT (8.417667 57.482033),314839000_2,0 days 00:01:00,2.4682385902783803e-06,242.0385548211416,0.0,0,7.4612636243334824,57.482033,8.417667
2025-02-03 06:56:03,2025-02-03 06:56:03,Class A,314839000_2,57.480583,8.412583,Under way using engine,0.0,11.2,242.0,242.0,9387255,8PXO5,MAIN,Tanker,No additional information,42.0,246.0,GLONASS,14.5,SUEZ,15/02/2025 14:30:00,AIS,POINT (8.412583 57.480583),314839000_2,0 days 00:01:00,-2.1973148661857205e-06,242.05410485276622,0.0,0,7.465878420458373,57.480583,8.412583
2025-02-03 06:57:03,2025-02-03 06:57:03,Class A,314839000_2,57.4791,8.407517,Under way using engine,0.0,11.2,241.0,242.0,9387255,8PXO5,MAIN,Tanker,No additional information,42.0,246.0,GLONASS,14.5,SUEZ,15/02/2025 14:30:00,AIS,POINT (8.407517 57.4791),314839000_2,0 days 00:01:00,2.212918132597572e-07,241.43263565686496,0.0,0,7.470469020751308,57.4791,8.407517
2025-02-03 06:59:03,2025-02-03 06:59:03,Class A,314839000_2,57.476167,8.39725,Under way using engine,0.0,11.2,242.0,242.0,9387255,8PXO5,MAIN,Tanker,No additional information,42.0,246.0,GLONASS,14.5,SUEZ,15/02/2025 14:30:00,AIS,POINT (8.39725 57.476167),314839000_2,0 days 00:02:00,3.7704307046737665e-07,242.020096703644,0.0,0,7.479791913785369,57.476167,8.39725
2025-02-03 07:00:03,2025-02-03 07:00:03,Class A,314839000_2,57.474683,8.392083,Under way using engine,0.0,11.2,242.0,242.0,9387255,8PXO5,MAIN,Tanker,No additional information,42.0,246.0,GLONASS,14.5,SUEZ,15/02/2025 14:30:00,AIS,POINT (8.392083 57.474683),314839000_2,0 days 00:01:00,7.516524620504537e-07,241.89198986796185,0.0,0,7.484483339300449,57.474683,8.392083
2025-02-03 07:01:03,2025-02-03 07:01:03,Class A,314839000_2,57.473233,8.38705,Under way using engine,0.0,11.2,241.0,242.0,9387255,8PXO5,MAIN,Tanker,No additional information,42.0,246.0,GLONASS,14.5,SUEZ,15/02/2025 14:30:00,AIS,POINT (8.38705 57.473233),314839000_2,0 days 00:01:00,-2.46237888227455e-06,241.8190488243235,0.0,0,7.489052960511429,57.473233,8.38705
2025-02-03 07:02:04,2025-02-03 07:02:04,Class A,314839000_2,57.47175,8.381933,Under way using engine,0.0,11.2,241.0,242.0,9387255,8PXO5,MAIN,Tanker,No additional information,42.0,246.0,GLONASS,14.5,SUEZ,15/02/2025 14:30:00,AIS,POINT (8.381933 57.47175),314839000_2,0 days 00:01:01,1.2952718898794364e-07,241.67785771680684,0.0,0,7.493697741754,57.47175,8.381933
2025-02-03 07:04:04,2025-02-03 07:04:04,Class A,314839000_2,57.4688,8.371667,Under way using engine,0.0,11.2,242.0,242.0,9387255,8PXO5,MAIN,Tanker,No additional information,42.0,246.0,GLONASS,14.5,SUEZ,15/02/2025 14:30:00,AIS,POINT (8.371667 57.4688),314839000_2,0 days 00:02:00,8.551557247227834e-07,241.88514071777354,0.0,0,7.50302482252358,57.4688,8.371667
2025-02-03 07:05:04,2025-02-03 07:05:04,Class A,314839000_2,57.467367,8.366617,Under way using engine,0.0,11.2,241.0,242.0,9387255,8PXO5,MAIN,Tanker,No additional information,42.0,246.0,GLONASS,14.5,SUEZ,15/02/2025 14:30:00,AIS,POINT (8.366617 57.467367),314839000_2,0 days 00:01:00,-1.8263569638047802e-06,242.18305989964858,0.0,0,7.507618390620691,57.467367,8.366617
2025-02-03 07:06:04,2025-02-03 07:06:04,Class A,314839000_2,57.46585,8.361483,Under way using engine,0.0,11.2,242.0,242.0,9387255,8PXO5,MAIN,Tanker,No additional information,42.0,246.0,GLONASS,14.5,SUEZ,15/02/2025 14:30:00,AIS,POINT (8.361483 57.46585),314839000_2,0 days 00:01:00,2.466646414212694e-06,241.2162394562372,0.0,0,7.512275636407986,57.46585,8.361483
2025-02-03 07:07:04,2025-02-03 07:07:04,Class A,314839000_2,57.46445,8.35645,Under way using engine,0.0,11.2,242.0,242.0,9387255,8PXO5,MAIN,Tanker,No additional information,42.0,246.0,GLONASS,14.5,SUEZ,15/02/2025 14:30:00,AIS,POINT (8.35645 57.46445),314839000_2,0 days 00:01:00,-3.183954841455604e-06,242.65348656318938,0.0,0,7.516861849738093,57.46445,8.35645
2025-02-03 07:08:03,2025-02-03 07:08:03,Class A,314839000_2,57.462983,8.351333,Under way using engine,0.0,11.2,242.0,242.0,9387255,8PXO5,MAIN,Tanker,No additional information,42.0,246.0,GLONASS,14.5,SUEZ,15/02/2025 14:30:00,AIS,POINT (8.351333 57.462983),314839000_2,0 days 00:00:59,3.908242349776004e-06,241.94237462667073,0.0,0,7.521515616540724,57.462983,8.351333
2025-02-03 07:09:03,2025-02-03 07:09:03,Class A,314839000_2,57.461533,8.346233,Under way using engine,0.0,11.2,242.0,242.0,9387255,8PXO5,MAIN,Tanker,No additional information,42.0,246.0,GLONASS,14.5,SUEZ,15/02/2025 14:30:00,AIS,POINT (8.346233 57.461533),314839000_2,0 days 00:01:00,-2.131346303442325e-06,242.14092440033335,0.0,0,7.526157536516626,57.461533,8.346233
2025-02-03 07:10:03,2025-02-03 07:10:03,Class A,314839000_2,57.4601,8.341217,Under way using engine,0.0,11.2,242.0,242.0,9387255,8PXO5,MAIN,Tanker,No additional information,42.0,246.0,GLONASS,14.5,SUEZ,15/02/2025 14:30:00,AIS,POINT (8.341217 57.4601),314839000_2,0 days 00:01:00,-1.4808928871225142e-06,242.0277043830801,0.0,0,7.530722303777041,57.4601,8.341217
2025-02-03 07:11:03,2025-02-03 07:11:03,Class A,314839000_2,57.458617,8.336033,Under way using engine,0.0,11.1,242.0,242.0,9387255,8PXO5,MAIN,Tanker,No additional information,42.0,246.0,GLONASS,14.5,SUEZ,15/02/2025 14:30:00,AIS,POINT (8.336033 57.458617),314839000_2,0 days 00:01:00,3.202190179422782e-06,241.9966014671984,0.0,0,7.535440396967517,57.458617,8.336033
2025-02-03 07:12:04,2025-02-03 07:12:04,Class A,314839000_2,57.457167,8.330933,Under way using engine,0.0,11.1,242.0,242.0,9387255,8PXO5,MAIN,Tanker,No additional information,42.0,246.0,GLONASS,14.5,SUEZ,15/02/2025 14:30:00,AIS,POINT (8.330933 57.457167),314839000_2,0 days 00:01:01,-3.234501321962126e-06,242.14375133548424,0.0,0,7.5400849326947235,57.457167,8.330933
2025-02-03 07:13:04,2025-02-03 07:13:04,Class A,314839000_2,57.455617,8.325767,Under way using engine,0.0,11.1,241.0,242.0,9387255,8PXO5,MAIN,Tanker,No additional information,42.0,246.0,GLONASS,14.5,SUEZ,15/02/2025 14:30:00,AIS,POINT (8.325767 57.455617),314839000_2,0 days 00:01:00,4.020896765667403e-06,240.8514282772295,0.0,0,7.54477226921966,57.455617,8.325767
2025-02-03 07:14:04,2025-02-03 07:14:04,Class A,314839000_2,57.454183,8.32075,Under way using engine,0.0,11.2,241.0,242.0,9387255,8PXO5,MAIN,Tanker,No additional information,42.0,246.0,GLONASS,14.5,SUEZ,15/02/2025 14:30:00,AIS,POINT (8.32075 57.454183),314839000_2,0 days 00:01:00,-3.8935396235273105e-06,242.01971859089414,0.0,0,7.549341253218389,57.454183,8.32075
2025-02-03 07:15:04,2025-02-03 07:15:04,Class A,314839000_2,57.45275,8.315633,Under way using engine,0.0,11.2,242.0,242.0,9387255,8PXO5,MAIN,Tanker,No additional information,42.0,246.0,GLONASS,14.5,SUEZ,15/02/2025 14:30:00,AIS,POINT (8.315633 57.45275),314839000_2,0 days 00:01:00,1.4650200410476142e-06,242.50299893372966,0.0,0,7.554008777448502,57.45275,8.315633
2025-02-03 07:16:04,2025-02-03 07:16:04,Class A,314839000_2,57.4513,8.310417,Under way using engine,0.0,11.2,243.0,242.0,9387255,8PXO5,MAIN,Tanker,No additional information,42.0,246.0,GLONASS,14.5,SUEZ,15/02/2025 14:30:00,AIS,POINT (8.310417 57.4513),314839000_2,0 days 00:01:00,1.710881337231689e-06,242.67652238167858,0.0,0,7.558769874616174,57.4513,8.310417
2025-02-03 07:17:03,2025-02-03 07:17:03,Class A,314839000_2,57.449883,8.3054,Under way using engine,0.0,11.1,242.0,242.0,9387255,8PXO5,MAIN,Tanker,No additional information,42.0,246.0,GLONASS,14.5,SUEZ,15/02/2025 14:30:00,AIS,POINT (8.3054 57.449883),314839000_2,0 days 00:00:59,-1.8422172189278597e-06,242.30467137757265,0.0,0,7.563345187352287,57.449883,8.3054
2025-02-03 07:18:03,2025-02-03 07:18:03,Class A,314839000_2,57.448417,8.300333,Under way using engine,0.0,11.1,241.0,242.0,9387255,8PXO5,MAIN,Tanker,No additional information,42.0,246.0,GLONASS,14.5,SUEZ,15/02/2025 14:30:00,AIS,POINT (8.300333 57.448417),314839000_2,0 days 00:01:00,-1.5115101842522413e-07,241.73400082521505,0.0,0,7.5679591836405935,57.448417,8.300333
2025-02-03 07:19:03,2025-02-03 07:19:03,Class A,314839000_2,57.446933,8.295283,Under way using engine,0.0,11.1,241.0,242.0,9387255,8PXO5,MAIN,Tanker,No additional information,42.0,246.0,GLONASS,14.5,SUEZ,15/02/2025 14:30:00,AIS,POINT (8.295283 57.446933),314839000_2,0 days 00:01:00,1.8514373247331916e-08,241.3614049398467,0.0,0,7.572553472063833,57.446933,8.295283
2025-02-03 07:20:03,2025-02-03 07:20:03,Class A,314839000_2,57.4455,8.290317,Under way using engine,0.0,11.1,241.0,242.0,9387255,8PXO5,MAIN,Tanker,No additional information,42.0,246.0,GLONASS,14.5,SUEZ,15/02/2025 14:30:00,AIS,POINT (8.290317 57.4455),314839000_2,0 days 00:01:00,-1.9795467206852314e-06,241.7987578738051,0.0,0,7.577078021427852,57.4455,8.290317
2025-02-03 07:21:04,2025-02-03 07:21:04,Class A,314839000_2,57.444033,8.28515,Under way using engine,0.0,11.1,242.0,242.0,9387255,8PXO5,MAIN,Tanker,No additional information,42.0,246.0,GLONASS,14.5,SUEZ,15/02/2025 14:30:00,AIS,POINT (8.28515 57.444033),314839000_2,0 days 00:01:01,1.8299903986747676e-06,242.18529328934966,0.0,0,7.581791887894641,57.444033,8.28515
2025-02-03 07:22:04,2025-02-03 07:22:04,Class A,314839000_2,57.4426,8.280083,Under way using engine,0.0,11.1,242.0,242.0,9387255,8PXO5,MAIN,Tanker,No additional information,42.0,246.0,GLONASS,14.5,SUEZ,15/02/2025 14:30:00,AIS,POINT (8.280083 57.4426),314839000_2,0 days 00:01:00,-3.660777355534202e-07,242.278451458598,0.0,0,7.586416611936692,57.4426,8.280083
2025-02-03 07:23:04,2025-02-03 07:23:04,Class A,314839000_2,57.441133,8.275017,Under way using engine,0.0,11.1,242.0,242.0,9387255,8PXO5,MAIN,Tanker,No additional information,42.0,246.0,GLONASS,14.5,SUEZ,15/02/2025 14:30:00,AIS,POINT (8.275017 57.441133),314839000_2,0 days 00:01:00,4.813287963122455e-07,241.71774225929104,0.0,0,7.591033694484698,57.441133,8.275017
2025-02-03 07:24:04,2025-02-03 07:24:04,Class A,314839000_2,57.439683,8.26995,Under way using engine,0.0,11.1,242.0,242.0,9387255,8PXO5,MAIN,Tanker,No additional information,42.0,246.0,GLONASS,14.5,SUEZ,15/02/2025 14:30:00,AIS,POINT (8.26995 57.439683),314839000_2,0 days 00:01:00,-2.3000027784822347e-07,242.00115115253297,0.0,0,7.595656353162972,57.439683,8.26995
2025-02-03 07:25:04,2025-02-03 07:25:04,Class A,314839000_2,57.43825,8.264867,Under way using engine,0.0,11.1,242.0,242.0,9387255,8PXO5,MAIN,Tanker,No additional information,42.0,246.0,GLONASS,14.5,SUEZ,15/02/2025 14:30:00,AIS,POINT (8.264867 57.43825),314839000_2,0 days 00:01:00,-6.004548188280496e-09,242.35557876535557,0.0,0,7.600299202643602,57.43825,8.264867
2025-02-03 07:26:03,2025-02-03 07:26:03,Class A,314839000_2,57.436817,8.25975,Under way using engine,0.0,11.1,242.0,242.0,9387255,8PXO5,MAIN,Tanker,No additional information,42.0,246.0,GLONASS,14.5,SUEZ,15/02/2025 14:30:00,AIS,POINT (8.25975 57.436817),314839000_2,0 days 00:00:59,2.1724832082676366e-06,242.51321900838403,0.0,0,7.604976054697936,57.436817,8.25975
2025-02-03 07:27:03,2025-02-03 07:27:03,Class A,314839000_2,57.435383,8.254683,Under way using engine,0.0,11.1,242.0,242.0,9387255,8PXO5,MAIN,Tanker,No additional information,42.0,246.0,GLONASS,14.5,SUEZ,15/02/2025 14:30:00,AIS,POINT (8.254683 57.435383),314839000_2,0 days 00:01:00,-2.3525155762359975e-06,242.26664414116232,0.0,0,7.609604741224475,57.435383,8.254683
2025-02-03 07:28:03,2025-02-03 07:28:03,Class A,314839000_2,57.433917,8.249517,Under way using engine,0.0,11.1,242.0,242.0,9387255,8PXO5,MAIN,Tanker,No additional information,42.0,246.0,GLONASS,14.5,SUEZ,15/02/2025 14:30:00,AIS,POINT (8.249517 57.433917),314839000_2,0 days 00:01:00,1.9255654179027208e-06,242.2033753991525,0.0,0,7.614323844399185,57.433917,8.249517
2025-02-03 07:29:03,2025-02-03 07:29:03,Class A,314839000_2,57.4325,8.244533,Under way using engine,0.0,11.1,242.0,242.0,9387255,8PXO5,MAIN,Tanker,No additional information,42.0,246.0,GLONASS,14.5,SUEZ,15/02/2025 14:30:00,AIS,POINT (8.244533 57.4325),314839000_2,0 days 00:01:00,-3.390110381817522e-06,242.15999965310533,0.0,0,7.618876929788864,57.4325,8.244533
2025-02-03 07:30:03,2025-02-03 07:30:03,Class A,314839000_2,57.431033,8.2395,Under way using engine,0.0,11.1,241.0,242.0,9387255,8PXO5,MAIN,Tanker,No additional information,42.0,246.0,GLONASS,14.5,SUEZ,15/02/2025 14:30:00,AIS,POINT (8.2395 57.431033),314839000_2,0 days 00:01:00,1.4525102559316838e-06,241.5678230432219,0.0,0,7.623467716875635,57.431033,8.2395
2025-02-03 07:31:03,2025-02-03 07:31:03,Class A,314839000_2,57.42955,8.2344,Under way using engine,0.0,11.1,241.0,242.0,9387255,8PXO5,MAIN,Tanker,No additional information,42.0,246.0,GLONASS,14.5,SUEZ,15/02/2025 14:30:00,AIS,POINT (8.2344 57.42955),314839000_2,0 days 00:01:00,1.22186012891266e-06,241.62579866236874,0.0,0,7.628121243461458,57.42955,8.2344
2025-02-03 07:32:03,2025-02-03 07:32:03,Class A,314839000_2,57.42805,8.229333,Under way using engine,0.0,11.1,241.0,242.0,9387255,8PXO5,MAIN,Tanker,No additional information,42.0,246.0,GLONASS,14.5,SUEZ,15/02/2025 14:30:00,AIS,POINT (8.229333 57.42805),314839000_2,0 days 00:01:00,-2.2939301707600054e-07,241.19606722900346,0.0,0,7.632739719233781,57.42805,8.229333
2025-02-03 07:33:03,2025-02-03 07:33:03,Class A,314839000_2,57.426533,8.224217,Under way using engine,0.0,11.1,241.0,242.0,9387255,8PXO5,MAIN,Tanker,No additional information,42.0,246.0,GLONASS,14.5,SUEZ,15/02/2025 14:30:00,AIS,POINT (8.224217 57.426533),314839000_2,0 days 00:01:00,9.729056503950521e-07,241.157257846577,0.0,0,7.637403191347305,57.426533,8.224217
2025-02-03 07:34:03,2025-02-03 07:34:03,Class A,314839000_2,57.42505,8.2192,Under way using engine,0.0,11.1,242.0,242.0,9387255,8PXO5,MAIN,Tanker,No additional information,42.0,246.0,GLONASS,14.5,SUEZ,15/02/2025 14:30:00,AIS,POINT (8.2192 57.42505),314839000_2,0 days 00:01:00,-1.9513137202592108e-06,241.23385251218633,0.0,0,7.641978283281626,57.42505,8.2192
2025-02-03 07:36:03,2025-02-03 07:36:03,Class A,314839000_2,57.422183,8.20905,Under way using engine,0.0,11.1,243.0,242.0,9387255,8PXO5,MAIN,Tanker,No additional information,42.0,246.0,GLONASS,14.5,SUEZ,15/02/2025 14:30:00,AIS,POINT (8.20905 57.422183),314839000_2,0 days 00:02:00,6.724753267332965e-08,242.3222649218858,0.0,0,7.651265666982489,57.422183,8.20905
2025-02-03 07:37:03,2025-02-03 07:37:03,Class A,314839000_2,57.420767,8.2039,Under way using engine,0.0,11.1,243.0,243.0,9387255,8PXO5,MAIN,Tanker,No additional information,42.0,246.0,GLONASS,14.5,SUEZ,15/02/2025 14:30:00,AIS,POINT (8.2039 57.420767),314839000_2,0 days 00:01:00,8.680406521925122e-07,242.95193426930481,0.0,0,7.655987592311587,57.420767,8.2039
2025-02-03 07:38:03,2025-02-03 07:38:03,Class A,314839000_2,57.419367,8.198783,Under way using engine,0.0,11.1,243.0,242.0,9387255,8PXO5,MAIN,Tanker,No additional information,42.0,246.0,GLONASS,14.5,SUEZ,15/02/2025 14:30:00,AIS,POINT (8.198783 57.419367),314839000_2,0 days 00:01:00,-7.123527414742172e-07,243.0671751774757,0.0,0,7.660681560817549,57.419367,8.198783
2025-02-03 07:39:03,2025-02-03 07:39:03,Class A,314839000_2,57.417917,8.193717,Under way using engine,0.0,11.1,242.0,241.0,9387255,8PXO5,MAIN,Tanker,No additional information,42.0,246.0,GLONASS,14.5,SUEZ,15/02/2025 14:30:00,AIS,POINT (8.193717 57.417917),314839000_2,0 days 00:01:00,-4.045071606294653e-08,242.01058568293763,0.0,0,7.665315751290746,57.417917,8.193717
2025-02-03 07:40:03,2025-02-03 07:40:03,Class A,314839000_2,57.41645,8.188717,Under way using engine,0.0,11.1,241.0,241.0,9387255,8PXO5,MAIN,Tanker,No additional information,42.0,246.0,GLONASS,14.5,SUEZ,15/02/2025 14:30:00,AIS,POINT (8.188717 57.41645),314839000_2,0 days 00:01:00,-7.187385002554367e-07,241.41929980835252,0.0,0,7.669882650126074,57.41645,8.188717
2025-02-03 07:44:04,2025-02-03 07:44:04,Class A,314839000_2,57.410533,8.168617,Under way using engine,0.0,11.0,242.0,242.0,9387255,8PXO5,MAIN,Tanker,No additional information,42.0,246.0,GLONASS,14.5,SUEZ,15/02/2025 14:30:00,AIS,POINT (8.168617 57.410533),314839000_2,0 days 00:04:01,3.949269800316476e-08,241.34790766149982,0.0,0,7.68824564139323,57.410533,8.168617
2025-02-03 07:45:04,2025-02-03 07:45:04,Class A,314839000_2,57.409083,8.163583,Under way using engine,0.0,11.1,241.0,242.0,9387255,8PXO5,MAIN,Tanker,No additional information,42.0,246.0,GLONASS,14.5,SUEZ,15/02/2025 14:30:00,AIS,POINT (8.163583 57.409083),314839000_2,0 days 00:01:00,1.0641929547901506e-07,241.8655867096561,0.0,0,7.692853495684551,57.409083,8.163583
2025-02-03 07:46:04,2025-02-03 07:46:04,Class A,314839000_2,57.40765,8.158567,Under way using engine,0.0,11.0,242.0,242.0,9387255,8PXO5,MAIN,Tanker,No additional information,42.0,246.0,GLONASS,14.5,SUEZ,15/02/2025 14:30:00,AIS,POINT (8.158567 57.40765),314839000_2,0 days 00:01:00,-5.092889858631169e-07,242.06171048985942,0.0,0,7.697448195649321,57.40765,8.158567
2025-02-03 07:48:04,2025-02-03 07:48:04,Class A,314839000_2,57.40475,8.14845,Under way using engine,0.0,11.0,242.0,242.0,9387255,8PXO5,MAIN,Tanker,No additional information,42.0,246.0,GLONASS,14.5,SUEZ,15/02/2025 14:30:00,AIS,POINT (8.14845 57.40475),314839000_2,0 days 00:02:00,4.3882725081093843e-07,241.98559106578065,0.0,0,7.706715799797472,57.40475,8.14845
2025-02-03 07:51:04,2025-02-03 07:51:04,Class A,314839000_2,57.400533,8.133433,Under way using engine,0.0,11.0,242.0,242.0,9387255,8PXO5,MAIN,Tanker,No additional information,42.0,246.0,GLONASS,14.5,SUEZ,15/02/2025 14:30:00,AIS,POINT (8.133433 57.400533),314839000_2,0 days 00:03:00,-4.706057845074275e-07,242.4754595675552,0.0,0,7.720496488339724,57.400533,8.133433
2025-02-03 07:52:04,2025-02-03 07:52:04,Class A,314839000_2,57.399117,8.128533,Under way using engine,0.0,11.0,241.0,242.0,9387255,8PXO5,MAIN,Tanker,No additional information,42.0,246.0,GLONASS,14.5,SUEZ,15/02/2025 14:30:00,AIS,POINT (8.128533 57.399117),314839000_2,0 days 00:01:00,-1.405764981607773e-06,241.79447781183575,0.0,0,7.724986123369414,57.399117,8.128533
2025-02-03 07:53:04,2025-02-03 07:53:04,Class A,314839000_2,57.397683,8.123517,Under way using engine,0.0,11.0,242.0,242.0,9387255,8PXO5,MAIN,Tanker,No additional information,42.0,246.0,GLONASS,14.5,SUEZ,15/02/2025 14:30:00,AIS,POINT (8.123517 57.397683),314839000_2,0 days 00:01:00,1.974467049359474e-06,242.051616066382,0.0,0,7.729586104469114,57.397683,8.123517
2025-02-03 07:54:04,2025-02-03 07:54:04,Class A,314839000_2,57.396217,8.118533,Under way using engine,0.0,11.0,241.0,242.0,9387255,8PXO5,MAIN,Tanker,No additional information,42.0,246.0,GLONASS,14.5,SUEZ,15/02/2025 14:30:00,AIS,POINT (8.118533 57.396217),314839000_2,0 days 00:01:00,5.612078015412165e-10,241.371825596902,0.0,0,7.734148843748096,57.396217,8.118533
2025-02-03 08:11:04,2025-02-03 08:11:04,Class A,314839000_2,57.372133,8.033367,Under way using engine,0.0,10.8,242.0,242.0,9387255,8PXO5,MAIN,Tanker,No additional information,42.0,246.0,GLONASS,14.5,SUEZ,15/02/2025 14:30:00,AIS,POINT (8.033367 57.372133),314839000_2,0 days 00:17:00,-1.843251867465875e-08,242.3520600526362,0.0,0,7.812437128873549,57.372133,8.033367
2025-02-03 08:12:04,2025-02-03 08:12:04,Class A,314839000_2,57.370733,8.0284,Under way using engine,0.0,10.8,242.0,242.0,9387255,8PXO5,MAIN,Tanker,No additional information,42.0,246.0,GLONASS,14.5,SUEZ,15/02/2025 14:30:00,AIS,POINT (8.0284 57.370733),314839000_2,0 days 00:01:00,-8.471046318368469e-07,242.4039139761661,0.0,0,7.817010685885302,57.370733,8.0284
2025-02-03 08:13:04,2025-02-03 08:13:04,Class A,314839000_2,57.36935,8.02355,Under way using engine,0.0,10.8,242.0,242.0,9387255,8PXO5,MAIN,Tanker,No additional information,42.0,246.0,GLONASS,14.5,SUEZ,15/02/2025 14:30:00,AIS,POINT (8.02355 57.36935),314839000_2,0 days 00:01:00,-1.973117861518367e-06,242.1305160887403,0.0,0,7.821473940942844,57.36935,8.02355
2025-02-03 08:14:04,2025-02-03 08:14:04,Class A,314839000_2,57.367933,8.018533,Under way using engine,0.0,10.8,242.0,242.0,9387255,8PXO5,MAIN,Tanker,No additional information,42.0,246.0,GLONASS,14.5,SUEZ,15/02/2025 14:30:00,AIS,POINT (8.018533 57.367933),314839000_2,0 days 00:01:00,2.9629051859869464e-06,242.35739122683572,0.0,0,7.826094408085428,57.367933,8.018533
2025-02-03 08:15:04,2025-02-03 08:15:04,Class A,314839000_2,57.36655,8.0137,Under way using engine,0.0,10.8,242.0,242.0,9387255,8PXO5,MAIN,Tanker,No additional information,42.0,246.0,GLONASS,14.5,SUEZ,15/02/2025 14:30:00,AIS,POINT (8.0137 57.36655),314839000_2,0 days 00:01:00,-3.2086539627324776e-06,242.0490962796548,0.0,0,7.830542450184916,57.36655,8.0137
2025-02-03 08:24:04,2025-02-03 08:24:04,Class A,314839000_2,57.353917,7.969167,Under way using engine,0.0,10.8,243.0,242.0,9387255,8PXO5,MAIN,Tanker,No additional information,42.0,246.0,GLONASS,14.5,SUEZ,15/02/2025 14:30:00,AIS,POINT (7.969167 57.353917),314839000_2,0 days 00:09:00,2.2378316749039402e-07,242.27634901289002,0.0,0,7.871583381162014,57.353917,7.969167
2025-02-03 08:25:04,2025-02-03 08:25:04,Class A,314839000_2,57.352583,7.9643,Under way using engine,0.0,10.8,243.0,242.0,9387255,8PXO5,MAIN,Tanker,No additional information,42.0,246.0,GLONASS,14.5,SUEZ,15/02/2025 14:30:00,AIS,POINT (7.9643 57.352583),314839000_2,0 days 00:01:00,-2.1795894322319706e-06,243.06758326414433,0.0,0,7.876081658543479,57.352583,7.9643
2025-02-03 08:26:04,2025-02-03 08:26:04,Class A,314839000_2,57.3512,7.959267,Under way using engine,0.0,10.8,243.0,242.0,9387255,8PXO5,MAIN,Tanker,No additional information,42.0,246.0,GLONASS,14.5,SUEZ,15/02/2025 14:30:00,AIS,POINT (7.959267 57.3512),314839000_2,0 days 00:01:00,3.1639401411432423e-06,243.00982097085927,0.0,0,7.880733354111468,57.3512,7.959267
2025-02-03 08:27:04,2025-02-03 08:27:04,Class A,314839000_2,57.34985,7.9543,Under way using engine,0.0,10.8,243.0,242.0,9387255,8PXO5,MAIN,Tanker,No additional information,42.0,246.0,GLONASS,14.5,SUEZ,15/02/2025 14:30:00,AIS,POINT (7.9543 57.34985),314839000_2,0 days 00:01:00,-1.4427559715145052e-06,243.2635724182441,0.0,0,7.885327731765371,57.34985,7.9543
2025-02-03 08:28:04,2025-02-03 08:28:04,Class A,314839000_2,57.348533,7.9494,Under way using engine,0.0,10.8,243.0,242.0,9387255,8PXO5,MAIN,Tanker,No additional information,42.0,246.0,GLONASS,14.5,SUEZ,15/02/2025 14:30:00,AIS,POINT (7.9494 57.348533),314839000_2,0 days 00:01:00,-1.4559922354119223e-06,243.5206130850935,0.0,0,7.889863770360361,57.348533,7.9494
2025-02-03 08:29:04,2025-02-03 08:29:04,Class A,314839000_2,57.34715,7.944383,Under way using engine,0.0,10.8,243.0,242.0,9387255,8PXO5,MAIN,Tanker,No additional information,42.0,246.0,GLONASS,14.5,SUEZ,15/02/2025 14:30:00,AIS,POINT (7.944383 57.34715),314839000_2,0 days 00:01:00,2.668546429181719e-06,242.93852417298262,0.0,0,7.894501877836815,57.34715,7.944383
2025-02-03 08:30:04,2025-02-03 08:30:04,Class A,314839000_2,57.345817,7.939517,Under way using engine,0.0,10.8,243.0,242.0,9387255,8PXO5,MAIN,Tanker,No additional information,42.0,246.0,GLONASS,14.5,SUEZ,15/02/2025 14:30:00,AIS,POINT (7.939517 57.345817),314839000_2,0 days 00:01:00,-2.9493087715268435e-06,243.08444042160988,0.0,0,7.899002737459076,57.345817,7.939517
2025-02-03 08:31:04,2025-02-03 08:31:04,Class A,314839000_2,57.3444,7.934517,Under way using engine,0.0,10.8,242.0,242.0,9387255,8PXO5,MAIN,Tanker,No additional information,42.0,246.0,GLONASS,14.5,SUEZ,15/02/2025 14:30:00,AIS,POINT (7.934517 57.3444),314839000_2,0 days 00:01:00,3.185351425389896e-06,242.29249905287696,0.0,0,7.903618784380039,57.3444,7.934517
2025-02-03 08:32:04,2025-02-03 08:32:04,Class A,314839000_2,57.343017,7.929667,Under way using engine,0.0,10.8,242.0,242.0,9387255,8PXO5,MAIN,Tanker,No additional information,42.0,246.0,GLONASS,14.5,SUEZ,15/02/2025 14:30:00,AIS,POINT (7.929667 57.343017),314839000_2,0 days 00:01:00,-2.7072210225327256e-06,242.14750020041288,0.0,0,7.908095341900349,57.343017,7.929667
2025-02-03 08:33:04,2025-02-03 08:33:04,Class A,314839000_2,57.341633,7.924767,Under way using engine,0.0,10.7,242.0,242.0,9387255,8PXO5,MAIN,Tanker,No additional information,42.0,246.0,GLONASS,14.5,SUEZ,15/02/2025 14:30:00,AIS,POINT (7.924767 57.341633),314839000_2,0 days 00:01:00,7.575554924254523e-07,242.37344944022004,0.0,0,7.912621381362943,57.341633,7.924767
2025-02-03 08:35:04,2025-02-03 08:35:04,Class A,314839000_2,57.338867,7.914933,Under way using engine,0.0,10.8,242.0,242.0,9387255,8PXO5,MAIN,Tanker,No additional information,42.0,246.0,GLONASS,14.5,SUEZ,15/02/2025 14:30:00,AIS,POINT (7.914933 57.338867),314839000_2,0 days 00:02:00,1.2097175211158635e-07,242.4752805947356,0.0,0,7.921709241019263,57.338867,7.914933
2025-02-03 08:40:05,2025-02-03 08:40:05,Class A,314839000_2,57.331883,7.890083,Under way using engine,0.0,10.8,242.0,242.0,9387255,8PXO5,MAIN,Tanker,No additional information,42.0,246.0,GLONASS,14.5,SUEZ,15/02/2025 14:30:00,AIS,POINT (7.890083 57.331883),314839000_2,0 days 00:05:01,1.3593597326107855e-07,242.50332066840332,0.0,0,7.944687085006306,57.331883,7.890083
2025-02-03 08:41:05,2025-02-03 08:41:05,Class A,314839000_2,57.330483,7.885217,Under way using engine,0.0,10.8,242.0,242.0,9387255,8PXO5,MAIN,Tanker,No additional information,42.0,246.0,GLONASS,14.5,SUEZ,15/02/2025 14:30:00,AIS,POINT (7.885217 57.330483),314839000_2,0 days 00:01:00,-1.174363748320725e-06,241.94387812902823,0.0,0,7.949182145265135,57.330483,7.885217
2025-02-03 08:42:05,2025-02-03 08:42:05,Class A,314839000_2,57.329083,7.88025,Under way using engine,0.0,10.8,242.0,242.0,9387255,8PXO5,MAIN,Tanker,No additional information,42.0,246.0,GLONASS,14.5,SUEZ,15/02/2025 14:30:00,AIS,POINT (7.88025 57.329083),314839000_2,0 days 00:01:00,1.498024334817286e-06,242.43059166790687,0.0,0,7.953776919888122,57.329083,7.88025
2025-02-03 08:45:04,2025-02-03 08:45:04,Class A,314839000_2,57.324967,7.8655,Under way using engine,0.0,10.8,242.0,242.0,9387255,8PXO5,MAIN,Tanker,No additional information,42.0,246.0,GLONASS,14.5,SUEZ,15/02/2025 14:30:00,AIS,POINT (7.8655 57.324967),314839000_2,0 days 00:02:59,-2.0906696181414024e-07,242.6712778359897,0.0,0,7.967433748832117,57.324967,7.8655
2025-02-03 08:46:04,2025-02-03 08:46:04,Class A,314839000_2,57.323583,7.860617,Under way using engine,0.0,10.8,242.0,242.0,9387255,8PXO5,MAIN,Tanker,No additional information,42.0,246.0,GLONASS,14.5,SUEZ,15/02/2025 14:30:00,AIS,POINT (7.860617 57.323583),314839000_2,0 days 00:01:00,-8.403370805657301e-07,242.30313542153326,0.0,0,7.971952000859137,57.323583,7.860617
2025-02-03 08:47:04,2025-02-03 08:47:04,Class A,314839000_2,57.322167,7.855617,Under way using engine,0.0,10.8,243.0,242.0,9387255,8PXO5,MAIN,Tanker,No additional information,42.0,246.0,GLONASS,14.5,SUEZ,15/02/2025 14:30:00,AIS,POINT (7.855617 57.322167),314839000_2,0 days 00:01:00,2.1965004244019437e-06,242.32341376884926,0.0,0,7.9765794341425575,57.322167,7.855617
2025-02-03 08:48:04,2025-02-03 08:48:04,Class A,314839000_2,57.320817,7.850633,Under way using engine,0.0,10.8,243.0,242.0,9387255,8PXO5,MAIN,Tanker,No additional information,42.0,246.0,GLONASS,14.5,SUEZ,15/02/2025 14:30:00,AIS,POINT (7.850633 57.320817),314839000_2,0 days 00:01:00,-1.1661422719542e-06,243.36031415021765,0.0,0,7.981204728626499,57.320817,7.850633
2025-02-03 08:49:04,2025-02-03 08:49:04,Class A,314839000_2,57.319383,7.845633,Under way using engine,0.0,10.7,242.0,242.0,9387255,8PXO5,MAIN,Tanker,No additional information,42.0,246.0,GLONASS,14.5,SUEZ,15/02/2025 14:30:00,AIS,POINT (7.845633 57.319383),314839000_2,0 days 00:01:00,1.431244797405453e-06,242.02642209580347,0.0,0,7.985830041371153,57.319383,7.845633
2025-02-03 08:50:04,2025-02-03 08:50:04,Class A,314839000_2,57.318067,7.84075,Under way using engine,0.0,10.8,242.0,242.0,9387255,8PXO5,MAIN,Tanker,No additional information,42.0,246.0,GLONASS,14.5,SUEZ,15/02/2025 14:30:00,AIS,POINT (7.84075 57.318067),314839000_2,0 days 00:01:00,-3.407868724718931e-06,243.47744064532566,0.0,0,7.990364204248077,57.318067,7.84075
2025-02-03 08:51:04,2025-02-03 08:51:04,Class A,314839000_2,57.316667,7.835817,Under way using engine,0.0,10.8,242.0,242.0,9387255,8PXO5,MAIN,Tanker,No additional information,42.0,246.0,GLONASS,14.5,SUEZ,15/02/2025 14:30:00,AIS,POINT (7.835817 57.316667),314839000_2,0 days 00:01:00,1.9308189705942938e-06,242.27676395280227,0.0,0,7.994931756543393,57.316667,7.835817
2025-02-03 08:52:04,2025-02-03 08:52:04,Class A,314839000_2,57.315233,7.83085,Under way using engine,0.0,10.8,242.0,242.0,9387255,8PXO5,MAIN,Tanker,No additional information,42.0,246.0,GLONASS,14.5,SUEZ,15/02/2025 14:30:00,AIS,POINT (7.83085 57.315233),314839000_2,0 days 00:01:00,9.97694708083557e-07,241.87162625032852,0.0,0,7.999526761286882,57.315233,7.83085
2025-02-03 08:57:04,2025-02-03 08:57:04,Class A,314839000_2,57.308283,7.806167,Under way using engine,0.0,10.8,242.0,242.0,9387255,8PXO5,MAIN,Tanker,No additional information,42.0,246.0,GLONASS,14.5,SUEZ,15/02/2025 14:30:00,AIS,POINT (7.806167 57.308283),314839000_2,0 days 00:05:00,-2.1528028617920648e-07,242.47459806577015,0.0,0,8.022405395191768,57.308283,7.806167
2025-02-03 08:58:03,2025-02-03 08:58:03,Class A,314839000_2,57.306917,7.801267,Under way using engine,0.0,10.8,243.0,242.0,9387255,8PXO5,MAIN,Tanker,No additional information,42.0,246.0,GLONASS,14.5,SUEZ,15/02/2025 14:30:00,AIS,POINT (7.801267 57.306917),314839000_2,0 days 00:00:59,6.984580028817041e-07,242.70253907364372,0.0,0,8.026951813508413,57.306917,7.801267
2025-02-03 08:59:03,2025-02-03 08:59:03,Class A,314839000_2,57.305467,7.79625,Under way using engine,0.0,10.9,242.0,242.0,9387255,8PXO5,MAIN,Tanker,No additional information,42.0,246.0,GLONASS,14.5,SUEZ,15/02/2025 14:30:00,AIS,POINT (7.79625 57.305467),314839000_2,0 days 00:01:00,1.3805473283739292e-06,241.85224350466632,0.0,0,8.031597613957574,57.305467,7.79625
2025-02-03 09:00:03,2025-02-03 09:00:03,Class A,314839000_2,57.304083,7.791367,Under way using engine,0.0,10.9,242.0,242.0,9387255,8PXO5,MAIN,Tanker,No additional information,42.0,246.0,GLONASS,14.5,SUEZ,15/02/2025 14:30:00,AIS,POINT (7.791367 57.304083),314839000_2,0 days 00:01:00,-2.9349439215372967e-06,242.31564086257345,0.0,0,8.036125227122957,57.304083,7.791367
2025-02-03 09:01:03,2025-02-03 09:01:03,Class A,314839000_2,57.3027,7.7864,Under way using engine,0.0,10.9,242.0,242.0,9387255,8PXO5,MAIN,Tanker,No additional information,42.0,246.0,GLONASS,14.5,SUEZ,15/02/2025 14:30:00,AIS,POINT (7.7864 57.3027),314839000_2,0 days 00:01:00,1.2367970792271186e-06,242.73354204962084,0.0,0,8.040736137932148,57.3027,7.7864
2025-02-03 09:02:03,2025-02-03 09:02:03,Class A,314839000_2,57.3013,7.78145,Under way using engine,0.0,10.9,242.0,242.0,9387255,8PXO5,MAIN,Tanker,No additional information,42.0,246.0,GLONASS,14.5,SUEZ,15/02/2025 14:30:00,AIS,POINT (7.78145 57.3013),314839000_2,0 days 00:01:00,-7.862265028564172e-09,242.36770673401298,0.0,0,8.045327779285813,57.3013,7.78145
2025-02-03 09:03:03,2025-02-03 09:03:03,Class A,314839000_2,57.299883,7.7765,Under way using engine,0.0,10.9,242.0,242.0,9387255,8PXO5,MAIN,Tanker,No additional information,42.0,246.0,GLONASS,14.5,SUEZ,15/02/2025 14:30:00,AIS,POINT (7.7765 57.299883),314839000_2,0 days 00:01:00,2.4750118571244145e-07,242.08347277735257,0.0,0,8.049916850343548,57.299883,7.7765
2025-02-03 09:04:03,2025-02-03 09:04:03,Class A,314839000_2,57.298467,7.771483,Under way using engine,0.0,10.9,242.0,242.0,9387255,8PXO5,MAIN,Tanker,No additional information,42.0,246.0,GLONASS,14.5,SUEZ,15/02/2025 14:30:00,AIS,POINT (7.771483 57.298467),314839000_2,0 days 00:01:00,9.817589483749068e-07,242.41850202591743,0.0,0,8.054572565086865,57.298467,7.771483
2025-02-03 09:29:04,2025-02-03 09:29:04,Class A,314839000_2,57.26265,7.647367,Under way using engine,0.0,11.0,241.0,242.0,9387255,8PXO5,MAIN,Tanker,No additional information,42.0,246.0,GLONASS,14.5,SUEZ,15/02/2025 14:30:00,AIS,POINT (7.647367 57.26265),314839000_2,0 days 00:25:01,-2.2415831005604198e-08,241.95528095685762,0.0,0,8.169820946575575,57.26265,7.647367
2025-02-03 09:30:04,2025-02-03 09:30:04,Class A,314839000_2,57.261217,7.642433,Under way using engine,0.0,11.0,241.0,242.0,9387255,8PXO5,MAIN,Tanker,No additional information,42.0,246.0,GLONASS,14.5,SUEZ,15/02/2025 14:30:00,AIS,POINT (7.642433 57.261217),314839000_2,0 days 00:01:00,-3.48519942027613e-07,241.7642614221598,0.0,0,8.174409365223276,57.261217,7.642433
2025-02-03 09:36:04,2025-02-03 09:36:04,Class A,314839000_2,57.252483,7.612767,Under way using engine,0.0,10.9,241.0,242.0,9387255,8PXO5,MAIN,Tanker,No additional information,42.0,246.0,GLONASS,14.5,SUEZ,15/02/2025 14:30:00,AIS,POINT (7.612767 57.252483),314839000_2,0 days 00:06:00,8.257434169844307e-08,241.45192592462132,0.0,0,8.201989890996087,57.252483,7.612767
2025-02-03 09:37:04,2025-02-03 09:37:04,Class A,314839000_2,57.251,7.60775,Under way using engine,0.0,10.9,240.0,242.0,9387255,8PXO5,MAIN,Tanker,No additional information,42.0,246.0,GLONASS,14.5,SUEZ,15/02/2025 14:30:00,AIS,POINT (7.60775 57.251),314839000_2,0 days 00:01:00,1.4844383714031003e-06,241.34824588533775,0.0,0,8.206655486161704,57.251,7.60775
2025-02-03 09:38:04,2025-02-03 09:38:04,Class A,314839000_2,57.24955,7.602833,Under way using engine,0.0,11.0,241.0,242.0,9387255,8PXO5,MAIN,Tanker,No additional information,42.0,246.0,GLONASS,14.5,SUEZ,15/02/2025 14:30:00,AIS,POINT (7.602833 57.24955),314839000_2,0 days 00:01:00,-1.957875737520536e-06,241.40626390527314,0.0,0,8.211229369014665,57.24955,7.602833
2025-02-03 09:39:04,2025-02-03 09:39:04,Class A,314839000_2,57.248117,7.597967,Under way using engine,0.0,10.9,241.0,242.0,9387255,8PXO5,MAIN,Tanker,No additional information,42.0,246.0,GLONASS,14.5,SUEZ,15/02/2025 14:30:00,AIS,POINT (7.597967 57.248117),314839000_2,0 days 00:01:00,-9.996897850061478e-07,241.44008770801634,0.0,0,8.21575680646561,57.248117,7.597967
2025-02-03 09:40:04,2025-02-03 09:40:04,Class A,314839000_2,57.246633,7.59295,Under way using engine,0.0,11.0,241.0,242.0,9387255,8PXO5,MAIN,Tanker,No additional information,42.0,246.0,GLONASS,14.5,SUEZ,15/02/2025 14:30:00,AIS,POINT (7.59295 57.246633),314839000_2,0 days 00:01:00,2.981097075328264e-06,241.3348484282239,0.0,0,8.220424228210184,57.246633,7.59295
2025-02-03 09:41:04,2025-02-03 09:41:04,Class A,314839000_2,57.245183,7.588067,Under way using engine,0.0,10.9,241.0,242.0,9387255,8PXO5,MAIN,Tanker,No additional information,42.0,246.0,GLONASS,14.5,SUEZ,15/02/2025 14:30:00,AIS,POINT (7.588067 57.245183),314839000_2,0 days 00:01:00,-2.473317462873337e-06,241.24172573743238,0.0,0,8.2249666258777,57.245183,7.588067
2025-02-03 09:42:04,2025-02-03 09:42:04,Class A,314839000_2,57.2437,7.583,Under way using engine,0.0,11.0,241.0,242.0,9387255,8PXO5,MAIN,Tanker,No additional information,42.0,246.0,GLONASS,14.5,SUEZ,15/02/2025 14:30:00,AIS,POINT (7.583 57.2437),314839000_2,0 days 00:01:00,3.2013867765375477e-06,241.59146371480242,0.0,0,8.229684755945879,57.2437,7.583
2025-02-03 09:43:04,2025-02-03 09:43:04,Class A,314839000_2,57.24225,7.578117,Under way using engine,0.0,10.9,241.0,242.0,9387255,8PXO5,MAIN,Tanker,No additional information,42.0,246.0,GLONASS,14.5,SUEZ,15/02/2025 14:30:00,AIS,POINT (7.578117 57.24225),314839000_2,0 days 00:01:00,-3.195693533609931e-06,241.24364853324158,0.0,0,8.23422846201786,57.24225,7.578117
2025-02-03 09:44:04,2025-02-03 09:44:04,Class A,314839000_2,57.2408,7.573167,Under way using engine,0.0,10.9,241.0,242.0,9387255,8PXO5,MAIN,Tanker,No additional information,42.0,246.0,GLONASS,14.5,SUEZ,15/02/2025 14:30:00,AIS,POINT (7.573167 57.2408),314839000_2,0 days 00:01:00,9.899155195255798e-07,241.5727386288204,0.0,0,8.23883872984567,57.2408,7.573167
2025-02-03 09:45:04,2025-02-03 09:45:04,Class A,314839000_2,57.23935,7.56825,Under way using engine,0.0,10.9,241.0,242.0,9387255,8PXO5,MAIN,Tanker,No additional information,42.0,246.0,GLONASS,14.5,SUEZ,15/02/2025 14:30:00,AIS,POINT (7.56825 57.23935),314839000_2,0 days 00:01:00,-4.837291736707865e-07,241.41292602279225,0.0,0,8.243417177824256,57.23935,7.56825
2025-02-03 09:46:04,2025-02-03 09:46:04,Class A,314839000_2,57.237867,7.563283,Under way using engine,0.0,10.9,241.0,242.0,9387255,8PXO5,MAIN,Tanker,No additional information,42.0,246.0,GLONASS,14.5,SUEZ,15/02/2025 14:30:00,AIS,POINT (7.563283 57.237867),314839000_2,0 days 00:01:00,1.2286386211321702e-06,241.11472410618717,0.0,0,8.248039580788273,57.237867,7.563283
2025-02-03 09:47:04,2025-02-03 09:47:04,Class A,314839000_2,57.236383,7.55835,Under way using engine,0.0,10.9,240.0,242.0,9387255,8PXO5,MAIN,Tanker,No additional information,42.0,246.0,GLONASS,14.5,SUEZ,15/02/2025 14:30:00,AIS,POINT (7.55835 57.236383),314839000_2,0 days 00:01:00,-4.812470391129999e-07,240.93252289836184,0.0,0,8.2526290162799,57.236383,7.55835
2025-02-03 09:48:04,2025-02-03 09:48:04,Class A,314839000_2,57.2349,7.553383,Under way using engine,0.0,11.0,241.0,242.0,9387255,8PXO5,MAIN,Tanker,No additional information,42.0,246.0,GLONASS,14.5,SUEZ,15/02/2025 14:30:00,AIS,POINT (7.553383 57.2349),314839000_2,0 days 00:01:00,4.870976313775041e-07,241.1166741144703,0.0,0,8.257252750501769,57.2349,7.553383
2025-02-03 09:49:04,2025-02-03 09:49:04,Class A,314839000_2,57.23345,7.548467,Under way using engine,0.0,11.0,241.0,242.0,9387255,8PXO5,MAIN,Tanker,No additional information,42.0,246.0,GLONASS,14.5,SUEZ,15/02/2025 14:30:00,AIS,POINT (7.548467 57.23345),314839000_2,0 days 00:01:00,-1.2376752723433926e-06,241.41188099953297,0.0,0,8.261832819762514,57.23345,7.548467
2025-02-03 09:50:04,2025-02-03 09:50:04,Class A,314839000_2,57.231967,7.54355,Under way using engine,0.0,11.0,241.0,242.0,9387255,8PXO5,MAIN,Tanker,No additional information,42.0,246.0,GLONASS,14.5,SUEZ,15/02/2025 14:30:00,AIS,POINT (7.54355 57.231967),314839000_2,0 days 00:01:00,5.095468623346969e-07,240.87274621817016,0.0,0,8.266408662577057,57.231967,7.54355
2025-02-03 09:51:04,2025-02-03 09:51:04,Class A,314839000_2,57.230483,7.5386,Under way using engine,0.0,11.0,241.0,242.0,9387255,8PXO5,MAIN,Tanker,No additional information,42.0,246.0,GLONASS,14.5,SUEZ,15/02/2025 14:30:00,AIS,POINT (7.5386 57.230483),314839000_2,0 days 00:01:00,5.020619720396494e-07,241.02004630542277,0.0,0,8.271017464680208,57.230483,7.5386
2025-02-03 09:57:04,2025-02-03 09:57:04,Class A,314839000_2,57.22165,7.508817,Under way using engine,0.0,11.0,241.0,242.0,9387255,8PXO5,MAIN,Tanker,No additional information,42.0,246.0,GLONASS,14.5,SUEZ,15/02/2025 14:30:00,AIS,POINT (7.508817 57.22165),314839000_2,0 days 00:06:00,6.19501768805205e-09,241.29530926737468,0.0,0,8.298778267655125,57.22165,7.508817
2025-02-03 09:58:04,2025-02-03 09:58:04,Class A,314839000_2,57.220167,7.503967,Under way using engine,0.0,11.0,241.0,242.0,9387255,8PXO5,MAIN,Tanker,No additional information,42.0,246.0,GLONASS,14.5,SUEZ,15/02/2025 14:30:00,AIS,POINT (7.503967 57.220167),314839000_2,0 days 00:01:00,-1.4973164710095835e-06,240.54510671239956,0.0,0,8.303293372450838,57.220167,7.503967
2025-02-03 09:59:04,2025-02-03 09:59:04,Class A,314839000_2,57.218683,7.499,Under way using engine,0.0,11.0,240.0,242.0,9387255,8PXO5,MAIN,Tanker,No additional information,42.0,246.0,GLONASS,14.5,SUEZ,15/02/2025 14:30:00,AIS,POINT (7.499 57.218683),314839000_2,0 days 00:01:00,1.733107747903829e-06,241.11099201136858,0.0,0,8.307924143072384,57.218683,7.499
2025-02-03 10:00:04,2025-02-03 10:00:04,Class A,314839000_2,57.217217,7.494067,Under way using engine,0.0,11.0,240.0,242.0,9387255,8PXO5,MAIN,Tanker,No additional information,42.0,246.0,GLONASS,14.5,SUEZ,15/02/2025 14:30:00,AIS,POINT (7.494067 57.217217),314839000_2,0 days 00:01:00,-7.652803312032842e-07,241.2410593311677,0.0,0,8.312525230384926,57.217217,7.494067
2025-02-03 10:01:04,2025-02-03 10:01:04,Class A,314839000_2,57.215717,7.489083,Under way using engine,0.0,11.0,241.0,242.0,9387255,8PXO5,MAIN,Tanker,No additional information,42.0,246.0,GLONASS,14.5,SUEZ,15/02/2025 14:30:00,AIS,POINT (7.489083 57.215717),314839000_2,0 days 00:01:00,1.2602473746037203e-06,240.93550090351607,0.0,0,8.317171251287903,57.215717,7.489083
2025-02-03 10:02:04,2025-02-03 10:02:04,Class A,314839000_2,57.21425,7.484083,Under way using engine,0.0,11.0,241.0,242.0,9387255,8PXO5,MAIN,Tanker,No additional information,42.0,246.0,GLONASS,14.5,SUEZ,15/02/2025 14:30:00,AIS,POINT (7.484083 57.21425),314839000_2,0 days 00:01:00,-2.519410955633111e-07,241.55150027050814,0.0,0,8.321839431145555,57.21425,7.484083
2025-02-03 10:03:04,2025-02-03 10:03:04,Class A,314839000_2,57.21275,7.4792,Under way using engine,0.0,11.0,241.0,242.0,9387255,8PXO5,MAIN,Tanker,No additional information,42.0,246.0,GLONASS,14.5,SUEZ,15/02/2025 14:30:00,AIS,POINT (7.4792 57.21275),314839000_2,0 days 00:01:00,-1.2210460872285126e-06,240.4366509257191,0.0,0,8.326387301065692,57.21275,7.4792
2025-02-03 10:06:03,2025-02-03 10:06:03,Class A,314839000_2,57.208183,7.464333,Under way using engine,0.0,11.1,240.0,242.0,9387255,8PXO5,MAIN,Tanker,No additional information,42.0,246.0,GLONASS,14.5,SUEZ,15/02/2025 14:30:00,AIS,POINT (7.464333 57.208183),314839000_2,0 days 00:02:59,6.508450303765492e-07,240.44269108933906,0.0,0,8.340237937748897,57.208183,7.464333
2025-02-03 10:07:03,2025-02-03 10:07:03,Class A,314839000_2,57.2067,7.459433,Under way using engine,0.0,11.1,240.0,242.0,9387255,8PXO5,MAIN,Tanker,No additional information,42.0,246.0,GLONASS,14.5,SUEZ,15/02/2025 14:30:00,AIS,POINT (7.459433 57.2067),314839000_2,0 days 00:01:00,-1.9388334090171574e-06,240.80499454481588,0.0,0,8.344808107048896,57.2067,7.459433
2025-02-03 10:08:03,2025-02-03 10:08:03,Class A,314839000_2,57.20515,7.454417,Under way using engine,0.0,11.1,240.0,242.0,9387255,8PXO5,MAIN,Tanker,No additional information,42.0,246.0,GLONASS,14.5,SUEZ,15/02/2025 14:30:00,AIS,POINT (7.454417 57.20515),314839000_2,0 days 00:01:00,2.717042566657372e-06,240.296055438248,0.0,0,8.349481632682656,57.20515,7.454417
2025-02-03 10:09:03,2025-02-03 10:09:03,Class A,314839000_2,57.203617,7.449467,Under way using engine,0.0,11.1,240.0,242.0,9387255,8PXO5,MAIN,Tanker,No additional information,42.0,246.0,GLONASS,14.5,SUEZ,15/02/2025 14:30:00,AIS,POINT (7.449467 57.203617),314839000_2,0 days 00:01:00,-1.220016136772153e-06,240.24235572310317,0.0,0,8.354093751867165,57.203617,7.449467
2025-02-03 10:10:03,2025-02-03 10:10:03,Class A,314839000_2,57.202083,7.4445,Under way using engine,0.0,11.1,240.0,242.0,9387255,8PXO5,MAIN,Tanker,No additional information,42.0,246.0,GLONASS,14.5,SUEZ,15/02/2025 14:30:00,AIS,POINT (7.4445 57.202083),314839000_2,0 days 00:01:00,2.6628337810637865e-07,240.31188343535297,0.0,0,8.358723114318657,57.202083,7.4445
2025-02-03 10:17:04,2025-02-03 10:17:04,Class A,314839000_2,57.191483,7.409717,Under way using engine,0.0,11.1,240.0,242.0,9387255,8PXO5,MAIN,Tanker,No additional information,42.0,246.0,GLONASS,14.5,SUEZ,15/02/2025 14:30:00,AIS,POINT (7.409717 57.191483),314839000_2,0 days 00:07:01,-6.9299566004299e-08,240.656129819065,0.0,0,8.391184548179238,57.191483,7.409717
2025-02-03 10:18:04,2025-02-03 10:18:04,Class A,314839000_2,57.18995,7.404783,Under way using engine,0.0,11.1,240.0,242.0,9387255,8PXO5,MAIN,Tanker,No additional information,42.0,246.0,GLONASS,14.5,SUEZ,15/02/2025 14:30:00,AIS,POINT (7.404783 57.18995),314839000_2,0 days 00:01:00,1.3265816995074175e-08,240.17150310270807,0.0,0,8.395786839836337,57.18995,7.404783
2025-02-03 10:19:04,2025-02-03 10:19:04,Class A,314839000_2,57.1884,7.399817,Under way using engine,0.0,11.1,240.0,242.0,9387255,8PXO5,MAIN,Tanker,No additional information,42.0,246.0,GLONASS,14.5,SUEZ,15/02/2025 14:30:00,AIS,POINT (7.399817 57.1884),314839000_2,0 days 00:01:00,7.308454640991083e-07,240.05958584887108,0.0,0,8.40041844816108,57.1884,7.399817
2025-02-03 10:21:04,2025-02-03 10:21:04,Class A,314839000_2,57.1853,7.389933,Under way using engine,0.0,11.1,239.0,242.0,9387255,8PXO5,MAIN,Tanker,No additional information,42.0,246.0,GLONASS,14.5,SUEZ,15/02/2025 14:30:00,AIS,POINT (7.389933 57.1853),314839000_2,0 days 00:02:00,-1.723719099845413e-07,239.943016692162,0.0,0,8.40963635492457,57.1853,7.389933
2025-02-03 10:29:04,2025-02-03 10:29:04,Class A,314839000_2,57.17325,7.3504,Under way using engine,0.0,11.1,240.0,242.0,9387255,8PXO5,MAIN,Tanker,No additional information,42.0,246.0,GLONASS,14.5,SUEZ,15/02/2025 14:30:00,AIS,POINT (7.3504 57.17325),314839000_2,0 days 00:08:00,-8.255372584090912e-08,240.6647398952037,0.0,0,8.446589755051916,57.17325,7.3504
2025-02-03 10:30:04,2025-02-03 10:30:04,Class A,314839000_2,57.171733,7.345367,Under way using engine,0.0,11.1,240.0,243.0,9387255,8PXO5,MAIN,Tanker,No additional information,42.0,246.0,GLONASS,14.5,SUEZ,15/02/2025 14:30:00,AIS,POINT (7.345367 57.171733),314839000_2,0 days 00:01:00,1.5160404186414691e-06,240.92833173686424,0.0,0,8.451300094766605,57.171733,7.345367
2025-02-03 10:31:04,2025-02-03 10:31:04,Class A,314839000_2,57.170217,7.340417,Under way using engine,0.0,11.1,240.0,242.0,9387255,8PXO5,MAIN,Tanker,No additional information,42.0,246.0,GLONASS,14.5,SUEZ,15/02/2025 14:30:00,AIS,POINT (7.340417 57.170217),314839000_2,0 days 00:01:00,-1.2293217076254566e-06,240.53908113366214,0.0,0,8.455929396263075,57.170217,7.340417
2025-02-03 10:32:04,2025-02-03 10:32:04,Class A,314839000_2,57.168733,7.335583,Under way using engine,0.0,11.1,240.0,242.0,9387255,8PXO5,MAIN,Tanker,No additional information,42.0,246.0,GLONASS,14.5,SUEZ,15/02/2025 14:30:00,AIS,POINT (7.335583 57.168733),314839000_2,0 days 00:01:00,-2.1812037850182295e-06,240.4816162456945,0.0,0,8.460450241202652,57.168733,7.335583
2025-02-03 10:33:04,2025-02-03 10:33:04,Class A,314839000_2,57.167183,7.33055,Under way using engine,0.0,11.1,240.0,242.0,9387255,8PXO5,MAIN,Tanker,No additional information,42.0,246.0,GLONASS,14.5,SUEZ,15/02/2025 14:30:00,AIS,POINT (7.33055 57.167183),314839000_2,0 days 00:01:00,3.918917870381298e-06,240.40472485763507,0.0,0,8.465157026467082,57.167183,7.33055
2025-02-03 10:34:04,2025-02-03 10:34:04,Class A,314839000_2,57.165683,7.3257,Under way using engine,0.0,11.1,240.0,242.0,9387255,8PXO5,MAIN,Tanker,No additional information,42.0,246.0,GLONASS,14.5,SUEZ,15/02/2025 14:30:00,AIS,POINT (7.3257 57.165683),314839000_2,0 days 00:01:00,-3.4350484559161147e-06,240.30103243415937,0.0,0,8.469692245757514,57.165683,7.3257
2025-02-03 10:35:04,2025-02-03 10:35:04,Class A,314839000_2,57.164117,7.320683,Under way using engine,0.0,11.1,239.0,242.0,9387255,8PXO5,MAIN,Tanker,No additional information,42.0,246.0,GLONASS,14.5,SUEZ,15/02/2025 14:30:00,AIS,POINT (7.320683 57.164117),314839000_2,0 days 00:01:00,3.452882470515511e-06,240.07458787128587,0.0,0,8.474381905440067,57.164117,7.320683
2025-02-03 10:36:05,2025-02-03 10:36:05,Class A,314839000_2,57.1626,7.315717,Under way using engine,0.0,11.1,240.0,242.0,9387255,8PXO5,MAIN,Tanker,No additional information,42.0,246.0,GLONASS,14.5,SUEZ,15/02/2025 14:30:00,AIS,POINT (7.315717 57.1626),314839000_2,0 days 00:01:01,-3.0106937603569923e-06,240.60709731250898,0.0,0,8.479029993908796,57.1626,7.315717
2025-02-03 10:44:05,2025-02-03 10:44:05,Class A,314839000_2,57.150417,7.276333,Under way using engine,0.0,11.1,240.0,242.0,9387255,8PXO5,MAIN,Tanker,No additional information,42.0,246.0,GLONASS,14.5,SUEZ,15/02/2025 14:30:00,AIS,POINT (7.276333 57.150417),314839000_2,0 days 00:08:00,1.3043173434117886e-07,240.31733750339384,0.0,0,8.515890284946723,57.150417,7.276333
2025-02-03 10:54:04,2025-02-03 10:54:04,Class A,314839000_2,57.135283,7.2271,Under way using engine,0.0,11.1,240.0,242.0,9387255,8PXO5,MAIN,Tanker,No additional information,42.0,246.0,GLONASS,14.5,SUEZ,15/02/2025 14:30:00,AIS,POINT (7.2271 57.135283),314839000_2,0 days 00:09:59,4.50880130810047e-09,240.48569464337461,0.0,0,8.562039739842662,57.135283,7.2271
2025-02-03 11:01:04,2025-02-03 11:01:04,Class A,314839000_2,57.123767,7.193617,Under way using engine,0.0,11.0,236.0,238.0,9387255,8PXO5,MAIN,Tanker,No additional information,42.0,246.0,GLONASS,14.5,SUEZ,15/02/2025 14:30:00,AIS,POINT (7.193617 57.123767),314839000_2,0 days 00:07:00,-8.801281808965959e-09,237.6516039106882,0.0,0,8.593267076565583,57.123767,7.193617
2025-02-03 11:02:04,2025-02-03 11:02:04,Class A,314839000_2,57.1221,7.189017,Under way using engine,0.0,11.0,236.0,238.0,9387255,8PXO5,MAIN,Tanker,No additional information,42.0,246.0,GLONASS,14.5,SUEZ,15/02/2025 14:30:00,AIS,POINT (7.189017 57.1221),314839000_2,0 days 00:01:00,-2.206586744794876e-06,236.27541076187788,0.0,0,8.597546330494824,57.1221,7.189017
2025-02-03 11:03:04,2025-02-03 11:03:04,Class A,314839000_2,57.120333,7.184217,Under way using engine,0.0,11.0,236.0,238.0,9387255,8PXO5,MAIN,Tanker,No additional information,42.0,246.0,GLONASS,14.5,SUEZ,15/02/2025 14:30:00,AIS,POINT (7.184217 57.120333),314839000_2,0 days 00:01:00,4.521292589009296e-06,235.86015050265235,0.0,0,8.602008004344219,57.120333,7.184217
2025-02-03 11:04:04,2025-02-03 11:04:04,Class A,314839000_2,57.118633,7.1796,Under way using engine,0.0,11.0,236.0,238.0,9387255,8PXO5,MAIN,Tanker,No additional information,42.0,246.0,GLONASS,14.5,SUEZ,15/02/2025 14:30:00,AIS,POINT (7.1796 57.118633),314839000_2,0 days 00:01:00,-3.7087335717517473e-06,235.85557485001814,0.0,0,8.606300205073316,57.118633,7.1796
2025-02-03 11:05:04,2025-02-03 11:05:04,Class A,314839000_2,57.116917,7.174883,Under way using engine,0.0,11.1,236.0,238.0,9387255,8PXO5,MAIN,Tanker,No additional information,42.0,246.0,GLONASS,14.5,SUEZ,15/02/2025 14:30:00,AIS,POINT (7.174883 57.116917),314839000_2,0 days 00:01:00,1.6754410023581973e-06,236.17711310574373,0.0,0,8.610689330201733,57.116917,7.174883
2025-02-03 11:06:04,2025-02-03 11:06:04,Class A,314839000_2,57.115217,7.170183,Under way using engine,0.0,11.1,236.0,238.0,9387255,8PXO5,MAIN,Tanker,No additional information,42.0,246.0,GLONASS,14.5,SUEZ,15/02/2025 14:30:00,AIS,POINT (7.170183 57.115217),314839000_2,0 days 00:01:00,-5.095758280379125e-07,236.33070018275012,0.0,0,8.615064858447091,57.115217,7.170183
2025-02-03 11:07:04,2025-02-03 11:07:04,Class A,314839000_2,57.113467,7.165467,Under way using engine,0.0,11.1,235.0,238.0,9387255,8PXO5,MAIN,Tanker,No additional information,42.0,246.0,GLONASS,14.5,SUEZ,15/02/2025 14:30:00,AIS,POINT (7.165467 57.113467),314839000_2,0 days 00:01:00,1.0903614119427371e-06,235.65217080737585,0.0,0,8.619449052519888,57.113467,7.165467
2025-02-03 11:08:04,2025-02-03 11:08:04,Class A,314839000_2,57.111717,7.160717,Under way using engine,0.0,11.1,236.0,238.0,9387255,8PXO5,MAIN,Tanker,No additional information,42.0,246.0,GLONASS,14.5,SUEZ,15/02/2025 14:30:00,AIS,POINT (7.160717 57.111717),314839000_2,0 days 00:01:00,4.7635999401024475e-07,235.8449289634511,0.0,0,8.623867535565815,57.111717,7.160717
2025-02-03 11:11:04,2025-02-03 11:11:04,Class A,314839000_2,57.106533,7.146633,Under way using engine,0.0,11.1,235.0,238.0,9387255,8PXO5,MAIN,Tanker,No additional information,42.0,246.0,GLONASS,14.5,SUEZ,15/02/2025 14:30:00,AIS,POINT (7.146633 57.106533),314839000_2,0 days 00:03:00,-3.8219513442693383e-07,235.87618673044582,0.0,0,8.63697347468811,57.106533,7.146633
2025-02-03 11:12:04,2025-02-03 11:12:04,Class A,314839000_2,57.104783,7.14195,Under way using engine,0.0,11.1,235.0,238.0,9387255,8PXO5,MAIN,Tanker,No additional information,42.0,246.0,GLONASS,14.5,SUEZ,15/02/2025 14:30:00,AIS,POINT (7.14195 57.104783),314839000_2,0 days 00:01:00,2.2708613459699172e-07,235.47076502348966,0.0,0,8.641328562642725,57.104783,7.14195
2025-02-03 11:13:04,2025-02-03 11:13:04,Class A,314839000_2,57.10305,7.13725,Under way using engine,0.0,11.1,235.0,238.0,9387255,8PXO5,MAIN,Tanker,No additional information,42.0,246.0,GLONASS,14.5,SUEZ,15/02/2025 14:30:00,AIS,POINT (7.13725 57.10305),314839000_2,0 days 00:01:00,-5.68755218099265e-08,235.8293011449752,0.0,0,8.64570377151843,57.10305,7.13725
2025-02-03 11:15:04,2025-02-03 11:15:04,Class A,314839000_2,57.09955,7.12785,Under way using engine,0.0,11.1,235.0,238.0,9387255,8PXO5,MAIN,Tanker,No additional information,42.0,246.0,GLONASS,14.5,SUEZ,15/02/2025 14:30:00,AIS,POINT (7.12785 57.09955),314839000_2,0 days 00:02:00,1.502765162260461e-07,235.57277786105766,0.0,0,8.654451014434597,57.09955,7.12785
2025-02-03 11:16:04,2025-02-03 11:16:04,Class A,314839000_2,57.0978,7.123167,Under way using engine,0.0,11.1,235.0,238.0,9387255,8PXO5,MAIN,Tanker,No additional information,42.0,246.0,GLONASS,14.5,SUEZ,15/02/2025 14:30:00,AIS,POINT (7.123167 57.0978),314839000_2,0 days 00:01:00,-2.3149131373567492e-07,235.47580578863523,0.0,0,8.658808881619054,57.0978,7.123167
2025-02-03 11:24:04,2025-02-03 11:24:04,Class A,314839000_2,57.083967,7.085717,Under way using engine,0.0,11.1,235.0,238.0,9387255,8PXO5,MAIN,Tanker,No additional information,42.0,246.0,GLONASS,14.5,SUEZ,15/02/2025 14:30:00,AIS,POINT (7.085717 57.083967),314839000_2,0 days 00:08:00,-4.68444035237214e-08,235.80556992051964,0.0,0,8.693708143306056,57.083967,7.085717
2025-02-03 11:26:04,2025-02-03 11:26:04,Class A,314839000_2,57.0805,7.076267,Under way using engine,0.0,11.1,236.0,238.0,9387255,8PXO5,MAIN,Tanker,No additional information,42.0,246.0,GLONASS,14.5,SUEZ,15/02/2025 14:30:00,AIS,POINT (7.076267 57.0805),314839000_2,0 days 00:02:00,3.507214969011664e-07,235.9802829438849,0.0,0,8.702524883124724,57.0805,7.076267
2025-02-03 11:38:03,2025-02-03 11:38:03,Class A,314839000_2,57.059883,7.019933,Under way using engine,0.0,11.0,236.0,238.0,9387255,8PXO5,MAIN,Tanker,No additional information,42.0,246.0,GLONASS,14.5,SUEZ,15/02/2025 14:30:00,AIS,POINT (7.019933 57.059883),314839000_2,0 days 00:11:59,-4.495639931211879e-08,236.073836015971,0.0,0,8.755147243288716,57.059883,7.019933
2025-02-03 11:41:04,2025-02-03 11:41:04,Class A,314839000_2,57.054733,7.005717,Under way using engine,0.0,11.0,236.0,238.0,9387255,8PXO5,MAIN,Tanker,No additional information,42.0,246.0,GLONASS,14.5,SUEZ,15/02/2025 14:30:00,AIS,POINT (7.005717 57.054733),314839000_2,0 days 00:03:01,-1.4964649420484532e-08,236.3352617555923,0.0,0,8.768449300680365,57.054733,7.005717
2025-02-03 11:42:04,2025-02-03 11:42:04,Class A,314839000_2,57.05305,7.0011,Under way using engine,0.0,11.0,236.0,238.0,9387255,8PXO5,MAIN,Tanker,No additional information,42.0,246.0,GLONASS,14.5,SUEZ,15/02/2025 14:30:00,AIS,POINT (7.0011 57.05305),314839000_2,0 days 00:01:00,-1.7481053243026054e-06,236.16945930377221,0.0,0,8.772769215461443,57.05305,7.0011
2025-02-03 11:43:04,2025-02-03 11:43:04,Class A,314839000_2,57.051333,6.9964,Under way using engine,0.0,11.0,237.0,239.0,9387255,8PXO5,MAIN,Tanker,No additional information,42.0,246.0,GLONASS,14.5,SUEZ,15/02/2025 14:30:00,AIS,POINT (6.9964 57.051333),314839000_2,0 days 00:01:00,1.7507315984254181e-06,236.11282971715195,0.0,0,8.777166883479257,57.051333,6.9964
2025-02-03 11:44:04,2025-02-03 11:44:04,Class A,314839000_2,57.0496,6.991583,Under way using engine,0.0,11.0,237.0,238.0,9387255,8PXO5,MAIN,Tanker,No additional information,42.0,246.0,GLONASS,14.5,SUEZ,15/02/2025 14:30:00,AIS,POINT (6.991583 57.0496),314839000_2,0 days 00:01:00,1.9194313316091976e-06,236.5190293675913,0.0,0,8.781678606443588,57.0496,6.991583
2025-02-03 11:50:03,2025-02-03 11:50:03,Class A,314839000_2,57.040183,6.96235,Under way using engine,0.0,11.1,240.0,243.0,9387255,8PXO5,MAIN,Tanker,No additional information,42.0,246.0,GLONASS,14.5,SUEZ,15/02/2025 14:30:00,AIS,POINT (6.96235 57.040183),314839000_2,0 days 00:05:59,-2.701470839399583e-07,239.37903234634655,0.0,0,8.809232219435755,57.040183,6.96235
2025-02-03 12:08:04,2025-02-03 12:08:04,Class A,314839000_2,57.013017,6.872417,Under way using engine,0.0,11.2,241.0,243.0,9387255,8PXO5,MAIN,Tanker,No additional information,42.0,246.0,GLONASS,14.5,SUEZ,15/02/2025 14:30:00,AIS,POINT (6.872417 57.013017),314839000_2,0 days 00:18:01,3.169518732135227e-08,241.00658631802042,0.0,0,8.89438123753339,57.013017,6.872417
2025-02-03 12:22:04,2025-02-03 12:22:04,Class A,314839000_2,56.991633,6.8018,Under way using engine,0.0,11.3,241.0,243.0,9387255,8PXO5,MAIN,Tanker,No additional information,42.0,246.0,GLONASS,14.5,SUEZ,15/02/2025 14:30:00,AIS,POINT (6.8018 56.991633),314839000_2,0 days 00:14:00,7.969547397746706e-08,240.9542532804317,0.0,0,8.961357785215643,56.991633,6.8018
2025-02-03 12:25:04,2025-02-03 12:25:04,Class A,314839000_2,56.987033,6.78675,Under way using engine,0.0,11.3,240.0,243.0,9387255,8PXO5,MAIN,Tanker,No additional information,42.0,246.0,GLONASS,14.5,SUEZ,15/02/2025 14:30:00,AIS,POINT (6.78675 56.987033),314839000_2,0 days 00:03:00,-9.646580225865057e-08,240.71246513662112,0.0,0,8.975639931712111,56.987033,6.78675
2025-02-03 12:27:04,2025-02-03 12:27:04,Class A,314839000_2,56.983933,6.776583,Under way using engine,0.0,11.3,240.0,243.0,9387255,8PXO5,MAIN,Tanker,No additional information,42.0,246.0,GLONASS,14.5,SUEZ,15/02/2025 14:30:00,AIS,POINT (6.776583 56.983933),314839000_2,0 days 00:02:00,6.22173059373284e-07,240.77215518195135,0.0,0,8.9852919803569,56.983933,6.776583
2025-02-03 12:29:04,2025-02-03 12:29:04,Class A,314839000_2,56.98085,6.76645,Under way using engine,0.0,11.4,241.0,243.0,9387255,8PXO5,MAIN,Tanker,No additional information,42.0,246.0,GLONASS,14.5,SUEZ,15/02/2025 14:30:00,AIS,POINT (6.76645 56.98085),314839000_2,0 days 00:02:00,-1.8631664089558663e-07,240.82661354171182,0.0,0,8.994914838643444,56.98085,6.76645
2025-02-03 12:30:04,2025-02-03 12:30:04,Class A,314839000_2,56.979317,6.761367,Under way using engine,0.0,11.4,240.0,243.0,9387255,8PXO5,MAIN,Tanker,No additional information,42.0,246.0,GLONASS,14.5,SUEZ,15/02/2025 14:30:00,AIS,POINT (6.761367 56.979317),314839000_2,0 days 00:01:00,1.2075791033879594e-07,241.03965563526796,0.0,0,8.999744578830335,56.979317,6.761367
2025-02-03 12:32:04,2025-02-03 12:32:04,Class A,314839000_2,56.976267,6.7512,Under way using engine,0.0,11.4,241.0,243.0,9387255,8PXO5,MAIN,Tanker,No additional information,42.0,246.0,GLONASS,14.5,SUEZ,15/02/2025 14:30:00,AIS,POINT (6.7512 56.976267),314839000_2,0 days 00:02:00,-5.369722661715629e-08,241.17249163139493,0.0,0,9.00940881733252,56.976267,6.7512
2025-02-03 12:33:04,2025-02-03 12:33:04,Class A,314839000_2,56.97475,6.746233,Under way using engine,0.0,11.4,240.0,243.0,9387255,8PXO5,MAIN,Tanker,No additional information,42.0,246.0,GLONASS,14.5,SUEZ,15/02/2025 14:30:00,AIS,POINT (6.746233 56.97475),314839000_2,0 days 00:01:00,-1.8365997771519997e-06,240.73587953074733,0.0,0,9.01412736230019,56.97475,6.746233
2025-02-03 12:44:04,2025-02-03 12:44:04,Class A,314839000_2,56.957667,6.690233,Under way using engine,0.0,11.5,241.0,243.0,9387255,8PXO5,MAIN,Tanker,No additional information,42.0,246.0,GLONASS,14.5,SUEZ,15/02/2025 14:30:00,AIS,POINT (6.690233 56.957667),314839000_2,0 days 00:11:00,2.1718743475891e-07,240.79235327064947,0.0,0,9.067364767574425,56.957667,6.690233
2025-02-03 12:45:04,2025-02-03 12:45:04,Class A,314839000_2,56.956083,6.685117,Under way using engine,0.0,11.5,241.0,243.0,9387255,8PXO5,MAIN,Tanker,No additional information,42.0,246.0,GLONASS,14.5,SUEZ,15/02/2025 14:30:00,AIS,POINT (6.685117 56.956083),314839000_2,0 days 00:01:00,8.584700870617901e-07,240.41323984274095,0.0,0,9.07222858508327,56.956083,6.685117
2025-02-03 12:46:04,2025-02-03 12:46:04,Class A,314839000_2,56.95455,6.680117,Under way using engine,0.0,11.5,241.0,243.0,9387255,8PXO5,MAIN,Tanker,No additional information,42.0,246.0,GLONASS,14.5,SUEZ,15/02/2025 14:30:00,AIS,POINT (6.680117 56.95455),314839000_2,0 days 00:01:00,-2.4795173009433366e-06,240.65450169220662,0.0,0,9.076984630123873,56.95455,6.680117
2025-02-03 12:48:03,2025-02-03 12:48:03,Class A,314839000_2,56.951417,6.6699,Under way using engine,0.0,11.5,240.0,243.0,9387255,8PXO5,MAIN,Tanker,No additional information,42.0,246.0,GLONASS,14.5,SUEZ,15/02/2025 14:30:00,AIS,POINT (6.6699 56.951417),314839000_2,0 days 00:01:59,1.48390073075545e-06,240.6545651517667,0.0,0,9.08670469018494,56.951417,6.6699
2025-02-03 12:49:03,2025-02-03 12:49:03,Class A,314839000_2,56.9498,6.664733,Under way using engine,0.0,11.5,240.0,243.0,9387255,8PXO5,MAIN,Tanker,No additional information,42.0,246.0,GLONASS,14.5,SUEZ,15/02/2025 14:30:00,AIS,POINT (6.664733 56.9498),314839000_2,0 days 00:01:00,8.033763545204232e-07,240.15346398406126,0.0,0,9.091616962348832,56.9498,6.664733
2025-02-03 12:50:03,2025-02-03 12:50:03,Class A,314839000_2,56.948217,6.659717,Under way using engine,0.0,11.5,240.0,243.0,9387255,8PXO5,MAIN,Tanker,No additional information,42.0,246.0,GLONASS,14.5,SUEZ,15/02/2025 14:30:00,AIS,POINT (6.659717 56.948217),314839000_2,0 days 00:01:00,-2.733811039340566e-06,239.9460488742457,0.0,0,9.09638450143715,56.948217,6.659717
2025-02-03 12:55:04,2025-02-03 12:55:04,Class A,314839000_2,56.940333,6.634117,Under way using engine,0.0,11.5,240.0,243.0,9387255,8PXO5,MAIN,Tanker,No additional information,42.0,246.0,GLONASS,14.5,SUEZ,15/02/2025 14:30:00,AIS,POINT (6.634117 56.940333),314839000_2,0 days 00:05:01,2.2155060674754564e-07,240.5612445301234,0.0,0,9.120749980840502,56.940333,6.634117
2025-02-03 12:57:04,2025-02-03 12:57:04,Class A,314839000_2,56.93715,6.623883,Under way using engine,0.0,11.5,240.0,243.0,9387255,8PXO5,MAIN,Tanker,No additional information,42.0,246.0,GLONASS,14.5,SUEZ,15/02/2025 14:30:00,AIS,POINT (6.623883 56.93715),314839000_2,0 days 00:02:00,2.6056557256428354e-07,240.31584493166912,0.0,0,9.130490249935598,56.93715,6.623883
2025-02-03 12:58:04,2025-02-03 12:58:04,Class A,314839000_2,56.935567,6.618767,Under way using engine,0.0,11.5,240.0,243.0,9387255,8PXO5,MAIN,Tanker,No additional information,42.0,246.0,GLONASS,14.5,SUEZ,15/02/2025 14:30:00,AIS,POINT (6.618767 56.935567),314839000_2,0 days 00:01:00,-1.3968955691873927e-07,240.44230446295984,0.0,0,9.135361301305275,56.935567,6.618767
2025-02-03 13:22:04,2025-02-03 13:22:04,Class A,314839000_2,56.897133,6.495683,Under way using engine,0.0,11.7,239.0,243.0,9387255,8PXO5,MAIN,Tanker,No additional information,42.0,246.0,GLONASS,14.5,SUEZ,15/02/2025 14:30:00,AIS,POINT (6.495683 56.897133),314839000_2,0 days 00:24:00,2.1064526038948115e-08,240.28006262372304,0.0,0,9.25267082758627,56.897133,6.495683
2025-02-03 13:34:03,2025-02-03 13:34:03,Class A,314839000_2,56.87885,6.432683,Under way using engine,0.0,11.7,242.0,245.0,9387255,8PXO5,MAIN,Tanker,No additional information,42.0,246.0,GLONASS,14.5,SUEZ,15/02/2025 14:30:00,AIS,POINT (6.432683 56.87885),314839000_2,0 days 00:11:59,7.001315469367142e-08,242.04720595100116,0.0,0,9.313000087478201,56.87885,6.432683
2025-02-03 13:50:04,2025-02-03 13:50:04,Class A,314839000_2,56.849867,6.3562,Under way using engine,0.0,11.5,216.0,221.0,9387255,8PXO5,MAIN,Tanker,No additional information,42.0,246.0,GLONASS,14.5,SUEZ,15/02/2025 14:30:00,AIS,POINT (6.3562 56.849867),314839000_2,0 days 00:16:01,-1.481464939935489e-07,235.30035077020605,0.0,0,9.385549831194172,56.849867,6.3562
2025-02-03 13:51:04,2025-02-03 13:51:04,Class A,314839000_2,56.847317,6.352633,Under way using engine,0.0,11.5,217.0,220.0,9387255,8PXO5,MAIN,Tanker,No additional information,42.0,246.0,GLONASS,14.5,SUEZ,15/02/2025 14:30:00,AIS,POINT (6.352633 56.847317),314839000_2,0 days 00:01:00,1.003623769683214e-06,217.41572404587112,0.0,0,9.388799061927461,56.847317,6.352633
2025-02-03 13:52:04,2025-02-03 13:52:04,Class A,314839000_2,56.844717,6.349067,Under way using engine,0.0,11.6,217.0,220.0,9387255,8PXO5,MAIN,Tanker,No additional information,42.0,246.0,GLONASS,14.5,SUEZ,15/02/2025 14:30:00,AIS,POINT (6.349067 56.844717),314839000_2,0 days 00:01:00,1.2241981984477025e-06,216.87439871304161,0.0,0,9.39204248131289,56.844717,6.349067
2025-02-03 13:54:04,2025-02-03 13:54:04,Class A,314839000_2,56.839517,6.341933,Under way using engine,0.0,11.7,217.0,220.0,9387255,8PXO5,MAIN,Tanker,No additional information,42.0,246.0,GLONASS,14.5,SUEZ,15/02/2025 14:30:00,AIS,POINT (6.341933 56.839517),314839000_2,0 days 00:02:00,6.9615868644749026e-09,216.8864697963128,0.0,0,9.398534165935132,56.839517,6.341933
2025-02-03 14:07:04,2025-02-03 14:07:04,Class A,314839000_2,56.8048,6.29495,Under way using engine,0.0,12.0,217.0,220.0,9387255,8PXO5,MAIN,Tanker,No additional information,42.0,246.0,GLONASS,14.5,SUEZ,15/02/2025 14:30:00,AIS,POINT (6.29495 56.8048),314839000_2,0 days 00:13:00,1.72691482462598e-07,216.54282877863375,0.0,0,9.441329903469532,56.8048,6.29495
2025-02-03 14:20:04,2025-02-03 14:20:04,Class A,314839000_2,56.769933,6.2465,Under way using engine,0.0,12.1,218.0,221.0,9387255,8PXO5,MAIN,Tanker,No additional information,42.0,246.0,GLONASS,14.5,SUEZ,15/02/2025 14:30:00,AIS,POINT (6.2465 56.769933),314839000_2,0 days 00:13:00,1.1313800197141162e-07,217.29618042667505,0.0,0,9.48573525205321,56.769933,6.2465
2025-02-03 14:27:04,2025-02-03 14:27:04,Class A,314839000_2,56.75135,6.219933,Under way using engine,0.0,12.1,218.0,221.0,9387255,8PXO5,MAIN,Tanker,No additional information,42.0,246.0,GLONASS,14.5,SUEZ,15/02/2025 14:30:00,AIS,POINT (6.219933 56.75135),314839000_2,0 days 00:07:00,9.81757551141086e-09,218.09477512024873,0.0,0,9.510210935324672,56.75135,6.219933
2025-02-03 14:28:03,2025-02-03 14:28:03,Class A,314839000_2,56.748683,6.216133,Under way using engine,0.0,12.2,218.0,221.0,9387255,8PXO5,MAIN,Tanker,No additional information,42.0,246.0,GLONASS,14.5,SUEZ,15/02/2025 14:30:00,AIS,POINT (6.216133 56.748683),314839000_2,0 days 00:00:59,2.1715030626353867e-06,217.9992488840427,0.0,0,9.513714761083916,56.748683,6.216133
2025-02-03 14:34:04,2025-02-03 14:34:04,Class A,314839000_2,56.73275,6.1932,Under way using engine,0.0,12.1,218.0,221.0,9387255,8PXO5,MAIN,Tanker,No additional information,42.0,246.0,GLONASS,14.5,SUEZ,15/02/2025 14:30:00,AIS,POINT (6.1932 56.73275),314839000_2,0 days 00:06:01,-3.49458134675003e-07,218.2962774995309,0.0,0,9.534897454264938,56.73275,6.1932
2025-02-03 15:18:04,2025-02-03 15:18:04,Class A,314839000_2,56.615933,6.0226,Under way using engine,0.0,12.2,218.0,221.0,9387255,8PXO5,MAIN,Tanker,No additional information,42.0,246.0,GLONASS,14.5,SUEZ,15/02/2025 14:30:00,AIS,POINT (6.0226 56.615933),314839000_2,0 days 00:44:00,2.118288950669185e-08,218.8128208573557,0.0,0,9.693698634599953,56.615933,6.0226
2025-02-03 15:42:04,2025-02-03 15:42:04,Class A,314839000_2,56.54975,5.9365,Under way using engine,0.0,12.2,214.0,216.0,9387255,8PXO5,MAIN,Tanker,No additional information,42.0,246.0,GLONASS,14.5,SUEZ,15/02/2025 14:30:00,AIS,POINT (5.9365 56.54975),314839000_2,0 days 00:24:00,-1.5352985125212613e-08,215.65627692238078,0.0,0,9.773943116191543,56.54975,5.9365
2025-02-03 16:15:04,2025-02-03 16:15:04,Class A,314839000_2,56.44525,5.888933,Under way using engine,0.0,12.1,185.0,187.0,9387255,8PXO5,MAIN,Tanker,No additional information,42.0,246.0,GLONASS,14.2,SUEZ,15/02/2025 14:30:00,AIS,POINT (5.888933 56.44525),314839000_2,0 days 00:33:00,-1.211626338483671e-07,194.12351282541306,0.0,0,9.813575373979099,56.44525,5.888933
2025-02-03 16:23:04,2025-02-03 16:23:04,Class A,314839000_2,56.418467,5.883733,Under way using engine,0.0,12.1,186.0,187.0,9387255,8PXO5,MAIN,Tanker,No additional information,42.0,246.0,GLONASS,14.2,SUEZ,15/02/2025 14:30:00,AIS,POINT (5.883733 56.418467),314839000_2,0 days 00:08:00,3.930837491379548e-07,186.12955630815378,0.0,0,9.816947455866819,56.418467,5.883733
2025-02-03 16:38:03,2025-02-03 16:38:03,Class A,314839000_2,56.368133,5.874917,Under way using engine,0.0,12.0,182.0,183.0,9387255,8PXO5,MAIN,Tanker,No additional information,42.0,246.0,GLONASS,14.2,SUEZ,15/02/2025 14:30:00,AIS,POINT (5.874917 56.368133),314839000_2,0 days 00:14:59,1.63799484166229e-08,185.54082692691097,0.0,0,9.822531882921124,56.368133,5.874917
2025-02-03 16:46:05,2025-02-03 16:46:05,Class A,314839000_2,56.341117,5.872717,Under way using engine,0.0,12.1,183.0,184.0,9387255,8PXO5,MAIN,Tanker,No additional information,42.0,246.0,GLONASS,14.2,SUEZ,15/02/2025 14:30:00,AIS,POINT (5.872717 56.341117),314839000_2,0 days 00:08:02,-3.366824990876667e-08,182.58424392377827,0.0,0,9.823110014704406,56.341117,5.872717
2025-02-03 16:53:04,2025-02-03 16:53:04,Class A,314839000_2,56.3177,5.870867,Under way using engine,0.0,12.1,182.0,183.0,9387255,8PXO5,MAIN,Tanker,No additional information,42.0,246.0,GLONASS,14.2,SUEZ,15/02/2025 14:30:00,AIS,POINT (5.870867 56.3177),314839000_2,0 days 00:06:59,-4.4019360436697465e-08,182.50874024827442,0.0,0,9.823614777840435,56.3177,5.870867
2025-02-03 16:55:04,2025-02-03 16:55:04,Class A,314839000_2,56.311,5.870367,Under way using engine,0.0,12.1,182.0,183.0,9387255,8PXO5,MAIN,Tanker,No additional information,42.0,246.0,GLONASS,14.2,SUEZ,15/02/2025 14:30:00,AIS,POINT (5.870367 56.311),314839000_2,0 days 00:02:00,-5.607564473085816e-08,182.3703703830948,0.0,0,9.823740257417487,56.311,5.870367
2025-02-03 16:56:04,2025-02-03 16:56:04,Class A,314839000_2,56.3076,5.870117,Under way using engine,0.0,12.0,182.0,183.0,9387255,8PXO5,MAIN,Tanker,No additional information,42.0,246.0,GLONASS,14.2,SUEZ,15/02/2025 14:30:00,AIS,POINT (5.870117 56.3076),314839000_2,0 days 00:01:00,1.5451213911144388e-06,182.33575836801302,0.0,0,9.823801964860905,56.3076,5.870117
2025-02-03 16:58:04,2025-02-03 16:58:04,Class A,314839000_2,56.3009,5.869633,Under way using engine,0.0,12.1,181.0,183.0,9387255,8PXO5,MAIN,Tanker,No additional information,42.0,246.0,GLONASS,14.2,SUEZ,15/02/2025 14:30:00,AIS,POINT (5.869633 56.3009),314839000_2,0 days 00:02:00,-7.754276744910705e-07,182.29520699769077,0.0,0,9.823918392203234,56.3009,5.869633
2025-02-03 16:59:04,2025-02-03 16:59:04,Class A,314839000_2,56.297483,5.8694,Under way using engine,0.0,12.1,182.0,183.0,9387255,8PXO5,MAIN,Tanker,No additional information,42.0,246.0,GLONASS,14.2,SUEZ,15/02/2025 14:30:00,AIS,POINT (5.8694 56.297483),314839000_2,0 days 00:01:00,2.064619336852536e-06,182.16683738574173,0.0,0,9.823965718499073,56.297483,5.8694
2025-02-03 17:01:04,2025-02-03 17:01:04,Class A,314839000_2,56.290817,5.869,Under way using engine,0.0,12.1,182.0,183.0,9387255,8PXO5,MAIN,Tanker,No additional information,42.0,246.0,GLONASS,14.2,SUEZ,15/02/2025 14:30:00,AIS,POINT (5.869 56.290817),314839000_2,0 days 00:02:00,-1.3083712852827798e-06,181.90735910612997,0.0,0,9.824007013791725,56.290817,5.869
2025-02-03 17:07:04,2025-02-03 17:07:04,Class A,314839000_2,56.270583,5.867367,Under way using engine,0.0,12.1,183.0,184.0,9387255,8PXO5,MAIN,Tanker,No additional information,42.0,246.0,GLONASS,14.2,SUEZ,15/02/2025 14:30:00,AIS,POINT (5.867367 56.270583),314839000_2,0 days 00:06:00,2.1067169348988004e-07,182.5659147363964,0.0,0,9.824578448819166,56.270583,5.867367
2025-02-03 17:08:04,2025-02-03 17:08:04,Class A,314839000_2,56.267267,5.867033,Under way using engine,0.0,12.1,182.0,183.0,9387255,8PXO5,MAIN,Tanker,No additional information,42.0,246.0,GLONASS,14.2,SUEZ,15/02/2025 14:30:00,AIS,POINT (5.867033 56.267267),314839000_2,0 days 00:01:00,-1.686666382124154e-06,183.20143998290092,0.0,0,9.824742387475103,56.267267,5.867033
2025-02-03 17:09:04,2025-02-03 17:09:04,Class A,314839000_2,56.263867,5.86675,Under way using engine,0.0,12.1,182.0,183.0,9387255,8PXO5,MAIN,Tanker,No additional information,42.0,246.0,GLONASS,14.2,SUEZ,15/02/2025 14:30:00,AIS,POINT (5.86675 56.263867),314839000_2,0 days 00:01:00,2.5498209081692018e-06,182.6466880328899,0.0,0,9.824852265481095,56.263867,5.86675
2025-02-03 17:14:04,2025-02-03 17:14:04,Class A,314839000_2,56.247117,5.86645,Under way using engine,0.0,12.0,179.0,180.0,9387255,8PXO5,MAIN,Tanker,No additional information,42.0,246.0,GLONASS,14.2,SUEZ,15/02/2025 14:30:00,AIS,POINT (5.86645 56.247117),314839000_2,0 days 00:05:00,-3.3085124255010045e-07,180.57014645453157,0.0,0,9.824317972374926,56.247117,5.86645
2025-02-03 17:15:04,2025-02-03 17:15:04,Class A,314839000_2,56.243783,5.866483,Under way using engine,0.0,12.0,179.0,180.0,9387255,8PXO5,MAIN,Tanker,No additional information,42.0,246.0,GLONASS,14.2,SUEZ,15/02/2025 14:30:00,AIS,POINT (5.866483 56.243783),314839000_2,0 days 00:01:00,-4.986249341227434e-07,179.6848799149509,0.0,0,9.824122425767404,56.243783,5.866483
2025-02-03 17:16:03,2025-02-03 17:16:03,Class A,314839000_2,56.240483,5.86655,Under way using engine,0.0,12.0,179.0,179.0,9387255,8PXO5,MAIN,Tanker,No additional information,42.0,246.0,GLONASS,14.2,SUEZ,15/02/2025 14:30:00,AIS,POINT (5.86655 56.240483),314839000_2,0 days 00:00:59,6.949462687044167e-07,179.35358417254815,0.0,0,9.823895687320025,56.240483,5.86655
2025-02-03 17:17:03,2025-02-03 17:17:03,Class A,314839000_2,56.237133,5.866717,Under way using engine,0.0,12.0,178.0,180.0,9387255,8PXO5,MAIN,Tanker,No additional information,42.0,246.0,GLONASS,14.2,SUEZ,15/02/2025 14:30:00,AIS,POINT (5.866717 56.237133),314839000_2,0 days 00:01:00,-1.5024992073613708e-07,178.41303214593597,0.0,0,9.823567771303967,56.237133,5.866717
2025-02-03 17:18:03,2025-02-03 17:18:03,Class A,314839000_2,56.233767,5.8668,Under way using engine,0.0,12.0,179.0,180.0,9387255,8PXO5,MAIN,Tanker,No additional information,42.0,246.0,GLONASS,14.2,SUEZ,15/02/2025 14:30:00,AIS,POINT (5.8668 56.233767),314839000_2,0 days 00:01:00,4.647124453143666e-07,179.2147960278611,0.0,0,9.823324133165363,56.233767,5.8668
2025-02-03 17:19:03,2025-02-03 17:19:03,Class A,314839000_2,56.230483,5.866883,Under way using engine,0.0,12.0,179.0,181.0,9387255,8PXO5,MAIN,Tanker,No additional information,42.0,246.0,GLONASS,14.2,SUEZ,15/02/2025 14:30:00,AIS,POINT (5.866883 56.230483),314839000_2,0 days 00:01:00,-2.5360248473060728e-06,179.19512340184724,0.0,0,9.823085517079956,56.230483,5.866883
2025-02-03 17:20:03,2025-02-03 17:20:03,Class A,314839000_2,56.227117,5.866867,Under way using engine,0.0,12.0,180.0,181.0,9387255,8PXO5,MAIN,Tanker,No additional information,42.0,246.0,GLONASS,14.2,SUEZ,15/02/2025 14:30:00,AIS,POINT (5.866867 56.227117),314839000_2,0 days 00:01:00,2.5264601561186818e-06,180.15140002115305,0.0,0,9.822943038172726,56.227117,5.866867
2025-02-03 17:21:03,2025-02-03 17:21:03,Class A,314839000_2,56.223767,5.86685,Under way using engine,0.0,12.0,179.0,180.0,9387255,8PXO5,MAIN,Tanker,No additional information,42.0,246.0,GLONASS,14.2,SUEZ,15/02/2025 14:30:00,AIS,POINT (5.86685 56.223767),314839000_2,0 days 00:01:00,-4.948785575385692e-07,180.16164489935943,0.0,0,9.822803454611572,56.223767,5.86685
2025-02-03 17:22:03,2025-02-03 17:22:03,Class A,314839000_2,56.220417,5.866883,Under way using engine,0.0,12.0,179.0,180.0,9387255,8PXO5,MAIN,Tanker,No additional information,42.0,246.0,GLONASS,14.2,SUEZ,15/02/2025 14:30:00,AIS,POINT (5.866883 56.220417),314839000_2,0 days 00:01:00,1.0898947535708387e-09,179.68619360019773,0.0,0,9.822615065055231,56.220417,5.866883
2025-02-03 17:23:03,2025-02-03 17:23:03,Class A,314839000_2,56.217083,5.86695,Under way using engine,0.0,12.0,178.0,179.0,9387255,8PXO5,MAIN,Tanker,No additional information,42.0,246.0,GLONASS,14.2,SUEZ,15/02/2025 14:30:00,AIS,POINT (5.86695 56.217083),314839000_2,0 days 00:01:00,-4.900229103664093e-07,179.35978489506897,0.0,0,9.822394584526984,56.217083,5.86695
2025-02-03 17:24:03,2025-02-03 17:24:03,Class A,314839000_2,56.213683,5.867083,Under way using engine,0.0,12.0,178.0,180.0,9387255,8PXO5,MAIN,Tanker,No additional information,42.0,246.0,GLONASS,14.2,SUEZ,15/02/2025 14:30:00,AIS,POINT (5.867083 56.213683),314839000_2,0 days 00:01:00,2.0597975109803037e-06,178.75382927225405,0.0,0,9.82210629367581,56.213683,5.867083
2025-02-03 17:25:03,2025-02-03 17:25:03,Class A,314839000_2,56.210383,5.867167,Under way using engine,0.0,12.0,179.0,181.0,9387255,8PXO5,MAIN,Tanker,No additional information,42.0,246.0,GLONASS,14.2,SUEZ,15/02/2025 14:30:00,AIS,POINT (5.867167 56.210383),314839000_2,0 days 00:01:00,-3.107703777902356e-06,179.1889511286272,0.0,0,9.82187264328967,56.210383,5.867167
2025-02-03 17:26:03,2025-02-03 17:26:03,Class A,314839000_2,56.207033,5.867183,Under way using engine,0.0,12.0,179.0,181.0,9387255,8PXO5,MAIN,Tanker,No additional information,42.0,246.0,GLONASS,14.2,SUEZ,15/02/2025 14:30:00,AIS,POINT (5.867183 56.207033),314839000_2,0 days 00:01:00,1.5365101439428295e-06,179.8477971513156,0.0,0,9.821705784865783,56.207033,5.867183
2025-02-03 17:27:03,2025-02-03 17:27:03,Class A,314839000_2,56.203717,5.867167,Under way using engine,0.0,12.0,180.0,180.0,9387255,8PXO5,MAIN,Tanker,No additional information,42.0,246.0,GLONASS,14.2,SUEZ,15/02/2025 14:30:00,AIS,POINT (5.867167 56.203717),314839000_2,0 days 00:01:00,-1.0516493023383892e-06,180.15377672181302,0.0,0,9.821573548499547,56.203717,5.867167
2025-02-03 17:28:03,2025-02-03 17:28:03,Class A,314839000_2,56.200367,5.8672,Under way using engine,0.0,12.0,179.0,180.0,9387255,8PXO5,MAIN,Tanker,No additional information,42.0,246.0,GLONASS,14.2,SUEZ,15/02/2025 14:30:00,AIS,POINT (5.8672 56.200367),314839000_2,0 days 00:01:00,1.0527318473186528e-06,179.68602945955524,0.0,0,9.821391975317399,56.200367,5.8672
2025-02-03 17:30:03,2025-02-03 17:30:03,Class A,314839000_2,56.19365,5.867317,Under way using engine,0.0,12.0,179.0,180.0,9387255,8PXO5,MAIN,Tanker,No additional information,42.0,246.0,GLONASS,14.2,SUEZ,15/02/2025 14:30:00,AIS,POINT (5.867317 56.19365),314839000_2,0 days 00:02:00,1.3307477032194868e-07,179.44473911433818,0.0,0,9.820980555968177,56.19365,5.867317
2025-02-03 17:31:04,2025-02-03 17:31:04,Class A,314839000_2,56.190333,5.867367,Under way using engine,0.0,12.0,179.0,180.0,9387255,8PXO5,MAIN,Tanker,No additional information,42.0,246.0,GLONASS,14.2,SUEZ,15/02/2025 14:30:00,AIS,POINT (5.867367 56.190333),314839000_2,0 days 00:01:01,-2.9181874778646797e-06,179.5194350903853,0.0,0,9.82078684673494,56.190333,5.867367
2025-02-03 17:32:04,2025-02-03 17:32:04,Class A,314839000_2,56.186917,5.867483,Under way using engine,0.0,12.0,178.0,180.0,9387255,8PXO5,MAIN,Tanker,No additional information,42.0,246.0,GLONASS,14.2,SUEZ,15/02/2025 14:30:00,AIS,POINT (5.867483 56.186917),314839000_2,0 days 00:01:00,4.759155569450434e-06,178.91740799750153,0.0,0,9.820524074775745,56.186917,5.867483
2025-02-03 17:33:04,2025-02-03 17:33:04,Class A,314839000_2,56.183633,5.867633,Under way using engine,0.0,12.0,178.0,179.0,9387255,8PXO5,MAIN,Tanker,No additional information,42.0,246.0,GLONASS,14.2,SUEZ,15/02/2025 14:30:00,AIS,POINT (5.867633 56.183633),314839000_2,0 days 00:01:00,-4.068708500801326e-06,178.54384322797046,0.0,0,9.820234124025049,56.183633,5.867633
2025-02-03 17:38:04,2025-02-03 17:38:04,Class A,314839000_2,56.166933,5.867983,Under way using engine,0.0,11.9,178.0,180.0,9387255,8PXO5,MAIN,Tanker,No additional information,42.0,246.0,GLONASS,14.2,SUEZ,15/02/2025 14:30:00,AIS,POINT (5.867983 56.166933),314839000_2,0 days 00:05:00,3.411962741647467e-07,179.33144933635072,0.0,0,9.8191889917786,56.166933,5.867983
2025-02-03 17:40:04,2025-02-03 17:40:04,Class A,314839000_2,56.1603,5.8679,Under way using engine,0.0,11.9,180.0,182.0,9387255,8PXO5,MAIN,Tanker,No additional information,42.0,246.0,GLONASS,14.2,SUEZ,15/02/2025 14:30:00,AIS,POINT (5.8679 56.1603),314839000_2,0 days 00:02:00,-3.657946293516718e-07,180.3992441043774,0.0,0,9.819003570294086,56.1603,5.8679
2025-02-03 17:44:04,2025-02-03 17:44:04,Class A,314839000_2,56.147,5.867633,Under way using engine,0.0,11.9,180.0,181.0,9387255,8PXO5,MAIN,Tanker,No additional information,42.0,246.0,GLONASS,14.2,SUEZ,15/02/2025 14:30:00,AIS,POINT (5.867633 56.147),314839000_2,0 days 00:04:00,6.66713366004945e-08,180.6407215055337,0.0,0,9.818745767676695,56.147,5.867633
2025-02-03 17:46:04,2025-02-03 17:46:04,Class A,314839000_2,56.14035,5.867767,Under way using engine,0.0,11.9,177.0,178.0,9387255,8PXO5,MAIN,Tanker,No additional information,42.0,246.0,GLONASS,14.2,SUEZ,15/02/2025 14:30:00,AIS,POINT (5.867767 56.14035),314839000_2,0 days 00:02:00,-5.764411892695415e-11,179.35676773630485,0.0,0,9.818356316589096,56.14035,5.867767
2025-02-03 17:49:04,2025-02-03 17:49:04,Class A,314839000_2,56.1304,5.868733,Under way using engine,0.0,11.9,177.0,178.0,9387255,8PXO5,MAIN,Tanker,No additional information,42.0,246.0,GLONASS,14.2,SUEZ,15/02/2025 14:30:00,AIS,POINT (5.868733 56.1304),314839000_2,0 days 00:03:00,-3.791871252080318e-08,176.90296405229878,0.0,0,9.81701701310887,56.1304,5.868733
2025-02-03 17:50:04,2025-02-03 17:50:04,Class A,314839000_2,56.1271,5.869033,Under way using engine,0.0,11.9,177.0,179.0,9387255,8PXO5,MAIN,Tanker,No additional information,42.0,246.0,GLONASS,14.2,SUEZ,15/02/2025 14:30:00,AIS,POINT (5.869033 56.1271),314839000_2,0 days 00:01:00,-5.34755458576058e-07,177.0993944040389,0.0,0,9.816595397889687,56.1271,5.869033
2025-02-03 17:51:04,2025-02-03 17:51:04,Class A,314839000_2,56.123767,5.869183,Under way using engine,0.0,11.9,178.0,179.0,9387255,8PXO5,MAIN,Tanker,No additional information,42.0,246.0,GLONASS,14.2,SUEZ,15/02/2025 14:30:00,AIS,POINT (5.869183 56.123767),314839000_2,0 days 00:01:00,9.216935193131093e-07,178.56300560476063,0.0,0,9.816323582087644,56.123767,5.869183
2025-02-03 17:52:04,2025-02-03 17:52:04,Class A,314839000_2,56.120467,5.8694,Under way using engine,0.0,11.9,178.0,179.0,9387255,8PXO5,MAIN,Tanker,No additional information,42.0,246.0,GLONASS,14.2,SUEZ,15/02/2025 14:30:00,AIS,POINT (5.8694 56.120467),314839000_2,0 days 00:01:00,-9.84441876370415e-07,177.90067896327037,0.0,0,9.815987126755466,56.120467,5.8694
2025-02-03 17:54:04,2025-02-03 17:54:04,Class A,314839000_2,56.113817,5.869517,Under way using engine,0.0,11.9,181.0,184.0,9387255,8PXO5,MAIN,Tanker,No additional information,42.0,246.0,GLONASS,14.2,SUEZ,15/02/2025 14:30:00,AIS,POINT (5.869517 56.113817),314839000_2,0 days 00:02:00,3.5463796186747076e-07,179.43797867084697,0.0,0,9.815632555591412,56.113817,5.869517
2025-02-03 17:55:05,2025-02-03 17:55:05,Class A,314839000_2,56.110467,5.869117,Under way using engine,0.0,11.8,183.0,184.0,9387255,8PXO5,MAIN,Tanker,No additional information,42.0,246.0,GLONASS,14.2,SUEZ,15/02/2025 14:30:00,AIS,POINT (5.869117 56.110467),314839000_2,0 days 00:01:01,-6.922938742463427e-07,183.80903631886275,0.0,0,9.815914296956041,56.110467,5.869117
2025-02-03 17:57:05,2025-02-03 17:57:05,Class A,314839000_2,56.103867,5.8685,Under way using engine,0.0,11.8,182.0,183.0,9387255,8PXO5,MAIN,Tanker,No additional information,42.0,246.0,GLONASS,14.2,SUEZ,15/02/2025 14:30:00,AIS,POINT (5.8685 56.103867),314839000_2,0 days 00:02:00,3.232596779499953e-08,182.9844416107987,0.0,0,9.816301779847082,56.103867,5.8685
2025-02-03 18:02:04,2025-02-03 18:02:04,Class A,314839000_2,56.087317,5.867217,Under way using engine,0.0,11.9,183.0,184.0,9387255,8PXO5,MAIN,Tanker,No additional information,42.0,246.0,GLONASS,14.2,SUEZ,15/02/2025 14:30:00,AIS,POINT (5.867217 56.087317),314839000_2,0 days 00:04:59,1.2214787309031256e-07,182.47662169527229,0.0,0,9.817029005966418,56.087317,5.867217
2025-02-03 18:03:04,2025-02-03 18:03:04,Class A,314839000_2,56.084083,5.866833,Under way using engine,0.0,11.8,183.0,184.0,9387255,8PXO5,MAIN,Tanker,No additional information,42.0,246.0,GLONASS,14.2,SUEZ,15/02/2025 14:30:00,AIS,POINT (5.866833 56.084083),314839000_2,0 days 00:01:00,-2.5693447174951827e-06,183.79048642405712,0.0,0,9.817307605502947,56.084083,5.866833
2025-02-03 18:04:04,2025-02-03 18:04:04,Class A,314839000_2,56.08075,5.86645,Under way using engine,0.0,11.9,183.0,184.0,9387255,8PXO5,MAIN,Tanker,No additional information,42.0,246.0,GLONASS,14.2,SUEZ,15/02/2025 14:30:00,AIS,POINT (5.86645 56.08075),314839000_2,0 days 00:01:00,3.0542874512913772e-06,183.66897553194897,0.0,0,9.817583107203523,56.08075,5.86645
2025-02-03 18:06:04,2025-02-03 18:06:04,Class A,314839000_2,56.074133,5.865783,Under way using engine,0.0,11.9,183.0,184.0,9387255,8PXO5,MAIN,Tanker,No additional information,42.0,246.0,GLONASS,14.2,SUEZ,15/02/2025 14:30:00,AIS,POINT (5.865783 56.074133),314839000_2,0 days 00:02:00,-4.039808068463296e-07,183.2200105515077,0.0,0,9.818040111176263,56.074133,5.865783
2025-02-03 18:07:04,2025-02-03 18:07:04,Class A,314839000_2,56.0708,5.86545,Under way using engine,0.0,11.9,183.0,184.0,9387255,8PXO5,MAIN,Tanker,No additional information,42.0,246.0,GLONASS,14.2,SUEZ,15/02/2025 14:30:00,AIS,POINT (5.86545 56.0708),314839000_2,0 days 00:01:00,7.560353113348373e-07,183.19188309863344,0.0,0,9.81826903502588,56.0708,5.86545
2025-02-03 18:08:04,2025-02-03 18:08:04,Class A,314839000_2,56.067533,5.865067,Under way using engine,0.0,11.9,183.0,184.0,9387255,8PXO5,MAIN,Tanker,No additional information,42.0,246.0,GLONASS,14.2,SUEZ,15/02/2025 14:30:00,AIS,POINT (5.865067 56.067533),314839000_2,0 days 00:01:00,-1.9851515831181284e-06,183.74416785559447,0.0,0,9.818551096979737,56.067533,5.865067
2025-02-03 18:09:04,2025-02-03 18:09:04,Class A,314839000_2,56.0642,5.864617,Under way using engine,0.0,11.8,184.0,184.0,9387255,8PXO5,MAIN,Tanker,No additional information,42.0,246.0,GLONASS,14.2,SUEZ,15/02/2025 14:30:00,AIS,POINT (5.864617 56.0642),314839000_2,0 days 00:01:00,2.117819868546452e-06,184.31041271792742,0.0,0,9.818899219739707,56.0642,5.864617
2025-02-03 18:10:04,2025-02-03 18:10:04,Class A,314839000_2,56.060917,5.8642,Under way using engine,0.0,11.8,183.0,183.0,9387255,8PXO5,MAIN,Tanker,No additional information,42.0,246.0,GLONASS,14.2,SUEZ,15/02/2025 14:30:00,AIS,POINT (5.8642 56.060917),314839000_2,0 days 00:01:00,-1.5840434763257119e-06,184.05637183187457,0.0,0,9.819216996727844,56.060917,5.8642
2025-02-03 18:11:04,2025-02-03 18:11:04,Class A,314839000_2,56.05765,5.863933,Under way using engine,0.0,11.9,182.0,183.0,9387255,8PXO5,MAIN,Tanker,No additional information,42.0,246.0,GLONASS,14.2,SUEZ,15/02/2025 14:30:00,AIS,POINT (5.863933 56.05765),314839000_2,0 days 00:01:00,-6.453785083998405e-07,182.6127431607713,0.0,0,9.81938641938329,56.05765,5.863933
2025-02-03 18:12:04,2025-02-03 18:12:04,Class A,314839000_2,56.054317,5.863717,Under way using engine,0.0,11.8,182.0,184.0,9387255,8PXO5,MAIN,Tanker,No additional information,42.0,246.0,GLONASS,14.2,SUEZ,15/02/2025 14:30:00,AIS,POINT (5.863717 56.054317),314839000_2,0 days 00:01:00,2.0034051114362103e-06,182.07253680340156,0.0,0,9.819504019602313,56.054317,5.863717
2025-02-03 18:13:04,2025-02-03 18:13:04,Class A,314839000_2,56.051017,5.863417,Under way using engine,0.0,11.9,183.0,184.0,9387255,8PXO5,MAIN,Tanker,No additional information,42.0,246.0,GLONASS,14.2,SUEZ,15/02/2025 14:30:00,AIS,POINT (5.863417 56.051017),314839000_2,0 days 00:01:00,-9.56464226771553e-07,182.9063310249847,0.0,0,9.819707675719577,56.051017,5.863417
2025-02-03 18:15:04,2025-02-03 18:15:04,Class A,314839000_2,56.044417,5.862617,Under way using engine,0.0,11.9,183.0,184.0,9387255,8PXO5,MAIN,Tanker,No additional information,42.0,246.0,GLONASS,14.2,SUEZ,15/02/2025 14:30:00,AIS,POINT (5.862617 56.044417),314839000_2,0 days 00:02:00,5.1259275065148e-08,183.87318911412993,0.0,0,9.820318249434996,56.044417,5.862617
2025-02-03 18:16:04,2025-02-03 18:16:04,Class A,314839000_2,56.0411,5.86225,Under way using engine,0.0,11.9,183.0,184.0,9387255,8PXO5,MAIN,Tanker,No additional information,42.0,246.0,GLONASS,14.2,SUEZ,15/02/2025 14:30:00,AIS,POINT (5.86225 56.0411),314839000_2,0 days 00:01:00,4.876672194174033e-07,183.53663845919505,0.0,0,9.820591747147827,56.0411,5.86225
2025-02-03 18:17:03,2025-02-03 18:17:03,Class A,314839000_2,56.0378,5.861967,Under way using engine,0.0,11.9,182.0,184.0,9387255,8PXO5,MAIN,Tanker,No additional information,42.0,246.0,GLONASS,14.2,SUEZ,15/02/2025 14:30:00,AIS,POINT (5.861967 56.0378),314839000_2,0 days 00:00:59,1.1461409934310848e-06,182.74283577497496,0.0,0,9.820782873213572,56.0378,5.861967
2025-02-03 18:18:03,2025-02-03 18:18:03,Class A,314839000_2,56.034533,5.861633,Under way using engine,0.0,11.9,183.0,184.0,9387255,8PXO5,MAIN,Tanker,No additional information,42.0,246.0,GLONASS,14.2,SUEZ,15/02/2025 14:30:00,AIS,POINT (5.861633 56.034533),314839000_2,0 days 00:01:00,-2.704759931742232e-06,183.2690513021905,0.0,0,9.821026994590024,56.034533,5.861633
2025-02-03 18:20:03,2025-02-03 18:20:03,Class A,314839000_2,56.0279,5.86095,Under way using engine,0.0,11.9,183.0,184.0,9387255,8PXO5,MAIN,Tanker,No additional information,42.0,246.0,GLONASS,14.2,SUEZ,15/02/2025 14:30:00,AIS,POINT (5.86095 56.0279),314839000_2,0 days 00:02:00,7.679239202409997e-07,183.29308420637832,0.0,0,9.821530871292316,56.0279,5.86095
2025-02-03 18:21:03,2025-02-03 18:21:03,Class A,314839000_2,56.0246,5.8606,Under way using engine,0.0,11.9,183.0,184.0,9387255,8PXO5,MAIN,Tanker,No additional information,42.0,246.0,GLONASS,14.2,SUEZ,15/02/2025 14:30:00,AIS,POINT (5.8606 56.0246),314839000_2,0 days 00:01:00,-5.008851031220677e-07,183.39198633064734,0.0,0,9.821793428445133,56.0246,5.8606
2025-02-03 18:23:03,2025-02-03 18:23:03,Class A,314839000_2,56.018,5.859733,Under way using engine,0.0,11.9,184.0,184.0,9387255,8PXO5,MAIN,Tanker,No additional information,42.0,246.0,GLONASS,14.2,SUEZ,15/02/2025 14:30:00,AIS,POINT (5.859733 56.018),314839000_2,0 days 00:02:00,4.795642843489813e-08,184.19931729815286,0.0,0,9.822488830396754,56.018,5.859733
2025-02-03 18:24:03,2025-02-03 18:24:03,Class A,314839000_2,56.0147,5.859317,Under way using engine,0.0,11.9,183.0,184.0,9387255,8PXO5,MAIN,Tanker,No additional information,42.0,246.0,GLONASS,14.2,SUEZ,15/02/2025 14:30:00,AIS,POINT (5.859317 56.0147),314839000_2,0 days 00:01:00,-2.1812477012438914e-08,184.0307072714795,0.0,0,9.82282071016289,56.0147,5.859317
2025-02-03 18:25:03,2025-02-03 18:25:03,Class A,314839000_2,56.0114,5.858967,Under way using engine,0.0,11.9,183.0,184.0,9387255,8PXO5,MAIN,Tanker,No additional information,42.0,246.0,GLONASS,14.2,SUEZ,15/02/2025 14:30:00,AIS,POINT (5.858967 56.0114),314839000_2,0 days 00:01:00,-7.419723725899929e-08,183.3931431640597,0.0,0,9.823087725476395,56.0114,5.858967
2025-02-03 18:26:03,2025-02-03 18:26:03,Class A,314839000_2,56.008083,5.858617,Under way using engine,0.0,11.9,183.0,184.0,9387255,8PXO5,MAIN,Tanker,No additional information,42.0,246.0,GLONASS,14.2,SUEZ,15/02/2025 14:30:00,AIS,POINT (5.858617 56.008083),314839000_2,0 days 00:01:00,5.248364512176317e-07,183.37608243042294,0.0,0,9.823355436255069,56.008083,5.858617
2025-02-03 18:29:05,2025-02-03 18:29:05,Class A,314839000_2,55.998083,5.857683,Under way using engine,0.0,11.9,183.0,184.0,9387255,8PXO5,MAIN,Tanker,No additional information,42.0,246.0,GLONASS,14.2,SUEZ,15/02/2025 14:30:00,AIS,POINT (5.857683 55.998083),314839000_2,0 days 00:03:02,-2.2002462780532701e-07,182.9899118894573,0.0,0,9.824048195681147,55.998083,5.857683
2025-02-03 18:30:05,2025-02-03 18:30:05,Class A,314839000_2,55.99465,5.85735,Under way using engine,0.0,11.9,183.0,185.0,9387255,8PXO5,MAIN,Tanker,No additional information,42.0,246.0,GLONASS,14.2,SUEZ,15/02/2025 14:30:00,AIS,POINT (5.85735 55.99465),314839000_2,0 days 00:01:00,4.232540157475135e-06,183.10519866722902,0.0,0,9.824300730680427,55.99465,5.85735
2025-02-03 18:31:05,2025-02-03 18:31:05,Class A,314839000_2,55.991383,5.856917,Under way using engine,0.0,11.9,184.0,185.0,9387255,8PXO5,MAIN,Tanker,No additional information,42.0,246.0,GLONASS,14.2,SUEZ,15/02/2025 14:30:00,AIS,POINT (5.856917 55.991383),314839000_2,0 days 00:01:00,-5.012517889154521e-06,184.23961403729064,0.0,0,9.824658244488813,55.991383,5.856917
2025-02-03 18:41:04,2025-02-03 18:41:04,Class A,314839000_2,55.95825,5.853467,Under way using engine,0.0,11.9,182.0,184.0,9387255,8PXO5,MAIN,Tanker,No additional information,42.0,246.0,GLONASS,14.2,SUEZ,15/02/2025 14:30:00,AIS,POINT (5.853467 55.95825),314839000_2,0 days 00:09:59,1.5016693987175984e-07,183.33596079638673,0.0,0,9.827404562574241,55.95825,5.853467
2025-02-03 18:45:04,2025-02-03 18:45:04,Class A,314839000_2,55.944933,5.8523,Under way using engine,0.0,11.9,183.0,184.0,9387255,8PXO5,MAIN,Tanker,No additional information,42.0,246.0,GLONASS,14.2,SUEZ,15/02/2025 14:30:00,AIS,POINT (5.8523 55.944933),314839000_2,0 days 00:04:00,6.785303040113656e-08,182.80943409231415,0.0,0,9.828320364398232,55.944933,5.8523
2025-02-03 18:49:05,2025-02-03 18:49:05,Class A,314839000_2,55.931667,5.85085,Under way using engine,0.0,11.9,183.0,184.0,9387255,8PXO5,MAIN,Tanker,No additional information,42.0,246.0,GLONASS,14.2,SUEZ,15/02/2025 14:30:00,AIS,POINT (5.85085 55.931667),314839000_2,0 days 00:04:01,-1.8734894561969503e-07,183.50378660174198,0.0,0,9.829538079326463,55.931667,5.85085
2025-02-03 18:50:05,2025-02-03 18:50:05,Class A,314839000_2,55.92835,5.850533,Under way using engine,0.0,11.9,182.0,184.0,9387255,8PXO5,MAIN,Tanker,No additional information,42.0,246.0,GLONASS,14.2,SUEZ,15/02/2025 14:30:00,AIS,POINT (5.850533 55.92835),314839000_2,0 days 00:01:00,3.9644037681774213e-07,183.0646985146776,0.0,0,9.82979981323979,55.92835,5.850533
2025-02-03 18:51:05,2025-02-03 18:51:05,Class A,314839000_2,55.925067,5.850217,Under way using engine,0.0,11.9,183.0,184.0,9387255,8PXO5,MAIN,Tanker,No additional information,42.0,246.0,GLONASS,14.2,SUEZ,15/02/2025 14:30:00,AIS,POINT (5.850217 55.925067),314839000_2,0 days 00:01:00,-1.0509917635026252e-06,183.08688841699006,0.0,0,9.830062218673186,55.925067,5.850217
2025-02-03 18:52:05,2025-02-03 18:52:05,Class A,314839000_2,55.921733,5.849867,Under way using engine,0.0,11.9,183.0,184.0,9387255,8PXO5,MAIN,Tanker,No additional information,42.0,246.0,GLONASS,14.2,SUEZ,15/02/2025 14:30:00,AIS,POINT (5.849867 55.921733),314839000_2,0 days 00:01:00,1.6080897696434318e-06,183.36639358885606,0.0,0,9.830358913223973,55.921733,5.849867
2025-02-03 18:53:05,2025-02-03 18:53:05,Class A,314839000_2,55.918383,5.8495,Under way using engine,0.0,11.8,183.0,184.0,9387255,8PXO5,MAIN,Tanker,No additional information,42.0,246.0,GLONASS,14.2,SUEZ,15/02/2025 14:30:00,AIS,POINT (5.8495 55.918383),314839000_2,0 days 00:01:00,5.116769835544158e-07,183.51298820512858,0.0,0,9.830673492515405,55.918383,5.8495
2025-02-03 18:59:04,2025-02-03 18:59:04,Class A,314839000_2,55.898633,5.847433,Under way using engine,0.0,11.9,183.0,184.0,9387255,8PXO5,MAIN,Tanker,No additional information,42.0,246.0,GLONASS,14.2,SUEZ,15/02/2025 14:30:00,AIS,POINT (5.847433 55.898633),314839000_2,0 days 00:05:59,-2.574408183859274e-07,183.3581285055662,0.0,0,9.832454727415023,55.898633,5.847433
2025-02-03 19:01:03,2025-02-03 19:01:03,Class A,314839000_2,55.892083,5.846683,Under way using engine,0.0,11.9,184.0,184.0,9387255,8PXO5,MAIN,Tanker,No additional information,42.0,246.0,GLONASS,14.2,SUEZ,15/02/2025 14:30:00,AIS,POINT (5.846683 55.892083),314839000_2,0 days 00:01:59,4.3785149622545005e-08,183.6738287502772,0.0,0,9.83311873359953,55.892083,5.846683
2025-02-03 19:02:03,2025-02-03 19:02:03,Class A,314839000_2,55.88875,5.846283,Under way using engine,0.0,11.9,183.0,184.0,9387255,8PXO5,MAIN,Tanker,No additional information,42.0,246.0,GLONASS,14.2,SUEZ,15/02/2025 14:30:00,AIS,POINT (5.846283 55.88875),314839000_2,0 days 00:01:00,9.655472422990968e-07,183.8503673188094,0.0,0,9.83347665344099,55.88875,5.846283
2025-02-03 19:03:04,2025-02-03 19:03:04,Class A,314839000_2,55.88545,5.845967,Under way using engine,0.0,11.9,182.0,184.0,9387255,8PXO5,MAIN,Tanker,No additional information,42.0,246.0,GLONASS,14.2,SUEZ,15/02/2025 14:30:00,AIS,POINT (5.845967 55.88545),314839000_2,0 days 00:01:01,-2.737088908856038e-06,183.07414930305652,0.0,0,9.83375211192071,55.88545,5.845967
2025-02-03 19:04:03,2025-02-03 19:04:03,Class A,314839000_2,55.882133,5.845683,Under way using engine,0.0,11.9,182.0,184.0,9387255,8PXO5,MAIN,Tanker,No additional information,42.0,246.0,GLONASS,14.2,SUEZ,15/02/2025 14:30:00,AIS,POINT (5.845683 55.882133),314839000_2,0 days 00:00:59,3.979405057876085e-06,182.74944648729524,0.0,0,9.833996482288672,55.882133,5.845683
2025-02-03 19:05:03,2025-02-03 19:05:03,Class A,314839000_2,55.878783,5.845433,Under way using engine,0.0,11.9,182.0,184.0,9387255,8PXO5,MAIN,Tanker,No additional information,42.0,246.0,GLONASS,14.2,SUEZ,15/02/2025 14:30:00,AIS,POINT (5.845433 55.878783),314839000_2,0 days 00:01:00,-7.478227800666205e-07,182.3970942725907,0.0,0,9.834207598503603,55.878783,5.845433
2025-02-03 19:07:03,2025-02-03 19:07:03,Class A,314839000_2,55.872133,5.844783,Under way using engine,0.0,11.9,182.0,184.0,9387255,8PXO5,MAIN,Tanker,No additional information,42.0,246.0,GLONASS,14.2,SUEZ,15/02/2025 14:30:00,AIS,POINT (5.844783 55.872133),314839000_2,0 days 00:02:00,-3.546277318682735e-07,183.13888059470912,0.0,0,9.834783788709643,55.872133,5.844783
2025-02-03 19:08:03,2025-02-03 19:08:03,Class A,314839000_2,55.8688,5.844483,Under way using engine,0.0,11.9,183.0,184.0,9387255,8PXO5,MAIN,Tanker,No additional information,42.0,246.0,GLONASS,14.2,SUEZ,15/02/2025 14:30:00,AIS,POINT (5.844483 55.8688),314839000_2,0 days 00:01:00,2.2411930042623603e-07,182.89116042099212,0.0,0,9.835048491444716,55.8688,5.844483
2025-02-03 19:09:03,2025-02-03 19:09:03,Class A,314839000_2,55.865483,5.844133,Under way using engine,0.0,11.9,183.0,185.0,9387255,8PXO5,MAIN,Tanker,No additional information,42.0,246.0,GLONASS,14.2,SUEZ,15/02/2025 14:30:00,AIS,POINT (5.844133 55.865483),314839000_2,0 days 00:01:00,-4.4640580824183905e-07,183.38850405497186,0.0,0,9.835364484393347,55.865483,5.844133
2025-02-03 19:10:03,2025-02-03 19:10:03,Class A,314839000_2,55.862117,5.843733,Under way using engine,0.0,11.9,183.0,184.0,9387255,8PXO5,MAIN,Tanker,No additional information,42.0,246.0,GLONASS,14.2,SUEZ,15/02/2025 14:30:00,AIS,POINT (5.843733 55.862117),314839000_2,0 days 00:01:00,1.5671796904911506e-06,183.81533891267122,0.0,0,9.835731118745063,55.862117,5.843733
2025-02-03 19:11:03,2025-02-03 19:11:03,Class A,314839000_2,55.858867,5.843383,Under way using engine,0.0,11.9,183.0,184.0,9387255,8PXO5,MAIN,Tanker,No additional information,42.0,246.0,GLONASS,14.2,SUEZ,15/02/2025 14:30:00,AIS,POINT (5.843383 55.858867),314839000_2,0 days 00:01:00,-3.635663550925414e-06,183.45877913315462,0.0,0,9.836050000038126,55.858867,5.843383
2025-02-03 19:12:03,2025-02-03 19:12:03,Class A,314839000_2,55.855483,5.843083,Under way using engine,0.0,11.9,182.0,184.0,9387255,8PXO5,MAIN,Tanker,No additional information,42.0,246.0,GLONASS,14.2,SUEZ,15/02/2025 14:30:00,AIS,POINT (5.843083 55.855483),314839000_2,0 days 00:01:00,4.090074633297397e-06,182.848634975649,0.0,0,9.836318744320256,55.855483,5.843083
2025-02-03 19:13:03,2025-02-03 19:13:03,Class A,314839000_2,55.852183,5.842817,Under way using engine,0.0,12.0,182.0,184.0,9387255,8PXO5,MAIN,Tanker,No additional information,42.0,246.0,GLONASS,14.2,SUEZ,15/02/2025 14:30:00,AIS,POINT (5.842817 55.852183),314839000_2,0 days 00:01:00,-2.6231419308409434e-06,182.59067188033438,0.0,0,9.83655538838683,55.852183,5.842817
2025-02-03 19:14:05,2025-02-03 19:14:05,Class A,314839000_2,55.848767,5.842517,Under way using engine,0.0,11.9,182.0,185.0,9387255,8PXO5,MAIN,Tanker,No additional information,42.0,246.0,GLONASS,14.2,SUEZ,15/02/2025 14:30:00,AIS,POINT (5.842517 55.848767),314839000_2,0 days 00:01:02,1.9293415792569035e-07,182.822480147175,0.0,0,9.836826167386816,55.848767,5.842517
2025-02-03 19:15:05,2025-02-03 19:15:05,Class A,314839000_2,55.845483,5.84215,Under way using engine,0.0,12.0,183.0,185.0,9387255,8PXO5,MAIN,Tanker,No additional information,42.0,246.0,GLONASS,14.2,SUEZ,15/02/2025 14:30:00,AIS,POINT (5.84215 55.845483),314839000_2,0 days 00:01:00,-5.986280254879992e-07,183.59012639268147,0.0,0,9.837166192951353,55.845483,5.84215
2025-02-03 19:19:05,2025-02-03 19:19:05,Class A,314839000_2,55.8321,5.840933,Under way using engine,0.0,12.0,182.0,184.0,9387255,8PXO5,MAIN,Tanker,No additional information,42.0,246.0,GLONASS,14.2,SUEZ,15/02/2025 14:30:00,AIS,POINT (5.840933 55.8321),314839000_2,0 days 00:04:00,4.611192131968895e-07,182.92364923485937,0.0,0,9.838284628372417,55.8321,5.840933
2025-02-03 19:20:05,2025-02-03 19:20:05,Class A,314839000_2,55.828833,5.84065,Under way using engine,0.0,11.8,182.0,184.0,9387255,8PXO5,MAIN,Tanker,No additional information,42.0,246.0,GLONASS,14.2,SUEZ,15/02/2025 14:30:00,AIS,POINT (5.84065 55.828833),314839000_2,0 days 00:01:00,-2.4510452655527514e-06,182.78545805847696,0.0,0,9.83854633545754,55.828833,5.84065
2025-02-03 19:21:05,2025-02-03 19:21:05,Class A,314839000_2,55.82545,5.840383,Under way using engine,0.0,11.9,182.0,184.0,9387255,8PXO5,MAIN,Tanker,No additional information,42.0,246.0,GLONASS,14.2,SUEZ,15/02/2025 14:30:00,AIS,POINT (5.840383 55.82545),314839000_2,0 days 00:01:00,3.5707024418288554e-06,182.5384254045315,0.0,0,9.838792431491225,55.82545,5.840383
2025-02-03 19:22:05,2025-02-03 19:22:05,Class A,314839000_2,55.82215,5.840133,Under way using engine,0.0,12.0,182.0,184.0,9387255,8PXO5,MAIN,Tanker,No additional information,42.0,246.0,GLONASS,14.2,SUEZ,15/02/2025 14:30:00,AIS,POINT (5.840133 55.82215),314839000_2,0 days 00:01:00,-2.5774585785065674e-06,182.43691475480574,0.0,0,9.839023162345386,55.82215,5.840133
2025-02-03 19:23:05,2025-02-03 19:23:05,Class A,314839000_2,55.8188,5.839783,Under way using engine,0.0,11.9,183.0,185.0,9387255,8PXO5,MAIN,Tanker,No additional information,42.0,246.0,GLONASS,14.2,SUEZ,15/02/2025 14:30:00,AIS,POINT (5.839783 55.8188),314839000_2,0 days 00:01:00,1.6326140558274755e-06,183.3592235101647,0.0,0,9.839354732911554,55.8188,5.839783
2025-02-03 19:24:05,2025-02-03 19:24:05,Class A,314839000_2,55.815467,5.839417,Under way using engine,0.0,12.0,183.0,185.0,9387255,8PXO5,MAIN,Tanker,No additional information,42.0,246.0,GLONASS,14.2,SUEZ,15/02/2025 14:30:00,AIS,POINT (5.839417 55.815467),314839000_2,0 days 00:01:00,-5.080608108660404e-07,183.53058351144207,0.0,0,9.839703529913185,55.815467,5.839417
2025-02-03 19:25:05,2025-02-03 19:25:05,Class A,314839000_2,55.812183,5.839083,Under way using engine,0.0,11.9,183.0,184.0,9387255,8PXO5,MAIN,Tanker,No additional information,42.0,246.0,GLONASS,14.2,SUEZ,15/02/2025 14:30:00,AIS,POINT (5.839083 55.812183),314839000_2,0 days 00:01:00,-1.5459127489720099e-06,183.2708355203232,0.0,0,9.840021685507915,55.812183,5.839083
2025-02-03 19:26:05,2025-02-03 19:26:05,Class A,314839000_2,55.808767,5.838683,Under way using engine,0.0,12.0,183.0,184.0,9387255,8PXO5,MAIN,Tanker,No additional information,42.0,246.0,GLONASS,14.2,SUEZ,15/02/2025 14:30:00,AIS,POINT (5.838683 55.808767),314839000_2,0 days 00:01:00,4.145372872862233e-06,183.76480187757184,0.0,0,9.840406367790408,55.808767,5.838683
2025-02-03 19:29:05,2025-02-03 19:29:05,Class A,314839000_2,55.79885,5.837833,Under way using engine,0.0,12.0,182.0,184.0,9387255,8PXO5,MAIN,Tanker,No additional information,42.0,246.0,GLONASS,14.2,SUEZ,15/02/2025 14:30:00,AIS,POINT (5.837833 55.79885),314839000_2,0 days 00:03:00,-1.1742674690602734e-06,182.75828577368154,0.0,0,9.841218625117978,55.79885,5.837833
2025-02-03 19:30:05,2025-02-03 19:30:05,Class A,314839000_2,55.795583,5.837533,Under way using engine,0.0,12.0,182.0,184.0,9387255,8PXO5,MAIN,Tanker,No additional information,42.0,246.0,GLONASS,14.2,SUEZ,15/02/2025 14:30:00,AIS,POINT (5.837533 55.795583),314839000_2,0 days 00:01:00,-1.1799316710967186e-06,182.95501369415308,0.0,0,9.841508380988454,55.795583,5.837533
2025-02-03 19:31:05,2025-02-03 19:31:05,Class A,314839000_2,55.792183,5.8373,Under way using engine,0.0,12.0,182.0,184.0,9387255,8PXO5,MAIN,Tanker,No additional information,42.0,246.0,GLONASS,14.2,SUEZ,15/02/2025 14:30:00,AIS,POINT (5.8373 55.792183),314839000_2,0 days 00:01:00,4.056514664640921e-06,182.20634204092255,0.0,0,9.84173187235077,55.792183,5.8373
2025-02-03 19:32:05,2025-02-03 19:32:05,Class A,314839000_2,55.788917,5.837017,Under way using engine,0.0,12.0,182.0,185.0,9387255,8PXO5,MAIN,Tanker,No additional information,42.0,246.0,GLONASS,14.2,SUEZ,15/02/2025 14:30:00,AIS,POINT (5.837017 55.788917),314839000_2,0 days 00:01:00,-4.1023418683148755e-06,182.78916376647283,0.0,0,9.842006844764233,55.788917,5.837017
2025-02-03 19:33:05,2025-02-03 19:33:05,Class A,314839000_2,55.785533,5.836733,Under way using engine,0.0,12.0,182.0,184.0,9387255,8PXO5,MAIN,Tanker,No additional information,42.0,246.0,GLONASS,14.2,SUEZ,15/02/2025 14:30:00,AIS,POINT (5.836733 55.785533),314839000_2,0 days 00:01:00,3.64600714142066e-06,182.70178415243547,0.0,0,9.842283670849262,55.785533,5.836733
2025-02-03 19:34:05,2025-02-03 19:34:05,Class A,314839000_2,55.782183,5.836483,Under way using engine,0.0,12.0,182.0,184.0,9387255,8PXO5,MAIN,Tanker,No additional information,42.0,246.0,GLONASS,14.2,SUEZ,15/02/2025 14:30:00,AIS,POINT (5.836483 55.782183),314839000_2,0 days 00:01:00,-1.0769624278215665e-06,182.40304835449177,0.0,0,9.84252771544312,55.782183,5.836483
2025-02-03 19:35:05,2025-02-03 19:35:05,Class A,314839000_2,55.7789,5.836183,Under way using engine,0.0,12.0,182.0,185.0,9387255,8PXO5,MAIN,Tanker,No additional information,42.0,246.0,GLONASS,14.2,SUEZ,15/02/2025 14:30:00,AIS,POINT (5.836183 55.7789),314839000_2,0 days 00:01:00,-2.029200861853444e-06,182.94189486846585,0.0,0,9.842822985590516,55.7789,5.836183
2025-02-03 19:36:05,2025-02-03 19:36:05,Class A,314839000_2,55.775517,5.835867,Under way using engine,0.0,12.0,183.0,185.0,9387255,8PXO5,MAIN,Tanker,No additional information,42.0,246.0,GLONASS,14.2,SUEZ,15/02/2025 14:30:00,AIS,POINT (5.835867 55.775517),314839000_2,0 days 00:01:00,3.1030027997717604e-06,183.00733891653496,0.0,0,9.843135257487118,55.775517,5.835867
2025-02-03 19:37:04,2025-02-03 19:37:04,Class A,314839000_2,55.7723,5.8355,Under way using engine,0.0,12.0,183.0,184.0,9387255,8PXO5,MAIN,Tanker,No additional information,42.0,246.0,GLONASS,14.2,SUEZ,15/02/2025 14:30:00,AIS,POINT (5.8355 55.7723),314839000_2,0 days 00:00:59,-3.440920423208039e-06,183.6715733775124,0.0,0,9.843499791021891,55.7723,5.8355
2025-02-03 19:38:04,2025-02-03 19:38:04,Class A,314839000_2,55.7689,5.83515,Under way using engine,0.0,12.0,183.0,184.0,9387255,8PXO5,MAIN,Tanker,No additional information,42.0,246.0,GLONASS,14.2,SUEZ,15/02/2025 14:30:00,AIS,POINT (5.83515 55.7689),314839000_2,0 days 00:01:00,3.941221076136303e-06,183.3141678387237,0.0,0,9.843848327181195,55.7689,5.83515
2025-02-03 19:39:04,2025-02-03 19:39:04,Class A,314839000_2,55.765583,5.834817,Under way using engine,0.0,12.0,183.0,184.0,9387255,8PXO5,MAIN,Tanker,No additional information,42.0,246.0,GLONASS,14.2,SUEZ,15/02/2025 14:30:00,AIS,POINT (5.834817 55.765583),314839000_2,0 days 00:01:00,-2.5797325500360897e-06,183.23254574187789,0.0,0,9.84418103082232,55.765583,5.834817
2025-02-03 19:40:04,2025-02-03 19:40:04,Class A,314839000_2,55.762317,5.8345,Under way using engine,0.0,12.0,183.0,184.0,9387255,8PXO5,MAIN,Tanker,No additional information,42.0,246.0,GLONASS,14.2,SUEZ,15/02/2025 14:30:00,AIS,POINT (5.8345 55.762317),314839000_2,0 days 00:01:00,-1.5903773315163912e-06,183.12575804123404,0.0,0,9.8444988310238,55.762317,5.8345
2025-02-03 19:41:04,2025-02-03 19:41:04,Class A,314839000_2,55.758917,5.83415,Under way using engine,0.0,12.0,183.0,184.0,9387255,8PXO5,MAIN,Tanker,No additional information,42.0,246.0,GLONASS,14.2,SUEZ,15/02/2025 14:30:00,AIS,POINT (5.83415 55.758917),314839000_2,0 days 00:01:00,4.1700285882153e-06,183.3150145938019,0.0,0,9.844850815077342,55.758917,5.83415
2025-02-03 19:42:04,2025-02-03 19:42:04,Class A,314839000_2,55.755667,5.833833,Under way using engine,0.0,12.0,183.0,184.0,9387255,8PXO5,MAIN,Tanker,No additional information,42.0,246.0,GLONASS,14.2,SUEZ,15/02/2025 14:30:00,AIS,POINT (5.833833 55.755667),314839000_2,0 days 00:01:00,-4.66417689395076e-06,183.14165024933004,0.0,0,9.845170809094679,55.755667,5.833833
2025-02-03 19:43:04,2025-02-03 19:43:04,Class A,314839000_2,55.752217,5.8335,Under way using engine,0.0,12.0,183.0,184.0,9387255,8PXO5,MAIN,Tanker,No additional information,42.0,246.0,GLONASS,14.2,SUEZ,15/02/2025 14:30:00,AIS,POINT (5.8335 55.752217),314839000_2,0 days 00:01:00,6.191387157323513e-06,183.1092413367313,0.0,0,9.845508161036127,55.752217,5.8335
2025-02-03 19:44:04,2025-02-03 19:44:04,Class A,314839000_2,55.74895,5.83315,Under way using engine,0.0,12.0,183.0,184.0,9387255,8PXO5,MAIN,Tanker,No additional information,42.0,246.0,GLONASS,14.2,SUEZ,15/02/2025 14:30:00,AIS,POINT (5.83315 55.74895),314839000_2,0 days 00:01:00,-5.63339036362412e-06,183.45052920762788,0.0,0,9.84586339621102,55.74895,5.83315
2025-02-03 19:45:04,2025-02-03 19:45:04,Class A,314839000_2,55.745583,5.83285,Under way using engine,0.0,12.0,182.0,184.0,9387255,8PXO5,MAIN,Tanker,No additional information,42.0,246.0,GLONASS,14.2,SUEZ,15/02/2025 14:30:00,AIS,POINT (5.83285 55.745583),314839000_2,0 days 00:01:00,3.0397963209509985e-06,182.8710725249461,0.0,0,9.8461699256485,55.745583,5.83285
2025-02-03 19:46:04,2025-02-03 19:46:04,Class A,314839000_2,55.74225,5.832567,Under way using engine,0.0,12.0,182.0,184.0,9387255,8PXO5,MAIN,Tanker,No additional information,42.0,246.0,GLONASS,14.2,SUEZ,15/02/2025 14:30:00,AIS,POINT (5.832567 55.74225),314839000_2,0 days 00:01:00,-1.0648269884199878e-06,182.73645030006116,0.0,0,9.846460522761719,55.74225,5.832567
2025-02-03 19:47:04,2025-02-03 19:47:04,Class A,314839000_2,55.738967,5.832317,Under way using engine,0.0,12.0,182.0,184.0,9387255,8PXO5,MAIN,Tanker,No additional information,42.0,246.0,GLONASS,14.2,SUEZ,15/02/2025 14:30:00,AIS,POINT (5.832317 55.738967),314839000_2,0 days 00:01:00,-1.5709255921482826e-06,182.45474647561778,0.0,0,9.846719108504416,55.738967,5.832317
2025-02-03 19:48:04,2025-02-03 19:48:04,Class A,314839000_2,55.735633,5.832033,Under way using engine,0.0,12.0,182.0,184.0,9387255,8PXO5,MAIN,Tanker,No additional information,42.0,246.0,GLONASS,14.2,SUEZ,15/02/2025 14:30:00,AIS,POINT (5.832033 55.735633),314839000_2,0 days 00:01:00,1.6025816280643436e-06,182.7457473377521,0.0,0,9.847012947217344,55.735633,5.832033
2025-02-03 19:50:04,2025-02-03 19:50:04,Class A,314839000_2,55.728967,5.83145,Under way using engine,0.0,12.0,183.0,184.0,9387255,8PXO5,MAIN,Tanker,No additional information,42.0,246.0,GLONASS,14.2,SUEZ,15/02/2025 14:30:00,AIS,POINT (5.83145 55.728967),314839000_2,0 days 00:02:00,-1.2288435890096642e-08,182.8194679892639,0.0,0,9.847619001480968,55.728967,5.83145
2025-02-03 19:51:04,2025-02-03 19:51:04,Class A,314839000_2,55.72555,5.831133,Under way using engine,0.0,12.0,182.0,184.0,9387255,8PXO5,MAIN,Tanker,No additional information,42.0,246.0,GLONASS,14.2,SUEZ,15/02/2025 14:30:00,AIS,POINT (5.831133 55.72555),314839000_2,0 days 00:01:00,2.6170616238613797e-06,182.9906958685664,0.0,0,9.847949567172293,55.72555,5.831133
2025-02-03 19:56:05,2025-02-03 19:56:05,Class A,314839000_2,55.70875,5.8298,Under way using engine,0.0,12.1,182.0,184.0,9387255,8PXO5,MAIN,Tanker,No additional information,42.0,246.0,GLONASS,14.2,SUEZ,15/02/2025 14:30:00,AIS,POINT (5.8298 55.70875),314839000_2,0 days 00:05:01,-4.283990441258249e-07,182.55959588089542,0.0,0,9.849366496671145,55.70875,5.8298
2025-02-03 19:57:04,2025-02-03 19:57:04,Class A,314839000_2,55.70545,5.829517,Under way using engine,0.0,12.0,182.0,184.0,9387255,8PXO5,MAIN,Tanker,No additional information,42.0,246.0,GLONASS,14.2,SUEZ,15/02/2025 14:30:00,AIS,POINT (5.829517 55.70545),314839000_2,0 days 00:00:59,2.4104202356146746e-07,182.76637432480186,0.0,0,9.849669346790531,55.70545,5.829517
2025-02-03 19:58:04,2025-02-03 19:58:04,Class A,314839000_2,55.7021,5.8292,Under way using engine,0.0,12.1,183.0,184.0,9387255,8PXO5,MAIN,Tanker,No additional information,42.0,246.0,GLONASS,14.2,SUEZ,15/02/2025 14:30:00,AIS,POINT (5.8292 55.7021),314839000_2,0 days 00:01:00,-1.5732271078632704e-07,183.05222615450725,0.0,0,9.850007626669536,55.7021,5.8292
2025-02-03 19:59:04,2025-02-03 19:59:04,Class A,314839000_2,55.698767,5.828917,Under way using engine,0.0,12.1,182.0,184.0,9387255,8PXO5,MAIN,Tanker,No additional information,42.0,246.0,GLONASS,14.2,SUEZ,15/02/2025 14:30:00,AIS,POINT (5.828917 55.698767),314839000_2,0 days 00:01:00,-5.551784743716819e-07,182.73949410129322,0.0,0,9.850312928561507,55.698767,5.828917
2025-02-03 20:00:04,2025-02-03 20:00:04,Class A,314839000_2,55.695383,5.828683,Under way using engine,0.0,12.1,182.0,184.0,9387255,8PXO5,MAIN,Tanker,No additional information,42.0,246.0,GLONASS,14.2,SUEZ,15/02/2025 14:30:00,AIS,POINT (5.828683 55.695383),314839000_2,0 days 00:01:00,1.5385552845578773e-06,182.23179208834568,0.0,0,9.850570725479109,55.695383,5.828683
2025-02-03 20:01:04,2025-02-03 20:01:04,Class A,314839000_2,55.69205,5.828433,Under way using engine,0.0,12.1,182.0,184.0,9387255,8PXO5,MAIN,Tanker,No additional information,42.0,246.0,GLONASS,14.2,SUEZ,15/02/2025 14:30:00,AIS,POINT (5.828433 55.69205),314839000_2,0 days 00:01:00,-1.564635100553766e-06,182.42086813240996,0.0,0,9.850845298377648,55.69205,5.828433
2025-02-03 20:04:04,2025-02-03 20:04:04,Class A,314839000_2,55.682033,5.82745,Under way using engine,0.0,12.0,183.0,184.0,9387255,8PXO5,MAIN,Tanker,No additional information,42.0,246.0,GLONASS,14.2,SUEZ,15/02/2025 14:30:00,AIS,POINT (5.82745 55.682033),314839000_2,0 days 00:03:00,8.384720241651886e-08,183.16672016037248,0.0,0,9.851908920434914,55.682033,5.82745
2025-02-03 20:07:03,2025-02-03 20:07:03,Class A,314839000_2,55.672067,5.8266,Under way using engine,0.0,11.9,183.0,184.0,9387255,8PXO5,MAIN,Tanker,No additional information,42.0,246.0,GLONASS,14.2,SUEZ,15/02/2025 14:30:00,AIS,POINT (5.8266 55.672067),314839000_2,0 days 00:02:59,3.146634906053127e-09,182.7536609273582,0.0,0,9.852849227377277,55.672067,5.8266
2025-02-03 20:08:03,2025-02-03 20:08:03,Class A,314839000_2,55.668783,5.826283,Under way using engine,0.0,11.9,182.0,184.0,9387255,8PXO5,MAIN,Tanker,No additional information,42.0,246.0,GLONASS,14.2,SUEZ,15/02/2025 14:30:00,AIS,POINT (5.826283 55.668783),314839000_2,0 days 00:01:00,-1.7181705760163212e-06,183.11609706816924,0.0,0,9.853198188023319,55.668783,5.826283
2025-02-03 20:26:04,2025-02-03 20:26:04,Class A,314839000_2,55.608567,5.821317,Under way using engine,0.0,12.0,182.0,184.0,9387255,8PXO5,MAIN,Tanker,No additional information,42.0,246.0,GLONASS,14.2,SUEZ,15/02/2025 14:30:00,AIS,POINT (5.821317 55.608567),314839000_2,0 days 00:18:01,9.779605019095714e-08,182.66705912151684,0.0,0,9.858943856204172,55.608567,5.821317
2025-02-03 20:28:04,2025-02-03 20:28:04,Class A,314839000_2,55.601933,5.820733,Under way using engine,0.0,12.0,182.0,184.0,9387255,8PXO5,MAIN,Tanker,No additional information,42.0,246.0,GLONASS,14.2,SUEZ,15/02/2025 14:30:00,AIS,POINT (5.820733 55.601933),314839000_2,0 days 00:02:00,-3.830972198183887e-07,182.84710919362266,0.0,0,9.859636185289292,55.601933,5.820733
2025-02-03 20:29:04,2025-02-03 20:29:04,Class A,314839000_2,55.59855,5.82045,Under way using engine,0.0,11.9,182.0,184.0,9387255,8PXO5,MAIN,Tanker,No additional information,42.0,246.0,GLONASS,14.2,SUEZ,15/02/2025 14:30:00,AIS,POINT (5.82045 55.59855),314839000_2,0 days 00:01:00,2.0310264556753767e-06,182.7059712747716,0.0,0,9.859976142752474,55.59855,5.82045
2025-02-03 20:30:05,2025-02-03 20:30:05,Class A,314839000_2,55.595217,5.82015,Under way using engine,0.0,11.9,182.0,184.0,9387255,8PXO5,MAIN,Tanker,No additional information,42.0,246.0,GLONASS,14.2,SUEZ,15/02/2025 14:30:00,AIS,POINT (5.82015 55.595217),314839000_2,0 days 00:01:01,-3.16903370365775e-06,182.911458632077,0.0,0,9.860333386763807,55.595217,5.82015
2025-02-03 20:31:05,2025-02-03 20:31:05,Class A,314839000_2,55.591817,5.819817,Under way using engine,0.0,12.0,183.0,185.0,9387255,8PXO5,MAIN,Tanker,No additional information,42.0,246.0,GLONASS,14.2,SUEZ,15/02/2025 14:30:00,AIS,POINT (5.819817 55.591817),314839000_2,0 days 00:01:00,3.79179474063354e-06,183.16780780866026,0.0,0,9.860725934117934,55.591817,5.819817
2025-02-03 20:33:05,2025-02-03 20:33:05,Class A,314839000_2,55.5852,5.819167,Under way using engine,0.0,12.0,182.0,184.0,9387255,8PXO5,MAIN,Tanker,No additional information,42.0,246.0,GLONASS,14.2,SUEZ,15/02/2025 14:30:00,AIS,POINT (5.819167 55.5852),314839000_2,0 days 00:02:00,-1.4166042187965857e-06,183.17772438794998,0.0,0,9.861495171565263,55.5852,5.819167
2025-02-03 20:34:03,2025-02-03 20:34:03,Class A,314839000_2,55.581933,5.8189,Under way using engine,0.0,12.0,182.0,184.0,9387255,8PXO5,MAIN,Tanker,No additional information,42.0,246.0,GLONASS,14.2,SUEZ,15/02/2025 14:30:00,AIS,POINT (5.8189 55.581933),314839000_2,0 days 00:00:58,2.2284632741455905e-06,182.64483870847974,0.0,0,9.86182268273188,55.581933,5.8189
2025-02-03 20:38:05,2025-02-03 20:38:05,Class A,314839000_2,55.568517,5.817683,Under way using engine,0.0,12.0,182.0,184.0,9387255,8PXO5,MAIN,Tanker,No additional information,42.0,246.0,GLONASS,14.2,SUEZ,15/02/2025 14:30:00,AIS,POINT (5.817683 55.568517),314839000_2,0 days 00:04:02,-4.0338095407374033e-07,182.9361710599571,0.0,0,9.863299456736069,55.568517,5.817683
2025-02-03 21:15:03,2025-02-03 21:15:03,Class A,314839000_2,55.449633,5.771483,Under way using engine,0.0,11.9,207.0,209.0,9387255,8PXO5,MAIN,Tanker,No additional information,42.0,246.0,GLONASS,14.2,SUEZ,15/02/2025 14:30:00,AIS,POINT (5.771483 55.449633),314839000_2,0 days 00:36:58,-3.132955887885645e-08,192.42988875908043,0.0,0,9.91257639237479,55.449633,5.771483
2025-02-03 21:54:05,2025-02-03 21:54:05,Class A,314839000_2,55.3359,5.66785,Under way using engine,0.0,11.6,207.0,210.0,9387255,8PXO5,MAIN,Tanker,No additional information,42.0,246.0,GLONASS,14.2,SUEZ,15/02/2025 14:30:00,AIS,POINT (5.66785 55.3359),314839000_2,0 days 00:39:02,-8.728497471306721e-09,207.40473692274966,0.0,0,10.020398286063683,55.3359,5.66785
2025-02-03 22:12:04,2025-02-03 22:12:04,Class A,314839000_2,55.283433,5.621567,Under way using engine,0.0,11.7,207.0,211.0,9387255,8PXO5,MAIN,Tanker,No additional information,42.0,246.0,GLONASS,14.2,SUEZ,15/02/2025 14:30:00,AIS,POINT (5.621567 55.283433),314839000_2,0 days 00:17:59,-2.8061795698539672e-08,206.67839363541697,0.0,0,10.069018757495789,55.283433,5.621567
