t,TS,Type of mobile,MMSI,Latitude,Longitude,Navigational status,ROT,SOG,COG,Heading,IMO,Callsign,Name,Ship type,Cargo type,Width,Length,Type of position fixing device,Draught,Destination,ETA,Data source type,geometry,traj_id,timedelta,acceleration,direction,oft_minutes60,oft_dummy60,haus_dist_a,lat,lon
2025-01-01 04:11:02,2025-01-01 04:11:02,Class A,352002488_0,56.054517,6.843383,Under way using engine,0.0,13.5,41.0,44.0,Unknown,Unknown,LEONA,Undefined,No additional information,42.0,244.0,Undefined,8.4,Unknown,14/01/2025 10:00:00,AIS,POINT (6.843383 56.054517),352002488_0,0,0.0,42.451060457225026,0.0,0,8.840312535892043,56.054517,6.843383
2025-01-01 04:13:01,2025-01-01 04:13:01,Class A,352002488_0,56.059817,6.852067,Under way using engine,0.0,13.7,41.0,43.0,Unknown,Unknown,LEONA,Undefined,No additional information,42.0,244.0,Undefined,8.4,Unknown,14/01/2025 10:00:00,AIS,POINT (6.852067 56.059817),352002488_0,0 days 00:01:59,0.0,42.451060457225026,0.0,0,8.831807669768743,56.059817,6.852067
2025-01-01 04:19:01,2025-01-01 04:19:01,Class A,352002488_0,56.076033,6.878583,Under way using engine,0.0,13.9,42.0,45.0,Unknown,Unknown,LEONA,Undefined,No additional information,42.0,244.0,Undefined,8.4,Unknown,14/01/2025 10:00:00,AIS,POINT (6.878583 56.076033),352002488_0,0 days 00:06:00,1.9274591468975328e-07,42.377909863625575,0.0,0,8.805861701188931,56.076033,6.878583
2025-01-01 04:20:01,2025-01-01 04:20:01,Class A,352002488_0,56.07875,6.88305,Under way using engine,0.0,13.9,42.0,44.0,Unknown,Unknown,LEONA,Undefined,No additional information,42.0,244.0,Undefined,8.4,Unknown,14/01/2025 10:00:00,AIS,POINT (6.88305 56.07875),352002488_0,0 days 00:01:00,8.714057867002656e-07,42.535246418128054,0.0,0,8.801493480157102,56.07875,6.88305
2025-01-01 04:21:01,2025-01-01 04:21:01,Class A,352002488_0,56.08145,6.887517,Under way using engine,0.0,13.9,41.0,44.0,Unknown,Unknown,LEONA,Undefined,No additional information,42.0,244.0,Undefined,8.4,Unknown,14/01/2025 10:00:00,AIS,POINT (6.887517 56.08145),352002488_0,0 days 00:01:00,-3.901464257973809e-07,42.71243219022887,0.0,0,8.797125588571815,56.08145,6.887517
2025-01-01 04:28:04,2025-01-01 04:28:04,Class A,352002488_0,56.099867,6.917683,Under way using engine,0.0,13.5,42.0,44.0,9419137,3E2642,SIKAR,Tanker,No additional information,44.0,250.0,GPS,8.4,MTMLA>RUULU,05/01/2025 09:00:00,AIS,POINT (6.917683 56.099867),352002488_0,0 days 00:07:03,-5.974552090373001e-07,42.40781571666139,0.0,0,8.767660241720707,56.099867,6.917683
2025-01-01 04:29:04,2025-01-01 04:29:04,Class A,352002488_0,56.102533,6.921983,Under way using engine,0.0,13.5,43.0,44.0,9419137,3E2642,SIKAR,Tanker,No additional information,44.0,250.0,GPS,8.4,MTMLA>RUULU,05/01/2025 09:00:00,AIS,POINT (6.921983 56.102533),352002488_0,0 days 00:01:00,1.4605547650672497e-06,41.971523479522034,0.0,0,8.763465219390442,56.102533,6.921983
2025-01-01 04:30:04,2025-01-01 04:30:04,Class A,352002488_0,56.10515,6.926417,Under way using engine,0.0,13.5,43.0,44.0,9419137,3E2642,SIKAR,Tanker,No additional information,44.0,250.0,GPS,8.4,MTMLA>RUULU,05/01/2025 09:00:00,AIS,POINT (6.926417 56.10515),352002488_0,0 days 00:01:00,4.552330614643272e-07,43.3752801254393,0.0,0,8.75913531522975,56.10515,6.926417
2025-01-01 04:35:03,2025-01-01 04:35:03,Class A,352002488_0,56.11825,6.9482,Under way using engine,0.0,13.7,41.0,44.0,9419137,3E2642,SIKAR,Tanker,No additional information,44.0,250.0,GPS,8.4,MTMLA>RUULU,05/01/2025 09:00:00,AIS,POINT (6.9482 56.11825),352002488_0,0 days 00:04:59,-9.793806530411365e-08,42.82610892273959,0.0,0,8.737886408127997,56.11825,6.9482
2025-01-01 04:36:03,2025-01-01 04:36:03,Class A,352002488_0,56.120917,6.952583,Under way using engine,0.0,13.7,43.0,45.0,9419137,3E2642,SIKAR,Tanker,No additional information,44.0,250.0,GPS,8.4,MTMLA>RUULU,05/01/2025 09:00:00,AIS,POINT (6.952583 56.120917),352002488_0,0 days 00:01:00,9.970745431254833e-07,42.49231772474684,0.0,0,8.733614830083246,56.120917,6.952583
2025-01-01 04:37:03,2025-01-01 04:37:03,Class A,352002488_0,56.1236,6.957117,Under way using engine,0.0,13.8,45.0,45.0,9419137,3E2642,SIKAR,Tanker,No additional information,44.0,250.0,GPS,8.4,MTMLA>RUULU,05/01/2025 09:00:00,AIS,POINT (6.957117 56.1236),352002488_0,0 days 00:01:00,2.1362533909254223e-06,43.28706366856255,0.0,0,8.729193958596921,56.1236,6.957117
2025-01-01 04:50:03,2025-01-01 04:50:03,Class A,352002488_0,56.15825,7.015333,Under way using engine,0.0,13.6,43.0,44.0,9419137,3E2642,SIKAR,Tanker,No additional information,44.0,250.0,GPS,8.4,MTMLA>RUULU,05/01/2025 09:00:00,AIS,POINT (7.015333 56.15825),352002488_0,0 days 00:13:00,-8.334403832613827e-08,43.084884298858526,0.0,0,8.672523706324993,56.15825,7.015333
2025-01-01 04:51:03,2025-01-01 04:51:03,Class A,352002488_0,56.160833,7.0197,Under way using engine,0.0,13.6,44.0,45.0,9419137,3E2642,SIKAR,Tanker,No additional information,44.0,250.0,GPS,8.4,MTMLA>RUULU,05/01/2025 09:00:00,AIS,POINT (7.0197 56.160833),352002488_0,0 days 00:01:00,-3.195886349082403e-06,43.27243151027892,0.0,0,8.66827833094006,56.160833,7.0197
2025-01-01 04:52:03,2025-01-01 04:52:03,Class A,352002488_0,56.1635,7.024217,Under way using engine,0.0,13.6,42.0,44.0,9419137,3E2642,SIKAR,Tanker,No additional information,44.0,250.0,GPS,8.4,MTMLA>RUULU,05/01/2025 09:00:00,AIS,POINT (7.024217 56.1635),352002488_0,0 days 00:01:00,3.6628328873880595e-06,43.32100513562261,0.0,0,8.663887854133673,56.1635,7.024217
2025-01-01 06:38:00,2025-01-01 06:38:00,Class A,352002488_0,56.468783,7.3987,Under way using engine,0.0,13.0,17.0,17.0,9419137,3E2642,SIKAR,Tanker,No additional information,44.0,250.0,GPS,8.4,MTMLA>RUULU,05/01/2025 09:00:00,AIS,POINT (7.3987 56.468783),352002488_0,0 days 01:45:57,-5.320206940130652e-08,34.07280089403821,106.0,1,8.310037919892123,56.468783,7.3987
2025-01-01 08:12:08,2025-01-01 08:12:08,Class A,352002488_0,56.7775,7.6051,Under way using engine,0.0,12.9,18.0,15.0,9419137,3E2642,SIKAR,Tanker,No additional information,44.0,250.0,GPS,8.4,MTMLA>RUULU,05/01/2025 09:00:00,AIS,POINT (7.6051 56.7775),352002488_0,0 days 01:34:08,2.6736199947388523e-09,20.107958317690702,94.0,1,8.136966816292665,56.7775,7.6051
2025-01-01 08:33:00,2025-01-01 08:33:00,Class A,352002488_0,56.847817,7.65475,Under way using engine,0.0,13.9,27.0,25.0,9419137,3E2642,SIKAR,Tanker,No additional information,44.0,250.0,GPS,8.4,MTMLA>RUULU,05/01/2025 09:00:00,AIS,POINT (7.65475 56.847817),352002488_0,0 days 00:20:52,1.7580175208773e-07,21.110612066607757,0.0,0,8.09679571698144,56.847817,7.65475
2025-01-01 08:45:00,2025-01-01 08:45:00,Class A,352002488_0,56.887483,7.692733,Under way using engine,0.0,14.1,27.0,25.0,9419137,3E2642,SIKAR,Tanker,No additional information,44.0,250.0,GPS,8.4,MTMLA>RUULU,05/01/2025 09:00:00,AIS,POINT (7.692733 56.887483),352002488_0,0 days 00:12:00,3.0625764061571445e-07,27.610941841815304,0.0,0,8.06457320301986,56.887483,7.692733
2025-01-01 08:55:04,2025-01-01 08:55:04,Class A,352002488_0,56.921017,7.724833,Under way using engine,0.0,14.1,27.0,25.0,9419137,3E2642,SIKAR,Tanker,No additional information,44.0,250.0,GPS,8.4,MTMLA>RUULU,05/01/2025 09:00:00,AIS,POINT (7.724833 56.921017),352002488_0,0 days 00:10:04,8.589650619666767e-08,27.582162456064452,0.0,0,8.037535008710693,56.921017,7.724833
2025-01-01 09:26:00,2025-01-01 09:26:00,Class A,352002488_0,57.022017,7.836967,Under way using engine,0.0,14.3,28.0,30.0,9419137,3E2642,SIKAR,Tanker,No additional information,44.0,250.0,GPS,8.4,MTMLA>RUULU,05/01/2025 09:00:00,AIS,POINT (7.836967 57.022017),352002488_0,0 days 00:30:56,5.804725799780198e-08,31.13287995648585,0.0,0,7.941921661914451,57.022017,7.836967
2025-01-01 09:41:04,2025-01-01 09:41:04,Class A,352002488_0,57.071817,7.892267,Under way using engine,0.0,14.5,30.0,30.0,9419137,3E2642,SIKAR,Tanker,No additional information,44.0,250.0,GPS,8.4,MTMLA>RUULU,05/01/2025 09:00:00,AIS,POINT (7.892267 57.071817),352002488_0,0 days 00:15:04,9.273229877280329e-08,31.109916445705153,0.0,0,7.8954032464077475,57.071817,7.892267
2025-01-01 09:45:00,2025-01-01 09:45:00,Class A,352002488_0,57.084433,7.907,Under way using engine,0.0,14.3,33.0,30.0,9419137,3E2642,SIKAR,Tanker,No additional information,44.0,250.0,GPS,8.4,MTMLA>RUULU,05/01/2025 09:00:00,AIS,POINT (7.907 57.084433),352002488_0,0 days 00:03:56,-4.906928091221492e-07,32.396906288767525,0.0,0,7.882973047844639,57.084433,7.907
2025-01-01 10:30:02,2025-01-01 10:30:02,Class A,352002488_0,57.23165,8.076133,Under way using engine,0.0,14.4,35.0,30.0,9419137,3E2642,SIKAR,Tanker,No additional information,44.0,250.0,GPS,8.4,MTMLA>RUULU,05/01/2025 09:00:00,AIS,POINT (8.076133 57.23165),352002488_0,0 days 00:45:02,3.6221154969022315e-08,31.854301344734836,0.0,0,7.742778902381818,57.23165,8.076133
2025-01-01 10:31:04,2025-01-01 10:31:04,Class A,352002488_0,57.234717,8.080533,Under way using engine,0.0,14.2,31.0,30.0,9419137,3E2642,SIKAR,Tanker,No additional information,44.0,250.0,GPS,8.4,MTMLA>RUULU,05/01/2025 09:00:00,AIS,POINT (8.080533 57.234717),352002488_0,0 days 00:01:02,-2.792063413916932e-06,37.825720064815016,0.0,0,7.739039782960803,57.234717,8.080533
2025-01-01 12:05:00,2025-01-01 12:05:00,Class A,352002488_0,57.45285,8.632883,Under way using engine,0.0,14.8,56.0,58.0,9419137,3E2642,SIKAR,Tanker,No additional information,44.0,250.0,GPS,8.4,MTMLA>RUULU,05/01/2025 09:00:00,AIS,POINT (8.632883 57.45285),352002488_0,0 days 01:33:56,5.813744404381262e-08,53.56821401675393,94.0,1,7.245134806707808,57.45285,8.632883
2025-01-01 12:27:00,2025-01-01 12:27:00,Class A,352002488_0,57.498967,8.769317,Under way using engine,0.0,14.8,58.0,58.0,9419137,3E2642,SIKAR,Tanker,No additional information,44.0,250.0,GPS,8.4,MTMLA>RUULU,05/01/2025 09:00:00,AIS,POINT (8.769317 57.498967),352002488_0,0 days 00:22:00,9.979302817810233e-09,57.78539843059218,0.0,0,7.123595412976933,57.498967,8.769317
2025-01-01 12:33:00,2025-01-01 12:33:00,Class A,352002488_0,57.511367,8.806683,Under way using engine,0.0,14.2,57.0,58.0,9419137,3E2642,SIKAR,Tanker,No additional information,44.0,250.0,GPS,8.4,MTMLA>RUULU,05/01/2025 09:00:00,AIS,POINT (8.806683 57.511367),352002488_0,0 days 00:06:00,-3.0600062300167376e-08,58.27988426624097,0.0,0,7.090398854031415,57.511367,8.806683
2025-01-01 13:01:01,2025-01-01 13:01:01,Class A,352002488_0,57.568267,8.976567,Under way using engine,0.0,13.8,57.0,58.0,9419137,3E2642,SIKAR,Tanker,No additional information,44.0,250.0,GPS,8.4,MTMLA>RUULU,05/01/2025 09:00:00,AIS,POINT (8.976567 57.568267),352002488_0,0 days 00:28:01,-1.0653241242831272e-07,57.962243216462355,0.0,0,6.940420948241252,57.568267,8.976567
2025-01-01 13:02:01,2025-01-01 13:02:01,Class A,352002488_0,57.570183,8.982317,Under way using engine,0.0,13.8,57.0,58.0,9419137,3E2642,SIKAR,Tanker,No additional information,44.0,250.0,GPS,8.4,MTMLA>RUULU,05/01/2025 09:00:00,AIS,POINT (8.982317 57.570183),352002488_0,0 days 00:01:00,-6.3741784240310975e-06,58.1428475644056,0.0,0,6.9353663649299735,57.570183,8.982317
2025-01-01 13:03:01,2025-01-01 13:03:01,Class A,352002488_0,57.572083,8.98795,Under way using engine,0.0,13.7,57.0,58.0,9419137,3E2642,SIKAR,Tanker,No additional information,44.0,250.0,GPS,8.4,MTMLA>RUULU,05/01/2025 09:00:00,AIS,POINT (8.98795 57.572083),352002488_0,0 days 00:01:00,-1.9161731845889912e-06,57.82807579838703,0.0,0,6.930422185418793,57.572083,8.98795
2025-01-01 13:04:01,2025-01-01 13:04:01,Class A,352002488_0,57.573633,8.9932,Under way using engine,0.0,13.7,58.0,58.0,9419137,3E2642,SIKAR,Tanker,No additional information,44.0,250.0,GPS,8.4,MTMLA>RUULU,05/01/2025 09:00:00,AIS,POINT (8.9932 57.573633),352002488_0,0 days 00:01:00,-1.0984031503664515e-05,61.161286819049735,0.0,0,6.925757963157896,57.573633,8.9932
2025-01-01 13:05:01,2025-01-01 13:05:01,Class A,352002488_0,57.575517,8.998567,Under way using engine,0.0,13.6,57.0,58.0,9419137,3E2642,SIKAR,Tanker,No additional information,44.0,250.0,GPS,8.4,MTMLA>RUULU,05/01/2025 09:00:00,AIS,POINT (8.998567 57.575517),352002488_0,0 days 00:01:00,6.986692804783551e-06,56.78623516954963,0.0,0,6.921069293092361,57.575517,8.998567
2025-01-01 13:06:01,2025-01-01 13:06:01,Class A,352002488_0,57.577583,9.004717,Under way using engine,0.0,13.6,56.0,58.0,9419137,3E2642,SIKAR,Tanker,No additional information,44.0,250.0,GPS,8.4,MTMLA>RUULU,05/01/2025 09:00:00,AIS,POINT (9.004717 57.577583),352002488_0,0 days 00:01:00,1.399324315274067e-05,57.928495426452514,0.0,0,6.915674108704226,57.577583,9.004717
2025-01-01 13:07:01,2025-01-01 13:07:01,Class A,352002488_0,57.579683,9.0112,Under way using engine,0.0,13.5,58.0,58.0,9419137,3E2642,SIKAR,Tanker,No additional information,44.0,250.0,GPS,8.4,MTMLA>RUULU,05/01/2025 09:00:00,AIS,POINT (9.0112 57.579683),352002488_0,0 days 00:01:00,5.261301654438866e-06,58.857883557471496,0.0,0,6.909968394851383,57.579683,9.0112
2025-01-01 13:08:01,2025-01-01 13:08:01,Class A,352002488_0,57.581317,9.0155,Under way using engine,0.0,13.6,58.0,58.0,9419137,3E2642,SIKAR,Tanker,No additional information,44.0,250.0,GPS,8.4,MTMLA>RUULU,05/01/2025 09:00:00,AIS,POINT (9.0155 57.581317),352002488_0,0 days 00:01:00,-3.8280561365541955e-05,54.6690064816334,0.0,0,6.906248420671602,57.581317,9.0155
2025-01-01 13:09:01,2025-01-01 13:09:01,Class A,352002488_0,57.583467,9.022283,Under way using engine,0.0,13.5,57.0,58.0,9419137,3E2642,SIKAR,Tanker,No additional information,44.0,250.0,GPS,8.4,MTMLA>RUULU,05/01/2025 09:00:00,AIS,POINT (9.022283 57.583467),352002488_0,0 days 00:01:00,4.33446401454335e-05,59.402809253019655,0.0,0,6.90026993473806,57.583467,9.022283
2025-01-01 13:10:01,2025-01-01 13:10:01,Class A,352002488_0,57.5852,9.028117,Under way using engine,0.0,13.5,57.0,58.0,9419137,3E2642,SIKAR,Tanker,No additional information,44.0,250.0,GPS,8.4,MTMLA>RUULU,05/01/2025 09:00:00,AIS,POINT (9.028117 57.5852),352002488_0,0 days 00:01:00,-2.0098314978100175e-05,61.00488329817051,0.0,0,6.895098965671559,57.5852,9.028117
2025-01-01 13:11:01,2025-01-01 13:11:01,Class A,352002488_0,57.587167,9.033617,Under way using engine,0.0,13.5,58.0,58.0,9419137,3E2642,SIKAR,Tanker,No additional information,44.0,250.0,GPS,8.4,MTMLA>RUULU,05/01/2025 09:00:00,AIS,POINT (9.033617 57.587167),352002488_0,0 days 00:01:00,-9.854579900452133e-07,56.28669068951939,0.0,0,6.890313453188179,57.587167,9.033617
2025-01-01 13:12:01,2025-01-01 13:12:01,Class A,352002488_0,57.589067,9.0394,Under way using engine,0.0,13.4,58.0,58.0,9419137,3E2642,SIKAR,Tanker,No additional information,44.0,250.0,GPS,8.4,MTMLA>RUULU,05/01/2025 09:00:00,AIS,POINT (9.0394 57.589067),352002488_0,0 days 00:01:00,2.8438208091533864e-06,58.490813105714835,0.0,0,6.885238929668962,57.589067,9.0394
2025-01-01 13:13:00,2025-01-01 13:13:00,Class A,352002488_0,57.590833,9.044817,Under way using engine,0.0,13.4,58.0,58.0,9419137,3E2642,SIKAR,Tanker,No additional information,44.0,250.0,GPS,8.4,MTMLA>RUULU,05/01/2025 09:00:00,AIS,POINT (9.044817 57.590833),352002488_0,0 days 00:00:59,-5.663630485662841e-06,58.687344498869834,0.0,0,6.88048341111306,57.590833,9.044817
2025-01-01 13:14:00,2025-01-01 13:14:00,Class A,352002488_0,57.592683,9.050567,Under way using engine,0.0,13.4,59.0,58.0,9419137,3E2642,SIKAR,Tanker,No additional information,44.0,250.0,GPS,8.4,MTMLA>RUULU,05/01/2025 09:00:00,AIS,POINT (9.050567 57.592683),352002488_0,0 days 00:01:00,4.290954184247219e-06,59.02044059360446,0.0,0,6.875430598646314,57.592683,9.050567
2025-01-01 13:15:00,2025-01-01 13:15:00,Class A,352002488_0,57.594517,9.056133,Under way using engine,0.0,13.3,59.0,58.0,9419137,3E2642,SIKAR,Tanker,No additional information,44.0,250.0,GPS,8.4,MTMLA>RUULU,05/01/2025 09:00:00,AIS,POINT (9.056133 57.594517),352002488_0,0 days 00:01:00,-2.874362354482867e-06,58.41318959623413,0.0,0,6.8705524895928125,57.594517,9.056133
2025-01-01 13:16:00,2025-01-01 13:16:00,Class A,352002488_0,57.59635,9.0618,Under way using engine,0.0,13.3,58.0,58.0,9419137,3E2642,SIKAR,Tanker,No additional information,44.0,250.0,GPS,8.4,MTMLA>RUULU,05/01/2025 09:00:00,AIS,POINT (9.0618 57.59635),352002488_0,0 days 00:01:00,1.4134762896669152e-06,58.88353242726339,0.0,0,6.865578304217935,57.59635,9.0618
2025-01-01 13:17:00,2025-01-01 13:17:00,Class A,352002488_0,57.598133,9.06755,Under way using engine,0.0,13.3,58.0,58.0,9419137,3E2642,SIKAR,Tanker,No additional information,44.0,250.0,GPS,8.4,MTMLA>RUULU,05/01/2025 09:00:00,AIS,POINT (9.06755 57.598133),352002488_0,0 days 00:01:00,3.974864582522956e-07,59.94117075667975,0.0,0,6.860512346257019,57.598133,9.06755
2025-01-01 13:18:00,2025-01-01 13:18:00,Class A,352002488_0,57.5999,9.073083,Under way using engine,0.0,13.3,59.0,58.0,9419137,3E2642,SIKAR,Tanker,No additional information,44.0,250.0,GPS,8.4,MTMLA>RUULU,05/01/2025 09:00:00,AIS,POINT (9.073083 57.5999),352002488_0,0 days 00:01:00,-3.3637420246078233e-06,59.20310239450657,0.0,0,6.855652746797272,57.5999,9.073083
2025-01-01 13:19:00,2025-01-01 13:19:00,Class A,352002488_0,57.601733,9.078833,Under way using engine,0.0,13.3,58.0,58.0,9419137,3E2642,SIKAR,Tanker,No additional information,44.0,250.0,GPS,8.4,MTMLA>RUULU,05/01/2025 09:00:00,AIS,POINT (9.078833 57.601733),352002488_0,0 days 00:01:00,4.137380462817984e-06,59.2470731688299,0.0,0,6.850603238756863,57.601733,9.078833
2025-01-01 13:24:00,2025-01-01 13:24:00,Class A,352002488_0,57.6108,9.106617,Under way using engine,0.0,13.2,58.0,58.0,9419137,3E2642,SIKAR,Tanker,No additional information,44.0,250.0,GPS,8.4,MTMLA>RUULU,05/01/2025 09:00:00,AIS,POINT (9.106617 57.6108),352002488_0,0 days 00:05:00,-6.149079135927988e-07,58.64087832404334,0.0,0,6.826283289243495,57.6108,9.106617
2025-01-01 13:25:00,2025-01-01 13:25:00,Class A,352002488_0,57.612633,9.112617,Under way using engine,0.0,13.2,58.0,58.0,9419137,3E2642,SIKAR,Tanker,No additional information,44.0,250.0,GPS,8.4,MTMLA>RUULU,05/01/2025 09:00:00,AIS,POINT (9.112617 57.612633),352002488_0,0 days 00:01:00,6.638352156710534e-06,60.300026726407566,0.0,0,6.821002568728589,57.612633,9.112617
2025-01-01 13:26:00,2025-01-01 13:26:00,Class A,352002488_0,57.614417,9.11815,Under way using engine,0.0,13.1,58.0,58.0,9419137,3E2642,SIKAR,Tanker,No additional information,44.0,250.0,GPS,8.4,MTMLA>RUULU,05/01/2025 09:00:00,AIS,POINT (9.11815 57.614417),352002488_0,0 days 00:01:00,-7.462683521044227e-06,58.95118951143343,0.0,0,6.816159751805191,57.614417,9.11815
2025-01-01 13:27:00,2025-01-01 13:27:00,Class A,352002488_0,57.616117,9.12315,Under way using engine,0.0,13.1,59.0,58.0,9419137,3E2642,SIKAR,Tanker,No additional information,44.0,250.0,GPS,8.4,MTMLA>RUULU,05/01/2025 09:00:00,AIS,POINT (9.12315 57.616117),352002488_0,0 days 00:01:00,-8.899366517233578e-06,57.590510122607554,0.0,0,6.811808611457679,57.616117,9.12315
2025-01-01 13:42:01,2025-01-01 13:42:01,Class A,352002488_0,57.643617,9.20765,Under way using engine,0.0,13.2,58.0,57.0,9419137,3E2642,SIKAR,Tanker,No additional information,44.0,250.0,GPS,8.4,MTMLA>RUULU,05/01/2025 09:00:00,AIS,POINT (9.20765 57.643617),352002488_0,0 days 00:15:01,7.29654734486469e-07,58.67028716107791,0.0,0,6.738132625002939,57.643617,9.20765
2025-01-01 13:51:00,2025-01-01 13:51:00,Class A,352002488_0,57.658683,9.25505,Under way using engine,0.0,12.8,58.0,55.0,9419137,3E2642,SIKAR,Tanker,No additional information,44.0,250.0,GPS,8.4,MTMLA>RUULU,05/01/2025 09:00:00,AIS,POINT (9.25505 57.658683),352002488_0,0 days 00:08:59,-8.335031075784405e-07,59.26849269372184,0.0,0,6.696863943200952,57.658683,9.25505
2025-01-01 13:52:00,2025-01-01 13:52:00,Class A,352002488_0,57.661283,9.2629,Under way using engine,0.0,12.8,57.0,55.0,9419137,3E2642,SIKAR,Tanker,No additional information,44.0,250.0,GPS,8.4,MTMLA>RUULU,05/01/2025 09:00:00,AIS,POINT (9.2629 57.661283),352002488_0,0 days 00:01:00,5.1274586117139426e-05,58.232924699198406,0.0,0,6.690070189605262,57.661283,9.2629
2025-01-01 13:53:00,2025-01-01 13:53:00,Class A,352002488_0,57.662867,9.2674,Under way using engine,0.0,12.9,58.0,55.0,9419137,3E2642,SIKAR,Tanker,No additional information,44.0,250.0,GPS,8.4,MTMLA>RUULU,05/01/2025 09:00:00,AIS,POINT (9.2674 57.662867),352002488_0,0 days 00:01:00,-6.374542557991778e-05,56.65108328437333,0.0,0,6.686203715758965,57.662867,9.2674
2025-01-01 13:54:00,2025-01-01 13:54:00,Class A,352002488_0,57.664633,9.273017,Under way using engine,0.0,13.0,57.0,55.0,9419137,3E2642,SIKAR,Tanker,No additional information,44.0,250.0,GPS,8.4,MTMLA>RUULU,05/01/2025 09:00:00,AIS,POINT (9.273017 57.664633),352002488_0,0 days 00:01:00,1.8705350330799335e-05,59.55092416217872,0.0,0,6.6813191333599695,57.664633,9.273017
2025-01-01 13:55:00,2025-01-01 13:55:00,Class A,352002488_0,57.666533,9.278667,Under way using engine,0.0,13.0,57.0,56.0,9419137,3E2642,SIKAR,Tanker,No additional information,44.0,250.0,GPS,8.4,MTMLA>RUULU,05/01/2025 09:00:00,AIS,POINT (9.278667 57.666533),352002488_0,0 days 00:01:00,2.6147967082116734e-06,57.83875513470514,0.0,0,6.676442670973967,57.666533,9.278667
2025-01-01 13:56:00,2025-01-01 13:56:00,Class A,352002488_0,57.66875,9.284867,Under way using engine,0.0,13.0,58.0,55.0,9419137,3E2642,SIKAR,Tanker,No additional information,44.0,250.0,GPS,8.4,MTMLA>RUULU,05/01/2025 09:00:00,AIS,POINT (9.284867 57.66875),352002488_0,0 days 00:01:00,1.2979824050683622e-05,56.231170835762555,0.0,0,6.67113118951389,57.66875,9.284867
2025-01-01 13:57:00,2025-01-01 13:57:00,Class A,352002488_0,57.67055,9.2904,Under way using engine,0.0,13.0,57.0,55.0,9419137,3E2642,SIKAR,Tanker,No additional information,44.0,250.0,GPS,8.4,MTMLA>RUULU,05/01/2025 09:00:00,AIS,POINT (9.2904 57.67055),352002488_0,0 days 00:01:00,-1.6264193498577772e-05,58.68536041806567,0.0,0,6.666342051301298,57.67055,9.2904
2025-01-01 13:58:00,2025-01-01 13:58:00,Class A,352002488_0,57.672467,9.295867,Under way using engine,0.0,13.0,57.0,55.0,9419137,3E2642,SIKAR,Tanker,No additional information,44.0,250.0,GPS,8.4,MTMLA>RUULU,05/01/2025 09:00:00,AIS,POINT (9.295867 57.672467),352002488_0,0 days 00:01:00,1.0013137385763768e-06,56.744912914985264,0.0,0,6.6616512693315,57.672467,9.295867
2025-01-01 13:59:00,2025-01-01 13:59:00,Class A,352002488_0,57.674283,9.301383,Under way using engine,0.0,13.0,58.0,55.0,9419137,3E2642,SIKAR,Tanker,No additional information,44.0,250.0,GPS,8.4,MTMLA>RUULU,05/01/2025 09:00:00,AIS,POINT (9.301383 57.674283),352002488_0,0 days 00:01:00,-9.917742472840934e-07,58.37849738793693,0.0,0,6.656886331496581,57.674283,9.301383
2025-01-01 14:00:00,2025-01-01 14:00:00,Class A,352002488_0,57.676133,9.306883,Under way using engine,0.0,13.1,57.0,55.0,9419137,3E2642,SIKAR,Tanker,No additional information,44.0,250.0,GPS,8.4,MTMLA>RUULU,05/01/2025 09:00:00,AIS,POINT (9.306883 57.676133),352002488_0,0 days 00:01:00,3.258194979606441e-07,57.82578832803836,0.0,0,6.652148137681993,57.676133,9.306883
2025-01-01 14:01:00,2025-01-01 14:01:00,Class A,352002488_0,57.6779,9.311733,Under way using engine,0.0,13.1,59.0,55.0,9419137,3E2642,SIKAR,Tanker,No additional information,44.0,250.0,GPS,8.4,MTMLA>RUULU,05/01/2025 09:00:00,AIS,POINT (9.311733 57.6779),352002488_0,0 days 00:01:00,-1.0427709650252167e-05,55.72807766618689,0.0,0,6.6480103117902125,57.6779,9.311733
2025-01-01 14:02:01,2025-01-01 14:02:01,Class A,352002488_0,57.679717,9.3177,Under way using engine,0.0,13.1,57.0,55.0,9419137,3E2642,SIKAR,Tanker,No additional information,44.0,250.0,GPS,8.4,MTMLA>RUULU,05/01/2025 09:00:00,AIS,POINT (9.3177 57.679717),352002488_0,0 days 00:01:01,1.4435386902328936e-05,60.33463539352891,0.0,0,6.64281864879879,57.679717,9.3177
2025-01-01 14:03:01,2025-01-01 14:03:01,Class A,352002488_0,57.6812,9.32345,Under way using engine,0.0,13.0,57.0,55.0,9419137,3E2642,SIKAR,Tanker,No additional information,44.0,250.0,GPS,8.4,MTMLA>RUULU,05/01/2025 09:00:00,AIS,POINT (9.32345 57.6812),352002488_0,0 days 00:01:00,-6.126096995697416e-06,64.24469902475869,0.0,0,6.637740198783618,57.6812,9.32345
2025-01-01 14:06:00,2025-01-01 14:06:00,Class A,352002488_0,57.687067,9.33975,Under way using engine,0.0,12.9,58.0,55.0,9419137,3E2642,SIKAR,Tanker,No additional information,44.0,250.0,GPS,8.4,MTMLA>RUULU,05/01/2025 09:00:00,AIS,POINT (9.33975 57.687067),352002488_0,0 days 00:02:59,1.1127883713626072e-06,56.04061011740379,0.0,0,6.623833701303875,57.687067,9.33975
2025-01-01 14:07:00,2025-01-01 14:07:00,Class A,352002488_0,57.68885,9.3453,Under way using engine,0.0,12.9,58.0,55.0,9419137,3E2642,SIKAR,Tanker,No additional information,44.0,250.0,GPS,8.4,MTMLA>RUULU,05/01/2025 09:00:00,AIS,POINT (9.3453 57.68885),352002488_0,0 days 00:01:00,-1.8474270719462566e-06,58.991099091373655,0.0,0,6.619039995750744,57.68885,9.3453
2025-01-01 14:08:00,2025-01-01 14:08:00,Class A,352002488_0,57.690583,9.350733,Under way using engine,0.0,12.9,59.0,55.0,9419137,3E2642,SIKAR,Tanker,No additional information,44.0,250.0,GPS,8.4,MTMLA>RUULU,05/01/2025 09:00:00,AIS,POINT (9.350733 57.690583),352002488_0,0 days 00:01:00,-2.4612824398813636e-06,59.17016818282639,0.0,0,6.614345346825034,57.690583,9.350733
2025-01-01 14:09:00,2025-01-01 14:09:00,Class A,352002488_0,57.6923,9.3564,Under way using engine,0.0,12.9,57.0,55.0,9419137,3E2642,SIKAR,Tanker,No additional information,44.0,250.0,GPS,8.4,MTMLA>RUULU,05/01/2025 09:00:00,AIS,POINT (9.3564 57.6923),352002488_0,0 days 00:01:00,3.1004946498839214e-06,60.44981935685803,0.0,0,6.6094237759011945,57.6923,9.3564
2025-01-01 14:18:00,2025-01-01 14:18:00,Class A,352002488_0,57.708233,9.403633,Under way using engine,0.0,12.6,57.0,55.0,9419137,3E2642,SIKAR,Tanker,No additional information,44.0,250.0,GPS,8.4,MTMLA>RUULU,05/01/2025 09:00:00,AIS,POINT (9.403633 57.708233),352002488_0,0 days 00:09:00,-5.700693076833057e-07,57.71631538967779,0.0,0,6.568947317787379,57.708233,9.403633
2025-01-01 14:19:00,2025-01-01 14:19:00,Class A,352002488_0,57.710083,9.40895,Under way using engine,0.0,12.7,57.0,54.0,9419137,3E2642,SIKAR,Tanker,No additional information,44.0,250.0,GPS,8.4,MTMLA>RUULU,05/01/2025 09:00:00,AIS,POINT (9.40895 57.710083),352002488_0,0 days 00:01:00,2.271546821273794e-06,56.921186960047294,0.0,0,6.564415682156713,57.710083,9.40895
2025-01-01 14:20:00,2025-01-01 14:20:00,Class A,352002488_0,57.71215,9.414767,Under way using engine,0.0,12.7,56.0,54.0,9419137,3E2642,SIKAR,Tanker,No additional information,44.0,250.0,GPS,8.4,MTMLA>RUULU,05/01/2025 09:00:00,AIS,POINT (9.414767 57.71215),352002488_0,0 days 00:01:00,1.060157043292932e-05,56.36600879625615,0.0,0,6.559472613122567,57.71215,9.414767
2025-01-01 14:21:00,2025-01-01 14:21:00,Class A,352002488_0,57.71385,9.41955,Under way using engine,0.0,12.7,57.0,56.0,9419137,3E2642,SIKAR,Tanker,No additional information,44.0,250.0,GPS,8.4,MTMLA>RUULU,05/01/2025 09:00:00,AIS,POINT (9.41955 57.71385),352002488_0,0 days 00:01:00,-2.0546833689977228e-05,56.358553328325684,0.0,0,6.555409886105369,57.71385,9.41955
2025-01-01 14:22:00,2025-01-01 14:22:00,Class A,352002488_0,57.715717,9.424967,Under way using engine,0.0,12.7,58.0,55.0,9419137,3E2642,SIKAR,Tanker,No additional information,44.0,250.0,GPS,8.4,MTMLA>RUULU,05/01/2025 09:00:00,AIS,POINT (9.424967 57.715717),352002488_0,0 days 00:01:00,1.1609558169589742e-05,57.16515580821846,0.0,0,6.550792979860224,57.715717,9.424967
2025-01-01 14:23:00,2025-01-01 14:23:00,Class A,352002488_0,57.7174,9.4302,Under way using engine,0.0,12.7,57.0,55.0,9419137,3E2642,SIKAR,Tanker,No additional information,44.0,250.0,GPS,8.4,MTMLA>RUULU,05/01/2025 09:00:00,AIS,POINT (9.4302 57.7174),352002488_0,0 days 00:01:00,-5.598255916890417e-06,58.94356454377123,0.0,0,6.546298627640508,57.7174,9.4302
2025-01-01 14:24:01,2025-01-01 14:24:01,Class A,352002488_0,57.719217,9.435383,Under way using engine,0.0,12.6,56.0,55.0,9419137,3E2642,SIKAR,Tanker,No additional information,44.0,250.0,GPS,8.4,MTMLA>RUULU,05/01/2025 09:00:00,AIS,POINT (9.435383 57.719217),352002488_0,0 days 00:01:01,-1.7886382072316893e-07,56.71709445203527,0.0,0,6.541893527049336,57.719217,9.435383
2025-01-01 14:25:01,2025-01-01 14:25:01,Class A,352002488_0,57.721033,9.440717,Under way using engine,0.0,12.6,57.0,56.0,9419137,3E2642,SIKAR,Tanker,No additional information,44.0,250.0,GPS,8.4,MTMLA>RUULU,05/01/2025 09:00:00,AIS,POINT (9.440717 57.721033),352002488_0,0 days 00:01:00,3.7611799294596984e-06,57.48045486794541,0.0,0,6.537345681023912,57.721033,9.440717
2025-01-01 14:26:01,2025-01-01 14:26:01,Class A,352002488_0,57.7228,9.446067,Under way using engine,0.0,12.6,58.0,55.0,9419137,3E2642,SIKAR,Tanker,No additional information,44.0,250.0,GPS,8.4,MTMLA>RUULU,05/01/2025 09:00:00,AIS,POINT (9.446067 57.7228),352002488_0,0 days 00:01:00,-5.843191511185983e-07,58.26223197379454,0.0,0,6.532769588666433,57.7228,9.446067
2025-01-01 14:27:01,2025-01-01 14:27:01,Class A,352002488_0,57.724483,9.451267,Under way using engine,0.0,12.6,58.0,55.0,9419137,3E2642,SIKAR,Tanker,No additional information,44.0,250.0,GPS,8.4,MTMLA>RUULU,05/01/2025 09:00:00,AIS,POINT (9.451267 57.724483),352002488_0,0 days 00:01:00,-3.477245224308764e-06,58.778195031238965,0.0,0,6.528313048483659,57.724483,9.451267
2025-01-01 14:36:00,2025-01-01 14:36:00,Class A,352002488_0,57.739767,9.49865,Under way using engine,0.0,12.3,58.0,55.0,9419137,3E2642,SIKAR,Tanker,No additional information,44.0,250.0,GPS,8.4,MTMLA>RUULU,05/01/2025 09:00:00,AIS,POINT (9.49865 57.739767),352002488_0,0 days 00:08:59,1.483414255942968e-07,58.84009636877562,0.0,0,6.487759913493178,57.739767,9.49865
2025-01-01 14:37:00,2025-01-01 14:37:00,Class A,352002488_0,57.74145,9.503983,Under way using engine,0.0,12.4,58.0,55.0,9419137,3E2642,SIKAR,Tanker,No additional information,44.0,250.0,GPS,8.4,MTMLA>RUULU,05/01/2025 09:00:00,AIS,POINT (9.503983 57.74145),352002488_0,0 days 00:01:00,5.218338535011198e-07,59.40398856459939,0.0,0,6.483192335413858,57.74145,9.503983
2025-01-01 14:38:00,2025-01-01 14:38:00,Class A,352002488_0,57.74315,9.509283,Under way using engine,0.0,12.3,58.0,55.0,9419137,3E2642,SIKAR,Tanker,No additional information,44.0,250.0,GPS,8.4,MTMLA>RUULU,05/01/2025 09:00:00,AIS,POINT (9.509283 57.74315),352002488_0,0 days 00:01:00,-2.0380349719474263e-07,58.99314677409916,0.0,0,6.478662977665144,57.74315,9.509283
2025-01-01 14:39:01,2025-01-01 14:39:01,Class A,352002488_0,57.744883,9.514567,Under way using engine,0.0,12.4,58.0,55.0,9419137,3E2642,SIKAR,Tanker,No additional information,44.0,250.0,GPS,8.4,MTMLA>RUULU,05/01/2025 09:00:00,AIS,POINT (9.514567 57.744883),352002488_0,0 days 00:01:01,-1.3587955161152143e-06,58.4261958328986,0.0,0,6.474160555717011,57.744883,9.514567
2025-01-01 14:40:01,2025-01-01 14:40:01,Class A,352002488_0,57.746583,9.52,Under way using engine,0.0,12.4,59.0,55.0,9419137,3E2642,SIKAR,Tanker,No additional information,44.0,250.0,GPS,8.4,MTMLA>RUULU,05/01/2025 09:00:00,AIS,POINT (9.52 57.746583),352002488_0,0 days 00:01:00,3.267151847553366e-06,59.614006324650916,0.0,0,6.4695078308048295,57.746583,9.52
2025-01-01 14:41:01,2025-01-01 14:41:01,Class A,352002488_0,57.748283,9.525333,Under way using engine,0.0,12.4,58.0,55.0,9419137,3E2642,SIKAR,Tanker,No additional information,44.0,250.0,GPS,8.4,MTMLA>RUULU,05/01/2025 09:00:00,AIS,POINT (9.525333 57.748283),352002488_0,0 days 00:01:00,-1.4278635309308146e-06,59.146342415010565,0.0,0,6.464951955155274,57.748283,9.525333
2025-01-01 14:42:01,2025-01-01 14:42:01,Class A,352002488_0,57.75005,9.530733,Under way using engine,0.0,12.4,59.0,55.0,9419137,3E2642,SIKAR,Tanker,No additional information,44.0,250.0,GPS,8.4,MTMLA>RUULU,05/01/2025 09:00:00,AIS,POINT (9.530733 57.75005),352002488_0,0 days 00:01:00,2.016758074797088e-06,58.480914756068216,0.0,0,6.460354525222978,57.75005,9.530733
2025-01-01 14:43:01,2025-01-01 14:43:01,Class A,352002488_0,57.751733,9.5361,Under way using engine,0.0,12.4,60.0,55.0,9419137,3E2642,SIKAR,Tanker,No additional information,44.0,250.0,GPS,8.4,MTMLA>RUULU,05/01/2025 09:00:00,AIS,POINT (9.5361 57.751733),352002488_0,0 days 00:01:00,-1.8076517981141313e-06,59.556134707601586,0.0,0,6.455764388981758,57.751733,9.5361
2025-01-01 14:44:01,2025-01-01 14:44:01,Class A,352002488_0,57.7534,9.541333,Under way using engine,0.0,12.5,59.0,55.0,9419137,3E2642,SIKAR,Tanker,No additional information,44.0,250.0,GPS,8.4,MTMLA>RUULU,05/01/2025 09:00:00,AIS,POINT (9.541333 57.7534),352002488_0,0 days 00:01:00,-2.163206083491597e-06,59.15978821588425,0.0,0,6.451298448038891,57.7534,9.541333
2025-01-01 14:45:00,2025-01-01 14:45:00,Class A,352002488_0,57.754833,9.54585,Under way using engine,0.0,12.4,59.0,55.0,9419137,3E2642,SIKAR,Tanker,No additional information,44.0,250.0,GPS,8.4,MTMLA>RUULU,05/01/2025 09:00:00,AIS,POINT (9.54585 57.754833),352002488_0,0 days 00:00:59,-1.2619078126910319e-05,59.26277804928617,0.0,0,6.447443005389423,57.754833,9.54585
2025-01-01 14:46:01,2025-01-01 14:46:01,Class A,352002488_0,57.756817,9.55205,Under way using engine,0.0,12.4,59.0,55.0,9419137,3E2642,SIKAR,Tanker,No additional information,44.0,250.0,GPS,8.4,MTMLA>RUULU,05/01/2025 09:00:00,AIS,POINT (9.55205 57.756817),352002488_0,0 days 00:01:01,2.8722436956822325e-05,59.042870594353246,0.0,0,6.442158248733804,57.756817,9.55205
2025-01-01 14:47:01,2025-01-01 14:47:01,Class A,352002488_0,57.758483,9.557383,Under way using engine,0.0,12.5,59.0,55.0,9419137,3E2642,SIKAR,Tanker,No additional information,44.0,250.0,GPS,8.4,MTMLA>RUULU,05/01/2025 09:00:00,AIS,POINT (9.557383 57.758483),352002488_0,0 days 00:01:00,-1.5394375209624105e-05,59.6464249130284,0.0,0,6.437601749632078,57.758483,9.557383
2025-01-01 14:48:01,2025-01-01 14:48:01,Class A,352002488_0,57.760167,9.562683,Under way using engine,0.0,12.4,58.0,55.0,9419137,3E2642,SIKAR,Tanker,No additional information,44.0,250.0,GPS,8.4,MTMLA>RUULU,05/01/2025 09:00:00,AIS,POINT (9.562683 57.760167),352002488_0,0 days 00:01:00,-1.9083613909384154e-07,59.21996625198295,0.0,0,6.433083829490333,57.760167,9.562683
2025-01-01 14:49:01,2025-01-01 14:49:01,Class A,352002488_0,57.762,9.567983,Under way using engine,0.0,12.3,60.0,56.0,9419137,3E2642,SIKAR,Tanker,No additional information,44.0,250.0,GPS,8.4,MTMLA>RUULU,05/01/2025 09:00:00,AIS,POINT (9.567983 57.762),352002488_0,0 days 00:01:00,2.42711861718744e-06,57.04144661982332,0.0,0,6.428613797489238,57.762,9.567983
2025-01-01 14:50:01,2025-01-01 14:50:01,Class A,352002488_0,57.763567,9.573433,Under way using engine,0.0,12.3,60.0,55.0,9419137,3E2642,SIKAR,Tanker,No additional information,44.0,250.0,GPS,8.4,MTMLA>RUULU,05/01/2025 09:00:00,AIS,POINT (9.573433 57.763567),352002488_0,0 days 00:01:00,-2.0584357258276634e-06,61.67249290873701,0.0,0,6.423920281358573,57.763567,9.573433
2025-01-01 14:51:01,2025-01-01 14:51:01,Class A,352002488_0,57.7652,9.5787,Under way using engine,0.0,12.2,58.0,55.0,9419137,3E2642,SIKAR,Tanker,No additional information,44.0,250.0,GPS,8.4,MTMLA>RUULU,05/01/2025 09:00:00,AIS,POINT (9.5787 57.7652),352002488_0,0 days 00:01:00,-1.6487154948232265e-06,59.83018407109802,0.0,0,6.419422796408412,57.7652,9.5787
2025-01-01 14:52:01,2025-01-01 14:52:01,Class A,352002488_0,57.7668,9.583933,Under way using engine,0.0,12.2,63.0,63.0,9419137,3E2642,SIKAR,Tanker,No additional information,44.0,250.0,GPS,8.4,MTMLA>RUULU,05/01/2025 09:00:00,AIS,POINT (9.583933 57.7668),352002488_0,0 days 00:01:00,-1.0000854068725491e-06,60.1748750148393,0.0,0,6.414948912194782,57.7668,9.583933
2025-01-01 14:53:01,2025-01-01 14:53:01,Class A,352002488_0,57.7681,9.589583,Under way using engine,0.0,12.2,68.0,64.0,9419137,3E2642,SIKAR,Tanker,No additional information,44.0,250.0,GPS,8.4,MTMLA>RUULU,05/01/2025 09:00:00,AIS,POINT (9.589583 57.7681),352002488_0,0 days 00:01:00,2.0214662202156126e-06,66.66239503393342,0.0,0,6.40998674435985,57.7681,9.589583
2025-01-01 14:54:01,2025-01-01 14:54:01,Class A,352002488_0,57.7693,9.595217,Under way using engine,0.0,12.3,67.0,64.0,9419137,3E2642,SIKAR,Tanker,No additional information,44.0,250.0,GPS,8.4,MTMLA>RUULU,05/01/2025 09:00:00,AIS,POINT (9.595217 57.7693),352002488_0,0 days 00:01:00,-1.4320473396082708e-06,68.22796530279703,0.0,0,6.405009905363535,57.7693,9.595217
2025-01-01 14:55:01,2025-01-01 14:55:01,Class A,352002488_0,57.770383,9.6009,Under way using engine,0.0,12.3,68.0,67.0,9419137,3E2642,SIKAR,Tanker,No additional information,44.0,250.0,GPS,8.4,MTMLA>RUULU,05/01/2025 09:00:00,AIS,POINT (9.6009 57.770383),352002488_0,0 days 00:01:00,-5.232789217802491e-07,70.33459186589869,0.0,0,6.399951208098779,57.770383,9.6009
2025-01-01 14:56:01,2025-01-01 14:56:01,Class A,352002488_0,57.77145,9.60675,Under way using engine,0.0,12.4,72.0,69.0,9419137,3E2642,SIKAR,Tanker,No additional information,44.0,250.0,GPS,8.4,MTMLA>RUULU,05/01/2025 09:00:00,AIS,POINT (9.60675 57.77145),352002488_0,0 days 00:01:00,2.440778214670217e-06,71.11658762840608,0.0,0,6.394730147648766,57.77145,9.60675
2025-01-01 14:57:01,2025-01-01 14:57:01,Class A,352002488_0,57.772367,9.61275,Under way using engine,0.0,12.4,73.0,72.0,9419137,3E2642,SIKAR,Tanker,No additional information,44.0,250.0,GPS,8.4,MTMLA>RUULU,05/01/2025 09:00:00,AIS,POINT (9.61275 57.772367),352002488_0,0 days 00:01:00,9.756726976320954e-07,74.00594331490515,0.0,0,6.389320844779123,57.772367,9.61275
2025-01-01 14:58:01,2025-01-01 14:58:01,Class A,352002488_0,57.773333,9.618933,Under way using engine,0.0,12.4,77.0,74.0,9419137,3E2642,SIKAR,Tanker,No additional information,44.0,250.0,GPS,8.4,MTMLA>RUULU,05/01/2025 09:00:00,AIS,POINT (9.618933 57.773333),352002488_0,0 days 00:01:00,3.3245482459224804e-06,73.66832203754797,0.0,0,6.383754412496301,57.773333,9.618933
2025-01-01 14:59:01,2025-01-01 14:59:01,Class A,352002488_0,57.774083,9.625033,Under way using engine,0.0,12.5,77.0,75.0,9419137,3E2642,SIKAR,Tanker,No additional information,44.0,250.0,GPS,8.4,MTMLA>RUULU,05/01/2025 09:00:00,AIS,POINT (9.625033 57.774083),352002488_0,0 days 00:01:00,-3.0188329075631764e-06,77.0140476409806,0.0,0,6.378200046648426,57.774083,9.625033
2025-01-01 15:00:01,2025-01-01 15:00:01,Class A,352002488_0,57.774733,9.63115,Under way using engine,0.0,12.4,77.0,76.0,9419137,3E2642,SIKAR,Tanker,No additional information,44.0,250.0,GPS,8.4,MTMLA>RUULU,05/01/2025 09:00:00,AIS,POINT (9.63115 57.774733),352002488_0,0 days 00:01:00,-3.759148625827382e-07,78.72773640865444,0.0,0,6.3725991169023795,57.774733,9.63115
2025-01-01 15:01:01,2025-01-01 15:01:01,Class A,352002488_0,57.77535,9.637333,Under way using engine,0.0,12.5,80.0,79.0,9419137,3E2642,SIKAR,Tanker,No additional information,44.0,250.0,GPS,8.4,MTMLA>RUULU,05/01/2025 09:00:00,AIS,POINT (9.637333 57.77535),352002488_0,0 days 00:01:00,8.761370386487031e-07,79.39783236892146,0.0,0,6.366926162314827,57.77535,9.637333
2025-01-01 15:02:01,2025-01-01 15:02:01,Class A,352002488_0,57.77575,9.643567,Under way using engine,0.0,12.5,82.0,79.0,9419137,3E2642,SIKAR,Tanker,No additional information,44.0,250.0,GPS,8.4,MTMLA>RUULU,05/01/2025 09:00:00,AIS,POINT (9.643567 57.77575),352002488_0,0 days 00:01:00,-1.853942411573992e-07,83.1359710445131,0.0,0,6.361137279630508,57.77575,9.643567
2025-01-01 15:11:01,2025-01-01 15:11:01,Class A,352002488_0,57.777833,9.700133,Under way using engine,0.0,12.6,88.0,84.0,9419137,3E2642,SIKAR,Tanker,No additional information,44.0,250.0,GPS,8.4,MTMLA>RUULU,05/01/2025 09:00:00,AIS,POINT (9.700133 57.777833),352002488_0,0 days 00:09:00,3.8583554936382615e-08,86.02548487410377,0.0,0,6.3081568046511025,57.777833,9.700133
2025-01-01 15:12:01,2025-01-01 15:12:01,Class A,352002488_0,57.777917,9.70635,Under way using engine,0.0,12.6,87.0,83.0,9419137,3E2642,SIKAR,Tanker,No additional information,44.0,250.0,GPS,8.4,MTMLA>RUULU,05/01/2025 09:00:00,AIS,POINT (9.70635 57.777917),352002488_0,0 days 00:01:00,-1.3424271853214724e-06,88.5458084201016,0.0,0,6.302291460249121,57.777917,9.70635
2025-01-01 15:13:01,2025-01-01 15:13:01,Class A,352002488_0,57.778,9.712783,Under way using engine,0.0,12.6,89.0,84.0,9419137,3E2642,SIKAR,Tanker,No additional information,44.0,250.0,GPS,8.4,MTMLA>RUULU,05/01/2025 09:00:00,AIS,POINT (9.712783 57.778),352002488_0,0 days 00:01:00,3.567815733066867e-06,88.61112688831236,0.0,0,6.2962217932081295,57.778,9.712783
2025-01-01 15:14:01,2025-01-01 15:14:01,Class A,352002488_0,57.778017,9.719017,Under way using engine,0.0,12.6,89.0,84.0,9419137,3E2642,SIKAR,Tanker,No additional information,44.0,250.0,GPS,8.4,MTMLA>RUULU,05/01/2025 09:00:00,AIS,POINT (9.719017 57.778017),352002488_0,0 days 00:01:00,-3.3187455178313937e-06,89.70433446563607,0.0,0,6.290320290683615,57.778017,9.719017
2025-01-01 15:15:01,2025-01-01 15:15:01,Class A,352002488_0,57.778067,9.72545,Under way using engine,0.0,12.6,88.0,81.0,9419137,3E2642,SIKAR,Tanker,No additional information,44.0,250.0,GPS,8.4,MTMLA>RUULU,05/01/2025 09:00:00,AIS,POINT (9.72545 57.778067),352002488_0,0 days 00:01:00,3.2987489926980154e-06,89.16214182232909,0.0,0,6.284241465390155,57.778067,9.72545
2025-01-01 15:16:01,2025-01-01 15:16:01,Class A,352002488_0,57.7782,9.731683,Under way using engine,0.0,12.6,87.0,81.0,9419137,3E2642,SIKAR,Tanker,No additional information,44.0,250.0,GPS,8.4,MTMLA>RUULU,05/01/2025 09:00:00,AIS,POINT (9.731683 57.7782),352002488_0,0 days 00:01:00,-3.2348330632983997e-06,87.7056728324414,0.0,0,6.278379396585474,57.7782,9.731683
2025-01-01 15:17:00,2025-01-01 15:17:00,Class A,352002488_0,57.778417,9.737683,Under way using engine,0.0,12.5,86.0,81.0,9419137,3E2642,SIKAR,Tanker,No additional information,44.0,250.0,GPS,8.4,MTMLA>RUULU,05/01/2025 09:00:00,AIS,POINT (9.737683 57.778417),352002488_0,0 days 00:00:59,-2.0561778773568533e-06,86.11703944271903,0.0,0,6.272765678092079,57.778417,9.737683
2025-01-01 15:18:00,2025-01-01 15:18:00,Class A,352002488_0,57.778633,9.744,Under way using engine,0.0,12.5,86.0,81.0,9419137,3E2642,SIKAR,Tanker,No additional information,44.0,250.0,GPS,8.4,MTMLA>RUULU,05/01/2025 09:00:00,AIS,POINT (9.744 57.778633),352002488_0,0 days 00:01:00,3.5405696124914294e-06,86.32800072989875,0.0,0,6.2668521474058245,57.778633,9.744
2025-01-01 15:19:00,2025-01-01 15:19:00,Class A,352002488_0,57.778817,9.75,Under way using engine,0.0,12.5,87.0,81.0,9419137,3E2642,SIKAR,Tanker,No additional information,44.0,250.0,GPS,8.4,MTMLA>RUULU,05/01/2025 09:00:00,AIS,POINT (9.75 57.778817),352002488_0,0 days 00:01:00,-5.290023522813945e-06,86.7056983656799,0.0,0,6.261229305098879,57.778817,9.75
2025-01-01 15:20:00,2025-01-01 15:20:00,Class A,352002488_0,57.779,9.756333,Under way using engine,0.0,12.5,87.0,81.0,9419137,3E2642,SIKAR,Tanker,No additional information,44.0,250.0,GPS,8.4,MTMLA>RUULU,05/01/2025 09:00:00,AIS,POINT (9.756333 57.779),352002488_0,0 days 00:01:00,5.492713516168903e-06,86.89519518823374,0.0,0,6.255291553658312,57.779,9.756333
2025-01-01 15:21:00,2025-01-01 15:21:00,Class A,352002488_0,57.779183,9.762433,Under way using engine,0.0,12.5,86.0,80.0,9419137,3E2642,SIKAR,Tanker,No additional information,44.0,250.0,GPS,8.4,MTMLA>RUULU,05/01/2025 09:00:00,AIS,POINT (9.762433 57.779183),352002488_0,0 days 00:01:00,-3.845444699939364e-06,86.77703123643522,0.0,0,6.249575167742685,57.779183,9.762433
2025-01-01 15:22:00,2025-01-01 15:22:00,Class A,352002488_0,57.779433,9.768667,Under way using engine,0.0,12.4,87.0,81.0,9419137,3E2642,SIKAR,Tanker,No additional information,44.0,250.0,GPS,8.4,MTMLA>RUULU,05/01/2025 09:00:00,AIS,POINT (9.768667 57.779433),352002488_0,0 days 00:01:00,2.345033286404053e-06,85.69602529269974,0.0,0,6.243754269716416,57.779433,9.768667
2025-01-01 15:23:00,2025-01-01 15:23:00,Class A,352002488_0,57.779583,9.774983,Under way using engine,0.0,12.4,86.0,81.0,9419137,3E2642,SIKAR,Tanker,No additional information,44.0,250.0,GPS,8.4,MTMLA>RUULU,05/01/2025 09:00:00,AIS,POINT (9.774983 57.779583),352002488_0,0 days 00:01:00,1.167819380081993e-06,87.4469074549894,0.0,0,6.237824293378742,57.779583,9.774983
2025-01-01 15:24:00,2025-01-01 15:24:00,Class A,352002488_0,57.77975,9.7812,Under way using engine,0.0,12.4,85.0,81.0,9419137,3E2642,SIKAR,Tanker,No additional information,44.0,250.0,GPS,8.4,MTMLA>RUULU,05/01/2025 09:00:00,AIS,POINT (9.7812 57.77975),352002488_0,0 days 00:01:00,-1.6098754009044852e-06,87.11320482469233,0.0,0,6.231994262461094,57.77975,9.7812
2025-01-01 15:25:00,2025-01-01 15:25:00,Class A,352002488_0,57.779967,9.787517,Under way using engine,0.0,12.4,86.0,81.0,9419137,3E2642,SIKAR,Tanker,No additional information,44.0,250.0,GPS,8.4,MTMLA>RUULU,05/01/2025 09:00:00,AIS,POINT (9.787517 57.779967),352002488_0,0 days 00:01:00,1.7379181956299947e-06,86.31092404038839,0.0,0,6.2260865292241165,57.779967,9.787517
2025-01-01 15:26:00,2025-01-01 15:26:00,Class A,352002488_0,57.780117,9.793617,Under way using engine,0.0,12.4,86.0,81.0,9419137,3E2642,SIKAR,Tanker,No additional information,44.0,250.0,GPS,8.4,MTMLA>RUULU,05/01/2025 09:00:00,AIS,POINT (9.793617 57.780117),352002488_0,0 days 00:01:00,-3.6956364014718855e-06,87.35677547340094,0.0,0,6.220363230164778,57.780117,9.793617
2025-01-01 15:27:00,2025-01-01 15:27:00,Class A,352002488_0,57.780317,9.7998,Under way using engine,0.0,12.3,87.0,81.0,9419137,3E2642,SIKAR,Tanker,No additional information,44.0,250.0,GPS,8.4,MTMLA>RUULU,05/01/2025 09:00:00,AIS,POINT (9.7998 57.780317),352002488_0,0 days 00:01:00,1.4516068712128588e-06,86.52556636408428,0.0,0,6.21457833366263,57.780317,9.7998
2025-01-01 15:28:00,2025-01-01 15:28:00,Class A,352002488_0,57.780383,9.806267,Under way using engine,0.0,12.3,86.0,81.0,9419137,3E2642,SIKAR,Tanker,No additional information,44.0,250.0,GPS,8.4,MTMLA>RUULU,05/01/2025 09:00:00,AIS,POINT (9.806267 57.780383),352002488_0,0 days 00:01:00,4.525421817448274e-06,88.9006653949794,0.0,0,6.2084821000629455,57.780383,9.806267
2025-01-01 15:29:00,2025-01-01 15:29:00,Class A,352002488_0,57.780567,9.812367,Under way using engine,0.0,12.3,85.0,81.0,9419137,3E2642,SIKAR,Tanker,No additional information,44.0,250.0,GPS,8.4,MTMLA>RUULU,05/01/2025 09:00:00,AIS,POINT (9.812367 57.780567),352002488_0,0 days 00:01:00,-5.9243973215435956e-06,86.75934699099957,0.0,0,6.202772047414445,57.780567,9.812367
2025-01-01 15:30:01,2025-01-01 15:30:01,Class A,352002488_0,57.780717,9.818783,Under way using engine,0.0,12.3,87.0,81.0,9419137,3E2642,SIKAR,Tanker,No additional information,44.0,250.0,GPS,8.4,MTMLA>RUULU,05/01/2025 09:00:00,AIS,POINT (9.818783 57.780717),352002488_0,0 days 00:01:01,3.366701848885981e-06,87.48648605064801,0.0,0,6.196752852280782,57.780717,9.818783
2025-01-01 15:31:01,2025-01-01 15:31:01,Class A,352002488_0,57.7809,9.824783,Under way using engine,0.0,12.4,85.0,81.0,9419137,3E2642,SIKAR,Tanker,No additional information,44.0,250.0,GPS,8.4,MTMLA>RUULU,05/01/2025 09:00:00,AIS,POINT (9.824783 57.7809),352002488_0,0 days 00:01:00,-5.0754421529935164e-06,86.72336080733731,0.0,0,6.1911385560064,57.7809,9.824783
2025-01-01 15:32:01,2025-01-01 15:32:01,Class A,352002488_0,57.78105,9.831,Under way using engine,0.0,12.4,87.0,81.0,9419137,3E2642,SIKAR,Tanker,No additional information,44.0,250.0,GPS,8.4,MTMLA>RUULU,05/01/2025 09:00:00,AIS,POINT (9.831 57.78105),352002488_0,0 days 00:01:00,3.5289316904394633e-06,87.40628597493736,0.0,0,6.185309074359017,57.78105,9.831
2025-01-01 15:33:01,2025-01-01 15:33:01,Class A,352002488_0,57.781233,9.837283,Under way using engine,0.0,12.4,85.0,81.0,9419137,3E2642,SIKAR,Tanker,No additional information,44.0,250.0,GPS,8.4,MTMLA>RUULU,05/01/2025 09:00:00,AIS,POINT (9.837283 57.781233),352002488_0,0 days 00:01:00,1.1397219781534347e-06,86.8703854193754,0.0,0,6.179428718568246,57.781233,9.837283
2025-01-01 15:34:01,2025-01-01 15:34:01,Class A,352002488_0,57.78145,9.84355,Under way using engine,0.0,12.5,86.0,81.0,9419137,3E2642,SIKAR,Tanker,No additional information,44.0,250.0,GPS,8.4,MTMLA>RUULU,05/01/2025 09:00:00,AIS,POINT (9.84355 57.78145),352002488_0,0 days 00:01:00,-2.018638235915405e-07,86.28146380068972,0.0,0,6.173575382908027,57.78145,9.84355
2025-01-01 15:35:01,2025-01-01 15:35:01,Class A,352002488_0,57.781567,9.849933,Under way using engine,0.0,12.5,88.0,81.0,9419137,3E2642,SIKAR,Tanker,No additional information,44.0,250.0,GPS,8.4,MTMLA>RUULU,05/01/2025 09:00:00,AIS,POINT (9.849933 57.781567),352002488_0,0 days 00:01:00,1.761235029926128e-06,88.02821820150768,0.0,0,6.167580560175116,57.781567,9.849933
2025-01-01 15:41:00,2025-01-01 15:41:00,Class A,352002488_0,57.7826,9.88745,Under way using engine,0.0,12.5,86.0,81.0,9419137,3E2642,SIKAR,Tanker,No additional information,44.0,250.0,GPS,8.4,MTMLA>RUULU,05/01/2025 09:00:00,AIS,POINT (9.88745 57.7826),352002488_0,0 days 00:05:59,-2.990689929052584e-07,87.02770257657772,0.0,0,6.132474533901304,57.7826,9.88745
2025-01-01 15:42:00,2025-01-01 15:42:00,Class A,352002488_0,57.782817,9.893717,Under way using engine,0.0,12.5,85.0,81.0,9419137,3E2642,SIKAR,Tanker,No additional information,44.0,250.0,GPS,8.4,MTMLA>RUULU,05/01/2025 09:00:00,AIS,POINT (9.893717 57.782817),352002488_0,0 days 00:01:00,2.4289194924852556e-08,86.28132346709947,0.0,0,6.126627703393279,57.782817,9.893717
2025-01-01 15:43:00,2025-01-01 15:43:00,Class A,352002488_0,57.783033,9.9,Under way using engine,0.0,12.6,87.0,81.0,9419137,3E2642,SIKAR,Tanker,No additional information,44.0,250.0,GPS,8.4,MTMLA>RUULU,05/01/2025 09:00:00,AIS,POINT (9.9 57.783033),352002488_0,0 days 00:01:00,2.6123876377049927e-07,86.30776504079353,0.0,0,6.120766276067482,57.783033,9.9
2025-01-01 15:44:00,2025-01-01 15:44:00,Class A,352002488_0,57.783267,9.906283,Under way using engine,0.0,12.6,85.0,81.0,9419137,3E2642,SIKAR,Tanker,No additional information,44.0,250.0,GPS,8.4,MTMLA>RUULU,05/01/2025 09:00:00,AIS,POINT (9.906283 57.783267),352002488_0,0 days 00:01:00,3.660612328690883e-08,86.00123342761356,0.0,0,6.114911630616587,57.783267,9.906283
2025-01-01 15:45:00,2025-01-01 15:45:00,Class A,352002488_0,57.783433,9.912633,Under way using engine,0.0,12.6,86.0,81.0,9419137,3E2642,SIKAR,Tanker,No additional information,44.0,250.0,GPS,8.4,MTMLA>RUULU,05/01/2025 09:00:00,AIS,POINT (9.912633 57.783433),352002488_0,0 days 00:01:00,9.80115089646644e-07,87.19005441674722,0.0,0,6.108972150228384,57.783433,9.912633
2025-01-01 15:46:00,2025-01-01 15:46:00,Class A,352002488_0,57.7838,9.918617,Under way using engine,0.0,12.5,86.0,81.0,9419137,3E2642,SIKAR,Tanker,No additional information,44.0,250.0,GPS,8.4,MTMLA>RUULU,05/01/2025 09:00:00,AIS,POINT (9.918617 57.7838),352002488_0,0 days 00:01:00,-5.524733340868682e-06,83.4349791714044,0.0,0,6.103445367086119,57.7838,9.918617
2025-01-01 15:47:00,2025-01-01 15:47:00,Class A,352002488_0,57.784017,9.924717,Under way using engine,0.0,12.5,86.0,81.0,9419137,3E2642,SIKAR,Tanker,No additional information,44.0,250.0,GPS,8.4,MTMLA>RUULU,05/01/2025 09:00:00,AIS,POINT (9.924717 57.784017),352002488_0,0 days 00:01:00,1.4896699781965223e-06,86.1798305771108,0.0,0,6.097760369675575,57.784017,9.924717
2025-01-01 15:48:00,2025-01-01 15:48:00,Class A,352002488_0,57.7842,9.931017,Under way using engine,0.0,12.5,86.0,80.0,9419137,3E2642,SIKAR,Tanker,No additional information,44.0,250.0,GPS,8.4,MTMLA>RUULU,05/01/2025 09:00:00,AIS,POINT (9.931017 57.7842),352002488_0,0 days 00:01:00,3.2348709153363388e-06,86.87854351005001,0.0,0,6.0918762110375315,57.7842,9.931017
2025-01-01 15:49:00,2025-01-01 15:49:00,Class A,352002488_0,57.7844,9.937117,Under way using engine,0.0,12.5,84.0,80.0,9419137,3E2642,SIKAR,Tanker,No additional information,44.0,250.0,GPS,8.4,MTMLA>RUULU,05/01/2025 09:00:00,AIS,POINT (9.937117 57.7844),352002488_0,0 days 00:01:00,-3.2695463998380926e-06,86.47808281551528,0.0,0,6.0861872126648375,57.7844,9.937117
2025-01-01 15:50:00,2025-01-01 15:50:00,Class A,352002488_0,57.78465,9.943417,Under way using engine,0.0,12.5,84.0,80.0,9419137,3E2642,SIKAR,Tanker,No additional information,44.0,250.0,GPS,8.4,MTMLA>RUULU,05/01/2025 09:00:00,AIS,POINT (9.943417 57.78465),352002488_0,0 days 00:01:00,3.4014289013205184e-06,85.74027957808039,0.0,0,6.080326953257119,57.78465,9.943417
2025-01-01 15:51:00,2025-01-01 15:51:00,Class A,352002488_0,57.784917,9.949533,Under way using engine,0.0,12.5,86.0,80.0,9419137,3E2642,SIKAR,Tanker,No additional information,44.0,250.0,GPS,8.4,MTMLA>RUULU,05/01/2025 09:00:00,AIS,POINT (9.949533 57.784917),352002488_0,0 days 00:01:00,-2.9911049902836147e-06,85.31587065611268,0.0,0,6.07464677773531,57.784917,9.949533
2025-01-01 15:52:00,2025-01-01 15:52:00,Class A,352002488_0,57.785167,9.955767,Under way using engine,0.0,12.5,86.0,80.0,9419137,3E2642,SIKAR,Tanker,No additional information,44.0,250.0,GPS,8.4,MTMLA>RUULU,05/01/2025 09:00:00,AIS,POINT (9.955767 57.785167),352002488_0,0 days 00:01:00,1.9020589119263011e-06,85.6953445398575,0.0,0,6.06885052603753,57.785167,9.955767
2025-01-01 15:53:00,2025-01-01 15:53:00,Class A,352002488_0,57.78545,9.9621,Under way using engine,0.0,12.5,83.0,80.0,9419137,3E2642,SIKAR,Tanker,No additional information,44.0,250.0,GPS,8.4,MTMLA>RUULU,05/01/2025 09:00:00,AIS,POINT (9.9621 57.78545),352002488_0,0 days 00:01:00,1.7107842506325268e-06,85.20570192161546,0.0,0,6.062972793452729,57.78545,9.9621
2025-01-01 15:54:01,2025-01-01 15:54:01,Class A,352002488_0,57.785767,9.9684,Under way using engine,0.0,12.4,85.0,80.0,9419137,3E2642,SIKAR,Tanker,No additional information,44.0,250.0,GPS,8.4,MTMLA>RUULU,05/01/2025 09:00:00,AIS,POINT (9.9684 57.785767),352002488_0,0 days 00:01:01,-2.12946253331307e-06,84.60524659730265,0.0,0,6.057138439199569,57.785767,9.9684
2025-01-01 15:55:01,2025-01-01 15:55:01,Class A,352002488_0,57.786017,9.974617,Under way using engine,0.0,12.4,85.0,80.0,9419137,3E2642,SIKAR,Tanker,No additional information,44.0,250.0,GPS,8.4,MTMLA>RUULU,05/01/2025 09:00:00,AIS,POINT (9.974617 57.786017),352002488_0,0 days 00:01:00,1.7164279707048678e-07,85.68353126460471,0.0,0,6.051360914057762,57.786017,9.974617
2025-01-01 15:56:01,2025-01-01 15:56:01,Class A,352002488_0,57.78635,9.980867,Under way using engine,0.0,12.5,85.0,80.0,9419137,3E2642,SIKAR,Tanker,No additional information,44.0,250.0,GPS,8.4,MTMLA>RUULU,05/01/2025 09:00:00,AIS,POINT (9.980867 57.78635),352002488_0,0 days 00:01:00,7.662851034661005e-07,84.28974593798375,0.0,0,6.045580899574912,57.78635,9.980867
2025-01-01 15:57:01,2025-01-01 15:57:01,Class A,352002488_0,57.786617,9.987067,Under way using engine,0.0,12.5,84.0,80.0,9419137,3E2642,SIKAR,Tanker,No additional information,44.0,250.0,GPS,8.4,MTMLA>RUULU,05/01/2025 09:00:00,AIS,POINT (9.987067 57.786617),352002488_0,0 days 00:01:00,-1.0071324935830508e-06,85.37876961994135,0.0,0,6.03982688276626,57.786617,9.987067
2025-01-01 15:58:01,2025-01-01 15:58:01,Class A,352002488_0,57.786917,9.993467,Under way using engine,0.0,12.5,85.0,81.0,9419137,3E2642,SIKAR,Tanker,No additional information,44.0,250.0,GPS,8.4,MTMLA>RUULU,05/01/2025 09:00:00,AIS,POINT (9.993467 57.786917),352002488_0,0 days 00:01:00,3.377890163615456e-06,84.97198499709253,0.0,0,6.033896358074606,57.786917,9.993467
2025-01-01 15:59:01,2025-01-01 15:59:01,Class A,352002488_0,57.787133,9.99975,Under way using engine,0.0,12.6,87.0,81.0,9419137,3E2642,SIKAR,Tanker,No additional information,44.0,250.0,GPS,8.4,MTMLA>RUULU,05/01/2025 09:00:00,AIS,POINT (9.99975 57.787133),352002488_0,0 days 00:01:00,-2.125624965664651e-06,86.30734704119845,0.0,0,6.0280488783639585,57.787133,9.99975
2025-01-01 16:00:00,2025-01-01 16:00:00,Class A,352002488_0,57.787417,10.005833,Under way using engine,0.0,12.6,85.0,80.0,9419137,3E2642,SIKAR,Tanker,No additional information,44.0,250.0,GPS,8.4,MTMLA>RUULU,05/01/2025 09:00:00,AIS,POINT (10.005833 57.787417),352002488_0,0 days 00:00:59,-1.4510170078255921e-06,84.99204901428396,0.0,0,6.0224135054187355,57.787417,10.005833
2025-01-01 16:01:00,2025-01-01 16:01:00,Class A,352002488_0,57.78765,10.012,Under way using engine,0.0,12.6,86.0,80.0,9419137,3E2642,SIKAR,Tanker,No additional information,44.0,250.0,GPS,8.4,MTMLA>RUULU,05/01/2025 09:00:00,AIS,POINT (10.012 57.78765),352002488_0,0 days 00:01:00,-4.514905101035664e-07,85.94321562162042,0.0,0,6.016682766354562,57.78765,10.012
2025-01-01 16:02:00,2025-01-01 16:02:00,Class A,352002488_0,57.787917,10.018267,Under way using engine,0.0,12.5,86.0,80.0,9419137,3E2642,SIKAR,Tanker,No additional information,44.0,250.0,GPS,8.4,MTMLA>RUULU,05/01/2025 09:00:00,AIS,POINT (10.018267 57.787917),352002488_0,0 days 00:01:00,1.7258769388716251e-06,85.42774431868736,0.0,0,6.010870159335169,57.787917,10.018267
2025-01-01 16:03:00,2025-01-01 16:03:00,Class A,352002488_0,57.788217,10.024683,Under way using engine,0.0,12.6,84.0,80.0,9419137,3E2642,SIKAR,Tanker,No additional information,44.0,250.0,GPS,8.4,MTMLA>RUULU,05/01/2025 09:00:00,AIS,POINT (10.024683 57.788217),352002488_0,0 days 00:01:00,2.537639503628535e-06,84.98426658845943,0.0,0,6.004929288530383,57.788217,10.024683
2025-01-01 16:04:00,2025-01-01 16:04:00,Class A,352002488_0,57.788517,10.030917,Under way using engine,0.0,12.6,85.0,80.0,9419137,3E2642,SIKAR,Tanker,No additional information,44.0,250.0,GPS,8.4,MTMLA>RUULU,05/01/2025 09:00:00,AIS,POINT (10.030917 57.788517),352002488_0,0 days 00:01:00,-2.9961962284491173e-06,84.83872567648825,0.0,0,5.999160760188544,57.788517,10.030917
2025-01-01 16:05:00,2025-01-01 16:05:00,Class A,352002488_0,57.788833,10.037267,Under way using engine,0.0,12.7,84.0,80.0,9419137,3E2642,SIKAR,Tanker,No additional information,44.0,250.0,GPS,8.4,MTMLA>RUULU,05/01/2025 09:00:00,AIS,POINT (10.037267 57.788833),352002488_0,0 days 00:01:00,1.95290886161489e-06,84.66376411690027,0.0,0,5.993289382484545,57.788833,10.037267
2025-01-01 16:06:00,2025-01-01 16:06:00,Class A,352002488_0,57.789133,10.043717,Under way using engine,0.0,12.6,84.0,80.0,9419137,3E2642,SIKAR,Tanker,No additional information,44.0,250.0,GPS,8.4,MTMLA>RUULU,05/01/2025 09:00:00,AIS,POINT (10.043717 57.789133),352002488_0,0 days 00:01:00,1.6002418556649758e-06,85.01041789170677,0.0,0,5.987319472635647,57.789133,10.043717
2025-01-01 16:07:00,2025-01-01 16:07:00,Class A,352002488_0,57.789433,10.04995,Under way using engine,0.0,12.7,84.0,80.0,9419137,3E2642,SIKAR,Tanker,No additional information,44.0,250.0,GPS,8.4,MTMLA>RUULU,05/01/2025 09:00:00,AIS,POINT (10.04995 57.789433),352002488_0,0 days 00:01:00,-3.57220433806115e-06,84.83777268326116,0.0,0,5.981554785951976,57.789433,10.04995
2025-01-01 16:08:00,2025-01-01 16:08:00,Class A,352002488_0,57.7897,10.056433,Under way using engine,0.0,12.7,85.0,80.0,9419137,3E2642,SIKAR,Tanker,No additional information,44.0,250.0,GPS,8.4,MTMLA>RUULU,05/01/2025 09:00:00,AIS,POINT (10.056433 57.7897),352002488_0,0 days 00:01:00,4.030356351641705e-06,85.57907210119066,0.0,0,5.975544648102716,57.7897,10.056433
2025-01-01 16:09:00,2025-01-01 16:09:00,Class A,352002488_0,57.789933,10.06285,Under way using engine,0.0,12.7,86.0,80.0,9419137,3E2642,SIKAR,Tanker,No additional information,44.0,250.0,GPS,8.4,MTMLA>RUULU,05/01/2025 09:00:00,AIS,POINT (10.06285 57.789933),352002488_0,0 days 00:01:00,-1.1644542352486596e-06,86.10031436436861,0.0,0,5.969586078610894,57.789933,10.06285
2025-01-01 16:10:00,2025-01-01 16:10:00,Class A,352002488_0,57.790217,10.069133,Under way using engine,0.0,12.7,86.0,81.0,9419137,3E2642,SIKAR,Tanker,No additional information,44.0,250.0,GPS,8.4,MTMLA>RUULU,05/01/2025 09:00:00,AIS,POINT (10.069133 57.790217),352002488_0,0 days 00:01:00,-2.0882800426528432e-06,85.1501495542019,0.0,0,5.963771824881463,57.790217,10.069133
2025-01-01 16:11:00,2025-01-01 16:11:00,Class A,352002488_0,57.7905,10.0756,Under way using engine,0.0,12.7,83.0,79.0,9419137,3E2642,SIKAR,Tanker,No additional information,44.0,250.0,GPS,8.4,MTMLA>RUULU,05/01/2025 09:00:00,AIS,POINT (10.0756 57.7905),352002488_0,0 days 00:01:00,3.026123334410102e-06,85.30382851124142,0.0,0,5.957785141262481,57.7905,10.0756
2025-01-01 16:12:00,2025-01-01 16:12:00,Class A,352002488_0,57.790867,10.081883,Under way using engine,0.0,12.7,83.0,80.0,9419137,3E2642,SIKAR,Tanker,No additional information,44.0,250.0,GPS,8.4,MTMLA>RUULU,05/01/2025 09:00:00,AIS,POINT (10.081883 57.790867),352002488_0,0 days 00:01:00,-2.779946133726188e-06,83.74340389359514,0.0,0,5.9520010768018174,57.790867,10.081883
2025-01-01 16:13:00,2025-01-01 16:13:00,Class A,352002488_0,57.79125,10.088483,Under way using engine,0.0,12.8,83.0,80.0,9419137,3E2642,SIKAR,Tanker,No additional information,44.0,250.0,GPS,8.4,MTMLA>RUULU,05/01/2025 09:00:00,AIS,POINT (10.088483 57.79125),352002488_0,0 days 00:01:00,5.259000251205429e-06,83.7837081934523,0.0,0,5.945925443340926,57.79125,10.088483
2025-01-01 16:14:00,2025-01-01 16:14:00,Class A,352002488_0,57.791567,10.094917,Under way using engine,0.0,12.8,83.0,80.0,9419137,3E2642,SIKAR,Tanker,No additional information,44.0,250.0,GPS,8.4,MTMLA>RUULU,05/01/2025 09:00:00,AIS,POINT (10.094917 57.791567),352002488_0,0 days 00:01:00,-2.93402248865863e-06,84.71600477375154,0.0,0,5.939984503901167,57.791567,10.094917
2025-01-01 16:15:00,2025-01-01 16:15:00,Class A,352002488_0,57.791983,10.101417,Under way using engine,0.0,12.9,83.0,80.0,9419137,3E2642,SIKAR,Tanker,No additional information,44.0,250.0,GPS,8.4,MTMLA>RUULU,05/01/2025 09:00:00,AIS,POINT (10.101417 57.791983),352002488_0,0 days 00:01:00,1.4063169528992185e-06,83.15020922114286,0.0,0,5.9340163672846415,57.791983,10.101417
2025-01-01 16:16:00,2025-01-01 16:16:00,Class A,352002488_0,57.792483,10.107833,Under way using engine,0.0,13.0,83.0,80.0,9419137,3E2642,SIKAR,Tanker,No additional information,44.0,250.0,GPS,8.4,MTMLA>RUULU,05/01/2025 09:00:00,AIS,POINT (10.107833 57.792483),352002488_0,0 days 00:01:00,-1.0348144088048363e-06,81.67884530186456,0.0,0,5.9281570292854076,57.792483,10.107833
2025-01-01 16:17:00,2025-01-01 16:17:00,Class A,352002488_0,57.7929,10.114383,Under way using engine,0.0,13.1,83.0,80.0,9419137,3E2642,SIKAR,Tanker,No additional information,44.0,250.0,GPS,8.4,MTMLA>RUULU,05/01/2025 09:00:00,AIS,POINT (10.114383 57.7929),352002488_0,0 days 00:01:00,1.8559762457609947e-06,83.18561210463048,0.0,0,5.922144574701719,57.7929,10.114383
2025-01-01 16:18:00,2025-01-01 16:18:00,Class A,352002488_0,57.793317,10.121083,Under way using engine,0.0,13.1,83.0,80.0,9419137,3E2642,SIKAR,Tanker,No additional information,44.0,250.0,GPS,8.4,MTMLA>RUULU,05/01/2025 09:00:00,AIS,POINT (10.121083 57.793317),352002488_0,0 days 00:01:00,2.4597854015670437e-06,83.33658563600665,0.0,0,5.915992369776181,57.793317,10.121083
2025-01-01 16:19:00,2025-01-01 16:19:00,Class A,352002488_0,57.793617,10.127567,Under way using engine,0.0,13.2,84.0,80.0,9419137,3E2642,SIKAR,Tanker,No additional information,44.0,250.0,GPS,8.4,MTMLA>RUULU,05/01/2025 09:00:00,AIS,POINT (10.127567 57.793617),352002488_0,0 days 00:01:00,-3.917418425293109e-06,85.03580872365484,0.0,0,5.9100041440582745,57.793617,10.127567
2025-01-01 16:20:00,2025-01-01 16:20:00,Class A,352002488_0,57.794017,10.13415,Under way using engine,0.0,13.2,84.0,82.0,9419137,3E2642,SIKAR,Tanker,No additional information,44.0,250.0,GPS,8.4,MTMLA>RUULU,05/01/2025 09:00:00,AIS,POINT (10.13415 57.794017),352002488_0,0 days 00:01:00,1.9349285844705647e-06,83.4931202516118,0.0,0,5.9039583452230575,57.794017,10.13415
2025-01-01 16:21:01,2025-01-01 16:21:01,Class A,352002488_0,57.794233,10.141033,Under way using engine,0.0,13.2,86.0,83.0,9419137,3E2642,SIKAR,Tanker,No additional information,44.0,250.0,GPS,8.4,MTMLA>RUULU,05/01/2025 09:00:00,AIS,POINT (10.141033 57.794233),352002488_0,0 days 00:01:01,2.539852736100228e-06,86.62731716582192,0.0,0,5.897568747701547,57.794233,10.141033
2025-01-01 16:22:01,2025-01-01 16:22:01,Class A,352002488_0,57.794433,10.147617,Under way using engine,0.0,13.3,86.0,83.0,9419137,3E2642,SIKAR,Tanker,No additional information,44.0,250.0,GPS,8.4,MTMLA>RUULU,05/01/2025 09:00:00,AIS,POINT (10.147617 57.794433),352002488_0,0 days 00:01:00,-3.0931703335389596e-06,86.73510452629199,0.0,0,5.891455486397397,57.794433,10.147617
2025-01-01 16:23:01,2025-01-01 16:23:01,Class A,352002488_0,57.794683,10.154417,Under way using engine,0.0,13.3,85.0,83.0,9419137,3E2642,SIKAR,Tanker,No additional information,44.0,250.0,GPS,8.4,MTMLA>RUULU,05/01/2025 09:00:00,AIS,POINT (10.154417 57.794683),352002488_0,0 days 00:01:00,3.6576827058884312e-06,86.05096588294373,0.0,0,5.885157712806174,57.794683,10.154417
2025-01-01 16:24:01,2025-01-01 16:24:01,Class A,352002488_0,57.794883,10.161017,Under way using engine,0.0,13.4,86.0,83.0,9419137,3E2642,SIKAR,Tanker,No additional information,44.0,250.0,GPS,8.4,MTMLA>RUULU,05/01/2025 09:00:00,AIS,POINT (10.161017 57.794883),352002488_0,0 days 00:01:00,-3.3951451758186073e-06,86.74294838121557,0.0,0,5.8790315328123555,57.794883,10.161017
2025-01-01 16:25:01,2025-01-01 16:25:01,Class A,352002488_0,57.795133,10.16775,Under way using engine,0.0,13.4,85.0,83.0,9419137,3E2642,SIKAR,Tanker,No additional information,44.0,250.0,GPS,8.4,MTMLA>RUULU,05/01/2025 09:00:00,AIS,POINT (10.16775 57.795133),352002488_0,0 days 00:01:00,2.2895800710253804e-06,86.01180243156261,0.0,0,5.872798846201443,57.795133,10.16775
2025-01-01 16:26:01,2025-01-01 16:26:01,Class A,352002488_0,57.795367,10.174667,Under way using engine,0.0,13.4,86.0,83.0,9419137,3E2642,SIKAR,Tanker,No additional information,44.0,250.0,GPS,8.4,MTMLA>RUULU,05/01/2025 09:00:00,AIS,POINT (10.174667 57.795367),352002488_0,0 days 00:01:00,2.9993443583550106e-06,86.36499803214514,0.0,0,5.866389097868126,57.795367,10.174667
2025-01-01 16:27:01,2025-01-01 16:27:01,Class A,352002488_0,57.7956,10.18125,Under way using engine,0.0,13.5,88.0,83.0,9419137,3E2642,SIKAR,Tanker,No additional information,44.0,250.0,GPS,8.4,MTMLA>RUULU,05/01/2025 09:00:00,AIS,POINT (10.18125 57.7956),352002488_0,0 days 00:01:00,-5.508648614219021e-06,86.19762552714025,0.0,0,5.860293502218809,57.7956,10.18125
2025-01-01 16:28:00,2025-01-01 16:28:00,Class A,352002488_0,57.795767,10.1879,Under way using engine,0.0,13.5,86.0,83.0,9419137,3E2642,SIKAR,Tanker,No additional information,44.0,250.0,GPS,8.4,MTMLA>RUULU,05/01/2025 09:00:00,AIS,POINT (10.1879 57.795767),352002488_0,0 days 00:00:59,2.901298694914372e-06,87.29933534370394,0.0,0,5.854113246225168,57.795767,10.1879
2025-01-01 16:29:00,2025-01-01 16:29:00,Class A,352002488_0,57.796,10.194783,Under way using engine,0.0,13.5,86.0,83.0,9419137,3E2642,SIKAR,Tanker,No additional information,44.0,250.0,GPS,8.4,MTMLA>RUULU,05/01/2025 09:00:00,AIS,POINT (10.194783 57.796),352002488_0,0 days 00:01:00,2.0912233130012068e-06,86.36261201938305,0.0,0,5.847738415598718,57.796,10.194783
2025-01-01 16:30:00,2025-01-01 16:30:00,Class A,352002488_0,57.79625,10.201567,Under way using engine,0.0,13.5,85.0,83.0,9419137,3E2642,SIKAR,Tanker,No additional information,44.0,250.0,GPS,8.4,MTMLA>RUULU,05/01/2025 09:00:00,AIS,POINT (10.201567 57.79625),352002488_0,0 days 00:01:00,-1.5978334313933134e-06,86.04152392405467,0.0,0,5.841463485489316,57.79625,10.201567
2025-01-01 16:31:00,2025-01-01 16:31:00,Class A,352002488_0,57.796467,10.208383,Under way using engine,0.0,13.5,86.0,83.0,9419137,3E2642,SIKAR,Tanker,No additional information,44.0,250.0,GPS,8.4,MTMLA>RUULU,05/01/2025 09:00:00,AIS,POINT (10.208383 57.796467),352002488_0,0 days 00:01:00,4.6126898234054765e-07,86.57837109378193,0.0,0,5.835148223417294,57.796467,10.208383
2025-01-01 16:32:01,2025-01-01 16:32:01,Class A,352002488_0,57.796783,10.215233,Under way using engine,0.0,13.5,86.0,83.0,9419137,3E2642,SIKAR,Tanker,No additional information,44.0,250.0,GPS,8.4,MTMLA>RUULU,05/01/2025 09:00:00,AIS,POINT (10.215233 57.796783),352002488_0,0 days 00:01:01,-1.061820274216155e-06,85.04977153764867,0.0,0,5.828836711768995,57.796783,10.215233
2025-01-01 16:33:01,2025-01-01 16:33:01,Class A,352002488_0,57.797,10.222133,Under way using engine,0.0,13.6,86.0,83.0,9419137,3E2642,SIKAR,Tanker,No additional information,44.0,250.0,GPS,8.4,MTMLA>RUULU,05/01/2025 09:00:00,AIS,POINT (10.222133 57.797),352002488_0,0 days 00:01:00,2.463000919792731e-06,86.619808351953,0.0,0,5.8224450461356,57.797,10.222133
2025-01-01 16:34:01,2025-01-01 16:34:01,Class A,352002488_0,57.797267,10.228933,Under way using engine,0.0,13.6,87.0,83.0,9419137,3E2642,SIKAR,Tanker,No additional information,44.0,250.0,GPS,8.4,MTMLA>RUULU,05/01/2025 09:00:00,AIS,POINT (10.228933 57.797267),352002488_0,0 days 00:01:00,-1.5468492921466773e-06,85.783263303274,0.0,0,5.81616571490617,57.797267,10.228933
2025-01-01 16:35:01,2025-01-01 16:35:01,Class A,352002488_0,57.7975,10.235833,Under way using engine,0.0,13.6,85.0,83.0,9419137,3E2642,SIKAR,Tanker,No additional information,44.0,250.0,GPS,8.4,MTMLA>RUULU,05/01/2025 09:00:00,AIS,POINT (10.235833 57.7975),352002488_0,0 days 00:01:00,1.575475247963248e-06,86.37138506517783,0.0,0,5.809781991802188,57.7975,10.235833
2025-01-01 16:36:01,2025-01-01 16:36:01,Class A,352002488_0,57.797767,10.242733,Under way using engine,0.0,13.7,86.0,83.0,9419137,3E2642,SIKAR,Tanker,No additional information,44.0,250.0,GPS,8.4,MTMLA>RUULU,05/01/2025 09:00:00,AIS,POINT (10.242733 57.797767),352002488_0,0 days 00:01:00,7.042720766419855e-08,85.8440188238169,0.0,0,5.803411360936773,57.797767,10.242733
2025-01-01 16:37:01,2025-01-01 16:37:01,Class A,352002488_0,57.797967,10.249667,Under way using engine,0.0,13.7,87.0,83.0,9419137,3E2642,SIKAR,Tanker,No additional information,44.0,250.0,GPS,8.4,MTMLA>RUULU,05/01/2025 09:00:00,AIS,POINT (10.249667 57.797967),352002488_0,0 days 00:01:00,4.289584566442185e-07,86.89898234083273,0.0,0,5.79698662958489,57.797967,10.249667
2025-01-01 16:38:01,2025-01-01 16:38:01,Class A,352002488_0,57.798133,10.256483,Under way using engine,0.0,13.7,87.0,83.0,9419137,3E2642,SIKAR,Tanker,No additional information,44.0,250.0,GPS,8.4,MTMLA>RUULU,05/01/2025 09:00:00,AIS,POINT (10.256483 57.798133),352002488_0,0 days 00:01:00,-1.999662083010447e-06,87.38044477273371,0.0,0,5.790661648004138,57.798133,10.256483
2025-01-01 16:39:00,2025-01-01 16:39:00,Class A,352002488_0,57.798317,10.263317,Under way using engine,0.0,13.8,87.0,83.0,9419137,3E2642,SIKAR,Tanker,No additional information,44.0,250.0,GPS,8.4,MTMLA>RUULU,05/01/2025 09:00:00,AIS,POINT (10.263317 57.798317),352002488_0,0 days 00:00:59,2.2768272030114524e-06,87.10477353032047,0.0,0,5.784327256975177,57.798317,10.263317
2025-01-01 16:40:00,2025-01-01 16:40:00,Class A,352002488_0,57.7985,10.2703,Under way using engine,0.0,13.8,87.0,83.0,9419137,3E2642,SIKAR,Tanker,No additional information,44.0,250.0,GPS,8.4,MTMLA>RUULU,05/01/2025 09:00:00,AIS,POINT (10.2703 57.7985),352002488_0,0 days 00:01:00,5.403031397746416e-07,87.1816695546936,0.0,0,5.777854178347527,57.7985,10.2703
2025-01-01 16:41:00,2025-01-01 16:41:00,Class A,352002488_0,57.798717,10.277417,Under way using engine,0.0,13.9,86.0,83.0,9419137,3E2642,SIKAR,Tanker,No additional information,44.0,250.0,GPS,8.4,MTMLA>RUULU,05/01/2025 09:00:00,AIS,POINT (10.277417 57.798717),352002488_0,0 days 00:01:00,2.265437715881921e-06,86.72230771961563,0.0,0,5.771268850572291,57.798717,10.277417
2025-01-01 16:42:00,2025-01-01 16:42:00,Class A,352002488_0,57.798933,10.284367,Under way using engine,0.0,13.9,85.0,83.0,9419137,3E2642,SIKAR,Tanker,No additional information,44.0,250.0,GPS,8.4,MTMLA>RUULU,05/01/2025 09:00:00,AIS,POINT (10.284367 57.798933),352002488_0,0 days 00:01:00,-2.756385329327658e-06,86.65926672661283,0.0,0,5.764840717331399,57.798933,10.284367
2025-01-01 16:43:00,2025-01-01 16:43:00,Class A,352002488_0,57.799183,10.29145,Under way using engine,0.0,13.9,86.0,83.0,9419137,3E2642,SIKAR,Tanker,No additional information,44.0,250.0,GPS,8.4,MTMLA>RUULU,05/01/2025 09:00:00,AIS,POINT (10.29145 57.799183),352002488_0,0 days 00:01:00,2.257158708506678e-06,86.2075740842588,0.0,0,5.758301370225859,57.799183,10.29145
2025-01-01 16:44:00,2025-01-01 16:44:00,Class A,352002488_0,57.7994,10.29835,Under way using engine,0.0,13.9,86.0,83.0,9419137,3E2642,SIKAR,Tanker,No additional information,44.0,250.0,GPS,8.4,MTMLA>RUULU,05/01/2025 09:00:00,AIS,POINT (10.29835 57.7994),352002488_0,0 days 00:01:00,-3.0812968467316614e-06,86.61958415877706,0.0,0,5.751922844523213,57.7994,10.29835
2025-01-01 16:45:00,2025-01-01 16:45:00,Class A,352002488_0,57.799617,10.305383,Under way using engine,0.0,13.9,86.0,83.0,9419137,3E2642,SIKAR,Tanker,No additional information,44.0,250.0,GPS,8.4,MTMLA>RUULU,05/01/2025 09:00:00,AIS,POINT (10.305383 57.799617),352002488_0,0 days 00:01:00,2.192415342135547e-06,86.68323561545708,0.0,0,5.745421138893995,57.799617,10.305383
2025-01-01 16:52:02,2025-01-01 16:52:02,Class A,352002488_0,57.801217,10.355083,Under way using engine,0.0,14.0,86.0,83.0,9419137,3E2642,SIKAR,Tanker,No additional information,44.0,250.0,GPS,8.4,MTMLA>RUULU,05/01/2025 09:00:00,AIS,POINT (10.355083 57.801217),352002488_0,0 days 00:07:02,8.048924690518026e-08,86.52167025895272,0.0,0,5.69953557741769,57.801217,10.355083
2025-01-01 16:53:02,2025-01-01 16:53:02,Class A,352002488_0,57.801467,10.36215,Under way using engine,0.0,14.0,86.0,83.0,9419137,3E2642,SIKAR,Tanker,No additional information,44.0,250.0,GPS,8.4,MTMLA>RUULU,05/01/2025 09:00:00,AIS,POINT (10.36215 57.801467),352002488_0,0 days 00:01:00,5.1708714129657456e-08,86.19878670041243,0.0,0,5.693024241660051,57.801467,10.36215
2025-01-01 16:54:01,2025-01-01 16:54:01,Class A,352002488_0,57.801717,10.369117,Under way using engine,0.0,14.1,86.0,83.0,9419137,3E2642,SIKAR,Tanker,No additional information,44.0,250.0,GPS,8.4,MTMLA>RUULU,05/01/2025 09:00:00,AIS,POINT (10.369117 57.801717),352002488_0,0 days 00:00:59,3.1114421731173276e-07,86.14444806462689,0.0,0,5.686607618799278,57.801717,10.369117
2025-01-01 16:55:01,2025-01-01 16:55:01,Class A,352002488_0,57.802,10.376183,Under way using engine,0.0,14.0,86.0,83.0,9419137,3E2642,SIKAR,Tanker,No additional information,44.0,250.0,GPS,8.4,MTMLA>RUULU,05/01/2025 09:00:00,AIS,POINT (10.376183 57.802),352002488_0,0 days 00:01:00,-2.5215796813967546e-07,85.69852399088597,0.0,0,5.6801117058794715,57.802,10.376183
2025-01-01 16:56:01,2025-01-01 16:56:01,Class A,352002488_0,57.80225,10.3834,Under way using engine,0.0,14.0,86.0,83.0,9419137,3E2642,SIKAR,Tanker,No additional information,44.0,250.0,GPS,8.4,MTMLA>RUULU,05/01/2025 09:00:00,AIS,POINT (10.3834 57.80225),352002488_0,0 days 00:01:00,2.4158139772655076e-06,86.27736202112953,0.0,0,5.6734643848488195,57.80225,10.3834
2025-01-01 16:57:01,2025-01-01 16:57:01,Class A,352002488_0,57.8025,10.39035,Under way using engine,0.0,13.9,85.0,83.0,9419137,3E2642,SIKAR,Tanker,No additional information,44.0,250.0,GPS,8.4,MTMLA>RUULU,05/01/2025 09:00:00,AIS,POINT (10.39035 57.8025),352002488_0,0 days 00:01:00,-4.4010377871940475e-06,86.13497651530571,0.0,0,5.667067638818864,57.8025,10.39035
2025-01-01 17:03:00,2025-01-01 17:03:00,Class A,352002488_0,57.804333,10.431783,Under way using engine,0.0,13.8,84.0,83.0,9419137,3E2642,SIKAR,Tanker,No additional information,44.0,250.0,GPS,8.4,MTMLA>RUULU,05/01/2025 09:00:00,AIS,POINT (10.431783 57.804333),352002488_0,0 days 00:05:59,-4.826845782954759e-08,85.2361338189229,0.0,0,5.629084388518794,57.804333,10.431783
2025-01-01 17:04:06,2025-01-01 17:04:06,Class A,352002488_0,57.804717,10.440067,Under way using engine,0.0,13.8,85.0,83.0,9419137,3E2642,SIKAR,Tanker,No additional information,44.0,250.0,GPS,8.4,MTMLA>RUULU,05/01/2025 09:00:00,AIS,POINT (10.440067 57.804717),352002488_0,0 days 00:01:06,9.166874369538109e-06,85.02428214062405,0.0,0,5.621502390712466,57.804717,10.440067
2025-01-01 17:05:06,2025-01-01 17:05:06,Class A,352002488_0,57.805083,10.447117,Under way using engine,0.0,13.8,84.0,83.0,9419137,3E2642,SIKAR,Tanker,No additional information,44.0,250.0,GPS,8.4,MTMLA>RUULU,05/01/2025 09:00:00,AIS,POINT (10.447117 57.805083),352002488_0,0 days 00:01:00,-7.86224839311119e-06,84.43184714872018,0.0,0,5.615065637550643,57.805083,10.447117
2025-01-01 17:09:00,2025-01-01 17:09:00,Class A,352002488_0,57.8063,10.474133,Under way using engine,0.0,13.7,88.0,87.0,9419137,3E2642,SIKAR,Tanker,No additional information,44.0,250.0,GPS,8.4,MTMLA>RUULU,05/01/2025 09:00:00,AIS,POINT (10.474133 57.8063),352002488_0,0 days 00:03:54,-5.573244157356569e-07,85.15572683227617,0.0,0,5.590345849057015,57.8063,10.474133
2025-01-01 17:22:03,2025-01-01 17:22:03,Class A,352002488_0,57.80835,10.568433,Under way using engine,0.0,14.0,88.0,90.0,9419137,3E2642,SIKAR,Tanker,No additional information,44.0,250.0,GPS,8.4,MTMLA>RUULU,05/01/2025 09:00:00,AIS,POINT (10.568433 57.80835),352002488_0,0 days 00:13:03,3.542305867044993e-07,87.62349194848457,0.0,0,5.503416176464304,57.80835,10.568433
2025-01-01 17:23:03,2025-01-01 17:23:03,Class A,352002488_0,57.808517,10.575917,Under way using engine,0.0,14.2,87.0,90.0,9419137,3E2642,SIKAR,Tanker,No additional information,44.0,250.0,GPS,8.4,MTMLA>RUULU,05/01/2025 09:00:00,AIS,POINT (10.575917 57.808517),352002488_0,0 days 00:01:00,4.26495212967382e-06,87.59840522211493,0.0,0,5.4965291536192185,57.808517,10.575917
2025-01-01 17:24:03,2025-01-01 17:24:03,Class A,352002488_0,57.808617,10.583567,Under way using engine,0.0,14.3,88.0,90.0,9419137,3E2642,SIKAR,Tanker,No additional information,44.0,250.0,GPS,8.4,MTMLA>RUULU,05/01/2025 09:00:00,AIS,POINT (10.583567 57.808617),352002488_0,0 days 00:01:00,2.6706924447276147e-06,88.59119839807232,0.0,0,5.4894646879988205,57.808617,10.583567
2025-01-01 17:25:03,2025-01-01 17:25:03,Class A,352002488_0,57.808717,10.591,Under way using engine,0.0,14.4,88.0,90.0,9419137,3E2642,SIKAR,Tanker,No additional information,44.0,250.0,GPS,8.4,MTMLA>RUULU,05/01/2025 09:00:00,AIS,POINT (10.591 57.808717),352002488_0,0 days 00:01:00,-3.582634043417327e-06,88.55026915251244,0.0,0,5.4826031767791665,57.808717,10.591
2025-01-01 17:26:03,2025-01-01 17:26:03,Class A,352002488_0,57.808783,10.598733,Under way using engine,0.0,14.5,89.0,90.0,9419137,3E2642,SIKAR,Tanker,No additional information,44.0,250.0,GPS,8.4,MTMLA>RUULU,05/01/2025 09:00:00,AIS,POINT (10.598733 57.808783),352002488_0,0 days 00:01:00,4.931043347660838e-06,89.07890187291588,0.0,0,5.475452128497335,57.808783,10.598733
2025-01-01 17:27:03,2025-01-01 17:27:03,Class A,352002488_0,57.808867,10.6061,Under way using engine,0.0,14.6,89.0,90.0,9419137,3E2642,SIKAR,Tanker,No additional information,44.0,250.0,GPS,8.4,MTMLA>RUULU,05/01/2025 09:00:00,AIS,POINT (10.6061 57.808867),352002488_0,0 days 00:01:00,-6.0326828247122524e-06,88.77078581883194,0.0,0,5.468648900179001,57.808867,10.6061
2025-01-01 17:35:03,2025-01-01 17:35:03,Class A,352002488_0,57.809233,10.667417,Under way using engine,0.0,15.0,89.0,90.0,9419137,3E2642,SIKAR,Tanker,No additional information,44.0,250.0,GPS,8.4,MTMLA>RUULU,05/01/2025 09:00:00,AIS,POINT (10.667417 57.809233),352002488_0,0 days 00:08:00,6.117653216961623e-07,89.33212514754922,0.0,0,5.411955842595354,57.809233,10.667417
2025-01-01 17:36:03,2025-01-01 17:36:03,Class A,352002488_0,57.809217,10.675283,Under way using engine,0.0,15.0,89.0,90.0,9419137,3E2642,SIKAR,Tanker,No additional information,44.0,250.0,GPS,8.4,MTMLA>RUULU,05/01/2025 09:00:00,AIS,POINT (10.675283 57.809217),352002488_0,0 days 00:01:00,3.317738833575791e-06,90.21543325682666,0.0,0,5.40466653478732,57.809217,10.675283
2025-01-01 17:37:03,2025-01-01 17:37:03,Class A,352002488_0,57.809217,10.682883,Under way using engine,0.0,15.1,89.0,90.0,9419137,3E2642,SIKAR,Tanker,No additional information,44.0,250.0,GPS,8.4,MTMLA>RUULU,05/01/2025 09:00:00,AIS,POINT (10.682883 57.809217),352002488_0,0 days 00:01:00,-4.39339016722057e-06,89.99678414025385,0.0,0,5.397631114132382,57.809217,10.682883
2025-01-01 17:38:03,2025-01-01 17:38:03,Class A,352002488_0,57.8092,10.690633,Under way using engine,0.0,15.1,90.0,90.0,9419137,3E2642,SIKAR,Tanker,No additional information,44.0,250.0,GPS,8.4,MTMLA>RUULU,05/01/2025 09:00:00,AIS,POINT (10.690633 57.8092),352002488_0,0 days 00:01:00,2.47807080111101e-06,90.23263366775933,0.0,0,5.390451972466593,57.8092,10.690633
2025-01-01 17:39:00,2025-01-01 17:39:00,Class A,352002488_0,57.809167,10.697733,Under way using engine,0.0,15.1,90.0,90.0,9419137,3E2642,SIKAR,Tanker,No additional information,44.0,250.0,GPS,8.4,MTMLA>RUULU,05/01/2025 09:00:00,AIS,POINT (10.697733 57.809167),352002488_0,0 days 00:00:57,-4.79909320171429e-06,90.49685915443979,0.0,0,5.383869729873672,57.809167,10.697733
2025-01-01 17:40:03,2025-01-01 17:40:03,Class A,352002488_0,57.809133,10.706117,Under way using engine,0.0,15.2,89.0,90.0,9419137,3E2642,SIKAR,Tanker,No additional information,44.0,250.0,GPS,8.4,MTMLA>RUULU,05/01/2025 09:00:00,AIS,POINT (10.706117 57.809133),352002488_0,0 days 00:01:03,8.036873094196791e-06,90.43259214099885,0.0,0,5.376100705771982,57.809133,10.706117
2025-01-01 17:41:03,2025-01-01 17:41:03,Class A,352002488_0,57.8091,10.713867,Under way using engine,0.0,15.2,90.0,90.0,9419137,3E2642,SIKAR,Tanker,No additional information,44.0,250.0,GPS,8.4,MTMLA>RUULU,05/01/2025 09:00:00,AIS,POINT (10.713867 57.8091),352002488_0,0 days 00:01:00,-3.876260926279551e-06,90.45466110206246,0.0,0,5.3689202251295365,57.8091,10.713867
2025-01-01 17:57:03,2025-01-01 17:57:03,Class A,352002488_0,57.79495,10.8304,Under way using engine,0.0,15.4,133.0,139.0,9419137,3E2642,SIKAR,Tanker,No additional information,44.0,250.0,GPS,8.4,MTMLA>RUULU,05/01/2025 09:00:00,AIS,POINT (10.8304 57.79495),352002488_0,0 days 00:16:00,-2.884204552170485e-07,102.78801656355927,0.0,0,5.255860713465303,57.79495,10.8304
2025-01-01 17:58:03,2025-01-01 17:58:03,Class A,352002488_0,57.792133,10.835883,Under way using engine,0.0,15.4,134.0,139.0,9419137,3E2642,SIKAR,Tanker,No additional information,44.0,250.0,GPS,8.4,MTMLA>RUULU,05/01/2025 09:00:00,AIS,POINT (10.835883 57.792133),352002488_0,0 days 00:01:00,2.3319304361040656e-06,133.94674264479318,0.0,0,5.24971533015515,57.792133,10.835883
2025-01-01 17:59:03,2025-01-01 17:59:03,Class A,352002488_0,57.789167,10.841483,Under way using engine,0.0,15.5,134.0,139.0,9419137,3E2642,SIKAR,Tanker,No additional information,44.0,250.0,GPS,8.4,MTMLA>RUULU,05/01/2025 09:00:00,AIS,POINT (10.841483 57.789167),352002488_0,0 days 00:01:00,4.6091625134187745e-06,134.8158487304441,0.0,0,5.243404566047712,57.789167,10.841483
2025-01-01 18:00:03,2025-01-01 18:00:03,Class A,352002488_0,57.78625,10.846983,Under way using engine,0.0,15.5,134.0,140.0,9419137,3E2642,SIKAR,Tanker,No additional information,44.0,250.0,GPS,8.4,MTMLA>RUULU,05/01/2025 09:00:00,AIS,POINT (10.846983 57.78625),352002488_0,0 days 00:01:00,-2.2353039911730588e-06,134.8525157537331,0.0,0,5.237205026802847,57.78625,10.846983
2025-01-01 18:17:03,2025-01-01 18:17:03,Class A,352002488_0,57.737,10.934883,Under way using engine,0.0,14.5,136.0,138.0,9419137,3E2642,SIKAR,Tanker,No additional information,44.0,250.0,GPS,8.4,MTMLA>RUULU,05/01/2025 09:00:00,AIS,POINT (10.934883 57.737),352002488_0,0 days 00:17:00,-2.475256931086636e-07,136.36923136550547,0.0,0,5.1371238315101,57.737,10.934883
2025-01-01 18:45:00,2025-01-01 18:45:00,Class A,352002488_0,57.65905,11.06885,Under way using engine,0.0,14.5,139.0,136.0,9419137,3E2642,SIKAR,Tanker,No additional information,44.0,250.0,GPS,8.4,MTMLA>RUULU,05/01/2025 09:00:00,AIS,POINT (11.06885 57.65905),352002488_0,0 days 00:27:57,-2.3667157418690587e-07,137.37891924119037,0.0,0,4.9835461718788165,57.65905,11.06885
2025-01-01 18:57:03,2025-01-01 18:57:03,Class A,352002488_0,57.623367,11.123917,Under way using engine,0.0,14.4,140.0,136.0,9419137,3E2642,SIKAR,Tanker,No additional information,44.0,250.0,GPS,8.4,MTMLA>RUULU,05/01/2025 09:00:00,AIS,POINT (11.123917 57.623367),352002488_0,0 days 00:12:03,1.3803810786994627e-07,140.42120848134948,0.0,0,4.919068050615482,57.623367,11.123917
2025-01-01 18:58:03,2025-01-01 18:58:03,Class A,352002488_0,57.620383,11.128433,Under way using engine,0.0,14.4,140.0,136.0,9419137,3E2642,SIKAR,Tanker,No additional information,44.0,250.0,GPS,8.4,MTMLA>RUULU,05/01/2025 09:00:00,AIS,POINT (11.128433 57.620383),352002488_0,0 days 00:01:00,2.8249568555498843e-09,140.97557606540954,0.0,0,4.913759832110844,57.620383,11.128433
2025-01-01 19:21:03,2025-01-01 19:21:03,Class A,352002488_0,57.560917,11.2453,Under way using engine,0.0,14.3,131.0,130.0,9419137,3E2642,SIKAR,Tanker,No additional information,44.0,250.0,GPS,8.4,MTMLA>RUULU,05/01/2025 09:00:00,AIS,POINT (11.2453 57.560917),352002488_0,0 days 00:23:00,-1.1418604040170621e-07,133.4632224787963,0.0,0,4.783106271371043,57.560917,11.2453
2025-01-01 19:22:03,2025-01-01 19:22:03,Class A,352002488_0,57.558367,11.250583,Under way using engine,0.0,14.4,131.0,130.0,9419137,3E2642,SIKAR,Tanker,No additional information,44.0,250.0,GPS,8.4,MTMLA>RUULU,05/01/2025 09:00:00,AIS,POINT (11.250583 57.558367),352002488_0,0 days 00:01:00,1.7750190194803742e-06,131.97914311666023,0.0,0,4.777252487806143,57.558367,11.250583
2025-01-01 19:23:03,2025-01-01 19:23:03,Class A,352002488_0,57.55585,11.2559,Under way using engine,0.0,14.4,131.0,130.0,9419137,3E2642,SIKAR,Tanker,No additional information,44.0,250.0,GPS,8.4,MTMLA>RUULU,05/01/2025 09:00:00,AIS,POINT (11.2559 57.55585),352002488_0,0 days 00:01:00,-2.5145695962832357e-07,131.42390387741045,0.0,0,4.771379592921527,57.55585,11.2559
2025-01-01 19:24:03,2025-01-01 19:24:03,Class A,352002488_0,57.553333,11.261117,Under way using engine,0.0,14.4,133.0,133.0,9419137,3E2642,SIKAR,Tanker,No additional information,44.0,250.0,GPS,8.4,MTMLA>RUULU,05/01/2025 09:00:00,AIS,POINT (11.261117 57.553333),352002488_0,0 days 00:01:00,-1.2382349924747905e-06,131.96228567045853,0.0,0,4.765599425570932,57.553333,11.261117
2025-01-01 19:25:03,2025-01-01 19:25:03,Class A,352002488_0,57.550617,11.266367,Under way using engine,0.0,14.5,134.0,133.0,9419137,3E2642,SIKAR,Tanker,No additional information,44.0,250.0,GPS,8.4,MTMLA>RUULU,05/01/2025 09:00:00,AIS,POINT (11.266367 57.550617),352002488_0,0 days 00:01:00,4.5983143699794416e-06,133.9539975115705,0.0,0,4.759714093008738,57.550617,11.266367
2025-01-01 19:26:03,2025-01-01 19:26:03,Class A,352002488_0,57.547917,11.271483,Under way using engine,0.0,14.5,133.0,133.0,9419137,3E2642,SIKAR,Tanker,No additional information,44.0,250.0,GPS,8.4,MTMLA>RUULU,05/01/2025 09:00:00,AIS,POINT (11.271483 57.547917),352002488_0,0 days 00:01:00,-1.9385320830436385e-06,134.52314779302367,0.0,0,4.753959054645926,57.547917,11.271483
2025-01-01 19:27:00,2025-01-01 19:27:00,Class A,352002488_0,57.545483,11.276083,Under way using engine,0.0,14.5,135.0,136.0,9419137,3E2642,SIKAR,Tanker,No additional information,44.0,250.0,GPS,8.4,MTMLA>RUULU,05/01/2025 09:00:00,AIS,POINT (11.276083 57.545483),352002488_0,0 days 00:00:57,-6.563241093400392e-06,134.5958461204284,0.0,0,4.748782162814587,57.545483,11.276083
2025-01-01 19:39:00,2025-01-01 19:39:00,Class A,352002488_0,57.511417,11.33455,Under way using engine,0.0,14.6,137.0,136.0,9419137,3E2642,SIKAR,Tanker,No additional information,44.0,250.0,GPS,8.4,MTMLA>RUULU,05/01/2025 09:00:00,AIS,POINT (11.33455 57.511417),352002488_0,0 days 00:12:00,5.439949874155651e-07,137.3165959532356,0.0,0,4.681820733190134,57.511417,11.33455
2025-01-01 19:54:03,2025-01-01 19:54:03,Class A,352002488_0,57.469617,11.406833,Under way using engine,0.0,14.2,138.0,136.0,9419137,3E2642,SIKAR,Tanker,No additional information,44.0,250.0,GPS,8.4,MTMLA>RUULU,05/01/2025 09:00:00,AIS,POINT (11.406833 57.469617),352002488_0,0 days 00:15:03,-1.4103334108634446e-07,137.06601634222102,0.0,0,4.599181599181532,57.469617,11.406833
2025-01-01 19:55:03,2025-01-01 19:55:03,Class A,352002488_0,57.466817,11.41145,Under way using engine,0.0,14.2,138.0,136.0,9419137,3E2642,SIKAR,Tanker,No additional information,44.0,250.0,GPS,8.4,MTMLA>RUULU,05/01/2025 09:00:00,AIS,POINT (11.41145 57.466817),352002488_0,0 days 00:01:00,-1.535070988592325e-06,138.43336704308706,0.0,0,4.593856020744337,57.466817,11.41145
2025-01-01 19:56:03,2025-01-01 19:56:03,Class A,352002488_0,57.46405,11.416033,Under way using engine,0.0,14.2,137.0,136.0,9419137,3E2642,SIKAR,Tanker,No additional information,44.0,250.0,GPS,8.4,MTMLA>RUULU,05/01/2025 09:00:00,AIS,POINT (11.416033 57.46405),352002488_0,0 days 00:01:00,-1.135467751267417e-06,138.30420406049825,0.0,0,4.5885744122296845,57.46405,11.416033
2025-01-01 20:03:00,2025-01-01 20:03:00,Class A,352002488_0,57.442517,11.439583,Under way using engine,0.0,13.8,162.0,161.0,9419137,3E2642,SIKAR,Tanker,No additional information,44.0,250.0,GPS,8.4,MTMLA>RUULU,05/01/2025 09:00:00,AIS,POINT (11.439583 57.442517),352002488_0,0 days 00:06:57,-4.994404100964634e-07,149.51835068217093,0.0,0,4.558742713320197,57.442517,11.439583
2025-01-01 20:08:00,2025-01-01 20:08:00,Class A,352002488_0,57.4247,11.450367,Under way using engine,0.0,13.9,159.0,159.0,9419137,3E2642,SIKAR,Tanker,No additional information,44.0,250.0,GPS,8.4,MTMLA>RUULU,05/01/2025 09:00:00,AIS,POINT (11.450367 57.4247),352002488_0,0 days 00:05:00,9.395144685990278e-07,161.94985932827012,0.0,0,4.5421806499086985,57.4247,11.450367
2025-01-01 20:09:00,2025-01-01 20:09:00,Class A,352002488_0,57.421317,11.452567,Under way using engine,0.0,13.9,160.0,159.0,9419137,3E2642,SIKAR,Tanker,No additional information,44.0,250.0,GPS,8.4,MTMLA>RUULU,05/01/2025 09:00:00,AIS,POINT (11.452567 57.421317),352002488_0,0 days 00:01:00,-5.051890750992641e-06,160.70146268581766,0.0,0,4.538897999491287,57.421317,11.452567
2025-01-01 20:10:00,2025-01-01 20:10:00,Class A,352002488_0,57.417733,11.45495,Under way using engine,0.0,14.0,160.0,159.0,9419137,3E2642,SIKAR,Tanker,No additional information,44.0,250.0,GPS,8.4,MTMLA>RUULU,05/01/2025 09:00:00,AIS,POINT (11.45495 57.417733),352002488_0,0 days 00:01:00,6.882561780559915e-06,160.29972160873808,0.0,0,4.535372937912051,57.417733,11.45495
2025-01-01 20:11:00,2025-01-01 20:11:00,Class A,352002488_0,57.414383,11.457333,Under way using engine,0.0,13.9,159.0,159.0,9419137,3E2642,SIKAR,Tanker,No additional information,44.0,250.0,GPS,8.4,MTMLA>RUULU,05/01/2025 09:00:00,AIS,POINT (11.457333 57.414383),352002488_0,0 days 00:01:00,-6.7854989481991e-06,159.03800864314314,0.0,0,4.531934309835702,57.414383,11.457333
2025-01-01 20:12:00,2025-01-01 20:12:00,Class A,352002488_0,57.410783,11.4599,Under way using engine,0.0,14.0,159.0,159.0,9419137,3E2642,SIKAR,Tanker,No additional information,44.0,250.0,GPS,8.4,MTMLA>RUULU,05/01/2025 09:00:00,AIS,POINT (11.4599 57.410783),352002488_0,0 days 00:01:00,8.322284878013007e-06,158.99005363303445,0.0,0,4.528234574185067,57.410783,11.4599
2025-01-01 20:13:00,2025-01-01 20:13:00,Class A,352002488_0,57.407167,11.462283,Under way using engine,0.0,14.0,161.0,160.0,9419137,3E2642,SIKAR,Tanker,No additional information,44.0,250.0,GPS,8.4,MTMLA>RUULU,05/01/2025 09:00:00,AIS,POINT (11.462283 57.407167),352002488_0,0 days 00:01:00,-6.008718026675065e-07,160.45559312444266,0.0,0,4.52470180666638,57.407167,11.462283
2025-01-01 20:14:00,2025-01-01 20:14:00,Class A,352002488_0,57.403633,11.464517,Under way using engine,0.0,14.1,161.0,160.0,9419137,3E2642,SIKAR,Tanker,No additional information,44.0,250.0,GPS,8.4,MTMLA>RUULU,05/01/2025 09:00:00,AIS,POINT (11.464517 57.403633),352002488_0,0 days 00:01:00,-3.2128684614936402e-06,161.19375868732027,0.0,0,4.521339008170256,57.403633,11.464517
2025-01-01 20:15:00,2025-01-01 20:15:00,Class A,352002488_0,57.399883,11.466683,Under way using engine,0.0,14.2,161.0,160.0,9419137,3E2642,SIKAR,Tanker,No additional information,44.0,250.0,GPS,8.4,MTMLA>RUULU,05/01/2025 09:00:00,AIS,POINT (11.466683 57.399883),352002488_0,0 days 00:01:00,6.001408364733806e-06,162.7140388995232,0.0,0,4.517962872431115,57.399883,11.466683
2025-01-01 20:16:00,2025-01-01 20:16:00,Class A,352002488_0,57.39625,11.4689,Under way using engine,0.0,14.2,161.0,160.0,9419137,3E2642,SIKAR,Tanker,No additional information,44.0,250.0,GPS,8.4,MTMLA>RUULU,05/01/2025 09:00:00,AIS,POINT (11.4689 57.39625),352002488_0,0 days 00:01:00,-3.1856742870174043e-06,161.7983796755143,0.0,0,4.514583044108061,57.39625,11.4689
2025-01-01 20:17:00,2025-01-01 20:17:00,Class A,352002488_0,57.39285,11.47125,Under way using engine,0.0,14.2,161.0,160.0,9419137,3E2642,SIKAR,Tanker,No additional information,44.0,250.0,GPS,8.4,MTMLA>RUULU,05/01/2025 09:00:00,AIS,POINT (11.47125 57.39285),352002488_0,0 days 00:01:00,-6.064838932541127e-06,159.57161267432048,0.0,0,4.511164644041271,57.39285,11.47125
2025-01-01 20:18:00,2025-01-01 20:18:00,Class A,352002488_0,57.389167,11.473517,Under way using engine,0.0,14.3,161.0,160.0,9419137,3E2642,SIKAR,Tanker,No additional information,44.0,250.0,GPS,8.4,MTMLA>RUULU,05/01/2025 09:00:00,AIS,POINT (11.473517 57.389167),352002488_0,0 days 00:01:00,7.79778331532357e-06,161.6477741985999,0.0,0,4.507722984987654,57.389167,11.473517
2025-01-01 20:19:00,2025-01-01 20:19:00,Class A,352002488_0,57.385333,11.475367,Under way using engine,0.0,14.3,161.0,160.0,9419137,3E2642,SIKAR,Tanker,No additional information,44.0,250.0,GPS,8.4,MTMLA>RUULU,05/01/2025 09:00:00,AIS,POINT (11.475367 57.385333),352002488_0,0 days 00:01:00,2.503483775420732e-06,165.42174671259465,0.0,0,4.504617706643041,57.385333,11.475367
2025-01-01 20:20:00,2025-01-01 20:20:00,Class A,352002488_0,57.381583,11.47765,Under way using engine,0.0,14.4,161.0,160.0,9419137,3E2642,SIKAR,Tanker,No additional information,44.0,250.0,GPS,8.4,MTMLA>RUULU,05/01/2025 09:00:00,AIS,POINT (11.47765 57.381583),352002488_0,0 days 00:01:00,-4.4934806894737026e-07,161.83170004197882,0.0,0,4.501140288409704,57.381583,11.47765
2025-01-01 20:21:00,2025-01-01 20:21:00,Class A,352002488_0,57.378167,11.48005,Under way using engine,0.0,14.4,161.0,160.0,9419137,3E2642,SIKAR,Tanker,No additional information,44.0,250.0,GPS,8.4,MTMLA>RUULU,05/01/2025 09:00:00,AIS,POINT (11.48005 57.378167),352002488_0,0 days 00:01:00,-9.089129049737463e-06,159.255540627531,0.0,0,4.497674917635665,57.378167,11.48005
2025-01-01 20:22:00,2025-01-01 20:22:00,Class A,352002488_0,57.374533,11.482283,Under way using engine,0.0,14.4,161.0,160.0,9419137,3E2642,SIKAR,Tanker,No additional information,44.0,250.0,GPS,8.4,MTMLA>RUULU,05/01/2025 09:00:00,AIS,POINT (11.482283 57.374533),352002488_0,0 days 00:01:00,5.421866509486125e-06,161.67034211079158,0.0,0,4.4942886819235355,57.374533,11.482283
2025-01-01 20:23:00,2025-01-01 20:23:00,Class A,352002488_0,57.370817,11.484567,Under way using engine,0.0,14.5,161.0,160.0,9419137,3E2642,SIKAR,Tanker,No additional information,44.0,250.0,GPS,8.4,MTMLA>RUULU,05/01/2025 09:00:00,AIS,POINT (11.484567 57.370817),352002488_0,0 days 00:01:00,2.6771369290309643e-06,161.66401424805395,0.0,0,4.490827013010633,57.370817,11.484567
2025-01-01 20:24:00,2025-01-01 20:24:00,Class A,352002488_0,57.367217,11.486767,Under way using engine,0.0,14.4,161.0,160.0,9419137,3E2642,SIKAR,Tanker,No additional information,44.0,250.0,GPS,8.4,MTMLA>RUULU,05/01/2025 09:00:00,AIS,POINT (11.486767 57.367217),352002488_0,0 days 00:01:00,-3.846763657470289e-06,161.76061813416732,0.0,0,4.487486767488678,57.367217,11.486767
2025-01-01 20:25:00,2025-01-01 20:25:00,Class A,352002488_0,57.36355,11.4892,Under way using engine,0.0,14.5,161.0,160.0,9419137,3E2642,SIKAR,Tanker,No additional information,44.0,250.0,GPS,8.4,MTMLA>RUULU,05/01/2025 09:00:00,AIS,POINT (11.4892 57.36355),352002488_0,0 days 00:01:00,3.2289617431165383e-06,160.31156054404596,0.0,0,4.483906420538679,57.36355,11.4892
2025-01-01 20:39:00,2025-01-01 20:39:00,Class A,352002488_0,57.313533,11.523,Under way using engine,0.0,14.1,160.0,163.0,9419137,3E2642,SIKAR,Tanker,No additional information,44.0,250.0,GPS,8.4,MTMLA>RUULU,05/01/2025 09:00:00,AIS,POINT (11.523 57.313533),352002488_0,0 days 00:14:00,-2.0297075079527123e-07,159.9490750400862,0.0,0,4.434642880688928,57.313533,11.523
2025-01-01 20:51:00,2025-01-01 20:51:00,Class A,352002488_0,57.271483,11.551167,Under way using engine,0.0,14.0,161.0,165.0,9419137,3E2642,SIKAR,Tanker,No additional information,44.0,250.0,GPS,8.4,MTMLA>RUULU,05/01/2025 09:00:00,AIS,POINT (11.551167 57.271483),352002488_0,0 days 00:12:00,-1.9650470879381408e-07,160.09036443547393,0.0,0,4.393674770531157,57.271483,11.551167
2025-01-01 20:52:00,2025-01-01 20:52:00,Class A,352002488_0,57.267583,11.553483,Under way using engine,0.0,14.1,162.0,165.0,9419137,3E2642,SIKAR,Tanker,No additional information,44.0,250.0,GPS,8.4,MTMLA>RUULU,05/01/2025 09:00:00,AIS,POINT (11.553483 57.267583),352002488_0,0 days 00:01:00,1.142586334160173e-05,162.19796388672876,0.0,0,4.390163835902483,57.267583,11.553483
2025-01-01 20:53:00,2025-01-01 20:53:00,Class A,352002488_0,57.263983,11.5556,Under way using engine,0.0,14.2,162.0,165.0,9419137,3E2642,SIKAR,Tanker,No additional information,44.0,250.0,GPS,8.4,MTMLA>RUULU,05/01/2025 09:00:00,AIS,POINT (11.5556 57.263983),352002488_0,0 days 00:01:00,-9.854330101719336e-06,162.35913284465573,0.0,0,4.386944235575033,57.263983,11.5556
2025-01-01 20:54:00,2025-01-01 20:54:00,Class A,352002488_0,57.26035,11.557667,Under way using engine,0.0,14.1,162.0,165.0,9419137,3E2642,SIKAR,Tanker,No additional information,44.0,250.0,GPS,8.4,MTMLA>RUULU,05/01/2025 09:00:00,AIS,POINT (11.557667 57.26035),352002488_0,0 days 00:01:00,7.244196059902688e-07,162.8967055947146,0.0,0,4.383762009473712,57.26035,11.557667
2025-01-01 20:55:00,2025-01-01 20:55:00,Class A,352002488_0,57.2567,11.5595,Under way using engine,0.0,14.1,162.0,165.0,9419137,3E2642,SIKAR,Tanker,No additional information,44.0,250.0,GPS,8.4,MTMLA>RUULU,05/01/2025 09:00:00,AIS,POINT (11.5595 57.2567),352002488_0,0 days 00:01:00,-5.871745581919295e-07,164.8037058469314,0.0,0,4.380795718388156,57.2567,11.5595
2025-01-01 20:56:00,2025-01-01 20:56:00,Class A,352002488_0,57.252817,11.561717,Under way using engine,0.0,14.2,163.0,165.0,9419137,3E2642,SIKAR,Tanker,No additional information,44.0,250.0,GPS,8.4,MTMLA>RUULU,05/01/2025 09:00:00,AIS,POINT (11.561717 57.252817),352002488_0,0 days 00:01:00,8.72046665000324e-06,162.83682854574386,0.0,0,4.377390923825058,57.252817,11.561717
2025-01-01 20:58:00,2025-01-01 20:58:00,Class A,352002488_0,57.245567,11.5659,Under way using engine,0.0,13.9,160.0,161.0,9419137,3E2642,SIKAR,Tanker,No additional information,44.0,250.0,GPS,8.4,MTMLA>RUULU,05/01/2025 09:00:00,AIS,POINT (11.5659 57.245567),352002488_0,0 days 00:02:00,-4.122209631800946e-06,162.66350777692867,0.0,0,4.370997894031637,57.245567,11.5659
2025-01-01 20:59:00,2025-01-01 20:59:00,Class A,352002488_0,57.241983,11.5683,Under way using engine,0.0,13.8,160.0,161.0,9419137,3E2642,SIKAR,Tanker,No additional information,44.0,250.0,GPS,8.4,MTMLA>RUULU,05/01/2025 09:00:00,AIS,POINT (11.5683 57.241983),352002488_0,0 days 00:01:00,4.553519487234791e-07,160.0824816401481,0.0,0,4.367527376313168,57.241983,11.5683
2025-01-01 21:00:00,2025-01-01 21:00:00,Class A,352002488_0,57.238417,11.570667,Under way using engine,0.0,14.0,160.0,161.0,9419137,3E2642,SIKAR,Tanker,No additional information,44.0,250.0,GPS,8.4,MTMLA>RUULU,05/01/2025 09:00:00,AIS,POINT (11.570667 57.238417),352002488_0,0 days 00:01:00,-7.105463879939685e-07,160.24185701882675,0.0,0,4.364095499480504,57.238417,11.570667
2025-01-01 21:01:00,2025-01-01 21:01:00,Class A,352002488_0,57.235,11.573083,Under way using engine,0.0,14.2,160.0,161.0,9419137,3E2642,SIKAR,Tanker,No additional information,44.0,250.0,GPS,8.4,MTMLA>RUULU,05/01/2025 09:00:00,AIS,POINT (11.573083 57.235),352002488_0,0 days 00:01:00,-4.033255851326383e-06,159.06035695073138,0.0,0,4.360669164505488,57.235,11.573083
2025-01-01 21:02:00,2025-01-01 21:02:00,Class A,352002488_0,57.231417,11.5754,Under way using engine,0.0,14.3,161.0,161.0,9419137,3E2642,SIKAR,Tanker,No additional information,44.0,250.0,GPS,8.4,MTMLA>RUULU,05/01/2025 09:00:00,AIS,POINT (11.5754 57.231417),352002488_0,0 days 00:01:00,4.250397000980745e-06,160.70956523439804,0.0,0,4.357281572107659,57.231417,11.5754
2025-01-01 21:03:00,2025-01-01 21:03:00,Class A,352002488_0,57.227717,11.577783,Under way using engine,0.0,14.4,160.0,161.0,9419137,3E2642,SIKAR,Tanker,No additional information,44.0,250.0,GPS,8.4,MTMLA>RUULU,05/01/2025 09:00:00,AIS,POINT (11.577783 57.227717),352002488_0,0 days 00:01:00,3.7831336266037905e-06,160.77993482288878,0.0,0,4.3537940824354555,57.227717,11.577783
2025-01-01 21:04:00,2025-01-01 21:04:00,Class A,352002488_0,57.224117,11.580083,Under way using engine,0.0,14.5,161.0,161.0,9419137,3E2642,SIKAR,Tanker,No additional information,44.0,250.0,GPS,8.4,MTMLA>RUULU,05/01/2025 09:00:00,AIS,POINT (11.580083 57.224117),352002488_0,0 days 00:01:00,-3.378047378690023e-06,160.92117053951165,0.0,0,4.350419958722376,57.224117,11.580083
2025-01-01 21:05:00,2025-01-01 21:05:00,Class A,352002488_0,57.220467,11.582367,Under way using engine,0.0,14.5,161.0,161.0,9419137,3E2642,SIKAR,Tanker,No additional information,44.0,250.0,GPS,8.4,MTMLA>RUULU,05/01/2025 09:00:00,AIS,POINT (11.582367 57.220467),352002488_0,0 days 00:01:00,1.3771262776597307e-06,161.28414511234882,0.0,0,4.347045767091255,57.220467,11.582367
2025-01-01 21:18:00,2025-01-01 21:18:00,Class A,352002488_0,57.17275,11.612783,Under way using engine,0.0,14.6,159.0,159.0,9419137,3E2642,SIKAR,Tanker,No additional information,44.0,250.0,GPS,8.4,MTMLA>RUULU,05/01/2025 09:00:00,AIS,POINT (11.612783 57.17275),352002488_0,0 days 00:13:00,7.01857976358816e-08,160.93588853607116,0.0,0,4.30256105508905,57.17275,11.612783
2025-01-01 21:19:00,2025-01-01 21:19:00,Class A,352002488_0,57.169117,11.61525,Under way using engine,0.0,14.6,160.0,159.0,9419137,3E2642,SIKAR,Tanker,No additional information,44.0,250.0,GPS,8.4,MTMLA>RUULU,05/01/2025 09:00:00,AIS,POINT (11.61525 57.169117),352002488_0,0 days 00:01:00,-3.6480247695349956e-07,159.7883762935371,0.0,0,4.29904284667285,57.169117,11.61525
2025-01-01 21:20:00,2025-01-01 21:20:00,Class A,352002488_0,57.165417,11.617733,Under way using engine,0.0,14.8,160.0,159.0,9419137,3E2642,SIKAR,Tanker,No additional information,44.0,250.0,GPS,8.4,MTMLA>RUULU,05/01/2025 09:00:00,AIS,POINT (11.617733 57.165417),352002488_0,0 days 00:01:00,2.0398009398058316e-06,160.00492197414894,0.0,0,4.295489296139614,57.165417,11.617733
2025-01-01 21:21:00,2025-01-01 21:21:00,Class A,352002488_0,57.161533,11.620033,Under way using engine,0.0,14.8,159.0,159.0,9419137,3E2642,SIKAR,Tanker,No additional information,44.0,250.0,GPS,8.4,MTMLA>RUULU,05/01/2025 09:00:00,AIS,POINT (11.620033 57.161533),352002488_0,0 days 00:01:00,4.388138183131536e-06,162.1970933246664,0.0,0,4.292050674265857,57.161533,11.620033
2025-01-01 21:22:00,2025-01-01 21:22:00,Class A,352002488_0,57.157833,11.622517,Under way using engine,0.0,14.8,159.0,159.0,9419137,3E2642,SIKAR,Tanker,No additional information,44.0,250.0,GPS,8.4,MTMLA>RUULU,05/01/2025 09:00:00,AIS,POINT (11.622517 57.157833),352002488_0,0 days 00:01:00,-4.379583377206713e-06,159.9937301814167,0.0,0,4.288499696537471,57.157833,11.622517
2025-01-01 21:23:00,2025-01-01 21:23:00,Class A,352002488_0,57.154317,11.6249,Under way using engine,0.0,14.8,160.0,160.0,9419137,3E2642,SIKAR,Tanker,No additional information,44.0,250.0,GPS,8.4,MTMLA>RUULU,05/01/2025 09:00:00,AIS,POINT (11.6249 57.154317),352002488_0,0 days 00:01:00,-5.9271623850214604e-06,159.81637067172846,0.0,0,4.285105561783629,57.154317,11.6249
2025-01-01 21:24:00,2025-01-01 21:24:00,Class A,352002488_0,57.1506,11.62695,Under way using engine,0.0,14.8,161.0,161.0,9419137,3E2642,SIKAR,Tanker,No additional information,44.0,250.0,GPS,8.4,MTMLA>RUULU,05/01/2025 09:00:00,AIS,POINT (11.62695 57.1506),352002488_0,0 days 00:01:00,4.1292059894575475e-06,163.34471683818276,0.0,0,4.281963081922587,57.1506,11.62695
2025-01-01 21:25:00,2025-01-01 21:25:00,Class A,352002488_0,57.146867,11.629117,Under way using engine,0.0,14.8,162.0,161.0,9419137,3E2642,SIKAR,Tanker,No additional information,44.0,250.0,GPS,8.4,MTMLA>RUULU,05/01/2025 09:00:00,AIS,POINT (11.629117 57.146867),352002488_0,0 days 00:01:00,1.0524416161613886e-06,162.52002367716625,0.0,0,4.278706600035341,57.146867,11.629117
2025-01-01 21:33:00,2025-01-01 21:33:00,Class A,352002488_0,57.117367,11.6468,Under way using engine,0.0,14.5,159.0,153.0,9419137,3E2642,SIKAR,Tanker,No additional information,44.0,250.0,GPS,8.4,MTMLA>RUULU,05/01/2025 09:00:00,AIS,POINT (11.6468 57.117367),352002488_0,0 days 00:08:00,-1.3909189926555594e-07,161.9723751252577,0.0,0,4.252509285260762,57.117367,11.6468
2025-01-01 21:53:00,2025-01-01 21:53:00,Class A,352002488_0,57.048067,11.701167,Under way using engine,0.0,13.5,159.0,159.0,9419137,3E2642,SIKAR,Tanker,No additional information,44.0,250.0,GPS,8.4,MTMLA>RUULU,05/01/2025 09:00:00,AIS,POINT (11.701167 57.048067),352002488_0,0 days 00:20:00,-1.710220798347914e-07,156.88726667915387,0.0,0,4.1792232737179775,57.048067,11.701167
2025-01-01 21:54:00,2025-01-01 21:54:00,Class A,352002488_0,57.044567,11.703567,Under way using engine,0.0,13.8,159.0,159.0,9419137,3E2642,SIKAR,Tanker,No additional information,44.0,250.0,GPS,8.4,MTMLA>RUULU,05/01/2025 09:00:00,AIS,POINT (11.703567 57.044567),352002488_0,0 days 00:01:00,-9.733488919519793e-07,159.54338952380272,0.0,0,4.175866336197317,57.044567,11.703567
2025-01-01 21:55:00,2025-01-01 21:55:00,Class A,352002488_0,57.041,11.706033,Under way using engine,0.0,14.0,159.0,159.0,9419137,3E2642,SIKAR,Tanker,No additional information,44.0,250.0,GPS,8.4,MTMLA>RUULU,05/01/2025 09:00:00,AIS,POINT (11.706033 57.041),352002488_0,0 days 00:01:00,2.3327178181068784e-06,159.38787557269836,0.0,0,4.172427701263258,57.041,11.706033
2025-01-01 21:56:00,2025-01-01 21:56:00,Class A,352002488_0,57.03735,11.708533,Under way using engine,0.0,14.2,158.0,157.0,9419137,3E2642,SIKAR,Tanker,No additional information,44.0,250.0,GPS,8.4,MTMLA>RUULU,05/01/2025 09:00:00,AIS,POINT (11.708533 57.03735),352002488_0,0 days 00:01:00,2.606646452614029e-06,159.56116333061857,0.0,0,4.168933054435993,57.03735,11.708533
2025-01-01 21:57:00,2025-01-01 21:57:00,Class A,352002488_0,57.0339,11.711183,Under way using engine,0.0,14.3,155.0,155.0,9419137,3E2642,SIKAR,Tanker,No additional information,44.0,250.0,GPS,8.4,MTMLA>RUULU,05/01/2025 09:00:00,AIS,POINT (11.711183 57.0339),352002488_0,0 days 00:01:00,-4.82056307728763e-06,157.3166287142285,0.0,0,4.165358142545369,57.0339,11.711183
2025-01-01 21:58:00,2025-01-01 21:58:00,Class A,352002488_0,57.030467,11.714133,Under way using engine,0.0,14.3,154.0,157.0,9419137,3E2642,SIKAR,Tanker,No additional information,44.0,250.0,GPS,8.4,MTMLA>RUULU,05/01/2025 09:00:00,AIS,POINT (11.714133 57.030467),352002488_0,0 days 00:01:00,1.572367937024485e-06,154.93763787865544,0.0,0,4.161504045324238,57.030467,11.714133
2025-01-01 21:59:00,2025-01-01 21:59:00,Class A,352002488_0,57.027,11.716983,Under way using engine,0.0,14.2,157.0,161.0,9419137,3E2642,SIKAR,Tanker,No additional information,44.0,250.0,GPS,8.4,MTMLA>RUULU,05/01/2025 09:00:00,AIS,POINT (11.716983 57.027),352002488_0,0 days 00:01:00,2.551082994911522e-07,155.896624224667,0.0,0,4.1577362864026135,57.027,11.716983
2025-01-01 22:00:00,2025-01-01 22:00:00,Class A,352002488_0,57.023433,11.719533,Under way using engine,0.0,14.3,160.0,162.0,9419137,3E2642,SIKAR,Tanker,No additional information,44.0,250.0,GPS,8.4,MTMLA>RUULU,05/01/2025 09:00:00,AIS,POINT (11.719533 57.023433),352002488_0,0 days 00:01:00,9.004088183032014e-07,158.73835857593315,0.0,0,4.154225630038165,57.023433,11.719533
2025-01-01 22:01:00,2025-01-01 22:01:00,Class A,352002488_0,57.01985,11.721833,Under way using engine,0.0,14.3,160.0,162.0,9419137,3E2642,SIKAR,Tanker,No additional information,44.0,250.0,GPS,8.4,MTMLA>RUULU,05/01/2025 09:00:00,AIS,POINT (11.721833 57.01985),352002488_0,0 days 00:01:00,-9.977192897371243e-07,160.73903773047914,0.0,0,4.150950132604461,57.01985,11.721833
2025-01-01 22:02:00,2025-01-01 22:02:00,Class A,352002488_0,57.016233,11.724117,Under way using engine,0.0,14.3,161.0,164.0,9419137,3E2642,SIKAR,Tanker,No additional information,44.0,250.0,GPS,8.4,MTMLA>RUULU,05/01/2025 09:00:00,AIS,POINT (11.724117 57.016233),352002488_0,0 days 00:01:00,9.061399930537783e-07,161.02851271540487,0.0,0,4.1476814295220406,57.016233,11.724117
2025-01-01 22:03:00,2025-01-01 22:03:00,Class A,352002488_0,57.012583,11.726233,Under way using engine,0.0,14.4,162.0,164.0,9419137,3E2642,SIKAR,Tanker,No additional information,44.0,250.0,GPS,8.4,MTMLA>RUULU,05/01/2025 09:00:00,AIS,POINT (11.726233 57.012583),352002488_0,0 days 00:01:00,8.132485698683633e-08,162.48241843712935,0.0,0,4.144564865708581,57.012583,11.726233
2025-01-01 22:04:00,2025-01-01 22:04:00,Class A,352002488_0,57.008917,11.728317,Under way using engine,0.0,14.4,162.0,164.0,9419137,3E2642,SIKAR,Tanker,No additional information,44.0,250.0,GPS,8.4,MTMLA>RUULU,05/01/2025 09:00:00,AIS,POINT (11.728317 57.008917),352002488_0,0 days 00:01:00,3.118912559108156e-07,162.80079132507797,0.0,0,4.141475979863458,57.008917,11.728317
2025-01-01 22:05:00,2025-01-01 22:05:00,Class A,352002488_0,57.005183,11.730383,Under way using engine,0.0,14.4,162.0,164.0,9419137,3E2642,SIKAR,Tanker,No additional information,44.0,250.0,GPS,8.4,MTMLA>RUULU,05/01/2025 09:00:00,AIS,POINT (11.730383 57.005183),352002488_0,0 days 00:01:00,1.923471481637441e-06,163.23218658695077,0.0,0,4.138385903739041,57.005183,11.730383
2025-01-01 22:06:00,2025-01-01 22:06:00,Class A,352002488_0,57.001517,11.732517,Under way using engine,0.0,14.4,162.0,164.0,9419137,3E2642,SIKAR,Tanker,No additional information,44.0,250.0,GPS,8.4,MTMLA>RUULU,05/01/2025 09:00:00,AIS,POINT (11.732517 57.001517),352002488_0,0 days 00:01:00,-1.6687517167639337e-06,162.41002055463582,0.0,0,4.135253336542514,57.001517,11.732517
2025-01-01 22:07:00,2025-01-01 22:07:00,Class A,352002488_0,56.997933,11.734617,Under way using engine,0.0,14.4,162.0,164.0,9419137,3E2642,SIKAR,Tanker,No additional information,44.0,250.0,GPS,8.4,MTMLA>RUULU,05/01/2025 09:00:00,AIS,POINT (11.734617 56.997933),352002488_0,0 days 00:01:00,-2.590048207128075e-06,162.2998430341886,0.0,0,4.132179642900585,56.997933,11.734617
2025-01-01 22:08:00,2025-01-01 22:08:00,Class A,352002488_0,56.994233,11.73675,Under way using engine,0.0,14.4,162.0,165.0,9419137,3E2642,SIKAR,Tanker,No additional information,44.0,250.0,GPS,8.4,MTMLA>RUULU,05/01/2025 09:00:00,AIS,POINT (11.73675 56.994233),352002488_0,0 days 00:01:00,3.5897622493011576e-06,162.56629045007753,0.0,0,4.129041836327769,56.994233,11.73675
2025-01-01 22:09:00,2025-01-01 22:09:00,Class A,352002488_0,56.990667,11.7388,Under way using engine,0.0,14.4,162.0,164.0,9419137,3E2642,SIKAR,Tanker,No additional information,44.0,250.0,GPS,8.4,MTMLA>RUULU,05/01/2025 09:00:00,AIS,POINT (11.7388 56.990667),352002488_0,0 days 00:01:00,-4.3735475814320565e-06,162.6105542696148,0.0,0,4.126025086233603,56.990667,11.7388
2025-01-01 22:10:00,2025-01-01 22:10:00,Class A,352002488_0,56.987033,11.740867,Under way using engine,0.0,14.4,162.0,164.0,9419137,3E2642,SIKAR,Tanker,No additional information,44.0,250.0,GPS,8.4,MTMLA>RUULU,05/01/2025 09:00:00,AIS,POINT (11.740867 56.987033),352002488_0,0 days 00:01:00,2.094386982547233e-06,162.78193701050975,0.0,0,4.122973861595777,56.987033,11.740867
2025-01-01 22:11:00,2025-01-01 22:11:00,Class A,352002488_0,56.983333,11.74295,Under way using engine,0.0,14.3,162.0,164.0,9419137,3E2642,SIKAR,Tanker,No additional information,44.0,250.0,GPS,8.4,MTMLA>RUULU,05/01/2025 09:00:00,AIS,POINT (11.74295 56.983333),352002488_0,0 days 00:01:00,2.0313401567830882e-06,162.9462999453715,0.0,0,4.119889837501119,56.983333,11.74295
2025-01-01 22:12:00,2025-01-01 22:12:00,Class A,352002488_0,56.979767,11.744933,Under way using engine,0.0,14.3,162.0,164.0,9419137,3E2642,SIKAR,Tanker,No additional information,44.0,250.0,GPS,8.4,MTMLA>RUULU,05/01/2025 09:00:00,AIS,POINT (11.744933 56.979767),352002488_0,0 days 00:01:00,-4.456711860941929e-06,163.14152589607693,0.0,0,4.116942933567334,56.979767,11.744933
2025-01-01 22:13:00,2025-01-01 22:13:00,Class A,352002488_0,56.97615,11.746967,Under way using engine,0.0,14.2,162.0,164.0,9419137,3E2642,SIKAR,Tanker,No additional information,44.0,250.0,GPS,8.4,MTMLA>RUULU,05/01/2025 09:00:00,AIS,POINT (11.746967 56.97615),352002488_0,0 days 00:01:00,1.7612771799389772e-06,162.96114100778425,0.0,0,4.113934222846178,56.97615,11.746967
2025-01-01 22:21:00,2025-01-01 22:21:00,Class A,352002488_0,56.947267,11.763183,Under way using engine,0.0,14.2,163.0,164.0,9419137,3E2642,SIKAR,Tanker,No additional information,44.0,250.0,GPS,8.4,MTMLA>RUULU,05/01/2025 09:00:00,AIS,POINT (11.763183 56.947267),352002488_0,0 days 00:08:00,-2.8313677569913957e-08,162.97409385624428,0.0,0,4.090005346359585,56.947267,11.763183
2025-01-01 22:22:00,2025-01-01 22:22:00,Class A,352002488_0,56.943633,11.765167,Under way using engine,0.0,14.2,163.0,164.0,9419137,3E2642,SIKAR,Tanker,No additional information,44.0,250.0,GPS,8.4,MTMLA>RUULU,05/01/2025 09:00:00,AIS,POINT (11.765167 56.943633),352002488_0,0 days 00:01:00,4.93016142896199e-07,163.4164721597706,0.0,0,4.0870576340445695,56.943633,11.765167
2025-01-01 22:23:00,2025-01-01 22:23:00,Class A,352002488_0,56.940067,11.767133,Under way using engine,0.0,14.2,163.0,164.0,9419137,3E2642,SIKAR,Tanker,No additional information,44.0,250.0,GPS,8.4,MTMLA>RUULU,05/01/2025 09:00:00,AIS,POINT (11.767133 56.940067),352002488_0,0 days 00:01:00,-2.101360509788296e-06,163.26112487440344,0.0,0,4.084148773643046,56.940067,11.767133
2025-01-01 22:32:00,2025-01-01 22:32:00,Class A,352002488_0,56.907767,11.78595,Under way using engine,0.0,14.2,162.0,163.0,9419137,3E2642,SIKAR,Tanker,No additional information,44.0,250.0,GPS,8.4,MTMLA>RUULU,05/01/2025 09:00:00,AIS,POINT (11.78595 56.907767),352002488_0,0 days 00:09:00,1.450665458468083e-07,162.35464219526375,0.0,0,4.056923477751214,56.907767,11.78595
2025-01-01 22:33:00,2025-01-01 22:33:00,Class A,352002488_0,56.90425,11.787967,Under way using engine,0.0,14.2,162.0,163.0,9419137,3E2642,SIKAR,Tanker,No additional information,44.0,250.0,GPS,8.4,MTMLA>RUULU,05/01/2025 09:00:00,AIS,POINT (11.787967 56.90425),352002488_0,0 days 00:01:00,-2.4918826168047968e-06,162.61177302902672,0.0,0,4.053999425691251,56.90425,11.787967
2025-01-01 22:34:00,2025-01-01 22:34:00,Class A,352002488_0,56.900617,11.790017,Under way using engine,0.0,14.1,162.0,163.0,9419137,3E2642,SIKAR,Tanker,No additional information,44.0,250.0,GPS,8.4,MTMLA>RUULU,05/01/2025 09:00:00,AIS,POINT (11.790017 56.900617),352002488_0,0 days 00:01:00,3.5929932436610934e-06,162.87350916586195,0.0,0,4.051013160110195,56.900617,11.790017
2025-01-01 22:35:00,2025-01-01 22:35:00,Class A,352002488_0,56.8971,11.791983,Under way using engine,0.0,14.0,163.0,163.0,9419137,3E2642,SIKAR,Tanker,No additional information,44.0,250.0,GPS,8.4,MTMLA>RUULU,05/01/2025 09:00:00,AIS,POINT (11.791983 56.8971),352002488_0,0 days 00:01:00,-3.846667963372519e-06,163.02280168310267,0.0,0,4.0481420472692164,56.8971,11.791983
2025-01-01 22:36:00,2025-01-01 22:36:00,Class A,352002488_0,56.893467,11.794017,Under way using engine,0.0,14.1,162.0,163.0,9419137,3E2642,SIKAR,Tanker,No additional information,44.0,250.0,GPS,8.4,MTMLA>RUULU,05/01/2025 09:00:00,AIS,POINT (11.794017 56.893467),352002488_0,0 days 00:01:00,3.768865983246831e-06,162.99637774224777,0.0,0,4.045175280675239,56.893467,11.794017
2025-01-01 22:38:00,2025-01-01 22:38:00,Class A,352002488_0,56.8863,11.7981,Under way using engine,0.0,14.1,162.0,163.0,9419137,3E2642,SIKAR,Tanker,No additional information,44.0,250.0,GPS,8.4,MTMLA>RUULU,05/01/2025 09:00:00,AIS,POINT (11.7981 56.8863),352002488_0,0 days 00:02:00,-7.120041855920205e-07,162.71238289939902,0.0,0,4.039261121820178,56.8863,11.7981
2025-01-01 22:39:00,2025-01-01 22:39:00,Class A,352002488_0,56.88275,11.800167,Under way using engine,0.0,14.1,162.0,163.0,9419137,3E2642,SIKAR,Tanker,No additional information,44.0,250.0,GPS,8.4,MTMLA>RUULU,05/01/2025 09:00:00,AIS,POINT (11.800167 56.88275),352002488_0,0 days 00:01:00,-8.570620028107839e-07,162.35318811956733,0.0,0,4.036291874122212,56.88275,11.800167
2025-01-01 22:49:00,2025-01-01 22:49:00,Class A,352002488_0,56.847317,11.821517,Under way using engine,0.0,14.1,161.0,162.0,9419137,3E2642,SIKAR,Tanker,No additional information,44.0,250.0,GPS,8.4,MTMLA>RUULU,05/01/2025 09:00:00,AIS,POINT (11.821517 56.847317),352002488_0,0 days 00:10:00,1.6362353523874904e-08,161.76127872274571,0.0,0,4.006073311534125,56.847317,11.821517
2025-01-01 22:50:00,2025-01-01 22:50:00,Class A,352002488_0,56.843783,11.823683,Under way using engine,0.0,14.2,161.0,162.0,9419137,3E2642,SIKAR,Tanker,No additional information,44.0,250.0,GPS,8.4,MTMLA>RUULU,05/01/2025 09:00:00,AIS,POINT (11.823683 56.843783),352002488_0,0 days 00:01:00,-1.0133013876774862e-07,161.4681763597573,0.0,0,4.003035068603071,56.843783,11.823683
2025-01-01 22:51:00,2025-01-01 22:51:00,Class A,352002488_0,56.840117,11.825917,Under way using engine,0.0,14.2,161.0,162.0,9419137,3E2642,SIKAR,Tanker,No additional information,44.0,250.0,GPS,8.4,MTMLA>RUULU,05/01/2025 09:00:00,AIS,POINT (11.825917 56.840117),352002488_0,0 days 00:01:00,4.238875894970558e-06,161.56570197610574,0.0,0,3.9998978727695027,56.840117,11.825917
2025-01-01 22:52:00,2025-01-01 22:52:00,Class A,352002488_0,56.836517,11.828133,Under way using engine,0.0,14.3,161.0,162.0,9419137,3E2642,SIKAR,Tanker,No additional information,44.0,250.0,GPS,8.4,MTMLA>RUULU,05/01/2025 09:00:00,AIS,POINT (11.828133 56.836517),352002488_0,0 days 00:01:00,-2.0314263731453064e-06,161.39012454097042,0.0,0,3.9967978398025092,56.836517,11.828133
2025-01-01 22:53:00,2025-01-01 22:53:00,Class A,352002488_0,56.833033,11.830267,Under way using engine,0.0,14.3,161.0,162.0,9419137,3E2642,SIKAR,Tanker,No additional information,44.0,250.0,GPS,8.4,MTMLA>RUULU,05/01/2025 09:00:00,AIS,POINT (11.830267 56.833033),352002488_0,0 days 00:01:00,-3.843162674155848e-06,161.47417764831084,0.0,0,3.993809876872209,56.833033,11.830267
2025-01-01 22:54:00,2025-01-01 22:54:00,Class A,352002488_0,56.829417,11.832467,Under way using engine,0.0,14.3,161.0,162.0,9419137,3E2642,SIKAR,Tanker,No additional information,44.0,250.0,GPS,8.4,MTMLA>RUULU,05/01/2025 09:00:00,AIS,POINT (11.832467 56.829417),352002488_0,0 days 00:01:00,4.228231124831138e-06,161.58834343574244,0.0,0,3.9907250803564507,56.829417,11.832467
2025-01-01 22:55:00,2025-01-01 22:55:00,Class A,352002488_0,56.825917,11.834583,Under way using engine,0.0,14.2,161.0,162.0,9419137,3E2642,SIKAR,Tanker,No additional information,44.0,250.0,GPS,8.4,MTMLA>RUULU,05/01/2025 09:00:00,AIS,POINT (11.834583 56.825917),352002488_0,0 days 00:01:00,-3.853300273245231e-06,161.6950664124896,0.0,0,3.9877541913024164,56.825917,11.834583
2025-01-01 22:56:00,2025-01-01 22:56:00,Class A,352002488_0,56.822333,11.836717,Under way using engine,0.0,14.2,161.0,162.0,9419137,3E2642,SIKAR,Tanker,No additional information,44.0,250.0,GPS,8.4,MTMLA>RUULU,05/01/2025 09:00:00,AIS,POINT (11.836717 56.822333),352002488_0,0 days 00:01:00,2.5646063466683703e-06,161.95233043610403,0.0,0,3.9847456676432937,56.822333,11.836717
2025-01-01 22:57:00,2025-01-01 22:57:00,Class A,352002488_0,56.8191,11.83865,Under way using engine,0.0,14.2,161.0,162.0,9419137,3E2642,SIKAR,Tanker,No additional information,44.0,250.0,GPS,8.4,MTMLA>RUULU,05/01/2025 09:00:00,AIS,POINT (11.83865 56.8191),352002488_0,0 days 00:01:00,-1.1378233519679037e-05,161.88081918529394,0.0,0,3.982025873565866,56.8191,11.83865
2025-01-01 22:58:00,2025-01-01 22:58:00,Class A,352002488_0,56.81515,11.841033,Under way using engine,0.0,14.3,161.0,162.0,9419137,3E2642,SIKAR,Tanker,No additional information,44.0,250.0,GPS,8.4,MTMLA>RUULU,05/01/2025 09:00:00,AIS,POINT (11.841033 56.81515),352002488_0,0 days 00:01:00,2.3454374576972026e-05,161.7263405198612,0.0,0,3.978684658297137,56.81515,11.841033
2025-01-01 22:59:00,2025-01-01 22:59:00,Class A,352002488_0,56.8115,11.843217,Under way using engine,0.0,14.3,161.0,162.0,9419137,3E2642,SIKAR,Tanker,No additional information,44.0,250.0,GPS,8.4,MTMLA>RUULU,05/01/2025 09:00:00,AIS,POINT (11.843217 56.8115),352002488_0,0 days 00:01:00,-9.868956925916893e-06,161.86435836793578,0.0,0,3.97561684761057,56.8115,11.843217
2025-01-01 23:00:00,2025-01-01 23:00:00,Class A,352002488_0,56.807983,11.845333,Under way using engine,0.0,14.3,161.0,162.0,9419137,3E2642,SIKAR,Tanker,No additional information,44.0,250.0,GPS,8.4,MTMLA>RUULU,05/01/2025 09:00:00,AIS,POINT (11.845333 56.807983),352002488_0,0 days 00:01:00,-4.267454064330609e-06,161.76954007298912,0.0,0,3.9726517138890993,56.807983,11.845333
2025-01-01 23:01:00,2025-01-01 23:01:00,Class A,352002488_0,56.804417,11.847483,Under way using engine,0.0,14.2,161.0,162.0,9419137,3E2642,SIKAR,Tanker,No additional information,44.0,250.0,GPS,8.4,MTMLA>RUULU,05/01/2025 09:00:00,AIS,POINT (11.847483 56.804417),352002488_0,0 days 00:01:00,1.621165419093875e-06,161.73206301348046,0.0,0,3.9696429786883853,56.804417,11.847483
2025-01-01 23:02:00,2025-01-01 23:02:00,Class A,352002488_0,56.8008,11.849733,Under way using engine,0.0,14.2,161.0,162.0,9419137,3E2642,SIKAR,Tanker,No additional information,44.0,250.0,GPS,8.4,MTMLA>RUULU,05/01/2025 09:00:00,AIS,POINT (11.849733 56.8008),352002488_0,0 days 00:01:00,2.0369843977575297e-06,161.19048069574683,0.0,0,3.966526492545966,56.8008,11.849733
2025-01-01 23:03:00,2025-01-01 23:03:00,Class A,352002488_0,56.797317,11.8519,Under way using engine,0.0,14.1,161.0,162.0,9419137,3E2642,SIKAR,Tanker,No additional information,44.0,250.0,GPS,8.4,MTMLA>RUULU,05/01/2025 09:00:00,AIS,POINT (11.8519 56.797317),352002488_0,0 days 00:01:00,-4.376653750732445e-06,161.18598337583967,0.0,0,3.9635271304267605,56.797317,11.8519
2025-01-01 23:04:00,2025-01-01 23:04:00,Class A,352002488_0,56.79375,11.8541,Under way using engine,0.0,14.1,161.0,162.0,9419137,3E2642,SIKAR,Tanker,No additional information,44.0,250.0,GPS,8.4,MTMLA>RUULU,05/01/2025 09:00:00,AIS,POINT (11.8541 56.79375),352002488_0,0 days 00:01:00,2.641398536994798e-06,161.3362739544541,0.0,0,3.960476084127765,56.79375,11.8541
2025-01-01 23:10:01,2025-01-01 23:10:01,Class A,352002488_0,56.7726,11.8676,Under way using engine,0.0,14.2,160.0,162.0,9419137,3E2642,SIKAR,Tanker,No additional information,44.0,250.0,GPS,8.4,MTMLA>RUULU,05/01/2025 09:00:00,AIS,POINT (11.8676 56.7726),352002488_0,0 days 00:06:01,-2.1077605870887704e-07,160.72139412543027,0.0,0,3.9419880297951178,56.7726,11.8676
2025-01-01 23:11:01,2025-01-01 23:11:01,Class A,352002488_0,56.7693,11.869817,Under way using engine,0.0,14.2,160.0,162.0,9419137,3E2642,SIKAR,Tanker,No additional information,44.0,250.0,GPS,8.4,MTMLA>RUULU,05/01/2025 09:00:00,AIS,POINT (11.869817 56.7693),352002488_0,0 days 00:01:00,-6.415000207098844e-06,159.7879944078877,0.0,0,3.939002985858859,56.7693,11.869817
2025-01-01 23:12:00,2025-01-01 23:12:00,Class A,352002488_0,56.766017,11.872,Under way using engine,0.0,13.9,161.0,162.0,9419137,3E2642,SIKAR,Tanker,No additional information,44.0,250.0,GPS,8.4,MTMLA>RUULU,05/01/2025 09:00:00,AIS,POINT (11.872 56.766017),352002488_0,0 days 00:00:59,1.1601310238131562e-06,159.97678879269256,0.0,0,3.9360568963150158,56.766017,11.872
2025-01-01 23:13:00,2025-01-01 23:13:00,Class A,352002488_0,56.76265,11.874133,Under way using engine,0.0,13.8,161.0,162.0,9419137,3E2642,SIKAR,Tanker,No additional information,44.0,250.0,GPS,8.4,MTMLA>RUULU,05/01/2025 09:00:00,AIS,POINT (11.874133 56.76265),352002488_0,0 days 00:01:00,3.3095428710202233e-07,160.85148753593114,0.0,0,3.9331396424699943,56.76265,11.874133
2025-01-01 23:14:00,2025-01-01 23:14:00,Class A,352002488_0,56.759333,11.87625,Under way using engine,0.0,13.6,160.0,162.0,9419137,3E2642,SIKAR,Tanker,No additional information,44.0,250.0,GPS,8.4,MTMLA>RUULU,05/01/2025 09:00:00,AIS,POINT (11.87625 56.759333),352002488_0,0 days 00:01:00,-1.5487423026190693e-06,160.71757690225127,0.0,0,3.930252378454212,56.759333,11.87625
2025-01-01 23:15:00,2025-01-01 23:15:00,Class A,352002488_0,56.756083,11.878433,Under way using engine,0.0,13.4,160.0,162.0,9419137,3E2642,SIKAR,Tanker,No additional information,44.0,250.0,GPS,8.4,MTMLA>RUULU,05/01/2025 09:00:00,AIS,POINT (11.878433 56.756083),352002488_0,0 days 00:01:00,-1.569581255429428e-06,159.78493758889726,0.0,0,3.9273199483955974,56.756083,11.878433
2025-01-01 23:16:00,2025-01-01 23:16:00,Class A,352002488_0,56.752833,11.880517,Under way using engine,0.0,13.2,160.0,162.0,9419137,3E2642,SIKAR,Tanker,No additional information,44.0,250.0,GPS,8.4,MTMLA>RUULU,05/01/2025 09:00:00,AIS,POINT (11.880517 56.752833),352002488_0,0 days 00:01:00,-5.695957789821708e-07,160.6304748922488,0.0,0,3.924485054271708,56.752833,11.880517
2025-01-01 23:17:00,2025-01-01 23:17:00,Class A,352002488_0,56.74945,11.882633,Under way using engine,0.0,13.1,160.0,162.0,9419137,3E2642,SIKAR,Tanker,No additional information,44.0,250.0,GPS,8.4,MTMLA>RUULU,05/01/2025 09:00:00,AIS,POINT (11.882633 56.74945),352002488_0,0 days 00:01:00,4.065196733503707e-06,161.07041687883577,0.0,0,3.92158759037319,56.74945,11.882633
2025-01-01 23:18:00,2025-01-01 23:18:00,Class A,352002488_0,56.74635,11.884783,Under way using engine,0.0,13.0,159.0,163.0,9419137,3E2642,SIKAR,Tanker,No additional information,44.0,250.0,GPS,8.4,MTMLA>RUULU,05/01/2025 09:00:00,AIS,POINT (11.884783 56.74635),352002488_0,0 days 00:01:00,-8.033734437798539e-06,159.17783508913067,0.0,0,3.918729889437264,56.74635,11.884783
2025-01-01 23:19:00,2025-01-01 23:19:00,Class A,352002488_0,56.742833,11.886633,Under way using engine,0.0,12.9,163.0,179.0,9419137,3E2642,SIKAR,Tanker,No additional information,44.0,250.0,GPS,8.4,MTMLA>RUULU,05/01/2025 09:00:00,AIS,POINT (11.886633 56.742833),352002488_0,0 days 00:01:00,1.0625691315054509e-05,163.90887211417737,0.0,0,3.916060253247643,56.742833,11.886633
2025-01-01 23:20:00,2025-01-01 23:20:00,Class A,352002488_0,56.739867,11.88765,Under way using engine,0.0,12.6,181.0,197.0,9419137,3E2642,SIKAR,Tanker,No additional information,44.0,250.0,GPS,8.4,MTMLA>RUULU,05/01/2025 09:00:00,AIS,POINT (11.88765 56.739867),352002488_0,0 days 00:01:00,-1.9882202040679313e-05,169.34973554839462,0.0,0,3.914336679710751,56.739867,11.88765
2025-01-01 23:21:00,2025-01-01 23:21:00,Class A,352002488_0,56.736817,11.886833,Under way using engine,0.0,11.9,192.0,201.0,9419137,3E2642,SIKAR,Tanker,No additional information,44.0,250.0,GPS,8.4,MTMLA>RUULU,05/01/2025 09:00:00,AIS,POINT (11.886833 56.736817),352002488_0,0 days 00:01:00,2.0005929923413182e-06,188.35823191384435,0.0,0,3.9143707405213943,56.736817,11.886833
2025-01-01 23:35:00,2025-01-01 23:35:00,Class A,352002488_0,56.69655,11.8483,Under way using engine,0.0,12.6,207.0,212.0,9419137,3E2642,SIKAR,Tanker,No additional information,44.0,250.0,GPS,8.4,MTMLA>RUULU,05/01/2025 09:00:00,AIS,POINT (11.8483 56.69655),352002488_0,0 days 00:14:00,3.6950203022840855e-07,207.72220850062263,0.0,0,3.942016854675789,56.69655,11.8483
2025-01-01 23:36:00,2025-01-01 23:36:00,Class A,352002488_0,56.6936,11.845467,Under way using engine,0.0,12.7,207.0,212.0,9419137,3E2642,SIKAR,Tanker,No additional information,44.0,250.0,GPS,8.4,MTMLA>RUULU,05/01/2025 09:00:00,AIS,POINT (11.845467 56.6936),352002488_0,0 days 00:01:00,2.6712516958408724e-06,207.80462775596843,0.0,0,3.944075333535734,56.6936,11.845467
2025-01-01 23:37:00,2025-01-01 23:37:00,Class A,352002488_0,56.69055,11.842517,Under way using engine,0.0,12.8,207.0,212.0,9419137,3E2642,SIKAR,Tanker,No additional information,44.0,250.0,GPS,8.4,MTMLA>RUULU,05/01/2025 09:00:00,AIS,POINT (11.842517 56.69055),352002488_0,0 days 00:01:00,3.667431331365265e-06,207.97551812242642,0.0,0,3.946227302463075,56.69055,11.842517
2025-01-01 23:45:00,2025-01-01 23:45:00,Class A,352002488_0,56.6663,11.819033,Under way using engine,0.0,13.0,209.0,212.0,9419137,3E2642,SIKAR,Tanker,No additional information,44.0,250.0,GPS,8.4,MTMLA>RUULU,05/01/2025 09:00:00,AIS,POINT (11.819033 56.6663),352002488_0,0 days 00:08:00,-7.744913102692049e-08,208.02213028485176,0.0,0,3.963485613077081,56.6663,11.819033
2025-01-01 23:46:01,2025-01-01 23:46:01,Class A,352002488_0,56.66275,11.81545,Under way using engine,0.0,13.1,208.0,212.0,9419137,3E2642,SIKAR,Tanker,No additional information,44.0,250.0,GPS,8.4,MTMLA>RUULU,05/01/2025 09:00:00,AIS,POINT (11.81545 56.66275),352002488_0,0 days 00:01:01,1.703200006174777e-05,209.0163770809986,0.0,0,3.9661712765396304,56.66275,11.81545
2025-01-01 23:47:01,2025-01-01 23:47:01,Class A,352002488_0,56.659533,11.81255,Under way using engine,0.0,13.1,211.0,216.0,9419137,3E2642,SIKAR,Tanker,No additional information,44.0,250.0,GPS,8.4,MTMLA>RUULU,05/01/2025 09:00:00,AIS,POINT (11.81255 56.659533),352002488_0,0 days 00:01:00,-1.2473073527812742e-05,206.35656905732068,0.0,0,3.9682709801555895,56.659533,11.81255
2025-01-02 00:14:00,2025-01-02 00:14:00,Class A,352002488_0,56.58385,11.717467,Under way using engine,0.0,12.7,215.0,218.0,9419137,3E2642,SIKAR,Tanker,No additional information,44.0,250.0,GPS,8.4,MTMLA>RUULU,05/01/2025 09:00:00,AIS,POINT (11.717467 56.58385),352002488_0,0 days 00:26:59,-2.061009563161132e-07,214.6915337810201,0.0,0,4.0449987013724735,56.58385,11.717467
2025-01-02 00:15:00,2025-01-02 00:15:00,Class A,352002488_0,56.5811,11.714083,Under way using engine,0.0,12.6,213.0,218.0,9419137,3E2642,SIKAR,Tanker,No additional information,44.0,250.0,GPS,8.4,MTMLA>RUULU,05/01/2025 09:00:00,AIS,POINT (11.714083 56.5811),352002488_0,0 days 00:01:00,-2.712626732579663e-06,214.12713204851005,0.0,0,4.047758511308326,56.5811,11.714083
2025-01-02 00:16:00,2025-01-02 00:16:00,Class A,352002488_0,56.57835,11.71075,Under way using engine,0.0,12.6,214.0,218.0,9419137,3E2642,SIKAR,Tanker,No additional information,44.0,250.0,GPS,8.4,MTMLA>RUULU,05/01/2025 09:00:00,AIS,POINT (11.71075 56.57835),352002488_0,0 days 00:01:00,-4.842765946968594e-07,213.72611294533988,0.0,0,4.05047117032673,56.57835,11.71075
2025-01-02 00:17:00,2025-01-02 00:17:00,Class A,352002488_0,56.575617,11.707383,Under way using engine,0.0,12.5,214.0,218.0,9419137,3E2642,SIKAR,Tanker,No additional information,44.0,250.0,GPS,8.4,MTMLA>RUULU,05/01/2025 09:00:00,AIS,POINT (11.707383 56.575617),352002488_0,0 days 00:01:00,-1.0911835454921124e-07,214.16198931807415,0.0,0,4.053223330048568,56.575617,11.707383
2025-01-02 00:18:00,2025-01-02 00:18:00,Class A,352002488_0,56.572833,11.703983,Under way using engine,0.0,12.4,214.0,218.0,9419137,3E2642,SIKAR,Tanker,No additional information,44.0,250.0,GPS,8.4,MTMLA>RUULU,05/01/2025 09:00:00,AIS,POINT (11.703983 56.572833),352002488_0,0 days 00:01:00,1.6244543820639457e-06,213.93176194965412,0.0,0,4.05600045908109,56.572833,11.703983
2025-01-02 00:30:00,2025-01-02 00:30:00,Class A,352002488_0,56.539683,11.662833,Under way using engine,0.0,12.5,212.0,216.0,9419137,3E2642,SIKAR,Tanker,No additional information,44.0,250.0,GPS,8.4,MTMLA>RUULU,05/01/2025 09:00:00,AIS,POINT (11.662833 56.539683),352002488_0,0 days 00:12:00,-2.121822466918177e-08,214.39389340658045,0.0,0,4.089939691030419,56.539683,11.662833
2025-01-02 00:39:00,2025-01-02 00:39:00,Class A,352002488_0,56.514017,11.633,Under way using engine,0.0,12.6,210.0,215.0,9419137,3E2642,SIKAR,Tanker,No additional information,44.0,250.0,GPS,8.4,MTMLA>RUULU,05/01/2025 09:00:00,AIS,POINT (11.633 56.514017),352002488_0,0 days 00:09:00,1.3825297041494223e-07,212.6760649282105,0.0,0,4.114497273668924,56.514017,11.633
2025-01-02 00:40:00,2025-01-02 00:40:00,Class A,352002488_0,56.5115,11.63055,Under way using engine,0.0,12.6,212.0,215.0,9419137,3E2642,SIKAR,Tanker,No additional information,44.0,250.0,GPS,8.4,MTMLA>RUULU,05/01/2025 09:00:00,AIS,POINT (11.63055 56.5115),352002488_0,0 days 00:01:00,-1.6430043021450325e-05,208.23967608265446,0.0,0,4.1164501512526535,56.5115,11.63055
2025-01-02 00:41:00,2025-01-02 00:41:00,Class A,352002488_0,56.509033,11.6278,Under way using engine,0.0,12.6,212.0,215.0,9419137,3E2642,SIKAR,Tanker,No additional information,44.0,250.0,GPS,8.4,MTMLA>RUULU,05/01/2025 09:00:00,AIS,POINT (11.6278 56.509033),352002488_0,0 days 00:01:00,1.2249162712725004e-06,211.59621425990653,0.0,0,4.118709196999103,56.509033,11.6278
2025-01-02 00:42:00,2025-01-02 00:42:00,Class A,352002488_0,56.5057,11.624067,Under way using engine,0.0,12.6,211.0,215.0,9419137,3E2642,SIKAR,Tanker,No additional information,44.0,250.0,GPS,8.4,MTMLA>RUULU,05/01/2025 09:00:00,AIS,POINT (11.624067 56.5057),352002488_0,0 days 00:01:00,3.162649134622588e-05,211.71994204503736,0.0,0,4.121781907501292,56.5057,11.624067
2025-01-02 00:43:00,2025-01-02 00:43:00,Class A,352002488_0,56.502883,11.620833,Under way using engine,0.0,12.6,212.0,215.0,9419137,3E2642,SIKAR,Tanker,No additional information,44.0,250.0,GPS,8.4,MTMLA>RUULU,05/01/2025 09:00:00,AIS,POINT (11.620833 56.502883),352002488_0,0 days 00:01:00,-1.8053797649973885e-05,212.35840400573144,0.0,0,4.12445952224846,56.502883,11.620833
2025-01-02 00:44:00,2025-01-02 00:44:00,Class A,352002488_0,56.499617,11.616483,Under way using engine,0.0,12.6,211.0,215.0,9419137,3E2642,SIKAR,Tanker,No additional information,44.0,250.0,GPS,8.4,MTMLA>RUULU,05/01/2025 09:00:00,AIS,POINT (11.616483 56.499617),352002488_0,0 days 00:01:00,2.2259550830625173e-05,216.32153552545938,0.0,0,4.128158308525728,56.499617,11.616483
2025-01-02 00:47:00,2025-01-02 00:47:00,Class A,352002488_0,56.491483,11.607833,Under way using engine,0.0,12.6,212.0,215.0,9419137,3E2642,SIKAR,Tanker,No additional information,44.0,250.0,GPS,8.4,MTMLA>RUULU,05/01/2025 09:00:00,AIS,POINT (11.607833 56.491483),352002488_0,0 days 00:03:00,-9.390542989296313e-06,210.4173636444952,0.0,0,4.13523698497027,56.491483,11.607833
2025-01-02 00:48:00,2025-01-02 00:48:00,Class A,352002488_0,56.488683,11.604467,Under way using engine,0.0,12.6,213.0,215.0,9419137,3E2642,SIKAR,Tanker,No additional information,44.0,250.0,GPS,8.4,MTMLA>RUULU,05/01/2025 09:00:00,AIS,POINT (11.604467 56.488683),352002488_0,0 days 00:01:00,6.713092483815964e-06,213.5728613805523,0.0,0,4.138061200248494,56.488683,11.604467
2025-01-02 00:49:01,2025-01-02 00:49:01,Class A,352002488_0,56.485633,11.600833,Under way using engine,0.0,12.7,212.0,215.0,9419137,3E2642,SIKAR,Tanker,No additional information,44.0,250.0,GPS,8.4,MTMLA>RUULU,05/01/2025 09:00:00,AIS,POINT (11.600833 56.485633),352002488_0,0 days 00:01:01,7.012631594075041e-06,213.34011420434837,0.0,0,4.141108612275945,56.485633,11.600833
2025-01-02 00:50:01,2025-01-02 00:50:01,Class A,352002488_0,56.4832,11.598683,Under way using engine,0.0,12.7,212.0,215.0,9419137,3E2642,SIKAR,Tanker,No additional information,44.0,250.0,GPS,8.4,MTMLA>RUULU,05/01/2025 09:00:00,AIS,POINT (11.598683 56.4832),352002488_0,0 days 00:01:00,-2.737107628260041e-05,206.01038300299956,0.0,0,4.142804269751227,56.4832,11.598683
2025-01-02 01:07:00,2025-01-02 01:07:00,Class A,352002488_0,56.433917,11.541517,Under way using engine,0.0,12.9,213.0,215.0,9419137,3E2642,SIKAR,Tanker,No additional information,44.0,250.0,GPS,8.4,MTMLA>RUULU,05/01/2025 09:00:00,AIS,POINT (11.541517 56.433917),352002488_0,0 days 00:16:59,1.3486358265240282e-06,212.6804822490748,0.0,0,4.190987795661781,56.433917,11.541517
2025-01-02 01:08:00,2025-01-02 01:08:00,Class A,352002488_0,56.431117,11.537967,Under way using engine,0.0,12.9,212.0,215.0,9419137,3E2642,SIKAR,Tanker,No additional information,44.0,250.0,GPS,8.4,MTMLA>RUULU,05/01/2025 09:00:00,AIS,POINT (11.537967 56.431117),352002488_0,0 days 00:01:00,-8.345825605407271e-07,215.03277950991904,0.0,0,4.194047800512769,56.431117,11.537967
2025-01-02 01:09:01,2025-01-02 01:09:01,Class A,352002488_0,56.428,11.534833,Under way using engine,0.0,12.9,213.0,215.0,9419137,3E2642,SIKAR,Tanker,No additional information,44.0,250.0,GPS,8.4,MTMLA>RUULU,05/01/2025 09:00:00,AIS,POINT (11.534833 56.428),352002488_0,0 days 00:01:01,2.6711787065034433e-06,209.07438507689733,0.0,0,4.19664966256048,56.428,11.534833
2025-01-02 01:14:00,2025-01-02 01:14:00,Class A,352002488_0,56.413533,11.517667,Under way using engine,0.0,12.9,211.0,214.0,9419137,3E2642,SIKAR,Tanker,No additional information,44.0,250.0,GPS,8.4,MTMLA>RUULU,05/01/2025 09:00:00,AIS,POINT (11.517667 56.413533),352002488_0,0 days 00:04:59,-2.174175123072107e-07,213.28305699406903,0.0,0,4.21135441334519,56.413533,11.517667
2025-01-02 01:15:00,2025-01-02 01:15:00,Class A,352002488_0,56.41055,11.514583,Under way using engine,0.0,12.9,212.0,214.0,9419137,3E2642,SIKAR,Tanker,No additional information,44.0,250.0,GPS,8.4,MTMLA>RUULU,05/01/2025 09:00:00,AIS,POINT (11.514583 56.41055),352002488_0,0 days 00:01:00,-1.1256388924521925e-06,209.76857817998788,0.0,0,4.213944763706449,56.41055,11.514583
2025-01-02 01:16:00,2025-01-02 01:16:00,Class A,352002488_0,56.407783,11.51185,Under way using engine,0.0,12.9,211.0,214.0,9419137,3E2642,SIKAR,Tanker,No additional information,44.0,250.0,GPS,8.4,MTMLA>RUULU,05/01/2025 09:00:00,AIS,POINT (11.51185 56.407783),352002488_0,0 days 00:01:00,-8.768950043049698e-06,208.65597920737676,0.0,0,4.216223826262666,56.407783,11.51185
2025-01-02 01:17:00,2025-01-02 01:17:00,Class A,352002488_0,56.404733,11.50775,Under way using engine,0.0,12.8,212.0,214.0,9419137,3E2642,SIKAR,Tanker,No additional information,44.0,250.0,GPS,8.4,MTMLA>RUULU,05/01/2025 09:00:00,AIS,POINT (11.50775 56.404733),352002488_0,0 days 00:01:00,2.0081756474543572e-05,216.64288090643336,0.0,0,4.2198136701926785,56.404733,11.50775
2025-01-02 01:25:00,2025-01-02 01:25:00,Class A,352002488_0,56.381333,11.481233,Under way using engine,0.0,12.9,211.0,214.0,9419137,3E2642,SIKAR,Tanker,No additional information,44.0,250.0,GPS,8.4,MTMLA>RUULU,05/01/2025 09:00:00,AIS,POINT (11.481233 56.381333),352002488_0,0 days 00:08:00,-1.3500759818628102e-06,212.10783960252763,0.0,0,4.242572371341001,56.381333,11.481233
2025-01-02 01:26:00,2025-01-02 01:26:00,Class A,352002488_0,56.378467,11.478083,Under way using engine,0.0,12.8,212.0,215.0,9419137,3E2642,SIKAR,Tanker,No additional information,44.0,250.0,GPS,8.4,MTMLA>RUULU,05/01/2025 09:00:00,AIS,POINT (11.478083 56.378467),352002488_0,0 days 00:01:00,-3.028654876134687e-06,211.3239060696321,0.0,0,4.245274946131287,56.378467,11.478083
2025-01-02 01:27:00,2025-01-02 01:27:00,Class A,352002488_0,56.3759,11.475533,Under way using engine,0.0,12.8,212.0,214.0,9419137,3E2642,SIKAR,Tanker,No additional information,44.0,250.0,GPS,8.4,MTMLA>RUULU,05/01/2025 09:00:00,AIS,POINT (11.475533 56.3759),352002488_0,0 days 00:01:00,-1.316792716850376e-05,208.81432549291074,0.0,0,4.247429173002064,56.3759,11.475533
2025-01-02 01:28:00,2025-01-02 01:28:00,Class A,352002488_0,56.372767,11.472083,Under way using engine,0.0,12.8,211.0,214.0,9419137,3E2642,SIKAR,Tanker,No additional information,44.0,250.0,GPS,8.4,MTMLA>RUULU,05/01/2025 09:00:00,AIS,POINT (11.472083 56.372767),352002488_0,0 days 00:01:00,2.290358857492699e-05,211.37606872140012,0.0,0,4.250395374697512,56.372767,11.472083
2025-01-02 01:29:00,2025-01-02 01:29:00,Class A,352002488_0,56.369767,11.46905,Under way using engine,0.0,12.8,212.0,214.0,9419137,3E2642,SIKAR,Tanker,No additional information,44.0,250.0,GPS,8.4,MTMLA>RUULU,05/01/2025 09:00:00,AIS,POINT (11.46905 56.369767),352002488_0,0 days 00:01:00,-7.166281896918208e-06,209.2457741703866,0.0,0,4.252970697845097,56.369767,11.46905
2025-01-02 01:41:00,2025-01-02 01:41:00,Class A,352002488_0,56.334717,11.43005,Under way using engine,0.0,12.9,211.0,214.0,9419137,3E2642,SIKAR,Tanker,No additional information,44.0,250.0,GPS,8.4,MTMLA>RUULU,05/01/2025 09:00:00,AIS,POINT (11.43005 56.334717),352002488_0,0 days 00:12:00,-1.7118994183445053e-08,211.67126806893157,0.0,0,4.286792100478982,56.334717,11.43005
2025-01-02 01:42:00,2025-01-02 01:42:00,Class A,352002488_0,56.33195,11.426967,Under way using engine,0.0,12.9,211.0,214.0,9419137,3E2642,SIKAR,Tanker,No additional information,44.0,250.0,GPS,8.4,MTMLA>RUULU,05/01/2025 09:00:00,AIS,POINT (11.426967 56.33195),352002488_0,0 days 00:01:00,-5.541658964294122e-06,211.70366372723115,0.0,0,4.289482184448958,56.33195,11.426967
2025-01-02 01:43:00,2025-01-02 01:43:00,Class A,352002488_0,56.328917,11.423683,Under way using engine,0.0,12.9,211.0,214.0,9419137,3E2642,SIKAR,Tanker,No additional information,44.0,250.0,GPS,8.4,MTMLA>RUULU,05/01/2025 09:00:00,AIS,POINT (11.423683 56.328917),352002488_0,0 days 00:01:00,8.824375771945358e-06,210.9770343049309,0.0,0,4.292338975110189,56.328917,11.423683
2025-01-02 01:44:00,2025-01-02 01:44:00,Class A,352002488_0,56.325583,11.420183,Under way using engine,0.0,13.0,211.0,214.0,9419137,3E2642,SIKAR,Tanker,No additional information,44.0,250.0,GPS,8.4,MTMLA>RUULU,05/01/2025 09:00:00,AIS,POINT (11.420183 56.325583),352002488_0,0 days 00:01:00,9.904407122741136e-06,210.203202984413,0.0,0,4.295373479811273,56.325583,11.420183
2025-01-02 01:45:00,2025-01-02 01:45:00,Class A,352002488_0,56.322633,11.417117,Under way using engine,0.0,12.9,211.0,214.0,9419137,3E2642,SIKAR,Tanker,No additional information,44.0,250.0,GPS,8.4,MTMLA>RUULU,05/01/2025 09:00:00,AIS,POINT (11.417117 56.322633),352002488_0,0 days 00:01:00,-1.4013964712311239e-05,209.9560443744399,0.0,0,4.298030605242593,56.322633,11.417117
2025-01-02 01:54:00,2025-01-02 01:54:00,Class A,352002488_0,56.296383,11.389317,Under way using engine,0.0,12.6,211.0,212.0,9419137,3E2642,SIKAR,Tanker,No additional information,44.0,250.0,GPS,8.4,MTMLA>RUULU,05/01/2025 09:00:00,AIS,POINT (11.389317 56.296383),352002488_0,0 days 00:09:00,-7.58336884929571e-08,210.4441172900904,0.0,0,4.3223009314718,56.296383,11.389317
2025-01-02 02:01:00,2025-01-02 02:01:00,Class A,352002488_0,56.276083,11.367233,Under way using engine,0.0,12.5,208.0,209.0,9419137,3E2642,SIKAR,Tanker,No additional information,44.0,250.0,GPS,8.4,MTMLA>RUULU,05/01/2025 09:00:00,AIS,POINT (11.367233 56.276083),352002488_0,0 days 00:07:00,2.2175243862311155e-08,211.13371330048523,0.0,0,4.341789137333364,56.276083,11.367233
2025-01-02 02:02:00,2025-01-02 02:02:00,Class A,352002488_0,56.273417,11.364717,Under way using engine,0.0,12.5,208.0,210.0,9419137,3E2642,SIKAR,Tanker,No additional information,44.0,250.0,GPS,8.4,MTMLA>RUULU,05/01/2025 09:00:00,AIS,POINT (11.364717 56.273417),352002488_0,0 days 00:01:00,-1.1703928110584339e-05,207.65435228974786,0.0,0,4.343975750391109,56.273417,11.364717
2025-01-02 02:03:00,2025-01-02 02:03:00,Class A,352002488_0,56.2704,11.361817,Under way using engine,0.0,12.5,209.0,210.0,9419137,3E2642,SIKAR,Tanker,No additional information,44.0,250.0,GPS,8.4,MTMLA>RUULU,05/01/2025 09:00:00,AIS,POINT (11.361817 56.2704),352002488_0,0 days 00:01:00,1.2688548095922172e-05,208.09091335367793,0.0,0,4.346505043388883,56.2704,11.361817
2025-01-02 02:04:00,2025-01-02 02:04:00,Class A,352002488_0,56.2677,11.35905,Under way using engine,0.0,12.5,209.0,210.0,9419137,3E2642,SIKAR,Tanker,No additional information,44.0,250.0,GPS,8.4,MTMLA>RUULU,05/01/2025 09:00:00,AIS,POINT (11.35905 56.2677),352002488_0,0 days 00:01:00,-9.6882446975721e-06,209.6441977054417,0.0,0,4.348941309439344,56.2677,11.35905
2025-01-02 02:05:00,2025-01-02 02:05:00,Class A,352002488_0,56.2648,11.356133,Under way using engine,0.0,12.5,209.0,210.0,9419137,3E2642,SIKAR,Tanker,No additional information,44.0,250.0,GPS,8.4,MTMLA>RUULU,05/01/2025 09:00:00,AIS,POINT (11.356133 56.2648),352002488_0,0 days 00:01:00,6.657496058764294e-06,209.1884931261792,0.0,0,4.351505744919683,56.2648,11.356133
2025-01-02 02:06:00,2025-01-02 02:06:00,Class A,352002488_0,56.261667,11.35285,Under way using engine,0.0,12.5,209.0,210.0,9419137,3E2642,SIKAR,Tanker,No additional information,44.0,250.0,GPS,8.4,MTMLA>RUULU,05/01/2025 09:00:00,AIS,POINT (11.35285 56.261667),352002488_0,0 days 00:01:00,9.385051119404087e-06,210.19941167311984,0.0,0,4.354409668477347,56.261667,11.35285
2025-01-02 02:19:00,2025-01-02 02:19:00,Class A,352002488_0,56.2242,11.31635,Under way using engine,0.0,12.3,207.0,208.0,9419137,3E2642,SIKAR,Tanker,No additional information,44.0,250.0,GPS,8.5,MTMLA>RUULU,05/01/2025 09:00:00,AIS,POINT (11.31635 56.2242),352002488_0,0 days 00:13:00,-8.280578421569633e-07,208.4432405254832,0.0,0,4.386606114771191,56.2242,11.31635
2025-01-02 02:20:00,2025-01-02 02:20:00,Class A,352002488_0,56.221567,11.3136,Under way using engine,0.0,12.3,206.0,208.0,9419137,3E2642,SIKAR,Tanker,No additional information,44.0,250.0,GPS,8.5,MTMLA>RUULU,05/01/2025 09:00:00,AIS,POINT (11.3136 56.221567),352002488_0,0 days 00:01:00,-7.1916055573717065e-06,210.14352794466575,0.0,0,4.389067246059122,56.221567,11.3136
2025-01-02 02:21:00,2025-01-02 02:21:00,Class A,352002488_0,56.21825,11.310767,Under way using engine,0.0,12.3,205.0,208.0,9419137,3E2642,SIKAR,Tanker,No additional information,44.0,250.0,GPS,8.5,MTMLA>RUULU,05/01/2025 09:00:00,AIS,POINT (11.310767 56.21825),352002488_0,0 days 00:01:00,1.939614477406361e-05,205.4031503998211,0.0,0,4.391542420824942,56.21825,11.310767
2025-01-02 02:22:00,2025-01-02 02:22:00,Class A,352002488_0,56.215433,11.308317,Under way using engine,0.0,12.3,205.0,208.0,9419137,3E2642,SIKAR,Tanker,No additional information,44.0,250.0,GPS,8.5,MTMLA>RUULU,05/01/2025 09:00:00,AIS,POINT (11.308317 56.215433),352002488_0,0 days 00:01:00,-1.679641820016174e-05,205.8098337633756,0.0,0,4.393690608907504,56.215433,11.308317
2025-01-02 02:23:00,2025-01-02 02:23:00,Class A,352002488_0,56.212033,11.306033,Under way using engine,0.0,12.2,206.0,208.0,9419137,3E2642,SIKAR,Tanker,No additional information,44.0,250.0,GPS,8.5,MTMLA>RUULU,05/01/2025 09:00:00,AIS,POINT (11.306033 56.212033),352002488_0,0 days 00:01:00,1.546643040651976e-05,200.48492538144984,0.0,0,4.395616626989438,56.212033,11.306033
2025-01-02 02:24:00,2025-01-02 02:24:00,Class A,352002488_0,56.209817,11.30345,Under way using engine,0.0,12.1,206.0,211.0,9419137,3E2642,SIKAR,Tanker,No additional information,44.0,250.0,GPS,8.5,MTMLA>RUULU,05/01/2025 09:00:00,AIS,POINT (11.30345 56.209817),352002488_0,0 days 00:01:00,-3.055576234365914e-05,212.95403850442577,0.0,0,4.397962327866054,56.209817,11.30345
2025-01-02 02:25:00,2025-01-02 02:25:00,Class A,352002488_0,56.207133,11.300483,Under way using engine,0.0,12.0,208.0,211.0,9419137,3E2642,SIKAR,Tanker,No additional information,44.0,250.0,GPS,8.5,MTMLA>RUULU,05/01/2025 09:00:00,AIS,POINT (11.300483 56.207133),352002488_0,0 days 00:01:00,1.5773965389877098e-05,211.58507136643334,0.0,0,4.400644575475961,56.207133,11.300483
2025-01-02 02:26:00,2025-01-02 02:26:00,Class A,352002488_0,56.2044,11.297617,Under way using engine,0.0,12.0,207.0,211.0,9419137,3E2642,SIKAR,Tanker,No additional information,44.0,250.0,GPS,8.5,MTMLA>RUULU,05/01/2025 09:00:00,AIS,POINT (11.297617 56.2044),352002488_0,0 days 00:01:00,4.052866604371645e-07,210.25533695319723,0.0,0,4.403223450678491,56.2044,11.297617
2025-01-02 02:27:00,2025-01-02 02:27:00,Class A,352002488_0,56.2013,11.295367,Under way using engine,0.0,11.9,207.0,211.0,9419137,3E2642,SIKAR,Tanker,No additional information,44.0,250.0,GPS,8.5,MTMLA>RUULU,05/01/2025 09:00:00,AIS,POINT (11.295367 56.2013),352002488_0,0 days 00:01:00,5.520493582926314e-06,201.9864877514693,0.0,0,4.405155140060904,56.2013,11.295367
2025-01-02 02:28:00,2025-01-02 02:28:00,Class A,352002488_0,56.198517,11.292717,Under way using engine,0.0,11.9,207.0,211.0,9419137,3E2642,SIKAR,Tanker,No additional information,44.0,250.0,GPS,8.5,MTMLA>RUULU,05/01/2025 09:00:00,AIS,POINT (11.292717 56.198517),352002488_0,0 days 00:01:00,-5.979269567704627e-06,207.9117810534284,0.0,0,4.407518457702248,56.198517,11.292717
2025-01-02 02:29:00,2025-01-02 02:29:00,Class A,352002488_0,56.195917,11.290133,Under way using engine,0.0,11.8,208.0,211.0,9419137,3E2642,SIKAR,Tanker,No additional information,44.0,250.0,GPS,8.5,MTMLA>RUULU,05/01/2025 09:00:00,AIS,POINT (11.290133 56.195917),352002488_0,0 days 00:01:00,-5.51666008942772e-06,208.93982233888414,0.0,0,4.40983599312378,56.195917,11.290133
2025-01-02 02:30:00,2025-01-02 02:30:00,Class A,352002488_0,56.193117,11.287483,Under way using engine,0.0,11.7,208.0,211.0,9419137,3E2642,SIKAR,Tanker,No additional information,44.0,250.0,GPS,8.5,MTMLA>RUULU,05/01/2025 09:00:00,AIS,POINT (11.287483 56.193117),352002488_0,0 days 00:01:00,5.984317856422355e-06,207.7710158019068,0.0,0,4.412201698160454,56.193117,11.287483
2025-01-02 02:40:01,2025-01-02 02:40:01,Class A,352002488_0,56.16685,11.255033,Under way using engine,0.0,11.7,223.0,225.0,9419137,3E2642,SIKAR,Tanker,No additional information,44.0,250.0,GPS,8.5,MTMLA>RUULU,05/01/2025 09:00:00,AIS,POINT (11.255033 56.16685),352002488_0,0 days 00:10:01,5.7600260801866116e-08,214.52592788709939,0.0,0,4.442055488101089,56.16685,11.255033
2025-01-02 02:41:01,2025-01-02 02:41:01,Class A,352002488_0,56.164567,11.251167,Under way using engine,0.0,11.7,223.0,226.0,9419137,3E2642,SIKAR,Tanker,No additional information,44.0,250.0,GPS,8.5,MTMLA>RUULU,05/01/2025 09:00:00,AIS,POINT (11.251167 56.164567),352002488_0,0 days 00:01:00,-1.351913291886041e-06,223.31716498469567,0.0,0,4.445700685672169,56.164567,11.251167
2025-01-02 02:42:01,2025-01-02 02:42:01,Class A,352002488_0,56.162267,11.247267,Under way using engine,0.0,11.7,223.0,225.0,9419137,3E2642,SIKAR,Tanker,No additional information,44.0,250.0,GPS,8.5,MTMLA>RUULU,05/01/2025 09:00:00,AIS,POINT (11.247267 56.162267),352002488_0,0 days 00:01:00,7.879003594299325e-07,223.3571349117946,0.0,0,4.44937977985539,56.162267,11.247267
2025-01-02 02:43:01,2025-01-02 02:43:01,Class A,352002488_0,56.159933,11.243383,Under way using engine,0.0,11.8,224.0,225.0,9419137,3E2642,SIKAR,Tanker,No additional information,44.0,250.0,GPS,8.5,MTMLA>RUULU,05/01/2025 09:00:00,AIS,POINT (11.243383 56.159933),352002488_0,0 days 00:01:00,5.811405821893404e-07,222.8218961342736,0.0,0,4.453041495457459,56.159933,11.243383
2025-01-02 02:44:00,2025-01-02 02:44:00,Class A,352002488_0,56.1579,11.239917,Under way using engine,0.0,11.9,223.0,225.0,9419137,3E2642,SIKAR,Tanker,No additional information,44.0,250.0,GPS,8.5,MTMLA>RUULU,05/01/2025 09:00:00,AIS,POINT (11.239917 56.1579),352002488_0,0 days 00:00:59,-1.0425106058440714e-05,223.51538076816735,0.0,0,4.4563148598371045,56.1579,11.239917
2025-01-02 02:45:00,2025-01-02 02:45:00,Class A,352002488_0,56.155733,11.23595,Under way using engine,0.0,12.0,223.0,225.0,9419137,3E2642,SIKAR,Tanker,No additional information,44.0,250.0,GPS,8.5,MTMLA>RUULU,05/01/2025 09:00:00,AIS,POINT (11.23595 56.155733),352002488_0,0 days 00:01:00,7.555390690412866e-06,225.55554604111254,0.0,0,4.46007682735903,56.155733,11.23595
2025-01-02 02:46:00,2025-01-02 02:46:00,Class A,352002488_0,56.153367,11.231933,Under way using engine,0.0,11.9,223.0,225.0,9419137,3E2642,SIKAR,Tanker,No additional information,44.0,250.0,GPS,8.5,MTMLA>RUULU,05/01/2025 09:00:00,AIS,POINT (11.231933 56.153367),352002488_0,0 days 00:01:00,4.996307111896483e-06,223.4000283597741,0.0,0,4.463872756279014,56.153367,11.231933
2025-01-02 02:51:00,2025-01-02 02:51:00,Class A,352002488_0,56.141917,11.21195,Under way using engine,0.0,12.1,223.0,225.0,9419137,3E2642,SIKAR,Tanker,No additional information,44.0,250.0,GPS,8.5,MTMLA>RUULU,05/01/2025 09:00:00,AIS,POINT (11.21195 56.141917),352002488_0,0 days 00:05:00,-3.8610405743296867e-07,224.20054713931955,0.0,0,4.482807088457967,56.141917,11.21195
2025-01-02 02:56:01,2025-01-02 02:56:01,Class A,352002488_0,56.129933,11.190967,Under way using engine,0.0,12.3,226.0,227.0,9419137,3E2642,SIKAR,Tanker,No additional information,44.0,250.0,GPS,8.5,MTMLA>RUULU,05/01/2025 09:00:00,AIS,POINT (11.190967 56.129933),352002488_0,0 days 00:05:01,8.863692294059018e-07,224.30270545215168,0.0,0,4.502733184300619,56.129933,11.190967
2025-01-02 02:57:01,2025-01-02 02:57:01,Class A,352002488_0,56.12795,11.187133,Under way using engine,0.0,12.3,226.0,227.0,9419137,3E2642,SIKAR,Tanker,No additional information,44.0,250.0,GPS,8.5,MTMLA>RUULU,05/01/2025 09:00:00,AIS,POINT (11.187133 56.12795),352002488_0,0 days 00:01:00,-1.3065271091440031e-05,227.13938634181866,0.0,0,4.506395129143582,56.12795,11.187133
2025-01-02 02:58:01,2025-01-02 02:58:01,Class A,352002488_0,56.125417,11.181717,Under way using engine,0.0,12.4,226.0,227.0,9419137,3E2642,SIKAR,Tanker,No additional information,44.0,250.0,GPS,8.5,MTMLA>RUULU,05/01/2025 09:00:00,AIS,POINT (11.181717 56.125417),352002488_0,0 days 00:01:00,3.176423927436659e-05,230.0017042987833,0.0,0,4.511591391735958,56.125417,11.181717
2025-01-02 03:01:00,2025-01-02 03:01:00,Class A,352002488_0,56.1187,11.169583,Under way using engine,0.0,12.4,226.0,227.0,9419137,3E2642,SIKAR,Tanker,No additional information,44.0,250.0,GPS,8.5,MTMLA>RUULU,05/01/2025 09:00:00,AIS,POINT (11.169583 56.1187),352002488_0,0 days 00:02:59,-7.74280598046475e-06,225.20394982286223,0.0,0,4.523158819726431,56.1187,11.169583
2025-01-02 03:02:00,2025-01-02 03:02:00,Class A,352002488_0,56.116267,11.165433,Under way using engine,0.0,12.5,226.0,226.0,9419137,3E2642,SIKAR,Tanker,No additional information,44.0,250.0,GPS,8.5,MTMLA>RUULU,05/01/2025 09:00:00,AIS,POINT (11.165433 56.116267),352002488_0,0 days 00:01:00,5.0151540573559744e-06,223.56064871778653,0.0,0,4.527107522276227,56.116267,11.165433
2025-01-02 03:03:00,2025-01-02 03:03:00,Class A,352002488_0,56.11435,11.16135,Under way using engine,0.0,12.6,226.0,226.0,9419137,3E2642,SIKAR,Tanker,No additional information,44.0,250.0,GPS,8.5,MTMLA>RUULU,05/01/2025 09:00:00,AIS,POINT (11.16135 56.11435),352002488_0,0 days 00:01:00,-1.1786203123689513e-05,229.89992199861697,0.0,0,4.531030688491085,56.11435,11.16135
2025-01-02 03:04:00,2025-01-02 03:04:00,Class A,352002488_0,56.111933,11.15705,Under way using engine,0.0,12.7,224.0,226.0,9419137,3E2642,SIKAR,Tanker,No additional information,44.0,250.0,GPS,8.5,MTMLA>RUULU,05/01/2025 09:00:00,AIS,POINT (11.15705 56.111933),352002488_0,0 days 00:01:00,1.3245121572504316e-05,224.76954734581935,0.0,0,4.535133187762516,56.111933,11.15705
2025-01-02 03:05:00,2025-01-02 03:05:00,Class A,352002488_0,56.10955,11.152817,Under way using engine,0.0,12.7,224.0,227.0,9419137,3E2642,SIKAR,Tanker,No additional information,44.0,250.0,GPS,8.5,MTMLA>RUULU,05/01/2025 09:00:00,AIS,POINT (11.152817 56.10955),352002488_0,0 days 00:01:00,-1.5588212297987178e-06,224.7272714147695,0.0,0,4.539173101800039,56.10955,11.152817
2025-01-02 03:07:01,2025-01-02 03:07:01,Class A,352002488_0,56.104867,11.144467,Under way using engine,0.0,12.6,223.0,221.0,9419137,3E2642,SIKAR,Tanker,No additional information,44.0,250.0,GPS,8.5,MTMLA>RUULU,05/01/2025 09:00:00,AIS,POINT (11.144467 56.104867),352002488_0,0 days 00:02:01,-1.218434118454411e-06,224.8396619286855,0.0,0,4.54714822993335,56.104867,11.144467
2025-01-02 03:08:01,2025-01-02 03:08:01,Class A,352002488_0,56.102367,11.1407,Under way using engine,0.0,12.6,218.0,220.0,9419137,3E2642,SIKAR,Tanker,No additional information,44.0,250.0,GPS,8.5,MTMLA>RUULU,05/01/2025 09:00:00,AIS,POINT (11.1407 56.102367),352002488_0,0 days 00:01:00,-3.01493348853745e-07,220.04295269092438,0.0,0,4.550719514189926,56.102367,11.1407
2025-01-02 03:09:01,2025-01-02 03:09:01,Class A,352002488_0,56.099717,11.13695,Under way using engine,0.0,12.5,217.0,217.0,9419137,3E2642,SIKAR,Tanker,No additional information,44.0,250.0,GPS,8.5,MTMLA>RUULU,05/01/2025 09:00:00,AIS,POINT (11.13695 56.099717),352002488_0,0 days 00:01:00,3.41148504687377e-06,218.28349099712156,0.0,0,4.554264549883877,56.099717,11.13695
2025-01-02 03:10:01,2025-01-02 03:10:01,Class A,352002488_0,56.096967,11.133667,Under way using engine,0.0,12.4,213.0,215.0,9419137,3E2642,SIKAR,Tanker,No additional information,44.0,250.0,GPS,8.5,MTMLA>RUULU,05/01/2025 09:00:00,AIS,POINT (11.133667 56.096967),352002488_0,0 days 00:01:00,-2.2462460511719617e-06,213.66001304354947,0.0,0,4.557338430003415,56.096967,11.133667
2025-01-02 03:11:01,2025-01-02 03:11:01,Class A,352002488_0,56.094017,11.130383,Under way using engine,0.0,12.4,212.0,216.0,9419137,3E2642,SIKAR,Tanker,No additional information,44.0,250.0,GPS,8.5,MTMLA>RUULU,05/01/2025 09:00:00,AIS,POINT (11.130383 56.094017),352002488_0,0 days 00:01:00,5.211603622027163e-06,211.84023362587055,0.0,0,4.560400883392818,56.094017,11.130383
2025-01-02 03:12:01,2025-01-02 03:12:01,Class A,352002488_0,56.09075,11.126217,Under way using engine,0.0,12.4,212.0,216.0,9419137,3E2642,SIKAR,Tanker,No additional information,44.0,250.0,GPS,8.5,MTMLA>RUULU,05/01/2025 09:00:00,AIS,POINT (11.126217 56.09075),352002488_0,0 days 00:01:00,1.662720590762559e-05,215.42840116936935,0.0,0,4.564322776546921,56.09075,11.126217
2025-01-02 03:14:01,2025-01-02 03:14:01,Class A,352002488_0,56.085583,11.121067,Under way using engine,0.0,12.6,202.0,201.0,9419137,3E2642,SIKAR,Tanker,No additional information,44.0,250.0,GPS,8.5,MTMLA>RUULU,05/01/2025 09:00:00,AIS,POINT (11.121067 56.085583),352002488_0,0 days 00:02:00,-1.6308323793953987e-05,209.07973761763515,0.0,0,4.569095867630925,56.085583,11.121067
2025-01-02 03:15:00,2025-01-02 03:15:00,Class A,352002488_0,56.083033,11.119417,Under way using engine,0.0,12.6,199.0,202.0,9419137,3E2642,SIKAR,Tanker,No additional information,44.0,250.0,GPS,8.5,MTMLA>RUULU,05/01/2025 09:00:00,AIS,POINT (11.119417 56.083033),352002488_0,0 days 00:00:59,-6.284878964819887e-06,199.85234377745965,0.0,0,4.570564452865969,56.083033,11.119417
2025-01-02 03:16:01,2025-01-02 03:16:01,Class A,352002488_0,56.079267,11.1169,Under way using engine,0.0,12.7,202.0,206.0,9419137,3E2642,SIKAR,Tanker,No additional information,44.0,250.0,GPS,8.5,MTMLA>RUULU,05/01/2025 09:00:00,AIS,POINT (11.1169 56.079267),352002488_0,0 days 00:01:01,3.6408068997890234e-05,200.45407123500345,0.0,0,4.572816167377495,56.079267,11.1169
2025-01-02 03:17:01,2025-01-02 03:17:01,Class A,352002488_0,56.076067,11.114533,Under way using engine,0.0,12.7,203.0,206.0,9419137,3E2642,SIKAR,Tanker,No additional information,44.0,250.0,GPS,8.5,MTMLA>RUULU,05/01/2025 09:00:00,AIS,POINT (11.114533 56.076067),352002488_0,0 days 00:01:00,-1.5202369850085363e-05,202.43163916098132,0.0,0,4.574959882146509,56.076067,11.114533
2025-01-02 03:18:01,2025-01-02 03:18:01,Class A,352002488_0,56.072983,11.112183,Under way using engine,0.0,12.8,203.0,206.0,9419137,3E2642,SIKAR,Tanker,No additional information,44.0,250.0,GPS,8.5,MTMLA>RUULU,05/01/2025 09:00:00,AIS,POINT (11.112183 56.072983),352002488_0,0 days 00:01:00,-3.4205857775460295e-06,203.0401264908927,0.0,0,4.577096861752654,56.072983,11.112183
2025-01-02 03:19:01,2025-01-02 03:19:01,Class A,352002488_0,56.06945,11.109233,Under way using engine,0.0,12.8,202.0,206.0,9419137,3E2642,SIKAR,Tanker,No additional information,44.0,250.0,GPS,8.5,MTMLA>RUULU,05/01/2025 09:00:00,AIS,POINT (11.109233 56.06945),352002488_0,0 days 00:01:00,1.6915882249665596e-05,204.98940678769245,0.0,0,4.579805071285131,56.06945,11.109233
2025-01-02 03:20:01,2025-01-02 03:20:01,Class A,352002488_0,56.065867,11.106833,Under way using engine,0.0,12.9,202.0,206.0,9419137,3E2642,SIKAR,Tanker,No additional information,44.0,250.0,GPS,8.5,MTMLA>RUULU,05/01/2025 09:00:00,AIS,POINT (11.106833 56.065867),352002488_0,0 days 00:01:00,-2.2597524626053606e-06,200.50216956034083,0.0,0,4.58196421114897,56.065867,11.106833
2025-01-02 03:21:01,2025-01-02 03:21:01,Class A,352002488_0,56.062617,11.104367,Under way using engine,0.0,13.1,202.0,206.0,9419137,3E2642,SIKAR,Tanker,No additional information,44.0,250.0,GPS,8.5,MTMLA>RUULU,05/01/2025 09:00:00,AIS,POINT (11.104367 56.062617),352002488_0,0 days 00:01:00,-9.141910666780349e-06,202.95818855708163,0.0,0,4.584213761506547,56.062617,11.104367
2025-01-02 03:22:01,2025-01-02 03:22:01,Class A,352002488_0,56.059,11.10105,Under way using engine,0.0,13.1,202.0,206.0,9419137,3E2642,SIKAR,Tanker,No additional information,44.0,250.0,GPS,8.5,MTMLA>RUULU,05/01/2025 09:00:00,AIS,POINT (11.10105 56.059),352002488_0,0 days 00:01:00,1.6535217542434357e-05,207.11406467831404,0.0,0,4.587291672626452,56.059,11.10105
2025-01-02 03:23:01,2025-01-02 03:23:01,Class A,352002488_0,56.056967,11.10005,Under way using engine,0.0,13.2,203.0,206.0,9419137,3E2642,SIKAR,Tanker,No additional information,44.0,250.0,GPS,8.5,MTMLA>RUULU,05/01/2025 09:00:00,AIS,POINT (11.10005 56.056967),352002488_0,0 days 00:01:00,-6.05185273707334e-05,195.3577634068882,0.0,0,4.5881604214248,56.056967,11.10005
2025-01-02 03:24:01,2025-01-02 03:24:01,Class A,352002488_0,56.054333,11.098067,Under way using engine,0.0,13.1,203.0,206.0,9419137,3E2642,SIKAR,Tanker,No additional information,44.0,250.0,GPS,8.5,MTMLA>RUULU,05/01/2025 09:00:00,AIS,POINT (11.098067 56.054333),352002488_0,0 days 00:01:00,2.3183639406908945e-05,202.80175790101399,0.0,0,4.589973433866692,56.054333,11.098067
2025-01-02 03:25:01,2025-01-02 03:25:01,Class A,352002488_0,56.050417,11.0951,Under way using engine,0.0,13.2,203.0,206.0,9419137,3E2642,SIKAR,Tanker,No additional information,44.0,250.0,GPS,8.5,MTMLA>RUULU,05/01/2025 09:00:00,AIS,POINT (11.0951 56.050417),352002488_0,0 days 00:01:00,4.315368958040789e-05,202.93465792925247,0.0,0,4.592690727387269,56.050417,11.0951
2025-01-02 03:26:01,2025-01-02 03:26:01,Class A,352002488_0,56.047183,11.092617,Under way using engine,0.0,13.2,203.0,206.0,9419137,3E2642,SIKAR,Tanker,No additional information,44.0,250.0,GPS,8.5,MTMLA>RUULU,05/01/2025 09:00:00,AIS,POINT (11.092617 56.047183),352002488_0,0 days 00:01:00,-2.2687068552678086e-05,203.21042918029207,0.0,0,4.594970196987353,56.047183,11.092617
2025-01-02 03:27:01,2025-01-02 03:27:01,Class A,352002488_0,56.043933,11.090167,Under way using engine,0.0,13.2,203.0,206.0,9419137,3E2642,SIKAR,Tanker,No additional information,44.0,250.0,GPS,8.5,MTMLA>RUULU,05/01/2025 09:00:00,AIS,POINT (11.090167 56.043933),352002488_0,0 days 00:01:00,2.3285986316369638e-07,202.8344620242605,0.0,0,4.5972182465706375,56.043933,11.090167
2025-01-02 03:28:01,2025-01-02 03:28:01,Class A,352002488_0,56.040733,11.087733,Under way using engine,0.0,13.1,203.0,206.0,9419137,3E2642,SIKAR,Tanker,No additional information,44.0,250.0,GPS,8.5,MTMLA>RUULU,05/01/2025 09:00:00,AIS,POINT (11.087733 56.040733),352002488_0,0 days 00:01:00,-1.530579110279225e-06,203.02019599297728,0.0,0,4.599455809752498,56.040733,11.087733
2025-01-02 03:29:00,2025-01-02 03:29:00,Class A,352002488_0,56.036633,11.084317,Under way using engine,0.0,13.1,203.0,206.0,9419137,3E2642,SIKAR,Tanker,No additional information,44.0,250.0,GPS,8.5,MTMLA>RUULU,05/01/2025 09:00:00,AIS,POINT (11.084317 56.036633),352002488_0,0 days 00:00:59,3.5313400380495534e-05,204.96041412391048,0.0,0,4.602623154810961,56.036633,11.084317
2025-01-02 03:30:00,2025-01-02 03:30:00,Class A,352002488_0,56.0341,11.082733,Under way using engine,0.0,13.2,203.0,204.0,9419137,3E2642,SIKAR,Tanker,No additional information,44.0,250.0,GPS,8.5,MTMLA>RUULU,05/01/2025 09:00:00,AIS,POINT (11.082733 56.0341),352002488_0,0 days 00:01:00,-5.928880068215896e-05,199.25847103733992,0.0,0,4.604056427420173,56.0341,11.082733
2025-01-02 03:31:00,2025-01-02 03:31:00,Class A,352002488_0,56.030583,11.080217,Under way using engine,0.0,13.2,201.0,204.0,9419137,3E2642,SIKAR,Tanker,No additional information,44.0,250.0,GPS,8.5,MTMLA>RUULU,05/01/2025 09:00:00,AIS,POINT (11.080217 56.030583),352002488_0,0 days 00:01:00,3.4172256708404036e-05,201.78772929006175,0.0,0,4.6063650987304525,56.030583,11.080217
2025-01-02 03:32:00,2025-01-02 03:32:00,Class A,352002488_0,56.0274,11.077983,Under way using engine,0.0,13.2,200.0,207.0,9419137,3E2642,SIKAR,Tanker,No additional information,44.0,250.0,GPS,8.5,MTMLA>RUULU,05/01/2025 09:00:00,AIS,POINT (11.077983 56.0274),352002488_0,0 days 00:01:00,-1.1401774691139497e-05,201.4148997708326,0.0,0,4.6084140295408575,56.0274,11.077983
2025-01-02 03:33:00,2025-01-02 03:33:00,Class A,352002488_0,56.024467,11.075833,Under way using engine,0.0,13.1,204.0,211.0,9419137,3E2642,SIKAR,Tanker,No additional information,44.0,250.0,GPS,8.5,MTMLA>RUULU,05/01/2025 09:00:00,AIS,POINT (11.075833 56.024467),352002488_0,0 days 00:01:00,-7.716256865985197e-06,202.27658805605932,0.0,0,4.610395450311177,56.024467,11.075833
2025-01-02 03:34:00,2025-01-02 03:34:00,Class A,352002488_0,56.021317,11.072917,Under way using engine,0.0,13.1,207.0,210.0,9419137,3E2642,SIKAR,Tanker,No additional information,44.0,250.0,GPS,8.5,MTMLA>RUULU,05/01/2025 09:00:00,AIS,POINT (11.072917 56.021317),352002488_0,0 days 00:01:00,1.168027732156614e-05,207.35582232235072,0.0,0,4.6131317161540055,56.021317,11.072917
2025-01-02 03:35:00,2025-01-02 03:35:00,Class A,352002488_0,56.0181,11.070183,Under way using engine,0.0,13.1,205.0,213.0,9419137,3E2642,SIKAR,Tanker,No additional information,44.0,250.0,GPS,8.5,MTMLA>RUULU,05/01/2025 09:00:00,AIS,POINT (11.070183 56.0181),352002488_0,0 days 00:01:00,4.542719393569918e-07,205.40854142984148,0.0,0,4.615684968113508,56.0181,11.070183
2025-01-02 03:36:00,2025-01-02 03:36:00,Class A,352002488_0,56.0152,11.06715,Under way using engine,0.0,13.0,209.0,215.0,9419137,3E2642,SIKAR,Tanker,No additional information,44.0,250.0,GPS,8.5,MTMLA>RUULU,05/01/2025 09:00:00,AIS,POINT (11.06715 56.0152),352002488_0,0 days 00:01:00,-6.243582889895859e-06,210.31124400198382,0.0,0,4.618556303147987,56.0152,11.06715
2025-01-02 03:37:00,2025-01-02 03:37:00,Class A,352002488_0,56.0114,11.06335,Under way using engine,0.0,13.0,211.0,215.0,9419137,3E2642,SIKAR,Tanker,No additional information,44.0,250.0,GPS,8.5,MTMLA>RUULU,05/01/2025 09:00:00,AIS,POINT (11.06335 56.0114),352002488_0,0 days 00:01:00,3.076203613878579e-05,209.20678522486898,0.0,0,4.622147777965131,56.0114,11.06335
2025-01-02 03:38:00,2025-01-02 03:38:00,Class A,352002488_0,56.008417,11.0605,Under way using engine,0.0,13.1,210.0,215.0,9419137,3E2642,SIKAR,Tanker,No additional information,44.0,250.0,GPS,8.5,MTMLA>RUULU,05/01/2025 09:00:00,AIS,POINT (11.0605 56.008417),352002488_0,0 days 00:01:00,-3.006782385631287e-05,208.10891533959338,0.0,0,4.6248366889036205,56.008417,11.0605
2025-01-02 03:39:00,2025-01-02 03:39:00,Class A,352002488_0,56.005917,11.057467,Under way using engine,0.0,13.0,213.0,219.0,9419137,3E2642,SIKAR,Tanker,No additional information,44.0,250.0,GPS,8.5,MTMLA>RUULU,05/01/2025 09:00:00,AIS,POINT (11.057467 56.005917),352002488_0,0 days 00:01:00,-1.115224155382984e-05,214.14979243019087,0.0,0,4.627735448573739,56.005917,11.057467
2025-01-02 03:40:00,2025-01-02 03:40:00,Class A,352002488_0,56.002933,11.053917,Under way using engine,0.0,12.9,214.0,220.0,9419137,3E2642,SIKAR,Tanker,No additional information,44.0,250.0,GPS,8.5,MTMLA>RUULU,05/01/2025 09:00:00,AIS,POINT (11.053917 56.002933),352002488_0,0 days 00:01:00,1.7423187577081576e-05,213.63266633928203,0.0,0,4.631127302785144,56.002933,11.053917
2025-01-02 03:41:00,2025-01-02 03:41:00,Class A,352002488_0,56.00005,11.050333,Under way using engine,0.0,12.8,214.0,219.0,9419137,3E2642,SIKAR,Tanker,No additional information,44.0,250.0,GPS,8.5,MTMLA>RUULU,05/01/2025 09:00:00,AIS,POINT (11.050333 56.00005),352002488_0,0 days 00:01:00,-2.2470300334887586e-06,214.80594540129354,0.0,0,4.634560363569451,56.00005,11.050333
2025-01-02 03:42:00,2025-01-02 03:42:00,Class A,352002488_0,55.9968,11.045467,Under way using engine,0.0,12.8,213.0,219.0,9419137,3E2642,SIKAR,Tanker,No additional information,44.0,250.0,GPS,8.5,MTMLA>RUULU,05/01/2025 09:00:00,AIS,POINT (11.045467 55.9968),352002488_0,0 days 00:01:00,2.2543967562048088e-05,219.94061117904982,0.0,0,4.639257613002861,55.9968,11.045467
2025-01-02 03:50:01,2025-01-02 03:50:01,Class A,352002488_0,55.97415,11.0201,Under way using engine,0.0,13.0,211.0,216.0,9419137,3E2642,SIKAR,Tanker,No additional information,44.0,250.0,GPS,8.5,MTMLA>RUULU,05/01/2025 09:00:00,AIS,POINT (11.0201 55.97415),352002488_0,0 days 00:08:01,-3.496927356669739e-06,212.07793424185536,0.0,0,4.663529395999129,55.97415,11.0201
2025-01-02 03:51:01,2025-01-02 03:51:01,Class A,352002488_0,55.971133,11.016817,Under way using engine,0.0,13.0,212.0,218.0,9419137,3E2642,SIKAR,Tanker,No additional information,44.0,250.0,GPS,8.5,MTMLA>RUULU,05/01/2025 09:00:00,AIS,POINT (11.016817 55.971133),352002488_0,0 days 00:01:00,6.1328293252612406e-06,211.33968180459541,0.0,0,4.666675780381792,55.971133,11.016817
2025-01-02 03:52:01,2025-01-02 03:52:01,Class A,352002488_0,55.968217,11.013433,Under way using engine,0.0,13.0,213.0,218.0,9419137,3E2642,SIKAR,Tanker,No additional information,44.0,250.0,GPS,8.5,MTMLA>RUULU,05/01/2025 09:00:00,AIS,POINT (11.013433 55.968217),352002488_0,0 days 00:01:00,-1.7063302425875752e-06,213.0030721044983,0.0,0,4.669929572300851,55.968217,11.013433
2025-01-02 03:53:01,2025-01-02 03:53:01,Class A,352002488_0,55.96535,11.010083,Under way using engine,0.0,13.1,213.0,218.0,9419137,3E2642,SIKAR,Tanker,No additional information,44.0,250.0,GPS,8.5,MTMLA>RUULU,05/01/2025 09:00:00,AIS,POINT (11.010083 55.96535),352002488_0,0 days 00:01:00,-1.5889849302380282e-06,213.1845064831953,0.0,0,4.673153485749104,55.96535,11.010083
2025-01-02 03:57:00,2025-01-02 03:57:00,Class A,352002488_0,55.954617,10.996617,Under way using engine,0.0,13.0,215.0,221.0,9419137,3E2642,SIKAR,Tanker,No additional information,44.0,250.0,GPS,8.5,MTMLA>RUULU,05/01/2025 09:00:00,AIS,POINT (10.996617 55.954617),352002488_0,0 days 00:03:59,-1.0319286704441877e-06,215.08630808993712,0.0,0,4.686163865485926,55.954617,10.996617
2025-01-02 04:02:00,2025-01-02 04:02:00,Class A,352002488_0,55.939767,10.977867,Under way using engine,0.0,13.2,215.0,219.0,9419137,3E2642,SIKAR,Tanker,No additional information,44.0,250.0,GPS,8.5,MTMLA>RUULU,05/01/2025 09:00:00,AIS,POINT (10.977867 55.939767),352002488_0,0 days 00:05:00,2.1339980291646634e-06,215.26869427744725,0.0,0,4.704328004421673,55.939767,10.977867
2025-01-02 04:03:00,2025-01-02 04:03:00,Class A,352002488_0,55.93695,10.9745,Under way using engine,0.0,13.2,215.0,218.0,9419137,3E2642,SIKAR,Tanker,No additional information,44.0,250.0,GPS,8.5,MTMLA>RUULU,05/01/2025 09:00:00,AIS,POINT (10.9745 55.93695),352002488_0,0 days 00:01:00,-7.662034938369029e-06,213.80121729723544,0.0,0,4.707589797098723,55.93695,10.9745
2025-01-02 04:04:00,2025-01-02 04:04:00,Class A,352002488_0,55.934067,10.970883,Under way using engine,0.0,13.2,213.0,219.0,9419137,3E2642,SIKAR,Tanker,No additional information,44.0,250.0,GPS,8.5,MTMLA>RUULU,05/01/2025 09:00:00,AIS,POINT (10.970883 55.934067),352002488_0,0 days 00:01:00,4.143338687313987e-06,215.09841630220768,0.0,0,4.711100913825769,55.934067,10.970883
2025-01-02 04:05:01,2025-01-02 04:05:01,Class A,352002488_0,55.931,10.967217,Under way using engine,0.0,13.1,216.0,226.0,9419137,3E2642,SIKAR,Tanker,No additional information,44.0,250.0,GPS,8.5,MTMLA>RUULU,05/01/2025 09:00:00,AIS,POINT (10.967217 55.931),352002488_0,0 days 00:01:01,3.247666588057359e-06,213.8066907408434,0.0,0,4.714656494698739,55.931,10.967217
2025-01-02 04:06:01,2025-01-02 04:06:01,Class A,352002488_0,55.92835,10.963233,Under way using engine,0.0,13.1,222.0,230.0,9419137,3E2642,SIKAR,Tanker,No additional information,44.0,250.0,GPS,8.5,MTMLA>RUULU,05/01/2025 09:00:00,AIS,POINT (10.963233 55.92835),352002488_0,0 days 00:01:00,-5.109553447620489e-06,220.1063255789903,0.0,0,4.718546348969033,55.92835,10.963233
2025-01-02 04:07:01,2025-01-02 04:07:01,Class A,352002488_0,55.92595,10.9589,Under way using engine,0.0,13.0,226.0,231.0,9419137,3E2642,SIKAR,Tanker,No additional information,44.0,250.0,GPS,8.5,MTMLA>RUULU,05/01/2025 09:00:00,AIS,POINT (10.9589 55.92595),352002488_0,0 days 00:01:00,-1.558433095170143e-06,225.3287481518885,0.0,0,4.722795089705672,55.92595,10.9589
2025-01-02 04:08:01,2025-01-02 04:08:01,Class A,352002488_0,55.92355,10.954483,Under way using engine,0.0,13.0,226.0,231.0,9419137,3E2642,SIKAR,Tanker,No additional information,44.0,250.0,GPS,8.5,MTMLA>RUULU,05/01/2025 09:00:00,AIS,POINT (10.954483 55.92355),352002488_0,0 days 00:01:00,1.046616662410289e-06,225.8804827023826,0.0,0,4.727129155477878,55.92355,10.954483
2025-01-02 04:09:01,2025-01-02 04:09:01,Class A,352002488_0,55.921117,10.95,Under way using engine,0.0,13.1,226.0,231.0,9419137,3E2642,SIKAR,Tanker,No additional information,44.0,250.0,GPS,8.5,MTMLA>RUULU,05/01/2025 09:00:00,AIS,POINT (10.95 55.921117),352002488_0,0 days 00:01:00,1.5368243151711708e-06,225.9159516883731,0.0,0,4.731529477244013,55.921117,10.95
2025-01-02 04:10:01,2025-01-02 04:10:01,Class A,352002488_0,55.918867,10.945733,Under way using engine,0.0,13.1,226.0,231.0,9419137,3E2642,SIKAR,Tanker,No additional information,44.0,250.0,GPS,8.5,MTMLA>RUULU,05/01/2025 09:00:00,AIS,POINT (10.945733 55.918867),352002488_0,0 days 00:01:00,-6.616811753136946e-06,226.74211916317606,0.0,0,4.735721205397335,55.918867,10.945733
2025-01-02 04:11:01,2025-01-02 04:11:01,Class A,352002488_0,55.91615,10.940683,Under way using engine,0.0,13.2,224.0,226.0,9419137,3E2642,SIKAR,Tanker,No additional information,44.0,250.0,GPS,8.5,MTMLA>RUULU,05/01/2025 09:00:00,AIS,POINT (10.940683 55.91615),352002488_0,0 days 00:01:00,1.981011404765767e-05,226.1686070779824,0.0,0,4.740681964039457,55.91615,10.940683
2025-01-02 04:12:00,2025-01-02 04:12:00,Class A,352002488_0,55.91385,10.937067,Under way using engine,0.0,13.2,220.0,225.0,9419137,3E2642,SIKAR,Tanker,No additional information,44.0,250.0,GPS,8.5,MTMLA>RUULU,05/01/2025 09:00:00,AIS,POINT (10.937067 55.91385),352002488_0,0 days 00:00:59,-2.5387658473428628e-05,221.3841663952743,0.0,0,4.744224100830924,55.91385,10.937067
2025-01-02 04:13:00,2025-01-02 04:13:00,Class A,352002488_0,55.9113,10.933133,Under way using engine,0.0,13.0,220.0,225.0,9419137,3E2642,SIKAR,Tanker,No additional information,44.0,250.0,GPS,8.5,MTMLA>RUULU,05/01/2025 09:00:00,AIS,POINT (10.933133 55.9113),352002488_0,0 days 00:01:00,7.850802557117798e-06,220.84972117176648,0.0,0,4.748077676499091,55.9113,10.933133
2025-01-02 04:14:00,2025-01-02 04:14:00,Class A,352002488_0,55.9083,10.92875,Under way using engine,0.0,13.2,220.0,225.0,9419137,3E2642,SIKAR,Tanker,No additional information,44.0,250.0,GPS,8.5,MTMLA>RUULU,05/01/2025 09:00:00,AIS,POINT (10.92875 55.9083),352002488_0,0 days 00:01:00,1.5672298647154138e-05,219.315403188143,0.0,0,4.752368089421103,55.9083,10.92875
2025-01-02 04:15:00,2025-01-02 04:15:00,Class A,352002488_0,55.906083,10.925017,Under way using engine,0.0,13.1,221.0,225.0,9419137,3E2642,SIKAR,Tanker,No additional information,44.0,250.0,GPS,8.5,MTMLA>RUULU,05/01/2025 09:00:00,AIS,POINT (10.925017 55.906083),352002488_0,0 days 00:01:00,-2.5646760162828186e-05,223.34644086612226,0.0,0,4.756033778917261,55.906083,10.925017
2025-01-02 04:16:00,2025-01-02 04:16:00,Class A,352002488_0,55.903467,10.921017,Under way using engine,0.0,13.0,220.0,225.0,9419137,3E2642,SIKAR,Tanker,No additional information,44.0,250.0,GPS,8.5,MTMLA>RUULU,05/01/2025 09:00:00,AIS,POINT (10.921017 55.903467),352002488_0,0 days 00:01:00,1.2277944378501606e-05,220.60287784145146,0.0,0,4.7599559848160355,55.903467,10.921017
2025-01-02 04:17:01,2025-01-02 04:17:01,Class A,352002488_0,55.900717,10.916783,Under way using engine,0.0,13.0,221.0,225.0,9419137,3E2642,SIKAR,Tanker,No additional information,44.0,250.0,GPS,8.5,MTMLA>RUULU,05/01/2025 09:00:00,AIS,POINT (10.916783 55.900717),352002488_0,0 days 00:01:01,3.888444809917686e-06,220.8003342309926,0.0,0,4.764109882470176,55.900717,10.916783
2025-01-02 04:18:01,2025-01-02 04:18:01,Class A,352002488_0,55.898067,10.912717,Under way using engine,0.0,13.1,221.0,223.0,9419137,3E2642,SIKAR,Tanker,No additional information,44.0,250.0,GPS,8.5,MTMLA>RUULU,05/01/2025 09:00:00,AIS,POINT (10.912717 55.898067),352002488_0,0 days 00:01:00,-2.4019267483108123e-06,220.70459485395546,0.0,0,4.768100332206317,55.898067,10.912717
2025-01-02 04:19:01,2025-01-02 04:19:01,Class A,352002488_0,55.8953,10.908667,Under way using engine,0.0,13.1,219.0,223.0,9419137,3E2642,SIKAR,Tanker,No additional information,44.0,250.0,GPS,8.5,MTMLA>RUULU,05/01/2025 09:00:00,AIS,POINT (10.908667 55.8953),352002488_0,0 days 00:01:00,2.592198559157978e-06,219.3762292491633,0.0,0,4.772073224229172,55.8953,10.908667
2025-01-02 04:20:01,2025-01-02 04:20:01,Class A,352002488_0,55.892533,10.90465,Under way using engine,0.0,13.2,219.0,223.0,9419137,3E2642,SIKAR,Tanker,No additional information,44.0,250.0,GPS,8.5,MTMLA>RUULU,05/01/2025 09:00:00,AIS,POINT (10.90465 55.892533),352002488_0,0 days 00:01:00,-3.602563918462537e-07,219.14852280028748,0.0,0,4.776014860356383,55.892533,10.90465
2025-01-02 04:21:01,2025-01-02 04:21:01,Class A,352002488_0,55.889467,10.9002,Under way using engine,0.0,13.3,218.0,223.0,9419137,3E2642,SIKAR,Tanker,No additional information,44.0,250.0,GPS,8.5,MTMLA>RUULU,05/01/2025 09:00:00,AIS,POINT (10.9002 55.889467),352002488_0,0 days 00:01:00,1.1925874914642759e-05,219.14404046632322,0.0,0,4.780383370173254,55.889467,10.9002
2025-01-02 04:22:01,2025-01-02 04:22:01,Class A,352002488_0,55.886483,10.895883,Under way using engine,0.0,13.3,218.0,223.0,9419137,3E2642,SIKAR,Tanker,No additional information,44.0,250.0,GPS,8.5,MTMLA>RUULU,05/01/2025 09:00:00,AIS,POINT (10.895883 55.886483),352002488_0,0 days 00:01:00,-3.422493642978074e-06,219.05547529664148,0.0,0,4.784623094650821,55.886483,10.895883
2025-01-02 04:23:01,2025-01-02 04:23:01,Class A,352002488_0,55.8841,10.892483,Under way using engine,0.0,13.5,218.0,223.0,9419137,3E2642,SIKAR,Tanker,No additional information,44.0,250.0,GPS,8.5,MTMLA>RUULU,05/01/2025 09:00:00,AIS,POINT (10.892483 55.8841),352002488_0,0 days 00:01:00,-2.4472450037796314e-05,218.66847593703253,0.0,0,4.787962832131114,55.8841,10.892483
2025-01-02 04:24:01,2025-01-02 04:24:01,Class A,352002488_0,55.88145,10.888767,Under way using engine,0.0,13.5,218.0,223.0,9419137,3E2642,SIKAR,Tanker,No additional information,44.0,250.0,GPS,8.5,MTMLA>RUULU,05/01/2025 09:00:00,AIS,POINT (10.888767 55.88145),352002488_0,0 days 00:01:00,9.88483386243546e-06,218.18704931034733,0.0,0,4.791613327586545,55.88145,10.888767
2025-01-02 04:25:01,2025-01-02 04:25:01,Class A,352002488_0,55.878583,10.8848,Under way using engine,0.0,13.5,218.0,223.0,9419137,3E2642,SIKAR,Tanker,No additional information,44.0,250.0,GPS,8.5,MTMLA>RUULU,05/01/2025 09:00:00,AIS,POINT (10.8848 55.878583),352002488_0,0 days 00:01:00,7.977207480776988e-06,217.81819949674195,0.0,0,4.795511236150427,55.878583,10.8848
2025-01-02 04:26:01,2025-01-02 04:26:01,Class A,352002488_0,55.875783,10.880817,Under way using engine,0.0,13.5,218.0,223.0,9419137,3E2642,SIKAR,Tanker,No additional information,44.0,250.0,GPS,8.5,MTMLA>RUULU,05/01/2025 09:00:00,AIS,POINT (10.880817 55.875783),352002488_0,0 days 00:01:00,-1.4517226429263565e-06,218.5907453431496,0.0,0,4.799428493477322,55.875783,10.880817
2025-01-02 04:27:00,2025-01-02 04:27:00,Class A,352002488_0,55.873517,10.877583,Under way using engine,0.0,13.5,218.0,223.0,9419137,3E2642,SIKAR,Tanker,No additional information,44.0,250.0,GPS,8.5,MTMLA>RUULU,05/01/2025 09:00:00,AIS,POINT (10.877583 55.873517),352002488_0,0 days 00:00:59,-1.9836645521289896e-05,218.6841297448353,0.0,0,4.80261056054413,55.873517,10.877583
2025-01-02 04:28:01,2025-01-02 04:28:01,Class A,352002488_0,55.87015,10.872767,Under way using engine,0.0,13.5,219.0,223.0,9419137,3E2642,SIKAR,Tanker,No additional information,44.0,250.0,GPS,8.5,MTMLA>RUULU,05/01/2025 09:00:00,AIS,POINT (10.872767 55.87015),352002488_0,0 days 00:01:01,3.94067698204658e-05,218.74882959824907,0.0,0,4.807351492693768,55.87015,10.872767
2025-01-02 04:29:01,2025-01-02 04:29:01,Class A,352002488_0,55.867367,10.868683,Under way using engine,0.0,13.6,219.0,223.0,9419137,3E2642,SIKAR,Tanker,No additional information,44.0,250.0,GPS,8.5,MTMLA>RUULU,05/01/2025 09:00:00,AIS,POINT (10.868683 55.867367),352002488_0,0 days 00:01:00,-1.9848802095666406e-05,219.46937695669126,0.0,0,4.811375313696697,55.867367,10.868683
2025-01-02 04:30:01,2025-01-02 04:30:01,Class A,352002488_0,55.864567,10.86455,Under way using engine,0.0,13.5,220.0,223.0,9419137,3E2642,SIKAR,Tanker,No additional information,44.0,250.0,GPS,8.5,MTMLA>RUULU,05/01/2025 09:00:00,AIS,POINT (10.86455 55.864567),352002488_0,0 days 00:01:00,9.515838008003717e-07,219.63561214402208,0.0,0,4.815449487506748,55.864567,10.86455
2025-01-02 04:31:01,2025-01-02 04:31:01,Class A,352002488_0,55.861817,10.8604,Under way using engine,0.0,13.6,219.0,223.0,9419137,3E2642,SIKAR,Tanker,No additional information,44.0,250.0,GPS,8.5,MTMLA>RUULU,05/01/2025 09:00:00,AIS,POINT (10.8604 55.861817),352002488_0,0 days 00:01:00,-9.911493929955997e-07,220.26157292649182,0.0,0,4.819543374908975,55.861817,10.8604
2025-01-02 04:33:00,2025-01-02 04:33:00,Class A,352002488_0,55.856117,10.85215,Under way using engine,0.0,13.6,220.0,223.0,9419137,3E2642,SIKAR,Tanker,No additional information,44.0,250.0,GPS,8.5,MTMLA>RUULU,05/01/2025 09:00:00,AIS,POINT (10.85215 55.856117),352002488_0,0 days 00:01:59,1.5431659876517542e-06,219.09069069277382,0.0,0,4.827682422770682,55.856117,10.85215
2025-01-02 04:37:00,2025-01-02 04:37:00,Class A,352002488_0,55.844467,10.834683,Under way using engine,0.0,13.8,218.0,222.0,9419137,3E2642,SIKAR,Tanker,No additional information,44.0,250.0,GPS,8.5,MTMLA>RUULU,05/01/2025 09:00:00,AIS,POINT (10.834683 55.844467),352002488_0,0 days 00:04:00,8.067980535202352e-07,220.0928799539849,0.0,0,4.844944603424275,55.844467,10.834683
2025-01-02 04:38:00,2025-01-02 04:38:00,Class A,352002488_0,55.841783,10.8312,Under way using engine,0.0,13.7,217.0,223.0,9419137,3E2642,SIKAR,Tanker,No additional information,44.0,250.0,GPS,8.5,MTMLA>RUULU,05/01/2025 09:00:00,AIS,POINT (10.8312 55.841783),352002488_0,0 days 00:01:00,-1.5056438854441324e-05,216.0785946605508,0.0,0,4.848384656361848,55.841783,10.8312
2025-01-02 04:39:00,2025-01-02 04:39:00,Class A,352002488_0,55.838983,10.8272,Under way using engine,0.0,13.7,219.0,225.0,9419137,3E2642,SIKAR,Tanker,No additional information,44.0,250.0,GPS,8.5,MTMLA>RUULU,05/01/2025 09:00:00,AIS,POINT (10.8272 55.838983),352002488_0,0 days 00:01:00,8.325103140794283e-06,218.7362636912534,0.0,0,4.852341459794952,55.838983,10.8272
2025-01-02 04:40:00,2025-01-02 04:40:00,Class A,352002488_0,55.8362,10.823117,Under way using engine,0.0,13.8,220.0,225.0,9419137,3E2642,SIKAR,Tanker,No additional information,44.0,250.0,GPS,8.5,MTMLA>RUULU,05/01/2025 09:00:00,AIS,POINT (10.823117 55.8362),352002488_0,0 days 00:01:00,5.0787545642792e-07,219.48504080940674,0.0,0,4.856383184264294,55.8362,10.823117
2025-01-02 04:41:01,2025-01-02 04:41:01,Class A,352002488_0,55.833533,10.8189,Under way using engine,0.0,13.7,220.0,219.0,9419137,3E2642,SIKAR,Tanker,No additional information,44.0,250.0,GPS,8.5,MTMLA>RUULU,05/01/2025 09:00:00,AIS,POINT (10.8189 55.833533),352002488_0,0 days 00:01:01,-2.9635336349502743e-06,221.60546036039037,0.0,0,4.860562160166765,55.833533,10.8189
2025-01-02 04:46:01,2025-01-02 04:46:01,Class A,352002488_0,55.818167,10.806383,Under way using engine,0.0,12.8,186.0,185.0,9419137,3E2642,SIKAR,Tanker,No additional information,44.0,250.0,GPS,8.5,MTMLA>RUULU,05/01/2025 09:00:00,AIS,POINT (10.806383 55.818167),352002488_0,0 days 00:05:00,-8.079649178838593e-07,204.592297988614,0.0,0,4.872890384181651,55.818167,10.806383
2025-01-02 04:47:01,2025-01-02 04:47:01,Class A,352002488_0,55.8149,10.8057,Under way using engine,0.0,12.7,186.0,184.0,9419137,3E2642,SIKAR,Tanker,No additional information,44.0,250.0,GPS,8.5,MTMLA>RUULU,05/01/2025 09:00:00,AIS,POINT (10.8057 55.8149),352002488_0,0 days 00:01:00,-2.8245244832006615e-06,186.699514891887,0.0,0,4.873539713006143,55.8149,10.8057
2025-01-02 04:48:00,2025-01-02 04:48:00,Class A,352002488_0,55.811583,10.805167,Under way using engine,0.0,12.7,184.0,183.0,9419137,3E2642,SIKAR,Tanker,No additional information,44.0,250.0,GPS,8.5,MTMLA>RUULU,05/01/2025 09:00:00,AIS,POINT (10.805167 55.811583),352002488_0,0 days 00:00:59,3.064742525414839e-06,185.15940897926075,0.0,0,4.8740407831081995,55.811583,10.805167
2025-01-02 04:49:00,2025-01-02 04:49:00,Class A,352002488_0,55.808083,10.804633,Under way using engine,0.0,12.8,184.0,183.0,9419137,3E2642,SIKAR,Tanker,No additional information,44.0,250.0,GPS,8.5,MTMLA>RUULU,05/01/2025 09:00:00,AIS,POINT (10.804633 55.808083),352002488_0,0 days 00:01:00,3.893524506113291e-06,184.90056010904232,0.0,0,4.874543547355587,55.808083,10.804633
2025-01-02 04:50:00,2025-01-02 04:50:00,Class A,352002488_0,55.804667,10.804167,Under way using engine,0.0,12.8,184.0,183.0,9419137,3E2642,SIKAR,Tanker,No additional information,44.0,250.0,GPS,8.5,MTMLA>RUULU,05/01/2025 09:00:00,AIS,POINT (10.804167 55.804667),352002488_0,0 days 00:01:00,-2.6854175375810427e-06,184.38420353597442,0.0,0,4.874981492435228,55.804667,10.804167
2025-01-02 04:51:00,2025-01-02 04:51:00,Class A,352002488_0,55.801217,10.803767,Under way using engine,0.0,12.9,184.0,183.0,9419137,3E2642,SIKAR,Tanker,No additional information,44.0,250.0,GPS,8.5,MTMLA>RUULU,05/01/2025 09:00:00,AIS,POINT (10.803767 55.801217),352002488_0,0 days 00:01:00,9.673955276428392e-07,183.72852558804362,0.0,0,4.875355594660352,55.801217,10.803767
2025-01-02 04:52:00,2025-01-02 04:52:00,Class A,352002488_0,55.79765,10.803367,Under way using engine,0.0,13.0,183.0,183.0,9419137,3E2642,SIKAR,Tanker,No additional information,44.0,250.0,GPS,8.5,MTMLA>RUULU,05/01/2025 09:00:00,AIS,POINT (10.803367 55.79765),352002488_0,0 days 00:01:00,3.6110297351756867e-06,183.6068851817632,0.0,0,4.8757313899665355,55.79765,10.803367
2025-01-02 04:53:01,2025-01-02 04:53:01,Class A,352002488_0,55.7939,10.8031,Under way using engine,0.0,13.2,182.0,183.0,9419137,3E2642,SIKAR,Tanker,No additional information,44.0,250.0,GPS,8.5,MTMLA>RUULU,05/01/2025 09:00:00,AIS,POINT (10.8031 55.7939),352002488_0,0 days 00:01:01,3.57070432724657e-06,182.29213218454578,0.0,0,4.87597576366495,55.7939,10.8031
2025-01-02 04:54:01,2025-01-02 04:54:01,Class A,352002488_0,55.790517,10.802633,Under way using engine,0.0,13.2,183.0,183.0,9419137,3E2642,SIKAR,Tanker,No additional information,44.0,250.0,GPS,8.5,MTMLA>RUULU,05/01/2025 09:00:00,AIS,POINT (10.802633 55.790517),352002488_0,0 days 00:01:00,-9.22487881742295e-06,184.43786829437602,0.0,0,4.8764248253459215,55.790517,10.802633
2025-01-02 04:55:01,2025-01-02 04:55:01,Class A,352002488_0,55.787033,10.802383,Under way using engine,0.0,13.3,181.0,182.0,9419137,3E2642,SIKAR,Tanker,No additional information,44.0,250.0,GPS,8.5,MTMLA>RUULU,05/01/2025 09:00:00,AIS,POINT (10.802383 55.787033),352002488_0,0 days 00:01:00,2.895676456392936e-06,182.31043827763037,0.0,0,4.876658809929806,55.787033,10.802383
2025-01-02 04:56:01,2025-01-02 04:56:01,Class A,352002488_0,55.78335,10.802083,Under way using engine,0.0,13.4,181.0,183.0,9419137,3E2642,SIKAR,Tanker,No additional information,44.0,250.0,GPS,8.5,MTMLA>RUULU,05/01/2025 09:00:00,AIS,POINT (10.802083 55.78335),352002488_0,0 days 00:01:00,6.1863417299774705e-06,182.62255832379637,0.0,0,4.8769445874819,55.78335,10.802083
2025-01-02 04:57:00,2025-01-02 04:57:00,Class A,352002488_0,55.780483,10.801933,Under way using engine,0.0,13.4,182.0,183.0,9419137,3E2642,SIKAR,Tanker,No additional information,44.0,250.0,GPS,8.5,MTMLA>RUULU,05/01/2025 09:00:00,AIS,POINT (10.801933 55.780483),352002488_0,0 days 00:00:59,-2.4218164911964212e-05,181.68530799834627,0.0,0,4.877085442850679,55.780483,10.801933
2025-01-02 04:58:01,2025-01-02 04:58:01,Class A,352002488_0,55.775933,10.801567,Under way using engine,0.0,13.3,182.0,183.0,9419137,3E2642,SIKAR,Tanker,No additional information,44.0,250.0,GPS,8.5,MTMLA>RUULU,05/01/2025 09:00:00,AIS,POINT (10.801567 55.775933),352002488_0,0 days 00:01:01,4.7551112028044996e-05,182.59039134750515,0.0,0,4.877440390594435,55.775933,10.801567
2025-01-02 05:04:01,2025-01-02 05:04:01,Class A,352002488_0,55.75485,10.799383,Under way using engine,0.0,13.5,186.0,188.0,9419137,3E2642,SIKAR,Tanker,No additional information,44.0,250.0,GPS,8.5,MTMLA>RUULU,05/01/2025 09:00:00,AIS,POINT (10.799383 55.75485),352002488_0,0 days 00:06:00,-4.949342104137156e-06,183.33622968955973,0.0,0,4.879628579550804,55.75485,10.799383
2025-01-02 05:05:01,2025-01-02 05:05:01,Class A,352002488_0,55.750983,10.798483,Under way using engine,0.0,13.6,187.0,188.0,9419137,3E2642,SIKAR,Tanker,No additional information,44.0,250.0,GPS,8.5,MTMLA>RUULU,05/01/2025 09:00:00,AIS,POINT (10.798483 55.750983),352002488_0,0 days 00:01:00,1.1762801836587765e-05,187.46230314427135,0.0,0,4.880539230337772,55.750983,10.798483
2025-01-02 05:06:01,2025-01-02 05:06:01,Class A,352002488_0,55.747567,10.79775,Under way using engine,0.0,13.7,187.0,188.0,9419137,3E2642,SIKAR,Tanker,No additional information,44.0,250.0,GPS,8.5,MTMLA>RUULU,05/01/2025 09:00:00,AIS,POINT (10.79775 55.747567),352002488_0,0 days 00:01:00,-1.4203053184376133e-05,186.8864540677569,0.0,0,4.881284184467136,55.747567,10.79775
2025-01-02 05:07:01,2025-01-02 05:07:01,Class A,352002488_0,55.74385,10.797033,Under way using engine,0.0,13.9,187.0,188.0,9419137,3E2642,SIKAR,Tanker,No additional information,44.0,250.0,GPS,8.5,MTMLA>RUULU,05/01/2025 09:00:00,AIS,POINT (10.797033 55.74385),352002488_0,0 days 00:01:00,9.216541512818323e-06,186.19694624091892,0.0,0,4.882016904043757,55.74385,10.797033
2025-01-02 05:08:01,2025-01-02 05:08:01,Class A,352002488_0,55.73955,10.797233,Under way using engine,0.0,13.9,187.0,188.0,9419137,3E2642,SIKAR,Tanker,No additional information,44.0,250.0,GPS,8.5,MTMLA>RUULU,05/01/2025 09:00:00,AIS,POINT (10.797233 55.73955),352002488_0,0 days 00:01:00,1.7397641962721957e-05,178.5001108232375,0.0,0,4.881838628894752,55.73955,10.797233
2025-01-02 05:09:00,2025-01-02 05:09:00,Class A,352002488_0,55.736467,10.795517,Under way using engine,0.0,14.0,186.0,188.0,9419137,3E2642,SIKAR,Tanker,No additional information,44.0,250.0,GPS,8.5,MTMLA>RUULU,05/01/2025 09:00:00,AIS,POINT (10.795517 55.736467),352002488_0,0 days 00:00:59,-3.1931641212257366e-05,197.3992954621448,0.0,0,4.8835725026240775,55.736467,10.795517
2025-01-02 05:10:02,2025-01-02 05:10:02,Class A,352002488_0,55.732867,10.7941,Under way using engine,0.0,14.1,185.0,190.0,9419137,3E2642,SIKAR,Tanker,No additional information,44.0,250.0,GPS,8.5,MTMLA>RUULU,05/01/2025 09:00:00,AIS,POINT (10.7941 55.732867),352002488_0,0 days 00:01:02,8.45642705697463e-06,192.49614394460727,0.0,0,4.885012833701565,55.732867,10.7941
2025-01-02 05:33:00,2025-01-02 05:33:00,Class A,352002488_0,55.6479,10.775583,Under way using engine,0.0,13.7,175.0,179.0,9419137,3E2642,SIKAR,Tanker,No additional information,44.0,250.0,GPS,8.5,MTMLA>RUULU,05/01/2025 09:00:00,AIS,POINT (10.775583 55.6479),352002488_0,0 days 00:22:58,2.1374003513685877e-07,187.01079929759317,0.0,0,4.904845757785764,55.6479,10.775583
2025-01-02 05:34:01,2025-01-02 05:34:01,Class A,352002488_0,55.644233,10.775383,Under way using engine,0.0,13.6,176.0,173.0,9419137,3E2642,SIKAR,Tanker,No additional information,44.0,250.0,GPS,8.5,MTMLA>RUULU,05/01/2025 09:00:00,AIS,POINT (10.775383 55.644233),352002488_0,0 days 00:01:01,-3.6178767643233147e-06,181.76294054673698,0.0,0,4.905135631240588,55.644233,10.775383
2025-01-02 05:35:01,2025-01-02 05:35:01,Class A,352002488_0,55.640767,10.776217,Under way using engine,0.0,13.5,167.0,162.0,9419137,3E2642,SIKAR,Tanker,No additional information,44.0,250.0,GPS,8.5,MTMLA>RUULU,05/01/2025 09:00:00,AIS,POINT (10.776217 55.640767),352002488_0,0 days 00:01:00,-3.4221572121299055e-06,172.26637332762823,0.0,0,4.904389425604985,55.640767,10.776217
2025-01-02 05:36:01,2025-01-02 05:36:01,Class A,352002488_0,55.637333,10.778067,Under way using engine,0.0,13.4,160.0,160.0,9419137,3E2642,SIKAR,Tanker,No additional information,44.0,250.0,GPS,8.5,MTMLA>RUULU,05/01/2025 09:00:00,AIS,POINT (10.778067 55.637333),352002488_0,0 days 00:01:00,2.8432843152025018e-06,163.08672131032984,0.0,0,4.902629207843685,55.637333,10.778067
2025-01-02 05:39:00,2025-01-02 05:39:00,Class A,352002488_0,55.628,10.7841,Under way using engine,0.0,13.3,160.0,162.0,9419137,3E2642,SIKAR,Tanker,No additional information,44.0,250.0,GPS,8.5,MTMLA>RUULU,05/01/2025 09:00:00,AIS,POINT (10.7841 55.628),352002488_0,0 days 00:02:59,-2.6838789117548695e-06,159.95050797933106,0.0,0,4.89685311944804,55.628,10.7841
2025-01-02 05:43:02,2025-01-02 05:43:02,Class A,352002488_0,55.61395,10.79395,Under way using engine,0.0,13.5,157.0,159.0,9419137,3E2642,SIKAR,Tanker,No additional information,44.0,250.0,GPS,8.5,MTMLA>RUULU,05/01/2025 09:00:00,AIS,POINT (10.79395 55.61395),352002488_0,0 days 00:04:02,3.1942698789551455e-06,158.39889375096595,0.0,0,4.88742502551681,55.61395,10.79395
2025-01-02 05:45:02,2025-01-02 05:45:02,Class A,352002488_0,55.6074,10.79855,Under way using engine,0.0,13.5,158.0,159.0,9419137,3E2642,SIKAR,Tanker,No additional information,44.0,250.0,GPS,8.5,MTMLA>RUULU,05/01/2025 09:00:00,AIS,POINT (10.79855 55.6074),352002488_0,0 days 00:02:00,-3.453240047525765e-06,158.3617184442735,0.0,0,4.883036104530459,55.6074,10.79855
2025-01-02 05:46:02,2025-01-02 05:46:02,Class A,352002488_0,55.604033,10.80095,Under way using engine,0.0,13.6,158.0,159.0,9419137,3E2642,SIKAR,Tanker,No additional information,44.0,250.0,GPS,8.5,MTMLA>RUULU,05/01/2025 09:00:00,AIS,POINT (10.80095 55.604033),352002488_0,0 days 00:01:00,3.294000335918211e-06,158.0668189069546,0.0,0,4.880748200280875,55.604033,10.80095
2025-01-02 05:59:02,2025-01-02 05:59:02,Class A,352002488_0,55.559933,10.83185,Under way using engine,0.0,13.7,158.0,160.0,9419137,3E2642,SIKAR,Tanker,No additional information,44.0,250.0,GPS,8.5,MTMLA>RUULU,05/01/2025 09:00:00,AIS,POINT (10.83185 55.559933),352002488_0,0 days 00:13:00,4.503724472777984e-08,158.3815576515301,0.0,0,4.851541679295871,55.559933,10.83185
2025-01-02 06:02:02,2025-01-02 06:02:02,Class A,352002488_0,55.549833,10.838433,Under way using engine,0.0,13.7,159.0,160.0,9419137,3E2642,SIKAR,Tanker,No additional information,44.0,250.0,GPS,8.5,MTMLA>RUULU,05/01/2025 09:00:00,AIS,POINT (10.838433 55.549833),352002488_0,0 days 00:03:00,-6.253011025174598e-07,159.76043358568677,0.0,0,4.845405486341262,55.549833,10.838433
2025-01-02 06:03:02,2025-01-02 06:03:02,Class A,352002488_0,55.546417,10.84045,Under way using engine,0.0,13.7,159.0,160.0,9419137,3E2642,SIKAR,Tanker,No additional information,44.0,250.0,GPS,8.5,MTMLA>RUULU,05/01/2025 09:00:00,AIS,POINT (10.84045 55.546417),352002488_0,0 days 00:01:00,4.0889248431289113e-07,161.5283283200996,0.0,0,4.843544420290682,55.546417,10.84045
2025-01-02 06:04:00,2025-01-02 06:04:00,Class A,352002488_0,55.543217,10.843067,Under way using engine,0.0,13.7,159.0,160.0,9419137,3E2642,SIKAR,Tanker,No additional information,44.0,250.0,GPS,8.5,MTMLA>RUULU,05/01/2025 09:00:00,AIS,POINT (10.843067 55.543217),352002488_0,0 days 00:00:58,1.4903736995592238e-06,155.16956495791874,0.0,0,4.841076567023704,55.543217,10.843067
2025-01-02 06:05:00,2025-01-02 06:05:00,Class A,352002488_0,55.5398,10.845383,Under way using engine,0.0,13.7,159.0,160.0,9419137,3E2642,SIKAR,Tanker,No additional information,44.0,250.0,GPS,8.5,MTMLA>RUULU,05/01/2025 09:00:00,AIS,POINT (10.845383 55.5398),352002488_0,0 days 00:01:00,3.638612438822709e-07,159.01731055069615,0.0,0,4.838921812560004,55.5398,10.845383
2025-01-02 06:06:00,2025-01-02 06:06:00,Class A,352002488_0,55.536317,10.8477,Under way using engine,0.0,13.8,159.0,160.0,9419137,3E2642,SIKAR,Tanker,No additional information,44.0,250.0,GPS,8.5,MTMLA>RUULU,05/01/2025 09:00:00,AIS,POINT (10.8477 55.536317),352002488_0,0 days 00:01:00,1.914964380395834e-06,159.37136177205343,0.0,0,4.836771760878221,55.536317,10.8477
2025-01-02 06:07:00,2025-01-02 06:07:00,Class A,352002488_0,55.532833,10.849967,Under way using engine,0.0,13.9,159.0,160.0,9419137,3E2642,SIKAR,Tanker,No additional information,44.0,250.0,GPS,8.5,MTMLA>RUULU,05/01/2025 09:00:00,AIS,POINT (10.849967 55.532833),352002488_0,0 days 00:01:00,-2.7639764012409205e-07,159.78381639688484,0.0,0,4.834674362643466,55.532833,10.849967
2025-01-02 06:08:00,2025-01-02 06:08:00,Class A,352002488_0,55.5292,10.85215,Under way using engine,0.0,13.9,159.0,159.0,9419137,3E2642,SIKAR,Tanker,No additional information,44.0,250.0,GPS,8.5,MTMLA>RUULU,05/01/2025 09:00:00,AIS,POINT (10.85215 55.5292),352002488_0,0 days 00:01:00,3.851349669935541e-06,161.2172398013813,0.0,0,4.832670838092327,55.5292,10.85215
2025-01-02 06:09:00,2025-01-02 06:09:00,Class A,352002488_0,55.5258,10.854483,Under way using engine,0.0,14.0,158.0,159.0,9419137,3E2642,SIKAR,Tanker,No additional information,44.0,250.0,GPS,8.5,MTMLA>RUULU,05/01/2025 09:00:00,AIS,POINT (10.854483 55.5258),352002488_0,0 days 00:01:00,-5.867702105264881e-06,158.77370628215317,0.0,0,4.830508778697022,55.5258,10.854483
2025-01-02 06:10:00,2025-01-02 06:10:00,Class A,352002488_0,55.5223,10.85695,Under way using engine,0.0,13.9,158.0,159.0,9419137,3E2642,SIKAR,Tanker,No additional information,44.0,250.0,GPS,8.5,MTMLA>RUULU,05/01/2025 09:00:00,AIS,POINT (10.85695 55.5223),352002488_0,0 days 00:01:00,3.740850959810119e-06,158.24739795990354,0.0,0,4.828220497672824,55.5223,10.85695
2025-01-02 06:11:00,2025-01-02 06:11:00,Class A,352002488_0,55.518917,10.859333,Under way using engine,0.0,13.9,158.0,159.0,9419137,3E2642,SIKAR,Tanker,No additional information,44.0,250.0,GPS,8.5,MTMLA>RUULU,05/01/2025 09:00:00,AIS,POINT (10.859333 55.518917),352002488_0,0 days 00:01:00,-3.905535547965389e-06,158.25837741823148,0.0,0,4.826012820149777,55.518917,10.859333
2025-01-02 06:12:00,2025-01-02 06:12:00,Class A,352002488_0,55.5155,10.8618,Under way using engine,0.0,13.9,158.0,159.0,9419137,3E2642,SIKAR,Tanker,No additional information,44.0,250.0,GPS,8.5,MTMLA>RUULU,05/01/2025 09:00:00,AIS,POINT (10.8618 55.5155),352002488_0,0 days 00:01:00,1.5288700011063458e-06,157.76648223985455,0.0,0,4.823725563736809,55.5155,10.8618
2025-01-02 06:13:00,2025-01-02 06:13:00,Class A,352002488_0,55.5116,10.864383,Under way using engine,0.0,13.9,158.0,153.0,9419137,3E2642,SIKAR,Tanker,No additional information,44.0,250.0,GPS,8.5,MTMLA>RUULU,05/01/2025 09:00:00,AIS,POINT (10.864383 55.5116),352002488_0,0 days 00:01:00,1.4650805166578586e-05,159.4425831312792,0.0,0,4.82135056544004,55.5116,10.864383
2025-01-02 06:14:00,2025-01-02 06:14:00,Class A,352002488_0,55.5084,10.867033,Under way using engine,0.0,13.8,152.0,145.0,9419137,3E2642,SIKAR,Tanker,No additional information,44.0,250.0,GPS,8.5,MTMLA>RUULU,05/01/2025 09:00:00,AIS,POINT (10.867033 55.5084),352002488_0,0 days 00:01:00,-1.9500978921489557e-05,154.87533441307596,0.0,0,4.818874511197507,55.5084,10.867033
2025-01-02 06:15:00,2025-01-02 06:15:00,Class A,352002488_0,55.505833,10.870233,Under way using engine,0.0,13.7,146.0,143.0,9419137,3E2642,SIKAR,Tanker,No additional information,44.0,250.0,GPS,8.5,MTMLA>RUULU,05/01/2025 09:00:00,AIS,POINT (10.870233 55.505833),352002488_0,0 days 00:01:00,-1.2100812016645404e-05,144.7785202978963,0.0,0,4.81581729149539,55.505833,10.870233
2025-01-02 06:23:00,2025-01-02 06:23:00,Class A,352002488_0,55.4806,10.898433,Under way using engine,0.0,14.0,147.0,144.0,9419137,3E2642,SIKAR,Tanker,No additional information,44.0,250.0,GPS,8.5,MTMLA>RUULU,05/01/2025 09:00:00,AIS,POINT (10.898433 55.4806),352002488_0,0 days 00:08:00,2.2844940851818202e-06,147.64983899284437,0.0,0,4.789098207373597,55.4806,10.898433
2025-01-02 06:24:00,2025-01-02 06:24:00,Class A,352002488_0,55.477617,10.901967,Under way using engine,0.0,14.0,145.0,143.0,9419137,3E2642,SIKAR,Tanker,No additional information,44.0,250.0,GPS,8.5,MTMLA>RUULU,05/01/2025 09:00:00,AIS,POINT (10.901967 55.477617),352002488_0,0 days 00:01:00,-4.332091840834609e-06,146.12172493392734,0.0,0,4.78574955988986,55.477617,10.901967
2025-01-02 06:25:00,2025-01-02 06:25:00,Class A,352002488_0,55.474533,10.90585,Under way using engine,0.0,14.1,145.0,143.0,9419137,3E2642,SIKAR,Tanker,No additional information,44.0,250.0,GPS,8.5,MTMLA>RUULU,05/01/2025 09:00:00,AIS,POINT (10.90585 55.474533),352002488_0,0 days 00:01:00,6.06400648149835e-06,144.48737320122166,0.0,0,4.782060852304685,55.474533,10.90585
2025-01-02 06:26:00,2025-01-02 06:26:00,Class A,352002488_0,55.471317,10.909683,Under way using engine,0.0,14.1,145.0,143.0,9419137,3E2642,SIKAR,Tanker,No additional information,44.0,250.0,GPS,8.5,MTMLA>RUULU,05/01/2025 09:00:00,AIS,POINT (10.909683 55.471317),352002488_0,0 days 00:01:00,2.8523097605226626e-06,145.95793189861513,0.0,0,4.778432496253348,55.471317,10.909683
2025-01-02 06:27:00,2025-01-02 06:27:00,Class A,352002488_0,55.468583,10.912733,Under way using engine,0.0,14.2,145.0,143.0,9419137,3E2642,SIKAR,Tanker,No additional information,44.0,250.0,GPS,8.5,MTMLA>RUULU,05/01/2025 09:00:00,AIS,POINT (10.912733 55.468583),352002488_0,0 days 00:01:00,-2.0006314135885376e-05,147.6913471106452,0.0,0,4.775558017977167,55.468583,10.912733
2025-01-02 06:28:00,2025-01-02 06:28:00,Class A,352002488_0,55.4654,10.91685,Under way using engine,0.0,14.2,145.0,143.0,9419137,3E2642,SIKAR,Tanker,No additional information,44.0,250.0,GPS,8.5,MTMLA>RUULU,05/01/2025 09:00:00,AIS,POINT (10.91685 55.4654),352002488_0,0 days 00:01:00,2.2054971809260203e-05,143.7485779047999,0.0,0,4.771648740147162,55.4654,10.91685
2025-01-02 06:29:00,2025-01-02 06:29:00,Class A,352002488_0,55.461983,10.9211,Under way using engine,0.0,14.4,145.0,143.0,9419137,3E2642,SIKAR,Tanker,No additional information,44.0,250.0,GPS,8.5,MTMLA>RUULU,05/01/2025 09:00:00,AIS,POINT (10.9211 55.461983),352002488_0,0 days 00:01:00,7.240999992576443e-06,144.80925420528155,0.0,0,4.767624141440368,55.461983,10.9211
2025-01-02 06:30:00,2025-01-02 06:30:00,Class A,352002488_0,55.458717,10.925,Under way using engine,0.0,14.5,145.0,143.0,9419137,3E2642,SIKAR,Tanker,No additional information,44.0,250.0,GPS,8.5,MTMLA>RUULU,05/01/2025 09:00:00,AIS,POINT (10.925 55.458717),352002488_0,0 days 00:01:00,-7.337285268759741e-06,145.89887748714102,0.0,0,4.76394190036245,55.458717,10.925
2025-01-02 06:31:00,2025-01-02 06:31:00,Class A,352002488_0,55.4556,10.928783,Under way using engine,0.0,14.5,145.0,143.0,9419137,3E2642,SIKAR,Tanker,No additional information,44.0,250.0,GPS,8.5,MTMLA>RUULU,05/01/2025 09:00:00,AIS,POINT (10.928783 55.4556),352002488_0,0 days 00:01:00,-4.961021731732023e-06,145.4636170076011,0.0,0,4.760369267910737,55.4556,10.928783
2025-01-02 06:32:00,2025-01-02 06:32:00,Class A,352002488_0,55.452533,10.932567,Under way using engine,0.0,14.4,145.0,144.0,9419137,3E2642,SIKAR,Tanker,No additional information,44.0,250.0,GPS,8.5,MTMLA>RUULU,05/01/2025 09:00:00,AIS,POINT (10.932567 55.452533),352002488_0,0 days 00:01:00,-1.2565464798962745e-06,145.0204589239653,0.0,0,4.756794706417547,55.452533,10.932567
2025-01-02 06:33:00,2025-01-02 06:33:00,Class A,352002488_0,55.449433,10.936267,Under way using engine,0.0,14.3,145.0,144.0,9419137,3E2642,SIKAR,Tanker,No additional information,44.0,250.0,GPS,8.5,MTMLA>RUULU,05/01/2025 09:00:00,AIS,POINT (10.936267 55.449433),352002488_0,0 days 00:01:00,4.789553325300344e-09,145.90540659522503,0.0,0,4.7533084614194765,55.449433,10.936267
2025-01-02 06:34:00,2025-01-02 06:34:00,Class A,352002488_0,55.446333,10.939917,Under way using engine,0.0,14.2,146.0,145.0,9419137,3E2642,SIKAR,Tanker,No additional information,44.0,250.0,GPS,8.5,MTMLA>RUULU,05/01/2025 09:00:00,AIS,POINT (10.939917 55.446333),352002488_0,0 days 00:01:00,-4.882893514891306e-07,146.26428920413292,0.0,0,4.749874449435691,55.446333,10.939917
2025-01-02 06:35:00,2025-01-02 06:35:00,Class A,352002488_0,55.443233,10.9434,Under way using engine,0.0,14.1,146.0,145.0,9419137,3E2642,SIKAR,Tanker,No additional information,44.0,250.0,GPS,8.5,MTMLA>RUULU,05/01/2025 09:00:00,AIS,POINT (10.9434 55.443233),352002488_0,0 days 00:01:00,-1.603916044503684e-06,147.4901461858148,0.0,0,4.7466093970586,55.443233,10.9434
2025-01-02 06:39:00,2025-01-02 06:39:00,Class A,352002488_0,55.431233,10.957367,Under way using engine,0.0,13.6,145.0,145.0,9419137,3E2642,SIKAR,Tanker,No additional information,44.0,250.0,GPS,8.5,MTMLA>RUULU,05/01/2025 09:00:00,AIS,POINT (10.957367 55.431233),352002488_0,0 days 00:04:00,-6.256797107222009e-07,146.55746319067737,0.0,0,4.7335093479153505,55.431233,10.957367
2025-01-02 06:40:02,2025-01-02 06:40:02,Class A,352002488_0,55.428167,10.961017,Under way using engine,0.0,13.5,145.0,145.0,9419137,3E2642,SIKAR,Tanker,No additional information,44.0,250.0,GPS,8.5,MTMLA>RUULU,05/01/2025 09:00:00,AIS,POINT (10.961017 55.428167),352002488_0,0 days 00:01:02,-4.2868651742336853e-07,145.95961217320877,0.0,0,4.730086740683093,55.428167,10.961017
2025-01-02 06:41:02,2025-01-02 06:41:02,Class A,352002488_0,55.4253,10.9644,Under way using engine,0.0,13.3,146.0,145.0,9419137,3E2642,SIKAR,Tanker,No additional information,44.0,250.0,GPS,8.5,MTMLA>RUULU,05/01/2025 09:00:00,AIS,POINT (10.9644 55.4253),352002488_0,0 days 00:01:00,-4.031479037633808e-06,146.1927195027742,0.0,0,4.726918403087577,55.4253,10.9644
2025-01-02 06:42:02,2025-01-02 06:42:02,Class A,352002488_0,55.4224,10.967817,Under way using engine,0.0,13.3,145.0,145.0,9419137,3E2642,SIKAR,Tanker,No additional information,44.0,250.0,GPS,8.5,MTMLA>RUULU,05/01/2025 09:00:00,AIS,POINT (10.967817 55.4224),352002488_0,0 days 00:01:00,1.1830393790417665e-06,146.22902363551987,0.0,0,4.723720596331349,55.4224,10.967817
2025-01-02 06:43:02,2025-01-02 06:43:02,Class A,352002488_0,55.419733,10.971233,Under way using engine,0.0,13.2,145.0,145.0,9419137,3E2642,SIKAR,Tanker,No additional information,44.0,250.0,GPS,8.5,MTMLA>RUULU,05/01/2025 09:00:00,AIS,POINT (10.971233 55.419733),352002488_0,0 days 00:01:00,-5.914895636358588e-06,143.98409496020247,0.0,0,4.720508760596256,55.419733,10.971233
2025-01-02 06:44:02,2025-01-02 06:44:02,Class A,352002488_0,55.4171,10.974317,Under way using engine,0.0,13.1,145.0,145.0,9419137,3E2642,SIKAR,Tanker,No additional information,44.0,250.0,GPS,8.5,MTMLA>RUULU,05/01/2025 09:00:00,AIS,POINT (10.974317 55.4171),352002488_0,0 days 00:01:00,-4.200458134296914e-06,146.38283604509974,0.0,0,4.717627290959409,55.4171,10.974317
2025-01-02 06:45:02,2025-01-02 06:45:02,Class A,352002488_0,55.414117,10.97785,Under way using engine,0.0,13.1,145.0,145.0,9419137,3E2642,SIKAR,Tanker,No additional information,44.0,250.0,GPS,8.5,MTMLA>RUULU,05/01/2025 09:00:00,AIS,POINT (10.97785 55.414117),352002488_0,0 days 00:01:00,1.3390874679810816e-05,146.08654781433665,0.0,0,4.714325938872809,55.414117,10.97785
2025-01-02 06:46:02,2025-01-02 06:46:02,Class A,352002488_0,55.4113,10.981233,Under way using engine,0.0,13.2,145.0,145.0,9419137,3E2642,SIKAR,Tanker,No additional information,44.0,250.0,GPS,8.5,MTMLA>RUULU,05/01/2025 09:00:00,AIS,POINT (10.981233 55.4113),352002488_0,0 days 00:01:00,-5.727288832610263e-06,145.71567569738988,0.0,0,4.711163870963205,55.4113,10.981233
2025-01-02 06:47:01,2025-01-02 06:47:01,Class A,352002488_0,55.408483,10.984633,Under way using engine,0.0,13.1,145.0,145.0,9419137,3E2642,SIKAR,Tanker,No additional information,44.0,250.0,GPS,8.5,MTMLA>RUULU,05/01/2025 09:00:00,AIS,POINT (10.984633 55.408483),352002488_0,0 days 00:00:59,1.9958006854325936e-06,145.57997471149923,0.0,0,4.707986844912164,55.408483,10.984633
2025-01-02 06:48:01,2025-01-02 06:48:01,Class A,352002488_0,55.405583,10.988367,Under way using engine,0.0,13.1,145.0,146.0,9419137,3E2642,SIKAR,Tanker,No additional information,44.0,250.0,GPS,8.5,MTMLA>RUULU,05/01/2025 09:00:00,AIS,POINT (10.988367 55.405583),352002488_0,0 days 00:01:00,3.7058537609103325e-06,143.8309994537242,0.0,0,4.704485164712713,55.405583,10.988367
2025-01-02 06:49:01,2025-01-02 06:49:01,Class A,352002488_0,55.402417,10.99195,Under way using engine,0.0,13.1,145.0,146.0,9419137,3E2642,SIKAR,Tanker,No additional information,44.0,250.0,GPS,8.5,MTMLA>RUULU,05/01/2025 09:00:00,AIS,POINT (10.99195 55.402417),352002488_0,0 days 00:01:00,5.279117390674587e-06,147.27492102552156,0.0,0,4.701156763747515,55.402417,10.99195
2025-01-02 06:50:01,2025-01-02 06:50:01,Class A,352002488_0,55.39955,10.995517,Under way using engine,0.0,13.1,145.0,146.0,9419137,3E2642,SIKAR,Tanker,No additional information,44.0,250.0,GPS,8.5,MTMLA>RUULU,05/01/2025 09:00:00,AIS,POINT (10.995517 55.39955),352002488_0,0 days 00:01:00,-7.819115656701502e-06,144.75848945672885,0.0,0,4.697823466319802,55.39955,10.995517
2025-01-02 06:51:01,2025-01-02 06:51:01,Class A,352002488_0,55.396767,10.99835,Under way using engine,0.0,13.1,145.0,147.0,9419137,3E2642,SIKAR,Tanker,No additional information,44.0,250.0,GPS,8.5,MTMLA>RUULU,05/01/2025 09:00:00,AIS,POINT (10.99835 55.396767),352002488_0,0 days 00:01:00,-9.17067991083297e-06,149.96780028822798,0.0,0,4.695217371318286,55.396767,10.99835
2025-01-02 06:52:01,2025-01-02 06:52:01,Class A,352002488_0,55.393633,11.002383,Under way using engine,0.0,13.2,146.0,146.0,9419137,3E2642,SIKAR,Tanker,No additional information,44.0,250.0,GPS,8.5,MTMLA>RUULU,05/01/2025 09:00:00,AIS,POINT (11.002383 55.393633),352002488_0,0 days 00:01:00,2.066987541227341e-05,143.83823420720597,0.0,0,4.691444848409283,55.393633,11.002383
2025-01-02 06:53:02,2025-01-02 06:53:02,Class A,352002488_0,55.39085,11.005467,Under way using engine,0.0,13.3,146.0,146.0,9419137,3E2642,SIKAR,Tanker,No additional information,44.0,250.0,GPS,8.5,MTMLA>RUULU,05/01/2025 09:00:00,AIS,POINT (11.005467 55.39085),352002488_0,0 days 00:01:01,-1.9718835635639488e-05,147.81310319639158,0.0,0,4.688592674791126,55.39085,11.005467
2025-01-02 06:54:02,2025-01-02 06:54:02,Class A,352002488_0,55.3879,11.0089,Under way using engine,0.0,13.4,146.0,146.0,9419137,3E2642,SIKAR,Tanker,No additional information,44.0,250.0,GPS,8.5,MTMLA>RUULU,05/01/2025 09:00:00,AIS,POINT (11.0089 55.3879),352002488_0,0 days 00:01:00,9.343238128120617e-06,146.53413287239846,0.0,0,4.685408073481754,55.3879,11.0089
2025-01-02 06:55:02,2025-01-02 06:55:02,Class A,352002488_0,55.384717,11.01275,Under way using engine,0.0,13.4,145.0,146.0,9419137,3E2642,SIKAR,Tanker,No additional information,44.0,250.0,GPS,8.5,MTMLA>RUULU,05/01/2025 09:00:00,AIS,POINT (11.01275 55.384717),352002488_0,0 days 00:01:00,1.0083139114741062e-05,145.50648113672912,0.0,0,4.681829055351017,55.384717,11.01275
2025-01-02 07:09:02,2025-01-02 07:09:02,Class A,352002488_0,55.33735,11.030833,Under way using engine,0.0,13.9,184.0,183.0,9419137,3E2642,SIKAR,Tanker,No additional information,44.0,250.0,GPS,8.5,MTMLA>RUULU,05/01/2025 09:00:00,AIS,POINT (11.030833 55.33735),352002488_0,0 days 00:14:00,-8.883742711916292e-07,167.7494279478609,0.0,0,4.667921289328795,55.33735,11.030833
2025-01-02 07:10:00,2025-01-02 07:10:00,Class A,352002488_0,55.3337,11.03055,Under way using engine,0.0,14.2,180.0,180.0,9419137,3E2642,SIKAR,Tanker,No additional information,44.0,250.0,GPS,8.5,MTMLA>RUULU,05/01/2025 09:00:00,AIS,POINT (11.03055 55.3337),352002488_0,0 days 00:00:58,1.0144333368712699e-05,182.5251742450056,0.0,0,4.668539944666641,55.3337,11.03055
2025-01-02 07:11:00,2025-01-02 07:11:00,Class A,352002488_0,55.329783,11.030617,Under way using engine,0.0,14.3,178.0,180.0,9419137,3E2642,SIKAR,Tanker,No additional information,44.0,250.0,GPS,8.5,MTMLA>RUULU,05/01/2025 09:00:00,AIS,POINT (11.030617 55.329783),352002488_0,0 days 00:01:00,4.2563801473195335e-06,179.44251971137442,0.0,0,4.6688378794301695,55.329783,11.030617
2025-01-02 07:12:00,2025-01-02 07:12:00,Class A,352002488_0,55.326017,11.03075,Under way using engine,0.0,14.5,177.0,180.0,9419137,3E2642,SIKAR,Tanker,No additional information,44.0,250.0,GPS,8.5,MTMLA>RUULU,05/01/2025 09:00:00,AIS,POINT (11.03075 55.326017),352002488_0,0 days 00:01:00,-4.651887384719442e-06,178.8489977741765,0.0,0,4.669059133115472,55.326017,11.03075
2025-01-02 07:13:00,2025-01-02 07:13:00,Class A,352002488_0,55.321933,11.031167,Under way using engine,0.0,14.6,177.0,180.0,9419137,3E2642,SIKAR,Tanker,No additional information,44.0,250.0,GPS,8.5,MTMLA>RUULU,05/01/2025 09:00:00,AIS,POINT (11.031167 55.321933),352002488_0,0 days 00:01:00,1.0024277934426443e-05,176.67516165688085,0.0,0,4.669030963765608,55.321933,11.031167
2025-01-02 07:14:00,2025-01-02 07:14:00,Class A,352002488_0,55.317783,11.03135,Under way using engine,0.0,14.6,177.0,180.0,9419137,3E2642,SIKAR,Tanker,No additional information,44.0,250.0,GPS,8.5,MTMLA>RUULU,05/01/2025 09:00:00,AIS,POINT (11.03135 55.317783),352002488_0,0 days 00:01:00,1.8676674605179611e-06,178.5626406673498,0.0,0,4.669245661897112,55.317783,11.03135
2025-01-02 07:15:00,2025-01-02 07:15:00,Class A,352002488_0,55.314367,11.0316,Under way using engine,0.0,14.8,178.0,175.0,9419137,3E2642,SIKAR,Tanker,No additional information,44.0,250.0,GPS,8.5,MTMLA>RUULU,05/01/2025 09:00:00,AIS,POINT (11.0316 55.314367),352002488_0,0 days 00:01:00,-2.2647492983528178e-05,177.61514405463367,0.0,0,4.669326252301183,55.314367,11.0316
2025-01-02 07:16:00,2025-01-02 07:16:00,Class A,352002488_0,55.310167,11.032417,Under way using engine,0.0,14.9,169.0,161.0,9419137,3E2642,SIKAR,Tanker,No additional information,44.0,250.0,GPS,8.5,MTMLA>RUULU,05/01/2025 09:00:00,AIS,POINT (11.032417 55.310167),352002488_0,0 days 00:01:00,2.4949930942607485e-05,173.6825045510085,0.0,0,4.668921595784833,55.310167,11.032417
2025-01-02 07:17:00,2025-01-02 07:17:00,Class A,352002488_0,55.30625,11.0344,Under way using engine,0.0,14.7,159.0,150.0,9419137,3E2642,SIKAR,Tanker,No additional information,44.0,250.0,GPS,8.5,MTMLA>RUULU,05/01/2025 09:00:00,AIS,POINT (11.0344 55.30625),352002488_0,0 days 00:01:00,-4.599341788145177e-06,163.92533240055013,0.0,0,4.667332603762882,55.30625,11.0344
2025-01-02 07:18:00,2025-01-02 07:18:00,Class A,352002488_0,55.302733,11.037517,Under way using engine,0.0,14.5,152.0,150.0,9419137,3E2642,SIKAR,Tanker,No additional information,44.0,250.0,GPS,8.5,MTMLA>RUULU,05/01/2025 09:00:00,AIS,POINT (11.037517 55.302733),352002488_0,0 days 00:01:00,-4.2091829813424455e-06,153.22885350461877,0.0,0,4.664579050997207,55.302733,11.037517
2025-01-02 07:19:00,2025-01-02 07:19:00,Class A,352002488_0,55.2998,11.040233,Under way using engine,0.0,14.4,151.0,150.0,9419137,3E2642,SIKAR,Tanker,No additional information,44.0,250.0,GPS,8.5,MTMLA>RUULU,05/01/2025 09:00:00,AIS,POINT (11.040233 55.2998),352002488_0,0 days 00:01:00,-1.9290889948499764e-05,152.20318884544565,0.0,0,4.662169111590548,55.2998,11.040233
2025-01-02 07:20:00,2025-01-02 07:20:00,Class A,352002488_0,55.296583,11.043367,Under way using engine,0.0,14.4,150.0,150.0,9419137,3E2642,SIKAR,Tanker,No additional information,44.0,250.0,GPS,8.5,MTMLA>RUULU,05/01/2025 09:00:00,AIS,POINT (11.043367 55.296583),352002488_0,0 days 00:01:00,1.123810653289261e-05,150.98521008332324,0.0,0,4.659374107860626,55.296583,11.043367
2025-01-02 07:21:00,2025-01-02 07:21:00,Class A,352002488_0,55.2928,11.047067,Under way using engine,0.0,14.4,151.0,150.0,9419137,3E2642,SIKAR,Tanker,No additional information,44.0,250.0,GPS,8.5,MTMLA>RUULU,05/01/2025 09:00:00,AIS,POINT (11.047067 55.2928),352002488_0,0 days 00:01:00,2.015359254318685e-05,150.88662487633678,0.0,0,4.656076218942834,55.2928,11.047067
2025-01-02 07:22:00,2025-01-02 07:22:00,Class A,352002488_0,55.289783,11.049967,Under way using engine,0.0,14.6,149.0,149.0,9419137,3E2642,SIKAR,Tanker,No additional information,44.0,250.0,GPS,8.5,MTMLA>RUULU,05/01/2025 09:00:00,AIS,POINT (11.049967 55.289783),352002488_0,0 days 00:01:00,-2.7559523209030864e-05,151.30591359213702,0.0,0,4.653499279273824,55.289783,11.049967
2025-01-02 07:23:00,2025-01-02 07:23:00,Class A,352002488_0,55.286033,11.05365,Under way using engine,0.0,14.6,150.0,152.0,9419137,3E2642,SIKAR,Tanker,No additional information,44.0,250.0,GPS,8.5,MTMLA>RUULU,05/01/2025 09:00:00,AIS,POINT (11.05365 55.286033),352002488_0,0 days 00:01:00,2.6527717825036525e-05,150.78112671823396,0.0,0,4.6502215075569255,55.286033,11.05365
2025-01-02 07:24:00,2025-01-02 07:24:00,Class A,352002488_0,55.283,11.0563,Under way using engine,0.0,14.7,153.0,155.0,9419137,3E2642,SIKAR,Tanker,No additional information,44.0,250.0,GPS,8.5,MTMLA>RUULU,05/01/2025 09:00:00,AIS,POINT (11.0563 55.283),352002488_0,0 days 00:01:00,-2.813169638366499e-05,153.54459933966507,0.0,0,4.647900130408139,55.283,11.0563
2025-01-02 07:25:00,2025-01-02 07:25:00,Class A,352002488_0,55.279417,11.059383,Under way using engine,0.0,14.7,154.0,155.0,9419137,3E2642,SIKAR,Tanker,No additional information,44.0,250.0,GPS,8.5,MTMLA>RUULU,05/01/2025 09:00:00,AIS,POINT (11.059383 55.279417),352002488_0,0 days 00:01:00,1.8635786145046925e-05,153.8906555341713,0.0,0,4.645208088046218,55.279417,11.059383
2025-01-02 07:26:00,2025-01-02 07:26:00,Class A,352002488_0,55.2757,11.062167,Under way using engine,0.0,14.8,155.0,156.0,9419137,3E2642,SIKAR,Tanker,No additional information,44.0,250.0,GPS,8.5,MTMLA>RUULU,05/01/2025 09:00:00,AIS,POINT (11.062167 55.2757),352002488_0,0 days 00:01:00,1.5669828315085921e-06,156.89447778286478,0.0,0,4.642830783132743,55.2757,11.062167
2025-01-02 07:27:00,2025-01-02 07:27:00,Class A,352002488_0,55.271833,11.0654,Under way using engine,0.0,14.9,155.0,157.0,9419137,3E2642,SIKAR,Tanker,No additional information,44.0,250.0,GPS,8.5,MTMLA>RUULU,05/01/2025 09:00:00,AIS,POINT (11.0654 55.271833),352002488_0,0 days 00:01:00,7.496280175581888e-06,154.53207839880895,0.0,0,4.640026447925162,55.271833,11.0654
2025-01-02 07:28:00,2025-01-02 07:28:00,Class A,352002488_0,55.268533,11.06805,Under way using engine,0.0,14.9,156.0,157.0,9419137,3E2642,SIKAR,Tanker,No additional information,44.0,250.0,GPS,8.5,MTMLA>RUULU,05/01/2025 09:00:00,AIS,POINT (11.06805 55.268533),352002488_0,0 days 00:01:00,-2.0242661341051747e-05,155.41518491323416,0.0,0,4.637744621251262,55.268533,11.06805
2025-01-02 07:29:00,2025-01-02 07:29:00,Class A,352002488_0,55.264883,11.071017,Under way using engine,0.0,14.9,156.0,157.0,9419137,3E2642,SIKAR,Tanker,No additional information,44.0,250.0,GPS,8.5,MTMLA>RUULU,05/01/2025 09:00:00,AIS,POINT (11.071017 55.264883),352002488_0,0 days 00:01:00,1.2174699608590788e-05,155.1479302304382,0.0,0,4.63518824685708,55.264883,11.071017
2025-01-02 07:30:00,2025-01-02 07:30:00,Class A,352002488_0,55.26135,11.0737,Under way using engine,0.0,14.8,156.0,158.0,9419137,3E2642,SIKAR,Tanker,No additional information,44.0,250.0,GPS,8.5,MTMLA>RUULU,05/01/2025 09:00:00,AIS,POINT (11.0737 55.26135),352002488_0,0 days 00:01:00,-5.353137122564011e-06,156.5998402465425,0.0,0,4.632904789540574,55.26135,11.0737
2025-01-02 07:31:00,2025-01-02 07:31:00,Class A,352002488_0,55.257217,11.076217,Under way using engine,0.0,14.8,157.0,158.0,9419137,3E2642,SIKAR,Tanker,No additional information,44.0,250.0,GPS,8.5,MTMLA>RUULU,05/01/2025 09:00:00,AIS,POINT (11.076217 55.257217),352002488_0,0 days 00:01:00,1.6233256051567077e-05,160.85976969799094,0.0,0,4.6308553815667794,55.257217,11.076217
2025-01-02 07:32:00,2025-01-02 07:32:00,Class A,352002488_0,55.2539,11.078767,Under way using engine,0.0,14.8,156.0,158.0,9419137,3E2642,SIKAR,Tanker,No additional information,44.0,250.0,GPS,8.5,MTMLA>RUULU,05/01/2025 09:00:00,AIS,POINT (11.078767 55.2539),352002488_0,0 days 00:01:00,-2.3291539109926037e-05,156.3391211156146,0.0,0,4.628686914752931,55.2539,11.078767
2025-01-02 07:33:00,2025-01-02 07:33:00,Class A,352002488_0,55.250567,11.08115,Under way using engine,0.0,14.8,157.0,158.0,9419137,3E2642,SIKAR,Tanker,No additional information,44.0,250.0,GPS,8.5,MTMLA>RUULU,05/01/2025 09:00:00,AIS,POINT (11.08115 55.250567),352002488_0,0 days 00:01:00,-6.938243131956723e-07,157.82770580092574,0.0,0,4.626688957897322,55.250567,11.08115
2025-01-02 07:44:00,2025-01-02 07:44:00,Class A,352002488_0,55.2108,11.097367,Under way using engine,0.0,13.7,182.0,192.0,9419137,3E2642,SIKAR,Tanker,No additional information,44.0,250.0,GPS,8.5,MTMLA>RUULU,05/01/2025 09:00:00,AIS,POINT (11.097367 55.2108),352002488_0,0 days 00:11:00,3.143500451800816e-07,166.90145995884177,0.0,0,4.615191410548971,55.2108,11.097367
2025-01-02 07:45:00,2025-01-02 07:45:00,Class A,352002488_0,55.207667,11.0968,Under way using engine,0.0,13.7,189.0,203.0,9419137,3E2642,SIKAR,Tanker,No additional information,44.0,250.0,GPS,8.5,MTMLA>RUULU,05/01/2025 09:00:00,AIS,POINT (11.0968 55.207667),352002488_0,0 days 00:01:00,-1.7390371185128178e-05,185.8958086782234,0.0,0,4.6161324303175055,55.207667,11.0968
2025-01-02 07:46:00,2025-01-02 07:46:00,Class A,352002488_0,55.203867,11.0949,Under way using engine,0.0,13.5,202.0,215.0,9419137,3E2642,SIKAR,Tanker,No additional information,44.0,250.0,GPS,8.5,MTMLA>RUULU,05/01/2025 09:00:00,AIS,POINT (11.0949 55.203867),352002488_0,0 days 00:01:00,2.4818659182826744e-05,195.92504723142713,0.0,0,4.618479738899911,55.203867,11.0949
2025-01-02 07:57:00,2025-01-02 07:57:00,Class A,352002488_0,55.172533,11.05825,Under way using engine,0.0,13.3,214.0,220.0,9419137,3E2642,SIKAR,Tanker,No additional information,44.0,250.0,GPS,8.5,MTMLA>RUULU,05/01/2025 09:00:00,AIS,POINT (11.05825 55.172533),352002488_0,0 days 00:11:00,-1.4752799196215038e-06,213.74752243966967,0.0,0,4.658749291467078,55.172533,11.05825
2025-01-02 08:30:02,2025-01-02 08:30:02,Class A,352002488_0,55.053783,11.028317,Under way using engine,0.0,13.8,185.0,187.0,9419137,3E2642,SIKAR,Tanker,No additional information,44.0,250.0,GPS,8.5,MTMLA>RUULU,05/01/2025 09:00:00,AIS,POINT (11.028317 55.053783),352002488_0,0 days 00:33:02,1.9153802415185497e-07,188.2161863286672,0.0,0,4.7049551108381475,55.053783,11.028317
2025-01-02 08:31:02,2025-01-02 08:31:02,Class A,352002488_0,55.050417,11.027833,Under way using engine,0.0,13.8,185.0,187.0,9419137,3E2642,SIKAR,Tanker,No additional information,44.0,250.0,GPS,8.5,MTMLA>RUULU,05/01/2025 09:00:00,AIS,POINT (11.027833 55.050417),352002488_0,0 days 00:01:00,-7.878446680547998e-06,184.70890212387215,0.0,0,4.705944442962539,55.050417,11.027833
2025-01-02 08:32:02,2025-01-02 08:32:02,Class A,352002488_0,55.046633,11.02705,Under way using engine,0.0,13.7,185.0,187.0,9419137,3E2642,SIKAR,Tanker,No additional information,44.0,250.0,GPS,8.5,MTMLA>RUULU,05/01/2025 09:00:00,AIS,POINT (11.02705 55.046633),352002488_0,0 days 00:01:00,1.339480439373515e-05,186.76078922276255,0.0,0,4.707295404809965,55.046633,11.02705
2025-01-02 08:33:02,2025-01-02 08:33:02,Class A,352002488_0,55.04325,11.02645,Under way using engine,0.0,13.7,185.0,187.0,9419137,3E2642,SIKAR,Tanker,No additional information,44.0,250.0,GPS,8.5,MTMLA>RUULU,05/01/2025 09:00:00,AIS,POINT (11.02645 55.04325),352002488_0,0 days 00:01:00,-1.2682198839281832e-05,185.80238543474772,0.0,0,4.708406721689196,55.04325,11.02645
2025-01-02 08:34:02,2025-01-02 08:34:02,Class A,352002488_0,55.039517,11.02575,Under way using engine,0.0,13.6,186.0,187.0,9419137,3E2642,SIKAR,Tanker,No additional information,44.0,250.0,GPS,8.5,MTMLA>RUULU,05/01/2025 09:00:00,AIS,POINT (11.02575 55.039517),352002488_0,0 days 00:01:00,1.0949390345261973e-05,186.13286024485834,0.0,0,4.7096730888172065,55.039517,11.02575
2025-01-02 08:51:02,2025-01-02 08:51:02,Class A,352002488_0,54.9805,11.00025,Under way using engine,0.0,13.1,217.0,224.0,9419137,3E2642,SIKAR,Tanker,No additional information,44.0,250.0,GPS,8.5,MTMLA>RUULU,05/01/2025 09:00:00,AIS,POINT (11.00025 54.9805),352002488_0,0 days 00:17:00,-3.230222578865403e-07,193.92628891709268,0.0,0,4.744287294267497,54.9805,11.00025
2025-01-02 08:52:02,2025-01-02 08:52:02,Class A,352002488_0,54.977883,10.99635,Under way using engine,0.0,13.0,222.0,225.0,9419137,3E2642,SIKAR,Tanker,No additional information,44.0,250.0,GPS,8.5,MTMLA>RUULU,05/01/2025 09:00:00,AIS,POINT (10.99635 54.977883),352002488_0,0 days 00:01:00,-4.02892143640237e-06,220.53928832750137,0.0,0,4.74856730239185,54.977883,10.99635
2025-01-02 08:53:02,2025-01-02 08:53:02,Class A,352002488_0,54.975417,10.992383,Under way using engine,0.0,12.8,222.0,224.0,9419137,3E2642,SIKAR,Tanker,No additional information,44.0,250.0,GPS,8.5,MTMLA>RUULU,05/01/2025 09:00:00,AIS,POINT (10.992383 54.975417),352002488_0,0 days 00:01:00,-2.691951925804205e-06,222.71595859932276,0.0,0,4.752889032078278,54.975417,10.992383
2025-01-02 08:54:02,2025-01-02 08:54:02,Class A,352002488_0,54.972833,10.98825,Under way using engine,0.0,12.8,223.0,226.0,9419137,3E2642,SIKAR,Tanker,No additional information,44.0,250.0,GPS,8.5,MTMLA>RUULU,05/01/2025 09:00:00,AIS,POINT (10.98825 54.972833),352002488_0,0 days 00:01:00,4.687076767681484e-06,222.55372165343596,0.0,0,4.757394777958309,54.972833,10.98825
2025-01-02 08:55:02,2025-01-02 08:55:02,Class A,352002488_0,54.970367,10.984117,Under way using engine,0.0,12.8,224.0,227.0,9419137,3E2642,SIKAR,Tanker,No additional information,44.0,250.0,GPS,8.5,MTMLA>RUULU,05/01/2025 09:00:00,AIS,POINT (10.984117 54.970367),352002488_0,0 days 00:01:00,-2.6533053594467575e-06,223.89185221826529,0.0,0,4.761881523535209,54.970367,10.984117
2025-01-02 08:56:02,2025-01-02 08:56:02,Class A,352002488_0,54.968067,10.97965,Under way using engine,0.0,13.0,225.0,227.0,9419137,3E2642,SIKAR,Tanker,No additional information,44.0,250.0,GPS,8.5,MTMLA>RUULU,05/01/2025 09:00:00,AIS,POINT (10.97965 54.968067),352002488_0,0 days 00:01:00,7.204528204809123e-07,228.1100450138411,0.0,0,4.766670382156607,54.968067,10.97965
2025-01-02 08:57:00,2025-01-02 08:57:00,Class A,352002488_0,54.966,10.976033,Under way using engine,0.0,13.0,225.0,227.0,9419137,3E2642,SIKAR,Tanker,No additional information,44.0,250.0,GPS,8.5,MTMLA>RUULU,05/01/2025 09:00:00,AIS,POINT (10.976033 54.966),352002488_0,0 days 00:00:58,-1.3262000519334661e-05,225.13050528929628,0.0,0,4.7705826816300965,54.966,10.976033
2025-01-02 09:03:02,2025-01-02 09:03:02,Class A,352002488_0,54.950367,10.949033,Under way using engine,0.0,13.5,225.0,227.0,9419137,3E2642,SIKAR,Tanker,No additional information,44.0,250.0,GPS,8.5,MTMLA>RUULU,05/01/2025 09:00:00,AIS,POINT (10.949033 54.950367),352002488_0,0 days 00:06:02,3.172393523457872e-06,224.7712802084419,0.0,0,4.7998350743801605,54.950367,10.949033
2025-01-02 09:04:02,2025-01-02 09:04:02,Class A,352002488_0,54.947783,10.9445,Under way using engine,0.0,13.5,225.0,226.0,9419137,3E2642,SIKAR,Tanker,No additional information,44.0,250.0,GPS,8.5,MTMLA>RUULU,05/01/2025 09:00:00,AIS,POINT (10.9445 54.947783),352002488_0,0 days 00:01:00,5.863120882075954e-07,225.21526498495186,0.0,0,4.804741709108305,54.947783,10.9445
2025-01-02 09:05:02,2025-01-02 09:05:02,Class A,352002488_0,54.945217,10.94025,Under way using engine,0.0,13.5,222.0,223.0,9419137,3E2642,SIKAR,Tanker,No additional information,44.0,250.0,GPS,8.5,MTMLA>RUULU,05/01/2025 09:00:00,AIS,POINT (10.94025 54.945217),352002488_0,0 days 00:01:00,-3.922019312312062e-06,223.57105332257882,0.0,0,4.809367080867189,54.945217,10.94025
2025-01-02 09:06:02,2025-01-02 09:06:02,Class A,352002488_0,54.94245,10.9361,Under way using engine,0.0,13.5,221.0,223.0,9419137,3E2642,SIKAR,Tanker,No additional information,44.0,250.0,GPS,8.5,MTMLA>RUULU,05/01/2025 09:00:00,AIS,POINT (10.9361 54.94245),352002488_0,0 days 00:01:00,3.411227826851087e-06,220.7454448927295,0.0,0,4.8139290005304405,54.94245,10.9361
2025-01-02 09:15:00,2025-01-02 09:15:00,Class A,352002488_0,54.917717,10.898317,Under way using engine,0.0,13.9,217.0,211.0,9419137,3E2642,SIKAR,Tanker,No additional information,44.0,250.0,GPS,8.5,MTMLA>RUULU,05/01/2025 09:00:00,AIS,POINT (10.898317 54.917717),352002488_0,0 days 00:08:58,6.241921451415343e-08,221.29024321373254,0.0,0,4.85542059555977,54.917717,10.898317
2025-01-02 09:33:02,2025-01-02 09:33:02,Class A,352002488_0,54.855683,10.870267,Under way using engine,0.0,13.7,193.0,194.0,9419137,3E2642,SIKAR,Tanker,No additional information,44.0,250.0,GPS,8.5,MTMLA>RUULU,05/01/2025 09:00:00,AIS,POINT (10.870267 54.855683),352002488_0,0 days 00:18:02,-2.0377023769643233e-07,194.5903476580966,0.0,0,4.894203721894094,54.855683,10.870267
2025-01-02 09:34:02,2025-01-02 09:34:02,Class A,352002488_0,54.85205,10.86875,Under way using engine,0.0,13.7,193.0,194.0,9419137,3E2642,SIKAR,Tanker,No additional information,44.0,250.0,GPS,8.5,MTMLA>RUULU,05/01/2025 09:00:00,AIS,POINT (10.86875 54.85205),352002488_0,0 days 00:01:00,5.6282085854608095e-06,193.51666223565468,0.0,0,4.896371335473648,54.85205,10.86875
2025-01-02 09:46:03,2025-01-02 09:46:03,Class A,352002488_0,54.8094,10.860567,Under way using engine,0.0,13.3,181.0,182.0,9419137,3E2642,SIKAR,Tanker,No additional information,44.0,250.0,GPS,8.5,MTMLA>RUULU,05/01/2025 09:00:00,AIS,POINT (10.860567 54.8094),352002488_0,0 days 00:12:01,-4.271993549697045e-07,186.30965610565036,0.0,0,4.912540439650855,54.8094,10.860567
2025-01-02 09:47:03,2025-01-02 09:47:03,Class A,352002488_0,54.805733,10.860417,Under way using engine,0.0,13.4,181.0,182.0,9419137,3E2642,SIKAR,Tanker,No additional information,44.0,250.0,GPS,8.5,MTMLA>RUULU,05/01/2025 09:00:00,AIS,POINT (10.860417 54.805733),352002488_0,0 days 00:01:00,3.001571252558135e-06,181.35054562650635,0.0,0,4.913403192208229,54.805733,10.860417
2025-01-02 09:48:03,2025-01-02 09:48:03,Class A,352002488_0,54.8021,10.860333,Under way using engine,0.0,13.4,181.0,182.0,9419137,3E2642,SIKAR,Tanker,No additional information,44.0,250.0,GPS,8.5,MTMLA>RUULU,05/01/2025 09:00:00,AIS,POINT (10.860333 54.8021),352002488_0,0 days 00:01:00,-1.0730500072599533e-06,180.76354839515074,0.0,0,4.914197145706407,54.8021,10.860333
2025-01-02 09:49:03,2025-01-02 09:49:03,Class A,352002488_0,54.798483,10.8601,Under way using engine,0.0,13.5,181.0,182.0,9419137,3E2642,SIKAR,Tanker,No additional information,44.0,250.0,GPS,8.5,MTMLA>RUULU,05/01/2025 09:00:00,AIS,POINT (10.8601 54.798483),352002488_0,0 days 00:01:00,-4.274165229201706e-07,182.1266459328206,0.0,0,4.915136589459647,54.798483,10.8601
2025-01-02 09:50:03,2025-01-02 09:50:03,Class A,352002488_0,54.794917,10.85995,Under way using engine,0.0,13.5,182.0,182.0,9419137,3E2642,SIKAR,Tanker,No additional information,44.0,250.0,GPS,8.5,MTMLA>RUULU,05/01/2025 09:00:00,AIS,POINT (10.85995 54.794917),352002488_0,0 days 00:01:00,-1.621962534578547e-06,181.3891539799026,0.0,0,4.9159870844347235,54.794917,10.85995
2025-01-02 09:52:03,2025-01-02 09:52:03,Class A,352002488_0,54.787533,10.85995,Under way using engine,0.0,13.6,179.0,180.0,9419137,3E2642,SIKAR,Tanker,No additional information,44.0,250.0,GPS,8.5,MTMLA>RUULU,05/01/2025 09:00:00,AIS,POINT (10.85995 54.787533),352002488_0,0 days 00:02:00,1.931764216250174e-06,180.0,0.0,0,4.917451559247432,54.787533,10.85995
2025-01-02 10:09:00,2025-01-02 10:09:00,Class A,352002488_0,54.726417,10.860067,Under way using engine,0.0,13.5,180.0,180.0,9419137,3E2642,SIKAR,Tanker,No additional information,44.0,250.0,GPS,8.5,MTMLA>RUULU,05/01/2025 09:00:00,AIS,POINT (10.860067 54.726417),352002488_0,0 days 00:16:57,-1.5753789244991266e-07,179.9366580568893,0.0,0,4.929866284777509,54.726417,10.860067
2025-01-02 11:07:02,2025-01-02 11:07:02,Class A,352002488_0,54.610517,11.096167,Under way using engine,0.0,13.0,120.0,122.0,9419137,3E2642,SIKAR,Tanker,No additional information,44.0,250.0,GPS,8.5,MTMLA>RUULU,05/01/2025 09:00:00,AIS,POINT (11.096167 54.610517),352002488_0,0 days 00:58:02,-2.747146068176476e-07,130.22979726699697,0.0,0,4.726342945511466,54.610517,11.096167
2025-01-02 12:00:00,2025-01-02 12:00:00,Class A,352002488_0,54.523183,11.387333,Under way using engine,0.0,13.9,116.0,118.0,9419137,3E2642,SIKAR,Tanker,No additional information,44.0,250.0,GPS,8.5,MTMLA>RUULU,05/01/2025 09:00:00,AIS,POINT (11.387333 54.523183),352002488_0,0 days 00:52:58,2.945072267014023e-07,117.23694558291805,0.0,0,4.468096070841136,54.523183,11.387333
2025-01-02 12:01:00,2025-01-02 12:01:00,Class A,352002488_0,54.521533,11.3931,Under way using engine,0.0,13.9,116.0,118.0,9419137,3E2642,SIKAR,Tanker,No additional information,44.0,250.0,GPS,8.5,MTMLA>RUULU,05/01/2025 09:00:00,AIS,POINT (11.3931 54.521533),352002488_0,0 days 00:01:00,4.446505236858925e-06,116.2394173185275,0.0,0,4.463017018301073,54.521533,11.3931
2025-01-02 12:09:00,2025-01-02 12:09:00,Class A,352002488_0,54.508667,11.438517,Under way using engine,0.0,13.9,116.0,118.0,9419137,3E2642,SIKAR,Tanker,No additional information,44.0,250.0,GPS,8.5,MTMLA>RUULU,05/01/2025 09:00:00,AIS,POINT (11.438517 54.508667),352002488_0,0 days 00:08:00,-2.5040333125270506e-07,115.99449489720558,0.0,0,4.423061815573687,54.508667,11.438517
2025-01-02 12:20:00,2025-01-02 12:20:00,Class A,352002488_0,54.49015,11.50155,Under way using engine,0.0,14.1,116.0,118.0,9419137,3E2642,SIKAR,Tanker,No additional information,44.0,250.0,GPS,8.5,MTMLA>RUULU,05/01/2025 09:00:00,AIS,POINT (11.50155 54.49015),352002488_0,0 days 00:11:00,1.7487862271119464e-07,116.8080003948188,0.0,0,4.368041765098864,54.49015,11.50155
2025-01-02 12:21:00,2025-01-02 12:21:00,Class A,352002488_0,54.488483,11.507267,Under way using engine,0.0,14.0,116.0,118.0,9419137,3E2642,SIKAR,Tanker,No additional information,44.0,250.0,GPS,8.5,MTMLA>RUULU,05/01/2025 09:00:00,AIS,POINT (11.507267 54.488483),352002488_0,0 days 00:01:00,-4.18084615119935e-07,116.65412040320587,0.0,0,4.363062488092738,54.488483,11.507267
2025-01-02 12:22:00,2025-01-02 12:22:00,Class A,352002488_0,54.4868,11.512983,Under way using engine,0.0,14.0,116.0,118.0,9419137,3E2642,SIKAR,Tanker,No additional information,44.0,250.0,GPS,8.5,MTMLA>RUULU,05/01/2025 09:00:00,AIS,POINT (11.512983 54.4868),352002488_0,0 days 00:01:00,2.1008386608214502e-07,116.8772868598387,0.0,0,4.35809131295674,54.4868,11.512983
2025-01-02 12:23:00,2025-01-02 12:23:00,Class A,352002488_0,54.485083,11.5188,Under way using engine,0.0,14.0,116.0,118.0,9419137,3E2642,SIKAR,Tanker,No additional information,44.0,250.0,GPS,8.5,MTMLA>RUULU,05/01/2025 09:00:00,AIS,POINT (11.5188 54.485083),352002488_0,0 days 00:01:00,2.100886006405544e-06,116.93374954536529,0.0,0,4.3530360985230745,54.485083,11.5188
2025-01-02 12:27:00,2025-01-02 12:27:00,Class A,352002488_0,54.478283,11.54125,Under way using engine,0.0,14.0,117.0,118.0,9419137,3E2642,SIKAR,Tanker,No additional information,44.0,250.0,GPS,8.5,MTMLA>RUULU,05/01/2025 09:00:00,AIS,POINT (11.54125 54.478283),352002488_0,0 days 00:04:00,-8.764468794617356e-07,117.52693514488215,0.0,0,4.333601968541298,54.478283,11.54125
2025-01-02 12:30:00,2025-01-02 12:30:00,Class A,352002488_0,54.473217,11.558117,Under way using engine,0.0,13.9,116.0,117.0,9419137,3E2642,SIKAR,Tanker,No additional information,44.0,250.0,GPS,8.5,MTMLA>RUULU,05/01/2025 09:00:00,AIS,POINT (11.558117 54.473217),352002488_0,0 days 00:03:00,3.0073249135022472e-09,117.32807321907325,0.0,0,4.319014263369133,54.473217,11.558117
2025-01-02 12:33:00,2025-01-02 12:33:00,Class A,352002488_0,54.46835,11.574867,Under way using engine,0.0,13.8,116.0,117.0,9419137,3E2642,SIKAR,Tanker,No additional information,44.0,250.0,GPS,8.5,MTMLA>RUULU,05/01/2025 09:00:00,AIS,POINT (11.574867 54.46835),352002488_0,0 days 00:03:00,-5.144648581773253e-07,116.55887854586939,0.0,0,4.332572107488344,54.46835,11.574867
2025-01-02 13:03:00,2025-01-02 13:03:00,Class A,352002488_0,54.421033,11.74205,Under way using engine,0.0,13.5,115.0,116.0,9419137,3E2642,SIKAR,Tanker,No additional information,44.0,250.0,GPS,8.5,MTMLA>RUULU,05/01/2025 09:00:00,AIS,POINT (11.74205 54.421033),352002488_0,0 days 00:30:00,-2.431499607041819e-08,115.88533535374415,0.0,0,4.489038946098374,54.421033,11.74205
2025-01-02 14:10:01,2025-01-02 14:10:01,Class A,352002488_0,54.4042,12.1501,Under way using engine,0.0,13.5,84.0,73.0,9419137,3E2642,SIKAR,Tanker,No additional information,44.0,250.0,GPS,8.5,MTMLA>RUULU,05/01/2025 09:00:00,AIS,POINT (12.1501 54.4042),352002488_0,0 days 01:07:01,-2.3222240896656347e-08,93.88881084698676,67.0,1,4.814430176005151,54.4042,12.1501
2025-01-02 14:17:00,2025-01-02 14:17:00,Class A,352002488_0,54.415433,12.185683,Under way using engine,0.0,13.0,50.0,50.0,9419137,3E2642,SIKAR,Tanker,No additional information,44.0,250.0,GPS,8.5,MTMLA>RUULU,05/01/2025 09:00:00,AIS,POINT (12.185683 54.415433),352002488_0,0 days 00:06:59,-8.001529740883093e-07,61.50887168894667,0.0,0,4.835627059679954,54.415433,12.185683
2025-01-02 14:34:02,2025-01-02 14:34:02,Class A,352002488_0,54.46225,12.251733,Under way using engine,0.0,13.4,19.0,19.0,9419137,3E2642,SIKAR,Tanker,No additional information,44.0,250.0,GPS,8.5,MTMLA>RUULU,05/01/2025 09:00:00,AIS,POINT (12.251733 54.46225),352002488_0,0 days 00:17:02,3.2497644696725256e-07,39.3416195553753,0.0,0,4.859898498142735,54.46225,12.251733
2025-01-02 15:44:00,2025-01-02 15:44:00,Class A,352002488_0,54.66135,12.494433,Under way using engine,0.0,13.7,54.0,56.0,9419137,3E2642,SIKAR,Tanker,No additional information,44.0,250.0,GPS,8.5,MTMLA>RUULU,05/01/2025 09:00:00,AIS,POINT (12.494433 54.66135),352002488_0,0 days 01:09:58,-3.1466226115320946e-08,35.153763874003744,70.0,1,4.944535477701622,54.66135,12.494433
2025-01-02 15:49:01,2025-01-02 15:49:01,Class A,352002488_0,54.672233,12.521167,Under way using engine,0.0,14.0,55.0,56.0,9419137,3E2642,SIKAR,Tanker,No additional information,44.0,250.0,GPS,8.5,MTMLA>RUULU,05/01/2025 09:00:00,AIS,POINT (12.521167 54.672233),352002488_0,0 days 00:05:01,1.7710414302896952e-06,54.847531604091614,0.0,0,4.960988585639461,54.672233,12.521167
2025-01-02 15:50:01,2025-01-02 15:50:01,Class A,352002488_0,54.674333,12.5259,Under way using engine,0.0,14.0,55.0,56.0,9419137,3E2642,SIKAR,Tanker,No additional information,44.0,250.0,GPS,8.5,MTMLA>RUULU,05/01/2025 09:00:00,AIS,POINT (12.5259 54.674333),352002488_0,0 days 00:01:00,-9.895706838700749e-06,52.49835003124309,0.0,0,4.963819112063615,54.674333,12.5259
2025-01-02 15:52:01,2025-01-02 15:52:01,Class A,352002488_0,54.678517,12.536817,Under way using engine,0.0,13.9,55.0,56.0,9419137,3E2642,SIKAR,Tanker,No additional information,44.0,250.0,GPS,8.5,MTMLA>RUULU,05/01/2025 09:00:00,AIS,POINT (12.536817 54.678517),352002488_0,0 days 00:02:00,5.2232773394789545e-06,56.45713966565842,0.0,0,4.970719753959682,54.678517,12.536817
2025-01-02 15:53:01,2025-01-02 15:53:01,Class A,352002488_0,54.68065,12.542183,Under way using engine,0.0,13.9,55.0,56.0,9419137,3E2642,SIKAR,Tanker,No additional information,44.0,250.0,GPS,8.5,MTMLA>RUULU,05/01/2025 09:00:00,AIS,POINT (12.542183 54.68065),352002488_0,0 days 00:01:00,-6.726112418022964e-07,55.487553997638486,0.0,0,4.9740768130629025,54.68065,12.542183
2025-01-02 15:55:00,2025-01-02 15:55:00,Class A,352002488_0,54.6847,12.552333,Under way using engine,0.0,14.0,54.0,56.0,9419137,3E2642,SIKAR,Tanker,No additional information,44.0,250.0,GPS,8.5,MTMLA>RUULU,05/01/2025 09:00:00,AIS,POINT (12.552333 54.6847),352002488_0,0 days 00:01:59,-2.6553617417926298e-06,55.381942130880134,0.0,0,4.980430664335165,54.6847,12.552333
2025-01-02 15:56:00,2025-01-02 15:56:00,Class A,352002488_0,54.68695,12.557767,Under way using engine,0.0,13.9,55.0,56.0,9419137,3E2642,SIKAR,Tanker,No additional information,44.0,250.0,GPS,8.5,MTMLA>RUULU,05/01/2025 09:00:00,AIS,POINT (12.557767 54.68695),352002488_0,0 days 00:01:00,8.327618108711352e-06,54.38404660763365,0.0,0,4.983794806248145,54.68695,12.557767
2025-01-02 15:58:00,2025-01-02 15:58:00,Class A,352002488_0,54.691433,12.568867,Under way using engine,0.0,13.8,55.0,56.0,9419137,3E2642,SIKAR,Tanker,No additional information,44.0,250.0,GPS,8.5,MTMLA>RUULU,05/01/2025 09:00:00,AIS,POINT (12.568867 54.691433),352002488_0,0 days 00:02:00,7.697520500083297e-07,55.05232625926942,0.0,0,4.990741922264162,54.691433,12.568867
2025-01-02 15:59:00,2025-01-02 15:59:00,Class A,352002488_0,54.69325,12.573667,Under way using engine,0.0,13.9,54.0,56.0,9419137,3E2642,SIKAR,Tanker,No additional information,44.0,250.0,GPS,8.5,MTMLA>RUULU,05/01/2025 09:00:00,AIS,POINT (12.573667 54.69325),352002488_0,0 days 00:01:00,-1.8487135457245394e-05,56.775082977439695,0.0,0,4.993817183476585,54.69325,12.573667
2025-01-02 16:00:01,2025-01-02 16:00:01,Class A,352002488_0,54.695783,12.5796,Under way using engine,0.0,13.8,55.0,56.0,9419137,3E2642,SIKAR,Tanker,No additional information,44.0,250.0,GPS,8.5,MTMLA>RUULU,05/01/2025 09:00:00,AIS,POINT (12.5796 54.695783),352002488_0,0 days 00:01:01,2.669550752706866e-05,53.54346487065476,0.0,0,4.997469281625251,54.695783,12.5796
2025-01-02 16:01:01,2025-01-02 16:01:01,Class A,352002488_0,54.697667,12.5843,Under way using engine,0.0,13.8,55.0,56.0,9419137,3E2642,SIKAR,Tanker,No additional information,44.0,250.0,GPS,8.5,MTMLA>RUULU,05/01/2025 09:00:00,AIS,POINT (12.5843 54.697667),352002488_0,0 days 00:01:00,-2.747798592539205e-05,55.25179011927003,0.0,0,5.00043195971588,54.697667,12.5843
2025-01-02 16:02:01,2025-01-02 16:02:01,Class A,352002488_0,54.699833,12.589717,Under way using engine,0.0,13.9,55.0,56.0,9419137,3E2642,SIKAR,Tanker,No additional information,44.0,250.0,GPS,8.5,MTMLA>RUULU,05/01/2025 09:00:00,AIS,POINT (12.589717 54.699833),352002488_0,0 days 00:01:00,1.551773731374983e-05,55.31706817497576,0.0,0,5.003853672405401,54.699833,12.589717
2025-01-02 16:03:01,2025-01-02 16:03:01,Class A,352002488_0,54.701867,12.595017,Under way using engine,0.0,13.9,55.0,56.0,9419137,3E2642,SIKAR,Tanker,No additional information,44.0,250.0,GPS,8.5,MTMLA>RUULU,05/01/2025 09:00:00,AIS,POINT (12.595017 54.701867),352002488_0,0 days 00:01:00,-4.026712855036242e-06,56.407885614333054,0.0,0,5.007251227160967,54.701867,12.595017
2025-01-02 16:04:00,2025-01-02 16:04:00,Class A,352002488_0,54.703733,12.599583,Under way using engine,0.0,13.9,55.0,56.0,9419137,3E2642,SIKAR,Tanker,No additional information,44.0,250.0,GPS,8.5,MTMLA>RUULU,05/01/2025 09:00:00,AIS,POINT (12.599583 54.703733),352002488_0,0 days 00:00:59,-1.2295790146222333e-05,54.72753639105116,0.0,0,5.010121028289538,54.703733,12.599583
2025-01-02 16:05:01,2025-01-02 16:05:01,Class A,352002488_0,54.706217,12.605733,Under way using engine,0.0,13.9,55.0,56.0,9419137,3E2642,SIKAR,Tanker,No additional information,44.0,250.0,GPS,8.5,MTMLA>RUULU,05/01/2025 09:00:00,AIS,POINT (12.605733 54.706217),352002488_0,0 days 00:01:01,2.9797095632842685e-05,55.04197681513995,0.0,0,5.014007065239238,54.706217,12.605733
2025-01-02 16:06:01,2025-01-02 16:06:01,Class A,352002488_0,54.70835,12.61115,Under way using engine,0.0,14.0,55.0,56.0,9419137,3E2642,SIKAR,Tanker,No additional information,44.0,250.0,GPS,8.5,MTMLA>RUULU,05/01/2025 09:00:00,AIS,POINT (12.61115 54.70835),352002488_0,0 days 00:01:00,-1.4769656751398774e-05,55.72192901239373,0.0,0,5.017463865572824,54.70835,12.61115
2025-01-02 16:09:00,2025-01-02 16:09:00,Class A,352002488_0,54.714717,12.627067,Under way using engine,0.0,14.0,55.0,56.0,9419137,3E2642,SIKAR,Tanker,No additional information,44.0,250.0,GPS,8.5,MTMLA>RUULU,05/01/2025 09:00:00,AIS,POINT (12.627067 54.714717),352002488_0,0 days 00:02:59,-4.002030793086735e-07,55.293588392705146,0.0,0,5.027593796559643,54.714717,12.627067
2025-01-02 16:21:00,2025-01-02 16:21:00,Class A,352002488_0,54.739383,12.693667,Under way using engine,0.0,13.9,58.0,60.0,9419137,3E2642,SIKAR,Tanker,No additional information,44.0,250.0,GPS,8.5,MTMLA>RUULU,05/01/2025 09:00:00,AIS,POINT (12.693667 54.739383),352002488_0,0 days 00:12:00,1.5181493774638857e-07,57.29883723341288,0.0,0,5.071413298060514,54.739383,12.693667
2025-01-02 16:22:01,2025-01-02 16:22:01,Class A,352002488_0,54.740767,12.69835,Under way using engine,0.0,14.0,59.0,60.0,9419137,3E2642,SIKAR,Tanker,No additional information,44.0,250.0,GPS,8.5,MTMLA>RUULU,05/01/2025 09:00:00,AIS,POINT (12.69835 54.740767),352002488_0,0 days 00:01:01,-2.4967778159689788e-05,62.88829273229533,0.0,0,5.074699272552809,54.740767,12.69835
2025-01-02 16:30:02,2025-01-02 16:30:02,Class A,352002488_0,54.755,12.744417,Under way using engine,0.0,13.9,62.0,70.0,9419137,3E2642,SIKAR,Tanker,No additional information,44.0,250.0,GPS,8.5,MTMLA>RUULU,05/01/2025 09:00:00,AIS,POINT (12.744417 54.755),352002488_0,0 days 00:08:01,2.992880659971655e-06,61.82096638106685,0.0,0,5.106842922294163,54.755,12.744417
2025-01-02 16:38:02,2025-01-02 16:38:02,Class A,352002488_0,54.76435,12.792983,Under way using engine,0.0,13.7,72.0,74.0,9419137,3E2642,SIKAR,Tanker,No additional information,44.0,250.0,GPS,8.5,MTMLA>RUULU,05/01/2025 09:00:00,AIS,POINT (12.792983 54.76435),352002488_0,0 days 00:08:00,-2.643188243543528e-07,71.52862024151295,0.0,0,5.143866107438062,54.76435,12.792983
2025-01-02 17:10:00,2025-01-02 17:10:00,Class A,352002488_0,54.8016,12.990217,Under way using engine,0.0,14.1,70.0,74.0,9419137,3E2642,SIKAR,Tanker,No additional information,44.0,250.0,GPS,8.5,MTMLA>RUULU,05/01/2025 09:00:00,AIS,POINT (12.990217 54.8016),352002488_0,0 days 00:31:58,4.978590814792555e-08,71.78575038256736,0.0,0,5.29666017480695,54.8016,12.990217
2025-01-02 17:28:02,2025-01-02 17:28:02,Class A,352002488_0,54.823733,13.103283,Under way using engine,0.0,14.2,74.0,77.0,9419137,3E2642,SIKAR,Tanker,No additional information,44.0,250.0,GPS,8.5,MTMLA>RUULU,05/01/2025 09:00:00,AIS,POINT (13.103283 54.823733),352002488_0,0 days 00:18:02,1.2318208442768569e-07,71.19115765730646,0.0,0,5.385300797272982,54.823733,13.103283
2025-01-02 17:29:02,2025-01-02 17:29:02,Class A,352002488_0,54.824683,13.1102,Under way using engine,0.0,14.1,71.0,73.0,9419137,3E2642,SIKAR,Tanker,No additional information,44.0,250.0,GPS,8.5,MTMLA>RUULU,05/01/2025 09:00:00,AIS,POINT (13.1102 54.824683),352002488_0,0 days 00:01:00,8.711355375985155e-06,76.58780961675791,0.0,0,5.3909469976608015,54.824683,13.1102
2025-01-02 17:35:02,2025-01-02 17:35:02,Class A,352002488_0,54.832667,13.14765,Under way using engine,0.0,14.2,70.0,73.0,9419137,3E2642,SIKAR,Tanker,No additional information,44.0,250.0,GPS,8.5,MTMLA>RUULU,05/01/2025 09:00:00,AIS,POINT (13.14765 54.832667),352002488_0,0 days 00:06:00,-1.3601071088428014e-06,69.67476956296184,0.0,0,5.420239664410422,54.832667,13.14765
2025-01-02 18:02:03,2025-01-02 18:02:03,Class A,352002488_0,54.865567,13.317467,Under way using engine,0.0,14.4,71.0,73.0,9419137,3E2642,SIKAR,Tanker,No additional information,44.0,250.0,GPS,8.5,MTMLA>RUULU,05/01/2025 09:00:00,AIS,POINT (13.317467 54.865567),352002488_0,0 days 00:27:01,-1.7529770790665666e-08,71.33211941727512,0.0,0,5.5559304797940925,54.865567,13.317467
2025-01-02 18:03:03,2025-01-02 18:03:03,Class A,352002488_0,54.866817,13.323867,Under way using engine,0.0,14.4,71.0,73.0,9419137,3E2642,SIKAR,Tanker,No additional information,44.0,250.0,GPS,8.5,MTMLA>RUULU,05/01/2025 09:00:00,AIS,POINT (13.323867 54.866817),352002488_0,0 days 00:01:00,2.2064100774690413e-06,71.25089350923838,0.0,0,5.561080272033934,54.866817,13.323867
2025-01-02 18:05:03,2025-01-02 18:05:03,Class A,352002488_0,54.869267,13.336317,Under way using engine,0.0,14.4,71.0,73.0,9419137,3E2642,SIKAR,Tanker,No additional information,44.0,250.0,GPS,8.5,MTMLA>RUULU,05/01/2025 09:00:00,AIS,POINT (13.336317 54.869267),352002488_0,0 days 00:02:00,-1.6043605711415505e-06,71.11606504250324,0.0,0,5.571098210308717,54.869267,13.336317
2025-01-02 18:13:02,2025-01-02 18:13:02,Class A,352002488_0,54.8789,13.385967,Under way using engine,0.0,14.4,71.0,73.0,9419137,3E2642,SIKAR,Tanker,No additional information,44.0,250.0,GPS,8.5,MTMLA>RUULU,05/01/2025 09:00:00,AIS,POINT (13.385967 54.8789),352002488_0,0 days 00:07:59,-3.7046814751008813e-08,71.34544875494203,0.0,0,5.611217829080066,54.8789,13.385967
2025-01-02 18:14:02,2025-01-02 18:14:02,Class A,352002488_0,54.8801,13.392233,Under way using engine,0.0,14.4,71.0,73.0,9419137,3E2642,SIKAR,Tanker,No additional information,44.0,250.0,GPS,8.5,MTMLA>RUULU,05/01/2025 09:00:00,AIS,POINT (13.392233 54.8801),352002488_0,0 days 00:01:00,7.120778811528939e-07,71.5854599692533,0.0,0,5.616300033941385,54.8801,13.392233
2025-01-02 18:15:02,2025-01-02 18:15:02,Class A,352002488_0,54.88145,13.398233,Under way using engine,0.0,14.3,71.0,73.0,9419137,3E2642,SIKAR,Tanker,No additional information,44.0,250.0,GPS,8.5,MTMLA>RUULU,05/01/2025 09:00:00,AIS,POINT (13.398233 54.88145),352002488_0,0 days 00:01:00,-2.890388634064813e-06,68.63637903298712,0.0,0,5.621079960759319,54.88145,13.398233
2025-01-02 18:16:02,2025-01-02 18:16:02,Class A,352002488_0,54.882667,13.404617,Under way using engine,0.0,14.3,71.0,73.0,9419137,3E2642,SIKAR,Tanker,No additional information,44.0,250.0,GPS,8.5,MTMLA>RUULU,05/01/2025 09:00:00,AIS,POINT (13.404617 54.882667),352002488_0,0 days 00:01:00,5.045976263872339e-06,71.6629825537866,0.0,0,5.626265770109426,54.882667,13.404617
2025-01-02 18:17:02,2025-01-02 18:17:02,Class A,352002488_0,54.88385,13.4109,Under way using engine,0.0,14.3,72.0,73.0,9419137,3E2642,SIKAR,Tanker,No additional information,44.0,250.0,GPS,8.5,MTMLA>RUULU,05/01/2025 09:00:00,AIS,POINT (13.4109 54.88385),352002488_0,0 days 00:01:00,-2.0420466330178772e-06,71.87340332582914,0.0,0,5.631378709856849,54.88385,13.4109
2025-01-02 18:18:02,2025-01-02 18:18:02,Class A,352002488_0,54.885,13.4171,Under way using engine,0.0,14.3,72.0,73.0,9419137,3E2642,SIKAR,Tanker,No additional information,44.0,250.0,GPS,8.5,MTMLA>RUULU,05/01/2025 09:00:00,AIS,POINT (13.4171 54.885),352002488_0,0 days 00:01:00,-1.725300063169947e-06,72.12539254790823,0.0,0,5.636434332060386,54.885,13.4171
2025-01-02 18:19:02,2025-01-02 18:19:02,Class A,352002488_0,54.886117,13.423617,Under way using engine,0.0,14.4,72.0,73.0,9419137,3E2642,SIKAR,Tanker,No additional information,44.0,250.0,GPS,8.5,MTMLA>RUULU,05/01/2025 09:00:00,AIS,POINT (13.423617 54.886117),352002488_0,0 days 00:01:00,5.094111957911103e-06,73.404662094547,0.0,0,5.641791594272604,54.886117,13.423617
2025-01-02 18:38:02,2025-01-02 18:38:02,Class A,352002488_0,54.9089,13.543267,Under way using engine,0.0,14.4,70.0,73.0,9419137,3E2642,SIKAR,Tanker,No additional information,44.0,250.0,GPS,8.5,MTMLA>RUULU,05/01/2025 09:00:00,AIS,POINT (13.543267 54.9089),352002488_0,0 days 00:19:00,-1.5829777568390987e-07,71.62976647353571,0.0,0,5.739637649084304,54.9089,13.543267
2025-01-02 18:39:02,2025-01-02 18:39:02,Class A,352002488_0,54.910167,13.549667,Under way using engine,0.0,14.4,71.0,73.0,9419137,3E2642,SIKAR,Tanker,No additional information,44.0,250.0,GPS,8.5,MTMLA>RUULU,05/01/2025 09:00:00,AIS,POINT (13.549667 54.910167),352002488_0,0 days 00:01:00,2.3716073158122803e-06,70.9951147935576,0.0,0,5.744876459098577,54.910167,13.549667
2025-01-02 18:40:02,2025-01-02 18:40:02,Class A,352002488_0,54.911383,13.555967,Under way using engine,0.0,14.5,71.0,73.0,9419137,3E2642,SIKAR,Tanker,No additional information,44.0,250.0,GPS,8.5,MTMLA>RUULU,05/01/2025 09:00:00,AIS,POINT (13.555967 54.911383),352002488_0,0 days 00:01:00,-2.197155194224087e-06,71.43709295152155,0.0,0,5.75004933014883,54.911383,13.555967
2025-01-02 18:41:02,2025-01-02 18:41:02,Class A,352002488_0,54.912617,13.562283,Under way using engine,0.0,14.4,71.0,73.0,9419137,3E2642,SIKAR,Tanker,No additional information,44.0,250.0,GPS,8.5,MTMLA>RUULU,05/01/2025 09:00:00,AIS,POINT (13.562283 54.912617),352002488_0,0 days 00:01:00,4.446718893637436e-07,71.22534230019448,0.0,0,5.755231481432265,54.912617,13.562283
2025-01-02 18:42:02,2025-01-02 18:42:02,Class A,352002488_0,54.91385,13.568567,Under way using engine,0.0,14.4,70.0,73.0,9419137,3E2642,SIKAR,Tanker,No additional information,44.0,250.0,GPS,8.5,MTMLA>RUULU,05/01/2025 09:00:00,AIS,POINT (13.568567 54.91385),352002488_0,0 days 00:01:00,-5.529494658577042e-07,71.1501730991418,0.0,0,5.760387645131708,54.91385,13.568567
2025-01-02 18:47:02,2025-01-02 18:47:02,Class A,352002488_0,54.920083,13.599833,Under way using engine,0.0,14.4,70.0,73.0,9419137,3E2642,SIKAR,Tanker,No additional information,44.0,250.0,GPS,8.5,MTMLA>RUULU,05/01/2025 09:00:00,AIS,POINT (13.599833 54.920083),352002488_0,0 days 00:05:00,-7.84269190068383e-08,70.85833594390209,0.0,0,5.7860375479432395,54.920083,13.599833
2025-01-02 18:50:02,2025-01-02 18:50:02,Class A,352002488_0,54.923683,13.61865,Under way using engine,0.0,14.3,71.0,73.0,9419137,3E2642,SIKAR,Tanker,No additional information,44.0,250.0,GPS,8.5,MTMLA>RUULU,05/01/2025 09:00:00,AIS,POINT (13.61865 54.923683),352002488_0,0 days 00:03:00,-5.0963715073784455e-08,71.57959659283893,0.0,0,5.801568172648497,54.923683,13.61865
2025-01-02 19:22:02,2025-01-02 19:22:02,Class A,352002488_0,54.961583,13.8195,Under way using engine,0.0,14.5,73.0,73.0,9419137,3E2642,SIKAR,Tanker,No additional information,44.0,250.0,GPS,8.5,MTMLA>RUULU,05/01/2025 09:00:00,AIS,POINT (13.8195 54.961583),352002488_0,0 days 00:32:00,-4.203639930903339e-09,71.73166407545125,0.0,0,5.968865853341655,54.961583,13.8195
2025-01-02 19:27:00,2025-01-02 19:27:00,Class A,352002488_0,54.967417,13.850317,Under way using engine,0.0,14.4,71.0,71.0,9419137,3E2642,SIKAR,Tanker,No additional information,44.0,250.0,GPS,8.5,MTMLA>RUULU,05/01/2025 09:00:00,AIS,POINT (13.850317 54.967417),352002488_0,0 days 00:04:58,-2.7486806256801244e-07,71.73678758929975,0.0,0,5.994730782028916,54.967417,13.850317
2025-01-02 19:52:02,2025-01-02 19:52:02,Class A,352002488_0,54.997217,14.009617,Under way using engine,0.0,14.5,72.0,71.0,9419137,3E2642,SIKAR,Tanker,No additional information,44.0,250.0,GPS,8.5,MTMLA>RUULU,05/01/2025 09:00:00,AIS,POINT (14.009617 54.997217),352002488_0,0 days 00:25:02,1.1139459665740096e-07,71.87880238726194,0.0,0,6.1293895933938645,54.997217,14.009617
2025-01-02 19:53:02,2025-01-02 19:53:02,Class A,352002488_0,54.998433,14.01595,Under way using engine,0.0,14.5,72.0,71.0,9419137,3E2642,SIKAR,Tanker,No additional information,44.0,250.0,GPS,8.5,MTMLA>RUULU,05/01/2025 09:00:00,AIS,POINT (14.01595 54.998433),352002488_0,0 days 00:01:00,-3.088690083928418e-07,71.48988686934422,0.0,0,6.13475826822769,54.998433,14.01595
2025-01-02 19:54:02,2025-01-02 19:54:02,Class A,352002488_0,54.999617,14.022417,Under way using engine,0.0,14.5,72.0,71.0,9419137,3E2642,SIKAR,Tanker,No additional information,44.0,250.0,GPS,8.5,MTMLA>RUULU,05/01/2025 09:00:00,AIS,POINT (14.022417 54.999617),352002488_0,0 days 00:01:00,1.954567227040761e-06,72.29487582104571,0.0,0,6.140264982197837,54.999617,14.022417
2025-01-02 19:55:02,2025-01-02 19:55:02,Class A,352002488_0,55.000783,14.028833,Under way using engine,0.0,14.6,72.0,71.0,9419137,3E2642,SIKAR,Tanker,No additional information,44.0,250.0,GPS,8.5,MTMLA>RUULU,05/01/2025 09:00:00,AIS,POINT (14.028833 55.000783),352002488_0,0 days 00:01:00,-1.0356693203837497e-06,72.41689570236531,0.0,0,6.145733684875143,55.000783,14.028833
2025-01-02 19:56:02,2025-01-02 19:56:02,Class A,352002488_0,55.001933,14.035117,Under way using engine,0.0,14.5,72.0,71.0,9419137,3E2642,SIKAR,Tanker,No additional information,44.0,250.0,GPS,8.5,MTMLA>RUULU,05/01/2025 09:00:00,AIS,POINT (14.035117 55.001933),352002488_0,0 days 00:01:00,-2.3892667336392347e-06,72.30113785022871,0.0,0,6.151088787982579,55.001933,14.035117
2025-01-02 22:15:00,2025-01-02 22:15:00,Class A,352002488_0,55.384133,14.62555,Under way using engine,0.0,13.8,48.0,51.0,9419137,3E2642,SIKAR,Tanker,0,44.0,250.0,GPS,8.5,MTMLA>RUULU,05/01/2025 09:00:00,AIS,POINT (14.62555 55.384133),352002488_0,0 days 02:18:58,-2.678775420102368e-08,41.164016406043174,139.0,1,6.5743809797720125,55.384133,14.62555
2025-01-02 22:33:00,2025-01-02 22:33:00,Class A,352002488_0,55.418417,14.729117,Under way using engine,0.0,14.1,61.0,63.0,9419137,3E2642,SIKAR,Tanker,0,44.0,250.0,GPS,8.5,MTMLA>RUULU,05/01/2025 09:00:00,AIS,POINT (14.729117 55.418417),352002488_0,0 days 00:18:00,2.0214962678311207e-07,59.71595978692915,0.0,0,6.663047731136632,55.418417,14.729117
2025-01-02 23:09:00,2025-01-02 23:09:00,Class A,352002488_0,55.46945,14.956867,Under way using engine,0.0,14.5,72.0,72.0,9419137,3E2642,SIKAR,Tanker,0,44.0,250.0,GPS,8.5,MTMLA>RUULU,05/01/2025 09:00:00,AIS,POINT (14.956867 55.46945),352002488_0,0 days 00:36:00,6.668276470876854e-08,68.34997302750514,0.0,0,6.866809796520216,55.46945,14.956867
2025-01-02 23:43:01,2025-01-02 23:43:01,Class A,352002488_0,55.521533,15.17165,Under way using engine,0.0,14.5,65.0,64.0,9419137,3E2642,SIKAR,Tanker,0,44.0,250.0,GPS,8.5,MTMLA>RUULU,05/01/2025 09:00:00,AIS,POINT (15.17165 55.521533),352002488_0,0 days 00:34:01,2.937063889343987e-08,66.73704176256012,0.0,0,7.059614464401579,55.521533,15.17165
2025-01-02 23:57:00,2025-01-02 23:57:00,Class A,352002488_0,55.5448,15.259367,Under way using engine,0.0,14.7,63.0,62.0,9419137,3E2642,SIKAR,Tanker,0,44.0,250.0,GPS,8.5,MTMLA>RUULU,05/01/2025 09:00:00,AIS,POINT (15.259367 55.5448),352002488_0,0 days 00:13:59,6.599332295278205e-08,64.85137663694957,0.0,0,7.138314634112591,55.5448,15.259367
2025-01-03 00:11:00,2025-01-03 00:11:00,Class A,352002488_0,55.567967,15.344617,Under way using engine,0.0,14.4,64.0,62.0,9419137,3E2642,SIKAR,Tanker,0,44.0,250.0,GPS,8.5,MTMLA>RUULU,05/01/2025 09:00:00,AIS,POINT (15.344617 55.567967),352002488_0,0 days 00:14:00,-2.2066570004230927e-07,64.30177828400991,0.0,0,7.214933995062254,55.567967,15.344617
2025-01-03 00:21:00,2025-01-03 00:21:00,Class A,352002488_0,55.58445,15.406783,Under way using engine,0.0,14.4,64.0,62.0,9419137,3E2642,SIKAR,Tanker,0,44.0,250.0,GPS,8.5,MTMLA>RUULU,05/01/2025 09:00:00,AIS,POINT (15.406783 55.58445),352002488_0,0 days 00:10:00,1.8815195168759777e-07,64.84656030293422,0.0,0,7.271074999355323,55.58445,15.406783
2025-01-03 00:51:00,2025-01-03 00:51:00,Class A,352002488_0,55.620917,15.599317,Under way using engine,0.0,14.6,73.0,73.0,9419137,3E2642,SIKAR,Tanker,0,44.0,250.0,GPS,8.5,MTMLA>RUULU,05/01/2025 09:00:00,AIS,POINT (15.599317 55.620917),352002488_0,0 days 00:30:00,-5.891524455334541e-08,71.38564523411429,0.0,0,7.449201077632755,55.620917,15.599317
