t,TS,Type of mobile,MMSI,Latitude,Longitude,Navigational status,ROT,SOG,COG,Heading,IMO,Callsign,Name,Ship type,Cargo type,Width,Length,Type of position fixing device,Draught,Destination,ETA,Data source type,geometry,traj_id,timedelta,acceleration,direction,oft_minutes60,oft_dummy60,haus_dist_a,lat,lon
2025-01-11 07:17:04,2025-01-11 07:17:04,Class A,352002249_0,55.658013,10.786843,Constrained by her draught,1.6,8.6,5.3,5.0,9282481,3E2235,TAGOR,Tanker,Category Y,43.0,252.0,Combined GPS/GLONASS,14.5,EGSUZ,26/01/2025 10:00:00,AIS,POINT (10.786843 55.658013),352002249_0,0,0.0,4.303031323997288,0.0,0,4.8933546826104894,55.658013,10.786843
2025-01-11 08:26:03,2025-01-11 08:26:03,Class A,352002249_0,55.821845,10.808787,Constrained by her draught,7.5,8.7,351.8,359.0,9282481,3E2235,TAGOR,Tanker,Category Y,43.0,252.0,Combined GPS/GLONASS,14.5,EGSUZ,26/01/2025 10:00:00,AIS,POINT (10.808787 55.821845),352002249_0,0 days 01:08:59,0.0,4.303031323997288,69.0,1,4.87052702977922,55.821845,10.808787
2025-01-11 09:57:04,2025-01-11 09:57:04,Class A,352002249_0,55.983633,11.043157,Constrained by her draught,-3.6,9.0,36.1,36.0,9282481,3E2235,TAGOR,Tanker,Category Y,43.0,252.0,Combined GPS/GLONASS,14.5,EGSUZ,26/01/2025 10:00:00,AIS,POINT (11.043157 55.983633),352002249_0,0 days 01:31:01,-3.052895980975564e-08,38.98298517389355,91.0,1,4.640929698317136,55.983633,11.043157
2025-01-11 15:54:04,2025-01-11 15:54:04,Class A,352002249_0,56.712535,11.889868,Constrained by her draught,2.2,8.6,2.8,5.0,9282481,3E2235,TAGOR,Tanker,Category Y,43.0,252.0,Combined GPS/GLONASS,14.5,EGSUZ,26/01/2025 10:00:00,AIS,POINT (11.889868 56.712535),352002249_0,0 days 05:57:00,1.1953142065073295e-08,32.41802297324995,357.0,1,3.905476859850664,56.712535,11.889868
2025-01-12 00:05:04,2025-01-12 00:05:04,Class A,352002249_0,57.670452,10.730648,Constrained by her draught,-3.6,4.1,249.1,241.0,Unknown,Unknown,LEONA,Undefined,Category Y,42.0,244.0,Undefined,8.4,Unknown,26/01/2025 10:00:00,AIS,POINT (10.730648 57.670452),352002249_0,0 days 08:11:00,-5.986609474350643e-09,327.233223703364,491.0,1,5.302049268971383,57.670452,10.730648
2025-01-12 00:49:03,2025-01-12 00:49:03,Class A,352002249_0,57.643447,10.647943,Constrained by her draught,0.7,0.6,187.8,277.0,9282481,3E2235,TAGOR,Tanker,Category Y,43.0,252.0,Combined GPS/GLONASS,14.5,EGSUZ,26/01/2025 10:00:00,AIS,POINT (10.647943 57.643447),352002249_0,0 days 00:43:59,-8.116111373682585e-07,238.63772501664326,0.0,0,5.369819597551673,57.643447,10.647943
2025-01-12 06:25:00,2025-01-12 06:25:00,Class B,352002249_0,57.640465,10.644135,At anchor,2.2,0.0,302.5,51.0,9282481,3E2235,TAGOR,Tanker,Category Y,43.0,252.0,Combined GPS/GLONASS,14.5,EGSUZ,26/01/2025 10:00:00,AIS,POINT (10.644135 57.640465),352002249_0,0 days 05:35:57,-1.0768996090170315e-07,214.35259743518816,336.0,1,5.372346552799622,57.640465,10.644135
2025-01-12 07:04:00,2025-01-12 07:04:00,Class A,352002249_0,57.641508,10.64498,Under way using engine,1.1,0.2,4.9,34.0,9282481,3E2235,TAGOR,Tanker,Category Y,43.0,252.0,Combined GPS/GLONASS,14.5,EGSUZ,26/01/2025 10:00:00,AIS,POINT (10.64498 57.641508),352002249_0,0 days 00:39:00,1.4596049051111991e-08,23.442046804191023,0.0,0,5.371918627980137,57.641508,10.64498
2025-01-12 07:05:00,2025-01-12 07:05:00,Class A,352002249_0,57.64164,10.64498,Under way using engine,5.4,0.6,357.8,37.0,9282481,3E2235,TAGOR,Tanker,Category Y,43.0,252.0,Combined GPS/GLONASS,14.5,EGSUZ,26/01/2025 10:00:00,AIS,POINT (10.64498 57.64164),352002249_0,0 days 00:01:00,3.1815536991106988e-06,0.0,0.0,0,5.371964705916077,57.64164,10.64498
2025-01-12 07:06:00,2025-01-12 07:06:00,Class A,352002249_0,57.64191,10.645007,Under way using engine,10.0,1.1,6.9,45.0,9282481,3E2235,TAGOR,Tanker,Category Y,43.0,252.0,Combined GPS/GLONASS,14.5,EGSUZ,26/01/2025 10:00:00,AIS,POINT (10.645007 57.64191),352002249_0,0 days 00:01:00,4.2812348785168005e-06,3.0635989757577136,0.0,0,5.372033664115016,57.64191,10.645007
2025-01-12 07:07:00,2025-01-12 07:07:00,Class A,352002249_0,57.642272,10.645207,Under way using engine,11.4,1.4,22.3,56.0,9282481,3E2235,TAGOR,Tanker,Category Y,43.0,252.0,Combined GPS/GLONASS,14.5,EGSUZ,26/01/2025 10:00:00,AIS,POINT (10.645207 57.642272),352002249_0,0 days 00:01:00,3.315304201604824e-06,16.47255488905091,0.0,0,5.37197265069183,57.642272,10.645207
2025-01-12 07:08:00,2025-01-12 07:08:00,Class A,352002249_0,57.642657,10.645637,Under way using engine,11.4,1.7,35.8,66.0,9282481,3E2235,TAGOR,Tanker,Category Y,43.0,252.0,Combined GPS/GLONASS,14.5,EGSUZ,26/01/2025 10:00:00,AIS,POINT (10.645637 57.642657),352002249_0,0 days 00:01:00,2.2031385428929235e-06,30.868978105363794,0.0,0,5.371704187997137,57.642657,10.645637
2025-01-12 07:09:00,2025-01-12 07:09:00,Class A,352002249_0,57.643028,10.646317,Under way using engine,10.0,1.8,49.5,77.0,9282481,3E2235,TAGOR,Tanker,Category Y,43.0,252.0,Combined GPS/GLONASS,14.5,EGSUZ,26/01/2025 10:00:00,AIS,POINT (10.646317 57.643028),352002249_0,0 days 00:01:00,2.2096244648891968e-06,44.44876743208715,0.0,0,5.371196637930602,57.643028,10.646317
2025-01-12 07:10:00,2025-01-12 07:10:00,Class A,352002249_0,57.643263,10.64715,Under way using engine,3.6,1.8,69.3,83.0,9282481,3E2235,TAGOR,Tanker,Category Y,43.0,252.0,Combined GPS/GLONASS,14.5,EGSUZ,26/01/2025 10:00:00,AIS,POINT (10.64715 57.643263),352002249_0,0 days 00:01:00,-4.786279415752892e-07,62.20478128445154,0.0,0,5.370498269146448,57.643263,10.64715
2025-01-12 07:11:00,2025-01-12 07:11:00,Class A,352002249_0,57.643398,10.648073,Under way using engine,1.6,1.9,77.4,85.0,9282481,3E2235,TAGOR,Tanker,Category Y,43.0,252.0,Combined GPS/GLONASS,14.5,EGSUZ,26/01/2025 10:00:00,AIS,POINT (10.648073 57.643398),352002249_0,0 days 00:01:00,2.5654559015995666e-07,74.71442323579788,0.0,0,5.369680670293252,57.643398,10.648073
2025-01-12 07:12:00,2025-01-12 07:12:00,Class A,352002249_0,57.643503,10.649085,Under way using engine,2.9,2.0,79.9,85.0,9282481,3E2235,TAGOR,Tanker,Category Y,43.0,252.0,Combined GPS/GLONASS,14.5,EGSUZ,26/01/2025 10:00:00,AIS,POINT (10.649085 57.643503),352002249_0,0 days 00:01:00,1.228352585855465e-06,79.02791802269377,0.0,0,5.368769237120367,57.643503,10.649085
2025-01-12 07:13:01,2025-01-12 07:13:01,Class A,352002249_0,57.643603,10.650205,Under way using engine,0.7,2.2,81.6,85.0,9282481,3E2235,TAGOR,Tanker,Category Y,43.0,252.0,Combined GPS/GLONASS,14.5,EGSUZ,26/01/2025 10:00:00,AIS,POINT (10.650205 57.643603),352002249_0,0 days 00:01:01,1.4037860905267484e-06,80.52801324261128,0.0,0,5.367754913269606,57.643603,10.650205
2025-01-12 07:14:01,2025-01-12 07:14:01,Class A,352002249_0,57.643705,10.65137,Under way using engine,-1.1,2.3,79.6,84.0,9282481,3E2235,TAGOR,Tanker,Category Y,43.0,252.0,Combined GPS/GLONASS,14.5,EGSUZ,26/01/2025 10:00:00,AIS,POINT (10.65137 57.643705),352002249_0,0 days 00:01:00,1.0553325079771899e-06,80.70847316791645,0.0,0,5.366699176032972,57.643705,10.65137
2025-01-12 07:15:01,2025-01-12 07:15:01,Class A,352002249_0,57.643835,10.652612,Under way using engine,-1.6,2.5,79.0,85.0,9282481,3E2235,TAGOR,Tanker,Category Y,43.0,252.0,Combined GPS/GLONASS,14.5,EGSUZ,26/01/2025 10:00:00,AIS,POINT (10.652612 57.643835),352002249_0,0 days 00:01:00,1.4101930281562085e-06,78.93335221598562,0.0,0,5.365581150884312,57.643835,10.652612
2025-01-12 07:16:01,2025-01-12 07:16:01,Class A,352002249_0,57.64396,10.654063,Under way using engine,-2.2,2.9,81.2,85.0,9282481,3E2235,TAGOR,Tanker,Category Y,43.0,252.0,Combined GPS/GLONASS,14.5,EGSUZ,26/01/2025 10:00:00,AIS,POINT (10.654063 57.64396),352002249_0,0 days 00:01:00,3.3867375471478704e-06,80.85497053003076,0.0,0,5.364265653733882,57.64396,10.654063
2025-01-12 07:17:01,2025-01-12 07:17:01,Class A,352002249_0,57.644093,10.655707,Under way using engine,-0.4,3.3,81.2,85.0,9282481,3E2235,TAGOR,Tanker,Category Y,43.0,252.0,Combined GPS/GLONASS,14.5,EGSUZ,26/01/2025 10:00:00,AIS,POINT (10.655707 57.644093),352002249_0,0 days 00:01:00,3.201474179003104e-06,81.40326166499148,0.0,0,5.362772247545293,57.644093,10.655707
2025-01-12 07:18:01,2025-01-12 07:18:01,Class A,352002249_0,57.644252,10.657533,Under way using engine,-0.7,3.7,81.3,85.0,9282481,3E2235,TAGOR,Tanker,Category Y,43.0,252.0,Combined GPS/GLONASS,14.5,EGSUZ,26/01/2025 10:00:00,AIS,POINT (10.657533 57.644252),352002249_0,0 days 00:01:00,3.107133447968931e-06,80.75791889335198,0.0,0,5.361117569903219,57.644252,10.657533
2025-01-12 07:19:02,2025-01-12 07:19:02,Class A,352002249_0,57.64436,10.659647,Under way using engine,-7.5,4.2,84.5,80.0,9282481,3E2235,TAGOR,Tanker,Category Y,43.0,252.0,Combined GPS/GLONASS,14.5,EGSUZ,26/01/2025 10:00:00,AIS,POINT (10.659647 57.64436),352002249_0,0 days 00:01:01,3.896913794651381e-06,84.54614351091129,0.0,0,5.3591753982497154,57.64436,10.659647
2025-01-12 07:20:02,2025-01-12 07:20:02,Class A,352002249_0,57.64455,10.661988,Under way using engine,-10.0,4.7,77.0,69.0,9282481,3E2235,TAGOR,Tanker,Category Y,43.0,252.0,Combined GPS/GLONASS,14.5,EGSUZ,26/01/2025 10:00:00,AIS,POINT (10.661988 57.64455),352002249_0,0 days 00:01:00,4.626409173929881e-06,81.37548236416762,0.0,0,5.3570495147463415,57.64455,10.661988
2025-01-12 07:21:02,2025-01-12 07:21:02,Class A,352002249_0,57.645028,10.664418,Under way using engine,-7.5,5.1,65.4,60.0,9282481,3E2235,TAGOR,Tanker,Category Y,43.0,252.0,Combined GPS/GLONASS,14.5,EGSUZ,26/01/2025 10:00:00,AIS,POINT (10.664418 57.645028),352002249_0,0 days 00:01:00,3.660524377127692e-06,69.81737808936288,0.0,0,5.354941504438308,57.645028,10.664418
2025-01-12 07:22:02,2025-01-12 07:22:02,Class A,352002249_0,57.645747,10.66687,Under way using engine,-7.5,5.5,57.0,51.0,9282481,3E2235,TAGOR,Tanker,Category Y,43.0,252.0,Combined GPS/GLONASS,14.5,EGSUZ,26/01/2025 10:00:00,AIS,POINT (10.66687 57.645747),352002249_0,0 days 00:01:00,3.422290617686588e-06,61.27922422744683,0.0,0,5.352897819556151,57.645747,10.66687
2025-01-12 07:23:02,2025-01-12 07:23:02,Class A,352002249_0,57.646763,10.669108,Under way using engine,2.2,5.8,47.5,50.0,9282481,3E2235,TAGOR,Tanker,Category Y,43.0,252.0,Combined GPS/GLONASS,14.5,EGSUZ,26/01/2025 10:00:00,AIS,POINT (10.669108 57.646763),352002249_0,0 days 00:01:00,2.283593897571921e-06,49.69028690987284,0.0,0,5.351159288686985,57.646763,10.669108
2025-01-12 07:24:02,2025-01-12 07:24:02,Class A,352002249_0,57.647893,10.671462,Under way using engine,5.4,6.2,47.9,50.0,9282481,3E2235,TAGOR,Tanker,Category Y,43.0,252.0,Combined GPS/GLONASS,14.5,EGSUZ,26/01/2025 10:00:00,AIS,POINT (10.671462 57.647893),352002249_0,0 days 00:01:00,3.7665622560869415e-06,48.105528860697916,0.0,0,5.349352829572659,57.647893,10.671462
2025-01-12 07:25:01,2025-01-12 07:25:01,Class A,352002249_0,57.6491,10.673962,Under way using engine,-5.4,6.6,48.4,50.0,9282481,3E2235,TAGOR,Tanker,Category Y,43.0,252.0,Combined GPS/GLONASS,14.5,EGSUZ,26/01/2025 10:00:00,AIS,POINT (10.673962 57.6491),352002249_0,0 days 00:00:59,4.411729302298036e-06,47.940867583185764,0.0,0,5.3474374926631905,57.6491,10.673962
2025-01-12 07:26:01,2025-01-12 07:26:01,Class A,352002249_0,57.650352,10.67656,Under way using engine,-1.1,7.0,47.7,50.0,9282481,3E2235,TAGOR,Tanker,Category Y,43.0,252.0,Combined GPS/GLONASS,14.5,EGSUZ,26/01/2025 10:00:00,AIS,POINT (10.67656 57.650352),352002249_0,0 days 00:01:00,1.1926510210652295e-06,47.99248571641925,0.0,0,5.345447059315431,57.650352,10.67656
2025-01-12 07:27:01,2025-01-12 07:27:01,Class A,352002249_0,57.651668,10.679375,Under way using engine,-2.9,7.3,49.1,50.0,9282481,3E2235,TAGOR,Tanker,Category Y,43.0,252.0,Combined GPS/GLONASS,14.5,EGSUZ,26/01/2025 10:00:00,AIS,POINT (10.679375 57.651668),352002249_0,0 days 00:01:00,4.006105042020991e-06,48.855060421662415,0.0,0,5.343276977264514,57.651668,10.679375
2025-01-12 07:28:01,2025-01-12 07:28:01,Class A,352002249_0,57.653088,10.68224,Under way using engine,2.2,7.6,47.1,50.0,9282481,3E2235,TAGOR,Tanker,Category Y,43.0,252.0,Combined GPS/GLONASS,14.5,EGSUZ,26/01/2025 10:00:00,AIS,POINT (10.68224 57.653088),352002249_0,0 days 00:01:00,2.765586963584133e-06,47.188938968473394,0.0,0,5.3410977813217375,57.653088,10.68224
2025-01-12 07:29:01,2025-01-12 07:29:01,Class A,352002249_0,57.6545,10.685253,Under way using engine,-2.9,7.8,49.8,51.0,9282481,3E2235,TAGOR,Tanker,Category Y,43.0,252.0,Combined GPS/GLONASS,14.5,EGSUZ,26/01/2025 10:00:00,AIS,POINT (10.685253 57.6545),352002249_0,0 days 00:01:00,1.6585391505526515e-06,48.783623088975105,0.0,0,5.338778346407444,57.6545,10.685253
2025-01-12 07:31:01,2025-01-12 07:31:01,Class A,352002249_0,57.657477,10.691438,Under way using engine,2.9,8.2,49.0,50.0,9282481,3E2235,TAGOR,Tanker,Category Y,43.0,252.0,Combined GPS/GLONASS,14.5,EGSUZ,26/01/2025 10:00:00,AIS,POINT (10.691438 57.657477),352002249_0,0 days 00:02:00,1.2770135198051017e-06,48.02056293326933,0.0,0,5.334048246578297,57.657477,10.691438
2025-01-12 07:32:01,2025-01-12 07:32:01,Class A,352002249_0,57.658995,10.694693,Under way using engine,1.1,8.3,48.8,50.0,9282481,3E2235,TAGOR,Tanker,Category Y,43.0,252.0,Combined GPS/GLONASS,14.5,EGSUZ,26/01/2025 10:00:00,AIS,POINT (10.694693 57.658995),352002249_0,0 days 00:01:00,2.6210625252154052e-06,48.91828588895936,0.0,0,5.3315434918711855,57.658995,10.694693
2025-01-12 07:33:01,2025-01-12 07:33:01,Class A,352002249_0,57.660548,10.697973,Under way using engine,-0.2,8.5,48.3,49.0,9282481,3E2235,TAGOR,Tanker,Category Y,43.0,252.0,Combined GPS/GLONASS,14.5,EGSUZ,26/01/2025 10:00:00,AIS,POINT (10.697973 57.660548),352002249_0,0 days 00:01:00,1.0238067120037192e-06,48.4868625872424,0.0,0,5.329029053516316,57.660548,10.697973
2025-01-12 07:34:01,2025-01-12 07:34:01,Class A,352002249_0,57.66213,10.701267,Under way using engine,4.5,8.6,48.3,50.0,9282481,3E2235,TAGOR,Tanker,Category Y,43.0,252.0,Combined GPS/GLONASS,14.5,EGSUZ,26/01/2025 10:00:00,AIS,POINT (10.701267 57.66213),352002249_0,0 days 00:01:00,7.680365196715822e-07,48.08030324452346,0.0,0,5.326513138835292,57.66213,10.701267
2025-01-12 07:35:01,2025-01-12 07:35:01,Class A,352002249_0,57.663727,10.704547,Under way using engine,12.9,8.6,49.7,60.0,9282481,3E2235,TAGOR,Tanker,Category Y,43.0,252.0,Combined GPS/GLONASS,14.5,EGSUZ,26/01/2025 10:00:00,AIS,POINT (10.704547 57.663727),352002249_0,0 days 00:01:00,1.367643865688289e-07,47.6886849362495,0.0,0,5.324016969791325,57.663727,10.704547
2025-01-12 07:36:01,2025-01-12 07:36:01,Class A,352002249_0,57.66501,10.708343,Under way using engine,-1.6,8.4,62.2,65.0,9282481,3E2235,TAGOR,Tanker,Category Y,43.0,252.0,Combined GPS/GLONASS,14.5,EGSUZ,26/01/2025 10:00:00,AIS,POINT (10.708343 57.66501),352002249_0,0 days 00:01:00,9.323614853117233e-07,57.70975675482799,0.0,0,5.320928054101936,57.66501,10.708343
2025-01-12 07:37:01,2025-01-12 07:37:01,Class A,352002249_0,57.666098,10.712252,Under way using engine,0.7,8.5,62.3,66.0,9282481,3E2235,TAGOR,Tanker,Category Y,43.0,252.0,Combined GPS/GLONASS,14.5,EGSUZ,26/01/2025 10:00:00,AIS,POINT (10.712252 57.666098),352002249_0,0 days 00:01:00,-1.3799759593389447e-06,62.50666435579615,0.0,0,5.317665154765952,57.666098,10.712252
2025-01-12 07:38:01,2025-01-12 07:38:01,Class A,352002249_0,57.667218,10.716177,Under way using engine,7.5,8.5,65.0,75.0,9282481,3E2235,TAGOR,Tanker,Category Y,43.0,252.0,Combined GPS/GLONASS,14.5,EGSUZ,26/01/2025 10:00:00,AIS,POINT (10.716177 57.667218),352002249_0,0 days 00:01:00,6.938365288497537e-07,61.91750603054754,0.0,0,5.314399854242903,57.667218,10.716177
2025-01-12 07:39:01,2025-01-12 07:39:01,Class A,352002249_0,57.667977,10.720298,Under way using engine,12.9,8.4,72.6,83.0,9282481,3E2235,TAGOR,Tanker,Category Y,43.0,252.0,Combined GPS/GLONASS,14.5,EGSUZ,26/01/2025 10:00:00,AIS,POINT (10.720298 57.667977),352002249_0,0 days 00:01:00,-1.4800215331980688e-06,70.99617478001983,0.0,0,5.310823410566859,57.667977,10.720298
2025-01-12 07:45:00,2025-01-12 07:45:00,Class A,352002249_0,57.668757,10.746242,Under way using engine,2.2,8.6,87.3,90.0,9282481,3E2235,TAGOR,Tanker,Category Y,43.0,252.0,Combined GPS/GLONASS,14.5,EGSUZ,26/01/2025 10:00:00,AIS,POINT (10.746242 57.668757),352002249_0,0 days 00:05:59,-4.1141568157855674e-08,86.77155307278997,0.0,0,5.286888356260324,57.668757,10.746242
2025-01-12 07:46:00,2025-01-12 07:46:00,Class A,352002249_0,57.668837,10.750727,Under way using engine,2.9,8.7,88.7,90.0,9282481,3E2235,TAGOR,Tanker,Category Y,43.0,252.0,Combined GPS/GLONASS,14.5,EGSUZ,26/01/2025 10:00:00,AIS,POINT (10.750727 57.668837),352002249_0,0 days 00:01:00,2.3965434444448946e-06,88.08786667223484,0.0,0,5.282732832073378,57.668837,10.750727
2025-01-12 07:47:00,2025-01-12 07:47:00,Class A,352002249_0,57.668927,10.755295,Under way using engine,1.6,8.9,87.9,90.0,9282481,3E2235,TAGOR,Tanker,Category Y,43.0,252.0,Combined GPS/GLONASS,14.5,EGSUZ,26/01/2025 10:00:00,AIS,POINT (10.755295 57.668927),352002249_0,0 days 00:01:00,1.3857177794619236e-06,87.8882662206114,0.0,0,5.278504031582621,57.668927,10.755295
2025-01-12 07:48:00,2025-01-12 07:48:00,Class A,352002249_0,57.669017,10.759968,Under way using engine,1.1,9.1,88.4,90.0,9282481,3E2235,TAGOR,Tanker,Category Y,43.0,252.0,Combined GPS/GLONASS,14.5,EGSUZ,26/01/2025 10:00:00,AIS,POINT (10.759968 57.669017),352002249_0,0 days 00:01:00,1.7392592687235415e-06,87.93558158335247,0.0,0,5.274177868627961,57.669017,10.759968
2025-01-12 07:49:00,2025-01-12 07:49:00,Class A,352002249_0,57.669052,10.764818,Under way using engine,-8.7,9.2,88.4,85.0,9282481,3E2235,TAGOR,Tanker,Category Y,43.0,252.0,Combined GPS/GLONASS,14.5,EGSUZ,26/01/2025 10:00:00,AIS,POINT (10.764818 57.669052),352002249_0,0 days 00:01:00,2.8912783098419738e-06,89.224872077893,0.0,0,5.269667381201588,57.669052,10.764818
2025-01-12 07:50:00,2025-01-12 07:50:00,Class A,352002249_0,57.669308,10.769515,Under way using engine,-14.5,9.2,80.4,74.0,9282481,3E2235,TAGOR,Tanker,Category Y,43.0,252.0,Combined GPS/GLONASS,14.5,EGSUZ,26/01/2025 10:00:00,AIS,POINT (10.769515 57.669308),352002249_0,0 days 00:01:00,-2.1421506655105657e-06,84.17901760498165,0.0,0,5.265380024860979,57.669308,10.769515
2025-01-12 07:51:00,2025-01-12 07:51:00,Class A,352002249_0,57.67001,10.77409,Under way using engine,-25.7,9.1,67.8,53.0,9282481,3E2235,TAGOR,Tanker,Category Y,43.0,252.0,Combined GPS/GLONASS,14.5,EGSUZ,26/01/2025 10:00:00,AIS,POINT (10.77409 57.67001),352002249_0,0 days 00:01:00,6.231540584424652e-07,73.98903676437948,0.0,0,5.261368471830118,57.67001,10.77409
2025-01-12 07:52:00,2025-01-12 07:52:00,Class A,352002249_0,57.671462,10.777832,Under way using engine,-21.6,8.6,45.4,32.0,9282481,3E2235,TAGOR,Tanker,Category Y,43.0,252.0,Combined GPS/GLONASS,14.5,EGSUZ,26/01/2025 10:00:00,AIS,POINT (10.777832 57.671462),352002249_0,0 days 00:01:00,-2.3015993513497962e-06,54.034585797284365,0.0,0,5.258406048372072,57.671462,10.777832
2025-01-12 07:53:00,2025-01-12 07:53:00,Class A,352002249_0,57.67337,10.780148,Under way using engine,-11.4,8.2,24.6,15.0,9282481,3E2235,TAGOR,Tanker,Category Y,43.0,252.0,Combined GPS/GLONASS,14.5,EGSUZ,26/01/2025 10:00:00,AIS,POINT (10.780148 57.67337),352002249_0,0 days 00:01:00,-6.173098431289638e-06,32.987037004616866,0.0,0,5.256939302918,57.67337,10.780148
2025-01-12 07:54:00,2025-01-12 07:54:00,Class A,352002249_0,57.6756,10.78131,Under way using engine,-1.6,8.2,11.3,10.0,9282481,3E2235,TAGOR,Tanker,Category Y,43.0,252.0,Combined GPS/GLONASS,14.5,EGSUZ,26/01/2025 10:00:00,AIS,POINT (10.78131 57.6756),352002249_0,0 days 00:01:00,1.2142376887151549e-06,15.56917612704558,0.0,0,5.256666004796958,57.6756,10.78131
2025-01-12 07:55:00,2025-01-12 07:55:00,Class A,352002249_0,57.677782,10.781992,Under way using engine,-0.7,8.5,9.4,9.0,9282481,3E2235,TAGOR,Tanker,Category Y,43.0,252.0,Combined GPS/GLONASS,14.5,EGSUZ,26/01/2025 10:00:00,AIS,POINT (10.781992 57.677782),352002249_0,0 days 00:01:00,-3.183085362288814e-06,9.487481820272762,0.0,0,5.256823582776579,57.677782,10.781992
2025-01-12 07:56:00,2025-01-12 07:56:00,Class A,352002249_0,57.68018,10.782673,Under way using engine,1.6,8.8,9.4,10.0,9282481,3E2235,TAGOR,Tanker,Category Y,43.0,252.0,Combined GPS/GLONASS,14.5,EGSUZ,26/01/2025 10:00:00,AIS,POINT (10.782673 57.68018),352002249_0,0 days 00:01:00,6.596101892586255e-06,8.633385539348694,0.0,0,5.257061711902286,57.68018,10.782673
2025-01-12 07:57:00,2025-01-12 07:57:00,Class A,352002249_0,57.682697,10.783533,Under way using engine,2.2,9.1,10.6,10.0,9282481,3E2235,TAGOR,Tanker,Category Y,43.0,252.0,Combined GPS/GLONASS,14.5,EGSUZ,26/01/2025 10:00:00,AIS,POINT (10.783533 57.682697),352002249_0,0 days 00:01:00,4.121357252124165e-06,10.351677954500644,0.0,0,5.2571777027650475,57.682697,10.783533
2025-01-12 07:58:00,2025-01-12 07:58:00,Class A,352002249_0,57.68512,10.784352,Under way using engine,-0.4,9.2,10.4,11.0,9282481,3E2235,TAGOR,Tanker,Category Y,43.0,252.0,Combined GPS/GLONASS,14.5,EGSUZ,26/01/2025 10:00:00,AIS,POINT (10.784352 57.68512),352002249_0,0 days 00:01:00,-2.982848290914089e-06,10.24230823315088,0.0,0,5.257298900374601,57.68512,10.784352
2025-01-12 07:59:00,2025-01-12 07:59:00,Class A,352002249_0,57.687802,10.785285,Under way using engine,-2.9,9.4,9.3,9.0,9282481,3E2235,TAGOR,Tanker,Category Y,43.0,252.0,Combined GPS/GLONASS,14.5,EGSUZ,26/01/2025 10:00:00,AIS,POINT (10.785285 57.687802),352002249_0,0 days 00:01:00,8.221889831992663e-06,10.533840745542648,0.0,0,5.257409875591686,57.687802,10.785285
2025-01-12 08:00:01,2025-01-12 08:00:01,Class A,352002249_0,57.690412,10.786013,Under way using engine,3.6,9.6,8.5,11.0,9282481,3E2235,TAGOR,Tanker,Category Y,43.0,252.0,Combined GPS/GLONASS,14.5,EGSUZ,26/01/2025 10:00:00,AIS,POINT (10.786013 57.690412),352002249_0,0 days 00:01:01,-4.030558845550761e-06,8.479472069446615,0.0,0,5.257686811966361,57.690412,10.786013
2025-01-12 08:01:01,2025-01-12 08:01:01,Class A,352002249_0,57.693058,10.78692,Under way using engine,1.1,9.7,12.0,13.0,9282481,3E2235,TAGOR,Tanker,Category Y,43.0,252.0,Combined GPS/GLONASS,14.5,EGSUZ,26/01/2025 10:00:00,AIS,POINT (10.78692 57.693058),352002249_0,0 days 00:01:00,2.9239118195409536e-06,10.381522595385036,0.0,0,5.257811772448687,57.693058,10.78692
2025-01-12 08:02:01,2025-01-12 08:02:01,Class A,352002249_0,57.695708,10.788083,Under way using engine,-2.9,9.8,12.5,10.0,9282481,3E2235,TAGOR,Tanker,Category Y,43.0,252.0,Combined GPS/GLONASS,14.5,EGSUZ,26/01/2025 10:00:00,AIS,POINT (10.788083 57.695708),352002249_0,0 days 00:01:00,9.893945389968535e-07,13.199431930912795,0.0,0,5.257701543920215,57.695708,10.788083
2025-01-12 08:03:01,2025-01-12 08:03:01,Class A,352002249_0,57.698392,10.789072,Under way using engine,-1.6,9.8,10.6,10.0,9282481,3E2235,TAGOR,Tanker,Category Y,43.0,252.0,Combined GPS/GLONASS,14.5,EGSUZ,26/01/2025 10:00:00,AIS,POINT (10.789072 57.698392),352002249_0,0 days 00:01:00,4.1921332224782727e-07,11.139406794851197,0.0,0,5.257767226340092,57.698392,10.789072
2025-01-12 08:11:01,2025-01-12 08:11:01,Class A,352002249_0,57.720648,10.794777,Under way using engine,1.1,10.3,5.9,5.0,9282481,3E2235,TAGOR,Tanker,Category Y,43.0,252.0,Combined GPS/GLONASS,14.5,EGSUZ,26/01/2025 10:00:00,AIS,POINT (10.794777 57.720648),352002249_0,0 days 00:08:00,2.797054661662406e-07,7.795026576041323,0.0,0,5.260688980222741,57.720648,10.794777
2025-01-12 08:12:01,2025-01-12 08:12:01,Class A,352002249_0,57.7235,10.795313,Under way using engine,-0.4,10.3,6.3,5.0,9282481,3E2235,TAGOR,Tanker,Category Y,43.0,252.0,Combined GPS/GLONASS,14.5,EGSUZ,26/01/2025 10:00:00,AIS,POINT (10.795313 57.7235),352002249_0,0 days 00:01:00,1.8044377606497331e-06,5.731018205629084,0.0,0,5.261251593515463,57.7235,10.795313
2025-01-12 08:13:01,2025-01-12 08:13:01,Class A,352002249_0,57.726373,10.795843,Under way using engine,4.5,10.3,5.4,5.0,9282481,3E2235,TAGOR,Tanker,Category Y,43.0,252.0,Combined GPS/GLONASS,14.5,EGSUZ,26/01/2025 10:00:00,AIS,POINT (10.795843 57.726373),352002249_0,0 days 00:01:00,6.36599899909764e-07,5.6256833357549,0.0,0,5.261829137680737,57.726373,10.795843
2025-01-12 08:14:01,2025-01-12 08:14:01,Class A,352002249_0,57.729282,10.796322,Under way using engine,1.1,10.4,4.9,6.0,9282481,3E2235,TAGOR,Tanker,Category Y,43.0,252.0,Combined GPS/GLONASS,14.5,EGSUZ,26/01/2025 10:00:00,AIS,POINT (10.796322 57.729282),352002249_0,0 days 00:01:00,1.0304075579087157e-06,5.0242995899319,0.0,0,5.262468987782825,57.729282,10.796322
2025-01-12 08:15:01,2025-01-12 08:15:01,Class A,352002249_0,57.732063,10.796875,Under way using engine,-2.2,10.3,6.1,6.0,9282481,3E2235,TAGOR,Tanker,Category Y,43.0,252.0,Combined GPS/GLONASS,14.5,EGSUZ,26/01/2025 10:00:00,AIS,POINT (10.796875 57.732063),352002249_0,0 days 00:01:00,-3.823018320992661e-06,6.059907667804055,0.0,0,5.26299395862564,57.732063,10.796875
2025-01-12 08:16:01,2025-01-12 08:16:01,Class A,352002249_0,57.734935,10.797373,Under way using engine,3.6,10.2,4.8,5.0,9282481,3E2235,TAGOR,Tanker,Category Y,43.0,252.0,Combined GPS/GLONASS,14.5,EGSUZ,26/01/2025 10:00:00,AIS,POINT (10.797373 57.734935),352002249_0,0 days 00:01:00,2.7112810205065794e-06,5.288592622735905,0.0,0,5.263605446550301,57.734935,10.797373
2025-01-12 08:17:01,2025-01-12 08:17:01,Class A,352002249_0,57.737687,10.797945,Under way using engine,-2.9,10.1,7.5,6.0,9282481,3E2235,TAGOR,Tanker,Category Y,43.0,252.0,Combined GPS/GLONASS,14.5,EGSUZ,26/01/2025 10:00:00,AIS,POINT (10.797945 57.737687),352002249_0,0 days 00:01:00,-3.5692778337385503e-06,6.331009693921601,0.0,0,5.264104923387641,57.737687,10.797945
2025-01-12 08:19:01,2025-01-12 08:19:01,Class A,352002249_0,57.743125,10.799082,Under way using engine,-1.1,9.4,4.5,1.0,9282481,3E2235,TAGOR,Tanker,Category Y,43.0,252.0,Combined GPS/GLONASS,14.5,EGSUZ,26/01/2025 10:00:00,AIS,POINT (10.799082 57.743125),352002249_0,0 days 00:02:00,-5.105564384749479e-07,6.3673782671662025,0.0,0,5.265089944647194,57.743125,10.799082
2025-01-12 08:20:01,2025-01-12 08:20:01,Class A,352002249_0,57.74564,10.799302,Under way using engine,-0.7,9.1,2.0,0.0,9282481,3E2235,TAGOR,Tanker,Category Y,43.0,252.0,Combined GPS/GLONASS,14.5,EGSUZ,26/01/2025 10:00:00,AIS,POINT (10.799302 57.74564),352002249_0,0 days 00:01:00,-6.750225292271586e-06,2.672834711281041,0.0,0,5.265830841728587,57.74564,10.799302
2025-01-12 08:21:01,2025-01-12 08:21:01,Class A,352002249_0,57.748188,10.799422,Under way using engine,-2.9,8.8,1.4,0.0,9282481,3E2235,TAGOR,Tanker,Category Y,43.0,252.0,Combined GPS/GLONASS,14.5,EGSUZ,26/01/2025 10:00:00,AIS,POINT (10.799422 57.748188),352002249_0,0 days 00:01:00,9.608709233838684e-07,1.4396682772407985,0.0,0,5.266677912503479,57.748188,10.799422
2025-01-12 08:22:01,2025-01-12 08:22:01,Class A,352002249_0,57.750578,10.79951,Under way using engine,-0.2,8.7,1.1,0.0,9282481,3E2235,TAGOR,Tanker,Category Y,43.0,252.0,Combined GPS/GLONASS,14.5,EGSUZ,26/01/2025 10:00:00,AIS,POINT (10.79951 57.750578),352002249_0,0 days 00:01:00,-4.89867885688465e-06,1.1255692416605712,0.0,0,5.2674962056749495,57.750578,10.79951
2025-01-12 08:27:01,2025-01-12 08:27:01,Class A,352002249_0,57.76001,10.8056,Under way using engine,-4.5,6.5,56.0,60.0,9282481,3E2235,TAGOR,Tanker,Category Y,43.0,252.0,Combined GPS/GLONASS,14.5,EGSUZ,26/01/2025 10:00:00,AIS,POINT (10.8056 57.76001),352002249_0,0 days 00:05:00,-2.443150560783386e-06,19.00577912848081,0.0,0,5.265419300901686,57.76001,10.8056
2025-01-12 08:28:01,2025-01-12 08:28:01,Class A,352002249_0,57.761005,10.808558,Under way using engine,-16.1,6.9,58.3,50.0,9282481,3E2235,TAGOR,Tanker,Category Y,43.0,252.0,Combined GPS/GLONASS,14.5,EGSUZ,26/01/2025 10:00:00,AIS,POINT (10.808558 57.761005),352002249_0,0 days 00:01:00,-3.946263021355172e-06,57.765029688395714,0.0,0,5.263058663082617,57.761005,10.808558
2025-01-12 08:29:00,2025-01-12 08:29:00,Class A,352002249_0,57.762153,10.811445,Under way using engine,-19.7,7.0,47.0,30.0,9282481,3E2235,TAGOR,Tanker,Category Y,43.0,252.0,Combined GPS/GLONASS,14.5,EGSUZ,26/01/2025 10:00:00,AIS,POINT (10.811445 57.762153),352002249_0,0 days 00:00:59,2.761457339287075e-06,53.29684471894353,0.0,0,5.2608225519865215,57.762153,10.811445
2025-01-12 08:30:00,2025-01-12 08:30:00,Class A,352002249_0,57.763703,10.813632,Under way using engine,-19.7,6.9,30.5,11.0,9282481,3E2235,TAGOR,Tanker,Category Y,43.0,252.0,Combined GPS/GLONASS,14.5,EGSUZ,26/01/2025 10:00:00,AIS,POINT (10.813632 57.763703),352002249_0,0 days 00:01:00,-4.488176287049458e-07,36.96578869150443,0.0,0,5.259387548397341,57.763703,10.813632
2025-01-12 08:31:00,2025-01-12 08:31:00,Class A,352002249_0,57.765498,10.814662,Under way using engine,-10.0,6.6,11.1,359.0,9282481,3E2235,TAGOR,Tanker,Category Y,43.0,252.0,Combined GPS/GLONASS,14.5,EGSUZ,26/01/2025 10:00:00,AIS,POINT (10.814662 57.765498),352002249_0,0 days 00:01:00,-1.9738450704250084e-06,17.017497130314382,0.0,0,5.259116795374676,57.765498,10.814662
2025-01-12 08:32:00,2025-01-12 08:32:00,Class A,352002249_0,57.767327,10.814932,Under way using engine,-2.9,6.6,358.4,352.0,9282481,3E2235,TAGOR,Tanker,Category Y,43.0,252.0,Combined GPS/GLONASS,14.5,EGSUZ,26/01/2025 10:00:00,AIS,POINT (10.814932 57.767327),352002249_0,0 days 00:01:00,-1.324789268582559e-06,4.501912004478243,0.0,0,5.259562622840515,57.767327,10.814932
2025-01-12 08:33:00,2025-01-12 08:33:00,Class A,352002249_0,57.76918,10.814668,Under way using engine,-2.2,6.9,353.5,349.0,9282481,3E2235,TAGOR,Tanker,Category Y,43.0,252.0,Combined GPS/GLONASS,14.5,EGSUZ,26/01/2025 10:00:00,AIS,POINT (10.814668 57.76918),352002249_0,0 days 00:01:00,7.326043534444559e-07,355.65475298314266,0.0,0,5.260511979838464,57.76918,10.814668
2025-01-12 08:34:00,2025-01-12 08:34:00,Class A,352002249_0,57.77116,10.814162,Under way using engine,-1.6,7.2,351.3,349.0,9282481,3E2235,TAGOR,Tanker,Category Y,43.0,252.0,Combined GPS/GLONASS,14.5,EGSUZ,26/01/2025 10:00:00,AIS,POINT (10.814162 57.77116),352002249_0,0 days 00:01:00,4.331606589009884e-06,352.2390741601679,0.0,0,5.26173396588045,57.77116,10.814162
2025-01-12 08:35:00,2025-01-12 08:35:00,Class A,352002249_0,57.773203,10.813532,Under way using engine,-2.2,7.5,351.4,350.0,9282481,3E2235,TAGOR,Tanker,Category Y,43.0,252.0,Combined GPS/GLONASS,14.5,EGSUZ,26/01/2025 10:00:00,AIS,POINT (10.813532 57.773203),352002249_0,0 days 00:01:00,2.2327635584392922e-06,350.6615752654112,0.0,0,5.263095115655521,57.773203,10.813532
2025-01-12 08:36:00,2025-01-12 08:36:00,Class A,352002249_0,57.77534,10.812862,Under way using engine,1.6,7.8,350.6,348.0,9282481,3E2235,TAGOR,Tanker,Category Y,43.0,252.0,Combined GPS/GLONASS,14.5,EGSUZ,26/01/2025 10:00:00,AIS,POINT (10.812862 57.77534),352002249_0,0 days 00:01:00,2.977051212498984e-06,350.5088772761613,0.0,0,5.264529625235287,57.77534,10.812862
2025-01-12 08:37:00,2025-01-12 08:37:00,Class A,352002249_0,57.77752,10.812165,Under way using engine,0.7,8.1,350.4,350.0,9282481,3E2235,TAGOR,Tanker,Category Y,43.0,252.0,Combined GPS/GLONASS,14.5,EGSUZ,26/01/2025 10:00:00,AIS,POINT (10.812165 57.77752),352002249_0,0 days 00:01:00,1.3860080339304017e-06,350.32524221344073,0.0,0,5.266006072048627,57.77752,10.812165
2025-01-12 08:38:00,2025-01-12 08:38:00,Class A,352002249_0,57.779823,10.811487,Under way using engine,-8.7,8.5,352.6,348.0,9282481,3E2235,TAGOR,Tanker,Category Y,43.0,252.0,Combined GPS/GLONASS,14.5,EGSUZ,26/01/2025 10:00:00,AIS,POINT (10.811487 57.779823),352002249_0,0 days 00:01:00,3.7042442802107055e-06,351.0793198038502,0.0,0,5.26751255657184,57.779823,10.811487
2025-01-12 08:39:00,2025-01-12 08:39:00,Class A,352002249_0,57.782127,10.810652,Under way using engine,-2.9,8.6,345.5,341.0,9282481,3E2235,TAGOR,Tanker,Category Y,43.0,252.0,Combined GPS/GLONASS,14.5,EGSUZ,26/01/2025 10:00:00,AIS,POINT (10.810652 57.782127),352002249_0,0 days 00:01:00,4.786360418489727e-07,349.0642500350222,0.0,0,5.269165143639077,57.782127,10.810652
2025-01-12 08:40:00,2025-01-12 08:40:00,Class A,352002249_0,57.784445,10.809293,Under way using engine,-2.9,8.9,342.0,340.0,9282481,3E2235,TAGOR,Tanker,Category Y,43.0,252.0,Combined GPS/GLONASS,14.5,EGSUZ,26/01/2025 10:00:00,AIS,POINT (10.809293 57.784445),352002249_0,0 days 00:01:00,2.5438506318919973e-06,342.643413604366,0.0,0,5.271307786680075,57.784445,10.809293
2025-01-12 08:41:00,2025-01-12 08:41:00,Class A,352002249_0,57.786833,10.807782,Under way using engine,-3.6,9.1,341.0,338.0,9282481,3E2235,TAGOR,Tanker,Category Y,43.0,252.0,Combined GPS/GLONASS,14.5,EGSUZ,26/01/2025 10:00:00,AIS,POINT (10.807782 57.786833),352002249_0,0 days 00:01:00,2.8364176408607825e-06,341.3608691669995,0.0,0,5.27361814890849,57.786833,10.807782
2025-01-12 08:42:00,2025-01-12 08:42:00,Class A,352002249_0,57.789265,10.806165,Under way using engine,3.6,9.4,339.9,339.0,9282481,3E2235,TAGOR,Tanker,Category Y,43.0,252.0,Combined GPS/GLONASS,14.5,EGSUZ,26/01/2025 10:00:00,AIS,POINT (10.806165 57.789265),352002249_0,0 days 00:01:00,1.8591691432888324e-06,340.48540460152276,0.0,0,5.276043782352265,57.789265,10.806165
2025-01-12 08:43:00,2025-01-12 08:43:00,Class A,352002249_0,57.791792,10.804448,Under way using engine,-2.9,9.6,340.2,340.0,9282481,3E2235,TAGOR,Tanker,Category Y,43.0,252.0,Combined GPS/GLONASS,14.5,EGSUZ,26/01/2025 10:00:00,AIS,POINT (10.804448 57.791792),352002249_0,0 days 00:01:00,3.3238385355621215e-06,340.0921568838606,0.0,0,5.2785987143748665,57.791792,10.804448
2025-01-12 08:44:00,2025-01-12 08:44:00,Class A,352002249_0,57.794263,10.802773,Under way using engine,-1.6,9.8,340.7,340.0,9282481,3E2235,TAGOR,Tanker,Category Y,43.0,252.0,Combined GPS/GLONASS,14.5,EGSUZ,26/01/2025 10:00:00,AIS,POINT (10.802773 57.794263),352002249_0,0 days 00:01:00,-1.865872278173676e-06,340.1365783166571,0.0,0,5.281093893922545,57.794263,10.802773
2025-01-12 08:45:00,2025-01-12 08:45:00,Class A,352002249_0,57.796943,10.801142,Under way using engine,-11.4,10.0,343.4,336.0,9282481,3E2235,TAGOR,Tanker,Category Y,43.0,252.0,Combined GPS/GLONASS,14.5,EGSUZ,26/01/2025 10:00:00,AIS,POINT (10.801142 57.796943),352002249_0,0 days 00:01:00,5.879572341882869e-06,342.0308165792317,0.0,0,5.283629278658466,57.796943,10.801142
2025-01-12 08:46:00,2025-01-12 08:46:00,Class A,352002249_0,57.799558,10.799277,Under way using engine,-3.6,9.9,335.7,331.0,9282481,3E2235,TAGOR,Tanker,Category Y,43.0,252.0,Combined GPS/GLONASS,14.5,EGSUZ,26/01/2025 10:00:00,AIS,POINT (10.799277 57.799558),352002249_0,0 days 00:01:00,-6.118580705612916e-07,339.1908880195999,0.0,0,5.28635630772813,57.799558,10.799277
2025-01-12 08:47:00,2025-01-12 08:47:00,Class A,352002249_0,57.801988,10.796963,Under way using engine,-1.6,10.0,332.5,330.0,9282481,3E2235,TAGOR,Tanker,Category Y,43.0,252.0,Combined GPS/GLONASS,14.5,EGSUZ,26/01/2025 10:00:00,AIS,POINT (10.796963 57.801988),352002249_0,0 days 00:01:00,-2.2324644687545027e-06,333.09648017493134,0.0,0,5.289427091198157,57.801988,10.796963
2025-01-12 08:48:00,2025-01-12 08:48:00,Class A,352002249_0,57.804488,10.79456,Under way using engine,-7.5,9.9,329.4,320.0,9282481,3E2235,TAGOR,Tanker,Category Y,43.0,252.0,Combined GPS/GLONASS,14.5,EGSUZ,26/01/2025 10:00:00,AIS,POINT (10.79456 57.804488),352002249_0,0 days 00:01:00,2.596060144622276e-06,332.8815476076683,0.0,0,5.292607312820401,57.804488,10.79456
2025-01-12 08:49:00,2025-01-12 08:49:00,Class A,352002249_0,57.806635,10.791577,Under way using engine,2.2,9.8,323.0,320.0,9282481,3E2235,TAGOR,Tanker,Category Y,43.0,252.0,Combined GPS/GLONASS,14.5,EGSUZ,26/01/2025 10:00:00,AIS,POINT (10.791577 57.806635),352002249_0,0 days 00:01:00,-4.23422583368745e-06,323.49042590210564,0.0,0,5.296187113931115,57.806635,10.791577
2025-01-12 08:50:01,2025-01-12 08:50:01,Class A,352002249_0,57.808912,10.788472,Under way using engine,-14.5,10.0,326.1,317.0,9282481,3E2235,TAGOR,Tanker,Category Y,43.0,252.0,Combined GPS/GLONASS,14.5,EGSUZ,26/01/2025 10:00:00,AIS,POINT (10.788472 57.808912),352002249_0,0 days 00:01:01,2.954630120311672e-06,324.0031746621918,0.0,0,5.299929722097831,57.808912,10.788472
2025-01-12 08:51:01,2025-01-12 08:51:01,Class A,352002249_0,57.810995,10.785195,Under way using engine,-1.6,9.8,316.1,310.0,9282481,3E2235,TAGOR,Tanker,Category Y,43.0,252.0,Combined GPS/GLONASS,14.5,EGSUZ,26/01/2025 10:00:00,AIS,POINT (10.785195 57.810995),352002249_0,0 days 00:01:00,-1.5525979116740262e-06,320.0351505709014,0.0,0,5.3037563959422185,57.810995,10.785195
2025-01-12 08:52:01,2025-01-12 08:52:01,Class A,352002249_0,57.812908,10.781503,Under way using engine,-2.9,9.7,310.2,303.0,9282481,3E2235,TAGOR,Tanker,Category Y,43.0,252.0,Combined GPS/GLONASS,14.5,EGSUZ,26/01/2025 10:00:00,AIS,POINT (10.781503 57.812908),352002249_0,0 days 00:01:00,8.160341627521667e-07,314.2081658569432,0.0,0,5.307900508218008,57.812908,10.781503
2025-01-12 08:53:01,2025-01-12 08:53:01,Class A,352002249_0,57.814535,10.77748,Under way using engine,-4.5,9.7,304.8,300.0,9282481,3E2235,TAGOR,Tanker,Category Y,43.0,252.0,Combined GPS/GLONASS,14.5,EGSUZ,26/01/2025 10:00:00,AIS,POINT (10.77748 57.814535),352002249_0,0 days 00:01:00,-1.623376805807841e-06,307.20875013238106,0.0,0,5.312239767014756,57.814535,10.77748
2025-01-12 08:54:01,2025-01-12 08:54:01,Class A,352002249_0,57.816037,10.773257,Under way using engine,1.6,9.8,303.3,300.0,9282481,3E2235,TAGOR,Tanker,Category Y,43.0,252.0,Combined GPS/GLONASS,14.5,EGSUZ,26/01/2025 10:00:00,AIS,POINT (10.773257 57.816037),352002249_0,0 days 00:01:00,4.4768382996089134e-07,303.73435496356467,0.0,0,5.316715373678189,57.816037,10.773257
2025-01-12 08:55:02,2025-01-12 08:55:02,Class A,352002249_0,57.817547,10.768842,Under way using engine,2.9,9.9,302.5,300.0,9282481,3E2235,TAGOR,Tanker,Category Y,43.0,252.0,Combined GPS/GLONASS,14.5,EGSUZ,26/01/2025 10:00:00,AIS,POINT (10.768842 57.817547),352002249_0,0 days 00:01:01,1.344767179170192e-06,302.70755012017844,0.0,0,5.321371237619209,57.817547,10.768842
2025-01-12 08:56:02,2025-01-12 08:56:02,Class A,352002249_0,57.819057,10.76436,Under way using engine,1.6,10.0,302.8,300.0,9282481,3E2235,TAGOR,Tanker,Category Y,43.0,252.0,Combined GPS/GLONASS,14.5,EGSUZ,26/01/2025 10:00:00,AIS,POINT (10.76436 57.819057),352002249_0,0 days 00:01:00,2.349982761518793e-06,302.3175475438222,0.0,0,5.32608894349963,57.819057,10.76436
2025-01-12 08:57:02,2025-01-12 08:57:02,Class A,352002249_0,57.82056,10.760008,Under way using engine,-0.7,10.2,303.1,300.0,9282481,3E2235,TAGOR,Tanker,Category Y,43.0,252.0,Combined GPS/GLONASS,14.5,EGSUZ,26/01/2025 10:00:00,AIS,POINT (10.760008 57.82056),352002249_0,0 days 00:01:00,-1.9274494576535513e-06,302.9635790301663,0.0,0,5.330684012704562,57.82056,10.760008
2025-01-12 08:58:02,2025-01-12 08:58:02,Class A,352002249_0,57.822068,10.755485,Under way using engine,2.2,10.2,301.9,299.0,9282481,3E2235,TAGOR,Tanker,Category Y,43.0,252.0,Combined GPS/GLONASS,14.5,EGSUZ,26/01/2025 10:00:00,AIS,POINT (10.755485 57.822068),352002249_0,0 days 00:01:00,2.4624626356577717e-06,302.05030124313754,0.0,0,5.335438821653286,57.822068,10.755485
2025-01-12 08:59:02,2025-01-12 08:59:02,Class A,352002249_0,57.823602,10.750973,Under way using engine,-3.6,10.3,303.0,300.0,9282481,3E2235,TAGOR,Tanker,Category Y,43.0,252.0,Combined GPS/GLONASS,14.5,EGSUZ,26/01/2025 10:00:00,AIS,POINT (10.750973 57.823602),352002249_0,0 days 00:01:00,2.730411183299193e-07,302.55678735679095,0.0,0,5.340193518799202,57.823602,10.750973
2025-01-12 09:00:02,2025-01-12 09:00:02,Class A,352002249_0,57.82515,10.746468,Under way using engine,-2.9,10.4,302.7,300.0,9282481,3E2235,TAGOR,Tanker,Category Y,43.0,252.0,Combined GPS/GLONASS,14.5,EGSUZ,26/01/2025 10:00:00,AIS,POINT (10.746468 57.82515),352002249_0,0 days 00:01:00,1.336754702510196e-07,302.83495698393216,0.0,0,5.344947168105968,57.82515,10.746468
2025-01-12 09:01:02,2025-01-12 09:01:02,Class A,352002249_0,57.826703,10.741787,Under way using engine,-0.4,10.4,301.6,300.0,9282481,3E2235,TAGOR,Tanker,Category Y,43.0,252.0,Combined GPS/GLONASS,14.5,EGSUZ,26/01/2025 10:00:00,AIS,POINT (10.741787 57.826703),352002249_0,0 days 00:01:00,2.534763133294144e-06,301.9266995224527,0.0,0,5.34986518473148,57.826703,10.741787
2025-01-12 09:02:02,2025-01-12 09:02:02,Class A,352002249_0,57.8282,10.73722,Under way using engine,2.9,10.5,301.9,300.0,9282481,3E2235,TAGOR,Tanker,Category Y,43.0,252.0,Combined GPS/GLONASS,14.5,EGSUZ,26/01/2025 10:00:00,AIS,POINT (10.73722 57.8282),352002249_0,0 days 00:01:00,-2.5141716717459623e-06,301.6181726117613,0.0,0,5.354656453921951,57.8282,10.73722
2025-01-12 09:03:02,2025-01-12 09:03:02,Class A,352002249_0,57.829733,10.732568,Under way using engine,-4.5,10.5,302.6,301.0,9282481,3E2235,TAGOR,Tanker,Category Y,43.0,252.0,Combined GPS/GLONASS,14.5,EGSUZ,26/01/2025 10:00:00,AIS,POINT (10.732568 57.829733),352002249_0,0 days 00:01:00,1.7758757315709082e-06,301.7555956854209,0.0,0,5.359540057555404,57.829733,10.732568
2025-01-12 09:04:02,2025-01-12 09:04:02,Class A,352002249_0,57.831242,10.727992,Under way using engine,3.6,10.5,300.9,301.0,9282481,3E2235,TAGOR,Tanker,Category Y,43.0,252.0,Combined GPS/GLONASS,14.5,EGSUZ,26/01/2025 10:00:00,AIS,POINT (10.727992 57.831242),352002249_0,0 days 00:01:00,-1.460033308692815e-06,301.77440569516034,0.0,0,5.364344305358857,57.831242,10.727992
2025-01-12 09:05:02,2025-01-12 09:05:02,Class A,352002249_0,57.832877,10.72331,Under way using engine,-3.6,10.4,301.1,295.0,9282481,3E2235,TAGOR,Tanker,Category Y,43.0,252.0,Combined GPS/GLONASS,14.5,EGSUZ,26/01/2025 10:00:00,AIS,POINT (10.72331 57.832877),352002249_0,0 days 00:01:00,3.565977746701997e-06,303.2633622127944,0.0,0,5.369294907021686,57.832877,10.72331
2025-01-12 09:06:00,2025-01-12 09:06:00,Class A,352002249_0,57.834167,10.718668,Under way using engine,1.6,10.3,296.6,293.0,9282481,3E2235,TAGOR,Tanker,Category Y,43.0,252.0,Combined GPS/GLONASS,14.5,EGSUZ,26/01/2025 10:00:00,AIS,POINT (10.718668 57.834167),352002249_0,0 days 00:00:58,-3.1000030699122142e-06,297.56606035562135,0.0,0,5.374075848639002,57.834167,10.718668
2025-01-12 09:07:00,2025-01-12 09:07:00,Class A,352002249_0,57.835462,10.713735,Under way using engine,3.6,10.3,295.2,293.0,9282481,3E2235,TAGOR,Tanker,Category Y,43.0,252.0,Combined GPS/GLONASS,14.5,EGSUZ,26/01/2025 10:00:00,AIS,POINT (10.713735 57.835462),352002249_0,0 days 00:01:00,1.3730397253637096e-06,296.2508628057556,0.0,0,5.3791273891932505,57.835462,10.713735
2025-01-12 09:08:00,2025-01-12 09:08:00,Class A,352002249_0,57.836628,10.708998,Under way using engine,-5.4,10.4,294.9,293.0,9282481,3E2235,TAGOR,Tanker,Category Y,43.0,252.0,Combined GPS/GLONASS,14.5,EGSUZ,26/01/2025 10:00:00,AIS,POINT (10.708998 57.836628),352002249_0,0 days 00:01:00,-4.639698545101338e-06,294.81707825010506,0.0,0,5.383948487008024,57.836628,10.708998
2025-01-12 09:09:00,2025-01-12 09:09:00,Class A,352002249_0,57.837853,10.703983,Under way using engine,2.2,10.4,294.5,293.0,9282481,3E2235,TAGOR,Tanker,Category Y,43.0,252.0,Combined GPS/GLONASS,14.5,EGSUZ,26/01/2025 10:00:00,AIS,POINT (10.703983 57.837853),352002249_0,0 days 00:01:00,4.927828090296087e-06,294.65097668710325,0.0,0,5.389049008248674,57.837853,10.703983
2025-01-12 09:10:00,2025-01-12 09:10:00,Class A,352002249_0,57.83907,10.698948,Under way using engine,-2.9,10.4,293.5,291.0,9282481,3E2235,TAGOR,Tanker,Category Y,43.0,252.0,Combined GPS/GLONASS,14.5,EGSUZ,26/01/2025 10:00:00,AIS,POINT (10.698948 57.83907),352002249_0,0 days 00:01:00,1.9513981296808795e-07,294.42376327377787,0.0,0,5.3941650378686035,57.83907,10.698948
2025-01-12 09:11:00,2025-01-12 09:11:00,Class A,352002249_0,57.840162,10.694007,Under way using engine,2.9,10.4,291.9,290.0,9282481,3E2235,TAGOR,Tanker,Category Y,43.0,252.0,Combined GPS/GLONASS,14.5,EGSUZ,26/01/2025 10:00:00,AIS,POINT (10.694007 57.840162),352002249_0,0 days 00:01:00,-2.964344597285506e-06,292.55037532954907,0.0,0,5.399146387169087,57.840162,10.694007
2025-01-12 09:12:00,2025-01-12 09:12:00,Class A,352002249_0,57.841232,10.68885,Under way using engine,-3.6,10.4,291.3,290.0,9282481,3E2235,TAGOR,Tanker,Category Y,43.0,252.0,Combined GPS/GLONASS,14.5,EGSUZ,26/01/2025 10:00:00,AIS,POINT (10.68885 57.841232),352002249_0,0 days 00:01:00,3.051130101269653e-06,291.29840639525776,0.0,0,5.404318882042768,57.841232,10.68885
2025-01-12 09:13:00,2025-01-12 09:13:00,Class A,352002249_0,57.842267,10.68376,Under way using engine,1.1,10.4,290.5,290.0,9282481,3E2235,TAGOR,Tanker,Category Y,43.0,252.0,Combined GPS/GLONASS,14.5,EGSUZ,26/01/2025 10:00:00,AIS,POINT (10.68376 57.842267),352002249_0,0 days 00:01:00,-1.42303006930751e-06,290.91058365739013,0.0,0,5.409416257385726,57.842267,10.68376
2025-01-12 09:14:01,2025-01-12 09:14:01,Class A,352002249_0,57.843288,10.678662,Under way using engine,2.2,10.5,290.5,290.0,9282481,3E2235,TAGOR,Tanker,Category Y,43.0,252.0,Combined GPS/GLONASS,14.5,EGSUZ,26/01/2025 10:00:00,AIS,POINT (10.678662 57.843288),352002249_0,0 days 00:01:01,-1.4802336890373812e-06,290.6226344234996,0.0,0,5.414515834529622,57.843288,10.678662
2025-01-12 09:15:01,2025-01-12 09:15:01,Class A,352002249_0,57.844352,10.673487,Under way using engine,2.2,10.5,291.7,291.0,9282481,3E2235,TAGOR,Tanker,Category Y,43.0,252.0,Combined GPS/GLONASS,14.5,EGSUZ,26/01/2025 10:00:00,AIS,POINT (10.673487 57.844352),352002249_0,0 days 00:01:00,3.130938769479689e-06,291.12409512739185,0.0,0,5.419703203241022,57.844352,10.673487
2025-01-12 09:16:01,2025-01-12 09:16:01,Class A,352002249_0,57.8454,10.668462,Under way using engine,-2.2,10.5,291.0,290.0,9282481,3E2235,TAGOR,Tanker,Category Y,43.0,252.0,Combined GPS/GLONASS,14.5,EGSUZ,26/01/2025 10:00:00,AIS,POINT (10.668462 57.8454),352002249_0,0 days 00:01:00,-2.4882106620697744e-06,291.40073513002926,0.0,0,5.424746078180986,57.8454,10.668462
2025-01-12 09:17:01,2025-01-12 09:17:01,Class A,352002249_0,57.846433,10.663358,Under way using engine,3.6,10.5,291.3,290.0,9282481,3E2235,TAGOR,Tanker,Category Y,43.0,252.0,Combined GPS/GLONASS,14.5,EGSUZ,26/01/2025 10:00:00,AIS,POINT (10.663358 57.846433),352002249_0,0 days 00:01:00,1.0469758486185682e-06,290.8235367053124,0.0,0,5.429856349355937,57.846433,10.663358
2025-01-12 09:18:01,2025-01-12 09:18:01,Class A,352002249_0,57.84748,10.658167,Under way using engine,-1.6,10.5,290.6,290.0,9282481,3E2235,TAGOR,Tanker,Category Y,43.0,252.0,Combined GPS/GLONASS,14.5,EGSUZ,26/01/2025 10:00:00,AIS,POINT (10.658167 57.84748),352002249_0,0 days 00:01:00,1.493226623058335e-06,290.7587206154178,0.0,0,5.435052535209294,57.84748,10.658167
2025-01-12 09:19:01,2025-01-12 09:19:01,Class A,352002249_0,57.84846,10.653112,Under way using engine,-0.7,10.5,290.3,290.0,9282481,3E2235,TAGOR,Tanker,Category Y,43.0,252.0,Combined GPS/GLONASS,14.5,EGSUZ,26/01/2025 10:00:00,AIS,POINT (10.653112 57.84846),352002249_0,0 days 00:01:00,-2.8265089620912374e-06,290.0187071998413,0.0,0,5.440097624730645,57.84846,10.653112
2025-01-12 09:20:01,2025-01-12 09:20:01,Class A,352002249_0,57.849473,10.647937,Under way using engine,-2.2,10.5,289.6,290.0,9282481,3E2235,TAGOR,Tanker,Category Y,43.0,252.0,Combined GPS/GLONASS,14.5,EGSUZ,26/01/2025 10:00:00,AIS,POINT (10.647937 57.849473),352002249_0,0 days 00:01:00,2.207386372380998e-06,290.19788976784133,0.0,0,5.445266405240611,57.849473,10.647937
2025-01-12 09:21:01,2025-01-12 09:21:01,Class A,352002249_0,57.850483,10.642777,Under way using engine,1.6,10.5,290.5,290.0,9282481,3E2235,TAGOR,Tanker,Category Y,43.0,252.0,Combined GPS/GLONASS,14.5,EGSUZ,26/01/2025 10:00:00,AIS,POINT (10.642777 57.850483),352002249_0,0 days 00:01:00,-2.664901271388417e-07,290.19723284030067,0.0,0,5.4504203786021845,57.850483,10.642777
2025-01-12 09:22:01,2025-01-12 09:22:01,Class A,352002249_0,57.851528,10.637585,Under way using engine,2.2,10.5,290.5,290.0,9282481,3E2235,TAGOR,Tanker,Category Y,43.0,252.0,Combined GPS/GLONASS,14.5,EGSUZ,26/01/2025 10:00:00,AIS,POINT (10.637585 57.851528),352002249_0,0 days 00:01:00,8.701880497082934e-07,290.7209216564101,0.0,0,5.455617497967119,57.851528,10.637585
2025-01-12 09:23:01,2025-01-12 09:23:01,Class A,352002249_0,57.852562,10.63249,Under way using engine,1.1,10.5,290.3,290.0,9282481,3E2235,TAGOR,Tanker,Category Y,43.0,252.0,Combined GPS/GLONASS,14.5,EGSUZ,26/01/2025 10:00:00,AIS,POINT (10.63249 57.852562),352002249_0,0 days 00:01:00,-1.6189202349486924e-06,290.87884784623554,0.0,0,5.460720962845839,57.852562,10.63249
2025-01-12 09:24:01,2025-01-12 09:24:01,Class A,352002249_0,57.853657,10.627343,Under way using engine,-17.9,10.5,291.7,280.0,9282481,3E2235,TAGOR,Tanker,Category Y,43.0,252.0,Combined GPS/GLONASS,14.5,EGSUZ,26/01/2025 10:00:00,AIS,POINT (10.627343 57.853657),352002249_0,0 days 00:01:00,1.4822597698695353e-06,291.7951049643667,0.0,0,5.46589596096102,57.853657,10.627343
2025-01-12 09:25:01,2025-01-12 09:25:01,Class A,352002249_0,57.854265,10.622078,Under way using engine,-7.5,10.1,278.1,271.0,9282481,3E2235,TAGOR,Tanker,Category Y,43.0,252.0,Combined GPS/GLONASS,14.5,EGSUZ,26/01/2025 10:00:00,AIS,POINT (10.622078 57.854265),352002249_0,0 days 00:01:00,-2.551803489961024e-06,282.2474866482274,0.0,0,5.470994317654606,57.854265,10.622078
2025-01-12 09:26:01,2025-01-12 09:26:01,Class A,352002249_0,57.854428,10.616965,Under way using engine,1.6,10.0,271.4,269.0,9282481,3E2235,TAGOR,Tanker,Category Y,43.0,252.0,Combined GPS/GLONASS,14.5,EGSUZ,26/01/2025 10:00:00,AIS,POINT (10.616965 57.854428),352002249_0,0 days 00:01:00,-4.371098382589551e-06,273.4309792636056,0.0,0,5.475782840238004,57.854428,10.616965
2025-01-12 09:27:00,2025-01-12 09:27:00,Class A,352002249_0,57.854477,10.611913,Under way using engine,2.9,10.0,270.0,269.0,9282481,3E2235,TAGOR,Tanker,Category Y,43.0,252.0,Combined GPS/GLONASS,14.5,EGSUZ,26/01/2025 10:00:00,AIS,POINT (10.611913 57.854477),352002249_0,0 days 00:00:59,2.7385019791163886e-07,271.04646695552265,0.0,0,5.480472119302315,57.854477,10.611913
2025-01-12 09:28:00,2025-01-12 09:28:00,Class A,352002249_0,57.854472,10.606562,Under way using engine,-0.4,10.1,269.6,269.0,9282481,3E2235,TAGOR,Tanker,Category Y,43.0,252.0,Combined GPS/GLONASS,14.5,EGSUZ,26/01/2025 10:00:00,AIS,POINT (10.606562 57.854472),352002249_0,0 days 00:01:00,3.505087447328084e-06,269.9016446672925,0.0,0,5.4854179737004545,57.854472,10.606562
2025-01-12 09:29:00,2025-01-12 09:29:00,Class A,352002249_0,57.854437,10.601233,Under way using engine,-2.9,10.2,269.7,269.0,9282481,3E2235,TAGOR,Tanker,Category Y,43.0,252.0,Combined GPS/GLONASS,14.5,EGSUZ,26/01/2025 10:00:00,AIS,POINT (10.601233 57.854437),352002249_0,0 days 00:01:00,-3.562491378022685e-07,269.2950390916317,0.0,0,5.4903328315185025,57.854437,10.601233
2025-01-12 09:30:00,2025-01-12 09:30:00,Class A,352002249_0,57.8544,10.595772,Under way using engine,-2.2,10.3,270.1,269.0,9282481,3E2235,TAGOR,Tanker,Category Y,43.0,252.0,Combined GPS/GLONASS,14.5,EGSUZ,26/01/2025 10:00:00,AIS,POINT (10.595772 57.8544),352002249_0,0 days 00:01:00,2.177689238226412e-06,269.2727569289939,0.0,0,5.495369801616629,57.8544,10.595772
2025-01-12 09:31:00,2025-01-12 09:31:00,Class A,352002249_0,57.854363,10.590477,Under way using engine,8.7,10.3,269.1,273.0,9282481,3E2235,TAGOR,Tanker,Category Y,43.0,252.0,Combined GPS/GLONASS,14.5,EGSUZ,26/01/2025 10:00:00,AIS,POINT (10.590477 57.854363),352002249_0,0 days 00:01:00,-2.73742189476683e-06,269.24981822507607,0.0,0,5.500254007174759,57.854363,10.590477
2025-01-12 09:32:00,2025-01-12 09:32:00,Class A,352002249_0,57.854505,10.585093,Under way using engine,5.4,10.4,275.6,279.0,9282481,3E2235,TAGOR,Tanker,Category Y,43.0,252.0,Combined GPS/GLONASS,14.5,EGSUZ,26/01/2025 10:00:00,AIS,POINT (10.585093 57.854505),352002249_0,0 days 00:01:00,1.5688028626329707e-06,272.8400683504499,0.0,0,5.505289214698353,57.854505,10.585093
2025-01-12 09:37:00,2025-01-12 09:37:00,Class A,352002249_0,57.856903,10.55802,Under way using engine,1.1,10.6,279.5,280.0,9282481,3E2235,TAGOR,Tanker,Category Y,43.0,252.0,Combined GPS/GLONASS,14.5,EGSUZ,26/01/2025 10:00:00,AIS,POINT (10.55802 57.856903),352002249_0,0 days 00:05:00,3.2344837615528855e-07,279.4632820634279,0.0,0,5.531254590883067,57.856903,10.55802
2025-01-12 09:38:00,2025-01-12 09:38:00,Class A,352002249_0,57.857403,10.552638,Under way using engine,-2.9,10.6,280.0,280.0,9282481,3E2235,TAGOR,Tanker,Category Y,43.0,252.0,Combined GPS/GLONASS,14.5,EGSUZ,26/01/2025 10:00:00,AIS,POINT (10.552638 57.857403),352002249_0,0 days 00:01:00,-4.2761940349284217e-07,279.9072772474039,0.0,0,5.536426583391221,57.857403,10.552638
2025-01-12 09:39:00,2025-01-12 09:39:00,Class A,352002249_0,57.857923,10.547057,Under way using engine,-1.1,10.7,280.4,280.0,9282481,3E2235,TAGOR,Tanker,Category Y,43.0,252.0,Combined GPS/GLONASS,14.5,EGSUZ,26/01/2025 10:00:00,AIS,POINT (10.547057 57.857923),352002249_0,0 days 00:01:00,3.337972973630355e-06,279.9358180230451,0.0,0,5.5417908517195045,57.857923,10.547057
2025-01-12 09:40:00,2025-01-12 09:40:00,Class A,352002249_0,57.858467,10.541582,Under way using engine,-1.6,10.7,280.7,280.0,9282481,3E2235,TAGOR,Tanker,Category Y,43.0,252.0,Combined GPS/GLONASS,14.5,EGSUZ,26/01/2025 10:00:00,AIS,POINT (10.541582 57.858467),352002249_0,0 days 00:01:00,-1.589588288417708e-06,280.5811465738035,0.0,0,5.547066475902464,57.858467,10.541582
2025-01-12 09:41:00,2025-01-12 09:41:00,Class A,352002249_0,57.858975,10.536055,Under way using engine,4.5,10.7,280.0,280.0,9282481,3E2235,TAGOR,Tanker,Category Y,43.0,252.0,Combined GPS/GLONASS,14.5,EGSUZ,26/01/2025 10:00:00,AIS,POINT (10.536055 57.858975),352002249_0,0 days 00:01:00,6.46064268164974e-07,279.80428106051943,0.0,0,5.552377136778265,57.858975,10.536055
2025-01-12 09:42:00,2025-01-12 09:42:00,Class A,352002249_0,57.859507,10.530548,Under way using engine,-1.1,10.7,281.0,281.0,9282481,3E2235,TAGOR,Tanker,Category Y,43.0,252.0,Combined GPS/GLONASS,14.5,EGSUZ,26/01/2025 10:00:00,AIS,POINT (10.530548 57.859507),352002249_0,0 days 00:01:00,-1.96766533805129e-07,280.2943392584973,0.0,0,5.557678777468612,57.859507,10.530548
2025-01-12 09:43:00,2025-01-12 09:43:00,Class A,352002249_0,57.860062,10.525032,Under way using engine,-2.9,10.7,280.7,280.0,9282481,3E2235,TAGOR,Tanker,Category Y,43.0,252.0,Combined GPS/GLONASS,14.5,EGSUZ,26/01/2025 10:00:00,AIS,POINT (10.525032 57.860062),352002249_0,0 days 00:01:00,2.7403480996852797e-07,280.7122409336444,0.0,0,5.562997862587761,57.860062,10.525032
2025-01-12 09:44:00,2025-01-12 09:44:00,Class A,352002249_0,57.86062,10.519498,Under way using engine,-2.9,10.8,280.7,280.0,9282481,3E2235,TAGOR,Tanker,Category Y,43.0,252.0,Combined GPS/GLONASS,14.5,EGSUZ,26/01/2025 10:00:00,AIS,POINT (10.519498 57.86062),352002249_0,0 days 00:01:00,3.0750798730395585e-07,280.73474784901714,0.0,0,5.568335192906761,57.86062,10.519498
2025-01-12 09:45:00,2025-01-12 09:45:00,Class A,352002249_0,57.861185,10.514057,Under way using engine,-1.1,10.8,281.0,280.0,9282481,3E2235,TAGOR,Tanker,Category Y,43.0,252.0,Combined GPS/GLONASS,14.5,EGSUZ,26/01/2025 10:00:00,AIS,POINT (10.514057 57.861185),352002249_0,0 days 00:01:00,-1.4665763962210267e-06,281.04748827923214,0.0,0,5.57358941211227,57.861185,10.514057
2025-01-12 09:54:00,2025-01-12 09:54:00,Class A,352002249_0,57.866147,10.464353,Under way using engine,-2.9,10.7,282.0,280.0,9282481,3E2235,TAGOR,Tanker,Category Y,43.0,252.0,Combined GPS/GLONASS,14.5,EGSUZ,26/01/2025 10:00:00,AIS,POINT (10.464353 57.866147),352002249_0,0 days 00:09:00,1.3739015736487676e-07,280.65038193055966,0.0,0,5.621531777216064,57.866147,10.464353
2025-01-12 09:55:00,2025-01-12 09:55:00,Class A,352002249_0,57.866717,10.45896,Under way using engine,-3.6,10.7,280.5,277.0,9282481,3E2235,TAGOR,Tanker,Category Y,43.0,252.0,Combined GPS/GLONASS,14.5,EGSUZ,26/01/2025 10:00:00,AIS,POINT (10.45896 57.866717),352002249_0,0 days 00:01:00,-1.996680823531984e-06,281.2411035851619,0.0,0,5.626747537207352,57.866717,10.45896
2025-01-12 09:56:00,2025-01-12 09:56:00,Class A,352002249_0,57.867175,10.453348,Under way using engine,-3.6,10.6,276.0,271.0,9282481,3E2235,TAGOR,Tanker,Category Y,43.0,252.0,Combined GPS/GLONASS,14.5,EGSUZ,26/01/2025 10:00:00,AIS,POINT (10.453348 57.867175),352002249_0,0 days 00:01:00,2.956147101614998e-06,278.72560027401084,0.0,0,5.632125103677031,57.867175,10.453348
2025-01-12 09:57:00,2025-01-12 09:57:00,Class A,352002249_0,57.867353,10.447815,Under way using engine,-3.6,10.6,272.4,269.0,9282481,3E2235,TAGOR,Tanker,Category Y,43.0,252.0,Combined GPS/GLONASS,14.5,EGSUZ,26/01/2025 10:00:00,AIS,POINT (10.447815 57.867353),352002249_0,0 days 00:01:00,-2.2158745254712676e-06,273.46362883832336,0.0,0,5.637325497216743,57.867353,10.447815
2025-01-12 09:58:00,2025-01-12 09:58:00,Class A,352002249_0,57.867383,10.442372,Under way using engine,-0.7,10.6,270.0,269.0,9282481,3E2235,TAGOR,Tanker,Category Y,43.0,252.0,Combined GPS/GLONASS,14.5,EGSUZ,26/01/2025 10:00:00,AIS,POINT (10.442372 57.867383),352002249_0,0 days 00:01:00,-1.6453196852203125e-06,270.5960162591135,0.0,0,5.642387890451788,57.867383,10.442372
2025-01-12 10:10:01,2025-01-12 10:10:01,Class A,352002249_0,57.866162,10.376185,Under way using engine,-2.9,10.4,267.2,266.0,9282481,3E2235,TAGOR,Tanker,Category Y,43.0,252.0,Combined GPS/GLONASS,14.5,EGSUZ,26/01/2025 10:00:00,AIS,POINT (10.376185 57.866162),352002249_0,0 days 00:12:01,9.333825224622054e-08,268.04160956143284,0.0,0,5.703418777625313,57.866162,10.376185
2025-01-12 10:11:01,2025-01-12 10:11:01,Class A,352002249_0,57.866008,10.37076,Under way using engine,2.2,10.4,267.1,266.0,9282481,3E2235,TAGOR,Tanker,Category Y,43.0,252.0,Combined GPS/GLONASS,14.5,EGSUZ,26/01/2025 10:00:00,AIS,POINT (10.37076 57.866008),352002249_0,0 days 00:01:00,-1.293184430569078e-06,266.94736275612604,0.0,0,5.708406431742575,57.866008,10.37076
2025-01-12 10:12:01,2025-01-12 10:12:01,Class A,352002249_0,57.865865,10.365337,Under way using engine,-1.6,10.4,267.4,266.0,9282481,3E2235,TAGOR,Tanker,Category Y,43.0,252.0,Combined GPS/GLONASS,14.5,EGSUZ,26/01/2025 10:00:00,AIS,POINT (10.365337 57.865865),352002249_0,0 days 00:01:00,-5.0023335500003094e-08,267.16416839121246,0.0,0,5.713397069163843,57.865865,10.365337
2025-01-12 10:13:01,2025-01-12 10:13:01,Class A,352002249_0,57.865725,10.359898,Under way using engine,-2.2,10.4,267.1,264.0,9282481,3E2235,TAGOR,Tanker,Category Y,43.0,252.0,Combined GPS/GLONASS,14.5,EGSUZ,26/01/2025 10:00:00,AIS,POINT (10.359898 57.865725),352002249_0,0 days 00:01:00,2.592988146976182e-07,267.2317942052938,0.0,0,5.718404481651241,57.865725,10.359898
2025-01-12 10:14:01,2025-01-12 10:14:01,Class A,352002249_0,57.865553,10.354578,Under way using engine,1.1,10.4,266.0,264.0,9282481,3E2235,TAGOR,Tanker,Category Y,43.0,252.0,Combined GPS/GLONASS,14.5,EGSUZ,26/01/2025 10:00:00,AIS,POINT (10.354578 57.865553),352002249_0,0 days 00:01:00,-1.9048722921229342e-06,266.5239275642017,0.0,0,5.723290241712453,57.865553,10.354578
2025-01-12 10:15:01,2025-01-12 10:15:01,Class A,352002249_0,57.86532,10.34909,Under way using engine,-1.6,10.4,265.5,264.0,9282481,3E2235,TAGOR,Tanker,Category Y,43.0,252.0,Combined GPS/GLONASS,14.5,EGSUZ,26/01/2025 10:00:00,AIS,POINT (10.34909 57.86532),352002249_0,0 days 00:01:00,2.8957883584500877e-06,265.4387302926025,0.0,0,5.728310743511387,57.86532,10.34909
2025-01-12 10:20:01,2025-01-12 10:20:01,Class A,352002249_0,57.864188,10.322048,Under way using engine,-2.2,10.3,264.9,263.0,9282481,3E2235,TAGOR,Tanker,Category Y,43.0,252.0,Combined GPS/GLONASS,14.5,EGSUZ,26/01/2025 10:00:00,AIS,POINT (10.322048 57.864188),352002249_0,0 days 00:05:00,-2.645456108359868e-07,265.5116819834683,0.0,0,5.753067636381132,57.864188,10.322048
2025-01-12 10:21:01,2025-01-12 10:21:01,Class A,352002249_0,57.863935,10.316568,Under way using engine,-2.2,10.4,265.1,263.0,9282481,3E2235,TAGOR,Tanker,Category Y,43.0,252.0,Combined GPS/GLONASS,14.5,EGSUZ,26/01/2025 10:00:00,AIS,POINT (10.316568 57.863935),352002249_0,0 days 00:01:00,1.245985522914427e-06,265.0418679614904,0.0,0,5.758078498529608,57.863935,10.316568
2025-01-12 10:22:01,2025-01-12 10:22:01,Class A,352002249_0,57.863673,10.31126,Under way using engine,-2.9,10.4,264.5,263.0,9282481,3E2235,TAGOR,Tanker,Category Y,43.0,252.0,Combined GPS/GLONASS,14.5,EGSUZ,26/01/2025 10:00:00,AIS,POINT (10.31126 57.863673),352002249_0,0 days 00:01:00,-2.799150286970703e-06,264.700809279402,0.0,0,5.762926744924404,57.863673,10.31126
2025-01-12 10:37:00,2025-01-12 10:37:00,Class A,352002249_0,57.858588,10.229522,Under way using engine,-2.2,10.4,264.0,263.0,9282481,3E2235,TAGOR,Tanker,Category Y,43.0,252.0,Combined GPS/GLONASS,14.5,EGSUZ,26/01/2025 10:00:00,AIS,POINT (10.229522 57.858588),352002249_0,0 days 00:14:59,1.7825510096226913e-07,263.3645169173887,0.0,0,5.837310879990202,57.858588,10.229522
2025-01-12 10:38:00,2025-01-12 10:38:00,Class A,352002249_0,57.858238,10.224013,Under way using engine,-2.2,10.4,262.4,262.0,9282481,3E2235,TAGOR,Tanker,Category Y,43.0,252.0,Combined GPS/GLONASS,14.5,EGSUZ,26/01/2025 10:00:00,AIS,POINT (10.224013 57.858238),352002249_0,0 days 00:01:00,9.253154408770502e-07,263.1923876093923,0.0,0,5.842328863527027,57.858238,10.224013
2025-01-12 10:39:00,2025-01-12 10:39:00,Class A,352002249_0,57.857843,10.21872,Under way using engine,3.6,10.4,262.8,265.0,9282481,3E2235,TAGOR,Tanker,Category Y,43.0,252.0,Combined GPS/GLONASS,14.5,EGSUZ,26/01/2025 10:00:00,AIS,POINT (10.21872 57.857843),352002249_0,0 days 00:01:00,-3.3528026957558266e-06,262.01739656885275,0.0,0,5.84712994644766,57.857843,10.21872
2025-01-12 10:40:00,2025-01-12 10:40:00,Class A,352002249_0,57.857543,10.213345,Under way using engine,2.2,10.4,265.4,266.0,9282481,3E2235,TAGOR,Tanker,Category Y,43.0,252.0,Combined GPS/GLONASS,14.5,EGSUZ,26/01/2025 10:00:00,AIS,POINT (10.213345 57.857543),352002249_0,0 days 00:01:00,9.863902999396902e-07,264.0133553756783,0.0,0,5.8520424375742515,57.857543,10.213345
2025-01-12 10:41:00,2025-01-12 10:41:00,Class A,352002249_0,57.857362,10.207833,Under way using engine,2.2,10.3,266.8,266.0,9282481,3E2235,TAGOR,Tanker,Category Y,43.0,252.0,Combined GPS/GLONASS,14.5,EGSUZ,26/01/2025 10:00:00,AIS,POINT (10.207833 57.857362),352002249_0,0 days 00:01:00,1.9475875274519518e-06,266.47044219149154,0.0,0,5.857126211481616,57.857362,10.207833
2025-01-12 10:42:00,2025-01-12 10:42:00,Class A,352002249_0,57.857203,10.202525,Under way using engine,0.7,10.3,266.5,266.0,9282481,3E2235,TAGOR,Tanker,Category Y,43.0,252.0,Combined GPS/GLONASS,14.5,EGSUZ,26/01/2025 10:00:00,AIS,POINT (10.202525 57.857203),352002249_0,0 days 00:01:00,-3.3979672466637307e-06,266.77973602344895,0.0,0,5.86202802850771,57.857203,10.202525
2025-01-12 10:43:00,2025-01-12 10:43:00,Class A,352002249_0,57.857,10.197058,Under way using engine,-1.6,10.3,265.7,265.0,9282481,3E2235,TAGOR,Tanker,Category Y,43.0,252.0,Combined GPS/GLONASS,14.5,EGSUZ,26/01/2025 10:00:00,AIS,POINT (10.197058 57.857),352002249_0,0 days 00:01:00,2.702908321530765e-06,266.0099736364217,0.0,0,5.867063440141413,57.857,10.197058
2025-01-12 10:44:00,2025-01-12 10:44:00,Class A,352002249_0,57.856788,10.191807,Under way using engine,-2.2,10.3,265.5,266.0,9282481,3E2235,TAGOR,Tanker,Category Y,43.0,252.0,Combined GPS/GLONASS,14.5,EGSUZ,26/01/2025 10:00:00,AIS,POINT (10.191807 57.856788),352002249_0,0 days 00:01:00,-3.5320492865742863e-06,265.66267896271097,0.0,0,5.871894577728469,57.856788,10.191807
2025-01-12 10:45:00,2025-01-12 10:45:00,Class A,352002249_0,57.85655,10.186362,Under way using engine,1.6,10.3,265.9,266.0,9282481,3E2235,TAGOR,Tanker,Category Y,43.0,252.0,Combined GPS/GLONASS,14.5,EGSUZ,26/01/2025 10:00:00,AIS,POINT (10.186362 57.85655),352002249_0,0 days 00:01:00,3.2532209665703827e-06,265.3057013546165,0.0,0,5.876898510595532,57.85655,10.186362
2025-01-12 10:46:00,2025-01-12 10:46:00,Class A,352002249_0,57.85636,10.180988,Under way using engine,-2.2,10.3,266.0,266.0,9282481,3E2235,TAGOR,Tanker,Category Y,43.0,252.0,Combined GPS/GLONASS,14.5,EGSUZ,26/01/2025 10:00:00,AIS,POINT (10.180988 57.85636),352002249_0,0 days 00:01:00,-1.2770187385456311e-06,266.20043011496176,0.0,0,5.881853925430656,57.85636,10.180988
2025-01-12 10:47:00,2025-01-12 10:47:00,Class A,352002249_0,57.856162,10.175738,Under way using engine,4.5,10.3,266.1,266.0,9282481,3E2235,TAGOR,Tanker,Category Y,43.0,252.0,Combined GPS/GLONASS,14.5,EGSUZ,26/01/2025 10:00:00,AIS,POINT (10.175738 57.856162),352002249_0,0 days 00:01:00,-2.0227737529844755e-06,265.94756456537823,0.0,0,5.886691317505954,57.856162,10.175738
2025-01-12 10:48:00,2025-01-12 10:48:00,Class A,352002249_0,57.85597,10.170295,Under way using engine,-3.6,10.3,266.2,266.0,9282481,3E2235,TAGOR,Tanker,Category Y,43.0,252.0,Combined GPS/GLONASS,14.5,EGSUZ,26/01/2025 10:00:00,AIS,POINT (10.170295 57.85597),352002249_0,0 days 00:01:00,3.163252717634689e-06,266.2091580541742,0.0,0,5.8917120038128985,57.85597,10.170295
2025-01-12 10:55:02,2025-01-12 10:55:02,Class A,352002249_0,57.854935,10.13258,Under way using engine,-2.2,10.3,267.6,266.0,9282481,3E2235,TAGOR,Tanker,Category Y,43.0,252.0,Combined GPS/GLONASS,14.5,EGSUZ,26/01/2025 10:00:00,AIS,POINT (10.13258 57.854935),352002249_0,0 days 00:07:02,-2.002206795257555e-07,267.06335761350806,0.0,0,5.926625499139707,57.854935,10.13258
2025-01-12 10:57:00,2025-01-12 10:57:00,Class A,352002249_0,57.854585,10.121912,Under way using engine,2.9,10.3,266.1,265.0,9282481,3E2235,TAGOR,Tanker,Category Y,43.0,252.0,Combined GPS/GLONASS,14.5,EGSUZ,26/01/2025 10:00:00,AIS,POINT (10.121912 57.854585),352002249_0,0 days 00:01:58,5.480191177765697e-07,266.47600441892325,0.0,0,5.936487185964862,57.854585,10.121912
2025-01-12 10:58:00,2025-01-12 10:58:00,Class A,352002249_0,57.854388,10.116553,Under way using engine,4.5,10.3,267.3,269.0,9282481,3E2235,TAGOR,Tanker,Category Y,43.0,252.0,Combined GPS/GLONASS,14.5,EGSUZ,26/01/2025 10:00:00,AIS,POINT (10.116553 57.854388),352002249_0,0 days 00:01:00,-1.0374123134625963e-06,266.050007426122,0.0,0,5.9414347555704925,57.854388,10.116553
2025-01-12 10:59:00,2025-01-12 10:59:00,Class A,352002249_0,57.854373,10.111178,Under way using engine,1.1,10.3,271.1,271.0,9282481,3E2235,TAGOR,Tanker,Category Y,43.0,252.0,Combined GPS/GLONASS,14.5,EGSUZ,26/01/2025 10:00:00,AIS,POINT (10.111178 57.854373),352002249_0,0 days 00:01:00,5.5463433101911207e-08,269.70176455217967,0.0,0,5.94646193030116,57.854373,10.111178
2025-01-12 11:00:00,2025-01-12 11:00:00,Class A,352002249_0,57.85449,10.10579,Under way using engine,-0.4,10.3,272.7,271.0,9282481,3E2235,TAGOR,Tanker,Category Y,43.0,252.0,Combined GPS/GLONASS,14.5,EGSUZ,26/01/2025 10:00:00,AIS,POINT (10.10579 57.85449),352002249_0,0 days 00:01:00,2.867533713068101e-07,272.33933870528415,0.0,0,5.951548198212628,57.85449,10.10579
2025-01-12 11:01:00,2025-01-12 11:01:00,Class A,352002249_0,57.854627,10.100483,Under way using engine,-3.6,10.3,272.4,270.0,9282481,3E2235,TAGOR,Tanker,Category Y,43.0,252.0,Combined GPS/GLONASS,14.5,EGSUZ,26/01/2025 10:00:00,AIS,POINT (10.100483 57.854627),352002249_0,0 days 00:01:00,-1.3073204008051936e-06,272.77994258373496,0.0,0,5.956566151353479,57.854627,10.100483
2025-01-12 11:02:00,2025-01-12 11:02:00,Class A,352002249_0,57.854702,10.095008,Under way using engine,0.7,10.3,271.0,269.0,9282481,3E2235,TAGOR,Tanker,Category Y,43.0,252.0,Combined GPS/GLONASS,14.5,EGSUZ,26/01/2025 10:00:00,AIS,POINT (10.095008 57.854702),352002249_0,0 days 00:01:00,2.6976914522174015e-06,271.47712803129804,0.0,0,5.961720244669319,57.854702,10.095008
2025-01-12 11:03:00,2025-01-12 11:03:00,Class A,352002249_0,57.854702,10.08962,Under way using engine,-1.6,10.3,269.8,269.0,9282481,3E2235,TAGOR,Tanker,Category Y,43.0,252.0,Combined GPS/GLONASS,14.5,EGSUZ,26/01/2025 10:00:00,AIS,POINT (10.08962 57.854702),352002249_0,0 days 00:01:00,-1.4647295364471607e-06,270.00228101395254,0.0,0,5.966767163421412,57.854702,10.08962
2025-01-12 11:04:00,2025-01-12 11:04:00,Class A,352002249_0,57.8547,10.084203,Under way using engine,0.7,10.4,270.6,270.0,9282481,3E2235,TAGOR,Tanker,Category Y,43.0,252.0,Combined GPS/GLONASS,14.5,EGSUZ,26/01/2025 10:00:00,AIS,POINT (10.084203 57.8547),352002249_0,0 days 00:01:00,4.782999330671215e-07,269.9625351150771,0.0,0,5.971841147775868,57.8547,10.084203
2025-01-12 11:09:01,2025-01-12 11:09:01,Class A,352002249_0,57.855063,10.0569,Under way using engine,2.2,10.5,271.0,270.0,9282481,3E2235,TAGOR,Tanker,Category Y,43.0,252.0,Combined GPS/GLONASS,14.5,EGSUZ,26/01/2025 10:00:00,AIS,POINT (10.0569 57.855063),352002249_0,0 days 00:05:01,8.916448798534935e-08,271.4429666971997,0.0,0,5.997554317303429,57.855063,10.0569
2025-01-12 11:10:01,2025-01-12 11:10:01,Class A,352002249_0,57.855132,10.051395,Under way using engine,3.6,10.5,272.2,272.0,9282481,3E2235,TAGOR,Tanker,Category Y,43.0,252.0,Combined GPS/GLONASS,14.5,EGSUZ,26/01/2025 10:00:00,AIS,POINT (10.051395 57.855132),352002249_0,0 days 00:01:00,1.0280851737317637e-06,271.3518265232142,0.0,0,6.00273901136048,57.855132,10.051395
2025-01-12 11:11:01,2025-01-12 11:11:01,Class A,352002249_0,57.855303,10.045938,Under way using engine,-0.4,10.5,273.6,273.0,9282481,3E2235,TAGOR,Tanker,Category Y,43.0,252.0,Combined GPS/GLONASS,14.5,EGSUZ,26/01/2025 10:00:00,AIS,POINT (10.045938 57.855303),352002249_0,0 days 00:01:00,-6.6165580087864e-07,273.3728725399417,0.0,0,6.007914735170681,57.855303,10.045938
2025-01-12 11:12:01,2025-01-12 11:12:01,Class A,352002249_0,57.855505,10.040417,Under way using engine,-2.2,10.5,274.2,273.0,9282481,3E2235,TAGOR,Tanker,Category Y,43.0,252.0,Combined GPS/GLONASS,14.5,EGSUZ,26/01/2025 10:00:00,AIS,POINT (10.040417 57.855505),352002249_0,0 days 00:01:00,1.1138748894035563e-06,273.9361556583245,0.0,0,6.013161744707189,57.855505,10.040417
2025-01-12 11:13:01,2025-01-12 11:13:01,Class A,352002249_0,57.855703,10.03492,Under way using engine,-3.6,10.5,274.1,272.0,9282481,3E2235,TAGOR,Tanker,Category Y,43.0,252.0,Combined GPS/GLONASS,14.5,EGSUZ,26/01/2025 10:00:00,AIS,POINT (10.03492 57.855703),352002249_0,0 days 00:01:00,-4.0380200848353154e-07,273.87529186949877,0.0,0,6.018385355256424,57.855703,10.03492
2025-01-12 11:17:00,2025-01-12 11:17:00,Class A,352002249_0,57.856298,10.013035,Under way using engine,-3.6,10.5,269.8,266.0,9282481,3E2235,TAGOR,Tanker,Category Y,43.0,252.0,Combined GPS/GLONASS,14.5,EGSUZ,26/01/2025 10:00:00,AIS,POINT (10.013035 57.856298),352002249_0,0 days 00:03:59,-3.441217121807493e-08,272.934521063757,0.0,0,6.039119902888583,57.856298,10.013035
2025-01-12 11:18:00,2025-01-12 11:18:00,Class A,352002249_0,57.856198,10.007667,Under way using engine,-2.9,10.4,266.9,264.0,9282481,3E2235,TAGOR,Tanker,Category Y,43.0,252.0,Combined GPS/GLONASS,14.5,EGSUZ,26/01/2025 10:00:00,AIS,POINT (10.007667 57.856198),352002249_0,0 days 00:01:00,-2.1446329264534383e-06,267.99695052738605,0.0,0,6.044121922864974,57.856198,10.007667
2025-01-12 11:19:00,2025-01-12 11:19:00,Class A,352002249_0,57.855982,10.002253,Under way using engine,0.7,10.4,265.3,264.0,9282481,3E2235,TAGOR,Tanker,Category Y,43.0,252.0,Combined GPS/GLONASS,14.5,EGSUZ,26/01/2025 10:00:00,AIS,POINT (10.002253 57.855982),352002249_0,0 days 00:01:00,9.546846303552878e-07,265.7138892182868,0.0,0,6.049127667641425,57.855982,10.002253
2025-01-12 11:20:00,2025-01-12 11:20:00,Class A,352002249_0,57.855733,9.99674,Under way using engine,-1.6,10.4,265.4,264.0,9282481,3E2235,TAGOR,Tanker,Category Y,43.0,252.0,Combined GPS/GLONASS,14.5,EGSUZ,26/01/2025 10:00:00,AIS,POINT (9.99674 57.855733),352002249_0,0 days 00:01:00,1.7093025369174063e-06,265.1501117656445,0.0,0,6.054215651445279,57.855733,9.99674
2025-01-12 11:21:00,2025-01-12 11:21:00,Class A,352002249_0,57.855532,9.9914,Under way using engine,1.6,10.4,266.2,264.0,9282481,3E2235,TAGOR,Tanker,Category Y,43.0,252.0,Combined GPS/GLONASS,14.5,EGSUZ,26/01/2025 10:00:00,AIS,POINT (9.9914 57.855532),352002249_0,0 days 00:01:00,-2.9590192198459173e-06,265.95558479010236,0.0,0,6.059158547067734,57.855532,9.9914
2025-01-12 11:22:01,2025-01-12 11:22:01,Class A,352002249_0,57.855342,9.985857,Under way using engine,-5.4,10.4,266.5,265.0,9282481,3E2235,TAGOR,Tanker,Category Y,43.0,252.0,Combined GPS/GLONASS,14.5,EGSUZ,26/01/2025 10:00:00,AIS,POINT (9.985857 57.855342),352002249_0,0 days 00:01:01,1.7863898268200508e-06,266.31619506386807,0.0,0,6.064296487333135,57.855342,9.985857
2025-01-12 11:31:00,2025-01-12 11:31:00,Class A,352002249_0,57.853507,9.936908,Under way using engine,1.6,10.3,266.6,265.0,9282481,3E2235,TAGOR,Tanker,Category Y,43.0,252.0,Combined GPS/GLONASS,14.5,EGSUZ,26/01/2025 10:00:00,AIS,POINT (9.936908 57.853507),352002249_0,0 days 00:08:59,-1.6764229533138191e-09,265.9905173918229,0.0,0,6.109645801445857,57.853507,9.936908
2025-01-12 11:32:00,2025-01-12 11:32:00,Class A,352002249_0,57.853352,9.931543,Under way using engine,-0.7,10.3,266.6,264.0,9282481,3E2235,TAGOR,Tanker,Category Y,43.0,252.0,Combined GPS/GLONASS,14.5,EGSUZ,26/01/2025 10:00:00,AIS,POINT (9.931543 57.853352),352002249_0,0 days 00:01:00,-1.4728314225347875e-06,266.89430894747903,0.0,0,6.114635413262594,57.853352,9.931543
2025-01-12 11:33:00,2025-01-12 11:33:00,Class A,352002249_0,57.85317,9.926298,Under way using engine,-2.2,10.2,265.9,264.0,9282481,3E2235,TAGOR,Tanker,Category Y,43.0,252.0,Combined GPS/GLONASS,14.5,EGSUZ,26/01/2025 10:00:00,AIS,POINT (9.926298 57.85317),352002249_0,0 days 00:01:00,-1.9255277358439887e-06,266.27101337312564,0.0,0,6.119503649714084,57.85317,9.926298
2025-01-12 11:34:00,2025-01-12 11:34:00,Class A,352002249_0,57.852945,9.920902,Under way using engine,1.1,10.2,265.5,264.0,9282481,3E2235,TAGOR,Tanker,Category Y,43.0,252.0,Combined GPS/GLONASS,14.5,EGSUZ,26/01/2025 10:00:00,AIS,POINT (9.920902 57.852945),352002249_0,0 days 00:01:00,2.579693967185619e-06,265.5214441863464,0.0,0,6.1244998294640345,57.852945,9.920902
2025-01-12 11:35:00,2025-01-12 11:35:00,Class A,352002249_0,57.852697,9.915583,Under way using engine,2.2,10.2,265.7,264.0,9282481,3E2235,TAGOR,Tanker,Category Y,43.0,252.0,Combined GPS/GLONASS,14.5,EGSUZ,26/01/2025 10:00:00,AIS,POINT (9.915583 57.852697),352002249_0,0 days 00:01:00,-1.206326414188207e-06,264.9944571097527,0.0,0,6.129416464431993,57.852697,9.915583
2025-01-12 11:36:00,2025-01-12 11:36:00,Class A,352002249_0,57.852478,9.910345,Under way using engine,-3.6,10.2,265.9,264.0,9282481,3E2235,TAGOR,Tanker,Category Y,43.0,252.0,Combined GPS/GLONASS,14.5,EGSUZ,26/01/2025 10:00:00,AIS,POINT (9.910345 57.852478),352002249_0,0 days 00:01:00,-1.4049881274741325e-06,265.5094175033141,0.0,0,6.13426747051879,57.852478,9.910345
2025-01-12 11:37:00,2025-01-12 11:37:00,Class A,352002249_0,57.852267,9.90492,Under way using engine,2.2,10.2,265.9,264.0,9282481,3E2235,TAGOR,Tanker,Category Y,43.0,252.0,Combined GPS/GLONASS,14.5,EGSUZ,26/01/2025 10:00:00,AIS,POINT (9.90492 57.852267),352002249_0,0 days 00:01:00,3.057302671988646e-06,265.82169954674856,0.0,0,6.139297713835759,57.852267,9.90492
2025-01-12 11:38:00,2025-01-12 11:38:00,Class A,352002249_0,57.852058,9.899692,Under way using engine,-2.2,10.2,265.8,264.0,9282481,3E2235,TAGOR,Tanker,Category Y,43.0,252.0,Combined GPS/GLONASS,14.5,EGSUZ,26/01/2025 10:00:00,AIS,POINT (9.899692 57.852058),352002249_0,0 days 00:01:00,-3.2444009268312785e-06,265.7056588145806,0.0,0,6.144144012476596,57.852058,9.899692
2025-01-12 11:39:00,2025-01-12 11:39:00,Class A,352002249_0,57.851833,9.894278,Under way using engine,2.9,10.2,265.4,264.0,9282481,3E2235,TAGOR,Tanker,Category Y,43.0,252.0,Combined GPS/GLONASS,14.5,EGSUZ,26/01/2025 10:00:00,AIS,POINT (9.894278 57.851833),352002249_0,0 days 00:01:00,3.0971302919775207e-06,265.5364262816365,0.0,0,6.149160493127577,57.851833,9.894278
2025-01-12 11:40:01,2025-01-12 11:40:01,Class A,352002249_0,57.851592,9.888892,Under way using engine,-2.2,10.2,265.3,264.0,9282481,3E2235,TAGOR,Tanker,Category Y,43.0,252.0,Combined GPS/GLONASS,14.5,EGSUZ,26/01/2025 10:00:00,AIS,POINT (9.888892 57.851592),352002249_0,0 days 00:01:01,-1.850396339203407e-06,265.19555299344574,0.0,0,6.154145890709447,57.851592,9.888892
2025-01-12 11:41:01,2025-01-12 11:41:01,Class A,352002249_0,57.85137,9.883683,Under way using engine,-2.2,10.2,265.7,264.0,9282481,3E2235,TAGOR,Tanker,Category Y,43.0,252.0,Combined GPS/GLONASS,14.5,EGSUZ,26/01/2025 10:00:00,AIS,POINT (9.883683 57.85137),352002249_0,0 days 00:01:00,-1.4956545652358074e-06,265.4230108838675,0.0,0,6.158971854886903,57.85137,9.883683
2025-01-12 11:48:00,2025-01-12 11:48:00,Class A,352002249_0,57.849782,9.846723,Under way using engine,0.7,10.1,266.3,265.0,9282481,3E2235,TAGOR,Tanker,Category Y,43.0,252.0,Combined GPS/GLONASS,14.5,EGSUZ,26/01/2025 10:00:00,AIS,POINT (9.846723 57.849782),352002249_0,0 days 00:06:59,1.9904892513525397e-07,265.39946337190327,0.0,0,6.193227799138747,57.849782,9.846723
2025-01-12 11:49:00,2025-01-12 11:49:00,Class A,352002249_0,57.849628,9.841363,Under way using engine,-1.1,10.1,267.3,265.0,9282481,3E2235,TAGOR,Tanker,Category Y,43.0,252.0,Combined GPS/GLONASS,14.5,EGSUZ,26/01/2025 10:00:00,AIS,POINT (9.841363 57.849628),352002249_0,0 days 00:01:00,9.590816979703945e-07,266.9117632635475,0.0,0,6.198223908506453,57.849628,9.841363
2025-01-12 11:50:00,2025-01-12 11:50:00,Class A,352002249_0,57.849468,9.836145,Under way using engine,-0.2,10.1,266.9,264.0,9282481,3E2235,TAGOR,Tanker,Category Y,43.0,252.0,Combined GPS/GLONASS,14.5,EGSUZ,26/01/2025 10:00:00,AIS,POINT (9.836145 57.849468),352002249_0,0 days 00:01:00,-2.3279092296799003e-06,266.70437219547983,0.0,0,6.203084860522625,57.849468,9.836145
2025-01-12 11:51:00,2025-01-12 11:51:00,Class A,352002249_0,57.849283,9.83084,Under way using engine,2.2,10.1,265.6,263.0,9282481,3E2235,TAGOR,Tanker,Category Y,43.0,252.0,Combined GPS/GLONASS,14.5,EGSUZ,26/01/2025 10:00:00,AIS,POINT (9.83084 57.849283),352002249_0,0 days 00:01:00,1.480204521918527e-06,266.2528875296549,0.0,0,6.208019964948968,57.849283,9.83084
2025-01-12 12:00:01,2025-01-12 12:00:01,Class A,352002249_0,57.847852,9.783527,Under way using engine,1.1,10.0,269.1,269.0,9282481,3E2235,TAGOR,Tanker,Category Y,43.0,252.0,Combined GPS/GLONASS,14.5,EGSUZ,26/01/2025 10:00:00,AIS,POINT (9.783527 57.847852),352002249_0,0 days 00:09:01,-1.1067478514682389e-07,266.76710750405243,0.0,0,6.252133950255786,57.847852,9.783527
2025-01-12 12:01:01,2025-01-12 12:01:01,Class A,352002249_0,57.847825,9.778275,Under way using engine,-2.2,10.0,270.3,270.0,9282481,3E2235,TAGOR,Tanker,Category Y,43.0,252.0,Combined GPS/GLONASS,14.5,EGSUZ,26/01/2025 10:00:00,AIS,POINT (9.778275 57.847825),352002249_0,0 days 00:01:00,-5.5562650720291626e-08,269.44874811406874,0.0,0,6.257077604049513,57.847825,9.778275
2025-01-12 12:02:01,2025-01-12 12:02:01,Class A,352002249_0,57.84789,9.772987,Under way using engine,-0.7,10.0,270.8,270.0,9282481,3E2235,TAGOR,Tanker,Category Y,43.0,252.0,Combined GPS/GLONASS,14.5,EGSUZ,26/01/2025 10:00:00,AIS,POINT (9.772987 57.84789),352002249_0,0 days 00:01:00,6.129389743902632e-07,271.3254142141014,0.0,0,6.262086293473205,57.84789,9.772987
2025-01-12 12:03:01,2025-01-12 12:03:01,Class A,352002249_0,57.847928,9.767747,Under way using engine,-4.5,10.0,270.9,270.0,9282481,3E2235,TAGOR,Tanker,Category Y,43.0,252.0,Combined GPS/GLONASS,14.5,EGSUZ,26/01/2025 10:00:00,AIS,POINT (9.767747 57.847928),352002249_0,0 days 00:01:00,-8.070851779259028e-07,270.7829446079982,0.0,0,6.267041199589883,57.847928,9.767747
2025-01-12 12:04:01,2025-01-12 12:04:01,Class A,352002249_0,57.847938,9.762413,Under way using engine,5.4,10.0,270.2,270.0,9282481,3E2235,TAGOR,Tanker,Category Y,43.0,252.0,Combined GPS/GLONASS,14.5,EGSUZ,26/01/2025 10:00:00,AIS,POINT (9.762413 57.847938),352002249_0,0 days 00:01:00,1.5430567896383147e-06,270.2041034175692,0.0,0,6.272075948679272,57.847938,9.762413
2025-01-12 12:05:01,2025-01-12 12:05:01,Class A,352002249_0,57.847955,9.75727,Under way using engine,-2.2,10.0,270.4,270.0,9282481,3E2235,TAGOR,Tanker,Category Y,43.0,252.0,Combined GPS/GLONASS,14.5,EGSUZ,26/01/2025 10:00:00,AIS,POINT (9.75727 57.847955),352002249_0,0 days 00:01:00,-3.149561340703988e-06,270.35805477701274,0.0,0,6.276933321585708,57.847955,9.75727
2025-01-12 12:06:01,2025-01-12 12:06:01,Class A,352002249_0,57.847983,9.75201,Under way using engine,-2.9,10.1,270.8,270.0,9282481,3E2235,TAGOR,Tanker,Category Y,43.0,252.0,Combined GPS/GLONASS,14.5,EGSUZ,26/01/2025 10:00:00,AIS,POINT (9.75201 57.847983),352002249_0,0 days 00:01:00,1.9325975030717635e-06,270.5753287226536,0.0,0,6.2819051839219116,57.847983,9.75201
2025-01-12 12:07:01,2025-01-12 12:07:01,Class A,352002249_0,57.848005,9.746707,Under way using engine,3.6,10.1,271.3,270.0,9282481,3E2235,TAGOR,Tanker,Category Y,43.0,252.0,Combined GPS/GLONASS,14.5,EGSUZ,26/01/2025 10:00:00,AIS,POINT (9.746707 57.848005),352002249_0,0 days 00:01:00,7.07563401385709e-07,270.4488942337457,0.0,0,6.286916103156617,57.848005,9.746707
2025-01-12 12:08:01,2025-01-12 12:08:01,Class A,352002249_0,57.848055,9.741552,Under way using engine,-4.5,10.1,271.4,270.0,9282481,3E2235,TAGOR,Tanker,Category Y,43.0,252.0,Combined GPS/GLONASS,14.5,EGSUZ,26/01/2025 10:00:00,AIS,POINT (9.741552 57.848055),352002249_0,0 days 00:01:00,-2.4299748309024314e-06,271.046344866832,0.0,0,6.291797100126879,57.848055,9.741552
2025-01-12 12:09:00,2025-01-12 12:09:00,Class A,352002249_0,57.848105,9.736255,Under way using engine,-4.5,10.1,271.0,270.0,9282481,3E2235,TAGOR,Tanker,Category Y,43.0,252.0,Combined GPS/GLONASS,14.5,EGSUZ,26/01/2025 10:00:00,AIS,POINT (9.736255 57.848105),352002249_0,0 days 00:00:59,3.8878100250931394e-06,271.0184208171731,0.0,0,6.296812549385441,57.848105,9.736255
2025-01-12 12:10:00,2025-01-12 12:10:00,Class A,352002249_0,57.848143,9.730953,Under way using engine,3.6,10.1,271.1,270.0,9282481,3E2235,TAGOR,Tanker,Category Y,43.0,252.0,Combined GPS/GLONASS,14.5,EGSUZ,26/01/2025 10:00:00,AIS,POINT (9.730953 57.848143),352002249_0,0 days 00:01:00,-1.404595554386987e-06,270.7738469944105,0.0,0,6.3018292149173645,57.848143,9.730953
2025-01-12 12:11:00,2025-01-12 12:11:00,Class A,352002249_0,57.848213,9.725653,Under way using engine,0.7,10.1,271.3,270.0,9282481,3E2235,TAGOR,Tanker,Category Y,43.0,252.0,Combined GPS/GLONASS,14.5,EGSUZ,26/01/2025 10:00:00,AIS,POINT (9.725653 57.848213),352002249_0,0 days 00:01:00,-1.420400786907953e-08,271.4239493262396,0.0,0,6.30685502253112,57.848213,9.725653
2025-01-12 12:12:00,2025-01-12 12:12:00,Class A,352002249_0,57.848235,9.72049,Under way using engine,-2.9,10.1,270.0,269.0,9282481,3E2235,TAGOR,Tanker,Category Y,43.0,252.0,Combined GPS/GLONASS,14.5,EGSUZ,26/01/2025 10:00:00,AIS,POINT (9.72049 57.848235),352002249_0,0 days 00:01:00,-2.284057948134741e-06,270.4609487460442,0.0,0,6.311736114112583,57.848235,9.72049
2025-01-12 12:13:00,2025-01-12 12:13:00,Class A,352002249_0,57.848223,9.715138,Under way using engine,-0.7,10.1,269.9,270.0,9282481,3E2235,TAGOR,Tanker,Category Y,43.0,252.0,Combined GPS/GLONASS,14.5,EGSUZ,26/01/2025 10:00:00,AIS,POINT (9.715138 57.848223),352002249_0,0 days 00:01:00,3.1156487447256816e-06,269.7608641620136,0.0,0,6.316784888131065,57.848223,9.715138
2025-01-12 12:18:00,2025-01-12 12:18:00,Class A,352002249_0,57.848418,9.688818,Under way using engine,0.7,10.1,270.2,270.0,9282481,3E2235,TAGOR,Tanker,Category Y,43.0,252.0,Combined GPS/GLONASS,14.5,EGSUZ,26/01/2025 10:00:00,AIS,POINT (9.688818 57.848418),352002249_0,0 days 00:05:00,-2.8883991242229885e-07,270.8087673844461,0.0,0,6.341704315050964,57.848418,9.688818
2025-01-12 12:19:00,2025-01-12 12:19:00,Class A,352002249_0,57.84839,9.683467,Under way using engine,2.2,10.1,270.7,270.0,9282481,3E2235,TAGOR,Tanker,Category Y,43.0,252.0,Combined GPS/GLONASS,14.5,EGSUZ,26/01/2025 10:00:00,AIS,POINT (9.683467 57.84839),352002249_0,0 days 00:01:00,1.4307462811844554e-06,269.4389019628891,0.0,0,6.346749763835423,57.84839,9.683467
2025-01-12 12:51:02,2025-01-12 12:51:02,Class A,352002249_0,57.827372,9.527078,Under way using engine,1.6,9.9,229.1,229.0,9282481,3E2235,TAGOR,Tanker,Category Y,43.0,252.0,Combined GPS/GLONASS,14.5,EGSUZ,26/01/2025 10:00:00,AIS,POINT (9.527078 57.827372),352002249_0,0 days 00:32:02,-1.622567442268182e-07,255.89667564620066,0.0,0,6.487979801640877,57.827372,9.527078
2025-01-12 13:03:01,2025-01-12 13:03:01,Class A,352002249_0,57.817702,9.47215,Under way using engine,-5.4,9.6,265.0,259.0,9282481,3E2235,TAGOR,Tanker,Category Y,43.0,252.0,Combined GPS/GLONASS,14.5,EGSUZ,26/01/2025 10:00:00,AIS,POINT (9.47215 57.817702),352002249_0,0 days 00:11:59,-2.834723946634362e-07,251.73035029976904,0.0,0,6.537045042731769,57.817702,9.47215
2025-01-12 13:04:01,2025-01-12 13:04:01,Class A,352002249_0,57.817332,9.467235,Under way using engine,-6.4,9.5,259.1,252.0,9282481,3E2235,TAGOR,Tanker,Category Y,43.0,252.0,Combined GPS/GLONASS,14.5,EGSUZ,26/01/2025 10:00:00,AIS,POINT (9.467235 57.817332),352002249_0,0 days 00:01:00,2.2712393499278266e-06,261.9572259985033,0.0,0,6.54159594510919,57.817332,9.467235
2025-01-12 13:05:01,2025-01-12 13:05:01,Class A,352002249_0,57.816605,9.46238,Under way using engine,-7.5,9.4,252.2,246.0,9282481,3E2235,TAGOR,Tanker,Category Y,43.0,252.0,Combined GPS/GLONASS,14.5,EGSUZ,26/01/2025 10:00:00,AIS,POINT (9.46238 57.816605),352002249_0,0 days 00:01:00,1.3030467511944334e-06,254.29924155593153,0.0,0,6.545978591240045,57.816605,9.46238
2025-01-12 13:13:02,2025-01-12 13:13:02,Class A,352002249_0,57.807285,9.426377,Under way using engine,2.2,9.8,244.0,243.0,9282481,3E2235,TAGOR,Tanker,Category Y,43.0,252.0,Combined GPS/GLONASS,14.5,EGSUZ,26/01/2025 10:00:00,AIS,POINT (9.426377 57.807285),352002249_0,0 days 00:08:01,-1.0384167150675633e-07,244.0976423475241,0.0,0,6.577281814060425,57.807285,9.426377
2025-01-12 13:14:01,2025-01-12 13:14:01,Class A,352002249_0,57.80609,9.421758,Under way using engine,-2.2,9.8,244.0,243.0,9282481,3E2235,TAGOR,Tanker,Category Y,43.0,252.0,Combined GPS/GLONASS,14.5,EGSUZ,26/01/2025 10:00:00,AIS,POINT (9.421758 57.80609),352002249_0,0 days 00:00:59,3.849948644395552e-06,244.100984092474,0.0,0,6.581302510262233,57.80609,9.421758
2025-01-12 13:15:01,2025-01-12 13:15:01,Class A,352002249_0,57.804872,9.417165,Under way using engine,0.0,9.8,242.9,242.0,9282481,3E2235,TAGOR,Tanker,Category Y,43.0,252.0,Combined GPS/GLONASS,14.5,EGSUZ,26/01/2025 10:00:00,AIS,POINT (9.417165 57.804872),352002249_0,0 days 00:01:00,-1.5064469931664725e-06,243.54121375421977,0.0,0,6.585292365566543,57.804872,9.417165
2025-01-12 13:17:01,2025-01-12 13:17:01,Class A,352002249_0,57.802405,9.408005,Under way using engine,-2.9,9.9,243.8,243.0,9282481,3E2235,TAGOR,Tanker,Category Y,43.0,252.0,Combined GPS/GLONASS,14.5,EGSUZ,26/01/2025 10:00:00,AIS,POINT (9.408005 57.802405),352002249_0,0 days 00:02:00,1.3066586904518275e-08,243.18887545104826,0.0,0,6.593240804331206,57.802405,9.408005
2025-01-12 13:18:01,2025-01-12 13:18:01,Class A,352002249_0,57.801197,9.403482,Under way using engine,1.6,9.9,243.1,242.0,9282481,3E2235,TAGOR,Tanker,Category Y,43.0,252.0,Combined GPS/GLONASS,14.5,EGSUZ,26/01/2025 10:00:00,AIS,POINT (9.403482 57.801197),352002249_0,0 days 00:01:00,-1.1919651363550183e-06,243.3805861339108,0.0,0,6.597170192096078,57.801197,9.403482
2025-01-12 13:29:01,2025-01-12 13:29:01,Class A,352002249_0,57.78765,9.352628,Under way using engine,0.7,9.9,243.0,242.0,9282481,3E2235,TAGOR,Tanker,Category Y,43.0,252.0,Combined GPS/GLONASS,14.5,EGSUZ,26/01/2025 10:00:00,AIS,POINT (9.352628 57.78765),352002249_0,0 days 00:11:00,1.6530291559849732e-07,243.46414230284455,0.0,0,6.641427749802297,57.78765,9.352628
2025-01-12 13:30:01,2025-01-12 13:30:01,Class A,352002249_0,57.786402,9.348,Under way using engine,1.6,9.9,243.6,243.0,9282481,3E2235,TAGOR,Tanker,Category Y,43.0,252.0,Combined GPS/GLONASS,14.5,EGSUZ,26/01/2025 10:00:00,AIS,POINT (9.348 57.786402),352002249_0,0 days 00:01:00,3.1478753748979324e-07,243.1684885054597,0.0,0,6.6454568900568445,57.786402,9.348
2025-01-12 13:31:01,2025-01-12 13:31:01,Class A,352002249_0,57.78518,9.343357,Under way using engine,3.6,9.9,244.2,243.0,9282481,3E2235,TAGOR,Tanker,Category Y,43.0,252.0,Combined GPS/GLONASS,14.5,EGSUZ,26/01/2025 10:00:00,AIS,POINT (9.343357 57.78518),352002249_0,0 days 00:01:00,-1.3491944948635277e-07,243.72578087845238,0.0,0,6.649509229860877,57.78518,9.343357
2025-01-12 13:32:01,2025-01-12 13:32:01,Class A,352002249_0,57.783963,9.338608,Under way using engine,-1.1,9.9,244.4,243.0,9282481,3E2235,TAGOR,Tanker,Category Y,43.0,252.0,Combined GPS/GLONASS,14.5,EGSUZ,26/01/2025 10:00:00,AIS,POINT (9.338608 57.783963),352002249_0,0 days 00:01:00,1.5099207523111296e-06,244.32829941683008,0.0,0,6.653665091308773,57.783963,9.338608
2025-01-12 13:33:01,2025-01-12 13:33:01,Class A,352002249_0,57.782772,9.334023,Under way using engine,-2.9,9.9,243.8,242.0,9282481,3E2235,TAGOR,Tanker,Category Y,43.0,252.0,Combined GPS/GLONASS,14.5,EGSUZ,26/01/2025 10:00:00,AIS,POINT (9.334023 57.782772),352002249_0,0 days 00:01:00,-2.7878203913997654e-06,244.02458948006603,0.0,0,6.657673545520613,57.782772,9.334023
2025-01-12 13:34:01,2025-01-12 13:34:01,Class A,352002249_0,57.781537,9.329328,Under way using engine,1.6,9.9,243.6,242.0,9282481,3E2235,TAGOR,Tanker,Category Y,43.0,252.0,Combined GPS/GLONASS,14.5,EGSUZ,26/01/2025 10:00:00,AIS,POINT (9.329328 57.781537),352002249_0,0 days 00:01:00,2.233401413287616e-06,243.74072019796844,0.0,0,6.661774492545135,57.781537,9.329328
2025-01-12 13:35:01,2025-01-12 13:35:01,Class A,352002249_0,57.780325,9.324777,Under way using engine,-2.2,9.9,243.7,242.0,9282481,3E2235,TAGOR,Tanker,Category Y,43.0,252.0,Combined GPS/GLONASS,14.5,EGSUZ,26/01/2025 10:00:00,AIS,POINT (9.324777 57.780325),352002249_0,0 days 00:01:00,-2.445911590463771e-06,243.45956139076424,0.0,0,6.665746130945132,57.780325,9.324777
2025-01-12 13:36:00,2025-01-12 13:36:00,Class A,352002249_0,57.779097,9.320143,Under way using engine,1.1,9.9,243.7,242.0,9282481,3E2235,TAGOR,Tanker,Category Y,43.0,252.0,Combined GPS/GLONASS,14.5,EGSUZ,26/01/2025 10:00:00,AIS,POINT (9.320143 57.779097),352002249_0,0 days 00:00:59,2.9490110761248645e-06,243.57377158725578,0.0,0,6.669793032115014,57.779097,9.320143
2025-01-12 13:37:00,2025-01-12 13:37:00,Class A,352002249_0,57.777892,9.315493,Under way using engine,0.0,9.9,244.5,243.0,9282481,3E2235,TAGOR,Tanker,Category Y,43.0,252.0,Combined GPS/GLONASS,14.5,EGSUZ,26/01/2025 10:00:00,AIS,POINT (9.315493 57.777892),352002249_0,0 days 00:01:00,-1.5226421557737053e-06,244.081556689416,0.0,0,6.673863111116755,57.777892,9.315493
2025-01-12 13:38:00,2025-01-12 13:38:00,Class A,352002249_0,57.776703,9.310822,Under way using engine,-3.6,9.9,244.4,243.0,9282481,3E2235,TAGOR,Tanker,Category Y,43.0,252.0,Combined GPS/GLONASS,14.5,EGSUZ,26/01/2025 10:00:00,AIS,POINT (9.310822 57.776703),352002249_0,0 days 00:01:00,1.0061610296507063e-07,244.4826769731376,0.0,0,6.677959007305824,57.776703,9.310822
2025-01-12 13:39:00,2025-01-12 13:39:00,Class A,352002249_0,57.77549,9.306198,Under way using engine,1.1,9.9,243.8,242.0,9282481,3E2235,TAGOR,Tanker,Category Y,43.0,252.0,Combined GPS/GLONASS,14.5,EGSUZ,26/01/2025 10:00:00,AIS,POINT (9.306198 57.77549),352002249_0,0 days 00:01:00,-3.736869713086259e-07,243.8066562000006,0.0,0,6.682003828222787,57.77549,9.306198
2025-01-12 13:40:00,2025-01-12 13:40:00,Class A,352002249_0,57.77428,9.301585,Under way using engine,-1.1,9.9,243.4,242.0,9282481,3E2235,TAGOR,Tanker,Category Y,43.0,252.0,Combined GPS/GLONASS,14.5,EGSUZ,26/01/2025 10:00:00,AIS,POINT (9.301585 57.77428),352002249_0,0 days 00:01:00,-2.0181649316723845e-07,243.80955832807018,0.0,0,6.6860400288431565,57.77428,9.301585
2025-01-12 13:41:00,2025-01-12 13:41:00,Class A,352002249_0,57.773033,9.29699,Under way using engine,0.7,9.9,242.9,241.0,9282481,3E2235,TAGOR,Tanker,Category Y,43.0,252.0,Combined GPS/GLONASS,14.5,EGSUZ,26/01/2025 10:00:00,AIS,POINT (9.29699 57.773033),352002249_0,0 days 00:01:00,2.475736266841523e-07,243.0301243868828,0.0,0,6.690048924657053,57.773033,9.29699
2025-01-12 13:42:00,2025-01-12 13:42:00,Class A,352002249_0,57.77181,9.292395,Under way using engine,-1.1,9.9,243.9,243.0,9282481,3E2235,TAGOR,Tanker,Category Y,43.0,252.0,Combined GPS/GLONASS,14.5,EGSUZ,26/01/2025 10:00:00,AIS,POINT (9.292395 57.77181),352002249_0,0 days 00:01:00,-3.313473418563191e-07,243.47841264616926,0.0,0,6.694065996112751,57.77181,9.292395
2025-01-12 13:51:00,2025-01-12 13:51:00,Class A,352002249_0,57.760962,9.250858,Under way using engine,-2.2,9.8,244.8,242.0,9282481,3E2235,TAGOR,Tanker,Category Y,43.0,252.0,Combined GPS/GLONASS,14.5,EGSUZ,26/01/2025 10:00:00,AIS,POINT (9.250858 57.760962),352002249_0,0 days 00:09:00,7.70180423323968e-09,243.92898840826751,0.0,0,6.730483862219715,57.760962,9.250858
2025-01-12 13:52:00,2025-01-12 13:52:00,Class A,352002249_0,57.75977,9.246253,Under way using engine,-0.4,9.8,244.2,242.0,9282481,3E2235,TAGOR,Tanker,Category Y,43.0,252.0,Combined GPS/GLONASS,14.5,EGSUZ,26/01/2025 10:00:00,AIS,POINT (9.246253 57.75977),352002249_0,0 days 00:01:00,-3.2105547580901783e-07,244.11810731718185,0.0,0,6.734529210679022,57.75977,9.246253
2025-01-12 13:53:00,2025-01-12 13:53:00,Class A,352002249_0,57.75859,9.241752,Under way using engine,1.1,9.8,243.4,240.0,9282481,3E2235,TAGOR,Tanker,Category Y,43.0,252.0,Combined GPS/GLONASS,14.5,EGSUZ,26/01/2025 10:00:00,AIS,POINT (9.241752 57.75859),352002249_0,0 days 00:01:00,-1.7063155024640582e-06,243.83133071924752,0.0,0,6.7384796852480005,57.75859,9.241752
2025-01-12 13:54:00,2025-01-12 13:54:00,Class A,352002249_0,57.757298,9.237078,Under way using engine,1.6,9.8,242.7,241.0,9282481,3E2235,TAGOR,Tanker,Category Y,43.0,252.0,Combined GPS/GLONASS,14.5,EGSUZ,26/01/2025 10:00:00,AIS,POINT (9.237078 57.757298),352002249_0,0 days 00:01:00,4.116278581813391e-06,242.6117924374522,0.0,0,6.742563269447013,57.757298,9.237078
2025-01-12 13:55:00,2025-01-12 13:55:00,Class A,352002249_0,57.756102,9.23263,Under way using engine,1.6,9.8,243.6,242.0,9282481,3E2235,TAGOR,Tanker,Category Y,43.0,252.0,Combined GPS/GLONASS,14.5,EGSUZ,26/01/2025 10:00:00,AIS,POINT (9.23263 57.756102),352002249_0,0 days 00:01:00,-4.676472446207763e-06,243.25437448379915,0.0,0,6.7464602317825895,57.756102,9.23263
2025-01-12 13:56:01,2025-01-12 13:56:01,Class A,352002249_0,57.754927,9.228057,Under way using engine,-1.1,9.8,244.4,243.0,9282481,3E2235,TAGOR,Tanker,Category Y,43.0,252.0,Combined GPS/GLONASS,14.5,EGSUZ,26/01/2025 10:00:00,AIS,POINT (9.228057 57.754927),352002249_0,0 days 00:01:01,1.9176177743974838e-07,244.2870450081336,0.0,0,6.75048372671959,57.754927,9.228057
2025-01-12 13:57:01,2025-01-12 13:57:01,Class A,352002249_0,57.753712,9.223408,Under way using engine,-2.2,9.7,244.1,242.0,9282481,3E2235,TAGOR,Tanker,Category Y,43.0,252.0,Combined GPS/GLONASS,14.5,EGSUZ,26/01/2025 10:00:00,AIS,POINT (9.223408 57.753712),352002249_0,0 days 00:01:00,3.0486323192074663e-06,243.90519562629993,0.0,0,6.7545689922155665,57.753712,9.223408
2025-01-12 13:58:01,2025-01-12 13:58:01,Class A,352002249_0,57.752535,9.218848,Under way using engine,3.6,9.7,243.6,242.0,9282481,3E2235,TAGOR,Tanker,Category Y,43.0,252.0,Combined GPS/GLONASS,14.5,EGSUZ,26/01/2025 10:00:00,AIS,POINT (9.218848 57.752535),352002249_0,0 days 00:01:00,-1.8354234149198668e-06,244.18652511483594,0.0,0,6.758581301458835,57.752535,9.218848
2025-01-12 13:59:01,2025-01-12 13:59:01,Class A,352002249_0,57.751332,9.214382,Under way using engine,-0.7,9.7,243.9,243.0,9282481,3E2235,TAGOR,Tanker,Category Y,43.0,252.0,Combined GPS/GLONASS,14.5,EGSUZ,26/01/2025 10:00:00,AIS,POINT (9.214382 57.751332),352002249_0,0 days 00:01:00,-1.0362414324055982e-06,243.21601531128078,0.0,0,6.762497018731763,57.751332,9.214382
2025-01-12 14:00:01,2025-01-12 14:00:01,Class A,352002249_0,57.75013,9.209737,Under way using engine,3.6,9.7,244.4,243.0,9282481,3E2235,TAGOR,Tanker,Category Y,43.0,252.0,Combined GPS/GLONASS,14.5,EGSUZ,26/01/2025 10:00:00,AIS,POINT (9.209737 57.75013),352002249_0,0 days 00:01:00,2.6430817683753636e-06,244.13074640586422,0.0,0,6.766585059241108,57.75013,9.209737
2025-01-12 14:01:01,2025-01-12 14:01:01,Class A,352002249_0,57.748967,9.205138,Under way using engine,-3.6,9.7,245.1,243.0,9282481,3E2235,TAGOR,Tanker,Category Y,43.0,252.0,Combined GPS/GLONASS,14.5,EGSUZ,26/01/2025 10:00:00,AIS,POINT (9.205138 57.748967),352002249_0,0 days 00:01:00,-1.2048601083532375e-06,244.64584838605293,0.0,0,6.770641467809752,57.748967,9.205138
2025-01-12 14:02:01,2025-01-12 14:02:01,Class A,352002249_0,57.747785,9.20056,Under way using engine,-0.7,9.7,244.2,242.0,9282481,3E2235,TAGOR,Tanker,Category Y,43.0,252.0,Combined GPS/GLONASS,14.5,EGSUZ,26/01/2025 10:00:00,AIS,POINT (9.20056 57.747785),352002249_0,0 days 00:01:00,-5.7713544409721334e-08,244.18275533060972,0.0,0,6.774673130474488,57.747785,9.20056
2025-01-12 14:04:01,2025-01-12 14:04:01,Class A,352002249_0,57.74538,9.191528,Under way using engine,2.9,9.7,243.1,242.0,9282481,3E2235,TAGOR,Tanker,Category Y,43.0,252.0,Combined GPS/GLONASS,14.5,EGSUZ,26/01/2025 10:00:00,AIS,POINT (9.191528 57.74538),352002249_0,0 days 00:02:00,-3.190996174490257e-07,243.48663016048272,0.0,0,6.782608587057341,57.74538,9.191528
2025-01-12 14:06:01,2025-01-12 14:06:01,Class A,352002249_0,57.743117,9.182317,Under way using engine,-2.2,9.8,247.5,246.0,9282481,3E2235,TAGOR,Tanker,Category Y,43.0,252.0,Combined GPS/GLONASS,14.5,EGSUZ,26/01/2025 10:00:00,AIS,POINT (9.182317 57.743117),352002249_0,0 days 00:02:00,1.958327430739027e-07,245.28527121081294,0.0,0,6.790760218545932,57.743117,9.182317
2025-01-12 14:07:00,2025-01-12 14:07:00,Class A,352002249_0,57.742085,9.177643,Under way using engine,-1.1,9.8,248.1,245.0,9282481,3E2235,TAGOR,Tanker,Category Y,43.0,252.0,Combined GPS/GLONASS,14.5,EGSUZ,26/01/2025 10:00:00,AIS,POINT (9.177643 57.742085),352002249_0,0 days 00:00:59,1.2504650700718196e-06,247.52761118525837,0.0,0,6.794931803098102,57.742085,9.177643
2025-01-12 14:08:00,2025-01-12 14:08:00,Class A,352002249_0,57.741028,9.172868,Under way using engine,-1.1,9.8,247.7,245.0,9282481,3E2235,TAGOR,Tanker,Category Y,43.0,252.0,Combined GPS/GLONASS,14.5,EGSUZ,26/01/2025 10:00:00,AIS,POINT (9.172868 57.741028),352002249_0,0 days 00:01:00,4.238283991175786e-07,247.47643547231775,0.0,0,6.799193583687407,57.741028,9.172868
2025-01-12 14:09:00,2025-01-12 14:09:00,Class A,352002249_0,57.740008,9.168242,Under way using engine,1.6,9.8,247.1,245.0,9282481,3E2235,TAGOR,Tanker,Category Y,43.0,252.0,Combined GPS/GLONASS,14.5,EGSUZ,26/01/2025 10:00:00,AIS,POINT (9.168242 57.740008),352002249_0,0 days 00:01:00,-2.7133242815849824e-06,247.55653751838344,0.0,0,6.80332435099577,57.740008,9.168242
2025-01-12 14:10:00,2025-01-12 14:10:00,Class A,352002249_0,57.738895,9.163485,Under way using engine,1.6,9.8,246.3,245.0,9282481,3E2235,TAGOR,Tanker,Category Y,43.0,252.0,Combined GPS/GLONASS,14.5,EGSUZ,26/01/2025 10:00:00,AIS,POINT (9.163485 57.738895),352002249_0,0 days 00:01:00,3.1220893706959484e-06,246.33241576351986,0.0,0,6.807554339794725,57.738895,9.163485
2025-01-12 14:11:00,2025-01-12 14:11:00,Class A,352002249_0,57.737822,9.158803,Under way using engine,3.6,9.8,246.9,245.0,9282481,3E2235,TAGOR,Tanker,Category Y,43.0,252.0,Combined GPS/GLONASS,14.5,EGSUZ,26/01/2025 10:00:00,AIS,POINT (9.158803 57.737822),352002249_0,0 days 00:01:00,-1.628286873597637e-06,246.76622045811678,0.0,0,6.811724992219298,57.737822,9.158803
2025-01-12 14:12:00,2025-01-12 14:12:00,Class A,352002249_0,57.736773,9.154185,Under way using engine,-0.4,9.8,247.4,245.0,9282481,3E2235,TAGOR,Tanker,Category Y,43.0,252.0,Combined GPS/GLONASS,14.5,EGSUZ,26/01/2025 10:00:00,AIS,POINT (9.154185 57.736773),352002249_0,0 days 00:01:00,-1.2632761794848102e-06,246.95021314328835,0.0,0,6.815842148545548,57.736773,9.154185
2025-01-12 14:13:00,2025-01-12 14:13:00,Class A,352002249_0,57.735728,9.149475,Under way using engine,-0.7,9.8,247.6,245.0,9282481,3E2235,TAGOR,Tanker,Category Y,43.0,252.0,Combined GPS/GLONASS,14.5,EGSUZ,26/01/2025 10:00:00,AIS,POINT (9.149475 57.735728),352002249_0,0 days 00:01:00,1.3577689473547703e-06,247.43295499927586,0.0,0,6.8200493436253815,57.735728,9.149475
2025-01-12 14:14:01,2025-01-12 14:14:01,Class A,352002249_0,57.73466,9.144695,Under way using engine,2.2,9.8,247.7,245.0,9282481,3E2235,TAGOR,Tanker,Category Y,43.0,252.0,Combined GPS/GLONASS,14.5,EGSUZ,26/01/2025 10:00:00,AIS,POINT (9.144695 57.73466),352002249_0,0 days 00:01:01,-5.9339287979356787e-08,247.29071682904961,0.0,0,6.824317747043509,57.73466,9.144695
2025-01-12 14:15:01,2025-01-12 14:15:01,Class A,352002249_0,57.73359,9.13997,Under way using engine,0.4,9.8,247.3,245.0,9282481,3E2235,TAGOR,Tanker,Category Y,43.0,252.0,Combined GPS/GLONASS,14.5,EGSUZ,26/01/2025 10:00:00,AIS,POINT (9.13997 57.73359),352002249_0,0 days 00:01:00,5.924100929642426e-07,247.0156723388331,0.0,0,6.828533751016246,57.73359,9.13997
2025-01-12 14:20:01,2025-01-12 14:20:01,Class A,352002249_0,57.72823,9.116428,Under way using engine,2.2,9.9,246.8,244.0,9282481,3E2235,TAGOR,Tanker,Category Y,43.0,252.0,Combined GPS/GLONASS,14.5,EGSUZ,26/01/2025 10:00:00,AIS,POINT (9.116428 57.72823),352002249_0,0 days 00:05:00,-4.446309509789868e-08,246.91429939563682,0.0,0,6.849543857391089,57.72823,9.116428
2025-01-12 14:21:01,2025-01-12 14:21:01,Class A,352002249_0,57.72711,9.111637,Under way using engine,-2.2,9.8,247.0,245.0,9282481,3E2235,TAGOR,Tanker,Category Y,43.0,252.0,Combined GPS/GLONASS,14.5,EGSUZ,26/01/2025 10:00:00,AIS,POINT (9.111637 57.72711),352002249_0,0 days 00:01:00,1.8497851033490482e-06,246.3572373133046,0.0,0,6.853813772187351,57.72711,9.111637
2025-01-12 14:30:01,2025-01-12 14:30:01,Class A,352002249_0,57.71751,9.069312,Under way using engine,-2.9,9.8,247.3,245.0,9282481,3E2235,TAGOR,Tanker,Category Y,43.0,252.0,Combined GPS/GLONASS,14.5,EGSUZ,26/01/2025 10:00:00,AIS,POINT (9.069312 57.71751),352002249_0,0 days 00:09:00,-2.2032812577668558e-07,247.00544761329644,0.0,0,6.891656371040273,57.71751,9.069312
2025-01-12 14:31:01,2025-01-12 14:31:01,Class A,352002249_0,57.716418,9.064645,Under way using engine,2.2,9.8,246.9,244.0,9282481,3E2235,TAGOR,Tanker,Category Y,43.0,252.0,Combined GPS/GLONASS,14.5,EGSUZ,26/01/2025 10:00:00,AIS,POINT (9.064645 57.716418),352002249_0,0 days 00:01:00,-2.2355530379146796e-07,246.3443613200193,0.0,0,6.895823664490339,57.716418,9.064645
2025-01-12 14:40:01,2025-01-12 14:40:01,Class A,352002249_0,57.70682,9.022805,Under way using engine,2.9,9.7,247.0,245.0,9282481,3E2235,TAGOR,Tanker,Category Y,43.0,252.0,Combined GPS/GLONASS,14.5,EGSUZ,26/01/2025 10:00:00,AIS,POINT (9.022805 57.70682),352002249_0,0 days 00:09:00,-6.431820398655001e-08,246.77715178010513,0.0,0,6.933273577684138,57.70682,9.022805
2025-01-12 14:41:00,2025-01-12 14:41:00,Class A,352002249_0,57.705805,9.018335,Under way using engine,-1.6,9.7,246.9,245.0,9282481,3E2235,TAGOR,Tanker,Category Y,43.0,252.0,Combined GPS/GLONASS,14.5,EGSUZ,26/01/2025 10:00:00,AIS,POINT (9.018335 57.705805),352002249_0,0 days 00:00:59,-2.0095690159477783e-06,246.97556318866515,0.0,0,6.937281221762455,57.705805,9.018335
2025-01-12 14:42:00,2025-01-12 14:42:00,Class A,352002249_0,57.70474,9.01371,Under way using engine,-2.2,9.7,246.8,245.0,9282481,3E2235,TAGOR,Tanker,Category Y,43.0,252.0,Combined GPS/GLONASS,14.5,EGSUZ,26/01/2025 10:00:00,AIS,POINT (9.01371 57.70474),352002249_0,0 days 00:01:00,1.6072902582666092e-06,246.68609951128542,0.0,0,6.941424449911416,57.70474,9.01371
2025-01-12 14:43:00,2025-01-12 14:43:00,Class A,352002249_0,57.703645,9.009005,Under way using engine,2.9,9.7,246.4,245.0,9282481,3E2235,TAGOR,Tanker,Category Y,43.0,252.0,Combined GPS/GLONASS,14.5,EGSUZ,26/01/2025 10:00:00,AIS,POINT (9.009005 57.703645),352002249_0,0 days 00:01:00,1.5865277395557948e-06,246.46457036391885,0.0,0,6.94563690687456,57.703645,9.009005
2025-01-12 14:44:00,2025-01-12 14:44:00,Class A,352002249_0,57.7026,9.004503,Under way using engine,-2.9,9.7,246.4,245.0,9282481,3E2235,TAGOR,Tanker,Category Y,43.0,252.0,Combined GPS/GLONASS,14.5,EGSUZ,26/01/2025 10:00:00,AIS,POINT (9.004503 57.7026),352002249_0,0 days 00:01:00,-3.6977984614544516e-06,246.52029611726516,0.0,0,6.949669135841575,57.7026,9.004503
2025-01-12 14:45:00,2025-01-12 14:45:00,Class A,352002249_0,57.70152,8.999922,Under way using engine,0.7,9.7,246.2,245.0,9282481,3E2235,TAGOR,Tanker,Category Y,43.0,252.0,Combined GPS/GLONASS,14.5,EGSUZ,26/01/2025 10:00:00,AIS,POINT (8.999922 57.70152),352002249_0,0 days 00:01:00,1.6345019850647098e-06,246.1936490868726,0.0,0,6.953768237347288,57.70152,8.999922
2025-01-12 14:47:01,2025-01-12 14:47:01,Class A,352002249_0,57.69937,8.990687,Under way using engine,-3.6,9.7,246.4,245.0,9282481,3E2235,TAGOR,Tanker,Category Y,43.0,252.0,Combined GPS/GLONASS,14.5,EGSUZ,26/01/2025 10:00:00,AIS,POINT (8.990687 57.69937),352002249_0,0 days 00:02:01,-9.635675202960409e-08,246.46155130236554,0.0,0,6.962041651755971,57.69937,8.990687
2025-01-12 14:49:01,2025-01-12 14:49:01,Class A,352002249_0,57.69718,8.981457,Under way using engine,1.1,9.7,246.0,245.0,9282481,3E2235,TAGOR,Tanker,Category Y,43.0,252.0,Combined GPS/GLONASS,14.5,EGSUZ,26/01/2025 10:00:00,AIS,POINT (8.981457 57.69718),352002249_0,0 days 00:02:00,4.5210450449796343e-07,246.06213969721375,0.0,0,6.970302260003148,57.69718,8.981457
2025-01-12 14:50:01,2025-01-12 14:50:01,Class A,352002249_0,57.69604,8.976795,Under way using engine,2.9,9.7,245.7,245.0,9282481,3E2235,TAGOR,Tanker,Category Y,43.0,252.0,Combined GPS/GLONASS,14.5,EGSUZ,26/01/2025 10:00:00,AIS,POINT (8.976795 57.69604),352002249_0,0 days 00:01:00,1.284394427544568e-06,245.41422605386646,0.0,0,6.97446644818749,57.69604,8.976795
2025-01-12 14:51:01,2025-01-12 14:51:01,Class A,352002249_0,57.694958,8.972273,Under way using engine,-3.6,9.7,246.0,245.0,9282481,3E2235,TAGOR,Tanker,Category Y,43.0,252.0,Combined GPS/GLONASS,14.5,EGSUZ,26/01/2025 10:00:00,AIS,POINT (8.972273 57.694958),352002249_0,0 days 00:01:00,-2.8500454277552522e-06,245.88247474086847,0.0,0,6.978512933056798,57.694958,8.972273
2025-01-12 14:52:01,2025-01-12 14:52:01,Class A,352002249_0,57.693845,8.967663,Under way using engine,4.5,9.7,246.1,246.0,9282481,3E2235,TAGOR,Tanker,Category Y,43.0,252.0,Combined GPS/GLONASS,14.5,EGSUZ,26/01/2025 10:00:00,AIS,POINT (8.967663 57.693845),352002249_0,0 days 00:01:00,1.7247286730582601e-06,245.6908137792375,0.0,0,6.9826361925503475,57.693845,8.967663
2025-01-12 14:53:01,2025-01-12 14:53:01,Class A,352002249_0,57.692728,8.962963,Under way using engine,-1.1,9.7,246.2,245.0,9282481,3E2235,TAGOR,Tanker,Category Y,43.0,252.0,Combined GPS/GLONASS,14.5,EGSUZ,26/01/2025 10:00:00,AIS,POINT (8.962963 57.692728),352002249_0,0 days 00:01:00,1.4136445946629114e-06,246.02825212946743,0.0,0,6.986845646440245,57.692728,8.962963
2025-01-12 14:54:00,2025-01-12 14:54:00,Class A,352002249_0,57.691663,8.958428,Under way using engine,1.6,9.7,246.1,245.0,9282481,3E2235,TAGOR,Tanker,Category Y,43.0,252.0,Combined GPS/GLONASS,14.5,EGSUZ,26/01/2025 10:00:00,AIS,POINT (8.958428 57.691663),352002249_0,0 days 00:00:59,-1.7874627123617363e-06,246.28166823876865,0.0,0,6.990911604755205,57.691663,8.958428
2025-01-12 14:55:00,2025-01-12 14:55:00,Class A,352002249_0,57.690538,8.953805,Under way using engine,-0.4,9.7,245.5,245.0,9282481,3E2235,TAGOR,Tanker,Category Y,43.0,252.0,Combined GPS/GLONASS,14.5,EGSUZ,26/01/2025 10:00:00,AIS,POINT (8.953805 57.690538),352002249_0,0 days 00:01:00,6.996424529628753e-07,245.522350349066,0.0,0,6.995046402006565,57.690538,8.953805
2025-01-12 14:56:00,2025-01-12 14:56:00,Class A,352002249_0,57.689417,8.94925,Under way using engine,-2.2,9.7,245.3,245.0,9282481,3E2235,TAGOR,Tanker,Category Y,43.0,252.0,Combined GPS/GLONASS,14.5,EGSUZ,26/01/2025 10:00:00,AIS,POINT (8.94925 57.689417),352002249_0,0 days 00:01:00,-1.073951826571715e-06,245.27887552268558,0.0,0,6.999117707006291,57.689417,8.94925
2025-01-12 14:57:00,2025-01-12 14:57:00,Class A,352002249_0,57.688307,8.944658,Under way using engine,1.1,9.7,245.8,245.0,9282481,3E2235,TAGOR,Tanker,Category Y,43.0,252.0,Combined GPS/GLONASS,14.5,EGSUZ,26/01/2025 10:00:00,AIS,POINT (8.944658 57.688307),352002249_0,0 days 00:01:00,4.189390476267424e-07,245.6680063617454,0.0,0,7.003228385439461,57.688307,8.944658
2025-01-12 21:42:04,2025-01-12 21:42:04,Class A,352002249_0,57.465662,8.227277,Under way using engine,1.1,3.7,238.8,239.0,9282481,3E2235,TAGOR,Tanker,Category Y,43.0,252.0,Combined GPS/GLONASS,14.5,EGSUZ,26/01/2025 10:00:00,AIS,POINT (8.227277 57.465662),352002249_0,0 days 06:45:04,-1.221527134053688e-07,240.2388364399398,405.0,1,7.64302076091914,57.465662,8.227277
2025-01-12 21:43:04,2025-01-12 21:43:04,Class A,352002249_0,57.465137,8.225645,Under way using engine,-0.7,3.7,239.6,239.0,9282481,3E2235,TAGOR,Tanker,Category Y,43.0,252.0,Combined GPS/GLONASS,14.5,EGSUZ,26/01/2025 10:00:00,AIS,POINT (8.225645 57.465137),352002249_0,0 days 00:01:00,-2.3068141099866713e-06,239.1148693405352,0.0,0,7.644495237962674,57.465137,8.225645
