t,TS,Type of mobile,MMSI,Latitude,Longitude,Navigational status,ROT,SOG,COG,Heading,IMO,Callsign,Name,Ship type,Cargo type,Width,Length,Type of position fixing device,Draught,Destination,ETA,Data source type,geometry,traj_id,timedelta,acceleration,direction,oft_minutes60,oft_dummy60,haus_dist_a,lat,lon
2025-01-23 23:05:03,2025-01-23 23:05:03,Class A,352978218_0,55.716983,15.8725,Under way using engine,0.0,10.7,256.0,258.0,9235725,3E3335,FUGA BLUEMARINE,Tanker,No additional information,43.0,248.0,GPS,14.5,FOR ORDER,20/01/2025 07:00:00,AIS,POINT (15.8725 55.716983),352978218_0,0,0.0,256.0376448930731,0.0,0,7.693774574913669,55.716983,15.8725
2025-01-23 23:06:03,2025-01-23 23:06:03,Class A,352978218_0,55.71625,15.867267,Under way using engine,0.0,10.7,256.0,258.0,9235725,3E3335,FUGA BLUEMARINE,Tanker,No additional information,43.0,248.0,GPS,14.5,FOR ORDER,20/01/2025 07:00:00,AIS,POINT (15.867267 55.71625),352978218_0,0 days 00:01:00,0.0,256.0376448930731,0.0,0,7.68882182059033,55.71625,15.867267
2025-01-23 23:07:03,2025-01-23 23:07:03,Class A,352978218_0,55.715517,15.862133,Under way using engine,0.0,10.7,255.0,258.0,9235725,3E3335,FUGA BLUEMARINE,Tanker,No additional information,43.0,248.0,GPS,14.5,FOR ORDER,20/01/2025 07:00:00,AIS,POINT (15.862133 55.715517),352978218_0,0 days 00:01:00,-1.6748993631461856e-06,255.7794093497788,0.0,0,7.68396618169738,55.715517,15.862133
2025-01-23 23:08:03,2025-01-23 23:08:03,Class A,352978218_0,55.714817,15.857117,Under way using engine,0.0,10.7,256.0,259.0,9235725,3E3335,FUGA BLUEMARINE,Tanker,No additional information,43.0,248.0,GPS,14.5,FOR ORDER,20/01/2025 07:00:00,AIS,POINT (15.857117 55.714817),352978218_0,0 days 00:01:00,-2.244576943558829e-06,256.08779689884005,0.0,0,7.679219077810257,55.714817,15.857117
2025-01-23 23:30:05,2025-01-23 23:30:05,Class A,352978218_0,55.6994,15.745833,Under way using engine,0.0,10.4,256.0,259.0,9235725,3E3335,FUGA BLUEMARINE,Tanker,No additional information,43.0,248.0,GPS,14.5,FOR ORDER,20/01/2025 07:00:00,AIS,POINT (15.745833 55.6994),352978218_0,0 days 00:22:02,2.7408625753930375e-08,256.23184414853756,0.0,0,7.573981583701534,55.6994,15.745833
2025-01-23 23:31:05,2025-01-23 23:31:05,Class A,352978218_0,55.698717,15.7409,Under way using engine,0.0,10.5,256.0,259.0,9235725,3E3335,FUGA BLUEMARINE,Tanker,No additional information,43.0,248.0,GPS,14.5,FOR ORDER,20/01/2025 07:00:00,AIS,POINT (15.7409 55.698717),352978218_0,0 days 00:01:00,-2.1022400486741162e-06,256.198519217641,0.0,0,7.569321254105152,55.698717,15.7409
2025-01-23 23:32:05,2025-01-23 23:32:05,Class A,352978218_0,55.698067,15.7358,Under way using engine,0.0,10.4,257.0,259.0,9235725,3E3335,FUGA BLUEMARINE,Tanker,No additional information,43.0,248.0,GPS,14.5,FOR ORDER,20/01/2025 07:00:00,AIS,POINT (15.7358 55.698067),352978218_0,0 days 00:01:00,2.6069139220097492e-06,257.2586053332356,0.0,0,7.564491169229295,55.698067,15.7358
2025-01-23 23:33:04,2025-01-23 23:33:04,Class A,352978218_0,55.697417,15.730883,Under way using engine,0.0,10.4,257.0,259.0,9235725,3E3335,FUGA BLUEMARINE,Tanker,No additional information,43.0,248.0,GPS,14.5,FOR ORDER,20/01/2025 07:00:00,AIS,POINT (15.730883 55.697417),352978218_0,0 days 00:00:59,-1.6461492255874787e-06,256.80078296574595,0.0,0,7.559839952146407,55.697417,15.730883
2025-01-23 23:34:04,2025-01-23 23:34:04,Class A,352978218_0,55.696767,15.725933,Under way using engine,0.0,10.4,257.0,259.0,9235725,3E3335,FUGA BLUEMARINE,Tanker,No additional information,43.0,248.0,GPS,14.5,FOR ORDER,20/01/2025 07:00:00,AIS,POINT (15.725933 55.696767),352978218_0,0 days 00:01:00,-9.322574760973022e-07,256.8859631411739,0.0,0,7.555156948400806,55.696767,15.725933
2025-01-23 23:35:04,2025-01-23 23:35:04,Class A,352978218_0,55.696067,15.720833,Under way using engine,0.0,10.4,256.0,258.0,9235725,3E3335,FUGA BLUEMARINE,Tanker,No additional information,43.0,248.0,GPS,14.5,FOR ORDER,20/01/2025 07:00:00,AIS,POINT (15.720833 55.696067),352978218_0,0 days 00:01:00,2.908153058372506e-06,256.3146334254857,0.0,0,7.550339173915899,55.696067,15.720833
2025-01-23 23:36:04,2025-01-23 23:36:04,Class A,352978218_0,55.695433,15.715917,Under way using engine,0.0,10.4,256.0,259.0,9235725,3E3335,FUGA BLUEMARINE,Tanker,No additional information,43.0,248.0,GPS,14.5,FOR ORDER,20/01/2025 07:00:00,AIS,POINT (15.715917 55.695433),352978218_0,0 days 00:01:00,-3.5950984912820732e-06,257.11285823949186,0.0,0,7.54568658003001,55.695433,15.715917
2025-01-23 23:42:04,2025-01-23 23:42:04,Class A,352978218_0,55.69165,15.685683,Under way using engine,0.0,10.5,258.0,259.0,9235725,3E3335,FUGA BLUEMARINE,Tanker,No additional information,43.0,248.0,GPS,14.5,FOR ORDER,20/01/2025 07:00:00,AIS,POINT (15.685683 55.69165),352978218_0,0 days 00:06:00,3.4619901826219804e-07,257.49575754447505,0.0,0,7.517055146614927,55.69165,15.685683
2025-01-23 23:43:04,2025-01-23 23:43:04,Class A,352978218_0,55.691117,15.6813,Under way using engine,0.0,10.5,258.0,259.0,9235725,3E3335,FUGA BLUEMARINE,Tanker,No additional information,43.0,248.0,GPS,14.5,FOR ORDER,20/01/2025 07:00:00,AIS,POINT (15.6813 55.691117),352978218_0,0 days 00:01:00,-1.1834585973226732e-05,257.82699344021813,0.0,0,7.512902221315542,55.691117,15.6813
2025-01-23 23:44:04,2025-01-23 23:44:04,Class A,352978218_0,55.690567,15.676583,Under way using engine,0.0,10.5,257.0,258.0,9235725,3E3335,FUGA BLUEMARINE,Tanker,No additional information,43.0,248.0,GPS,14.5,FOR ORDER,20/01/2025 07:00:00,AIS,POINT (15.676583 55.690567),352978218_0,0 days 00:01:00,5.818815026571838e-06,258.3144681059423,0.0,0,7.508427876337962,55.690567,15.676583
2025-01-23 23:45:04,2025-01-23 23:45:04,Class A,352978218_0,55.689933,15.67145,Under way using engine,0.0,10.5,257.0,258.0,9235725,3E3335,FUGA BLUEMARINE,Tanker,No additional information,43.0,248.0,GPS,14.5,FOR ORDER,20/01/2025 07:00:00,AIS,POINT (15.67145 55.689933),352978218_0,0 days 00:01:00,7.650025991685573e-06,257.64242611068744,0.0,0,7.503567268678811,55.689933,15.67145
2025-01-23 23:46:04,2025-01-23 23:46:04,Class A,352978218_0,55.689317,15.666433,Under way using engine,0.0,10.4,257.0,258.0,9235725,3E3335,FUGA BLUEMARINE,Tanker,No additional information,43.0,248.0,GPS,14.5,FOR ORDER,20/01/2025 07:00:00,AIS,POINT (15.666433 55.689317),352978218_0,0 days 00:01:00,-2.0971888444869882e-06,257.71358295843845,0.0,0,7.498816084134147,55.689317,15.666433
2025-01-23 23:47:03,2025-01-23 23:47:03,Class A,352978218_0,55.688783,15.662233,Under way using engine,0.0,10.5,257.0,258.0,9235725,3E3335,FUGA BLUEMARINE,Tanker,No additional information,43.0,248.0,GPS,14.5,FOR ORDER,20/01/2025 07:00:00,AIS,POINT (15.662233 55.688783),352978218_0,0 days 00:00:59,-1.3431962026369713e-05,257.29097838382484,0.0,0,7.494843029137368,55.688783,15.662233
2025-01-23 23:48:04,2025-01-23 23:48:04,Class A,352978218_0,55.688083,15.65635,Under way using engine,0.0,10.4,258.0,258.0,9235725,3E3335,FUGA BLUEMARINE,Tanker,No additional information,43.0,248.0,GPS,14.5,FOR ORDER,20/01/2025 07:00:00,AIS,POINT (15.65635 55.688083),352978218_0,0 days 00:01:01,2.6387234418891643e-05,258.0831414149344,0.0,0,7.489267610326659,55.688083,15.65635
2025-01-23 23:49:04,2025-01-23 23:49:04,Class A,352978218_0,55.687483,15.651233,Under way using engine,0.0,10.5,257.0,258.0,9235725,3E3335,FUGA BLUEMARINE,Tanker,No additional information,43.0,248.0,GPS,14.5,FOR ORDER,20/01/2025 07:00:00,AIS,POINT (15.651233 55.687483),352978218_0,0 days 00:01:00,-1.2008778695269303e-05,258.25153044410126,0.0,0,7.484416586388614,55.687483,15.651233
2025-01-23 23:57:05,2025-01-23 23:57:05,Class A,352978218_0,55.6823,15.610867,Under way using engine,0.0,10.5,257.0,257.0,9235725,3E3335,FUGA BLUEMARINE,Tanker,No additional information,43.0,248.0,GPS,14.5,FOR ORDER,20/01/2025 07:00:00,AIS,POINT (15.610867 55.6823),352978218_0,0 days 00:08:01,-1.3515406626006076e-07,257.18568258628807,0.0,0,7.4462649696063075,55.6823,15.610867
2025-01-24 00:34:03,2025-01-24 00:34:03,Class A,352978218_0,55.653617,15.425533,Under way using engine,0.0,10.5,254.0,256.0,9235725,3E3335,FUGA BLUEMARINE,Tanker,No additional information,43.0,248.0,GPS,14.5,FOR ORDER,20/01/2025 07:00:00,AIS,POINT (15.425533 55.653617),352978218_0,0 days 00:36:58,1.7334781142076703e-08,254.73172635753224,0.0,0,7.272604812161115,55.653617,15.425533
2025-01-24 00:35:03,2025-01-24 00:35:03,Class A,352978218_0,55.652833,15.42065,Under way using engine,0.0,10.4,254.0,256.0,9235725,3E3335,FUGA BLUEMARINE,Tanker,No additional information,43.0,248.0,GPS,14.5,FOR ORDER,20/01/2025 07:00:00,AIS,POINT (15.42065 55.652833),352978218_0,0 days 00:01:00,-2.0999312231356933e-06,254.11701194862468,0.0,0,7.2680453985090105,55.652833,15.42065
2025-01-24 00:36:03,2025-01-24 00:36:03,Class A,352978218_0,55.652033,15.415633,Under way using engine,0.0,10.4,254.0,256.0,9235725,3E3335,FUGA BLUEMARINE,Tanker,No additional information,43.0,248.0,GPS,14.5,FOR ORDER,20/01/2025 07:00:00,AIS,POINT (15.415633 55.652033),352978218_0,0 days 00:01:00,2.3910527029182697e-06,254.2206862468861,0.0,0,7.263360085656568,55.652033,15.415633
2025-01-24 00:37:03,2025-01-24 00:37:03,Class A,352978218_0,55.651283,15.41085,Under way using engine,0.0,10.4,254.0,256.0,9235725,3E3335,FUGA BLUEMARINE,Tanker,No additional information,43.0,248.0,GPS,14.5,FOR ORDER,20/01/2025 07:00:00,AIS,POINT (15.41085 55.651283),352978218_0,0 days 00:01:00,-4.355541700412693e-06,254.4706251167064,0.0,0,7.25889079104294,55.651283,15.41085
2025-01-24 00:55:04,2025-01-24 00:55:04,Class A,352978218_0,55.63735,15.32265,Under way using engine,0.0,10.3,254.0,256.0,9235725,3E3335,FUGA BLUEMARINE,Tanker,No additional information,43.0,248.0,GPS,14.5,FOR ORDER,20/01/2025 07:00:00,AIS,POINT (15.32265 55.63735),352978218_0,0 days 00:18:01,1.1676077937005528e-07,254.3980701425533,0.0,0,7.176586988139208,55.63735,15.32265
2025-01-24 00:56:04,2025-01-24 00:56:04,Class A,352978218_0,55.636583,15.31785,Under way using engine,0.0,10.3,254.0,256.0,9235725,3E3335,FUGA BLUEMARINE,Tanker,No additional information,43.0,248.0,GPS,14.5,FOR ORDER,20/01/2025 07:00:00,AIS,POINT (15.31785 55.636583),352978218_0,0 days 00:01:00,-1.6454057387328923e-06,254.1951399774225,0.0,0,7.172114782341954,55.636583,15.31785
2025-01-24 00:57:04,2025-01-24 00:57:04,Class A,352978218_0,55.635817,15.312883,Under way using engine,0.0,10.3,254.0,256.0,9235725,3E3335,FUGA BLUEMARINE,Tanker,No additional information,43.0,248.0,GPS,14.5,FOR ORDER,20/01/2025 07:00:00,AIS,POINT (15.312883 55.635817),352978218_0,0 days 00:01:00,2.808376239142654e-06,254.72065628566816,0.0,0,7.167480810136082,55.635817,15.312883
2025-01-24 00:58:04,2025-01-24 00:58:04,Class A,352978218_0,55.63505,15.30805,Under way using engine,0.0,10.3,254.0,255.0,9235725,3E3335,FUGA BLUEMARINE,Tanker,No additional information,43.0,248.0,GPS,14.5,FOR ORDER,20/01/2025 07:00:00,AIS,POINT (15.30805 55.63505),352978218_0,0 days 00:01:00,-2.2495172696320912e-06,254.29832595754732,0.0,0,7.162977612203531,55.63505,15.30805
2025-01-24 00:59:04,2025-01-24 00:59:04,Class A,352978218_0,55.6343,15.303167,Under way using engine,0.0,10.2,254.0,255.0,9235725,3E3335,FUGA BLUEMARINE,Tanker,No additional information,43.0,248.0,GPS,14.5,FOR ORDER,20/01/2025 07:00:00,AIS,POINT (15.303167 55.6343),352978218_0,0 days 00:01:00,7.048771227139104e-07,254.78011929437795,0.0,0,7.158422295798564,55.6343,15.303167
2025-01-24 01:01:04,2025-01-24 01:01:04,Class A,352978218_0,55.6328,15.29335,Under way using engine,0.0,10.2,255.0,256.0,9235725,3E3335,FUGA BLUEMARINE,Tanker,No additional information,43.0,248.0,GPS,14.5,FOR ORDER,20/01/2025 07:00:00,AIS,POINT (15.29335 55.6328),352978218_0,0 days 00:02:00,2.1648593098503739e-07,254.85800752457286,0.0,0,7.149263727764488,55.6328,15.29335
2025-01-24 01:02:04,2025-01-24 01:02:04,Class A,352978218_0,55.6321,15.288633,Under way using engine,0.0,10.2,255.0,256.0,9235725,3E3335,FUGA BLUEMARINE,Tanker,No additional information,43.0,248.0,GPS,14.5,FOR ORDER,20/01/2025 07:00:00,AIS,POINT (15.288633 55.6321),352978218_0,0 days 00:01:00,-3.6331123155589294e-06,255.27291982893286,0.0,0,7.1448587851160505,55.6321,15.288633
2025-01-24 01:03:04,2025-01-24 01:03:04,Class A,352978218_0,55.631367,15.283667,Under way using engine,0.0,10.2,255.0,255.0,9235725,3E3335,FUGA BLUEMARINE,Tanker,No additional information,43.0,248.0,GPS,14.5,FOR ORDER,20/01/2025 07:00:00,AIS,POINT (15.283667 55.631367),352978218_0,0 days 00:01:00,4.47436452949263e-06,255.34884685778508,0.0,0,7.140220857305816,55.631367,15.283667
2025-01-24 01:04:04,2025-01-24 01:04:04,Class A,352978218_0,55.630617,15.278817,Under way using engine,0.0,10.2,254.0,255.0,9235725,3E3335,FUGA BLUEMARINE,Tanker,No additional information,43.0,248.0,GPS,14.5,FOR ORDER,20/01/2025 07:00:00,AIS,POINT (15.278817 55.630617),352978218_0,0 days 00:01:00,-1.8235655931962084e-06,254.6827578347195,0.0,0,7.135700088905432,55.630617,15.278817
2025-01-24 01:56:01,2025-01-24 01:56:01,Class A,352978218_0,55.5721,15.036417,Under way using engine,0.0,10.4,245.0,246.0,9235725,3E3335,FUGA BLUEMARINE,Tanker,No additional information,43.0,248.0,GPS,14.5,FOR ORDER,20/01/2025 07:00:00,AIS,POINT (15.036417 55.5721),352978218_0,0 days 00:51:57,1.6295474756989027e-08,246.9626134059143,0.0,0,6.915869402901272,55.5721,15.036417
2025-01-24 02:05:12,2025-01-24 02:05:12,Class A,352978218_0,55.561533,14.994367,Under way using engine,0.0,10.3,244.0,243.0,9235725,3E3335,FUGA BLUEMARINE,Tanker,No additional information,43.0,248.0,GPS,14.5,FOR ORDER,20/01/2025 07:00:00,AIS,POINT (14.994367 55.561533),352978218_0,0 days 00:09:11,-1.1263754808479262e-07,246.05592911794184,0.0,0,6.878049051093269,55.561533,14.994367
2025-01-24 03:15:03,2025-01-24 03:15:03,Class A,352978218_0,55.465417,14.681767,Under way using engine,0.0,10.6,240.0,242.0,9235725,3E3335,FUGA BLUEMARINE,Tanker,No additional information,43.0,248.0,GPS,14.5,FOR ORDER,20/01/2025 07:00:00,AIS,POINT (14.681767 55.465417),352978218_0,0 days 01:09:51,2.2071127614610935e-08,241.62541208358397,70.0,1,6.604074593658448,55.465417,14.681767
2025-01-24 03:16:03,2025-01-24 03:16:03,Class A,352978218_0,55.463983,14.677333,Under way using engine,0.0,10.6,240.0,243.0,9235725,3E3335,FUGA BLUEMARINE,Tanker,No additional information,43.0,248.0,GPS,14.5,FOR ORDER,20/01/2025 07:00:00,AIS,POINT (14.677333 55.463983),352978218_0,0 days 00:01:00,3.2089988335665526e-07,240.29816245150553,0.0,0,6.600243647745817,55.463983,14.677333
2025-01-24 03:31:04,2025-01-24 03:31:04,Class A,352978218_0,55.442133,14.608967,Under way using engine,0.0,10.7,241.0,237.0,9235725,3E3335,FUGA BLUEMARINE,Tanker,No additional information,43.0,248.0,GPS,14.5,FOR ORDER,20/01/2025 07:00:00,AIS,POINT (14.608967 55.442133),352978218_0,0 days 00:15:01,1.4356189752014816e-07,240.62283254973022,0.0,0,6.541235364795018,55.442133,14.608967
2025-01-24 04:03:03,2025-01-24 04:03:03,Class A,352978218_0,55.373433,14.4939,Under way using engine,0.0,10.8,218.0,220.0,9235725,3E3335,FUGA BLUEMARINE,Tanker,No additional information,43.0,248.0,GPS,14.5,FOR ORDER,20/01/2025 07:00:00,AIS,POINT (14.4939 55.373433),352978218_0,0 days 00:31:59,-1.2385863157247126e-09,223.6058314631966,0.0,0,6.452317095345517,55.373433,14.4939
2025-01-24 04:04:03,2025-01-24 04:04:03,Class A,352978218_0,55.37105,14.490517,Under way using engine,0.0,10.8,219.0,220.0,9235725,3E3335,FUGA BLUEMARINE,Tanker,No additional information,43.0,248.0,GPS,14.5,FOR ORDER,20/01/2025 07:00:00,AIS,POINT (14.490517 55.37105),352978218_0,0 days 00:01:00,3.0055320125468275e-06,218.8944839294236,0.0,0,6.449839094255455,55.37105,14.490517
2025-01-24 04:05:03,2025-01-24 04:05:03,Class A,352978218_0,55.368783,14.487317,Under way using engine,0.0,10.8,218.0,219.0,9235725,3E3335,FUGA BLUEMARINE,Tanker,No additional information,43.0,248.0,GPS,14.5,FOR ORDER,20/01/2025 07:00:00,AIS,POINT (14.487317 55.368783),352978218_0,0 days 00:01:00,-4.813470395620788e-06,218.73629323800128,0.0,0,6.447500714412135,55.368783,14.487317
2025-01-24 04:06:03,2025-01-24 04:06:03,Class A,352978218_0,55.366333,14.483967,Under way using engine,0.0,10.8,218.0,219.0,9235725,3E3335,FUGA BLUEMARINE,Tanker,No additional information,43.0,248.0,GPS,14.5,FOR ORDER,20/01/2025 07:00:00,AIS,POINT (14.483967 55.366333),352978218_0,0 days 00:01:00,6.079637137823731e-06,217.85132046349304,0.0,0,6.4450782417938886,55.366333,14.483967
2025-01-24 04:07:03,2025-01-24 04:07:03,Class A,352978218_0,55.363967,14.480683,Under way using engine,0.0,10.8,218.0,219.0,9235725,3E3335,FUGA BLUEMARINE,Tanker,No additional information,43.0,248.0,GPS,14.5,FOR ORDER,20/01/2025 07:00:00,AIS,POINT (14.480683 55.363967),352978218_0,0 days 00:01:00,-2.759152439894324e-06,218.2698461590855,0.0,0,6.442694073349207,55.363967,14.480683
2025-01-24 04:08:03,2025-01-24 04:08:03,Class A,352978218_0,55.3616,14.477383,Under way using engine,0.0,10.8,218.0,220.0,9235725,3E3335,FUGA BLUEMARINE,Tanker,No additional information,43.0,248.0,GPS,14.5,FOR ORDER,20/01/2025 07:00:00,AIS,POINT (14.477383 55.3616),352978218_0,0 days 00:01:00,2.0139635291105926e-07,218.3952213447855,0.0,0,6.440296677114338,55.3616,14.477383
2025-01-24 04:09:03,2025-01-24 04:09:03,Class A,352978218_0,55.3592,14.474,Under way using engine,0.0,10.9,219.0,220.0,9235725,3E3335,FUGA BLUEMARINE,Tanker,No additional information,43.0,248.0,GPS,14.5,FOR ORDER,20/01/2025 07:00:00,AIS,POINT (14.474 55.3592),352978218_0,0 days 00:01:00,1.7120203185210075e-06,218.70396507285727,0.0,0,6.437832422114527,55.3592,14.474
2025-01-24 04:10:03,2025-01-24 04:10:03,Class A,352978218_0,55.3569,14.4707,Under way using engine,0.0,10.8,219.0,220.0,9235725,3E3335,FUGA BLUEMARINE,Tanker,No additional information,43.0,248.0,GPS,14.5,FOR ORDER,20/01/2025 07:00:00,AIS,POINT (14.4707 55.3569),352978218_0,0 days 00:01:00,-3.3212060043938337e-06,219.20193266780234,0.0,0,6.435417421972641,55.3569,14.4707
2025-01-24 04:11:03,2025-01-24 04:11:03,Class A,352978218_0,55.354583,14.46745,Under way using engine,0.0,10.8,218.0,220.0,9235725,3E3335,FUGA BLUEMARINE,Tanker,No additional information,43.0,248.0,GPS,14.5,FOR ORDER,20/01/2025 07:00:00,AIS,POINT (14.46745 55.354583),352978218_0,0 days 00:01:00,-1.4275047392671897e-07,218.56992740055006,0.0,0,6.433056839286282,55.354583,14.46745
2025-01-24 04:12:03,2025-01-24 04:12:03,Class A,352978218_0,55.352283,14.46415,Under way using engine,0.0,10.8,218.0,219.0,9235725,3E3335,FUGA BLUEMARINE,Tanker,No additional information,43.0,248.0,GPS,14.5,FOR ORDER,20/01/2025 07:00:00,AIS,POINT (14.46415 55.352283),352978218_0,0 days 00:01:00,1.4699039955332696e-07,219.20520524541402,0.0,0,6.430645058272771,55.352283,14.46415
2025-01-24 04:13:03,2025-01-24 04:13:03,Class A,352978218_0,55.349883,14.46085,Under way using engine,0.0,10.8,218.0,220.0,9235725,3E3335,FUGA BLUEMARINE,Tanker,No additional information,43.0,248.0,GPS,14.5,FOR ORDER,20/01/2025 07:00:00,AIS,POINT (14.46085 55.349883),352978218_0,0 days 00:01:00,2.4167189906517158e-06,218.0179167452928,0.0,0,6.4282663353261915,55.349883,14.46085
2025-01-24 04:14:03,2025-01-24 04:14:03,Class A,352978218_0,55.347433,14.45745,Under way using engine,0.0,10.8,218.0,220.0,9235725,3E3335,FUGA BLUEMARINE,Tanker,No additional information,43.0,248.0,GPS,14.5,FOR ORDER,20/01/2025 07:00:00,AIS,POINT (14.45745 55.347433),352978218_0,0 days 00:01:00,2.307098274347951e-06,218.276651612217,0.0,0,6.425810160562478,55.347433,14.45745
2025-01-24 04:17:03,2025-01-24 04:17:03,Class A,352978218_0,55.340517,14.447533,Under way using engine,0.0,10.8,219.0,220.0,9235725,3E3335,FUGA BLUEMARINE,Tanker,No additional information,43.0,248.0,GPS,14.5,FOR ORDER,20/01/2025 07:00:00,AIS,POINT (14.447533 55.340517),352978218_0,0 days 00:03:00,-1.5080759955462152e-06,219.19777849550036,0.0,0,6.418583538403859,55.340517,14.447533
2025-01-24 04:18:03,2025-01-24 04:18:03,Class A,352978218_0,55.3381,14.444083,Under way using engine,0.0,10.8,218.0,220.0,9235725,3E3335,FUGA BLUEMARINE,Tanker,No additional information,43.0,248.0,GPS,14.5,FOR ORDER,20/01/2025 07:00:00,AIS,POINT (14.444083 55.3381),352978218_0,0 days 00:01:00,4.288298307549762e-06,219.0703585467389,0.0,0,6.416076409555141,55.3381,14.444083
2025-01-24 04:19:03,2025-01-24 04:19:03,Class A,352978218_0,55.335783,14.44085,Under way using engine,0.0,10.8,218.0,219.0,9235725,3E3335,FUGA BLUEMARINE,Tanker,No additional information,43.0,248.0,GPS,14.5,FOR ORDER,20/01/2025 07:00:00,AIS,POINT (14.44085 55.335783),352978218_0,0 days 00:01:00,-4.8049383760125046e-06,218.43677529805234,0.0,0,6.413745108615402,55.335783,14.44085
2025-01-24 04:20:03,2025-01-24 04:20:03,Class A,352978218_0,55.333383,14.437533,Under way using engine,0.0,10.8,218.0,219.0,9235725,3E3335,FUGA BLUEMARINE,Tanker,No additional information,43.0,248.0,GPS,14.5,FOR ORDER,20/01/2025 07:00:00,AIS,POINT (14.437533 55.333383),352978218_0,0 days 00:01:00,2.9336797728530836e-06,218.17245630493744,0.0,0,6.411362166498552,55.333383,14.437533
2025-01-24 04:21:03,2025-01-24 04:21:03,Class A,352978218_0,55.331083,14.4344,Under way using engine,0.0,10.8,217.0,219.0,9235725,3E3335,FUGA BLUEMARINE,Tanker,No additional information,43.0,248.0,GPS,14.5,FOR ORDER,20/01/2025 07:00:00,AIS,POINT (14.4344 55.331083),352978218_0,0 days 00:01:00,-4.432222869896312e-06,217.77079980692343,0.0,0,6.4091235459139035,55.331083,14.4344
2025-01-24 04:22:03,2025-01-24 04:22:03,Class A,352978218_0,55.3286,14.431017,Under way using engine,0.0,10.8,217.0,220.0,9235725,3E3335,FUGA BLUEMARINE,Tanker,No additional information,43.0,248.0,GPS,14.5,FOR ORDER,20/01/2025 07:00:00,AIS,POINT (14.431017 55.3286),352978218_0,0 days 00:01:00,7.175104794852619e-06,217.77849933075822,0.0,0,6.406707893121553,55.3286,14.431017
2025-01-24 04:23:03,2025-01-24 04:23:03,Class A,352978218_0,55.32625,14.42785,Under way using engine,0.0,10.8,217.0,220.0,9235725,3E3335,FUGA BLUEMARINE,Tanker,No additional information,43.0,248.0,GPS,14.5,FOR ORDER,20/01/2025 07:00:00,AIS,POINT (14.42785 55.32625),352978218_0,0 days 00:01:00,-5.580909473225746e-06,217.47740639506438,0.0,0,6.404456296995787,55.32625,14.42785
2025-01-24 04:26:03,2025-01-24 04:26:03,Class A,352978218_0,55.319117,14.4179,Under way using engine,0.0,10.8,218.0,220.0,9235725,3E3335,FUGA BLUEMARINE,Tanker,No additional information,43.0,248.0,GPS,14.5,FOR ORDER,20/01/2025 07:00:00,AIS,POINT (14.4179 55.319117),352978218_0,0 days 00:03:00,7.678712543220093e-07,218.44129969711813,0.0,0,6.397312692486432,55.319117,14.4179
2025-01-24 04:27:03,2025-01-24 04:27:03,Class A,352978218_0,55.3168,14.41465,Under way using engine,0.0,10.8,218.0,221.0,9235725,3E3335,FUGA BLUEMARINE,Tanker,No additional information,43.0,248.0,GPS,14.5,FOR ORDER,20/01/2025 07:00:00,AIS,POINT (14.41465 55.3168),352978218_0,0 days 00:01:00,-2.1955120316288187e-06,218.59656435494992,0.0,0,6.394978567151652,55.3168,14.41465
2025-01-24 04:31:03,2025-01-24 04:31:03,Class A,352978218_0,55.307383,14.401383,Under way using engine,0.0,10.8,218.0,220.0,9235725,3E3335,FUGA BLUEMARINE,Tanker,No additional information,43.0,248.0,GPS,14.5,FOR ORDER,20/01/2025 07:00:00,AIS,POINT (14.401383 55.307383),352978218_0,0 days 00:04:00,4.1011006263917564e-07,218.72727415959622,0.0,0,6.385453971802551,55.307383,14.401383
2025-01-24 04:34:03,2025-01-24 04:34:03,Class A,352978218_0,55.300367,14.39135,Under way using engine,0.0,10.8,219.0,221.0,9235725,3E3335,FUGA BLUEMARINE,Tanker,No additional information,43.0,248.0,GPS,14.5,FOR ORDER,20/01/2025 07:00:00,AIS,POINT (14.39135 55.300367),352978218_0,0 days 00:03:00,-2.0269404101502874e-08,219.14971183368235,0.0,0,6.378234979149638,55.300367,14.39135
2025-01-24 04:35:03,2025-01-24 04:35:03,Class A,352978218_0,55.298,14.387983,Under way using engine,0.0,10.8,219.0,221.0,9235725,3E3335,FUGA BLUEMARINE,Tanker,No additional information,43.0,248.0,GPS,14.5,FOR ORDER,20/01/2025 07:00:00,AIS,POINT (14.387983 55.298),352978218_0,0 days 00:01:00,9.364003782685379e-07,219.0020389690607,0.0,0,6.375819834911429,55.298,14.387983
2025-01-24 04:48:04,2025-01-24 04:48:04,Class A,352978218_0,55.267383,14.344333,Under way using engine,0.0,11.0,219.0,220.0,9235725,3E3335,FUGA BLUEMARINE,Tanker,No additional information,43.0,248.0,GPS,14.5,FOR ORDER,20/01/2025 07:00:00,AIS,POINT (14.344333 55.267383),352978218_0,0 days 00:13:01,-3.7856077601828635e-08,219.09328457451682,0.0,0,6.3446453431227345,55.267383,14.344333
2025-01-24 04:49:04,2025-01-24 04:49:04,Class A,352978218_0,55.265067,14.341,Under way using engine,0.0,11.0,219.0,220.0,9235725,3E3335,FUGA BLUEMARINE,Tanker,No additional information,43.0,248.0,GPS,14.5,FOR ORDER,20/01/2025 07:00:00,AIS,POINT (14.341 55.265067),352978218_0,0 days 00:01:00,-1.0777371389382075e-06,219.35169662068054,0.0,0,6.342269811207025,55.265067,14.341
2025-01-24 04:50:04,2025-01-24 04:50:04,Class A,352978218_0,55.26265,14.337567,Under way using engine,0.0,11.0,219.0,220.0,9235725,3E3335,FUGA BLUEMARINE,Tanker,No additional information,43.0,248.0,GPS,14.5,FOR ORDER,20/01/2025 07:00:00,AIS,POINT (14.337567 55.26265),352978218_0,0 days 00:01:00,3.5384739807293544e-06,218.9852080464887,0.0,0,6.33983527358448,55.26265,14.337567
2025-01-24 05:05:04,2025-01-24 05:05:04,Class A,352978218_0,55.2284,14.28405,Under way using engine,0.0,11.0,224.0,225.0,9235725,3E3335,FUGA BLUEMARINE,Tanker,No additional information,43.0,248.0,GPS,14.5,FOR ORDER,20/01/2025 07:00:00,AIS,POINT (14.28405 55.2284),352978218_0,0 days 00:15:00,-1.0579017579046387e-07,221.7148189331263,0.0,0,6.300956471515178,55.2284,14.28405
2025-01-24 05:08:04,2025-01-24 05:08:04,Class A,352978218_0,55.222017,14.272717,Under way using engine,0.0,11.0,225.0,226.0,9235725,3E3335,FUGA BLUEMARINE,Tanker,No additional information,43.0,248.0,GPS,14.5,FOR ORDER,20/01/2025 07:00:00,AIS,POINT (14.272717 55.222017),352978218_0,0 days 00:03:00,-3.0247328985218725e-07,225.3650199504164,0.0,0,6.292477617807233,55.222017,14.272717
2025-01-24 05:13:03,2025-01-24 05:13:03,Class A,352978218_0,55.21125,14.25355,Under way using engine,0.0,10.9,225.0,225.0,9235725,3E3335,FUGA BLUEMARINE,Tanker,No additional information,43.0,248.0,GPS,14.5,FOR ORDER,20/01/2025 07:00:00,AIS,POINT (14.25355 55.21125),352978218_0,0 days 00:04:59,3.187560808370999e-07,225.44956112995786,0.0,0,6.278163243571245,55.21125,14.25355
2025-01-24 05:19:03,2025-01-24 05:19:03,Class A,352978218_0,55.199233,14.230117,Under way using engine,0.0,10.9,235.0,237.0,9235725,3E3335,FUGA BLUEMARINE,Tanker,No additional information,43.0,248.0,GPS,14.5,FOR ORDER,20/01/2025 07:00:00,AIS,POINT (14.230117 55.199233),352978218_0,0 days 00:06:00,-4.2689788526882655e-07,228.06408637593077,0.0,0,6.2603254752804185,55.199233,14.230117
2025-01-24 05:34:03,2025-01-24 05:34:03,Class A,352978218_0,55.17285,14.16695,Under way using engine,0.0,10.6,234.0,235.0,9235725,3E3335,FUGA BLUEMARINE,Tanker,No additional information,43.0,248.0,GPS,14.5,FOR ORDER,20/01/2025 07:00:00,AIS,POINT (14.16695 55.17285),352978218_0,0 days 00:15:00,-3.474236622359565e-08,233.8373697267935,0.0,0,6.210411864806473,55.17285,14.16695
2025-01-24 05:35:03,2025-01-24 05:35:03,Class A,352978218_0,55.1711,14.162733,Under way using engine,0.0,10.5,234.0,235.0,9235725,3E3335,FUGA BLUEMARINE,Tanker,No additional information,43.0,248.0,GPS,14.5,FOR ORDER,20/01/2025 07:00:00,AIS,POINT (14.162733 55.1711),352978218_0,0 days 00:01:00,-5.618043106652854e-08,233.99861101382857,0.0,0,6.207088234127978,55.1711,14.162733
2025-01-24 05:39:03,2025-01-24 05:39:03,Class A,352978218_0,55.164233,14.14635,Under way using engine,0.0,10.5,232.0,229.0,9235725,3E3335,FUGA BLUEMARINE,Tanker,No additional information,43.0,248.0,GPS,14.5,FOR ORDER,20/01/2025 07:00:00,AIS,POINT (14.14635 55.164233),352978218_0,0 days 00:04:00,-5.834384669093407e-07,233.73391100089384,0.0,0,6.194215301068247,55.164233,14.14635
2025-01-24 05:40:03,2025-01-24 05:40:03,Class A,352978218_0,55.162217,14.142317,Under way using engine,0.0,10.4,228.0,222.0,9235725,3E3335,FUGA BLUEMARINE,Tanker,No additional information,43.0,248.0,GPS,14.5,FOR ORDER,20/01/2025 07:00:00,AIS,POINT (14.142317 55.162217),352978218_0,0 days 00:01:00,4.925567795094777e-06,228.81342451278013,0.0,0,6.191166242333104,55.162217,14.142317
2025-01-24 05:41:03,2025-01-24 05:41:03,Class A,352978218_0,55.160167,14.138983,Under way using engine,0.0,10.2,220.0,214.0,9235725,3E3335,FUGA BLUEMARINE,Tanker,No additional information,43.0,248.0,GPS,14.5,FOR ORDER,20/01/2025 07:00:00,AIS,POINT (14.138983 55.160167),352978218_0,0 days 00:01:00,-8.166454371956441e-06,222.895898972412,0.0,0,6.188783972039175,55.160167,14.138983
2025-01-24 05:44:03,2025-01-24 05:44:03,Class A,352978218_0,55.152717,14.132583,Under way using engine,0.0,9.9,196.0,196.0,9235725,3E3335,FUGA BLUEMARINE,Tanker,No additional information,43.0,248.0,GPS,14.5,FOR ORDER,20/01/2025 07:00:00,AIS,POINT (14.132583 55.152717),352978218_0,0 days 00:03:00,-3.460534590752625e-07,206.14505702310092,0.0,0,6.185475128740636,55.152717,14.132583
2025-01-24 05:48:03,2025-01-24 05:48:03,Class A,352978218_0,55.141983,14.127383,Under way using engine,0.0,10.2,197.0,200.0,9235725,3E3335,FUGA BLUEMARINE,Tanker,No additional information,43.0,248.0,GPS,14.5,FOR ORDER,20/01/2025 07:00:00,AIS,POINT (14.127383 55.141983),352978218_0,0 days 00:04:00,1.3422702426368864e-07,195.47651185858172,0.0,0,6.184482690056541,55.141983,14.127383
2025-01-24 05:49:03,2025-01-24 05:49:03,Class A,352978218_0,55.139217,14.12585,Under way using engine,0.0,10.2,197.0,200.0,9235725,3E3335,FUGA BLUEMARINE,Tanker,No additional information,43.0,248.0,GPS,14.5,FOR ORDER,20/01/2025 07:00:00,AIS,POINT (14.12585 55.139217),352978218_0,0 days 00:01:00,3.6234128210853976e-06,197.57769515957136,0.0,0,6.1840506338603,55.139217,14.12585
2025-01-24 06:33:04,2025-01-24 06:33:04,Class A,352978218_0,55.054167,13.97045,Under way using engine,0.0,10.4,248.0,250.0,9235725,3E3335,FUGA BLUEMARINE,Tanker,No additional information,43.0,248.0,GPS,14.5,FOR ORDER,20/01/2025 07:00:00,AIS,POINT (13.97045 55.054167),352978218_0,0 days 00:44:01,-7.266420054168676e-08,226.33771265700906,0.0,0,6.071335992748877,55.054167,13.97045
2025-01-24 06:47:03,2025-01-24 06:47:03,Class A,352978218_0,55.039333,13.905583,Under way using engine,0.0,10.3,249.0,250.0,9235725,3E3335,FUGA BLUEMARINE,Tanker,No additional information,43.0,248.0,GPS,14.5,FOR ORDER,20/01/2025 07:00:00,AIS,POINT (13.905583 55.039333),352978218_0,0 days 00:13:59,1.511525772066673e-07,248.266556909161,0.0,0,6.017163768064569,55.039333,13.905583
2025-01-24 06:49:03,2025-01-24 06:49:03,Class A,352978218_0,55.037267,13.89635,Under way using engine,0.0,10.3,248.0,250.0,9235725,3E3335,FUGA BLUEMARINE,Tanker,No additional information,43.0,248.0,GPS,14.5,FOR ORDER,20/01/2025 07:00:00,AIS,POINT (13.89635 55.037267),352978218_0,0 days 00:02:00,-3.345776043497415e-07,248.6735833808442,0.0,0,6.009455588058539,55.037267,13.89635
2025-01-24 06:50:03,2025-01-24 06:50:03,Class A,352978218_0,55.03625,13.89155,Under way using engine,0.0,10.3,248.0,250.0,9235725,3E3335,FUGA BLUEMARINE,Tanker,No additional information,43.0,248.0,GPS,14.5,FOR ORDER,20/01/2025 07:00:00,AIS,POINT (13.89155 55.03625),352978218_0,0 days 00:01:00,2.8747899639247043e-06,249.71101933382943,0.0,0,6.0054280958919986,55.03625,13.89155
2025-01-24 06:51:03,2025-01-24 06:51:03,Class A,352978218_0,55.035233,13.88695,Under way using engine,0.0,10.3,249.0,250.0,9235725,3E3335,FUGA BLUEMARINE,Tanker,No additional information,43.0,248.0,GPS,14.5,FOR ORDER,20/01/2025 07:00:00,AIS,POINT (13.88695 55.035233),352978218_0,0 days 00:01:00,-3.3218778679085845e-06,248.90541393044322,0.0,0,6.001586138212799,55.035233,13.88695
2025-01-24 07:32:03,2025-01-24 07:32:03,Class A,352978218_0,54.993917,13.693533,Under way using engine,0.0,10.6,248.0,250.0,9235725,3E3335,FUGA BLUEMARINE,Tanker,No additional information,43.0,248.0,GPS,14.5,FOR ORDER,20/01/2025 07:00:00,AIS,POINT (13.693533 54.993917),352978218_0,0 days 00:41:00,4.612687218320065e-08,249.64613262612957,0.0,0,5.840605783741014,54.993917,13.693533
2025-01-24 08:18:04,2025-01-24 08:18:04,Class A,352978218_0,54.94745,13.4667,Under way using engine,0.0,11.0,251.0,252.0,9235725,3E3335,FUGA BLUEMARINE,Tanker,No additional information,43.0,248.0,GPS,14.5,FOR ORDER,20/01/2025 07:00:00,AIS,POINT (13.4667 54.94745),352978218_0,0 days 00:46:01,7.93169374266882e-08,250.452108568676,0.0,0,5.653936671119423,54.94745,13.4667
2025-01-24 08:47:04,2025-01-24 08:47:04,Class A,352978218_0,54.918917,13.3222,Under way using engine,0.0,10.8,250.0,251.0,9235725,3E3335,FUGA BLUEMARINE,Tanker,No additional information,43.0,248.0,GPS,14.5,FOR ORDER,20/01/2025 07:00:00,AIS,POINT (13.3222 54.918917),352978218_0,0 days 00:29:00,2.4496617067144895e-08,251.0918526315135,0.0,0,5.536316848577943,54.918917,13.3222
2025-01-24 08:49:04,2025-01-24 08:49:04,Class A,352978218_0,54.9169,13.312383,Under way using engine,0.0,10.8,250.0,252.0,9235725,3E3335,FUGA BLUEMARINE,Tanker,No additional information,43.0,248.0,GPS,14.5,FOR ORDER,20/01/2025 07:00:00,AIS,POINT (13.312383 54.9169),352978218_0,0 days 00:02:00,-4.828192586912976e-07,250.33319859170751,0.0,0,5.528412468896475,54.9169,13.312383
2025-01-24 12:12:03,2025-01-24 12:12:03,Class A,352978218_0,54.660567,12.425083,Under way using engine,0.0,7.2,243.0,244.0,9235725,3E3335,FUGA BLUEMARINE,Tanker,No additional information,43.0,248.0,GPS,14.5,FOR ORDER,20/01/2025 07:00:00,AIS,POINT (12.425083 54.660567),352978218_0,0 days 03:22:59,-2.7091000715102716e-08,243.75066331208006,203.0,1,4.887111472963248,54.660567,12.425083
2025-01-24 12:13:04,2025-01-24 12:13:04,Class A,352978218_0,54.65965,12.421917,Under way using engine,0.0,7.2,243.0,244.0,9235725,3E3335,FUGA BLUEMARINE,Tanker,No additional information,43.0,248.0,GPS,14.5,FOR ORDER,20/01/2025 07:00:00,AIS,POINT (12.421917 54.65965),352978218_0,0 days 00:01:01,-2.4516839340318182e-05,243.40240757990514,0.0,0,4.884986453306294,54.65965,12.421917
2025-01-24 12:14:04,2025-01-24 12:14:04,Class A,352978218_0,54.658767,12.4188,Under way using engine,0.0,7.2,244.0,244.0,9235725,3E3335,FUGA BLUEMARINE,Tanker,No additional information,43.0,248.0,GPS,14.5,FOR ORDER,20/01/2025 07:00:00,AIS,POINT (12.4188 54.658767),352978218_0,0 days 00:01:00,-2.1207274426226908e-07,243.90837308062436,0.0,0,4.882884588862203,54.658767,12.4188
2025-01-24 12:15:04,2025-01-24 12:15:04,Class A,352978218_0,54.65785,12.41565,Under way using engine,0.0,7.2,242.0,244.0,9235725,3E3335,FUGA BLUEMARINE,Tanker,No additional information,43.0,248.0,GPS,14.5,FOR ORDER,20/01/2025 07:00:00,AIS,POINT (12.41565 54.65785),352978218_0,0 days 00:01:00,9.979028692178428e-07,243.2870255322611,0.0,0,4.880775442010109,54.65785,12.41565
2025-01-24 12:17:04,2025-01-24 12:17:04,Class A,352978218_0,54.656,12.409667,Under way using engine,0.0,6.9,236.0,235.0,9235725,3E3335,FUGA BLUEMARINE,Tanker,No additional information,43.0,248.0,GPS,14.5,FOR ORDER,20/01/2025 07:00:00,AIS,POINT (12.409667 54.656),352978218_0,0 days 00:02:00,-1.2041235436417285e-06,241.8766530869585,0.0,0,4.87683325683645,54.656,12.409667
2025-01-24 12:18:04,2025-01-24 12:18:04,Class A,352978218_0,54.654883,12.406883,Under way using engine,0.0,6.9,235.0,236.0,9235725,3E3335,FUGA BLUEMARINE,Tanker,No additional information,43.0,248.0,GPS,14.5,FOR ORDER,20/01/2025 07:00:00,AIS,POINT (12.406883 54.654883),352978218_0,0 days 00:01:00,-8.329067448710452e-08,235.25735580137874,0.0,0,4.875143271844328,54.654883,12.406883
2025-01-24 12:25:03,2025-01-24 12:25:03,Class A,352978218_0,54.6472,12.387617,Under way using engine,0.0,6.9,236.0,236.0,9235725,3E3335,FUGA BLUEMARINE,Tanker,No additional information,43.0,248.0,GPS,14.5,FOR ORDER,20/01/2025 07:00:00,AIS,POINT (12.387617 54.6472),352978218_0,0 days 00:06:59,-9.47744889152898e-08,235.43019368457945,0.0,0,4.863456463523244,54.6472,12.387617
2025-01-24 12:26:03,2025-01-24 12:26:03,Class A,352978218_0,54.646067,12.3848,Under way using engine,0.0,7.0,235.0,236.0,9235725,3E3335,FUGA BLUEMARINE,Tanker,No additional information,43.0,248.0,GPS,14.5,FOR ORDER,20/01/2025 07:00:00,AIS,POINT (12.3848 54.646067),352978218_0,0 days 00:01:00,1.4388581202096521e-06,235.19772663747608,0.0,0,4.861758117939229,54.646067,12.3848
2025-01-24 12:27:03,2025-01-24 12:27:03,Class A,352978218_0,54.645,12.382117,Under way using engine,0.0,7.0,235.0,236.0,9235725,3E3335,FUGA BLUEMARINE,Tanker,No additional information,43.0,248.0,GPS,14.5,FOR ORDER,20/01/2025 07:00:00,AIS,POINT (12.382117 54.645),352978218_0,0 days 00:01:00,-3.135668253993368e-06,235.50071926939154,0.0,0,4.860134981210499,54.645,12.382117
2025-01-24 12:29:03,2025-01-24 12:29:03,Class A,352978218_0,54.64285,12.3765,Under way using engine,0.0,7.0,235.0,237.0,9235725,3E3335,FUGA BLUEMARINE,Tanker,No additional information,43.0,248.0,GPS,14.5,FOR ORDER,20/01/2025 07:00:00,AIS,POINT (12.3765 54.64285),352978218_0,0 days 00:02:00,1.0035358096241172e-06,236.5186468713548,0.0,0,4.856693571374355,54.64285,12.3765
2025-01-24 12:30:03,2025-01-24 12:30:03,Class A,352978218_0,54.641733,12.37365,Under way using engine,0.0,7.0,236.0,237.0,9235725,3E3335,FUGA BLUEMARINE,Tanker,No additional information,43.0,248.0,GPS,14.5,FOR ORDER,20/01/2025 07:00:00,AIS,POINT (12.37365 54.641733),352978218_0,0 days 00:01:00,1.3418856123027862e-06,235.89203517829216,0.0,0,4.8549640395360285,54.641733,12.37365
2025-01-24 12:31:04,2025-01-24 12:31:04,Class A,352978218_0,54.6406,12.370783,Under way using engine,0.0,7.0,236.0,237.0,9235725,3E3335,FUGA BLUEMARINE,Tanker,No additional information,43.0,248.0,GPS,14.5,FOR ORDER,20/01/2025 07:00:00,AIS,POINT (12.370783 54.6406),352978218_0,0 days 00:01:01,-4.807238998216326e-07,235.67230105280888,0.0,0,4.8532307710688976,54.6406,12.370783
2025-01-24 12:32:04,2025-01-24 12:32:04,Class A,352978218_0,54.639533,12.368083,Under way using engine,0.0,7.0,236.0,237.0,9235725,3E3335,FUGA BLUEMARINE,Tanker,No additional information,43.0,248.0,GPS,14.5,FOR ORDER,20/01/2025 07:00:00,AIS,POINT (12.368083 54.639533),352978218_0,0 days 00:01:00,-2.603198028543493e-06,235.6730508185607,0.0,0,4.851599686485789,54.639533,12.368083
2025-01-24 12:33:04,2025-01-24 12:33:04,Class A,352978218_0,54.638433,12.365233,Under way using engine,0.0,7.0,236.0,237.0,9235725,3E3335,FUGA BLUEMARINE,Tanker,No additional information,43.0,248.0,GPS,14.5,FOR ORDER,20/01/2025 07:00:00,AIS,POINT (12.365233 54.638433),352978218_0,0 days 00:01:00,2.8026024246634724e-06,236.3010007388195,0.0,0,4.849864468653635,54.638433,12.365233
2025-01-24 12:34:04,2025-01-24 12:34:04,Class A,352978218_0,54.63735,12.362417,Under way using engine,0.0,7.0,236.0,237.0,9235725,3E3335,FUGA BLUEMARINE,Tanker,No additional information,43.0,248.0,GPS,14.5,FOR ORDER,20/01/2025 07:00:00,AIS,POINT (12.362417 54.63735),352978218_0,0 days 00:01:00,-7.976802828436215e-07,236.3961471774101,0.0,0,4.848149045871632,54.63735,12.362417
2025-01-24 12:42:05,2025-01-24 12:42:05,Class A,352978218_0,54.628667,12.339367,Under way using engine,0.0,7.2,240.0,242.0,9235725,3E3335,FUGA BLUEMARINE,Tanker,No additional information,43.0,248.0,GPS,14.5,FOR ORDER,20/01/2025 07:00:00,AIS,POINT (12.339367 54.628667),352978218_0,0 days 00:08:01,1.1174478116895317e-07,236.9524640966114,0.0,0,4.834052456573573,54.628667,12.339367
2025-01-24 12:43:05,2025-01-24 12:43:05,Class A,352978218_0,54.627683,12.336333,Under way using engine,0.0,7.2,241.0,242.0,9235725,3E3335,FUGA BLUEMARINE,Tanker,No additional information,43.0,248.0,GPS,14.5,FOR ORDER,20/01/2025 07:00:00,AIS,POINT (12.336333 54.627683),352978218_0,0 days 00:01:00,8.609740807888908e-07,240.74100611935563,0.0,0,4.832113019871225,54.627683,12.336333
2025-01-24 12:44:05,2025-01-24 12:44:05,Class A,352978218_0,54.6267,12.3333,Under way using engine,0.0,7.2,240.0,242.0,9235725,3E3335,FUGA BLUEMARINE,Tanker,No additional information,43.0,248.0,GPS,14.5,FOR ORDER,20/01/2025 07:00:00,AIS,POINT (12.3333 54.6267),352978218_0,0 days 00:01:00,-2.9601008675828624e-08,240.7583808086467,0.0,0,4.830175165294629,54.6267,12.3333
2025-01-24 12:45:05,2025-01-24 12:45:05,Class A,352978218_0,54.625733,12.33025,Under way using engine,0.0,7.2,241.0,242.0,9235725,3E3335,FUGA BLUEMARINE,Tanker,No additional information,43.0,248.0,GPS,14.5,FOR ORDER,20/01/2025 07:00:00,AIS,POINT (12.33025 54.625733),352978218_0,0 days 00:01:00,2.884182247911513e-08,241.2931547519044,0.0,0,4.828215556040142,54.625733,12.33025
2025-01-24 12:47:04,2025-01-24 12:47:04,Class A,352978218_0,54.623783,12.324167,Under way using engine,0.0,7.3,241.0,241.0,9235725,3E3335,FUGA BLUEMARINE,Tanker,No additional information,43.0,248.0,GPS,14.5,FOR ORDER,20/01/2025 07:00:00,AIS,POINT (12.324167 54.623783),352978218_0,0 days 00:01:59,2.576838348277563e-07,241.02822798736923,0.0,0,4.8243234017989485,54.623783,12.324167
2025-01-24 12:48:04,2025-01-24 12:48:04,Class A,352978218_0,54.622783,12.321117,Under way using engine,0.0,7.3,240.0,239.0,9235725,3E3335,FUGA BLUEMARINE,Tanker,No additional information,43.0,248.0,GPS,14.5,FOR ORDER,20/01/2025 07:00:00,AIS,POINT (12.321117 54.622783),352978218_0,0 days 00:01:00,-1.1976553226044316e-08,240.47765147991043,0.0,0,4.82238658453934,54.622783,12.321117
2025-01-24 12:49:01,2025-01-24 12:49:01,Class A,352978218_0,54.621917,12.318683,Under way using engine,0.0,7.2,237.0,239.0,9235725,3E3335,FUGA BLUEMARINE,Tanker,No additional information,43.0,248.0,GPS,14.5,FOR ORDER,20/01/2025 07:00:00,AIS,POINT (12.318683 54.621917),352978218_0,0 days 00:00:57,-9.401216035586772e-06,238.42882555250247,0.0,0,4.82088067847245,54.621917,12.318683
2025-01-24 12:50:04,2025-01-24 12:50:04,Class A,352978218_0,54.620633,12.31525,Under way using engine,0.0,7.2,238.0,236.0,9235725,3E3335,FUGA BLUEMARINE,Tanker,No additional information,43.0,248.0,GPS,14.5,FOR ORDER,20/01/2025 07:00:00,AIS,POINT (12.31525 54.620633),352978218_0,0 days 00:01:03,1.511528596009354e-05,237.13916225192347,0.0,0,4.818793962184731,54.620633,12.31525
2025-01-24 12:58:03,2025-01-24 12:58:03,Class A,352978218_0,54.61025,12.292583,Under way using engine,0.0,8.2,230.0,232.0,9235725,3E3335,FUGA BLUEMARINE,Tanker,No additional information,43.0,248.0,GPS,14.5,FOR ORDER,20/01/2025 07:00:00,AIS,POINT (12.292583 54.61025),352978218_0,0 days 00:07:59,-6.117659534857963e-07,231.66346815361672,0.0,0,4.806157718411871,54.61025,12.292583
2025-01-24 12:59:03,2025-01-24 12:59:03,Class A,352978218_0,54.608783,12.289617,Under way using engine,0.0,8.0,229.0,232.0,9235725,3E3335,FUGA BLUEMARINE,Tanker,No additional information,43.0,248.0,GPS,14.5,FOR ORDER,20/01/2025 07:00:00,AIS,POINT (12.289617 54.608783),352978218_0,0 days 00:01:00,5.028303496389838e-06,229.50302195573826,0.0,0,4.80457367929195,54.608783,12.289617
2025-01-24 13:00:03,2025-01-24 13:00:03,Class A,352978218_0,54.607283,12.286583,Under way using engine,0.0,7.9,229.0,232.0,9235725,3E3335,FUGA BLUEMARINE,Tanker,No additional information,43.0,248.0,GPS,14.5,FOR ORDER,20/01/2025 07:00:00,AIS,POINT (12.286583 54.607283),352978218_0,0 days 00:01:00,1.5922832060979389e-06,229.51602165133798,0.0,0,4.802954777468656,54.607283,12.286583
2025-01-24 13:01:03,2025-01-24 13:01:03,Class A,352978218_0,54.605883,12.28375,Under way using engine,0.0,7.8,229.0,232.0,9235725,3E3335,FUGA BLUEMARINE,Tanker,No additional information,43.0,248.0,GPS,14.5,FOR ORDER,20/01/2025 07:00:00,AIS,POINT (12.28375 54.605883),352978218_0,0 days 00:01:00,-4.750140401023412e-06,229.5295998813334,0.0,0,4.801444426991528,54.605883,12.28375
2025-01-24 13:02:04,2025-01-24 13:02:04,Class A,352978218_0,54.604417,12.28075,Under way using engine,0.0,7.7,229.0,232.0,9235725,3E3335,FUGA BLUEMARINE,Tanker,No additional information,43.0,248.0,GPS,14.5,FOR ORDER,20/01/2025 07:00:00,AIS,POINT (12.28075 54.604417),352978218_0,0 days 00:01:01,2.4137615710401986e-06,229.84753465383702,0.0,0,4.799837266673529,54.604417,12.28075
2025-01-24 13:03:04,2025-01-24 13:03:04,Class A,352978218_0,54.603133,12.278083,Under way using engine,0.0,7.6,229.0,232.0,9235725,3E3335,FUGA BLUEMARINE,Tanker,No additional information,43.0,248.0,GPS,14.5,FOR ORDER,20/01/2025 07:00:00,AIS,POINT (12.278083 54.603133),352978218_0,0 days 00:01:00,-7.040257434839257e-06,230.26854988148335,0.0,0,4.798398880825666,54.603133,12.278083
2025-01-24 13:05:04,2025-01-24 13:05:04,Class A,352978218_0,54.600317,12.272567,Under way using engine,0.0,7.5,228.0,243.0,9235725,3E3335,FUGA BLUEMARINE,Tanker,No additional information,43.0,248.0,GPS,14.5,FOR ORDER,20/01/2025 07:00:00,AIS,POINT (12.272567 54.600317),352978218_0,0 days 00:02:00,1.8672370652355266e-06,228.61163016177096,0.0,0,4.795521050585122,54.600317,12.272567
2025-01-24 13:06:04,2025-01-24 13:06:04,Class A,352978218_0,54.599217,12.26975,Under way using engine,0.0,7.2,242.0,257.0,9235725,3E3335,FUGA BLUEMARINE,Tanker,No additional information,43.0,248.0,GPS,14.5,FOR ORDER,20/01/2025 07:00:00,AIS,POINT (12.26975 54.599217),352978218_0,0 days 00:01:00,-4.9837290746069495e-06,236.01787354049338,0.0,0,4.793858241307099,54.599217,12.26975
2025-01-24 13:07:04,2025-01-24 13:07:04,Class A,352978218_0,54.59865,12.266467,Under way using engine,0.0,6.8,257.0,257.0,9235725,3E3335,FUGA BLUEMARINE,Tanker,No additional information,43.0,248.0,GPS,14.5,FOR ORDER,20/01/2025 07:00:00,AIS,POINT (12.266467 54.59865),352978218_0,0 days 00:01:00,5.454514749242441e-07,253.4002345632627,0.0,0,4.791508277608003,54.59865,12.266467
2025-01-24 13:08:01,2025-01-24 13:08:01,Class A,352978218_0,54.598317,12.263417,Under way using engine,0.0,6.8,257.0,238.0,9235725,3E3335,FUGA BLUEMARINE,Tanker,No additional information,43.0,248.0,GPS,14.5,FOR ORDER,20/01/2025 07:00:00,AIS,POINT (12.263417 54.598317),352978218_0,0 days 00:00:57,-2.9922040498360767e-06,259.3279900516742,0.0,0,4.7892139457749225,54.598317,12.263417
2025-01-24 13:09:04,2025-01-24 13:09:04,Class A,352978218_0,54.597317,12.260617,Under way using engine,0.0,6.4,226.0,215.0,9235725,3E3335,FUGA BLUEMARINE,Tanker,No additional information,43.0,248.0,GPS,14.5,FOR ORDER,20/01/2025 07:00:00,AIS,POINT (12.260617 54.597317),352978218_0,0 days 00:01:03,-2.3252228983566572e-06,238.34753340581256,0.0,0,4.7875107005629784,54.597317,12.260617
2025-01-24 13:10:04,2025-01-24 13:10:04,Class A,352978218_0,54.595883,12.2588,Under way using engine,0.0,6.7,213.0,206.0,9235725,3E3335,FUGA BLUEMARINE,Tanker,No additional information,43.0,248.0,GPS,14.5,FOR ORDER,20/01/2025 07:00:00,AIS,POINT (12.2588 54.595883),352978218_0,0 days 00:01:00,-1.159452374502692e-06,216.2816368030888,0.0,0,4.786861229781787,54.595883,12.2588
2025-01-24 13:11:04,2025-01-24 13:11:04,Class A,352978218_0,54.59415,12.2572,Under way using engine,0.0,7.1,203.0,198.0,9235725,3E3335,FUGA BLUEMARINE,Tanker,No additional information,43.0,248.0,GPS,14.5,FOR ORDER,20/01/2025 07:00:00,AIS,POINT (12.2572 54.59415),352978218_0,0 days 00:01:00,5.752488567551078e-06,208.14250577858792,0.0,0,4.786563010765554,54.59415,12.2572
2025-01-24 13:12:04,2025-01-24 13:12:04,Class A,352978218_0,54.592167,12.256033,Under way using engine,0.0,7.5,199.0,196.0,9235725,3E3335,FUGA BLUEMARINE,Tanker,No additional information,43.0,248.0,GPS,14.5,FOR ORDER,20/01/2025 07:00:00,AIS,POINT (12.256033 54.592167),352978218_0,0 days 00:01:00,3.997088916965615e-06,198.82808423001237,0.0,0,4.7867636291725315,54.592167,12.256033
2025-01-24 13:13:04,2025-01-24 13:13:04,Class A,352978218_0,54.590083,12.254983,Under way using engine,0.0,7.9,195.0,195.0,9235725,3E3335,FUGA BLUEMARINE,Tanker,No additional information,43.0,248.0,GPS,14.5,FOR ORDER,20/01/2025 07:00:00,AIS,POINT (12.254983 54.590083),352978218_0,0 days 00:01:00,2.343089452903952e-06,196.2744271338427,0.0,0,4.7871192526621895,54.590083,12.254983
2025-01-24 13:14:04,2025-01-24 13:14:04,Class A,352978218_0,54.587467,12.253683,Under way using engine,0.0,8.4,195.0,195.0,9235725,3E3335,FUGA BLUEMARINE,Tanker,No additional information,43.0,248.0,GPS,14.5,FOR ORDER,20/01/2025 07:00:00,AIS,POINT (12.253683 54.587467),352978218_0,0 days 00:01:00,1.7049637459645066e-05,196.06420221353895,0.0,0,4.787581910189007,54.587467,12.253683
2025-01-24 13:15:04,2025-01-24 13:15:04,Class A,352978218_0,54.585533,12.252683,Under way using engine,0.0,8.8,195.0,195.0,9235725,3E3335,FUGA BLUEMARINE,Tanker,No additional information,43.0,248.0,GPS,14.5,FOR ORDER,20/01/2025 07:00:00,AIS,POINT (12.252683 54.585533),352978218_0,0 days 00:01:00,-2.175119764011578e-05,196.67989615039463,0.0,0,4.787893419439181,54.585533,12.252683
2025-01-24 13:17:04,2025-01-24 13:17:04,Class A,352978218_0,54.58065,12.250433,Under way using engine,0.0,9.3,194.0,195.0,9235725,3E3335,FUGA BLUEMARINE,Tanker,No additional information,43.0,248.0,GPS,14.5,FOR ORDER,20/01/2025 07:00:00,AIS,POINT (12.250433 54.58065),352978218_0,0 days 00:02:00,7.855583339623054e-06,194.9519465260061,0.0,0,4.788907569294902,54.58065,12.250433
2025-01-24 13:25:03,2025-01-24 13:25:03,Class A,352978218_0,54.558883,12.240983,Under way using engine,0.0,10.5,193.0,195.0,9235725,3E3335,FUGA BLUEMARINE,Tanker,No additional information,43.0,248.0,GPS,14.5,FOR ORDER,20/01/2025 07:00:00,AIS,POINT (12.240983 54.558883),352978218_0,0 days 00:07:59,1.1020240778556337e-06,194.13053466848726,0.0,0,4.793968666148016,54.558883,12.240983
2025-01-24 13:26:03,2025-01-24 13:26:03,Class A,352978218_0,54.555983,12.239717,Under way using engine,0.0,10.5,194.0,195.0,9235725,3E3335,FUGA BLUEMARINE,Tanker,No additional information,43.0,248.0,GPS,14.5,FOR ORDER,20/01/2025 07:00:00,AIS,POINT (12.239717 54.555983),352978218_0,0 days 00:01:00,5.563354299777546e-06,194.20652463189313,0.0,0,4.79464576134098,54.555983,12.239717
2025-01-24 13:27:03,2025-01-24 13:27:03,Class A,352978218_0,54.553217,12.238533,Under way using engine,0.0,10.6,194.0,195.0,9235725,3E3335,FUGA BLUEMARINE,Tanker,No additional information,43.0,248.0,GPS,14.5,FOR ORDER,20/01/2025 07:00:00,AIS,POINT (12.238533 54.553217),352978218_0,0 days 00:01:00,-4.377297251861419e-06,193.94180871361112,0.0,0,4.795312441777806,54.553217,12.238533
2025-01-24 13:28:03,2025-01-24 13:28:03,Class A,352978218_0,54.550233,12.237267,Under way using engine,0.0,10.6,193.0,195.0,9235725,3E3335,FUGA BLUEMARINE,Tanker,No additional information,43.0,248.0,GPS,14.5,FOR ORDER,20/01/2025 07:00:00,AIS,POINT (12.237267 54.550233),352978218_0,0 days 00:01:00,6.897705852596505e-06,193.8240268942076,0.0,0,4.796042829942723,54.550233,12.237267
2025-01-24 13:29:03,2025-01-24 13:29:03,Class A,352978218_0,54.5474,12.236117,Under way using engine,0.0,10.7,193.0,195.0,9235725,3E3335,FUGA BLUEMARINE,Tanker,No additional information,43.0,248.0,GPS,14.5,FOR ORDER,20/01/2025 07:00:00,AIS,POINT (12.236117 54.5474),352978218_0,0 days 00:01:00,-5.027603876855361e-06,193.24907968802054,0.0,0,4.7967801641920165,54.5474,12.236117
2025-01-24 13:30:03,2025-01-24 13:30:03,Class A,352978218_0,54.5444,12.2348,Under way using engine,0.0,10.8,193.0,195.0,9235725,3E3335,FUGA BLUEMARINE,Tanker,No additional information,43.0,248.0,GPS,14.5,FOR ORDER,20/01/2025 07:00:00,AIS,POINT (12.2348 54.5444),352978218_0,0 days 00:01:00,5.731290689306575e-06,194.28683798969152,0.0,0,4.797482807309369,54.5444,12.2348
2025-01-24 13:31:04,2025-01-24 13:31:04,Class A,352978218_0,54.541583,12.23365,Under way using engine,0.0,10.7,193.0,195.0,9235725,3E3335,FUGA BLUEMARINE,Tanker,No additional information,43.0,248.0,GPS,14.5,FOR ORDER,20/01/2025 07:00:00,AIS,POINT (12.23365 54.541583),352978218_0,0 days 00:01:01,-7.553838890103608e-06,193.32348788095993,0.0,0,4.798214519411152,54.541583,12.23365
2025-01-24 13:32:04,2025-01-24 13:32:04,Class A,352978218_0,54.53835,12.232283,Under way using engine,0.0,10.8,193.0,195.0,9235725,3E3335,FUGA BLUEMARINE,Tanker,No additional information,43.0,248.0,GPS,14.5,FOR ORDER,20/01/2025 07:00:00,AIS,POINT (12.232283 54.53835),352978218_0,0 days 00:01:00,1.488758684063964e-05,193.78289700929173,0.0,0,4.799018449875975,54.53835,12.232283
2025-01-24 13:33:04,2025-01-24 13:33:04,Class A,352978218_0,54.5358,12.2312,Under way using engine,0.0,10.8,194.0,195.0,9235725,3E3335,FUGA BLUEMARINE,Tanker,No additional information,43.0,248.0,GPS,14.5,FOR ORDER,20/01/2025 07:00:00,AIS,POINT (12.2312 54.5358),352978218_0,0 days 00:01:00,-2.1726925449027228e-05,193.8426146235581,0.0,0,4.799650393312933,54.5358,12.2312
2025-01-24 13:34:04,2025-01-24 13:34:04,Class A,352978218_0,54.532433,12.229633,Under way using engine,0.0,10.7,193.0,195.0,9235725,3E3335,FUGA BLUEMARINE,Tanker,No additional information,43.0,248.0,GPS,14.5,FOR ORDER,20/01/2025 07:00:00,AIS,POINT (12.229633 54.532433),352978218_0,0 days 00:01:00,2.6638967576699472e-05,195.11198565755055,0.0,0,4.800376641088595,54.532433,12.229633
2025-01-24 13:35:04,2025-01-24 13:35:04,Class A,352978218_0,54.529883,12.22865,Under way using engine,0.0,10.8,194.0,195.0,9235725,3E3335,FUGA BLUEMARINE,Tanker,No additional information,43.0,248.0,GPS,14.5,FOR ORDER,20/01/2025 07:00:00,AIS,POINT (12.22865 54.529883),352978218_0,0 days 00:01:00,-2.7050720927035768e-05,192.6090281999575,0.0,0,4.801092751560629,54.529883,12.22865
2025-01-24 13:36:04,2025-01-24 13:36:04,Class A,352978218_0,54.527017,12.227417,Under way using engine,0.0,10.9,194.0,195.0,9235725,3E3335,FUGA BLUEMARINE,Tanker,No additional information,43.0,248.0,GPS,14.5,FOR ORDER,20/01/2025 07:00:00,AIS,POINT (12.227417 54.527017),352978218_0,0 days 00:01:00,1.0545804525958164e-05,194.01808313614313,0.0,0,4.8017960555613985,54.527017,12.227417
2025-01-24 13:37:04,2025-01-24 13:37:04,Class A,352978218_0,54.524033,12.226133,Under way using engine,0.0,10.9,194.0,195.0,9235725,3E3335,FUGA BLUEMARINE,Tanker,No additional information,43.0,248.0,GPS,14.5,FOR ORDER,20/01/2025 07:00:00,AIS,POINT (12.226133 54.524033),352978218_0,0 days 00:01:00,3.7625209556504572e-06,194.0215279891592,0.0,0,4.8025301717853885,54.524033,12.226133
2025-01-24 13:38:04,2025-01-24 13:38:04,Class A,352978218_0,54.5207,12.224683,Under way using engine,0.0,10.9,193.0,195.0,9235725,3E3335,FUGA BLUEMARINE,Tanker,No additional information,43.0,248.0,GPS,14.5,FOR ORDER,20/01/2025 07:00:00,AIS,POINT (12.224683 54.5207),352978218_0,0 days 00:01:00,1.1194124177762116e-05,194.17117856229524,0.0,0,4.80333987442592,54.5207,12.224683
2025-01-24 13:43:03,2025-01-24 13:43:03,Class A,352978218_0,54.506267,12.218583,Under way using engine,0.0,10.8,193.0,195.0,9235725,3E3335,FUGA BLUEMARINE,Tanker,No additional information,43.0,248.0,GPS,14.5,FOR ORDER,20/01/2025 07:00:00,AIS,POINT (12.218583 54.506267),352978218_0,0 days 00:04:59,-2.8265375819969644e-06,193.78763586899578,0.0,0,4.807020018781802,54.506267,12.218583
2025-01-24 13:44:03,2025-01-24 13:44:03,Class A,352978218_0,54.503733,12.21755,Under way using engine,0.0,10.8,193.0,195.0,9235725,3E3335,FUGA BLUEMARINE,Tanker,No additional information,43.0,248.0,GPS,14.5,FOR ORDER,20/01/2025 07:00:00,AIS,POINT (12.21755 54.503733),352978218_0,0 days 00:01:00,-1.1694482333770796e-05,193.3171340842617,0.0,0,4.807701601887124,54.503733,12.21755
2025-01-24 13:45:03,2025-01-24 13:45:03,Class A,352978218_0,54.500617,12.216217,Under way using engine,0.0,10.8,194.0,195.0,9235725,3E3335,FUGA BLUEMARINE,Tanker,No additional information,43.0,248.0,GPS,14.5,FOR ORDER,20/01/2025 07:00:00,AIS,POINT (12.216217 54.500617),352978218_0,0 days 00:01:00,1.876235279627329e-05,193.95084434149425,0.0,0,4.808491395438388,54.500617,12.216217
2025-01-24 13:46:03,2025-01-24 13:46:03,Class A,352978218_0,54.497683,12.214967,Under way using engine,0.0,10.8,193.0,195.0,9235725,3E3335,FUGA BLUEMARINE,Tanker,No additional information,43.0,248.0,GPS,14.5,FOR ORDER,20/01/2025 07:00:00,AIS,POINT (12.214967 54.497683),352978218_0,0 days 00:01:00,-5.821309132229127e-06,193.89686896573136,0.0,0,4.809241246178548,54.497683,12.214967
2025-01-24 13:47:03,2025-01-24 13:47:03,Class A,352978218_0,54.494383,12.213533,Under way using engine,0.0,10.9,194.0,195.0,9235725,3E3335,FUGA BLUEMARINE,Tanker,No additional information,43.0,248.0,GPS,14.5,FOR ORDER,20/01/2025 07:00:00,AIS,POINT (12.213533 54.494383),352978218_0,0 days 00:01:00,1.1782851252758094e-05,194.1643609673965,0.0,0,4.810064528258327,54.494383,12.213533
2025-01-24 13:48:03,2025-01-24 13:48:03,Class A,352978218_0,54.4918,12.21245,Under way using engine,0.0,10.9,194.0,195.0,9235725,3E3335,FUGA BLUEMARINE,Tanker,No additional information,43.0,248.0,GPS,14.5,FOR ORDER,20/01/2025 07:00:00,AIS,POINT (12.21245 54.4918),352978218_0,0 days 00:01:00,-2.303914824506008e-05,193.68662283331923,0.0,0,4.81074229984615,54.4918,12.21245
2025-01-24 13:54:04,2025-01-24 13:54:04,Class A,352978218_0,54.473917,12.204567,Under way using engine,0.0,11.0,194.0,195.0,9235725,3E3335,FUGA BLUEMARINE,Tanker,No additional information,43.0,248.0,GPS,14.5,FOR ORDER,20/01/2025 07:00:00,AIS,POINT (12.204567 54.473917),352978218_0,0 days 00:06:01,2.1058131343885457e-06,194.3672149591059,0.0,0,4.815169293909094,54.473917,12.204567
2025-01-24 13:55:03,2025-01-24 13:55:03,Class A,352978218_0,54.470667,12.203117,Under way using engine,0.0,11.1,194.0,195.0,9235725,3E3335,FUGA BLUEMARINE,Tanker,No additional information,43.0,248.0,GPS,14.5,FOR ORDER,20/01/2025 07:00:00,AIS,POINT (12.203117 54.470667),352978218_0,0 days 00:00:59,1.0887738436131454e-05,194.5350032185041,0.0,0,4.815968056466427,54.470667,12.203117
2025-01-24 13:56:03,2025-01-24 13:56:03,Class A,352978218_0,54.468133,12.201983,Under way using engine,0.0,11.1,195.0,195.0,9235725,3E3335,FUGA BLUEMARINE,Tanker,No additional information,43.0,248.0,GPS,14.5,FOR ORDER,20/01/2025 07:00:00,AIS,POINT (12.201983 54.468133),352978218_0,0 days 00:01:00,-2.461814881342776e-05,194.57828046525145,0.0,0,4.816589828136603,54.468133,12.201983
2025-01-24 13:57:03,2025-01-24 13:57:03,Class A,352978218_0,54.46485,12.2006,Under way using engine,0.0,11.1,193.0,204.0,9235725,3E3335,FUGA BLUEMARINE,Tanker,No additional information,43.0,248.0,GPS,14.5,FOR ORDER,20/01/2025 07:00:00,AIS,POINT (12.2006 54.46485),352978218_0,0 days 00:01:00,2.355291696548704e-05,193.7575695600224,0.0,0,4.817466376906954,54.46485,12.2006
2025-01-24 13:58:03,2025-01-24 13:58:03,Class A,352978218_0,54.4622,12.1987,Under way using engine,0.0,11.0,204.0,211.0,9235725,3E3335,FUGA BLUEMARINE,Tanker,No additional information,43.0,248.0,GPS,14.5,FOR ORDER,20/01/2025 07:00:00,AIS,POINT (12.1987 54.4622),352978218_0,0 days 00:01:00,-1.572421685027696e-05,202.62346480940323,0.0,0,4.817551055674344,54.4622,12.1987
2025-01-24 13:59:04,2025-01-24 13:59:04,Class A,352978218_0,54.4595,12.1961,Under way using engine,0.0,10.9,211.0,215.0,9235725,3E3335,FUGA BLUEMARINE,Tanker,No additional information,43.0,248.0,GPS,14.5,FOR ORDER,20/01/2025 07:00:00,AIS,POINT (12.1961 54.4595),352978218_0,0 days 00:01:01,5.269097821412939e-06,209.23814920920864,0.0,0,4.8171105084509955,54.4595,12.1961
2025-01-24 14:00:04,2025-01-24 14:00:04,Class A,352978218_0,54.457,12.193283,Under way using engine,0.0,10.9,214.0,215.0,9235725,3E3335,FUGA BLUEMARINE,Tanker,No additional information,43.0,248.0,GPS,14.5,FOR ORDER,20/01/2025 07:00:00,AIS,POINT (12.193283 54.457),352978218_0,0 days 00:01:00,-1.6856170808327396e-06,213.22611983804276,0.0,0,4.816379053630434,54.457,12.193283
2025-01-24 14:01:04,2025-01-24 14:01:04,Class A,352978218_0,54.45445,12.1903,Under way using engine,0.0,10.9,214.0,215.0,9235725,3E3335,FUGA BLUEMARINE,Tanker,No additional information,43.0,248.0,GPS,14.5,FOR ORDER,20/01/2025 07:00:00,AIS,POINT (12.1903 54.45445),352978218_0,0 days 00:01:00,2.9496970447472044e-06,214.2186520940239,0.0,0,4.815548635973787,54.45445,12.1903
2025-01-24 14:07:04,2025-01-24 14:07:04,Class A,352978218_0,54.439933,12.17155,Under way using engine,0.0,10.6,234.0,245.0,9235725,3E3335,FUGA BLUEMARINE,Tanker,No additional information,43.0,248.0,GPS,14.5,FOR ORDER,20/01/2025 07:00:00,AIS,POINT (12.17155 54.439933),352978218_0,0 days 00:06:00,-2.972770737733093e-07,216.9141213688865,0.0,0,4.809477655212464,54.439933,12.17155
2025-01-24 14:08:04,2025-01-24 14:08:04,Class A,352978218_0,54.43865,12.167167,Under way using engine,0.0,10.4,246.0,255.0,9235725,3E3335,FUGA BLUEMARINE,Tanker,No additional information,43.0,248.0,GPS,14.5,FOR ORDER,20/01/2025 07:00:00,AIS,POINT (12.167167 54.43865),352978218_0,0 days 00:01:00,-5.239311850762556e-06,243.28409079412694,0.0,0,4.8067863215443625,54.43865,12.167167
2025-01-24 14:09:04,2025-01-24 14:09:04,Class A,352978218_0,54.43765,12.161817,Under way using engine,0.0,10.4,254.0,261.0,9235725,3E3335,FUGA BLUEMARINE,Tanker,No additional information,43.0,248.0,GPS,14.5,FOR ORDER,20/01/2025 07:00:00,AIS,POINT (12.161817 54.43765),352978218_0,0 days 00:01:00,1.2865629866048104e-05,252.18516275151273,0.0,0,4.8031592889665875,54.43765,12.161817
2025-01-24 14:10:04,2025-01-24 14:10:04,Class A,352978218_0,54.437167,12.15685,Under way using engine,0.0,10.4,262.0,267.0,9235725,3E3335,FUGA BLUEMARINE,Tanker,No additional information,43.0,248.0,GPS,14.5,FOR ORDER,20/01/2025 07:00:00,AIS,POINT (12.15685 54.437167),352978218_0,0 days 00:01:00,-1.050051820763322e-05,260.5100053743604,0.0,0,4.799522667354327,54.437167,12.15685
2025-01-24 14:11:04,2025-01-24 14:11:04,Class A,352978218_0,54.436917,12.151833,Under way using engine,0.0,10.5,265.0,269.0,9235725,3E3335,FUGA BLUEMARINE,Tanker,No additional information,43.0,248.0,GPS,14.5,FOR ORDER,20/01/2025 07:00:00,AIS,POINT (12.151833 54.436917),352978218_0,0 days 00:01:00,-5.3279818917316885e-09,265.10496377613566,0.0,0,4.79570636132666,54.436917,12.151833
2025-01-24 14:12:04,2025-01-24 14:12:04,Class A,352978218_0,54.436817,12.146717,Under way using engine,0.0,10.6,268.0,270.0,9235725,3E3335,FUGA BLUEMARINE,Tanker,No additional information,43.0,248.0,GPS,14.5,FOR ORDER,20/01/2025 07:00:00,AIS,POINT (12.146717 54.436817),352978218_0,0 days 00:01:00,1.5068136821796974e-06,268.0771970620175,0.0,0,4.791722155739523,54.436817,12.146717
2025-01-24 14:13:03,2025-01-24 14:13:03,Class A,352978218_0,54.43675,12.141817,Under way using engine,0.0,10.6,268.0,270.0,9235725,3E3335,FUGA BLUEMARINE,Tanker,No additional information,43.0,248.0,GPS,14.5,FOR ORDER,20/01/2025 07:00:00,AIS,POINT (12.141817 54.43675),352978218_0,0 days 00:00:59,-2.4643172243691984e-06,268.6552140296224,0.0,0,4.787890545343114,54.43675,12.141817
2025-01-24 14:14:03,2025-01-24 14:14:03,Class A,352978218_0,54.43665,12.136583,Under way using engine,0.0,10.7,269.0,270.0,9235725,3E3335,FUGA BLUEMARINE,Tanker,No additional information,43.0,248.0,GPS,14.5,FOR ORDER,20/01/2025 07:00:00,AIS,POINT (12.136583 54.43665),352978218_0,0 days 00:01:00,4.549321229591078e-06,268.1206174772037,0.0,0,4.783817357534671,54.43665,12.136583
2025-01-24 14:15:03,2025-01-24 14:15:03,Class A,352978218_0,54.436583,12.13155,Under way using engine,0.0,10.7,269.0,270.0,9235725,3E3335,FUGA BLUEMARINE,Tanker,No additional information,43.0,248.0,GPS,14.5,FOR ORDER,20/01/2025 07:00:00,AIS,POINT (12.13155 54.436583),352978218_0,0 days 00:01:00,-3.64970860235629e-06,268.69085030254064,0.0,0,4.779884821403965,54.436583,12.13155
2025-01-24 14:17:03,2025-01-24 14:17:03,Class A,352978218_0,54.4365,12.12125,Under way using engine,0.0,10.8,269.0,270.0,9235725,3E3335,FUGA BLUEMARINE,Tanker,No additional information,43.0,248.0,GPS,14.5,FOR ORDER,20/01/2025 07:00:00,AIS,POINT (12.12125 54.4365),352978218_0,0 days 00:02:00,1.0471176847770692e-06,269.2103948231552,0.0,0,4.771810078338092,54.4365,12.12125
2025-01-24 14:18:03,2025-01-24 14:18:03,Class A,352978218_0,54.436483,12.116,Under way using engine,0.0,10.8,269.0,270.0,9235725,3E3335,FUGA BLUEMARINE,Tanker,No additional information,43.0,248.0,GPS,14.5,FOR ORDER,20/01/2025 07:00:00,AIS,POINT (12.116 54.436483),352978218_0,0 days 00:01:00,1.7951446253194834e-06,269.68314347489604,0.0,0,4.76768203381769,54.436483,12.116
2025-01-24 14:19:03,2025-01-24 14:19:03,Class A,352978218_0,54.436467,12.111,Under way using engine,0.0,10.9,269.0,270.0,9235725,3E3335,FUGA BLUEMARINE,Tanker,No additional information,43.0,248.0,GPS,14.5,FOR ORDER,20/01/2025 07:00:00,AIS,POINT (12.111 54.436467),352978218_0,0 days 00:01:00,-4.506166838611905e-06,269.6867946869554,0.0,0,4.763752499002022,54.436467,12.111
2025-01-24 14:20:03,2025-01-24 14:20:03,Class A,352978218_0,54.43645,12.105617,Under way using engine,0.0,10.9,269.0,270.0,9235725,3E3335,FUGA BLUEMARINE,Tanker,No additional information,43.0,248.0,GPS,14.5,FOR ORDER,20/01/2025 07:00:00,AIS,POINT (12.105617 54.43645),352978218_0,0 days 00:01:00,6.903454488563929e-06,269.69107912761086,0.0,0,4.759524067759927,54.43645,12.105617
2025-01-24 14:21:05,2025-01-24 14:21:05,Class A,352978218_0,54.43645,12.1003,Under way using engine,0.0,10.9,270.0,270.0,9235725,3E3335,FUGA BLUEMARINE,Tanker,No additional information,43.0,248.0,GPS,14.5,FOR ORDER,20/01/2025 07:00:00,AIS,POINT (12.1003 54.43645),352978218_0,0 days 00:01:02,-4.14434978469025e-06,270.0021626124279,0.0,0,4.7553394080158995,54.43645,12.1003
2025-01-24 14:22:05,2025-01-24 14:22:05,Class A,352978218_0,54.436383,12.095017,Under way using engine,0.0,11.0,269.0,270.0,9235725,3E3335,FUGA BLUEMARINE,Tanker,No additional information,43.0,248.0,GPS,14.5,FOR ORDER,20/01/2025 07:00:00,AIS,POINT (12.095017 54.436383),352978218_0,0 days 00:01:00,2.5012591917414426e-06,268.7529858572325,0.0,0,4.751225137850764,54.436383,12.095017
2025-01-24 14:29:04,2025-01-24 14:29:04,Class A,352978218_0,54.436067,12.05815,Under way using engine,0.0,11.1,269.0,270.0,9235725,3E3335,FUGA BLUEMARINE,Tanker,No additional information,43.0,248.0,GPS,14.5,FOR ORDER,20/01/2025 07:00:00,AIS,POINT (12.05815 54.436067),352978218_0,0 days 00:06:59,-1.128152618326184e-08,269.17067033845717,0.0,0,4.722484594283817,54.436067,12.05815
2025-01-24 14:30:04,2025-01-24 14:30:04,Class A,352978218_0,54.436,12.052883,Under way using engine,0.0,11.1,269.0,270.0,9235725,3E3335,FUGA BLUEMARINE,Tanker,No additional information,43.0,248.0,GPS,14.5,FOR ORDER,20/01/2025 07:00:00,AIS,POINT (12.052883 54.436),352978218_0,0 days 00:01:00,-2.0865454171674058e-07,268.74919757259414,0.0,0,4.718401401984575,54.436,12.052883
2025-01-24 14:31:04,2025-01-24 14:31:04,Class A,352978218_0,54.435933,12.04765,Under way using engine,0.0,11.1,269.0,270.0,9235725,3E3335,FUGA BLUEMARINE,Tanker,No additional information,43.0,248.0,GPS,14.5,FOR ORDER,20/01/2025 07:00:00,AIS,POINT (12.04765 54.435933),352978218_0,0 days 00:01:00,-6.125358862635698e-07,268.741047755299,0.0,0,4.7143471633289815,54.435933,12.04765
2025-01-24 14:32:04,2025-01-24 14:32:04,Class A,352978218_0,54.435867,12.04235,Under way using engine,0.0,11.1,268.0,270.0,9235725,3E3335,FUGA BLUEMARINE,Tanker,No additional information,43.0,248.0,GPS,14.5,FOR ORDER,20/01/2025 07:00:00,AIS,POINT (12.04235 54.435867),352978218_0,0 days 00:01:00,1.2068523291629996e-06,268.7755924226718,0.0,0,4.710242228935578,54.435867,12.04235
2025-01-24 14:33:04,2025-01-24 14:33:04,Class A,352978218_0,54.4358,12.0372,Under way using engine,0.0,11.1,269.0,270.0,9235725,3E3335,FUGA BLUEMARINE,Tanker,No additional information,43.0,248.0,GPS,14.5,FOR ORDER,20/01/2025 07:00:00,AIS,POINT (12.0372 54.4358),352978218_0,0 days 00:01:00,-2.7022298572475724e-06,268.72070066161615,0.0,0,4.706257549479099,54.4358,12.0372
2025-01-24 14:34:03,2025-01-24 14:34:03,Class A,352978218_0,54.4357,12.031733,Under way using engine,0.0,11.1,267.0,269.0,9235725,3E3335,FUGA BLUEMARINE,Tanker,No additional information,43.0,248.0,GPS,14.5,FOR ORDER,20/01/2025 07:00:00,AIS,POINT (12.031733 54.4357),352978218_0,0 days 00:00:59,7.536025115096212e-06,268.20088875711156,0.0,0,4.702048105905555,54.4357,12.031733
2025-01-24 14:35:03,2025-01-24 14:35:03,Class A,352978218_0,54.435633,12.026533,Under way using engine,0.0,11.1,268.0,269.0,9235725,3E3335,FUGA BLUEMARINE,Tanker,No additional information,43.0,248.0,GPS,14.5,FOR ORDER,20/01/2025 07:00:00,AIS,POINT (12.026533 54.435633),352978218_0,0 days 00:01:00,-6.509031119344442e-06,268.7330432131073,0.0,0,4.698029081275359,54.435633,12.026533
2025-01-24 14:36:03,2025-01-24 14:36:03,Class A,352978218_0,54.435517,12.02125,Under way using engine,0.0,11.1,268.0,272.0,9235725,3E3335,FUGA BLUEMARINE,Tanker,No additional information,43.0,248.0,GPS,14.5,FOR ORDER,20/01/2025 07:00:00,AIS,POINT (12.02125 54.435517),352978218_0,0 days 00:01:00,1.5409015251878402e-06,267.84014733110286,0.0,0,4.693978261022096,54.435517,12.02125
2025-01-24 14:37:03,2025-01-24 14:37:03,Class A,352978218_0,54.435583,12.01585,Under way using engine,0.0,11.1,271.0,272.0,9235725,3E3335,FUGA BLUEMARINE,Tanker,No additional information,43.0,248.0,GPS,14.5,FOR ORDER,20/01/2025 07:00:00,AIS,POINT (12.01585 54.435583),352978218_0,0 days 00:01:00,2.062827123605514e-06,271.2060419382004,0.0,0,4.689724724020377,54.435583,12.01585
2025-01-24 14:38:03,2025-01-24 14:38:03,Class A,352978218_0,54.435633,12.010567,Under way using engine,0.0,11.1,270.0,272.0,9235725,3E3335,FUGA BLUEMARINE,Tanker,No additional information,43.0,248.0,GPS,14.5,FOR ORDER,20/01/2025 07:00:00,AIS,POINT (12.010567 54.435633),352978218_0,0 days 00:01:00,-2.1178799839239715e-06,270.934406949207,0.0,0,4.685574762443236,54.435633,12.010567
2025-01-24 14:39:03,2025-01-24 14:39:03,Class A,352978218_0,54.43565,12.00545,Under way using engine,0.0,11.1,270.0,272.0,9235725,3E3335,FUGA BLUEMARINE,Tanker,No additional information,43.0,248.0,GPS,14.5,FOR ORDER,20/01/2025 07:00:00,AIS,POINT (12.00545 54.43565),352978218_0,0 days 00:01:00,-3.0032421229123345e-06,270.3293573338917,0.0,0,4.681577084330556,54.43565,12.00545
2025-01-24 14:40:03,2025-01-24 14:40:03,Class A,352978218_0,54.435767,12.000083,Under way using engine,0.0,11.1,272.0,274.0,9235725,3E3335,FUGA BLUEMARINE,Tanker,No additional information,43.0,248.0,GPS,14.5,FOR ORDER,20/01/2025 07:00:00,AIS,POINT (12.000083 54.435767),352978218_0,0 days 00:01:00,4.572158843392111e-06,272.1487142066807,0.0,0,4.677324194875636,54.435767,12.000083
2025-01-24 14:41:03,2025-01-24 14:41:03,Class A,352978218_0,54.435967,11.994783,Under way using engine,0.0,11.1,273.0,274.0,9235725,3E3335,FUGA BLUEMARINE,Tanker,No additional information,43.0,248.0,GPS,14.5,FOR ORDER,20/01/2025 07:00:00,AIS,POINT (11.994783 54.435967),352978218_0,0 days 00:01:00,-1.0756978015271854e-06,273.71437582163776,0.0,0,4.673073596442604,54.435967,11.994783
2025-01-24 14:42:03,2025-01-24 14:42:03,Class A,352978218_0,54.436217,11.9895,Under way using engine,0.0,11.1,275.0,274.0,9235725,3E3335,FUGA BLUEMARINE,Tanker,No additional information,43.0,248.0,GPS,14.5,FOR ORDER,20/01/2025 07:00:00,AIS,POINT (11.9895 54.436217),352978218_0,0 days 00:01:00,-1.936499860969726e-07,274.653660002046,0.0,0,4.668806939920305,54.436217,11.9895
2025-01-24 14:43:03,2025-01-24 14:43:03,Class A,352978218_0,54.436383,11.984217,Under way using engine,0.0,11.1,272.0,270.0,9235725,3E3335,FUGA BLUEMARINE,Tanker,No additional information,43.0,248.0,GPS,14.5,FOR ORDER,20/01/2025 07:00:00,AIS,POINT (11.984217 54.436383),352978218_0,0 days 00:01:00,-1.754889949981264e-07,273.0945651091259,0.0,0,4.664595230043546,54.436383,11.984217
2025-01-24 14:44:03,2025-01-24 14:44:03,Class A,352978218_0,54.4363,11.97975,Under way using engine,0.0,11.0,267.0,269.0,9235725,3E3335,FUGA BLUEMARINE,Tanker,No additional information,43.0,248.0,GPS,14.5,FOR ORDER,20/01/2025 07:00:00,AIS,POINT (11.97975 54.4363),352978218_0,0 days 00:01:00,-1.4805407024903927e-05,268.1720010886497,0.0,0,4.661176400837988,54.4363,11.97975
2025-01-24 14:45:03,2025-01-24 14:45:03,Class A,352978218_0,54.436217,11.9737,Under way using engine,0.0,11.0,268.0,272.0,9235725,3E3335,FUGA BLUEMARINE,Tanker,No additional information,43.0,248.0,GPS,14.5,FOR ORDER,20/01/2025 07:00:00,AIS,POINT (11.9737 54.436217),352978218_0,0 days 00:01:00,2.85222605307312e-05,268.65121534611325,0.0,0,4.6565303111917995,54.436217,11.9737
2025-01-24 14:46:03,2025-01-24 14:46:03,Class A,352978218_0,54.436267,11.96925,Under way using engine,0.0,11.1,272.0,275.0,9235725,3E3335,FUGA BLUEMARINE,Tanker,No additional information,43.0,248.0,GPS,14.5,FOR ORDER,20/01/2025 07:00:00,AIS,POINT (11.96925 54.436267),352978218_0,0 days 00:01:00,-2.8854474698124777e-05,271.10855565010144,0.0,0,4.653044950615457,54.436267,11.96925
2025-01-24 14:47:03,2025-01-24 14:47:03,Class A,352978218_0,54.436567,11.963117,Under way using engine,0.0,11.1,274.0,275.0,9235725,3E3335,FUGA BLUEMARINE,Tanker,No additional information,43.0,248.0,GPS,14.5,FOR ORDER,20/01/2025 07:00:00,AIS,POINT (11.963117 54.436567),352978218_0,0 days 00:01:00,3.070839771564792e-05,274.8100148267055,0.0,0,4.648098205987587,54.436567,11.963117
2025-01-24 14:48:03,2025-01-24 14:48:03,Class A,352978218_0,54.4368,11.957733,Under way using engine,0.0,11.1,274.0,273.0,9235725,3E3335,FUGA BLUEMARINE,Tanker,No additional information,43.0,248.0,GPS,14.5,FOR ORDER,20/01/2025 07:00:00,AIS,POINT (11.957733 54.4368),352978218_0,0 days 00:01:00,-1.3622383989893192e-05,274.25766260759815,0.0,0,4.643777124200731,54.4368,11.957733
2025-01-24 14:49:03,2025-01-24 14:49:03,Class A,352978218_0,54.436917,11.952633,Under way using engine,0.0,11.0,271.0,271.0,9235725,3E3335,FUGA BLUEMARINE,Tanker,No additional information,43.0,248.0,GPS,14.5,FOR ORDER,20/01/2025 07:00:00,AIS,POINT (11.952633 54.436917),352978218_0,0 days 00:01:00,-5.3151986634127095e-06,272.2609326998488,0.0,0,4.639751626980587,54.436917,11.952633
2025-01-24 14:50:03,2025-01-24 14:50:03,Class A,352978218_0,54.4369,11.947183,Under way using engine,0.0,11.0,269.0,271.0,9235725,3E3335,FUGA BLUEMARINE,Tanker,No additional information,43.0,248.0,GPS,14.5,FOR ORDER,20/01/2025 07:00:00,AIS,POINT (11.947183 54.4369),352978218_0,0 days 00:01:00,6.238612055586918e-06,269.69492760113144,0.0,0,4.635542119563795,54.4369,11.947183
2025-01-24 14:51:04,2025-01-24 14:51:04,Class A,352978218_0,54.4369,11.941833,Under way using engine,0.0,11.0,270.0,272.0,9235725,3E3335,FUGA BLUEMARINE,Tanker,No additional information,43.0,248.0,GPS,14.5,FOR ORDER,20/01/2025 07:00:00,AIS,POINT (11.941833 54.4369),352978218_0,0 days 00:01:01,-3.3291360555189996e-06,270.00217604695985,0.0,0,4.631401793760719,54.4369,11.941833
2025-01-24 14:53:04,2025-01-24 14:53:04,Class A,352978218_0,54.437017,11.931433,Under way using engine,0.0,11.1,271.0,272.0,9235725,3E3335,FUGA BLUEMARINE,Tanker,No additional information,43.0,248.0,GPS,14.5,FOR ORDER,20/01/2025 07:00:00,AIS,POINT (11.931433 54.437017),352978218_0,0 days 00:02:00,-5.527505889131113e-07,271.1123782198405,0.0,0,4.6232861558061735,54.437017,11.931433
2025-01-24 14:54:04,2025-01-24 14:54:04,Class A,352978218_0,54.437083,11.92605,Under way using engine,0.0,11.1,271.0,272.0,9235725,3E3335,FUGA BLUEMARINE,Tanker,No additional information,43.0,248.0,GPS,14.5,FOR ORDER,20/01/2025 07:00:00,AIS,POINT (11.92605 54.437083),352978218_0,0 days 00:01:00,3.3022187058273846e-06,271.20988000162356,0.0,0,4.619085673798224,54.437083,11.92605
2025-01-24 14:55:04,2025-01-24 14:55:04,Class A,352978218_0,54.437117,11.920933,Under way using engine,0.0,11.1,270.0,273.0,9235725,3E3335,FUGA BLUEMARINE,Tanker,No additional information,43.0,248.0,GPS,14.5,FOR ORDER,20/01/2025 07:00:00,AIS,POINT (11.920933 54.437117),352978218_0,0 days 00:01:00,-4.810006563949383e-06,270.6566354084961,0.0,0,4.61511330693722,54.437117,11.920933
2025-01-24 14:57:04,2025-01-24 14:57:04,Class A,352978218_0,54.4374,11.91005,Under way using engine,0.0,11.2,273.0,275.0,9235725,3E3335,FUGA BLUEMARINE,Tanker,No additional information,43.0,248.0,GPS,14.5,FOR ORDER,20/01/2025 07:00:00,AIS,POINT (11.91005 54.4374),352978218_0,0 days 00:02:00,2.9700012062133607e-06,272.564493330269,0.0,0,4.606538067782467,54.4374,11.91005
2025-01-24 14:58:04,2025-01-24 14:58:04,Class A,352978218_0,54.43765,11.904833,Under way using engine,0.0,11.2,274.0,274.0,9235725,3E3335,FUGA BLUEMARINE,Tanker,No additional information,43.0,248.0,GPS,14.5,FOR ORDER,20/01/2025 07:00:00,AIS,POINT (11.904833 54.43765),352978218_0,0 days 00:01:00,-3.8273521076353924e-06,274.7123801372243,0.0,0,4.60235792450457,54.43765,11.904833
2025-01-24 14:59:04,2025-01-24 14:59:04,Class A,352978218_0,54.437867,11.899417,Under way using engine,0.0,11.2,273.0,274.0,9235725,3E3335,FUGA BLUEMARINE,Tanker,No additional information,43.0,248.0,GPS,14.5,FOR ORDER,20/01/2025 07:00:00,AIS,POINT (11.899417 54.437867),352978218_0,0 days 00:01:00,3.4993334691018335e-06,273.94317506171126,0.0,0,4.5980477251878344,54.437867,11.899417
2025-01-24 15:00:04,2025-01-24 15:00:04,Class A,352978218_0,54.4381,11.89425,Under way using engine,0.0,11.2,274.0,274.0,9235725,3E3335,FUGA BLUEMARINE,Tanker,No additional information,43.0,248.0,GPS,14.5,FOR ORDER,20/01/2025 07:00:00,AIS,POINT (11.89425 54.4381),352978218_0,0 days 00:01:00,-4.440520741377434e-06,274.4357345852203,0.0,0,4.593921292287125,54.4381,11.89425
2025-01-24 15:04:03,2025-01-24 15:04:03,Class A,352978218_0,54.438333,11.872783,Under way using engine,0.0,11.2,272.0,275.0,9235725,3E3335,FUGA BLUEMARINE,Tanker,No additional information,43.0,248.0,GPS,14.5,FOR ORDER,20/01/2025 07:00:00,AIS,POINT (11.872783 54.438333),352978218_0,0 days 00:03:59,9.396656438071075e-07,271.07790202130093,0.0,0,4.577271178301435,54.438333,11.872783
2025-01-24 15:05:03,2025-01-24 15:05:03,Class A,352978218_0,54.438533,11.8676,Under way using engine,0.0,11.2,273.0,275.0,9235725,3E3335,FUGA BLUEMARINE,Tanker,No additional information,43.0,248.0,GPS,14.5,FOR ORDER,20/01/2025 07:00:00,AIS,POINT (11.8676 54.438533),352978218_0,0 days 00:01:00,-3.5294298718252774e-06,273.7981220126704,0.0,0,4.57316500131889,54.438533,11.8676
2025-01-24 15:06:03,2025-01-24 15:06:03,Class A,352978218_0,54.43875,11.86205,Under way using engine,0.0,11.2,273.0,274.0,9235725,3E3335,FUGA BLUEMARINE,Tanker,No additional information,43.0,248.0,GPS,14.5,FOR ORDER,20/01/2025 07:00:00,AIS,POINT (11.86205 54.43875),352978218_0,0 days 00:01:00,6.63444985058723e-06,273.8484499486303,0.0,0,4.568768687724189,54.43875,11.86205
2025-01-24 15:07:03,2025-01-24 15:07:03,Class A,352978218_0,54.4389,11.856883,Under way using engine,0.0,11.2,272.0,273.0,9235725,3E3335,FUGA BLUEMARINE,Tanker,No additional information,43.0,248.0,GPS,14.5,FOR ORDER,20/01/2025 07:00:00,AIS,POINT (11.856883 54.4389),352978218_0,0 days 00:01:00,-7.0127578159027e-06,272.8597693311048,0.0,0,4.564711449944018,54.4389,11.856883
2025-01-24 15:08:03,2025-01-24 15:08:03,Class A,352978218_0,54.439,11.85145,Under way using engine,0.0,11.2,271.0,273.0,9235725,3E3335,FUGA BLUEMARINE,Tanker,No additional information,43.0,248.0,GPS,14.5,FOR ORDER,20/01/2025 07:00:00,AIS,POINT (11.85145 54.439),352978218_0,0 days 00:01:00,4.727302881959054e-06,271.81495156963683,0.0,0,4.5604848842561685,54.439,11.85145
2025-01-24 15:09:03,2025-01-24 15:09:03,Class A,352978218_0,54.43905,11.846183,Under way using engine,0.0,11.2,271.0,273.0,9235725,3E3335,FUGA BLUEMARINE,Tanker,No additional information,43.0,248.0,GPS,14.5,FOR ORDER,20/01/2025 07:00:00,AIS,POINT (11.846183 54.43905),352978218_0,0 days 00:01:00,-3.028263116471435e-06,270.9373100193368,0.0,0,4.556420112132988,54.43905,11.846183
2025-01-24 15:10:03,2025-01-24 15:10:03,Class A,352978218_0,54.4391,11.84165,Under way using engine,0.0,11.2,271.0,272.0,9235725,3E3335,FUGA BLUEMARINE,Tanker,No additional information,43.0,248.0,GPS,14.5,FOR ORDER,20/01/2025 07:00:00,AIS,POINT (11.84165 54.4391),352978218_0,0 days 00:01:00,-1.3227157659416918e-05,271.08840480182005,0.0,0,4.552919285395798,54.4391,11.84165
2025-01-24 15:11:03,2025-01-24 15:11:03,Class A,352978218_0,54.439167,11.836333,Under way using engine,0.0,11.2,271.0,272.0,9235725,3E3335,FUGA BLUEMARINE,Tanker,No additional information,43.0,248.0,GPS,14.5,FOR ORDER,20/01/2025 07:00:00,AIS,POINT (11.836333 54.439167),352978218_0,0 days 00:01:00,1.413787071477225e-05,271.24342254310113,0.0,0,4.548809916952896,54.439167,11.836333
2025-01-24 15:12:03,2025-01-24 15:12:03,Class A,352978218_0,54.439267,11.8309,Under way using engine,0.0,11.2,271.0,273.0,9235725,3E3335,FUGA BLUEMARINE,Tanker,No additional information,43.0,248.0,GPS,14.5,FOR ORDER,20/01/2025 07:00:00,AIS,POINT (11.8309 54.439267),352978218_0,0 days 00:01:00,2.1169135451536843e-06,271.8149633855403,0.0,0,4.544593135644598,54.439267,11.8309
2025-01-24 15:13:03,2025-01-24 15:13:03,Class A,352978218_0,54.439183,11.825417,Under way using engine,0.0,11.2,272.0,273.0,9235725,3E3335,FUGA BLUEMARINE,Tanker,No additional information,43.0,248.0,GPS,14.5,FOR ORDER,20/01/2025 07:00:00,AIS,POINT (11.825417 54.439183),352978218_0,0 days 00:01:00,8.864610486371301e-07,268.49324806447987,0.0,0,4.540459587150292,54.439183,11.825417
2025-01-24 15:14:03,2025-01-24 15:14:03,Class A,352978218_0,54.439467,11.820333,Under way using engine,0.0,11.2,272.0,273.0,9235725,3E3335,FUGA BLUEMARINE,Tanker,No additional information,43.0,248.0,GPS,14.5,FOR ORDER,20/01/2025 07:00:00,AIS,POINT (11.820333 54.439467),352978218_0,0 days 00:01:00,-6.805786720366823e-06,275.48871476983686,0.0,0,4.536395498385144,54.439467,11.820333
2025-01-24 15:15:03,2025-01-24 15:15:03,Class A,352978218_0,54.439617,11.814167,Under way using engine,0.0,11.1,271.0,272.0,9235725,3E3335,FUGA BLUEMARINE,Tanker,No additional information,43.0,248.0,GPS,14.5,FOR ORDER,20/01/2025 07:00:00,AIS,POINT (11.814167 54.439617),352978218_0,0 days 00:01:00,1.9177393469315472e-05,272.3978166253636,0.0,0,4.531595051480771,54.439617,11.814167
2025-01-24 15:16:03,2025-01-24 15:16:03,Class A,352978218_0,54.439683,11.808817,Under way using engine,0.0,11.1,271.0,272.0,9235725,3E3335,FUGA BLUEMARINE,Tanker,No additional information,43.0,248.0,GPS,14.5,FOR ORDER,20/01/2025 07:00:00,AIS,POINT (11.808817 54.439683),352978218_0,0 days 00:01:00,-1.4782224414611421e-05,271.21739083793693,0.0,0,4.527474111438406,54.439683,11.808817
2025-01-24 15:17:03,2025-01-24 15:17:03,Class A,352978218_0,54.439717,11.803483,Under way using engine,0.0,11.1,270.0,274.0,9235725,3E3335,FUGA BLUEMARINE,Tanker,No additional information,43.0,248.0,GPS,14.5,FOR ORDER,20/01/2025 07:00:00,AIS,POINT (11.803483 54.439717),352978218_0,0 days 00:01:00,-3.0433043712332506e-07,270.63013693114794,0.0,0,4.523388669931979,54.439717,11.803483
2025-01-24 15:18:03,2025-01-24 15:18:03,Class A,352978218_0,54.43995,11.798067,Under way using engine,0.0,11.2,275.0,279.0,9235725,3E3335,FUGA BLUEMARINE,Tanker,No additional information,43.0,248.0,GPS,14.5,FOR ORDER,20/01/2025 07:00:00,AIS,POINT (11.798067 54.43995),352978218_0,0 days 00:01:00,1.7373268638666793e-06,274.232948295073,0.0,0,4.519114337144612,54.43995,11.798067
2025-01-24 15:19:03,2025-01-24 15:19:03,Class A,352978218_0,54.440383,11.79295,Under way using engine,0.0,11.2,278.0,280.0,9235725,3E3335,FUGA BLUEMARINE,Tanker,No additional information,43.0,248.0,GPS,14.5,FOR ORDER,20/01/2025 07:00:00,AIS,POINT (11.79295 54.440383),352978218_0,0 days 00:01:00,-4.6883363396026405e-06,278.28090663910166,0.0,0,4.514940051018177,54.440383,11.79295
2025-01-24 15:20:03,2025-01-24 15:20:03,Class A,352978218_0,54.440883,11.787483,Under way using engine,0.0,11.2,278.0,279.0,9235725,3E3335,FUGA BLUEMARINE,Tanker,No additional information,43.0,248.0,GPS,14.5,FOR ORDER,20/01/2025 07:00:00,AIS,POINT (11.787483 54.440883),352978218_0,0 days 00:01:00,6.54562522735061e-06,278.9397372083904,0.0,0,4.510458149568512,54.440883,11.787483
2025-01-24 15:21:03,2025-01-24 15:21:03,Class A,352978218_0,54.441333,11.782067,Under way using engine,0.0,11.2,278.0,279.0,9235725,3E3335,FUGA BLUEMARINE,Tanker,No additional information,43.0,248.0,GPS,14.5,FOR ORDER,20/01/2025 07:00:00,AIS,POINT (11.782067 54.441333),352978218_0,0 days 00:01:00,-1.1390854161596209e-06,278.13327915772356,0.0,0,4.506049736814386,54.441333,11.782067
2025-01-24 15:22:03,2025-01-24 15:22:03,Class A,352978218_0,54.441817,11.77695,Under way using engine,0.0,11.2,279.0,281.0,9235725,3E3335,FUGA BLUEMARINE,Tanker,No additional information,43.0,248.0,GPS,14.5,FOR ORDER,20/01/2025 07:00:00,AIS,POINT (11.77695 54.441817),352978218_0,0 days 00:01:00,-5.17007001722593e-06,279.24037521802984,0.0,0,4.501848468012668,54.441817,11.77695
2025-01-24 15:27:03,2025-01-24 15:27:03,Class A,352978218_0,54.4445,11.75135,Under way using engine,0.0,11.2,280.0,283.0,9235725,3E3335,FUGA BLUEMARINE,Tanker,No additional information,43.0,248.0,GPS,14.5,FOR ORDER,20/01/2025 07:00:00,AIS,POINT (11.75135 54.4445),352978218_0,0 days 00:05:00,6.479809757807021e-08,280.2270630684396,0.0,0,4.480688315887305,54.4445,11.75135
2025-01-24 15:28:03,2025-01-24 15:28:03,Class A,352978218_0,54.445183,11.746117,Under way using engine,0.0,11.3,283.0,285.0,9235725,3E3335,FUGA BLUEMARINE,Tanker,No additional information,43.0,248.0,GPS,14.5,FOR ORDER,20/01/2025 07:00:00,AIS,POINT (11.746117 54.445183),352978218_0,0 days 00:01:00,2.8884439229778416e-06,282.65281809290644,0.0,0,4.476280828449552,54.445183,11.746117
2025-01-24 15:29:03,2025-01-24 15:29:03,Class A,352978218_0,54.446183,11.7401,Under way using engine,0.0,11.3,286.0,289.0,9235725,3E3335,FUGA BLUEMARINE,Tanker,No additional information,43.0,248.0,GPS,14.5,FOR ORDER,20/01/2025 07:00:00,AIS,POINT (11.7401 54.446183),352978218_0,0 days 00:01:00,1.6112844993703363e-05,285.9533285416471,0.0,0,4.4710748948309975,54.446183,11.7401
2025-01-24 15:35:03,2025-01-24 15:35:03,Class A,352978218_0,54.452467,11.709433,Under way using engine,0.0,11.3,289.0,290.0,9235725,3E3335,FUGA BLUEMARINE,Tanker,No additional information,43.0,248.0,GPS,14.5,FOR ORDER,20/01/2025 07:00:00,AIS,POINT (11.709433 54.452467),352978218_0,0 days 00:06:00,-2.5210889527873163e-06,289.42646064269354,0.0,0,4.4437970472073784,54.452467,11.709433
2025-01-24 15:36:03,2025-01-24 15:36:03,Class A,352978218_0,54.453533,11.704417,Under way using engine,0.0,11.4,290.0,291.0,9235725,3E3335,FUGA BLUEMARINE,Tanker,No additional information,43.0,248.0,GPS,14.5,FOR ORDER,20/01/2025 07:00:00,AIS,POINT (11.704417 54.453533),352978218_0,0 days 00:01:00,-1.4273842775396467e-06,290.08191878261124,0.0,0,4.439315358323285,54.453533,11.704417
2025-01-24 15:37:03,2025-01-24 15:37:03,Class A,352978218_0,54.45465,11.699317,Under way using engine,0.0,11.4,290.0,290.0,9235725,3E3335,FUGA BLUEMARINE,Tanker,No additional information,43.0,248.0,GPS,14.5,FOR ORDER,20/01/2025 07:00:00,AIS,POINT (11.699317 54.45465),352978218_0,0 days 00:01:00,1.9645887943279805e-06,290.64546435234195,0.0,0,4.434738251597945,54.45465,11.699317
2025-01-24 15:38:03,2025-01-24 15:38:03,Class A,352978218_0,54.455783,11.694067,Under way using engine,0.0,11.3,290.0,291.0,9235725,3E3335,FUGA BLUEMARINE,Tanker,No additional information,43.0,248.0,GPS,14.5,FOR ORDER,20/01/2025 07:00:00,AIS,POINT (11.694067 54.455783),352978218_0,0 days 00:01:00,2.702513830710792e-06,290.36848642389214,0.0,0,4.430039102913769,54.455783,11.694067
2025-01-24 15:39:03,2025-01-24 15:39:03,Class A,352978218_0,54.45685,11.689083,Under way using engine,0.0,11.4,290.0,290.0,9235725,3E3335,FUGA BLUEMARINE,Tanker,No additional information,43.0,248.0,GPS,14.4,FOR ORDER,20/01/2025 07:00:00,AIS,POINT (11.689083 54.45685),352978218_0,0 days 00:01:00,-5.204694501929231e-06,290.21935943589966,0.0,0,4.425585118744186,54.45685,11.689083
2025-01-24 15:41:04,2025-01-24 15:41:04,Class A,352978218_0,54.459133,11.678833,Under way using engine,0.0,11.4,292.0,293.0,9235725,3E3335,FUGA BLUEMARINE,Tanker,No additional information,43.0,248.0,GPS,14.4,FOR ORDER,20/01/2025 07:00:00,AIS,POINT (11.678833 54.459133),352978218_0,0 days 00:02:01,1.1736178615707934e-06,290.9690827716455,0.0,0,4.416371066329118,54.459133,11.678833
2025-01-24 15:42:04,2025-01-24 15:42:04,Class A,352978218_0,54.4604,11.673833,Under way using engine,0.0,11.4,293.0,293.0,9235725,3E3335,FUGA BLUEMARINE,Tanker,No additional information,43.0,248.0,GPS,14.4,FOR ORDER,20/01/2025 07:00:00,AIS,POINT (11.673833 54.4604),352978218_0,0 days 00:01:00,1.954844254431458e-07,293.5562808841001,0.0,0,4.4117773153514905,54.4604,11.673833
2025-01-24 15:45:04,2025-01-24 15:45:04,Class A,352978218_0,54.464017,11.658633,Under way using engine,0.0,11.4,291.0,292.0,9235725,3E3335,FUGA BLUEMARINE,Tanker,No additional information,43.0,248.0,GPS,14.4,FOR ORDER,20/01/2025 07:00:00,AIS,POINT (11.658633 54.464017),352978218_0,0 days 00:03:00,1.2160218117848403e-07,292.2704570541355,0.0,0,4.397975130724253,54.464017,11.658633
2025-01-24 15:46:04,2025-01-24 15:46:04,Class A,352978218_0,54.465183,11.653667,Under way using engine,0.0,11.4,292.0,292.0,9235725,3E3335,FUGA BLUEMARINE,Tanker,No additional information,43.0,248.0,GPS,14.4,FOR ORDER,20/01/2025 07:00:00,AIS,POINT (11.653667 54.465183),352978218_0,0 days 00:01:00,-2.146254781339333e-06,291.9998351985188,0.0,0,4.393478849903,54.465183,11.653667
2025-01-24 15:47:04,2025-01-24 15:47:04,Class A,352978218_0,54.466417,11.648533,Under way using engine,0.0,11.4,292.0,292.0,9235725,3E3335,FUGA BLUEMARINE,Tanker,No additional information,43.0,248.0,GPS,14.4,FOR ORDER,20/01/2025 07:00:00,AIS,POINT (11.648533 54.466417),352978218_0,0 days 00:01:00,3.5935047220588798e-06,292.47028365009936,0.0,0,4.388812950111796,54.466417,11.648533
2025-01-24 15:48:04,2025-01-24 15:48:04,Class A,352978218_0,54.467617,11.643633,Under way using engine,0.0,11.4,292.0,293.0,9235725,3E3335,FUGA BLUEMARINE,Tanker,No additional information,43.0,248.0,GPS,14.4,FOR ORDER,20/01/2025 07:00:00,AIS,POINT (11.643633 54.467617),352978218_0,0 days 00:01:00,-4.297355000767147e-06,292.85190537152727,0.0,0,4.384346282727793,54.467617,11.643633
2025-01-24 15:49:04,2025-01-24 15:49:04,Class A,352978218_0,54.468867,11.63855,Under way using engine,0.0,11.5,293.0,293.0,9235725,3E3335,FUGA BLUEMARINE,Tanker,No additional information,43.0,248.0,GPS,14.4,FOR ORDER,20/01/2025 07:00:00,AIS,POINT (11.63855 54.468867),352978218_0,0 days 00:01:00,3.6351834592827e-06,292.9379206843488,0.0,0,4.379710690450682,54.468867,11.63855
2025-01-24 15:50:04,2025-01-24 15:50:04,Class A,352978218_0,54.470133,11.633433,Under way using engine,0.0,11.5,293.0,292.0,9235725,3E3335,FUGA BLUEMARINE,Tanker,No additional information,43.0,248.0,GPS,14.4,FOR ORDER,20/01/2025 07:00:00,AIS,POINT (11.633433 54.470133),352978218_0,0 days 00:01:00,7.541998535437726e-07,293.0632803042587,0.0,0,4.375040389928878,54.470133,11.633433
2025-01-24 15:51:04,2025-01-24 15:51:04,Class A,352978218_0,54.471383,11.628367,Under way using engine,0.0,11.5,292.0,293.0,9235725,3E3335,FUGA BLUEMARINE,Tanker,No additional information,43.0,248.0,GPS,14.4,FOR ORDER,20/01/2025 07:00:00,AIS,POINT (11.628367 54.471383),352978218_0,0 days 00:01:00,-1.0413455593430084e-06,293.00814932569557,0.0,0,4.3704202281182285,54.471383,11.628367
2025-01-24 15:52:04,2025-01-24 15:52:04,Class A,352978218_0,54.472617,11.623433,Under way using engine,0.0,11.5,293.0,294.0,9235725,3E3335,FUGA BLUEMARINE,Tanker,No additional information,43.0,248.0,GPS,14.4,FOR ORDER,20/01/2025 07:00:00,AIS,POINT (11.623433 54.472617),352978218_0,0 days 00:01:00,-2.38321725580523e-06,293.28868398964676,0.0,0,4.3659107426594295,54.472617,11.623433
2025-01-24 15:53:04,2025-01-24 15:53:04,Class A,352978218_0,54.473967,11.618383,Under way using engine,0.0,11.5,295.0,295.0,9235725,3E3335,FUGA BLUEMARINE,Tanker,No additional information,43.0,248.0,GPS,14.4,FOR ORDER,20/01/2025 07:00:00,AIS,POINT (11.618383 54.473967),352978218_0,0 days 00:01:00,3.3627020164876764e-06,294.7068317537028,0.0,0,4.36123876000489,54.473967,11.618383
2025-01-24 15:54:03,2025-01-24 15:54:03,Class A,352978218_0,54.475283,11.613567,Under way using engine,0.0,11.5,295.0,294.0,9235725,3E3335,FUGA BLUEMARINE,Tanker,No additional information,43.0,248.0,GPS,14.4,FOR ORDER,20/01/2025 07:00:00,AIS,POINT (11.613567 54.475283),352978218_0,0 days 00:00:59,-2.6886451242560684e-06,295.188081510699,0.0,0,4.356765455741796,54.475283,11.613567
2025-01-24 15:55:03,2025-01-24 15:55:03,Class A,352978218_0,54.47665,11.608583,Under way using engine,0.0,11.5,295.0,295.0,9235725,3E3335,FUGA BLUEMARINE,Tanker,No additional information,43.0,248.0,GPS,14.4,FOR ORDER,20/01/2025 07:00:00,AIS,POINT (11.608583 54.47665),352978218_0,0 days 00:01:00,1.7824130879659013e-06,295.2713331865343,0.0,0,4.352133907665297,54.47665,11.608583
2025-01-24 15:56:03,2025-01-24 15:56:03,Class A,352978218_0,54.47805,11.6035,Under way using engine,0.0,11.6,295.0,294.0,9235725,3E3335,FUGA BLUEMARINE,Tanker,No additional information,43.0,248.0,GPS,14.4,FOR ORDER,20/01/2025 07:00:00,AIS,POINT (11.6035 54.47805),352978218_0,0 days 00:01:00,2.0448892101705176e-06,295.3648052272418,0.0,0,4.347407715205579,54.47805,11.6035
2025-01-24 15:57:03,2025-01-24 15:57:03,Class A,352978218_0,54.479333,11.598667,Under way using engine,0.0,11.6,295.0,295.0,9235725,3E3335,FUGA BLUEMARINE,Tanker,No additional information,43.0,248.0,GPS,14.4,FOR ORDER,20/01/2025 07:00:00,AIS,POINT (11.598667 54.479333),352978218_0,0 days 00:01:00,-5.6092958298280635e-06,294.5580424473673,0.0,0,4.342947198555956,54.479333,11.598667
2025-01-24 15:58:03,2025-01-24 15:58:03,Class A,352978218_0,54.480783,11.593483,Under way using engine,0.0,11.6,295.0,295.0,9235725,3E3335,FUGA BLUEMARINE,Tanker,No additional information,43.0,248.0,GPS,14.4,FOR ORDER,20/01/2025 07:00:00,AIS,POINT (11.593483 54.480783),352978218_0,0 days 00:01:00,7.910655126547433e-06,295.7098743518625,0.0,0,4.338114853644265,54.480783,11.593483
2025-01-24 15:59:03,2025-01-24 15:59:03,Class A,352978218_0,54.482117,11.588517,Under way using engine,0.0,11.7,295.0,294.0,9235725,3E3335,FUGA BLUEMARINE,Tanker,No additional information,43.0,248.0,GPS,14.4,FOR ORDER,20/01/2025 07:00:00,AIS,POINT (11.588517 54.482117),352978218_0,0 days 00:01:00,-5.0819605623127725e-06,294.81684691776655,0.0,0,4.333523623266059,54.482117,11.588517
2025-01-24 16:00:03,2025-01-24 16:00:03,Class A,352978218_0,54.48345,11.583433,Under way using engine,0.0,11.7,294.0,294.0,9235725,3E3335,FUGA BLUEMARINE,Tanker,No additional information,43.0,248.0,GPS,14.4,FOR ORDER,20/01/2025 07:00:00,AIS,POINT (11.583433 54.48345),352978218_0,0 days 00:01:00,1.9176922302744538e-06,294.29283079100765,0.0,0,4.328846394739598,54.48345,11.583433
2025-01-24 16:01:03,2025-01-24 16:01:03,Class A,352978218_0,54.48475,11.57835,Under way using engine,0.0,11.7,293.0,293.0,9235725,3E3335,FUGA BLUEMARINE,Tanker,No additional information,43.0,248.0,GPS,14.4,FOR ORDER,20/01/2025 07:00:00,AIS,POINT (11.57835 54.48475),352978218_0,0 days 00:01:00,-4.3380082186354055e-07,293.76360782555275,0.0,0,4.324193268938036,54.48475,11.57835
2025-01-24 16:06:04,2025-01-24 16:06:04,Class A,352978218_0,54.491417,11.553533,Under way using engine,0.0,11.8,294.0,296.0,9235725,3E3335,FUGA BLUEMARINE,Tanker,No additional information,43.0,248.0,GPS,14.4,FOR ORDER,20/01/2025 07:00:00,AIS,POINT (11.553533 54.491417),352978218_0,0 days 00:05:01,-3.7359589096822936e-07,294.83007832065204,0.0,0,4.317979413944676,54.491417,11.553533
2025-01-24 16:07:04,2025-01-24 16:07:04,Class A,352978218_0,54.4929,11.54835,Under way using engine,0.0,11.8,296.0,297.0,9235725,3E3335,FUGA BLUEMARINE,Tanker,No additional information,43.0,248.0,GPS,14.4,FOR ORDER,20/01/2025 07:00:00,AIS,POINT (11.54835 54.4929),352978218_0,0 days 00:01:00,5.877302385522721e-06,296.2284406057325,0.0,0,4.3224944609968,54.4929,11.54835
2025-01-24 16:08:04,2025-01-24 16:08:04,Class A,352978218_0,54.4944,11.543283,Under way using engine,0.0,11.8,296.0,295.0,9235725,3E3335,FUGA BLUEMARINE,Tanker,No additional information,43.0,248.0,GPS,14.4,FOR ORDER,20/01/2025 07:00:00,AIS,POINT (11.543283 54.4944),352978218_0,0 days 00:01:00,-1.6354810979433455e-06,297.01022646467754,0.0,0,4.32689564129631,54.4944,11.543283
2025-01-24 16:09:04,2025-01-24 16:09:04,Class A,352978218_0,54.495783,11.538133,Under way using engine,0.0,11.8,294.0,295.0,9235725,3E3335,FUGA BLUEMARINE,Tanker,No additional information,43.0,248.0,GPS,14.4,FOR ORDER,20/01/2025 07:00:00,AIS,POINT (11.538133 54.495783),352978218_0,0 days 00:01:00,-2.3662897308056377e-07,294.8174617362132,0.0,0,4.331412465174148,54.495783,11.538133
2025-01-24 16:10:04,2025-01-24 16:10:04,Class A,352978218_0,54.497167,11.532967,Under way using engine,0.0,11.9,295.0,296.0,9235725,3E3335,FUGA BLUEMARINE,Tanker,No additional information,43.0,248.0,GPS,14.4,FOR ORDER,20/01/2025 07:00:00,AIS,POINT (11.532967 54.497167),352978218_0,0 days 00:01:00,2.716391636176299e-07,294.76631704792777,0.0,0,4.335946148303276,54.497167,11.532967
2025-01-24 16:11:04,2025-01-24 16:11:04,Class A,352978218_0,54.498583,11.527967,Under way using engine,0.0,12.0,296.0,295.0,9235725,3E3335,FUGA BLUEMARINE,Tanker,No additional information,43.0,248.0,GPS,14.4,FOR ORDER,20/01/2025 07:00:00,AIS,POINT (11.527967 54.498583),352978218_0,0 days 00:01:00,-2.280020580174881e-06,295.99864922530014,0.0,0,4.340313578049631,54.498583,11.527967
2025-01-24 16:12:04,2025-01-24 16:12:04,Class A,352978218_0,54.500033,11.522733,Under way using engine,0.0,12.0,294.0,293.0,9235725,3E3335,FUGA BLUEMARINE,Tanker,No additional information,43.0,248.0,GPS,14.4,FOR ORDER,20/01/2025 07:00:00,AIS,POINT (11.522733 54.500033),352978218_0,0 days 00:01:00,4.247787835100243e-06,295.5060673845867,0.0,0,4.344896763614297,54.500033,11.522733
2025-01-24 16:13:04,2025-01-24 16:13:04,Class A,352978218_0,54.501283,11.517633,Under way using engine,0.0,12.0,292.0,293.0,9235725,3E3335,FUGA BLUEMARINE,Tanker,No additional information,43.0,248.0,GPS,14.4,FOR ORDER,20/01/2025 07:00:00,AIS,POINT (11.517633 54.501283),352978218_0,0 days 00:01:00,-4.73420008661558e-06,292.8856178293615,0.0,0,4.349411861328609,54.501283,11.517633
2025-01-24 16:14:04,2025-01-24 16:14:04,Class A,352978218_0,54.502617,11.512167,Under way using engine,0.0,12.0,293.0,294.0,9235725,3E3335,FUGA BLUEMARINE,Tanker,No additional information,43.0,248.0,GPS,14.4,FOR ORDER,20/01/2025 07:00:00,AIS,POINT (11.512167 54.502617),352978218_0,0 days 00:01:00,7.075630103041928e-06,292.7989340895694,0.0,0,4.354254472075099,54.502617,11.512167
2025-01-24 16:15:04,2025-01-24 16:15:04,Class A,352978218_0,54.50395,11.506767,Under way using engine,0.0,12.1,294.0,296.0,9235725,3E3335,FUGA BLUEMARINE,Tanker,No additional information,43.0,248.0,GPS,14.4,FOR ORDER,20/01/2025 07:00:00,AIS,POINT (11.506767 54.50395),352978218_0,0 days 00:01:00,-1.1092955288614145e-06,293.033784801165,0.0,0,4.3590360832533825,54.50395,11.506767
2025-01-24 16:16:04,2025-01-24 16:16:04,Class A,352978218_0,54.505317,11.501683,Under way using engine,0.0,12.1,295.0,296.0,9235725,3E3335,FUGA BLUEMARINE,Tanker,No additional information,43.0,248.0,GPS,14.4,FOR ORDER,20/01/2025 07:00:00,AIS,POINT (11.501683 54.505317),352978218_0,0 days 00:01:00,-4.776754174553406e-06,294.85008894586196,0.0,0,4.363507201924847,54.505317,11.501683
2025-01-24 16:17:04,2025-01-24 16:17:04,Class A,352978218_0,54.506783,11.496333,Under way using engine,0.0,12.1,295.0,296.0,9235725,3E3335,FUGA BLUEMARINE,Tanker,No additional information,43.0,248.0,GPS,14.4,FOR ORDER,20/01/2025 07:00:00,AIS,POINT (11.496333 54.506783),352978218_0,0 days 00:01:00,5.628875401608912e-06,295.2668633815321,0.0,0,4.368206240491171,54.506783,11.496333
2025-01-24 16:18:04,2025-01-24 16:18:04,Class A,352978218_0,54.508233,11.491083,Under way using engine,0.0,12.2,295.0,297.0,9235725,3E3335,FUGA BLUEMARINE,Tanker,No additional information,43.0,248.0,GPS,14.4,FOR ORDER,20/01/2025 07:00:00,AIS,POINT (11.491083 54.508233),352978218_0,0 days 00:01:00,-1.8412451839051908e-06,295.44263707023845,0.0,0,4.372816098107261,54.508233,11.491083
2025-01-24 16:19:03,2025-01-24 16:19:03,Class A,352978218_0,54.50965,11.486,Under way using engine,0.0,12.2,295.0,297.0,9235725,3E3335,FUGA BLUEMARINE,Tanker,No additional information,43.0,248.0,GPS,14.4,FOR ORDER,20/01/2025 07:00:00,AIS,POINT (11.486 54.50965),352978218_0,0 days 00:00:59,-1.4598825153570496e-06,295.65077033163675,0.0,0,4.377277381997627,54.50965,11.486
2025-01-24 16:20:03,2025-01-24 16:20:03,Class A,352978218_0,54.511167,11.4806,Under way using engine,0.0,12.2,295.0,297.0,9235725,3E3335,FUGA BLUEMARINE,Tanker,No additional information,43.0,248.0,GPS,14.4,FOR ORDER,20/01/2025 07:00:00,AIS,POINT (11.4806 54.511167),352978218_0,0 days 00:01:00,4.758308837957744e-06,295.82416525423446,0.0,0,4.382015547031867,54.511167,11.4806
2025-01-24 16:21:03,2025-01-24 16:21:03,Class A,352978218_0,54.512617,11.47545,Under way using engine,0.0,12.2,296.0,297.0,9235725,3E3335,FUGA BLUEMARINE,Tanker,No additional information,43.0,248.0,GPS,14.4,FOR ORDER,20/01/2025 07:00:00,AIS,POINT (11.47545 54.512617),352978218_0,0 days 00:01:00,-4.9543064013747985e-06,295.8750362377047,0.0,0,4.38653534276529,54.512617,11.47545
2025-01-24 16:22:03,2025-01-24 16:22:03,Class A,352978218_0,54.514167,11.47025,Under way using engine,0.0,12.2,296.0,297.0,9235725,3E3335,FUGA BLUEMARINE,Tanker,No additional information,43.0,248.0,GPS,14.4,FOR ORDER,20/01/2025 07:00:00,AIS,POINT (11.47025 54.514167),352978218_0,0 days 00:01:00,2.180738455865372e-06,297.18134041698136,0.0,0,4.3910764108051,54.514167,11.47025
2025-01-24 16:23:03,2025-01-24 16:23:03,Class A,352978218_0,54.515667,11.465067,Under way using engine,0.0,12.1,296.0,296.0,9235725,3E3335,FUGA BLUEMARINE,Tanker,No additional information,43.0,248.0,GPS,14.4,FOR ORDER,20/01/2025 07:00:00,AIS,POINT (11.465067 54.515667),352978218_0,0 days 00:01:00,-9.728860673771626e-07,296.50096804666697,0.0,0,4.395617414628576,54.515667,11.465067
2025-01-24 16:24:03,2025-01-24 16:24:03,Class A,352978218_0,54.51715,11.45975,Under way using engine,0.0,12.1,295.0,295.0,9235725,3E3335,FUGA BLUEMARINE,Tanker,No additional information,43.0,248.0,GPS,14.4,FOR ORDER,20/01/2025 07:00:00,AIS,POINT (11.45975 54.51715),352978218_0,0 days 00:01:00,1.9323660617589766e-06,295.6665257172662,0.0,0,4.400293661387613,54.51715,11.45975
2025-01-24 16:25:04,2025-01-24 16:25:04,Class A,352978218_0,54.518517,11.454467,Under way using engine,0.0,12.1,294.0,296.0,9235725,3E3335,FUGA BLUEMARINE,Tanker,No additional information,43.0,248.0,GPS,14.4,FOR ORDER,20/01/2025 07:00:00,AIS,POINT (11.454467 54.518517),352978218_0,0 days 00:01:01,-3.706037102362714e-06,294.02864806893314,0.0,0,4.404972112736471,54.518517,11.454467
2025-01-24 16:26:04,2025-01-24 16:26:04,Class A,352978218_0,54.519917,11.449217,Under way using engine,0.0,12.1,295.0,296.0,9235725,3E3335,FUGA BLUEMARINE,Tanker,No additional information,43.0,248.0,GPS,14.4,FOR ORDER,20/01/2025 07:00:00,AIS,POINT (11.449217 54.519917),352978218_0,0 days 00:01:00,1.5810939449670328e-06,294.6775884336027,0.0,0,4.409611371309948,54.519917,11.449217
2025-01-24 16:31:04,2025-01-24 16:31:04,Class A,352978218_0,54.526917,11.423167,Under way using engine,0.0,11.9,293.0,295.0,9235725,3E3335,FUGA BLUEMARINE,Tanker,No additional information,43.0,248.0,GPS,14.4,FOR ORDER,20/01/2025 07:00:00,AIS,POINT (11.423167 54.526917),352978218_0,0 days 00:05:00,-1.3247237226293382e-07,294.85495617733187,0.0,0,4.432642711587075,54.526917,11.423167
2025-01-24 16:32:04,2025-01-24 16:32:04,Class A,352978218_0,54.528283,11.417867,Under way using engine,0.0,11.9,294.0,296.0,9235725,3E3335,FUGA BLUEMARINE,Tanker,No additional information,43.0,248.0,GPS,14.4,FOR ORDER,20/01/2025 07:00:00,AIS,POINT (11.417867 54.528283),352978218_0,0 days 00:01:00,1.0325455767026236e-06,293.94980273480064,0.0,0,4.437350223883844,54.528283,11.417867
2025-01-24 16:33:04,2025-01-24 16:33:04,Class A,352978218_0,54.5297,11.412717,Under way using engine,0.0,11.9,295.0,296.0,9235725,3E3335,FUGA BLUEMARINE,Tanker,No additional information,43.0,248.0,GPS,14.4,FOR ORDER,20/01/2025 07:00:00,AIS,POINT (11.412717 54.5297),352978218_0,0 days 00:01:00,-1.7989613128289254e-06,295.37012104637915,0.0,0,4.441901222810453,54.5297,11.412717
2025-01-24 16:34:04,2025-01-24 16:34:04,Class A,352978218_0,54.531067,11.40775,Under way using engine,0.0,11.9,295.0,296.0,9235725,3E3335,FUGA BLUEMARINE,Tanker,No additional information,43.0,248.0,GPS,14.4,FOR ORDER,20/01/2025 07:00:00,AIS,POINT (11.40775 54.531067),352978218_0,0 days 00:01:00,-3.6388145218589226e-06,295.37650990613,0.0,0,4.446292074811213,54.531067,11.40775
2025-01-24 16:35:04,2025-01-24 16:35:04,Class A,352978218_0,54.532517,11.402417,Under way using engine,0.0,11.9,295.0,297.0,9235725,3E3335,FUGA BLUEMARINE,Tanker,No additional information,43.0,248.0,GPS,14.4,FOR ORDER,20/01/2025 07:00:00,AIS,POINT (11.402417 54.532517),352978218_0,0 days 00:01:00,7.045270554489804e-06,295.1088517591659,0.0,0,4.451013203034339,54.532517,11.402417
2025-01-24 16:36:04,2025-01-24 16:36:04,Class A,352978218_0,54.533983,11.397433,Under way using engine,0.0,11.9,296.0,297.0,9235725,3E3335,FUGA BLUEMARINE,Tanker,No additional information,43.0,248.0,GPS,14.4,FOR ORDER,20/01/2025 07:00:00,AIS,POINT (11.397433 54.533983),352978218_0,0 days 00:01:00,-5.4305458922337785e-06,296.8842440534108,0.0,0,4.4553963739341995,54.533983,11.397433
2025-01-24 16:37:04,2025-01-24 16:37:04,Class A,352978218_0,54.53545,11.392333,Under way using engine,0.0,11.9,296.0,297.0,9235725,3E3335,FUGA BLUEMARINE,Tanker,No additional information,43.0,248.0,GPS,14.4,FOR ORDER,20/01/2025 07:00:00,AIS,POINT (11.392333 54.53545),352978218_0,0 days 00:01:00,1.8764501306454354e-06,296.3726389008485,0.0,0,4.459892506997114,54.53545,11.392333
2025-01-24 16:38:04,2025-01-24 16:38:04,Class A,352978218_0,54.536933,11.387267,Under way using engine,0.0,11.9,297.0,297.0,9235725,3E3335,FUGA BLUEMARINE,Tanker,No additional information,43.0,248.0,GPS,14.4,FOR ORDER,20/01/2025 07:00:00,AIS,POINT (11.387267 54.536933),352978218_0,0 days 00:01:00,-3.2906609916867095e-07,296.77542731404606,0.0,0,4.464353328579853,54.536933,11.387267
2025-01-24 16:39:03,2025-01-24 16:39:03,Class A,352978218_0,54.53845,11.382117,Under way using engine,0.0,11.9,297.0,297.0,9235725,3E3335,FUGA BLUEMARINE,Tanker,No additional information,43.0,248.0,GPS,14.4,FOR ORDER,20/01/2025 07:00:00,AIS,POINT (11.382117 54.53845),352978218_0,0 days 00:00:59,3.6390636370631384e-06,296.91995892496317,0.0,0,4.468887356815454,54.53845,11.382117
2025-01-24 16:40:03,2025-01-24 16:40:03,Class A,352978218_0,54.539933,11.37725,Under way using engine,0.0,11.8,297.0,297.0,9235725,3E3335,FUGA BLUEMARINE,Tanker,No additional information,43.0,248.0,GPS,14.4,FOR ORDER,20/01/2025 07:00:00,AIS,POINT (11.37725 54.539933),352978218_0,0 days 00:01:00,-6.766999691282423e-06,297.71140535086874,0.0,0,4.473160398146372,54.539933,11.37725
2025-01-24 16:41:03,2025-01-24 16:41:03,Class A,352978218_0,54.541417,11.3721,Under way using engine,0.0,11.8,296.0,297.0,9235725,3E3335,FUGA BLUEMARINE,Tanker,No additional information,43.0,248.0,GPS,14.4,FOR ORDER,20/01/2025 07:00:00,AIS,POINT (11.3721 54.541417),352978218_0,0 days 00:01:00,4.544536738005881e-06,296.4162682294122,0.0,0,4.477707073428207,54.541417,11.3721
2025-01-24 16:42:03,2025-01-24 16:42:03,Class A,352978218_0,54.542917,11.367067,Under way using engine,0.0,11.8,297.0,297.0,9235725,3E3335,FUGA BLUEMARINE,Tanker,No additional information,43.0,248.0,GPS,14.4,FOR ORDER,20/01/2025 07:00:00,AIS,POINT (11.367067 54.542917),352978218_0,0 days 00:01:00,-1.6586596732673404e-06,297.19425196764956,0.0,0,4.482138620880215,54.542917,11.367067
2025-01-24 16:43:03,2025-01-24 16:43:03,Class A,352978218_0,54.54435,11.3622,Under way using engine,0.0,11.8,297.0,298.0,9235725,3E3335,FUGA BLUEMARINE,Tanker,No additional information,43.0,248.0,GPS,14.4,FOR ORDER,20/01/2025 07:00:00,AIS,POINT (11.3622 54.54435),352978218_0,0 days 00:01:00,-3.602394862838003e-06,296.9129069604634,0.0,0,4.486430463179832,54.54435,11.3622
2025-01-24 16:44:03,2025-01-24 16:44:03,Class A,352978218_0,54.545933,11.357033,Under way using engine,0.0,11.8,297.0,298.0,9235725,3E3335,FUGA BLUEMARINE,Tanker,No additional information,43.0,248.0,GPS,14.4,FOR ORDER,20/01/2025 07:00:00,AIS,POINT (11.357033 54.545933),352978218_0,0 days 00:01:00,6.917624078445596e-06,297.8434906567212,0.0,0,4.490971877585743,54.545933,11.357033
2025-01-24 16:45:03,2025-01-24 16:45:03,Class A,352978218_0,54.547433,11.3522,Under way using engine,0.0,11.8,297.0,298.0,9235725,3E3335,FUGA BLUEMARINE,Tanker,No additional information,43.0,248.0,GPS,14.4,FOR ORDER,20/01/2025 07:00:00,AIS,POINT (11.3522 54.547433),352978218_0,0 days 00:01:00,-6.509735867868564e-06,298.15221537124444,0.0,0,4.495216217251959,54.547433,11.3522
2025-01-24 16:46:04,2025-01-24 16:46:04,Class A,352978218_0,54.549033,11.347133,Under way using engine,0.0,11.8,298.0,297.0,9235725,3E3335,FUGA BLUEMARINE,Tanker,No additional information,43.0,248.0,GPS,14.4,FOR ORDER,20/01/2025 07:00:00,AIS,POINT (11.347133 54.549033),352978218_0,0 days 00:01:01,3.410561616101469e-06,298.56648666981255,0.0,0,4.499660461908877,54.549033,11.347133
2025-01-24 16:47:04,2025-01-24 16:47:04,Class A,352978218_0,54.550583,11.34205,Under way using engine,0.0,11.8,297.0,298.0,9235725,3E3335,FUGA BLUEMARINE,Tanker,No additional information,43.0,248.0,GPS,14.4,FOR ORDER,20/01/2025 07:00:00,AIS,POINT (11.34205 54.550583),352978218_0,0 days 00:01:00,1.2216992684040804e-06,297.7356568911167,0.0,0,4.504135492138862,54.550583,11.34205
2025-01-24 16:48:04,2025-01-24 16:48:04,Class A,352978218_0,54.552133,11.33705,Under way using engine,0.0,11.8,298.0,298.0,9235725,3E3335,FUGA BLUEMARINE,Tanker,No additional information,43.0,248.0,GPS,14.4,FOR ORDER,20/01/2025 07:00:00,AIS,POINT (11.33705 54.552133),352978218_0,0 days 00:01:00,-1.3217957280280482e-06,298.12688176831614,0.0,0,4.508532410790124,54.552133,11.33705
2025-01-24 16:49:04,2025-01-24 16:49:04,Class A,352978218_0,54.55375,11.332,Under way using engine,0.0,11.8,298.0,298.0,9235725,3E3335,FUGA BLUEMARINE,Tanker,No additional information,43.0,248.0,GPS,14.4,FOR ORDER,20/01/2025 07:00:00,AIS,POINT (11.332 54.55375),352978218_0,0 days 00:01:00,1.7743013007794824e-06,298.90570385481607,0.0,0,4.5129612755426995,54.55375,11.332
2025-01-24 16:50:04,2025-01-24 16:50:04,Class A,352978218_0,54.55535,11.327133,Under way using engine,0.0,11.9,299.0,298.0,9235725,3E3335,FUGA BLUEMARINE,Tanker,No additional information,43.0,248.0,GPS,14.4,FOR ORDER,20/01/2025 07:00:00,AIS,POINT (11.327133 54.55535),352978218_0,0 days 00:01:00,-3.131216676583934e-06,299.54966110936226,0.0,0,4.517220278265054,54.55535,11.327133
2025-01-24 16:51:04,2025-01-24 16:51:04,Class A,352978218_0,54.556967,11.3221,Under way using engine,0.0,11.9,299.0,298.0,9235725,3E3335,FUGA BLUEMARINE,Tanker,No additional information,43.0,248.0,GPS,14.4,FOR ORDER,20/01/2025 07:00:00,AIS,POINT (11.3221 54.556967),352978218_0,0 days 00:01:00,2.8574788250770896e-06,298.989435809785,0.0,0,4.521636479022722,54.556967,11.3221
2025-01-24 16:53:04,2025-01-24 16:53:04,Class A,352978218_0,54.5602,11.31215,Under way using engine,0.0,11.9,298.0,297.0,9235725,3E3335,FUGA BLUEMARINE,Tanker,No additional information,43.0,248.0,GPS,14.4,FOR ORDER,20/01/2025 07:00:00,AIS,POINT (11.31215 54.5602),352978218_0,0 days 00:02:00,-4.615966835264107e-07,299.2677172120154,0.0,0,4.530362924242162,54.5602,11.31215
2025-01-24 16:54:04,2025-01-24 16:54:04,Class A,352978218_0,54.5618,11.30705,Under way using engine,0.0,11.9,298.0,296.0,9235725,3E3335,FUGA BLUEMARINE,Tanker,No additional information,43.0,248.0,GPS,14.4,FOR ORDER,20/01/2025 07:00:00,AIS,POINT (11.30705 54.5618),352978218_0,0 days 00:01:00,1.7184047284112628e-06,298.41808595842343,0.0,0,4.534853793293451,54.5618,11.30705
2025-01-24 16:55:04,2025-01-24 16:55:04,Class A,352978218_0,54.563217,11.30215,Under way using engine,0.0,11.9,296.0,295.0,9235725,3E3335,FUGA BLUEMARINE,Tanker,No additional information,43.0,248.0,GPS,14.4,FOR ORDER,20/01/2025 07:00:00,AIS,POINT (11.30215 54.563217),352978218_0,0 days 00:01:00,-5.799018209630789e-06,296.5098200391691,0.0,0,4.539202166254441,54.563217,11.30215
2025-01-24 16:56:04,2025-01-24 16:56:04,Class A,352978218_0,54.564717,11.297067,Under way using engine,0.0,11.9,297.0,296.0,9235725,3E3335,FUGA BLUEMARINE,Tanker,No additional information,43.0,248.0,GPS,14.4,FOR ORDER,20/01/2025 07:00:00,AIS,POINT (11.297067 54.564717),352978218_0,0 days 00:01:00,4.087828598059219e-06,296.97709184905835,0.0,0,4.543706636083144,54.564717,11.297067
2025-01-24 16:57:03,2025-01-24 16:57:03,Class A,352978218_0,54.566217,11.292183,Under way using engine,0.0,11.9,297.0,295.0,9235725,3E3335,FUGA BLUEMARINE,Tanker,No additional information,43.0,248.0,GPS,14.4,FOR ORDER,20/01/2025 07:00:00,AIS,POINT (11.292183 54.566217),352978218_0,0 days 00:00:59,-1.5208225362119284e-06,297.9136933747777,0.0,0,4.548020873440446,54.566217,11.292183
2025-01-24 16:58:03,2025-01-24 16:58:03,Class A,352978218_0,54.567817,11.286967,Under way using engine,0.0,12.0,298.0,295.0,9235725,3E3335,FUGA BLUEMARINE,Tanker,No additional information,43.0,248.0,GPS,14.4,FOR ORDER,20/01/2025 07:00:00,AIS,POINT (11.286967 54.567817),352978218_0,0 days 00:01:00,5.033385738349687e-06,297.8856407179161,0.0,0,4.5526307144316025,54.567817,11.286967
2025-01-24 16:59:03,2025-01-24 16:59:03,Class A,352978218_0,54.569383,11.2818,Under way using engine,0.0,11.9,296.0,292.0,9235725,3E3335,FUGA BLUEMARINE,Tanker,No additional information,43.0,248.0,GPS,14.4,FOR ORDER,20/01/2025 07:00:00,AIS,POINT (11.2818 54.569383),352978218_0,0 days 00:01:00,-1.271260616012507e-06,297.602326241918,0.0,0,4.55720407461033,54.569383,11.2818
2025-01-24 17:00:03,2025-01-24 17:00:03,Class A,352978218_0,54.570733,11.276817,Under way using engine,0.0,11.9,294.0,291.0,9235725,3E3335,FUGA BLUEMARINE,Tanker,No additional information,43.0,248.0,GPS,14.4,FOR ORDER,20/01/2025 07:00:00,AIS,POINT (11.276817 54.570733),352978218_0,0 days 00:01:00,-5.9250495408261855e-06,295.0506627750176,0.0,0,4.561658279880466,54.570733,11.276817
2025-01-24 17:01:03,2025-01-24 17:01:03,Class A,352978218_0,54.572083,11.2716,Under way using engine,0.0,11.9,293.0,291.0,9235725,3E3335,FUGA BLUEMARINE,Tanker,No additional information,43.0,248.0,GPS,14.4,FOR ORDER,20/01/2025 07:00:00,AIS,POINT (11.2716 54.572083),352978218_0,0 days 00:01:00,3.822687941940261e-06,294.05784151452946,0.0,0,4.56633983188341,54.572083,11.2716
2025-01-24 17:02:03,2025-01-24 17:02:03,Class A,352978218_0,54.573417,11.266283,Under way using engine,0.0,11.9,293.0,290.0,9235725,3E3335,FUGA BLUEMARINE,Tanker,No additional information,43.0,248.0,GPS,14.4,FOR ORDER,20/01/2025 07:00:00,AIS,POINT (11.266283 54.573417),352978218_0,0 days 00:01:00,1.4436605135758537e-06,293.4061854512751,0.0,0,4.571123652259914,54.573417,11.266283
2025-01-24 17:03:03,2025-01-24 17:03:03,Class A,352978218_0,54.5747,11.261117,Under way using engine,0.0,11.9,292.0,289.0,9235725,3E3335,FUGA BLUEMARINE,Tanker,No additional information,43.0,248.0,GPS,14.4,FOR ORDER,20/01/2025 07:00:00,AIS,POINT (11.261117 54.5747),352978218_0,0 days 00:01:00,-3.117596818813098e-06,293.1951103648181,0.0,0,4.575776529989746,54.5747,11.261117
2025-01-24 17:05:04,2025-01-24 17:05:04,Class A,352978218_0,54.577083,11.250317,Under way using engine,0.0,11.8,288.0,287.0,9235725,3E3335,FUGA BLUEMARINE,Tanker,No additional information,43.0,248.0,GPS,14.4,FOR ORDER,20/01/2025 07:00:00,AIS,POINT (11.250317 54.577083),352978218_0,0 days 00:02:01,9.811758842773105e-07,290.8449561852402,0.0,0,4.585586106442882,54.577083,11.250317
2025-01-24 17:14:04,2025-01-24 17:14:04,Class A,352978218_0,54.585133,11.20225,Under way using engine,0.0,11.5,285.0,287.0,9235725,3E3335,FUGA BLUEMARINE,Tanker,No additional information,43.0,248.0,GPS,14.4,FOR ORDER,20/01/2025 07:00:00,AIS,POINT (11.20225 54.585133),352978218_0,0 days 00:09:00,-3.4134105600877095e-07,286.13747749358544,0.0,0,4.629964860119892,54.585133,11.20225
2025-01-24 17:15:04,2025-01-24 17:15:04,Class A,352978218_0,54.586,11.19675,Under way using engine,0.0,11.5,285.0,287.0,9235725,3E3335,FUGA BLUEMARINE,Tanker,No additional information,43.0,248.0,GPS,14.4,FOR ORDER,20/01/2025 07:00:00,AIS,POINT (11.19675 54.586),352978218_0,0 days 00:01:00,2.5149646633326517e-06,285.2200443043199,0.0,0,4.635062198563037,54.586,11.19675
2025-01-24 17:17:04,2025-01-24 17:17:04,Class A,352978218_0,54.5876,11.1862,Under way using engine,0.0,11.4,282.0,283.0,9235725,3E3335,FUGA BLUEMARINE,Tanker,No additional information,43.0,248.0,GPS,14.4,FOR ORDER,20/01/2025 07:00:00,AIS,POINT (11.1862 54.5876),352978218_0,0 days 00:02:00,-2.220286750612079e-06,284.6707994904461,0.0,0,4.644858848387968,54.5876,11.1862
2025-01-24 17:18:04,2025-01-24 17:18:04,Class A,352978218_0,54.588233,11.180867,Under way using engine,0.0,11.4,281.0,283.0,9235725,3E3335,FUGA BLUEMARINE,Tanker,No additional information,43.0,248.0,GPS,14.4,FOR ORDER,20/01/2025 07:00:00,AIS,POINT (11.180867 54.588233),352978218_0,0 days 00:01:00,-1.578573927933155e-07,281.5784780234905,0.0,0,4.649857033694907,54.588233,11.180867
2025-01-24 17:19:04,2025-01-24 17:19:04,Class A,352978218_0,54.5888,11.1757,Under way using engine,0.0,11.4,280.0,282.0,9235725,3E3335,FUGA BLUEMARINE,Tanker,No additional information,43.0,248.0,GPS,14.4,FOR ORDER,20/01/2025 07:00:00,AIS,POINT (11.1757 54.5888),352978218_0,0 days 00:01:00,-3.3201991899620083e-06,280.72574971097805,0.0,0,4.654712143693528,54.5888,11.1757
2025-01-24 17:20:04,2025-01-24 17:20:04,Class A,352978218_0,54.589367,11.17015,Under way using engine,0.0,11.3,279.0,281.0,9235725,3E3335,FUGA BLUEMARINE,Tanker,No additional information,43.0,248.0,GPS,14.4,FOR ORDER,20/01/2025 07:00:00,AIS,POINT (11.17015 54.589367),352978218_0,0 days 00:01:00,6.7648707687622205e-06,280.00148289510435,0.0,0,4.659938574394409,54.589367,11.17015
2025-01-24 17:21:04,2025-01-24 17:21:04,Class A,352978218_0,54.589883,11.164717,Under way using engine,0.0,11.3,279.0,281.0,9235725,3E3335,FUGA BLUEMARINE,Tanker,No additional information,43.0,248.0,GPS,14.4,FOR ORDER,20/01/2025 07:00:00,AIS,POINT (11.164717 54.589883),352978218_0,0 days 00:01:00,-2.336579912831172e-06,279.3108859447286,0.0,0,4.665065464106801,54.589883,11.164717
2025-01-24 17:22:04,2025-01-24 17:22:04,Class A,352978218_0,54.590367,11.159417,Under way using engine,0.0,11.3,279.0,281.0,9235725,3E3335,FUGA BLUEMARINE,Tanker,No additional information,43.0,248.0,GPS,14.4,FOR ORDER,20/01/2025 07:00:00,AIS,POINT (11.159417 54.590367),352978218_0,0 days 00:01:00,-2.516021439130092e-06,278.9586858065295,0.0,0,4.670072446502945,54.590367,11.159417
2025-01-24 17:27:04,2025-01-24 17:27:04,Class A,352978218_0,54.592883,11.13245,Under way using engine,0.0,11.5,278.0,280.0,9235725,3E3335,FUGA BLUEMARINE,Tanker,No additional information,43.0,248.0,GPS,14.4,FOR ORDER,20/01/2025 07:00:00,AIS,POINT (11.13245 54.592883),352978218_0,0 days 00:05:00,3.492133211946789e-07,279.1586430371376,0.0,0,4.695545940542484,54.592883,11.13245
2025-01-24 17:29:04,2025-01-24 17:29:04,Class A,352978218_0,54.593883,11.121733,Under way using engine,0.0,11.5,279.0,280.0,9235725,3E3335,FUGA BLUEMARINE,Tanker,No additional information,43.0,248.0,GPS,14.4,FOR ORDER,20/01/2025 07:00:00,AIS,POINT (11.121733 54.593883),352978218_0,0 days 00:02:00,-3.192618086112553e-07,279.15341915413387,0.0,0,4.705674370976598,54.593883,11.121733
2025-01-24 17:30:04,2025-01-24 17:30:04,Class A,352978218_0,54.594417,11.116133,Under way using engine,0.0,11.5,279.0,280.0,9235725,3E3335,FUGA BLUEMARINE,Tanker,No additional information,43.0,248.0,GPS,14.4,FOR ORDER,20/01/2025 07:00:00,AIS,POINT (11.116133 54.594417),352978218_0,0 days 00:01:00,4.446854852230619e-06,279.348754455052,0.0,0,4.7109650912790695,54.594417,11.116133
2025-01-24 17:31:04,2025-01-24 17:31:04,Class A,352978218_0,54.594917,11.110617,Under way using engine,0.0,11.5,279.0,280.0,9235725,3E3335,FUGA BLUEMARINE,Tanker,No additional information,43.0,248.0,GPS,14.4,FOR ORDER,20/01/2025 07:00:00,AIS,POINT (11.110617 54.594917),352978218_0,0 days 00:01:00,-1.6567615939155178e-06,278.89457416617313,0.0,0,4.716183663640126,54.594917,11.110617
2025-01-24 17:32:04,2025-01-24 17:32:04,Class A,352978218_0,54.595433,11.1053,Under way using engine,0.0,11.4,279.0,278.0,9235725,3E3335,FUGA BLUEMARINE,Tanker,No additional information,43.0,248.0,GPS,14.4,FOR ORDER,20/01/2025 07:00:00,AIS,POINT (11.1053 54.595433),352978218_0,0 days 00:01:00,-3.449546709663797e-06,279.51152691761,0.0,0,4.721206214331779,54.595433,11.1053
2025-01-24 17:33:04,2025-01-24 17:33:04,Class A,352978218_0,54.595883,11.099783,Under way using engine,0.0,11.4,276.0,276.0,9235725,3E3335,FUGA BLUEMARINE,Tanker,No additional information,43.0,248.0,GPS,14.4,FOR ORDER,20/01/2025 07:00:00,AIS,POINT (11.099783 54.595883),352978218_0,0 days 00:01:00,3.2381523550409784e-06,278.01628394858955,0.0,0,4.7264395802407115,54.595883,11.099783
2025-01-24 17:34:04,2025-01-24 17:34:04,Class A,352978218_0,54.5962,11.094433,Under way using engine,0.0,11.4,276.0,275.0,9235725,3E3335,FUGA BLUEMARINE,Tanker,No additional information,43.0,248.0,GPS,14.4,FOR ORDER,20/01/2025 07:00:00,AIS,POINT (11.094433 54.5962),352978218_0,0 days 00:01:00,-3.4730004954992758e-06,275.8418597670999,0.0,0,4.731544710289547,54.5962,11.094433
2025-01-24 17:48:03,2025-01-24 17:48:03,Class A,352978218_0,54.60095,11.017783,Under way using engine,0.0,11.5,287.0,294.0,9235725,3E3335,FUGA BLUEMARINE,Tanker,No additional information,43.0,248.0,GPS,14.4,FOR ORDER,20/01/2025 07:00:00,AIS,POINT (11.017783 54.60095),352978218_0,0 days 00:13:59,1.727382613335533e-07,276.1371572221623,0.0,0,4.804696702807474,54.60095,11.017783
2025-01-24 17:49:03,2025-01-24 17:49:03,Class A,352978218_0,54.602183,11.012817,Under way using engine,0.0,11.5,293.0,297.0,9235725,3E3335,FUGA BLUEMARINE,Tanker,No additional information,43.0,248.0,GPS,14.4,FOR ORDER,20/01/2025 07:00:00,AIS,POINT (11.012817 54.602183),352978218_0,0 days 00:01:00,-2.010424335826564e-06,293.20350178033925,0.0,0,4.809215930773124,54.602183,11.012817
2025-01-24 17:50:04,2025-01-24 17:50:04,Class A,352978218_0,54.6037,11.00765,Under way using engine,0.0,11.4,297.0,298.0,9235725,3E3335,FUGA BLUEMARINE,Tanker,No additional information,43.0,248.0,GPS,14.4,FOR ORDER,20/01/2025 07:00:00,AIS,POINT (11.00765 54.6037),352978218_0,0 days 00:01:01,5.190763408873988e-06,296.88078927165594,0.0,0,4.813862800636096,54.6037,11.00765
2025-01-24 17:51:04,2025-01-24 17:51:04,Class A,352978218_0,54.60515,11.002917,Under way using engine,0.0,11.3,297.0,298.0,9235725,3E3335,FUGA BLUEMARINE,Tanker,No additional information,43.0,248.0,GPS,14.4,FOR ORDER,20/01/2025 07:00:00,AIS,POINT (11.002917 54.60515),352978218_0,0 days 00:01:00,-6.171633818111737e-06,297.87714946752203,0.0,0,4.818106145313218,54.60515,11.002917
2025-01-24 17:52:04,2025-01-24 17:52:04,Class A,352978218_0,54.606617,10.998067,Under way using engine,0.0,11.3,298.0,298.0,9235725,3E3335,FUGA BLUEMARINE,Tanker,No additional information,43.0,248.0,GPS,14.4,FOR ORDER,20/01/2025 07:00:00,AIS,POINT (10.998067 54.606617),352978218_0,0 days 00:01:00,2.1013781234122957e-06,297.5768857687762,0.0,0,4.822460315211106,54.606617,10.998067
2025-01-24 17:53:04,2025-01-24 17:53:04,Class A,352978218_0,54.608067,10.993267,Under way using engine,0.0,11.3,296.0,297.0,9235725,3E3335,FUGA BLUEMARINE,Tanker,No additional information,43.0,248.0,GPS,14.4,FOR ORDER,20/01/2025 07:00:00,AIS,POINT (10.993267 54.608067),352978218_0,0 days 00:01:00,-1.0415465301632024e-06,297.54731645144216,0.0,0,4.8267714169396925,54.608067,10.993267
2025-01-24 17:54:03,2025-01-24 17:54:03,Class A,352978218_0,54.6095,10.988483,Under way using engine,0.0,11.4,298.0,298.0,9235725,3E3335,FUGA BLUEMARINE,Tanker,No additional information,43.0,248.0,GPS,14.4,FOR ORDER,20/01/2025 07:00:00,AIS,POINT (10.988483 54.6095),352978218_0,0 days 00:00:59,1.1574743733673265e-06,297.34999776605406,0.0,0,4.831072412236129,54.6095,10.988483
2025-01-24 17:55:03,2025-01-24 17:55:03,Class A,352978218_0,54.61095,10.9838,Under way using engine,0.0,11.3,298.0,298.0,9235725,3E3335,FUGA BLUEMARINE,Tanker,No additional information,43.0,248.0,GPS,14.4,FOR ORDER,20/01/2025 07:00:00,AIS,POINT (10.9838 54.61095),352978218_0,0 days 00:01:00,-3.001395860428004e-06,298.13276435222576,0.0,0,4.835272603374912,54.61095,10.9838
2025-01-24 17:56:03,2025-01-24 17:56:03,Class A,352978218_0,54.6125,10.978833,Under way using engine,0.0,11.4,298.0,298.0,9235725,3E3335,FUGA BLUEMARINE,Tanker,No additional information,43.0,248.0,GPS,14.4,FOR ORDER,20/01/2025 07:00:00,AIS,POINT (10.978833 54.6125),352978218_0,0 days 00:01:00,5.950366304489354e-06,298.320325289489,0.0,0,4.839726081326195,54.6125,10.978833
2025-01-24 17:57:03,2025-01-24 17:57:03,Class A,352978218_0,54.614,10.974117,Under way using engine,0.0,11.4,298.0,298.0,9235725,3E3335,FUGA BLUEMARINE,Tanker,No additional information,43.0,248.0,GPS,14.4,FOR ORDER,20/01/2025 07:00:00,AIS,POINT (10.974117 54.614),352978218_0,0 days 00:01:00,-4.699506649057568e-06,298.7796772034942,0.0,0,4.843949153656034,54.614,10.974117
2025-01-24 17:58:03,2025-01-24 17:58:03,Class A,352978218_0,54.615517,10.9693,Under way using engine,0.0,11.4,298.0,298.0,9235725,3E3335,FUGA BLUEMARINE,Tanker,No additional information,43.0,248.0,GPS,14.4,FOR ORDER,20/01/2025 07:00:00,AIS,POINT (10.9693 54.615517),352978218_0,0 days 00:01:00,1.840250886163437e-06,298.54140272864396,0.0,0,4.848267676730423,54.615517,10.9693
2025-01-24 17:59:03,2025-01-24 17:59:03,Class A,352978218_0,54.61705,10.964467,Under way using engine,0.0,11.4,298.0,298.0,9235725,3E3335,FUGA BLUEMARINE,Tanker,No additional information,43.0,248.0,GPS,14.4,FOR ORDER,20/01/2025 07:00:00,AIS,POINT (10.964467 54.61705),352978218_0,0 days 00:01:00,4.859422747127666e-07,298.71521143565514,0.0,0,4.85259936768996,54.61705,10.964467
2025-01-24 18:00:03,2025-01-24 18:00:03,Class A,352978218_0,54.61855,10.9596,Under way using engine,0.0,11.4,298.0,298.0,9235725,3E3335,FUGA BLUEMARINE,Tanker,No additional information,43.0,248.0,GPS,14.4,FOR ORDER,20/01/2025 07:00:00,AIS,POINT (10.9596 54.61855),352978218_0,0 days 00:01:00,5.0292437101537646e-08,298.02693133136324,0.0,0,4.856973323969157,54.61855,10.9596
2025-01-24 18:01:03,2025-01-24 18:01:03,Class A,352978218_0,54.620083,10.9548,Under way using engine,0.0,11.4,299.0,298.0,9235725,3E3335,FUGA BLUEMARINE,Tanker,No additional information,43.0,248.0,GPS,14.4,FOR ORDER,20/01/2025 07:00:00,AIS,POINT (10.9548 54.620083),352978218_0,0 days 00:01:00,-5.751311626807857e-07,298.8827143437325,0.0,0,4.861275788210847,54.620083,10.9548
2025-01-24 18:02:04,2025-01-24 18:02:04,Class A,352978218_0,54.62165,10.9499,Under way using engine,0.0,11.4,298.0,299.0,9235725,3E3335,FUGA BLUEMARINE,Tanker,No additional information,43.0,248.0,GPS,14.4,FOR ORDER,20/01/2025 07:00:00,AIS,POINT (10.9499 54.62165),352978218_0,0 days 00:01:01,4.232586200525212e-07,298.9156046952125,0.0,0,4.865668860141224,54.62165,10.9499
2025-01-24 18:03:04,2025-01-24 18:03:04,Class A,352978218_0,54.623217,10.945,Under way using engine,0.0,11.5,297.0,298.0,9235725,3E3335,FUGA BLUEMARINE,Tanker,No additional information,43.0,248.0,GPS,14.4,FOR ORDER,20/01/2025 07:00:00,AIS,POINT (10.945 54.623217),352978218_0,0 days 00:01:00,1.642782166935292e-06,298.9165386904165,0.0,0,4.870063403594352,54.623217,10.945
2025-01-24 18:04:04,2025-01-24 18:04:04,Class A,352978218_0,54.624717,10.940217,Constrained by her draught,0.0,11.5,298.0,298.0,9235725,3E3335,FUGA BLUEMARINE,Tanker,No additional information,43.0,248.0,GPS,14.4,FOR ORDER,20/01/2025 07:00:00,AIS,POINT (10.940217 54.624717),352978218_0,0 days 00:01:00,-2.8380683802897565e-06,298.4462652324785,0.0,0,4.874361360423128,54.624717,10.940217
2025-01-24 18:09:03,2025-01-24 18:09:03,Class A,352978218_0,54.632317,10.91595,Constrained by her draught,0.0,11.5,299.0,299.0,9235725,3E3335,FUGA BLUEMARINE,Tanker,No additional information,43.0,248.0,GPS,14.4,FOR ORDER,20/01/2025 07:00:00,AIS,POINT (10.91595 54.632317),352978218_0,0 days 00:04:59,3.466855146387114e-07,298.42411768128926,0.0,0,4.896190796152555,54.632317,10.91595
2025-01-24 18:10:03,2025-01-24 18:10:03,Class A,352978218_0,54.63385,10.910967,Constrained by her draught,0.0,11.6,297.0,298.0,9235725,3E3335,FUGA BLUEMARINE,Tanker,No additional information,43.0,248.0,GPS,14.4,FOR ORDER,20/01/2025 07:00:00,AIS,POINT (10.910967 54.63385),352978218_0,0 days 00:01:00,1.8999505494357033e-06,297.9933139831279,0.0,0,4.900683936666902,54.63385,10.910967
2025-01-24 18:11:03,2025-01-24 18:11:03,Class A,352978218_0,54.6353,10.9062,Constrained by her draught,0.0,11.5,297.0,299.0,9235725,3E3335,FUGA BLUEMARINE,Tanker,No additional information,43.0,248.0,GPS,14.4,FOR ORDER,20/01/2025 07:00:00,AIS,POINT (10.9062 54.6353),352978218_0,0 days 00:01:00,-4.627178457061731e-06,297.7254847294505,0.0,0,4.904987461415982,54.6353,10.9062
2025-01-24 18:12:03,2025-01-24 18:12:03,Class A,352978218_0,54.636817,10.9011,Constrained by her draught,0.0,11.6,297.0,300.0,9235725,3E3335,FUGA BLUEMARINE,Tanker,No additional information,43.0,248.0,GPS,14.4,FOR ORDER,20/01/2025 07:00:00,AIS,POINT (10.9011 54.636817),352978218_0,0 days 00:01:00,6.253418391171349e-06,297.2024395390032,0.0,0,4.909600921198077,54.636817,10.9011
2025-01-24 18:13:03,2025-01-24 18:13:03,Class A,352978218_0,54.638317,10.896383,Constrained by her draught,0.0,11.6,299.0,303.0,9235725,3E3335,FUGA BLUEMARINE,Tanker,No additional information,43.0,248.0,GPS,14.4,FOR ORDER,20/01/2025 07:00:00,AIS,POINT (10.896383 54.638317),352978218_0,0 days 00:01:00,-6.318655149840432e-06,298.789005035248,0.0,0,4.913846941068678,54.638317,10.896383
2025-01-24 18:14:03,2025-01-24 18:14:03,Class A,352978218_0,54.64,10.89155,Constrained by her draught,0.0,11.6,301.0,303.0,9235725,3E3335,FUGA BLUEMARINE,Tanker,No additional information,43.0,248.0,GPS,14.4,FOR ORDER,20/01/2025 07:00:00,AIS,POINT (10.89155 54.64),352978218_0,0 days 00:01:00,4.61937215158668e-06,301.0382175577245,0.0,0,4.91816527861234,54.64,10.89155
2025-01-24 18:15:04,2025-01-24 18:15:04,Class A,352978218_0,54.6417,10.886717,Constrained by her draught,0.0,11.6,300.0,302.0,9235725,3E3335,FUGA BLUEMARINE,Tanker,No additional information,43.0,248.0,GPS,14.4,FOR ORDER,20/01/2025 07:00:00,AIS,POINT (10.886717 54.6417),352978218_0,0 days 00:01:01,-1.3704868366903799e-06,301.29426177966076,0.0,0,4.922481264281764,54.6417,10.886717
2025-01-24 18:17:04,2025-01-24 18:17:04,Class A,352978218_0,54.645,10.877083,Constrained by her draught,0.0,11.6,301.0,302.0,9235725,3E3335,FUGA BLUEMARINE,Tanker,No additional information,43.0,248.0,GPS,14.4,FOR ORDER,20/01/2025 07:00:00,AIS,POINT (10.877083 54.645),352978218_0,0 days 00:02:00,3.085344431123056e-07,300.62708525735223,0.0,0,4.931109449431131,54.645,10.877083
2025-01-24 18:18:03,2025-01-24 18:18:03,Class A,352978218_0,54.64665,10.872283,Constrained by her draught,0.0,11.6,300.0,302.0,9235725,3E3335,FUGA BLUEMARINE,Tanker,No additional information,43.0,248.0,GPS,14.4,FOR ORDER,20/01/2025 07:00:00,AIS,POINT (10.872283 54.64665),352978218_0,0 days 00:00:59,1.453286397425723e-06,300.71551483136136,0.0,0,4.9354092083807,54.64665,10.872283
2025-01-24 18:19:03,2025-01-24 18:19:03,Class A,352978218_0,54.648383,10.867433,Constrained by her draught,0.0,11.6,301.0,302.0,9235725,3E3335,FUGA BLUEMARINE,Tanker,No additional information,43.0,248.0,GPS,14.4,FOR ORDER,20/01/2025 07:00:00,AIS,POINT (10.867433 54.648383),352978218_0,0 days 00:01:00,3.959369303685861e-07,301.6995315357835,0.0,0,4.939740356908042,54.648383,10.867433
2025-01-24 18:20:03,2025-01-24 18:20:03,Class A,352978218_0,54.65005,10.86275,Constrained by her draught,0.0,11.6,300.0,300.0,9235725,3E3335,FUGA BLUEMARINE,Tanker,No additional information,43.0,248.0,GPS,14.4,FOR ORDER,20/01/2025 07:00:00,AIS,POINT (10.86275 54.65005),352978218_0,0 days 00:01:00,-3.6228794590718294e-06,301.60357140434616,0.0,0,4.943925290581159,54.65005,10.86275
2025-01-24 18:21:04,2025-01-24 18:21:04,Class A,352978218_0,54.65165,10.85785,Constrained by her draught,0.0,11.6,299.0,301.0,9235725,3E3335,FUGA BLUEMARINE,Tanker,No additional information,43.0,248.0,GPS,14.4,FOR ORDER,20/01/2025 07:00:00,AIS,POINT (10.85785 54.65165),352978218_0,0 days 00:01:01,6.372630061106536e-07,299.4418364330556,0.0,0,4.948338193863473,54.65165,10.85785
2025-01-24 18:22:04,2025-01-24 18:22:04,Class A,352978218_0,54.6533,10.852967,Constrained by her draught,0.0,11.6,300.0,303.0,9235725,3E3335,FUGA BLUEMARINE,Tanker,No additional information,43.0,248.0,GPS,14.4,FOR ORDER,20/01/2025 07:00:00,AIS,POINT (10.852967 54.6533),352978218_0,0 days 00:01:00,2.154007771680118e-06,300.2900909974683,0.0,0,4.952724727743811,54.6533,10.852967
2025-01-24 18:23:04,2025-01-24 18:23:04,Class A,352978218_0,54.654983,10.848317,Constrained by her draught,0.0,11.6,302.0,303.0,9235725,3E3335,FUGA BLUEMARINE,Tanker,No additional information,43.0,248.0,GPS,14.4,FOR ORDER,20/01/2025 07:00:00,AIS,POINT (10.848317 54.654983),352978218_0,0 days 00:01:00,-3.0531603674806054e-06,302.03336153586014,0.0,0,4.956878272199349,54.654983,10.848317
2025-01-24 18:24:04,2025-01-24 18:24:04,Class A,352978218_0,54.6567,10.843517,Constrained by her draught,0.0,11.5,301.0,302.0,9235725,3E3335,FUGA BLUEMARINE,Tanker,No additional information,43.0,248.0,GPS,14.4,FOR ORDER,20/01/2025 07:00:00,AIS,POINT (10.843517 54.6567),352978218_0,0 days 00:01:00,2.8363807607498958e-06,301.73262013461095,0.0,0,4.961171863139292,54.6567,10.843517
2025-01-24 18:25:04,2025-01-24 18:25:04,Class A,352978218_0,54.658317,10.83895,Constrained by her draught,0.0,11.5,301.0,302.0,9235725,3E3335,FUGA BLUEMARINE,Tanker,No additional information,43.0,248.0,GPS,14.4,FOR ORDER,20/01/2025 07:00:00,AIS,POINT (10.83895 54.658317),352978218_0,0 days 00:01:00,-5.18050352327909e-06,301.47156155540716,0.0,0,4.965262164712857,54.658317,10.83895
2025-01-24 18:33:03,2025-01-24 18:33:03,Class A,352978218_0,54.672117,10.802133,Constrained by her draught,0.0,11.4,304.0,304.0,9235725,3E3335,FUGA BLUEMARINE,Tanker,No additional information,43.0,248.0,GPS,14.4,FOR ORDER,20/01/2025 07:00:00,AIS,POINT (10.802133 54.672117),352978218_0,0 days 00:07:59,3.134410503501689e-07,302.96202952695575,0.0,0,4.9981180806629615,54.672117,10.802133
2025-01-24 18:34:03,2025-01-24 18:34:03,Class A,352978218_0,54.6739,10.797517,Constrained by her draught,0.0,11.4,303.0,305.0,9235725,3E3335,FUGA BLUEMARINE,Tanker,No additional information,43.0,248.0,GPS,14.4,FOR ORDER,20/01/2025 07:00:00,AIS,POINT (10.797517 54.6739),352978218_0,0 days 00:01:00,9.739206695195465e-07,303.7447711336358,0.0,0,5.002232499075288,54.6739,10.797517
2025-01-24 18:35:03,2025-01-24 18:35:03,Class A,352978218_0,54.67575,10.7932,Constrained by her draught,0.0,11.3,309.0,310.0,9235725,3E3335,FUGA BLUEMARINE,Tanker,No additional information,43.0,248.0,GPS,14.4,FOR ORDER,20/01/2025 07:00:00,AIS,POINT (10.7932 54.67575),352978218_0,0 days 00:01:00,-3.1977687481511118e-06,306.54533385633846,0.0,0,5.006042012543242,54.67575,10.7932
2025-01-24 18:45:03,2025-01-24 18:45:03,Class A,352978218_0,54.704217,10.779817,Constrained by her draught,0.0,11.4,356.0,0.0,9235725,3E3335,FUGA BLUEMARINE,Tanker,No additional information,43.0,248.0,GPS,14.4,FOR ORDER,20/01/2025 07:00:00,AIS,POINT (10.779817 54.704217),352978218_0,0 days 00:10:00,-4.981705909962901e-07,344.80346374273347,0.0,0,5.012995758205467,54.704217,10.779817
2025-01-24 18:46:03,2025-01-24 18:46:03,Class A,352978218_0,54.7074,10.779733,Constrained by her draught,0.0,11.5,0.0,0.0,9235725,3E3335,FUGA BLUEMARINE,Tanker,No additional information,43.0,248.0,GPS,14.4,FOR ORDER,20/01/2025 07:00:00,AIS,POINT (10.779733 54.7074),352978218_0,0 days 00:01:00,7.204647999192549e-06,359.1264792161881,0.0,0,5.012404418806308,54.7074,10.779733
2025-01-24 18:47:03,2025-01-24 18:47:03,Class A,352978218_0,54.7106,10.7797,Constrained by her draught,0.0,11.5,359.0,0.0,9235725,3E3335,FUGA BLUEMARINE,Tanker,No additional information,43.0,248.0,GPS,14.4,FOR ORDER,20/01/2025 07:00:00,AIS,POINT (10.7797 54.7106),352978218_0,0 days 00:01:00,5.159931944945933e-07,359.6586587272358,0.0,0,5.0117615958311506,54.7106,10.7797
2025-01-24 18:48:03,2025-01-24 18:48:03,Class A,352978218_0,54.71385,10.77965,Constrained by her draught,0.0,11.6,359.0,1.0,9235725,3E3335,FUGA BLUEMARINE,Tanker,No additional information,43.0,248.0,GPS,14.4,FOR ORDER,20/01/2025 07:00:00,AIS,POINT (10.77965 54.71385),352978218_0,0 days 00:01:00,1.5483620402002505e-06,359.49082112048234,0.0,0,5.011126852839389,54.71385,10.77965
2025-01-24 18:49:03,2025-01-24 18:49:03,Class A,352978218_0,54.717117,10.77965,Constrained by her draught,0.0,11.6,359.0,0.0,9235725,3E3335,FUGA BLUEMARINE,Tanker,No additional information,43.0,248.0,GPS,14.4,FOR ORDER,20/01/2025 07:00:00,AIS,POINT (10.77965 54.717117),352978218_0,0 days 00:01:00,5.217373318978953e-07,0.0,0.0,0,5.01044168663093,54.717117,10.77965
2025-01-24 18:50:02,2025-01-24 18:50:02,Class A,352978218_0,54.71975,10.7796,Constrained by her draught,0.0,11.6,359.0,0.0,9235725,3E3335,FUGA BLUEMARINE,Tanker,No additional information,43.0,248.0,GPS,14.4,FOR ORDER,20/01/2025 07:00:00,AIS,POINT (10.7796 54.71975),352978218_0,0 days 00:00:59,-1.852819783437015e-05,359.37160358259206,0.0,0,5.0099398640051565,54.71975,10.7796
2025-01-24 18:54:05,2025-01-24 18:54:05,Class A,352978218_0,54.73325,10.780617,Constrained by her draught,0.0,11.6,11.0,20.0,9235725,3E3335,FUGA BLUEMARINE,Tanker,No additional information,43.0,248.0,GPS,14.4,FOR ORDER,20/01/2025 07:00:00,AIS,POINT (10.780617 54.73325),352978218_0,0 days 00:04:03,5.029297075495885e-06,2.4905811535580256,0.0,0,5.006141910264332,54.73325,10.780617
2025-01-24 18:55:03,2025-01-24 18:55:03,Class A,352978218_0,54.736117,10.782267,Constrained by her draught,0.0,11.4,20.0,23.0,9235725,3E3335,FUGA BLUEMARINE,Tanker,No additional information,43.0,248.0,GPS,14.4,FOR ORDER,20/01/2025 07:00:00,AIS,POINT (10.782267 54.736117),352978218_0,0 days 00:00:58,-6.733155924585201e-06,18.37999524444791,0.0,0,5.003936375133682,54.736117,10.782267
2025-01-24 18:56:03,2025-01-24 18:56:03,Class A,352978218_0,54.7392,10.784317,Constrained by her draught,0.0,11.5,21.0,23.0,9235725,3E3335,FUGA BLUEMARINE,Tanker,No additional information,43.0,248.0,GPS,14.4,FOR ORDER,20/01/2025 07:00:00,AIS,POINT (10.784317 54.7392),352978218_0,0 days 00:01:00,5.482713187895443e-06,21.00006035839624,0.0,0,5.00129621858224,54.7392,10.784317
2025-01-24 18:57:03,2025-01-24 18:57:03,Class A,352978218_0,54.742067,10.786267,Constrained by her draught,0.0,11.5,21.0,23.0,9235725,3E3335,FUGA BLUEMARINE,Tanker,No additional information,43.0,248.0,GPS,14.4,FOR ORDER,20/01/2025 07:00:00,AIS,POINT (10.786267 54.742067),352978218_0,0 days 00:01:00,-6.87424026327532e-06,21.4360671560558,0.0,0,4.998799544429242,54.742067,10.786267
2025-01-24 18:58:03,2025-01-24 18:58:03,Class A,352978218_0,54.745167,10.788333,Constrained by her draught,0.0,11.6,21.0,23.0,9235725,3E3335,FUGA BLUEMARINE,Tanker,No additional information,43.0,248.0,GPS,14.4,FOR ORDER,20/01/2025 07:00:00,AIS,POINT (10.788333 54.745167),352978218_0,0 days 00:01:00,7.465814309223166e-06,21.040889359492553,0.0,0,4.99614284926382,54.745167,10.788333
2025-01-24 18:59:03,2025-01-24 18:59:03,Class A,352978218_0,54.748067,10.790233,Constrained by her draught,0.0,11.6,22.0,25.0,9235725,3E3335,FUGA BLUEMARINE,Tanker,No additional information,43.0,248.0,GPS,14.4,FOR ORDER,20/01/2025 07:00:00,AIS,POINT (10.790233 54.748067),352978218_0,0 days 00:01:00,-6.837943259661152e-06,20.713897203857357,0.0,0,4.993690812640486,54.748067,10.790233
2025-01-24 19:00:03,2025-01-24 19:00:03,Class A,352978218_0,54.751167,10.792583,Constrained by her draught,0.0,11.6,22.0,25.0,9235725,3E3335,FUGA BLUEMARINE,Tanker,No additional information,43.0,248.0,GPS,14.4,FOR ORDER,20/01/2025 07:00:00,AIS,POINT (10.792583 54.751167),352978218_0,0 days 00:01:00,8.770666343863133e-06,23.629256282222855,0.0,0,4.990758703869583,54.751167,10.792583
2025-01-24 19:01:03,2025-01-24 19:01:03,Class A,352978218_0,54.75405,10.7947,Constrained by her draught,0.0,11.6,23.0,25.0,9235725,3E3335,FUGA BLUEMARINE,Tanker,No additional information,43.0,248.0,GPS,14.4,FOR ORDER,20/01/2025 07:00:00,AIS,POINT (10.7947 54.75405),352978218_0,0 days 00:01:00,-7.813412170937793e-06,22.965056582114755,0.0,0,4.988100093036225,54.75405,10.7947
2025-01-24 19:02:03,2025-01-24 19:02:03,Class A,352978218_0,54.75715,10.796917,Constrained by her draught,0.0,11.7,22.0,25.0,9235725,3E3335,FUGA BLUEMARINE,Tanker,No additional information,43.0,248.0,GPS,14.4,FOR ORDER,20/01/2025 07:00:00,AIS,POINT (10.796917 54.75715),352978218_0,0 days 00:01:00,6.878799716796118e-06,22.424780463816433,0.0,0,4.985300768409564,54.75715,10.796917
2025-01-24 19:03:03,2025-01-24 19:03:03,Class A,352978218_0,54.76005,10.799017,Constrained by her draught,0.0,11.7,22.0,27.0,9235725,3E3335,FUGA BLUEMARINE,Tanker,No additional information,43.0,248.0,GPS,14.4,FOR ORDER,20/01/2025 07:00:00,AIS,POINT (10.799017 54.76005),352978218_0,0 days 00:01:00,-6.514668595861674e-06,22.676458745434502,0.0,0,4.982657764858531,54.76005,10.799017
2025-01-24 19:04:03,2025-01-24 19:04:03,Class A,352978218_0,54.763133,10.801367,Constrained by her draught,0.0,11.7,23.0,27.0,9235725,3E3335,FUGA BLUEMARINE,Tanker,No additional information,43.0,248.0,GPS,14.4,FOR ORDER,20/01/2025 07:00:00,AIS,POINT (10.801367 54.763133),352978218_0,0 days 00:01:00,6.963242974066235e-06,23.73892603948559,0.0,0,4.979734189552891,54.763133,10.801367
2025-01-24 19:05:03,2025-01-24 19:05:03,Class A,352978218_0,54.766033,10.803617,Constrained by her draught,0.0,11.8,24.0,27.0,9235725,3E3335,FUGA BLUEMARINE,Tanker,No additional information,43.0,248.0,GPS,14.4,FOR ORDER,20/01/2025 07:00:00,AIS,POINT (10.803617 54.766033),352978218_0,0 days 00:01:00,-5.8982920082573165e-06,24.11350562386866,0.0,0,4.976946654667097,54.766033,10.803617
2025-01-24 19:06:03,2025-01-24 19:06:03,Class A,352978218_0,54.76915,10.806,Constrained by her draught,0.0,11.9,24.0,27.0,9235725,3E3335,FUGA BLUEMARINE,Tanker,No additional information,43.0,248.0,GPS,14.4,FOR ORDER,20/01/2025 07:00:00,AIS,POINT (10.806 54.76915),352978218_0,0 days 00:01:00,7.095936237605516e-06,23.79869779278914,0.0,0,4.973986457656273,54.76915,10.806
2025-01-24 19:07:03,2025-01-24 19:07:03,Class A,352978218_0,54.77215,10.808233,Constrained by her draught,0.0,11.9,23.0,27.0,9235725,3E3335,FUGA BLUEMARINE,Tanker,No additional information,43.0,248.0,GPS,14.4,FOR ORDER,20/01/2025 07:00:00,AIS,POINT (10.808233 54.77215),352978218_0,0 days 00:01:00,-4.389551145357202e-06,23.236288281166765,0.0,0,4.971197962882689,54.77215,10.808233
2025-01-24 19:14:04,2025-01-24 19:14:04,Class A,352978218_0,54.793567,10.82555,Constrained by her draught,0.0,12.4,26.0,29.0,9235725,3E3335,FUGA BLUEMARINE,Tanker,No additional information,43.0,248.0,GPS,14.4,FOR ORDER,20/01/2025 07:00:00,AIS,POINT (10.82555 54.793567),352978218_0,0 days 00:07:01,4.546975911044339e-07,24.991608816470773,0.0,0,4.949978545481687,54.793567,10.82555
2025-01-24 19:15:04,2025-01-24 19:15:04,Class A,352978218_0,54.7967,10.828283,Constrained by her draught,0.0,12.4,24.0,23.0,9235725,3E3335,FUGA BLUEMARINE,Tanker,No additional information,43.0,248.0,GPS,14.4,FOR ORDER,20/01/2025 07:00:00,AIS,POINT (10.828283 54.7967),352978218_0,0 days 00:01:00,4.3076447653375415e-06,26.696611691915507,0.0,0,4.946683778600467,54.7967,10.828283
2025-01-24 19:17:04,2025-01-24 19:17:04,Class A,352978218_0,54.803217,10.831667,Constrained by her draught,0.0,12.2,8.0,6.0,9235725,3E3335,FUGA BLUEMARINE,Tanker,No additional information,43.0,248.0,GPS,14.4,FOR ORDER,20/01/2025 07:00:00,AIS,POINT (10.831667 54.803217),352978218_0,0 days 00:02:00,-1.6464892297852248e-06,16.661953621631426,0.0,0,4.942091269350053,54.803217,10.831667
2025-01-24 19:18:04,2025-01-24 19:18:04,Class A,352978218_0,54.806517,10.83215,Constrained by her draught,0.0,12.1,2.0,3.0,9235725,3E3335,FUGA BLUEMARINE,Tanker,No additional information,43.0,248.0,GPS,14.4,FOR ORDER,20/01/2025 07:00:00,AIS,POINT (10.83215 54.806517),352978218_0,0 days 00:01:00,-2.7887364118753545e-06,4.821775996206213,0.0,0,4.940975405638952,54.806517,10.83215
2025-01-24 19:19:04,2025-01-24 19:19:04,Class A,352978218_0,54.809783,10.832367,Constrained by her draught,0.0,12.2,2.0,3.0,9235725,3E3335,FUGA BLUEMARINE,Tanker,No additional information,43.0,248.0,GPS,14.4,FOR ORDER,20/01/2025 07:00:00,AIS,POINT (10.832367 54.809783),352978218_0,0 days 00:01:00,-1.3410225234562062e-06,2.1927909600686917,0.0,0,4.9401290907629125,54.809783,10.832367
2025-01-24 19:21:04,2025-01-24 19:21:04,Class A,352978218_0,54.8168,10.832833,Constrained by her draught,0.0,12.4,2.0,4.0,9235725,3E3335,FUGA BLUEMARINE,Tanker,No additional information,43.0,248.0,GPS,14.4,FOR ORDER,20/01/2025 07:00:00,AIS,POINT (10.832833 54.8168),352978218_0,0 days 00:02:00,3.7520768938402046e-06,2.191355973297732,0.0,0,4.9383178511583266,54.8168,10.832833
2025-01-24 19:22:04,2025-01-24 19:22:04,Class A,352978218_0,54.8202,10.833217,Constrained by her draught,0.0,12.5,4.0,5.0,9235725,3E3335,FUGA BLUEMARINE,Tanker,No additional information,43.0,248.0,GPS,14.4,FOR ORDER,20/01/2025 07:00:00,AIS,POINT (10.833217 54.8202),352978218_0,0 days 00:01:00,-3.2113809070308716e-06,3.723010102077069,0.0,0,4.937288327635424,54.8202,10.833217
2025-01-24 19:23:04,2025-01-24 19:23:04,Class A,352978218_0,54.823733,10.8337,Constrained by her draught,0.0,12.6,4.0,5.0,9235725,3E3335,FUGA BLUEMARINE,Tanker,No additional information,43.0,248.0,GPS,14.4,FOR ORDER,20/01/2025 07:00:00,AIS,POINT (10.8337 54.823733),352978218_0,0 days 00:01:00,4.229212159492689e-06,4.503225012916516,0.0,0,4.936138383437503,54.823733,10.8337
2025-01-24 19:24:04,2025-01-24 19:24:04,Class A,352978218_0,54.827117,10.834183,Constrained by her draught,0.0,12.6,4.0,5.0,9235725,3E3335,FUGA BLUEMARINE,Tanker,No additional information,43.0,248.0,GPS,14.4,FOR ORDER,20/01/2025 07:00:00,AIS,POINT (10.834183 54.827117),352978218_0,0 days 00:01:00,-4.59250791157785e-06,4.700243180005089,0.0,0,4.935019103737087,54.827117,10.834183
2025-01-24 19:25:04,2025-01-24 19:25:04,Class A,352978218_0,54.8308,10.834667,Constrained by her draught,0.0,12.6,5.0,5.0,9235725,3E3335,FUGA BLUEMARINE,Tanker,No additional information,43.0,248.0,GPS,14.4,FOR ORDER,20/01/2025 07:00:00,AIS,POINT (10.834667 54.8308),352978218_0,0 days 00:01:00,9.218419011895177e-06,4.3286847286208285,0.0,0,4.933844251028299,54.8308,10.834667
2025-01-24 19:26:04,2025-01-24 19:26:04,Class A,352978218_0,54.8342,10.835133,Constrained by her draught,0.0,12.5,4.0,5.0,9235725,3E3335,FUGA BLUEMARINE,Tanker,No additional information,43.0,248.0,GPS,14.4,FOR ORDER,20/01/2025 07:00:00,AIS,POINT (10.835133 54.8342),352978218_0,0 days 00:01:00,-8.749693468821845e-06,4.513469195825735,0.0,0,4.932743063698837,54.8342,10.835133
2025-01-24 19:27:04,2025-01-24 19:27:04,Class A,352978218_0,54.837717,10.83565,Constrained by her draught,0.0,12.3,5.0,4.0,9235725,3E3335,FUGA BLUEMARINE,Tanker,No additional information,43.0,248.0,GPS,14.4,FOR ORDER,20/01/2025 07:00:00,AIS,POINT (10.83565 54.837717),352978218_0,0 days 00:01:00,3.680213804569856e-06,4.838927890084051,0.0,0,4.931571897998549,54.837717,10.83565
2025-01-24 19:29:04,2025-01-24 19:29:04,Class A,352978218_0,54.84455,10.83635,Constrained by her draught,0.0,12.2,2.0,3.0,9235725,3E3335,FUGA BLUEMARINE,Tanker,No additional information,43.0,248.0,GPS,14.4,FOR ORDER,20/01/2025 07:00:00,AIS,POINT (10.83635 54.84455),352978218_0,0 days 00:02:00,-1.6569501402858528e-06,3.3757898909443043,0.0,0,4.929602115307889,54.84455,10.83635
2025-01-24 19:30:04,2025-01-24 19:30:04,Class A,352978218_0,54.848,10.83665,Constrained by her draught,0.0,12.2,3.0,3.0,9235725,3E3335,FUGA BLUEMARINE,Tanker,No additional information,43.0,248.0,GPS,14.4,FOR ORDER,20/01/2025 07:00:00,AIS,POINT (10.83665 54.848),352978218_0,0 days 00:01:00,9.85727347667112e-07,2.866120067442125,0.0,0,4.928663400573019,54.848,10.83665
2025-01-24 19:31:04,2025-01-24 19:31:04,Class A,352978218_0,54.851333,10.836933,Constrained by her draught,0.0,12.2,3.0,3.0,9235725,3E3335,FUGA BLUEMARINE,Tanker,No additional information,43.0,248.0,GPS,14.4,FOR ORDER,20/01/2025 07:00:00,AIS,POINT (10.836933 54.851333),352978218_0,0 days 00:01:00,-3.6284701362784686e-06,2.7984939884119626,0.0,0,4.927765369319648,54.851333,10.836933
2025-01-24 19:32:04,2025-01-24 19:32:04,Class A,352978218_0,54.854583,10.83725,Constrained by her draught,0.0,12.0,3.0,2.0,9235725,3E3335,FUGA BLUEMARINE,Tanker,No additional information,43.0,248.0,GPS,14.4,FOR ORDER,20/01/2025 07:00:00,AIS,POINT (10.83725 54.854583),352978218_0,0 days 00:01:00,-2.5311143467137705e-06,3.213689650787728,0.0,0,4.926851392151484,54.854583,10.83725
2025-01-24 19:33:04,2025-01-24 19:33:04,Class A,352978218_0,54.857983,10.837583,Constrained by her draught,0.0,11.9,3.0,1.0,9235725,3E3335,FUGA BLUEMARINE,Tanker,No additional information,43.0,248.0,GPS,14.4,FOR ORDER,20/01/2025 07:00:00,AIS,POINT (10.837583 54.857983),352978218_0,0 days 00:01:00,4.647112194456372e-06,3.2266588304556194,0.0,0,4.925896021016481,54.857983,10.837583
2025-01-24 19:34:04,2025-01-24 19:34:04,Class A,352978218_0,54.861283,10.83785,Constrained by her draught,0.0,11.9,3.0,2.0,9235725,3E3335,FUGA BLUEMARINE,Tanker,No additional information,43.0,248.0,GPS,14.4,FOR ORDER,20/01/2025 07:00:00,AIS,POINT (10.83785 54.861283),352978218_0,0 days 00:01:00,-3.1488010797054747e-06,2.6662161524653243,0.0,0,4.925026086646142,54.861283,10.83785
2025-01-24 19:35:04,2025-01-24 19:35:04,Class A,352978218_0,54.8646,10.8382,Constrained by her draught,0.0,11.9,3.0,2.0,9235725,3E3335,FUGA BLUEMARINE,Tanker,No additional information,43.0,248.0,GPS,14.4,FOR ORDER,20/01/2025 07:00:00,AIS,POINT (10.8382 54.8646),352978218_0,0 days 00:01:00,6.044576619171147e-07,3.4750855327617387,0.0,0,4.924073515032853,54.8646,10.8382
2025-01-24 19:36:04,2025-01-24 19:36:04,Class A,352978218_0,54.867917,10.83855,Constrained by her draught,0.0,11.9,3.0,2.0,9235725,3E3335,FUGA BLUEMARINE,Tanker,No additional information,43.0,248.0,GPS,14.4,FOR ORDER,20/01/2025 07:00:00,AIS,POINT (10.83855 54.867917),352978218_0,0 days 00:01:00,2.514778816321376e-11,3.474800350560429,0.0,0,4.923123018849824,54.867917,10.83855
2025-01-24 19:37:04,2025-01-24 19:37:04,Class A,352978218_0,54.871267,10.838917,Constrained by her draught,0.0,11.8,3.0,2.0,9235725,3E3335,FUGA BLUEMARINE,Tanker,No additional information,43.0,248.0,GPS,14.4,FOR ORDER,20/01/2025 07:00:00,AIS,POINT (10.838917 54.871267),352978218_0,0 days 00:01:00,1.0372789417442107e-06,3.6070409619607062,0.0,0,4.922151881604832,54.871267,10.838917
2025-01-24 19:38:04,2025-01-24 19:38:04,Class A,352978218_0,54.874567,10.839183,Constrained by her draught,0.0,11.5,2.0,8.0,9235725,3E3335,FUGA BLUEMARINE,Tanker,No additional information,43.0,248.0,GPS,14.4,FOR ORDER,20/01/2025 07:00:00,AIS,POINT (10.839183 54.874567),352978218_0,0 days 00:01:00,-1.6424399104643556e-06,2.65537082895969,0.0,0,4.9212912488746285,54.874567,10.839183
2025-01-24 19:39:04,2025-01-24 19:39:04,Class A,352978218_0,54.87765,10.839767,Constrained by her draught,0.0,11.2,10.0,20.0,9235725,3E3335,FUGA BLUEMARINE,Tanker,No additional information,43.0,248.0,GPS,14.4,FOR ORDER,20/01/2025 07:00:00,AIS,POINT (10.839767 54.87765),352978218_0,0 days 00:01:00,-6.253303399123882e-06,6.219621276232203,0.0,0,4.920159112295556,54.87765,10.839767
2025-01-24 19:49:03,2025-01-24 19:49:03,Class A,352978218_0,54.90195,10.861417,Constrained by her draught,0.0,9.2,30.0,35.0,9235725,3E3335,FUGA BLUEMARINE,Tanker,No additional information,43.0,248.0,GPS,14.4,FOR ORDER,20/01/2025 07:00:00,AIS,POINT (10.861417 54.90195),352978218_0,0 days 00:09:59,-1.130682967372574e-06,27.123048142093694,0.0,0,4.894516809380167,54.90195,10.861417
2025-01-24 19:50:03,2025-01-24 19:50:03,Class A,352978218_0,54.90415,10.863733,Constrained by her draught,0.0,9.1,30.0,30.0,9235725,3E3335,FUGA BLUEMARINE,Tanker,No additional information,43.0,248.0,GPS,14.4,FOR ORDER,20/01/2025 07:00:00,AIS,POINT (10.863733 54.90415),352978218_0,0 days 00:01:00,-5.044570828677712e-06,31.184643776608425,0.0,0,4.891848991247481,54.90415,10.863733
2025-01-24 19:51:03,2025-01-24 19:51:03,Class A,352978218_0,54.906383,10.8657,Constrained by her draught,0.0,8.9,27.0,30.0,9235725,3E3335,FUGA BLUEMARINE,Tanker,No additional information,43.0,248.0,GPS,14.4,FOR ORDER,20/01/2025 07:00:00,AIS,POINT (10.8657 54.906383),352978218_0,0 days 00:01:00,-2.132806278947573e-06,26.8588138443925,0.0,0,4.889519558938792,54.906383,10.8657
2025-01-24 19:53:03,2025-01-24 19:53:03,Class A,352978218_0,54.910717,10.86955,Constrained by her draught,0.0,8.8,26.0,28.0,9235725,3E3335,FUGA BLUEMARINE,Tanker,No additional information,43.0,248.0,GPS,14.4,FOR ORDER,20/01/2025 07:00:00,AIS,POINT (10.86955 54.910717),352978218_0,0 days 00:02:00,-1.07970231078657e-06,27.05105373116595,0.0,0,4.884968621263498,54.910717,10.86955
2025-01-24 19:54:03,2025-01-24 19:54:03,Class A,352978218_0,54.912917,10.8714,Constrained by her draught,0.0,8.9,25.0,23.0,9235725,3E3335,FUGA BLUEMARINE,Tanker,No additional information,43.0,248.0,GPS,14.4,FOR ORDER,20/01/2025 07:00:00,AIS,POINT (10.8714 54.912917),352978218_0,0 days 00:01:00,3.1655134161821055e-07,25.797680325066494,0.0,0,4.882762220058336,54.912917,10.8714
2025-01-24 19:58:04,2025-01-24 19:58:04,Class A,352978218_0,54.92325,10.877683,Constrained by her draught,0.0,10.6,20.0,24.0,9235725,3E3335,FUGA BLUEMARINE,Tanker,No additional information,43.0,248.0,GPS,14.4,FOR ORDER,20/01/2025 07:00:00,AIS,POINT (10.877683 54.92325),352978218_0,0 days 00:04:01,2.164758989656213e-06,19.260724093558792,0.0,0,4.874778310217707,54.92325,10.877683
2025-01-24 19:59:04,2025-01-24 19:59:04,Class A,352978218_0,54.926067,10.879667,Constrained by her draught,0.0,10.9,22.0,25.0,9235725,3E3335,FUGA BLUEMARINE,Tanker,No additional information,43.0,248.0,GPS,14.4,FOR ORDER,20/01/2025 07:00:00,AIS,POINT (10.879667 54.926067),352978218_0,0 days 00:01:00,9.714800337232184e-06,22.03362280581115,0.0,0,4.872337604742307,54.926067,10.879667
2025-01-24 20:00:04,2025-01-24 20:00:04,Class A,352978218_0,54.928867,10.8817,Constrained by her draught,0.0,11.2,22.0,25.0,9235725,3E3335,FUGA BLUEMARINE,Tanker,No additional information,43.0,248.0,GPS,14.4,FOR ORDER,20/01/2025 07:00:00,AIS,POINT (10.8817 54.928867),352978218_0,0 days 00:01:00,-1.5466197091883184e-07,22.645556531449643,0.0,0,4.869852767366689,54.928867,10.8817
2025-01-24 20:01:04,2025-01-24 20:01:04,Class A,352978218_0,54.931817,10.88385,Constrained by her draught,0.0,11.4,22.0,25.0,9235725,3E3335,FUGA BLUEMARINE,Tanker,No additional information,43.0,248.0,GPS,14.4,FOR ORDER,20/01/2025 07:00:00,AIS,POINT (10.88385 54.931817),352978218_0,0 days 00:01:00,5.082235075014507e-06,22.720900845218182,0.0,0,4.867228133026948,54.931817,10.88385
2025-01-24 20:06:03,2025-01-24 20:06:03,Class A,352978218_0,54.9447,10.899317,Constrained by her draught,0.0,11.4,51.0,55.0,9235725,3E3335,FUGA BLUEMARINE,Tanker,No additional information,43.0,248.0,GPS,14.4,FOR ORDER,20/01/2025 07:00:00,AIS,POINT (10.899317 54.9447),352978218_0,0 days 00:04:59,-3.5107485585611517e-07,34.586944039096124,0.0,0,4.849791635112276,54.9447,10.899317
2025-01-24 20:07:03,2025-01-24 20:07:03,Class A,352978218_0,54.946783,10.90365,Constrained by her draught,0.0,11.5,51.0,55.0,9235725,3E3335,FUGA BLUEMARINE,Tanker,No additional information,43.0,248.0,GPS,14.4,FOR ORDER,20/01/2025 07:00:00,AIS,POINT (10.90365 54.946783),352978218_0,0 days 00:01:00,3.3061825253561264e-06,50.069085680072476,0.0,0,4.8451685479810696,54.946783,10.90365
2025-01-24 20:08:01,2025-01-24 20:08:01,Class A,352978218_0,54.948483,10.907367,Constrained by her draught,0.0,11.6,51.0,55.0,9235725,3E3335,FUGA BLUEMARINE,Tanker,No additional information,43.0,248.0,GPS,14.4,FOR ORDER,20/01/2025 07:00:00,AIS,POINT (10.907367 54.948483),352978218_0,0 days 00:00:58,-1.3521784773628904e-05,51.466753560344216,0.0,0,4.84121766282017,54.948483,10.907367
2025-01-24 20:09:03,2025-01-24 20:09:03,Class A,352978218_0,54.9507,10.9122,Constrained by her draught,0.0,11.7,51.0,55.0,9235725,3E3335,FUGA BLUEMARINE,Tanker,No additional information,43.0,248.0,GPS,14.4,FOR ORDER,20/01/2025 07:00:00,AIS,POINT (10.9122 54.9507),352978218_0,0 days 00:01:02,1.8418633958383265e-05,51.38181065703873,0.0,0,4.836079783362553,54.9507,10.9122
2025-01-24 20:17:03,2025-01-24 20:17:03,Class A,352978218_0,54.966183,10.950117,Constrained by her draught,0.0,12.1,55.0,58.0,9235725,3E3335,FUGA BLUEMARINE,Tanker,No additional information,43.0,248.0,GPS,14.4,FOR ORDER,20/01/2025 07:00:00,AIS,POINT (10.950117 54.966183),352978218_0,0 days 00:08:00,-3.79104155269866e-07,54.56475395600984,0.0,0,4.796102787076398,54.966183,10.950117
2025-01-24 20:21:05,2025-01-24 20:21:05,Class A,352978218_0,54.974983,10.9666,Constrained by her draught,0.0,11.4,36.0,30.0,9235725,3E3335,FUGA BLUEMARINE,Tanker,No additional information,43.0,248.0,GPS,14.4,FOR ORDER,20/01/2025 07:00:00,AIS,POINT (10.9666 54.974983),352978218_0,0 days 00:04:02,-1.0496803220123926e-06,47.06688066839342,0.0,0,4.778386300001811,54.974983,10.9666
2025-01-24 20:22:04,2025-01-24 20:22:04,Class A,352978218_0,54.97765,10.969333,Constrained by her draught,0.0,11.3,27.0,26.0,9235725,3E3335,FUGA BLUEMARINE,Tanker,No additional information,43.0,248.0,GPS,14.4,FOR ORDER,20/01/2025 07:00:00,AIS,POINT (10.969333 54.97765),352978218_0,0 days 00:00:59,-1.8586039877533969e-06,30.459416127362488,0.0,0,4.775249839659597,54.97765,10.969333
2025-01-24 20:23:04,2025-01-24 20:23:04,Class A,352978218_0,54.980367,10.9717,Constrained by her draught,0.0,11.3,25.0,19.0,9235725,3E3335,FUGA BLUEMARINE,Tanker,No additional information,43.0,248.0,GPS,14.4,FOR ORDER,20/01/2025 07:00:00,AIS,POINT (10.9717 54.980367),352978218_0,0 days 00:01:00,-3.379688778864685e-06,26.561816272915962,0.0,0,4.772467139837528,54.980367,10.9717
2025-01-24 20:24:04,2025-01-24 20:24:04,Class A,352978218_0,54.9834,10.973667,Constrained by her draught,0.0,11.2,18.0,15.0,9235725,3E3335,FUGA BLUEMARINE,Tanker,No additional information,43.0,248.0,GPS,14.4,FOR ORDER,20/01/2025 07:00:00,AIS,POINT (10.973667 54.9834),352978218_0,0 days 00:01:00,6.126171984490022e-06,20.4119998619139,0.0,0,4.770028229791202,54.9834,10.973667
2025-01-24 20:25:04,2025-01-24 20:25:04,Class A,352978218_0,54.9863,10.975233,Constrained by her draught,0.0,11.3,17.0,15.0,9235725,3E3335,FUGA BLUEMARINE,Tanker,No additional information,43.0,248.0,GPS,14.4,FOR ORDER,20/01/2025 07:00:00,AIS,POINT (10.975233 54.9863),352978218_0,0 days 00:01:00,-6.199624501185015e-06,17.214861075629187,0.0,0,4.768008168938997,54.9863,10.975233
2025-01-24 20:26:04,2025-01-24 20:26:04,Class A,352978218_0,54.989433,10.976817,Constrained by her draught,0.0,11.4,15.0,15.0,9235725,3E3335,FUGA BLUEMARINE,Tanker,No additional information,43.0,248.0,GPS,14.4,FOR ORDER,20/01/2025 07:00:00,AIS,POINT (10.976817 54.989433),352978218_0,0 days 00:01:00,6.9919514290121516e-06,16.175724733486902,0.0,0,4.765933783405095,54.989433,10.976817
2025-01-24 20:27:04,2025-01-24 20:27:04,Class A,352978218_0,54.99255,10.978383,Constrained by her draught,0.0,11.5,16.0,15.0,9235725,3E3335,FUGA BLUEMARINE,Tanker,No additional information,43.0,248.0,GPS,14.4,FOR ORDER,20/01/2025 07:00:00,AIS,POINT (10.978383 54.99255),352978218_0,0 days 00:01:00,-5.648611110422707e-07,16.078087882156638,0.0,0,4.763881441594554,54.99255,10.978383
2025-01-24 20:28:04,2025-01-24 20:28:04,Class A,352978218_0,54.995583,10.979917,Constrained by her draught,0.0,11.5,16.0,15.0,9235725,3E3335,FUGA BLUEMARINE,Tanker,No additional information,43.0,248.0,GPS,14.4,FOR ORDER,20/01/2025 07:00:00,AIS,POINT (10.979917 54.995583),352978218_0,0 days 00:01:00,-2.6537922225937776e-06,16.17896028527491,0.0,0,4.761875944562394,54.995583,10.979917
2025-01-24 20:29:04,2025-01-24 20:29:04,Class A,352978218_0,54.9988,10.981467,Constrained by her draught,0.0,11.7,16.0,17.0,9235725,3E3335,FUGA BLUEMARINE,Tanker,No additional information,43.0,248.0,GPS,14.4,FOR ORDER,20/01/2025 07:00:00,AIS,POINT (10.981467 54.9988),352978218_0,0 days 00:01:00,5.550851698152354e-06,15.448954772730474,0.0,0,4.75982656404674,54.9988,10.981467
2025-01-24 20:30:04,2025-01-24 20:30:04,Class A,352978218_0,55.001867,10.9831,Constrained by her draught,0.0,11.8,16.0,17.0,9235725,3E3335,FUGA BLUEMARINE,Tanker,No additional information,43.0,248.0,GPS,14.4,FOR ORDER,20/01/2025 07:00:00,AIS,POINT (10.9831 55.001867),352978218_0,0 days 00:01:00,-4.041225752868047e-06,16.981673287495937,0.0,0,4.757721159486861,55.001867,10.9831
2025-01-24 20:31:04,2025-01-24 20:31:04,Class A,352978218_0,55.00505,10.984817,Constrained by her draught,0.0,11.8,17.0,17.0,9235725,3E3335,FUGA BLUEMARINE,Tanker,No additional information,43.0,248.0,GPS,14.4,FOR ORDER,20/01/2025 07:00:00,AIS,POINT (10.984817 55.00505),352978218_0,0 days 00:01:00,3.86707456504886e-06,17.190142587398725,0.0,0,4.755515873394285,55.00505,10.984817
2025-01-24 20:32:04,2025-01-24 20:32:04,Class A,352978218_0,55.008117,10.98645,Constrained by her draught,0.0,11.8,16.0,17.0,9235725,3E3335,FUGA BLUEMARINE,Tanker,No additional information,43.0,248.0,GPS,14.4,FOR ORDER,20/01/2025 07:00:00,AIS,POINT (10.98645 55.008117),352978218_0,0 days 00:01:00,-3.868301357087172e-06,16.97917970118897,0.0,0,4.753413743019748,55.008117,10.98645
2025-01-24 20:34:04,2025-01-24 20:34:04,Class A,352978218_0,55.01435,10.989717,Constrained by her draught,0.0,11.7,17.0,17.0,9235725,3E3335,FUGA BLUEMARINE,Tanker,No additional information,43.0,248.0,GPS,14.4,FOR ORDER,20/01/2025 07:00:00,AIS,POINT (10.989717 55.01435),352978218_0,0 days 00:02:00,7.331790942349843e-07,16.726992205507315,0.0,0,4.749197652773044,55.01435,10.989717
2025-01-24 20:38:04,2025-01-24 20:38:04,Class A,352978218_0,55.026733,10.996317,Constrained by her draught,0.0,11.6,13.0,10.0,9235725,3E3335,FUGA BLUEMARINE,Tanker,No additional information,43.0,248.0,GPS,14.4,FOR ORDER,20/01/2025 07:00:00,AIS,POINT (10.996317 55.026733),352978218_0,0 days 00:04:00,-1.326456834436733e-07,16.987998876520805,0.0,0,4.740733319371804,55.026733,10.996317
2025-01-24 20:48:04,2025-01-24 20:48:04,Class A,352978218_0,55.058183,11.000567,Constrained by her draught,0.0,11.0,353.0,348.0,9235725,3E3335,FUGA BLUEMARINE,Tanker,No additional information,43.0,248.0,GPS,14.4,FOR ORDER,20/01/2025 07:00:00,AIS,POINT (11.000567 55.058183),352978218_0,0 days 00:10:00,-2.5723933470020964e-07,4.425738347266815,0.0,0,4.731726335894965,55.058183,11.000567
2025-01-24 20:49:04,2025-01-24 20:49:04,Class A,352978218_0,55.061217,10.9995,Constrained by her draught,0.0,10.9,347.0,345.0,9235725,3E3335,FUGA BLUEMARINE,Tanker,No additional information,43.0,248.0,GPS,14.4,FOR ORDER,20/01/2025 07:00:00,AIS,POINT (10.9995 55.061217),352978218_0,0 days 00:01:00,-1.832176535180432e-06,348.6125362384049,0.0,0,4.732328285635836,55.061217,10.9995
2025-01-24 20:50:04,2025-01-24 20:50:04,Class A,352978218_0,55.06405,10.998217,Constrained by her draught,0.0,10.9,344.0,345.0,9235725,3E3335,FUGA BLUEMARINE,Tanker,No additional information,43.0,248.0,GPS,14.4,FOR ORDER,20/01/2025 07:00:00,AIS,POINT (10.998217 55.06405),352978218_0,0 days 00:01:00,-5.196949680760845e-06,345.4609965946686,0.0,0,4.733175774815995,55.06405,10.998217
2025-01-24 20:51:04,2025-01-24 20:51:04,Class A,352978218_0,55.06705,10.996817,Constrained by her draught,0.0,10.9,345.0,345.0,9235725,3E3335,FUGA BLUEMARINE,Tanker,No additional information,43.0,248.0,GPS,14.4,FOR ORDER,20/01/2025 07:00:00,AIS,POINT (10.996817 55.06705),352978218_0,0 days 00:01:00,5.522747647657752e-06,345.03894765055213,0.0,0,4.734116199472188,55.06705,10.996817
2025-01-24 20:52:04,2025-01-24 20:52:04,Class A,352978218_0,55.069983,10.9954,Constrained by her draught,0.0,11.0,344.0,345.0,9235725,3E3335,FUGA BLUEMARINE,Tanker,No additional information,43.0,248.0,GPS,14.4,FOR ORDER,20/01/2025 07:00:00,AIS,POINT (10.9954 55.069983),352978218_0,0 days 00:01:00,-1.9201085068833717e-06,344.5372970623537,0.0,0,4.7350854202691,55.069983,10.9954
2025-01-24 20:53:04,2025-01-24 20:53:04,Class A,352978218_0,55.072983,10.9939,Constrained by her draught,0.0,11.1,343.0,345.0,9235725,3E3335,FUGA BLUEMARINE,Tanker,No additional information,43.0,248.0,GPS,14.4,FOR ORDER,20/01/2025 07:00:00,AIS,POINT (10.9939 55.072983),352978218_0,0 days 00:01:00,2.393462667892307e-06,344.025415440748,0.0,0,4.736128979160618,55.072983,10.9939
2025-01-24 20:54:04,2025-01-24 20:54:04,Class A,352978218_0,55.075917,10.992483,Constrained by her draught,0.0,11.1,344.0,345.0,9235725,3E3335,FUGA BLUEMARINE,Tanker,No additional information,43.0,248.0,GPS,14.4,FOR ORDER,20/01/2025 07:00:00,AIS,POINT (10.992483 55.075917),352978218_0,0 days 00:01:00,-2.364570668571857e-06,344.5444979356014,0.0,0,4.737102188390072,55.075917,10.992483
2025-01-24 20:55:04,2025-01-24 20:55:04,Class A,352978218_0,55.078933,10.99095,Constrained by her draught,0.0,11.1,345.0,353.0,9235725,3E3335,FUGA BLUEMARINE,Tanker,No additional information,43.0,248.0,GPS,14.4,FOR ORDER,20/01/2025 07:00:00,AIS,POINT (10.99095 55.078933),352978218_0,0 days 00:01:00,3.0015455707441535e-06,343.7767020248294,0.0,0,4.738180313194613,55.078933,10.99095
2025-01-24 20:56:04,2025-01-24 20:56:04,Class A,352978218_0,55.081867,10.9902,Constrained by her draught,0.0,11.1,354.0,0.0,9235725,3E3335,FUGA BLUEMARINE,Tanker,No additional information,43.0,248.0,GPS,14.4,FOR ORDER,20/01/2025 07:00:00,AIS,POINT (10.9902 55.081867),352978218_0,0 days 00:01:00,-5.450176764477261e-06,351.67553762566905,0.0,0,4.738497661688671,55.081867,10.9902
2025-01-24 20:57:04,2025-01-24 20:57:04,Class A,352978218_0,55.085,10.990033,Constrained by her draught,0.0,11.1,359.0,0.0,9235725,3E3335,FUGA BLUEMARINE,Tanker,No additional information,43.0,248.0,GPS,14.4,FOR ORDER,20/01/2025 07:00:00,AIS,POINT (10.990033 55.085),352978218_0,0 days 00:01:00,5.2287049825316005e-06,358.2525139858315,0.0,0,4.738211365723251,55.085,10.990033
2025-01-24 20:58:03,2025-01-24 20:58:03,Class A,352978218_0,55.088083,10.9899,Constrained by her draught,0.0,11.1,358.0,0.0,9235725,3E3335,FUGA BLUEMARINE,Tanker,No additional information,43.0,248.0,GPS,14.4,FOR ORDER,20/01/2025 07:00:00,AIS,POINT (10.9899 55.088083),352978218_0,0 days 00:00:59,5.507408689864488e-08,358.5856765509044,0.0,0,4.737900637987779,55.088083,10.9899
2025-01-24 20:59:03,2025-01-24 20:59:03,Class A,352978218_0,55.091083,10.989783,Constrained by her draught,0.0,11.1,358.0,0.0,9235725,3E3335,FUGA BLUEMARINE,Tanker,No additional information,43.0,248.0,GPS,14.4,FOR ORDER,20/01/2025 07:00:00,AIS,POINT (10.989783 55.091083),352978218_0,0 days 00:01:00,-4.188979483584091e-06,358.7214468755401,0.0,0,4.737587893017502,55.091083,10.989783
2025-01-24 21:00:03,2025-01-24 21:00:03,Class A,352978218_0,55.094283,10.989633,Constrained by her draught,0.0,11.2,358.0,0.0,9235725,3E3335,FUGA BLUEMARINE,Tanker,No additional information,43.0,248.0,GPS,14.4,FOR ORDER,20/01/2025 07:00:00,AIS,POINT (10.989633 55.094283),352978218_0,0 days 00:01:00,6.197328415369756e-06,358.46351381794784,0.0,0,4.7372813179571684,55.094283,10.989633
2025-01-24 21:01:03,2025-01-24 21:01:03,Class A,352978218_0,55.097467,10.989483,Constrained by her draught,0.0,11.3,358.0,0.0,9235725,3E3335,FUGA BLUEMARINE,Tanker,No additional information,43.0,248.0,GPS,14.4,FOR ORDER,20/01/2025 07:00:00,AIS,POINT (10.989483 55.097467),352978218_0,0 days 00:01:00,-4.945530445267405e-07,358.4559194384145,0.0,0,4.736979148808869,55.097467,10.989483
2025-01-24 21:09:04,2025-01-24 21:09:04,Class A,352978218_0,55.12285,10.989017,Constrained by her draught,0.0,11.6,0.0,2.0,9235725,3E3335,FUGA BLUEMARINE,Tanker,No additional information,43.0,248.0,GPS,14.4,FOR ORDER,20/01/2025 07:00:00,AIS,POINT (10.989017 55.12285),352978218_0,0 days 00:08:01,-7.213523585753901e-08,359.39853822269737,0.0,0,4.7339232645349245,55.12285,10.989017
2025-01-24 21:10:04,2025-01-24 21:10:04,Class A,352978218_0,55.126117,10.989033,Constrained by her draught,0.0,11.6,0.0,2.0,9235725,3E3335,FUGA BLUEMARINE,Tanker,No additional information,43.0,248.0,GPS,14.4,FOR ORDER,20/01/2025 07:00:00,AIS,POINT (10.989033 55.126117),352978218_0,0 days 00:01:00,3.109899972562052e-06,0.16044094217608063,0.0,0,4.733464414279462,55.126117,10.989033
2025-01-24 21:11:04,2025-01-24 21:11:04,Class A,352978218_0,55.129383,10.989033,Constrained by her draught,0.0,11.6,0.0,2.0,9235725,3E3335,FUGA BLUEMARINE,Tanker,No additional information,43.0,248.0,GPS,14.4,FOR ORDER,20/01/2025 07:00:00,AIS,POINT (10.989033 55.129383),352978218_0,0 days 00:01:00,-3.1267224328375076e-08,0.0,0.0,0,4.733023763691242,55.129383,10.989033
2025-01-24 21:12:04,2025-01-24 21:12:04,Class A,352978218_0,55.13255,10.989067,Constrained by her draught,0.0,11.6,0.0,3.0,9235725,3E3335,FUGA BLUEMARINE,Tanker,No additional information,43.0,248.0,GPS,14.4,FOR ORDER,20/01/2025 07:00:00,AIS,POINT (10.989067 55.13255),352978218_0,0 days 00:01:00,-3.0595569320581725e-06,0.35164214210311684,0.0,0,4.732564889793377,55.13255,10.989067
2025-01-24 21:13:04,2025-01-24 21:13:04,Class A,352978218_0,55.135833,10.98915,Constrained by her draught,0.0,11.7,0.0,2.0,9235725,3E3335,FUGA BLUEMARINE,Tanker,No additional information,43.0,248.0,GPS,14.4,FOR ORDER,20/01/2025 07:00:00,AIS,POINT (10.98915 55.135833),352978218_0,0 days 00:01:00,3.596019457425915e-06,0.8279741415398689,0.0,0,4.732044070266569,55.135833,10.98915
2025-01-24 21:21:03,2025-01-24 21:21:03,Class A,352978218_0,55.160017,11.00075,Constrained by her draught,0.0,11.5,26.0,43.0,9235725,3E3335,FUGA BLUEMARINE,Tanker,No additional information,43.0,248.0,GPS,14.4,FOR ORDER,20/01/2025 07:00:00,AIS,POINT (11.00075 55.160017),352978218_0,0 days 00:07:59,-5.492809452619855e-07,15.323755189345661,0.0,0,4.717378361815914,55.160017,11.00075
2025-01-24 21:22:03,2025-01-24 21:22:03,Class A,352978218_0,55.16245,11.004233,Constrained by her draught,0.0,10.7,46.0,56.0,9235725,3E3335,FUGA BLUEMARINE,Tanker,No additional information,43.0,248.0,GPS,14.4,FOR ORDER,20/01/2025 07:00:00,AIS,POINT (11.004233 55.16245),352978218_0,0 days 00:01:00,1.3158617818930946e-07,39.27519010053021,0.0,0,4.71361193873329,55.16245,11.004233
2025-01-24 21:23:04,2025-01-24 21:23:04,Class A,352978218_0,55.164283,11.008383,Constrained by her draught,0.0,10.6,53.0,55.0,9235725,3E3335,FUGA BLUEMARINE,Tanker,No additional information,43.0,248.0,GPS,14.4,FOR ORDER,20/01/2025 07:00:00,AIS,POINT (11.008383 55.164283),352978218_0,0 days 00:01:01,-5.907403052317964e-06,52.28677747520396,0.0,0,4.709261470811108,55.164283,11.008383
2025-01-24 21:24:04,2025-01-24 21:24:04,Class A,352978218_0,55.166033,11.012433,Constrained by her draught,0.0,10.7,52.0,55.0,9235725,3E3335,FUGA BLUEMARINE,Tanker,No additional information,43.0,248.0,GPS,14.4,FOR ORDER,20/01/2025 07:00:00,AIS,POINT (11.012433 55.166033),352978218_0,0 days 00:01:00,-1.4458398099795784e-06,52.89234606924583,0.0,0,4.705021127207188,55.166033,11.012433
2025-01-24 21:25:04,2025-01-24 21:25:04,Class A,352978218_0,55.16785,11.01665,Constrained by her draught,0.0,10.7,52.0,55.0,9235725,3E3335,FUGA BLUEMARINE,Tanker,No additional information,43.0,248.0,GPS,14.4,FOR ORDER,20/01/2025 07:00:00,AIS,POINT (11.01665 55.16785),352978218_0,0 days 00:01:00,3.6053361611332758e-06,52.969198059860844,0.0,0,4.700606927541165,55.16785,11.01665
2025-01-24 21:26:04,2025-01-24 21:26:04,Class A,352978218_0,55.1696,11.020683,Constrained by her draught,0.0,10.8,53.0,55.0,9235725,3E3335,FUGA BLUEMARINE,Tanker,No additional information,43.0,248.0,GPS,14.4,FOR ORDER,20/01/2025 07:00:00,AIS,POINT (11.020683 55.1696),352978218_0,0 days 00:01:00,-3.850419483659749e-06,52.77386031867297,0.0,0,4.696384090326195,55.1696,11.020683
2025-01-24 21:27:04,2025-01-24 21:27:04,Class A,352978218_0,55.17145,11.024933,Constrained by her draught,0.0,10.8,52.0,55.0,9235725,3E3335,FUGA BLUEMARINE,Tanker,No additional information,43.0,248.0,GPS,14.4,FOR ORDER,20/01/2025 07:00:00,AIS,POINT (11.024933 55.17145),352978218_0,0 days 00:01:00,4.9266452974889725e-06,52.68523568487484,0.0,0,4.691933643176232,55.17145,11.024933
2025-01-24 21:29:04,2025-01-24 21:29:04,Class A,352978218_0,55.175117,11.0335,Constrained by her draught,0.0,11.0,53.0,55.0,9235725,3E3335,FUGA BLUEMARINE,Tanker,No additional information,43.0,248.0,GPS,14.4,FOR ORDER,20/01/2025 07:00:00,AIS,POINT (11.0335 55.175117),352978218_0,0 days 00:02:00,8.102025854037076e-08,53.14485661796465,0.0,0,4.682971526502056,55.175117,11.0335
2025-01-24 21:30:04,2025-01-24 21:30:04,Class A,352978218_0,55.17695,11.037717,Constrained by her draught,0.0,11.1,52.0,55.0,9235725,3E3335,FUGA BLUEMARINE,Tanker,No additional information,43.0,248.0,GPS,14.4,FOR ORDER,20/01/2025 07:00:00,AIS,POINT (11.037717 55.17695),352978218_0,0 days 00:01:00,-9.533569680537634e-07,52.721110252696974,0.0,0,4.678557023987738,55.17695,11.037717
2025-01-24 21:31:04,2025-01-24 21:31:04,Class A,352978218_0,55.178833,11.042117,Constrained by her draught,0.0,11.2,52.0,55.0,9235725,3E3335,FUGA BLUEMARINE,Tanker,No additional information,43.0,248.0,GPS,14.4,FOR ORDER,20/01/2025 07:00:00,AIS,POINT (11.042117 55.178833),352978218_0,0 days 00:01:00,3.514239186808964e-06,53.148737814449476,0.0,0,4.6739550419320475,55.178833,11.042117
2025-01-24 21:32:03,2025-01-24 21:32:03,Class A,352978218_0,55.180683,11.046383,Constrained by her draught,0.0,11.2,52.0,55.0,9235725,3E3335,FUGA BLUEMARINE,Tanker,No additional information,43.0,248.0,GPS,14.4,FOR ORDER,20/01/2025 07:00:00,AIS,POINT (11.046383 55.180683),352978218_0,0 days 00:00:59,-9.210913486502269e-07,52.78258084809107,0.0,0,4.669490510673086,55.180683,11.046383
2025-01-24 21:33:03,2025-01-24 21:33:03,Class A,352978218_0,55.182517,11.050583,Constrained by her draught,0.0,11.2,53.0,57.0,9235725,3E3335,FUGA BLUEMARINE,Tanker,No additional information,43.0,248.0,GPS,14.4,FOR ORDER,20/01/2025 07:00:00,AIS,POINT (11.050583 55.182517),352978218_0,0 days 00:01:00,-2.8373704369104648e-06,52.590575943162094,0.0,0,4.665093825021101,55.182517,11.050583
2025-01-24 21:34:03,2025-01-24 21:34:03,Class A,352978218_0,55.18435,11.055033,Constrained by her draught,0.0,11.3,52.0,57.0,9235725,3E3335,FUGA BLUEMARINE,Tanker,No additional information,43.0,248.0,GPS,14.4,FOR ORDER,20/01/2025 07:00:00,AIS,POINT (11.055033 55.18435),352978218_0,0 days 00:01:00,3.533049786397221e-06,54.18977165620714,0.0,0,4.660449580176681,55.18435,11.055033
2025-01-24 21:35:03,2025-01-24 21:35:03,Class A,352978218_0,55.186317,11.059567,Constrained by her draught,0.0,11.4,53.0,57.0,9235725,3E3335,FUGA BLUEMARINE,Tanker,No additional information,43.0,248.0,GPS,14.4,FOR ORDER,20/01/2025 07:00:00,AIS,POINT (11.059567 55.186317),352978218_0,0 days 00:01:00,3.655165994710605e-06,52.7676808340737,0.0,0,4.655705635646008,55.186317,11.059567
2025-01-24 21:36:03,2025-01-24 21:36:03,Class A,352978218_0,55.188233,11.063967,Constrained by her draught,0.0,11.6,54.0,57.0,9235725,3E3335,FUGA BLUEMARINE,Tanker,No additional information,43.0,248.0,GPS,14.4,FOR ORDER,20/01/2025 07:00:00,AIS,POINT (11.063967 55.188233),352978218_0,0 days 00:01:00,-2.8450495897521573e-06,52.66338325596962,0.0,0,4.6511014041409595,55.188233,11.063967
2025-01-24 21:37:03,2025-01-24 21:37:03,Class A,352978218_0,55.190133,11.0685,Constrained by her draught,0.0,11.6,54.0,57.0,9235725,3E3335,FUGA BLUEMARINE,Tanker,No additional information,43.0,248.0,GPS,14.4,FOR ORDER,20/01/2025 07:00:00,AIS,POINT (11.0685 55.190133),352978218_0,0 days 00:01:00,1.5864531907220653e-06,53.71093130360231,0.0,0,4.646367577844546,55.190133,11.0685
2025-01-24 21:38:03,2025-01-24 21:38:03,Class A,352978218_0,55.192,11.073083,Constrained by her draught,0.0,11.6,54.0,57.0,9235725,3E3335,FUGA BLUEMARINE,Tanker,No additional information,43.0,248.0,GPS,14.4,FOR ORDER,20/01/2025 07:00:00,AIS,POINT (11.073083 55.192),352978218_0,0 days 00:01:00,1.16497115020059e-07,54.48496687655296,0.0,0,4.641588595973258,55.192,11.073083
2025-01-24 21:39:03,2025-01-24 21:39:03,Class A,352978218_0,55.193867,11.07775,Constrained by her draught,0.0,11.5,55.0,57.0,9235725,3E3335,FUGA BLUEMARINE,Tanker,No additional information,43.0,248.0,GPS,14.4,FOR ORDER,20/01/2025 07:00:00,AIS,POINT (11.07775 55.193867),352978218_0,0 days 00:01:00,1.2110805971609546e-06,54.97424796855603,0.0,0,4.636726612873462,55.193867,11.07775
2025-01-24 21:41:03,2025-01-24 21:41:03,Class A,352978218_0,55.1975,11.0869,Constrained by her draught,0.0,11.4,53.0,51.0,9235725,3E3335,FUGA BLUEMARINE,Tanker,No additional information,43.0,248.0,GPS,14.4,FOR ORDER,20/01/2025 07:00:00,AIS,POINT (11.0869 55.1975),352978218_0,0 days 00:02:00,-1.1163448052979282e-06,55.17256527658759,0.0,0,4.627198722407328,55.1975,11.0869
2025-01-24 21:42:03,2025-01-24 21:42:03,Class A,352978218_0,55.1995,11.091017,Constrained by her draught,0.0,11.2,45.0,41.0,9235725,3E3335,FUGA BLUEMARINE,Tanker,No additional information,43.0,248.0,GPS,14.4,FOR ORDER,20/01/2025 07:00:00,AIS,POINT (11.091017 55.1995),352978218_0,0 days 00:01:00,-2.9719595603265735e-06,49.594990711937896,0.0,0,4.622867311896913,55.1995,11.091017
2025-01-24 21:43:03,2025-01-24 21:43:03,Class A,352978218_0,55.201933,11.094467,Constrained by her draught,0.0,11.1,37.0,40.0,9235725,3E3335,FUGA BLUEMARINE,Tanker,No additional information,43.0,248.0,GPS,14.4,FOR ORDER,20/01/2025 07:00:00,AIS,POINT (11.094467 55.201933),352978218_0,0 days 00:01:00,1.3308206211608767e-06,38.98039964227934,0.0,0,4.619145438931535,55.201933,11.094467
2025-01-24 21:55:03,2025-01-24 21:55:03,Class A,352978218_0,55.236,11.10275,Constrained by her draught,0.0,10.7,340.0,338.0,9235725,3E3335,FUGA BLUEMARINE,Tanker,No additional information,43.0,248.0,GPS,14.4,FOR ORDER,20/01/2025 07:00:00,AIS,POINT (11.10275 55.236),352978218_0,0 days 00:12:00,-6.86473472493535e-07,7.89293833988711,0.0,0,4.606878510287416,55.236,11.10275
2025-01-24 21:56:03,2025-01-24 21:56:03,Class A,352978218_0,55.238867,11.100717,Constrained by her draught,0.0,10.8,336.0,334.0,9235725,3E3335,FUGA BLUEMARINE,Tanker,No additional information,43.0,248.0,GPS,14.4,FOR ORDER,20/01/2025 07:00:00,AIS,POINT (11.100717 55.238867),352978218_0,0 days 00:01:00,7.026628722280005e-06,337.9866359714011,0.0,0,4.6085689633535925,55.238867,11.100717
2025-01-24 21:57:03,2025-01-24 21:57:03,Class A,352978218_0,55.241617,11.098383,Constrained by her draught,0.0,10.8,334.0,333.0,9235725,3E3335,FUGA BLUEMARINE,Tanker,No additional information,43.0,248.0,GPS,14.4,FOR ORDER,20/01/2025 07:00:00,AIS,POINT (11.098383 55.241617),352978218_0,0 days 00:01:00,-1.1476348703362762e-06,334.1790573430849,0.0,0,4.610573835570796,55.241617,11.098383
2025-01-24 21:58:03,2025-01-24 21:58:03,Class A,352978218_0,55.24425,11.0961,Constrained by her draught,0.0,10.9,333.0,333.0,9235725,3E3335,FUGA BLUEMARINE,Tanker,No additional information,43.0,248.0,GPS,14.4,FOR ORDER,20/01/2025 07:00:00,AIS,POINT (11.0961 55.24425),352978218_0,0 days 00:01:00,-3.6466902544182663e-06,333.69701525944845,0.0,0,4.6125432267836795,55.24425,11.0961
2025-01-24 21:59:03,2025-01-24 21:59:03,Class A,352978218_0,55.246983,11.0937,Constrained by her draught,0.0,11.0,332.0,333.0,9235725,3E3335,FUGA BLUEMARINE,Tanker,No additional information,43.0,248.0,GPS,14.4,FOR ORDER,20/01/2025 07:00:00,AIS,POINT (11.0937 55.246983),352978218_0,0 days 00:01:00,3.688682787921224e-06,333.40838415872963,0.0,0,4.614619409490342,55.246983,11.0937
2025-01-24 22:04:03,2025-01-24 22:04:03,Class A,352978218_0,55.261,11.081417,Constrained by her draught,0.0,11.4,334.0,335.0,9235725,3E3335,FUGA BLUEMARINE,Tanker,No additional information,43.0,248.0,GPS,14.4,FOR ORDER,20/01/2025 07:00:00,AIS,POINT (11.081417 55.261),352978218_0,0 days 00:05:00,4.780782518321498e-07,333.4659419742628,0.0,0,4.625272078765205,55.261,11.081417
2025-01-24 22:05:03,2025-01-24 22:05:03,Class A,352978218_0,55.2638,11.079067,Constrained by her draught,0.0,11.4,335.0,335.0,9235725,3E3335,FUGA BLUEMARINE,Tanker,No additional information,43.0,248.0,GPS,14.4,FOR ORDER,20/01/2025 07:00:00,AIS,POINT (11.079067 55.2638),352978218_0,0 days 00:01:00,-9.265428708631584e-07,334.44193225302627,0.0,0,4.627303077236783,55.2638,11.079067
2025-01-24 22:06:03,2025-01-24 22:06:03,Class A,352978218_0,55.266667,11.076683,Constrained by her draught,0.0,11.4,334.0,335.0,9235725,3E3335,FUGA BLUEMARINE,Tanker,No additional information,43.0,248.0,GPS,14.4,FOR ORDER,20/01/2025 07:00:00,AIS,POINT (11.076683 55.266667),352978218_0,0 days 00:01:00,2.1273302302869986e-06,334.649926659381,0.0,0,4.6293626399592,55.266667,11.076683
2025-01-24 22:07:03,2025-01-24 22:07:03,Class A,352978218_0,55.269533,11.074283,Constrained by her draught,0.0,11.4,334.0,335.0,9235725,3E3335,FUGA BLUEMARINE,Tanker,No additional information,43.0,248.0,GPS,14.4,FOR ORDER,20/01/2025 07:00:00,AIS,POINT (11.074283 55.269533),352978218_0,0 days 00:01:00,9.234185265800422e-08,334.4951667746514,0.0,0,4.631440303670771,55.269533,11.074283
2025-01-24 22:08:03,2025-01-24 22:08:03,Class A,352978218_0,55.27245,11.071833,Constrained by her draught,0.0,11.4,334.0,335.0,9235725,3E3335,FUGA BLUEMARINE,Tanker,No additional information,43.0,248.0,GPS,14.4,FOR ORDER,20/01/2025 07:00:00,AIS,POINT (11.071833 55.27245),352978218_0,0 days 00:01:00,1.8024598353738539e-06,334.43037215385795,0.0,0,4.633564330077765,55.27245,11.071833
2025-01-24 22:09:03,2025-01-24 22:09:03,Class A,352978218_0,55.275233,11.069517,Constrained by her draught,0.0,11.5,334.0,335.0,9235725,3E3335,FUGA BLUEMARINE,Tanker,No additional information,43.0,248.0,GPS,14.4,FOR ORDER,20/01/2025 07:00:00,AIS,POINT (11.069517 55.275233),352978218_0,0 days 00:01:00,-4.76010430216548e-06,334.6369984154727,0.0,0,4.635571462506215,55.275233,11.069517
2025-01-24 22:10:03,2025-01-24 22:10:03,Class A,352978218_0,55.278217,11.067,Constrained by her draught,0.0,11.5,334.0,335.0,9235725,3E3335,FUGA BLUEMARINE,Tanker,No additional information,43.0,248.0,GPS,14.4,FOR ORDER,20/01/2025 07:00:00,AIS,POINT (11.067 55.278217),352978218_0,0 days 00:01:00,7.137295955412477e-06,334.33823073066276,0.0,0,4.637759275019457,55.278217,11.067
2025-01-24 22:11:03,2025-01-24 22:11:03,Class A,352978218_0,55.281033,11.064617,Constrained by her draught,0.0,11.5,334.0,335.0,9235725,3E3335,FUGA BLUEMARINE,Tanker,No additional information,43.0,248.0,GPS,14.4,FOR ORDER,20/01/2025 07:00:00,AIS,POINT (11.064617 55.281033),352978218_0,0 days 00:01:00,-5.708446923433462e-06,334.2672804762842,0.0,0,4.63983364479827,55.281033,11.064617
2025-01-24 22:12:03,2025-01-24 22:12:03,Class A,352978218_0,55.2839,11.06215,Constrained by her draught,0.0,11.5,334.0,335.0,9235725,3E3335,FUGA BLUEMARINE,Tanker,No additional information,43.0,248.0,GPS,14.4,FOR ORDER,20/01/2025 07:00:00,AIS,POINT (11.06215 55.2839),352978218_0,0 days 00:01:00,2.0659047038139425e-06,333.89288548069834,0.0,0,4.641988263292788,55.2839,11.06215
2025-01-24 22:13:03,2025-01-24 22:13:03,Class A,352978218_0,55.286767,11.059733,Constrained by her draught,0.0,11.5,334.0,335.0,9235725,3E3335,FUGA BLUEMARINE,Tanker,No additional information,43.0,248.0,GPS,14.4,FOR ORDER,20/01/2025 07:00:00,AIS,POINT (11.059733 55.286767),352978218_0,0 days 00:01:00,-3.8717224908509097e-07,334.35516013632,0.0,0,4.644095229886012,55.286767,11.059733
2025-01-24 22:31:05,2025-01-24 22:31:05,Class A,352978218_0,55.342633,11.037983,Constrained by her draught,0.0,11.9,2.0,4.0,9235725,3E3335,FUGA BLUEMARINE,Tanker,No additional information,43.0,248.0,GPS,14.4,FOR ORDER,20/01/2025 07:00:00,AIS,POINT (11.037983 55.342633),352978218_0,0 days 00:18:02,-1.4088388873338243e-08,347.51671603213043,0.0,0,4.660318282656883,55.342633,11.037983
2025-01-24 22:32:05,2025-01-24 22:32:05,Class A,352978218_0,55.345917,11.038167,Constrained by her draught,0.0,12.0,2.0,4.0,9235725,3E3335,FUGA BLUEMARINE,Tanker,No additional information,43.0,248.0,GPS,14.4,FOR ORDER,20/01/2025 07:00:00,AIS,POINT (11.038167 55.345917),352978218_0,0 days 00:01:00,3.4733128206138314e-06,1.8247900576906204,0.0,0,4.659837590365785,55.345917,11.038167
2025-01-24 22:33:05,2025-01-24 22:33:05,Class A,352978218_0,55.3493,11.038383,Constrained by her draught,0.0,12.0,2.0,4.0,9235725,3E3335,FUGA BLUEMARINE,Tanker,No additional information,43.0,248.0,GPS,14.4,FOR ORDER,20/01/2025 07:00:00,AIS,POINT (11.038383 55.3493),352978218_0,0 days 00:01:00,3.079092338277896e-06,2.0790698550096636,0.0,0,4.659318436216719,55.3493,11.038383
2025-01-24 22:34:05,2025-01-24 22:34:05,Class A,352978218_0,55.352683,11.038633,Constrained by her draught,0.0,12.0,2.0,4.0,9235725,3E3335,FUGA BLUEMARINE,Tanker,No additional information,43.0,248.0,GPS,14.4,FOR ORDER,20/01/2025 07:00:00,AIS,POINT (11.038633 55.352683),352978218_0,0 days 00:01:00,2.3539017238085462e-08,2.405767034059693,0.0,0,4.658767825108479,55.352683,11.038633
2025-01-24 22:35:04,2025-01-24 22:35:04,Class A,352978218_0,55.35595,11.038933,Constrained by her draught,0.0,11.9,2.0,3.0,9235725,3E3335,FUGA BLUEMARINE,Tanker,No additional information,43.0,248.0,GPS,14.4,FOR ORDER,20/01/2025 07:00:00,AIS,POINT (11.038933 55.35595),352978218_0,0 days 00:00:59,-1.8579894031505108e-06,2.9882239136608746,0.0,0,4.658180032369831,55.35595,11.038933
2025-01-24 22:36:04,2025-01-24 22:36:04,Class A,352978218_0,55.359217,11.039067,Constrained by her draught,0.0,11.9,1.0,1.0,9235725,3E3335,FUGA BLUEMARINE,Tanker,No additional information,43.0,248.0,GPS,14.4,FOR ORDER,20/01/2025 07:00:00,AIS,POINT (11.039067 55.359217),352978218_0,0 days 00:01:00,-1.8252909521822581e-06,1.335599440053386,0.0,0,4.657759840930617,55.359217,11.039067
2025-01-24 22:37:04,2025-01-24 22:37:04,Class A,352978218_0,55.3625,11.039017,Constrained by her draught,0.0,11.8,358.0,0.0,9235725,3E3335,FUGA BLUEMARINE,Tanker,No additional information,43.0,248.0,GPS,14.4,FOR ORDER,20/01/2025 07:00:00,AIS,POINT (11.039017 55.3625),352978218_0,0 days 00:01:00,4.7109812392256515e-07,359.50403446271116,0.0,0,4.657523826606259,55.3625,11.039017
2025-01-24 22:38:04,2025-01-24 22:38:04,Class A,352978218_0,55.365767,11.038933,Constrained by her draught,0.0,11.8,358.0,354.0,9235725,3E3335,FUGA BLUEMARINE,Tanker,No additional information,43.0,248.0,GPS,14.4,FOR ORDER,20/01/2025 07:00:00,AIS,POINT (11.038933 55.365767),352978218_0,0 days 00:01:00,-4.877326694728336e-07,359.1628050173618,0.0,0,4.657325365298199,55.365767,11.038933
2025-01-24 22:39:04,2025-01-24 22:39:04,Class A,352978218_0,55.36905,11.038417,Constrained by her draught,0.0,11.6,351.0,337.0,9235725,3E3335,FUGA BLUEMARINE,Tanker,No additional information,43.0,248.0,GPS,14.4,FOR ORDER,20/01/2025 07:00:00,AIS,POINT (11.038417 55.36905),352978218_0,0 days 00:01:00,8.900007913891673e-07,354.89590131233217,0.0,0,4.657558249008271,55.36905,11.038417
2025-01-24 22:45:03,2025-01-24 22:45:03,Class A,352978218_0,55.38385,11.021133,Constrained by her draught,0.0,11.0,319.0,320.0,9235725,3E3335,FUGA BLUEMARINE,Tanker,No additional information,43.0,248.0,GPS,14.4,FOR ORDER,20/01/2025 07:00:00,AIS,POINT (11.021133 55.38385),352978218_0,0 days 00:05:59,-1.682887153041959e-06,326.4410682883486,0.0,0,4.673544884599804,55.38385,11.021133
2025-01-24 22:46:03,2025-01-24 22:46:03,Class A,352978218_0,55.38625,11.017667,Constrained by her draught,0.0,11.1,321.0,322.0,9235725,3E3335,FUGA BLUEMARINE,Tanker,No additional information,43.0,248.0,GPS,14.4,FOR ORDER,20/01/2025 07:00:00,AIS,POINT (11.017667 55.38625),352978218_0,0 days 00:01:00,4.2205684145475245e-06,320.63696024741034,0.0,0,4.6768035904990715,55.38625,11.017667
2025-01-24 22:47:03,2025-01-24 22:47:03,Class A,352978218_0,55.388617,11.014433,Constrained by her draught,0.0,11.2,323.0,325.0,9235725,3E3335,FUGA BLUEMARINE,Tanker,No additional information,43.0,248.0,GPS,14.4,FOR ORDER,20/01/2025 07:00:00,AIS,POINT (11.014433 55.388617),352978218_0,0 days 00:01:00,-3.3504458290784258e-06,322.18686937524706,0.0,0,4.6798352454173,55.388617,11.014433
2025-01-24 22:48:03,2025-01-24 22:48:03,Class A,352978218_0,55.391233,11.011117,Constrained by her draught,0.0,11.3,324.0,326.0,9235725,3E3335,FUGA BLUEMARINE,Tanker,No additional information,43.0,248.0,GPS,14.4,FOR ORDER,20/01/2025 07:00:00,AIS,POINT (11.011117 55.391233),352978218_0,0 days 00:01:00,7.027005391474567e-06,324.24849003094147,0.0,0,4.682930150749848,55.391233,11.011117
2025-01-24 22:49:03,2025-01-24 22:49:03,Class A,352978218_0,55.39375,11.008167,Constrained by her draught,0.0,11.3,326.0,327.0,9235725,3E3335,FUGA BLUEMARINE,Tanker,No additional information,43.0,248.0,GPS,14.4,FOR ORDER,20/01/2025 07:00:00,AIS,POINT (11.008167 55.39375),352978218_0,0 days 00:01:00,-6.191470243230012e-06,326.3512372614087,0.0,0,4.685669848922884,55.39375,11.008167
2025-01-24 22:50:03,2025-01-24 22:50:03,Class A,352978218_0,55.39645,11.005017,Constrained by her draught,0.0,11.3,325.0,326.0,9235725,3E3335,FUGA BLUEMARINE,Tanker,No additional information,43.0,248.0,GPS,14.4,FOR ORDER,20/01/2025 07:00:00,AIS,POINT (11.005017 55.39645),352978218_0,0 days 00:01:00,6.659793010981005e-06,326.4741754255079,0.0,0,4.688596087967591,55.39645,11.005017
2025-01-24 22:59:03,2025-01-24 22:59:03,Class A,352978218_0,55.41985,10.97715,Constrained by her draught,0.0,11.2,328.0,331.0,9235725,3E3335,FUGA BLUEMARINE,Tanker,No additional information,43.0,248.0,GPS,14.4,FOR ORDER,20/01/2025 07:00:00,AIS,POINT (10.97715 55.41985),352978218_0,0 days 00:09:00,-3.4492708081292034e-07,325.9486781369305,0.0,0,4.714599153825063,55.41985,10.97715
2025-01-24 23:00:03,2025-01-24 23:00:03,Class A,352978218_0,55.42245,10.9743,Constrained by her draught,0.0,11.1,328.0,330.0,9235725,3E3335,FUGA BLUEMARINE,Tanker,No additional information,43.0,248.0,GPS,14.4,FOR ORDER,20/01/2025 07:00:00,AIS,POINT (10.9743 55.42245),352978218_0,0 days 00:01:00,-2.37186440321917e-06,328.11497580827154,0.0,0,4.71725118421184,55.42245,10.9743
2025-01-24 23:01:03,2025-01-24 23:01:03,Class A,352978218_0,55.425017,10.971417,Constrained by her draught,0.0,11.1,327.0,329.0,9235725,3E3335,FUGA BLUEMARINE,Tanker,No additional information,43.0,248.0,GPS,14.4,FOR ORDER,20/01/2025 07:00:00,AIS,POINT (10.971417 55.425017),352978218_0,0 days 00:01:00,-5.55012409482238e-07,327.4892650045276,0.0,0,4.719940177649077,55.425017,10.971417
2025-01-24 23:02:03,2025-01-24 23:02:03,Class A,352978218_0,55.427617,10.968517,Constrained by her draught,0.0,11.1,326.0,329.0,9235725,3E3335,FUGA BLUEMARINE,Tanker,No additional information,43.0,248.0,GPS,14.4,FOR ORDER,20/01/2025 07:00:00,AIS,POINT (10.968517 55.427617),352978218_0,0 days 00:01:00,1.0197217239783005e-06,327.6697395574955,0.0,0,4.722645384356738,55.427617,10.968517
2025-01-24 23:03:03,2025-01-24 23:03:03,Class A,352978218_0,55.430233,10.965483,Constrained by her draught,0.0,11.0,327.0,330.0,9235725,3E3335,FUGA BLUEMARINE,Tanker,No additional information,43.0,248.0,GPS,14.4,FOR ORDER,20/01/2025 07:00:00,AIS,POINT (10.965483 55.430233),352978218_0,0 days 00:01:00,1.693625392838391e-06,326.6525281845647,0.0,0,4.725484775117362,55.430233,10.965483
2025-01-24 23:04:03,2025-01-24 23:04:03,Class A,352978218_0,55.432767,10.96265,Constrained by her draught,0.0,11.0,327.0,330.0,9235725,3E3335,FUGA BLUEMARINE,Tanker,No additional information,43.0,248.0,GPS,14.4,FOR ORDER,20/01/2025 07:00:00,AIS,POINT (10.96265 55.432767),352978218_0,0 days 00:01:00,-4.051762636362334e-06,327.61255217000945,0.0,0,4.728131140432655,55.432767,10.96265
2025-01-24 23:05:03,2025-01-24 23:05:03,Class A,352978218_0,55.435367,10.959783,Constrained by her draught,0.0,11.0,327.0,329.0,9235725,3E3335,FUGA BLUEMARINE,Tanker,No additional information,43.0,248.0,GPS,14.4,FOR ORDER,20/01/2025 07:00:00,AIS,POINT (10.959783 55.435367),352978218_0,0 days 00:01:00,2.0433679048393e-06,327.9703773139778,0.0,0,4.730808377671833,55.435367,10.959783
2025-01-24 23:06:03,2025-01-24 23:06:03,Class A,352978218_0,55.438017,10.956917,Constrained by her draught,0.0,11.0,328.0,329.0,9235725,3E3335,FUGA BLUEMARINE,Tanker,No additional information,43.0,248.0,GPS,14.4,FOR ORDER,20/01/2025 07:00:00,AIS,POINT (10.956917 55.438017),352978218_0,0 days 00:01:00,1.3026440910628793e-06,328.46964409043596,0.0,0,4.733482799122227,55.438017,10.956917
2025-01-24 23:07:03,2025-01-24 23:07:03,Class A,352978218_0,55.440533,10.9542,Constrained by her draught,0.0,11.0,328.0,329.0,9235725,3E3335,FUGA BLUEMARINE,Tanker,No additional information,43.0,248.0,GPS,14.4,FOR ORDER,20/01/2025 07:00:00,AIS,POINT (10.9542 55.440533),352978218_0,0 days 00:01:00,-4.9038718973779476e-06,328.5095419031568,0.0,0,4.736019497219685,55.440533,10.9542
2025-01-24 23:08:03,2025-01-24 23:08:03,Class A,352978218_0,55.443233,10.951317,Constrained by her draught,0.0,11.0,328.0,329.0,9235725,3E3335,FUGA BLUEMARINE,Tanker,No additional information,43.0,248.0,GPS,14.4,FOR ORDER,20/01/2025 07:00:00,AIS,POINT (10.951317 55.443233),352978218_0,0 days 00:01:00,6.375808697648705e-06,328.7983889932148,0.0,0,4.738710793918743,55.443233,10.951317
2025-01-24 23:17:04,2025-01-24 23:17:04,Class A,352978218_0,55.467183,10.92645,Constrained by her draught,0.0,11.3,332.0,331.0,9235725,3E3335,FUGA BLUEMARINE,Tanker,No additional information,43.0,248.0,GPS,14.4,FOR ORDER,20/01/2025 07:00:00,AIS,POINT (10.92645 55.467183),352978218_0,0 days 00:09:01,-2.5511176618259686e-07,329.5222969477026,0.0,0,4.76195554014787,55.467183,10.92645
2025-01-24 23:30:03,2025-01-24 23:30:03,Class A,352978218_0,55.5025,10.889,Constrained by her draught,0.0,11.5,326.0,326.0,9235725,3E3335,FUGA BLUEMARINE,Tanker,No additional information,43.0,248.0,GPS,14.4,FOR ORDER,20/01/2025 07:00:00,AIS,POINT (10.889 55.5025),352978218_0,0 days 00:12:59,2.171751808730824e-07,329.0160429862221,0.0,0,4.797260050804835,55.5025,10.889
2025-01-24 23:31:03,2025-01-24 23:31:03,Class A,352978218_0,55.505033,10.885917,Constrained by her draught,0.0,11.4,324.0,326.0,9235725,3E3335,FUGA BLUEMARINE,Tanker,No additional information,43.0,248.0,GPS,14.4,FOR ORDER,20/01/2025 07:00:00,AIS,POINT (10.885917 55.505033),352978218_0,0 days 00:01:00,-2.9875941291012537e-06,325.42175504573515,0.0,0,4.800199820716009,55.505033,10.885917
2025-01-24 23:32:03,2025-01-24 23:32:03,Class A,352978218_0,55.50775,10.882617,Constrained by her draught,0.0,11.5,325.0,327.0,9235725,3E3335,FUGA BLUEMARINE,Tanker,No additional information,43.0,248.0,GPS,14.4,FOR ORDER,20/01/2025 07:00:00,AIS,POINT (10.882617 55.50775),352978218_0,0 days 00:01:00,6.844640535739197e-06,325.4799556896318,0.0,0,4.803347880770765,55.50775,10.882617
2025-01-24 23:33:03,2025-01-24 23:33:03,Class A,352978218_0,55.510317,10.87955,Constrained by her draught,0.0,11.6,325.0,326.0,9235725,3E3335,FUGA BLUEMARINE,Tanker,No additional information,43.0,248.0,GPS,14.4,FOR ORDER,20/01/2025 07:00:00,AIS,POINT (10.87955 55.510317),352978218_0,0 days 00:01:00,-6.139543952083983e-06,325.9199436461884,0.0,0,4.806272999604683,55.510317,10.87955
2025-01-24 23:34:03,2025-01-24 23:34:03,Class A,352978218_0,55.513067,10.876267,Constrained by her draught,0.0,11.6,326.0,329.0,9235725,3E3335,FUGA BLUEMARINE,Tanker,No additional information,43.0,248.0,GPS,14.4,FOR ORDER,20/01/2025 07:00:00,AIS,POINT (10.876267 55.513067),352978218_0,0 days 00:01:00,6.8094958400832675e-06,325.9432384709115,0.0,0,4.809405723723669,55.513067,10.876267
2025-01-24 23:46:03,2025-01-24 23:46:03,Class A,352978218_0,55.54875,10.84655,Constrained by her draught,0.0,12.1,340.0,339.0,9235725,3E3335,FUGA BLUEMARINE,Tanker,No additional information,43.0,248.0,GPS,14.4,FOR ORDER,20/01/2025 07:00:00,AIS,POINT (10.84655 55.54875),352978218_0,0 days 00:12:00,-8.501703920841465e-08,334.77606245977273,0.0,0,4.837345207368189,55.54875,10.84655
2025-01-24 23:47:03,2025-01-24 23:47:03,Class A,352978218_0,55.551783,10.844583,Constrained by her draught,0.0,12.1,339.0,339.0,9235725,3E3335,FUGA BLUEMARINE,Tanker,No additional information,43.0,248.0,GPS,14.4,FOR ORDER,20/01/2025 07:00:00,AIS,POINT (10.844583 55.551783),352978218_0,0 days 00:01:00,-1.7665824424750442e-06,339.8545426335851,0.0,0,4.839174778768173,55.551783,10.844583
2025-01-24 23:48:03,2025-01-24 23:48:03,Class A,352978218_0,55.555017,10.842433,Constrained by her draught,0.0,12.1,339.0,339.0,9235725,3E3335,FUGA BLUEMARINE,Tanker,No additional information,43.0,248.0,GPS,14.4,FOR ORDER,20/01/2025 07:00:00,AIS,POINT (10.842433 55.555017),352978218_0,0 days 00:01:00,6.9439278831169805e-06,339.3924918203748,0.0,0,4.841180404431341,55.555017,10.842433
2025-01-24 23:49:03,2025-01-24 23:49:03,Class A,352978218_0,55.558083,10.840367,Constrained by her draught,0.0,12.1,339.0,339.0,9235725,3E3335,FUGA BLUEMARINE,Tanker,No additional information,43.0,248.0,GPS,14.4,FOR ORDER,20/01/2025 07:00:00,AIS,POINT (10.840367 55.558083),352978218_0,0 days 00:01:00,-5.381062186878626e-06,339.1380024714086,0.0,0,4.843111613002739,55.558083,10.840367
2025-01-24 23:50:03,2025-01-24 23:50:03,Class A,352978218_0,55.561233,10.838217,Constrained by her draught,0.0,12.2,338.0,340.0,9235725,3E3335,FUGA BLUEMARINE,Tanker,No additional information,43.0,248.0,GPS,14.4,FOR ORDER,20/01/2025 07:00:00,AIS,POINT (10.838217 55.561233),352978218_0,0 days 00:01:00,2.9521134690244146e-06,338.89385776900264,0.0,0,4.84512524054869,55.561233,10.838217
2025-01-24 23:51:03,2025-01-24 23:51:03,Class A,352978218_0,55.564383,10.8361,Constrained by her draught,0.0,12.2,339.0,340.0,9235725,3E3335,FUGA BLUEMARINE,Tanker,No additional information,43.0,248.0,GPS,14.4,FOR ORDER,20/01/2025 07:00:00,AIS,POINT (10.8361 55.564383),352978218_0,0 days 00:01:00,-2.0829968644524242e-07,339.19139975565815,0.0,0,4.847108060982858,55.564383,10.8361
2025-01-24 23:53:03,2025-01-24 23:53:03,Class A,352978218_0,55.570733,10.831867,Constrained by her draught,0.0,12.3,339.0,341.0,9235725,3E3335,FUGA BLUEMARINE,Tanker,No additional information,43.0,248.0,GPS,14.4,FOR ORDER,20/01/2025 07:00:00,AIS,POINT (10.831867 55.570733),352978218_0,0 days 00:02:00,3.5913672953050464e-07,339.34899548142636,0.0,0,4.8510771625281315,55.570733,10.831867
2025-01-24 23:54:03,2025-01-24 23:54:03,Class A,352978218_0,55.573983,10.82975,Constrained by her draught,0.0,12.3,339.0,340.0,9235725,3E3335,FUGA BLUEMARINE,Tanker,No additional information,43.0,248.0,GPS,14.4,FOR ORDER,20/01/2025 07:00:00,AIS,POINT (10.82975 55.573983),352978218_0,0 days 00:01:00,2.1744925567973005e-06,339.78363090377263,0.0,0,4.853062522278586,55.573983,10.82975
2025-01-24 23:55:03,2025-01-24 23:55:03,Class A,352978218_0,55.577117,10.827667,Constrained by her draught,0.0,12.3,339.0,340.0,9235725,3E3335,FUGA BLUEMARINE,Tanker,No additional information,43.0,248.0,GPS,14.4,FOR ORDER,20/01/2025 07:00:00,AIS,POINT (10.827667 55.577117),352978218_0,0 days 00:01:00,-3.5705524930729407e-06,339.4078045933666,0.0,0,4.85502071484623,55.577117,10.827667
2025-01-24 23:56:03,2025-01-24 23:56:03,Class A,352978218_0,55.57945,10.826167,Constrained by her draught,0.0,12.2,338.0,340.0,9235725,3E3335,FUGA BLUEMARINE,Tanker,No additional information,43.0,248.0,GPS,14.4,FOR ORDER,20/01/2025 07:00:00,AIS,POINT (10.826167 55.57945),352978218_0,0 days 00:01:00,-2.6778442714335145e-05,340.02714523108904,0.0,0,4.856429224266014,55.57945,10.826167
2025-01-24 23:57:04,2025-01-24 23:57:04,Class A,352978218_0,55.5835,10.823233,Constrained by her draught,0.0,12.3,338.0,340.0,9235725,3E3335,FUGA BLUEMARINE,Tanker,No additional information,43.0,248.0,GPS,14.4,FOR ORDER,20/01/2025 07:00:00,AIS,POINT (10.823233 55.5835),352978218_0,0 days 00:01:01,5.5455531468038e-05,337.73306973909877,0.0,0,4.859206956517596,55.5835,10.823233
2025-01-24 23:58:04,2025-01-24 23:58:04,Class A,352978218_0,55.586667,10.821033,Constrained by her draught,0.0,12.3,338.0,340.0,9235725,3E3335,FUGA BLUEMARINE,Tanker,No additional information,43.0,248.0,GPS,14.4,FOR ORDER,20/01/2025 07:00:00,AIS,POINT (10.821033 55.586667),352978218_0,0 days 00:01:00,-2.791560591951647e-05,338.56537518333954,0.0,0,4.861287302171103,55.586667,10.821033
2025-01-24 23:59:04,2025-01-24 23:59:04,Class A,352978218_0,55.589917,10.818883,Constrained by her draught,0.0,12.2,338.0,340.0,9235725,3E3335,FUGA BLUEMARINE,Tanker,No additional information,43.0,248.0,GPS,14.4,FOR ORDER,20/01/2025 07:00:00,AIS,POINT (10.818883 55.589917),352978218_0,0 days 00:01:00,2.0812801088693037e-06,339.50218107144684,0.0,0,4.863316836403937,55.589917,10.818883
2025-01-25 00:00:04,2025-01-25 00:00:04,Class A,352978218_0,55.592983,10.8167,Constrained by her draught,0.0,12.2,338.0,340.0,Unknown,Unknown,FURIA,Undefined,0,42.0,246.0,Undefined,15.0,Unknown,07/02/2025 12:00:00,AIS,POINT (10.8167 55.592983),352978218_0,0 days 00:01:00,-5.095509342858485e-06,338.0837266482189,0.0,0,4.865388177570726,55.592983,10.8167
2025-01-25 00:01:04,2025-01-25 00:01:04,Class A,352978218_0,55.5962,10.814467,Constrained by her draught,0.0,12.2,338.0,340.0,Unknown,Unknown,FURIA,Undefined,0,42.0,246.0,Undefined,15.0,Unknown,07/02/2025 12:00:00,AIS,POINT (10.814467 55.5962),352978218_0,0 days 00:01:00,4.661497604590362e-06,338.5852255531351,0.0,0,4.867506235867088,55.5962,10.814467
2025-01-25 00:02:04,2025-01-25 00:02:04,Class A,352978218_0,55.599317,10.812283,Constrained by her draught,0.0,12.2,338.0,340.0,Unknown,Unknown,FURIA,Undefined,0,42.0,246.0,Undefined,15.0,Unknown,07/02/2025 12:00:00,AIS,POINT (10.812283 55.599317),352978218_0,0 days 00:01:00,-3.1927298338329473e-06,338.4032714486491,0.0,0,4.869580980253844,55.599317,10.812283
2025-01-25 00:03:04,2025-01-25 00:03:04,Class A,352978218_0,55.602133,10.810217,Constrained by her draught,0.0,12.2,337.0,340.0,Unknown,Unknown,FURIA,Undefined,0,42.0,246.0,Undefined,15.0,Unknown,07/02/2025 12:00:00,AIS,POINT (10.810217 55.602133),352978218_0,0 days 00:01:00,-9.403590246331081e-06,337.4873966695271,0.0,0,4.871550019285649,55.602133,10.810217
2025-01-25 00:12:04,2025-01-25 00:12:04,Class A,352978218_0,55.630833,10.790983,Constrained by her draught,0.0,12.2,342.0,345.0,9235725,3E3335,FUGA BLUEMARINE,Tanker,No additional information,43.0,248.0,GPS,14.4,FOR ORDER,20/01/2025 07:00:00,AIS,POINT (10.790983 55.630833),352978218_0,0 days 00:09:00,1.2414672558225427e-06,339.2779246622282,0.0,0,4.889893531567532,55.630833,10.790983
2025-01-25 00:13:04,2025-01-25 00:13:04,Class A,352978218_0,55.634117,10.789217,Constrained by her draught,0.0,12.2,343.0,345.0,9235725,3E3335,FUGA BLUEMARINE,Tanker,No additional information,43.0,248.0,GPS,14.4,FOR ORDER,20/01/2025 07:00:00,AIS,POINT (10.789217 55.634117),352978218_0,0 days 00:01:00,6.821821753610786e-07,343.11430371609,0.0,0,4.891568967926957,55.634117,10.789217
2025-01-25 00:14:03,2025-01-25 00:14:03,Class A,352978218_0,55.637267,10.78745,Constrained by her draught,0.0,12.2,342.0,348.0,9235725,3E3335,FUGA BLUEMARINE,Tanker,No additional information,43.0,248.0,GPS,14.4,FOR ORDER,20/01/2025 07:00:00,AIS,POINT (10.78745 55.637267),352978218_0,0 days 00:00:59,-2.2583968186172286e-06,342.4313176577211,0.0,0,4.893251205009713,55.637267,10.78745
2025-01-25 00:15:03,2025-01-25 00:15:03,Class A,352978218_0,55.640467,10.78595,Constrained by her draught,0.0,12.1,347.0,357.0,9235725,3E3335,FUGA BLUEMARINE,Tanker,No additional information,43.0,248.0,GPS,14.4,FOR ORDER,20/01/2025 07:00:00,AIS,POINT (10.78595 55.640467),352978218_0,0 days 00:01:00,-1.5533220995250755e-06,345.181637170255,0.0,0,4.8946673310174,55.640467,10.78595
2025-01-25 00:16:03,2025-01-25 00:16:03,Class A,352978218_0,55.64385,10.78525,Constrained by her draught,0.0,11.9,356.0,4.0,9235725,3E3335,FUGA BLUEMARINE,Tanker,No additional information,43.0,248.0,GPS,14.4,FOR ORDER,20/01/2025 07:00:00,AIS,POINT (10.78525 55.64385),352978218_0,0 days 00:01:00,2.954247129537876e-06,353.33970710978144,0.0,0,4.895281266449151,55.64385,10.78525
2025-01-25 00:17:03,2025-01-25 00:17:03,Class A,352978218_0,55.647067,10.785317,Constrained by her draught,0.0,11.7,3.0,8.0,9235725,3E3335,FUGA BLUEMARINE,Tanker,No additional information,43.0,248.0,GPS,14.4,FOR ORDER,20/01/2025 07:00:00,AIS,POINT (10.785317 55.647067),352978218_0,0 days 00:01:00,-5.840826253660266e-06,0.6733300013460735,0.0,0,4.895134832339759,55.647067,10.785317
2025-01-25 00:18:03,2025-01-25 00:18:03,Class A,352978218_0,55.65035,10.7858,Constrained by her draught,0.0,11.6,5.0,8.0,9235725,3E3335,FUGA BLUEMARINE,Tanker,No additional information,43.0,248.0,GPS,14.4,FOR ORDER,20/01/2025 07:00:00,AIS,POINT (10.7858 55.65035),352978218_0,0 days 00:01:00,2.3850565663598747e-06,4.745361734145831,0.0,0,4.894573061192161,55.65035,10.7858
2025-01-25 00:19:03,2025-01-25 00:19:03,Class A,352978218_0,55.65345,10.786333,Constrained by her draught,0.0,11.6,5.0,7.0,9235725,3E3335,FUGA BLUEMARINE,Tanker,No additional information,43.0,248.0,GPS,14.4,FOR ORDER,20/01/2025 07:00:00,AIS,POINT (10.786333 55.65345),352978218_0,0 days 00:01:00,-5.558265329348823e-06,5.540667097276639,0.0,0,4.893967707491437,55.65345,10.786333
2025-01-25 00:20:03,2025-01-25 00:20:03,Class A,352978218_0,55.6568,10.786733,Constrained by her draught,0.0,11.7,3.0,7.0,9235725,3E3335,FUGA BLUEMARINE,Tanker,No additional information,43.0,248.0,GPS,14.4,FOR ORDER,20/01/2025 07:00:00,AIS,POINT (10.786733 55.6568),352978218_0,0 days 00:01:00,7.515509060712431e-06,3.8536811689684782,0.0,0,4.893491663635384,55.6568,10.786733
2025-01-25 00:21:03,2025-01-25 00:21:03,Class A,352978218_0,55.6599,10.787083,Constrained by her draught,0.0,11.7,3.0,6.0,9235725,3E3335,FUGA BLUEMARINE,Tanker,No additional information,43.0,248.0,GPS,14.4,FOR ORDER,20/01/2025 07:00:00,AIS,POINT (10.787083 55.6599),352978218_0,0 days 00:01:00,-7.772301733196359e-06,3.644198050798366,0.0,0,4.893073320998674,55.6599,10.787083
2025-01-25 00:22:03,2025-01-25 00:22:03,Class A,352978218_0,55.66325,10.7874,Constrained by her draught,0.0,11.7,3.0,8.0,9235725,3E3335,FUGA BLUEMARINE,Tanker,No additional information,43.0,248.0,GPS,14.4,FOR ORDER,20/01/2025 07:00:00,AIS,POINT (10.7874 55.66325),352978218_0,0 days 00:01:00,7.684715836854105e-06,3.055253114803918,0.0,0,4.892684649366644,55.66325,10.7874
2025-01-25 00:23:04,2025-01-25 00:23:04,Class A,352978218_0,55.6665,10.787933,Constrained by her draught,0.0,11.7,6.0,10.0,9235725,3E3335,FUGA BLUEMARINE,Tanker,No additional information,43.0,248.0,GPS,14.4,FOR ORDER,20/01/2025 07:00:00,AIS,POINT (10.787933 55.6665),352978218_0,0 days 00:01:01,-4.391388786698965e-06,5.284675469142599,0.0,0,4.892084346499863,55.6665,10.787933
2025-01-25 00:31:03,2025-01-25 00:31:03,Class A,352978218_0,55.692367,10.793717,Constrained by her draught,0.0,11.7,6.0,8.0,9235725,3E3335,FUGA BLUEMARINE,Tanker,No additional information,43.0,248.0,GPS,14.4,FOR ORDER,20/01/2025 07:00:00,AIS,POINT (10.793717 55.692367),352978218_0,0 days 00:07:59,2.1486304806196557e-07,7.183194537490124,0.0,0,4.88584135118876,55.692367,10.793717
2025-01-25 00:32:03,2025-01-25 00:32:03,Class A,352978218_0,55.69555,10.794333,Constrained by her draught,0.0,11.7,6.0,9.0,9235725,3E3335,FUGA BLUEMARINE,Tanker,No additional information,43.0,248.0,GPS,14.4,FOR ORDER,20/01/2025 07:00:00,AIS,POINT (10.794333 55.69555),352978218_0,0 days 00:01:00,-1.9767271292584714e-06,6.224673435240561,0.0,0,4.885178246652726,55.69555,10.794333
2025-01-25 00:36:03,2025-01-25 00:36:03,Class A,352978218_0,55.708433,10.797383,Constrained by her draught,0.0,11.8,9.0,10.0,9235725,3E3335,FUGA BLUEMARINE,Tanker,No additional information,43.0,248.0,GPS,14.4,FOR ORDER,20/01/2025 07:00:00,AIS,POINT (10.797383 55.708433),352978218_0,0 days 00:04:00,3.668705867669547e-07,7.597462808674777,0.0,0,4.881958702945571,55.708433,10.797383
2025-01-25 00:37:03,2025-01-25 00:37:03,Class A,352978218_0,55.71155,10.798233,Constrained by her draught,0.0,11.7,8.0,10.0,9235725,3E3335,FUGA BLUEMARINE,Tanker,No additional information,43.0,248.0,GPS,14.4,FOR ORDER,20/01/2025 07:00:00,AIS,POINT (10.798233 55.71155),352978218_0,0 days 00:01:00,-2.9589040056711713e-06,8.733891503459006,0.0,0,4.881072765342574,55.71155,10.798233
2025-01-25 00:38:03,2025-01-25 00:38:03,Class A,352978218_0,55.715,10.79915,Constrained by her draught,0.0,11.7,9.0,11.0,9235725,3E3335,FUGA BLUEMARINE,Tanker,No additional information,43.0,248.0,GPS,14.4,FOR ORDER,20/01/2025 07:00:00,AIS,POINT (10.79915 55.715),352978218_0,0 days 00:01:00,1.035735701504545e-05,8.51540875201215,0.0,0,4.8801182934584695,55.715,10.79915
2025-01-25 00:39:03,2025-01-25 00:39:03,Class A,352978218_0,55.717983,10.800067,Constrained by her draught,0.0,11.7,9.0,10.0,9235725,3E3335,FUGA BLUEMARINE,Tanker,No additional information,43.0,248.0,GPS,14.4,FOR ORDER,20/01/2025 07:00:00,AIS,POINT (10.800067 55.717983),352978218_0,0 days 00:01:00,-1.4258576471238808e-05,9.823525428901235,0.0,0,4.879170854807402,55.717983,10.800067
2025-01-25 00:40:03,2025-01-25 00:40:03,Class A,352978218_0,55.721317,10.800917,Constrained by her draught,0.0,11.7,9.0,11.0,9235725,3E3335,FUGA BLUEMARINE,Tanker,No additional information,43.0,248.0,GPS,14.4,FOR ORDER,20/01/2025 07:00:00,AIS,POINT (10.800917 55.721317),352978218_0,0 days 00:01:00,1.0538830486580775e-05,8.171355359693507,0.0,0,4.8782889720255405,55.721317,10.800917
2025-01-25 00:41:03,2025-01-25 00:41:03,Class A,352978218_0,55.724567,10.802067,Constrained by her draught,0.0,11.8,10.0,11.0,9235725,3E3335,FUGA BLUEMARINE,Tanker,No additional information,43.0,248.0,GPS,14.4,FOR ORDER,20/01/2025 07:00:00,AIS,POINT (10.802067 55.724567),352978218_0,0 days 00:01:00,-1.6751367806744731e-06,11.270031514981895,0.0,0,4.87711008700706,55.724567,10.802067
2025-01-25 00:42:03,2025-01-25 00:42:03,Class A,352978218_0,55.727667,10.803133,Constrained by her draught,0.0,11.8,10.0,9.0,9235725,3E3335,FUGA BLUEMARINE,Tanker,No additional information,43.0,248.0,GPS,14.4,FOR ORDER,20/01/2025 07:00:00,AIS,POINT (10.803133 55.727667),352978218_0,0 days 00:01:00,-4.835153978988496e-06,10.959274734476821,0.0,0,4.876018539879642,55.727667,10.803133
2025-01-25 00:43:03,2025-01-25 00:43:03,Class A,352978218_0,55.730883,10.804017,Constrained by her draught,0.0,11.7,8.0,7.0,9235725,3E3335,FUGA BLUEMARINE,Tanker,No additional information,43.0,248.0,GPS,14.4,FOR ORDER,20/01/2025 07:00:00,AIS,POINT (10.804017 55.730883),352978218_0,0 days 00:01:00,2.988334695433745e-06,8.79825552178795,0.0,0,4.875110102326101,55.730883,10.804017
2025-01-25 01:21:04,2025-01-25 01:21:04,Class A,352978218_0,55.854917,10.812733,Constrained by her draught,0.0,11.7,354.0,355.0,9235725,3E3335,FUGA BLUEMARINE,Tanker,No additional information,43.0,248.0,GPS,14.4,FOR ORDER,20/01/2025 07:00:00,AIS,POINT (10.812733 55.854917),352978218_0,0 days 00:38:01,8.747047602167454e-09,2.258712226987768,0.0,0,4.867070683506662,55.854917,10.812733
2025-01-25 01:22:04,2025-01-25 01:22:04,Class A,352978218_0,55.8581,10.812233,Constrained by her draught,0.0,11.7,354.0,355.0,9235725,3E3335,FUGA BLUEMARINE,Tanker,No additional information,43.0,248.0,GPS,14.4,FOR ORDER,20/01/2025 07:00:00,AIS,POINT (10.812233 55.8581),352978218_0,0 days 00:01:00,-2.157005416811933e-06,354.9616719399274,0.0,0,4.8676295489559385,55.8581,10.812233
2025-01-25 01:23:04,2025-01-25 01:23:04,Class A,352978218_0,55.8614,10.81175,Constrained by her draught,0.0,11.7,355.0,355.0,9235725,3E3335,FUGA BLUEMARINE,Tanker,No additional information,43.0,248.0,GPS,14.4,FOR ORDER,20/01/2025 07:00:00,AIS,POINT (10.81175 55.8614),352978218_0,0 days 00:01:00,3.5802876899639993e-06,355.3043363829651,0.0,0,4.86817576869899,55.8614,10.81175
2025-01-25 01:24:04,2025-01-25 01:24:04,Class A,352978218_0,55.864533,10.8112,Constrained by her draught,0.0,11.7,355.0,359.0,9235725,3E3335,FUGA BLUEMARINE,Tanker,No additional information,43.0,248.0,GPS,14.4,FOR ORDER,20/01/2025 07:00:00,AIS,POINT (10.8112 55.864533),352978218_0,0 days 00:01:00,-5.039008602155951e-06,354.3739201391486,0.0,0,4.868787827996307,55.864533,10.8112
2025-01-25 01:25:04,2025-01-25 01:25:04,Class A,352978218_0,55.867833,10.8111,Constrained by her draught,0.0,11.7,0.0,0.0,9235725,3E3335,FUGA BLUEMARINE,Tanker,No additional information,43.0,248.0,GPS,14.4,FOR ORDER,20/01/2025 07:00:00,AIS,POINT (10.8111 55.867833),352978218_0,0 days 00:01:00,4.708731682915354e-06,359.0258854128036,0.0,0,4.868955463160964,55.867833,10.8111
2025-01-25 01:26:04,2025-01-25 01:26:04,Class A,352978218_0,55.871083,10.8111,Constrained by her draught,0.0,11.7,359.0,1.0,9235725,3E3335,FUGA BLUEMARINE,Tanker,No additional information,43.0,248.0,GPS,14.4,FOR ORDER,20/01/2025 07:00:00,AIS,POINT (10.8111 55.871083),352978218_0,0 days 00:01:00,-1.561142785230987e-06,0.0,0.0,0,4.86902427866662,55.871083,10.8111
2025-01-25 01:27:04,2025-01-25 01:27:04,Class A,352978218_0,55.874433,10.811283,Constrained by her draught,0.0,11.7,3.0,9.0,9235725,3E3335,FUGA BLUEMARINE,Tanker,No additional information,43.0,248.0,GPS,14.4,FOR ORDER,20/01/2025 07:00:00,AIS,POINT (10.811283 55.874433),352978218_0,0 days 00:01:00,3.141671225383415e-06,1.755344606263236,0.0,0,4.8689145260792985,55.874433,10.811283
2025-01-25 01:28:04,2025-01-25 01:28:04,Class A,352978218_0,55.877617,10.81215,Constrained by her draught,0.0,11.7,12.0,19.0,9235725,3E3335,FUGA BLUEMARINE,Tanker,No additional information,43.0,248.0,GPS,14.4,FOR ORDER,20/01/2025 07:00:00,AIS,POINT (10.81215 55.877617),352978218_0,0 days 00:01:00,-4.035682984157718e-06,8.68476362757201,0.0,0,4.868119465474218,55.877617,10.81215
2025-01-25 01:30:03,2025-01-25 01:30:03,Class A,352978218_0,55.883633,10.816367,Constrained by her draught,0.0,11.7,28.0,37.0,9235725,3E3335,FUGA BLUEMARINE,Tanker,No additional information,43.0,248.0,GPS,14.4,FOR ORDER,20/01/2025 07:00:00,AIS,POINT (10.816367 55.883633),352978218_0,0 days 00:01:59,6.105980538151467e-07,21.46221577018696,0.0,0,4.864044893871972,55.883633,10.816367
2025-01-25 01:31:03,2025-01-25 01:31:03,Class A,352978218_0,55.886217,10.81935,Constrained by her draught,0.0,11.7,37.0,50.0,9235725,3E3335,FUGA BLUEMARINE,Tanker,No additional information,43.0,248.0,GPS,14.4,FOR ORDER,20/01/2025 07:00:00,AIS,POINT (10.81935 55.886217),352978218_0,0 days 00:01:00,-5.566501777068758e-06,32.920196763365254,0.0,0,4.861125785754674,55.886217,10.81935
2025-01-25 01:32:03,2025-01-25 01:32:03,Class A,352978218_0,55.888367,10.8237,Constrained by her draught,0.0,11.5,51.0,61.0,9235725,3E3335,FUGA BLUEMARINE,Tanker,No additional information,43.0,248.0,GPS,14.4,FOR ORDER,20/01/2025 07:00:00,AIS,POINT (10.8237 55.888367),352978218_0,0 days 00:01:00,5.424738916901288e-06,48.60847872128795,0.0,0,4.856830642386966,55.888367,10.8237
2025-01-25 01:33:03,2025-01-25 01:33:03,Class A,352978218_0,55.890067,10.82855,Constrained by her draught,0.0,11.5,61.0,68.0,9235725,3E3335,FUGA BLUEMARINE,Tanker,No additional information,43.0,248.0,GPS,14.4,FOR ORDER,20/01/2025 07:00:00,AIS,POINT (10.82855 55.890067),352978218_0,0 days 00:01:00,-1.3402636273726881e-06,57.991235262855014,0.0,0,4.852025219197547,55.890067,10.82855
2025-01-25 01:34:03,2025-01-25 01:34:03,Class A,352978218_0,55.891233,10.83295,Constrained by her draught,0.0,11.5,65.0,69.0,9235725,3E3335,FUGA BLUEMARINE,Tanker,No additional information,43.0,248.0,GPS,14.4,FOR ORDER,20/01/2025 07:00:00,AIS,POINT (10.83295 55.891233),352978218_0,0 days 00:01:00,-1.4800549920551803e-05,64.70458510691685,0.0,0,4.8476565456873075,55.891233,10.83295
2025-01-25 01:35:03,2025-01-25 01:35:03,Class A,352978218_0,55.89265,10.838917,Constrained by her draught,0.0,11.6,67.0,70.0,9235725,3E3335,FUGA BLUEMARINE,Tanker,No additional information,43.0,248.0,GPS,14.4,FOR ORDER,20/01/2025 07:00:00,AIS,POINT (10.838917 55.89265),352978218_0,0 days 00:01:00,2.8034954138821164e-05,67.0454930703603,0.0,0,4.841728280841976,55.89265,10.838917
2025-01-25 01:36:03,2025-01-25 01:36:03,Class A,352978218_0,55.8939,10.844417,Constrained by her draught,0.0,11.8,68.0,70.0,9235725,3E3335,FUGA BLUEMARINE,Tanker,No additional information,43.0,248.0,GPS,14.4,FOR ORDER,20/01/2025 07:00:00,AIS,POINT (10.844417 55.8939),352978218_0,0 days 00:01:00,-9.477300137859266e-06,67.93445297615102,0.0,0,4.83626295676786,55.8939,10.844417
2025-01-25 01:37:03,2025-01-25 01:37:03,Class A,352978218_0,55.89515,10.849983,Constrained by her draught,0.0,11.9,68.0,70.0,9235725,3E3335,FUGA BLUEMARINE,Tanker,No additional information,43.0,248.0,GPS,14.4,FOR ORDER,20/01/2025 07:00:00,AIS,POINT (10.849983 55.89515),352978218_0,0 days 00:01:00,1.0613412841983863e-06,68.17069692922189,0.0,0,4.830732058308451,55.89515,10.849983
2025-01-25 01:38:03,2025-01-25 01:38:03,Class A,352978218_0,55.896383,10.855467,Constrained by her draught,0.0,12.0,68.0,70.0,9235725,3E3335,FUGA BLUEMARINE,Tanker,No additional information,43.0,248.0,GPS,14.4,FOR ORDER,20/01/2025 07:00:00,AIS,POINT (10.855467 55.896383),352978218_0,0 days 00:01:00,-1.5212060853752717e-06,68.14737424315092,0.0,0,4.82528307650463,55.896383,10.855467
2025-01-25 01:39:03,2025-01-25 01:39:03,Class A,352978218_0,55.897567,10.860817,Constrained by her draught,0.0,12.0,68.0,70.0,9235725,3E3335,FUGA BLUEMARINE,Tanker,No additional information,43.0,248.0,GPS,14.4,FOR ORDER,20/01/2025 07:00:00,AIS,POINT (10.860817 55.897567),352978218_0,0 days 00:01:00,-2.7262034859480726e-06,68.45802144646359,0.0,0,4.819967105778419,55.897567,10.860817
2025-01-25 01:40:03,2025-01-25 01:40:03,Class A,352978218_0,55.898833,10.8665,Constrained by her draught,0.0,12.0,67.0,69.0,9235725,3E3335,FUGA BLUEMARINE,Tanker,No additional information,43.0,248.0,GPS,14.4,FOR ORDER,20/01/2025 07:00:00,AIS,POINT (10.8665 55.898833),352978218_0,0 days 00:01:00,6.31087160533232e-06,68.3281818857784,0.0,0,4.814320883140736,55.898833,10.8665
2025-01-25 01:41:03,2025-01-25 01:41:03,Class A,352978218_0,55.8999,10.870967,Constrained by her draught,0.0,11.9,67.0,68.0,9235725,3E3335,FUGA BLUEMARINE,Tanker,No additional information,43.0,248.0,GPS,14.4,FOR ORDER,20/01/2025 07:00:00,AIS,POINT (10.870967 55.8999),352978218_0,0 days 00:01:00,-2.1887895029737657e-05,66.92184001811688,0.0,0,4.809885081205683,55.8999,10.870967
2025-01-25 01:42:03,2025-01-25 01:42:03,Class A,352978218_0,55.90165,10.878283,Constrained by her draught,0.0,11.9,65.0,67.0,9235725,3E3335,FUGA BLUEMARINE,Tanker,No additional information,43.0,248.0,GPS,14.4,FOR ORDER,20/01/2025 07:00:00,AIS,POINT (10.878283 55.90165),352978218_0,0 days 00:01:00,5.3819262675569393e-05,66.89059589538977,0.0,0,4.8026208838684115,55.90165,10.878283
2025-01-25 01:43:04,2025-01-25 01:43:04,Class A,352978218_0,55.902867,10.882817,Constrained by her draught,0.0,11.9,64.0,66.0,9235725,3E3335,FUGA BLUEMARINE,Tanker,No additional information,43.0,248.0,GPS,14.4,FOR ORDER,20/01/2025 07:00:00,AIS,POINT (10.882817 55.902867),352978218_0,0 days 00:01:01,-5.14288430643611e-05,64.41318225318139,0.0,0,4.798123153878609,55.902867,10.882817
2025-01-25 01:44:04,2025-01-25 01:44:04,Class A,352978218_0,55.904383,10.8882,Constrained by her draught,0.0,12.0,63.0,65.0,9235725,3E3335,FUGA BLUEMARINE,Tanker,No additional information,43.0,248.0,GPS,14.4,FOR ORDER,20/01/2025 07:00:00,AIS,POINT (10.8882 55.904383),352978218_0,0 days 00:01:00,1.874400178331069e-05,63.32374519370967,0.0,0,4.792785752904568,55.904383,10.8882
2025-01-25 01:45:04,2025-01-25 01:45:04,Class A,352978218_0,55.90585,10.8933,Constrained by her draught,0.0,12.0,62.0,65.0,9235725,3E3335,FUGA BLUEMARINE,Tanker,No additional information,43.0,248.0,GPS,14.4,FOR ORDER,20/01/2025 07:00:00,AIS,POINT (10.8933 55.90585),352978218_0,0 days 00:01:00,-5.074112290149886e-06,62.833819171882055,0.0,0,4.7877303860334495,55.90585,10.8933
2025-01-25 01:46:04,2025-01-25 01:46:04,Class A,352978218_0,55.90735,10.898567,Constrained by her draught,0.0,11.9,62.0,65.0,9235725,3E3335,FUGA BLUEMARINE,Tanker,No additional information,43.0,248.0,GPS,14.4,FOR ORDER,20/01/2025 07:00:00,AIS,POINT (10.898567 55.90735),352978218_0,0 days 00:01:00,3.0454346146885388e-06,63.06432881334524,0.0,0,4.782509609180623,55.90735,10.898567
2025-01-25 01:47:04,2025-01-25 01:47:04,Class A,352978218_0,55.90905,10.904667,Constrained by her draught,0.0,11.9,63.0,65.0,9235725,3E3335,FUGA BLUEMARINE,Tanker,No additional information,43.0,248.0,GPS,14.4,FOR ORDER,20/01/2025 07:00:00,AIS,POINT (10.904667 55.90905),352978218_0,0 days 00:01:00,1.5705304964240103e-05,63.56109429149848,0.0,0,4.776462745893136,55.90905,10.904667
2025-01-25 01:48:04,2025-01-25 01:48:04,Class A,352978218_0,55.910317,10.909083,Constrained by her draught,0.0,11.9,63.0,65.0,9235725,3E3335,FUGA BLUEMARINE,Tanker,No additional information,43.0,248.0,GPS,14.4,FOR ORDER,20/01/2025 07:00:00,AIS,POINT (10.909083 55.910317),352978218_0,0 days 00:01:00,-3.2155514100246375e-05,62.890930983864905,0.0,0,4.77208677092632,55.910317,10.909083
2025-01-25 01:49:04,2025-01-25 01:49:04,Class A,352978218_0,55.911833,10.914417,Constrained by her draught,0.0,11.9,63.0,65.0,9235725,3E3335,FUGA BLUEMARINE,Tanker,No additional information,43.0,248.0,GPS,14.4,FOR ORDER,20/01/2025 07:00:00,AIS,POINT (10.914417 55.911833),352978218_0,0 days 00:01:00,1.7702696700163602e-05,63.10858209966659,0.0,0,4.766801224867888,55.911833,10.914417
2025-01-25 01:50:04,2025-01-25 01:50:04,Class A,352978218_0,55.913267,10.919533,Constrained by her draught,0.0,11.9,63.0,64.0,9235725,3E3335,FUGA BLUEMARINE,Tanker,No additional information,43.0,248.0,GPS,14.4,FOR ORDER,20/01/2025 07:00:00,AIS,POINT (10.919533 55.913267),352978218_0,0 days 00:01:00,-4.525460216162937e-06,63.427244323826415,0.0,0,4.76173163515648,55.913267,10.919533
2025-01-25 01:51:04,2025-01-25 01:51:04,Class A,352978218_0,55.91485,10.924833,Constrained by her draught,0.0,11.8,61.0,63.0,9235725,3E3335,FUGA BLUEMARINE,Tanker,No additional information,43.0,248.0,GPS,14.4,FOR ORDER,20/01/2025 07:00:00,AIS,POINT (10.924833 55.91485),352978218_0,0 days 00:01:00,4.949299975513308e-06,61.94281979196842,0.0,0,4.7564833157879365,55.91485,10.924833
2025-01-25 01:52:04,2025-01-25 01:52:04,Class A,352978218_0,55.91665,10.930683,Constrained by her draught,0.0,11.8,61.0,63.0,9235725,3E3335,FUGA BLUEMARINE,Tanker,No additional information,43.0,248.0,GPS,14.4,FOR ORDER,20/01/2025 07:00:00,AIS,POINT (10.930683 55.91665),352978218_0,0 days 00:01:00,1.1591103691867277e-05,61.2287113691836,0.0,0,4.750692772866817,55.91665,10.930683
2025-01-25 01:53:04,2025-01-25 01:53:04,Class A,352978218_0,55.918017,10.93505,Constrained by her draught,0.0,11.7,60.0,63.0,9235725,3E3335,FUGA BLUEMARINE,Tanker,No additional information,43.0,248.0,GPS,14.4,FOR ORDER,20/01/2025 07:00:00,AIS,POINT (10.93505 55.918017),352978218_0,0 days 00:01:00,-2.9024980810706312e-05,60.81073510179448,0.0,0,4.7463714420311645,55.918017,10.93505
2025-01-25 01:54:04,2025-01-25 01:54:04,Class A,352978218_0,55.919567,10.94005,Constrained by her draught,0.0,11.6,61.0,62.0,9235725,3E3335,FUGA BLUEMARINE,Tanker,No additional information,43.0,248.0,GPS,14.4,FOR ORDER,20/01/2025 07:00:00,AIS,POINT (10.94005 55.919567),352978218_0,0 days 00:01:00,1.2356671867358882e-05,61.04618755809315,0.0,0,4.741423828211206,55.919567,10.94005
2025-01-25 01:55:04,2025-01-25 01:55:04,Class A,352978218_0,55.921267,10.94515,Constrained by her draught,0.0,11.6,59.0,60.0,9235725,3E3335,FUGA BLUEMARINE,Tanker,No additional information,43.0,248.0,GPS,14.4,FOR ORDER,20/01/2025 07:00:00,AIS,POINT (10.94515 55.921267),352978218_0,0 days 00:01:00,3.8097644390323467e-06,59.250625369414195,0.0,0,4.736381788467754,55.921267,10.94515
2025-01-25 02:01:04,2025-01-25 02:01:04,Class A,352978218_0,55.932533,10.973667,Constrained by her draught,0.0,11.4,44.0,45.0,9235725,3E3335,FUGA BLUEMARINE,Tanker,No additional information,43.0,248.0,GPS,14.4,FOR ORDER,20/01/2025 07:00:00,AIS,POINT (10.973667 55.932533),352978218_0,0 days 00:06:00,-3.4814017166152043e-07,54.798463098301966,0.0,0,4.708264289608432,55.932533,10.973667
2025-01-25 02:02:04,2025-01-25 02:02:04,Class A,352978218_0,55.934517,10.9769,Constrained by her draught,0.0,11.4,44.0,45.0,9235725,3E3335,FUGA BLUEMARINE,Tanker,No additional information,43.0,248.0,GPS,14.4,FOR ORDER,20/01/2025 07:00:00,AIS,POINT (10.9769 55.934517),352978218_0,0 days 00:01:00,-1.77525353122246e-05,42.38823653031778,0.0,0,4.705103793289687,55.934517,10.9769
2025-01-25 02:03:04,2025-01-25 02:03:04,Class A,352978218_0,55.9368,10.98095,Constrained by her draught,0.0,11.5,44.0,44.0,9235725,3E3335,FUGA BLUEMARINE,Tanker,No additional information,43.0,248.0,GPS,14.4,FOR ORDER,20/01/2025 07:00:00,AIS,POINT (10.98095 55.9368),352978218_0,0 days 00:01:00,1.6483687953534178e-05,44.81579637597281,0.0,0,4.701138598483138,55.9368,10.98095
2025-01-25 02:10:04,2025-01-25 02:10:04,Class A,352978218_0,55.954517,11.007267,Constrained by her draught,0.0,11.7,39.0,40.0,9235725,3E3335,FUGA BLUEMARINE,Tanker,No additional information,43.0,248.0,GPS,14.4,FOR ORDER,20/01/2025 07:00:00,AIS,POINT (11.007267 55.954517),352978218_0,0 days 00:07:00,3.233912050724393e-07,39.742716241399535,0.0,0,4.675518456854383,55.954517,11.007267
2025-01-25 02:11:04,2025-01-25 02:11:04,Class A,352978218_0,55.957067,11.011,Constrained by her draught,0.0,11.7,39.0,40.0,9235725,3E3335,FUGA BLUEMARINE,Tanker,No additional information,43.0,248.0,GPS,14.4,FOR ORDER,20/01/2025 07:00:00,AIS,POINT (11.011 55.957067),352978218_0,0 days 00:01:00,1.4808335038795153e-07,39.3348107601318,0.0,0,4.671891878567933,55.957067,11.011
2025-01-25 02:12:04,2025-01-25 02:12:04,Class A,352978218_0,55.959067,11.0139,Constrained by her draught,0.0,11.5,38.0,39.0,9235725,3E3335,FUGA BLUEMARINE,Tanker,No additional information,43.0,248.0,GPS,14.4,FOR ORDER,20/01/2025 07:00:00,AIS,POINT (11.0139 55.959067),352978218_0,0 days 00:01:00,-2.2319533823844718e-05,39.06535712075339,0.0,0,4.669076414734397,55.959067,11.0139
2025-01-25 02:21:03,2025-01-25 02:21:03,Class A,352978218_0,55.982617,11.043917,Constrained by her draught,0.0,11.5,31.0,33.0,9235725,3E3335,FUGA BLUEMARINE,Tanker,No additional information,43.0,248.0,GPS,14.4,FOR ORDER,20/01/2025 07:00:00,AIS,POINT (11.043917 55.982617),352978218_0,0 days 00:08:59,2.2181205728012797e-06,35.48740706811088,0.0,0,4.6401230696594675,55.982617,11.043917
2025-01-25 02:22:03,2025-01-25 02:22:03,Class A,352978218_0,55.985067,11.0467,Constrained by her draught,0.0,11.5,31.0,33.0,9235725,3E3335,FUGA BLUEMARINE,Tanker,No additional information,43.0,248.0,GPS,14.4,FOR ORDER,20/01/2025 07:00:00,AIS,POINT (11.0467 55.985067),352978218_0,0 days 00:01:00,-9.828321890604947e-06,32.43329657100816,0.0,0,4.637457993106676,55.985067,11.0467
2025-01-25 02:23:03,2025-01-25 02:23:03,Class A,352978218_0,55.9881,11.04975,Constrained by her draught,0.0,11.1,32.0,34.0,9235725,3E3335,FUGA BLUEMARINE,Tanker,No additional information,43.0,248.0,GPS,14.4,FOR ORDER,20/01/2025 07:00:00,AIS,POINT (11.04975 55.9881),352978218_0,0 days 00:01:00,1.784923418760327e-05,29.35746388375253,0.0,0,4.63455551117343,55.9881,11.04975
2025-01-25 02:24:03,2025-01-25 02:24:03,Class A,352978218_0,55.990433,11.052717,Constrained by her draught,0.0,11.4,32.0,34.0,9235725,3E3335,FUGA BLUEMARINE,Tanker,No additional information,43.0,248.0,GPS,14.4,FOR ORDER,20/01/2025 07:00:00,AIS,POINT (11.052717 55.990433),352978218_0,0 days 00:01:00,-1.907071351731369e-05,35.42502203348698,0.0,0,4.631704190036536,55.990433,11.052717
2025-01-25 02:29:04,2025-01-25 02:29:04,Class A,352978218_0,56.004,11.06775,Constrained by her draught,0.0,11.5,30.0,32.0,9235725,3E3335,FUGA BLUEMARINE,Tanker,No additional information,43.0,248.0,GPS,14.4,FOR ORDER,20/01/2025 07:00:00,AIS,POINT (11.06775 56.004),352978218_0,0 days 00:05:01,1.9622765819565584e-06,31.778684897130063,0.0,0,4.617367208328573,56.004,11.06775
2025-01-25 02:30:04,2025-01-25 02:30:04,Class A,352978218_0,56.006717,11.070567,Constrained by her draught,0.0,11.5,30.0,34.0,9235725,3E3335,FUGA BLUEMARINE,Tanker,No additional information,43.0,248.0,GPS,14.4,FOR ORDER,20/01/2025 07:00:00,AIS,POINT (11.070567 56.006717),352978218_0,0 days 00:01:00,-1.274080657291286e-06,30.099434801046016,0.0,0,4.614694660298338,56.006717,11.070567
2025-01-25 02:37:04,2025-01-25 02:37:04,Class A,352978218_0,56.026067,11.09195,Constrained by her draught,0.0,11.4,31.0,34.0,9235725,3E3335,FUGA BLUEMARINE,Tanker,No additional information,43.0,248.0,GPS,14.4,FOR ORDER,20/01/2025 07:00:00,AIS,POINT (11.09195 56.026067),352978218_0,0 days 00:07:00,4.808150500345894e-07,31.69402024070888,0.0,0,4.59439397976806,56.026067,11.09195
2025-01-25 02:38:04,2025-01-25 02:38:04,Class A,352978218_0,56.028267,11.0945,Constrained by her draught,0.0,11.3,31.0,32.0,9235725,3E3335,FUGA BLUEMARINE,Tanker,No additional information,43.0,248.0,GPS,14.4,FOR ORDER,20/01/2025 07:00:00,AIS,POINT (11.0945 56.028267),352978218_0,0 days 00:01:00,-1.9429249041753064e-05,32.93006117271659,0.0,0,4.591973011792317,56.028267,11.0945
2025-01-25 02:39:04,2025-01-25 02:39:04,Class A,352978218_0,56.030833,11.097217,Constrained by her draught,0.0,11.3,30.0,32.0,9235725,3E3335,FUGA BLUEMARINE,Tanker,No additional information,43.0,248.0,GPS,14.4,FOR ORDER,20/01/2025 07:00:00,AIS,POINT (11.097217 56.030833),352978218_0,0 days 00:01:00,1.1144005113366758e-05,30.609410626417173,0.0,0,4.589407591596326,56.030833,11.097217
2025-01-25 02:40:04,2025-01-25 02:40:04,Class A,352978218_0,56.03365,11.09995,Constrained by her draught,0.0,11.2,29.0,30.0,9235725,3E3335,FUGA BLUEMARINE,Tanker,No additional information,43.0,248.0,GPS,14.4,FOR ORDER,20/01/2025 07:00:00,AIS,POINT (11.09995 56.03365),352978218_0,0 days 00:01:00,6.8872115565998525e-06,28.45946732484265,0.0,0,4.586842428212245,56.03365,11.09995
2025-01-25 02:41:03,2025-01-25 02:41:03,Class A,352978218_0,56.036367,11.1026,Constrained by her draught,0.0,11.2,27.0,29.0,9235725,3E3335,FUGA BLUEMARINE,Tanker,No additional information,43.0,248.0,GPS,14.4,FOR ORDER,20/01/2025 07:00:00,AIS,POINT (11.1026 56.036367),352978218_0,0 days 00:00:59,-1.8125446152061902e-06,28.585278067831325,0.0,0,4.584356154841047,56.036367,11.1026
2025-01-25 02:42:03,2025-01-25 02:42:03,Class A,352978218_0,56.039167,11.10525,Constrained by her draught,0.0,11.2,27.0,30.0,9235725,3E3335,FUGA BLUEMARINE,Tanker,No additional information,43.0,248.0,GPS,14.4,FOR ORDER,20/01/2025 07:00:00,AIS,POINT (11.10525 56.039167),352978218_0,0 days 00:01:00,6.364757194191918e-07,27.86515269165011,0.0,0,4.581876617231089,56.039167,11.10525
2025-01-25 02:43:03,2025-01-25 02:43:03,Class A,352978218_0,56.041917,11.107867,Constrained by her draught,0.0,11.2,27.0,30.0,9235725,3E3335,FUGA BLUEMARINE,Tanker,No additional information,43.0,248.0,GPS,14.4,FOR ORDER,20/01/2025 07:00:00,AIS,POINT (11.107867 56.041917),352978218_0,0 days 00:01:00,-1.635224462708682e-06,27.99357609928643,0.0,0,4.5794289138697195,56.041917,11.107867
2025-01-25 02:44:03,2025-01-25 02:44:03,Class A,352978218_0,56.044667,11.1105,Constrained by her draught,0.0,11.2,28.0,30.0,9235725,3E3335,FUGA BLUEMARINE,Tanker,No additional information,43.0,248.0,GPS,14.4,FOR ORDER,20/01/2025 07:00:00,AIS,POINT (11.1105 56.044667),352978218_0,0 days 00:01:00,1.2905087652457895e-07,28.136862875841018,0.0,0,4.576967079740578,56.044667,11.1105
2025-01-25 02:45:03,2025-01-25 02:45:03,Class A,352978218_0,56.047317,11.113083,Constrained by her draught,0.0,11.2,28.0,30.0,9235725,3E3335,FUGA BLUEMARINE,Tanker,No additional information,43.0,248.0,GPS,14.4,FOR ORDER,20/01/2025 07:00:00,AIS,POINT (11.113083 56.047317),352978218_0,0 days 00:01:00,-3.1337788367223995e-06,28.563065992523264,0.0,0,4.574550852187568,56.047317,11.113083
2025-01-25 02:46:03,2025-01-25 02:46:03,Class A,352978218_0,56.05015,11.115883,Constrained by her draught,0.0,11.3,28.0,30.0,9235725,3E3335,FUGA BLUEMARINE,Tanker,No additional information,43.0,248.0,GPS,14.4,FOR ORDER,20/01/2025 07:00:00,AIS,POINT (11.115883 56.05015),352978218_0,0 days 00:01:00,6.767726675559121e-06,28.896748114864522,0.0,0,4.571931116297467,56.05015,11.115883
2025-01-25 02:47:03,2025-01-25 02:47:03,Class A,352978218_0,56.05285,11.118583,Constrained by her draught,0.0,11.3,28.0,30.0,9235725,3E3335,FUGA BLUEMARINE,Tanker,No additional information,43.0,248.0,GPS,14.4,FOR ORDER,20/01/2025 07:00:00,AIS,POINT (11.118583 56.05285),352978218_0,0 days 00:01:00,-4.437767212185408e-06,29.17994575625636,0.0,0,4.569404813142408,56.05285,11.118583
2025-01-25 02:56:03,2025-01-25 02:56:03,Class A,352978218_0,56.077567,11.14415,Constrained by her draught,0.0,11.6,30.0,31.0,9235725,3E3335,FUGA BLUEMARINE,Tanker,No additional information,43.0,248.0,GPS,14.4,FOR ORDER,20/01/2025 07:00:00,AIS,POINT (11.14415 56.077567),352978218_0,0 days 00:09:00,2.7136050596292754e-07,29.99354226255531,0.0,0,4.545513715206346,56.077567,11.14415
2025-01-25 02:57:03,2025-01-25 02:57:03,Class A,352978218_0,56.080667,11.14725,Constrained by her draught,0.0,11.6,29.0,30.0,9235725,3E3335,FUGA BLUEMARINE,Tanker,No additional information,43.0,248.0,GPS,14.4,FOR ORDER,20/01/2025 07:00:00,AIS,POINT (11.14725 56.080667),352978218_0,0 days 00:01:00,1.1716301999487235e-05,29.162310377207575,0.0,0,4.5426344304301,56.080667,11.14725
2025-01-25 02:58:03,2025-01-25 02:58:03,Class A,352978218_0,56.0832,11.14985,Constrained by her draught,0.0,11.5,28.0,30.0,9235725,3E3335,FUGA BLUEMARINE,Tanker,No additional information,43.0,248.0,GPS,14.4,FOR ORDER,20/01/2025 07:00:00,AIS,POINT (11.14985 56.0832),352978218_0,0 days 00:01:00,-1.952272044008045e-05,29.80155962913517,0.0,0,4.540216726561408,56.0832,11.14985
2025-01-25 02:59:03,2025-01-25 02:59:03,Class A,352978218_0,56.085883,11.1525,Constrained by her draught,0.0,11.5,28.0,30.0,9235725,3E3335,FUGA BLUEMARINE,Tanker,No additional information,43.0,248.0,GPS,14.4,FOR ORDER,20/01/2025 07:00:00,AIS,POINT (11.1525 56.085883),352978218_0,0 days 00:01:00,4.465459454808281e-06,28.858331978822093,0.0,0,4.537761321780267,56.085883,11.1525
2025-01-25 03:00:03,2025-01-25 03:00:03,Class A,352978218_0,56.088783,11.155267,Constrained by her draught,0.0,11.4,27.0,28.0,9235725,3E3335,FUGA BLUEMARINE,Tanker,No additional information,43.0,248.0,GPS,14.4,FOR ORDER,20/01/2025 07:00:00,AIS,POINT (11.155267 56.088783),352978218_0,0 days 00:01:00,6.862372582322271e-06,28.027047757782043,0.0,0,4.535206440902332,56.088783,11.155267
2025-01-25 03:01:03,2025-01-25 03:01:03,Class A,352978218_0,56.0916,11.157817,Constrained by her draught,0.0,11.4,25.0,29.0,9235725,3E3335,FUGA BLUEMARINE,Tanker,No additional information,43.0,248.0,GPS,14.4,FOR ORDER,20/01/2025 07:00:00,AIS,POINT (11.157817 56.0916),352978218_0,0 days 00:01:00,-4.009919462201718e-06,26.793160526343627,0.0,0,4.532864148792131,56.0916,11.157817
2025-01-25 03:02:03,2025-01-25 03:02:03,Class A,352978218_0,56.094433,11.160333,Constrained by her draught,0.0,11.4,27.0,31.0,9235725,3E3335,FUGA BLUEMARINE,Tanker,No additional information,43.0,248.0,GPS,14.4,FOR ORDER,20/01/2025 07:00:00,AIS,POINT (11.160333 56.094433),352978218_0,0 days 00:01:00,1.7756184132584028e-07,26.353956648816336,0.0,0,4.530558901864758,56.094433,11.160333
2025-01-25 03:03:03,2025-01-25 03:03:03,Class A,352978218_0,56.09725,11.1631,Constrained by her draught,0.0,11.4,29.0,32.0,9235725,3E3335,FUGA BLUEMARINE,Tanker,No additional information,43.0,248.0,GPS,14.4,FOR ORDER,20/01/2025 07:00:00,AIS,POINT (11.1631 56.09725),352978218_0,0 days 00:01:00,1.5697731961296398e-06,28.717391457630413,0.0,0,4.5280041535921765,56.09725,11.1631
2025-01-25 03:05:03,2025-01-25 03:05:03,Class A,352978218_0,56.1027,11.169067,Constrained by her draught,0.0,11.3,34.0,38.0,9235725,3E3335,FUGA BLUEMARINE,Tanker,No additional information,43.0,248.0,GPS,14.4,FOR ORDER,20/01/2025 07:00:00,AIS,POINT (11.169067 56.1027),352978218_0,0 days 00:02:00,-2.9307837818700097e-07,31.40803877074518,0.0,0,4.5224551821997085,56.1027,11.169067
2025-01-25 03:06:03,2025-01-25 03:06:03,Class A,352978218_0,56.1052,11.172367,Constrained by her draught,0.0,11.3,37.0,39.0,9235725,3E3335,FUGA BLUEMARINE,Tanker,No additional information,43.0,248.0,GPS,14.4,FOR ORDER,20/01/2025 07:00:00,AIS,POINT (11.172367 56.1052),352978218_0,0 days 00:01:00,-2.7244233696020923e-06,36.35719898250693,0.0,0,4.519351077356682,56.1052,11.172367
2025-01-25 03:07:03,2025-01-25 03:07:03,Class A,352978218_0,56.107717,11.175833,Constrained by her draught,0.0,11.2,37.0,39.0,9235725,3E3335,FUGA BLUEMARINE,Tanker,No additional information,43.0,248.0,GPS,14.4,FOR ORDER,20/01/2025 07:00:00,AIS,POINT (11.175833 56.107717),352978218_0,0 days 00:01:00,2.1443863234247e-06,37.519448478569245,0.0,0,4.516084393946818,56.107717,11.175833
2025-01-25 03:08:03,2025-01-25 03:08:03,Class A,352978218_0,56.110133,11.1792,Constrained by her draught,0.0,11.2,37.0,38.0,9235725,3E3335,FUGA BLUEMARINE,Tanker,No additional information,43.0,248.0,GPS,14.4,FOR ORDER,20/01/2025 07:00:00,AIS,POINT (11.1792 56.110133),352978218_0,0 days 00:01:00,-3.519845828543018e-06,37.849660279643786,0.0,0,4.512910429118331,56.110133,11.1792
2025-01-25 03:15:04,2025-01-25 03:15:04,Class A,352978218_0,56.127533,11.20225,Constrained by her draught,0.0,10.9,37.0,43.0,9235725,3E3335,FUGA BLUEMARINE,Tanker,No additional information,43.0,248.0,GPS,14.4,FOR ORDER,20/01/2025 07:00:00,AIS,POINT (11.20225 56.127533),352978218_0,0 days 00:07:01,1.0070981514043245e-07,36.43594970078823,0.0,0,4.4912934825888415,56.127533,11.20225
2025-01-25 03:16:04,2025-01-25 03:16:04,Class A,352978218_0,56.129867,11.205683,Constrained by her draught,0.0,10.9,40.0,45.0,9235725,3E3335,FUGA BLUEMARINE,Tanker,No additional information,43.0,248.0,GPS,14.4,FOR ORDER,20/01/2025 07:00:00,AIS,POINT (11.205683 56.129867),352978218_0,0 days 00:01:00,-1.993611649046721e-06,39.34198041655674,0.0,0,4.488060045749164,56.129867,11.205683
2025-01-25 03:17:04,2025-01-25 03:17:04,Class A,352978218_0,56.132167,11.20935,Constrained by her draught,0.0,10.8,41.0,45.0,9235725,3E3335,FUGA BLUEMARINE,Tanker,No additional information,43.0,248.0,GPS,14.4,FOR ORDER,20/01/2025 07:00:00,AIS,POINT (11.20935 56.132167),352978218_0,0 days 00:01:00,1.8261087296242457e-06,41.620310048022304,0.0,0,4.484592126596241,56.132167,11.20935
2025-01-25 03:18:04,2025-01-25 03:18:04,Class A,352978218_0,56.134367,11.212883,Constrained by her draught,0.0,10.8,41.0,46.0,9235725,3E3335,FUGA BLUEMARINE,Tanker,No additional information,43.0,248.0,GPS,14.4,FOR ORDER,20/01/2025 07:00:00,AIS,POINT (11.212883 56.134367),352978218_0,0 days 00:01:00,-3.850850518689785e-06,41.82433582217254,0.0,0,4.481251038856225,56.134367,11.212883
2025-01-25 03:19:04,2025-01-25 03:19:04,Class A,352978218_0,56.136633,11.21655,Constrained by her draught,0.0,10.8,41.0,46.0,9235725,3E3335,FUGA BLUEMARINE,Tanker,No additional information,43.0,248.0,GPS,14.4,FOR ORDER,20/01/2025 07:00:00,AIS,POINT (11.21655 56.136633),352978218_0,0 days 00:01:00,3.063155582771285e-06,42.041032735756914,0.0,0,4.477783242425319,56.136633,11.21655
2025-01-25 03:20:04,2025-01-25 03:20:04,Class A,352978218_0,56.138833,11.220083,Constrained by her draught,0.0,10.8,41.0,46.0,9235725,3E3335,FUGA BLUEMARINE,Tanker,No additional information,43.0,248.0,GPS,14.4,FOR ORDER,20/01/2025 07:00:00,AIS,POINT (11.220083 56.138833),352978218_0,0 days 00:01:00,-3.067840437555068e-06,41.8210286650621,0.0,0,4.4744449513952,56.138833,11.220083
2025-01-25 03:21:04,2025-01-25 03:21:04,Class A,352978218_0,56.14105,11.223667,Constrained by her draught,0.0,10.8,41.0,46.0,9235725,3E3335,FUGA BLUEMARINE,Tanker,No additional information,43.0,248.0,GPS,14.4,FOR ORDER,20/01/2025 07:00:00,AIS,POINT (11.223667 56.14105),352978218_0,0 days 00:01:00,9.775960544939223e-07,42.00833681864708,0.0,0,4.471058646104409,56.14105,11.223667
2025-01-25 03:22:04,2025-01-25 03:22:04,Class A,352978218_0,56.143133,11.227083,Constrained by her draught,0.0,10.8,42.0,46.0,9235725,3E3335,FUGA BLUEMARINE,Tanker,No additional information,43.0,248.0,GPS,14.4,FOR ORDER,20/01/2025 07:00:00,AIS,POINT (11.227083 56.143133),352978218_0,0 days 00:01:00,-5.020420764806412e-06,42.415578805516816,0.0,0,4.467829848334199,56.143133,11.227083
2025-01-25 03:23:04,2025-01-25 03:23:04,Class A,352978218_0,56.145417,11.2308,Constrained by her draught,0.0,10.8,42.0,45.0,9235725,3E3335,FUGA BLUEMARINE,Tanker,No additional information,43.0,248.0,GPS,14.4,FOR ORDER,20/01/2025 07:00:00,AIS,POINT (11.2308 56.145417),352978218_0,0 days 00:01:00,8.093300844833034e-06,42.195003449267006,0.0,0,4.464319448721048,56.145417,11.2308
2025-01-25 03:24:04,2025-01-25 03:24:04,Class A,352978218_0,56.147733,11.234483,Constrained by her draught,0.0,10.8,40.0,45.0,9235725,3E3335,FUGA BLUEMARINE,Tanker,No additional information,43.0,248.0,GPS,14.4,FOR ORDER,20/01/2025 07:00:00,AIS,POINT (11.234483 56.147733),352978218_0,0 days 00:01:00,3.4158821143988443e-07,41.535444371626795,0.0,0,4.460847164481876,56.147733,11.234483
2025-01-25 03:25:04,2025-01-25 03:25:04,Class A,352978218_0,56.149967,11.237967,Constrained by her draught,0.0,10.8,41.0,45.0,9235725,3E3335,FUGA BLUEMARINE,Tanker,No additional information,43.0,248.0,GPS,14.4,FOR ORDER,20/01/2025 07:00:00,AIS,POINT (11.237967 56.149967),352978218_0,0 days 00:01:00,-4.1756900448584615e-06,40.98001286040028,0.0,0,4.457567625845513,56.149967,11.237967
2025-01-25 03:26:03,2025-01-25 03:26:03,Class A,352978218_0,56.152267,11.241567,Constrained by her draught,0.0,10.8,40.0,45.0,9235725,3E3335,FUGA BLUEMARINE,Tanker,No additional information,43.0,248.0,GPS,14.4,FOR ORDER,20/01/2025 07:00:00,AIS,POINT (11.241567 56.152267),352978218_0,0 days 00:00:59,4.5289002221718275e-06,41.08149573391728,0.0,0,4.454179671812308,56.152267,11.241567
2025-01-25 03:27:03,2025-01-25 03:27:03,Class A,352978218_0,56.15445,11.245083,Constrained by her draught,0.0,10.8,41.0,46.0,9235725,3E3335,FUGA BLUEMARINE,Tanker,No additional information,43.0,248.0,GPS,14.4,FOR ORDER,20/01/2025 07:00:00,AIS,POINT (11.245083 56.15445),352978218_0,0 days 00:01:00,-5.273495463052758e-06,41.893003830373175,0.0,0,4.450866715929494,56.15445,11.245083
2025-01-25 03:28:03,2025-01-25 03:28:03,Class A,352978218_0,56.156733,11.24875,Constrained by her draught,0.0,10.8,42.0,46.0,9235725,3E3335,FUGA BLUEMARINE,Tanker,No additional information,43.0,248.0,GPS,14.4,FOR ORDER,20/01/2025 07:00:00,AIS,POINT (11.24875 56.156733),352978218_0,0 days 00:01:00,4.040433045251456e-06,41.813252782669565,0.0,0,4.447413502154371,56.156733,11.24875
2025-01-25 03:29:03,2025-01-25 03:29:03,Class A,352978218_0,56.159067,11.252483,Constrained by her draught,0.0,10.8,41.0,46.0,9235725,3E3335,FUGA BLUEMARINE,Tanker,No additional information,43.0,248.0,GPS,14.4,FOR ORDER,20/01/2025 07:00:00,AIS,POINT (11.252483 56.159067),352978218_0,0 days 00:01:00,1.932659932981067e-06,41.69040437928817,0.0,0,4.443900568447724,56.159067,11.252483
2025-01-25 03:30:03,2025-01-25 03:30:03,Class A,352978218_0,56.161267,11.256117,Constrained by her draught,0.0,10.8,42.0,47.0,9235725,3E3335,FUGA BLUEMARINE,Tanker,No additional information,43.0,248.0,GPS,14.4,FOR ORDER,20/01/2025 07:00:00,AIS,POINT (11.256117 56.161267),352978218_0,0 days 00:01:00,-4.220424770044331e-06,42.60799324298938,0.0,0,4.440475909087449,56.161267,11.256117
2025-01-25 03:31:03,2025-01-25 03:31:03,Class A,352978218_0,56.163317,11.2597,Constrained by her draught,0.0,10.8,43.0,46.0,9235725,3E3335,FUGA BLUEMARINE,Tanker,No additional information,43.0,248.0,GPS,14.4,FOR ORDER,20/01/2025 07:00:00,AIS,POINT (11.2597 56.163317),352978218_0,0 days 00:01:00,-3.97498304498512e-06,44.221894148534886,0.0,0,4.437090046959718,56.163317,11.2597
2025-01-25 03:32:03,2025-01-25 03:32:03,Class A,352978218_0,56.165567,11.263417,Constrained by her draught,0.0,10.8,41.0,44.0,9235725,3E3335,FUGA BLUEMARINE,Tanker,No additional information,43.0,248.0,GPS,14.4,FOR ORDER,20/01/2025 07:00:00,AIS,POINT (11.263417 56.165567),352978218_0,0 days 00:01:00,6.078193668967814e-06,42.607923543633945,0.0,0,4.433589990017795,56.165567,11.263417
2025-01-25 03:41:03,2025-01-25 03:41:03,Class A,352978218_0,56.1875,11.292717,Constrained by her draught,0.0,11.0,29.0,34.0,9235725,3E3335,FUGA BLUEMARINE,Tanker,No additional information,43.0,248.0,GPS,14.4,FOR ORDER,20/01/2025 07:00:00,AIS,POINT (11.292717 56.1875),352978218_0,0 days 00:09:00,-7.171902461985224e-08,36.62241239398634,0.0,0,4.4064518862691555,56.1875,11.292717
2025-01-25 03:42:03,2025-01-25 03:42:03,Class A,352978218_0,56.19015,11.295517,Constrained by her draught,0.0,11.0,31.0,35.0,9235725,3E3335,FUGA BLUEMARINE,Tanker,No additional information,43.0,248.0,GPS,14.4,FOR ORDER,20/01/2025 07:00:00,AIS,POINT (11.295517 56.19015),352978218_0,0 days 00:01:00,1.1313662390579372e-06,30.452461159281142,0.0,0,4.403918930487368,56.19015,11.295517
2025-01-25 03:43:03,2025-01-25 03:43:03,Class A,352978218_0,56.192667,11.298333,Constrained by her draught,0.0,11.0,32.0,35.0,9235725,3E3335,FUGA BLUEMARINE,Tanker,No additional information,43.0,248.0,GPS,14.4,FOR ORDER,20/01/2025 07:00:00,AIS,POINT (11.298333 56.192667),352978218_0,0 days 00:01:00,-3.376311857288345e-06,31.901862135235945,0.0,0,4.401359085015673,56.192667,11.298333
2025-01-25 03:50:04,2025-01-25 03:50:04,Class A,352978218_0,56.21125,11.317583,Constrained by her draught,0.0,10.9,29.0,32.0,9235725,3E3335,FUGA BLUEMARINE,Tanker,No additional information,43.0,248.0,GPS,14.4,FOR ORDER,20/01/2025 07:00:00,AIS,POINT (11.317583 56.21125),352978218_0,0 days 00:07:01,4.039738869937208e-07,29.943981389813814,0.0,0,4.384046776069912,56.21125,11.317583
2025-01-25 03:51:04,2025-01-25 03:51:04,Class A,352978218_0,56.213933,11.32035,Constrained by her draught,0.0,10.9,29.0,32.0,9235725,3E3335,FUGA BLUEMARINE,Tanker,No additional information,43.0,248.0,GPS,14.4,FOR ORDER,20/01/2025 07:00:00,AIS,POINT (11.32035 56.213933),352978218_0,0 days 00:01:00,1.1231199820302522e-06,29.83415161018104,0.0,0,4.381567320941788,56.213933,11.32035
2025-01-25 03:52:04,2025-01-25 03:52:04,Class A,352978218_0,56.2165,11.322933,Constrained by her draught,0.0,11.0,29.0,33.0,9235725,3E3335,FUGA BLUEMARINE,Tanker,No additional information,43.0,248.0,GPS,14.4,FOR ORDER,20/01/2025 07:00:00,AIS,POINT (11.322933 56.2165),352978218_0,0 days 00:01:00,-4.687333396416442e-06,29.227724084848887,0.0,0,4.379260954004567,56.2165,11.322933
2025-01-25 03:53:04,2025-01-25 03:53:04,Class A,352978218_0,56.2192,11.325733,Constrained by her draught,0.0,11.0,30.0,33.0,9235725,3E3335,FUGA BLUEMARINE,Tanker,No additional information,43.0,248.0,GPS,14.4,FOR ORDER,20/01/2025 07:00:00,AIS,POINT (11.325733 56.2192),352978218_0,0 days 00:01:00,5.423662291458584e-06,29.96790358707375,0.0,0,4.376754324207495,56.2192,11.325733
2025-01-25 03:54:04,2025-01-25 03:54:04,Class A,352978218_0,56.22185,11.328483,Constrained by her draught,0.0,11.0,30.0,33.0,9235725,3E3335,FUGA BLUEMARINE,Tanker,No additional information,43.0,248.0,GPS,14.4,FOR ORDER,20/01/2025 07:00:00,AIS,POINT (11.328483 56.22185),352978218_0,0 days 00:01:00,-1.7717316460198461e-06,29.982898294695588,0.0,0,4.374294238316508,56.22185,11.328483
2025-01-25 03:55:04,2025-01-25 03:55:04,Class A,352978218_0,56.224533,11.331317,Constrained by her draught,0.0,11.0,29.0,33.0,9235725,3E3335,FUGA BLUEMARINE,Tanker,No additional information,43.0,248.0,GPS,14.4,FOR ORDER,20/01/2025 07:00:00,AIS,POINT (11.331317 56.224533),352978218_0,0 days 00:01:00,1.6093265096186766e-06,30.422355240880847,0.0,0,4.3717560251004395,56.224533,11.331317
2025-01-25 03:56:04,2025-01-25 03:56:04,Class A,352978218_0,56.227233,11.33405,Constrained by her draught,0.0,11.0,30.0,33.0,9235725,3E3335,FUGA BLUEMARINE,Tanker,No additional information,43.0,248.0,GPS,14.4,FOR ORDER,20/01/2025 07:00:00,AIS,POINT (11.33405 56.227233),352978218_0,0 days 00:01:00,-4.148165040559892e-07,29.36596352660132,0.0,0,4.369322052829821,56.227233,11.33405
2025-01-25 03:57:04,2025-01-25 03:57:04,Class A,352978218_0,56.229733,11.336733,Constrained by her draught,0.0,11.0,30.0,33.0,9235725,3E3335,FUGA BLUEMARINE,Tanker,No additional information,43.0,248.0,GPS,14.4,FOR ORDER,20/01/2025 07:00:00,AIS,POINT (11.336733 56.229733),352978218_0,0 days 00:01:00,-5.783943200828223e-06,30.818047889866023,0.0,0,4.36691859482931,56.229733,11.336733
2025-01-25 04:08:03,2025-01-25 04:08:03,Class A,352978218_0,56.25975,11.367217,Constrained by her draught,0.0,11.1,28.0,32.0,9235725,3E3335,FUGA BLUEMARINE,Tanker,No additional information,43.0,248.0,GPS,14.4,FOR ORDER,20/01/2025 07:00:00,AIS,POINT (11.367217 56.25975),352978218_0,0 days 00:10:59,6.39164208332827e-07,29.422983450281322,0.0,0,4.339917869096718,56.25975,11.367217
2025-01-25 04:09:03,2025-01-25 04:09:03,Class A,352978218_0,56.2624,11.36985,Constrained by her draught,0.0,11.2,28.0,33.0,9235725,3E3335,FUGA BLUEMARINE,Tanker,No additional information,43.0,248.0,GPS,14.4,FOR ORDER,20/01/2025 07:00:00,AIS,POINT (11.36985 56.2624),352978218_0,0 days 00:01:00,-3.4463727351115738e-06,28.89086144485816,0.0,0,4.337604198558001,56.2624,11.36985
2025-01-25 04:10:03,2025-01-25 04:10:03,Class A,352978218_0,56.26475,11.372233,Constrained by her draught,0.0,11.1,30.0,34.0,9235725,3E3335,FUGA BLUEMARINE,Tanker,No additional information,43.0,248.0,GPS,14.4,FOR ORDER,20/01/2025 07:00:00,AIS,POINT (11.372233 56.26475),352978218_0,0 days 00:01:00,-1.0200788008128334e-05,29.386006018384762,0.0,0,4.335506356098328,56.26475,11.372233
2025-01-25 04:11:03,2025-01-25 04:11:03,Class A,352978218_0,56.267583,11.375883,Constrained by her draught,0.0,11.2,30.0,34.0,9235725,3E3335,FUGA BLUEMARINE,Tanker,No additional information,43.0,248.0,GPS,14.4,FOR ORDER,20/01/2025 07:00:00,AIS,POINT (11.375883 56.267583),352978218_0,0 days 00:01:00,2.4357862875099145e-05,35.58171371246374,0.0,0,4.332207427405341,56.267583,11.375883
2025-01-25 04:12:03,2025-01-25 04:12:03,Class A,352978218_0,56.269933,11.378083,Constrained by her draught,0.0,11.2,30.0,34.0,9235725,3E3335,FUGA BLUEMARINE,Tanker,No additional information,43.0,248.0,GPS,14.4,FOR ORDER,20/01/2025 07:00:00,AIS,POINT (11.378083 56.269933),352978218_0,0 days 00:01:00,-2.5862416531619967e-05,27.466906334224234,0.0,0,4.330294861700066,56.269933,11.378083
2025-01-25 04:13:03,2025-01-25 04:13:03,Class A,352978218_0,56.273133,11.3812,Constrained by her draught,0.0,11.2,30.0,34.0,9235725,3E3335,FUGA BLUEMARINE,Tanker,No additional information,43.0,248.0,GPS,14.4,FOR ORDER,20/01/2025 07:00:00,AIS,POINT (11.3812 56.273133),352978218_0,0 days 00:01:00,3.062110830754679e-05,28.405696228212662,0.0,0,4.327572586941206,56.273133,11.3812
2025-01-25 04:14:03,2025-01-25 04:14:03,Class A,352978218_0,56.275567,11.383767,Constrained by her draught,0.0,11.2,30.0,34.0,9235725,3E3335,FUGA BLUEMARINE,Tanker,No additional information,43.0,248.0,GPS,14.4,FOR ORDER,20/01/2025 07:00:00,AIS,POINT (11.383767 56.275567),352978218_0,0 days 00:01:00,-2.5290881221499207e-05,30.35026460236685,0.0,0,4.325309130615522,56.275567,11.383767
2025-01-25 04:26:03,2025-01-25 04:26:03,Class A,352978218_0,56.308533,11.4172,Constrained by her draught,0.0,11.5,29.0,34.0,9235725,3E3335,FUGA BLUEMARINE,Tanker,No additional information,43.0,248.0,GPS,14.4,FOR ORDER,20/01/2025 07:00:00,AIS,POINT (11.4172 56.308533),352978218_0,0 days 00:12:00,8.554505006004067e-07,29.35783886507835,0.0,0,4.29614613183083,56.308533,11.4172
2025-01-25 04:27:03,2025-01-25 04:27:03,Class A,352978218_0,56.3112,11.420017,Constrained by her draught,0.0,11.5,30.0,35.0,9235725,3E3335,FUGA BLUEMARINE,Tanker,No additional information,43.0,248.0,GPS,14.4,FOR ORDER,20/01/2025 07:00:00,AIS,POINT (11.420017 56.3112),352978218_0,0 days 00:01:00,-1.8949231175709093e-06,30.36483120418569,0.0,0,4.293689276671636,56.3112,11.420017
2025-01-25 04:28:03,2025-01-25 04:28:03,Class A,352978218_0,56.313983,11.423067,Constrained by her draught,0.0,11.5,31.0,35.0,9235725,3E3335,FUGA BLUEMARINE,Tanker,No additional information,43.0,248.0,GPS,14.4,FOR ORDER,20/01/2025 07:00:00,AIS,POINT (11.423067 56.313983),352978218_0,0 days 00:01:00,5.1335737861281195e-06,31.293128658616865,0.0,0,4.291018228393117,56.313983,11.423067
2025-01-25 04:29:03,2025-01-25 04:29:03,Class A,352978218_0,56.316733,11.426033,Constrained by her draught,0.0,11.5,30.0,34.0,9235725,3E3335,FUGA BLUEMARINE,Tanker,No additional information,43.0,248.0,GPS,14.4,FOR ORDER,20/01/2025 07:00:00,AIS,POINT (11.426033 56.316733),352978218_0,0 days 00:01:00,-1.6223031008476853e-06,30.88597115979354,0.0,0,4.28842856170719,56.316733,11.426033
2025-01-25 04:30:03,2025-01-25 04:30:03,Class A,352978218_0,56.3196,11.429067,Constrained by her draught,0.0,11.6,31.0,36.0,9235725,3E3335,FUGA BLUEMARINE,Tanker,No additional information,43.0,248.0,GPS,14.4,FOR ORDER,20/01/2025 07:00:00,AIS,POINT (11.429067 56.3196),352978218_0,0 days 00:01:00,3.706528933406196e-06,30.406745618049683,0.0,0,4.285788817639642,56.3196,11.429067
2025-01-25 04:31:03,2025-01-25 04:31:03,Class A,352978218_0,56.3222,11.432117,Constrained by her draught,0.0,11.6,33.0,36.0,9235725,3E3335,FUGA BLUEMARINE,Tanker,No additional information,43.0,248.0,GPS,14.4,FOR ORDER,20/01/2025 07:00:00,AIS,POINT (11.432117 56.3222),352978218_0,0 days 00:01:00,-6.879142331070873e-06,33.04350404106094,0.0,0,4.283100992319117,56.3222,11.432117
2025-01-25 04:43:03,2025-01-25 04:43:03,Class A,352978218_0,56.355433,11.467233,Constrained by her draught,0.0,11.7,31.0,33.0,9235725,3E3335,FUGA BLUEMARINE,Tanker,No additional information,43.0,248.0,GPS,14.4,FOR ORDER,20/01/2025 07:00:00,AIS,POINT (11.467233 56.355433),352978218_0,0 days 00:12:00,2.77152479122211e-07,30.342317949035817,0.0,0,4.2527601693801165,56.355433,11.467233
2025-01-25 04:44:03,2025-01-25 04:44:03,Class A,352978218_0,56.358233,11.470083,Constrained by her draught,0.0,11.7,29.0,32.0,9235725,3E3335,FUGA BLUEMARINE,Tanker,No additional information,43.0,248.0,GPS,14.4,FOR ORDER,20/01/2025 07:00:00,AIS,POINT (11.470083 56.358233),352978218_0,0 days 00:01:00,1.5394758597422897e-07,29.417991599394213,0.0,0,4.250326664841891,56.358233,11.470083
2025-01-25 04:45:03,2025-01-25 04:45:03,Class A,352978218_0,56.360933,11.472883,Constrained by her draught,0.0,11.7,29.0,34.0,9235725,3E3335,FUGA BLUEMARINE,Tanker,No additional information,43.0,248.0,GPS,14.4,FOR ORDER,20/01/2025 07:00:00,AIS,POINT (11.472883 56.360933),352978218_0,0 days 00:01:00,-3.1137869502214966e-06,29.876059913031725,0.0,0,4.247931033722888,56.360933,11.472883
2025-01-25 04:55:03,2025-01-25 04:55:03,Class A,352978218_0,56.387967,11.505017,Constrained by her draught,0.0,11.5,32.0,36.0,9235725,3E3335,FUGA BLUEMARINE,Tanker,No additional information,43.0,248.0,GPS,14.4,FOR ORDER,20/01/2025 07:00:00,AIS,POINT (11.505017 56.387967),352978218_0,0 days 00:10:00,3.8066807919435573e-07,33.340775319530906,0.0,0,4.220013052632183,56.387967,11.505017
2025-01-25 04:56:03,2025-01-25 04:56:03,Class A,352978218_0,56.390633,11.508183,Constrained by her draught,0.0,11.5,33.0,37.0,9235725,3E3335,FUGA BLUEMARINE,Tanker,No additional information,43.0,248.0,GPS,14.4,FOR ORDER,20/01/2025 07:00:00,AIS,POINT (11.508183 56.390633),352978218_0,0 days 00:01:00,-1.4250396611922353e-06,33.31812557036153,0.0,0,4.2172754291919325,56.390633,11.508183
2025-01-25 04:57:03,2025-01-25 04:57:03,Class A,352978218_0,56.393167,11.51135,Constrained by her draught,0.0,11.5,34.0,37.0,9235725,3E3335,FUGA BLUEMARINE,Tanker,No additional information,43.0,248.0,GPS,14.4,FOR ORDER,20/01/2025 07:00:00,AIS,POINT (11.51135 56.393167),352978218_0,0 days 00:01:00,-3.3753971392865676e-06,34.67329047737587,0.0,0,4.2145194696345865,56.393167,11.51135
2025-01-25 04:58:03,2025-01-25 04:58:03,Class A,352978218_0,56.395983,11.5147,Constrained by her draught,0.0,11.5,34.0,37.0,9235725,3E3335,FUGA BLUEMARINE,Tanker,No additional information,43.0,248.0,GPS,14.4,FOR ORDER,20/01/2025 07:00:00,AIS,POINT (11.5147 56.395983),352978218_0,0 days 00:01:00,8.982163215295432e-06,33.360526577265944,0.0,0,4.211626815904396,56.395983,11.5147
2025-01-25 04:59:03,2025-01-25 04:59:03,Class A,352978218_0,56.398483,11.5179,Constrained by her draught,0.0,11.5,34.0,37.0,9235725,3E3335,FUGA BLUEMARINE,Tanker,No additional information,43.0,248.0,GPS,14.4,FOR ORDER,20/01/2025 07:00:00,AIS,POINT (11.5179 56.398483),352978218_0,0 days 00:01:00,-9.52232340937946e-06,35.31214461040338,0.0,0,4.20883755023225,56.398483,11.5179
2025-01-25 05:00:03,2025-01-25 05:00:03,Class A,352978218_0,56.401033,11.521217,Constrained by her draught,0.0,11.5,34.0,36.0,9235725,3E3335,FUGA BLUEMARINE,Tanker,No additional information,43.0,248.0,GPS,14.4,FOR ORDER,20/01/2025 07:00:00,AIS,POINT (11.521217 56.401033),352978218_0,0 days 00:01:00,2.4234268372950747e-06,35.74675560267599,0.0,0,4.205942239522791,56.401033,11.521217
2025-01-25 05:01:03,2025-01-25 05:01:03,Class A,352978218_0,56.4037,11.524533,Constrained by her draught,0.0,11.5,34.0,36.0,9235725,3E3335,FUGA BLUEMARINE,Tanker,No additional information,43.0,248.0,GPS,14.4,FOR ORDER,20/01/2025 07:00:00,AIS,POINT (11.524533 56.4037),352978218_0,0 days 00:01:00,2.9454103956329017e-06,34.527119906731,0.0,0,4.203067827488512,56.4037,11.524533
2025-01-25 05:02:03,2025-01-25 05:02:03,Class A,352978218_0,56.406333,11.527733,Constrained by her draught,0.0,11.5,33.0,35.0,9235725,3E3335,FUGA BLUEMARINE,Tanker,No additional information,43.0,248.0,GPS,14.4,FOR ORDER,20/01/2025 07:00:00,AIS,POINT (11.527733 56.406333),352978218_0,0 days 00:01:00,-1.9916458845858763e-06,33.91840651278096,0.0,0,4.200305224750458,56.406333,11.527733
2025-01-25 05:03:04,2025-01-25 05:03:04,Class A,352978218_0,56.40905,11.53095,Constrained by her draught,0.0,11.5,32.0,35.0,9235725,3E3335,FUGA BLUEMARINE,Tanker,No additional information,43.0,248.0,GPS,14.4,FOR ORDER,20/01/2025 07:00:00,AIS,POINT (11.53095 56.40905),352978218_0,0 days 00:01:01,6.636761396393861e-07,33.227382535595154,0.0,0,4.197540955803528,56.40905,11.53095
2025-01-25 05:11:03,2025-01-25 05:11:03,Class A,352978218_0,56.430133,11.5566,Constrained by her draught,0.0,11.4,33.0,35.0,9235725,3E3335,FUGA BLUEMARINE,Tanker,No additional information,43.0,248.0,GPS,14.4,FOR ORDER,20/01/2025 07:00:00,AIS,POINT (11.5566 56.430133),352978218_0,0 days 00:07:59,-4.512576965393631e-08,33.926742393823645,0.0,0,4.175494846224217,56.430133,11.5566
2025-01-25 05:12:03,2025-01-25 05:12:03,Class A,352978218_0,56.43285,11.559783,Constrained by her draught,0.0,11.4,32.0,36.0,9235725,3E3335,FUGA BLUEMARINE,Tanker,No additional information,43.0,248.0,GPS,14.4,FOR ORDER,20/01/2025 07:00:00,AIS,POINT (11.559783 56.43285),352978218_0,0 days 00:01:00,1.6711813624599824e-06,32.93258153723724,0.0,0,4.172785457026158,56.43285,11.559783
2025-01-25 05:13:03,2025-01-25 05:13:03,Class A,352978218_0,56.4354,11.56285,Constrained by her draught,0.0,11.4,33.0,36.0,9235725,3E3335,FUGA BLUEMARINE,Tanker,No additional information,43.0,248.0,GPS,14.4,FOR ORDER,20/01/2025 07:00:00,AIS,POINT (11.56285 56.4354),352978218_0,0 days 00:01:00,-5.41010448632128e-06,33.62231826308499,0.0,0,4.170166208120248,56.4354,11.56285
2025-01-25 05:14:03,2025-01-25 05:14:03,Class A,352978218_0,56.438133,11.566133,Constrained by her draught,0.0,11.4,33.0,36.0,9235725,3E3335,FUGA BLUEMARINE,Tanker,No additional information,43.0,248.0,GPS,14.4,FOR ORDER,20/01/2025 07:00:00,AIS,POINT (11.566133 56.438133),352978218_0,0 days 00:01:00,6.76075218769231e-06,33.58741009850007,0.0,0,4.16736544889766,56.438133,11.566133
2025-01-25 05:15:03,2025-01-25 05:15:03,Class A,352978218_0,56.4407,11.5692,Constrained by her draught,0.0,11.4,33.0,36.0,9235725,3E3335,FUGA BLUEMARINE,Tanker,No additional information,43.0,248.0,GPS,14.4,FOR ORDER,20/01/2025 07:00:00,AIS,POINT (11.5692 56.4407),352978218_0,0 days 00:01:00,-6.326709833851842e-06,33.443337529589144,0.0,0,4.164753454773523,56.4407,11.5692
2025-01-25 05:17:04,2025-01-25 05:17:04,Class A,352978218_0,56.446067,11.575667,Constrained by her draught,0.0,11.4,33.0,36.0,9235725,3E3335,FUGA BLUEMARINE,Tanker,No additional information,43.0,248.0,GPS,14.4,FOR ORDER,20/01/2025 07:00:00,AIS,POINT (11.575667 56.446067),352978218_0,0 days 00:02:01,1.8606402798474066e-06,33.663002687164976,0.0,0,4.159245626623415,56.446067,11.575667
2025-01-25 05:18:04,2025-01-25 05:18:04,Class A,352978218_0,56.448717,11.57885,Constrained by her draught,0.0,11.4,33.0,36.0,9235725,3E3335,FUGA BLUEMARINE,Tanker,No additional information,43.0,248.0,GPS,14.4,FOR ORDER,20/01/2025 07:00:00,AIS,POINT (11.57885 56.448717),352978218_0,0 days 00:01:00,-5.204524554652292e-07,33.57760867664439,0.0,0,4.15653966273979,56.448717,11.57885
2025-01-25 05:19:04,2025-01-25 05:19:04,Class A,352978218_0,56.451317,11.582033,Constrained by her draught,0.0,11.4,33.0,36.0,9235725,3E3335,FUGA BLUEMARINE,Tanker,No additional information,43.0,248.0,GPS,14.4,FOR ORDER,20/01/2025 07:00:00,AIS,POINT (11.582033 56.451317),352978218_0,0 days 00:01:00,-1.2859433970581884e-06,34.08050574408372,0.0,0,4.153827820607158,56.451317,11.582033
2025-01-25 05:21:04,2025-01-25 05:21:04,Class A,352978218_0,56.456683,11.588483,Constrained by her draught,0.0,11.3,34.0,36.0,9235725,3E3335,FUGA BLUEMARINE,Tanker,No additional information,43.0,248.0,GPS,14.4,FOR ORDER,20/01/2025 07:00:00,AIS,POINT (11.588483 56.456683),352978218_0,0 days 00:02:00,1.264527814842111e-06,33.59100574083993,0.0,0,4.1483558246931995,56.456683,11.588483
2025-01-25 05:24:04,2025-01-25 05:24:04,Class A,352978218_0,56.464583,11.598067,Constrained by her draught,0.0,11.4,33.0,35.0,9235725,3E3335,FUGA BLUEMARINE,Tanker,No additional information,43.0,248.0,GPS,14.4,FOR ORDER,20/01/2025 07:00:00,AIS,POINT (11.598067 56.464583),352978218_0,0 days 00:03:00,-5.236855416171775e-07,33.829372123702285,0.0,0,4.140230717194633,56.464583,11.598067
2025-01-25 05:26:04,2025-01-25 05:26:04,Class A,352978218_0,56.470133,11.604467,Constrained by her draught,0.0,11.3,32.0,35.0,9235725,3E3335,FUGA BLUEMARINE,Tanker,No additional information,43.0,248.0,GPS,14.4,FOR ORDER,20/01/2025 07:00:00,AIS,POINT (11.604467 56.470133),352978218_0,0 days 00:02:00,1.855404285326938e-06,32.495105016401396,0.0,0,4.13486353951397,56.470133,11.604467
2025-01-25 05:27:04,2025-01-25 05:27:04,Class A,352978218_0,56.472433,11.6073,Constrained by her draught,0.0,11.3,32.0,36.0,9235725,3E3335,FUGA BLUEMARINE,Tanker,No additional information,43.0,248.0,GPS,14.4,FOR ORDER,20/01/2025 07:00:00,AIS,POINT (11.6073 56.472433),352978218_0,0 days 00:01:00,-1.5728277632934477e-05,34.2285099598256,0.0,0,4.132464260008185,56.472433,11.6073
2025-01-25 05:29:04,2025-01-25 05:29:04,Class A,352978218_0,56.477383,11.613217,Constrained by her draught,0.0,11.0,35.0,37.0,9235725,3E3335,FUGA BLUEMARINE,Tanker,No additional information,43.0,248.0,GPS,14.4,FOR ORDER,20/01/2025 07:00:00,AIS,POINT (11.613217 56.477383),352978218_0,0 days 00:02:00,2.8444378862434705e-06,33.43017843618958,0.0,0,4.127484221944646,56.477383,11.613217
2025-01-25 05:30:04,2025-01-25 05:30:04,Class A,352978218_0,56.480633,11.61715,Constrained by her draught,0.0,11.4,34.0,37.0,9235725,3E3335,FUGA BLUEMARINE,Tanker,No additional information,43.0,248.0,GPS,14.4,FOR ORDER,20/01/2025 07:00:00,AIS,POINT (11.61715 56.480633),352978218_0,0 days 00:01:00,2.9194351486522547e-05,33.75310204094308,0.0,0,4.124171703087177,56.480633,11.61715
2025-01-25 05:31:04,2025-01-25 05:31:04,Class A,352978218_0,56.482983,11.62015,Constrained by her draught,0.0,11.4,34.0,37.0,9235725,3E3335,FUGA BLUEMARINE,Tanker,No additional information,43.0,248.0,GPS,14.4,FOR ORDER,20/01/2025 07:00:00,AIS,POINT (11.62015 56.482983),352978218_0,0 days 00:01:00,-3.1990522956154594e-05,35.18022730512246,0.0,0,4.121625012630939,56.482983,11.62015
2025-01-25 05:32:04,2025-01-25 05:32:04,Class A,352978218_0,56.48555,11.623283,Constrained by her draught,0.0,11.4,34.0,37.0,9235725,3E3335,FUGA BLUEMARINE,Tanker,No additional information,43.0,248.0,GPS,14.4,FOR ORDER,20/01/2025 07:00:00,AIS,POINT (11.623283 56.48555),352978218_0,0 days 00:01:00,6.8147310014370684e-06,33.97525551252801,0.0,0,4.11898719839829,56.48555,11.623283
2025-01-25 05:34:03,2025-01-25 05:34:03,Class A,352978218_0,56.490817,11.629717,Constrained by her draught,0.0,11.3,33.0,37.0,9235725,3E3335,FUGA BLUEMARINE,Tanker,No additional information,43.0,248.0,GPS,14.4,FOR ORDER,20/01/2025 07:00:00,AIS,POINT (11.629717 56.490817),352978218_0,0 days 00:01:59,1.6800942214146935e-06,33.99457104767822,0.0,0,4.1135765051820785,56.490817,11.629717
2025-01-25 05:35:03,2025-01-25 05:35:03,Class A,352978218_0,56.493117,11.632533,Constrained by her draught,0.0,11.3,34.0,37.0,9235725,3E3335,FUGA BLUEMARINE,Tanker,No additional information,43.0,248.0,GPS,14.4,FOR ORDER,20/01/2025 07:00:00,AIS,POINT (11.632533 56.493117),352978218_0,0 days 00:01:00,-1.3217733429722527e-05,34.05382199754257,0.0,0,4.111210506195224,56.493117,11.632533
2025-01-25 05:36:03,2025-01-25 05:36:03,Class A,352978218_0,56.49605,11.6361,Constrained by her draught,0.0,11.4,34.0,37.0,9235725,3E3335,FUGA BLUEMARINE,Tanker,No additional information,43.0,248.0,GPS,14.4,FOR ORDER,20/01/2025 07:00:00,AIS,POINT (11.6361 56.49605),352978218_0,0 days 00:01:00,2.341510619326552e-05,33.87355724032017,0.0,0,4.108219664982386,56.49605,11.6361
2025-01-25 05:37:03,2025-01-25 05:37:03,Class A,352978218_0,56.499033,11.639833,Constrained by her draught,0.0,11.4,34.0,37.0,9235725,3E3335,FUGA BLUEMARINE,Tanker,No additional information,43.0,248.0,GPS,14.4,FOR ORDER,20/01/2025 07:00:00,AIS,POINT (11.639833 56.499033),352978218_0,0 days 00:01:00,2.8756384303773416e-06,34.633312822924836,0.0,0,4.1050774281937725,56.499033,11.639833
2025-01-25 05:38:03,2025-01-25 05:38:03,Class A,352978218_0,56.501683,11.64315,Constrained by her draught,0.0,11.4,34.0,37.0,9235725,3E3335,FUGA BLUEMARINE,Tanker,No additional information,43.0,248.0,GPS,14.4,FOR ORDER,20/01/2025 07:00:00,AIS,POINT (11.64315 56.501683),352978218_0,0 days 00:01:00,-1.2521933014507872e-05,34.637348819706176,0.0,0,4.102287904589949,56.501683,11.64315
2025-01-25 05:39:03,2025-01-25 05:39:03,Class A,352978218_0,56.504417,11.64615,Constrained by her draught,0.0,11.4,33.0,37.0,9235725,3E3335,FUGA BLUEMARINE,Tanker,No additional information,43.0,248.0,GPS,14.4,FOR ORDER,20/01/2025 07:00:00,AIS,POINT (11.64615 56.504417),352978218_0,0 days 00:01:00,-7.738684359946794e-07,31.197346595491467,0.0,0,4.099827822498036,56.504417,11.64615
2025-01-25 05:56:03,2025-01-25 05:56:03,Class A,352978218_0,56.5478,11.7014,Constrained by her draught,0.0,11.3,35.0,35.0,9235725,3E3335,FUGA BLUEMARINE,Tanker,No additional information,43.0,248.0,GPS,14.4,FOR ORDER,20/01/2025 07:00:00,AIS,POINT (11.7014 56.5478),352978218_0,0 days 00:17:00,-1.406200001553631e-07,35.06231575074713,0.0,0,4.053631852727626,56.5478,11.7014
2025-01-25 05:59:03,2025-01-25 05:59:03,Class A,352978218_0,56.5555,11.711333,Constrained by her draught,0.0,11.3,35.0,36.0,9235725,3E3335,FUGA BLUEMARINE,Tanker,No additional information,43.0,248.0,GPS,14.4,FOR ORDER,20/01/2025 07:00:00,AIS,POINT (11.711333 56.5555),352978218_0,0 days 00:03:00,3.1754619901744e-07,35.40977555180473,0.0,0,4.045380616860298,56.5555,11.711333
2025-01-25 06:02:03,2025-01-25 06:02:03,Class A,352978218_0,56.5633,11.721517,Constrained by her draught,0.0,11.3,35.0,36.0,9235725,3E3335,FUGA BLUEMARINE,Tanker,No additional information,43.0,248.0,GPS,14.4,FOR ORDER,20/01/2025 07:00:00,AIS,POINT (11.721517 56.5633),352978218_0,0 days 00:03:00,5.546203107347091e-07,35.73085891847103,0.0,0,4.036925320241259,56.5633,11.721517
2025-01-25 06:10:05,2025-01-25 06:10:05,Class A,352978218_0,56.584183,11.749033,Constrained by her draught,0.0,11.7,37.0,36.0,9235725,3E3335,FUGA BLUEMARINE,Tanker,No additional information,43.0,248.0,GPS,14.4,FOR ORDER,20/01/2025 07:00:00,AIS,POINT (11.749033 56.584183),352978218_0,0 days 00:08:02,3.5090326931502934e-08,35.96187245770267,0.0,0,4.0141569587232135,56.584183,11.749033
2025-01-25 06:30:04,2025-01-25 06:30:04,Class A,352978218_0,56.638183,11.81145,Constrained by her draught,0.0,11.7,32.0,34.0,9235725,3E3335,FUGA BLUEMARINE,Tanker,No additional information,43.0,248.0,GPS,14.4,FOR ORDER,20/01/2025 07:00:00,AIS,POINT (11.81145 56.638183),352978218_0,0 days 00:19:59,-1.5285843188485806e-08,32.43422312135027,0.0,0,3.9645932185212884,56.638183,11.81145
2025-01-25 06:33:04,2025-01-25 06:33:04,Class A,352978218_0,56.6462,11.82135,Constrained by her draught,0.0,11.8,33.0,34.0,9235725,3E3335,FUGA BLUEMARINE,Tanker,No additional information,43.0,248.0,GPS,14.4,FOR ORDER,20/01/2025 07:00:00,AIS,POINT (11.82135 56.6462),352978218_0,0 days 00:03:00,2.8623568660808926e-07,34.172999605070174,0.0,0,3.956711134028866,56.6462,11.82135
2025-01-25 06:35:04,2025-01-25 06:35:04,Class A,352978218_0,56.651167,11.827417,Constrained by her draught,0.0,11.7,33.0,35.0,9235725,3E3335,FUGA BLUEMARINE,Tanker,No additional information,43.0,248.0,GPS,14.4,FOR ORDER,20/01/2025 07:00:00,AIS,POINT (11.827417 56.651167),352978218_0,0 days 00:02:00,-3.693895296390147e-06,33.879790729521346,0.0,0,3.951905374320847,56.651167,11.827417
2025-01-25 06:36:04,2025-01-25 06:36:04,Class A,352978218_0,56.653967,11.8307,Constrained by her draught,0.0,11.8,33.0,35.0,9235725,3E3335,FUGA BLUEMARINE,Tanker,No additional information,43.0,248.0,GPS,14.4,FOR ORDER,20/01/2025 07:00:00,AIS,POINT (11.8307 56.653967),352978218_0,0 days 00:01:00,1.0510830633948694e-05,32.80204140601006,0.0,0,3.9493341379059075,56.653967,11.8307
2025-01-25 06:38:04,2025-01-25 06:38:04,Class A,352978218_0,56.659333,11.837333,Constrained by her draught,0.0,11.8,34.0,35.0,9235725,3E3335,FUGA BLUEMARINE,Tanker,No additional information,43.0,248.0,GPS,14.4,FOR ORDER,20/01/2025 07:00:00,AIS,POINT (11.837333 56.659333),352978218_0,0 days 00:02:00,-1.352034199941809e-06,34.19088900353171,0.0,0,3.9440825522630734,56.659333,11.837333
2025-01-25 06:51:04,2025-01-25 06:51:04,Class A,352978218_0,56.695667,11.881617,Constrained by her draught,0.0,12.0,33.0,34.0,9235725,3E3335,FUGA BLUEMARINE,Tanker,No additional information,43.0,248.0,GPS,14.4,FOR ORDER,20/01/2025 07:00:00,AIS,POINT (11.881617 56.695667),352978218_0,0 days 00:13:00,2.852940380235034e-07,33.78581913100538,0.0,0,3.909438609594221,56.695667,11.881617
2025-01-25 06:54:04,2025-01-25 06:54:04,Class A,352978218_0,56.703333,11.890917,Constrained by her draught,0.0,12.0,34.0,34.0,9235725,3E3335,FUGA BLUEMARINE,Tanker,No additional information,43.0,248.0,GPS,14.4,FOR ORDER,20/01/2025 07:00:00,AIS,POINT (11.890917 56.703333),352978218_0,0 days 00:03:00,-3.025999100212298e-06,33.66192418729855,0.0,0,3.9022393977563703,56.703333,11.890917
2025-01-25 06:55:03,2025-01-25 06:55:03,Class A,352978218_0,56.706517,11.89495,Constrained by her draught,0.0,11.9,34.0,34.0,9235725,3E3335,FUGA BLUEMARINE,Tanker,No additional information,43.0,248.0,GPS,14.4,FOR ORDER,20/01/2025 07:00:00,AIS,POINT (11.89495 56.706517),352978218_0,0 days 00:00:59,2.7499461530049444e-05,34.81022351841932,0.0,0,3.8990910082131958,56.706517,11.89495
2025-01-25 06:56:03,2025-01-25 06:56:03,Class A,352978218_0,56.70935,11.8985,Constrained by her draught,0.0,12.0,34.0,35.0,9235725,3E3335,FUGA BLUEMARINE,Tanker,No additional information,43.0,248.0,GPS,14.4,FOR ORDER,20/01/2025 07:00:00,AIS,POINT (11.8985 56.70935),352978218_0,0 days 00:01:00,-1.5641879923396392e-05,34.51984557491443,0.0,0,3.8963305168001336,56.70935,11.8985
2025-01-25 06:57:03,2025-01-25 06:57:03,Class A,352978218_0,56.712,11.901867,Constrained by her draught,0.0,12.0,35.0,35.0,9235725,3E3335,FUGA BLUEMARINE,Tanker,No additional information,43.0,248.0,GPS,14.4,FOR ORDER,20/01/2025 07:00:00,AIS,POINT (11.901867 56.712),352978218_0,0 days 00:01:00,-6.427845946335098e-06,34.889427548578226,0.0,0,3.8937064370860073,56.712,11.901867
2025-01-25 06:58:03,2025-01-25 06:58:03,Class A,352978218_0,56.714783,11.905533,Constrained by her draught,0.0,12.0,35.0,35.0,9235725,3E3335,FUGA BLUEMARINE,Tanker,No additional information,43.0,248.0,GPS,14.4,FOR ORDER,20/01/2025 07:00:00,AIS,POINT (11.905533 56.714783),352978218_0,0 days 00:01:00,6.298608166313977e-06,35.86394275693294,0.0,0,3.890827739628933,56.714783,11.905533
2025-01-25 06:59:03,2025-01-25 06:59:03,Class A,352978218_0,56.717433,11.908983,Constrained by her draught,0.0,11.9,34.0,29.0,9235725,3E3335,FUGA BLUEMARINE,Tanker,No additional information,43.0,248.0,GPS,14.4,FOR ORDER,20/01/2025 07:00:00,AIS,POINT (11.908983 56.717433),352978218_0,0 days 00:01:00,-5.488047806426257e-06,35.5428328216488,0.0,0,3.8881292606169877,56.717433,11.908983
2025-01-25 07:00:03,2025-01-25 07:00:03,Class A,352978218_0,56.720333,11.911983,Constrained by her draught,0.0,11.7,27.0,21.0,9235725,3E3335,FUGA BLUEMARINE,Tanker,No additional information,43.0,248.0,GPS,14.4,FOR ORDER,20/01/2025 07:00:00,AIS,POINT (11.911983 56.720333),352978218_0,0 days 00:01:00,2.3890992493624546e-06,29.58100845103729,0.0,0,3.8859313785842895,56.720333,11.911983
2025-01-25 07:01:03,2025-01-25 07:01:03,Class A,352978218_0,56.723217,11.9142,Constrained by her draught,0.0,11.5,22.0,13.0,9235725,3E3335,FUGA BLUEMARINE,Tanker,No additional information,43.0,248.0,GPS,14.4,FOR ORDER,20/01/2025 07:00:00,AIS,POINT (11.9142 56.723217),352978218_0,0 days 00:01:00,-6.350687124010139e-06,22.8692267401579,0.0,0,3.8844916619590006,56.723217,11.9142
2025-01-25 07:02:03,2025-01-25 07:02:03,Class A,352978218_0,56.7263,11.915667,Constrained by her draught,0.0,11.2,12.0,1.0,9235725,3E3335,FUGA BLUEMARINE,Tanker,No additional information,43.0,248.0,GPS,14.4,FOR ORDER,20/01/2025 07:00:00,AIS,POINT (11.915667 56.7263),352978218_0,0 days 00:01:00,1.7238051267793257e-06,14.631147526363975,0.0,0,3.883830735164061,56.7263,11.915667
2025-01-25 07:03:03,2025-01-25 07:03:03,Class A,352978218_0,56.729233,11.915917,Constrained by her draught,0.0,10.6,359.0,346.0,9235725,3E3335,FUGA BLUEMARINE,Tanker,No additional information,43.0,248.0,GPS,14.4,FOR ORDER,20/01/2025 07:00:00,AIS,POINT (11.915917 56.729233),352978218_0,0 days 00:01:00,-7.749327797858728e-06,2.6772392524462703,0.0,0,3.884314505186468,56.729233,11.915917
2025-01-25 07:05:03,2025-01-25 07:05:03,Class A,352978218_0,56.73465,11.9132,Constrained by her draught,0.0,10.1,341.0,341.0,9235725,3E3335,FUGA BLUEMARINE,Tanker,No additional information,43.0,248.0,GPS,14.4,FOR ORDER,20/01/2025 07:00:00,AIS,POINT (11.9132 56.73465),352978218_0,0 days 00:02:00,-1.9590149670925565e-06,344.61747266069546,0.0,0,3.88829219937854,56.73465,11.9132
2025-01-25 07:06:03,2025-01-25 07:06:03,Class A,352978218_0,56.737383,11.911567,Constrained by her draught,0.0,10.2,341.0,337.0,9235725,3E3335,FUGA BLUEMARINE,Tanker,No additional information,43.0,248.0,GPS,14.4,FOR ORDER,20/01/2025 07:00:00,AIS,POINT (11.911567 56.737383),352978218_0,0 days 00:01:00,2.0739890121256738e-06,341.85497076695276,0.0,0,3.89055498897034,56.737383,11.911567
2025-01-25 07:07:03,2025-01-25 07:07:03,Class A,352978218_0,56.739917,11.909667,Constrained by her draught,0.0,10.3,337.0,338.0,9235725,3E3335,FUGA BLUEMARINE,Tanker,No additional information,43.0,248.0,GPS,14.4,FOR ORDER,20/01/2025 07:00:00,AIS,POINT (11.909667 56.739917),352978218_0,0 days 00:01:00,-4.203334815786935e-06,337.6465680545557,0.0,0,3.8930278095058597,56.739917,11.909667
2025-01-25 07:08:03,2025-01-25 07:08:03,Class A,352978218_0,56.742617,11.9076,Constrained by her draught,0.0,10.4,337.0,339.0,9235725,3E3335,FUGA BLUEMARINE,Tanker,No additional information,43.0,248.0,GPS,14.4,FOR ORDER,20/01/2025 07:00:00,AIS,POINT (11.9076 56.742617),352978218_0,0 days 00:01:00,5.830586709729468e-06,337.2259347297263,0.0,0,3.8957049040486886,56.742617,11.9076
2025-01-25 07:09:03,2025-01-25 07:09:03,Class A,352978218_0,56.745333,11.9057,Constrained by her draught,0.0,10.5,338.0,339.0,9235725,3E3335,FUGA BLUEMARINE,Tanker,No additional information,43.0,248.0,GPS,14.4,FOR ORDER,20/01/2025 07:00:00,AIS,POINT (11.9057 56.745333),352978218_0,0 days 00:01:00,-6.015686777199186e-07,339.0127557467102,0.0,0,3.8982254957409794,56.745333,11.9057
2025-01-25 07:10:04,2025-01-25 07:10:04,Class A,352978218_0,56.748167,11.9037,Constrained by her draught,0.0,10.7,338.0,340.0,9235725,3E3335,FUGA BLUEMARINE,Tanker,No additional information,43.0,248.0,GPS,14.4,FOR ORDER,20/01/2025 07:00:00,AIS,POINT (11.9037 56.748167),352978218_0,0 days 00:01:01,2.4344321965384625e-06,338.84574691434983,0.0,0,3.9008737542798024,56.748167,11.9037
2025-01-25 07:11:04,2025-01-25 07:11:04,Class A,352978218_0,56.751033,11.901817,Constrained by her draught,0.0,10.9,340.0,339.0,9235725,3E3335,FUGA BLUEMARINE,Tanker,No additional information,43.0,248.0,GPS,14.4,FOR ORDER,20/01/2025 07:00:00,AIS,POINT (11.901817 56.751033),352978218_0,0 days 00:01:00,1.7704742116541726e-06,340.1897509098474,0.0,0,3.903418154003232,56.751033,11.901817
2025-01-25 07:12:04,2025-01-25 07:12:04,Class A,352978218_0,56.753767,11.899867,Constrained by her draught,0.0,10.9,337.0,338.0,9235725,3E3335,FUGA BLUEMARINE,Tanker,No additional information,43.0,248.0,GPS,14.4,FOR ORDER,20/01/2025 07:00:00,AIS,POINT (11.899867 56.753767),352978218_0,0 days 00:01:00,-3.4215091019000408e-06,338.6433268098106,0.0,0,3.905995359596066,56.753767,11.899867
2025-01-25 07:13:04,2025-01-25 07:13:04,Class A,352978218_0,56.756633,11.897733,Constrained by her draught,0.0,11.0,338.0,340.0,9235725,3E3335,FUGA BLUEMARINE,Tanker,No additional information,43.0,248.0,GPS,14.4,FOR ORDER,20/01/2025 07:00:00,AIS,POINT (11.897733 56.756633),352978218_0,0 days 00:01:00,4.9518916562773145e-06,337.79570258538246,0.0,0,3.908785188989796,56.756633,11.897733
2025-01-25 07:20:05,2025-01-25 07:20:05,Class A,352978218_0,56.776817,11.884617,Constrained by her draught,0.0,11.2,341.0,342.0,9235725,3E3335,FUGA BLUEMARINE,Tanker,No additional information,43.0,248.0,GPS,14.4,FOR ORDER,20/01/2025 07:00:00,AIS,POINT (11.884617 56.776817),352978218_0,0 days 00:07:01,-1.861115360706857e-07,340.4029339348417,0.0,0,3.926620236308319,56.776817,11.884617
2025-01-25 07:52:03,2025-01-25 07:52:03,Class A,352978218_0,56.87295,11.827633,Constrained by her draught,0.0,11.7,343.0,344.0,9235725,3E3335,FUGA BLUEMARINE,Tanker,No additional information,43.0,248.0,GPS,14.4,FOR ORDER,20/01/2025 07:00:00,AIS,POINT (11.827633 56.87295),352978218_0,0 days 00:31:58,1.044227218530131e-07,342.052892165528,0.0,0,4.00718721361618,56.87295,11.827633
2025-01-25 07:53:03,2025-01-25 07:53:03,Class A,352978218_0,56.875517,11.8262,Constrained by her draught,0.0,11.7,343.0,343.0,9235725,3E3335,FUGA BLUEMARINE,Tanker,No additional information,43.0,248.0,GPS,14.4,FOR ORDER,20/01/2025 07:00:00,AIS,POINT (11.8262 56.875517),352978218_0,0 days 00:01:00,-1.4781490302069976e-05,343.03544548347094,0.0,0,4.0092739046901,56.875517,11.8262
2025-01-25 07:54:03,2025-01-25 07:54:03,Class A,352978218_0,56.879183,11.82415,Constrained by her draught,0.0,11.5,342.0,342.0,9235725,3E3335,FUGA BLUEMARINE,Tanker,No additional information,43.0,248.0,GPS,14.4,FOR ORDER,20/01/2025 07:00:00,AIS,POINT (11.82415 56.879183),352978218_0,0 days 00:01:00,3.556432088397383e-05,343.00973277292786,0.0,0,4.0122591742240425,56.879183,11.82415
2025-01-25 07:56:04,2025-01-25 07:56:04,Class A,352978218_0,56.885217,11.820433,Constrained by her draught,0.0,11.5,341.0,342.0,9235725,3E3335,FUGA BLUEMARINE,Tanker,No additional information,43.0,248.0,GPS,14.4,FOR ORDER,20/01/2025 07:00:00,AIS,POINT (11.820433 56.885217),352978218_0,0 days 00:02:01,-1.0374204947258401e-05,341.40016714274566,0.0,0,4.0175067355575145,56.885217,11.820433
2025-01-25 07:58:04,2025-01-25 07:58:04,Class A,352978218_0,56.890233,11.817433,Constrained by her draught,0.0,11.5,341.0,342.0,9235725,3E3335,FUGA BLUEMARINE,Tanker,No additional information,43.0,248.0,GPS,14.4,FOR ORDER,20/01/2025 07:00:00,AIS,POINT (11.817433 56.890233),352978218_0,0 days 00:02:00,-8.021601449441276e-06,341.9078331452524,0.0,0,4.021786950332651,56.890233,11.817433
2025-01-25 07:59:04,2025-01-25 07:59:04,Class A,352978218_0,56.894133,11.814933,Constrained by her draught,0.0,11.4,341.0,342.0,9235725,3E3335,FUGA BLUEMARINE,Tanker,No additional information,43.0,248.0,GPS,14.4,FOR ORDER,20/01/2025 07:00:00,AIS,POINT (11.814933 56.894133),352978218_0,0 days 00:01:00,4.621613597873528e-05,340.7039255306826,0.0,0,4.025278344744124,56.894133,11.814933
2025-01-25 08:00:03,2025-01-25 08:00:03,Class A,352978218_0,56.89735,11.81315,Constrained by her draught,0.0,11.5,341.0,342.0,9235725,3E3335,FUGA BLUEMARINE,Tanker,No additional information,43.0,248.0,GPS,14.4,FOR ORDER,20/01/2025 07:00:00,AIS,POINT (11.81315 56.89735),352978218_0,0 days 00:00:59,-2.2471486368230045e-05,343.15927650240485,0.0,0,4.027892080883995,56.89735,11.81315
2025-01-25 08:01:03,2025-01-25 08:01:03,Class A,352978218_0,56.899767,11.811617,Constrained by her draught,0.0,11.5,340.0,342.0,9235725,3E3335,FUGA BLUEMARINE,Tanker,No additional information,43.0,248.0,GPS,14.4,FOR ORDER,20/01/2025 07:00:00,AIS,POINT (11.811617 56.899767),352978218_0,0 days 00:01:00,-2.661033105737051e-05,340.8954494438012,0.0,0,4.030042517540726,56.899767,11.811617
2025-01-25 08:03:03,2025-01-25 08:03:03,Class A,352978218_0,56.9058,11.807917,Constrained by her draught,0.0,11.6,342.0,343.0,9235725,3E3335,FUGA BLUEMARINE,Tanker,No additional information,43.0,248.0,GPS,14.4,FOR ORDER,20/01/2025 07:00:00,AIS,POINT (11.807917 56.9058),352978218_0,0 days 00:02:00,9.641279118714213e-06,341.48606566235367,0.0,0,4.035292686337014,56.9058,11.807917
2025-01-25 08:05:03,2025-01-25 08:05:03,Class A,352978218_0,56.91255,11.80395,Constrained by her draught,0.0,11.7,342.0,343.0,9235725,3E3335,FUGA BLUEMARINE,Tanker,No additional information,43.0,248.0,GPS,14.4,FOR ORDER,20/01/2025 07:00:00,AIS,POINT (11.80395 56.91255),352978218_0,0 days 00:02:00,5.619600600099206e-06,342.2119246213612,0.0,0,4.041007786882871,56.91255,11.80395
2025-01-25 08:06:03,2025-01-25 08:06:03,Class A,352978218_0,56.915683,11.80215,Constrained by her draught,0.0,11.7,342.0,343.0,9235725,3E3335,FUGA BLUEMARINE,Tanker,No additional information,43.0,248.0,GPS,14.4,FOR ORDER,20/01/2025 07:00:00,AIS,POINT (11.80215 56.915683),352978218_0,0 days 00:01:00,-8.075883922272509e-06,342.58761123594365,0.0,0,4.043623273271758,56.915683,11.80215
2025-01-25 08:14:03,2025-01-25 08:14:03,Class A,352978218_0,56.94045,11.787517,Constrained by her draught,0.0,11.7,342.0,342.0,9235725,3E3335,FUGA BLUEMARINE,Tanker,No additional information,43.0,248.0,GPS,14.4,FOR ORDER,20/01/2025 07:00:00,AIS,POINT (11.787517 56.94045),352978218_0,0 days 00:08:00,-1.1848290844750405e-07,342.136341228312,0.0,0,4.064739475674302,56.94045,11.787517
2025-01-25 08:15:03,2025-01-25 08:15:03,Class A,352978218_0,56.943483,11.785717,Constrained by her draught,0.0,11.7,342.0,343.0,9235725,3E3335,FUGA BLUEMARINE,Tanker,No additional information,43.0,248.0,GPS,14.4,FOR ORDER,20/01/2025 07:00:00,AIS,POINT (11.785717 56.943483),352978218_0,0 days 00:01:00,-2.005372804301771e-06,342.0623335759259,0.0,0,4.06733952278415,56.943483,11.785717
2025-01-25 08:17:03,2025-01-25 08:17:03,Class A,352978218_0,56.94835,11.782867,Constrained by her draught,0.0,11.7,342.0,343.0,9235725,3E3335,FUGA BLUEMARINE,Tanker,No additional information,43.0,248.0,GPS,14.4,FOR ORDER,20/01/2025 07:00:00,AIS,POINT (11.782867 56.94835),352978218_0,0 days 00:02:00,-9.797974797526129e-06,342.28817212581424,0.0,0,4.071477913645731,56.94835,11.782867
2025-01-25 08:18:03,2025-01-25 08:18:03,Class A,352978218_0,56.952833,11.7803,Constrained by her draught,0.0,11.7,342.0,343.0,9235725,3E3335,FUGA BLUEMARINE,Tanker,No additional information,43.0,248.0,GPS,14.4,FOR ORDER,20/01/2025 07:00:00,AIS,POINT (11.7803 56.952833),352978218_0,0 days 00:01:00,6.626660717061427e-05,342.6586153152509,0.0,0,4.075237358614219,56.952833,11.7803
2025-01-25 08:23:03,2025-01-25 08:23:03,Class A,352978218_0,56.9683,11.771483,Constrained by her draught,0.0,11.8,342.0,343.0,9235725,3E3335,FUGA BLUEMARINE,Tanker,No additional information,43.0,248.0,GPS,14.4,FOR ORDER,20/01/2025 07:00:00,AIS,POINT (11.771483 56.9683),352978218_0,0 days 00:05:00,-9.016354349521003e-06,342.7383600371141,0.0,0,4.088193785899709,56.9683,11.771483
2025-01-25 08:24:03,2025-01-25 08:24:03,Class A,352978218_0,56.970833,11.769917,Constrained by her draught,0.0,11.7,342.0,343.0,9235725,3E3335,FUGA BLUEMARINE,Tanker,No additional information,43.0,248.0,GPS,14.4,FOR ORDER,20/01/2025 07:00:00,AIS,POINT (11.769917 56.970833),352978218_0,0 days 00:01:00,-1.7521251122366276e-05,341.37722150913197,0.0,0,4.090435753608899,56.970833,11.769917
2025-01-25 08:25:03,2025-01-25 08:25:03,Class A,352978218_0,56.974483,11.76785,Constrained by her draught,0.0,11.7,342.0,343.0,9235725,3E3335,FUGA BLUEMARINE,Tanker,No additional information,43.0,248.0,GPS,14.4,FOR ORDER,20/01/2025 07:00:00,AIS,POINT (11.76785 56.974483),352978218_0,0 days 00:01:00,3.548249189389702e-05,342.8476879799013,0.0,0,4.0934869034290315,56.974483,11.76785
2025-01-25 08:26:03,2025-01-25 08:26:03,Class A,352978218_0,56.977583,11.766083,Constrained by her draught,0.0,11.7,342.0,341.0,9235725,3E3335,FUGA BLUEMARINE,Tanker,No additional information,43.0,248.0,GPS,14.4,FOR ORDER,20/01/2025 07:00:00,AIS,POINT (11.766083 56.977583),352978218_0,0 days 00:01:00,-1.775167581492157e-05,342.7436373846069,0.0,0,4.096090832497005,56.977583,11.766083
2025-01-25 08:30:04,2025-01-25 08:30:04,Class A,352978218_0,56.989783,11.758133,Constrained by her draught,0.0,11.7,339.0,339.0,9235725,3E3335,FUGA BLUEMARINE,Tanker,No additional information,43.0,248.0,GPS,14.4,FOR ORDER,20/01/2025 07:00:00,AIS,POINT (11.758133 56.989783),352978218_0,0 days 00:04:01,-1.7600227381041532e-07,340.4552220076126,0.0,0,4.107303408742285,56.989783,11.758133
2025-01-25 08:31:04,2025-01-25 08:31:04,Class A,352978218_0,56.992883,11.755967,Constrained by her draught,0.0,11.7,338.0,340.0,9235725,3E3335,FUGA BLUEMARINE,Tanker,No additional information,43.0,248.0,GPS,14.4,FOR ORDER,20/01/2025 07:00:00,AIS,POINT (11.755967 56.992883),352978218_0,0 days 00:01:00,2.9068780475166128e-06,339.162421859594,0.0,0,4.1102951220565656,56.992883,11.755967
2025-01-25 08:32:04,2025-01-25 08:32:04,Class A,352978218_0,56.995867,11.753817,Constrained by her draught,0.0,11.8,338.0,340.0,9235725,3E3335,FUGA BLUEMARINE,Tanker,No additional information,43.0,248.0,GPS,14.4,FOR ORDER,20/01/2025 07:00:00,AIS,POINT (11.753817 56.995867),352978218_0,0 days 00:01:00,-3.4446952750296234e-06,338.5720431808035,0.0,0,4.11323819244473,56.995867,11.753817
2025-01-25 08:33:03,2025-01-25 08:33:03,Class A,352978218_0,56.998867,11.7517,Constrained by her draught,0.0,11.8,339.0,341.0,9235725,3E3335,FUGA BLUEMARINE,Tanker,No additional information,43.0,248.0,GPS,14.4,FOR ORDER,20/01/2025 07:00:00,AIS,POINT (11.7517 56.998867),352978218_0,0 days 00:00:59,1.976597121521049e-06,338.9760842224693,0.0,0,4.116155749704935,56.998867,11.7517
2025-01-25 08:34:03,2025-01-25 08:34:03,Class A,352978218_0,57.001917,11.749633,Constrained by her draught,0.0,11.8,339.0,342.0,9235725,3E3335,FUGA BLUEMARINE,Tanker,No additional information,43.0,248.0,GPS,14.4,FOR ORDER,20/01/2025 07:00:00,AIS,POINT (11.749633 57.001917),352978218_0,0 days 00:01:00,-5.37510961045919e-07,339.7417297036501,0.0,0,4.119041813486481,57.001917,11.749633
2025-01-25 08:35:03,2025-01-25 08:35:03,Class A,352978218_0,57.00495,11.7475,Constrained by her draught,0.0,11.9,338.0,341.0,9235725,3E3335,FUGA BLUEMARINE,Tanker,No additional information,43.0,248.0,GPS,14.4,FOR ORDER,20/01/2025 07:00:00,AIS,POINT (11.7475 57.00495),352978218_0,0 days 00:01:00,-1.0025988427113328e-07,339.044567644969,0.0,0,4.121986991457881,57.00495,11.7475
2025-01-25 08:36:03,2025-01-25 08:36:03,Class A,352978218_0,57.007667,11.7457,Constrained by her draught,0.0,11.9,339.0,342.0,9235725,3E3335,FUGA BLUEMARINE,Tanker,No additional information,43.0,248.0,GPS,14.4,FOR ORDER,20/01/2025 07:00:00,AIS,POINT (11.7457 57.007667),352978218_0,0 days 00:01:00,-1.1123579963482382e-05,340.16335534110715,0.0,0,4.124520730924867,57.007667,11.7457
2025-01-25 08:47:04,2025-01-25 08:47:04,Class A,352978218_0,57.042483,11.720283,Constrained by her draught,0.0,12.3,337.0,341.0,9235725,3E3335,FUGA BLUEMARINE,Tanker,No additional information,43.0,248.0,GPS,14.4,FOR ORDER,20/01/2025 07:00:00,AIS,POINT (11.720283 57.042483),352978218_0,0 days 00:11:01,1.4390545590740687e-06,338.3407984735041,0.0,0,4.159315960331217,57.042483,11.720283
2025-01-25 08:51:04,2025-01-25 08:51:04,Class A,352978218_0,57.0547,11.71105,Constrained by her draught,0.0,12.5,338.0,345.0,9235725,3E3335,FUGA BLUEMARINE,Tanker,No additional information,43.0,248.0,GPS,14.4,FOR ORDER,20/01/2025 07:00:00,AIS,POINT (11.71105 57.0547),352978218_0,0 days 00:04:00,-7.60647730896043e-07,337.65761535153297,0.0,0,4.171861231266925,57.0547,11.71105
2025-01-25 08:52:04,2025-01-25 08:52:04,Class A,352978218_0,57.05845,11.708683,Constrained by her draught,0.0,12.4,341.0,344.0,9235725,3E3335,FUGA BLUEMARINE,Tanker,No additional information,43.0,248.0,GPS,14.4,FOR ORDER,20/01/2025 07:00:00,AIS,POINT (11.708683 57.05845),352978218_0,0 days 00:01:00,2.0490869315291314e-05,341.05604157310114,0.0,0,4.175271559907091,57.05845,11.708683
2025-01-25 08:53:04,2025-01-25 08:53:04,Class A,352978218_0,57.061217,11.706933,Constrained by her draught,0.0,12.4,340.0,343.0,9235725,3E3335,FUGA BLUEMARINE,Tanker,No additional information,43.0,248.0,GPS,14.4,FOR ORDER,20/01/2025 07:00:00,AIS,POINT (11.706933 57.061217),352978218_0,0 days 00:01:00,-3.213772312115602e-05,341.0223849664405,0.0,0,4.177792459571203,57.061217,11.706933
2025-01-25 08:54:04,2025-01-25 08:54:04,Class A,352978218_0,57.064383,11.704917,Constrained by her draught,0.0,12.3,339.0,342.0,9235725,3E3335,FUGA BLUEMARINE,Tanker,No additional information,43.0,248.0,GPS,14.4,FOR ORDER,20/01/2025 07:00:00,AIS,POINT (11.704917 57.064383),352978218_0,0 days 00:01:00,1.3129084024799682e-05,340.90387345575556,0.0,0,4.180691128390376,57.064383,11.704917
2025-01-25 08:55:04,2025-01-25 08:55:04,Class A,352978218_0,57.067717,11.702583,Constrained by her draught,0.0,12.3,338.0,341.0,9235725,3E3335,FUGA BLUEMARINE,Tanker,No additional information,43.0,248.0,GPS,14.4,FOR ORDER,20/01/2025 07:00:00,AIS,POINT (11.702583 57.067717),352978218_0,0 days 00:01:00,6.716235636454286e-06,339.16400869301253,0.0,0,4.1839456363879775,57.067717,11.702583
2025-01-25 08:56:04,2025-01-25 08:56:04,Class A,352978218_0,57.071233,11.70005,Constrained by her draught,0.0,12.3,338.0,341.0,9235725,3E3335,FUGA BLUEMARINE,Tanker,No additional information,43.0,248.0,GPS,14.4,FOR ORDER,20/01/2025 07:00:00,AIS,POINT (11.70005 57.071233),352978218_0,0 days 00:01:00,6.459344763407702e-06,338.6139414584242,0.0,0,4.18744737439708,57.071233,11.70005
2025-01-25 08:57:03,2025-01-25 08:57:03,Class A,352978218_0,57.07435,11.6978,Constrained by her draught,0.0,12.3,338.0,341.0,9235725,3E3335,FUGA BLUEMARINE,Tanker,No additional information,43.0,248.0,GPS,14.4,FOR ORDER,20/01/2025 07:00:00,AIS,POINT (11.6978 57.07435),352978218_0,0 days 00:00:59,-1.167112514377446e-05,338.5770378176727,0.0,0,4.190557256898896,57.07435,11.6978
2025-01-25 08:58:03,2025-01-25 08:58:03,Class A,352978218_0,57.077667,11.695483,Constrained by her draught,0.0,12.3,339.0,341.0,9235725,3E3335,FUGA BLUEMARINE,Tanker,No additional information,43.0,248.0,GPS,14.4,FOR ORDER,20/01/2025 07:00:00,AIS,POINT (11.695483 57.077667),352978218_0,0 days 00:01:00,4.420294520696332e-06,339.21094212805235,0.0,0,4.193794529808297,57.077667,11.695483
2025-01-25 08:59:03,2025-01-25 08:59:03,Class A,352978218_0,57.08075,11.693267,Constrained by her draught,0.0,12.4,339.0,341.0,9235725,3E3335,FUGA BLUEMARINE,Tanker,No additional information,43.0,248.0,GPS,14.4,FOR ORDER,20/01/2025 07:00:00,AIS,POINT (11.693267 57.08075),352978218_0,0 days 00:01:00,-7.366865622141644e-06,338.6632194252746,0.0,0,4.1968639981425415,57.08075,11.693267
2025-01-25 09:00:03,2025-01-25 09:00:03,Class A,352978218_0,57.084033,11.690983,Constrained by her draught,0.0,12.4,339.0,341.0,9235725,3E3335,FUGA BLUEMARINE,Tanker,No additional information,43.0,248.0,GPS,14.4,FOR ORDER,20/01/2025 07:00:00,AIS,POINT (11.690983 57.084033),352978218_0,0 days 00:01:00,6.184031752864913e-06,339.29091942412424,0.0,0,4.2000619643602874,57.084033,11.690983
2025-01-25 09:01:03,2025-01-25 09:01:03,Class A,352978218_0,57.08725,11.688733,Constrained by her draught,0.0,12.4,339.0,341.0,9235725,3E3335,FUGA BLUEMARINE,Tanker,No additional information,43.0,248.0,GPS,14.4,FOR ORDER,20/01/2025 07:00:00,AIS,POINT (11.688733 57.08725),352978218_0,0 days 00:01:00,-2.113067182727725e-06,339.19172717396714,0.0,0,4.203208284009846,57.08725,11.688733
2025-01-25 09:02:03,2025-01-25 09:02:03,Class A,352978218_0,57.09055,11.6865,Constrained by her draught,0.0,12.5,339.0,341.0,9235725,3E3335,FUGA BLUEMARINE,Tanker,No additional information,43.0,248.0,GPS,14.4,FOR ORDER,20/01/2025 07:00:00,AIS,POINT (11.6865 57.09055),352978218_0,0 days 00:01:00,2.3028438853059962e-06,339.8145767787172,0.0,0,4.206365906497911,57.09055,11.6865
2025-01-25 09:03:03,2025-01-25 09:03:03,Class A,352978218_0,57.093683,11.684317,Constrained by her draught,0.0,12.5,339.0,341.0,9235725,3E3335,FUGA BLUEMARINE,Tanker,No additional information,43.0,248.0,GPS,14.4,FOR ORDER,20/01/2025 07:00:00,AIS,POINT (11.684317 57.093683),352978218_0,0 days 00:01:00,-5.1348463605423975e-06,339.2666786190737,0.0,0,4.209424821611854,57.093683,11.684317
2025-01-25 09:10:03,2025-01-25 09:10:03,Class A,352978218_0,57.11675,11.66935,Constrained by her draught,0.0,12.6,341.0,341.0,9235725,3E3335,FUGA BLUEMARINE,Tanker,No additional information,43.0,248.0,GPS,14.4,FOR ORDER,20/01/2025 07:00:00,AIS,POINT (11.66935 57.11675),352978218_0,0 days 00:07:00,6.357830083836395e-07,340.5944068162698,0.0,0,4.23093663796186,57.11675,11.66935
2025-01-25 09:11:03,2025-01-25 09:11:03,Class A,352978218_0,57.120017,11.667333,Constrained by her draught,0.0,12.6,341.0,341.0,9235725,3E3335,FUGA BLUEMARINE,Tanker,No additional information,43.0,248.0,GPS,14.4,FOR ORDER,20/01/2025 07:00:00,AIS,POINT (11.667333 57.120017),352978218_0,0 days 00:01:00,-1.4951682186013e-06,341.470624727022,0.0,0,4.2338915823684005,57.120017,11.667333
2025-01-25 09:12:03,2025-01-25 09:12:03,Class A,352978218_0,57.123383,11.6652,Constrained by her draught,0.0,12.6,340.0,341.0,9235725,3E3335,FUGA BLUEMARINE,Tanker,No additional information,43.0,248.0,GPS,14.4,FOR ORDER,20/01/2025 07:00:00,AIS,POINT (11.6652 57.123383),352978218_0,0 days 00:01:00,3.527049008990038e-06,341.01754564035554,0.0,0,4.236989542026861,57.123383,11.6652
2025-01-25 09:13:03,2025-01-25 09:13:03,Class A,352978218_0,57.126617,11.663217,Constrained by her draught,0.0,12.6,341.0,341.0,9235725,3E3335,FUGA BLUEMARINE,Tanker,No additional information,43.0,248.0,GPS,14.4,FOR ORDER,20/01/2025 07:00:00,AIS,POINT (11.663217 57.126617),352978218_0,0 days 00:01:00,-4.678459373726763e-06,341.591585475874,0.0,0,4.23990456319314,57.126617,11.663217
2025-01-25 09:14:03,2025-01-25 09:14:03,Class A,352978218_0,57.129983,11.661167,Constrained by her draught,0.0,12.6,341.0,341.0,9235725,3E3335,FUGA BLUEMARINE,Tanker,No additional information,43.0,248.0,GPS,14.4,FOR ORDER,20/01/2025 07:00:00,AIS,POINT (11.661167 57.129983),352978218_0,0 days 00:01:00,4.2294836178815725e-06,341.7091582363711,0.0,0,4.242926840778898,57.129983,11.661167
2025-01-25 09:15:03,2025-01-25 09:15:03,Class A,352978218_0,57.13325,11.659217,Constrained by her draught,0.0,12.5,342.0,341.0,9235725,3E3335,FUGA BLUEMARINE,Tanker,No additional information,43.0,248.0,GPS,14.4,FOR ORDER,20/01/2025 07:00:00,AIS,POINT (11.659217 57.13325),352978218_0,0 days 00:01:00,-3.4350533357017526e-06,342.05200933012526,0.0,0,4.245824076961384,57.13325,11.659217
2025-01-25 09:16:03,2025-01-25 09:16:03,Class A,352978218_0,57.1366,11.6572,Constrained by her draught,0.0,12.5,341.0,341.0,9235725,3E3335,FUGA BLUEMARINE,Tanker,No additional information,43.0,248.0,GPS,14.4,FOR ORDER,20/01/2025 07:00:00,AIS,POINT (11.6572 57.1366),352978218_0,0 days 00:01:00,2.789511595481505e-06,341.90700366900097,0.0,0,4.248812931802012,57.1366,11.6572
2025-01-25 09:22:04,2025-01-25 09:22:04,Class A,352978218_0,57.15645,11.645617,Constrained by her draught,0.0,12.5,342.0,341.0,9235725,3E3335,FUGA BLUEMARINE,Tanker,No additional information,43.0,248.0,GPS,14.4,FOR ORDER,20/01/2025 07:00:00,AIS,POINT (11.645617 57.15645),352978218_0,0 days 00:06:01,-3.279936307073631e-07,342.43922796210444,0.0,0,4.266205215282663,57.15645,11.645617
2025-01-25 09:23:04,2025-01-25 09:23:04,Class A,352978218_0,57.159867,11.64365,Constrained by her draught,0.0,12.5,342.0,341.0,9235725,3E3335,FUGA BLUEMARINE,Tanker,No additional information,43.0,248.0,GPS,14.4,FOR ORDER,20/01/2025 07:00:00,AIS,POINT (11.64365 57.159867),352978218_0,0 days 00:01:00,3.685075732881036e-06,342.66307680323536,0.0,0,4.269179038893661,57.159867,11.64365
2025-01-25 09:24:04,2025-01-25 09:24:04,Class A,352978218_0,57.163083,11.641817,Constrained by her draught,0.0,12.5,342.0,341.0,9235725,3E3335,FUGA BLUEMARINE,Tanker,No additional information,43.0,248.0,GPS,14.4,FOR ORDER,20/01/2025 07:00:00,AIS,POINT (11.641817 57.163083),352978218_0,0 days 00:01:00,-6.607008696715739e-06,342.825670611839,0.0,0,4.271962075978906,57.163083,11.641817
2025-01-25 09:25:04,2025-01-25 09:25:04,Class A,352978218_0,57.166433,11.63985,Constrained by her draught,0.0,12.5,342.0,341.0,9235725,3E3335,FUGA BLUEMARINE,Tanker,No additional information,43.0,248.0,GPS,14.4,FOR ORDER,20/01/2025 07:00:00,AIS,POINT (11.63985 57.166433),352978218_0,0 days 00:01:00,4.629016659036843e-06,342.3406427100859,0.0,0,4.274917001644009,57.166433,11.63985
2025-01-25 09:29:03,2025-01-25 09:29:03,Class A,352978218_0,57.179133,11.63275,Constrained by her draught,0.0,12.3,343.0,342.0,9235725,3E3335,FUGA BLUEMARINE,Tanker,No additional information,43.0,248.0,GPS,14.4,FOR ORDER,20/01/2025 07:00:00,AIS,POINT (11.63275 57.179133),352978218_0,0 days 00:03:59,-1.431071061507093e-06,343.1426092711478,0.0,0,4.28579569927744,57.179133,11.63275
2025-01-25 09:30:03,2025-01-25 09:30:03,Class A,352978218_0,57.182333,11.631033,Constrained by her draught,0.0,12.2,344.0,342.0,9235725,3E3335,FUGA BLUEMARINE,Tanker,No additional information,43.0,248.0,GPS,14.4,FOR ORDER,20/01/2025 07:00:00,AIS,POINT (11.631033 57.182333),352978218_0,0 days 00:01:00,3.221923314999121e-08,343.7856588913645,0.0,0,4.288472282068055,57.182333,11.631033
2025-01-25 09:31:03,2025-01-25 09:31:03,Class A,352978218_0,57.185467,11.629333,Constrained by her draught,0.0,12.2,343.0,341.0,9235725,3E3335,FUGA BLUEMARINE,Tanker,No additional information,43.0,248.0,GPS,14.4,FOR ORDER,20/01/2025 07:00:00,AIS,POINT (11.629333 57.185467),352978218_0,0 days 00:01:00,-2.040238231650378e-06,343.6189018391217,0.0,0,4.29111239811427,57.185467,11.629333
2025-01-25 09:32:03,2025-01-25 09:32:03,Class A,352978218_0,57.188833,11.62745,Constrained by her draught,0.0,12.3,343.0,341.0,9235725,3E3335,FUGA BLUEMARINE,Tanker,No additional information,43.0,248.0,GPS,14.4,FOR ORDER,20/01/2025 07:00:00,AIS,POINT (11.62745 57.188833),352978218_0,0 days 00:01:00,7.756004523203306e-06,343.1362888901022,0.0,0,4.294003370066797,57.188833,11.62745
2025-01-25 09:33:03,2025-01-25 09:33:03,Class A,352978218_0,57.1921,11.625633,Constrained by her draught,0.0,12.4,342.0,340.0,9235725,3E3335,FUGA BLUEMARINE,Tanker,No additional information,43.0,248.0,GPS,14.4,FOR ORDER,20/01/2025 07:00:00,AIS,POINT (11.625633 57.1921),352978218_0,0 days 00:01:00,-3.2530800709761027e-06,343.23014117237534,0.0,0,4.296800747983202,57.1921,11.625633
2025-01-25 09:34:03,2025-01-25 09:34:03,Class A,352978218_0,57.195317,11.62375,Constrained by her draught,0.0,12.4,341.0,339.0,9235725,3E3335,FUGA BLUEMARINE,Tanker,No additional information,43.0,248.0,GPS,14.4,FOR ORDER,20/01/2025 07:00:00,AIS,POINT (11.62375 57.195317),352978218_0,0 days 00:01:00,-1.1501635723670886e-06,342.40535728670284,0.0,0,4.2996451869345,57.195317,11.62375
2025-01-25 09:35:03,2025-01-25 09:35:03,Class A,352978218_0,57.198633,11.621717,Constrained by her draught,0.0,12.4,341.0,339.0,9235725,3E3335,FUGA BLUEMARINE,Tanker,No additional information,43.0,248.0,GPS,14.4,FOR ORDER,20/01/2025 07:00:00,AIS,POINT (11.621717 57.198633),352978218_0,0 days 00:01:00,3.6906706146998114e-06,341.6273578772651,0.0,0,4.302665375136904,57.198633,11.621717
2025-01-25 09:36:03,2025-01-25 09:36:03,Class A,352978218_0,57.201933,11.61965,Constrained by her draught,0.0,12.4,340.0,339.0,9235725,3E3335,FUGA BLUEMARINE,Tanker,No additional information,43.0,248.0,GPS,14.4,FOR ORDER,20/01/2025 07:00:00,AIS,POINT (11.61965 57.201933),352978218_0,0 days 00:01:00,-2.880313774593502e-07,341.2586029306599,0.0,0,4.305713678491057,57.201933,11.61965
2025-01-25 09:37:03,2025-01-25 09:37:03,Class A,352978218_0,57.20505,11.617633,Constrained by her draught,0.0,12.3,340.0,340.0,9235725,3E3335,FUGA BLUEMARINE,Tanker,No additional information,43.0,248.0,GPS,14.4,FOR ORDER,20/01/2025 07:00:00,AIS,POINT (11.617633 57.20505),352978218_0,0 days 00:01:00,-5.6256869230090585e-06,340.6850606665597,0.0,0,4.308655106244755,57.20505,11.617633
2025-01-25 09:38:03,2025-01-25 09:38:03,Class A,352978218_0,57.208417,11.61555,Constrained by her draught,0.0,12.3,341.0,339.0,9235725,3E3335,FUGA BLUEMARINE,Tanker,No additional information,43.0,248.0,GPS,14.4,FOR ORDER,20/01/2025 07:00:00,AIS,POINT (11.61555 57.208417),352978218_0,0 days 00:01:00,7.67338968782191e-06,341.4765465336865,0.0,0,4.311743530374804,57.208417,11.61555
2025-01-25 09:47:03,2025-01-25 09:47:03,Class A,352978218_0,57.237333,11.59755,Constrained by her draught,0.0,12.2,341.0,340.0,9235725,3E3335,FUGA BLUEMARINE,Tanker,No additional information,43.0,248.0,GPS,14.4,FOR ORDER,20/01/2025 07:00:00,AIS,POINT (11.59755 57.237333),352978218_0,0 days 00:09:00,-5.519054372005882e-07,341.38372470032715,0.0,0,4.3384298380341475,57.237333,11.59755
2025-01-25 09:48:03,2025-01-25 09:48:03,Class A,352978218_0,57.240533,11.595633,Constrained by her draught,0.0,12.2,342.0,340.0,9235725,3E3335,FUGA BLUEMARINE,Tanker,No additional information,43.0,248.0,GPS,14.4,FOR ORDER,20/01/2025 07:00:00,AIS,POINT (11.595633 57.240533),352978218_0,0 days 00:01:00,-8.205734059378375e-07,342.03941672272884,0.0,0,4.3413189079432986,57.240533,11.595633
2025-01-25 09:49:03,2025-01-25 09:49:03,Class A,352978218_0,57.243767,11.593783,Constrained by her draught,0.0,12.2,342.0,340.0,9235725,3E3335,FUGA BLUEMARINE,Tanker,No additional information,43.0,248.0,GPS,14.4,FOR ORDER,20/01/2025 07:00:00,AIS,POINT (11.593783 57.243767),352978218_0,0 days 00:01:00,6.616823948362461e-07,342.80197900462105,0.0,0,4.344157815992645,57.243767,11.593783
2025-01-25 09:51:03,2025-01-25 09:51:03,Class A,352978218_0,57.2502,11.5901,Constrained by her draught,0.0,12.1,342.0,339.0,9235725,3E3335,FUGA BLUEMARINE,Tanker,No additional information,43.0,248.0,GPS,14.4,FOR ORDER,20/01/2025 07:00:00,AIS,POINT (11.5901 57.2502),352978218_0,0 days 00:02:00,-2.802037029455195e-07,342.7915854070468,0.0,0,4.349811727494421,57.2502,11.5901
2025-01-25 09:53:03,2025-01-25 09:53:03,Class A,352978218_0,57.256583,11.586117,Constrained by her draught,0.0,12.0,341.0,341.0,9235725,3E3335,FUGA BLUEMARINE,Tanker,No additional information,43.0,248.0,GPS,14.4,FOR ORDER,20/01/2025 07:00:00,AIS,POINT (11.586117 57.256583),352978218_0,0 days 00:02:00,1.921592740568937e-08,341.3501979723826,0.0,0,4.35573570238163,57.256583,11.586117
2025-01-25 09:54:03,2025-01-25 09:54:03,Class A,352978218_0,57.259767,11.584267,Constrained by her draught,0.0,12.0,342.0,341.0,9235725,3E3335,FUGA BLUEMARINE,Tanker,No additional information,43.0,248.0,GPS,14.4,FOR ORDER,20/01/2025 07:00:00,AIS,POINT (11.584267 57.259767),352978218_0,0 days 00:01:00,-9.581182028062442e-07,342.5553084529755,0.0,0,4.358564036054304,57.259767,11.584267
2025-01-25 09:55:03,2025-01-25 09:55:03,Class A,352978218_0,57.2628,11.582433,Constrained by her draught,0.0,11.8,340.0,340.0,9235725,3E3335,FUGA BLUEMARINE,Tanker,No additional information,43.0,248.0,GPS,14.4,FOR ORDER,20/01/2025 07:00:00,AIS,POINT (11.582433 57.2628),352978218_0,0 days 00:01:00,-4.530128694400738e-06,341.8921323848864,0.0,0,4.361326803516218,57.2628,11.582433
2025-01-25 09:56:03,2025-01-25 09:56:03,Class A,352978218_0,57.266,11.580367,Constrained by her draught,0.0,11.8,340.0,341.0,9235725,3E3335,FUGA BLUEMARINE,Tanker,No additional information,43.0,248.0,GPS,14.4,FOR ORDER,20/01/2025 07:00:00,AIS,POINT (11.580367 57.266),352978218_0,0 days 00:01:00,6.140021514807898e-06,340.7552338807775,0.0,0,4.36436595683783,57.266,11.580367
2025-01-25 09:57:03,2025-01-25 09:57:03,Class A,352978218_0,57.269,11.578433,Constrained by her draught,0.0,11.8,340.0,341.0,9235725,3E3335,FUGA BLUEMARINE,Tanker,No additional information,43.0,248.0,GPS,14.4,FOR ORDER,20/01/2025 07:00:00,AIS,POINT (11.578433 57.269),352978218_0,0 days 00:01:00,-6.57131087900997e-06,340.78314802097236,0.0,0,4.367213559956622,57.269,11.578433
2025-01-25 09:59:03,2025-01-25 09:59:03,Class A,352978218_0,57.275167,11.574483,Constrained by her draught,0.0,11.7,340.0,342.0,9235725,3E3335,FUGA BLUEMARINE,Tanker,No additional information,43.0,248.0,GPS,14.4,FOR ORDER,20/01/2025 07:00:00,AIS,POINT (11.574483 57.275167),352978218_0,0 days 00:02:00,1.3320409509157167e-06,340.9012188908094,0.0,0,4.3730465253927955,57.275167,11.574483
2025-01-25 10:00:03,2025-01-25 10:00:03,Class A,352978218_0,57.27835,11.572467,Constrained by her draught,0.0,11.7,340.0,342.0,9235725,3E3335,FUGA BLUEMARINE,Tanker,No additional information,43.0,248.0,GPS,14.4,FOR ORDER,20/01/2025 07:00:00,AIS,POINT (11.572467 57.27835),352978218_0,0 days 00:01:00,3.132452971044908e-06,341.1003956175728,0.0,0,4.376037541669976,57.27835,11.572467
2025-01-25 10:02:03,2025-01-25 10:02:03,Class A,352978218_0,57.2845,11.568567,Constrained by her draught,0.0,11.7,340.0,342.0,9235725,3E3335,FUGA BLUEMARINE,Tanker,No additional information,43.0,248.0,GPS,14.4,FOR ORDER,20/01/2025 07:00:00,AIS,POINT (11.568567 57.2845),352978218_0,0 days 00:02:00,-1.7601379891236786e-06,341.0817507146554,0.0,0,4.381824505021282,57.2845,11.568567
2025-01-25 10:05:04,2025-01-25 10:05:04,Class A,352978218_0,57.293667,11.562633,Constrained by her draught,0.0,11.6,340.0,341.0,9235725,3E3335,FUGA BLUEMARINE,Tanker,No additional information,43.0,248.0,GPS,14.4,FOR ORDER,20/01/2025 07:00:00,AIS,POINT (11.562633 57.293667),352978218_0,0 days 00:03:01,-3.204863745698272e-07,340.7219866518327,0.0,0,4.390571873486413,57.293667,11.562633
2025-01-25 10:06:04,2025-01-25 10:06:04,Class A,352978218_0,57.296617,11.560683,Constrained by her draught,0.0,11.4,339.0,341.0,9235725,3E3335,FUGA BLUEMARINE,Tanker,No additional information,43.0,248.0,GPS,14.4,FOR ORDER,20/01/2025 07:00:00,AIS,POINT (11.560683 57.296617),352978218_0,0 days 00:01:00,-2.6861324899760725e-06,340.34637065885113,0.0,0,4.393426772378254,57.296617,11.560683
2025-01-25 10:07:04,2025-01-25 10:07:04,Class A,352978218_0,57.2996,11.55865,Constrained by her draught,0.0,11.2,340.0,341.0,9235725,3E3335,FUGA BLUEMARINE,Tanker,No additional information,43.0,248.0,GPS,14.4,FOR ORDER,20/01/2025 07:00:00,AIS,POINT (11.55865 57.2996),352978218_0,0 days 00:01:00,1.4333274237289038e-06,339.7867349174372,0.0,0,4.396371959439737,57.2996,11.55865
2025-01-25 10:08:03,2025-01-25 10:08:03,Class A,352978218_0,57.302433,11.556767,Constrained by her draught,0.0,11.0,340.0,341.0,9235725,3E3335,FUGA BLUEMARINE,Tanker,No additional information,43.0,248.0,GPS,14.4,FOR ORDER,20/01/2025 07:00:00,AIS,POINT (11.556767 57.302433),352978218_0,0 days 00:00:59,-3.7037339095991406e-06,340.2491176429525,0.0,0,4.39912520103736,57.302433,11.556767
2025-01-25 10:09:03,2025-01-25 10:09:03,Class A,352978218_0,57.305233,11.554917,Constrained by her draught,0.0,10.8,340.0,341.0,9235725,3E3335,FUGA BLUEMARINE,Tanker,No additional information,43.0,248.0,GPS,14.4,FOR ORDER,20/01/2025 07:00:00,AIS,POINT (11.554917 57.305233),352978218_0,0 days 00:01:00,-2.726834684051999e-06,340.35892488454664,0.0,0,4.401836894888542,57.305233,11.554917
2025-01-25 10:10:03,2025-01-25 10:10:03,Class A,352978218_0,57.308067,11.553,Constrained by her draught,0.0,10.7,339.0,340.0,9235725,3E3335,FUGA BLUEMARINE,Tanker,No additional information,43.0,248.0,GPS,14.4,FOR ORDER,20/01/2025 07:00:00,AIS,POINT (11.553 57.308067),352978218_0,0 days 00:01:00,1.369936571614889e-06,339.93011096281,0.0,0,4.4046241386784635,57.308067,11.553
2025-01-25 10:11:03,2025-01-25 10:11:03,Class A,352978218_0,57.310717,11.551133,Constrained by her draught,0.0,10.6,339.0,339.0,9235725,3E3335,FUGA BLUEMARINE,Tanker,No additional information,43.0,248.0,GPS,14.4,FOR ORDER,20/01/2025 07:00:00,AIS,POINT (11.551133 57.310717),352978218_0,0 days 00:01:00,-5.625851091336153e-06,339.16809446940476,0.0,0,4.407300968194705,57.310717,11.551133
2025-01-25 10:12:03,2025-01-25 10:12:03,Class A,352978218_0,57.313517,11.549067,Constrained by her draught,0.0,10.5,337.0,339.0,9235725,3E3335,FUGA BLUEMARINE,Tanker,No additional information,43.0,248.0,GPS,14.4,FOR ORDER,20/01/2025 07:00:00,AIS,POINT (11.549067 57.313517),352978218_0,0 days 00:01:00,5.533115143514948e-06,338.27413846576655,0.0,0,4.410217529644766,57.313517,11.549067
2025-01-25 10:13:03,2025-01-25 10:13:03,Class A,352978218_0,57.31615,11.5471,Constrained by her draught,0.0,10.4,338.0,340.0,9235725,3E3335,FUGA BLUEMARINE,Tanker,No additional information,43.0,248.0,GPS,14.4,FOR ORDER,20/01/2025 07:00:00,AIS,POINT (11.5471 57.31615),352978218_0,0 days 00:01:00,-5.412404912896205e-06,338.03033313605397,0.0,0,4.412983563004512,57.31615,11.5471
2025-01-25 10:14:03,2025-01-25 10:14:03,Class A,352978218_0,57.318867,11.5451,Constrained by her draught,0.0,10.3,338.0,340.0,9235725,3E3335,FUGA BLUEMARINE,Tanker,No additional information,43.0,248.0,GPS,14.4,FOR ORDER,20/01/2025 07:00:00,AIS,POINT (11.5451 57.318867),352978218_0,0 days 00:01:00,2.6164684485781963e-06,338.32377125751015,0.0,0,4.415810735236395,57.318867,11.5451
2025-01-25 10:15:03,2025-01-25 10:15:03,Class A,352978218_0,57.321417,11.543183,Constrained by her draught,0.0,10.2,338.0,340.0,9235725,3E3335,FUGA BLUEMARINE,Tanker,No additional information,43.0,248.0,GPS,14.4,FOR ORDER,20/01/2025 07:00:00,AIS,POINT (11.543183 57.321417),352978218_0,0 days 00:01:00,-5.3120599813496145e-06,337.9080229549635,0.0,0,4.418502208582676,57.321417,11.543183
2025-01-25 10:21:04,2025-01-25 10:21:04,Class A,352978218_0,57.336867,11.531667,Constrained by her draught,0.0,9.8,337.0,339.0,9235725,3E3335,FUGA BLUEMARINE,Tanker,No additional information,43.0,248.0,GPS,14.4,FOR ORDER,20/01/2025 07:00:00,AIS,POINT (11.531667 57.336867),352978218_0,0 days 00:06:01,8.156269053054658e-08,338.0869148357931,0.0,0,4.434731150654568,57.336867,11.531667
2025-01-25 10:22:04,2025-01-25 10:22:04,Class A,352978218_0,57.339417,11.529683,Constrained by her draught,0.0,9.8,337.0,339.0,9235725,3E3335,FUGA BLUEMARINE,Tanker,No additional information,43.0,248.0,GPS,14.4,FOR ORDER,20/01/2025 07:00:00,AIS,POINT (11.529683 57.339417),352978218_0,0 days 00:01:00,-6.807509034752595e-08,337.2236795819544,0.0,0,4.437489943904097,57.339417,11.529683
2025-01-25 10:23:03,2025-01-25 10:23:03,Class A,352978218_0,57.341833,11.5278,Constrained by her draught,0.0,9.7,337.0,340.0,9235725,3E3335,FUGA BLUEMARINE,Tanker,No additional information,43.0,248.0,GPS,14.4,FOR ORDER,20/01/2025 07:00:00,AIS,POINT (11.5278 57.341833),352978218_0,0 days 00:00:59,-3.154792980750277e-06,337.18959074742907,0.0,0,4.44010739814309,57.341833,11.5278
2025-01-25 10:24:03,2025-01-25 10:24:03,Class A,352978218_0,57.344383,11.525783,Constrained by her draught,0.0,9.7,336.0,340.0,9235725,3E3335,FUGA BLUEMARINE,Tanker,No additional information,43.0,248.0,GPS,14.4,FOR ORDER,20/01/2025 07:00:00,AIS,POINT (11.525783 57.344383),352978218_0,0 days 00:01:00,3.3160575150658543e-06,336.88715891918315,0.0,0,4.442898278451353,57.344383,11.525783
2025-01-25 10:25:03,2025-01-25 10:25:03,Class A,352978218_0,57.3468,11.5238,Constrained by her draught,0.0,9.7,336.0,340.0,9235725,3E3335,FUGA BLUEMARINE,Tanker,No additional information,43.0,248.0,GPS,14.4,FOR ORDER,20/01/2025 07:00:00,AIS,POINT (11.5238 57.3468),352978218_0,0 days 00:01:00,-4.000097883015072e-06,336.12260626088045,0.0,0,4.445610721942263,57.3468,11.5238
2025-01-25 10:26:03,2025-01-25 10:26:03,Class A,352978218_0,57.3493,11.521767,Constrained by her draught,0.0,9.7,336.0,340.0,9235725,3E3335,FUGA BLUEMARINE,Tanker,No additional information,43.0,248.0,GPS,14.4,FOR ORDER,20/01/2025 07:00:00,AIS,POINT (11.521767 57.3493),352978218_0,0 days 00:01:00,2.6857018914037795e-06,336.3114216532382,0.0,0,4.44839997068665,57.3493,11.521767
2025-01-25 10:27:03,2025-01-25 10:27:03,Class A,352978218_0,57.3517,11.519817,Constrained by her draught,0.0,9.7,337.0,342.0,9235725,3E3335,FUGA BLUEMARINE,Tanker,No additional information,43.0,248.0,GPS,14.4,FOR ORDER,20/01/2025 07:00:00,AIS,POINT (11.519817 57.3517),352978218_0,0 days 00:01:00,-3.391377223520171e-06,336.3309411650354,0.0,0,4.451076629873384,57.3517,11.519817
2025-01-25 10:29:03,2025-01-25 10:29:03,Class A,352978218_0,57.3568,11.516067,Constrained by her draught,0.0,9.7,339.0,345.0,9235725,3E3335,FUGA BLUEMARINE,Tanker,No additional information,43.0,248.0,GPS,14.4,FOR ORDER,20/01/2025 07:00:00,AIS,POINT (11.516067 57.3568),352978218_0,0 days 00:02:00,1.89830488637765e-06,338.3658518822862,0.0,0,4.456398494592355,57.3568,11.516067
2025-01-25 10:30:03,2025-01-25 10:30:03,Class A,352978218_0,57.35945,11.5143,Constrained by her draught,0.0,9.7,340.0,345.0,9235725,3E3335,FUGA BLUEMARINE,Tanker,No additional information,43.0,248.0,GPS,14.4,FOR ORDER,20/01/2025 07:00:00,AIS,POINT (11.5143 57.35945),352978218_0,0 days 00:01:00,2.2525103952258496e-06,340.2191784629909,0.0,0,4.458995268773897,57.35945,11.5143
2025-01-25 10:31:03,2025-01-25 10:31:03,Class A,352978218_0,57.361917,11.512683,Constrained by her draught,0.0,9.8,341.0,346.0,9235725,3E3335,FUGA BLUEMARINE,Tanker,No additional information,43.0,248.0,GPS,14.4,FOR ORDER,20/01/2025 07:00:00,AIS,POINT (11.512683 57.361917),352978218_0,0 days 00:01:00,-6.175461462729128e-06,340.53130342294315,0.0,0,4.461387277209857,57.361917,11.512683
2025-01-25 10:32:03,2025-01-25 10:32:03,Class A,352978218_0,57.3646,11.511017,Constrained by her draught,0.0,9.8,341.0,345.0,9235725,3E3335,FUGA BLUEMARINE,Tanker,No additional information,43.0,248.0,GPS,14.4,FOR ORDER,20/01/2025 07:00:00,AIS,POINT (11.511017 57.3646),352978218_0,0 days 00:01:00,6.583600166247438e-06,341.48586252623977,0.0,0,4.463903036693898,57.3646,11.511017
2025-01-25 10:33:03,2025-01-25 10:33:03,Class A,352978218_0,57.367067,11.509417,Constrained by her draught,0.0,9.9,341.0,345.0,9235725,3E3335,FUGA BLUEMARINE,Tanker,No additional information,43.0,248.0,GPS,14.4,FOR ORDER,20/01/2025 07:00:00,AIS,POINT (11.509417 57.367067),352978218_0,0 days 00:01:00,-6.679225201869683e-06,340.72331382652465,0.0,0,4.466280579250032,57.367067,11.509417
2025-01-25 10:34:03,2025-01-25 10:34:03,Class A,352978218_0,57.36975,11.507767,Constrained by her draught,0.0,9.9,341.0,345.0,9235725,3E3335,FUGA BLUEMARINE,Tanker,No additional information,43.0,248.0,GPS,14.4,FOR ORDER,20/01/2025 07:00:00,AIS,POINT (11.507767 57.36975),352978218_0,0 days 00:01:00,6.59335717492944e-06,341.65410989721187,0.0,0,4.468782958916781,57.36975,11.507767
2025-01-25 10:35:03,2025-01-25 10:35:03,Class A,352978218_0,57.372317,11.506267,Constrained by her draught,0.0,9.9,342.0,345.0,9235725,3E3335,FUGA BLUEMARINE,Tanker,No additional information,43.0,248.0,GPS,14.4,FOR ORDER,20/01/2025 07:00:00,AIS,POINT (11.506267 57.372317),352978218_0,0 days 00:01:00,-4.1871084241378954e-06,342.51234758433833,0.0,0,4.471104501170378,57.372317,11.506267
2025-01-25 10:36:04,2025-01-25 10:36:04,Class A,352978218_0,57.374983,11.504667,Constrained by her draught,0.0,9.9,341.0,345.0,9235725,3E3335,FUGA BLUEMARINE,Tanker,No additional information,43.0,248.0,GPS,14.4,FOR ORDER,20/01/2025 07:00:00,AIS,POINT (11.504667 57.374983),352978218_0,0 days 00:01:01,1.9715268190722317e-06,342.07034832405554,0.0,0,4.473555724387705,57.374983,11.504667
2025-01-25 10:38:04,2025-01-25 10:38:04,Class A,352978218_0,57.380217,11.5015,Constrained by her draught,0.0,9.9,341.0,344.0,9235725,3E3335,FUGA BLUEMARINE,Tanker,No additional information,43.0,248.0,GPS,14.4,FOR ORDER,20/01/2025 07:00:00,AIS,POINT (11.5015 57.380217),352978218_0,0 days 00:02:00,-5.313094467914095e-08,341.9350151708898,0.0,0,4.478394522708892,57.380217,11.5015
2025-01-25 10:39:04,2025-01-25 10:39:04,Class A,352978218_0,57.38285,11.4999,Constrained by her draught,0.0,10.0,341.0,344.0,9235725,3E3335,FUGA BLUEMARINE,Tanker,No additional information,43.0,248.0,GPS,14.4,FOR ORDER,20/01/2025 07:00:00,AIS,POINT (11.4999 57.38285),352978218_0,0 days 00:01:00,5.553505525779523e-07,341.8639050809391,0.0,0,4.480836255404563,57.38285,11.4999
2025-01-25 10:41:04,2025-01-25 10:41:04,Class A,352978218_0,57.388133,11.496583,Constrained by her draught,0.0,10.0,341.0,343.0,9235725,3E3335,FUGA BLUEMARINE,Tanker,No additional information,43.0,248.0,GPS,14.4,FOR ORDER,20/01/2025 07:00:00,AIS,POINT (11.496583 57.388133),352978218_0,0 days 00:02:00,2.789385951748139e-07,341.30515888830524,0.0,0,4.48583731411049,57.388133,11.496583
2025-01-25 10:42:03,2025-01-25 10:42:03,Class A,352978218_0,57.390733,11.495,Constrained by her draught,0.0,10.0,341.0,343.0,9235725,3E3335,FUGA BLUEMARINE,Tanker,No additional information,43.0,248.0,GPS,14.4,FOR ORDER,20/01/2025 07:00:00,AIS,POINT (11.495 57.390733),352978218_0,0 days 00:00:59,-1.8614343544921513e-07,341.8348078148486,0.0,0,4.488253603535009,57.390733,11.495
2025-01-25 10:43:03,2025-01-25 10:43:03,Class A,352978218_0,57.393333,11.493467,Constrained by her draught,0.0,10.0,342.0,343.0,9235725,3E3335,FUGA BLUEMARINE,Tanker,No additional information,43.0,248.0,GPS,14.4,FOR ORDER,20/01/2025 07:00:00,AIS,POINT (11.493467 57.393333),352978218_0,0 days 00:01:00,-1.692676965404016e-06,342.3736879218785,0.0,0,4.490624053158089,57.393333,11.493467
2025-01-25 10:44:03,2025-01-25 10:44:03,Class A,352978218_0,57.396033,11.49185,Constrained by her draught,0.0,10.0,342.0,344.0,9235725,3E3335,FUGA BLUEMARINE,Tanker,No additional information,43.0,248.0,GPS,14.4,FOR ORDER,20/01/2025 07:00:00,AIS,POINT (11.49185 57.396033),352978218_0,0 days 00:01:00,3.373718725569096e-06,342.1152377550556,0.0,0,4.493109829744317,57.396033,11.49185
2025-01-25 10:45:03,2025-01-25 10:45:03,Class A,352978218_0,57.3986,11.490383,Constrained by her draught,0.0,10.0,342.0,343.0,9235725,3E3335,FUGA BLUEMARINE,Tanker,No additional information,43.0,248.0,GPS,14.4,FOR ORDER,20/01/2025 07:00:00,AIS,POINT (11.490383 57.3986),352978218_0,0 days 00:01:00,-4.678574159786819e-06,342.88589096348176,0.0,0,4.4954083804331955,57.3986,11.490383
2025-01-25 10:46:03,2025-01-25 10:46:03,Class A,352978218_0,57.40135,11.48875,Constrained by her draught,0.0,10.0,342.0,343.0,9235725,3E3335,FUGA BLUEMARINE,Tanker,No additional information,43.0,248.0,GPS,14.4,FOR ORDER,20/01/2025 07:00:00,AIS,POINT (11.48875 57.40135),352978218_0,0 days 00:01:00,6.231673878888125e-06,342.2595449916035,0.0,0,4.4979288635602055,57.40135,11.48875
2025-01-25 10:47:03,2025-01-25 10:47:03,Class A,352978218_0,57.404067,11.487217,Constrained by her draught,0.0,10.1,343.0,343.0,9235725,3E3335,FUGA BLUEMARINE,Tanker,No additional information,43.0,248.0,GPS,14.4,FOR ORDER,20/01/2025 07:00:00,AIS,POINT (11.487217 57.404067),352978218_0,0 days 00:01:00,-1.4731238458911214e-06,343.0931776932601,0.0,0,4.500345055546963,57.404067,11.487217
2025-01-25 10:48:03,2025-01-25 10:48:03,Class A,352978218_0,57.4067,11.485767,Constrained by her draught,0.0,10.1,343.0,343.0,9235725,3E3335,FUGA BLUEMARINE,Tanker,No additional information,43.0,248.0,GPS,14.4,FOR ORDER,20/01/2025 07:00:00,AIS,POINT (11.485767 57.4067),352978218_0,0 days 00:01:00,-2.8881961245433645e-06,343.4771529008567,0.0,0,4.502654214305714,57.4067,11.485767
2025-01-25 10:49:03,2025-01-25 10:49:03,Class A,352978218_0,57.409283,11.4843,Constrained by her draught,0.0,10.1,343.0,343.0,9235725,3E3335,FUGA BLUEMARINE,Tanker,No additional information,43.0,248.0,GPS,14.4,FOR ORDER,20/01/2025 07:00:00,AIS,POINT (11.4843 57.409283),352978218_0,0 days 00:01:00,-1.3992182644010157e-06,342.99043498235017,0.0,0,4.504961789343502,57.409283,11.4843
2025-01-25 10:50:03,2025-01-25 10:50:03,Class A,352978218_0,57.412067,11.482783,Constrained by her draught,0.0,10.1,344.0,343.0,9235725,3E3335,FUGA BLUEMARINE,Tanker,No additional information,43.0,248.0,GPS,14.4,FOR ORDER,20/01/2025 07:00:00,AIS,POINT (11.482783 57.412067),352978218_0,0 days 00:01:00,6.194989069207169e-06,343.64418380910325,0.0,0,4.5073900733406695,57.412067,11.482783
2025-01-25 10:51:03,2025-01-25 10:51:03,Class A,352978218_0,57.414717,11.481367,Constrained by her draught,0.0,10.1,344.0,343.0,9235725,3E3335,FUGA BLUEMARINE,Tanker,No additional information,43.0,248.0,GPS,14.4,FOR ORDER,20/01/2025 07:00:00,AIS,POINT (11.481367 57.414717),352978218_0,0 days 00:01:00,-4.451923865008229e-06,343.9457647214413,0.0,0,4.5096762875162115,57.414717,11.481367
2025-01-25 10:52:03,2025-01-25 10:52:03,Class A,352978218_0,57.417417,11.479967,Constrained by her draught,0.0,10.1,344.0,343.0,9235725,3E3335,FUGA BLUEMARINE,Tanker,No additional information,43.0,248.0,GPS,14.4,FOR ORDER,20/01/2025 07:00:00,AIS,POINT (11.479967 57.417417),352978218_0,0 days 00:01:00,1.41449817484108e-06,344.3987238981669,0.0,0,4.511966749875934,57.417417,11.479967
2025-01-25 10:53:03,2025-01-25 10:53:03,Class A,352978218_0,57.420117,11.4786,Constrained by her draught,0.0,10.1,345.0,343.0,9235725,3E3335,FUGA BLUEMARINE,Tanker,No additional information,43.0,248.0,GPS,14.4,FOR ORDER,20/01/2025 07:00:00,AIS,POINT (11.4786 57.420117),352978218_0,0 days 00:01:00,-1.4720216854025085e-07,344.7502219097827,0.0,0,4.514227393300983,57.420117,11.4786
2025-01-25 10:54:03,2025-01-25 10:54:03,Class A,352978218_0,57.422867,11.477233,Constrained by her draught,0.0,10.0,345.0,343.0,9235725,3E3335,FUGA BLUEMARINE,Tanker,No additional information,43.0,248.0,GPS,14.4,FOR ORDER,20/01/2025 07:00:00,AIS,POINT (11.477233 57.422867),352978218_0,0 days 00:01:00,1.4926383511439795e-06,345.015985557286,0.0,0,4.516507271138837,57.422867,11.477233
2025-01-25 10:55:03,2025-01-25 10:55:03,Class A,352978218_0,57.42545,11.475933,Constrained by her draught,0.0,10.0,344.0,341.0,9235725,3E3335,FUGA BLUEMARINE,Tanker,No additional information,43.0,248.0,GPS,14.4,FOR ORDER,20/01/2025 07:00:00,AIS,POINT (11.475933 57.42545),352978218_0,0 days 00:01:00,-5.279513935017782e-06,344.83867489629876,0.0,0,4.518664447153494,57.42545,11.475933
2025-01-25 11:16:03,2025-01-25 11:16:03,Class A,352978218_0,57.473483,11.448467,Constrained by her draught,0.0,7.5,342.0,342.0,9235725,3E3335,FUGA BLUEMARINE,Tanker,No additional information,43.0,248.0,GPS,14.4,FOR ORDER,20/01/2025 07:00:00,AIS,POINT (11.448467 57.473483),352978218_0,0 days 00:21:00,-4.1690402066771004e-07,342.91046825550296,0.0,0,4.561979247059547,57.473483,11.448467
2025-01-25 11:18:03,2025-01-25 11:18:03,Class A,352978218_0,57.4774,11.446117,Constrained by her draught,0.0,7.4,341.0,342.0,9235725,3E3335,FUGA BLUEMARINE,Tanker,No additional information,43.0,248.0,GPS,14.4,FOR ORDER,20/01/2025 07:00:00,AIS,POINT (11.446117 57.4774),352978218_0,0 days 00:02:00,-5.185367859263311e-06,342.122888964194,0.0,0,4.565625104802739,57.4774,11.446117
2025-01-25 11:19:03,2025-01-25 11:19:03,Class A,352978218_0,57.479333,11.444933,Constrained by her draught,0.0,7.4,341.0,342.0,9235725,3E3335,FUGA BLUEMARINE,Tanker,No additional information,43.0,248.0,GPS,14.4,FOR ORDER,20/01/2025 07:00:00,AIS,POINT (11.444933 57.479333),352978218_0,0 days 00:01:00,-7.037908701577411e-07,341.7737094243128,0.0,0,4.567447434953793,57.479333,11.444933
2025-01-25 11:20:03,2025-01-25 11:20:03,Class A,352978218_0,57.481317,11.443767,Constrained by her draught,0.0,7.3,342.0,342.0,9235725,3E3335,FUGA BLUEMARINE,Tanker,No additional information,43.0,248.0,GPS,14.4,FOR ORDER,20/01/2025 07:00:00,AIS,POINT (11.443767 57.481317),352978218_0,0 days 00:01:00,1.4087095084739572e-06,342.46697508276566,0.0,0,4.56927261994576,57.481317,11.443767
2025-01-25 11:21:03,2025-01-25 11:21:03,Class A,352978218_0,57.4833,11.442633,Constrained by her draught,0.0,7.3,343.0,342.0,9235725,3E3335,FUGA BLUEMARINE,Tanker,No additional information,43.0,248.0,GPS,14.4,FOR ORDER,20/01/2025 07:00:00,AIS,POINT (11.442633 57.4833),352978218_0,0 days 00:01:00,-1.8876012013878308e-07,342.91255253678753,0.0,0,4.571068202189614,57.4833,11.442633
2025-01-25 11:22:04,2025-01-25 11:22:04,Class A,352978218_0,57.485217,11.4416,Constrained by her draught,0.0,7.3,343.0,342.0,9235725,3E3335,FUGA BLUEMARINE,Tanker,No additional information,43.0,248.0,GPS,14.4,FOR ORDER,20/01/2025 07:00:00,AIS,POINT (11.4416 57.485217),352978218_0,0 days 00:01:01,-3.3944242231229332e-06,343.84647870252013,0.0,0,4.572745818589636,57.485217,11.4416
2025-01-25 11:24:04,2025-01-25 11:24:04,Class A,352978218_0,57.489083,11.4394,Constrained by her draught,0.0,7.3,344.0,341.0,9235725,3E3335,FUGA BLUEMARINE,Tanker,No additional information,43.0,248.0,GPS,14.4,FOR ORDER,20/01/2025 07:00:00,AIS,POINT (11.4394 57.489083),352978218_0,0 days 00:02:00,9.026890427197303e-07,342.99387421516496,0.0,0,4.5762385039948485,57.489083,11.4394
2025-01-25 11:26:04,2025-01-25 11:26:04,Class A,352978218_0,57.492833,11.43695,Constrained by her draught,0.0,7.0,336.0,329.0,9235725,3E3335,FUGA BLUEMARINE,Tanker,No additional information,43.0,248.0,GPS,14.4,FOR ORDER,20/01/2025 07:00:00,AIS,POINT (11.43695 57.492833),352978218_0,0 days 00:02:00,-5.272346717901202e-07,340.6537010623874,0.0,0,4.579920670507841,57.492833,11.43695
2025-01-25 11:33:04,2025-01-25 11:33:04,Class A,352978218_0,57.50295,11.422517,Constrained by her draught,0.0,6.5,318.0,315.0,9235725,3E3335,FUGA BLUEMARINE,Tanker,No additional information,43.0,248.0,GPS,14.4,FOR ORDER,20/01/2025 07:00:00,AIS,POINT (11.422517 57.50295),352978218_0,0 days 00:07:00,-7.303714470464082e-07,322.5337355082721,0.0,0,4.597104347859095,57.50295,11.422517
2025-01-25 11:45:03,2025-01-25 11:45:03,Class A,352978218_0,57.51845,11.394183,Constrained by her draught,0.0,6.5,313.0,310.0,9235725,3E3335,FUGA BLUEMARINE,Tanker,No additional information,43.0,248.0,GPS,14.4,FOR ORDER,20/01/2025 07:00:00,AIS,POINT (11.394183 57.51845),352978218_0,0 days 00:11:59,-2.0383848296326483e-08,315.5353208231886,0.0,0,4.629195604418656,57.51845,11.394183
2025-01-25 11:46:03,2025-01-25 11:46:03,Class A,352978218_0,57.519733,11.3917,Constrained by her draught,0.0,6.6,315.0,309.0,9235725,3E3335,FUGA BLUEMARINE,Tanker,No additional information,43.0,248.0,GPS,14.4,FOR ORDER,20/01/2025 07:00:00,AIS,POINT (11.3917 57.519733),352978218_0,0 days 00:01:00,1.169968428896526e-06,313.8971225105594,0.0,0,4.631979490935274,57.519733,11.3917
2025-01-25 11:47:03,2025-01-25 11:47:03,Class A,352978218_0,57.52095,11.389317,Constrained by her draught,0.0,6.5,311.0,305.0,9235725,3E3335,FUGA BLUEMARINE,Tanker,No additional information,43.0,248.0,GPS,14.4,FOR ORDER,20/01/2025 07:00:00,AIS,POINT (11.389317 57.52095),352978218_0,0 days 00:01:00,-2.6148670218385637e-06,313.5630705108574,0.0,0,4.634645847473676,57.52095,11.389317
2025-01-25 11:48:03,2025-01-25 11:48:03,Class A,352978218_0,57.52215,11.386667,Constrained by her draught,0.0,6.4,309.0,305.0,9235725,3E3335,FUGA BLUEMARINE,Tanker,No additional information,43.0,248.0,GPS,14.4,FOR ORDER,20/01/2025 07:00:00,AIS,POINT (11.386667 57.52215),352978218_0,0 days 00:01:00,2.9629567528343894e-06,310.1416146065544,0.0,0,4.637552901531692,57.52215,11.386667
2025-01-25 11:53:04,2025-01-25 11:53:04,Class A,352978218_0,57.528,11.37375,Constrained by her draught,0.0,6.8,311.0,305.0,9235725,3E3335,FUGA BLUEMARINE,Tanker,No additional information,43.0,248.0,GPS,14.4,FOR ORDER,20/01/2025 07:00:00,AIS,POINT (11.37375 57.528),352978218_0,0 days 00:05:01,-3.2603268799596465e-07,310.1524999852813,0.0,0,4.651723205925736,57.528,11.37375
2025-01-25 12:15:04,2025-01-25 12:15:04,Class A,352978218_0,57.5618,11.282583,Constrained by her draught,0.0,11.1,299.0,298.0,9235725,3E3335,FUGA BLUEMARINE,Tanker,No additional information,43.0,248.0,GPS,14.4,FOR ORDER,20/01/2025 07:00:00,AIS,POINT (11.282583 57.5618),352978218_0,0 days 00:22:00,1.259643753621595e-06,304.67794242644476,0.0,0,4.748901184913093,57.5618,11.282583
2025-01-25 12:17:04,2025-01-25 12:17:04,Class A,352978218_0,57.564617,11.272317,Constrained by her draught,0.0,11.2,296.0,297.0,9235725,3E3335,FUGA BLUEMARINE,Tanker,No additional information,43.0,248.0,GPS,14.4,FOR ORDER,20/01/2025 07:00:00,AIS,POINT (11.272317 57.564617),352978218_0,0 days 00:02:00,6.045705394313391e-06,297.09816260898623,0.0,0,4.75947039919212,57.564617,11.272317
2025-01-25 12:18:04,2025-01-25 12:18:04,Class A,352978218_0,57.56595,11.2672,Constrained by her draught,0.0,11.2,295.0,297.0,9235725,3E3335,FUGA BLUEMARINE,Tanker,No additional information,43.0,248.0,GPS,14.4,FOR ORDER,20/01/2025 07:00:00,AIS,POINT (11.2672 57.56595),352978218_0,0 days 00:01:00,-1.2831019256704922e-06,295.90841086968607,0.0,0,4.764711802674743,57.56595,11.2672
2025-01-25 12:26:04,2025-01-25 12:26:04,Class A,352978218_0,57.577433,11.225733,Constrained by her draught,0.0,11.2,297.0,299.0,9235725,3E3335,FUGA BLUEMARINE,Tanker,No additional information,43.0,248.0,GPS,14.4,FOR ORDER,20/01/2025 07:00:00,AIS,POINT (11.225733 57.577433),352978218_0,0 days 00:08:00,2.9874488132065556e-07,297.3295532143682,0.0,0,4.80744706962708,57.577433,11.225733
2025-01-25 12:27:03,2025-01-25 12:27:03,Class A,352978218_0,57.57885,11.220583,Constrained by her draught,0.0,11.2,298.0,299.0,9235725,3E3335,FUGA BLUEMARINE,Tanker,No additional information,43.0,248.0,GPS,14.4,FOR ORDER,20/01/2025 07:00:00,AIS,POINT (11.220583 57.57885),352978218_0,0 days 00:00:59,8.777872109933359e-07,297.1685633428848,0.0,0,4.812751506401407,57.57885,11.220583
2025-01-25 12:28:03,2025-01-25 12:28:03,Class A,352978218_0,57.5803,11.21545,Constrained by her draught,0.0,11.2,297.0,300.0,9235725,3E3335,FUGA BLUEMARINE,Tanker,No additional information,43.0,248.0,GPS,14.4,FOR ORDER,20/01/2025 07:00:00,AIS,POINT (11.21545 57.5803),352978218_0,0 days 00:01:00,-1.4132373711156238e-06,297.7869263791005,0.0,0,4.818052699602609,57.5803,11.21545
2025-01-25 12:29:03,2025-01-25 12:29:03,Class A,352978218_0,57.581733,11.210417,Constrained by her draught,0.0,11.2,297.0,299.0,9235725,3E3335,FUGA BLUEMARINE,Tanker,No additional information,43.0,248.0,GPS,14.4,FOR ORDER,20/01/2025 07:00:00,AIS,POINT (11.210417 57.581733),352978218_0,0 days 00:01:00,-1.7180091175796833e-06,297.97445157639083,0.0,0,4.823254919782076,57.581733,11.210417
2025-01-25 12:30:03,2025-01-25 12:30:03,Class A,352978218_0,57.5832,11.205217,Constrained by her draught,0.0,11.1,298.0,300.0,9235725,3E3335,FUGA BLUEMARINE,Tanker,No additional information,43.0,248.0,GPS,14.4,FOR ORDER,20/01/2025 07:00:00,AIS,POINT (11.205217 57.5832),352978218_0,0 days 00:01:00,2.9421922971412223e-06,297.7578316711387,0.0,0,4.82862472700095,57.5832,11.205217
2025-01-25 12:31:03,2025-01-25 12:31:03,Class A,352978218_0,57.584617,11.2003,Constrained by her draught,0.0,11.1,298.0,299.0,9235725,3E3335,FUGA BLUEMARINE,Tanker,No additional information,43.0,248.0,GPS,14.4,FOR ORDER,20/01/2025 07:00:00,AIS,POINT (11.2003 57.584617),352978218_0,0 days 00:01:00,-4.881670367315735e-06,298.2642099680582,0.0,0,4.833713584836094,57.584617,11.2003
2025-01-25 12:32:03,2025-01-25 12:32:03,Class A,352978218_0,57.586133,11.195033,Constrained by her draught,0.0,11.1,298.0,299.0,9235725,3E3335,FUGA BLUEMARINE,Tanker,No additional information,43.0,248.0,GPS,14.4,FOR ORDER,20/01/2025 07:00:00,AIS,POINT (11.195033 57.586133),352978218_0,0 days 00:01:00,6.569449655077659e-06,298.2359617276709,0.0,0,4.839164040789068,57.586133,11.195033
2025-01-25 12:33:03,2025-01-25 12:33:03,Class A,352978218_0,57.587533,11.190033,Constrained by her draught,0.0,11.1,298.0,299.0,9235725,3E3335,FUGA BLUEMARINE,Tanker,No additional information,43.0,248.0,GPS,14.4,FOR ORDER,20/01/2025 07:00:00,AIS,POINT (11.190033 57.587533),352978218_0,0 days 00:01:00,-5.602119232420415e-06,297.58322664928903,0.0,0,4.844323542298347,57.587533,11.190033
2025-01-25 12:34:03,2025-01-25 12:34:03,Class A,352978218_0,57.589033,11.1849,Constrained by her draught,0.0,11.1,298.0,299.0,9235725,3E3335,FUGA BLUEMARINE,Tanker,No additional information,43.0,248.0,GPS,14.4,FOR ORDER,20/01/2025 07:00:00,AIS,POINT (11.1849 57.589033),352978218_0,0 days 00:01:00,3.4018976185253536e-06,298.60137409443445,0.0,0,4.849643946502154,57.589033,11.1849
2025-01-25 12:39:05,2025-01-25 12:39:05,Class A,352978218_0,57.596017,11.1595,Constrained by her draught,0.0,10.9,298.0,300.0,9235725,3E3335,FUGA BLUEMARINE,Tanker,No additional information,43.0,248.0,GPS,14.4,FOR ORDER,20/01/2025 07:00:00,AIS,POINT (11.1595 57.596017),352978218_0,0 days 00:05:02,-5.773608941186546e-07,297.1706592074395,0.0,0,4.875807583470559,57.596017,11.1595
2025-01-25 12:40:05,2025-01-25 12:40:05,Class A,352978218_0,57.597417,11.154683,Constrained by her draught,0.0,10.9,298.0,301.0,9235725,3E3335,FUGA BLUEMARINE,Tanker,No additional information,43.0,248.0,GPS,14.4,FOR ORDER,20/01/2025 07:00:00,AIS,POINT (11.154683 57.597417),352978218_0,0 days 00:01:00,-3.2000966899294046e-06,298.4756723388506,0.0,0,4.88079795036119,57.597417,11.154683
2025-01-25 12:43:05,2025-01-25 12:43:05,Class A,352978218_0,57.601667,11.140017,Constrained by her draught,0.0,10.3,295.0,295.0,9235725,3E3335,FUGA BLUEMARINE,Tanker,No additional information,43.0,248.0,GPS,14.4,FOR ORDER,20/01/2025 07:00:00,AIS,POINT (11.140017 57.601667),352978218_0,0 days 00:03:00,4.289469505361441e-07,298.41130290048227,0.0,0,4.895987434765942,57.601667,11.140017
2025-01-25 12:44:05,2025-01-25 12:44:05,Class A,352978218_0,57.60285,11.135133,Constrained by her draught,0.0,10.1,294.0,295.0,9235725,3E3335,FUGA BLUEMARINE,Tanker,No additional information,43.0,248.0,GPS,14.4,FOR ORDER,20/01/2025 07:00:00,AIS,POINT (11.135133 57.60285),352978218_0,0 days 00:01:00,-3.28230017102264e-06,294.32865519760605,0.0,0,4.90095881561649,57.60285,11.135133
2025-01-25 12:47:03,2025-01-25 12:47:03,Class A,352978218_0,57.605933,11.121433,Constrained by her draught,0.0,9.1,292.0,293.0,9235725,3E3335,FUGA BLUEMARINE,Tanker,No additional information,43.0,248.0,GPS,14.4,FOR ORDER,20/01/2025 07:00:00,AIS,POINT (11.121433 57.605933),352978218_0,0 days 00:02:58,-1.9653399649232496e-06,292.78968251974084,0.0,0,4.91481639466481,57.605933,11.121433
2025-01-25 12:48:03,2025-01-25 12:48:03,Class A,352978218_0,57.606817,11.117283,Constrained by her draught,0.0,8.7,291.0,292.0,9235725,3E3335,FUGA BLUEMARINE,Tanker,No additional information,43.0,248.0,GPS,14.4,FOR ORDER,20/01/2025 07:00:00,AIS,POINT (11.117283 57.606817),352978218_0,0 days 00:01:00,-9.013436847676888e-06,291.6849516524301,0.0,0,4.918995664589469,57.606817,11.117283
2025-01-25 12:49:03,2025-01-25 12:49:03,Class A,352978218_0,57.607683,11.113067,Constrained by her draught,0.0,8.5,291.0,292.0,9235725,3E3335,FUGA BLUEMARINE,Tanker,No additional information,43.0,248.0,GPS,14.4,FOR ORDER,20/01/2025 07:00:00,AIS,POINT (11.113067 57.607683),352978218_0,0 days 00:01:00,8.173903796328639e-07,290.9798102275774,0.0,0,4.9232295215439645,57.607683,11.113067
2025-01-25 12:50:03,2025-01-25 12:50:03,Class A,352978218_0,57.6085,11.109017,Constrained by her draught,0.0,8.2,290.0,292.0,9235725,3E3335,FUGA BLUEMARINE,Tanker,No additional information,43.0,248.0,GPS,14.4,FOR ORDER,20/01/2025 07:00:00,AIS,POINT (11.109017 57.6085),352978218_0,0 days 00:01:00,-3.1163523579850335e-06,290.6362977370419,0.0,0,4.927291218449037,57.6085,11.109017
2025-01-25 12:51:03,2025-01-25 12:51:03,Class A,352978218_0,57.60925,11.105217,Constrained by her draught,0.0,8.0,290.0,295.0,9235725,3E3335,FUGA BLUEMARINE,Tanker,No additional information,43.0,248.0,GPS,14.4,FOR ORDER,20/01/2025 07:00:00,AIS,POINT (11.105217 57.60925),352978218_0,0 days 00:01:00,-4.614605302084316e-06,290.2270980985433,0.0,0,4.931096107003494,57.60925,11.105217
2025-01-25 12:52:03,2025-01-25 12:52:03,Class A,352978218_0,57.6101,11.101383,Constrained by her draught,0.0,7.8,292.0,295.0,9235725,3E3335,FUGA BLUEMARINE,Tanker,No additional information,43.0,248.0,GPS,14.4,FOR ORDER,20/01/2025 07:00:00,AIS,POINT (11.101383 57.6101),352978218_0,0 days 00:01:00,1.649553595679708e-06,292.4845361120489,0.0,0,4.934969999996859,57.6101,11.101383
2025-01-25 12:53:03,2025-01-25 12:53:03,Class A,352978218_0,57.6109,11.097733,Constrained by her draught,0.0,7.7,292.0,295.0,9235725,3E3335,FUGA BLUEMARINE,Tanker,No additional information,43.0,248.0,GPS,14.4,FOR ORDER,20/01/2025 07:00:00,AIS,POINT (11.097733 57.6109),352978218_0,0 days 00:01:00,-3.4150274243051596e-06,292.25418518807896,0.0,0,4.938654617774866,57.6109,11.097733
2025-01-25 12:54:03,2025-01-25 12:54:03,Class A,352978218_0,57.611783,11.094033,Constrained by her draught,0.0,7.5,294.0,294.0,9235725,3E3335,FUGA BLUEMARINE,Tanker,No additional information,43.0,248.0,GPS,14.4,FOR ORDER,20/01/2025 07:00:00,AIS,POINT (11.094033 57.611783),352978218_0,0 days 00:01:00,1.769704964699843e-06,294.0156297449861,0.0,0,4.942416688065264,57.611783,11.094033
2025-01-25 13:00:03,2025-01-25 13:00:03,Class A,352978218_0,57.6167,11.07365,Constrained by her draught,0.0,6.9,296.0,296.0,9235725,3E3335,FUGA BLUEMARINE,Tanker,No additional information,43.0,248.0,GPS,14.4,FOR ORDER,20/01/2025 07:00:00,AIS,POINT (11.07365 57.6167),352978218_0,0 days 00:06:00,-8.993483803434356e-07,294.25439186574476,0.0,0,4.9631623905880815,57.6167,11.07365
2025-01-25 13:01:03,2025-01-25 13:01:03,Class A,352978218_0,57.617483,11.070533,Constrained by her draught,0.0,6.8,296.0,294.0,9235725,3E3335,FUGA BLUEMARINE,Tanker,No additional information,43.0,248.0,GPS,14.4,FOR ORDER,20/01/2025 07:00:00,AIS,POINT (11.070533 57.617483),352978218_0,0 days 00:01:00,-4.702324920537117e-06,295.12951126427663,0.0,0,4.966346606195142,57.617483,11.070533
2025-01-25 13:02:03,2025-01-25 13:02:03,Class A,352978218_0,57.61825,11.067217,Constrained by her draught,0.0,6.7,292.0,295.0,9235725,3E3335,FUGA BLUEMARINE,Tanker,No additional information,43.0,248.0,GPS,14.4,FOR ORDER,20/01/2025 07:00:00,AIS,POINT (11.067217 57.61825),352978218_0,0 days 00:01:00,2.8095306639231413e-06,293.3602763945664,0.0,0,4.969709564602846,57.61825,11.067217
2025-01-25 13:03:03,2025-01-25 13:03:03,Class A,352978218_0,57.619,11.064083,Constrained by her draught,0.0,6.7,295.0,296.0,9235725,3E3335,FUGA BLUEMARINE,Tanker,No additional information,43.0,248.0,GPS,14.4,FOR ORDER,20/01/2025 07:00:00,AIS,POINT (11.064083 57.619),352978218_0,0 days 00:01:00,-2.9791985410313393e-06,294.07873519812915,0.0,0,4.972897346242831,57.619,11.064083
2025-01-25 13:04:03,2025-01-25 13:04:03,Class A,352978218_0,57.619833,11.060933,Constrained by her draught,0.0,6.6,295.0,295.0,9235725,3E3335,FUGA BLUEMARINE,Tanker,No additional information,43.0,248.0,GPS,14.4,FOR ORDER,20/01/2025 07:00:00,AIS,POINT (11.060933 57.619833),352978218_0,0 days 00:01:00,1.3303519792560222e-06,296.2810150499511,0.0,0,4.976130935984903,57.619833,11.060933
2025-01-25 13:05:03,2025-01-25 13:05:03,Class A,352978218_0,57.620517,11.057867,Constrained by her draught,0.0,6.6,294.0,296.0,9235725,3E3335,FUGA BLUEMARINE,Tanker,No additional information,43.0,248.0,GPS,14.4,FOR ORDER,20/01/2025 07:00:00,AIS,POINT (11.057867 57.620517),352978218_0,0 days 00:01:00,-3.1770195876467366e-06,292.61703006980764,0.0,0,4.979231113654597,57.620517,11.057867
2025-01-25 13:06:04,2025-01-25 13:06:04,Class A,352978218_0,57.621317,11.054717,Constrained by her draught,0.0,6.6,295.0,295.0,9235725,3E3335,FUGA BLUEMARINE,Tanker,No additional information,43.0,248.0,GPS,14.4,FOR ORDER,20/01/2025 07:00:00,AIS,POINT (11.054717 57.621317),352978218_0,0 days 00:01:01,1.753457735392644e-06,295.3738542293303,0.0,0,4.982452490389245,57.621317,11.054717
2025-01-25 13:07:04,2025-01-25 13:07:04,Class A,352978218_0,57.6221,11.051567,Constrained by her draught,0.0,6.5,294.0,295.0,9235725,3E3335,FUGA BLUEMARINE,Tanker,No additional information,43.0,248.0,GPS,14.4,FOR ORDER,20/01/2025 07:00:00,AIS,POINT (11.051567 57.6221),352978218_0,0 days 00:01:00,7.242631731937636e-07,294.9011033077842,0.0,0,4.985667576604461,57.6221,11.051567
2025-01-25 13:08:04,2025-01-25 13:08:04,Class A,352978218_0,57.622867,11.048483,Constrained by her draught,0.0,6.5,296.0,296.0,9235725,3E3335,FUGA BLUEMARINE,Tanker,No additional information,43.0,248.0,GPS,14.4,FOR ORDER,20/01/2025 07:00:00,AIS,POINT (11.048483 57.622867),352978218_0,0 days 00:01:00,-1.203077571077618e-06,294.9131216504966,0.0,0,4.988815488695688,57.622867,11.048483
2025-01-25 13:09:04,2025-01-25 13:09:04,Class A,352978218_0,57.623683,11.0454,Constrained by her draught,0.0,6.5,295.0,295.0,9235725,3E3335,FUGA BLUEMARINE,Tanker,No additional information,43.0,248.0,GPS,14.4,FOR ORDER,20/01/2025 07:00:00,AIS,POINT (11.0454 57.623683),352978218_0,0 days 00:01:00,6.382007766826406e-07,296.30342607052967,0.0,0,4.991980741413672,57.623683,11.0454
2025-01-25 13:10:04,2025-01-25 13:10:04,Class A,352978218_0,57.624433,11.042417,Constrained by her draught,0.0,6.4,295.0,295.0,9235725,3E3335,FUGA BLUEMARINE,Tanker,No additional information,43.0,248.0,GPS,14.4,FOR ORDER,20/01/2025 07:00:00,AIS,POINT (11.042417 57.624433),352978218_0,0 days 00:01:00,-2.381809389374936e-06,295.15311519631814,0.0,0,4.995028649627748,57.624433,11.042417
2025-01-25 13:11:05,2025-01-25 13:11:05,Class A,352978218_0,57.6252,11.039333,Constrained by her draught,0.0,6.4,295.0,296.0,9235725,3E3335,FUGA BLUEMARINE,Tanker,No additional information,43.0,248.0,GPS,14.4,FOR ORDER,20/01/2025 07:00:00,AIS,POINT (11.039333 57.6252),352978218_0,0 days 00:01:01,8.023726564203913e-07,294.914527425852,0.0,0,4.9981766697935965,57.6252,11.039333
2025-01-25 13:12:05,2025-01-25 13:12:05,Class A,352978218_0,57.625983,11.0364,Constrained by her draught,0.0,6.4,296.0,294.0,9235725,3E3335,FUGA BLUEMARINE,Tanker,No additional information,43.0,248.0,GPS,14.4,FOR ORDER,20/01/2025 07:00:00,AIS,POINT (11.0364 57.625983),352978218_0,0 days 00:01:00,-1.1208311013168092e-06,296.50096632075207,0.0,0,5.001190503594618,57.625983,11.0364
2025-01-25 13:15:04,2025-01-25 13:15:04,Class A,352978218_0,57.628283,11.027617,Constrained by her draught,0.0,6.3,295.0,294.0,9235725,3E3335,FUGA BLUEMARINE,Tanker,No additional information,43.0,248.0,GPS,14.4,FOR ORDER,20/01/2025 07:00:00,AIS,POINT (11.027617 57.628283),352978218_0,0 days 00:02:59,-8.622675371740987e-10,296.06629459275473,0.0,0,5.010199099576983,57.628283,11.027617
2025-01-25 13:17:04,2025-01-25 13:17:04,Class A,352978218_0,57.629767,11.0216,Constrained by her draught,0.0,6.3,295.0,295.0,9235725,3E3335,FUGA BLUEMARINE,Tanker,No additional information,43.0,248.0,GPS,14.4,FOR ORDER,20/01/2025 07:00:00,AIS,POINT (11.0216 57.629767),352978218_0,0 days 00:02:00,2.9058857557238535e-07,294.73596509092226,0.0,0,5.016336743524004,57.629767,11.0216
2025-01-25 13:18:04,2025-01-25 13:18:04,Class A,352978218_0,57.630517,11.0186,Constrained by her draught,0.0,6.3,295.0,295.0,9235725,3E3335,FUGA BLUEMARINE,Tanker,No additional information,43.0,248.0,GPS,14.4,FOR ORDER,20/01/2025 07:00:00,AIS,POINT (11.0186 57.630517),352978218_0,0 days 00:01:00,-2.5428639231953332e-08,295.0317640349323,0.0,0,5.0194006995286795,57.630517,11.0186
2025-01-25 13:19:04,2025-01-25 13:19:04,Class A,352978218_0,57.63125,11.015683,Constrained by her draught,0.0,6.3,294.0,295.0,9235725,3E3335,FUGA BLUEMARINE,Tanker,No additional information,43.0,248.0,GPS,14.4,FOR ORDER,20/01/2025 07:00:00,AIS,POINT (11.015683 57.63125),352978218_0,0 days 00:01:00,-1.4713942922648346e-06,295.1450256104308,0.0,0,5.022381311864821,57.63125,11.015683
2025-01-25 13:20:04,2025-01-25 13:20:04,Class A,352978218_0,57.632,11.012683,Constrained by her draught,0.0,6.3,295.0,295.0,9235725,3E3335,FUGA BLUEMARINE,Tanker,No additional information,43.0,248.0,GPS,14.4,FOR ORDER,20/01/2025 07:00:00,AIS,POINT (11.012683 57.632),352978218_0,0 days 00:01:00,1.469557591099949e-06,295.03266099393437,0.0,0,5.025445336113903,57.632,11.012683
2025-01-25 13:21:04,2025-01-25 13:21:04,Class A,352978218_0,57.63275,11.009667,Constrained by her draught,0.0,6.3,295.0,295.0,9235725,3E3335,FUGA BLUEMARINE,Tanker,No additional information,43.0,248.0,GPS,14.4,FOR ORDER,20/01/2025 07:00:00,AIS,POINT (11.009667 57.63275),352978218_0,0 days 00:01:00,2.3983110694115756e-07,294.91648019775266,0.0,0,5.02852425211463,57.63275,11.009667
2025-01-25 13:22:04,2025-01-25 13:22:04,Class A,352978218_0,57.63345,11.006817,Constrained by her draught,0.0,6.3,294.0,295.0,9235725,3E3335,FUGA BLUEMARINE,Tanker,No additional information,43.0,248.0,GPS,14.4,FOR ORDER,20/01/2025 07:00:00,AIS,POINT (11.006817 57.63345),352978218_0,0 days 00:01:00,-3.1499484564191806e-06,294.64690781401765,0.0,0,5.0314305020048735,57.63345,11.006817
2025-01-25 13:24:03,2025-01-25 13:24:03,Class A,352978218_0,57.634967,11.000867,Constrained by her draught,0.0,6.3,295.0,294.0,9235725,3E3335,FUGA BLUEMARINE,Tanker,No additional information,43.0,248.0,GPS,14.4,FOR ORDER,20/01/2025 07:00:00,AIS,POINT (11.000867 57.634967),352978218_0,0 days 00:01:59,1.5644842252106957e-06,295.4695624926384,0.0,0,5.037518664897036,57.634967,11.000867
2025-01-25 13:25:03,2025-01-25 13:25:03,Class A,352978218_0,57.63565,10.997933,Constrained by her draught,0.0,6.2,293.0,295.0,9235725,3E3335,FUGA BLUEMARINE,Tanker,No additional information,43.0,248.0,GPS,14.4,FOR ORDER,20/01/2025 07:00:00,AIS,POINT (10.997933 57.63565),352978218_0,0 days 00:01:00,-2.0467063476706816e-06,293.50395443387964,0.0,0,5.040496717702432,57.63565,10.997933
2025-01-25 13:27:03,2025-01-25 13:27:03,Class A,352978218_0,57.6371,10.99205,Constrained by her draught,0.0,6.3,295.0,295.0,9235725,3E3335,FUGA BLUEMARINE,Tanker,No additional information,43.0,248.0,GPS,14.4,FOR ORDER,20/01/2025 07:00:00,AIS,POINT (10.99205 57.6371),352978218_0,0 days 00:02:00,3.211641387951537e-07,294.7260417980349,0.0,0,5.046498015391265,57.6371,10.99205
2025-01-25 13:36:03,2025-01-25 13:36:03,Class A,352978218_0,57.643383,10.9654,Constrained by her draught,0.0,6.2,289.0,290.0,9235725,3E3335,FUGA BLUEMARINE,Tanker,No additional information,43.0,248.0,GPS,14.4,FOR ORDER,20/01/2025 07:00:00,AIS,POINT (10.9654 57.643383),352978218_0,0 days 00:09:00,-5.451630278087729e-09,293.7837986382195,0.0,0,5.073579992475233,57.643383,10.9654
2025-01-25 13:37:03,2025-01-25 13:37:03,Class A,352978218_0,57.64395,10.962367,Constrained by her draught,0.0,6.2,291.0,290.0,9235725,3E3335,FUGA BLUEMARINE,Tanker,No additional information,43.0,248.0,GPS,14.4,FOR ORDER,20/01/2025 07:00:00,AIS,POINT (10.962367 57.64395),352978218_0,0 days 00:01:00,-3.798473205390623e-07,289.25598471579457,0.0,0,5.076607596407761,57.64395,10.962367
2025-01-25 13:38:03,2025-01-25 13:38:03,Class A,352978218_0,57.6445,10.959283,Constrained by her draught,0.0,6.2,288.0,290.0,9235725,3E3335,FUGA BLUEMARINE,Tanker,No additional information,43.0,248.0,GPS,14.4,FOR ORDER,20/01/2025 07:00:00,AIS,POINT (10.959283 57.6445),352978218_0,0 days 00:01:00,6.305566793386889e-07,288.43125797315423,0.0,0,5.079676370426467,57.6445,10.959283
2025-01-25 13:39:03,2025-01-25 13:39:03,Class A,352978218_0,57.645017,10.956317,Constrained by her draught,0.0,6.2,288.0,293.0,9235725,3E3335,FUGA BLUEMARINE,Tanker,No additional information,43.0,248.0,GPS,14.4,FOR ORDER,20/01/2025 07:00:00,AIS,POINT (10.956317 57.645017),352978218_0,0 days 00:01:00,-2.179082049960002e-06,288.04215886349846,0.0,0,5.082623381363802,57.645017,10.956317
2025-01-25 13:40:03,2025-01-25 13:40:03,Class A,352978218_0,57.6456,10.953233,Constrained by her draught,0.0,6.2,291.0,296.0,9235725,3E3335,FUGA BLUEMARINE,Tanker,No additional information,43.0,248.0,GPS,14.4,FOR ORDER,20/01/2025 07:00:00,AIS,POINT (10.953233 57.6456),352978218_0,0 days 00:01:00,2.5084903860491676e-06,289.45662371352654,0.0,0,5.085704503396653,57.6456,10.953233
2025-01-25 13:41:03,2025-01-25 13:41:03,Class A,352978218_0,57.6463,10.950283,Constrained by her draught,0.0,6.2,293.0,295.0,9235725,3E3335,FUGA BLUEMARINE,Tanker,No additional information,43.0,248.0,GPS,14.4,FOR ORDER,20/01/2025 07:00:00,AIS,POINT (10.950283 57.6463),352978218_0,0 days 00:01:00,-7.322112060528969e-07,293.91399942019524,0.0,0,5.088704396510862,57.6463,10.950283
2025-01-25 13:42:04,2025-01-25 13:42:04,Class A,352978218_0,57.647,10.947267,Constrained by her draught,0.0,6.2,293.0,295.0,9235725,3E3335,FUGA BLUEMARINE,Tanker,No additional information,43.0,248.0,GPS,14.4,FOR ORDER,20/01/2025 07:00:00,AIS,POINT (10.947267 57.647),352978218_0,0 days 00:01:01,1.0660839154129007e-07,293.4481591697809,0.0,0,5.09176566069227,57.647,10.947267
2025-01-25 13:43:04,2025-01-25 13:43:04,Class A,352978218_0,57.647733,10.944267,Constrained by her draught,0.0,6.2,295.0,295.0,9235725,3E3335,FUGA BLUEMARINE,Tanker,No additional information,43.0,248.0,GPS,14.4,FOR ORDER,20/01/2025 07:00:00,AIS,POINT (10.944267 57.647733),352978218_0,0 days 00:01:00,1.0647032775854354e-06,294.54214025058366,0.0,0,5.094824283721864,57.647733,10.944267
2025-01-25 13:44:04,2025-01-25 13:44:04,Class A,352978218_0,57.648417,10.94135,Constrained by her draught,0.0,6.2,294.0,295.0,9235725,3E3335,FUGA BLUEMARINE,Tanker,No additional information,43.0,248.0,GPS,14.4,FOR ORDER,20/01/2025 07:00:00,AIS,POINT (10.94135 57.648417),352978218_0,0 days 00:01:00,-1.876049772395194e-06,293.66414892471835,0.0,0,5.097787715757591,57.648417,10.94135
2025-01-25 13:48:04,2025-01-25 13:48:04,Class A,352978218_0,57.6512,10.92955,Constrained by her draught,0.0,6.2,294.0,295.0,9235725,3E3335,FUGA BLUEMARINE,Tanker,No additional information,43.0,248.0,GPS,14.4,FOR ORDER,20/01/2025 07:00:00,AIS,POINT (10.92955 57.6512),352978218_0,0 days 00:04:00,1.6128507409651714e-07,293.7909542693499,0.0,0,5.109781853557743,57.6512,10.92955
2025-01-25 13:49:04,2025-01-25 13:49:04,Class A,352978218_0,57.651883,10.926717,Constrained by her draught,0.0,6.1,294.0,295.0,9235725,3E3335,FUGA BLUEMARINE,Tanker,No additional information,43.0,248.0,GPS,14.4,FOR ORDER,20/01/2025 07:00:00,AIS,POINT (10.926717 57.651883),352978218_0,0 days 00:01:00,-1.93542178745487e-06,294.25627555759587,0.0,0,5.112667028508897,57.651883,10.926717
2025-01-25 13:50:04,2025-01-25 13:50:04,Class A,352978218_0,57.65255,10.923833,Constrained by her draught,0.0,5.9,294.0,296.0,9235725,3E3335,FUGA BLUEMARINE,Tanker,No additional information,43.0,248.0,GPS,14.4,FOR ORDER,20/01/2025 07:00:00,AIS,POINT (10.923833 57.65255),352978218_0,0 days 00:01:00,5.737121943509632e-07,293.3774141066766,0.0,0,5.11559374350319,57.65255,10.923833
2025-01-25 13:51:04,2025-01-25 13:51:04,Class A,352978218_0,57.653233,10.921133,Constrained by her draught,0.0,5.7,294.0,295.0,9235725,3E3335,FUGA BLUEMARINE,Tanker,No additional information,43.0,248.0,GPS,14.4,FOR ORDER,20/01/2025 07:00:00,AIS,POINT (10.921133 57.653233),352978218_0,0 days 00:01:00,-2.5786970088598724e-06,295.30528374280783,0.0,0,5.118355353906761,57.653233,10.921133
2025-01-25 13:53:04,2025-01-25 13:53:04,Class A,352978218_0,57.654533,10.9158,Constrained by her draught,0.0,5.4,296.0,294.0,9235725,3E3335,FUGA BLUEMARINE,Tanker,No additional information,43.0,248.0,GPS,14.4,FOR ORDER,20/01/2025 07:00:00,AIS,POINT (10.9158 57.654533),352978218_0,0 days 00:02:00,-4.671851135078397e-07,294.4966543700183,0.0,0,5.123792044223203,57.654533,10.9158
2025-01-25 13:54:04,2025-01-25 13:54:04,Class A,352978218_0,57.655133,10.913383,Constrained by her draught,0.0,5.2,295.0,295.0,9235725,3E3335,FUGA BLUEMARINE,Tanker,No additional information,43.0,248.0,GPS,14.4,FOR ORDER,20/01/2025 07:00:00,AIS,POINT (10.913383 57.655133),352978218_0,0 days 00:01:00,-4.406760535758473e-06,294.89170703205184,0.0,0,5.126260061552281,57.655133,10.913383
2025-01-25 13:55:04,2025-01-25 13:55:04,Class A,352978218_0,57.65575,10.910933,Constrained by her draught,0.0,5.1,296.0,295.0,9235725,3E3335,FUGA BLUEMARINE,Tanker,No additional information,43.0,248.0,GPS,14.4,FOR ORDER,20/01/2025 07:00:00,AIS,POINT (10.910933 57.65575),352978218_0,0 days 00:01:00,7.176625724175685e-07,295.20807985827645,0.0,0,5.128765042265925,57.65575,10.910933
2025-01-25 13:56:04,2025-01-25 13:56:04,Class A,352978218_0,57.656367,10.9086,Constrained by her draught,0.0,5.0,295.0,294.0,9235725,3E3335,FUGA BLUEMARINE,Tanker,No additional information,43.0,248.0,GPS,14.4,FOR ORDER,20/01/2025 07:00:00,AIS,POINT (10.9086 57.656367),352978218_0,0 days 00:01:00,-1.748794158001627e-06,296.3055181674026,0.0,0,5.131161269968915,57.656367,10.9086
2025-01-25 13:57:04,2025-01-25 13:57:04,Class A,352978218_0,57.65695,10.90625,Constrained by her draught,0.0,4.8,294.0,295.0,9235725,3E3335,FUGA BLUEMARINE,Tanker,No additional information,43.0,248.0,GPS,14.4,FOR ORDER,20/01/2025 07:00:00,AIS,POINT (10.90625 57.65695),352978218_0,0 days 00:01:00,-1.9987861830143955e-07,294.8789851900061,0.0,0,5.133560797073314,57.65695,10.90625
2025-01-25 13:59:03,2025-01-25 13:59:03,Class A,352978218_0,57.658117,10.90195,Constrained by her draught,0.0,4.6,295.0,294.0,9235725,3E3335,FUGA BLUEMARINE,Tanker,No additional information,43.0,248.0,GPS,14.4,FOR ORDER,20/01/2025 07:00:00,AIS,POINT (10.90195 57.658117),352978218_0,0 days 00:01:59,-1.3328522666273978e-06,296.9005529961188,0.0,0,5.137988378181581,57.658117,10.90195
2025-01-25 14:00:03,2025-01-25 14:00:03,Class A,352978218_0,57.65865,10.899767,Constrained by her draught,0.0,4.5,293.0,296.0,9235725,3E3335,FUGA BLUEMARINE,Tanker,No additional information,43.0,248.0,GPS,14.4,FOR ORDER,20/01/2025 07:00:00,AIS,POINT (10.899767 57.65865),352978218_0,0 days 00:01:00,-5.202357919901918e-07,294.53295430604857,0.0,0,5.140214278248037,57.65865,10.899767
2025-01-25 14:01:03,2025-01-25 14:01:03,Class A,352978218_0,57.6592,10.897767,Constrained by her draught,0.0,4.4,296.0,295.0,9235725,3E3335,FUGA BLUEMARINE,Tanker,No additional information,43.0,248.0,GPS,14.4,FOR ORDER,20/01/2025 07:00:00,AIS,POINT (10.897767 57.6592),352978218_0,0 days 00:01:00,-2.5034343067303467e-06,297.20667727942623,0.0,0,5.142276302339751,57.6592,10.897767
2025-01-25 14:02:03,2025-01-25 14:02:03,Class A,352978218_0,57.659717,10.895667,Constrained by her draught,0.0,4.3,294.0,298.0,9235725,3E3335,FUGA BLUEMARINE,Tanker,No additional information,43.0,248.0,GPS,14.4,FOR ORDER,20/01/2025 07:00:00,AIS,POINT (10.895667 57.659717),352978218_0,0 days 00:01:00,1.0450205281978149e-06,294.71333525603313,0.0,0,5.14441917145036,57.659717,10.895667
2025-01-25 14:03:03,2025-01-25 14:03:03,Class A,352978218_0,57.660267,10.893683,Constrained by her draught,0.0,4.3,300.0,301.0,9235725,3E3335,FUGA BLUEMARINE,Tanker,No additional information,43.0,248.0,GPS,14.4,FOR ORDER,20/01/2025 07:00:00,AIS,POINT (10.893683 57.660267),352978218_0,0 days 00:01:00,-1.2817298968631138e-06,297.3949212665279,0.0,0,5.146466340922672,57.660267,10.893683
2025-01-25 14:05:03,2025-01-25 14:05:03,Class A,352978218_0,57.661533,10.8899,Constrained by her draught,0.0,4.2,302.0,306.0,9235725,3E3335,FUGA BLUEMARINE,Tanker,No additional information,43.0,248.0,GPS,14.4,FOR ORDER,20/01/2025 07:00:00,AIS,POINT (10.8899 57.661533),352978218_0,0 days 00:02:00,-3.131503161761138e-08,302.03195887819544,0.0,0,5.150449764131768,57.661533,10.8899
2025-01-25 14:06:03,2025-01-25 14:06:03,Class A,352978218_0,57.6622,10.888217,Constrained by her draught,0.0,4.1,307.0,310.0,9235725,3E3335,FUGA BLUEMARINE,Tanker,No additional information,43.0,248.0,GPS,14.4,FOR ORDER,20/01/2025 07:00:00,AIS,POINT (10.888217 57.6622),352978218_0,0 days 00:01:00,-2.2688971173306e-06,306.5353007217769,0.0,0,5.15226011690064,57.6622,10.888217
2025-01-25 14:07:03,2025-01-25 14:07:03,Class A,352978218_0,57.662983,10.88665,Constrained by her draught,0.0,4.1,312.0,311.0,9235725,3E3335,FUGA BLUEMARINE,Tanker,No additional information,43.0,248.0,GPS,14.4,FOR ORDER,20/01/2025 07:00:00,AIS,POINT (10.88665 57.662983),352978218_0,0 days 00:01:00,8.161037388979807e-07,313.05073924275354,0.0,0,5.154005294016003,57.662983,10.88665
2025-01-25 14:08:03,2025-01-25 14:08:03,Class A,352978218_0,57.663783,10.885033,Constrained by her draught,0.0,4.1,313.0,310.0,9235725,3E3335,FUGA BLUEMARINE,Tanker,No additional information,43.0,248.0,GPS,14.4,FOR ORDER,20/01/2025 07:00:00,AIS,POINT (10.885033 57.663783),352978218_0,0 days 00:01:00,9.6500658374284e-07,312.76765248912596,0.0,0,5.155803222822415,57.663783,10.885033
2025-01-25 14:09:03,2025-01-25 14:09:03,Class A,352978218_0,57.66455,10.883517,Constrained by her draught,0.0,4.1,313.0,310.0,9235725,3E3335,FUGA BLUEMARINE,Tanker,No additional information,43.0,248.0,GPS,14.4,FOR ORDER,20/01/2025 07:00:00,AIS,POINT (10.883517 57.66455),352978218_0,0 days 00:01:00,-1.9211448181583162e-06,313.4077065398106,0.0,0,5.157495099823653,57.66455,10.883517
2025-01-25 14:10:03,2025-01-25 14:10:03,Class A,352978218_0,57.66535,10.882,Constrained by her draught,0.0,4.0,314.0,310.0,9235725,3E3335,FUGA BLUEMARINE,Tanker,No additional information,43.0,248.0,GPS,14.4,FOR ORDER,20/01/2025 07:00:00,AIS,POINT (10.882 57.66535),352978218_0,0 days 00:01:00,7.200740753654193e-07,314.59541729785224,0.0,0,5.159200057775235,57.66535,10.882
2025-01-25 14:11:03,2025-01-25 14:11:03,Class A,352978218_0,57.6661,10.88055,Constrained by her draught,0.0,4.0,314.0,310.0,9235725,3E3335,FUGA BLUEMARINE,Tanker,No additional information,43.0,248.0,GPS,14.4,FOR ORDER,20/01/2025 07:00:00,AIS,POINT (10.88055 57.6661),352978218_0,0 days 00:01:00,-1.8754832161162048e-06,314.0413324588516,0.0,0,5.1608243214963245,57.6661,10.88055
2025-01-25 14:20:03,2025-01-25 14:20:03,Class A,352978218_0,57.672783,10.866967,Constrained by her draught,0.0,3.9,311.0,310.0,9235725,3E3335,FUGA BLUEMARINE,Tanker,No additional information,43.0,248.0,GPS,14.4,FOR ORDER,20/01/2025 07:00:00,AIS,POINT (10.866967 57.672783),352978218_0,0 days 00:09:00,6.168803497315674e-08,312.61940168279426,0.0,0,5.175913771905594,57.672783,10.866967
2025-01-25 14:21:03,2025-01-25 14:21:03,Class A,352978218_0,57.6735,10.8655,Constrained by her draught,0.0,3.8,309.0,309.0,9235725,3E3335,FUGA BLUEMARINE,Tanker,No additional information,43.0,248.0,GPS,14.4,FOR ORDER,20/01/2025 07:00:00,AIS,POINT (10.8655 57.6735),352978218_0,0 days 00:01:00,-1.0519057372431165e-06,312.427488364285,0.0,0,5.177541728180274,57.6735,10.8655
2025-01-25 14:22:03,2025-01-25 14:22:03,Class A,352978218_0,57.674167,10.8639,Constrained by her draught,0.0,3.8,307.0,312.0,9235725,3E3335,FUGA BLUEMARINE,Tanker,No additional information,43.0,248.0,GPS,14.4,FOR ORDER,20/01/2025 07:00:00,AIS,POINT (10.8639 57.674167),352978218_0,0 days 00:01:00,6.887454587305424e-07,307.94018898669486,0.0,0,5.179274917170258,57.674167,10.8639
2025-01-25 14:24:03,2025-01-25 14:24:03,Class A,352978218_0,57.67565,10.8608,Constrained by her draught,0.0,4.2,314.0,315.0,9235725,3E3335,FUGA BLUEMARINE,Tanker,No additional information,43.0,248.0,GPS,14.4,FOR ORDER,20/01/2025 07:00:00,AIS,POINT (10.8608 57.67565),352978218_0,0 days 00:02:00,4.19736889711607e-07,311.818575981017,0.0,0,5.182703216869358,57.67565,10.8608
2025-01-25 14:25:03,2025-01-25 14:25:03,Class A,352978218_0,57.676467,10.859033,Constrained by her draught,0.0,4.8,310.0,319.0,9235725,3E3335,FUGA BLUEMARINE,Tanker,No additional information,43.0,248.0,GPS,14.4,FOR ORDER,20/01/2025 07:00:00,AIS,POINT (10.859033 57.676467),352978218_0,0 days 00:01:00,4.2432885393009505e-06,310.8510706051002,0.0,0,5.184646922621637,57.676467,10.859033
2025-01-25 14:27:03,2025-01-25 14:27:03,Class A,352978218_0,57.6787,10.855417,Constrained by her draught,0.0,5.8,327.0,330.0,9235725,3E3335,FUGA BLUEMARINE,Tanker,No additional information,43.0,248.0,GPS,14.4,FOR ORDER,20/01/2025 07:00:00,AIS,POINT (10.855417 57.6787),352978218_0,0 days 00:02:00,3.5209419602048297e-06,319.11430595055083,0.0,0,5.188831302885554,57.6787,10.855417
2025-01-25 14:34:04,2025-01-25 14:34:04,Class A,352978218_0,57.687817,10.838217,Constrained by her draught,0.0,7.4,299.0,300.0,9235725,3E3335,FUGA BLUEMARINE,Tanker,No additional information,43.0,248.0,GPS,14.4,FOR ORDER,20/01/2025 07:00:00,AIS,POINT (10.838217 57.687817),352978218_0,0 days 00:07:01,1.6275797846574475e-06,314.76288091935453,0.0,0,5.208181065111504,57.687817,10.838217
2025-01-25 14:35:04,2025-01-25 14:35:04,Class A,352978218_0,57.688833,10.834717,Constrained by her draught,0.0,7.6,298.0,301.0,9235725,3E3335,FUGA BLUEMARINE,Tanker,No additional information,43.0,248.0,GPS,14.4,FOR ORDER,20/01/2025 07:00:00,AIS,POINT (10.834717 57.688833),352978218_0,0 days 00:01:00,8.812798781128103e-06,298.5066569390069,0.0,0,5.211809009624394,57.688833,10.834717
2025-01-25 14:36:04,2025-01-25 14:36:04,Class A,352978218_0,57.689883,10.831183,Constrained by her draught,0.0,7.9,299.0,300.0,9235725,3E3335,FUGA BLUEMARINE,Tanker,No additional information,43.0,248.0,GPS,14.4,FOR ORDER,20/01/2025 07:00:00,AIS,POINT (10.831183 57.689883),352978218_0,0 days 00:01:00,9.982474571434771e-07,299.0695391270202,0.0,0,5.215481119864783,57.689883,10.831183
2025-01-25 14:37:04,2025-01-25 14:37:04,Class A,352978218_0,57.690917,10.827467,Constrained by her draught,0.0,7.9,297.0,306.0,9235725,3E3335,FUGA BLUEMARINE,Tanker,No additional information,43.0,248.0,GPS,14.4,FOR ORDER,20/01/2025 07:00:00,AIS,POINT (10.827467 57.690917),352978218_0,0 days 00:01:00,2.4209345646276654e-06,297.502940132192,0.0,0,5.2193165253686225,57.690917,10.827467
2025-01-25 14:38:04,2025-01-25 14:38:04,Class A,352978218_0,57.69205,10.824083,Constrained by her draught,0.0,7.8,303.0,316.0,9235725,3E3335,FUGA BLUEMARINE,Tanker,No additional information,43.0,248.0,GPS,14.4,FOR ORDER,20/01/2025 07:00:00,AIS,POINT (10.824083 57.69205),352978218_0,0 days 00:01:00,-3.2610222400688333e-06,302.0655264986045,0.0,0,5.222879850290355,57.69205,10.824083
2025-01-25 14:39:04,2025-01-25 14:39:04,Class A,352978218_0,57.6935,10.821183,Constrained by her draught,0.0,7.5,317.0,321.0,9235725,3E3335,FUGA BLUEMARINE,Tanker,No additional information,43.0,248.0,GPS,14.4,FOR ORDER,20/01/2025 07:00:00,AIS,POINT (10.821183 57.6935),352978218_0,0 days 00:01:00,-3.887299318598858e-07,313.0933473402306,0.0,0,5.226110163904795,57.6935,10.821183
2025-01-25 14:49:03,2025-01-25 14:49:03,Class A,352978218_0,57.7101,10.80425,Constrained by her draught,0.0,6.8,349.0,350.0,9235725,3E3335,FUGA BLUEMARINE,Tanker,No additional information,43.0,248.0,GPS,14.4,FOR ORDER,20/01/2025 07:00:00,AIS,POINT (10.80425 57.7101),352978218_0,0 days 00:09:59,-7.129627670979211e-07,331.41480655125326,0.0,0,5.247979180231948,57.7101,10.80425
2025-01-25 14:50:03,2025-01-25 14:50:03,Class A,352978218_0,57.711967,10.803683,Constrained by her draught,0.0,6.8,350.0,350.0,9235725,3E3335,FUGA BLUEMARINE,Tanker,No additional information,43.0,248.0,GPS,14.4,FOR ORDER,20/01/2025 07:00:00,AIS,POINT (10.803683 57.711967),352978218_0,0 days 00:01:00,-9.422360459943249e-08,350.7853639047662,0.0,0,5.249197573463015,57.711967,10.803683
2025-01-25 14:51:03,2025-01-25 14:51:03,Class A,352978218_0,57.7138,10.803133,Constrained by her draught,0.0,6.8,351.0,350.0,9235725,3E3335,FUGA BLUEMARINE,Tanker,No additional information,43.0,248.0,GPS,14.4,FOR ORDER,20/01/2025 07:00:00,AIS,POINT (10.803133 57.7138),352978218_0,0 days 00:01:00,-1.0833403426329258e-06,350.8944354977652,0.0,0,5.250388010620642,57.7138,10.803133
2025-01-25 14:52:03,2025-01-25 14:52:03,Class A,352978218_0,57.715717,10.802633,Constrained by her draught,0.0,6.7,351.0,350.0,9235725,3E3335,FUGA BLUEMARINE,Tanker,No additional information,43.0,248.0,GPS,14.4,FOR ORDER,20/01/2025 07:00:00,AIS,POINT (10.802633 57.715717),352978218_0,0 days 00:01:00,2.447140764595079e-06,352.069084587493,0.0,0,5.251563627078128,57.715717,10.802633
2025-01-25 14:53:03,2025-01-25 14:53:03,Class A,352978218_0,57.717483,10.802117,Constrained by her draught,0.0,6.5,351.0,350.0,9235725,3E3335,FUGA BLUEMARINE,Tanker,No additional information,43.0,248.0,GPS,14.4,FOR ORDER,20/01/2025 07:00:00,AIS,POINT (10.802117 57.717483),352978218_0,0 days 00:01:00,-4.5825815292362834e-06,351.13026597706875,0.0,0,5.252698491708999,57.717483,10.802117
2025-01-25 14:54:03,2025-01-25 14:54:03,Class A,352978218_0,57.719283,10.801667,Constrained by her draught,0.0,6.3,351.0,350.0,9235725,3E3335,FUGA BLUEMARINE,Tanker,No additional information,43.0,248.0,GPS,14.4,FOR ORDER,20/01/2025 07:00:00,AIS,POINT (10.801667 57.719283),352978218_0,0 days 00:01:00,8.841285086124946e-07,352.39502288484744,0.0,0,5.253785122728373,57.719283,10.801667
2025-01-25 14:55:03,2025-01-25 14:55:03,Class A,352978218_0,57.720917,10.8012,Constrained by her draught,0.0,6.1,351.0,350.0,9235725,3E3335,FUGA BLUEMARINE,Tanker,No additional information,43.0,248.0,GPS,14.4,FOR ORDER,20/01/2025 07:00:00,AIS,POINT (10.8012 57.720917),352978218_0,0 days 00:01:00,-5.043888165137627e-06,351.32188962565937,0.0,0,5.254826217566952,57.720917,10.8012
2025-01-25 14:56:03,2025-01-25 14:56:03,Class A,352978218_0,57.722633,10.800683,Constrained by her draught,0.0,6.0,350.0,350.0,9235725,3E3335,FUGA BLUEMARINE,Tanker,No additional information,43.0,248.0,GPS,14.4,FOR ORDER,20/01/2025 07:00:00,AIS,POINT (10.800683 57.722633),352978218_0,0 days 00:01:00,2.634498607050886e-06,350.8600060242477,0.0,0,5.255944583485067,57.722633,10.800683
2025-01-25 14:57:03,2025-01-25 14:57:03,Class A,352978218_0,57.724333,10.80015,Constrained by her draught,0.0,6.1,350.0,352.0,9235725,3E3335,FUGA BLUEMARINE,Tanker,No additional information,43.0,248.0,GPS,14.4,FOR ORDER,20/01/2025 07:00:00,AIS,POINT (10.80015 57.724333),352978218_0,0 days 00:01:00,-4.455000882694233e-07,350.49554715777595,0.0,0,5.257072212167624,57.724333,10.80015
2025-01-25 14:58:03,2025-01-25 14:58:03,Class A,352978218_0,57.726067,10.799583,Constrained by her draught,0.0,6.6,352.0,0.0,9235725,3E3335,FUGA BLUEMARINE,Tanker,No additional information,43.0,248.0,GPS,14.4,FOR ORDER,20/01/2025 07:00:00,AIS,POINT (10.799583 57.726067),352978218_0,0 days 00:01:00,1.131734180394812e-06,350.09589433336686,0.0,0,5.2582444246392726,57.726067,10.799583
2025-01-25 14:59:03,2025-01-25 14:59:03,Class A,352978218_0,57.727883,10.79955,Constrained by her draught,0.0,7.0,359.0,0.0,9235725,3E3335,FUGA BLUEMARINE,Tanker,No additional information,43.0,248.0,GPS,14.4,FOR ORDER,20/01/2025 07:00:00,AIS,POINT (10.79955 57.727883),352978218_0,0 days 00:01:00,1.7247972951377344e-06,359.4440953325287,0.0,0,5.258952121682132,57.727883,10.79955
2025-01-25 15:00:03,2025-01-25 15:00:03,Class A,352978218_0,57.729967,10.799567,Constrained by her draught,0.0,7.4,359.0,0.0,9235725,3E3335,FUGA BLUEMARINE,Tanker,No additional information,43.0,248.0,GPS,14.4,FOR ORDER,20/01/2025 07:00:00,AIS,POINT (10.799567 57.729967),352978218_0,0 days 00:01:00,8.289067152607566e-06,0.24953949895933647,0.0,0,5.25971401121639,57.729967,10.799567
2025-01-25 15:02:03,2025-01-25 15:02:03,Class A,352978218_0,57.734333,10.799567,Constrained by her draught,0.0,8.3,359.0,0.0,9235725,3E3335,FUGA BLUEMARINE,Tanker,No additional information,43.0,248.0,GPS,14.4,FOR ORDER,20/01/2025 07:00:00,AIS,POINT (10.799567 57.734333),352978218_0,0 days 00:02:00,1.531087194161986e-06,0.0,0.0,0,5.261345525680859,57.734333,10.799567
2025-01-25 15:04:03,2025-01-25 15:04:03,Class A,352978218_0,57.739283,10.799483,Constrained by her draught,0.0,9.2,0.0,1.0,9235725,3E3335,FUGA BLUEMARINE,Tanker,No additional information,43.0,248.0,GPS,14.4,FOR ORDER,20/01/2025 07:00:00,AIS,POINT (10.799483 57.739283),352978218_0,0 days 00:02:00,4.518395619586945e-06,359.4810312631699,0.0,0,5.263276917231887,57.739283,10.799483
2025-01-25 15:05:03,2025-01-25 15:05:03,Class A,352978218_0,57.741767,10.799467,Constrained by her draught,0.0,9.5,1.0,14.0,9235725,3E3335,FUGA BLUEMARINE,Tanker,No additional information,43.0,248.0,GPS,14.4,FOR ORDER,20/01/2025 07:00:00,AIS,POINT (10.799467 57.741767),352978218_0,0 days 00:01:00,2.75780266938474e-07,359.8030228552106,0.0,0,5.264223370449435,57.741767,10.799467
2025-01-25 15:06:03,2025-01-25 15:06:03,Class A,352978218_0,57.744383,10.8006,Constrained by her draught,0.0,9.6,15.0,16.0,9235725,3E3335,FUGA BLUEMARINE,Tanker,No additional information,43.0,248.0,GPS,14.4,FOR ORDER,20/01/2025 07:00:00,AIS,POINT (10.8006 57.744383),352978218_0,0 days 00:01:00,6.225394476535301e-06,13.015112502770933,0.0,0,5.264155594475243,57.744383,10.8006
2025-01-25 15:07:03,2025-01-25 15:07:03,Class A,352978218_0,57.74695,10.802,Constrained by her draught,0.0,9.8,17.0,15.0,9235725,3E3335,FUGA BLUEMARINE,Tanker,No additional information,43.0,248.0,GPS,14.4,FOR ORDER,20/01/2025 07:00:00,AIS,POINT (10.802 57.74695),352978218_0,0 days 00:01:00,-3.501257234269269e-07,16.227549586881253,0.0,0,5.263823545460846,57.74695,10.802
2025-01-25 15:08:03,2025-01-25 15:08:03,Class A,352978218_0,57.749617,10.803583,Constrained by her draught,0.0,10.1,16.0,15.0,9235725,3E3335,FUGA BLUEMARINE,Tanker,No additional information,43.0,248.0,GPS,14.4,FOR ORDER,20/01/2025 07:00:00,AIS,POINT (10.803583 57.749617),352978218_0,0 days 00:01:00,3.840979301427732e-06,17.574531203975255,0.0,0,5.263361266077981,57.749617,10.803583
2025-01-25 15:10:03,2025-01-25 15:10:03,Class A,352978218_0,57.755117,10.80725,Constrained by her draught,0.0,10.5,18.0,15.0,9235725,3E3335,FUGA BLUEMARINE,Tanker,No additional information,43.0,248.0,GPS,14.4,FOR ORDER,20/01/2025 07:00:00,AIS,POINT (10.80725 57.755117),352978218_0,0 days 00:02:00,1.8777337239360556e-06,19.581569613985153,0.0,0,5.26204095627628,57.755117,10.80725
2025-01-25 15:11:03,2025-01-25 15:11:03,Class A,352978218_0,57.757783,10.809167,Constrained by her draught,0.0,10.6,19.0,14.0,9235725,3E3335,FUGA BLUEMARINE,Tanker,No additional information,43.0,248.0,GPS,14.4,FOR ORDER,20/01/2025 07:00:00,AIS,POINT (10.809167 57.757783),352978218_0,0 days 00:01:00,-1.9586965089933863e-06,20.987481234287316,0.0,0,5.261274709402846,57.757783,10.809167
2025-01-25 15:12:03,2025-01-25 15:12:03,Class A,352978218_0,57.760667,10.811317,Constrained by her draught,0.0,10.7,21.0,14.0,9235725,3E3335,FUGA BLUEMARINE,Tanker,No additional information,43.0,248.0,GPS,14.4,FOR ORDER,20/01/2025 07:00:00,AIS,POINT (10.811317 57.760667),352978218_0,0 days 00:01:00,7.683926878743312e-06,21.687006077383217,0.0,0,5.260377434251841,57.760667,10.811317
2025-01-25 15:13:03,2025-01-25 15:13:03,Class A,352978218_0,57.763383,10.813217,Constrained by her draught,0.0,10.8,20.0,15.0,9235725,3E3335,FUGA BLUEMARINE,Tanker,No additional information,43.0,248.0,GPS,14.4,FOR ORDER,20/01/2025 07:00:00,AIS,POINT (10.813217 57.763383),352978218_0,0 days 00:01:00,-6.338822430955836e-06,20.46327297085469,0.0,0,5.259649951698496,57.763383,10.813217
2025-01-25 15:22:04,2025-01-25 15:22:04,Class A,352978218_0,57.789183,10.83355,Under way using engine,0.0,11.4,24.0,14.0,9235725,3E3335,FUGA BLUEMARINE,Tanker,No additional information,43.0,248.0,GPS,14.4,FOR ORDER,20/01/2025 07:00:00,AIS,POINT (10.83355 57.789183),352978218_0,0 days 00:09:01,7.034784256715847e-07,22.785309538677097,0.0,0,5.25073053191125,57.789183,10.83355
2025-01-25 15:35:04,2025-01-25 15:35:04,Class A,352978218_0,57.827267,10.848617,Under way using engine,0.0,10.4,359.0,337.0,9235725,3E3335,FUGA BLUEMARINE,Tanker,No additional information,43.0,248.0,GPS,14.4,FOR ORDER,20/01/2025 07:00:00,AIS,POINT (10.848617 57.827267),352978218_0,0 days 00:13:00,-2.62939799590417e-07,11.895726488346384,0.0,0,5.2516578357872845,57.827267,10.848617
2025-01-25 15:48:04,2025-01-25 15:48:04,Class A,352978218_0,57.845083,10.811467,Under way using engine,0.0,7.4,282.0,279.0,9235725,3E3335,FUGA BLUEMARINE,Tanker,No additional information,43.0,248.0,GPS,14.4,FOR ORDER,20/01/2025 07:00:00,AIS,POINT (10.811467 57.845083),352978218_0,0 days 00:13:00,-2.2475635233098233e-06,312.030372238847,0.0,0,5.292819572949941,57.845083,10.811467
2025-01-25 15:58:04,2025-01-25 15:58:04,Class A,352978218_0,57.8488,10.772683,Under way using engine,0.0,7.5,273.0,271.0,9235725,3E3335,FUGA BLUEMARINE,Tanker,No additional information,43.0,248.0,GPS,14.4,FOR ORDER,20/01/2025 07:00:00,AIS,POINT (10.772683 57.8488),352978218_0,0 days 00:10:00,1.590181086524209e-07,280.2251444945784,0.0,0,5.329960122089937,57.8488,10.772683
2025-01-25 16:40:03,2025-01-25 16:40:03,Class A,352978218_0,57.8536,10.5943,Under way using engine,0.0,8.5,270.0,269.0,9235725,3E3335,FUGA BLUEMARINE,Tanker,No additional information,43.0,248.0,GPS,14.4,FOR ORDER,20/01/2025 07:00:00,AIS,POINT (10.5943 57.8536),352978218_0,0 days 00:41:59,1.230813916208004e-07,272.9703971287262,0.0,0,5.496427587064892,57.8536,10.5943
2025-01-25 16:41:03,2025-01-25 16:41:03,Class A,352978218_0,57.853583,10.5899,Under way using engine,0.0,8.6,269.0,269.0,9235725,3E3335,FUGA BLUEMARINE,Tanker,No additional information,43.0,248.0,GPS,14.4,FOR ORDER,20/01/2025 07:00:00,AIS,POINT (10.5899 57.853583),352978218_0,0 days 00:01:00,2.4001287576871226e-06,269.5858270300416,0.0,0,5.500491792235036,57.853583,10.5899
2025-01-25 16:42:03,2025-01-25 16:42:03,Class A,352978218_0,57.853583,10.585367,Under way using engine,0.0,8.5,270.0,269.0,9235725,3E3335,FUGA BLUEMARINE,Tanker,No additional information,43.0,248.0,GPS,14.4,FOR ORDER,20/01/2025 07:00:00,AIS,POINT (10.585367 57.853583),352978218_0,0 days 00:01:00,2.1916521258009853e-06,270.0019190254578,0.0,0,5.504686028013042,57.853583,10.585367
2025-01-25 16:44:03,2025-01-25 16:44:03,Class A,352978218_0,57.853583,10.576433,Under way using engine,0.0,8.6,270.0,270.0,9235725,3E3335,FUGA BLUEMARINE,Tanker,No additional information,43.0,248.0,GPS,14.4,FOR ORDER,20/01/2025 07:00:00,AIS,POINT (10.576433 57.853583),352978218_0,0 days 00:02:00,-5.442620397445545e-07,270.00378216934917,0.0,0,5.5129539343319385,57.853583,10.576433
2025-01-25 16:57:03,2025-01-25 16:57:03,Class A,352978218_0,57.853383,10.517083,Under way using engine,0.0,8.8,266.0,267.0,9235725,3E3335,FUGA BLUEMARINE,Tanker,No additional information,43.0,248.0,GPS,14.4,FOR ORDER,20/01/2025 07:00:00,AIS,POINT (10.517083 57.853383),352978218_0,0 days 00:13:00,1.249497939603454e-07,269.66226135552347,0.0,0,5.567856241109859,57.853383,10.517083
2025-01-25 17:04:03,2025-01-25 17:04:03,Class A,352978218_0,57.8523,10.484733,Under way using engine,0.0,9.0,267.0,269.0,9235725,3E3335,FUGA BLUEMARINE,Tanker,No additional information,43.0,248.0,GPS,14.4,FOR ORDER,20/01/2025 07:00:00,AIS,POINT (10.484733 57.8523),352978218_0,0 days 00:07:00,1.5347369875216479e-07,266.4135913186788,0.0,0,5.597457121771367,57.8523,10.484733
2025-01-25 18:39:03,2025-01-25 18:39:03,Class A,352978218_0,57.852,10.077,Under way using engine,0.0,8.1,270.0,272.0,9235725,3E3335,FUGA BLUEMARINE,Tanker,No additional information,43.0,248.0,GPS,14.4,FOR ORDER,20/01/2025 07:00:00,AIS,POINT (10.077 57.852),352978218_0,0 days 01:35:00,-5.877204497102943e-08,270.09338342659555,95.0,1,5.97764731805482,57.852,10.077
2025-01-25 21:10:03,2025-01-25 21:10:03,Class A,352978218_0,57.802817,9.471033,Under way using engine,0.0,8.0,240.0,246.0,9235725,3E3335,FUGA BLUEMARINE,Tanker,No additional information,43.0,248.0,GPS,14.4,FOR ORDER,20/01/2025 07:00:00,AIS,POINT (9.471033 57.802817),352978218_0,0 days 02:31:00,-2.511707537805344e-08,261.58967243281154,151.0,1,6.533450727467835,57.802817,9.471033
2025-01-25 22:01:03,2025-01-25 22:01:03,Class A,352978218_0,57.741517,9.295617,Under way using engine,0.0,7.6,237.0,242.0,9235725,3E3335,FUGA BLUEMARINE,Tanker,No additional information,43.0,248.0,GPS,14.4,FOR ORDER,20/01/2025 07:00:00,AIS,POINT (9.295617 57.741517),352978218_0,0 days 00:51:00,1.8428638844212635e-08,236.83800348223934,0.0,0,6.681975027279435,57.741517,9.295617
2025-01-25 22:02:03,2025-01-25 22:02:03,Class A,352978218_0,57.74035,9.29215,Under way using engine,0.0,7.5,238.0,241.0,9235725,3E3335,FUGA BLUEMARINE,Tanker,No additional information,43.0,248.0,GPS,14.4,FOR ORDER,20/01/2025 07:00:00,AIS,POINT (9.29215 57.74035),352978218_0,0 days 00:01:00,-1.6037713895265238e-07,237.7643568766232,0.0,0,6.684942482867598,57.74035,9.29215
2025-01-25 22:03:03,2025-01-25 22:03:03,Class A,352978218_0,57.739233,9.288933,Under way using engine,0.0,7.6,237.0,241.0,9235725,3E3335,FUGA BLUEMARINE,Tanker,No additional information,43.0,248.0,GPS,14.4,FOR ORDER,20/01/2025 07:00:00,AIS,POINT (9.288933 57.739233),352978218_0,0 days 00:01:00,-4.3166793994777054e-06,236.95708304387227,0.0,0,6.687686497352129,57.739233,9.288933
2025-01-25 22:04:03,2025-01-25 22:04:03,Class A,352978218_0,57.738033,9.285517,Under way using engine,0.0,7.8,237.0,241.0,9235725,3E3335,FUGA BLUEMARINE,Tanker,No additional information,43.0,248.0,GPS,14.4,FOR ORDER,20/01/2025 07:00:00,AIS,POINT (9.285517 57.738033),352978218_0,0 days 00:01:00,4.162186175418039e-06,236.65208549223354,0.0,0,6.690596821629741,57.738033,9.285517
2025-01-25 22:05:03,2025-01-25 22:05:03,Class A,352978218_0,57.736867,9.282133,Under way using engine,0.0,7.7,237.0,241.0,9235725,3E3335,FUGA BLUEMARINE,Tanker,No additional information,43.0,248.0,GPS,14.4,FOR ORDER,20/01/2025 07:00:00,AIS,POINT (9.282133 57.736867),352978218_0,0 days 00:01:00,-1.015867167299195e-06,237.15957384354846,0.0,0,6.6934872662349925,57.736867,9.282133
2025-01-25 22:29:04,2025-01-25 22:29:04,Class A,352978218_0,57.70895,9.19885,Under way using engine,0.0,7.6,241.0,240.0,9235725,3E3335,FUGA BLUEMARINE,Tanker,No additional information,43.0,248.0,GPS,14.4,FOR ORDER,20/01/2025 07:00:00,AIS,POINT (9.19885 57.70895),352978218_0,0 days 00:24:01,4.700264627213794e-08,237.91828390911274,0.0,0,6.765054784674549,57.70895,9.19885
2025-01-25 22:31:04,2025-01-25 22:31:04,Class A,352978218_0,57.706783,9.19195,Under way using engine,0.0,7.7,239.0,240.0,9235725,3E3335,FUGA BLUEMARINE,Tanker,No additional information,43.0,248.0,GPS,14.4,FOR ORDER,20/01/2025 07:00:00,AIS,POINT (9.19195 57.706783),352978218_0,0 days 00:02:00,-7.482130902099406e-07,239.55320383926582,0.0,0,6.771043155345047,57.706783,9.19195
2025-01-25 22:42:04,2025-01-25 22:42:04,Class A,352978218_0,57.694517,9.154117,Under way using engine,0.0,7.7,238.0,240.0,9235725,3E3335,FUGA BLUEMARINE,Tanker,No additional information,43.0,248.0,GPS,14.4,FOR ORDER,20/01/2025 07:00:00,AIS,POINT (9.154117 57.694517),352978218_0,0 days 00:11:00,3.262367458832363e-08,238.76856391046843,0.0,0,6.803811708754585,57.694517,9.154117
2025-01-25 22:43:04,2025-01-25 22:43:04,Class A,352978218_0,57.693367,9.1506,Under way using engine,0.0,7.8,240.0,241.0,9235725,3E3335,FUGA BLUEMARINE,Tanker,No additional information,43.0,248.0,GPS,14.4,FOR ORDER,20/01/2025 07:00:00,AIS,POINT (9.1506 57.693367),352978218_0,0 days 00:01:00,1.6689885095333974e-06,238.5422724339313,0.0,0,6.8068589464178695,57.693367,9.1506
2025-01-25 22:44:04,2025-01-25 22:44:04,Class A,352978218_0,57.692283,9.147017,Under way using engine,0.0,7.7,240.0,240.0,9235725,3E3335,FUGA BLUEMARINE,Tanker,No additional information,43.0,248.0,GPS,14.4,FOR ORDER,20/01/2025 07:00:00,AIS,POINT (9.147017 57.692283),352978218_0,0 days 00:01:00,-9.018602192480303e-08,240.48869511906423,0.0,0,6.809988801943951,57.692283,9.147017
2025-01-25 22:45:04,2025-01-25 22:45:04,Class A,352978218_0,57.691183,9.143533,Under way using engine,0.0,7.7,239.0,240.0,9235725,3E3335,FUGA BLUEMARINE,Tanker,No additional information,43.0,248.0,GPS,14.4,FOR ORDER,20/01/2025 07:00:00,AIS,POINT (9.143533 57.691183),352978218_0,0 days 00:01:00,-1.1715059779681598e-06,239.429927708043,0.0,0,6.813019789217261,57.691183,9.143533
2025-01-25 22:48:04,2025-01-25 22:48:04,Class A,352978218_0,57.687883,9.133233,Under way using engine,0.0,7.7,237.0,241.0,9235725,3E3335,FUGA BLUEMARINE,Tanker,No additional information,43.0,248.0,GPS,14.4,FOR ORDER,20/01/2025 07:00:00,AIS,POINT (9.133233 57.687883),352978218_0,0 days 00:03:00,-2.3957946651005455e-07,239.06548607492473,0.0,0,6.821970564922278,57.687883,9.133233
2025-01-25 22:50:04,2025-01-25 22:50:04,Class A,352978218_0,57.68575,9.126433,Under way using engine,0.0,7.5,238.0,240.0,9235725,3E3335,FUGA BLUEMARINE,Tanker,No additional information,43.0,248.0,GPS,14.4,FOR ORDER,20/01/2025 07:00:00,AIS,POINT (9.126433 57.68575),352978218_0,0 days 00:02:00,-4.997763510392354e-07,239.59811250797645,0.0,0,6.827895603607966,57.68575,9.126433
2025-01-25 22:53:04,2025-01-25 22:53:04,Class A,352978218_0,57.682483,9.11625,Under way using engine,0.0,7.7,238.0,239.0,9235725,3E3335,FUGA BLUEMARINE,Tanker,No additional information,43.0,248.0,GPS,14.4,FOR ORDER,20/01/2025 07:00:00,AIS,POINT (9.11625 57.682483),352978218_0,0 days 00:03:00,9.251642825895574e-08,239.03449117572575,0.0,0,6.836752225885108,57.682483,9.11625
2025-01-25 22:54:04,2025-01-25 22:54:04,Class A,352978218_0,57.68135,9.113,Under way using engine,0.0,7.4,236.0,239.0,9235725,3E3335,FUGA BLUEMARINE,Tanker,No additional information,43.0,248.0,GPS,14.4,FOR ORDER,20/01/2025 07:00:00,AIS,POINT (9.113 57.68135),352978218_0,0 days 00:01:00,-1.3048069398271368e-06,236.89373436442773,0.0,0,6.839554720604845,57.68135,9.113
2025-01-25 22:55:04,2025-01-25 22:55:04,Class A,352978218_0,57.680233,9.1098,Under way using engine,0.0,7.0,236.0,237.0,9235725,3E3335,FUGA BLUEMARINE,Tanker,No additional information,43.0,248.0,GPS,14.4,FOR ORDER,20/01/2025 07:00:00,AIS,POINT (9.1098 57.680233),352978218_0,0 days 00:01:00,-9.630575233831254e-07,236.86091850201467,0.0,0,6.842314269883034,57.680233,9.1098
2025-01-25 22:58:04,2025-01-25 22:58:04,Class A,352978218_0,57.676817,9.10065,Under way using engine,0.0,7.5,235.0,239.0,9235725,3E3335,FUGA BLUEMARINE,Tanker,No additional information,43.0,248.0,GPS,14.4,FOR ORDER,20/01/2025 07:00:00,AIS,POINT (9.10065 57.676817),352978218_0,0 days 00:03:00,-5.613953667147245e-07,235.07915057453695,0.0,0,6.850146036116967,57.676817,9.10065
2025-01-25 23:07:04,2025-01-25 23:07:04,Class A,352978218_0,57.666467,9.071617,Under way using engine,0.0,7.5,238.0,239.0,9235725,3E3335,FUGA BLUEMARINE,Tanker,No additional information,43.0,248.0,GPS,14.4,FOR ORDER,20/01/2025 07:00:00,AIS,POINT (9.071617 57.666467),352978218_0,0 days 00:09:00,2.9057613126309266e-07,236.32389581689807,0.0,0,6.875164193689194,57.666467,9.071617
2025-01-25 23:09:04,2025-01-25 23:09:04,Class A,352978218_0,57.664183,9.065067,Under way using engine,0.0,7.7,236.0,238.0,9235725,3E3335,FUGA BLUEMARINE,Tanker,No additional information,43.0,248.0,GPS,14.4,FOR ORDER,20/01/2025 07:00:00,AIS,POINT (9.065067 57.664183),352978218_0,0 days 00:02:00,2.759412689478656e-07,236.90058967092858,0.0,0,6.880829006798671,57.664183,9.065067
2025-01-25 23:10:04,2025-01-25 23:10:04,Class A,352978218_0,57.662967,9.061933,Under way using engine,0.0,7.5,233.0,239.0,9235725,3E3335,FUGA BLUEMARINE,Tanker,No additional information,43.0,248.0,GPS,14.4,FOR ORDER,20/01/2025 07:00:00,AIS,POINT (9.061933 57.662967),352978218_0,0 days 00:01:00,-6.291765644668319e-07,234.04463959341496,0.0,0,6.883506355067162,57.662967,9.061933
2025-01-25 23:22:04,2025-01-25 23:22:04,Class A,352978218_0,57.648767,9.021717,Under way using engine,0.0,7.5,236.0,239.0,9235725,3E3335,FUGA BLUEMARINE,Tanker,No additional information,43.0,248.0,GPS,14.4,FOR ORDER,20/01/2025 07:00:00,AIS,POINT (9.021717 57.648767),352978218_0,0 days 00:12:00,2.0003698280536768e-07,236.59283918270512,0.0,0,6.918297398709164,57.648767,9.021717
2025-01-25 23:46:04,2025-01-25 23:46:04,Class A,352978218_0,57.621267,8.942417,Under way using engine,0.0,7.3,241.0,241.0,9235725,3E3335,FUGA BLUEMARINE,Tanker,No additional information,43.0,248.0,GPS,14.4,FOR ORDER,20/01/2025 07:00:00,AIS,POINT (8.942417 57.621267),352978218_0,0 days 00:24:00,-5.2617790273512624e-08,237.09756652537038,0.0,0,6.987288181303674,57.621267,8.942417
2025-01-25 23:47:04,2025-01-25 23:47:04,Class A,352978218_0,57.620133,8.939183,Under way using engine,0.0,7.2,237.0,241.0,9235725,3E3335,FUGA BLUEMARINE,Tanker,No additional information,43.0,248.0,GPS,14.4,FOR ORDER,20/01/2025 07:00:00,AIS,POINT (8.939183 57.620133),352978218_0,0 days 00:01:00,-1.1579939890981005e-06,236.78535550443453,0.0,0,6.990105375075973,57.620133,8.939183
2025-01-25 23:48:04,2025-01-25 23:48:04,Class A,352978218_0,57.6191,8.93605,Under way using engine,0.0,7.3,238.0,241.0,9235725,3E3335,FUGA BLUEMARINE,Tanker,No additional information,43.0,248.0,GPS,14.4,FOR ORDER,20/01/2025 07:00:00,AIS,POINT (8.93605 57.6191),352978218_0,0 days 00:01:00,-3.087769235914279e-06,238.38185063395065,0.0,0,6.992852481451901,57.6191,8.93605
2025-01-25 23:49:04,2025-01-25 23:49:04,Class A,352978218_0,57.618,8.932683,Under way using engine,0.0,7.5,239.0,241.0,9235725,3E3335,FUGA BLUEMARINE,Tanker,No additional information,43.0,248.0,GPS,14.4,FOR ORDER,20/01/2025 07:00:00,AIS,POINT (8.932683 57.618),352978218_0,0 days 00:01:00,4.396539013252096e-06,238.61723674091598,0.0,0,6.9958079849484855,57.618,8.932683
2025-01-25 23:50:04,2025-01-25 23:50:04,Class A,352978218_0,57.616883,8.929267,Under way using engine,0.0,7.6,239.0,241.0,9235725,3E3335,FUGA BLUEMARINE,Tanker,No additional information,43.0,248.0,GPS,14.4,FOR ORDER,20/01/2025 07:00:00,AIS,POINT (8.929267 57.616883),352978218_0,0 days 00:01:00,9.697381620979381e-07,238.59540528561968,0.0,0,6.998806794290154,57.616883,8.929267
2025-01-25 23:51:04,2025-01-25 23:51:04,Class A,352978218_0,57.6158,8.925933,Under way using engine,0.0,7.6,238.0,241.0,9235725,3E3335,FUGA BLUEMARINE,Tanker,No additional information,43.0,248.0,GPS,14.4,FOR ORDER,20/01/2025 07:00:00,AIS,POINT (8.925933 57.6158),352978218_0,0 days 00:01:00,-1.7080638848128453e-06,238.76442818324614,0.0,0,7.001736056869681,57.6158,8.925933
2025-01-25 23:52:04,2025-01-25 23:52:04,Class A,352978218_0,57.6147,8.9224,Under way using engine,0.0,7.8,239.0,241.0,9235725,3E3335,FUGA BLUEMARINE,Tanker,No additional information,43.0,248.0,GPS,14.4,FOR ORDER,20/01/2025 07:00:00,AIS,POINT (8.9224 57.6147),352978218_0,0 days 00:01:00,3.1117453854586285e-06,239.83168249270082,0.0,0,7.0048533100878,57.6147,8.9224
2025-01-25 23:53:04,2025-01-25 23:53:04,Class A,352978218_0,57.613617,8.918983,Under way using engine,0.0,7.8,238.0,240.0,9235725,3E3335,FUGA BLUEMARINE,Tanker,No additional information,43.0,248.0,GPS,14.4,FOR ORDER,20/01/2025 07:00:00,AIS,POINT (8.918983 57.613617),352978218_0,0 days 00:01:00,-1.9262088590071256e-06,239.3870996617925,0.0,0,7.007863714089336,57.613617,8.918983
2025-01-25 23:56:04,2025-01-25 23:56:04,Class A,352978218_0,57.6103,8.908267,Under way using engine,0.0,8.0,240.0,241.0,9235725,3E3335,FUGA BLUEMARINE,Tanker,No additional information,43.0,248.0,GPS,14.4,FOR ORDER,20/01/2025 07:00:00,AIS,POINT (8.908267 57.6103),352978218_0,0 days 00:03:00,8.596893676738938e-07,239.98213551829383,0.0,0,7.017328952115969,57.6103,8.908267
2025-01-26 00:21:03,2025-01-26 00:21:03,Class A,352978218_0,57.581667,8.822783,Under way using engine,0.0,7.6,236.0,239.0,9235725,3E3335,FUGA BLUEMARINE,Tanker,No additional information,43.0,248.0,GPS,14.4,FOR ORDER,20/01/2025 07:00:00,AIS,POINT (8.822783 57.581667),352978218_0,0 days 00:24:59,-5.908644562942729e-08,238.0289531670291,0.0,0,7.092461939922555,57.581667,8.822783
2025-01-26 00:29:04,2025-01-26 00:29:04,Class A,352978218_0,57.572117,8.795233,Under way using engine,0.0,8.1,239.0,240.0,9235725,3E3335,FUGA BLUEMARINE,Tanker,No additional information,43.0,248.0,GPS,14.4,FOR ORDER,20/01/2025 07:00:00,AIS,POINT (8.795233 57.572117),352978218_0,0 days 00:08:01,1.2271815053187567e-07,237.12818197791154,0.0,0,7.116668581242911,57.572117,8.795233
2025-01-26 00:30:04,2025-01-26 00:30:04,Class A,352978218_0,57.57095,8.7917,Under way using engine,0.0,8.0,237.0,240.0,9235725,3E3335,FUGA BLUEMARINE,Tanker,No additional information,43.0,248.0,GPS,14.4,FOR ORDER,20/01/2025 07:00:00,AIS,POINT (8.7917 57.57095),352978218_0,0 days 00:01:00,9.6288117595237e-07,238.3694666842601,0.0,0,7.119790136692794,57.57095,8.7917
2025-01-26 00:33:04,2025-01-26 00:33:04,Class A,352978218_0,57.567433,8.781,Under way using engine,0.0,8.0,237.0,240.0,9235725,3E3335,FUGA BLUEMARINE,Tanker,No additional information,43.0,248.0,GPS,14.4,FOR ORDER,20/01/2025 07:00:00,AIS,POINT (8.781 57.567433),352978218_0,0 days 00:03:00,1.8884241169286385e-07,238.49998452209388,0.0,0,7.129251935164375,57.567433,8.781
2025-01-26 01:20:05,2025-01-26 01:20:05,Class A,352978218_0,57.513717,8.623,Under way using engine,0.0,7.5,237.0,241.0,9235725,3E3335,FUGA BLUEMARINE,Tanker,No additional information,43.0,248.0,GPS,14.4,FOR ORDER,20/01/2025 07:00:00,AIS,POINT (8.623 57.513717),352978218_0,0 days 00:47:01,-7.147626126485514e-08,237.7144103668793,0.0,0,7.2691373127785255,57.513717,8.623
2025-01-26 02:36:04,2025-01-26 02:36:04,Class A,352978218_0,57.43145,8.37105,Under way using engine,0.4,7.2,240.0,240.0,9235725,3E3335,FUGA BLUEMARINE,Tanker,No additional information,43.0,248.0,GPS,14.4,FOR ORDER,20/01/2025 07:00:00,AIS,POINT (8.37105 57.43145),352978218_0,0 days 01:15:59,-1.998056043089921e-08,238.83796872945345,76.0,1,7.495239957362806,57.43145,8.37105
2025-01-26 02:58:04,2025-01-26 02:58:04,Class A,352978218_0,57.406667,8.297417,Under way using engine,0.0,7.9,234.0,240.0,9235725,3E3335,FUGA BLUEMARINE,Tanker,No additional information,43.0,248.0,GPS,14.4,FOR ORDER,20/01/2025 07:00:00,AIS,POINT (8.297417 57.406667),352978218_0,0 days 00:22:00,5.548296942814108e-08,238.02426193175322,0.0,0,7.561635970647226,57.406667,8.297417
2025-01-26 02:59:04,2025-01-26 02:59:04,Class A,352978218_0,57.405517,8.294033,Under way using engine,0.0,7.9,239.0,240.0,9235725,3E3335,FUGA BLUEMARINE,Tanker,No additional information,43.0,248.0,GPS,14.4,FOR ORDER,20/01/2025 07:00:00,AIS,POINT (8.294033 57.405517),352978218_0,0 days 00:01:00,9.268758725427169e-07,237.75507849839855,0.0,0,7.564690156592667,57.405517,8.294033
2025-01-26 03:03:04,2025-01-26 03:03:04,Class A,352978218_0,57.400783,8.28025,Under way using engine,0.0,8.0,237.0,239.0,9235725,3E3335,FUGA BLUEMARINE,Tanker,No additional information,43.0,248.0,GPS,14.4,FOR ORDER,20/01/2025 07:00:00,AIS,POINT (8.28025 57.400783),352978218_0,0 days 00:04:00,3.5733328496979146e-07,237.4860464836495,0.0,0,7.577123726899606,57.400783,8.28025
2025-01-26 03:04:04,2025-01-26 03:04:04,Class A,352978218_0,57.399583,8.276767,Under way using engine,0.0,8.0,236.0,240.0,9235725,3E3335,FUGA BLUEMARINE,Tanker,No additional information,43.0,248.0,GPS,14.4,FOR ORDER,20/01/2025 07:00:00,AIS,POINT (8.276767 57.399583),352978218_0,0 days 00:01:00,8.028199959272143e-07,237.40342910769482,0.0,0,7.580266130697655,57.399583,8.276767
2025-01-26 03:05:04,2025-01-26 03:05:04,Class A,352978218_0,57.398367,8.273183,Under way using engine,0.0,8.0,239.0,239.0,9235725,3E3335,FUGA BLUEMARINE,Tanker,No additional information,43.0,248.0,GPS,14.4,FOR ORDER,20/01/2025 07:00:00,AIS,POINT (8.273183 57.398367),352978218_0,0 days 00:01:00,1.6914136382656578e-06,237.80195490166187,0.0,0,7.58350421205461,57.398367,8.273183
2025-01-26 03:06:04,2025-01-26 03:06:04,Class A,352978218_0,57.3972,8.269767,Under way using engine,0.0,8.1,239.0,239.0,9235725,3E3335,FUGA BLUEMARINE,Tanker,No additional information,43.0,248.0,GPS,14.4,FOR ORDER,20/01/2025 07:00:00,AIS,POINT (8.269767 57.3972),352978218_0,0 days 00:01:00,-3.1801442668475366e-06,237.62474709615373,0.0,0,7.586589259582002,57.3972,8.269767
2025-01-26 03:07:04,2025-01-26 03:07:04,Class A,352978218_0,57.39595,8.266183,Under way using engine,0.0,8.1,239.0,239.0,9235725,3E3335,FUGA BLUEMARINE,Tanker,No additional information,43.0,248.0,GPS,14.4,FOR ORDER,20/01/2025 07:00:00,AIS,POINT (8.266183 57.39595),352978218_0,0 days 00:01:00,3.74867499265999e-06,237.08702244836724,0.0,0,7.589821030430757,57.39595,8.266183
2025-01-26 03:09:04,2025-01-26 03:09:04,Class A,352978218_0,57.39345,8.259,Under way using engine,0.0,8.2,237.0,239.0,9235725,3E3335,FUGA BLUEMARINE,Tanker,No additional information,43.0,248.0,GPS,14.4,FOR ORDER,20/01/2025 07:00:00,AIS,POINT (8.259 57.39345),352978218_0,0 days 00:02:00,5.390684009897271e-08,237.1444874193433,0.0,0,7.596300789183377,57.39345,8.259
2025-01-26 03:17:04,2025-01-26 03:17:04,Class A,352978218_0,57.383533,8.230117,Under way using engine,0.0,8.2,238.0,240.0,9235725,3E3335,FUGA BLUEMARINE,Tanker,No additional information,43.0,248.0,GPS,14.4,FOR ORDER,20/01/2025 07:00:00,AIS,POINT (8.230117 57.383533),352978218_0,0 days 00:08:00,1.2626033106449975e-08,237.51155126906562,0.0,0,7.6224058010185995,57.383533,8.230117
2025-01-26 03:44:03,2025-01-26 03:44:03,Class A,352978218_0,57.3505,8.132933,Under way using engine,0.0,8.1,237.0,238.0,9235725,3E3335,FUGA BLUEMARINE,Tanker,No additional information,43.0,248.0,GPS,14.4,FOR ORDER,20/01/2025 07:00:00,AIS,POINT (8.132933 57.3505),352978218_0,0 days 00:26:59,-1.2929017087372724e-08,237.8170292819804,0.0,0,7.710550576143638,57.3505,8.132933
2025-01-26 04:04:03,2025-01-26 04:04:03,Class A,352978218_0,57.325667,8.061183,Under way using engine,0.0,8.2,238.0,240.0,9235725,3E3335,FUGA BLUEMARINE,Tanker,No additional information,43.0,248.0,GPS,14.4,FOR ORDER,20/01/2025 07:00:00,AIS,POINT (8.061183 57.325667),352978218_0,0 days 00:20:00,6.4776820633024975e-09,237.35761189912643,0.0,0,7.775766036684104,57.325667,8.061183
2025-01-26 04:05:03,2025-01-26 04:05:03,Class A,352978218_0,57.324567,8.057733,Under way using engine,0.0,8.1,241.0,240.0,9235725,3E3335,FUGA BLUEMARINE,Tanker,No additional information,43.0,248.0,GPS,14.4,FOR ORDER,20/01/2025 07:00:00,AIS,POINT (8.057733 57.324567),352978218_0,0 days 00:01:00,-4.237158873130715e-06,239.43593957834307,0.0,0,7.778925569913238,57.324567,8.057733
2025-01-26 04:06:03,2025-01-26 04:06:03,Class A,352978218_0,57.323383,8.054083,Under way using engine,0.0,8.1,237.0,239.0,9235725,3E3335,FUGA BLUEMARINE,Tanker,No additional information,43.0,248.0,GPS,14.4,FOR ORDER,20/01/2025 07:00:00,AIS,POINT (8.054083 57.323383),352978218_0,0 days 00:01:00,4.206316028841075e-06,239.00262516594705,0.0,0,7.782264654434851,57.323383,8.054083
2025-01-26 04:07:03,2025-01-26 04:07:03,Class A,352978218_0,57.322183,8.0505,Under way using engine,0.0,8.2,238.0,239.0,9235725,3E3335,FUGA BLUEMARINE,Tanker,No additional information,43.0,248.0,GPS,14.4,FOR ORDER,20/01/2025 07:00:00,AIS,POINT (8.0505 57.322183),352978218_0,0 days 00:01:00,-6.982596178717066e-07,238.18930758653647,0.0,0,7.7855353521800295,57.322183,8.0505
2025-01-26 04:10:03,2025-01-26 04:10:03,Class A,352978218_0,57.318483,8.0398,Under way using engine,0.0,8.2,237.0,239.0,9235725,3E3335,FUGA BLUEMARINE,Tanker,No additional information,43.0,248.0,GPS,14.4,FOR ORDER,20/01/2025 07:00:00,AIS,POINT (8.0398 57.318483),352978218_0,0 days 00:03:00,1.0702797205083844e-07,237.3678185220544,0.0,0,7.795282270825413,57.318483,8.0398
2025-01-26 04:12:03,2025-01-26 04:12:03,Class A,352978218_0,57.315983,8.032567,Under way using engine,0.0,8.2,238.0,239.0,9235725,3E3335,FUGA BLUEMARINE,Tanker,No additional information,43.0,248.0,GPS,14.4,FOR ORDER,20/01/2025 07:00:00,AIS,POINT (8.032567 57.315983),352978218_0,0 days 00:02:00,4.923383856470185e-07,237.38032001516586,0.0,0,7.801873639158866,57.315983,8.032567
2025-01-26 04:27:03,2025-01-26 04:27:03,Class A,352978218_0,57.2974,7.977433,Under way using engine,0.0,8.7,238.0,238.0,9235725,3E3335,FUGA BLUEMARINE,Tanker,No additional information,43.0,248.0,GPS,14.4,FOR ORDER,20/01/2025 07:00:00,AIS,POINT (7.977433 57.2974),352978218_0,0 days 00:15:00,4.45171581223629e-08,238.0588159433708,0.0,0,7.852272333959705,57.2974,7.977433
2025-01-26 04:28:03,2025-01-26 04:28:03,Class A,352978218_0,57.296067,7.973633,Under way using engine,0.0,8.6,237.0,238.0,9235725,3E3335,FUGA BLUEMARINE,Tanker,No additional information,43.0,248.0,GPS,14.4,FOR ORDER,20/01/2025 07:00:00,AIS,POINT (7.973633 57.296067),352978218_0,0 days 00:01:00,3.3340953690353154e-06,237.00740585322686,0.0,0,7.855739759580252,57.296067,7.973633
2025-01-26 04:29:03,2025-01-26 04:29:03,Class A,352978218_0,57.294767,7.969883,Under way using engine,0.0,8.7,236.0,239.0,9235725,3E3335,FUGA BLUEMARINE,Tanker,No additional information,43.0,248.0,GPS,14.4,FOR ORDER,20/01/2025 07:00:00,AIS,POINT (7.969883 57.294767),352978218_0,0 days 00:01:00,-1.2548718016880863e-06,237.31694950918103,0.0,0,7.859165090978175,57.294767,7.969883
2025-01-26 04:30:03,2025-01-26 04:30:03,Class A,352978218_0,57.29355,7.966083,Under way using engine,0.0,8.7,237.0,239.0,9235725,3E3335,FUGA BLUEMARINE,Tanker,No additional information,43.0,248.0,GPS,14.4,FOR ORDER,20/01/2025 07:00:00,AIS,POINT (7.966083 57.29355),352978218_0,0 days 00:01:00,-6.313522345506815e-07,239.34544491948878,0.0,0,7.862656102397523,57.29355,7.966083
2025-01-26 04:31:03,2025-01-26 04:31:03,Class A,352978218_0,57.292233,7.96225,Under way using engine,0.0,8.9,237.0,240.0,9235725,3E3335,FUGA BLUEMARINE,Tanker,No additional information,43.0,248.0,GPS,14.4,FOR ORDER,20/01/2025 07:00:00,AIS,POINT (7.96225 57.292233),352978218_0,0 days 00:01:00,2.089852958301281e-06,237.55009543592854,0.0,0,7.866160563079361,57.292233,7.96225
2025-01-26 04:32:03,2025-01-26 04:32:03,Class A,352978218_0,57.290967,7.95835,Under way using engine,0.0,9.0,240.0,239.0,9235725,3E3335,FUGA BLUEMARINE,Tanker,No additional information,43.0,248.0,GPS,14.4,FOR ORDER,20/01/2025 07:00:00,AIS,POINT (7.95835 57.290967),352978218_0,0 days 00:01:00,1.2857654007592962e-07,239.00692889520292,0.0,0,7.869741161304417,57.290967,7.95835
2025-01-26 04:33:03,2025-01-26 04:33:03,Class A,352978218_0,57.289667,7.954333,Under way using engine,0.0,9.1,239.0,239.0,9235725,3E3335,FUGA BLUEMARINE,Tanker,No additional information,43.0,248.0,GPS,14.4,FOR ORDER,20/01/2025 07:00:00,AIS,POINT (7.954333 57.289667),352978218_0,0 days 00:01:00,2.223610619417757e-06,239.08511759235677,0.0,0,7.873430477577737,57.289667,7.954333
2025-01-26 04:34:03,2025-01-26 04:34:03,Class A,352978218_0,57.2884,7.950567,Under way using engine,0.0,9.0,238.0,238.0,9235725,3E3335,FUGA BLUEMARINE,Tanker,No additional information,43.0,248.0,GPS,14.4,FOR ORDER,20/01/2025 07:00:00,AIS,POINT (7.950567 57.2884),352978218_0,0 days 00:01:00,-4.119492300661403e-06,238.09692357161788,0.0,0,7.876880435502686,57.2884,7.950567
2025-01-26 04:35:03,2025-01-26 04:35:03,Class A,352978218_0,57.28705,7.9467,Under way using engine,0.0,9.0,237.0,239.0,9235725,3E3335,FUGA BLUEMARINE,Tanker,No additional information,43.0,248.0,GPS,14.4,FOR ORDER,20/01/2025 07:00:00,AIS,POINT (7.9467 57.28705),352978218_0,0 days 00:01:00,2.8047249703687496e-06,237.13945608513615,0.0,0,7.880413970988326,57.28705,7.9467
2025-01-26 04:37:03,2025-01-26 04:37:03,Class A,352978218_0,57.2843,7.9389,Under way using engine,0.0,9.1,237.0,238.0,9235725,3E3335,FUGA BLUEMARINE,Tanker,No additional information,43.0,248.0,GPS,14.4,FOR ORDER,20/01/2025 07:00:00,AIS,POINT (7.9389 57.2843),352978218_0,0 days 00:02:00,4.437358619654158e-07,236.88478053507714,0.0,0,7.887537817433778,57.2843,7.9389
2025-01-26 05:39:03,2025-01-26 05:39:03,Class A,352978218_0,57.17885,7.73185,Under way using engine,0.0,9.8,212.0,220.0,9235725,3E3335,FUGA BLUEMARINE,Tanker,No additional information,43.0,248.0,GPS,14.4,FOR ORDER,20/01/2025 07:00:00,AIS,POINT (7.73185 57.17885),352978218_0,0 days 01:02:00,-1.7765846697507888e-08,226.82894868690863,62.0,1,8.071696456386848,57.17885,7.73185
2025-01-26 05:44:04,2025-01-26 05:44:04,Class A,352978218_0,57.167633,7.7178,Under way using engine,0.0,9.8,214.0,219.0,9235725,3E3335,FUGA BLUEMARINE,Tanker,No additional information,43.0,248.0,GPS,14.4,FOR ORDER,20/01/2025 07:00:00,AIS,POINT (7.7178 57.167633),352978218_0,0 days 00:05:01,1.3557473705717503e-06,214.18300953937788,0.0,0,8.083578045064264,57.167633,7.7178
2025-01-26 05:45:04,2025-01-26 05:45:04,Class A,352978218_0,57.165433,7.715183,Under way using engine,0.0,9.7,211.0,218.0,9235725,3E3335,FUGA BLUEMARINE,Tanker,No additional information,43.0,248.0,GPS,14.4,FOR ORDER,20/01/2025 07:00:00,AIS,POINT (7.715183 57.165433),352978218_0,0 days 00:01:00,-2.628164657503942e-06,212.82192090659382,0.0,0,8.085774484690134,57.165433,7.715183
2025-01-26 05:47:04,2025-01-26 05:47:04,Class A,352978218_0,57.160867,7.709817,Under way using engine,0.0,9.6,213.0,218.0,9235725,3E3335,FUGA BLUEMARINE,Tanker,No additional information,43.0,248.0,GPS,14.4,FOR ORDER,20/01/2025 07:00:00,AIS,POINT (7.709817 57.160867),352978218_0,0 days 00:02:00,1.380953145730905e-06,212.509785048351,0.0,0,8.09027131842845,57.160867,7.709817
2025-01-26 05:48:04,2025-01-26 05:48:04,Class A,352978218_0,57.158467,7.7072,Under way using engine,0.0,9.7,210.0,218.0,9235725,3E3335,FUGA BLUEMARINE,Tanker,No additional information,43.0,248.0,GPS,14.4,FOR ORDER,20/01/2025 07:00:00,AIS,POINT (7.7072 57.158467),352978218_0,0 days 00:01:00,2.503735829247486e-06,210.59831359606505,0.0,0,8.092435954879655,57.158467,7.7072
2025-01-26 05:56:03,2025-01-26 05:56:03,Class A,352978218_0,57.1406,7.68535,Under way using engine,0.0,9.6,214.0,219.0,9235725,3E3335,FUGA BLUEMARINE,Tanker,No additional information,43.0,248.0,GPS,14.4,FOR ORDER,20/01/2025 07:00:00,AIS,POINT (7.68535 57.1406),352978218_0,0 days 00:07:59,-3.9645322153478946e-07,213.56842556597707,0.0,0,8.110914771377393,57.1406,7.68535
2025-01-26 05:57:03,2025-01-26 05:57:03,Class A,352978218_0,57.138417,7.682667,Under way using engine,0.0,9.6,215.0,221.0,9235725,3E3335,FUGA BLUEMARINE,Tanker,No additional information,43.0,248.0,GPS,14.4,FOR ORDER,20/01/2025 07:00:00,AIS,POINT (7.682667 57.138417),352978218_0,0 days 00:01:00,-1.913127381124212e-06,213.69937058104955,0.0,0,8.113189532149855,57.138417,7.682667
2025-01-26 05:58:03,2025-01-26 05:58:03,Class A,352978218_0,57.136233,7.67975,Under way using engine,0.0,9.6,214.0,218.0,9235725,3E3335,FUGA BLUEMARINE,Tanker,No additional information,43.0,248.0,GPS,14.4,FOR ORDER,20/01/2025 07:00:00,AIS,POINT (7.67975 57.136233),352978218_0,0 days 00:01:00,2.2772994810360433e-06,215.93377558584828,0.0,0,8.115695603098048,57.136233,7.67975
2025-01-26 05:59:03,2025-01-26 05:59:03,Class A,352978218_0,57.134067,7.677167,Under way using engine,0.0,9.6,212.0,218.0,9235725,3E3335,FUGA BLUEMARINE,Tanker,No additional information,43.0,248.0,GPS,14.4,FOR ORDER,20/01/2025 07:00:00,AIS,POINT (7.677167 57.134067),352978218_0,0 days 00:01:00,-3.6385187191672354e-06,212.90930057079188,0.0,0,8.117876342959775,57.134067,7.677167
2025-01-26 06:01:03,2025-01-26 06:01:03,Class A,352978218_0,57.12955,7.67175,Under way using engine,0.0,9.6,213.0,219.0,9235725,3E3335,FUGA BLUEMARINE,Tanker,No additional information,43.0,248.0,GPS,14.4,FOR ORDER,20/01/2025 07:00:00,AIS,POINT (7.67175 57.12955),352978218_0,0 days 00:02:00,1.7758906933032099e-06,213.06001899441418,0.0,0,8.12245665158319,57.12955,7.67175
2025-01-26 06:05:03,2025-01-26 06:05:03,Class A,352978218_0,57.120767,7.660733,Under way using engine,0.0,9.5,214.0,220.0,9235725,3E3335,FUGA BLUEMARINE,Tanker,No additional information,43.0,248.0,GPS,14.4,FOR ORDER,20/01/2025 07:00:00,AIS,POINT (7.660733 57.120767),352978218_0,0 days 00:04:00,-2.958106971145618e-07,214.25444279683404,0.0,0,8.131850128614643,57.120767,7.660733
2025-01-26 06:40:03,2025-01-26 06:40:03,Class A,352978218_0,57.042317,7.56425,Under way using engine,0.0,9.9,211.0,216.0,9235725,3E3335,FUGA BLUEMARINE,Tanker,No additional information,43.0,248.0,GPS,14.4,FOR ORDER,20/01/2025 07:00:00,AIS,POINT (7.56425 57.042317),352978218_0,0 days 00:35:00,3.49560144088934e-08,213.79786595981508,0.0,0,8.21445045426223,57.042317,7.56425
2025-01-26 06:41:03,2025-01-26 06:41:03,Class A,352978218_0,57.04005,7.561733,Under way using engine,0.0,9.8,211.0,217.0,9235725,3E3335,FUGA BLUEMARINE,Tanker,No additional information,43.0,248.0,GPS,14.4,FOR ORDER,20/01/2025 07:00:00,AIS,POINT (7.561733 57.04005),352978218_0,0 days 00:01:00,-1.4776721855450757e-06,211.13434292083173,0.0,0,8.216585191037028,57.04005,7.561733
2025-01-26 06:42:03,2025-01-26 06:42:03,Class A,352978218_0,57.03765,7.55895,Under way using engine,0.0,9.8,211.0,217.0,9235725,3E3335,FUGA BLUEMARINE,Tanker,No additional information,43.0,248.0,GPS,14.4,FOR ORDER,20/01/2025 07:00:00,AIS,POINT (7.55895 57.03765),352978218_0,0 days 00:01:00,5.8603331873435945e-06,212.2487812072478,0.0,0,8.218962994274156,57.03765,7.55895
2025-01-26 07:11:04,2025-01-26 07:11:04,Class A,352978218_0,56.97145,7.4802,Under way using engine,0.0,9.7,214.0,220.0,9235725,3E3335,FUGA BLUEMARINE,Tanker,No additional information,43.0,248.0,GPS,14.4,FOR ORDER,20/01/2025 07:00:00,AIS,POINT (7.4802 56.97145),352978218_0,0 days 00:29:01,-1.2729513801456952e-07,212.96863466091193,0.0,0,8.286888784854542,56.97145,7.4802
