t,TS,Type of mobile,MMSI,Latitude,Longitude,Navigational status,ROT,SOG,COG,Heading,IMO,Callsign,Name,Ship type,Cargo type,Width,Length,Type of position fixing device,Draught,Destination,ETA,Data source type,geometry,traj_id,timedelta,acceleration,direction,oft_minutes60,oft_dummy60,haus_dist_a,lat,lon
2025-01-30 19:58:00,2025-01-30 19:58:00,Class A,621819094_0,55.920733,6.532133,Under way using engine,1.1,10.7,31.0,24.0,Unknown,Unknown,KYLO,Undefined,0,48.0,274.0,Undefined,8.3,Unknown,01/02/2025 17:00:00,AIS,POINT (6.532133 55.920733),621819094_0,0,0.0,31.095879860107743,0.0,0,9.14816756153198,55.920733,6.532133
2025-01-30 20:05:00,2025-01-30 20:05:00,Class A,621819094_0,55.9387,6.551483,Under way using engine,0.0,10.7,29.0,24.0,9332810,J2HC,KIWALA,Tanker,0,42.0,244.0,GPS,7.7,UST LUGA,04/02/2025 18:00:00,AIS,POINT (6.551483 55.9387),621819094_0,0 days 00:07:00,0.0,31.095879860107743,0.0,0,9.12914182502764,55.9387,6.551483
2025-01-30 20:08:00,2025-01-30 20:08:00,Class A,621819094_0,55.946483,6.559667,Under way using engine,2.2,10.8,28.0,23.0,9332810,J2HC,KIWALA,Tanker,0,42.0,244.0,GPS,7.7,UST LUGA,04/02/2025 18:00:00,AIS,POINT (6.559667 55.946483),621819094_0,0 days 00:03:00,1.341137564225295e-07,30.489467603736443,0.0,0,9.121109661779206,55.946483,6.559667
2025-01-30 20:21:00,2025-01-30 20:21:00,Class A,621819094_0,55.9801,6.595933,Under way using engine,-1.1,11.0,31.0,24.0,9332810,J2HC,KIWALA,Tanker,0,42.0,244.0,GPS,7.7,UST LUGA,04/02/2025 18:00:00,AIS,POINT (6.595933 55.9801),621819094_0,0 days 00:13:00,2.4076273211071966e-08,31.10980784592158,0.0,0,9.08557943814642,55.9801,6.595933
2025-01-30 20:47:00,2025-01-30 20:47:00,Class A,621819094_0,56.04925,6.669567,Under way using engine,0.0,11.1,34.0,26.0,9332810,J2HC,KIWALA,Tanker,0,42.0,244.0,GPS,7.7,UST LUGA,04/02/2025 18:00:00,AIS,POINT (6.669567 56.04925),621819094_0,0 days 00:26:00,8.843885687353328e-08,30.731743377253053,0.0,0,9.013871119796699,56.04925,6.669567
2025-01-30 20:57:00,2025-01-30 20:57:00,Class A,621819094_0,56.075217,6.698183,Under way using engine,-2.9,10.9,31.0,22.0,9332810,J2HC,KIWALA,Tanker,0,42.0,244.0,GPS,7.7,UST LUGA,04/02/2025 18:00:00,AIS,POINT (6.698183 56.075217),621819094_0,0 days 00:10:00,-1.4296659904335762e-07,31.589861234111652,0.0,0,8.986124274416085,56.075217,6.698183
2025-01-30 20:58:00,2025-01-30 20:58:00,Class A,621819094_0,56.077833,6.700883,Under way using engine,-2.2,10.8,27.0,21.0,9332810,J2HC,KIWALA,Tanker,0,42.0,244.0,GPS,7.7,UST LUGA,04/02/2025 18:00:00,AIS,POINT (6.700883 56.077833),621819094_0,0 days 00:01:00,-9.290235701782361e-07,29.941050185436495,0.0,0,8.983516190059769,56.077833,6.700883
2025-01-30 21:02:00,2025-01-30 21:02:00,Class A,621819094_0,56.088383,6.710817,Under way using engine,0.0,10.7,24.0,18.0,9332810,J2HC,KIWALA,Tanker,0,42.0,244.0,GPS,7.7,UST LUGA,04/02/2025 18:00:00,AIS,POINT (6.710817 56.088383),621819094_0,0 days 00:04:00,-3.0753293816436576e-07,27.713742462836763,0.0,0,8.973960551128027,56.088383,6.710817
2025-01-30 21:03:00,2025-01-30 21:03:00,Class A,621819094_0,56.091117,6.7131,Under way using engine,-2.2,10.7,25.0,18.0,9332810,J2HC,KIWALA,Tanker,0,42.0,244.0,GPS,7.7,UST LUGA,04/02/2025 18:00:00,AIS,POINT (6.7131 56.091117),621819094_0,0 days 00:01:00,1.1292785193092389e-06,24.9781502291749,0.0,0,8.971777569491397,56.091117,6.7131
2025-01-30 21:04:00,2025-01-30 21:04:00,Class A,621819094_0,56.093817,6.715367,Under way using engine,1.1,10.7,24.0,18.0,9332810,J2HC,KIWALA,Tanker,0,42.0,244.0,GPS,7.7,UST LUGA,04/02/2025 18:00:00,AIS,POINT (6.715367 56.093817),621819094_0,0 days 00:01:00,-1.070823167318921e-06,25.097025289119188,0.0,0,8.969610219022117,56.093817,6.715367
2025-01-30 21:05:00,2025-01-30 21:05:00,Class A,621819094_0,56.096467,6.717583,Under way using engine,0.0,10.7,24.0,18.0,9332810,J2HC,KIWALA,Tanker,0,42.0,244.0,GPS,7.7,UST LUGA,04/02/2025 18:00:00,AIS,POINT (6.717583 56.096467),621819094_0,0 days 00:01:00,-1.7755501073126218e-06,25.006251482896744,0.0,0,8.967492855489207,56.096467,6.717583
2025-01-30 21:30:00,2025-01-30 21:30:00,Class A,621819094_0,56.165533,6.774967,Under way using engine,-1.1,11.2,25.0,18.0,9332810,J2HC,KIWALA,Tanker,0,42.0,244.0,GPS,7.7,UST LUGA,04/02/2025 18:00:00,AIS,POINT (6.774967 56.165533),621819094_0,0 days 00:25:00,1.488897170570941e-07,24.821896207469877,0.0,0,8.912974000646585,56.165533,6.774967
2025-01-30 21:31:00,2025-01-30 21:31:00,Class A,621819094_0,56.168367,6.777267,Under way using engine,0.0,11.1,23.0,19.0,9332810,J2HC,KIWALA,Tanker,0,42.0,244.0,GPS,7.7,UST LUGA,04/02/2025 18:00:00,AIS,POINT (6.777267 56.168367),621819094_0,0 days 00:01:00,2.024788471947549e-06,24.31553584265356,0.0,0,8.91080371326773,56.168367,6.777267
2025-01-30 21:36:00,2025-01-30 21:36:00,Class A,621819094_0,56.18245,6.788767,Under way using engine,1.1,11.2,23.0,19.0,9332810,J2HC,KIWALA,Tanker,0,42.0,244.0,GPS,7.7,UST LUGA,04/02/2025 18:00:00,AIS,POINT (6.788767 56.18245),621819094_0,0 days 00:05:00,-9.869995853377216e-08,24.43963988725494,0.0,0,8.8999627222312,56.18245,6.788767
2025-01-30 21:37:00,2025-01-30 21:37:00,Class A,621819094_0,56.18525,6.791117,Under way using engine,0.0,11.1,26.0,20.0,9332810,J2HC,KIWALA,Tanker,0,42.0,244.0,GPS,7.7,UST LUGA,04/02/2025 18:00:00,AIS,POINT (6.791117 56.18525),621819094_0,0 days 00:01:00,-1.081066043140573e-07,25.035715479651458,0.0,0,8.897746671304201,56.18525,6.791117
2025-01-30 21:49:00,2025-01-30 21:49:00,Class A,621819094_0,56.21855,6.8205,Under way using engine,-3.6,11.0,27.0,20.0,9332810,J2HC,KIWALA,Tanker,0,42.0,244.0,GPS,7.7,UST LUGA,04/02/2025 18:00:00,AIS,POINT (6.8205 56.21855),621819094_0,0 days 00:12:00,2.5219251531820483e-09,26.131238704774034,0.0,0,8.870031612308267,56.21855,6.8205
2025-01-30 21:50:00,2025-01-30 21:50:00,Class A,621819094_0,56.221217,6.822933,Under way using engine,0.0,11.0,26.0,19.0,9332810,J2HC,KIWALA,Tanker,0,42.0,244.0,GPS,7.7,UST LUGA,04/02/2025 18:00:00,AIS,POINT (6.822933 56.221217),621819094_0,0 days 00:01:00,-3.1164514245028696e-06,26.89419103636544,0.0,0,8.867738175839994,56.221217,6.822933
2025-01-30 21:54:00,2025-01-30 21:54:00,Class A,621819094_0,56.232317,6.8327,Under way using engine,1.1,11.2,26.0,20.0,9332810,J2HC,KIWALA,Tanker,0,42.0,244.0,GPS,7.7,UST LUGA,04/02/2025 18:00:00,AIS,POINT (6.8327 56.232317),621819094_0,0 days 00:04:00,7.632081525940297e-07,26.06143442525382,0.0,0,8.85856096478593,56.232317,6.8327
2025-01-30 21:55:00,2025-01-30 21:55:00,Class A,621819094_0,56.235033,6.835133,Under way using engine,0.0,11.1,26.0,21.0,9332810,J2HC,KIWALA,Tanker,0,42.0,244.0,GPS,7.7,UST LUGA,04/02/2025 18:00:00,AIS,POINT (6.835133 56.235033),621819094_0,0 days 00:01:00,-1.705839514631865e-06,26.46740319559683,0.0,0,8.856274648206549,56.235033,6.835133
2025-01-30 22:06:00,2025-01-30 22:06:00,Class A,621819094_0,56.264167,6.865567,Under way using engine,2.2,11.1,34.0,28.0,9332810,J2HC,KIWALA,Tanker,0,42.0,244.0,GPS,7.7,UST LUGA,04/02/2025 18:00:00,AIS,POINT (6.865567 56.264167),621819094_0,0 days 00:11:00,8.044876840852747e-08,30.116797308821276,0.0,0,8.827478451391768,56.264167,6.865567
2025-01-30 22:08:00,2025-01-30 22:08:00,Class A,621819094_0,56.269233,6.87175,Under way using engine,0.0,11.1,32.0,28.0,9332810,J2HC,KIWALA,Tanker,0,42.0,244.0,GPS,7.7,UST LUGA,04/02/2025 18:00:00,AIS,POINT (6.87175 56.269233),621819094_0,0 days 00:02:00,-2.928252288366256e-08,34.12574317897656,0.0,0,8.821592632634145,56.269233,6.87175
2025-01-30 22:11:00,2025-01-30 22:11:00,Class A,621819094_0,56.2769,6.881167,Under way using engine,0.0,11.2,35.0,29.0,9332810,J2HC,KIWALA,Tanker,0,42.0,244.0,GPS,7.7,UST LUGA,04/02/2025 18:00:00,AIS,POINT (6.881167 56.2769),621819094_0,0 days 00:03:00,3.4490668631503234e-07,34.28883869600196,0.0,0,8.812631806333735,56.2769,6.881167
2025-01-30 22:12:00,2025-01-30 22:12:00,Class A,621819094_0,56.279533,6.88435,Under way using engine,1.1,11.2,32.0,29.0,9332810,J2HC,KIWALA,Tanker,0,42.0,244.0,GPS,7.7,UST LUGA,04/02/2025 18:00:00,AIS,POINT (6.88435 56.279533),621819094_0,0 days 00:01:00,2.4006522557313565e-06,33.86529107515912,0.0,0,8.80960713761658,56.279533,6.88435
2025-01-30 23:46:00,2025-01-30 23:46:00,Class A,621819094_0,56.543817,7.082867,Under way using engine,2.9,10.9,18.0,13.0,9332810,J2HC,KIWALA,Tanker,0,42.0,244.0,GPS,7.7,UST LUGA,04/02/2025 18:00:00,AIS,POINT (7.082867 56.543817),621819094_0,0 days 01:34:00,-4.1931661800770326e-08,22.482812878807465,94.0,1,8.631216857789287,56.543817,7.082867
2025-01-30 23:51:00,2025-01-30 23:51:00,Class A,621819094_0,56.558033,7.092017,Under way using engine,1.1,10.9,20.0,13.0,9332810,J2HC,KIWALA,Tanker,0,42.0,244.0,GPS,7.7,UST LUGA,04/02/2025 18:00:00,AIS,POINT (7.092017 56.558033),621819094_0,0 days 00:05:00,-1.7296420026396744e-07,19.529446542749895,0.0,0,8.623397570946269,56.558033,7.092017
2025-01-30 23:52:00,2025-01-30 23:52:00,Class A,621819094_0,56.560917,7.093883,Under way using engine,-2.9,10.9,18.0,12.0,9332810,J2HC,KIWALA,Tanker,0,42.0,244.0,GPS,7.7,UST LUGA,04/02/2025 18:00:00,AIS,POINT (7.093883 56.560917),621819094_0,0 days 00:01:00,1.3929214982169996e-06,19.62306307317823,0.0,0,8.62180475371891,56.560917,7.093883
2025-01-30 23:53:00,2025-01-30 23:53:00,Class A,621819094_0,56.563783,7.095617,Under way using engine,-2.2,11.0,19.0,13.0,9332810,J2HC,KIWALA,Tanker,0,42.0,244.0,GPS,7.7,UST LUGA,04/02/2025 18:00:00,AIS,POINT (7.095617 56.563783),621819094_0,0 days 00:01:00,-1.2634834310785617e-06,18.436947943530754,0.0,0,8.620342779866819,56.563783,7.095617
2025-01-30 23:54:00,2025-01-30 23:54:00,Class A,621819094_0,56.566617,7.097317,Under way using engine,0.0,10.8,17.0,13.0,9332810,J2HC,KIWALA,Tanker,0,42.0,244.0,GPS,7.7,UST LUGA,04/02/2025 18:00:00,AIS,POINT (7.097317 56.566617),621819094_0,0 days 00:01:00,-1.1231301901107124e-06,18.288778541608565,0.0,0,8.618912741801369,56.566617,7.097317
2025-01-30 23:55:00,2025-01-30 23:55:00,Class A,621819094_0,56.5695,7.099167,Under way using engine,0.0,10.9,19.0,13.0,9332810,J2HC,KIWALA,Tanker,0,42.0,244.0,GPS,7.7,UST LUGA,04/02/2025 18:00:00,AIS,POINT (7.099167 56.5695),621819094_0,0 days 00:01:00,2.263589269593585e-06,19.46966791935,0.0,0,8.61733895327351,56.5695,7.099167
2025-01-30 23:56:00,2025-01-30 23:56:00,Class A,621819094_0,56.5723,7.100983,Under way using engine,-1.1,11.0,19.0,13.0,9332810,J2HC,KIWALA,Tanker,0,42.0,244.0,GPS,7.7,UST LUGA,04/02/2025 18:00:00,AIS,POINT (7.100983 56.5723),621819094_0,0 days 00:01:00,-2.6140194550527903e-06,19.66110361341083,0.0,0,8.615792325727739,56.5723,7.100983
2025-01-30 23:57:00,2025-01-30 23:57:00,Class A,621819094_0,56.5752,7.102867,Under way using engine,-1.1,10.9,17.0,11.0,9332810,J2HC,KIWALA,Tanker,0,42.0,244.0,GPS,7.7,UST LUGA,04/02/2025 18:00:00,AIS,POINT (7.102867 56.5752),621819094_0,0 days 00:01:00,3.3027127940059874e-06,19.690034815398064,0.0,0,8.614188402827338,56.5752,7.102867
2025-01-30 23:58:00,2025-01-30 23:58:00,Class A,621819094_0,56.578083,7.10455,Under way using engine,0.0,10.9,18.0,12.0,9332810,J2HC,KIWALA,Tanker,0,42.0,244.0,GPS,7.7,UST LUGA,04/02/2025 18:00:00,AIS,POINT (7.10455 56.578083),621819094_0,0 days 00:01:00,-1.6042724144273736e-06,17.824549352151337,0.0,0,8.612784072908424,56.578083,7.10455
2025-01-31 00:09:00,2025-01-31 00:09:00,Class A,621819094_0,56.609067,7.124583,Under way using engine,-2.2,10.7,21.0,16.0,9332810,J2HC,KIWALA,Tanker,0,42.0,244.0,GPS,7.7,UST LUGA,04/02/2025 18:00:00,AIS,POINT (7.124583 56.609067),621819094_0,0 days 00:11:00,-1.0794636236960683e-07,19.586304824162994,0.0,0,8.595822689495751,56.609067,7.124583
2025-01-31 00:10:00,2025-01-31 00:10:00,Class A,621819094_0,56.611783,7.12665,Under way using engine,2.9,10.7,24.0,18.0,9332810,J2HC,KIWALA,Tanker,0,42.0,244.0,GPS,7.7,UST LUGA,04/02/2025 18:00:00,AIS,POINT (7.12665 56.611783),621819094_0,0 days 00:01:00,-1.3938671540672404e-06,22.724309018398003,0.0,0,8.594032405125372,56.611783,7.12665
2025-01-31 00:11:00,2025-01-31 00:11:00,Class A,621819094_0,56.6145,7.128833,Under way using engine,2.9,10.7,23.0,19.0,9332810,J2HC,KIWALA,Tanker,0,42.0,244.0,GPS,7.7,UST LUGA,04/02/2025 18:00:00,AIS,POINT (7.128833 56.6145),621819094_0,0 days 00:01:00,8.110379152972159e-07,23.85099872277368,0.0,0,8.59212776873511,56.6145,7.128833
2025-01-31 00:12:00,2025-01-31 00:12:00,Class A,621819094_0,56.617217,7.131083,Under way using engine,2.2,10.8,24.0,19.0,9332810,J2HC,KIWALA,Tanker,0,42.0,244.0,GPS,7.7,UST LUGA,04/02/2025 18:00:00,AIS,POINT (7.131083 56.617217),621819094_0,0 days 00:01:00,4.676829797417888e-07,24.49650196146871,0.0,0,8.590157453635527,56.617217,7.131083
2025-01-31 00:13:00,2025-01-31 00:13:00,Class A,621819094_0,56.61995,7.133367,Under way using engine,5.4,10.8,24.0,19.0,9332810,J2HC,KIWALA,Tanker,0,42.0,244.0,GPS,7.7,UST LUGA,04/02/2025 18:00:00,AIS,POINT (7.133367 56.61995),621819094_0,0 days 00:01:00,6.90455857134152e-07,24.692815640953313,0.0,0,8.588155894131464,56.61995,7.133367
2025-01-31 00:14:00,2025-01-31 00:14:00,Class A,621819094_0,56.622633,7.13575,Under way using engine,3.6,10.8,25.0,18.0,9332810,J2HC,KIWALA,Tanker,0,42.0,244.0,GPS,7.7,UST LUGA,04/02/2025 18:00:00,AIS,POINT (7.13575 56.622633),621819094_0,0 days 00:01:00,-6.736525723182388e-07,26.041594958114104,0.0,0,8.58605185256559,56.622633,7.13575
2025-01-31 00:15:00,2025-01-31 00:15:00,Class A,621819094_0,56.625367,7.137983,Under way using engine,1.1,10.9,24.0,18.0,9332810,J2HC,KIWALA,Tanker,0,42.0,244.0,GPS,7.7,UST LUGA,04/02/2025 18:00:00,AIS,POINT (7.137983 56.625367),621819094_0,0 days 00:01:00,3.390931724102491e-07,24.19443292510897,0.0,0,8.584103145946582,56.625367,7.137983
2025-01-31 00:16:00,2025-01-31 00:16:00,Class A,621819094_0,56.628067,7.140233,Under way using engine,-1.1,10.9,25.0,18.0,9332810,J2HC,KIWALA,Tanker,0,42.0,244.0,GPS,7.7,UST LUGA,04/02/2025 18:00:00,AIS,POINT (7.140233 56.628067),621819094_0,0 days 00:01:00,-8.384314384433007e-07,24.626231267913795,0.0,0,8.582135120833858,56.628067,7.140233
2025-01-31 00:17:00,2025-01-31 00:17:00,Class A,621819094_0,56.630817,7.14255,Under way using engine,-1.1,11.0,24.0,17.0,9332810,J2HC,KIWALA,Tanker,0,42.0,244.0,GPS,7.7,UST LUGA,04/02/2025 18:00:00,AIS,POINT (7.14255 56.630817),621819094_0,0 days 00:01:00,1.8818792417006162e-06,24.864092291122574,0.0,0,8.580106462260769,56.630817,7.14255
2025-01-31 00:18:00,2025-01-31 00:18:00,Class A,621819094_0,56.633683,7.144767,Under way using engine,0.0,11.0,22.0,17.0,9332810,J2HC,KIWALA,Tanker,0,42.0,244.0,GPS,7.7,UST LUGA,04/02/2025 18:00:00,AIS,POINT (7.144767 56.633683),621819094_0,0 days 00:01:00,2.583648296974695e-06,23.046978746638956,0.0,0,8.57819004676406,56.633683,7.144767
2025-01-31 00:19:00,2025-01-31 00:19:00,Class A,621819094_0,56.63645,7.146933,Under way using engine,0.0,11.1,24.0,18.0,9332810,J2HC,KIWALA,Tanker,0,42.0,244.0,GPS,7.7,UST LUGA,04/02/2025 18:00:00,AIS,POINT (7.146933 56.63645),621819094_0,0 days 00:01:00,-3.1580550028628783e-06,23.2916869298561,0.0,0,8.576315426333677,56.63645,7.146933
2025-01-31 00:35:00,2025-01-31 00:35:00,Class A,621819094_0,56.681267,7.183267,Under way using engine,0.0,10.9,24.0,19.0,9332810,J2HC,KIWALA,Tanker,0,42.0,244.0,GPS,7.7,UST LUGA,04/02/2025 18:00:00,AIS,POINT (7.183267 56.681267),621819094_0,0 days 00:16:00,1.0461288117725626e-07,24.00208720091274,0.0,0,8.544852039876758,56.681267,7.183267
2025-01-31 00:36:00,2025-01-31 00:36:00,Class A,621819094_0,56.68405,7.185683,Under way using engine,-1.1,10.9,25.0,19.0,9332810,J2HC,KIWALA,Tanker,0,42.0,244.0,GPS,7.7,UST LUGA,04/02/2025 18:00:00,AIS,POINT (7.185683 56.68405),621819094_0,0 days 00:01:00,5.192735929866454e-07,25.492739910353635,0.0,0,8.54274844265995,56.68405,7.185683
2025-01-31 00:37:00,2025-01-31 00:37:00,Class A,621819094_0,56.686733,7.187917,Under way using engine,-1.1,10.8,23.0,18.0,9332810,J2HC,KIWALA,Tanker,0,42.0,244.0,GPS,7.7,UST LUGA,04/02/2025 18:00:00,AIS,POINT (7.187917 56.686733),621819094_0,0 days 00:01:00,-4.116178649293348e-06,24.574693332951483,0.0,0,8.54081608080879,56.686733,7.187917
2025-01-31 00:38:00,2025-01-31 00:38:00,Class A,621819094_0,56.689533,7.190183,Under way using engine,0.0,10.9,23.0,18.0,9332810,J2HC,KIWALA,Tanker,0,42.0,244.0,GPS,7.7,UST LUGA,04/02/2025 18:00:00,AIS,POINT (7.190183 56.689533),621819094_0,0 days 00:01:00,3.521257751526799e-06,23.96211463190997,0.0,0,8.53886554522707,56.689533,7.190183
2025-01-31 00:39:00,2025-01-31 00:39:00,Class A,621819094_0,56.692367,7.192533,Under way using engine,-2.9,11.0,24.0,18.0,9332810,J2HC,KIWALA,Tanker,0,42.0,244.0,GPS,7.7,UST LUGA,04/02/2025 18:00:00,AIS,POINT (7.192533 56.692367),621819094_0,0 days 00:01:00,1.545228167861157e-06,24.482034832907914,0.0,0,8.53683626739145,56.692367,7.192533
2025-01-31 00:51:01,2025-01-31 00:51:01,Class A,621819094_0,56.725583,7.219117,Under way using engine,2.9,11.1,23.0,18.0,9332810,J2HC,KIWALA,Tanker,0,42.0,244.0,GPS,7.7,UST LUGA,04/02/2025 18:00:00,AIS,POINT (7.219117 56.725583),621819094_0,0 days 00:12:01,-2.444430720086086e-07,23.704706301598094,0.0,0,8.514087823190573,56.725583,7.219117
2025-01-31 00:52:10,2025-01-31 00:52:10,Class A,621819094_0,56.728867,7.22175,Under way using engine,-2.9,11.2,23.0,17.0,9332810,J2HC,KIWALA,Tanker,0,42.0,244.0,GPS,7.7,UST LUGA,04/02/2025 18:00:00,AIS,POINT (7.22175 56.728867),621819094_0,0 days 00:01:09,2.7066656650722055e-06,23.74212612166434,0.0,0,8.511842315769776,56.728867,7.22175
2025-01-31 00:57:00,2025-01-31 00:57:00,Class A,621819094_0,56.742483,7.232633,Under way using engine,-1.1,11.1,24.0,18.0,9332810,J2HC,KIWALA,Tanker,0,42.0,244.0,GPS,7.7,UST LUGA,04/02/2025 18:00:00,AIS,POINT (7.232633 56.742483),621819094_0,0 days 00:04:50,-2.802174915434293e-07,23.668434703133073,0.0,0,8.502581603246512,56.742483,7.232633
2025-01-31 00:59:00,2025-01-31 00:59:00,Class A,621819094_0,56.748283,7.237333,Under way using engine,2.2,11.2,23.0,18.0,9332810,J2HC,KIWALA,Tanker,0,42.0,244.0,GPS,7.7,UST LUGA,04/02/2025 18:00:00,AIS,POINT (7.237333 56.748283),621819094_0,0 days 00:02:00,1.508636964036355e-06,23.956540392356942,0.0,0,8.498580871090537,56.748283,7.237333
2025-01-31 01:03:01,2025-01-31 01:03:01,Class A,621819094_0,56.7595,7.246433,Under way using engine,5.4,11.1,23.0,19.0,9332810,J2HC,KIWALA,Tanker,0,42.0,244.0,GPS,7.7,UST LUGA,04/02/2025 18:00:00,AIS,POINT (7.246433 56.7595),621819094_0,0 days 00:04:01,-9.016554355585846e-07,23.97411482484597,0.0,0,8.49084657535802,56.7595,7.246433
2025-01-31 01:09:01,2025-01-31 01:09:01,Class A,621819094_0,56.77625,7.260367,Under way using engine,1.1,11.0,24.0,18.0,9332810,J2HC,KIWALA,Tanker,0,42.0,244.0,GPS,7.7,UST LUGA,04/02/2025 18:00:00,AIS,POINT (7.260367 56.77625),621819094_0,0 days 00:06:00,6.0703893066112e-08,24.5022933621608,0.0,0,8.47898706725662,56.77625,7.260367
2025-01-31 01:21:00,2025-01-31 01:21:00,Class A,621819094_0,56.8095,7.288517,Under way using engine,0.0,11.1,29.0,24.0,9332810,J2HC,KIWALA,Tanker,0,42.0,244.0,GPS,7.7,UST LUGA,04/02/2025 18:00:00,AIS,POINT (7.288517 56.8095),621819094_0,0 days 00:11:59,-2.4834072934855896e-08,24.863689647371416,0.0,0,8.455075889571011,56.8095,7.288517
2025-01-31 01:27:00,2025-01-31 01:27:00,Class A,621819094_0,56.8256,7.305033,Under way using engine,-2.9,11.1,26.0,23.0,9332810,J2HC,KIWALA,Tanker,0,42.0,244.0,GPS,7.7,UST LUGA,04/02/2025 18:00:00,AIS,POINT (7.305033 56.8256),621819094_0,0 days 00:06:00,9.952535164066219e-08,29.305055370723892,0.0,0,8.440691616323214,56.8256,7.305033
2025-01-31 01:28:00,2025-01-31 01:28:00,Class A,621819094_0,56.8283,7.307767,Under way using engine,0.0,11.2,29.0,24.0,9332810,J2HC,KIWALA,Tanker,0,42.0,244.0,GPS,7.7,UST LUGA,04/02/2025 18:00:00,AIS,POINT (7.307767 56.8283),621819094_0,0 days 00:01:00,2.899925538241462e-07,28.98793287832717,0.0,0,8.438318598583784,56.8283,7.307767
2025-01-31 01:29:00,2025-01-31 01:29:00,Class A,621819094_0,56.831033,7.310617,Under way using engine,-1.1,11.2,29.0,23.0,9332810,J2HC,KIWALA,Tanker,0,42.0,244.0,GPS,7.7,UST LUGA,04/02/2025 18:00:00,AIS,POINT (7.310617 56.831033),621819094_0,0 days 00:01:00,1.8533583876177128e-06,29.70583808739957,0.0,0,8.43583575583368,56.831033,7.310617
2025-01-31 01:30:00,2025-01-31 01:30:00,Class A,621819094_0,56.833733,7.31325,Under way using engine,0.0,11.3,28.0,23.0,9332810,J2HC,KIWALA,Tanker,0,42.0,244.0,GPS,7.7,UST LUGA,04/02/2025 18:00:00,AIS,POINT (7.31325 56.833733),621819094_0,0 days 00:01:00,-2.6759273706105854e-06,28.0794551436407,0.0,0,8.433565109201743,56.833733,7.31325
2025-01-31 01:31:00,2025-01-31 01:31:00,Class A,621819094_0,56.836533,7.316,Under way using engine,0.0,11.2,25.0,24.0,9332810,J2HC,KIWALA,Tanker,0,42.0,244.0,GPS,7.7,UST LUGA,04/02/2025 18:00:00,AIS,POINT (7.316 56.836533),621819094_0,0 days 00:01:00,3.6620984739363055e-06,28.24715484522659,0.0,0,8.431192176510095,56.836533,7.316
2025-01-31 01:39:00,2025-01-31 01:39:00,Class A,621819094_0,56.858067,7.3385,Under way using engine,0.0,11.2,30.0,25.0,9332810,J2HC,KIWALA,Tanker,0,42.0,244.0,GPS,7.7,UST LUGA,04/02/2025 18:00:00,AIS,POINT (7.3385 56.858067),621819094_0,0 days 00:08:00,-3.025515395510338e-07,29.734425798737902,0.0,0,8.41164233042686,56.858067,7.3385
2025-01-31 01:40:00,2025-01-31 01:40:00,Class A,621819094_0,56.8606,7.34125,Under way using engine,0.0,11.2,28.0,27.0,9332810,J2HC,KIWALA,Tanker,0,42.0,244.0,GPS,7.7,UST LUGA,04/02/2025 18:00:00,AIS,POINT (7.34125 56.8606),621819094_0,0 days 00:01:00,-4.782691296971164e-06,30.689311438867264,0.0,0,8.409244824129454,56.8606,7.34125
2025-01-31 01:41:00,2025-01-31 01:41:00,Class A,621819094_0,56.863433,7.344333,Under way using engine,0.0,11.2,30.0,28.0,9332810,J2HC,KIWALA,Tanker,0,42.0,244.0,GPS,7.7,UST LUGA,04/02/2025 18:00:00,AIS,POINT (7.344333 56.863433),621819094_0,0 days 00:01:00,1.085829107611303e-05,30.74701006396799,0.0,0,8.406557288287877,56.863433,7.344333
2025-01-31 01:42:00,2025-01-31 01:42:00,Class A,621819094_0,56.866083,7.347417,Under way using engine,0.0,11.4,32.0,30.0,9332810,J2HC,KIWALA,Tanker,0,42.0,244.0,GPS,7.7,UST LUGA,04/02/2025 18:00:00,AIS,POINT (7.347417 56.866083),621819094_0,0 days 00:01:00,-4.812032344485454e-06,32.46072190776937,0.0,0,8.403846038416102,56.866083,7.347417
2025-01-31 01:43:00,2025-01-31 01:43:00,Class A,621819094_0,56.868667,7.3507,Under way using engine,0.0,11.4,34.0,32.0,9332810,J2HC,KIWALA,Tanker,0,42.0,244.0,GPS,7.7,UST LUGA,04/02/2025 18:00:00,AIS,POINT (7.3507 56.868667),621819094_0,0 days 00:01:00,1.6823730326625865e-07,34.77606815553867,0.0,0,8.400929941966485,56.868667,7.3507
2025-01-31 01:44:00,2025-01-31 01:44:00,Class A,621819094_0,56.8712,7.35415,Under way using engine,1.1,11.4,35.0,33.0,9332810,J2HC,KIWALA,Tanker,0,42.0,244.0,GPS,7.7,UST LUGA,04/02/2025 18:00:00,AIS,POINT (7.35415 56.8712),621819094_0,0 days 00:01:00,3.7180161498321166e-07,36.662595061834224,0.0,0,8.3978426532859,56.8712,7.35415
2025-01-31 01:45:00,2025-01-31 01:45:00,Class A,621819094_0,56.873717,7.357683,Under way using engine,-1.1,11.5,36.0,34.0,9332810,J2HC,KIWALA,Tanker,0,42.0,244.0,GPS,7.7,UST LUGA,04/02/2025 18:00:00,AIS,POINT (7.357683 56.873717),621819094_0,0 days 00:01:00,4.518115782604365e-07,37.4904770682237,0.0,0,8.394672026068081,56.873717,7.357683
2025-01-31 01:46:00,2025-01-31 01:46:00,Class A,621819094_0,56.8762,7.361333,Under way using engine,0.0,11.5,37.0,34.0,9332810,J2HC,KIWALA,Tanker,0,42.0,244.0,GPS,7.7,UST LUGA,04/02/2025 18:00:00,AIS,POINT (7.361333 56.8762),621819094_0,0 days 00:01:00,3.961907517513492e-07,38.77358727908063,0.0,0,8.391381974291779,56.8762,7.361333
2025-01-31 01:47:00,2025-01-31 01:47:00,Class A,621819094_0,56.878733,7.365083,Under way using engine,-2.9,11.6,39.0,33.0,9332810,J2HC,KIWALA,Tanker,0,42.0,244.0,GPS,7.7,UST LUGA,04/02/2025 18:00:00,AIS,POINT (7.365083 56.878733),621819094_0,0 days 00:01:00,2.264820278219248e-06,38.97020397288662,0.0,0,8.388000469054946,56.878733,7.365083
2025-01-31 01:48:00,2025-01-31 01:48:00,Class A,621819094_0,56.881183,7.368633,Under way using engine,-2.9,11.5,38.0,33.0,9332810,J2HC,KIWALA,Tanker,0,42.0,244.0,GPS,7.7,UST LUGA,04/02/2025 18:00:00,AIS,POINT (7.368633 56.881183),621819094_0,0 days 00:01:00,-4.124603213528733e-06,38.36770628841043,0.0,0,8.38480723065629,56.881183,7.368633
2025-01-31 01:53:00,2025-01-31 01:53:00,Class A,621819094_0,56.89385,7.386767,Under way using engine,-10.0,11.7,41.0,33.0,9332810,J2HC,KIWALA,Tanker,0,42.0,244.0,GPS,7.7,UST LUGA,04/02/2025 18:00:00,AIS,POINT (7.386767 56.89385),621819094_0,0 days 00:05:00,5.647081474081736e-07,38.01985811434156,0.0,0,8.368531779679456,56.89385,7.386767
2025-01-31 01:54:00,2025-01-31 01:54:00,Class A,621819094_0,56.89645,7.390483,Under way using engine,1.1,11.5,37.0,33.0,9332810,J2HC,KIWALA,Tanker,0,42.0,244.0,GPS,7.7,UST LUGA,04/02/2025 18:00:00,AIS,POINT (7.390483 56.89645),621819094_0,0 days 00:01:00,2.5453464719214144e-06,37.97429375866642,0.0,0,8.365200523177494,56.89645,7.390483
2025-01-31 01:55:00,2025-01-31 01:55:00,Class A,621819094_0,56.8989,7.393917,Under way using engine,0.0,11.5,37.0,33.0,9332810,J2HC,KIWALA,Tanker,0,42.0,244.0,GPS,7.7,UST LUGA,04/02/2025 18:00:00,AIS,POINT (7.393917 56.8989),621819094_0,0 days 00:01:00,-6.5939968061339815e-06,37.43196699290786,0.0,0,8.36212948345127,56.8989,7.393917
2025-01-31 01:56:00,2025-01-31 01:56:00,Class A,621819094_0,56.901483,7.397567,Under way using engine,2.2,11.5,38.0,34.0,9332810,J2HC,KIWALA,Tanker,0,42.0,244.0,GPS,7.7,UST LUGA,04/02/2025 18:00:00,AIS,POINT (7.397567 56.901483),621819094_0,0 days 00:01:00,5.487927968595221e-06,37.65529574065056,0.0,0,8.358863504831385,56.901483,7.397567
2025-01-31 01:57:00,2025-01-31 01:57:00,Class A,621819094_0,56.903983,7.401167,Under way using engine,0.0,11.6,38.0,35.0,9332810,J2HC,KIWALA,Tanker,0,42.0,244.0,GPS,7.7,UST LUGA,04/02/2025 18:00:00,AIS,POINT (7.401167 56.903983),621819094_0,0 days 00:01:00,-2.5471678766864765e-06,38.17749887148159,0.0,0,8.355636876037755,56.903983,7.401167
2025-01-31 01:58:00,2025-01-31 01:58:00,Class A,621819094_0,56.906533,7.40505,Under way using engine,-1.1,11.6,39.0,35.0,9332810,J2HC,KIWALA,Tanker,0,42.0,244.0,GPS,7.7,UST LUGA,04/02/2025 18:00:00,AIS,POINT (7.40505 56.906533),621819094_0,0 days 00:01:00,4.214730351885463e-06,39.74044041339107,0.0,0,8.35213777520133,56.906533,7.40505
2025-01-31 02:03:02,2025-01-31 02:03:02,Class A,621819094_0,56.919017,7.42345,Under way using engine,2.2,11.7,38.0,33.0,9332810,J2HC,KIWALA,Tanker,0,42.0,244.0,GPS,7.7,UST LUGA,04/02/2025 18:00:00,AIS,POINT (7.42345 56.919017),621819094_0,0 days 00:05:02,-8.176541956453858e-07,38.81304024881217,0.0,0,8.335627530625935,56.919017,7.42345
2025-01-31 02:15:00,2025-01-31 02:15:00,Class A,621819094_0,56.949717,7.46725,Under way using engine,1.1,11.6,35.0,32.0,9332810,J2HC,KIWALA,Tanker,0,42.0,244.0,GPS,7.7,UST LUGA,04/02/2025 18:00:00,AIS,POINT (7.46725 56.949717),621819094_0,0 days 00:11:58,1.747040644411607e-07,37.87927209570944,0.0,0,8.29657364648377,56.949717,7.46725
2025-01-31 02:19:00,2025-01-31 02:19:00,Class A,621819094_0,56.96015,7.482017,Under way using engine,-8.7,11.8,40.0,32.0,9332810,J2HC,KIWALA,Tanker,0,42.0,244.0,GPS,7.7,UST LUGA,04/02/2025 18:00:00,AIS,POINT (7.482017 56.96015),621819094_0,0 days 00:04:00,3.3803235793287893e-07,37.65557624933547,0.0,0,8.28345503418139,56.96015,7.482017
2025-01-31 02:20:00,2025-01-31 02:20:00,Class A,621819094_0,56.9627,7.4855,Under way using engine,-1.1,11.7,37.0,33.0,9332810,J2HC,KIWALA,Tanker,0,42.0,244.0,GPS,7.7,UST LUGA,04/02/2025 18:00:00,AIS,POINT (7.4855 56.9627),621819094_0,0 days 00:01:00,-3.57533326069766e-06,36.67300271021361,0.0,0,8.280376445926114,56.9627,7.4855
2025-01-31 02:21:00,2025-01-31 02:21:00,Class A,621819094_0,56.965267,7.48905,Under way using engine,2.2,11.6,37.0,33.0,9332810,J2HC,KIWALA,Tanker,0,42.0,244.0,GPS,7.7,UST LUGA,04/02/2025 18:00:00,AIS,POINT (7.48905 56.965267),621819094_0,0 days 00:01:00,1.0978789650714783e-06,37.01226853871759,0.0,0,8.277235132683439,56.965267,7.48905
2025-01-31 02:22:00,2025-01-31 02:22:00,Class A,621819094_0,56.967867,7.492767,Under way using engine,-1.1,11.7,38.0,33.0,9332810,J2HC,KIWALA,Tanker,0,42.0,244.0,GPS,7.7,UST LUGA,04/02/2025 18:00:00,AIS,POINT (7.492767 56.967867),621819094_0,0 days 00:01:00,2.5259297283255004e-06,37.928577908951695,0.0,0,8.27393450846609,56.967867,7.492767
2025-01-31 02:23:00,2025-01-31 02:23:00,Class A,621819094_0,56.9704,7.4963,Under way using engine,-1.1,11.6,37.0,33.0,9332810,J2HC,KIWALA,Tanker,0,42.0,244.0,GPS,7.7,UST LUGA,04/02/2025 18:00:00,AIS,POINT (7.4963 56.9704),621819094_0,0 days 00:01:00,-3.5423727346251507e-06,37.24375637196215,0.0,0,8.270807340559204,56.9704,7.4963
2025-01-31 02:24:00,2025-01-31 02:24:00,Class A,621819094_0,56.972933,7.499983,Under way using engine,-1.1,11.7,38.0,34.0,9332810,J2HC,KIWALA,Tanker,0,42.0,244.0,GPS,7.7,UST LUGA,04/02/2025 18:00:00,AIS,POINT (7.499983 56.972933),621819094_0,0 days 00:01:00,1.5534647560106583e-06,38.39570142316609,0.0,0,8.267532881595693,56.972933,7.499983
2025-01-31 02:25:00,2025-01-31 02:25:00,Class A,621819094_0,56.975467,7.503683,Under way using engine,-3.6,11.8,39.0,33.0,9332810,J2HC,KIWALA,Tanker,0,42.0,244.0,GPS,7.7,UST LUGA,04/02/2025 18:00:00,AIS,POINT (7.503683 56.975467),621819094_0,0 days 00:01:00,2.0041543428945516e-07,38.51128306788712,0.0,0,8.264242872172261,56.975467,7.503683
2025-01-31 02:26:00,2025-01-31 02:26:00,Class A,621819094_0,56.978117,7.507533,Under way using engine,0.0,11.7,39.0,34.0,9332810,J2HC,KIWALA,Tanker,0,42.0,244.0,GPS,7.7,UST LUGA,04/02/2025 18:00:00,AIS,POINT (7.507533 56.978117),621819094_0,0 days 00:01:00,4.382826831799971e-06,38.36921159068743,0.0,0,8.260822624064144,56.978117,7.507533
2025-01-31 02:27:01,2025-01-31 02:27:01,Class A,621819094_0,56.980533,7.5111,Under way using engine,0.0,11.7,38.0,33.0,9332810,J2HC,KIWALA,Tanker,0,42.0,244.0,GPS,7.7,UST LUGA,04/02/2025 18:00:00,AIS,POINT (7.5111 56.980533),621819094_0,0 days 00:01:01,-1.0047433182714704e-05,38.817122783877835,0.0,0,8.257649117978131,56.980533,7.5111
2025-01-31 02:39:01,2025-01-31 02:39:01,Class A,621819094_0,57.012017,7.553383,Under way using engine,-1.1,11.8,35.0,29.0,9332810,J2HC,KIWALA,Tanker,0,42.0,244.0,GPS,7.7,UST LUGA,04/02/2025 18:00:00,AIS,POINT (7.553383 57.012017),621819094_0,0 days 00:12:00,5.169996139977748e-07,36.168609213351715,0.0,0,8.22053985497607,57.012017,7.553383
2025-01-31 02:41:09,2025-01-31 02:41:09,Class A,621819094_0,57.01785,7.560667,Under way using engine,1.1,11.8,33.0,29.0,9332810,J2HC,KIWALA,Tanker,0,42.0,244.0,GPS,7.7,UST LUGA,04/02/2025 18:00:00,AIS,POINT (7.560667 57.01785),621819094_0,0 days 00:02:08,8.026358122235935e-07,34.20672515849935,0.0,0,8.214226709782547,57.01785,7.560667
2025-01-31 02:43:00,2025-01-31 02:43:00,Class A,621819094_0,57.022883,7.567017,Under way using engine,-1.1,11.9,33.0,31.0,9332810,J2HC,KIWALA,Tanker,0,42.0,244.0,GPS,7.7,UST LUGA,04/02/2025 18:00:00,AIS,POINT (7.567017 57.022883),621819094_0,0 days 00:01:51,-9.821125545924173e-08,34.47784438251176,0.0,0,8.20871980078514,57.022883,7.567017
2025-01-31 02:44:00,2025-01-31 02:44:00,Class A,621819094_0,57.02605,7.571067,Under way using engine,-2.9,11.3,38.0,30.0,9332810,J2HC,KIWALA,Tanker,0,42.0,244.0,GPS,7.7,UST LUGA,04/02/2025 18:00:00,AIS,POINT (7.571067 57.02605),621819094_0,0 days 00:01:00,1.728189018236082e-05,34.83750338358044,0.0,0,8.205203163731232,57.02605,7.571067
2025-01-31 02:45:00,2025-01-31 02:45:00,Class A,621819094_0,57.0283,7.574033,Under way using engine,2.2,11.9,34.0,30.0,9332810,J2HC,KIWALA,Tanker,0,42.0,244.0,GPS,7.7,UST LUGA,04/02/2025 18:00:00,AIS,POINT (7.574033 57.0283),621819094_0,0 days 00:01:00,-3.372078493412064e-05,35.65557954529868,0.0,0,8.202618189765326,57.0283,7.574033
2025-01-31 02:46:00,2025-01-31 02:46:00,Class A,621819094_0,57.031017,7.577517,Under way using engine,0.0,12.0,34.0,30.0,9332810,J2HC,KIWALA,Tanker,0,42.0,244.0,GPS,7.7,UST LUGA,04/02/2025 18:00:00,AIS,POINT (7.577517 57.031017),621819094_0,0 days 00:01:00,1.6836552203669126e-05,34.907107913970094,0.0,0,8.199594298645877,57.031017,7.577517
2025-01-31 02:57:01,2025-01-31 02:57:01,Class A,621819094_0,57.060667,7.61555,Under way using engine,2.2,11.8,33.0,30.0,9332810,J2HC,KIWALA,Tanker,0,42.0,244.0,GPS,7.7,UST LUGA,04/02/2025 18:00:00,AIS,POINT (7.61555 57.060667),621819094_0,0 days 00:11:01,-8.806352905724455e-08,34.89002655427373,0.0,0,8.166665113847207,57.060667,7.61555
2025-01-31 02:59:09,2025-01-31 02:59:09,Class A,621819094_0,57.0666,7.623133,Under way using engine,0.0,11.8,33.0,30.0,9332810,J2HC,KIWALA,Tanker,0,42.0,244.0,GPS,7.7,UST LUGA,04/02/2025 18:00:00,AIS,POINT (7.623133 57.0666),621819094_0,0 days 00:02:08,1.5215528208251765e-06,34.79284388573757,0.0,0,8.160121307607444,57.0666,7.623133
2025-01-31 03:15:00,2025-01-31 03:15:00,Class A,621819094_0,57.109433,7.679117,Under way using engine,0.0,12.0,35.0,30.0,9332810,J2HC,KIWALA,Tanker,0,42.0,244.0,GPS,7.7,UST LUGA,04/02/2025 18:00:00,AIS,POINT (7.679117 57.109433),621819094_0,0 days 00:15:51,-1.4071487270111038e-07,35.35790595489624,0.0,0,8.111839231962257,57.109433,7.679117
2025-01-31 03:35:00,2025-01-31 03:35:00,Class A,621819094_0,57.151317,7.776533,Under way using engine,0.0,12.3,57.0,56.0,9332810,J2HC,KIWALA,Tanker,0,42.0,244.0,GPS,7.7,UST LUGA,04/02/2025 18:00:00,AIS,POINT (7.776533 57.151317),621819094_0,0 days 00:20:00,9.265560606350025e-08,51.57284550662996,0.0,0,8.022908040620308,57.151317,7.776533
2025-01-31 03:36:00,2025-01-31 03:36:00,Class A,621819094_0,57.153117,7.781883,Under way using engine,-5.4,12.2,58.0,56.0,9332810,J2HC,KIWALA,Tanker,0,42.0,244.0,GPS,7.7,UST LUGA,04/02/2025 18:00:00,AIS,POINT (7.781883 57.153117),621819094_0,0 days 00:01:00,1.3326689634946797e-06,58.18701466378303,0.0,0,8.017949535464163,57.153117,7.781883
2025-01-31 03:37:00,2025-01-31 03:37:00,Class A,621819094_0,57.154883,7.78725,Under way using engine,-1.1,12.2,58.0,56.0,9332810,J2HC,KIWALA,Tanker,0,42.0,244.0,GPS,7.7,UST LUGA,04/02/2025 18:00:00,AIS,POINT (7.78725 57.154883),621819094_0,0 days 00:01:00,-3.091250920917206e-07,58.753778082418364,0.0,0,8.012969303756567,57.154883,7.78725
2025-01-31 03:38:00,2025-01-31 03:38:00,Class A,621819094_0,57.1567,7.792533,Under way using engine,0.0,12.3,56.0,56.0,9332810,J2HC,KIWALA,Tanker,0,42.0,244.0,GPS,7.7,UST LUGA,04/02/2025 18:00:00,AIS,POINT (7.792533 57.1567),621819094_0,0 days 00:01:00,-3.7389550366632707e-07,57.6171100680142,0.0,0,8.008081539948815,57.1567,7.792533
2025-01-31 03:39:00,2025-01-31 03:39:00,Class A,621819094_0,57.158533,7.79785,Under way using engine,1.1,12.3,56.0,56.0,9332810,J2HC,KIWALA,Tanker,0,42.0,244.0,GPS,7.7,UST LUGA,04/02/2025 18:00:00,AIS,POINT (7.79785 57.158533),621819094_0,0 days 00:01:00,7.440019561620025e-07,57.554835920680546,0.0,0,8.00316399251852,57.158533,7.79785
2025-01-31 03:40:00,2025-01-31 03:40:00,Class A,621819094_0,57.1605,7.803567,Under way using engine,1.1,12.4,56.0,56.0,9332810,J2HC,KIWALA,Tanker,0,42.0,244.0,GPS,7.7,UST LUGA,04/02/2025 18:00:00,AIS,POINT (7.803567 57.1605),621819094_0,0 days 00:01:00,7.894169275509321e-06,57.60465930227497,0.0,0,7.997876855691453,57.1605,7.803567
2025-01-31 03:41:00,2025-01-31 03:41:00,Class A,621819094_0,57.1622,7.808467,Under way using engine,0.0,12.4,57.0,56.0,9332810,J2HC,KIWALA,Tanker,0,42.0,244.0,GPS,7.7,UST LUGA,04/02/2025 18:00:00,AIS,POINT (7.808467 57.1622),621819094_0,0 days 00:01:00,-1.60237502012803e-05,57.38749118028392,0.0,0,7.993348606448051,57.1622,7.808467
2025-01-31 03:42:00,2025-01-31 03:42:00,Class A,621819094_0,57.16405,7.813733,Under way using engine,0.0,12.4,56.0,56.0,9332810,J2HC,KIWALA,Tanker,0,42.0,244.0,GPS,7.7,UST LUGA,04/02/2025 18:00:00,AIS,POINT (7.813733 57.16405),621819094_0,0 days 00:01:00,7.680237310765713e-06,57.05954461185064,0.0,0,7.98848704483953,57.16405,7.813733
2025-01-31 03:43:00,2025-01-31 03:43:00,Class A,621819094_0,57.16595,7.81915,Under way using engine,0.0,12.4,57.0,56.0,9332810,J2HC,KIWALA,Tanker,0,42.0,244.0,GPS,7.7,UST LUGA,04/02/2025 18:00:00,AIS,POINT (7.81915 57.16595),621819094_0,0 days 00:01:00,2.967181753396276e-06,57.100050432130445,0.0,0,7.983486528631961,57.16595,7.81915
2025-01-31 03:44:00,2025-01-31 03:44:00,Class A,621819094_0,57.16785,7.824633,Under way using engine,1.1,12.4,57.0,56.0,9332810,J2HC,KIWALA,Tanker,0,42.0,244.0,GPS,7.7,UST LUGA,04/02/2025 18:00:00,AIS,POINT (7.824633 57.16785),621819094_0,0 days 00:01:00,9.295728415989728e-07,57.414328791024445,0.0,0,7.978422034924512,57.16785,7.824633
2025-01-31 03:45:00,2025-01-31 03:45:00,Class A,621819094_0,57.16995,7.830683,Under way using engine,2.2,12.4,57.0,56.0,9332810,J2HC,KIWALA,Tanker,0,42.0,244.0,GPS,7.7,UST LUGA,04/02/2025 18:00:00,AIS,POINT (7.830683 57.16995),621819094_0,0 days 00:01:00,1.1356101520995643e-05,57.369052325536074,0.0,0,7.9728356067944235,57.16995,7.830683
2025-01-31 03:51:01,2025-01-31 03:51:01,Class A,621819094_0,57.1804,7.862017,Under way using engine,0.0,12.3,59.0,60.0,9332810,J2HC,KIWALA,Tanker,0,42.0,244.0,GPS,7.7,UST LUGA,04/02/2025 18:00:00,AIS,POINT (7.862017 57.1804),621819094_0,0 days 00:06:01,-2.9866945633490305e-06,58.38542416163153,0.0,0,7.943846386971805,57.1804,7.862017
2025-01-31 03:52:00,2025-01-31 03:52:00,Class A,621819094_0,57.182167,7.86745,Under way using engine,-2.9,12.3,60.0,60.0,9332810,J2HC,KIWALA,Tanker,0,42.0,244.0,GPS,7.7,UST LUGA,04/02/2025 18:00:00,AIS,POINT (7.86745 57.182167),621819094_0,0 days 00:00:59,5.601822411903203e-06,59.03046135878475,0.0,0,7.938815148013524,57.182167,7.86745
2025-01-31 03:53:00,2025-01-31 03:53:00,Class A,621819094_0,57.183933,7.87315,Under way using engine,-1.1,12.4,60.0,61.0,9332810,J2HC,KIWALA,Tanker,0,42.0,244.0,GPS,7.7,UST LUGA,04/02/2025 18:00:00,AIS,POINT (7.87315 57.183933),621819094_0,0 days 00:01:00,2.049665401753463e-06,60.241971200707326,0.0,0,7.933521950505022,57.183933,7.87315
2025-01-31 03:54:00,2025-01-31 03:54:00,Class A,621819094_0,57.1856,7.878583,Under way using engine,2.2,12.4,60.0,62.0,9332810,J2HC,KIWALA,Tanker,0,42.0,244.0,GPS,7.7,UST LUGA,04/02/2025 18:00:00,AIS,POINT (7.878583 57.1856),621819094_0,0 days 00:01:00,-5.416066903148343e-06,60.480224676297325,0.0,0,7.928474675047465,57.1856,7.878583
2025-01-31 03:55:00,2025-01-31 03:55:00,Class A,621819094_0,57.187333,7.884233,Under way using engine,3.6,12.4,60.0,63.0,9332810,J2HC,KIWALA,Tanker,0,42.0,244.0,GPS,7.7,UST LUGA,04/02/2025 18:00:00,AIS,POINT (7.884233 57.187333),621819094_0,0 days 00:01:00,4.17406363977333e-06,60.487248333142816,0.0,0,7.92322661471108,57.187333,7.884233
2025-01-31 04:04:09,2025-01-31 04:04:09,Class A,621819094_0,57.202833,7.935883,Under way using engine,-1.1,12.8,60.0,62.0,9332810,J2HC,KIWALA,Tanker,0,42.0,244.0,GPS,7.7,UST LUGA,04/02/2025 18:00:00,AIS,POINT (7.935883 57.202833),621819094_0,0 days 00:09:09,-7.476076325402446e-08,60.99584853378411,0.0,0,7.875231986237993,57.202833,7.935883
2025-01-31 04:09:00,2025-01-31 04:09:00,Class A,621819094_0,57.211317,7.9644,Under way using engine,0.0,12.8,60.0,62.0,9332810,J2HC,KIWALA,Tanker,0,42.0,244.0,GPS,7.7,UST LUGA,04/02/2025 18:00:00,AIS,POINT (7.9644 57.211317),621819094_0,0 days 00:04:51,8.770500443753782e-07,61.20774191439148,0.0,0,7.848752592203999,57.211317,7.9644
2025-01-31 04:12:00,2025-01-31 04:12:00,Class A,621819094_0,57.216517,7.981533,Under way using engine,0.0,12.8,60.0,62.0,9332810,J2HC,KIWALA,Tanker,0,42.0,244.0,GPS,7.7,UST LUGA,04/02/2025 18:00:00,AIS,POINT (7.981533 57.216517),621819094_0,0 days 00:03:00,-9.111100202989632e-07,60.72258298281258,0.0,0,7.832874118115905,57.216517,7.981533
2025-01-31 04:13:00,2025-01-31 04:13:00,Class A,621819094_0,57.218133,7.987017,Under way using engine,-2.2,12.8,61.0,61.0,9332810,J2HC,KIWALA,Tanker,0,42.0,244.0,GPS,7.7,UST LUGA,04/02/2025 18:00:00,AIS,POINT (7.987017 57.218133),621819094_0,0 days 00:01:00,-5.096373079990591e-06,61.4413444130447,0.0,0,7.827784535920876,57.218133,7.987017
2025-01-31 04:14:00,2025-01-31 04:14:00,Class A,621819094_0,57.219933,7.9929,Under way using engine,0.0,12.7,59.0,58.0,9332810,J2HC,KIWALA,Tanker,0,42.0,244.0,GPS,7.7,UST LUGA,04/02/2025 18:00:00,AIS,POINT (7.9929 57.219933),621819094_0,0 days 00:01:00,8.611448443248528e-06,60.52634737441883,0.0,0,7.82233795726348,57.219933,7.9929
2025-01-31 04:15:00,2025-01-31 04:15:00,Class A,621819094_0,57.2218,7.998417,Under way using engine,0.0,12.7,56.0,57.0,9332810,J2HC,KIWALA,Tanker,0,42.0,244.0,GPS,7.7,UST LUGA,04/02/2025 18:00:00,AIS,POINT (7.998417 57.2218),621819094_0,0 days 00:01:00,-4.229039061601561e-06,57.989841484764554,0.0,0,7.817264500412213,57.2218,7.998417
2025-01-31 04:16:00,2025-01-31 04:16:00,Class A,621819094_0,57.22365,8.003583,Under way using engine,-1.1,12.8,56.0,55.0,9332810,J2HC,KIWALA,Tanker,0,42.0,244.0,GPS,7.7,UST LUGA,04/02/2025 18:00:00,AIS,POINT (8.003583 57.22365),621819094_0,0 days 00:01:00,-5.24507701848238e-06,56.51383218222543,0.0,0,7.812533759105876,57.22365,8.003583
2025-01-31 04:17:00,2025-01-31 04:17:00,Class A,621819094_0,57.225633,8.00885,Under way using engine,0.0,12.8,55.0,54.0,9332810,J2HC,KIWALA,Tanker,0,42.0,244.0,GPS,7.7,UST LUGA,04/02/2025 18:00:00,AIS,POINT (8.00885 57.225633),621819094_0,0 days 00:01:00,3.7064177022486794e-06,55.17998857253815,0.0,0,7.807729643971094,57.225633,8.00885
2025-01-31 04:18:00,2025-01-31 04:18:00,Class A,621819094_0,57.22775,8.01425,Under way using engine,2.9,12.8,53.0,55.0,9332810,J2HC,KIWALA,Tanker,0,42.0,244.0,GPS,7.7,UST LUGA,04/02/2025 18:00:00,AIS,POINT (8.01425 57.22775),621819094_0,0 days 00:01:00,4.213222169813958e-06,54.08459232327493,0.0,0,7.802821078946255,57.22775,8.01425
2025-01-31 04:19:00,2025-01-31 04:19:00,Class A,621819094_0,57.229833,8.019567,Under way using engine,0.0,12.8,53.0,55.0,9332810,J2HC,KIWALA,Tanker,0,42.0,244.0,GPS,7.7,UST LUGA,04/02/2025 18:00:00,AIS,POINT (8.019567 57.229833),621819094_0,0 days 00:01:00,-1.7488627683852487e-06,54.10215914115571,0.0,0,7.797988882500538,57.229833,8.019567
2025-01-31 04:20:00,2025-01-31 04:20:00,Class A,621819094_0,57.231883,8.024833,Under way using engine,-1.1,12.8,54.0,54.0,9332810,J2HC,KIWALA,Tanker,0,42.0,244.0,GPS,7.7,UST LUGA,04/02/2025 18:00:00,AIS,POINT (8.024833 57.231883),621819094_0,0 days 00:01:00,-1.2948824479903948e-06,54.27278032281936,0.0,0,7.793201758498622,57.231883,8.024833
2025-01-31 04:21:00,2025-01-31 04:21:00,Class A,621819094_0,57.234,8.03025,Under way using engine,0.0,12.8,53.0,54.0,9332810,J2HC,KIWALA,Tanker,0,42.0,244.0,GPS,7.7,UST LUGA,04/02/2025 18:00:00,AIS,POINT (8.03025 57.234),621819094_0,0 days 00:01:00,3.262606896680233e-06,54.165489157899174,0.0,0,7.788280122501244,57.234,8.03025
2025-01-31 04:22:00,2025-01-31 04:22:00,Class A,621819094_0,57.2361,8.035567,Under way using engine,1.1,12.9,53.0,55.0,9332810,J2HC,KIWALA,Tanker,0,42.0,244.0,GPS,7.7,UST LUGA,04/02/2025 18:00:00,AIS,POINT (8.035567 57.2361),621819094_0,0 days 00:01:00,-1.6711416635636998e-06,53.876055331206544,0.0,0,7.783454711142411,57.2361,8.035567
2025-01-31 04:23:00,2025-01-31 04:23:00,Class A,621819094_0,57.23805,8.040767,Under way using engine,-1.1,12.9,54.0,55.0,9332810,J2HC,KIWALA,Tanker,0,42.0,244.0,GPS,7.7,UST LUGA,04/02/2025 18:00:00,AIS,POINT (8.040767 57.23805),621819094_0,0 days 00:01:00,-4.290463711127506e-06,55.277769739528594,0.0,0,7.778717013666521,57.23805,8.040767
2025-01-31 04:24:00,2025-01-31 04:24:00,Class A,621819094_0,57.24045,8.046867,Under way using engine,-2.2,12.9,54.0,55.0,9332810,J2HC,KIWALA,Tanker,0,42.0,244.0,GPS,7.7,UST LUGA,04/02/2025 18:00:00,AIS,POINT (8.046867 57.24045),621819094_0,0 days 00:01:00,2.03619117309149e-05,53.97754944895587,0.0,0,7.773182040381211,57.24045,8.046867
2025-01-31 04:25:00,2025-01-31 04:25:00,Class A,621819094_0,57.2423,8.051783,Under way using engine,0.0,13.0,54.0,55.0,9332810,J2HC,KIWALA,Tanker,0,42.0,244.0,GPS,7.7,UST LUGA,04/02/2025 18:00:00,AIS,POINT (8.051783 57.2423),621819094_0,0 days 00:01:00,-2.6047236003926345e-05,55.180289033223005,0.0,0,7.768706561331107,57.2423,8.051783
2025-01-31 04:26:00,2025-01-31 04:26:00,Class A,621819094_0,57.24435,8.057167,Under way using engine,-2.9,13.0,55.0,55.0,9332810,J2HC,KIWALA,Tanker,0,42.0,244.0,GPS,7.7,UST LUGA,04/02/2025 18:00:00,AIS,POINT (8.057167 57.24435),621819094_0,0 days 00:01:00,9.973690437636403e-06,54.86332249592016,0.0,0,7.763810682951059,57.24435,8.057167
2025-01-31 04:27:00,2025-01-31 04:27:00,Class A,621819094_0,57.246467,8.06265,Under way using engine,0.0,12.9,54.0,55.0,9332810,J2HC,KIWALA,Tanker,0,42.0,244.0,GPS,7.7,UST LUGA,04/02/2025 18:00:00,AIS,POINT (8.06265 57.246467),621819094_0,0 days 00:01:00,2.548129953578515e-06,54.484986429460605,0.0,0,7.758831591684989,57.246467,8.06265
2025-01-31 04:28:00,2025-01-31 04:28:00,Class A,621819094_0,57.248567,8.06815,Under way using engine,-2.2,13.0,54.0,55.0,9332810,J2HC,KIWALA,Tanker,0,42.0,244.0,GPS,7.7,UST LUGA,04/02/2025 18:00:00,AIS,POINT (8.06815 57.248567),621819094_0,0 days 00:01:00,-7.559795399355619e-08,54.78517529184148,0.0,0,7.753833822124963,57.248567,8.06815
2025-01-31 04:29:00,2025-01-31 04:29:00,Class A,621819094_0,57.250617,8.073467,Under way using engine,0.0,13.0,54.0,55.0,9332810,J2HC,KIWALA,Tanker,0,42.0,244.0,GPS,7.7,UST LUGA,04/02/2025 18:00:00,AIS,POINT (8.073467 57.250617),621819094_0,0 days 00:01:00,-3.4024406967634482e-06,54.52036294459202,0.0,0,7.749007336232556,57.250617,8.073467
2025-01-31 04:30:00,2025-01-31 04:30:00,Class A,621819094_0,57.2527,8.078917,Under way using engine,0.0,13.0,54.0,55.0,9332810,J2HC,KIWALA,Tanker,0,42.0,244.0,GPS,7.7,UST LUGA,04/02/2025 18:00:00,AIS,POINT (8.078917 57.2527),621819094_0,0 days 00:01:00,2.4057931973665125e-06,54.75504909983647,0.0,0,7.7440578417781065,57.2527,8.078917
2025-01-31 04:31:00,2025-01-31 04:31:00,Class A,621819094_0,57.254817,8.084383,Under way using engine,0.0,13.1,54.0,55.0,9332810,J2HC,KIWALA,Tanker,0,42.0,244.0,GPS,7.7,UST LUGA,04/02/2025 18:00:00,AIS,POINT (8.084383 57.254817),621819094_0,0 days 00:01:00,8.233430642106607e-07,54.394679933227394,0.0,0,7.739100418346437,57.254817,8.084383
2025-01-31 04:39:00,2025-01-31 04:39:00,Class A,621819094_0,57.271683,8.1286,Under way using engine,2.2,13.3,54.0,55.0,9332810,J2HC,KIWALA,Tanker,0,42.0,244.0,GPS,7.7,UST LUGA,04/02/2025 18:00:00,AIS,POINT (8.1286 57.271683),621819094_0,0 days 00:08:00,8.24936014626285e-08,54.7843261087566,0.0,0,7.6989935232759485,57.271683,8.1286
2025-01-31 04:45:01,2025-01-31 04:45:01,Class A,621819094_0,57.284433,8.161883,Under way using engine,1.1,13.1,54.0,55.0,9332810,J2HC,KIWALA,Tanker,0,42.0,244.0,GPS,7.7,UST LUGA,04/02/2025 18:00:00,AIS,POINT (8.161883 57.284433),621819094_0,0 days 00:06:01,3.7807949316292476e-08,54.66208589571812,0.0,0,7.668869374573152,57.284433,8.161883
2025-01-31 04:48:00,2025-01-31 04:48:00,Class A,621819094_0,57.290817,8.17845,Under way using engine,-1.1,13.2,54.0,55.0,9332810,J2HC,KIWALA,Tanker,0,42.0,244.0,GPS,7.7,UST LUGA,04/02/2025 18:00:00,AIS,POINT (8.17845 57.290817),621819094_0,0 days 00:02:59,2.160179245137794e-07,54.502514437841285,0.0,0,7.653899878318829,57.290817,8.17845
2025-01-31 04:49:00,2025-01-31 04:49:00,Class A,621819094_0,57.29295,8.183933,Under way using engine,-2.2,13.2,54.0,55.0,9332810,J2HC,KIWALA,Tanker,0,42.0,244.0,GPS,7.7,UST LUGA,04/02/2025 18:00:00,AIS,POINT (8.183933 57.29295),621819094_0,0 days 00:01:00,-1.0888487886111127e-06,54.246476961944836,0.0,0,7.648952233866348,57.29295,8.183933
2025-01-31 04:50:00,2025-01-31 04:50:00,Class A,621819094_0,57.295067,8.189433,Under way using engine,0.0,13.2,54.0,55.0,9332810,J2HC,KIWALA,Tanker,0,42.0,244.0,GPS,7.7,UST LUGA,04/02/2025 18:00:00,AIS,POINT (8.189433 57.295067),621819094_0,0 days 00:01:00,-6.046855372490434e-08,54.53307753251585,0.0,0,7.643986058742521,57.295067,8.189433
2025-01-31 04:51:00,2025-01-31 04:51:00,Class A,621819094_0,57.297217,8.195067,Under way using engine,-2.2,13.2,55.0,55.0,9332810,J2HC,KIWALA,Tanker,0,42.0,244.0,GPS,7.7,UST LUGA,04/02/2025 18:00:00,AIS,POINT (8.195067 57.297217),621819094_0,0 days 00:01:00,2.4170797120024655e-06,54.764076532779484,0.0,0,7.638896533124795,57.297217,8.195067
2025-01-31 04:52:00,2025-01-31 04:52:00,Class A,621819094_0,57.299267,8.200533,Under way using engine,2.2,13.2,54.0,55.0,9332810,J2HC,KIWALA,Tanker,0,42.0,244.0,GPS,7.7,UST LUGA,04/02/2025 18:00:00,AIS,POINT (8.200533 57.299267),621819094_0,0 days 00:01:00,-4.0824615757267e-06,55.22982099838515,0.0,0,7.633952874838172,57.299267,8.200533
2025-01-31 04:53:00,2025-01-31 04:53:00,Class A,621819094_0,57.301433,8.20615,Under way using engine,3.6,13.2,54.0,56.0,9332810,J2HC,KIWALA,Tanker,0,42.0,244.0,GPS,7.7,UST LUGA,04/02/2025 18:00:00,AIS,POINT (8.20615 57.301433),621819094_0,0 days 00:01:00,4.1276179980704345e-06,54.478726084029745,0.0,0,7.628885908580952,57.301433,8.20615
2025-01-31 04:54:00,2025-01-31 04:54:00,Class A,621819094_0,57.303483,8.211617,Under way using engine,0.0,13.2,55.0,57.0,9332810,J2HC,KIWALA,Tanker,0,42.0,244.0,GPS,7.7,UST LUGA,04/02/2025 18:00:00,AIS,POINT (8.211617 57.303483),621819094_0,0 days 00:01:00,-4.122436583575984e-06,55.23165397553589,0.0,0,7.623943859171708,57.303483,8.211617
2025-01-31 04:55:00,2025-01-31 04:55:00,Class A,621819094_0,57.305517,8.217233,Under way using engine,1.1,13.2,56.0,59.0,9332810,J2HC,KIWALA,Tanker,0,42.0,244.0,GPS,7.7,UST LUGA,04/02/2025 18:00:00,AIS,POINT (8.217233 57.305517),621819094_0,0 days 00:01:00,1.7793766276766176e-06,56.156320623570195,0.0,0,7.618853918356094,57.305517,8.217233
2025-01-31 04:57:01,2025-01-31 04:57:01,Class A,621819094_0,57.309333,8.228667,Under way using engine,0.0,13.2,58.0,60.0,9332810,J2HC,KIWALA,Tanker,0,42.0,244.0,GPS,7.7,UST LUGA,04/02/2025 18:00:00,AIS,POINT (8.228667 57.309333),621819094_0,0 days 00:02:01,-8.034918038006148e-07,58.28370241937557,0.0,0,7.608428978205817,57.309333,8.228667
2025-01-31 05:02:00,2025-01-31 05:02:00,Class A,621819094_0,57.318617,8.25765,Under way using engine,0.0,13.0,58.0,60.0,9332810,J2HC,KIWALA,Tanker,0,42.0,244.0,GPS,7.7,UST LUGA,04/02/2025 18:00:00,AIS,POINT (8.25765 57.318617),621819094_0,0 days 00:04:59,3.237082499159467e-07,59.31319759238096,0.0,0,7.581945774148547,57.318617,8.25765
2025-01-31 05:03:00,2025-01-31 05:03:00,Class A,621819094_0,57.320433,8.263383,Under way using engine,0.0,13.1,59.0,60.0,9332810,J2HC,KIWALA,Tanker,0,42.0,244.0,GPS,7.7,UST LUGA,04/02/2025 18:00:00,AIS,POINT (8.263383 57.320433),621819094_0,0 days 00:01:00,-1.947284203264628e-06,59.599659353222194,0.0,0,7.576706573522959,57.320433,8.263383
2025-01-31 05:04:00,2025-01-31 05:04:00,Class A,621819094_0,57.3223,8.2693,Under way using engine,-1.1,13.1,60.0,60.0,9332810,J2HC,KIWALA,Tanker,0,42.0,244.0,GPS,7.7,UST LUGA,04/02/2025 18:00:00,AIS,POINT (8.2693 57.3223),621819094_0,0 days 00:01:00,3.4505102273631037e-06,59.69561413052469,0.0,0,7.571298931560423,57.3223,8.2693
2025-01-31 05:05:00,2025-01-31 05:05:00,Class A,621819094_0,57.324133,8.275083,Under way using engine,1.1,13.0,59.0,60.0,9332810,J2HC,KIWALA,Tanker,0,42.0,244.0,GPS,7.7,UST LUGA,04/02/2025 18:00:00,AIS,POINT (8.275083 57.324133),621819094_0,0 days 00:01:00,-2.4710064314047846e-06,59.58126764481176,0.0,0,7.566016641249608,57.324133,8.275083
2025-01-31 05:06:00,2025-01-31 05:06:00,Class A,621819094_0,57.326,8.280833,Under way using engine,2.9,13.1,58.0,61.0,9332810,J2HC,KIWALA,Tanker,0,42.0,244.0,GPS,7.7,UST LUGA,04/02/2025 18:00:00,AIS,POINT (8.280833 57.326),621819094_0,0 days 00:01:00,5.738412388651218e-08,58.973588058520534,0.0,0,7.560774831871996,57.326,8.280833
2025-01-31 05:07:00,2025-01-31 05:07:00,Class A,621819094_0,57.327817,8.286617,Under way using engine,3.6,13.0,59.0,62.0,9332810,J2HC,KIWALA,Tanker,0,42.0,244.0,GPS,7.7,UST LUGA,04/02/2025 18:00:00,AIS,POINT (8.286617 57.327817),621819094_0,0 days 00:01:00,-3.006954782725814e-07,59.8019151706074,0.0,0,7.55549062379049,57.327817,8.286617
2025-01-31 05:09:01,2025-01-31 05:09:01,Class A,621819094_0,57.33125,8.298167,Under way using engine,0.0,13.0,61.0,63.0,9332810,J2HC,KIWALA,Tanker,0,42.0,244.0,GPS,7.7,UST LUGA,04/02/2025 18:00:00,AIS,POINT (8.298167 57.33125),621819094_0,0 days 00:02:01,-1.278277497212403e-06,61.15698201623189,0.0,0,7.544901636410179,57.33125,8.298167
2025-01-31 05:13:09,2025-01-31 05:13:09,Class A,621819094_0,57.3381,8.32265,Under way using engine,-2.2,12.9,64.0,66.0,9332810,J2HC,KIWALA,Tanker,0,42.0,244.0,GPS,7.7,UST LUGA,04/02/2025 18:00:00,AIS,POINT (8.32265 57.3381),621819094_0,0 days 00:04:08,5.385816190291939e-07,62.58835414201826,0.0,0,7.522381021840624,57.3381,8.32265
2025-01-31 05:15:01,2025-01-31 05:15:01,Class A,621819094_0,57.340983,8.333833,Under way using engine,0.0,13.0,63.0,66.0,9332810,J2HC,KIWALA,Tanker,0,42.0,244.0,GPS,7.7,UST LUGA,04/02/2025 18:00:00,AIS,POINT (8.333833 57.340983),621819094_0,0 days 00:01:52,-2.957561088071512e-07,64.46090683397796,0.0,0,7.5120489994984725,57.340983,8.333833
2025-01-31 05:16:00,2025-01-31 05:16:00,Class A,621819094_0,57.342533,8.339933,Under way using engine,-1.1,12.9,64.0,66.0,9332810,J2HC,KIWALA,Tanker,0,42.0,244.0,GPS,7.7,UST LUGA,04/02/2025 18:00:00,AIS,POINT (8.339933 57.342533),621819094_0,0 days 00:00:59,3.6895480729872435e-06,64.78272317859222,0.0,0,7.50640993388091,57.342533,8.339933
2025-01-31 05:17:00,2025-01-31 05:17:00,Class A,621819094_0,57.3441,8.3461,Under way using engine,-1.1,12.9,65.0,66.0,9332810,J2HC,KIWALA,Tanker,0,42.0,244.0,GPS,7.7,UST LUGA,04/02/2025 18:00:00,AIS,POINT (8.3461 57.3441),621819094_0,0 days 00:01:00,-6.767963880198718e-07,64.78210427809574,0.0,0,7.500709984731311,57.3441,8.3461
2025-01-31 05:18:00,2025-01-31 05:18:00,Class A,621819094_0,57.345767,8.35255,Under way using engine,3.6,12.9,63.0,66.0,9332810,J2HC,KIWALA,Tanker,0,42.0,244.0,GPS,7.7,UST LUGA,04/02/2025 18:00:00,AIS,POINT (8.35255 57.345767),621819094_0,0 days 00:01:00,5.597889072803509e-06,64.40366786616681,0.0,0,7.494755529750719,57.345767,8.35255
2025-01-31 05:19:00,2025-01-31 05:19:00,Class A,621819094_0,57.347183,8.357983,Under way using engine,0.0,13.0,64.0,66.0,9332810,J2HC,KIWALA,Tanker,0,42.0,244.0,GPS,7.7,UST LUGA,04/02/2025 18:00:00,AIS,POINT (8.357983 57.347183),621819094_0,0 days 00:01:00,-1.869745202494674e-05,64.21517390689041,0.0,0,7.489743364379449,57.347183,8.357983
2025-01-31 05:20:00,2025-01-31 05:20:00,Class A,621819094_0,57.348683,8.36395,Under way using engine,1.1,12.9,64.0,66.0,9332810,J2HC,KIWALA,Tanker,0,42.0,244.0,GPS,7.7,UST LUGA,04/02/2025 18:00:00,AIS,POINT (8.36395 57.348683),621819094_0,0 days 00:01:00,9.18016621597456e-06,65.01556652928434,0.0,0,7.484227881975868,57.348683,8.36395
2025-01-31 05:21:00,2025-01-31 05:21:00,Class A,621819094_0,57.350233,8.369933,Under way using engine,2.2,12.9,64.0,66.0,9332810,J2HC,KIWALA,Tanker,0,42.0,244.0,GPS,7.7,UST LUGA,04/02/2025 18:00:00,AIS,POINT (8.369933 57.350233),621819094_0,0 days 00:01:00,8.985759706473494e-07,64.34777830430943,0.0,0,7.478708345621322,57.350233,8.369933
2025-01-31 05:22:00,2025-01-31 05:22:00,Class A,621819094_0,57.351767,8.375967,Under way using engine,0.0,13.0,64.0,66.0,9332810,J2HC,KIWALA,Tanker,0,42.0,244.0,GPS,7.7,UST LUGA,04/02/2025 18:00:00,AIS,POINT (8.375967 57.351767),621819094_0,0 days 00:01:00,5.54336744418279e-07,64.76609380923605,0.0,0,7.473136610619801,57.351767,8.375967
2025-01-31 05:23:00,2025-01-31 05:23:00,Class A,621819094_0,57.353267,8.3819,Under way using engine,0.0,13.0,65.0,66.0,9332810,J2HC,KIWALA,Tanker,0,42.0,244.0,GPS,7.7,UST LUGA,04/02/2025 18:00:00,AIS,POINT (8.3819 57.353267),621819094_0,0 days 00:01:00,-1.9794108043741263e-06,64.8872644829213,0.0,0,7.467657377024539,57.353267,8.3819
2025-01-31 05:24:00,2025-01-31 05:24:00,Class A,621819094_0,57.35485,8.388217,Under way using engine,0.0,13.0,64.0,66.0,9332810,J2HC,KIWALA,Tanker,0,42.0,244.0,GPS,7.7,UST LUGA,04/02/2025 18:00:00,AIS,POINT (8.388217 57.35485),621819094_0,0 days 00:01:00,6.900675743977894e-06,65.080644903333,0.0,0,7.461821608434834,57.35485,8.388217
2025-01-31 05:25:00,2025-01-31 05:25:00,Class A,621819094_0,57.356367,8.394167,Under way using engine,0.0,13.0,64.0,66.0,9332810,J2HC,KIWALA,Tanker,0,42.0,244.0,GPS,7.7,UST LUGA,04/02/2025 18:00:00,AIS,POINT (8.394167 57.356367),621819094_0,0 days 00:01:00,-6.427355042639308e-06,64.69977483889386,0.0,0,7.456331443718553,57.356367,8.394167
2025-01-31 05:26:00,2025-01-31 05:26:00,Class A,621819094_0,57.3579,8.400217,Under way using engine,0.0,13.0,65.0,66.0,9332810,J2HC,KIWALA,Tanker,0,42.0,244.0,GPS,7.7,UST LUGA,04/02/2025 18:00:00,AIS,POINT (8.400217 57.3579),621819094_0,0 days 00:01:00,1.7198701551750528e-06,64.83524007078785,0.0,0,7.450748019588705,57.3579,8.400217
2025-01-31 05:27:00,2025-01-31 05:27:00,Class A,621819094_0,57.3594,8.406267,Under way using engine,0.0,13.0,64.0,64.0,9332810,J2HC,KIWALA,Tanker,0,42.0,244.0,GPS,7.7,UST LUGA,04/02/2025 18:00:00,AIS,POINT (8.406267 57.3594),621819094_0,0 days 00:01:00,-4.333024134274757e-07,65.31083115470716,0.0,0,7.445158579090509,57.3594,8.406267
2025-01-31 05:28:00,2025-01-31 05:28:00,Class A,621819094_0,57.360983,8.41225,Under way using engine,-2.9,12.9,62.0,62.0,9332810,J2HC,KIWALA,Tanker,0,42.0,244.0,GPS,7.7,UST LUGA,04/02/2025 18:00:00,AIS,POINT (8.41225 57.360983),621819094_0,0 days 00:01:00,8.39969663493905e-08,63.867057668301925,0.0,0,7.4396533944226855,57.360983,8.41225
2025-01-31 05:29:00,2025-01-31 05:29:00,Class A,621819094_0,57.362683,8.418083,Under way using engine,-2.9,12.9,60.0,59.0,9332810,J2HC,KIWALA,Tanker,0,42.0,244.0,GPS,7.7,UST LUGA,04/02/2025 18:00:00,AIS,POINT (8.418083 57.362683),621819094_0,0 days 00:01:00,-5.78950177085458e-07,61.61155498190681,0.0,0,7.43432090861472,57.362683,8.418083
2025-01-31 05:39:00,2025-01-31 05:39:00,Class A,621819094_0,57.383717,8.471367,Under way using engine,0.0,12.8,52.0,52.0,9332810,J2HC,KIWALA,Tanker,0,42.0,244.0,GPS,7.7,UST LUGA,04/02/2025 18:00:00,AIS,POINT (8.471367 57.383717),621819094_0,0 days 00:10:00,-4.999313999936473e-08,53.76762295332742,0.0,0,7.386865494117649,57.383717,8.471367
2025-01-31 05:45:00,2025-01-31 05:45:00,Class A,621819094_0,57.39675,8.5027,Under way using engine,0.0,12.8,53.0,52.0,9332810,J2HC,KIWALA,Tanker,0,42.0,244.0,GPS,7.7,UST LUGA,04/02/2025 18:00:00,AIS,POINT (8.5027 57.39675),621819094_0,0 days 00:06:00,-2.9260037535402826e-08,52.324703667984636,0.0,0,7.359172372987874,57.39675,8.5027
2025-01-31 05:51:00,2025-01-31 05:51:00,Class A,621819094_0,57.40975,8.534767,Under way using engine,5.4,13.0,51.0,51.0,9332810,J2HC,KIWALA,Tanker,0,42.0,244.0,GPS,7.7,UST LUGA,04/02/2025 18:00:00,AIS,POINT (8.534767 57.40975),621819094_0,0 days 00:06:00,2.497244222259948e-07,53.024207842708904,0.0,0,7.330809007190475,57.40975,8.534767
2025-01-31 05:57:01,2025-01-31 05:57:01,Class A,621819094_0,57.422917,8.566567,Under way using engine,0.0,13.0,53.0,53.0,9332810,J2HC,KIWALA,Tanker,0,42.0,244.0,GPS,7.7,UST LUGA,04/02/2025 18:00:00,AIS,POINT (8.566567 57.422917),621819094_0,0 days 00:06:01,-6.733674465821946e-08,52.43122861670861,0.0,0,7.302797354287328,57.422917,8.566567
2025-01-31 06:04:00,2025-01-31 06:04:00,Class A,621819094_0,57.43835,8.6045,Under way using engine,1.1,12.8,52.0,53.0,9332810,J2HC,KIWALA,Tanker,0,42.0,244.0,GPS,7.7,UST LUGA,04/02/2025 18:00:00,AIS,POINT (8.6045 57.43835),621819094_0,0 days 00:06:59,3.3271224593594193e-07,52.90294729370663,0.0,0,7.26939239717791,57.43835,8.6045
2025-01-31 06:05:00,2025-01-31 06:05:00,Class A,621819094_0,57.440183,8.60925,Under way using engine,0.0,12.8,53.0,53.0,9332810,J2HC,KIWALA,Tanker,0,42.0,244.0,GPS,7.7,UST LUGA,04/02/2025 18:00:00,AIS,POINT (8.60925 57.440183),621819094_0,0 days 00:01:00,-1.6090909390340172e-05,54.35676214476382,0.0,0,7.265191912368523,57.440183,8.60925
2025-01-31 06:06:00,2025-01-31 06:06:00,Class A,621819094_0,57.4423,8.614533,Under way using engine,-1.1,12.8,53.0,52.0,9332810,J2HC,KIWALA,Tanker,0,42.0,244.0,GPS,7.7,UST LUGA,04/02/2025 18:00:00,AIS,POINT (8.614533 57.4423),621819094_0,0 days 00:01:00,1.235741272991472e-05,53.326254091042415,0.0,0,7.260539505854163,57.4423,8.614533
2025-01-31 06:07:00,2025-01-31 06:07:00,Class A,621819094_0,57.44445,8.619783,Under way using engine,0.0,12.8,53.0,54.0,9332810,J2HC,KIWALA,Tanker,0,42.0,244.0,GPS,7.7,UST LUGA,04/02/2025 18:00:00,AIS,POINT (8.619783 57.44445),621819094_0,0 days 00:01:00,1.6904770554340118e-07,52.726335780494196,0.0,0,7.255928317725377,57.44445,8.619783
2025-01-31 06:08:00,2025-01-31 06:08:00,Class A,621819094_0,57.446517,8.625133,Under way using engine,2.2,12.8,54.0,56.0,9332810,J2HC,KIWALA,Tanker,0,42.0,244.0,GPS,7.7,UST LUGA,04/02/2025 18:00:00,AIS,POINT (8.625133 57.446517),621819094_0,0 days 00:01:00,-1.864163871086264e-07,54.31953774149173,0.0,0,7.251202125320325,57.446517,8.625133
2025-01-31 06:09:00,2025-01-31 06:09:00,Class A,621819094_0,57.44855,8.6307,Under way using engine,2.2,12.8,56.0,57.0,9332810,J2HC,KIWALA,Tanker,0,42.0,244.0,GPS,7.7,UST LUGA,04/02/2025 18:00:00,AIS,POINT (8.6307 57.44855),621819094_0,0 days 00:01:00,2.3641547326924984e-06,55.83302788661848,0.0,0,7.246258425156254,57.44855,8.6307
2025-01-31 06:10:00,2025-01-31 06:10:00,Class A,621819094_0,57.450417,8.636217,Under way using engine,0.0,12.9,58.0,57.0,9332810,J2HC,KIWALA,Tanker,0,42.0,244.0,GPS,7.7,UST LUGA,04/02/2025 18:00:00,AIS,POINT (8.636217 57.450417),621819094_0,0 days 00:01:00,-3.5086243494893664e-06,57.82934555996468,0.0,0,7.2413262222458945,57.450417,8.636217
2025-01-31 06:15:00,2025-01-31 06:15:00,Class A,621819094_0,57.459917,8.664117,Under way using engine,0.0,12.8,56.0,57.0,9332810,J2HC,KIWALA,Tanker,0,42.0,244.0,GPS,7.7,UST LUGA,04/02/2025 18:00:00,AIS,POINT (8.664117 57.459917),621819094_0,0 days 00:05:00,2.841743508054991e-07,57.656445570632684,0.0,0,7.216417669604913,57.459917,8.664117
2025-01-31 06:25:00,2025-01-31 06:25:00,Class A,621819094_0,57.478467,8.720983,Under way using engine,1.1,12.7,62.0,61.0,9332810,J2HC,KIWALA,Tanker,0,42.0,244.0,GPS,7.7,UST LUGA,04/02/2025 18:00:00,AIS,POINT (8.720983 57.478467),621819094_0,0 days 00:10:00,7.486802408012266e-08,58.734681060945434,0.0,0,7.165561825233943,57.478467,8.720983
2025-01-31 06:26:00,2025-01-31 06:26:00,Class A,621819094_0,57.480083,8.72665,Under way using engine,1.1,12.6,61.0,61.0,9332810,J2HC,KIWALA,Tanker,0,42.0,244.0,GPS,7.7,UST LUGA,04/02/2025 18:00:00,AIS,POINT (8.72665 57.480083),621819094_0,0 days 00:01:00,-3.954192532647906e-06,62.05495119395482,0.0,0,7.160445682982659,57.480083,8.72665
2025-01-31 06:27:00,2025-01-31 06:27:00,Class A,621819094_0,57.481817,8.732383,Under way using engine,0.0,12.5,60.0,60.0,9332810,J2HC,KIWALA,Tanker,0,42.0,244.0,GPS,7.7,UST LUGA,04/02/2025 18:00:00,AIS,POINT (8.732383 57.481817),621819094_0,0 days 00:01:00,2.7096885463180967e-06,60.63410570559847,0.0,0,7.155294949563574,57.481817,8.732383
2025-01-31 06:28:00,2025-01-31 06:28:00,Class A,621819094_0,57.483533,8.738083,Under way using engine,1.1,12.5,60.0,61.0,9332810,J2HC,KIWALA,Tanker,0,42.0,244.0,GPS,7.7,UST LUGA,04/02/2025 18:00:00,AIS,POINT (8.738083 57.483533),621819094_0,0 days 00:01:00,-7.557808620659342e-07,60.74698123591179,0.0,0,7.150173234297614,57.483533,8.738083
2025-01-31 06:29:00,2025-01-31 06:29:00,Class A,621819094_0,57.485167,8.743633,Under way using engine,0.0,12.5,60.0,60.0,9332810,J2HC,KIWALA,Tanker,0,42.0,244.0,GPS,7.7,UST LUGA,04/02/2025 18:00:00,AIS,POINT (8.743633 57.485167),621819094_0,0 days 00:01:00,-3.4183275124571837e-06,61.28738033768394,0.0,0,7.145178675949956,57.485167,8.743633
2025-01-31 06:30:00,2025-01-31 06:30:00,Class A,621819094_0,57.486933,8.749317,Under way using engine,0.0,12.5,59.0,61.0,9332810,J2HC,KIWALA,Tanker,0,42.0,244.0,GPS,7.7,UST LUGA,04/02/2025 18:00:00,AIS,POINT (8.749317 57.486933),621819094_0,0 days 00:01:00,3.942777683348398e-06,59.96818591131978,0.0,0,7.140087067242388,57.486933,8.749317
2025-01-31 06:31:00,2025-01-31 06:31:00,Class A,621819094_0,57.4886,8.754867,Under way using engine,1.1,12.5,60.0,62.0,9332810,J2HC,KIWALA,Tanker,0,42.0,244.0,GPS,7.7,UST LUGA,04/02/2025 18:00:00,AIS,POINT (8.754867 57.4886),621819094_0,0 days 00:01:00,-3.4568378430177977e-06,60.79984304619097,0.0,0,7.135102930848649,57.4886,8.754867
2025-01-31 06:32:00,2025-01-31 06:32:00,Class A,621819094_0,57.490333,8.7606,Under way using engine,1.1,12.5,61.0,62.0,9332810,J2HC,KIWALA,Tanker,0,42.0,244.0,GPS,7.7,UST LUGA,04/02/2025 18:00:00,AIS,POINT (8.7606 57.490333),621819094_0,0 days 00:01:00,3.6536755149552183e-06,60.642519904489404,0.0,0,7.1299584076798785,57.490333,8.7606
2025-01-31 06:33:00,2025-01-31 06:33:00,Class A,621819094_0,57.491983,8.766367,Under way using engine,1.1,12.6,61.0,63.0,9332810,J2HC,KIWALA,Tanker,0,42.0,244.0,GPS,7.7,UST LUGA,04/02/2025 18:00:00,AIS,POINT (8.766367 57.491983),621819094_0,0 days 00:01:00,-7.377676146174024e-07,61.96814100655553,0.0,0,7.124762113769272,57.491983,8.766367
2025-01-31 06:35:00,2025-01-31 06:35:00,Class A,621819094_0,57.495233,8.777917,Under way using engine,0.0,12.7,62.0,64.0,9332810,J2HC,KIWALA,Tanker,0,42.0,244.0,GPS,7.7,UST LUGA,04/02/2025 18:00:00,AIS,POINT (8.777917 57.495233),621819094_0,0 days 00:02:00,-1.2417126525822616e-07,62.35807818511148,0.0,0,7.114345641252045,57.495233,8.777917
2025-01-31 06:36:00,2025-01-31 06:36:00,Class A,621819094_0,57.496783,8.7838,Under way using engine,0.0,12.6,63.0,65.0,9332810,J2HC,KIWALA,Tanker,0,42.0,244.0,GPS,7.7,UST LUGA,04/02/2025 18:00:00,AIS,POINT (8.7838 57.496783),621819094_0,0 days 00:01:00,5.522588648894522e-07,63.878444288139804,0.0,0,7.109016267842198,57.496783,8.7838
2025-01-31 06:37:00,2025-01-31 06:37:00,Class A,621819094_0,57.4983,8.789733,Under way using engine,2.2,12.7,64.0,66.0,9332810,J2HC,KIWALA,Tanker,0,42.0,244.0,GPS,7.7,UST LUGA,04/02/2025 18:00:00,AIS,POINT (8.789733 57.4983),621819094_0,0 days 00:01:00,3.030944165840638e-07,64.55029340292458,0.0,0,7.103631569561375,57.4983,8.789733
2025-01-31 06:38:00,2025-01-31 06:38:00,Class A,621819094_0,57.499767,8.795683,Under way using engine,0.0,12.7,65.0,65.0,9332810,J2HC,KIWALA,Tanker,0,42.0,244.0,GPS,7.7,UST LUGA,04/02/2025 18:00:00,AIS,POINT (8.795683 57.499767),621819094_0,0 days 00:01:00,-4.0089882085249266e-07,65.34874767526355,0.0,0,7.098219374128274,57.499767,8.795683
2025-01-31 06:39:00,2025-01-31 06:39:00,Class A,621819094_0,57.501233,8.80165,Under way using engine,0.0,12.7,65.0,66.0,9332810,J2HC,KIWALA,Tanker,0,42.0,244.0,GPS,7.7,UST LUGA,04/02/2025 18:00:00,AIS,POINT (8.80165 57.501233),621819094_0,0 days 00:01:00,2.4101198788715856e-07,65.42455422156138,0.0,0,7.0927916154180775,57.501233,8.80165
2025-01-31 06:45:02,2025-01-31 06:45:02,Class A,621819094_0,57.509717,8.83765,Under way using engine,-1.1,12.7,66.0,67.0,9332810,J2HC,KIWALA,Tanker,0,42.0,244.0,GPS,7.7,UST LUGA,04/02/2025 18:00:00,AIS,POINT (8.83765 57.509717),621819094_0,0 days 00:06:02,-1.2759342188110952e-07,66.29876938739301,0.0,0,7.059980815351342,57.509717,8.83765
2025-01-31 06:51:02,2025-01-31 06:51:02,Class A,621819094_0,57.5181,8.87355,Under way using engine,-5.4,12.5,64.0,62.0,9332810,J2HC,KIWALA,Tanker,0,42.0,244.0,GPS,7.7,UST LUGA,04/02/2025 18:00:00,AIS,POINT (8.87355 57.5181),621819094_0,0 days 00:06:00,1.9840993991513944e-08,66.4871690132507,0.0,0,7.027283152210958,57.5181,8.87355
2025-01-31 07:09:01,2025-01-31 07:09:01,Class A,621819094_0,57.554067,8.968417,Under way using engine,0.0,12.6,53.0,53.0,9332810,J2HC,KIWALA,Tanker,0,42.0,244.0,GPS,7.7,UST LUGA,04/02/2025 18:00:00,AIS,POINT (8.968417 57.554067),621819094_0,0 days 00:17:59,-6.661192220465681e-08,54.725620030874325,0.0,0,6.944622849700767,57.554067,8.968417
2025-01-31 07:17:00,2025-01-31 07:17:00,Class A,621819094_0,57.570683,9.010417,Under way using engine,0.0,12.6,53.0,53.0,9332810,J2HC,KIWALA,Tanker,0,42.0,244.0,GPS,7.7,UST LUGA,04/02/2025 18:00:00,AIS,POINT (9.010417 57.570683),621819094_0,0 days 00:07:59,1.5361566147016534e-07,53.570876835957506,0.0,0,6.908367884283668,57.570683,9.010417
2025-01-31 07:18:00,2025-01-31 07:18:00,Class A,621819094_0,57.5728,9.015767,Under way using engine,-1.1,12.6,53.0,53.0,9332810,J2HC,KIWALA,Tanker,0,42.0,244.0,GPS,7.7,UST LUGA,04/02/2025 18:00:00,AIS,POINT (9.015767 57.5728),621819094_0,0 days 00:01:00,1.8279077746630988e-06,53.57363418821586,0.0,0,6.903757354311129,57.5728,9.015767
2025-01-31 07:19:00,2025-01-31 07:19:00,Class A,621819094_0,57.574867,9.02105,Under way using engine,-1.1,12.6,54.0,53.0,9332810,J2HC,KIWALA,Tanker,0,42.0,244.0,GPS,7.7,UST LUGA,04/02/2025 18:00:00,AIS,POINT (9.02105 57.574867),621819094_0,0 days 00:01:00,-1.8164520735256187e-06,53.88087794461876,0.0,0,6.899200091730126,57.574867,9.02105
2025-01-31 07:20:00,2025-01-31 07:20:00,Class A,621819094_0,57.57695,9.026317,Under way using engine,0.0,12.6,53.0,53.0,9332810,J2HC,KIWALA,Tanker,0,42.0,244.0,GPS,7.7,UST LUGA,04/02/2025 18:00:00,AIS,POINT (9.026317 57.57695),621819094_0,0 days 00:01:00,7.385032926420648e-08,53.585732641279094,0.0,0,6.894664124778304,57.57695,9.026317
2025-01-31 07:21:00,2025-01-31 07:21:00,Class A,621819094_0,57.578667,9.030633,Under way using engine,0.0,12.7,53.0,53.0,9332810,J2HC,KIWALA,Tanker,0,42.0,244.0,GPS,7.7,UST LUGA,04/02/2025 18:00:00,AIS,POINT (9.030633 57.578667),621819094_0,0 days 00:01:00,-1.9443380043269776e-05,53.4230420837838,0.0,0,6.890951065437195,57.578667,9.030633
2025-01-31 07:22:00,2025-01-31 07:22:00,Class A,621819094_0,57.581133,9.03685,Under way using engine,0.0,12.7,53.0,53.0,9332810,J2HC,KIWALA,Tanker,0,42.0,244.0,GPS,7.7,UST LUGA,04/02/2025 18:00:00,AIS,POINT (9.03685 57.581133),621819094_0,0 days 00:01:00,3.917358100605191e-05,53.50122884682321,0.0,0,6.885602648740705,57.581133,9.03685
2025-01-31 07:23:00,2025-01-31 07:23:00,Class A,621819094_0,57.583233,9.042133,Under way using engine,2.2,12.7,53.0,53.0,9332810,J2HC,KIWALA,Tanker,0,42.0,244.0,GPS,7.7,UST LUGA,04/02/2025 18:00:00,AIS,POINT (9.042133 57.583233),621819094_0,0 days 00:01:00,-1.92160540979244e-05,53.44144327631574,0.0,0,6.881060765526344,57.583233,9.042133
2025-01-31 07:24:00,2025-01-31 07:24:00,Class A,621819094_0,57.585333,9.047433,Under way using engine,0.0,12.7,53.0,53.0,9332810,J2HC,KIWALA,Tanker,0,42.0,244.0,GPS,7.7,UST LUGA,04/02/2025 18:00:00,AIS,POINT (9.047433 57.585333),621819094_0,0 days 00:01:00,2.2312616198159076e-07,53.52788242936259,0.0,0,6.876504188035225,57.585333,9.047433
2025-01-31 07:25:00,2025-01-31 07:25:00,Class A,621819094_0,57.587417,9.052733,Under way using engine,0.0,12.7,53.0,53.0,9332810,J2HC,KIWALA,Tanker,0,42.0,244.0,GPS,7.7,UST LUGA,04/02/2025 18:00:00,AIS,POINT (9.052733 57.587417),621819094_0,0 days 00:01:00,-2.971857476092785e-07,53.73553849484222,0.0,0,6.8719450785967435,57.587417,9.052733
2025-01-31 07:26:00,2025-01-31 07:26:00,Class A,621819094_0,57.5895,9.058033,Under way using engine,0.0,12.7,53.0,53.0,9332810,J2HC,KIWALA,Tanker,0,42.0,244.0,GPS,7.7,UST LUGA,04/02/2025 18:00:00,AIS,POINT (9.058033 57.5895),621819094_0,0 days 00:01:00,-2.2321625577645735e-08,53.74708796299285,0.0,0,6.867387399751743,57.5895,9.058033
2025-01-31 07:27:00,2025-01-31 07:27:00,Class A,621819094_0,57.591633,9.0634,Under way using engine,1.1,12.7,52.0,54.0,9332810,J2HC,KIWALA,Tanker,0,42.0,244.0,GPS,7.7,UST LUGA,04/02/2025 18:00:00,AIS,POINT (9.0634 57.591633),621819094_0,0 days 00:01:00,1.8092227417239055e-06,53.44010382116579,0.0,0,6.862780130606328,57.591633,9.0634
2025-01-31 07:28:00,2025-01-31 07:28:00,Class A,621819094_0,57.5939,9.069033,Under way using engine,1.1,12.7,53.0,55.0,9332810,J2HC,KIWALA,Tanker,0,42.0,244.0,GPS,7.7,UST LUGA,04/02/2025 18:00:00,AIS,POINT (9.069033 57.5939),621819094_0,0 days 00:01:00,6.015736404022222e-06,53.09354215198243,0.0,0,6.8579539545457,57.5939,9.069033
2025-01-31 07:29:00,2025-01-31 07:29:00,Class A,621819094_0,57.5957,9.07375,Under way using engine,-2.2,12.7,54.0,55.0,9332810,J2HC,KIWALA,Tanker,0,42.0,244.0,GPS,7.7,UST LUGA,04/02/2025 18:00:00,AIS,POINT (9.07375 57.5957),621819094_0,0 days 00:01:00,-2.081340757107104e-05,54.5446427689439,0.0,0,6.853887849954067,57.5957,9.07375
2025-01-31 07:30:00,2025-01-31 07:30:00,Class A,621819094_0,57.5977,9.0791,Under way using engine,-3.6,12.4,55.0,56.0,9332810,J2HC,KIWALA,Tanker,0,42.0,244.0,GPS,7.7,UST LUGA,04/02/2025 18:00:00,AIS,POINT (9.0791 57.5977),621819094_0,0 days 00:01:00,1.2156253795828654e-05,55.09774857261095,0.0,0,6.849266565162141,57.5977,9.0791
2025-01-31 07:31:00,2025-01-31 07:31:00,Class A,621819094_0,57.599533,9.084017,Under way using engine,2.2,12.1,55.0,57.0,9332810,J2HC,KIWALA,Tanker,0,42.0,244.0,GPS,7.7,UST LUGA,04/02/2025 18:00:00,AIS,POINT (9.084017 57.599533),621819094_0,0 days 00:01:00,-8.857888336149336e-06,55.171631733622974,0.0,0,6.84501937949061,57.599533,9.084017
2025-01-31 07:32:00,2025-01-31 07:32:00,Class A,621819094_0,57.601417,9.089317,Under way using engine,-1.1,11.8,56.0,57.0,9332810,J2HC,KIWALA,Tanker,0,42.0,244.0,GPS,7.7,UST LUGA,04/02/2025 18:00:00,AIS,POINT (9.089317 57.601417),621819094_0,0 days 00:01:00,6.147106498292862e-06,56.43681022665493,0.0,0,6.8404183011557125,57.601417,9.089317
2025-01-31 07:33:00,2025-01-31 07:33:00,Class A,621819094_0,57.603317,9.0947,Under way using engine,-2.2,11.5,56.0,56.0,9332810,J2HC,KIWALA,Tanker,0,42.0,244.0,GPS,7.7,UST LUGA,04/02/2025 18:00:00,AIS,POINT (9.0947 57.603317),621819094_0,0 days 00:01:00,1.4193397804603078e-06,56.62207945770837,0.0,0,6.8357431069949515,57.603317,9.0947
2025-01-31 07:39:00,2025-01-31 07:39:00,Class A,621819094_0,57.612833,9.121583,Under way using engine,1.1,9.4,56.0,56.0,9332810,J2HC,KIWALA,Tanker,0,42.0,244.0,GPS,7.7,UST LUGA,04/02/2025 18:00:00,AIS,POINT (9.121583 57.612833),621819094_0,0 days 00:06:00,-2.9783460660672535e-06,56.53321485336835,0.0,0,6.812425899491752,57.612833,9.121583
2025-01-31 07:40:00,2025-01-31 07:40:00,Class A,621819094_0,57.614233,9.125533,Under way using engine,-2.2,9.1,57.0,56.0,9332810,J2HC,KIWALA,Tanker,0,42.0,244.0,GPS,7.7,UST LUGA,04/02/2025 18:00:00,AIS,POINT (9.125533 57.614233),621819094_0,0 days 00:01:00,-1.0529794813674302e-05,56.50529737943975,0.0,0,6.809003652434472,57.614233,9.125533
2025-01-31 07:41:00,2025-01-31 07:41:00,Class A,621819094_0,57.615583,9.129383,Under way using engine,1.1,8.8,56.0,56.0,9332810,J2HC,KIWALA,Tanker,0,42.0,244.0,GPS,7.7,UST LUGA,04/02/2025 18:00:00,AIS,POINT (9.129383 57.615583),621819094_0,0 days 00:01:00,-2.238907441733887e-06,56.78654977601235,0.0,0,6.805664916454967,57.615583,9.129383
2025-01-31 07:42:00,2025-01-31 07:42:00,Class A,621819094_0,57.6169,9.1331,Under way using engine,0.0,8.4,56.0,57.0,9332810,J2HC,KIWALA,Tanker,0,42.0,244.0,GPS,7.7,UST LUGA,04/02/2025 18:00:00,AIS,POINT (9.1331 57.6169),621819094_0,0 days 00:01:00,-2.4078892537188694e-06,56.51179208548194,0.0,0,6.802445995070302,57.6169,9.1331
2025-01-31 07:43:00,2025-01-31 07:43:00,Class A,621819094_0,57.61815,9.136683,Under way using engine,0.0,8.0,56.0,56.0,9332810,J2HC,KIWALA,Tanker,0,42.0,244.0,GPS,7.7,UST LUGA,04/02/2025 18:00:00,AIS,POINT (9.136683 57.61815),621819094_0,0 days 00:01:00,-2.998444150239379e-06,56.918241246575064,0.0,0,6.7993385234277754,57.61815,9.136683
2025-01-31 07:44:00,2025-01-31 07:44:00,Class A,621819094_0,57.61935,9.140017,Under way using engine,0.0,7.7,55.0,56.0,9332810,J2HC,KIWALA,Tanker,0,42.0,244.0,GPS,7.7,UST LUGA,04/02/2025 18:00:00,AIS,POINT (9.140017 57.61935),621819094_0,0 days 00:01:00,-4.30332414903843e-06,56.09468315397197,0.0,0,6.796457683713258,57.61935,9.140017
2025-01-31 07:45:00,2025-01-31 07:45:00,Class A,621819094_0,57.620283,9.14265,Under way using engine,0.0,7.5,55.0,56.0,9332810,J2HC,KIWALA,Tanker,0,42.0,244.0,GPS,7.7,UST LUGA,04/02/2025 18:00:00,AIS,POINT (9.14265 57.620283),621819094_0,0 days 00:01:00,-1.426490501483122e-05,56.50737467909926,0.0,0,6.794178997593822,57.620283,9.14265
2025-01-31 07:46:00,2025-01-31 07:46:00,Class A,621819094_0,57.621633,9.1466,Under way using engine,0.0,7.1,56.0,56.0,9332810,J2HC,KIWALA,Tanker,0,42.0,244.0,GPS,7.7,UST LUGA,04/02/2025 18:00:00,AIS,POINT (9.1466 57.621633),621819094_0,0 days 00:01:00,2.5360489561144354e-05,57.451962018631036,0.0,0,6.790747684448673,57.621633,9.1466
2025-01-31 07:47:00,2025-01-31 07:47:00,Class A,621819094_0,57.622767,9.149617,Under way using engine,0.0,6.7,56.0,57.0,9332810,J2HC,KIWALA,Tanker,0,42.0,244.0,GPS,7.7,UST LUGA,04/02/2025 18:00:00,AIS,POINT (9.149617 57.622767),621819094_0,0 days 00:01:00,-1.6594492446775897e-05,54.93350183756445,0.0,0,6.78815554971938,57.622767,9.149617
2025-01-31 07:48:00,2025-01-31 07:48:00,Class A,621819094_0,57.62365,9.1522,Under way using engine,0.0,6.4,57.0,57.0,9332810,J2HC,KIWALA,Tanker,0,42.0,244.0,GPS,7.7,UST LUGA,04/02/2025 18:00:00,AIS,POINT (9.1522 57.62365),621819094_0,0 days 00:01:00,-1.0307516339841409e-05,57.4449687597176,0.0,0,6.785912676106876,57.62365,9.1522
2025-01-31 07:49:00,2025-01-31 07:49:00,Class A,621819094_0,57.6247,9.155217,Under way using engine,0.0,6.1,57.0,57.0,9332810,J2HC,KIWALA,Tanker,0,42.0,244.0,GPS,7.7,UST LUGA,04/02/2025 18:00:00,AIS,POINT (9.155217 57.6247),621819094_0,0 days 00:01:00,8.852180351547316e-06,56.97696322491748,0.0,0,6.783298508705406,57.6247,9.155217
2025-01-31 07:50:00,2025-01-31 07:50:00,Class A,621819094_0,57.625483,9.157467,Under way using engine,-2.9,5.8,57.0,56.0,9332810,J2HC,KIWALA,Tanker,0,42.0,244.0,GPS,7.7,UST LUGA,04/02/2025 18:00:00,AIS,POINT (9.157467 57.625483),621819094_0,0 days 00:01:00,-1.5176051138551408e-05,56.97872105675708,0.0,0,6.781349237180017,57.625483,9.157467
2025-01-31 07:51:00,2025-01-31 07:51:00,Class A,621819094_0,57.6263,9.15995,Under way using engine,0.0,5.4,57.0,56.0,9332810,J2HC,KIWALA,Tanker,0,42.0,244.0,GPS,7.7,UST LUGA,04/02/2025 18:00:00,AIS,POINT (9.15995 57.6263),621819094_0,0 days 00:01:00,3.8314400111372725e-06,58.42773075104833,0.0,0,6.779185510822668,57.6263,9.15995
2025-01-31 07:57:02,2025-01-31 07:57:02,Class A,621819094_0,57.631317,9.1748,Under way using engine,0.0,6.3,58.0,57.0,9332810,J2HC,KIWALA,Tanker,0,42.0,244.0,GPS,7.7,UST LUGA,04/02/2025 18:00:00,AIS,POINT (9.1748 57.631317),621819094_0,0 days 00:06:02,-1.1723311218963248e-08,57.74131877916113,0.0,0,6.76628766571663,57.631317,9.1748
2025-01-31 08:03:01,2025-01-31 08:03:01,Class A,621819094_0,57.638083,9.1947,Under way using engine,0.0,9.1,57.0,56.0,9332810,J2HC,KIWALA,Tanker,0,42.0,244.0,GPS,7.7,UST LUGA,04/02/2025 18:00:00,AIS,POINT (9.1947 57.638083),621819094_0,0 days 00:05:59,2.8524861767579514e-06,57.57034706253154,0.0,0,6.749034009000474,57.638083,9.1947
2025-01-31 08:05:01,2025-01-31 08:05:01,Class A,621819094_0,57.640933,9.202983,Under way using engine,-2.2,9.9,57.0,56.0,9332810,J2HC,KIWALA,Tanker,0,42.0,244.0,GPS,7.7,UST LUGA,04/02/2025 18:00:00,AIS,POINT (9.202983 57.640933),621819094_0,0 days 00:02:00,8.148146112868912e-06,57.26184320305924,0.0,0,6.741868191700723,57.640933,9.202983
2025-01-31 08:09:00,2025-01-31 08:09:00,Class A,621819094_0,57.64755,9.2211,Under way using engine,0.0,11.0,54.0,55.0,9332810,J2HC,KIWALA,Tanker,0,42.0,244.0,GPS,7.7,UST LUGA,04/02/2025 18:00:00,AIS,POINT (9.2211 57.64755),621819094_0,0 days 00:03:59,2.4227904850615382e-06,55.68024674784641,0.0,0,6.726315103364398,57.64755,9.2211
2025-01-31 08:10:00,2025-01-31 08:10:00,Class A,621819094_0,57.64935,9.225817,Under way using engine,0.0,11.3,54.0,55.0,9332810,J2HC,KIWALA,Tanker,0,42.0,244.0,GPS,7.7,UST LUGA,04/02/2025 18:00:00,AIS,POINT (9.225817 57.64935),621819094_0,0 days 00:01:00,4.744996631287482e-06,54.50465450621482,0.0,0,6.722290444997523,57.64935,9.225817
2025-01-31 08:11:00,2025-01-31 08:11:00,Class A,621819094_0,57.651183,9.230833,Under way using engine,0.0,11.7,55.0,55.0,9332810,J2HC,KIWALA,Tanker,0,42.0,244.0,GPS,7.7,UST LUGA,04/02/2025 18:00:00,AIS,POINT (9.230833 57.651183),621819094_0,0 days 00:01:00,4.649755405753533e-06,55.667215614962345,0.0,0,6.717989436525336,57.651183,9.230833
2025-01-31 08:12:00,2025-01-31 08:12:00,Class A,621819094_0,57.653067,9.235933,Under way using engine,0.0,12.1,55.0,55.0,9332810,J2HC,KIWALA,Tanker,0,42.0,244.0,GPS,7.7,UST LUGA,04/02/2025 18:00:00,AIS,POINT (9.235933 57.653067),621819094_0,0 days 00:01:00,2.037597862965445e-06,55.37610909987001,0.0,0,6.713623637891091,57.653067,9.235933
2025-01-31 08:13:00,2025-01-31 08:13:00,Class A,621819094_0,57.654983,9.2412,Under way using engine,0.0,12.4,55.0,55.0,9332810,J2HC,KIWALA,Tanker,0,42.0,244.0,GPS,7.7,UST LUGA,04/02/2025 18:00:00,AIS,POINT (9.2412 57.654983),621819094_0,0 days 00:01:00,2.8412925024471456e-06,55.7854597014944,0.0,0,6.709108165057783,57.654983,9.2412
2025-01-31 08:14:00,2025-01-31 08:14:00,Class A,621819094_0,57.656917,9.246583,Under way using engine,0.0,12.6,56.0,55.0,9332810,J2HC,KIWALA,Tanker,0,42.0,244.0,GPS,7.7,UST LUGA,04/02/2025 18:00:00,AIS,POINT (9.246583 57.656917),621819094_0,0 days 00:01:00,1.9023752341252331e-06,56.11449516982236,0.0,0,6.704488119181807,57.656917,9.246583
2025-01-31 08:15:00,2025-01-31 08:15:00,Class A,621819094_0,57.658833,9.252083,Under way using engine,0.0,12.7,56.0,55.0,9332810,J2HC,KIWALA,Tanker,0,42.0,244.0,GPS,7.7,UST LUGA,04/02/2025 18:00:00,AIS,POINT (9.252083 57.658833),621819094_0,0 days 00:01:00,1.3085483097436251e-06,56.92634478008512,0.0,0,6.699752450879509,57.658833,9.252083
2025-01-31 08:21:00,2025-01-31 08:21:00,Class A,621819094_0,57.6703,9.286217,Under way using engine,1.1,13.1,59.0,58.0,9332810,J2HC,KIWALA,Tanker,0,42.0,244.0,GPS,7.7,UST LUGA,04/02/2025 18:00:00,AIS,POINT (9.286217 57.6703),621819094_0,0 days 00:06:00,4.244539335181225e-07,57.85374693853811,0.0,0,6.670279516017674,57.6703,9.286217
2025-01-31 08:23:09,2025-01-31 08:23:09,Class A,621819094_0,57.6743,9.29895,Under way using engine,0.0,13.1,59.0,58.0,9332810,J2HC,KIWALA,Tanker,0,42.0,244.0,GPS,7.7,UST LUGA,04/02/2025 18:00:00,AIS,POINT (9.29895 57.6743),621819094_0,0 days 00:02:09,1.1520023110080595e-06,59.56259097003948,0.0,0,6.659222168853357,57.6743,9.29895
2025-01-31 08:27:00,2025-01-31 08:27:00,Class A,621819094_0,57.6816,9.321583,Under way using engine,0.0,13.2,59.0,58.0,9332810,J2HC,KIWALA,Tanker,0,42.0,244.0,GPS,7.7,UST LUGA,04/02/2025 18:00:00,AIS,POINT (9.321583 57.6816),621819094_0,0 days 00:03:51,-1.8561459744102546e-08,58.89045807130094,0.0,0,6.639643219245219,57.6816,9.321583
2025-01-31 08:33:01,2025-01-31 08:33:01,Class A,621819094_0,57.6928,9.356917,Under way using engine,0.0,13.2,59.0,58.0,9332810,J2HC,KIWALA,Tanker,0,42.0,244.0,GPS,7.7,UST LUGA,04/02/2025 18:00:00,AIS,POINT (9.356917 57.6928),621819094_0,0 days 00:06:01,-1.0896697878660855e-07,59.31774438666463,0.0,0,6.609074938174404,57.6928,9.356917
2025-01-31 08:37:00,2025-01-31 08:37:00,Class A,621819094_0,57.7002,9.380367,Under way using engine,-1.1,13.0,59.0,58.0,9332810,J2HC,KIWALA,Tanker,0,42.0,244.0,GPS,7.7,UST LUGA,04/02/2025 18:00:00,AIS,POINT (9.380367 57.7002),621819094_0,0 days 00:03:59,3.1146072505497215e-08,59.42828060080973,0.0,0,6.5888149074325195,57.7002,9.380367
2025-01-31 08:38:00,2025-01-31 08:38:00,Class A,621819094_0,57.702083,9.38635,Under way using engine,0.0,12.9,59.0,58.0,9332810,J2HC,KIWALA,Tanker,0,42.0,244.0,GPS,7.7,UST LUGA,04/02/2025 18:00:00,AIS,POINT (9.38635 57.702083),621819094_0,0 days 00:01:00,1.7554968548221725e-06,59.499271686427164,0.0,0,6.583649036950937,57.702083,9.38635
2025-01-31 08:39:00,2025-01-31 08:39:00,Class A,621819094_0,57.703817,9.391833,Under way using engine,0.0,12.7,59.0,58.0,9332810,J2HC,KIWALA,Tanker,0,42.0,244.0,GPS,7.7,UST LUGA,04/02/2025 18:00:00,AIS,POINT (9.391833 57.703817),621819094_0,0 days 00:01:00,-9.478722052175722e-06,59.37696199723672,0.0,0,6.5789190308324965,57.703817,9.391833
2025-01-31 08:40:00,2025-01-31 08:40:00,Class A,621819094_0,57.70575,9.3978,Under way using engine,-1.1,12.7,58.0,58.0,9332810,J2HC,KIWALA,Tanker,0,42.0,244.0,GPS,7.7,UST LUGA,04/02/2025 18:00:00,AIS,POINT (9.3978 57.70575),621819094_0,0 days 00:01:00,1.003504975332525e-05,58.76799871201683,0.0,0,6.5737868941537805,57.70575,9.3978
2025-01-31 08:41:00,2025-01-31 08:41:00,Class A,621819094_0,57.70765,9.4037,Under way using engine,0.0,12.7,59.0,58.0,9332810,J2HC,KIWALA,Tanker,0,42.0,244.0,GPS,7.7,UST LUGA,04/02/2025 18:00:00,AIS,POINT (9.4037 57.70765),621819094_0,0 days 00:01:00,-1.4818688186926924e-06,58.91704379050395,0.0,0,6.568710991339777,57.70765,9.4037
2025-01-31 08:42:00,2025-01-31 08:42:00,Class A,621819094_0,57.709233,9.4088,Under way using engine,0.0,12.6,59.0,58.0,9332810,J2HC,KIWALA,Tanker,0,42.0,244.0,GPS,7.7,UST LUGA,04/02/2025 18:00:00,AIS,POINT (9.4088 57.709233),621819094_0,0 days 00:01:00,-1.6398322125077285e-05,59.84079160595468,0.0,0,6.564307326888725,57.709233,9.4088
2025-01-31 08:45:00,2025-01-31 08:45:00,Class A,621819094_0,57.714567,9.42565,Under way using engine,2.9,12.5,58.0,58.0,9332810,J2HC,KIWALA,Tanker,0,42.0,244.0,GPS,7.7,UST LUGA,04/02/2025 18:00:00,AIS,POINT (9.42565 57.714567),621819094_0,0 days 00:03:00,3.474596368909712e-06,59.34152255983042,0.0,0,6.549798770277528,57.714567,9.42565
2025-01-31 08:49:00,2025-01-31 08:49:00,Class A,621819094_0,57.7217,9.448017,Under way using engine,0.0,12.4,58.0,58.0,9332810,J2HC,KIWALA,Tanker,0,42.0,244.0,GPS,7.7,UST LUGA,04/02/2025 18:00:00,AIS,POINT (9.448017 57.7217),621819094_0,0 days 00:04:00,-7.13705429101766e-08,59.148702445241724,0.0,0,6.530579676920341,57.7217,9.448017
2025-01-31 08:50:00,2025-01-31 08:50:00,Class A,621819094_0,57.7234,9.453367,Under way using engine,0.0,12.4,58.0,58.0,9332810,J2HC,KIWALA,Tanker,0,42.0,244.0,GPS,7.7,UST LUGA,04/02/2025 18:00:00,AIS,POINT (9.453367 57.7234),621819094_0,0 days 00:01:00,-4.765504269066802e-06,59.24387847487918,0.0,0,6.525984912762593,57.7234,9.453367
2025-01-31 08:51:00,2025-01-31 08:51:00,Class A,621819094_0,57.725217,9.459083,Under way using engine,0.0,12.4,59.0,59.0,9332810,J2HC,KIWALA,Tanker,0,42.0,244.0,GPS,7.7,UST LUGA,04/02/2025 18:00:00,AIS,POINT (9.459083 57.725217),621819094_0,0 days 00:01:00,7.053252176044781e-06,59.23278439195002,0.0,0,6.5210777880845745,57.725217,9.459083
2025-01-31 08:52:00,2025-01-31 08:52:00,Class A,621819094_0,57.726917,9.46455,Under way using engine,-1.1,12.5,60.0,58.0,9332810,J2HC,KIWALA,Tanker,0,42.0,244.0,GPS,7.7,UST LUGA,04/02/2025 18:00:00,AIS,POINT (9.46455 57.726917),621819094_0,0 days 00:01:00,-5.3910086076178344e-06,59.78326334761425,0.0,0,6.516374747720469,57.726917,9.46455
2025-01-31 08:53:00,2025-01-31 08:53:00,Class A,621819094_0,57.728633,9.470067,Under way using engine,0.0,12.4,59.0,58.0,9332810,J2HC,KIWALA,Tanker,0,42.0,244.0,GPS,7.7,UST LUGA,04/02/2025 18:00:00,AIS,POINT (9.470067 57.728633),621819094_0,0 days 00:01:00,9.605045269468065e-07,59.77549908086513,0.0,0,6.511630490146228,57.728633,9.470067
2025-01-31 08:54:00,2025-01-31 08:54:00,Class A,621819094_0,57.730417,9.475733,Under way using engine,0.0,12.4,59.0,58.0,9332810,J2HC,KIWALA,Tanker,0,42.0,244.0,GPS,7.7,UST LUGA,04/02/2025 18:00:00,AIS,POINT (9.475733 57.730417),621819094_0,0 days 00:01:00,3.1868892690618477e-06,59.46896437442854,0.0,0,6.506766378413322,57.730417,9.475733
2025-01-31 08:55:00,2025-01-31 08:55:00,Class A,621819094_0,57.732267,9.481583,Under way using engine,0.0,12.4,58.0,58.0,9332810,J2HC,KIWALA,Tanker,0,42.0,244.0,GPS,7.7,UST LUGA,04/02/2025 18:00:00,AIS,POINT (9.481583 57.732267),621819094_0,0 days 00:01:00,3.6560222491881696e-06,59.357970182728195,0.0,0,6.501748622582235,57.732267,9.481583
2025-01-31 08:56:00,2025-01-31 08:56:00,Class A,621819094_0,57.734117,9.487233,Under way using engine,0.0,12.3,58.0,59.0,9332810,J2HC,KIWALA,Tanker,0,42.0,244.0,GPS,7.7,UST LUGA,04/02/2025 18:00:00,AIS,POINT (9.487233 57.734117),621819094_0,0 days 00:01:00,-2.840196246745406e-06,58.47559737098305,0.0,0,6.4969233915177105,57.734117,9.487233
2025-01-31 09:03:00,2025-01-31 09:03:00,Class A,621819094_0,57.74465,9.526783,Under way using engine,0.0,12.4,66.0,66.0,9332810,J2HC,KIWALA,Tanker,0,42.0,244.0,GPS,7.7,UST LUGA,04/02/2025 18:00:00,AIS,POINT (9.526783 57.74465),621819094_0,0 days 00:07:00,-7.418919976646165e-07,63.466722887044114,0.0,0,6.462458728469297,57.74465,9.526783
2025-01-31 09:09:00,2025-01-31 09:09:00,Class A,621819094_0,57.7527,9.562267,Under way using engine,0.0,12.1,67.0,66.0,9332810,J2HC,KIWALA,Tanker,0,42.0,244.0,GPS,7.7,UST LUGA,04/02/2025 18:00:00,AIS,POINT (9.562267 57.7527),621819094_0,0 days 00:06:00,3.0581640413111684e-07,66.95329015993843,0.0,0,6.431169160938389,57.7527,9.562267
2025-01-31 09:15:02,2025-01-31 09:15:02,Class A,621819094_0,57.760483,9.596883,Under way using engine,0.0,12.1,67.0,66.0,9332810,J2HC,KIWALA,Tanker,0,42.0,244.0,GPS,7.7,UST LUGA,04/02/2025 18:00:00,AIS,POINT (9.596883 57.760483),621819094_0,0 days 00:06:02,-5.521094231385294e-07,67.13352088886018,0.0,0,6.400675076573251,57.760483,9.596883
2025-01-31 09:21:09,2025-01-31 09:21:09,Class A,621819094_0,57.768433,9.633083,Under way using engine,0.0,12.2,69.0,68.0,9332810,J2HC,KIWALA,Tanker,0,42.0,244.0,GPS,7.7,UST LUGA,04/02/2025 18:00:00,AIS,POINT (9.633083 57.768433),621819094_0,0 days 00:06:07,4.6703579969802973e-07,67.60662043744026,0.0,0,6.368781396489128,57.768433,9.633083
2025-01-31 09:27:02,2025-01-31 09:27:02,Class A,621819094_0,57.775367,9.66735,Under way using engine,0.0,12.1,69.0,68.0,9332810,J2HC,KIWALA,Tanker,0,42.0,244.0,GPS,7.7,UST LUGA,04/02/2025 18:00:00,AIS,POINT (9.66735 57.775367),621819094_0,0 days 00:05:53,-4.823533758125329e-07,69.20674889585769,0.0,0,6.3384550772194475,57.775367,9.66735
2025-01-31 09:33:00,2025-01-31 09:33:00,Class A,621819094_0,57.78225,9.70285,Under way using engine,0.0,12.1,70.0,70.0,9332810,J2HC,KIWALA,Tanker,0,42.0,244.0,GPS,7.7,UST LUGA,04/02/2025 18:00:00,AIS,POINT (9.70285 57.78225),621819094_0,0 days 00:05:58,2.7745681748725416e-07,70.00184565556441,0.0,0,6.306992099761025,57.78225,9.70285
2025-01-31 09:36:00,2025-01-31 09:36:00,Class A,621819094_0,57.785583,9.7208,Under way using engine,0.0,12.1,70.0,70.0,9332810,J2HC,KIWALA,Tanker,0,42.0,244.0,GPS,7.7,UST LUGA,04/02/2025 18:00:00,AIS,POINT (9.7208 57.785583),621819094_0,0 days 00:03:00,2.31241661683514e-08,70.78928344609847,0.0,0,6.291055305276293,57.785583,9.7208
2025-01-31 09:37:00,2025-01-31 09:37:00,Class A,621819094_0,57.7867,9.726867,Under way using engine,0.0,12.1,71.0,71.0,9332810,J2HC,KIWALA,Tanker,0,42.0,244.0,GPS,7.7,UST LUGA,04/02/2025 18:00:00,AIS,POINT (9.726867 57.7867),621819094_0,0 days 00:01:00,1.3613933619434792e-06,70.94399903933447,0.0,0,6.285668546416125,57.7867,9.726867
2025-01-31 09:38:00,2025-01-31 09:38:00,Class A,621819094_0,57.78775,9.73275,Under way using engine,0.0,12.1,71.0,71.0,9332810,J2HC,KIWALA,Tanker,0,42.0,244.0,GPS,7.7,UST LUGA,04/02/2025 18:00:00,AIS,POINT (9.73275 57.78775),621819094_0,0 days 00:01:00,-3.5480501839059227e-06,71.48597691469138,0.0,0,6.280435870546567,57.78775,9.73275
2025-01-31 09:39:00,2025-01-31 09:39:00,Class A,621819094_0,57.78885,9.738867,Under way using engine,0.0,12.2,71.0,71.0,9332810,J2HC,KIWALA,Tanker,0,42.0,244.0,GPS,7.7,UST LUGA,04/02/2025 18:00:00,AIS,POINT (9.738867 57.78885),621819094_0,0 days 00:01:00,4.154771169283487e-06,71.35533733090426,0.0,0,6.2749991240879845,57.78885,9.738867
2025-01-31 09:40:00,2025-01-31 09:40:00,Class A,621819094_0,57.7899,9.744867,Under way using engine,0.0,12.1,71.0,70.0,9332810,J2HC,KIWALA,Tanker,0,42.0,244.0,GPS,7.7,UST LUGA,04/02/2025 18:00:00,AIS,POINT (9.744867 57.7899),621819094_0,0 days 00:01:00,-2.3250357414749108e-06,71.82194846784512,0.0,0,6.269658424715417,57.7899,9.744867
2025-01-31 09:41:00,2025-01-31 09:41:00,Class A,621819094_0,57.79095,9.750733,Under way using engine,0.0,12.1,70.0,70.0,9332810,J2HC,KIWALA,Tanker,0,42.0,244.0,GPS,7.7,UST LUGA,04/02/2025 18:00:00,AIS,POINT (9.750733 57.79095),621819094_0,0 days 00:01:00,-2.1042332761336475e-06,71.43447451648365,0.0,0,6.2644459036669,57.79095,9.750733
2025-01-31 09:51:02,2025-01-31 09:51:02,Class A,621819094_0,57.801767,9.810517,Under way using engine,2.2,12.2,75.0,78.0,9332810,J2HC,KIWALA,Tanker,0,42.0,244.0,GPS,7.7,UST LUGA,04/02/2025 18:00:00,AIS,POINT (9.810517 57.801767),621819094_0,0 days 00:10:02,1.7055343965772133e-07,71.22188163071678,0.0,0,6.211436449114325,57.801767,9.810517
2025-01-31 09:57:00,2025-01-31 09:57:00,Class A,621819094_0,57.803433,9.848233,Under way using engine,1.1,12.1,95.0,97.0,9332810,J2HC,KIWALA,Tanker,0,42.0,244.0,GPS,7.7,UST LUGA,04/02/2025 18:00:00,AIS,POINT (9.848233 57.803433),621819094_0,0 days 00:05:58,1.3920238826593905e-07,85.2450610469711,0.0,0,6.176364524885654,57.803433,9.848233
2025-01-31 10:03:01,2025-01-31 10:03:01,Class A,621819094_0,57.800767,9.886233,Under way using engine,0.0,12.4,97.0,98.0,9332810,J2HC,KIWALA,Tanker,0,42.0,244.0,GPS,7.7,UST LUGA,04/02/2025 18:00:00,AIS,POINT (9.886233 57.800767),621819094_0,0 days 00:06:01,7.538633798575586e-08,97.484712849407,0.0,0,6.139619699073387,57.800767,9.886233
2025-01-31 10:11:00,2025-01-31 10:11:00,Class A,621819094_0,57.7968,9.937567,Under way using engine,-2.2,12.4,98.0,98.0,9332810,J2HC,KIWALA,Tanker,0,42.0,244.0,GPS,7.7,UST LUGA,04/02/2025 18:00:00,AIS,POINT (9.937567 57.7968),621819094_0,0 days 00:07:59,2.640974821029297e-07,98.2295682953702,0.0,0,6.089885746022251,57.7968,9.937567
2025-01-31 10:12:00,2025-01-31 10:12:00,Class A,621819094_0,57.796283,9.944083,Under way using engine,0.0,12.4,97.0,97.0,9332810,J2HC,KIWALA,Tanker,0,42.0,244.0,GPS,7.7,UST LUGA,04/02/2025 18:00:00,AIS,POINT (9.944083 57.796283),621819094_0,0 days 00:01:00,1.4999096001849614e-06,98.46533724819272,0.0,0,6.083570442056706,57.796283,9.944083
2025-01-31 10:13:00,2025-01-31 10:13:00,Class A,621819094_0,57.795833,9.950383,Under way using engine,0.0,12.4,97.0,96.0,9332810,J2HC,KIWALA,Tanker,0,42.0,244.0,GPS,7.7,UST LUGA,04/02/2025 18:00:00,AIS,POINT (9.950383 57.795833),621819094_0,0 days 00:01:00,-3.821520043753247e-06,97.63112575808424,0.0,0,6.077481580232556,57.795833,9.950383
2025-01-31 10:14:00,2025-01-31 10:14:00,Class A,621819094_0,57.795383,9.9568,Under way using engine,-1.1,12.4,97.0,96.0,9332810,J2HC,KIWALA,Tanker,0,42.0,244.0,GPS,7.7,UST LUGA,04/02/2025 18:00:00,AIS,POINT (9.9568 57.795383),621819094_0,0 days 00:01:00,1.9172828038447153e-06,97.49339565119772,0.0,0,6.071282909702447,57.795383,9.9568
2025-01-31 10:15:00,2025-01-31 10:15:00,Class A,621819094_0,57.794917,9.963333,Under way using engine,-2.9,12.4,97.0,95.0,9332810,J2HC,KIWALA,Tanker,0,42.0,244.0,GPS,7.7,UST LUGA,04/02/2025 18:00:00,AIS,POINT (9.963333 57.794917),621819094_0,0 days 00:01:00,1.9659995620734147e-06,97.62044494045233,0.0,0,6.064970056006046,57.794917,9.963333
2025-01-31 10:16:00,2025-01-31 10:16:00,Class A,621819094_0,57.794517,9.969667,Under way using engine,0.0,12.4,95.0,94.0,9332810,J2HC,KIWALA,Tanker,0,42.0,244.0,GPS,7.7,UST LUGA,04/02/2025 18:00:00,AIS,POINT (9.969667 57.794517),621819094_0,0 days 00:01:00,-3.5155737377374982e-06,96.75494825166334,0.0,0,6.058867317542612,57.794517,9.969667
2025-01-31 10:17:00,2025-01-31 10:17:00,Class A,621819094_0,57.794183,9.9762,Under way using engine,-1.1,12.4,94.0,91.0,9332810,J2HC,KIWALA,Tanker,0,42.0,244.0,GPS,7.7,UST LUGA,04/02/2025 18:00:00,AIS,POINT (9.9762 57.794183),621819094_0,0 days 00:01:00,3.0528196695736386e-06,95.47666404687368,0.0,0,6.052599692433407,57.794183,9.9762
2025-01-31 10:18:00,2025-01-31 10:18:00,Class A,621819094_0,57.793967,9.982533,Under way using engine,-1.1,12.4,93.0,90.0,9332810,J2HC,KIWALA,Tanker,0,42.0,244.0,GPS,7.7,UST LUGA,04/02/2025 18:00:00,AIS,POINT (9.982533 57.793967),621819094_0,0 days 00:01:00,-3.5835118100860665e-06,93.65897538132828,0.0,0,6.046560636614009,57.793967,9.982533
2025-01-31 10:19:00,2025-01-31 10:19:00,Class A,621819094_0,57.79385,9.988967,Under way using engine,-1.1,12.3,90.0,86.0,9332810,J2HC,KIWALA,Tanker,0,42.0,244.0,GPS,7.7,UST LUGA,04/02/2025 18:00:00,AIS,POINT (9.988967 57.79385),621819094_0,0 days 00:01:00,1.5174269896181825e-06,91.95143427159388,0.0,0,6.040460278083533,57.79385,9.988967
2025-01-31 10:20:00,2025-01-31 10:20:00,Class A,621819094_0,57.7939,9.995483,Under way using engine,0.0,12.3,88.0,84.0,9332810,J2HC,KIWALA,Tanker,0,42.0,244.0,GPS,7.7,UST LUGA,04/02/2025 18:00:00,AIS,POINT (9.995483 57.7939),621819094_0,0 days 00:01:00,1.304243512637605e-06,89.17238099000878,0.0,0,6.034339491333662,57.7939,9.995483
2025-01-31 10:21:00,2025-01-31 10:21:00,Class A,621819094_0,57.79405,10.00175,Under way using engine,0.0,12.3,86.0,84.0,9332810,J2HC,KIWALA,Tanker,0,42.0,244.0,GPS,7.7,UST LUGA,04/02/2025 18:00:00,AIS,POINT (10.00175 57.79405),621819094_0,0 days 00:01:00,-4.020948562809687e-06,87.42598444837466,0.0,0,6.028487661001555,57.79405,10.00175
2025-01-31 10:22:00,2025-01-31 10:22:00,Class A,621819094_0,57.794283,10.008233,Under way using engine,0.0,12.3,85.0,83.0,9332810,J2HC,KIWALA,Tanker,0,42.0,244.0,GPS,7.7,UST LUGA,04/02/2025 18:00:00,AIS,POINT (10.008233 57.794283),621819094_0,0 days 00:01:00,3.7061176563133743e-06,86.13937539239788,0.0,0,6.022461230050882,57.794283,10.008233
2025-01-31 10:27:00,2025-01-31 10:27:00,Class A,621819094_0,57.795617,10.0401,Under way using engine,0.0,12.4,85.0,85.0,9332810,J2HC,KIWALA,Tanker,0,42.0,244.0,GPS,7.7,UST LUGA,04/02/2025 18:00:00,AIS,POINT (10.0401 57.795617),621819094_0,0 days 00:05:00,-3.4642558034209355e-07,85.49534944566756,0.0,0,5.992916360957242,57.795617,10.0401
2025-01-31 10:34:00,2025-01-31 10:34:00,Class A,621819094_0,57.797183,10.085083,Under way using engine,0.0,12.3,86.0,84.0,9332810,J2HC,KIWALA,Tanker,0,42.0,244.0,GPS,7.7,UST LUGA,04/02/2025 18:00:00,AIS,POINT (10.085083 57.797183),621819094_0,0 days 00:07:00,1.099098937331545e-07,86.24348212022011,0.0,0,5.951144340483265,57.797183,10.085083
2025-01-31 10:35:00,2025-01-31 10:35:00,Class A,621819094_0,57.797417,10.09155,Under way using engine,0.0,12.2,86.0,84.0,9332810,J2HC,KIWALA,Tanker,0,42.0,244.0,GPS,7.7,UST LUGA,04/02/2025 18:00:00,AIS,POINT (10.09155 57.797417),621819094_0,0 days 00:01:00,6.918877374834676e-07,86.11298240139718,0.0,0,5.9451458826280295,57.797417,10.09155
2025-01-31 10:36:00,2025-01-31 10:36:00,Class A,621819094_0,57.79765,10.0978,Under way using engine,0.0,12.2,86.0,84.0,9332810,J2HC,KIWALA,Tanker,0,42.0,244.0,GPS,7.7,UST LUGA,04/02/2025 18:00:00,AIS,POINT (10.0978 57.79765),621819094_0,0 days 00:01:00,-3.578855208215198e-06,85.99573869879771,0.0,0,5.939351989413322,57.79765,10.0978
2025-01-31 10:37:00,2025-01-31 10:37:00,Class A,621819094_0,57.797883,10.10415,Under way using engine,0.0,12.2,86.0,84.0,9332810,J2HC,KIWALA,Tanker,0,42.0,244.0,GPS,7.7,UST LUGA,04/02/2025 18:00:00,AIS,POINT (10.10415 57.797883),621819094_0,0 days 00:01:00,1.6472173445640677e-06,86.05848868746193,0.0,0,5.9334650750253,57.797883,10.10415
2025-01-31 10:38:00,2025-01-31 10:38:00,Class A,621819094_0,57.798133,10.1106,Under way using engine,0.0,12.2,86.0,84.0,9332810,J2HC,KIWALA,Tanker,0,42.0,244.0,GPS,7.7,UST LUGA,04/02/2025 18:00:00,AIS,POINT (10.1106 57.798133),621819094_0,0 days 00:01:00,1.6840839488470663e-06,85.83731735023491,0.0,0,5.927491010777241,57.798133,10.1106
2025-01-31 10:39:00,2025-01-31 10:39:00,Class A,621819094_0,57.798367,10.11685,Under way using engine,0.0,12.2,85.0,84.0,9332810,J2HC,KIWALA,Tanker,0,42.0,244.0,GPS,7.7,UST LUGA,04/02/2025 18:00:00,AIS,POINT (10.11685 57.798367),621819094_0,0 days 00:01:00,-3.3311828252423664e-06,85.97854097158802,0.0,0,5.921700321185546,57.798367,10.11685
2025-01-31 10:52:00,2025-01-31 10:52:00,Class A,621819094_0,57.801233,10.200333,Under way using engine,-1.1,12.5,86.0,84.0,9332810,J2HC,KIWALA,Tanker,0,42.0,244.0,GPS,7.7,UST LUGA,04/02/2025 18:00:00,AIS,POINT (10.200333 57.801233),621819094_0,0 days 00:13:00,2.1525311127032306e-07,86.27853607505699,0.0,0,5.844353699842782,57.801233,10.200333
2025-01-31 10:53:00,2025-01-31 10:53:00,Class A,621819094_0,57.80145,10.20675,Under way using engine,0.0,12.5,86.0,84.0,9332810,J2HC,KIWALA,Tanker,0,42.0,244.0,GPS,7.7,UST LUGA,04/02/2025 18:00:00,AIS,POINT (10.20675 57.80145),621819094_0,0 days 00:01:00,-8.993961893643982e-08,86.36601894380613,0.0,0,5.838414283112154,57.80145,10.20675
2025-01-31 10:54:00,2025-01-31 10:54:00,Class A,621819094_0,57.80165,10.213283,Under way using engine,0.0,12.6,86.0,84.0,9332810,J2HC,KIWALA,Tanker,0,42.0,244.0,GPS,7.7,UST LUGA,04/02/2025 18:00:00,AIS,POINT (10.213283 57.80165),621819094_0,0 days 00:01:00,1.8801637552014369e-06,86.7090596487825,0.0,0,5.8323612460279755,57.80165,10.213283
2025-01-31 10:55:00,2025-01-31 10:55:00,Class A,621819094_0,57.80185,10.219933,Under way using engine,0.0,12.6,86.0,84.0,9332810,J2HC,KIWALA,Tanker,0,42.0,244.0,GPS,7.7,UST LUGA,04/02/2025 18:00:00,AIS,POINT (10.219933 57.80185),621819094_0,0 days 00:01:00,1.9287182856116743e-06,86.7667207720624,0.0,0,5.826199625173258,57.80185,10.219933
2025-01-31 10:56:00,2025-01-31 10:56:00,Class A,621819094_0,57.80205,10.226367,Under way using engine,0.0,12.6,86.0,84.0,9332810,J2HC,KIWALA,Tanker,0,42.0,244.0,GPS,7.7,UST LUGA,04/02/2025 18:00:00,AIS,POINT (10.226367 57.80205),621819094_0,0 days 00:01:00,-3.562309745372185e-06,86.65858299073932,0.0,0,5.820241443059301,57.80205,10.226367
2025-01-31 10:57:00,2025-01-31 10:57:00,Class A,621819094_0,57.80225,10.232933,Under way using engine,0.0,12.6,86.0,84.0,9332810,J2HC,KIWALA,Tanker,0,42.0,244.0,GPS,7.7,UST LUGA,04/02/2025 18:00:00,AIS,POINT (10.232933 57.80225),621819094_0,0 days 00:01:00,2.1759517296155665e-06,86.7254814014226,0.0,0,5.814160638713813,57.80225,10.232933
2025-01-31 11:03:02,2025-01-31 11:03:02,Class A,621819094_0,57.803433,10.2724,Under way using engine,0.0,12.7,86.0,84.0,9332810,J2HC,KIWALA,Tanker,0,42.0,244.0,GPS,7.7,UST LUGA,04/02/2025 18:00:00,AIS,POINT (10.2724 57.803433),621819094_0,0 days 00:06:02,-6.846336055715829e-08,86.76354062075671,0.0,0,5.777625826638914,57.803433,10.2724
2025-01-31 11:08:00,2025-01-31 11:08:00,Class A,621819094_0,57.804333,10.305533,Under way using engine,0.0,12.6,86.0,84.0,9332810,J2HC,KIWALA,Tanker,0,42.0,244.0,GPS,7.7,UST LUGA,04/02/2025 18:00:00,AIS,POINT (10.305533 57.804333),621819094_0,0 days 00:04:58,4.247059335884502e-07,87.067553459757,0.0,0,5.746951531296048,57.804333,10.305533
2025-01-31 11:09:00,2025-01-31 11:09:00,Class A,621819094_0,57.80455,10.312083,Under way using engine,0.0,12.5,86.0,84.0,9332810,J2HC,KIWALA,Tanker,0,42.0,244.0,GPS,7.7,UST LUGA,04/02/2025 18:00:00,AIS,POINT (10.312083 57.80455),621819094_0,0 days 00:01:00,-1.9356824421667973e-06,86.43920040993169,0.0,0,5.740904714465221,57.80455,10.312083
2025-01-31 11:10:00,2025-01-31 11:10:00,Class A,621819094_0,57.80475,10.318567,Under way using engine,0.0,12.5,86.0,84.0,9332810,J2HC,KIWALA,Tanker,0,42.0,244.0,GPS,7.7,UST LUGA,04/02/2025 18:00:00,AIS,POINT (10.318567 57.80475),621819094_0,0 days 00:01:00,-1.1201318449932113e-06,86.68400241906875,0.0,0,5.734914658851079,57.80475,10.318567
2025-01-31 11:11:00,2025-01-31 11:11:00,Class A,621819094_0,57.80495,10.32505,Under way using engine,0.0,12.4,86.0,84.0,9332810,J2HC,KIWALA,Tanker,0,42.0,244.0,GPS,7.7,UST LUGA,04/02/2025 18:00:00,AIS,POINT (10.32505 57.80495),621819094_0,0 days 00:01:00,-1.707910887343081e-08,86.68347457606689,0.0,0,5.728926620270851,57.80495,10.32505
2025-01-31 11:12:00,2025-01-31 11:12:00,Class A,621819094_0,57.80515,10.3315,Under way using engine,0.0,12.4,86.0,84.0,9332810,J2HC,KIWALA,Tanker,0,42.0,244.0,GPS,7.7,UST LUGA,04/02/2025 18:00:00,AIS,POINT (10.3315 57.80515),621819094_0,0 days 00:01:00,-5.446730613399449e-07,86.66655394624581,0.0,0,5.722970502190972,57.80515,10.3315
2025-01-31 11:13:00,2025-01-31 11:13:00,Class A,621819094_0,57.80535,10.33795,Under way using engine,0.0,12.4,86.0,84.0,9332810,J2HC,KIWALA,Tanker,0,42.0,244.0,GPS,7.7,UST LUGA,04/02/2025 18:00:00,AIS,POINT (10.33795 57.80535),621819094_0,0 days 00:01:00,-5.884416502677236e-10,86.66653551578042,0.0,0,5.717015462848425,57.80535,10.33795
2025-01-31 11:14:00,2025-01-31 11:14:00,Class A,621819094_0,57.805567,10.344383,Under way using engine,0.0,12.4,86.0,84.0,9332810,J2HC,KIWALA,Tanker,0,42.0,244.0,GPS,7.7,UST LUGA,04/02/2025 18:00:00,AIS,POINT (10.344383 57.805567),621819094_0,0 days 00:01:00,-2.49017389689019e-07,86.37460727914566,0.0,0,5.7110834550241,57.805567,10.344383
2025-01-31 11:15:00,2025-01-31 11:15:00,Class A,621819094_0,57.8058,10.350933,Under way using engine,0.0,12.4,85.0,84.0,9332810,J2HC,KIWALA,Tanker,0,42.0,244.0,GPS,7.7,UST LUGA,04/02/2025 18:00:00,AIS,POINT (10.350933 57.8058),621819094_0,0 days 00:01:00,1.959567400428641e-06,86.17747619812769,0.0,0,5.705048991907869,57.8058,10.350933
2025-01-31 11:16:00,2025-01-31 11:16:00,Class A,621819094_0,57.806033,10.35725,Under way using engine,0.0,12.4,85.0,84.0,9332810,J2HC,KIWALA,Tanker,0,42.0,244.0,GPS,7.7,UST LUGA,04/02/2025 18:00:00,AIS,POINT (10.35725 57.806033),621819094_0,0 days 00:01:00,-3.8397632761257076e-06,86.03709961406116,0.0,0,5.699233243493811,57.806033,10.35725
2025-01-31 11:17:00,2025-01-31 11:17:00,Class A,621819094_0,57.8063,10.363683,Under way using engine,0.0,12.4,85.0,84.0,9332810,J2HC,KIWALA,Tanker,0,42.0,244.0,GPS,7.7,UST LUGA,04/02/2025 18:00:00,AIS,POINT (10.363683 57.8063),621819094_0,0 days 00:01:00,1.9868577459541842e-06,85.54284980854914,0.0,0,5.693322456445709,57.8063,10.363683
2025-01-31 11:18:00,2025-01-31 11:18:00,Class A,621819094_0,57.806583,10.370133,Under way using engine,0.0,12.4,85.0,84.0,9332810,J2HC,KIWALA,Tanker,0,42.0,244.0,GPS,7.7,UST LUGA,04/02/2025 18:00:00,AIS,POINT (10.370133 57.806583),621819094_0,0 days 00:01:00,3.1850592002165104e-07,85.28943192705162,0.0,0,5.6874026863820735,57.806583,10.370133
2025-01-31 11:21:01,2025-01-31 11:21:01,Class A,621819094_0,57.807533,10.389333,Under way using engine,0.0,12.4,84.0,84.0,9332810,J2HC,KIWALA,Tanker,0,42.0,244.0,GPS,7.7,UST LUGA,04/02/2025 18:00:00,AIS,POINT (10.389333 57.807533),621819094_0,0 days 00:03:01,-4.3759557778953116e-07,84.68596904613452,0.0,0,5.66982670488843,57.807533,10.389333
2025-01-31 11:22:09,2025-01-31 11:22:09,Class A,621819094_0,57.80805,10.39685,Under way using engine,0.0,12.5,80.0,83.0,9332810,J2HC,KIWALA,Tanker,0,42.0,244.0,GPS,7.7,UST LUGA,04/02/2025 18:00:00,AIS,POINT (10.39685 57.80805),621819094_0,0 days 00:01:08,4.304597989669473e-06,82.64083729111502,0.0,0,5.663000740177242,57.80805,10.39685
2025-01-31 11:26:00,2025-01-31 11:26:00,Class A,621819094_0,57.8103,10.422233,Under way using engine,1.1,13.0,80.0,86.0,9332810,J2HC,KIWALA,Tanker,0,42.0,244.0,GPS,7.7,UST LUGA,04/02/2025 18:00:00,AIS,POINT (10.422233 57.8103),621819094_0,0 days 00:03:51,-1.908816159514616e-08,80.54243803854467,0.0,0,5.640147233279375,57.8103,10.422233
2025-01-31 11:27:00,2025-01-31 11:27:00,Class A,621819094_0,57.81085,10.428917,Under way using engine,0.0,13.0,81.0,86.0,9332810,J2HC,KIWALA,Tanker,0,42.0,244.0,GPS,7.7,UST LUGA,04/02/2025 18:00:00,AIS,POINT (10.428917 57.81085),621819094_0,0 days 00:01:00,1.3114704211771773e-06,81.21643318839273,0.0,0,5.63411764952641,57.81085,10.428917
2025-01-31 11:28:00,2025-01-31 11:28:00,Class A,621819094_0,57.811383,10.435633,Under way using engine,0.0,13.0,81.0,87.0,9332810,J2HC,KIWALA,Tanker,0,42.0,244.0,GPS,7.7,UST LUGA,04/02/2025 18:00:00,AIS,POINT (10.435633 57.811383),621819094_0,0 days 00:01:00,4.420560231500863e-07,81.52363367541375,0.0,0,5.6280536079239685,57.811383,10.435633
2025-01-31 11:29:00,2025-01-31 11:29:00,Class A,621819094_0,57.811883,10.442367,Under way using engine,1.1,13.1,81.0,87.0,9332810,J2HC,KIWALA,Tanker,0,42.0,244.0,GPS,7.7,UST LUGA,04/02/2025 18:00:00,AIS,POINT (10.442367 57.811883),621819094_0,0 days 00:01:00,1.472011813704865e-07,82.06220140476097,0.0,0,5.621962325701053,57.811883,10.442367
2025-01-31 11:30:00,2025-01-31 11:30:00,Class A,621819094_0,57.812367,10.449,Under way using engine,2.2,13.1,81.0,88.0,9332810,J2HC,KIWALA,Tanker,0,42.0,244.0,GPS,7.7,UST LUGA,04/02/2025 18:00:00,AIS,POINT (10.449 57.812367),621819094_0,0 days 00:01:00,-1.7211769164162388e-06,82.19739885368392,0.0,0,5.61596078512208,57.812367,10.449
2025-01-31 11:31:00,2025-01-31 11:31:00,Class A,621819094_0,57.812817,10.455883,Under way using engine,0.0,13.1,83.0,89.0,9332810,J2HC,KIWALA,Tanker,0,42.0,244.0,GPS,7.7,UST LUGA,04/02/2025 18:00:00,AIS,POINT (10.455883 57.812817),621819094_0,0 days 00:01:00,3.957144493243316e-06,83.00001995573979,0.0,0,5.609715533808288,57.812817,10.455883
2025-01-31 11:39:00,2025-01-31 11:39:00,Class A,621819094_0,57.8138,10.509967,Under way using engine,0.0,13.1,91.0,95.0,9332810,J2HC,KIWALA,Tanker,0,42.0,244.0,GPS,7.7,UST LUGA,04/02/2025 18:00:00,AIS,POINT (10.509967 57.8138),621819094_0,0 days 00:08:00,-3.512112768864327e-07,88.0228972660775,0.0,0,5.55975573589389,57.8138,10.509967
2025-01-31 11:45:00,2025-01-31 11:45:00,Class A,621819094_0,57.8133,10.551,Under way using engine,0.0,13.2,91.0,94.0,9332810,J2HC,KIWALA,Tanker,0,42.0,244.0,GPS,7.7,UST LUGA,04/02/2025 18:00:00,AIS,POINT (10.551 57.8133),621819094_0,0 days 00:06:00,2.0955671929832298e-07,91.293086216951,0.0,0,5.521441719682278,57.8133,10.551
2025-01-31 11:57:00,2025-01-31 11:57:00,Class A,621819094_0,57.81205,10.633417,Under way using engine,0.0,13.5,91.0,93.0,9332810,J2HC,KIWALA,Tanker,0,42.0,244.0,GPS,7.7,UST LUGA,04/02/2025 18:00:00,AIS,POINT (10.633417 57.81205),621819094_0,0 days 00:12:00,4.183693081541212e-08,91.5960147935009,0.0,0,5.4445134788064395,57.81205,10.633417
2025-01-31 11:58:00,2025-01-31 11:58:00,Class A,621819094_0,57.8119,10.6416,Under way using engine,0.0,13.5,91.0,93.0,9332810,J2HC,KIWALA,Tanker,0,42.0,244.0,GPS,7.7,UST LUGA,04/02/2025 18:00:00,AIS,POINT (10.6416 57.8119),621819094_0,0 days 00:01:00,2.174774033974749e-05,91.96736113472389,0.0,0,5.436874499181308,57.8119,10.6416
2025-01-31 11:59:00,2025-01-31 11:59:00,Class A,621819094_0,57.81175,10.648617,Under way using engine,0.0,13.5,92.0,93.0,9332810,J2HC,KIWALA,Tanker,0,42.0,244.0,GPS,7.7,UST LUGA,04/02/2025 18:00:00,AIS,POINT (10.648617 57.81175),621819094_0,0 days 00:01:00,-1.923905732905077e-05,92.29500648599429,0.0,0,5.430317216858055,57.81175,10.648617
2025-01-31 12:00:00,2025-01-31 12:00:00,Class A,621819094_0,57.811617,10.655517,Under way using engine,0.0,13.5,92.0,93.0,9332810,J2HC,KIWALA,Tanker,0,42.0,244.0,GPS,7.7,UST LUGA,04/02/2025 18:00:00,AIS,POINT (10.655517 57.811617),621819094_0,0 days 00:01:00,-1.9500627371539398e-06,92.06936785485863,0.0,0,5.423875862553087,57.811617,10.655517
2025-01-31 12:01:00,2025-01-31 12:01:00,Class A,621819094_0,57.811467,10.66265,Under way using engine,0.0,13.5,92.0,93.0,9332810,J2HC,KIWALA,Tanker,0,42.0,244.0,GPS,7.7,UST LUGA,04/02/2025 18:00:00,AIS,POINT (10.66265 57.811467),621819094_0,0 days 00:01:00,3.864852432452469e-06,92.25760808385104,0.0,0,5.4172134643309935,57.811467,10.66265
2025-01-31 12:02:00,2025-01-31 12:02:00,Class A,621819094_0,57.8113,10.669567,Under way using engine,0.0,13.5,92.0,93.0,9332810,J2HC,KIWALA,Tanker,0,42.0,244.0,GPS,7.7,UST LUGA,04/02/2025 18:00:00,AIS,POINT (10.669567 57.8113),621819094_0,0 days 00:01:00,-3.540681785285515e-06,92.59205833717158,0.0,0,5.410745823600014,57.8113,10.669567
2025-01-31 12:03:00,2025-01-31 12:03:00,Class A,621819094_0,57.811183,10.674133,Under way using engine,0.0,13.5,92.0,93.0,9332810,J2HC,KIWALA,Tanker,0,42.0,244.0,GPS,7.7,UST LUGA,04/02/2025 18:00:00,AIS,POINT (10.674133 57.811183),621819094_0,0 days 00:01:00,-3.884955221139376e-05,92.75196003274527,0.0,0,5.406474506576906,57.811183,10.674133
2025-01-31 12:09:00,2025-01-31 12:09:00,Class A,621819094_0,57.809917,10.71865,Under way using engine,0.0,13.5,93.0,93.0,9332810,J2HC,KIWALA,Tanker,0,42.0,244.0,GPS,7.7,UST LUGA,04/02/2025 18:00:00,AIS,POINT (10.71865 57.809917),621819094_0,0 days 00:06:00,7.867780208613866e-06,93.03692118711115,0.0,0,5.364808414018993,57.809917,10.71865
2025-01-31 12:20:00,2025-01-31 12:20:00,Class A,621819094_0,57.808183,10.795317,Under way using engine,0.0,13.1,91.0,93.0,9332810,J2HC,KIWALA,Tanker,0,42.0,244.0,GPS,7.7,UST LUGA,04/02/2025 18:00:00,AIS,POINT (10.795317 57.808183),621819094_0,0 days 00:11:00,-6.811440204570101e-07,92.39855967272013,0.0,0,5.293332892025778,57.808183,10.795317
2025-01-31 12:21:00,2025-01-31 12:21:00,Class A,621819094_0,57.808117,10.801083,Under way using engine,1.1,13.0,91.0,93.0,9332810,J2HC,KIWALA,Tanker,0,42.0,244.0,GPS,7.7,UST LUGA,04/02/2025 18:00:00,AIS,POINT (10.801083 57.808117),621819094_0,0 days 00:01:00,-1.9956330488314964e-05,91.22838672662579,0.0,0,5.287988107706938,57.808117,10.801083
2025-01-31 12:22:00,2025-01-31 12:22:00,Class A,621819094_0,57.808033,10.808933,Under way using engine,11.4,12.8,93.0,106.0,9332810,J2HC,KIWALA,Tanker,0,42.0,244.0,GPS,7.7,UST LUGA,04/02/2025 18:00:00,AIS,POINT (10.808933 57.808033),621819094_0,0 days 00:01:00,3.4418671447193826e-05,91.14733224743844,0.0,0,5.280715252356067,57.808033,10.808933
2025-01-31 12:23:00,2025-01-31 12:23:00,Class A,621819094_0,57.807417,10.8152,Under way using engine,8.7,12.3,104.0,118.0,9332810,J2HC,KIWALA,Tanker,0,42.0,244.0,GPS,7.7,UST LUGA,04/02/2025 18:00:00,AIS,POINT (10.8152 57.807417),621819094_0,0 days 00:01:00,-2.4426031195758077e-05,100.45065824838741,0.0,0,5.2746977636476,57.807417,10.8152
2025-01-31 12:24:00,2025-01-31 12:24:00,Class A,621819094_0,57.80625,10.82115,Under way using engine,12.9,11.8,112.0,128.0,9332810,J2HC,KIWALA,Tanker,0,42.0,244.0,GPS,7.7,UST LUGA,04/02/2025 18:00:00,AIS,POINT (10.82115 57.80625),621819094_0,0 days 00:01:00,-5.494932344990549e-07,110.20802331340877,0.0,0,5.268759839245664,57.80625,10.82115
2025-01-31 12:25:00,2025-01-31 12:25:00,Class A,621819094_0,57.804617,10.8262,Under way using engine,2.2,11.4,124.0,135.0,9332810,J2HC,KIWALA,Tanker,0,42.0,244.0,GPS,7.7,UST LUGA,04/02/2025 18:00:00,AIS,POINT (10.8262 57.804617),621819094_0,0 days 00:01:00,-7.174028123241551e-06,121.25240358542607,0.0,0,5.263471466041114,57.804617,10.8262
2025-01-31 12:26:00,2025-01-31 12:26:00,Class A,621819094_0,57.802633,10.8309,Under way using engine,3.6,11.3,128.0,138.0,9332810,J2HC,KIWALA,Tanker,0,42.0,244.0,GPS,7.7,UST LUGA,04/02/2025 18:00:00,AIS,POINT (10.8309 57.802633),621819094_0,0 days 00:01:00,1.4506400095222355e-06,128.38596039350045,0.0,0,5.258369880775315,57.802633,10.8309
2025-01-31 12:27:00,2025-01-31 12:27:00,Class A,621819094_0,57.800517,10.835233,Under way using engine,0.0,11.2,132.0,138.0,9332810,J2HC,KIWALA,Tanker,0,42.0,244.0,GPS,7.7,UST LUGA,04/02/2025 18:00:00,AIS,POINT (10.835233 57.800517),621819094_0,0 days 00:01:00,-1.9682644846266983e-06,132.50257508902996,0.0,0,5.253555552123722,57.800517,10.835233
2025-01-31 12:28:00,2025-01-31 12:28:00,Class A,621819094_0,57.7984,10.839383,Under way using engine,0.0,11.2,133.0,137.0,9332810,J2HC,KIWALA,Tanker,0,42.0,244.0,GPS,7.7,UST LUGA,04/02/2025 18:00:00,AIS,POINT (10.839383 57.7984),621819094_0,0 days 00:01:00,-2.184015962877978e-06,133.7479505710886,0.0,0,5.24890958025274,57.7984,10.839383
2025-01-31 12:29:00,2025-01-31 12:29:00,Class A,621819094_0,57.796217,10.8437,Under way using engine,0.0,11.2,133.0,137.0,9332810,J2HC,KIWALA,Tanker,0,42.0,244.0,GPS,7.7,UST LUGA,04/02/2025 18:00:00,AIS,POINT (10.8437 57.796217),621819094_0,0 days 00:01:00,3.4089749243141077e-06,133.49573026700023,0.0,0,5.2440841020934235,57.796217,10.8437
2025-01-31 12:30:00,2025-01-31 12:30:00,Class A,621819094_0,57.7941,10.847867,Under way using engine,0.0,11.2,133.0,137.0,9332810,J2HC,KIWALA,Tanker,0,42.0,244.0,GPS,7.7,UST LUGA,04/02/2025 18:00:00,AIS,POINT (10.847867 57.7941),621819094_0,0 days 00:01:00,-3.199852182368375e-06,133.6275427545745,0.0,0,5.239422500219369,57.7941,10.847867
2025-01-31 12:31:00,2025-01-31 12:31:00,Class A,621819094_0,57.791883,10.852167,Under way using engine,0.0,11.2,133.0,137.0,9332810,J2HC,KIWALA,Tanker,0,42.0,244.0,GPS,7.7,UST LUGA,04/02/2025 18:00:00,AIS,POINT (10.852167 57.791883),621819094_0,0 days 00:01:00,3.7299638891722552e-06,134.04758055398554,0.0,0,5.234599585832902,57.791883,10.852167
2025-01-31 12:32:00,2025-01-31 12:32:00,Class A,621819094_0,57.789717,10.8564,Under way using engine,0.0,11.2,133.0,137.0,9332810,J2HC,KIWALA,Tanker,0,42.0,244.0,GPS,7.7,UST LUGA,04/02/2025 18:00:00,AIS,POINT (10.8564 57.789717),621819094_0,0 days 00:01:00,-1.8884772297042262e-06,133.8291916618848,0.0,0,5.229858212765333,57.789717,10.8564
2025-01-31 12:33:00,2025-01-31 12:33:00,Class A,621819094_0,57.787567,10.860533,Under way using engine,0.0,11.2,134.0,138.0,9332810,J2HC,KIWALA,Tanker,0,42.0,244.0,GPS,7.7,UST LUGA,04/02/2025 18:00:00,AIS,POINT (10.860533 57.787567),621819094_0,0 days 00:01:00,-1.5292482306645515e-06,134.29975898723308,0.0,0,5.225215269082223,57.787567,10.860533
2025-01-31 12:34:00,2025-01-31 12:34:00,Class A,621819094_0,57.7853,10.864767,Under way using engine,0.0,11.3,135.0,138.0,9332810,J2HC,KIWALA,Tanker,0,42.0,244.0,GPS,7.7,UST LUGA,04/02/2025 18:00:00,AIS,POINT (10.864767 57.7853),621819094_0,0 days 00:01:00,3.7343199546819616e-06,135.12426794475584,0.0,0,5.220433963685872,57.7853,10.864767
2025-01-31 12:35:00,2025-01-31 12:35:00,Class A,621819094_0,57.783067,10.868883,Under way using engine,0.0,11.3,135.0,138.0,9332810,J2HC,KIWALA,Tanker,0,42.0,244.0,GPS,7.7,UST LUGA,04/02/2025 18:00:00,AIS,POINT (10.868883 57.783067),621819094_0,0 days 00:01:00,-2.116638001500859e-06,135.49934039050828,0.0,0,5.215774666360693,57.783067,10.868883
2025-01-31 12:36:00,2025-01-31 12:36:00,Class A,621819094_0,57.7808,10.873,Under way using engine,0.0,11.3,135.0,138.0,9332810,J2HC,KIWALA,Tanker,0,42.0,244.0,GPS,7.7,UST LUGA,04/02/2025 18:00:00,AIS,POINT (10.873 57.7808),621819094_0,0 days 00:01:00,7.667709890381697e-07,135.92336983661096,0.0,0,5.211101345382567,57.7808,10.873
2025-01-31 12:37:00,2025-01-31 12:37:00,Class A,621819094_0,57.77855,10.877117,Under way using engine,0.0,11.3,135.0,138.0,9332810,J2HC,KIWALA,Tanker,0,42.0,244.0,GPS,7.7,UST LUGA,04/02/2025 18:00:00,AIS,POINT (10.877117 57.77855),621819094_0,0 days 00:01:00,-3.7385578199104357e-07,135.70602969179345,0.0,0,5.206434642392527,57.77855,10.877117
2025-01-31 12:38:00,2025-01-31 12:38:00,Class A,621819094_0,57.776317,10.881167,Under way using engine,0.0,11.3,135.0,138.0,9332810,J2HC,KIWALA,Tanker,0,42.0,244.0,GPS,7.7,UST LUGA,04/02/2025 18:00:00,AIS,POINT (10.881167 57.776317),621819094_0,0 days 00:01:00,-1.1462919354684672e-06,135.95695091672303,0.0,0,5.2018363494621775,57.776317,10.881167
2025-01-31 12:39:00,2025-01-31 12:39:00,Class A,621819094_0,57.773983,10.88535,Under way using engine,0.0,11.3,135.0,138.0,9332810,J2HC,KIWALA,Tanker,0,42.0,244.0,GPS,7.7,UST LUGA,04/02/2025 18:00:00,AIS,POINT (10.88535 57.773983),621819094_0,0 days 00:01:00,3.7784418254623696e-06,136.29646525393332,0.0,0,5.197076411555346,57.773983,10.88535
2025-01-31 12:40:00,2025-01-31 12:40:00,Class A,621819094_0,57.7717,10.889467,Under way using engine,0.0,11.4,135.0,138.0,9332810,J2HC,KIWALA,Tanker,0,42.0,244.0,GPS,7.7,UST LUGA,04/02/2025 18:00:00,AIS,POINT (10.889467 57.7717),621819094_0,0 days 00:01:00,-1.890608762439858e-06,136.11751387093966,0.0,0,5.19239710482596,57.7717,10.889467
2025-01-31 12:41:00,2025-01-31 12:41:00,Class A,621819094_0,57.769417,10.8936,Under way using engine,0.0,11.4,135.0,138.0,9332810,J2HC,KIWALA,Tanker,0,42.0,244.0,GPS,7.7,UST LUGA,04/02/2025 18:00:00,AIS,POINT (10.8936 57.769417),621819094_0,0 days 00:01:00,1.8666826152414934e-07,136.0046550152864,0.0,0,5.187703090138157,57.769417,10.8936
2025-01-31 12:42:00,2025-01-31 12:42:00,Class A,621819094_0,57.767117,10.8977,Under way using engine,0.0,11.4,136.0,138.0,9332810,J2HC,KIWALA,Tanker,0,42.0,244.0,GPS,7.7,UST LUGA,04/02/2025 18:00:00,AIS,POINT (10.8977 57.767117),621819094_0,0 days 00:01:00,4.599225408823358e-09,136.44463322278028,0.0,0,5.183033005377159,57.767117,10.8977
2025-01-31 12:43:00,2025-01-31 12:43:00,Class A,621819094_0,57.764867,10.90175,Under way using engine,0.0,11.4,136.0,138.0,9332810,J2HC,KIWALA,Tanker,0,42.0,244.0,GPS,7.7,UST LUGA,04/02/2025 18:00:00,AIS,POINT (10.90175 57.764867),621819094_0,0 days 00:01:00,-1.6861166088800803e-06,136.16500555577954,0.0,0,5.178428399478842,57.764867,10.90175
2025-01-31 12:44:00,2025-01-31 12:44:00,Class A,621819094_0,57.762517,10.905917,Under way using engine,0.0,11.4,136.0,138.0,9332810,J2HC,KIWALA,Tanker,0,42.0,244.0,GPS,7.7,UST LUGA,04/02/2025 18:00:00,AIS,POINT (10.905917 57.762517),621819094_0,0 days 00:01:00,3.5764100484958368e-06,136.59251147772727,0.0,0,5.173677320493229,57.762517,10.905917
2025-01-31 12:45:00,2025-01-31 12:45:00,Class A,621819094_0,57.760183,10.909983,Under way using engine,0.0,11.4,136.0,138.0,9332810,J2HC,KIWALA,Tanker,0,42.0,244.0,GPS,7.7,UST LUGA,04/02/2025 18:00:00,AIS,POINT (10.909983 57.760183),621819094_0,0 days 00:01:00,-1.5011581631762679e-06,137.09684796921613,0.0,0,5.1690256577295095,57.760183,10.909983
2025-01-31 12:46:00,2025-01-31 12:46:00,Class A,621819094_0,57.75785,10.914083,Under way using engine,0.0,11.4,136.0,138.0,9332810,J2HC,KIWALA,Tanker,0,42.0,244.0,GPS,7.7,UST LUGA,04/02/2025 18:00:00,AIS,POINT (10.914083 57.75785),621819094_0,0 days 00:01:00,3.643711468592018e-07,136.8447481051938,0.0,0,5.164343076458901,57.75785,10.914083
2025-01-31 12:47:00,2025-01-31 12:47:00,Class A,621819094_0,57.755583,10.918117,Under way using engine,0.0,11.4,136.0,138.0,9332810,J2HC,KIWALA,Tanker,0,42.0,244.0,GPS,7.7,UST LUGA,04/02/2025 18:00:00,AIS,POINT (10.918117 57.755583),621819094_0,0 days 00:01:00,-2.23067546070574e-06,136.48635005244205,0.0,0,5.159746901060361,57.755583,10.918117
2025-01-31 12:48:00,2025-01-31 12:48:00,Class A,621819094_0,57.75325,10.922233,Under way using engine,0.0,11.5,136.0,138.0,9332810,J2HC,KIWALA,Tanker,0,42.0,244.0,GPS,7.7,UST LUGA,04/02/2025 18:00:00,AIS,POINT (10.922233 57.75325),621819094_0,0 days 00:01:00,2.417899630455592e-06,136.7297408058775,0.0,0,5.155049678690691,57.75325,10.922233
2025-01-31 12:49:00,2025-01-31 12:49:00,Class A,621819094_0,57.7509,10.9264,Under way using engine,-1.1,11.5,136.0,138.0,9332810,J2HC,KIWALA,Tanker,0,42.0,244.0,GPS,7.7,UST LUGA,04/02/2025 18:00:00,AIS,POINT (10.9264 57.7509),621819094_0,0 days 00:01:00,9.646735503738372e-07,136.58331715414954,0.0,0,5.150298906184767,57.7509,10.9264
2025-01-31 12:50:00,2025-01-31 12:50:00,Class A,621819094_0,57.748617,10.93045,Under way using engine,0.0,11.5,136.0,138.0,9332810,J2HC,KIWALA,Tanker,0,42.0,244.0,GPS,7.7,UST LUGA,04/02/2025 18:00:00,AIS,POINT (10.93045 57.748617),621819094_0,0 days 00:01:00,-2.832644911017161e-06,136.56879070149785,0.0,0,5.145681975533369,57.748617,10.93045
2025-01-31 12:51:00,2025-01-31 12:51:00,Class A,621819094_0,57.746267,10.93465,Under way using engine,0.0,11.5,136.0,138.0,9332810,J2HC,KIWALA,Tanker,0,42.0,244.0,GPS,7.7,UST LUGA,04/02/2025 18:00:00,AIS,POINT (10.93465 57.746267),621819094_0,0 days 00:01:00,3.2150149269509832e-06,136.35395543800337,0.0,0,5.1409008698990695,57.746267,10.93465
2025-01-31 12:52:00,2025-01-31 12:52:00,Class A,621819094_0,57.743983,10.938717,Under way using engine,0.0,11.5,136.0,138.0,9332810,J2HC,KIWALA,Tanker,0,42.0,244.0,GPS,7.7,UST LUGA,04/02/2025 18:00:00,AIS,POINT (10.938717 57.743983),621819094_0,0 days 00:01:00,-2.99300275661803e-06,136.45781444102613,0.0,0,5.136267981579816,57.743983,10.938717
2025-01-31 12:53:00,2025-01-31 12:53:00,Class A,621819094_0,57.741667,10.942867,Under way using engine,0.0,11.5,136.0,138.0,9332810,J2HC,KIWALA,Tanker,0,42.0,244.0,GPS,7.7,UST LUGA,04/02/2025 18:00:00,AIS,POINT (10.942867 57.741667),621819094_0,0 days 00:01:00,1.6672365519500356e-06,136.2759859741401,0.0,0,5.1315462282031525,57.741667,10.942867
2025-01-31 12:54:00,2025-01-31 12:54:00,Class A,621819094_0,57.7393,10.9471,Under way using engine,0.0,11.6,136.0,138.0,9332810,J2HC,KIWALA,Tanker,0,42.0,244.0,GPS,7.7,UST LUGA,04/02/2025 18:00:00,AIS,POINT (10.9471 57.7393),621819094_0,0 days 00:01:00,2.0923637798407353e-06,136.33073737008573,0.0,0,5.126728297291362,57.7393,10.9471
2025-01-31 13:03:02,2025-01-31 13:03:02,Class A,621819094_0,57.717883,10.984783,Under way using engine,0.0,11.8,137.0,138.0,9332810,J2HC,KIWALA,Tanker,0,42.0,244.0,GPS,7.7,UST LUGA,04/02/2025 18:00:00,AIS,POINT (10.984783 57.717883),621819094_0,0 days 00:09:02,-6.609583102706448e-08,136.77241172627373,0.0,0,5.083708162322655,57.717883,10.984783
2025-01-31 13:10:00,2025-01-31 13:10:00,Class A,621819094_0,57.701133,11.014333,Under way using engine,0.0,11.8,136.0,137.0,9332810,J2HC,KIWALA,Tanker,0,42.0,244.0,GPS,7.7,RUPIR,03/02/2025 17:00:00,AIS,POINT (11.014333 57.701133),621819094_0,0 days 00:06:58,2.2579934407650513e-07,136.6846734211822,0.0,0,5.049993899468195,57.701133,11.014333
2025-01-31 13:11:00,2025-01-31 13:11:00,Class A,621819094_0,57.6987,11.0186,Under way using engine,0.0,11.8,136.0,137.0,9332810,J2HC,KIWALA,Tanker,0,42.0,244.0,GPS,7.7,RUPIR,03/02/2025 17:00:00,AIS,POINT (11.0186 57.6987),621819094_0,0 days 00:01:00,9.470276700042068e-07,136.8564719335356,0.0,0,5.0451203815813965,57.6987,11.0186
2025-01-31 13:12:00,2025-01-31 13:12:00,Class A,621819094_0,57.696283,11.022783,Under way using engine,0.0,11.8,136.0,136.0,9332810,J2HC,KIWALA,Tanker,0,42.0,244.0,GPS,7.7,RUPIR,03/02/2025 17:00:00,AIS,POINT (11.022783 57.696283),621819094_0,0 days 00:01:00,-1.307832522641957e-06,137.2341890883917,0.0,0,5.040330663008727,57.696283,11.022783
2025-01-31 13:13:00,2025-01-31 13:13:00,Class A,621819094_0,57.6939,11.0269,Under way using engine,0.0,11.8,137.0,136.0,9332810,J2HC,KIWALA,Tanker,0,42.0,244.0,GPS,7.7,RUPIR,03/02/2025 17:00:00,AIS,POINT (11.0269 57.6939),621819094_0,0 days 00:01:00,-1.5115086368824282e-06,137.28193294590506,0.0,0,5.03561501140109,57.6939,11.0269
2025-01-31 13:14:00,2025-01-31 13:14:00,Class A,621819094_0,57.691433,11.031117,Under way using engine,0.0,11.8,137.0,136.0,9332810,J2HC,KIWALA,Tanker,0,42.0,244.0,GPS,7.7,RUPIR,03/02/2025 17:00:00,AIS,POINT (11.031117 57.691433),621819094_0,0 days 00:01:00,3.037100563726362e-06,137.5837894432634,0.0,0,5.030774905042166,57.691433,11.031117
2025-01-31 13:15:00,2025-01-31 13:15:00,Class A,621819094_0,57.689017,11.035267,Under way using engine,0.0,11.8,137.0,136.0,9332810,J2HC,KIWALA,Tanker,0,42.0,244.0,GPS,7.7,RUPIR,03/02/2025 17:00:00,AIS,POINT (11.035267 57.689017),621819094_0,0 days 00:01:00,-1.909845954090267e-06,137.44280529456393,0.0,0,5.026016300151245,57.689017,11.035267
2025-01-31 13:16:00,2025-01-31 13:16:00,Class A,621819094_0,57.686617,11.039317,Under way using engine,0.0,11.7,137.0,136.0,9332810,J2HC,KIWALA,Tanker,0,42.0,244.0,GPS,7.7,RUPIR,03/02/2025 17:00:00,AIS,POINT (11.039317 57.686617),621819094_0,0 days 00:01:00,-1.479057211392964e-06,137.94710638145045,0.0,0,5.021356295542668,57.686617,11.039317
2025-01-31 13:21:00,2025-01-31 13:21:00,Class A,621819094_0,57.674433,11.0596,Under way using engine,0.0,11.7,137.0,136.0,9332810,J2HC,KIWALA,Tanker,0,42.0,244.0,GPS,7.7,RUPIR,03/02/2025 17:00:00,AIS,POINT (11.0596 57.674433),621819094_0,0 days 00:05:00,1.8583600833063537e-07,138.32146623582133,0.0,0,4.997956864904398,57.674433,11.0596
2025-01-31 13:27:01,2025-01-31 13:27:01,Class A,621819094_0,57.659567,11.083667,Under way using engine,0.0,11.6,139.0,137.0,9332810,J2HC,KIWALA,Tanker,0,42.0,244.0,GPS,7.7,RUPIR,03/02/2025 17:00:00,AIS,POINT (11.083667 57.659567),621819094_0,0 days 00:06:01,3.111321001162189e-08,139.10163756037707,0.0,0,4.970039453725293,57.659567,11.083667
2025-01-31 13:39:01,2025-01-31 13:39:01,Class A,621819094_0,57.630283,11.130783,Under way using engine,1.1,11.5,134.0,133.0,9332810,J2HC,KIWALA,Tanker,0,42.0,244.0,GPS,7.7,RUPIR,03/02/2025 17:00:00,AIS,POINT (11.130783 57.630283),621819094_0,0 days 00:12:00,-1.2390331324589122e-07,139.25019560872647,0.0,0,4.91532920367151,57.630283,11.130783
2025-01-31 13:41:00,2025-01-31 13:41:00,Class A,621819094_0,57.62575,11.139233,Under way using engine,0.0,11.5,134.0,133.0,9332810,J2HC,KIWALA,Tanker,0,42.0,244.0,GPS,7.7,RUPIR,03/02/2025 17:00:00,AIS,POINT (11.139233 57.62575),621819094_0,0 days 00:01:59,1.4470674271700216e-07,135.05180130985048,0.0,0,4.905791474346313,57.62575,11.139233
2025-01-31 13:42:00,2025-01-31 13:42:00,Class A,621819094_0,57.62345,11.143533,Under way using engine,0.0,11.5,134.0,134.0,9332810,J2HC,KIWALA,Tanker,0,42.0,244.0,GPS,7.7,RUPIR,03/02/2025 17:00:00,AIS,POINT (11.143533 57.62345),621819094_0,0 days 00:01:00,7.844887183606e-07,134.96710937120656,0.0,0,4.900940583803174,57.62345,11.143533
2025-01-31 13:43:00,2025-01-31 13:43:00,Class A,621819094_0,57.6212,11.147767,Under way using engine,0.0,11.5,134.0,134.0,9332810,J2HC,KIWALA,Tanker,0,42.0,244.0,GPS,7.7,RUPIR,03/02/2025 17:00:00,AIS,POINT (11.147767 57.6212),621819094_0,0 days 00:01:00,-1.8642383124744307e-06,134.77881735345113,0.0,0,4.896169766419972,57.6212,11.147767
2025-01-31 13:44:00,2025-01-31 13:44:00,Class A,621819094_0,57.61895,11.151933,Under way using engine,0.0,11.5,134.0,134.0,9332810,J2HC,KIWALA,Tanker,0,42.0,244.0,GPS,7.7,RUPIR,03/02/2025 17:00:00,AIS,POINT (11.151933 57.61895),621819094_0,0 days 00:01:00,-7.95711835648013e-07,135.2409000079861,0.0,0,4.891461929931479,57.61895,11.151933
2025-01-31 13:45:02,2025-01-31 13:45:02,Class A,621819094_0,57.616683,11.156183,Under way using engine,0.0,11.5,134.0,134.0,9332810,J2HC,KIWALA,Tanker,0,42.0,244.0,GPS,7.7,RUPIR,03/02/2025 17:00:00,AIS,POINT (11.156183 57.616683),621819094_0,0 days 00:01:02,-1.7885670910549698e-06,134.88283668437333,0.0,0,4.88666996299791,57.616683,11.156183
2025-01-31 13:51:00,2025-01-31 13:51:00,Class A,621819094_0,57.603467,11.18225,Under way using engine,0.0,11.4,133.0,135.0,9332810,J2HC,KIWALA,Tanker,0,42.0,244.0,GPS,7.7,RUPIR,03/02/2025 17:00:00,AIS,POINT (11.18225 57.603467),621819094_0,0 days 00:05:58,5.892515837401652e-07,133.4135677038297,0.0,0,4.85754025783925,57.603467,11.18225
2025-01-31 13:52:00,2025-01-31 13:52:00,Class A,621819094_0,57.60125,11.186517,Under way using engine,1.1,11.4,133.0,136.0,9332810,J2HC,KIWALA,Tanker,0,42.0,244.0,GPS,7.7,RUPIR,03/02/2025 17:00:00,AIS,POINT (11.186517 57.60125),621819094_0,0 days 00:01:00,-1.167203324155307e-06,134.11750370626976,0.0,0,4.8527517459586775,57.60125,11.186517
2025-01-31 13:53:00,2025-01-31 13:53:00,Class A,621819094_0,57.599017,11.190733,Under way using engine,0.0,11.4,135.0,137.0,9332810,J2HC,KIWALA,Tanker,0,42.0,244.0,GPS,7.7,RUPIR,03/02/2025 17:00:00,AIS,POINT (11.190733 57.599017),621819094_0,0 days 00:01:00,-2.5680666926134833e-07,134.66611680262196,0.0,0,4.848004440927216,57.599017,11.190733
2025-01-31 13:54:00,2025-01-31 13:54:00,Class A,621819094_0,57.596817,11.194817,Under way using engine,0.0,11.3,135.0,136.0,9332810,J2HC,KIWALA,Tanker,0,42.0,244.0,GPS,7.7,RUPIR,03/02/2025 17:00:00,AIS,POINT (11.194817 57.596817),621819094_0,0 days 00:01:00,-2.2713033489872495e-06,135.14917767034194,0.0,0,4.843391863950924,57.596817,11.194817
2025-01-31 13:55:00,2025-01-31 13:55:00,Class A,621819094_0,57.59455,11.199067,Under way using engine,0.0,11.3,134.0,136.0,9332810,J2HC,KIWALA,Tanker,0,42.0,244.0,GPS,7.7,RUPIR,03/02/2025 17:00:00,AIS,POINT (11.199067 57.59455),621819094_0,0 days 00:01:00,3.4187059713384025e-06,134.8653947319874,0.0,0,4.838600327378259,57.59455,11.199067
2025-01-31 14:03:01,2025-01-31 14:03:01,Class A,621819094_0,57.576467,11.231083,Under way using engine,0.0,11.1,138.0,141.0,9332810,J2HC,KIWALA,Tanker,0,42.0,244.0,GPS,7.7,RUPIR,03/02/2025 17:00:00,AIS,POINT (11.231083 57.576467),621819094_0,0 days 00:08:01,-4.010825722535791e-07,136.48358307023932,0.0,0,4.802127440858896,57.576467,11.231083
2025-01-31 14:04:00,2025-01-31 14:04:00,Class A,621819094_0,57.574133,11.234867,Under way using engine,-1.1,11.1,139.0,140.0,9332810,J2HC,KIWALA,Tanker,0,42.0,244.0,GPS,7.7,RUPIR,03/02/2025 17:00:00,AIS,POINT (11.234867 57.574133),621819094_0,0 days 00:00:59,1.0998843889530552e-06,138.99797673077995,0.0,0,4.79774283737697,57.574133,11.234867
2025-01-31 14:05:00,2025-01-31 14:05:00,Class A,621819094_0,57.571767,11.238733,Under way using engine,-1.1,11.1,138.0,140.0,9332810,J2HC,KIWALA,Tanker,0,42.0,244.0,GPS,7.7,RUPIR,03/02/2025 17:00:00,AIS,POINT (11.238733 57.571767),621819094_0,0 days 00:01:00,2.2099581582374814e-08,138.7741007343983,0.0,0,4.7932703328990325,57.571767,11.238733
2025-01-31 14:06:00,2025-01-31 14:06:00,Class A,621819094_0,57.569467,11.2426,Under way using engine,0.0,11.1,137.0,139.0,9332810,J2HC,KIWALA,Tanker,0,42.0,244.0,GPS,7.7,RUPIR,03/02/2025 17:00:00,AIS,POINT (11.2426 57.569467),621819094_0,0 days 00:01:00,-1.5110673151493062e-06,137.9600482065394,0.0,0,4.788821865075899,57.569467,11.2426
2025-01-31 14:07:00,2025-01-31 14:07:00,Class A,621819094_0,57.567167,11.246517,Under way using engine,0.0,11.1,137.0,139.0,9332810,J2HC,KIWALA,Tanker,0,42.0,244.0,GPS,7.7,RUPIR,03/02/2025 17:00:00,AIS,POINT (11.246517 57.567167),621819094_0,0 days 00:01:00,5.618441946908381e-07,137.5919161779977,0.0,0,4.784327169350564,57.567167,11.246517
2025-01-31 14:08:00,2025-01-31 14:08:00,Class A,621819094_0,57.564867,11.250433,Under way using engine,0.0,11.1,137.0,139.0,9332810,J2HC,KIWALA,Tanker,0,42.0,244.0,GPS,7.7,RUPIR,03/02/2025 17:00:00,AIS,POINT (11.250433 57.564867),621819094_0,0 days 00:01:00,-8.469966917157984e-09,137.59739890008836,0.0,0,4.779833490222227,57.564867,11.250433
2025-01-31 14:09:00,2025-01-31 14:09:00,Class A,621819094_0,57.562583,11.254367,Under way using engine,0.0,11.2,137.0,139.0,9332810,J2HC,KIWALA,Tanker,0,42.0,244.0,GPS,7.7,RUPIR,03/02/2025 17:00:00,AIS,POINT (11.254367 57.562583),621819094_0,0 days 00:01:00,-1.5882992293791165e-07,137.26542557054677,0.0,0,4.775329241738414,57.562583,11.254367
2025-01-31 14:17:00,2025-01-31 14:17:00,Class A,621819094_0,57.544133,11.2859,Under way using engine,0.0,11.3,138.0,139.0,9332810,J2HC,KIWALA,Tanker,0,42.0,244.0,GPS,7.7,RUPIR,03/02/2025 17:00:00,AIS,POINT (11.2859 57.544133),621819094_0,0 days 00:08:00,7.55607225034828e-08,137.4671452906374,0.0,0,4.739175009012118,57.544133,11.2859
2025-01-31 14:18:00,2025-01-31 14:18:00,Class A,621819094_0,57.5418,11.289817,Under way using engine,0.0,11.2,137.0,139.0,9332810,J2HC,KIWALA,Tanker,0,42.0,244.0,GPS,7.7,RUPIR,03/02/2025 17:00:00,AIS,POINT (11.289817 57.5418),621819094_0,0 days 00:01:00,3.4849610124036934e-07,137.97825380317175,0.0,0,4.734668936959057,57.5418,11.289817
2025-01-31 14:19:00,2025-01-31 14:19:00,Class A,621819094_0,57.539483,11.29375,Under way using engine,0.0,11.2,137.0,139.0,9332810,J2HC,KIWALA,Tanker,0,42.0,244.0,GPS,7.7,RUPIR,03/02/2025 17:00:00,AIS,POINT (11.29375 57.539483),621819094_0,0 days 00:01:00,-1.8481984939821421e-07,137.66402368242086,0.0,0,4.730154130907891,57.539483,11.29375
2025-01-31 14:20:00,2025-01-31 14:20:00,Class A,621819094_0,57.537167,11.29765,Under way using engine,0.0,11.2,137.0,139.0,9332810,J2HC,KIWALA,Tanker,0,42.0,244.0,GPS,7.7,RUPIR,03/02/2025 17:00:00,AIS,POINT (11.29765 57.537167),621819094_0,0 days 00:01:00,-3.8944228584993197e-07,137.89016677819677,0.0,0,4.725670391079871,57.537167,11.29765
2025-01-31 14:21:00,2025-01-31 14:21:00,Class A,621819094_0,57.535233,11.300883,Under way using engine,0.0,11.2,138.0,139.0,9332810,J2HC,KIWALA,Tanker,0,42.0,244.0,GPS,7.7,RUPIR,03/02/2025 17:00:00,AIS,POINT (11.300883 57.535233),621819094_0,0 days 00:01:00,-1.620554611737805e-05,138.09719859732758,0.0,0,4.72194828093934,57.535233,11.300883
2025-01-31 14:22:00,2025-01-31 14:22:00,Class A,621819094_0,57.532483,11.305433,Under way using engine,0.0,11.1,138.0,138.0,9332810,J2HC,KIWALA,Tanker,0,42.0,244.0,GPS,7.7,RUPIR,03/02/2025 17:00:00,AIS,POINT (11.305433 57.532483),621819094_0,0 days 00:01:00,3.3426728471342827e-05,138.38781922972885,0.0,0,4.716699502392111,57.532483,11.305433
2025-01-31 14:27:01,2025-01-31 14:27:01,Class A,621819094_0,57.520967,11.324733,Under way using engine,0.0,11.2,138.0,138.0,9332810,J2HC,KIWALA,Tanker,0,42.0,244.0,GPS,7.7,RUPIR,03/02/2025 17:00:00,AIS,POINT (11.324733 57.520967),621819094_0,0 days 00:05:01,-3.641118585169625e-06,138.01044963620996,0.0,0,4.694492773053335,57.520967,11.324733
2025-01-31 14:33:01,2025-01-31 14:33:01,Class A,621819094_0,57.506833,11.34745,Under way using engine,0.0,11.1,139.0,138.0,9332810,J2HC,KIWALA,Tanker,0,42.0,244.0,GPS,7.7,RUPIR,03/02/2025 17:00:00,AIS,POINT (11.34745 57.506833),621819094_0,0 days 00:06:00,1.227601750475436e-07,139.18799042668837,0.0,0,4.668141747863383,57.506833,11.34745
2025-01-31 14:39:00,2025-01-31 14:39:00,Class A,621819094_0,57.4926,11.369617,Under way using engine,0.0,11.1,140.0,139.0,9332810,J2HC,KIWALA,Tanker,0,42.0,244.0,GPS,7.7,RUPIR,03/02/2025 17:00:00,AIS,POINT (11.369617 57.4926),621819094_0,0 days 00:05:59,-5.326733267780853e-08,140.0674941951296,0.0,0,4.642269082658287,57.4926,11.369617
2025-01-31 14:40:00,2025-01-31 14:40:00,Class A,621819094_0,57.490183,11.373317,Under way using engine,0.0,11.1,140.0,139.0,9332810,J2HC,KIWALA,Tanker,0,42.0,244.0,GPS,7.7,RUPIR,03/02/2025 17:00:00,AIS,POINT (11.373317 57.490183),621819094_0,0 days 00:01:00,8.672268543380608e-07,140.55414635478928,0.0,0,4.637935716868228,57.490183,11.373317
2025-01-31 14:41:00,2025-01-31 14:41:00,Class A,621819094_0,57.487783,11.37695,Under way using engine,0.0,11.1,140.0,139.0,9332810,J2HC,KIWALA,Tanker,0,42.0,244.0,GPS,7.7,RUPIR,03/02/2025 17:00:00,AIS,POINT (11.37695 57.487783),621819094_0,0 days 00:01:00,-1.1117701527172305e-06,140.8672608385565,0.0,0,4.633671034238943,57.487783,11.37695
2025-01-31 14:42:00,2025-01-31 14:42:00,Class A,621819094_0,57.485433,11.380483,Under way using engine,0.0,11.0,141.0,139.0,9332810,J2HC,KIWALA,Tanker,0,42.0,244.0,GPS,7.7,RUPIR,03/02/2025 17:00:00,AIS,POINT (11.380483 57.485433),621819094_0,0 days 00:01:00,-2.248592383868947e-06,141.05770421800952,0.0,0,4.6295179347601625,57.485433,11.380483
2025-01-31 14:43:00,2025-01-31 14:43:00,Class A,621819094_0,57.483,11.384133,Under way using engine,0.0,11.0,141.0,139.0,9332810,J2HC,KIWALA,Tanker,0,42.0,244.0,GPS,7.7,RUPIR,03/02/2025 17:00:00,AIS,POINT (11.384133 57.483),621819094_0,0 days 00:01:00,3.2246857861765375e-06,141.11546671432882,0.0,0,4.625225550313085,57.483,11.384133
2025-01-31 14:44:00,2025-01-31 14:44:00,Class A,621819094_0,57.48065,11.38765,Under way using engine,0.0,11.0,140.0,139.0,9332810,J2HC,KIWALA,Tanker,0,42.0,244.0,GPS,7.7,RUPIR,03/02/2025 17:00:00,AIS,POINT (11.38765 57.48065),621819094_0,0 days 00:01:00,-3.3874296727415062e-06,141.18112105745024,0.0,0,4.621087642974106,57.48065,11.38765
2025-01-31 14:45:00,2025-01-31 14:45:00,Class A,621819094_0,57.4782,11.391283,Under way using engine,0.0,11.0,141.0,139.0,9332810,J2HC,KIWALA,Tanker,0,42.0,244.0,GPS,7.7,RUPIR,03/02/2025 17:00:00,AIS,POINT (11.391283 57.4782),621819094_0,0 days 00:01:00,3.6249519432877124e-06,141.437049752377,0.0,0,4.616805092211388,57.4782,11.391283
2025-01-31 14:46:00,2025-01-31 14:46:00,Class A,621819094_0,57.475783,11.394833,Under way using engine,0.0,11.0,141.0,139.0,9332810,J2HC,KIWALA,Tanker,0,42.0,244.0,GPS,7.7,RUPIR,03/02/2025 17:00:00,AIS,POINT (11.394833 57.475783),621819094_0,0 days 00:01:00,-1.6573784100339974e-06,141.7016540041825,0.0,0,4.612612047686863,57.475783,11.394833
2025-01-31 14:47:00,2025-01-31 14:47:00,Class A,621819094_0,57.473367,11.39835,Under way using engine,0.0,11.0,141.0,139.0,9332810,J2HC,KIWALA,Tanker,0,42.0,244.0,GPS,7.7,RUPIR,03/02/2025 17:00:00,AIS,POINT (11.39835 57.473367),621819094_0,0 days 00:01:00,-3.622225879727683e-07,141.94829545713162,0.0,0,4.608450213458859,57.473367,11.39835
2025-01-31 14:48:00,2025-01-31 14:48:00,Class A,621819094_0,57.470967,11.401883,Under way using engine,0.0,11.0,141.0,139.0,9332810,J2HC,KIWALA,Tanker,0,42.0,244.0,GPS,7.7,RUPIR,03/02/2025 17:00:00,AIS,POINT (11.401883 57.470967),621819094_0,0 days 00:01:00,-2.211518775271087e-07,141.6350353183219,0.0,0,4.604279631956556,57.470967,11.401883
2025-01-31 14:49:00,2025-01-31 14:49:00,Class A,621819094_0,57.468567,11.405417,Under way using engine,0.0,11.0,141.0,139.0,9332810,J2HC,KIWALA,Tanker,0,42.0,244.0,GPS,7.7,RUPIR,03/02/2025 17:00:00,AIS,POINT (11.405417 57.468567),621819094_0,0 days 00:01:00,1.2734874812088867e-08,141.62531235591388,0.0,0,4.600108305853896,57.468567,11.405417
2025-01-31 14:50:00,2025-01-31 14:50:00,Class A,621819094_0,57.46615,11.408933,Under way using engine,0.0,11.0,141.0,139.0,9332810,J2HC,KIWALA,Tanker,0,42.0,244.0,GPS,7.7,RUPIR,03/02/2025 17:00:00,AIS,POINT (11.408933 57.46615),621819094_0,0 days 00:01:00,2.295383329884865e-07,141.96221946677167,0.0,0,4.595947600785827,57.46615,11.408933
2025-01-31 14:57:00,2025-01-31 14:57:00,Class A,621819094_0,57.448967,11.43325,Under way using engine,0.0,11.2,142.0,139.0,9332810,J2HC,KIWALA,Tanker,0,42.0,244.0,GPS,7.7,RUPIR,03/02/2025 17:00:00,AIS,POINT (11.43325 57.448967),621819094_0,0 days 00:07:00,7.180965722345206e-08,142.70924146566188,0.0,0,4.567005108988714,57.448967,11.43325
2025-01-31 15:03:01,2025-01-31 15:03:01,Class A,621819094_0,57.433917,11.45425,Under way using engine,0.0,11.2,142.0,139.0,9332810,J2HC,KIWALA,Tanker,0,42.0,244.0,GPS,7.7,RUPIR,03/02/2025 17:00:00,AIS,POINT (11.45425 57.433917),621819094_0,0 days 00:06:01,2.2134322688643247e-07,143.08743078737962,0.0,0,4.541941802965885,57.433917,11.45425
2025-01-31 15:04:00,2025-01-31 15:04:00,Class A,621819094_0,57.431433,11.457767,Under way using engine,0.0,11.2,142.0,139.0,9332810,J2HC,KIWALA,Tanker,0,42.0,244.0,GPS,7.7,RUPIR,03/02/2025 17:00:00,AIS,POINT (11.457767 57.431433),621819094_0,0 days 00:00:59,1.51275071201645e-06,142.68588125920593,0.0,0,4.537758542540798,57.431433,11.457767
2025-01-31 15:05:00,2025-01-31 15:05:00,Class A,621819094_0,57.428933,11.461367,Under way using engine,0.0,11.2,142.0,139.0,9332810,J2HC,KIWALA,Tanker,0,42.0,244.0,GPS,7.7,RUPIR,03/02/2025 17:00:00,AIS,POINT (11.461367 57.428933),621819094_0,0 days 00:01:00,-3.9915128010554444e-07,142.21597118239083,0.0,0,4.533492426617917,57.428933,11.461367
2025-01-31 15:06:00,2025-01-31 15:06:00,Class A,621819094_0,57.426483,11.464767,Under way using engine,0.0,11.2,143.0,139.0,9332810,J2HC,KIWALA,Tanker,0,42.0,244.0,GPS,7.7,RUPIR,03/02/2025 17:00:00,AIS,POINT (11.464767 57.426483),621819094_0,0 days 00:01:00,-3.2513522992879114e-06,143.2345543677032,0.0,0,4.529430941741135,57.426483,11.464767
2025-01-31 15:07:00,2025-01-31 15:07:00,Class A,621819094_0,57.424,11.468233,Under way using engine,0.0,11.1,142.0,139.0,9332810,J2HC,KIWALA,Tanker,0,42.0,244.0,GPS,7.7,RUPIR,03/02/2025 17:00:00,AIS,POINT (11.468233 57.424),621819094_0,0 days 00:01:00,1.479950190342285e-06,143.07193031592362,0.0,0,4.525296191882803,57.424,11.468233
2025-01-31 15:08:00,2025-01-31 15:08:00,Class A,621819094_0,57.421483,11.47175,Under way using engine,-1.1,11.1,143.0,139.0,9332810,J2HC,KIWALA,Tanker,0,42.0,244.0,GPS,7.7,RUPIR,03/02/2025 17:00:00,AIS,POINT (11.47175 57.421483),621819094_0,0 days 00:01:00,1.354588528193262e-06,143.04231612971353,0.0,0,4.521101774805009,57.421483,11.47175
2025-01-31 15:09:00,2025-01-31 15:09:00,Class A,621819094_0,57.41905,11.475133,Under way using engine,0.0,11.1,142.0,139.0,9332810,J2HC,KIWALA,Tanker,0,42.0,244.0,GPS,7.7,RUPIR,03/02/2025 17:00:00,AIS,POINT (11.475133 57.41905),621819094_0,0 days 00:01:00,-3.418705989544658e-06,143.1753770965106,0.0,0,4.517063046224726,57.41905,11.475133
2025-01-31 15:10:00,2025-01-31 15:10:00,Class A,621819094_0,57.416583,11.478583,Under way using engine,0.0,11.1,143.0,139.0,9332810,J2HC,KIWALA,Tanker,0,42.0,244.0,GPS,7.7,RUPIR,03/02/2025 17:00:00,AIS,POINT (11.478583 57.416583),621819094_0,0 days 00:01:00,1.515084148075192e-06,143.01577088161332,0.0,0,4.512949758313957,57.416583,11.478583
2025-01-31 15:11:00,2025-01-31 15:11:00,Class A,621819094_0,57.414117,11.482017,Under way using engine,0.0,11.1,142.0,139.0,9332810,J2HC,KIWALA,Tanker,0,42.0,244.0,GPS,7.7,RUPIR,03/02/2025 17:00:00,AIS,POINT (11.482017 57.414117),621819094_0,0 days 00:01:00,-1.8306457917754982e-07,143.13068159593428,0.0,0,4.508851966341985,57.414117,11.482017
2025-01-31 15:12:00,2025-01-31 15:12:00,Class A,621819094_0,57.411633,11.485417,Under way using engine,0.0,11.1,143.0,139.0,9332810,J2HC,KIWALA,Tanker,0,42.0,244.0,GPS,7.7,RUPIR,03/02/2025 17:00:00,AIS,POINT (11.485417 57.411633),621819094_0,0 days 00:01:00,1.0972998140987116e-07,143.60134375847707,0.0,0,4.504779491495894,57.411633,11.485417
2025-01-31 15:13:00,2025-01-31 15:13:00,Class A,621819094_0,57.409133,11.48885,Under way using engine,0.0,11.1,143.0,139.0,9332810,J2HC,KIWALA,Tanker,0,42.0,244.0,GPS,7.7,RUPIR,03/02/2025 17:00:00,AIS,POINT (11.48885 57.409133),621819094_0,0 days 00:01:00,7.278458997128674e-07,143.51079897921414,0.0,0,4.500670707832889,57.409133,11.48885
2025-01-31 15:14:00,2025-01-31 15:14:00,Class A,621819094_0,57.406683,11.49215,Under way using engine,-2.2,11.1,144.0,138.0,9332810,J2HC,KIWALA,Tanker,0,42.0,244.0,GPS,7.7,RUPIR,03/02/2025 17:00:00,AIS,POINT (11.49215 57.406683),621819094_0,0 days 00:01:00,-2.558624823420219e-06,144.03642438924498,0.0,0,4.4967042551345315,57.406683,11.49215
2025-01-31 15:15:00,2025-01-31 15:15:00,Class A,621819094_0,57.4042,11.495517,Under way using engine,-1.1,11.0,142.0,136.0,9332810,J2HC,KIWALA,Tanker,0,42.0,244.0,GPS,7.7,RUPIR,03/02/2025 17:00:00,AIS,POINT (11.495517 57.4042),621819094_0,0 days 00:01:00,1.4861902586560307e-06,143.85135102123513,0.0,0,4.492663641049151,57.4042,11.495517
2025-01-31 15:16:00,2025-01-31 15:16:00,Class A,621819094_0,57.4018,11.499,Under way using engine,0.0,10.9,141.0,135.0,9332810,J2HC,KIWALA,Tanker,0,42.0,244.0,GPS,7.7,RUPIR,03/02/2025 17:00:00,AIS,POINT (11.499 57.4018),621819094_0,0 days 00:01:00,-8.753676711255985e-07,141.9792736197267,0.0,0,4.488545502927201,57.4018,11.499
2025-01-31 15:17:00,2025-01-31 15:17:00,Class A,621819094_0,57.399433,11.50255,Under way using engine,0.0,10.9,140.0,135.0,9332810,J2HC,KIWALA,Tanker,0,42.0,244.0,GPS,7.7,RUPIR,03/02/2025 17:00:00,AIS,POINT (11.50255 57.399433),621819094_0,0 days 00:01:00,-9.921418976881954e-08,141.05929600919438,0.0,0,4.484377190619117,57.399433,11.50255
2025-01-31 15:18:00,2025-01-31 15:18:00,Class A,621819094_0,57.397067,11.50625,Under way using engine,0.0,10.9,139.0,135.0,9332810,J2HC,KIWALA,Tanker,0,42.0,244.0,GPS,7.7,RUPIR,03/02/2025 17:00:00,AIS,POINT (11.50625 57.397067),621819094_0,0 days 00:01:00,1.5748703386288486e-06,139.8815829214534,0.0,0,4.480069716927294,57.397067,11.50625
2025-01-31 15:21:02,2025-01-31 15:21:02,Class A,621819094_0,57.390217,11.517233,Under way using engine,0.0,10.8,137.0,133.0,9332810,J2HC,KIWALA,Tanker,0,42.0,244.0,GPS,7.7,RUPIR,03/02/2025 17:00:00,AIS,POINT (11.517233 57.390217),621819094_0,0 days 00:03:02,-1.1171877320536064e-06,139.1686158225802,0.0,0,4.467347420589762,57.390217,11.517233
2025-01-31 15:27:00,2025-01-31 15:27:00,Class A,621819094_0,57.37735,11.540517,Under way using engine,0.0,10.7,133.0,130.0,9332810,J2HC,KIWALA,Tanker,0,42.0,244.0,GPS,7.7,RUPIR,03/02/2025 17:00:00,AIS,POINT (11.540517 57.37735),621819094_0,0 days 00:05:58,1.4740117701506656e-07,135.70408508778587,0.0,0,4.4409804461971,57.37735,11.540517
2025-01-31 15:45:01,2025-01-31 15:45:01,Class A,621819094_0,57.3407,11.612817,Under way using engine,0.0,10.7,130.0,129.0,9332810,J2HC,KIWALA,Tanker,0,42.0,244.0,GPS,7.7,RUPIR,03/02/2025 17:00:00,AIS,POINT (11.612817 57.3407),621819094_0,0 days 00:18:01,-7.187261037963081e-08,133.19272106335018,0.0,0,4.36031742686298,57.3407,11.612817
2025-01-31 15:46:00,2025-01-31 15:46:00,Class A,621819094_0,57.3387,11.617133,Under way using engine,0.0,10.7,130.0,129.0,9332810,J2HC,KIWALA,Tanker,0,42.0,244.0,GPS,7.7,RUPIR,03/02/2025 17:00:00,AIS,POINT (11.617133 57.3387),621819094_0,0 days 00:00:59,4.785361976618274e-06,130.65016493940465,0.0,0,4.3555704637244705,57.3387,11.617133
2025-01-31 15:47:00,2025-01-31 15:47:00,Class A,621819094_0,57.336783,11.621333,Under way using engine,0.0,10.7,130.0,129.0,9332810,J2HC,KIWALA,Tanker,0,42.0,244.0,GPS,7.7,RUPIR,03/02/2025 17:00:00,AIS,POINT (11.621333 57.336783),621819094_0,0 days 00:01:00,-4.7502134704441805e-06,130.22043688606828,0.0,0,4.350961660307522,57.336783,11.621333
2025-01-31 15:48:00,2025-01-31 15:48:00,Class A,621819094_0,57.334833,11.625517,Under way using engine,0.0,10.7,130.0,129.0,9332810,J2HC,KIWALA,Tanker,0,42.0,244.0,GPS,7.7,RUPIR,03/02/2025 17:00:00,AIS,POINT (11.625517 57.334833),621819094_0,0 days 00:01:00,4.616239144037438e-07,130.8099351313209,0.0,0,4.346355886855333,57.334833,11.625517
2025-01-31 15:49:00,2025-01-31 15:49:00,Class A,621819094_0,57.3329,11.629717,Under way using engine,0.0,10.7,130.0,129.0,9332810,J2HC,KIWALA,Tanker,0,42.0,244.0,GPS,7.7,RUPIR,03/02/2025 17:00:00,AIS,POINT (11.629717 57.3329),621819094_0,0 days 00:01:00,-1.3598274945424728e-07,130.45242209482979,0.0,0,4.341741346787601,57.3329,11.629717
2025-01-31 15:50:00,2025-01-31 15:50:00,Class A,621819094_0,57.330983,11.63385,Under way using engine,1.1,10.7,129.0,129.0,9332810,J2HC,KIWALA,Tanker,0,42.0,244.0,GPS,7.7,RUPIR,03/02/2025 17:00:00,AIS,POINT (11.63385 57.330983),621819094_0,0 days 00:01:00,-1.170998013696256e-06,130.6708756017473,0.0,0,4.3371950861755115,57.330983,11.63385
2025-01-31 15:51:00,2025-01-31 15:51:00,Class A,621819094_0,57.328983,11.6381,Under way using engine,-1.1,10.7,131.0,129.0,9332810,J2HC,KIWALA,Tanker,0,42.0,244.0,GPS,7.7,RUPIR,03/02/2025 17:00:00,AIS,POINT (11.6381 57.328983),621819094_0,0 days 00:01:00,3.1626419767158265e-06,131.07956827167686,0.0,0,4.332509784875852,57.328983,11.6381
2025-01-31 15:52:00,2025-01-31 15:52:00,Class A,621819094_0,57.327017,11.642283,Under way using engine,-1.1,10.8,130.0,127.0,9332810,J2HC,KIWALA,Tanker,0,42.0,244.0,GPS,7.7,RUPIR,03/02/2025 17:00:00,AIS,POINT (11.642283 57.327017),621819094_0,0 days 00:01:00,-1.5332456790321415e-06,131.0424262241587,0.0,0,4.327899261795494,57.327017,11.642283
2025-01-31 16:03:02,2025-01-31 16:03:02,Class A,621819094_0,57.306433,11.690233,Under way using engine,0.0,10.9,127.0,126.0,9332810,J2HC,KIWALA,Tanker,0,42.0,244.0,GPS,7.7,RUPIR,03/02/2025 17:00:00,AIS,POINT (11.690233 57.306433),621819094_0,0 days 00:11:02,1.1814189247546146e-08,128.46352717099444,0.0,0,4.275753139537642,57.306433,11.690233
2025-01-31 16:09:00,2025-01-31 16:09:00,Class A,621819094_0,57.295333,11.716833,Under way using engine,0.0,10.9,127.0,126.0,9332810,J2HC,KIWALA,Tanker,0,42.0,244.0,GPS,7.7,RUPIR,03/02/2025 17:00:00,AIS,POINT (11.716833 57.295333),621819094_0,0 days 00:05:58,2.3522314146004207e-07,127.67274162668059,0.0,0,4.2469405230196005,57.295333,11.716833
2025-01-31 16:15:02,2025-01-31 16:15:02,Class A,621819094_0,57.28345,11.742817,Under way using engine,0.0,11.1,131.0,129.0,9332810,J2HC,KIWALA,Tanker,0,42.0,244.0,GPS,7.7,RUPIR,03/02/2025 17:00:00,AIS,POINT (11.742817 57.28345),621819094_0,0 days 00:06:02,2.772892412669801e-08,130.22923415256025,0.0,0,4.218421134086188,57.28345,11.742817
2025-01-31 16:21:02,2025-01-31 16:21:02,Class A,621819094_0,57.271217,11.768883,Under way using engine,0.0,11.2,130.0,129.0,9332810,J2HC,KIWALA,Tanker,0,42.0,244.0,GPS,7.7,RUPIR,03/02/2025 17:00:00,AIS,POINT (11.768883 57.271217),621819094_0,0 days 00:06:00,3.1493521609004214e-07,130.95252512014008,0.0,0,4.189700214126304,57.271217,11.768883
2025-01-31 16:26:00,2025-01-31 16:26:00,Class A,621819094_0,57.2609,11.790767,Under way using engine,0.0,11.3,130.0,130.0,9332810,J2HC,KIWALA,Tanker,0,42.0,244.0,GPS,7.7,RUPIR,03/02/2025 17:00:00,AIS,POINT (11.790767 57.2609),621819094_0,0 days 00:04:58,3.1781491030554557e-07,131.07417613780058,0.0,0,4.165571286487004,57.2609,11.790767
2025-01-31 16:27:00,2025-01-31 16:27:00,Class A,621819094_0,57.258867,11.79505,Under way using engine,0.0,11.3,131.0,130.0,9332810,J2HC,KIWALA,Tanker,0,42.0,244.0,GPS,7.7,RUPIR,03/02/2025 17:00:00,AIS,POINT (11.79505 57.258867),621819094_0,0 days 00:01:00,-2.4463959714626234e-06,131.27050688394343,0.0,0,4.1608440540026255,57.258867,11.79505
2025-01-31 16:28:00,2025-01-31 16:28:00,Class A,621819094_0,57.256783,11.7994,Under way using engine,0.0,11.3,131.0,130.0,9332810,J2HC,KIWALA,Tanker,0,42.0,244.0,GPS,7.7,RUPIR,03/02/2025 17:00:00,AIS,POINT (11.7994 57.256783),621819094_0,0 days 00:01:00,1.8884449964234681e-06,131.53192293782763,0.0,0,4.1560360199166935,57.256783,11.7994
2025-01-31 16:29:00,2025-01-31 16:29:00,Class A,621819094_0,57.2547,11.80375,Under way using engine,0.0,11.3,131.0,129.0,9332810,J2HC,KIWALA,Tanker,0,42.0,244.0,GPS,7.7,RUPIR,03/02/2025 17:00:00,AIS,POINT (11.80375 57.2547),621819094_0,0 days 00:01:00,-1.7416062914633414e-08,131.5166659531826,0.0,0,4.151228380100039,57.2547,11.80375
2025-01-31 16:30:00,2025-01-31 16:30:00,Class A,621819094_0,57.252633,11.80815,Under way using engine,0.0,11.3,130.0,129.0,9332810,J2HC,KIWALA,Tanker,0,42.0,244.0,GPS,7.7,RUPIR,03/02/2025 17:00:00,AIS,POINT (11.80815 57.252633),621819094_0,0 days 00:01:00,3.0797033252924086e-07,130.9714466580525,0.0,0,4.146379833607265,57.252633,11.80815
2025-01-31 16:31:00,2025-01-31 16:31:00,Class A,621819094_0,57.25055,11.812633,Under way using engine,0.0,11.3,130.0,129.0,9332810,J2HC,KIWALA,Tanker,0,42.0,244.0,GPS,7.7,RUPIR,03/02/2025 17:00:00,AIS,POINT (11.812633 57.25055),621819094_0,0 days 00:01:00,1.3803920407945771e-06,130.65869475008674,0.0,0,4.141448096085353,57.25055,11.812633
2025-01-31 16:32:00,2025-01-31 16:32:00,Class A,621819094_0,57.248567,11.816983,Under way using engine,2.2,11.3,130.0,130.0,9332810,J2HC,KIWALA,Tanker,0,42.0,244.0,GPS,7.7,RUPIR,03/02/2025 17:00:00,AIS,POINT (11.816983 57.248567),621819094_0,0 days 00:01:00,-3.6991232544978463e-06,130.11761149330715,0.0,0,4.136676385970988,57.248567,11.816983
2025-01-31 16:33:00,2025-01-31 16:33:00,Class A,621819094_0,57.246483,11.821333,Under way using engine,1.1,11.3,131.0,131.0,9332810,J2HC,KIWALA,Tanker,0,42.0,244.0,GPS,7.7,RUPIR,03/02/2025 17:00:00,AIS,POINT (11.821333 57.246483),621819094_0,0 days 00:01:00,2.043350831078608e-06,131.52397443157975,0.0,0,4.131868515195758,57.246483,11.821333
2025-01-31 16:34:00,2025-01-31 16:34:00,Class A,621819094_0,57.244317,11.825667,Under way using engine,0.0,11.3,133.0,131.0,9332810,J2HC,KIWALA,Tanker,0,42.0,244.0,GPS,7.7,RUPIR,03/02/2025 17:00:00,AIS,POINT (11.825667 57.244317),621819094_0,0 days 00:01:00,1.5036905956341441e-06,132.72733864835948,0.0,0,4.12704625338583,57.244317,11.825667
2025-01-31 16:35:00,2025-01-31 16:35:00,Class A,621819094_0,57.24225,11.82985,Under way using engine,2.2,11.3,132.0,133.0,9332810,J2HC,KIWALA,Tanker,0,42.0,244.0,GPS,7.7,RUPIR,03/02/2025 17:00:00,AIS,POINT (11.82985 57.24225),621819094_0,0 days 00:01:00,-3.933147285843088e-06,132.4025926395567,0.0,0,4.122400479629313,57.24225,11.82985
2025-01-31 16:36:00,2025-01-31 16:36:00,Class A,621819094_0,57.240017,11.834067,Under way using engine,0.0,11.3,135.0,134.0,9332810,J2HC,KIWALA,Tanker,0,42.0,244.0,GPS,7.7,RUPIR,03/02/2025 17:00:00,AIS,POINT (11.834067 57.240017),621819094_0,0 days 00:01:00,3.942410270863052e-06,134.37846785392298,0.0,0,4.117663591624018,57.240017,11.834067
2025-01-31 16:37:00,2025-01-31 16:37:00,Class A,621819094_0,57.237767,11.838117,Under way using engine,1.1,11.3,135.0,135.0,9332810,J2HC,KIWALA,Tanker,0,42.0,244.0,GPS,7.7,RUPIR,03/02/2025 17:00:00,AIS,POINT (11.838117 57.237767),621819094_0,0 days 00:01:00,-1.6054717255474208e-06,135.75151177216446,0.0,0,4.1130766501714975,57.237767,11.838117
2025-01-31 16:38:00,2025-01-31 16:38:00,Class A,621819094_0,57.2355,11.84205,Under way using engine,2.9,11.4,136.0,137.0,9332810,J2HC,KIWALA,Tanker,0,42.0,244.0,GPS,7.7,RUPIR,03/02/2025 17:00:00,AIS,POINT (11.84205 57.2355),621819094_0,0 days 00:01:00,-9.752660914246677e-07,136.80412848230822,0.0,0,4.108592997334733,57.2355,11.84205
2025-01-31 16:39:00,2025-01-31 16:39:00,Class A,621819094_0,57.233517,11.8453,Under way using engine,0.0,11.4,139.0,139.0,9332810,J2HC,KIWALA,Tanker,0,42.0,244.0,GPS,7.7,RUPIR,03/02/2025 17:00:00,AIS,POINT (11.8453 57.233517),621819094_0,0 days 00:01:00,-1.4213879391890918e-05,138.42585023767998,0.0,0,4.104848858268596,57.233517,11.8453
2025-01-31 16:40:00,2025-01-31 16:40:00,Class A,621819094_0,57.23065,11.849733,Under way using engine,1.1,11.5,140.0,141.0,9332810,J2HC,KIWALA,Tanker,0,42.0,244.0,GPS,7.7,RUPIR,03/02/2025 17:00:00,AIS,POINT (11.849733 57.23065),621819094_0,0 days 00:01:00,3.3674140126460785e-05,140.0731928920061,0.0,0,4.0996841082172395,57.23065,11.849733
2025-01-31 16:41:00,2025-01-31 16:41:00,Class A,621819094_0,57.228067,11.853417,Under way using engine,2.2,11.6,143.0,143.0,9332810,J2HC,KIWALA,Tanker,0,42.0,244.0,GPS,7.7,RUPIR,03/02/2025 17:00:00,AIS,POINT (11.853417 57.228067),621819094_0,0 days 00:01:00,-1.4724055471667814e-05,142.33044879502734,0.0,0,4.095320682753184,57.228067,11.853417
2025-01-31 16:42:00,2025-01-31 16:42:00,Class A,621819094_0,57.22545,11.856867,Under way using engine,2.2,11.6,145.0,147.0,9332810,J2HC,KIWALA,Tanker,0,42.0,244.0,GPS,7.7,RUPIR,03/02/2025 17:00:00,AIS,POINT (11.856867 57.22545),621819094_0,0 days 00:01:00,-1.4970943679788247e-06,144.4862054814614,0.0,0,4.091164036421054,57.22545,11.856867
2025-01-31 16:43:00,2025-01-31 16:43:00,Class A,621819094_0,57.2228,11.860033,Under way using engine,2.2,11.4,148.0,152.0,9332810,J2HC,KIWALA,Tanker,0,42.0,244.0,GPS,7.7,RUPIR,03/02/2025 17:00:00,AIS,POINT (11.860033 57.2228),621819094_0,0 days 00:01:00,-1.8367850550106076e-06,147.10529037197568,0.0,0,4.087261347047555,57.2228,11.860033
2025-01-31 16:44:00,2025-01-31 16:44:00,Class A,621819094_0,57.22,11.862833,Under way using engine,3.6,11.1,152.0,156.0,9332810,J2HC,KIWALA,Tanker,0,42.0,244.0,GPS,7.7,RUPIR,03/02/2025 17:00:00,AIS,POINT (11.862833 57.22),621819094_0,0 days 00:01:00,8.552873068647827e-07,151.56796462098362,0.0,0,4.083647725045465,57.22,11.862833
2025-01-31 16:45:00,2025-01-31 16:45:00,Class A,621819094_0,57.217283,11.865117,Under way using engine,3.6,10.8,157.0,162.0,9332810,J2HC,KIWALA,Tanker,0,42.0,244.0,GPS,7.7,RUPIR,03/02/2025 17:00:00,AIS,POINT (11.865117 57.217283),621819094_0,0 days 00:01:00,-6.163434565118007e-06,155.52648441481222,0.0,0,4.080546535747632,57.217283,11.865117
2025-01-31 16:46:00,2025-01-31 16:46:00,Class A,621819094_0,57.214533,11.866867,Under way using engine,2.2,10.2,162.0,165.0,9332810,J2HC,KIWALA,Tanker,0,42.0,244.0,GPS,7.7,RUPIR,03/02/2025 17:00:00,AIS,POINT (11.866867 57.214533),621819094_0,0 days 00:01:00,-2.379331650866805e-06,160.98659974784948,0.0,0,4.0779335460993,57.214533,11.866867
2025-01-31 16:51:00,2025-01-31 16:51:00,Class A,621819094_0,57.202317,11.871583,Under way using engine,1.1,8.1,169.0,168.0,9332810,J2HC,KIWALA,Tanker,0,42.0,244.0,GPS,7.7,RUPIR,03/02/2025 17:00:00,AIS,POINT (11.871583 57.202317),621819094_0,0 days 00:05:00,-2.555519049886448e-06,168.18877087434362,0.0,0,4.0691984154437595,57.202317,11.871583
2025-01-31 17:09:00,2025-01-31 17:09:00,Class A,621819094_0,57.1702,11.881833,Under way using engine,0.0,7.5,165.0,165.0,9332810,J2HC,KIWALA,Tanker,0,42.0,244.0,GPS,7.7,RUPIR,03/02/2025 17:00:00,AIS,POINT (11.881833 57.1702),621819094_0,0 days 00:18:00,-1.177864594511257e-06,170.18355633332726,0.0,0,4.048360553047245,57.1702,11.881833
2025-01-31 17:21:02,2025-01-31 17:21:02,Class A,621819094_0,57.140817,11.90045,Under way using engine,0.0,10.1,157.0,158.0,9332810,J2HC,KIWALA,Tanker,0,42.0,244.0,GPS,7.7,RUPIR,03/02/2025 17:00:00,AIS,POINT (11.90045 57.140817),621819094_0,0 days 00:12:02,1.983585397857151e-06,161.02748431260784,0.0,0,4.020765043536988,57.140817,11.90045
2025-01-31 17:27:01,2025-01-31 17:27:01,Class A,621819094_0,57.124717,11.9133,Under way using engine,1.1,11.0,155.0,156.0,9332810,J2HC,KIWALA,Tanker,0,42.0,244.0,GPS,7.7,RUPIR,03/02/2025 17:00:00,AIS,POINT (11.9133 57.124717),621819094_0,0 days 00:05:59,1.8136364957437966e-06,156.5750383469301,0.0,0,4.00319993670426,57.124717,11.9133
2025-01-31 17:33:00,2025-01-31 17:33:00,Class A,621819094_0,57.107517,11.92775,Under way using engine,0.0,11.5,155.0,157.0,9332810,J2HC,KIWALA,Tanker,0,42.0,244.0,GPS,7.7,RUPIR,03/02/2025 17:00:00,AIS,POINT (11.92775 57.107517),621819094_0,0 days 00:05:59,1.1753957356204903e-06,155.47472089477424,0.0,0,3.9837869284801117,57.107517,11.92775
2025-01-31 17:51:00,2025-01-31 17:51:00,Class A,621819094_0,57.0541,11.97225,Under way using engine,0.0,11.8,155.0,157.0,9332810,J2HC,KIWALA,Tanker,0,42.0,244.0,GPS,7.7,RUPIR,03/02/2025 17:00:00,AIS,POINT (11.97225 57.0541),621819094_0,0 days 00:18:00,1.684302818256224e-07,155.62336594825592,0.0,0,3.9240603833463097,57.0541,11.97225
2025-01-31 17:57:00,2025-01-31 17:57:00,Class A,621819094_0,57.036067,11.987033,Under way using engine,1.1,11.7,159.0,162.0,9332810,J2HC,KIWALA,Tanker,0,42.0,244.0,GPS,7.7,RUPIR,03/02/2025 17:00:00,AIS,POINT (11.987033 57.036067),621819094_0,0 days 00:06:00,1.7110068040690186e-07,155.95978073281003,0.0,0,3.9041972732240366,57.036067,11.987033
2025-01-31 17:58:00,2025-01-31 17:58:00,Class A,621819094_0,57.033,11.989017,Under way using engine,1.1,11.7,161.0,165.0,9332810,J2HC,KIWALA,Tanker,0,42.0,244.0,GPS,7.7,RUPIR,03/02/2025 17:00:00,AIS,POINT (11.989017 57.033),621819094_0,0 days 00:01:00,-1.2288923678771403e-06,160.60748541686155,0.0,0,3.9013243396832564,57.033,11.989017
2025-01-31 17:59:00,2025-01-31 17:59:00,Class A,621819094_0,57.029883,11.990783,Under way using engine,1.1,11.7,163.0,167.0,9332810,J2HC,KIWALA,Tanker,0,42.0,244.0,GPS,7.7,RUPIR,03/02/2025 17:00:00,AIS,POINT (11.990783 57.029883),621819094_0,0 days 00:01:00,3.149654056027688e-07,162.8639141172207,0.0,0,3.898642738654824,57.029883,11.990783
2025-01-31 18:00:00,2025-01-31 18:00:00,Class A,621819094_0,57.026683,11.992317,Under way using engine,1.1,11.7,165.0,168.0,9332810,J2HC,KIWALA,Tanker,0,42.0,244.0,GPS,7.7,RUPIR,03/02/2025 17:00:00,AIS,POINT (11.992317 57.026683),621819094_0,0 days 00:01:00,1.3974267170289152e-06,165.37750181125307,0.0,0,3.8961552611262804,57.026683,11.992317
2025-01-31 18:01:00,2025-01-31 18:01:00,Class A,621819094_0,57.023567,11.99365,Under way using engine,0.0,11.7,166.0,168.0,9332810,J2HC,KIWALA,Tanker,0,42.0,244.0,GPS,7.7,RUPIR,03/02/2025 17:00:00,AIS,POINT (11.99365 57.023567),621819094_0,0 days 00:01:00,-3.3362839440954423e-06,166.89250547367772,0.0,0,3.893886784837098,57.023567,11.99365
2025-01-31 18:02:00,2025-01-31 18:02:00,Class A,621819094_0,57.020333,11.994967,Under way using engine,0.0,11.7,167.0,169.0,9332810,J2HC,KIWALA,Tanker,0,42.0,244.0,GPS,7.7,RUPIR,03/02/2025 17:00:00,AIS,POINT (11.994967 57.020333),621819094_0,0 days 00:01:00,3.49954334515253e-06,167.50103710929648,0.0,0,3.891597060051566,57.020333,11.994967
2025-01-31 18:03:00,2025-01-31 18:03:00,Class A,621819094_0,57.017183,11.99615,Under way using engine,0.0,11.8,168.0,169.0,9332810,J2HC,KIWALA,Tanker,0,42.0,244.0,GPS,7.7,RUPIR,03/02/2025 17:00:00,AIS,POINT (11.99615 57.017183),621819094_0,0 days 00:01:00,-3.0129016454955286e-06,168.44522278227214,0.0,0,3.8894630175828904,57.017183,11.99615
2025-01-31 18:09:00,2025-01-31 18:09:00,Class A,621819094_0,56.997883,12.003,Under way using engine,0.0,11.9,168.0,168.0,9332810,J2HC,KIWALA,Tanker,0,42.0,244.0,GPS,7.7,RUPIR,03/02/2025 17:00:00,AIS,POINT (12.003 56.997883),621819094_0,0 days 00:06:00,3.1453055119643185e-07,169.05869443700703,0.0,0,3.8768034860494285,56.997883,12.003
2025-01-31 18:10:00,2025-01-31 18:10:00,Class A,621819094_0,56.994583,12.0042,Under way using engine,0.0,11.9,168.0,168.0,9332810,J2HC,KIWALA,Tanker,0,42.0,244.0,GPS,7.7,RUPIR,03/02/2025 17:00:00,AIS,POINT (12.0042 56.994583),621819094_0,0 days 00:01:00,2.7200453072219005e-06,168.7958978927552,0.0,0,3.8746183251573294,56.994583,12.0042
2025-01-31 18:11:00,2025-01-31 18:11:00,Class A,621819094_0,56.991333,12.00535,Under way using engine,0.0,11.9,169.0,168.0,9332810,J2HC,KIWALA,Tanker,0,42.0,244.0,GPS,7.7,RUPIR,03/02/2025 17:00:00,AIS,POINT (12.00535 56.991333),621819094_0,0 days 00:01:00,-1.6797766316995645e-06,169.08928349103303,0.0,0,3.872498363943488,56.991333,12.00535
2025-01-31 18:12:00,2025-01-31 18:12:00,Class A,621819094_0,56.988133,12.006467,Under way using engine,0.0,12.0,169.0,169.0,9332810,J2HC,KIWALA,Tanker,0,42.0,244.0,GPS,7.7,RUPIR,03/02/2025 17:00:00,AIS,POINT (12.006467 56.988133),621819094_0,0 days 00:01:00,-1.6236857986558305e-06,169.23241175601618,0.0,0,3.8704274082330996,56.988133,12.006467
2025-01-31 18:13:00,2025-01-31 18:13:00,Class A,621819094_0,56.9848,12.0076,Under way using engine,0.0,12.0,169.0,169.0,9332810,J2HC,KIWALA,Tanker,0,42.0,244.0,GPS,7.7,RUPIR,03/02/2025 17:00:00,AIS,POINT (12.0076 56.9848),621819094_0,0 days 00:01:00,4.0934462375543225e-06,169.50674770996045,0.0,0,3.8683012336486926,56.9848,12.0076
2025-01-31 18:14:00,2025-01-31 18:14:00,Class A,621819094_0,56.981583,12.008683,Under way using engine,0.0,12.0,169.0,169.0,9332810,J2HC,KIWALA,Tanker,0,42.0,244.0,GPS,7.7,RUPIR,03/02/2025 17:00:00,AIS,POINT (12.008683 56.981583),621819094_0,0 days 00:01:00,-3.6816923988211743e-06,169.6050506687477,0.0,0,3.8662610204260655,56.981583,12.008683
2025-01-31 18:15:00,2025-01-31 18:15:00,Class A,621819094_0,56.978233,12.009767,Under way using engine,0.0,12.1,170.0,169.0,9332810,J2HC,KIWALA,Tanker,0,42.0,244.0,GPS,7.7,RUPIR,03/02/2025 17:00:00,AIS,POINT (12.009767 56.978233),621819094_0,0 days 00:01:00,4.0521277795649725e-06,169.9993449265478,0.0,0,3.864180049118054,56.978233,12.009767
2025-01-31 18:16:00,2025-01-31 18:16:00,Class A,621819094_0,56.974933,12.010833,Under way using engine,0.0,12.1,170.0,169.0,9332810,J2HC,KIWALA,Tanker,0,42.0,244.0,GPS,7.7,RUPIR,03/02/2025 17:00:00,AIS,POINT (12.010833 56.974933),621819094_0,0 days 00:01:00,-1.575737240078548e-06,170.015188414588,0.0,0,3.8621339087693474,56.974933,12.010833
2025-01-31 18:21:02,2025-01-31 18:21:02,Class A,621819094_0,56.95855,12.01605,Under way using engine,0.0,12.0,170.0,169.0,9332810,J2HC,KIWALA,Tanker,0,42.0,244.0,GPS,7.7,RUPIR,03/02/2025 17:00:00,AIS,POINT (12.01605 56.95855),621819094_0,0 days 00:05:02,-2.8996927743914616e-07,170.14998584860496,0.0,0,3.8520773977229488,56.95855,12.01605
2025-01-31 18:33:01,2025-01-31 18:33:01,Class A,621819094_0,56.918667,12.0302,Under way using engine,-2.2,12.2,166.0,162.0,9332810,J2HC,KIWALA,Tanker,0,42.0,244.0,GPS,7.7,RUPIR,03/02/2025 17:00:00,AIS,POINT (12.0302 56.918667),621819094_0,0 days 00:11:59,2.2311088594016874e-07,169.03992025227979,0.0,0,3.8264257026406496,56.918667,12.0302
2025-01-31 18:49:00,2025-01-31 18:49:00,Class A,621819094_0,56.869567,12.058383,Under way using engine,0.0,10.6,161.0,159.0,9332810,J2HC,KIWALA,Tanker,0,42.0,244.0,GPS,7.7,RUPIR,03/02/2025 17:00:00,AIS,POINT (12.058383 56.869567),621819094_0,0 days 00:15:59,-3.2955390675333894e-07,162.58159869113558,0.0,0,3.7849589496122693,56.869567,12.058383
2025-01-31 18:50:00,2025-01-31 18:50:00,Class A,621819094_0,56.866683,12.06005,Under way using engine,0.0,10.7,162.0,159.0,9332810,J2HC,KIWALA,Tanker,0,42.0,244.0,GPS,7.7,RUPIR,03/02/2025 17:00:00,AIS,POINT (12.06005 56.866683),621819094_0,0 days 00:01:00,-6.029288952956819e-06,162.46665451542515,0.0,0,3.782524412313158,56.866683,12.06005
2025-01-31 18:51:00,2025-01-31 18:51:00,Class A,621819094_0,56.863833,12.06165,Under way using engine,0.0,10.9,163.0,160.0,9332810,J2HC,KIWALA,Tanker,0,42.0,244.0,GPS,7.7,RUPIR,03/02/2025 17:00:00,AIS,POINT (12.06165 56.863833),621819094_0,0 days 00:01:00,-1.3414832898197537e-06,162.93972058191025,0.0,0,3.7801652277307927,56.863833,12.06165
2025-01-31 18:52:00,2025-01-31 18:52:00,Class A,621819094_0,56.860883,12.06325,Under way using engine,0.0,11.1,163.0,159.0,9332810,J2HC,KIWALA,Tanker,0,42.0,244.0,GPS,7.7,RUPIR,03/02/2025 17:00:00,AIS,POINT (12.06325 56.860883),621819094_0,0 days 00:01:00,2.961544365331437e-06,163.48480177967167,0.0,0,3.7777784237492016,56.860883,12.06325
2025-01-31 18:53:00,2025-01-31 18:53:00,Class A,621819094_0,56.857867,12.064917,Under way using engine,0.0,11.2,163.0,159.0,9332810,J2HC,KIWALA,Tanker,0,42.0,244.0,GPS,7.7,RUPIR,03/02/2025 17:00:00,AIS,POINT (12.064917 56.857867),621819094_0,0 days 00:01:00,2.282231248341447e-06,163.1861092939788,0.0,0,3.775309873319805,56.857867,12.064917
2025-01-31 18:54:00,2025-01-31 18:54:00,Class A,621819094_0,56.8549,12.06655,Under way using engine,0.0,11.3,163.0,159.0,9332810,J2HC,KIWALA,Tanker,0,42.0,244.0,GPS,7.7,RUPIR,03/02/2025 17:00:00,AIS,POINT (12.06655 56.8549),621819094_0,0 days 00:01:00,-1.6169525006373061e-06,163.25179559263643,0.0,0,3.7728895465078223,56.8549,12.06655
2025-01-31 18:57:02,2025-01-31 18:57:02,Class A,621819094_0,56.84575,12.071617,Under way using engine,0.0,11.7,162.0,158.0,9332810,J2HC,KIWALA,Tanker,0,42.0,244.0,GPS,7.7,RUPIR,03/02/2025 17:00:00,AIS,POINT (12.071617 56.84575),621819094_0,0 days 00:03:02,5.439638969688131e-07,163.15066166186432,0.0,0,3.765405175237454,56.84575,12.071617
2025-01-31 19:03:00,2025-01-31 19:03:00,Class A,621819094_0,56.827233,12.082833,Under way using engine,0.0,11.7,161.0,157.0,9332810,J2HC,KIWALA,Tanker,0,42.0,244.0,GPS,7.7,RUPIR,03/02/2025 17:00:00,AIS,POINT (12.082833 56.827233),621819094_0,0 days 00:05:58,6.101293554840823e-07,161.6630177344614,0.0,0,3.7636750987710146,56.827233,12.082833
2025-01-31 19:09:00,2025-01-31 19:09:00,Class A,621819094_0,56.809533,12.0933,Under way using engine,0.0,10.8,162.0,157.0,9332810,J2HC,KIWALA,Tanker,0,42.0,244.0,GPS,7.7,RUPIR,03/02/2025 17:00:00,AIS,POINT (12.0933 56.809533),621819094_0,0 days 00:06:00,-8.699507754423392e-07,162.06165407588128,0.0,0,3.7766249559743144,56.809533,12.0933
2025-01-31 19:15:00,2025-01-31 19:15:00,Class A,621819094_0,56.792617,12.103017,Under way using engine,0.0,10.6,161.0,158.0,9332810,J2HC,KIWALA,Tanker,0,42.0,244.0,GPS,7.7,RUPIR,03/02/2025 17:00:00,AIS,POINT (12.103017 56.792617),621819094_0,0 days 00:06:00,-7.486677481222457e-07,162.53622493256876,0.0,0,3.788781129387787,56.792617,12.103017
2025-01-31 19:21:01,2025-01-31 19:21:01,Class A,621819094_0,56.775833,12.112917,Under way using engine,0.0,10.4,161.0,159.0,9332810,J2HC,KIWALA,Tanker,0,42.0,244.0,GPS,7.7,RUPIR,03/02/2025 17:00:00,AIS,POINT (12.112917 56.775833),621819094_0,0 days 00:06:01,-1.2283636689740995e-07,162.08945323290288,0.0,0,3.801158606588917,56.775833,12.112917
2025-01-31 19:26:00,2025-01-31 19:26:00,Class A,621819094_0,56.762033,12.121133,Under way using engine,0.0,10.3,161.0,159.0,9332810,J2HC,KIWALA,Tanker,0,42.0,244.0,GPS,7.7,RUPIR,03/02/2025 17:00:00,AIS,POINT (12.121133 56.762033),621819094_0,0 days 00:04:59,-1.1603024411268597e-07,161.92668593239205,0.0,0,3.8114551589791787,56.762033,12.121133
2025-01-31 19:27:00,2025-01-31 19:27:00,Class A,621819094_0,56.759333,12.122717,Under way using engine,0.0,10.3,161.0,159.0,9332810,J2HC,KIWALA,Tanker,0,42.0,244.0,GPS,7.7,RUPIR,03/02/2025 17:00:00,AIS,POINT (12.122717 56.759333),621819094_0,0 days 00:01:00,-2.374393738178342e-06,162.17290315535752,0.0,0,3.8134511876835395,56.759333,12.122717
2025-01-31 19:28:00,2025-01-31 19:28:00,Class A,621819094_0,56.756567,12.124367,Under way using engine,0.0,10.3,161.0,159.0,9332810,J2HC,KIWALA,Tanker,0,42.0,244.0,GPS,7.7,RUPIR,03/02/2025 17:00:00,AIS,POINT (12.124367 56.756567),621819094_0,0 days 00:01:00,2.28870984226415e-06,161.89137142999607,0.0,0,3.8155245121090493,56.756567,12.124367
2025-01-31 19:29:00,2025-01-31 19:29:00,Class A,621819094_0,56.753783,12.12605,Under way using engine,0.0,10.3,161.0,159.0,9332810,J2HC,KIWALA,Tanker,0,42.0,244.0,GPS,7.7,RUPIR,03/02/2025 17:00:00,AIS,POINT (12.12605 56.753783),621819094_0,0 days 00:01:00,7.050240050657213e-07,161.66349198808575,0.0,0,3.817634904897009,56.753783,12.12605
2025-01-31 19:30:00,2025-01-31 19:30:00,Class A,621819094_0,56.751167,12.127667,Under way using engine,0.0,10.3,161.0,158.0,9332810,J2HC,KIWALA,Tanker,0,42.0,244.0,GPS,7.7,RUPIR,03/02/2025 17:00:00,AIS,POINT (12.127667 56.751167),621819094_0,0 days 00:01:00,-5.282679398004017e-06,161.27840652276188,0.0,0,3.819654497242519,56.751167,12.127667
2025-01-31 19:31:00,2025-01-31 19:31:00,Class A,621819094_0,56.7484,12.129367,Under way using engine,0.0,10.3,161.0,158.0,9332810,J2HC,KIWALA,Tanker,0,42.0,244.0,GPS,7.7,RUPIR,03/02/2025 17:00:00,AIS,POINT (12.129367 56.7484),621819094_0,0 days 00:01:00,4.876993121673669e-06,161.38244867535093,0.0,0,3.8217819979148477,56.7484,12.129367
2025-01-31 19:32:00,2025-01-31 19:32:00,Class A,621819094_0,56.7457,12.131,Under way using engine,-1.1,10.3,161.0,158.0,9332810,J2HC,KIWALA,Tanker,0,42.0,244.0,GPS,7.7,RUPIR,03/02/2025 17:00:00,AIS,POINT (12.131 56.7457),621819094_0,0 days 00:01:00,-2.326167327513888e-06,161.65163287057567,0.0,0,3.8238340129023647,56.7457,12.131
2025-01-31 19:33:00,2025-01-31 19:33:00,Class A,621819094_0,56.74295,12.1327,Under way using engine,0.0,10.3,161.0,158.0,9332810,J2HC,KIWALA,Tanker,0,42.0,244.0,GPS,7.7,RUPIR,03/02/2025 17:00:00,AIS,POINT (12.1327 56.74295),621819094_0,0 days 00:01:00,1.8293742306755949e-06,161.2728302873038,0.0,0,3.82596183201414,56.74295,12.1327
2025-01-31 19:34:01,2025-01-31 19:34:01,Class A,621819094_0,56.7403,12.134383,Under way using engine,0.0,10.2,161.0,158.0,9332810,J2HC,KIWALA,Tanker,0,42.0,244.0,GPS,7.7,RUPIR,03/02/2025 17:00:00,AIS,POINT (12.134383 56.7403),621819094_0,0 days 00:01:01,-4.36858233966779e-06,160.79629618616525,0.0,0,3.828057945257621,56.7403,12.134383
2025-01-31 19:40:00,2025-01-31 19:40:00,Class A,621819094_0,56.724067,12.144533,Under way using engine,0.0,10.2,160.0,157.0,9332810,J2HC,KIWALA,Tanker,0,42.0,244.0,GPS,7.7,RUPIR,03/02/2025 17:00:00,AIS,POINT (12.144533 56.724067),621819094_0,0 days 00:05:59,5.586167648147277e-07,161.06411520682173,0.0,0,3.840771849793866,56.724067,12.144533
2025-01-31 19:41:00,2025-01-31 19:41:00,Class A,621819094_0,56.721367,12.146267,Under way using engine,0.0,10.2,160.0,157.0,9332810,J2HC,KIWALA,Tanker,0,42.0,244.0,GPS,7.7,RUPIR,03/02/2025 17:00:00,AIS,POINT (12.146267 56.721367),621819094_0,0 days 00:01:00,-1.680347786608971e-07,160.58774495730506,0.0,0,3.8429368105532253,56.721367,12.146267
2025-01-31 19:42:00,2025-01-31 19:42:00,Class A,621819094_0,56.718733,12.147967,Under way using engine,0.0,10.2,160.0,157.0,9332810,J2HC,KIWALA,Tanker,0,42.0,244.0,GPS,7.7,RUPIR,03/02/2025 17:00:00,AIS,POINT (12.147967 56.718733),621819094_0,0 days 00:01:00,-2.1167901222064454e-06,160.49748808287166,0.0,0,3.8450585209129127,56.718733,12.147967
2025-01-31 19:43:00,2025-01-31 19:43:00,Class A,621819094_0,56.716017,12.149717,Under way using engine,0.0,10.2,160.0,157.0,9332810,J2HC,KIWALA,Tanker,0,42.0,244.0,GPS,7.7,RUPIR,03/02/2025 17:00:00,AIS,POINT (12.149717 56.716017),621819094_0,0 days 00:01:00,2.6754484583990627e-06,160.52626040879704,0.0,0,3.847244852177335,56.716017,12.149717
2025-01-31 19:44:00,2025-01-31 19:44:00,Class A,621819094_0,56.713383,12.151433,Under way using engine,0.0,10.2,159.0,157.0,9332810,J2HC,KIWALA,Tanker,0,42.0,244.0,GPS,7.7,RUPIR,03/02/2025 17:00:00,AIS,POINT (12.151433 56.713383),621819094_0,0 days 00:01:00,-2.582728955408178e-06,160.32538116424996,0.0,0,3.8493851370068186,56.713383,12.151433
2025-01-31 19:45:00,2025-01-31 19:45:00,Class A,621819094_0,56.710733,12.1532,Under way using engine,0.0,10.2,160.0,159.0,9332810,J2HC,KIWALA,Tanker,0,42.0,244.0,GPS,7.7,RUPIR,03/02/2025 17:00:00,AIS,POINT (12.1532 56.710733),621819094_0,0 days 00:01:00,7.616114452422731e-07,159.89830428227287,0.0,0,3.85157978690407,56.710733,12.1532
2025-01-31 19:46:00,2025-01-31 19:46:00,Class A,621819094_0,56.707967,12.154933,Under way using engine,0.0,10.1,161.0,160.0,9332810,J2HC,KIWALA,Tanker,0,42.0,244.0,GPS,7.7,RUPIR,03/02/2025 17:00:00,AIS,POINT (12.154933 56.707967),621819094_0,0 days 00:01:00,3.1877291968421697e-06,161.02131620460955,0.0,0,3.853762293365926,56.707967,12.154933
2025-01-31 19:47:00,2025-01-31 19:47:00,Class A,621819094_0,56.705367,12.156533,Under way using engine,0.0,10.2,161.0,160.0,9332810,J2HC,KIWALA,Tanker,0,42.0,244.0,GPS,7.7,RUPIR,03/02/2025 17:00:00,AIS,POINT (12.156533 56.705367),621819094_0,0 days 00:01:00,-5.5898377328256e-06,161.33434522218874,0.0,0,3.8557866516923616,56.705367,12.156533
2025-01-31 19:51:00,2025-01-31 19:51:00,Class A,621819094_0,56.694567,12.1631,Under way using engine,0.0,10.2,161.0,161.0,9332810,J2HC,KIWALA,Tanker,0,42.0,244.0,GPS,7.7,RUPIR,03/02/2025 17:00:00,AIS,POINT (12.1631 56.694567),621819094_0,0 days 00:04:00,7.899247722260904e-07,161.5363556587679,0.0,0,3.8641320596672157,56.694567,12.1631
2025-01-31 19:55:00,2025-01-31 19:55:00,Class A,621819094_0,56.68385,12.169917,Under way using engine,1.1,10.2,159.0,162.0,9332810,J2HC,KIWALA,Tanker,0,42.0,244.0,GPS,7.7,RUPIR,03/02/2025 17:00:00,AIS,POINT (12.169917 56.68385),621819094_0,0 days 00:04:00,-6.508014266730785e-08,160.74134922115047,0.0,0,3.8727320319105476,56.68385,12.169917
2025-01-31 19:56:00,2025-01-31 19:56:00,Class A,621819094_0,56.681167,12.171617,Under way using engine,0.0,10.2,160.0,163.0,9332810,J2HC,KIWALA,Tanker,0,42.0,244.0,GPS,7.7,RUPIR,03/02/2025 17:00:00,AIS,POINT (12.171617 56.681167),621819094_0,0 days 00:01:00,8.725187682773194e-08,160.8097070159148,0.0,0,3.8748820338050285,56.681167,12.171617
2025-01-31 19:57:00,2025-01-31 19:57:00,Class A,621819094_0,56.678483,12.17325,Under way using engine,0.0,10.2,161.0,164.0,9332810,J2HC,KIWALA,Tanker,0,42.0,244.0,GPS,7.7,RUPIR,03/02/2025 17:00:00,AIS,POINT (12.17325 56.678483),621819094_0,0 days 00:01:00,-3.390552414373899e-07,161.51888320529156,0.0,0,3.8769677028688276,56.678483,12.17325
2025-01-31 19:58:00,2025-01-31 19:58:00,Class A,621819094_0,56.675833,12.174783,Under way using engine,0.0,10.2,162.0,163.0,9332810,J2HC,KIWALA,Tanker,0,42.0,244.0,GPS,7.7,RUPIR,03/02/2025 17:00:00,AIS,POINT (12.174783 56.675833),621819094_0,0 days 00:01:00,-1.5278585506170248e-06,162.3692457850026,0.0,0,3.878950319314363,56.675833,12.174783
2025-01-31 20:03:01,2025-01-31 20:03:01,Class A,621819094_0,56.662333,12.18265,Under way using engine,0.0,10.2,162.0,163.0,9332810,J2HC,KIWALA,Tanker,0,42.0,244.0,GPS,7.7,RUPIR,03/02/2025 17:00:00,AIS,POINT (12.18265 56.662333),621819094_0,0 days 00:05:01,2.7764427869753533e-07,162.24160946024824,0.0,0,3.8891285778163733,56.662333,12.18265
2025-01-31 20:09:00,2025-01-31 20:09:00,Class A,621819094_0,56.646083,12.192183,Under way using engine,0.0,10.2,162.0,164.0,9332810,J2HC,KIWALA,Tanker,0,42.0,244.0,GPS,7.7,RUPIR,03/02/2025 17:00:00,AIS,POINT (12.192183 56.646083),621819094_0,0 days 00:05:59,1.4467115004060213e-07,162.12286139251887,0.0,0,3.901490320276215,56.646083,12.192183
2025-01-31 20:21:00,2025-01-31 20:21:00,Class A,621819094_0,56.613433,12.211517,Under way using engine,0.0,10.3,162.0,165.0,9332810,J2HC,KIWALA,Tanker,0,42.0,244.0,GPS,7.7,RUPIR,03/02/2025 17:00:00,AIS,POINT (12.211517 56.613433),621819094_0,0 days 00:12:00,2.0433757515533678e-08,161.9506956027651,0.0,0,3.9266601590722114,56.613433,12.211517
2025-01-31 20:33:01,2025-01-31 20:33:01,Class A,621819094_0,56.580633,12.228783,Under way using engine,0.0,10.2,164.0,165.0,9332810,J2HC,KIWALA,Tanker,0,42.0,244.0,GPS,7.7,RUPIR,03/02/2025 17:00:00,AIS,POINT (12.228783 56.580633),621819094_0,0 days 00:12:01,-5.096531242724733e-08,163.83135448570476,0.0,0,3.950037871781611,56.580633,12.228783
2025-01-31 20:39:00,2025-01-31 20:39:00,Class A,621819094_0,56.564117,12.237317,Under way using engine,0.0,10.1,163.0,165.0,9332810,J2HC,KIWALA,Tanker,0,42.0,244.0,GPS,7.7,RUPIR,03/02/2025 17:00:00,AIS,POINT (12.237317 56.564117),621819094_0,0 days 00:05:59,1.4533477992172356e-07,164.10757102689968,0.0,0,3.961731759698653,56.564117,12.237317
2025-01-31 20:41:00,2025-01-31 20:41:00,Class A,621819094_0,56.558583,12.240217,Under way using engine,0.0,10.1,163.0,165.0,9332810,J2HC,KIWALA,Tanker,0,42.0,244.0,GPS,7.7,RUPIR,03/02/2025 17:00:00,AIS,POINT (12.240217 56.558583),621819094_0,0 days 00:02:00,1.5588212602307117e-07,163.89190970509787,0.0,0,3.9657014601889786,56.558583,12.240217
2025-01-31 20:42:00,2025-01-31 20:42:00,Class A,621819094_0,56.5558,12.241683,Under way using engine,0.0,10.1,163.0,165.0,9332810,J2HC,KIWALA,Tanker,0,42.0,244.0,GPS,7.7,RUPIR,03/02/2025 17:00:00,AIS,POINT (12.241683 56.5558),621819094_0,0 days 00:01:00,5.521505065801622e-07,163.81110823255767,0.0,0,3.9677074574935594,56.5558,12.241683
2025-01-31 20:43:00,2025-01-31 20:43:00,Class A,621819094_0,56.553233,12.24305,Under way using engine,0.0,10.1,163.0,165.0,9332810,J2HC,KIWALA,Tanker,0,42.0,244.0,GPS,7.7,RUPIR,03/02/2025 17:00:00,AIS,POINT (12.24305 56.553233),621819094_0,0 days 00:01:00,-6.886746185120248e-06,163.64249887138328,0.0,0,3.969573537143254,56.553233,12.24305
2025-01-31 20:44:00,2025-01-31 20:44:00,Class A,621819094_0,56.550533,12.24455,Under way using engine,0.0,10.2,163.0,165.0,9332810,J2HC,KIWALA,Tanker,0,42.0,244.0,GPS,7.7,RUPIR,03/02/2025 17:00:00,AIS,POINT (12.24455 56.550533),621819094_0,0 days 00:01:00,4.594152101797718e-06,162.97415595313612,0.0,0,3.9715984844377203,56.550533,12.24455
2025-01-31 20:45:00,2025-01-31 20:45:00,Class A,621819094_0,56.547817,12.246033,Under way using engine,0.0,10.2,163.0,165.0,9332810,J2HC,KIWALA,Tanker,0,42.0,244.0,GPS,7.7,RUPIR,03/02/2025 17:00:00,AIS,POINT (12.246033 56.547817),621819094_0,0 days 00:01:00,3.8943921986865235e-07,163.24865299620637,0.0,0,3.973611485748072,56.547817,12.246033
2025-01-31 20:46:00,2025-01-31 20:46:00,Class A,621819094_0,56.544983,12.247567,Under way using engine,0.0,10.1,163.0,165.0,9332810,J2HC,KIWALA,Tanker,0,42.0,244.0,GPS,7.7,RUPIR,03/02/2025 17:00:00,AIS,POINT (12.247567 56.544983),621819094_0,0 days 00:01:00,3.7467658043306706e-06,163.38482227466386,0.0,0,3.975700288193892,56.544983,12.247567
2025-01-31 20:47:00,2025-01-31 20:47:00,Class A,621819094_0,56.542283,12.248967,Under way using engine,0.0,10.1,163.0,166.0,9332810,J2HC,KIWALA,Tanker,0,42.0,244.0,GPS,7.7,RUPIR,03/02/2025 17:00:00,AIS,POINT (12.248967 56.542283),621819094_0,0 days 00:01:00,-4.620655680994901e-06,164.04629178500318,0.0,0,3.9776316161184417,56.542283,12.248967
2025-01-31 20:48:00,2025-01-31 20:48:00,Class A,621819094_0,56.539633,12.25035,Under way using engine,0.0,10.1,163.0,165.0,9332810,J2HC,KIWALA,Tanker,0,42.0,244.0,GPS,7.7,RUPIR,03/02/2025 17:00:00,AIS,POINT (12.25035 56.539633),621819094_0,0 days 00:01:00,-1.5661954790508956e-06,163.94691436976336,0.0,0,3.9795372563136016,56.539633,12.25035
2025-01-31 20:49:00,2025-01-31 20:49:00,Class A,621819094_0,56.536883,12.2518,Under way using engine,0.0,10.1,164.0,166.0,9332810,J2HC,KIWALA,Tanker,0,42.0,244.0,GPS,7.7,RUPIR,03/02/2025 17:00:00,AIS,POINT (12.2518 56.536883),621819094_0,0 days 00:01:00,3.290013781516689e-06,163.78878583489586,0.0,0,3.981530698260154,56.536883,12.2518
2025-01-31 20:50:00,2025-01-31 20:50:00,Class A,621819094_0,56.53415,12.25315,Under way using engine,0.0,10.1,164.0,166.0,9332810,J2HC,KIWALA,Tanker,0,42.0,244.0,GPS,7.7,RUPIR,03/02/2025 17:00:00,AIS,POINT (12.25315 56.53415),621819094_0,0 days 00:01:00,-9.696977577659025e-07,164.76279235478398,0.0,0,3.9834242295202507,56.53415,12.25315
2025-01-31 20:51:00,2025-01-31 20:51:00,Class A,621819094_0,56.531967,12.254233,Under way using engine,0.0,10.2,164.0,166.0,9332810,J2HC,KIWALA,Tanker,0,42.0,244.0,GPS,7.7,RUPIR,03/02/2025 17:00:00,AIS,POINT (12.254233 56.531967),621819094_0,0 days 00:01:00,-1.761292764290401e-05,164.69892889034054,0.0,0,3.9849423020627275,56.531967,12.254233
2025-01-31 20:52:00,2025-01-31 20:52:00,Class A,621819094_0,56.528683,12.255867,Under way using engine,-1.1,10.1,164.0,165.0,9332810,J2HC,KIWALA,Tanker,0,42.0,244.0,GPS,7.7,RUPIR,03/02/2025 17:00:00,AIS,POINT (12.255867 56.528683),621819094_0,0 days 00:01:00,3.5333641992804006e-05,164.65480317277127,0.0,0,3.987232412857946,56.528683,12.255867
2025-01-31 20:53:00,2025-01-31 20:53:00,Class A,621819094_0,56.52605,12.257183,Under way using engine,0.0,10.2,164.0,165.0,9332810,J2HC,KIWALA,Tanker,0,42.0,244.0,GPS,7.7,RUPIR,03/02/2025 17:00:00,AIS,POINT (12.257183 56.52605),621819094_0,0 days 00:01:00,-2.0856104905337077e-05,164.58780550034965,0.0,0,3.9890758125473122,56.52605,12.257183
2025-01-31 20:54:00,2025-01-31 20:54:00,Class A,621819094_0,56.523267,12.258633,Under way using engine,1.1,10.2,163.0,165.0,9332810,J2HC,KIWALA,Tanker,0,42.0,244.0,GPS,7.7,RUPIR,03/02/2025 17:00:00,AIS,POINT (12.258633 56.523267),621819094_0,0 days 00:01:00,5.087802263858965e-06,163.96561946502345,0.0,0,3.9910833441521865,56.523267,12.258633
2025-01-31 20:55:00,2025-01-31 20:55:00,Class A,621819094_0,56.52055,12.260083,Under way using engine,1.1,10.2,163.0,166.0,9332810,J2HC,KIWALA,Tanker,0,42.0,244.0,GPS,7.7,RUPIR,03/02/2025 17:00:00,AIS,POINT (12.260083 56.52055),621819094_0,0 days 00:01:00,-1.959426612828299e-06,163.59571502882284,0.0,0,3.9930782694870883,56.52055,12.260083
2025-01-31 20:56:00,2025-01-31 20:56:00,Class A,621819094_0,56.51785,12.261433,Under way using engine,0.0,10.2,164.0,167.0,9332810,J2HC,KIWALA,Tanker,0,42.0,244.0,GPS,7.7,RUPIR,03/02/2025 17:00:00,AIS,POINT (12.261433 56.51785),621819094_0,0 days 00:01:00,-9.748420507049426e-07,164.5790492896133,0.0,0,3.994973249628838,56.51785,12.261433
2025-01-31 20:57:00,2025-01-31 20:57:00,Class A,621819094_0,56.514617,12.263017,Under way using engine,0.0,10.3,164.0,167.0,9332810,J2HC,KIWALA,Tanker,0,42.0,244.0,GPS,7.7,RUPIR,03/02/2025 17:00:00,AIS,POINT (12.263017 56.514617),621819094_0,0 days 00:01:00,1.6958152949288467e-05,164.8735133462552,0.0,0,3.9972123854512653,56.514617,12.263017
2025-01-31 20:58:00,2025-01-31 20:58:00,Class A,621819094_0,56.51185,12.264267,Under way using engine,0.0,10.4,165.0,167.0,9332810,J2HC,KIWALA,Tanker,0,42.0,244.0,GPS,7.7,RUPIR,03/02/2025 17:00:00,AIS,POINT (12.264267 56.51185),621819094_0,0 days 00:01:00,-1.5388009879394082e-05,166.00357512598111,0.0,0,3.999027139040944,56.51185,12.264267
2025-01-31 20:59:00,2025-01-31 20:59:00,Class A,621819094_0,56.50935,12.26545,Under way using engine,0.0,10.3,165.0,167.0,9332810,J2HC,KIWALA,Tanker,0,42.0,244.0,GPS,7.7,RUPIR,03/02/2025 17:00:00,AIS,POINT (12.26545 56.50935),621819094_0,0 days 00:01:00,-8.284775278664657e-06,165.36607995054612,0.0,0,4.000720411317066,56.50935,12.26545
2025-01-31 21:00:00,2025-01-31 21:00:00,Class A,621819094_0,56.5066,12.266667,Under way using engine,0.0,10.4,166.0,167.0,9332810,J2HC,KIWALA,Tanker,0,42.0,244.0,GPS,7.7,RUPIR,03/02/2025 17:00:00,AIS,POINT (12.266667 56.5066),621819094_0,0 days 00:01:00,7.639495509913522e-06,166.2761253500147,0.0,0,4.00250208182157,56.5066,12.266667
2025-01-31 21:01:00,2025-01-31 21:01:00,Class A,621819094_0,56.503833,12.26785,Under way using engine,0.0,10.4,166.0,167.0,9332810,J2HC,KIWALA,Tanker,0,42.0,244.0,GPS,7.7,RUPIR,03/02/2025 17:00:00,AIS,POINT (12.26785 56.503833),621819094_0,0 days 00:01:00,3.7553866000019735e-07,166.72381590172472,0.0,0,4.004255708566574,56.503833,12.26785
2025-01-31 21:02:00,2025-01-31 21:02:00,Class A,621819094_0,56.500983,12.269083,Under way using engine,0.0,10.4,166.0,167.0,9332810,J2HC,KIWALA,Tanker,0,42.0,244.0,GPS,7.7,RUPIR,03/02/2025 17:00:00,AIS,POINT (12.269083 56.500983),621819094_0,0 days 00:01:00,2.69580084858156e-06,166.57039555683127,0.0,0,4.006077666073013,56.500983,12.269083
2025-01-31 21:03:00,2025-01-31 21:03:00,Class A,621819094_0,56.49795,12.270433,Under way using engine,0.0,10.5,166.0,167.0,9332810,J2HC,KIWALA,Tanker,0,42.0,244.0,GPS,7.7,RUPIR,03/02/2025 17:00:00,AIS,POINT (12.270433 56.49795),621819094_0,0 days 00:01:00,5.97310459004126e-06,166.19677974147294,0.0,0,4.008055264620237,56.49795,12.270433
2025-01-31 21:21:01,2025-01-31 21:21:01,Class A,621819094_0,56.446533,12.289983,Under way using engine,0.0,10.5,169.0,167.0,9332810,J2HC,KIWALA,Tanker,0,42.0,244.0,GPS,7.7,RUPIR,03/02/2025 17:00:00,AIS,POINT (12.289983 56.446533),621819094_0,0 days 00:18:01,-3.557153960230009e-07,168.13133004229064,0.0,0,4.038600931375739,56.446533,12.289983
2025-01-31 21:29:00,2025-01-31 21:29:00,Class A,621819094_0,56.424,12.2987,Under way using engine,0.0,10.1,166.0,163.0,9332810,J2HC,KIWALA,Tanker,0,42.0,244.0,GPS,7.7,RUPIR,03/02/2025 17:00:00,AIS,POINT (12.2987 56.424),621819094_0,0 days 00:07:59,-1.1538637843259004e-07,167.92362853033774,0.0,0,4.052295307110404,56.424,12.2987
2025-01-31 21:30:00,2025-01-31 21:30:00,Class A,621819094_0,56.4213,12.299867,Under way using engine,0.0,10.1,166.0,164.0,9332810,J2HC,KIWALA,Tanker,0,42.0,244.0,GPS,7.7,RUPIR,03/02/2025 17:00:00,AIS,POINT (12.299867 56.4213),621819094_0,0 days 00:01:00,-3.409405002619629e-06,166.5554863842557,0.0,0,4.054061863068446,56.4213,12.299867
2025-01-31 21:31:00,2025-01-31 21:31:00,Class A,621819094_0,56.41855,12.301,Under way using engine,0.0,10.0,167.0,163.0,9332810,J2HC,KIWALA,Tanker,0,42.0,244.0,GPS,7.7,RUPIR,03/02/2025 17:00:00,AIS,POINT (12.301 56.41855),621819094_0,0 days 00:01:00,1.373405422600583e-06,167.16229183285577,0.0,0,4.055808480097278,56.41855,12.301
2025-01-31 21:32:00,2025-01-31 21:32:00,Class A,621819094_0,56.4158,12.302183,Under way using engine,1.1,10.0,166.0,164.0,9332810,J2HC,KIWALA,Tanker,0,42.0,244.0,GPS,7.7,RUPIR,03/02/2025 17:00:00,AIS,POINT (12.302183 56.4158),621819094_0,0 days 00:01:00,1.9511128319050242e-07,166.61479992406782,0.0,0,4.057605119186686,56.4158,12.302183
2025-01-31 21:33:00,2025-01-31 21:33:00,Class A,621819094_0,56.413083,12.303267,Under way using engine,1.1,10.0,168.0,165.0,9332810,J2HC,KIWALA,Tanker,0,42.0,244.0,GPS,7.7,RUPIR,03/02/2025 17:00:00,AIS,POINT (12.303267 56.413083),621819094_0,0 days 00:01:00,-1.3746622774784821e-06,167.55374041897232,0.0,0,4.0592991786446335,56.413083,12.303267
2025-01-31 21:45:00,2025-01-31 21:45:00,Class A,621819094_0,56.380683,12.313783,Under way using engine,0.0,9.6,169.0,166.0,9332810,J2HC,KIWALA,Tanker,0,42.0,244.0,GPS,7.7,RUPIR,03/02/2025 17:00:00,AIS,POINT (12.313783 56.380683),621819094_0,0 days 00:12:00,-1.0121756920433513e-07,169.81230209924274,0.0,0,4.0772697198994585,56.380683,12.313783
2025-01-31 21:50:02,2025-01-31 21:50:02,Class A,621819094_0,56.36815,12.317483,Under way using engine,0.0,8.8,171.0,167.0,9332810,J2HC,KIWALA,Tanker,0,42.0,244.0,GPS,7.7,RUPIR,03/02/2025 17:00:00,AIS,POINT (12.317483 56.36815),621819094_0,0 days 00:05:02,-1.3532036125678608e-06,170.71374395370617,0.0,0,4.083919557024844,56.36815,12.317483
2025-01-31 21:57:01,2025-01-31 21:57:01,Class A,621819094_0,56.351767,12.3214,Under way using engine,0.0,8.3,172.0,166.0,9332810,J2HC,KIWALA,Tanker,0,42.0,244.0,GPS,7.7,RUPIR,03/02/2025 17:00:00,AIS,POINT (12.3214 56.351767),621819094_0,0 days 00:06:59,-6.936450739871302e-07,172.45350761265752,0.0,0,4.09176817898424,56.351767,12.3214
2025-01-31 22:01:00,2025-01-31 22:01:00,Class A,621819094_0,56.34265,12.32385,Under way using engine,0.0,8.1,171.0,166.0,9332810,J2HC,KIWALA,Tanker,0,42.0,244.0,GPS,7.7,RUPIR,03/02/2025 17:00:00,AIS,POINT (12.32385 56.34265),621819094_0,0 days 00:03:59,-4.0735800980953463e-07,171.52883234134492,0.0,0,4.096420920770838,56.34265,12.32385
2025-01-31 22:02:00,2025-01-31 22:02:00,Class A,621819094_0,56.340467,12.324433,Under way using engine,0.0,8.1,171.0,167.0,9332810,J2HC,KIWALA,Tanker,0,42.0,244.0,GPS,7.7,RUPIR,03/02/2025 17:00:00,AIS,POINT (12.324433 56.340467),621819094_0,0 days 00:01:00,-3.317244683662471e-06,171.58010801495584,0.0,0,4.097533911851007,56.340467,12.324433
2025-01-31 22:03:00,2025-01-31 22:03:00,Class A,621819094_0,56.33795,12.325117,Under way using engine,0.0,8.0,171.0,167.0,9332810,J2HC,KIWALA,Tanker,0,42.0,244.0,GPS,7.7,RUPIR,03/02/2025 17:00:00,AIS,POINT (12.325117 56.33795),621819094_0,0 days 00:01:00,1.0473716604849787e-05,171.43390972611792,0.0,0,4.098829781484711,56.33795,12.325117
2025-01-31 22:04:00,2025-01-31 22:04:00,Class A,621819094_0,56.336,12.32565,Under way using engine,0.0,8.0,171.0,167.0,9332810,J2HC,KIWALA,Tanker,0,42.0,244.0,GPS,7.7,RUPIR,03/02/2025 17:00:00,AIS,POINT (12.32565 56.336),621819094_0,0 days 00:01:00,-1.7727962814466522e-05,171.3843795876578,0.0,0,4.099837575603331,56.336,12.32565
2025-01-31 22:05:00,2025-01-31 22:05:00,Class A,621819094_0,56.333783,12.326217,Under way using engine,0.0,8.0,171.0,167.0,9332810,J2HC,KIWALA,Tanker,0,42.0,244.0,GPS,7.7,RUPIR,03/02/2025 17:00:00,AIS,POINT (12.326217 56.333783),621819094_0,0 days 00:01:00,8.255636743717694e-06,171.9305776027636,0.0,0,4.10094655787478,56.333783,12.326217
2025-01-31 22:06:00,2025-01-31 22:06:00,Class A,621819094_0,56.331533,12.32685,Under way using engine,0.0,8.0,171.0,167.0,9332810,J2HC,KIWALA,Tanker,0,42.0,244.0,GPS,7.7,RUPIR,03/02/2025 17:00:00,AIS,POINT (12.32685 56.331533),621819094_0,0 days 00:01:00,1.1769161228543409e-06,171.1351414772197,0.0,0,4.102128726257624,56.331533,12.32685
2025-01-31 22:09:01,2025-01-31 22:09:01,Class A,621819094_0,56.3247,12.328633,Under way using engine,0.0,8.0,171.0,168.0,9332810,J2HC,KIWALA,Tanker,0,42.0,244.0,GPS,7.7,RUPIR,03/02/2025 17:00:00,AIS,POINT (12.328633 56.3247),621819094_0,0 days 00:03:01,1.1737584095053288e-07,171.76714803837842,0.0,0,4.1055901638193255,56.3247,12.328633
2025-01-31 22:15:01,2025-01-31 22:15:01,Class A,621819094_0,56.311717,12.332,Under way using engine,0.0,8.0,171.0,168.0,9332810,J2HC,KIWALA,Tanker,0,42.0,244.0,GPS,7.7,RUPIR,03/02/2025 17:00:00,AIS,POINT (12.332 56.311717),621819094_0,0 days 00:06:00,-5.287738965313386e-07,171.81419839227453,0.0,0,4.112172354637875,56.311717,12.332
2025-01-31 22:22:00,2025-01-31 22:22:00,Class A,621819094_0,56.29615,12.337033,Under way using engine,0.0,8.1,168.0,166.0,9332810,J2HC,KIWALA,Tanker,0,42.0,244.0,GPS,7.7,RUPIR,03/02/2025 17:00:00,AIS,POINT (12.337033 56.29615),621819094_0,0 days 00:06:59,3.4853221322933543e-07,169.82892933498692,0.0,0,4.12106966263008,56.29615,12.337033
2025-01-31 22:23:00,2025-01-31 22:23:00,Class A,621819094_0,56.293917,12.337833,Under way using engine,0.0,8.1,168.0,166.0,9332810,J2HC,KIWALA,Tanker,0,42.0,244.0,GPS,7.7,RUPIR,03/02/2025 17:00:00,AIS,POINT (12.337833 56.293917),621819094_0,0 days 00:01:00,3.7084436419440534e-07,168.7555437618346,0.0,0,4.122425013516801,56.293917,12.337833
2025-01-31 22:24:00,2025-01-31 22:24:00,Class A,621819094_0,56.2917,12.338633,Under way using engine,0.0,8.1,168.0,166.0,9332810,J2HC,KIWALA,Tanker,0,42.0,244.0,GPS,7.7,RUPIR,03/02/2025 17:00:00,AIS,POINT (12.338633 56.2917),621819094_0,0 days 00:01:00,-4.851392280792501e-07,168.67584247432785,0.0,0,4.123777094272919,56.2917,12.338633
2025-01-31 22:25:00,2025-01-31 22:25:00,Class A,621819094_0,56.289483,12.3394,Under way using engine,0.0,8.1,168.0,166.0,9332810,J2HC,KIWALA,Tanker,0,42.0,244.0,GPS,7.7,RUPIR,03/02/2025 17:00:00,AIS,POINT (12.3394 56.289483),621819094_0,0 days 00:01:00,-1.093356272504452e-07,169.13099478575805,0.0,0,4.125098233640988,56.289483,12.3394
2025-01-31 22:26:00,2025-01-31 22:26:00,Class A,621819094_0,56.287233,12.340233,Under way using engine,0.0,8.2,168.0,166.0,9332810,J2HC,KIWALA,Tanker,0,42.0,244.0,GPS,7.7,RUPIR,03/02/2025 17:00:00,AIS,POINT (12.340233 56.287233),621819094_0,0 days 00:01:00,1.2229180329155574e-06,168.38822950245878,0.0,0,4.126492635048438,56.287233,12.340233
2025-01-31 22:27:00,2025-01-31 22:27:00,Class A,621819094_0,56.285417,12.340933,Under way using engine,0.0,8.2,168.0,166.0,9332810,J2HC,KIWALA,Tanker,0,42.0,244.0,GPS,7.7,RUPIR,03/02/2025 17:00:00,AIS,POINT (12.340933 56.285417),621819094_0,0 days 00:01:00,-1.3607085959845557e-05,167.92343760242932,0.0,0,4.127645446870285,56.285417,12.340933
2025-01-31 22:28:00,2025-01-31 22:28:00,Class A,621819094_0,56.282767,12.34195,Under way using engine,0.0,8.2,167.0,165.0,9332810,J2HC,KIWALA,Tanker,0,42.0,244.0,GPS,7.4,PRIMORSK,03/02/2025 17:00:00,AIS,POINT (12.34195 56.282767),621819094_0,0 days 00:01:00,2.6365641923993682e-05,167.97399471111896,0.0,0,4.129324439814339,56.282767,12.34195
2025-01-31 22:29:00,2025-01-31 22:29:00,Class A,621819094_0,56.28055,12.342833,Under way using engine,0.0,8.2,167.0,165.0,9332810,J2HC,KIWALA,Tanker,0,42.0,244.0,GPS,7.4,PRIMORSK,03/02/2025 17:00:00,AIS,POINT (12.342833 56.28055),621819094_0,0 days 00:01:00,-1.357647947328811e-05,167.53250490949893,0.0,0,4.130761097697373,56.28055,12.342833
2025-01-31 22:30:00,2025-01-31 22:30:00,Class A,621819094_0,56.27825,12.343783,Under way using engine,0.0,8.3,167.0,165.0,9332810,J2HC,KIWALA,Tanker,0,42.0,244.0,GPS,7.4,PRIMORSK,03/02/2025 17:00:00,AIS,POINT (12.343783 56.27825),621819094_0,0 days 00:01:00,2.7581515132040226e-06,167.0850249403178,0.0,0,4.132285202917388,56.27825,12.343783
2025-01-31 22:31:00,2025-01-31 22:31:00,Class A,621819094_0,56.276033,12.344683,Under way using engine,-1.1,8.3,167.0,164.0,9332810,J2HC,KIWALA,Tanker,0,42.0,244.0,GPS,7.4,PRIMORSK,03/02/2025 17:00:00,AIS,POINT (12.344683 56.276033),621819094_0,0 days 00:01:00,-2.6939517964841433e-06,167.2987368992856,0.0,0,4.133740038259422,56.276033,12.344683
2025-01-31 22:32:00,2025-01-31 22:32:00,Class A,621819094_0,56.273833,12.345633,Under way using engine,-1.1,7.9,165.0,163.0,9332810,J2HC,KIWALA,Tanker,0,42.0,244.0,GPS,7.4,PRIMORSK,03/02/2025 17:00:00,AIS,POINT (12.345633 56.273833),621819094_0,0 days 00:01:00,-3.1664107598596233e-07,166.517467029891,0.0,0,4.135239441037119,56.273833,12.345633
2025-01-31 22:33:00,2025-01-31 22:33:00,Class A,621819094_0,56.2717,12.346633,Under way using engine,0.0,7.7,164.0,162.0,9332810,J2HC,KIWALA,Tanker,0,42.0,244.0,GPS,7.4,PRIMORSK,03/02/2025 17:00:00,AIS,POINT (12.346633 56.2717),621819094_0,0 days 00:01:00,-1.8009474577632365e-06,165.40876804721233,0.0,0,4.1367700786060135,56.2717,12.346633
2025-01-31 22:34:00,2025-01-31 22:34:00,Class A,621819094_0,56.269733,12.347667,Under way using engine,0.0,7.4,163.0,162.0,9332810,J2HC,KIWALA,Tanker,0,42.0,244.0,GPS,7.4,PRIMORSK,03/02/2025 17:00:00,AIS,POINT (12.347667 56.269733),621819094_0,0 days 00:01:00,-4.792795684757707e-06,163.72754374973647,0.0,0,4.138290071254671,56.269733,12.347667
2025-01-31 22:35:00,2025-01-31 22:35:00,Class A,621819094_0,56.267733,12.348733,Under way using engine,0.0,7.2,163.0,163.0,9332810,J2HC,KIWALA,Tanker,0,42.0,244.0,GPS,7.4,PRIMORSK,03/02/2025 17:00:00,AIS,POINT (12.348733 56.267733),621819094_0,0 days 00:01:00,1.13494299416937e-06,163.51217157113456,0.0,0,4.139850337887711,56.267733,12.348733
2025-01-31 22:39:00,2025-01-31 22:39:00,Class A,621819094_0,56.260383,12.352517,Under way using engine,0.0,6.6,164.0,164.0,9332810,J2HC,KIWALA,Tanker,0,42.0,244.0,GPS,7.4,PRIMORSK,03/02/2025 17:00:00,AIS,POINT (12.352517 56.260383),621819094_0,0 days 00:04:00,-1.3506970763585662e-06,164.0421794367926,0.0,0,4.1454612517239875,56.260383,12.352517
2025-01-31 22:43:00,2025-01-31 22:43:00,Class A,621819094_0,56.25345,12.356017,Under way using engine,0.0,6.2,163.0,164.0,9332810,J2HC,KIWALA,Tanker,0,42.0,244.0,GPS,7.4,PRIMORSK,03/02/2025 17:00:00,AIS,POINT (12.356017 56.25345),621819094_0,0 days 00:04:00,-8.587169724670267e-07,164.33404240302775,0.0,0,4.15069521607959,56.25345,12.356017
2025-01-31 22:44:00,2025-01-31 22:44:00,Class A,621819094_0,56.251767,12.356867,Under way using engine,0.0,6.2,163.0,164.0,9332810,J2HC,KIWALA,Tanker,0,42.0,244.0,GPS,7.4,PRIMORSK,03/02/2025 17:00:00,AIS,POINT (12.356867 56.251767),621819094_0,0 days 00:01:00,-1.6122845104765968e-06,164.32701898374194,0.0,0,4.15196732192162,56.251767,12.356867
2025-01-31 22:45:00,2025-01-31 22:45:00,Class A,621819094_0,56.250117,12.357733,Under way using engine,0.0,6.1,163.0,165.0,9332810,J2HC,KIWALA,Tanker,0,42.0,244.0,GPS,7.4,PRIMORSK,03/02/2025 17:00:00,AIS,POINT (12.357733 56.250117),621819094_0,0 days 00:01:00,-9.05088340168177e-07,163.74385220989973,0.0,0,4.153246390941548,56.250117,12.357733
2025-01-31 22:46:00,2025-01-31 22:46:00,Class A,621819094_0,56.248483,12.358533,Under way using engine,0.0,6.0,164.0,164.0,9332810,J2HC,KIWALA,Tanker,0,42.0,244.0,GPS,7.4,PRIMORSK,03/02/2025 17:00:00,AIS,POINT (12.358533 56.248483),621819094_0,0 days 00:01:00,-7.849468864163951e-07,164.7828080956932,0.0,0,4.15445803392079,56.248483,12.358533
2025-01-31 22:47:00,2025-01-31 22:47:00,Class A,621819094_0,56.246883,12.35935,Under way using engine,0.0,6.0,164.0,164.0,9332810,J2HC,KIWALA,Tanker,0,42.0,244.0,GPS,7.4,PRIMORSK,03/02/2025 17:00:00,AIS,POINT (12.35935 56.246883),621819094_0,0 days 00:01:00,-9.344191691007213e-07,164.16074424113992,0.0,0,4.1556772858209285,56.246883,12.35935
2025-01-31 22:48:00,2025-01-31 22:48:00,Class A,621819094_0,56.24525,12.360183,Under way using engine,0.0,6.0,163.0,164.0,9332810,J2HC,KIWALA,Tanker,0,42.0,244.0,GPS,7.4,PRIMORSK,03/02/2025 17:00:00,AIS,POINT (12.360183 56.24525),621819094_0,0 days 00:01:00,1.0572692961727422e-06,164.17545101180883,0.0,0,4.156921297817653,56.24525,12.360183
2025-01-31 23:03:01,2025-01-31 23:03:01,Class A,621819094_0,56.2141,12.377567,Under way using engine,0.0,9.5,162.0,163.0,9332810,J2HC,KIWALA,Tanker,0,42.0,244.0,GPS,7.4,PRIMORSK,03/02/2025 17:00:00,AIS,POINT (12.377567 56.2141),621819094_0,0 days 00:15:01,9.776997368373364e-07,162.75816301206987,0.0,0,4.182170151271467,56.2141,12.377567
2025-01-31 23:21:00,2025-01-31 23:21:00,Class A,621819094_0,56.179217,12.403083,Under way using engine,0.0,6.2,155.0,156.0,9332810,J2HC,KIWALA,Tanker,0,42.0,244.0,GPS,7.4,PRIMORSK,03/02/2025 17:00:00,AIS,POINT (12.403083 56.179217),621819094_0,0 days 00:17:59,-1.3321994630288854e-07,157.8454781957422,0.0,0,4.216425386422603,56.179217,12.403083
2025-01-31 23:30:00,2025-01-31 23:30:00,Class A,621819094_0,56.165567,12.414517,Under way using engine,-2.2,5.7,152.0,150.0,9332810,J2HC,KIWALA,Tanker,0,42.0,244.0,GPS,7.4,PRIMORSK,03/02/2025 17:00:00,AIS,POINT (12.414517 56.165567),621819094_0,0 days 00:09:00,-1.445937937381476e-06,154.994691831958,0.0,0,4.231263695600286,56.165567,12.414517
2025-01-31 23:31:00,2025-01-31 23:31:00,Class A,621819094_0,56.164133,12.415883,Under way using engine,-2.2,5.7,150.0,145.0,9332810,J2HC,KIWALA,Tanker,0,42.0,244.0,GPS,7.4,PRIMORSK,03/02/2025 17:00:00,AIS,POINT (12.415883 56.164133),621819094_0,0 days 00:01:00,-1.5501619536190447e-06,152.05787723724222,0.0,0,4.232981819180067,56.164133,12.415883
2025-01-31 23:32:00,2025-01-31 23:32:00,Class A,621819094_0,56.1628,12.417317,Under way using engine,-2.9,5.6,146.0,141.0,9332810,J2HC,KIWALA,Tanker,0,42.0,244.0,GPS,7.4,PRIMORSK,03/02/2025 17:00:00,AIS,POINT (12.417317 56.1628),621819094_0,0 days 00:01:00,-2.142042940736615e-06,149.07714504849207,0.0,0,4.2347365177996625,56.1628,12.417317
2025-01-31 23:33:00,2025-01-31 23:33:00,Class A,621819094_0,56.1615,12.418967,Under way using engine,-3.6,5.6,143.0,137.0,9332810,J2HC,KIWALA,Tanker,0,42.0,244.0,GPS,7.4,PRIMORSK,03/02/2025 17:00:00,AIS,POINT (12.418967 56.1615),621819094_0,0 days 00:01:00,1.1847326606812285e-06,144.7480163410865,0.0,0,4.236688975294978,56.1615,12.418967
2025-01-31 23:34:00,2025-01-31 23:34:00,Class A,621819094_0,56.160267,12.4208,Under way using engine,0.0,5.9,136.0,135.0,9332810,J2HC,KIWALA,Tanker,0,42.0,244.0,GPS,7.4,PRIMORSK,03/02/2025 17:00:00,AIS,POINT (12.4208 56.160267),621819094_0,0 days 00:01:00,2.7901466360742875e-07,140.3798437994559,0.0,0,4.238797801517313,56.160267,12.4208
2025-01-31 23:35:00,2025-01-31 23:35:00,Class A,621819094_0,56.158967,12.422933,Under way using engine,-3.6,6.5,137.0,131.0,9332810,J2HC,KIWALA,Tanker,0,42.0,244.0,GPS,7.4,PRIMORSK,03/02/2025 17:00:00,AIS,POINT (12.422933 56.158967),621819094_0,0 days 00:01:00,4.966613017655899e-06,137.5807476837844,0.0,0,4.241213363858155,56.158967,12.422933
2025-01-31 23:36:00,2025-01-31 23:36:00,Class A,621819094_0,56.157667,12.425467,Under way using engine,0.0,6.9,131.0,130.0,9332810,J2HC,KIWALA,Tanker,0,42.0,244.0,GPS,7.4,PRIMORSK,03/02/2025 17:00:00,AIS,POINT (12.425467 56.157667),621819094_0,0 days 00:01:00,4.894712390333218e-06,132.6505857354,0.0,0,4.2440132729181,56.157667,12.425467
2025-01-31 23:45:00,2025-01-31 23:45:00,Class A,621819094_0,56.144767,12.454533,Under way using engine,-1.1,8.9,128.0,128.0,9332810,J2HC,KIWALA,Tanker,0,42.0,244.0,GPS,7.4,PRIMORSK,03/02/2025 17:00:00,AIS,POINT (12.454533 56.144767),621819094_0,0 days 00:09:00,1.313265859838126e-06,128.535614304506,0.0,0,4.2755563929118034,56.144767,12.454533
2025-02-01 00:05:00,2025-02-01 00:05:00,Class A,621819094_0,56.112783,12.527233,Under way using engine,0.0,11.0,128.0,128.0,9332810,J2HC,KIWALA,Tanker,0,42.0,244.0,GPS,7.4,PRIMORSK,03/02/2025 17:00:00,AIS,POINT (12.527233 56.112783),621819094_0,0 days 00:20:00,4.3503823926031496e-07,128.25675037354176,0.0,0,4.354387158419541,56.112783,12.527233
2025-02-01 00:06:00,2025-02-01 00:06:00,Class A,621819094_0,56.1107,12.531783,Under way using engine,0.0,11.0,129.0,128.0,9332810,J2HC,KIWALA,Tanker,0,42.0,244.0,GPS,7.4,PRIMORSK,03/02/2025 17:00:00,AIS,POINT (12.531783 56.1107),621819094_0,0 days 00:01:00,2.172120391973585e-05,129.38613980034967,0.0,0,4.359345070793318,56.1107,12.531783
2025-02-01 00:07:00,2025-02-01 00:07:00,Class A,621819094_0,56.10885,12.53585,Under way using engine,1.1,11.1,128.0,128.0,9332810,J2HC,KIWALA,Tanker,0,42.0,244.0,GPS,7.4,PRIMORSK,03/02/2025 17:00:00,AIS,POINT (12.53585 56.10885),621819094_0,0 days 00:01:00,-1.1020479542656174e-05,129.20512586816352,0.0,0,4.3637733334957955,56.10885,12.53585
2025-02-01 00:08:00,2025-02-01 00:08:00,Class A,621819094_0,56.106917,12.540033,Under way using engine,0.0,11.1,129.0,128.0,9332810,J2HC,KIWALA,Tanker,0,42.0,244.0,GPS,7.4,PRIMORSK,03/02/2025 17:00:00,AIS,POINT (12.540033 56.106917),621819094_0,0 days 00:01:00,3.1809015608159706e-06,129.64679473532226,0.0,0,4.368336735883463,56.106917,12.540033
2025-02-01 00:09:00,2025-02-01 00:09:00,Class A,621819094_0,56.10495,12.5443,Under way using engine,0.0,11.1,129.0,128.0,9332810,J2HC,KIWALA,Tanker,0,42.0,244.0,GPS,7.4,PRIMORSK,03/02/2025 17:00:00,AIS,POINT (12.5443 56.10495),621819094_0,0 days 00:01:00,1.7918665186542002e-06,129.57649726004013,0.0,0,4.372990478657481,56.10495,12.5443
2025-02-01 00:10:00,2025-02-01 00:10:00,Class A,621819094_0,56.102967,12.54855,Under way using engine,0.0,11.1,129.0,128.0,9332810,J2HC,KIWALA,Tanker,0,42.0,244.0,GPS,7.4,PRIMORSK,03/02/2025 17:00:00,AIS,POINT (12.54855 56.102967),621819094_0,0 days 00:01:00,9.280355941879091e-08,129.9156994518367,0.0,0,4.377632682220837,56.102967,12.54855
2025-02-01 00:11:00,2025-02-01 00:11:00,Class A,621819094_0,56.100983,12.552817,Under way using engine,-1.1,11.1,129.0,128.0,9332810,J2HC,KIWALA,Tanker,0,42.0,244.0,GPS,7.4,PRIMORSK,03/02/2025 17:00:00,AIS,POINT (12.552817 56.100983),621819094_0,0 days 00:01:00,2.4842713322274546e-07,129.8159194485861,0.0,0,4.382291547186814,56.100983,12.552817
2025-02-01 00:18:00,2025-02-01 00:18:00,Class A,621819094_0,56.086433,12.581567,Under way using engine,0.0,11.1,132.0,132.0,9332810,J2HC,KIWALA,Tanker,0,42.0,244.0,GPS,7.4,PRIMORSK,03/02/2025 17:00:00,AIS,POINT (12.581567 56.086433),621819094_0,0 days 00:07:00,-2.2584654188591044e-08,132.20339280441203,0.0,0,4.414028447715873,56.086433,12.581567
2025-02-01 00:19:00,2025-02-01 00:19:00,Class A,621819094_0,56.084283,12.5857,Under way using engine,0.0,11.2,133.0,132.0,9332810,J2HC,KIWALA,Tanker,0,42.0,244.0,GPS,7.4,PRIMORSK,03/02/2025 17:00:00,AIS,POINT (12.5857 56.084283),621819094_0,0 days 00:01:00,1.8345311650863587e-06,132.99277740250295,0.0,0,4.418608405503705,56.084283,12.5857
2025-02-01 00:20:00,2025-02-01 00:20:00,Class A,621819094_0,56.08215,12.589767,Under way using engine,0.0,11.1,133.0,132.0,9332810,J2HC,KIWALA,Tanker,0,42.0,244.0,GPS,7.4,PRIMORSK,03/02/2025 17:00:00,AIS,POINT (12.589767 56.08215),621819094_0,0 days 00:01:00,-1.1901337316716729e-06,133.22445943683056,0.0,0,4.423120438648037,56.08215,12.589767
2025-02-01 00:21:00,2025-02-01 00:21:00,Class A,621819094_0,56.080017,12.593833,Under way using engine,0.0,11.2,133.0,132.0,9332810,J2HC,KIWALA,Tanker,0,42.0,244.0,GPS,7.4,PRIMORSK,03/02/2025 17:00:00,AIS,POINT (12.593833 56.080017),621819094_0,0 days 00:01:00,-9.795462750390033e-09,133.22990826492145,0.0,0,4.427631680534076,56.080017,12.593833
2025-02-01 00:22:00,2025-02-01 00:22:00,Class A,621819094_0,56.077867,12.597883,Under way using engine,0.0,11.2,133.0,132.0,9332810,J2HC,KIWALA,Tanker,0,42.0,244.0,GPS,7.4,PRIMORSK,03/02/2025 17:00:00,AIS,POINT (12.597883 56.077867),621819094_0,0 days 00:01:00,1.6242286571484648e-07,133.56816532242,0.0,0,4.432132745120458,56.077867,12.597883
2025-02-01 00:23:00,2025-02-01 00:23:00,Class A,621819094_0,56.075733,12.601833,Under way using engine,0.0,11.2,133.0,132.0,9332810,J2HC,KIWALA,Tanker,0,42.0,244.0,GPS,7.4,PRIMORSK,03/02/2025 17:00:00,AIS,POINT (12.601833 56.075733),621819094_0,0 days 00:01:00,-1.5887490374067904e-06,134.06842703243763,0.0,0,4.436533668880356,56.075733,12.601833
2025-02-01 00:25:02,2025-02-01 00:25:02,Class A,621819094_0,56.071333,12.609983,Under way using engine,0.0,11.2,133.0,132.0,9332810,J2HC,KIWALA,Tanker,0,42.0,244.0,GPS,7.4,PRIMORSK,03/02/2025 17:00:00,AIS,POINT (12.609983 56.071333),621819094_0,0 days 00:02:02,6.744775572097535e-07,134.0443302129891,0.0,0,4.445613720478758,56.071333,12.609983
2025-02-01 00:27:00,2025-02-01 00:27:00,Class A,621819094_0,56.067117,12.618083,Under way using engine,0.0,11.2,132.0,132.0,9332810,J2HC,KIWALA,Tanker,0,42.0,244.0,GPS,7.4,PRIMORSK,03/02/2025 17:00:00,AIS,POINT (12.618083 56.067117),621819094_0,0 days 00:01:58,4.894643244840137e-07,132.99512642849265,0.0,0,4.454592836485619,56.067117,12.618083
2025-02-01 00:32:00,2025-02-01 00:32:00,Class A,621819094_0,56.056383,12.63865,Constrained by her draught,6.4,11.2,136.0,141.0,9332810,J2HC,KIWALA,Tanker,0,42.0,244.0,GPS,7.4,PRIMORSK,03/02/2025 17:00:00,AIS,POINT (12.63865 56.056383),621819094_0,0 days 00:05:00,1.6782007199236485e-09,133.06174265094512,0.0,0,4.477403319234042,56.056383,12.63865
2025-02-01 00:33:00,2025-02-01 00:33:00,Class A,621819094_0,56.054033,12.642283,Constrained by her draught,11.4,11.1,142.0,154.0,9332810,J2HC,KIWALA,Tanker,0,42.0,244.0,GPS,7.4,PRIMORSK,03/02/2025 17:00:00,AIS,POINT (12.642283 56.054033),621819094_0,0 days 00:01:00,-1.2346975575228414e-06,139.19599024424662,0.0,0,4.481566434173326,56.054033,12.642283
2025-02-01 00:34:00,2025-02-01 00:34:00,Class A,621819094_0,56.051283,12.645,Constrained by her draught,3.6,10.8,155.0,162.0,9332810,J2HC,KIWALA,Tanker,0,42.0,244.0,GPS,7.4,PRIMORSK,03/02/2025 17:00:00,AIS,POINT (12.645 56.051283),621819094_0,0 days 00:01:00,1.0839582834564365e-06,151.1120528069062,0.0,0,4.4849721203579405,56.051283,12.645
2025-02-01 00:35:00,2025-02-01 00:35:00,Class A,621819094_0,56.0485,12.64675,Constrained by her draught,0.0,10.8,162.0,165.0,9332810,J2HC,KIWALA,Tanker,0,42.0,244.0,GPS,7.4,PRIMORSK,03/02/2025 17:00:00,AIS,POINT (12.64675 56.0485),621819094_0,0 days 00:01:00,-5.939324005808701e-06,160.64920370361187,0.0,0,4.487464240050166,56.0485,12.64675
2025-02-01 00:36:00,2025-02-01 00:36:00,Class A,621819094_0,56.04555,12.64815,Constrained by her draught,0.0,10.9,164.0,165.0,9332810,J2HC,KIWALA,Tanker,0,42.0,244.0,GPS,7.4,PRIMORSK,03/02/2025 17:00:00,AIS,POINT (12.64815 56.04555),621819094_0,0 days 00:01:00,3.154322199887463e-06,165.1541579028891,0.0,0,4.489672299659408,56.04555,12.64815
2025-02-01 00:37:00,2025-02-01 00:37:00,Class A,621819094_0,56.0426,12.6496,Constrained by her draught,0.0,11.1,165.0,165.0,9332810,J2HC,KIWALA,Tanker,0,42.0,244.0,GPS,7.4,PRIMORSK,03/02/2025 17:00:00,AIS,POINT (12.6496 56.0426),621819094_0,0 days 00:01:00,2.2635138544068306e-07,164.64744112635094,0.0,0,4.4919294099116245,56.0426,12.6496
2025-02-01 00:38:00,2025-02-01 00:38:00,Class A,621819094_0,56.0396,12.651067,Constrained by her draught,0.0,11.2,164.0,165.0,9332810,J2HC,KIWALA,Tanker,0,42.0,244.0,GPS,7.4,PRIMORSK,03/02/2025 17:00:00,AIS,POINT (12.651067 56.0396),621819094_0,0 days 00:01:00,1.5696478413742733e-06,164.72149414801152,0.0,0,4.494218843379347,56.0396,12.651067
2025-02-01 00:39:00,2025-02-01 00:39:00,Class A,621819094_0,56.036517,12.652533,Constrained by her draught,1.1,11.2,164.0,165.0,9332810,J2HC,KIWALA,Tanker,0,42.0,244.0,GPS,7.4,PRIMORSK,03/02/2025 17:00:00,AIS,POINT (12.652533 56.036517),621819094_0,0 days 00:01:00,2.4743214074226474e-06,165.1228865644514,0.0,0,4.496533275031887,56.036517,12.652533
2025-02-01 00:45:00,2025-02-01 00:45:00,Class A,621819094_0,56.0181,12.6613,Constrained by her draught,-1.1,11.6,164.0,165.0,9332810,J2HC,KIWALA,Tanker,0,42.0,244.0,GPS,7.4,PRIMORSK,03/02/2025 17:00:00,AIS,POINT (12.6613 56.0181),621819094_0,0 days 00:06:00,-7.05595356818923e-08,165.1004477549709,0.0,0,4.510397218142657,56.0181,12.6613
2025-02-01 00:57:01,2025-02-01 00:57:01,Class A,621819094_0,55.979133,12.671033,Constrained by her draught,1.1,11.7,191.0,193.0,9332810,J2HC,KIWALA,Tanker,0,42.0,244.0,GPS,7.4,PRIMORSK,03/02/2025 17:00:00,AIS,POINT (12.671033 55.979133),621819094_0,0 days 00:12:01,2.51360358225913e-07,172.0444694978455,0.0,0,4.531502537736132,55.979133,12.671033
2025-02-01 01:03:00,2025-02-01 01:03:00,Class A,621819094_0,55.959917,12.66225,Constrained by her draught,0.0,11.8,194.0,193.0,9332810,J2HC,KIWALA,Tanker,0,42.0,244.0,GPS,7.4,PRIMORSK,03/02/2025 17:00:00,AIS,POINT (12.66225 55.959917),621819094_0,0 days 00:05:59,2.121599172627201e-07,194.35169138650036,0.0,0,4.529096713975979,55.959917,12.66225
2025-02-01 01:04:00,2025-02-01 01:04:00,Class A,621819094_0,55.95675,12.660783,Constrained by her draught,0.0,11.9,194.0,193.0,9332810,J2HC,KIWALA,Tanker,0,42.0,244.0,GPS,7.4,PRIMORSK,03/02/2025 17:00:00,AIS,POINT (12.660783 55.95675),621819094_0,0 days 00:01:00,-1.3375488835337736e-06,194.53754021339873,0.0,0,4.5286910529699425,55.95675,12.660783
2025-02-01 01:05:00,2025-02-01 01:05:00,Class A,621819094_0,55.953467,12.659283,Constrained by her draught,0.0,11.9,194.0,193.0,9332810,J2HC,KIWALA,Tanker,0,42.0,244.0,GPS,7.4,PRIMORSK,03/02/2025 17:00:00,AIS,POINT (12.659283 55.953467),621819094_0,0 days 00:01:00,3.6173991931798584e-06,194.34874495372333,0.0,0,4.528293025276632,55.953467,12.659283
2025-02-01 01:06:00,2025-02-01 01:06:00,Class A,621819094_0,55.9503,12.6578,Constrained by her draught,0.0,11.9,194.0,193.0,9332810,J2HC,KIWALA,Tanker,0,42.0,244.0,GPS,7.4,PRIMORSK,03/02/2025 17:00:00,AIS,POINT (12.6578 55.9503),621819094_0,0 days 00:01:00,-3.546239090760966e-06,194.69161551378878,0.0,0,4.527877573370221,55.9503,12.6578
2025-02-01 01:07:00,2025-02-01 01:07:00,Class A,621819094_0,55.947067,12.6563,Constrained by her draught,0.0,11.9,194.0,193.0,9332810,J2HC,KIWALA,Tanker,0,42.0,244.0,GPS,7.4,PRIMORSK,03/02/2025 17:00:00,AIS,POINT (12.6563 55.947067),621819094_0,0 days 00:01:00,2.049963986646168e-06,194.56359549904974,0.0,0,4.527469409874351,55.947067,12.6563
2025-02-01 01:08:00,2025-02-01 01:08:00,Class A,621819094_0,55.943833,12.6548,Constrained by her draught,0.0,12.0,194.0,193.0,9332810,J2HC,KIWALA,Tanker,0,42.0,244.0,GPS,7.4,PRIMORSK,03/02/2025 17:00:00,AIS,POINT (12.6548 55.943833),621819094_0,0 days 00:01:00,3.0425896387856893e-08,194.560447825901,0.0,0,4.527064330765358,55.943833,12.6548
2025-02-01 01:09:00,2025-02-01 01:09:00,Class A,621819094_0,55.940633,12.653317,Constrained by her draught,0.0,12.0,194.0,193.0,9332810,J2HC,KIWALA,Tanker,0,42.0,244.0,GPS,7.4,PRIMORSK,03/02/2025 17:00:00,AIS,POINT (12.653317 55.940633),621819094_0,0 days 00:01:00,-1.0914766397557718e-06,194.5500437272109,0.0,0,4.526667405105549,55.940633,12.653317
2025-02-01 01:10:00,2025-02-01 01:10:00,Class A,621819094_0,55.937333,12.651767,Constrained by her draught,0.0,12.1,194.0,193.0,9332810,J2HC,KIWALA,Tanker,0,42.0,244.0,GPS,7.4,PRIMORSK,03/02/2025 17:00:00,AIS,POINT (12.651767 55.937333),621819094_0,0 days 00:01:00,3.287033890518656e-06,194.73926720183724,0.0,0,4.526241325343246,55.937333,12.651767
2025-02-01 01:21:00,2025-02-01 01:21:00,Class A,621819094_0,55.902683,12.65585,Constrained by her draught,0.0,11.7,158.0,158.0,9332810,J2HC,KIWALA,Tanker,0,42.0,244.0,GPS,7.4,PRIMORSK,03/02/2025 17:00:00,AIS,POINT (12.65585 55.902683),621819094_0,0 days 00:11:00,-7.193982189434276e-07,176.22060415185183,0.0,0,4.541201686193642,55.902683,12.65585
2025-02-01 01:22:00,2025-02-01 01:22:00,Class A,621819094_0,55.899617,12.657983,Constrained by her draught,0.0,11.8,158.0,158.0,9332810,J2HC,KIWALA,Tanker,0,42.0,244.0,GPS,7.4,PRIMORSK,03/02/2025 17:00:00,AIS,POINT (12.657983 55.899617),621819094_0,0 days 00:01:00,4.174232804709296e-06,158.69223798112955,0.0,0,4.544212170648396,55.899617,12.657983
2025-02-01 01:23:00,2025-02-01 01:23:00,Class A,621819094_0,55.896533,12.660133,Constrained by her draught,0.0,11.9,158.0,158.0,9332810,J2HC,KIWALA,Tanker,0,42.0,244.0,GPS,7.4,PRIMORSK,03/02/2025 17:00:00,AIS,POINT (12.660133 55.896533),621819094_0,0 days 00:01:00,6.270908633098365e-07,158.65022442202167,0.0,0,4.547245648841616,55.896533,12.660133
2025-02-01 01:24:00,2025-02-01 01:24:00,Class A,621819094_0,55.893483,12.66225,Constrained by her draught,1.1,12.0,158.0,158.0,9332810,J2HC,KIWALA,Tanker,0,42.0,244.0,GPS,7.4,PRIMORSK,03/02/2025 17:00:00,AIS,POINT (12.66225 55.893483),621819094_0,0 days 00:01:00,-1.1871323029264898e-06,158.73369914059037,0.0,0,4.550237956974118,55.893483,12.66225
2025-02-01 01:25:00,2025-02-01 01:25:00,Class A,621819094_0,55.8903,12.66445,Constrained by her draught,1.1,12.0,158.0,158.0,9332810,J2HC,KIWALA,Tanker,0,42.0,244.0,GPS,7.4,PRIMORSK,03/02/2025 17:00:00,AIS,POINT (12.66445 55.8903),621819094_0,0 days 00:01:00,4.3575167528280145e-06,158.81381016929913,0.0,0,4.5533530720260424,55.8903,12.66445
2025-02-01 01:26:00,2025-02-01 01:26:00,Class A,621819094_0,55.887183,12.66665,Constrained by her draught,2.9,12.0,158.0,159.0,9332810,J2HC,KIWALA,Tanker,0,42.0,244.0,GPS,7.4,PRIMORSK,03/02/2025 17:00:00,AIS,POINT (12.66665 55.887183),621819094_0,0 days 00:01:00,-1.8990215385560783e-06,158.40455383085396,0.0,0,4.556447844526261,55.887183,12.66665
2025-02-01 01:27:00,2025-02-01 01:27:00,Class A,621819094_0,55.884033,12.668683,Constrained by her draught,0.0,12.0,160.0,160.0,9332810,J2HC,KIWALA,Tanker,0,42.0,244.0,GPS,7.4,PRIMORSK,03/02/2025 17:00:00,AIS,POINT (12.668683 55.884033),621819094_0,0 days 00:01:00,-7.498742496455981e-08,160.10048002994597,0.0,0,4.559396608314415,55.884033,12.668683
2025-02-01 01:28:00,2025-02-01 01:28:00,Class A,621819094_0,55.8809,12.670633,Constrained by her draught,0.0,12.0,160.0,160.0,9332810,J2HC,KIWALA,Tanker,0,42.0,244.0,GPS,7.4,PRIMORSK,03/02/2025 17:00:00,AIS,POINT (12.670633 55.8809),621819094_0,0 days 00:01:00,-9.786242352106465e-07,160.75493810684725,0.0,0,4.562262547382605,55.8809,12.670633
2025-02-01 01:29:00,2025-02-01 01:29:00,Class A,621819094_0,55.877733,12.672617,Constrained by her draught,0.0,12.1,160.0,160.0,9332810,J2HC,KIWALA,Tanker,0,42.0,244.0,GPS,7.4,PRIMORSK,03/02/2025 17:00:00,AIS,POINT (12.672617 55.877733),621819094_0,0 days 00:01:00,1.1888248840020032e-06,160.63743041294697,0.0,0,4.565172923060528,55.877733,12.672617
2025-02-01 01:30:00,2025-02-01 01:30:00,Class A,621819094_0,55.87455,12.674617,Constrained by her draught,0.0,12.1,160.0,160.0,9332810,J2HC,KIWALA,Tanker,0,42.0,244.0,GPS,7.4,PRIMORSK,03/02/2025 17:00:00,AIS,POINT (12.674617 55.87455),621819094_0,0 days 00:01:00,5.600848887956448e-07,160.58225821594272,0.0,0,4.568104861163544,55.87455,12.674617
2025-02-01 01:31:00,2025-02-01 01:31:00,Class A,621819094_0,55.871317,12.676667,Constrained by her draught,1.1,12.1,160.0,162.0,9332810,J2HC,KIWALA,Tanker,0,42.0,244.0,GPS,7.4,PRIMORSK,03/02/2025 17:00:00,AIS,POINT (12.676667 55.871317),621819094_0,0 days 00:01:00,1.7490107640163924e-06,160.41657673802706,0.0,0,4.571101649100029,55.871317,12.676667
2025-02-01 01:32:00,2025-02-01 01:32:00,Class A,621819094_0,55.868083,12.67855,Constrained by her draught,0.0,12.1,162.0,162.0,9332810,J2HC,KIWALA,Tanker,0,42.0,244.0,GPS,7.4,PRIMORSK,03/02/2025 17:00:00,AIS,POINT (12.67855 55.868083),621819094_0,0 days 00:01:00,-9.093431907501031e-07,161.90764819476385,0.0,0,4.573942282964227,55.868083,12.67855
2025-02-01 01:33:00,2025-02-01 01:33:00,Class A,621819094_0,55.86485,12.68035,Constrained by her draught,0.0,12.2,162.0,162.0,9332810,J2HC,KIWALA,Tanker,0,42.0,244.0,GPS,7.4,PRIMORSK,03/02/2025 17:00:00,AIS,POINT (12.68035 55.86485),621819094_0,0 days 00:01:00,-4.6887980669381436e-07,162.64991484898746,0.0,0,4.576705509875965,55.86485,12.68035
2025-02-01 01:34:00,2025-02-01 01:34:00,Class A,621819094_0,55.861683,12.682117,Constrained by her draught,0.0,12.2,162.0,162.0,9332810,J2HC,KIWALA,Tanker,0,42.0,244.0,GPS,7.4,PRIMORSK,03/02/2025 17:00:00,AIS,POINT (12.682117 55.861683),621819094_0,0 days 00:01:00,-2.118728721585258e-06,162.6139423913787,0.0,0,4.57941714600723,55.861683,12.682117
2025-02-01 01:35:00,2025-02-01 01:35:00,Class A,621819094_0,55.858383,12.683967,Constrained by her draught,0.0,12.2,162.0,162.0,9332810,J2HC,KIWALA,Tanker,0,42.0,244.0,GPS,7.4,PRIMORSK,03/02/2025 17:00:00,AIS,POINT (12.683967 55.858383),621819094_0,0 days 00:01:00,4.357734156940436e-06,162.5345454805955,0.0,0,4.582252305923911,55.858383,12.683967
2025-02-01 01:36:00,2025-02-01 01:36:00,Class A,621819094_0,55.85515,12.685767,Constrained by her draught,0.0,12.1,162.0,162.0,9332810,J2HC,KIWALA,Tanker,0,42.0,244.0,GPS,7.4,PRIMORSK,03/02/2025 17:00:00,AIS,POINT (12.685767 55.85515),621819094_0,0 days 00:01:00,-2.2368259242281906e-06,162.6458425424729,0.0,0,4.585019490993031,55.85515,12.685767
2025-02-01 01:37:00,2025-02-01 01:37:00,Class A,621819094_0,55.851967,12.687517,Constrained by her draught,0.0,12.1,162.0,162.0,9332810,J2HC,KIWALA,Tanker,0,42.0,244.0,GPS,7.4,PRIMORSK,03/02/2025 17:00:00,AIS,POINT (12.687517 55.851967),621819094_0,0 days 00:01:00,-1.7342874119801766e-06,162.84874260603067,0.0,0,4.587724253843619,55.851967,12.687517
2025-02-01 01:38:00,2025-02-01 01:38:00,Class A,621819094_0,55.8487,12.689333,Constrained by her draught,0.0,12.1,162.0,162.0,9332810,J2HC,KIWALA,Tanker,0,42.0,244.0,GPS,7.4,PRIMORSK,03/02/2025 17:00:00,AIS,POINT (12.689333 55.8487),621819094_0,0 days 00:01:00,2.8224146341687046e-06,162.66941608208504,0.0,0,4.590520422811557,55.8487,12.689333
2025-02-01 01:46:00,2025-02-01 01:46:00,Class A,621819094_0,55.82265,12.703067,Constrained by her draught,6.4,12.0,164.0,168.0,9332810,J2HC,KIWALA,Tanker,0,42.0,244.0,GPS,7.4,PRIMORSK,03/02/2025 17:00:00,AIS,POINT (12.703067 55.82265),621819094_0,0 days 00:08:00,-1.0228599966702949e-07,163.50196677057534,0.0,0,4.612161010327588,55.82265,12.703067
2025-02-01 01:47:00,2025-02-01 01:47:00,Class A,621819094_0,55.819433,12.7043,Constrained by her draught,6.4,11.9,168.0,172.0,9332810,J2HC,KIWALA,Tanker,0,42.0,244.0,GPS,7.4,PRIMORSK,03/02/2025 17:00:00,AIS,POINT (12.7043 55.819433),621819094_0,0 days 00:01:00,-3.2634790375731e-06,167.8482598816322,0.0,0,4.614403389007945,55.819433,12.7043
2025-02-01 01:48:00,2025-02-01 01:48:00,Class A,621819094_0,55.816117,12.7051,Constrained by her draught,0.0,11.7,174.0,175.0,9332810,J2HC,KIWALA,Tanker,0,42.0,244.0,GPS,7.4,PRIMORSK,03/02/2025 17:00:00,AIS,POINT (12.7051 55.816117),621819094_0,0 days 00:01:00,1.7137190962058055e-06,172.28065481809324,0.0,0,4.616272910286826,55.816117,12.7051
2025-02-01 01:49:00,2025-02-01 01:49:00,Class A,621819094_0,55.812933,12.705567,Constrained by her draught,2.9,11.6,176.0,179.0,9332810,J2HC,KIWALA,Tanker,0,42.0,244.0,GPS,7.4,PRIMORSK,03/02/2025 17:00:00,AIS,POINT (12.705567 55.812933),621819094_0,0 days 00:01:00,-4.688981078901395e-06,175.28867930922866,0.0,0,4.617786183145014,55.812933,12.705567
2025-02-01 01:50:00,2025-02-01 01:50:00,Class A,621819094_0,55.80965,12.705617,Constrained by her draught,0.0,11.6,180.0,180.0,9332810,J2HC,KIWALA,Tanker,0,42.0,244.0,GPS,7.4,PRIMORSK,03/02/2025 17:00:00,AIS,POINT (12.705617 55.80965),621819094_0,0 days 00:01:00,2.730245808829721e-06,179.50965218473107,0.0,0,4.618942227348812,55.80965,12.705617
2025-02-01 01:51:00,2025-02-01 01:51:00,Class A,621819094_0,55.806433,12.70545,Constrained by her draught,-1.1,11.6,182.0,180.0,9332810,J2HC,KIWALA,Tanker,0,42.0,244.0,GPS,7.4,PRIMORSK,03/02/2025 17:00:00,AIS,POINT (12.70545 55.806433),621819094_0,0 days 00:01:00,-2.0024828275378837e-06,181.67106704853077,0.0,0,4.619873787841829,55.806433,12.70545
2025-02-01 01:52:00,2025-02-01 01:52:00,Class A,621819094_0,55.803283,12.705283,Constrained by her draught,3.6,11.5,181.0,181.0,9332810,J2HC,KIWALA,Tanker,0,42.0,244.0,GPS,7.4,PRIMORSK,03/02/2025 17:00:00,AIS,POINT (12.705283 55.803283),621819094_0,0 days 00:01:00,-2.071270038940387e-06,181.70672758868716,0.0,0,4.620784669231948,55.803283,12.705283
2025-02-01 01:57:00,2025-02-01 01:57:00,Class A,621819094_0,55.78765,12.701017,Constrained by her draught,0.0,11.3,194.0,193.0,9332810,J2HC,KIWALA,Tanker,0,42.0,244.0,GPS,7.4,PRIMORSK,03/02/2025 17:00:00,AIS,POINT (12.701017 55.78765),621819094_0,0 days 00:05:00,7.373077318833671e-08,188.72304130192325,0.0,0,4.622105129136075,55.78765,12.701017
2025-02-01 01:58:00,2025-02-01 01:58:00,Class A,621819094_0,55.784567,12.699633,Constrained by her draught,0.0,11.2,194.0,193.0,9332810,J2HC,KIWALA,Tanker,0,42.0,244.0,GPS,7.4,PRIMORSK,03/02/2025 17:00:00,AIS,POINT (12.699633 55.784567),621819094_0,0 days 00:01:00,5.186984463482573e-07,194.16706681655458,0.0,0,4.621862485099378,55.784567,12.699633
2025-02-01 01:59:00,2025-02-01 01:59:00,Class A,621819094_0,55.781583,12.698267,Constrained by her draught,0.0,11.2,194.0,193.0,9332810,J2HC,KIWALA,Tanker,0,42.0,244.0,GPS,7.4,PRIMORSK,03/02/2025 17:00:00,AIS,POINT (12.698267 55.781583),621819094_0,0 days 00:01:00,-3.043761111851002e-06,194.43620089428097,0.0,0,4.621605145157362,55.781583,12.698267
2025-02-01 02:00:00,2025-02-01 02:00:00,Class A,621819094_0,55.7785,12.696917,Constrained by her draught,0.0,11.2,194.0,193.0,9332810,J2HC,KIWALA,Tanker,0,42.0,244.0,GPS,7.4,PRIMORSK,03/02/2025 17:00:00,AIS,POINT (12.696917 55.7785),621819094_0,0 days 00:01:00,2.9009220217783515e-06,193.8346261393397,0.0,0,4.621399262451361,55.7785,12.696917
2025-02-01 02:01:00,2025-02-01 02:01:00,Class A,621819094_0,55.775533,12.69565,Constrained by her draught,1.1,11.2,194.0,195.0,9332810,J2HC,KIWALA,Tanker,0,42.0,244.0,GPS,7.4,PRIMORSK,03/02/2025 17:00:00,AIS,POINT (12.69565 55.775533),621819094_0,0 days 00:01:00,-3.82773796439727e-06,193.50538527470766,0.0,0,4.621233656285732,55.775533,12.69565
2025-02-01 02:02:00,2025-02-01 02:02:00,Class A,621819094_0,55.772567,12.694217,Constrained by her draught,1.1,11.1,195.0,195.0,9332810,J2HC,KIWALA,Tanker,0,42.0,244.0,GPS,7.4,PRIMORSK,03/02/2025 17:00:00,AIS,POINT (12.694217 55.772567),621819094_0,0 days 00:01:00,6.893179012067181e-07,195.20343165364847,0.0,0,4.6209142026556815,55.772567,12.694217
2025-02-01 02:16:00,2025-02-01 02:16:00,Class A,621819094_0,55.7306,12.6806,Constrained by her draught,1.1,11.3,178.0,178.0,9332810,J2HC,KIWALA,Tanker,0,42.0,244.0,GPS,7.4,PRIMORSK,03/02/2025 17:00:00,AIS,POINT (12.6806 55.7306),621819094_0,0 days 00:14:00,-5.8773336277054585e-08,190.35413326953997,0.0,0,4.622868575638831,55.7306,12.6806
2025-02-01 02:17:00,2025-02-01 02:17:00,Class A,621819094_0,55.7275,12.680783,Constrained by her draught,0.0,11.4,177.0,178.0,9332810,J2HC,KIWALA,Tanker,0,42.0,244.0,GPS,7.4,PRIMORSK,03/02/2025 17:00:00,AIS,POINT (12.680783 55.7275),621819094_0,0 days 00:01:00,1.678941268638606e-06,178.09602862701627,0.0,0,4.624140785946077,55.7275,12.680783
2025-02-01 02:18:00,2025-02-01 02:18:00,Class A,621819094_0,55.72425,12.680967,Constrained by her draught,0.0,11.5,178.0,178.0,9332810,J2HC,KIWALA,Tanker,0,42.0,244.0,GPS,7.4,PRIMORSK,03/02/2025 17:00:00,AIS,POINT (12.680967 55.72425),621819094_0,0 days 00:01:00,4.637095829742897e-06,178.1737744152466,0.0,0,4.62546907776779,55.72425,12.680967
2025-02-01 02:19:00,2025-02-01 02:19:00,Class A,621819094_0,55.72105,12.68115,Constrained by her draught,0.0,11.6,178.0,178.0,9332810,J2HC,KIWALA,Tanker,0,42.0,244.0,GPS,7.4,PRIMORSK,03/02/2025 17:00:00,AIS,POINT (12.68115 55.72105),621819094_0,0 days 00:01:00,-1.5461522550608143e-06,178.1551814858359,0.0,0,4.626780509742062,55.72105,12.68115
2025-02-01 02:20:00,2025-02-01 02:20:00,Class A,621819094_0,55.7178,12.68135,Constrained by her draught,0.0,11.6,177.0,179.0,9332810,J2HC,KIWALA,Tanker,0,42.0,244.0,GPS,7.4,PRIMORSK,03/02/2025 17:00:00,AIS,POINT (12.68135 55.7178),621819094_0,0 days 00:01:00,1.5553715527466018e-06,178.01476654104238,0.0,0,4.628127531856594,55.7178,12.68135
2025-02-01 02:21:00,2025-02-01 02:21:00,Class A,621819094_0,55.71455,12.681483,Constrained by her draught,0.0,11.7,178.0,178.0,9332810,J2HC,KIWALA,Tanker,0,42.0,244.0,GPS,7.4,PRIMORSK,03/02/2025 17:00:00,AIS,POINT (12.681483 55.71455),621819094_0,0 days 00:01:00,-3.3855866732266275e-08,178.6794152262621,0.0,0,4.629413889927103,55.71455,12.681483
2025-02-01 02:22:00,2025-02-01 02:22:00,Class A,621819094_0,55.71135,12.681617,Constrained by her draught,0.0,11.7,178.0,178.0,9332810,J2HC,KIWALA,Tanker,0,42.0,244.0,GPS,7.4,PRIMORSK,03/02/2025 17:00:00,AIS,POINT (12.681617 55.71135),621819094_0,0 days 00:01:00,-1.54556032219387e-06,178.64859734325023,0.0,0,4.630685184784859,55.71135,12.681617
2025-02-01 02:23:00,2025-02-01 02:23:00,Class A,621819094_0,55.708083,12.681733,Constrained by her draught,0.0,11.7,178.0,178.0,9332810,J2HC,KIWALA,Tanker,0,42.0,244.0,GPS,7.4,PRIMORSK,03/02/2025 17:00:00,AIS,POINT (12.681733 55.708083),621819094_0,0 days 00:01:00,2.0646939933743572e-06,178.8539653776578,0.0,0,4.631965604061518,55.708083,12.681733
2025-02-01 02:24:00,2025-02-01 02:24:00,Class A,621819094_0,55.704833,12.68185,Constrained by her draught,0.0,11.7,178.0,178.0,9332810,J2HC,KIWALA,Tanker,0,42.0,244.0,GPS,7.4,PRIMORSK,03/02/2025 17:00:00,AIS,POINT (12.68185 55.704833),621819094_0,0 days 00:01:00,-5.253466325686168e-07,178.8379471630028,0.0,0,4.633242794370699,55.704833,12.68185
2025-02-01 02:25:00,2025-02-01 02:25:00,Class A,621819094_0,55.7016,12.68195,Constrained by her draught,-3.6,11.5,179.0,177.0,9332810,J2HC,KIWALA,Tanker,0,42.0,244.0,GPS,7.4,PRIMORSK,03/02/2025 17:00:00,AIS,POINT (12.68195 55.7016),621819094_0,0 days 00:01:00,-5.313213736438405e-07,179.0014514686402,0.0,0,4.634499931549143,55.7016,12.68195
2025-02-01 02:26:00,2025-02-01 02:26:00,Class A,621819094_0,55.698417,12.682183,Constrained by her draught,0.0,11.4,177.0,176.0,9332810,J2HC,KIWALA,Tanker,0,42.0,244.0,GPS,7.4,PRIMORSK,03/02/2025 17:00:00,AIS,POINT (12.682183 55.698417),621819094_0,0 days 00:01:00,-1.4775639349822508e-06,177.63774185572993,0.0,0,4.635864978304373,55.698417,12.682183
2025-02-01 02:27:00,2025-02-01 02:27:00,Class A,621819094_0,55.695283,12.6825,Constrained by her draught,1.1,11.3,176.0,176.0,9332810,J2HC,KIWALA,Tanker,0,42.0,244.0,GPS,7.4,PRIMORSK,03/02/2025 17:00:00,AIS,POINT (12.6825 55.695283),621819094_0,0 days 00:01:00,-1.4415143887049239e-06,176.7372817485981,0.0,0,4.637292430329144,55.695283,12.6825
2025-02-01 02:33:01,2025-02-01 02:33:01,Class A,621819094_0,55.676717,12.683733,Constrained by her draught,0.0,10.7,179.0,178.0,9332810,J2HC,KIWALA,Tanker,0,42.0,244.0,GPS,7.4,PRIMORSK,03/02/2025 17:00:00,AIS,POINT (12.683733 55.676717),621819094_0,0 days 00:06:01,-2.6308642930580295e-07,177.8554447787949,0.0,0,4.645183064451714,55.676717,12.683733
2025-02-01 02:40:00,2025-02-01 02:40:00,Class A,621819094_0,55.65725,12.68665,Constrained by her draught,0.0,9.5,171.0,171.0,9332810,J2HC,KIWALA,Tanker,0,42.0,244.0,GPS,7.4,PRIMORSK,03/02/2025 17:00:00,AIS,POINT (12.68665 55.65725),621819094_0,0 days 00:06:59,-1.2857434367387928e-06,175.1680973654162,0.0,0,4.655032165874798,55.65725,12.68665
2025-02-01 02:41:00,2025-02-01 02:41:00,Class A,621819094_0,55.654567,12.687367,Constrained by her draught,-2.2,9.5,171.0,171.0,9332810,J2HC,KIWALA,Tanker,0,42.0,244.0,GPS,7.4,PRIMORSK,03/02/2025 17:00:00,AIS,POINT (12.687367 55.654567),621819094_0,0 days 00:01:00,-2.6031314867607535e-06,171.4260477970065,0.0,0,4.656687271924645,55.654567,12.687367
2025-02-01 02:42:00,2025-02-01 02:42:00,Class A,621819094_0,55.651983,12.688067,Constrained by her draught,0.0,9.5,170.0,169.0,9332810,J2HC,KIWALA,Tanker,0,42.0,244.0,GPS,7.4,PRIMORSK,03/02/2025 17:00:00,AIS,POINT (12.688067 55.651983),621819094_0,0 days 00:01:00,-3.071519535627762e-06,171.30984836264815,0.0,0,4.658291104315508,55.651983,12.688067
2025-02-01 02:43:00,2025-02-01 02:43:00,Class A,621819094_0,55.64935,12.688967,Constrained by her draught,0.0,9.5,168.0,168.0,9332810,J2HC,KIWALA,Tanker,0,42.0,244.0,GPS,7.4,PRIMORSK,03/02/2025 17:00:00,AIS,POINT (12.688967 55.64935),621819094_0,0 days 00:01:00,2.0904082331145926e-06,169.08331455719645,0.0,0,4.660099873649277,55.64935,12.688967
2025-02-01 02:44:00,2025-02-01 02:44:00,Class A,621819094_0,55.6468,12.689833,Constrained by her draught,-2.9,9.4,169.0,167.0,9332810,J2HC,KIWALA,Tanker,0,42.0,244.0,GPS,7.4,PRIMORSK,03/02/2025 17:00:00,AIS,POINT (12.689833 55.6468),621819094_0,0 days 00:01:00,-2.632873943186507e-06,169.1514516308639,0.0,0,4.6618473094096515,55.6468,12.689833
2025-02-01 02:51:00,2025-02-01 02:51:00,Class A,621819094_0,55.629233,12.694683,Constrained by her draught,0.0,8.9,174.0,174.0,9332810,J2HC,KIWALA,Tanker,0,42.0,244.0,GPS,7.4,PRIMORSK,03/02/2025 17:00:00,AIS,POINT (12.694683 55.629233),621819094_0,0 days 00:07:00,-2.501243058947898e-07,171.1409315106049,0.0,0,4.672874381267808,55.629233,12.694683
2025-02-01 02:57:01,2025-02-01 02:57:01,Class A,621819094_0,55.615183,12.6968,Constrained by her draught,1.1,8.2,175.0,175.0,9332810,J2HC,KIWALA,Tanker,0,42.0,244.0,GPS,7.4,PRIMORSK,03/02/2025 17:00:00,AIS,POINT (12.6968 55.615183),621819094_0,0 days 00:06:01,-1.009217723768787e-06,175.13617745858255,0.0,0,4.6800928469409655,55.615183,12.6968
2025-02-01 02:58:00,2025-02-01 02:58:00,Class A,621819094_0,55.6128,12.697133,Constrained by her draught,0.0,8.3,175.0,175.0,9332810,J2HC,KIWALA,Tanker,0,42.0,244.0,GPS,7.4,PRIMORSK,03/02/2025 17:00:00,AIS,POINT (12.697133 55.6128),621819094_0,0 days 00:00:59,2.74568323991305e-06,175.48741937881914,0.0,0,4.6812961813209375,55.6128,12.697133
2025-02-01 02:59:00,2025-02-01 02:59:00,Class A,621819094_0,55.610467,12.697433,Constrained by her draught,0.0,8.4,176.0,175.0,9332810,J2HC,KIWALA,Tanker,0,42.0,244.0,GPS,7.4,PRIMORSK,03/02/2025 17:00:00,AIS,POINT (12.697433 55.610467),621819094_0,0 days 00:01:00,-2.8386355339744354e-06,175.8459233731055,0.0,0,4.682451062079453,55.610467,12.697433
2025-02-01 03:00:00,2025-02-01 03:00:00,Class A,621819094_0,55.608083,12.697717,Constrained by her draught,0.0,8.5,175.0,174.0,9332810,J2HC,KIWALA,Tanker,0,42.0,244.0,GPS,7.4,PRIMORSK,03/02/2025 17:00:00,AIS,POINT (12.697717 55.608083),621819094_0,0 days 00:01:00,1.5537910980663809e-06,176.15041262166324,0.0,0,4.6836112166089325,55.608083,12.697717
2025-02-01 03:01:00,2025-02-01 03:01:00,Class A,621819094_0,55.605783,12.698067,Constrained by her draught,0.0,8.3,175.0,174.0,9332810,J2HC,KIWALA,Tanker,0,42.0,244.0,GPS,7.4,PRIMORSK,03/02/2025 17:00:00,AIS,POINT (12.698067 55.605783),621819094_0,0 days 00:01:00,-2.5018430177229545e-06,175.08689886997354,0.0,0,4.684801789333781,55.605783,12.698067
2025-02-01 03:02:00,2025-02-01 03:02:00,Class A,621819094_0,55.603533,12.69845,Constrained by her draught,0.0,8.0,174.0,174.0,9332810,J2HC,KIWALA,Tanker,0,42.0,244.0,GPS,7.4,PRIMORSK,03/02/2025 17:00:00,AIS,POINT (12.69845 55.603533),621819094_0,0 days 00:01:00,-1.4874261713716172e-06,174.50725208350332,0.0,0,4.6860049130563235,55.603533,12.69845
2025-02-01 03:03:00,2025-02-01 03:03:00,Class A,621819094_0,55.60175,12.698767,Constrained by her draught,0.0,7.8,174.0,174.0,9332810,J2HC,KIWALA,Tanker,0,42.0,244.0,GPS,7.4,PRIMORSK,03/02/2025 17:00:00,AIS,POINT (12.698767 55.60175),621819094_0,0 days 00:01:00,-1.4486308350798676e-05,174.2643814909327,0.0,0,4.686971386811103,55.60175,12.698767
2025-02-01 03:04:00,2025-02-01 03:04:00,Class A,621819094_0,55.599267,12.6992,Constrained by her draught,0.0,7.6,174.0,174.0,9332810,J2HC,KIWALA,Tanker,0,42.0,244.0,GPS,7.4,PRIMORSK,03/02/2025 17:00:00,AIS,POINT (12.6992 55.599267),621819094_0,0 days 00:01:00,2.1743111476538983e-05,174.3731442111673,0.0,0,4.688310302416853,55.599267,12.6992
2025-02-01 03:05:00,2025-02-01 03:05:00,Class A,621819094_0,55.5972,12.69955,Constrained by her draught,0.0,7.4,174.0,174.0,9332810,J2HC,KIWALA,Tanker,0,42.0,244.0,GPS,7.4,PRIMORSK,03/02/2025 17:00:00,AIS,POINT (12.69955 55.5972),621819094_0,0 days 00:01:00,-1.2945599456861038e-05,174.53507033203482,0.0,0,4.689415960429294,55.5972,12.69955
2025-02-01 03:06:00,2025-02-01 03:06:00,Class A,621819094_0,55.595133,12.699867,Constrained by her draught,0.0,7.5,176.0,175.0,9332810,J2HC,KIWALA,Tanker,0,42.0,244.0,GPS,7.4,PRIMORSK,03/02/2025 17:00:00,AIS,POINT (12.699867 55.595133),621819094_0,0 days 00:01:00,-5.256653650528304e-08,175.04738100188274,0.0,0,4.690491752454641,55.595133,12.699867
2025-02-01 03:07:00,2025-02-01 03:07:00,Class A,621819094_0,55.592983,12.700117,Constrained by her draught,-1.1,7.7,176.0,175.0,9332810,J2HC,KIWALA,Tanker,0,42.0,244.0,GPS,7.4,PRIMORSK,03/02/2025 17:00:00,AIS,POINT (12.700117 55.592983),621819094_0,0 days 00:01:00,2.4702603137172584e-06,176.2407503405027,0.0,0,4.691537690773146,55.592983,12.700117
2025-02-01 03:08:00,2025-02-01 03:08:00,Class A,621819094_0,55.590817,12.700383,Constrained by her draught,0.0,7.9,175.0,175.0,9332810,J2HC,KIWALA,Tanker,0,42.0,244.0,GPS,7.4,PRIMORSK,03/02/2025 17:00:00,AIS,POINT (12.700383 55.590817),621819094_0,0 days 00:01:00,5.126091583565791e-07,176.03014315633845,0.0,0,4.69260526878929,55.590817,12.700383
2025-02-01 03:09:00,2025-02-01 03:09:00,Class A,621819094_0,55.5886,12.7007,Constrained by her draught,0.0,8.0,175.0,175.0,9332810,J2HC,KIWALA,Tanker,0,42.0,244.0,GPS,7.4,PRIMORSK,03/02/2025 17:00:00,AIS,POINT (12.7007 55.5886),621819094_0,0 days 00:01:00,1.6398455308192123e-06,175.38020241853224,0.0,0,4.693740167289727,55.5886,12.7007
2025-02-01 03:10:00,2025-02-01 03:10:00,Class A,621819094_0,55.586367,12.701,Constrained by her draught,0.0,8.1,175.0,175.0,9332810,J2HC,KIWALA,Tanker,0,42.0,244.0,GPS,7.4,PRIMORSK,03/02/2025 17:00:00,AIS,POINT (12.701 55.586367),621819094_0,0 days 00:01:00,4.699887469279858e-07,175.65793139010157,0.0,0,4.6948662195368245,55.586367,12.701
2025-02-01 03:11:00,2025-02-01 03:11:00,Class A,621819094_0,55.5841,12.701317,Constrained by her draught,0.0,8.2,175.0,175.0,9332810,J2HC,KIWALA,Tanker,0,42.0,244.0,GPS,7.4,PRIMORSK,03/02/2025 17:00:00,AIS,POINT (12.701317 55.5841),621819094_0,0 days 00:01:00,1.0713858838405065e-06,175.48115222302602,0.0,0,4.696021743368103,55.5841,12.701317
2025-02-01 03:15:01,2025-02-01 03:15:01,Class A,621819094_0,55.574883,12.70265,Constrained by her draught,0.0,8.4,174.0,174.0,9332810,J2HC,KIWALA,Tanker,0,42.0,244.0,GPS,7.4,PRIMORSK,03/02/2025 17:00:00,AIS,POINT (12.70265 55.574883),621819094_0,0 days 00:04:01,2.1770746613308346e-07,175.32588260029218,0.0,0,4.700769152499196,55.574883,12.70265
2025-02-01 03:33:00,2025-02-01 03:33:00,Class A,621819094_0,55.537667,12.70215,Constrained by her draught,-1.1,8.2,191.0,190.0,9332810,J2HC,KIWALA,Tanker,0,42.0,244.0,GPS,7.4,PRIMORSK,03/02/2025 17:00:00,AIS,POINT (12.70215 55.537667),621819094_0,0 days 00:17:59,-4.0044013496981616e-07,180.43557899905315,0.0,0,4.714656610788107,55.537667,12.70215
2025-02-01 03:35:00,2025-02-01 03:35:00,Class A,621819094_0,55.53295,12.700817,Constrained by her draught,0.0,8.7,188.0,188.0,9332810,J2HC,KIWALA,Tanker,0,42.0,244.0,GPS,7.4,PRIMORSK,03/02/2025 17:00:00,AIS,POINT (12.700817 55.53295),621819094_0,0 days 00:02:00,4.933583317029657e-06,189.08635408994328,0.0,0,4.715265671644176,55.53295,12.700817
2025-02-01 03:36:00,2025-02-01 03:36:00,Class A,621819094_0,55.5305,12.70015,Constrained by her draught,0.0,9.0,188.0,188.0,9332810,J2HC,KIWALA,Tanker,0,42.0,244.0,GPS,7.4,PRIMORSK,03/02/2025 17:00:00,AIS,POINT (12.70015 55.5305),621819094_0,0 days 00:01:00,2.796831194422786e-06,188.75935482078916,0.0,0,4.715607341512755,55.5305,12.70015
2025-02-01 03:37:00,2025-02-01 03:37:00,Class A,621819094_0,55.528,12.699567,Constrained by her draught,5.4,9.1,188.0,192.0,9332810,J2HC,KIWALA,Tanker,0,42.0,244.0,GPS,7.4,PRIMORSK,03/02/2025 17:00:00,AIS,POINT (12.699567 55.528),621819094_0,0 days 00:01:00,1.3217568559586103e-06,187.51912385660643,0.0,0,4.716047214690074,55.528,12.699567
2025-02-01 03:38:00,2025-02-01 03:38:00,Class A,621819094_0,55.525533,12.6986,Constrained by her draught,0.0,9.3,194.0,195.0,9332810,J2HC,KIWALA,Tanker,0,42.0,244.0,GPS,7.4,PRIMORSK,03/02/2025 17:00:00,AIS,POINT (12.6986 55.525533),621819094_0,0 days 00:01:00,1.6912818587712664e-07,192.50973430982467,0.0,0,4.7161221597079095,55.525533,12.6986
2025-02-01 03:39:00,2025-02-01 03:39:00,Class A,621819094_0,55.522967,12.6974,Constrained by her draught,0.0,9.4,195.0,195.0,9332810,J2HC,KIWALA,Tanker,0,42.0,244.0,GPS,7.4,PRIMORSK,03/02/2025 17:00:00,AIS,POINT (12.6974 55.522967),621819094_0,0 days 00:01:00,3.943514645708487e-06,194.8276749432575,0.0,0,4.716023032529421,55.522967,12.6974
2025-02-01 03:40:00,2025-02-01 03:40:00,Class A,621819094_0,55.52045,12.696167,Constrained by her draught,0.0,9.6,195.0,195.0,9332810,J2HC,KIWALA,Tanker,0,42.0,244.0,GPS,7.4,PRIMORSK,03/02/2025 17:00:00,AIS,POINT (12.696167 55.52045),621819094_0,0 days 00:01:00,-1.310343920764391e-06,195.4998309437837,0.0,0,4.715876020951571,55.52045,12.696167
2025-02-01 03:41:00,2025-02-01 03:41:00,Class A,621819094_0,55.517817,12.6949,Constrained by her draught,0.0,9.7,195.0,195.0,9332810,J2HC,KIWALA,Tanker,0,42.0,244.0,GPS,7.4,PRIMORSK,03/02/2025 17:00:00,AIS,POINT (12.6949 55.517817),621819094_0,0 days 00:01:00,3.617362912984358e-06,195.2393768113534,0.0,0,4.715744999705561,55.517817,12.6949
2025-02-01 03:42:00,2025-02-01 03:42:00,Class A,621819094_0,55.515217,12.693667,Constrained by her draught,0.0,9.8,195.0,195.0,9332810,J2HC,KIWALA,Tanker,0,42.0,244.0,GPS,7.4,PRIMORSK,03/02/2025 17:00:00,AIS,POINT (12.693667 55.515217),621819094_0,0 days 00:01:00,-1.140734641411212e-06,195.02965981329373,0.0,0,4.715634051323851,55.515217,12.693667
2025-02-01 03:43:00,2025-02-01 03:43:00,Class A,621819094_0,55.512533,12.692367,Constrained by her draught,0.0,9.9,195.0,195.0,9332810,J2HC,KIWALA,Tanker,0,42.0,244.0,GPS,7.4,PRIMORSK,03/02/2025 17:00:00,AIS,POINT (12.692367 55.512533),621819094_0,0 days 00:01:00,2.815620394532991e-06,195.33646427876153,0.0,0,4.715496392665889,55.512533,12.692367
2025-02-01 03:44:00,2025-02-01 03:44:00,Class A,621819094_0,55.509817,12.691067,Constrained by her draught,0.0,10.0,195.0,195.0,9332810,J2HC,KIWALA,Tanker,0,42.0,244.0,GPS,7.4,PRIMORSK,03/02/2025 17:00:00,AIS,POINT (12.691067 55.509817),621819094_0,0 days 00:01:00,9.55011589641409e-07,195.16513392599677,0.0,0,4.715373249023348,55.509817,12.691067
2025-02-01 03:45:00,2025-02-01 03:45:00,Class A,621819094_0,55.507133,12.6898,Constrained by her draught,0.0,10.2,195.0,195.0,9332810,J2HC,KIWALA,Tanker,0,42.0,244.0,GPS,7.4,PRIMORSK,03/02/2025 17:00:00,AIS,POINT (12.6898 55.507133),621819094_0,0 days 00:01:00,-1.1059455739752978e-06,194.96678932243495,0.0,0,4.715269684725147,55.507133,12.6898
2025-02-01 03:46:00,2025-02-01 03:46:00,Class A,621819094_0,55.5043,12.688467,Constrained by her draught,0.0,10.4,194.0,195.0,9332810,J2HC,KIWALA,Tanker,0,42.0,244.0,GPS,7.4,PRIMORSK,03/02/2025 17:00:00,AIS,POINT (12.688467 55.5043),621819094_0,0 days 00:01:00,4.751149865477626e-06,194.92145336235458,0.0,0,4.715166377381183,55.5043,12.688467
2025-02-01 03:47:00,2025-02-01 03:47:00,Class A,621819094_0,55.50145,12.687117,Constrained by her draught,0.0,10.6,194.0,195.0,9332810,J2HC,KIWALA,Tanker,0,42.0,244.0,GPS,7.4,PRIMORSK,03/02/2025 17:00:00,AIS,POINT (12.687117 55.50145),621819094_0,0 days 00:01:00,5.854535779202415e-07,195.01813763213406,0.0,0,4.715056282653051,55.50145,12.687117
2025-02-01 03:52:00,2025-02-01 03:52:00,Class A,621819094_0,55.486617,12.680217,Constrained by her draught,0.0,11.4,194.0,195.0,9332810,J2HC,KIWALA,Tanker,0,42.0,244.0,GPS,7.4,PRIMORSK,03/02/2025 17:00:00,AIS,POINT (12.680217 55.486617),621819094_0,0 days 00:05:00,7.242453356085498e-07,194.7658184625364,0.0,0,4.714632943931584,55.486617,12.680217
2025-02-01 03:53:00,2025-02-01 03:53:00,Class A,621819094_0,55.483533,12.678883,Constrained by her draught,0.0,11.4,195.0,198.0,9332810,J2HC,KIWALA,Tanker,0,42.0,244.0,GPS,7.4,PRIMORSK,03/02/2025 17:00:00,AIS,POINT (12.678883 55.483533),621819094_0,0 days 00:01:00,3.320098560110942e-06,193.77197266436602,0.0,0,4.714644242984725,55.483533,12.678883
2025-02-01 03:54:00,2025-02-01 03:54:00,Class A,621819094_0,55.480433,12.677183,Under way using engine,0.0,11.5,197.0,198.0,9332810,J2HC,KIWALA,Tanker,0,42.0,244.0,GPS,7.4,PRIMORSK,03/02/2025 17:00:00,AIS,POINT (12.677183 55.480433),621819094_0,0 days 00:01:00,2.2012332942729014e-06,197.26343555742983,0.0,0,4.7143290832640234,55.480433,12.677183
2025-02-01 03:55:00,2025-02-01 03:55:00,Class A,621819094_0,55.4774,12.675483,Under way using engine,0.0,11.6,197.0,198.0,9332810,J2HC,KIWALA,Tanker,0,42.0,244.0,GPS,7.4,PRIMORSK,03/02/2025 17:00:00,AIS,POINT (12.675483 55.4774),621819094_0,0 days 00:01:00,-1.9757195334794656e-06,197.6226981050032,0.0,0,4.713989634932388,55.4774,12.675483
2025-02-01 03:56:00,2025-02-01 03:56:00,Class A,621819094_0,55.474317,12.67375,Under way using engine,0.0,11.6,197.0,198.0,9332810,J2HC,KIWALA,Tanker,0,42.0,244.0,GPS,7.4,PRIMORSK,03/02/2025 17:00:00,AIS,POINT (12.67375 55.474317),621819094_0,0 days 00:01:00,1.649947467591573e-06,197.67157877012775,0.0,0,4.713642639843203,55.474317,12.67375
2025-02-01 03:57:00,2025-02-01 03:57:00,Class A,621819094_0,55.471183,12.672017,Under way using engine,0.0,11.6,197.0,198.0,9332810,J2HC,KIWALA,Tanker,0,42.0,244.0,GPS,7.4,PRIMORSK,03/02/2025 17:00:00,AIS,POINT (12.672017 55.471183),621819094_0,0 days 00:01:00,1.5042912735567081e-06,197.40279625711517,0.0,0,4.713318833406562,55.471183,12.672017
2025-02-01 03:58:00,2025-02-01 03:58:00,Class A,621819094_0,55.468183,12.670333,Under way using engine,0.0,11.5,197.0,198.0,9332810,J2HC,KIWALA,Tanker,0,42.0,244.0,GPS,7.4,PRIMORSK,03/02/2025 17:00:00,AIS,POINT (12.670333 55.468183),621819094_0,0 days 00:01:00,-4.2099693186593205e-06,197.65111026005616,0.0,0,4.712988439918878,55.468183,12.670333
2025-02-01 03:59:00,2025-02-01 03:59:00,Class A,621819094_0,55.465067,12.668617,Under way using engine,0.0,11.6,196.0,198.0,9332810,J2HC,KIWALA,Tanker,0,42.0,244.0,GPS,7.4,PRIMORSK,03/02/2025 17:00:00,AIS,POINT (12.668617 55.465067),621819094_0,0 days 00:01:00,3.5907724923474933e-06,197.33842582377451,0.0,0,4.712678190318644,55.465067,12.668617
2025-02-01 04:00:00,2025-02-01 04:00:00,Class A,621819094_0,55.46195,12.666967,Under way using engine,0.0,11.7,197.0,198.0,9332810,J2HC,KIWALA,Tanker,0,42.0,244.0,GPS,7.4,PRIMORSK,03/02/2025 17:00:00,AIS,POINT (12.666967 55.46195),621819094_0,0 days 00:01:00,-3.0992614194338845e-07,196.70559264150094,0.0,0,4.712431350204053,55.46195,12.666967
2025-02-01 04:01:00,2025-02-01 04:01:00,Class A,621819094_0,55.4589,12.665283,Under way using engine,0.0,11.7,195.0,195.0,9332810,J2HC,KIWALA,Tanker,0,42.0,244.0,GPS,7.4,PRIMORSK,03/02/2025 17:00:00,AIS,POINT (12.665283 55.4589),621819094_0,0 days 00:01:00,-1.8045983047093624e-06,197.38314849776185,0.0,0,4.71212887018702,55.4589,12.665283
2025-02-01 04:02:00,2025-02-01 04:02:00,Class A,621819094_0,55.455683,12.66375,Under way using engine,-5.4,11.8,195.0,194.0,9332810,J2HC,KIWALA,Tanker,0,42.0,244.0,GPS,7.4,PRIMORSK,03/02/2025 17:00:00,AIS,POINT (12.66375 55.455683),621819094_0,0 days 00:01:00,4.21470247085852e-06,195.12103343679036,0.0,0,4.712034797652496,55.455683,12.66375
2025-02-01 04:03:00,2025-02-01 04:03:00,Class A,621819094_0,55.452517,12.662483,Under way using engine,-2.2,11.9,191.0,190.0,9332810,J2HC,KIWALA,Tanker,0,42.0,244.0,GPS,7.4,PRIMORSK,03/02/2025 17:00:00,AIS,POINT (12.662483 55.452517),621819094_0,0 days 00:01:00,-2.660096877406433e-06,192.7863306675875,0.0,0,4.712165595187525,55.452517,12.662483
2025-02-01 04:04:00,2025-02-01 04:04:00,Class A,621819094_0,55.449183,12.66145,Under way using engine,0.0,12.0,189.0,190.0,9332810,J2HC,KIWALA,Tanker,0,42.0,244.0,GPS,7.4,PRIMORSK,03/02/2025 17:00:00,AIS,POINT (12.66145 55.449183),621819094_0,0 days 00:01:00,4.28167636244421e-06,189.96631367133733,0.0,0,4.7125810307185185,55.449183,12.66145
2025-02-01 04:05:00,2025-02-01 04:05:00,Class A,621819094_0,55.445883,12.660483,Under way using engine,1.1,12.0,189.0,190.0,9332810,J2HC,KIWALA,Tanker,0,42.0,244.0,GPS,7.4,PRIMORSK,03/02/2025 17:00:00,AIS,POINT (12.660483 55.445883),621819094_0,0 days 00:01:00,-1.2320795013163934e-06,189.43643895629788,0.0,0,4.713045364624554,55.445883,12.660483
2025-02-01 04:09:01,2025-02-01 04:09:01,Class A,621819094_0,55.432617,12.656517,Under way using engine,0.0,12.2,189.0,190.0,9332810,J2HC,KIWALA,Tanker,0,42.0,244.0,GPS,7.4,PRIMORSK,03/02/2025 17:00:00,AIS,POINT (12.656517 55.432617),621819094_0,0 days 00:04:01,3.571166851586852e-08,189.6270572718899,0.0,0,4.714865129503175,55.432617,12.656517
2025-02-01 04:21:00,2025-02-01 04:21:00,Class A,621819094_0,55.392033,12.643767,Under way using engine,0.0,12.5,190.0,190.0,9332810,J2HC,KIWALA,Tanker,0,42.0,244.0,GPS,7.4,PRIMORSK,03/02/2025 17:00:00,AIS,POINT (12.643767 55.392033),621819094_0,0 days 00:11:59,2.329157892581656e-07,190.11706875737525,0.0,0,4.720119904668208,55.392033,12.643767
2025-02-01 04:33:00,2025-02-01 04:33:00,Class A,621819094_0,55.3508,12.62985,Under way using engine,0.0,12.5,191.0,190.0,9332810,J2HC,KIWALA,Tanker,0,42.0,244.0,GPS,7.4,PRIMORSK,03/02/2025 17:00:00,AIS,POINT (12.62985 55.3508),621819094_0,0 days 00:12:00,1.509925302325493e-07,190.8630732213081,0.0,0,4.7249742766632075,55.3508,12.62985
2025-02-01 04:34:00,2025-02-01 04:34:00,Class A,621819094_0,55.347367,12.628633,Under way using engine,0.0,12.4,191.0,190.0,9332810,J2HC,KIWALA,Tanker,0,42.0,244.0,GPS,7.4,PRIMORSK,03/02/2025 17:00:00,AIS,POINT (12.628633 55.347367),621819094_0,0 days 00:01:00,1.0338004292767891e-07,191.3963557948908,0.0,0,4.725343620136954,55.347367,12.628633
2025-02-01 04:35:00,2025-02-01 04:35:00,Class A,621819094_0,55.344067,12.627367,Under way using engine,-6.4,12.3,191.0,185.0,9332810,J2HC,KIWALA,Tanker,0,42.0,244.0,GPS,7.4,PRIMORSK,03/02/2025 17:00:00,AIS,POINT (12.627367 55.344067),621819094_0,0 days 00:01:00,-3.847078860658506e-06,192.3065005135804,0.0,0,4.725614422115392,55.344067,12.627367
2025-02-01 04:36:00,2025-02-01 04:36:00,Class A,621819094_0,55.340717,12.62665,Under way using engine,-2.2,12.1,184.0,181.0,9332810,J2HC,KIWALA,Tanker,0,42.0,244.0,GPS,7.4,PRIMORSK,03/02/2025 17:00:00,AIS,POINT (12.62665 55.340717),621819094_0,0 days 00:01:00,-9.62700867245646e-08,186.93977965973414,0.0,0,4.726405078000404,55.340717,12.62665
2025-02-01 04:37:00,2025-02-01 04:37:00,Class A,621819094_0,55.337317,12.6264,Under way using engine,0.0,12.0,181.0,180.0,9332810,J2HC,KIWALA,Tanker,0,42.0,244.0,GPS,7.4,PRIMORSK,03/02/2025 17:00:00,AIS,POINT (12.6264 55.337317),621819094_0,0 days 00:01:00,8.706286273191024e-07,182.39468037101844,0.0,0,4.727641160901281,55.337317,12.6264
2025-02-01 04:38:00,2025-02-01 04:38:00,Class A,621819094_0,55.334033,12.62625,Under way using engine,0.0,11.9,181.0,180.0,9332810,J2HC,KIWALA,Tanker,0,42.0,244.0,GPS,7.4,PRIMORSK,03/02/2025 17:00:00,AIS,POINT (12.62625 55.334033),621819094_0,0 days 00:01:00,-3.645228095908026e-06,181.488215588207,0.0,0,4.728919644526434,55.334033,12.62625
2025-02-01 04:39:00,2025-02-01 04:39:00,Class A,621819094_0,55.33065,12.6261,Under way using engine,-5.4,11.9,182.0,179.0,9332810,J2HC,KIWALA,Tanker,0,42.0,244.0,GPS,7.4,PRIMORSK,03/02/2025 17:00:00,AIS,POINT (12.6261 55.33065),621819094_0,0 days 00:01:00,3.0605081165439633e-06,181.4448065213953,0.0,0,4.730242776711255,55.33065,12.6261
2025-02-01 04:48:00,2025-02-01 04:48:00,Class A,621819094_0,55.303033,12.640483,Under way using engine,-6.4,11.6,147.0,141.0,9332810,J2HC,KIWALA,Tanker,0,42.0,244.0,GPS,8.0,PRIMORSK,03/02/2025 17:00:00,AIS,POINT (12.640483 55.303033),621819094_0,0 days 00:09:00,-6.2898866134558e-07,163.4865656467383,0.0,0,4.755169679612811,55.303033,12.640483
2025-02-01 04:49:00,2025-02-01 04:49:00,Class A,621819094_0,55.3005,12.643917,Under way using engine,-8.7,11.5,139.0,132.0,9332810,J2HC,KIWALA,Tanker,0,42.0,244.0,GPS,8.0,PRIMORSK,03/02/2025 17:00:00,AIS,POINT (12.643917 55.3005),621819094_0,0 days 00:01:00,3.590893102789136e-08,142.33976281537434,0.0,0,4.759363645382227,55.3005,12.643917
2025-02-01 04:50:00,2025-02-01 04:50:00,Class A,621819094_0,55.2983,12.648067,Under way using engine,-10.0,11.4,129.0,122.0,9332810,J2HC,KIWALA,Tanker,0,42.0,244.0,GPS,8.0,PRIMORSK,03/02/2025 17:00:00,AIS,POINT (12.648067 55.2983),621819094_0,0 days 00:01:00,9.223670669092355e-07,132.9579313045329,0.0,0,4.764057456746928,55.2983,12.648067
2025-02-01 04:51:00,2025-02-01 04:51:00,Class A,621819094_0,55.296667,12.652683,Under way using engine,-2.9,11.3,119.0,117.0,9332810,J2HC,KIWALA,Tanker,0,42.0,244.0,GPS,8.0,PRIMORSK,03/02/2025 17:00:00,AIS,POINT (12.652683 55.296667),621819094_0,0 days 00:01:00,-4.117648112826596e-06,121.85468545358793,0.0,0,4.768924142568111,55.296667,12.652683
2025-02-01 04:52:00,2025-02-01 04:52:00,Class A,621819094_0,55.2952,12.657733,Under way using engine,-2.9,11.4,114.0,111.0,9332810,J2HC,KIWALA,Tanker,0,42.0,244.0,GPS,8.0,PRIMORSK,03/02/2025 17:00:00,AIS,POINT (12.657733 55.2952),621819094_0,0 days 00:01:00,4.159385296538358e-06,117.03010538045385,0.0,0,4.774109499713009,55.2952,12.657733
2025-02-01 04:53:00,2025-02-01 04:53:00,Class A,621819094_0,55.2941,12.662883,Under way using engine,1.1,11.5,109.0,111.0,9332810,J2HC,KIWALA,Tanker,0,42.0,244.0,GPS,8.0,PRIMORSK,03/02/2025 17:00:00,AIS,POINT (12.662883 55.2941),621819094_0,0 days 00:01:00,-2.958244933230711e-06,110.5613058254363,0.0,0,4.77922554910835,55.2941,12.662883
2025-02-01 04:54:00,2025-02-01 04:54:00,Class A,621819094_0,55.293017,12.668183,Under way using engine,-1.1,11.6,109.0,110.0,9332810,J2HC,KIWALA,Tanker,0,42.0,244.0,GPS,8.0,PRIMORSK,03/02/2025 17:00:00,AIS,POINT (12.668183 55.293017),621819094_0,0 days 00:01:00,2.3071310484097144e-06,109.74017336469262,0.0,0,4.7844696474603134,55.293017,12.668183
2025-02-01 04:55:00,2025-02-01 04:55:00,Class A,621819094_0,55.29195,12.67365,Under way using engine,0.0,11.7,108.0,110.0,9332810,J2HC,KIWALA,Tanker,0,42.0,244.0,GPS,8.0,PRIMORSK,03/02/2025 17:00:00,AIS,POINT (12.67365 55.29195),621819094_0,0 days 00:01:00,2.6204724357211234e-06,108.91811997142304,0.0,0,4.789857609191426,55.29195,12.67365
2025-02-01 04:57:00,2025-02-01 04:57:00,Class A,621819094_0,55.289867,12.684517,Under way using engine,0.0,11.8,109.0,110.0,9332810,J2HC,KIWALA,Tanker,0,42.0,244.0,GPS,8.0,PRIMORSK,03/02/2025 17:00:00,AIS,POINT (12.684517 55.289867),621819094_0,0 days 00:02:00,-4.0471573663106716e-07,108.60037878238046,0.0,0,4.800552292695602,55.289867,12.684517
2025-02-01 04:58:00,2025-02-01 04:58:00,Class A,621819094_0,55.288767,12.689967,Under way using engine,0.0,11.8,109.0,110.0,9332810,J2HC,KIWALA,Tanker,0,42.0,244.0,GPS,8.0,PRIMORSK,03/02/2025 17:00:00,AIS,POINT (12.689967 55.288767),621819094_0,0 days 00:01:00,8.685907482856396e-07,109.51457841321292,0.0,0,4.805940483204614,55.288767,12.689967
2025-02-01 04:59:00,2025-02-01 04:59:00,Class A,621819094_0,55.287667,12.695333,Under way using engine,0.0,11.9,110.0,110.0,9332810,J2HC,KIWALA,Tanker,0,42.0,244.0,GPS,8.0,PRIMORSK,03/02/2025 17:00:00,AIS,POINT (12.695333 55.287667),621819094_0,0 days 00:01:00,-1.3939204780657703e-06,109.79604001961309,0.0,0,4.811253350694495,55.287667,12.695333
2025-02-01 05:00:00,2025-02-01 05:00:00,Class A,621819094_0,55.2865,12.700883,Under way using engine,0.0,12.0,110.0,110.0,9332810,J2HC,KIWALA,Tanker,0,42.0,244.0,GPS,8.0,PRIMORSK,03/02/2025 17:00:00,AIS,POINT (12.700883 55.2865),621819094_0,0 days 00:01:00,3.762671281700112e-06,110.2639764687608,0.0,0,4.816761458205089,55.2865,12.700883
2025-02-01 05:01:00,2025-02-01 05:01:00,Class A,621819094_0,55.28535,12.706283,Under way using engine,-1.1,12.0,110.0,110.0,9332810,J2HC,KIWALA,Tanker,0,42.0,244.0,GPS,8.0,PRIMORSK,03/02/2025 17:00:00,AIS,POINT (12.706283 55.28535),621819094_0,0 days 00:01:00,-2.6623878435130116e-06,110.50153783084698,0.0,0,4.822127351309794,55.28535,12.706283
2025-02-01 05:02:00,2025-02-01 05:02:00,Class A,621819094_0,55.2842,12.711883,Under way using engine,1.1,12.0,109.0,110.0,9332810,J2HC,KIWALA,Tanker,0,42.0,244.0,GPS,8.0,PRIMORSK,03/02/2025 17:00:00,AIS,POINT (12.711883 55.2842),621819094_0,0 days 00:01:00,3.3171002681488373e-06,109.8266617374274,0.0,0,4.827673936612746,55.2842,12.711883
2025-02-01 05:03:00,2025-02-01 05:03:00,Class A,621819094_0,55.283267,12.716383,Under way using engine,1.1,12.0,110.0,111.0,9332810,J2HC,KIWALA,Tanker,0,42.0,244.0,GPS,8.0,PRIMORSK,03/02/2025 17:00:00,AIS,POINT (12.716383 55.283267),621819094_0,0 days 00:01:00,-2.0538078412434785e-05,110.0023777738943,0.0,0,4.832135144526589,55.283267,12.716383
2025-02-01 05:04:00,2025-02-01 05:04:00,Class A,621819094_0,55.281833,12.722883,Under way using engine,0.0,12.0,111.0,111.0,9332810,J2HC,KIWALA,Tanker,0,42.0,244.0,GPS,8.0,PRIMORSK,03/02/2025 17:00:00,AIS,POINT (12.722883 55.281833),621819094_0,0 days 00:01:00,3.849828160117174e-05,111.1719035904,0.0,0,4.838616837765623,55.281833,12.722883
2025-02-01 05:05:00,2025-02-01 05:05:00,Class A,621819094_0,55.280583,12.728333,Under way using engine,0.0,12.0,112.0,111.0,9332810,J2HC,KIWALA,Tanker,0,42.0,244.0,GPS,8.0,PRIMORSK,03/02/2025 17:00:00,AIS,POINT (12.728333 55.280583),621819094_0,0 days 00:01:00,-1.9326489800967357e-05,111.93243728130346,0.0,0,4.844072417832851,55.280583,12.728333
2025-02-01 05:06:00,2025-02-01 05:06:00,Class A,621819094_0,55.279317,12.733767,Under way using engine,0.0,12.1,112.0,111.0,9332810,J2HC,KIWALA,Tanker,0,42.0,244.0,GPS,8.0,PRIMORSK,03/02/2025 17:00:00,AIS,POINT (12.733767 55.279317),621819094_0,0 days 00:01:00,-7.323555139943614e-08,112.2444455811343,0.0,0,4.849520775108094,55.279317,12.733767
2025-02-01 05:07:00,2025-02-01 05:07:00,Class A,621819094_0,55.278033,12.739217,Under way using engine,0.0,12.1,112.0,111.0,9332810,J2HC,KIWALA,Tanker,0,42.0,244.0,GPS,8.0,PRIMORSK,03/02/2025 17:00:00,AIS,POINT (12.739217 55.278033),621819094_0,0 days 00:01:00,4.754895046754637e-07,112.46910256628809,0.0,0,4.854991627700814,55.278033,12.739217
2025-02-01 05:09:00,2025-02-01 05:09:00,Class A,621819094_0,55.275567,12.750067,Under way using engine,0.0,12.2,111.0,110.0,9332810,J2HC,KIWALA,Tanker,0,42.0,244.0,GPS,8.0,PRIMORSK,03/02/2025 17:00:00,AIS,POINT (12.750067 55.275567),621819094_0,0 days 00:02:00,-4.986920882003619e-07,111.74804109608164,0.0,0,4.8658451511638745,55.275567,12.750067
2025-02-01 05:20:00,2025-02-01 05:20:00,Class A,621819094_0,55.26085,12.81195,Under way using engine,0.0,12.6,112.0,111.0,9332810,J2HC,KIWALA,Tanker,0,42.0,244.0,GPS,8.0,PRIMORSK,03/02/2025 17:00:00,AIS,POINT (12.81195 55.26085),621819094_0,0 days 00:11:00,4.114109187304104e-07,112.6312635776531,0.0,0,4.928050804377833,55.26085,12.81195
2025-02-01 05:21:00,2025-02-01 05:21:00,Class A,621819094_0,55.259533,12.817533,Under way using engine,0.0,12.6,112.0,111.0,9332810,J2HC,KIWALA,Tanker,0,42.0,244.0,GPS,8.0,PRIMORSK,03/02/2025 17:00:00,AIS,POINT (12.817533 55.259533),621819094_0,0 days 00:01:00,-9.262955935537224e-07,112.4852465256306,0.0,0,4.933660073100802,55.259533,12.817533
2025-02-01 05:22:00,2025-02-01 05:22:00,Class A,621819094_0,55.2582,12.823217,Under way using engine,0.0,12.6,112.0,111.0,9332810,J2HC,KIWALA,Tanker,0,42.0,244.0,GPS,8.0,PRIMORSK,03/02/2025 17:00:00,AIS,POINT (12.823217 55.2582),621819094_0,0 days 00:01:00,1.840861834548939e-06,112.36625810018944,0.0,0,4.939367768792479,55.2582,12.823217
2025-02-01 05:23:00,2025-02-01 05:23:00,Class A,621819094_0,55.256883,12.828933,Under way using engine,0.0,12.6,112.0,111.0,9332810,J2HC,KIWALA,Tanker,0,42.0,244.0,GPS,8.0,PRIMORSK,03/02/2025 17:00:00,AIS,POINT (12.828933 55.256883),621819094_0,0 days 00:01:00,3.400477802369042e-07,112.01112761937941,0.0,0,4.945097854846655,55.256883,12.828933
2025-02-01 05:24:00,2025-02-01 05:24:00,Class A,621819094_0,55.25555,12.834633,Under way using engine,0.0,12.6,112.0,111.0,9332810,J2HC,KIWALA,Tanker,0,42.0,244.0,GPS,8.0,PRIMORSK,03/02/2025 17:00:00,AIS,POINT (12.834633 55.25555),621819094_0,0 days 00:01:00,-7.239822707993486e-08,112.30828592687982,0.0,0,4.950820631193379,55.25555,12.834633
2025-02-01 05:25:00,2025-02-01 05:25:00,Class A,621819094_0,55.254183,12.840433,Under way using engine,0.0,12.7,112.0,111.0,9332810,J2HC,KIWALA,Tanker,0,42.0,244.0,GPS,8.0,PRIMORSK,03/02/2025 17:00:00,AIS,POINT (12.840433 55.254183),621819094_0,0 days 00:01:00,2.036588730350026e-06,112.46484505966322,0.0,0,4.95664865486843,55.254183,12.840433
2025-02-01 05:35:00,2025-02-01 05:35:00,Class A,621819094_0,55.2407,12.897533,Under way using engine,0.0,12.6,112.0,111.0,9332810,J2HC,KIWALA,Tanker,0,42.0,244.0,GPS,8.0,PRIMORSK,03/02/2025 17:00:00,AIS,POINT (12.897533 55.2407),621819094_0,0 days 00:10:00,-1.672711216477192e-07,112.47774296510795,0.0,0,5.014051643755777,55.2407,12.897533
2025-02-01 05:37:00,2025-02-01 05:37:00,Class A,621819094_0,55.238067,12.9088,Under way using engine,0.0,12.6,112.0,111.0,9332810,J2HC,KIWALA,Tanker,0,42.0,244.0,GPS,8.0,PRIMORSK,03/02/2025 17:00:00,AIS,POINT (12.9088 55.238067),621819094_0,0 days 00:02:00,-8.026606739213729e-07,112.28299759292474,0.0,0,5.0253702253016135,55.238067,12.9088
2025-02-01 05:38:00,2025-02-01 05:38:00,Class A,621819094_0,55.236683,12.914567,Under way using engine,-2.9,12.6,112.0,109.0,9332810,J2HC,KIWALA,Tanker,0,42.0,244.0,GPS,8.0,PRIMORSK,03/02/2025 17:00:00,AIS,POINT (12.914567 55.236683),621819094_0,0 days 00:01:00,2.98320862690913e-06,112.82371097392047,0.0,0,5.031179473318856,55.236683,12.914567
2025-02-01 05:45:00,2025-02-01 05:45:00,Class A,621819094_0,55.22925,12.955317,Under way using engine,-1.1,12.5,103.0,100.0,9332810,J2HC,KIWALA,Tanker,0,42.0,244.0,GPS,8.0,PRIMORSK,03/02/2025 17:00:00,AIS,POINT (12.955317 55.22925),621819094_0,0 days 00:07:00,-3.6229616026772393e-07,107.72135126519044,0.0,0,5.071244429347298,55.22925,12.955317
2025-02-01 05:46:00,2025-02-01 05:46:00,Class A,621819094_0,55.228533,12.961267,Under way using engine,-1.1,12.5,100.0,97.0,9332810,J2HC,KIWALA,Tanker,0,42.0,244.0,GPS,8.0,PRIMORSK,03/02/2025 17:00:00,AIS,POINT (12.961267 55.228533),621819094_0,0 days 00:01:00,-5.183242573189439e-07,101.92864862571753,0.0,0,5.076940764224554,55.228533,12.961267
2025-02-01 05:47:00,2025-02-01 05:47:00,Class A,621819094_0,55.228017,12.967167,Under way using engine,-1.1,12.5,98.0,95.0,9332810,J2HC,KIWALA,Tanker,0,42.0,244.0,GPS,8.0,PRIMORSK,03/02/2025 17:00:00,AIS,POINT (12.967167 55.228017),621819094_0,0 days 00:01:00,-1.980369091742103e-06,98.71605057853498,0.0,0,5.082507678912546,55.228017,12.967167
2025-02-01 05:48:00,2025-02-01 05:48:00,Class A,621819094_0,55.227583,12.973283,Under way using engine,-1.1,12.4,96.0,94.0,9332810,J2HC,KIWALA,Tanker,0,42.0,244.0,GPS,8.0,PRIMORSK,03/02/2025 17:00:00,AIS,POINT (12.973283 55.227583),621819094_0,0 days 00:01:00,3.435284812670176e-06,97.09005986166733,0.0,0,5.08823673881326,55.227583,12.973283
2025-02-01 05:49:00,2025-02-01 05:49:00,Class A,621819094_0,55.227233,12.979317,Under way using engine,-1.1,12.4,95.0,93.0,9332810,J2HC,KIWALA,Tanker,0,42.0,244.0,GPS,8.0,PRIMORSK,03/02/2025 17:00:00,AIS,POINT (12.979317 55.227233),621819094_0,0 days 00:01:00,-1.730483111935718e-06,95.8048378518385,0.0,0,5.093856995837733,55.227233,12.979317
2025-02-01 05:50:00,2025-02-01 05:50:00,Class A,621819094_0,55.22695,12.985367,Under way using engine,0.0,12.4,94.0,93.0,9332810,J2HC,KIWALA,Tanker,0,42.0,244.0,GPS,8.0,PRIMORSK,03/02/2025 17:00:00,AIS,POINT (12.985367 55.22695),621819094_0,0 days 00:01:00,9.337295351544902e-08,94.68629793820094,0.0,0,5.099464564009245,55.22695,12.985367
2025-02-01 05:51:00,2025-02-01 05:51:00,Class A,621819094_0,55.226683,12.9914,Under way using engine,0.0,12.5,94.0,93.0,9332810,J2HC,KIWALA,Tanker,0,42.0,244.0,GPS,8.0,PRIMORSK,03/02/2025 17:00:00,AIS,POINT (12.9914 55.226683),621819094_0,0 days 00:01:00,-3.380820266987456e-07,94.43468682845639,0.0,0,5.105051009381591,55.226683,12.9914
2025-02-01 05:52:00,2025-02-01 05:52:00,Class A,621819094_0,55.2264,12.99735,Under way using engine,2.2,12.4,94.0,93.0,9332810,J2HC,KIWALA,Tanker,0,42.0,244.0,GPS,8.0,PRIMORSK,03/02/2025 17:00:00,AIS,POINT (12.99735 55.2264),621819094_0,0 days 00:01:00,-1.4220448870431538e-06,94.76471627956403,0.0,0,5.110569863442727,55.2264,12.99735
2025-02-01 06:03:00,2025-02-01 06:03:00,Class A,621819094_0,55.219933,13.062883,Under way using engine,0.0,12.4,101.0,100.0,9332810,J2HC,KIWALA,Tanker,0,42.0,244.0,GPS,8.0,PRIMORSK,03/02/2025 17:00:00,AIS,POINT (13.062883 55.219933),621819094_0,0 days 00:11:00,1.215063765602961e-07,99.78879966324587,0.0,0,5.172810951147259,55.219933,13.062883
2025-02-01 06:27:01,2025-02-01 06:27:01,Class A,621819094_0,55.204983,13.200867,Under way using engine,0.0,11.9,97.0,97.0,9332810,J2HC,KIWALA,Tanker,0,42.0,244.0,GPS,8.0,PRIMORSK,03/02/2025 17:00:00,AIS,POINT (13.200867 55.204983),621819094_0,0 days 00:24:01,-1.446485535567156e-07,100.69589634990785,0.0,0,5.304693041726827,55.204983,13.200867
2025-02-01 06:33:00,2025-02-01 06:33:00,Class A,621819094_0,55.202683,13.235467,Under way using engine,0.0,11.9,94.0,94.0,9332810,J2HC,KIWALA,Tanker,0,42.0,244.0,GPS,8.0,PRIMORSK,03/02/2025 17:00:00,AIS,POINT (13.235467 55.202683),621819094_0,0 days 00:05:59,-7.28691082059874e-08,96.63003011800907,0.0,0,5.337229067872673,55.202683,13.235467
2025-02-01 06:34:00,2025-02-01 06:34:00,Class A,621819094_0,55.2024,13.241233,Under way using engine,0.0,11.9,94.0,94.0,9332810,J2HC,KIWALA,Tanker,0,42.0,244.0,GPS,8.0,PRIMORSK,03/02/2025 17:00:00,AIS,POINT (13.241233 55.2024),621819094_0,0 days 00:01:00,-6.062780824165562e-07,94.91323299430854,0.0,0,5.34261301408309,55.2024,13.241233
2025-02-01 06:35:00,2025-02-01 06:35:00,Class A,621819094_0,55.202133,13.246917,Under way using engine,0.0,11.9,94.0,94.0,9332810,J2HC,KIWALA,Tanker,0,42.0,244.0,GPS,8.0,PRIMORSK,03/02/2025 17:00:00,AIS,POINT (13.246917 55.202133),621819094_0,0 days 00:01:00,-1.4859212540990184e-06,94.70319454953955,0.0,0,5.347916330426737,55.202133,13.246917
2025-02-01 06:36:00,2025-02-01 06:36:00,Class A,621819094_0,55.201867,13.2528,Under way using engine,0.0,11.9,94.0,94.0,9332810,J2HC,KIWALA,Tanker,0,42.0,244.0,GPS,8.0,PRIMORSK,03/02/2025 17:00:00,AIS,POINT (13.2528 55.201867),621819094_0,0 days 00:01:00,3.506472998415618e-06,94.52763213892285,0.0,0,5.353401962168356,55.201867,13.2528
2025-02-01 06:37:00,2025-02-01 06:37:00,Class A,621819094_0,55.201633,13.258567,Under way using engine,0.0,11.9,94.0,94.0,9332810,J2HC,KIWALA,Tanker,0,42.0,244.0,GPS,8.0,PRIMORSK,03/02/2025 17:00:00,AIS,POINT (13.258567 55.201633),621819094_0,0 days 00:01:00,-2.1193038396836715e-06,94.06449212534721,0.0,0,5.358769427251465,55.201633,13.258567
2025-02-01 06:38:00,2025-02-01 06:38:00,Class A,621819094_0,55.2014,13.26435,Under way using engine,0.0,11.9,94.0,94.0,9332810,J2HC,KIWALA,Tanker,0,42.0,244.0,GPS,8.0,PRIMORSK,03/02/2025 17:00:00,AIS,POINT (13.26435 55.2014),621819094_0,0 days 00:01:00,2.807011987944272e-07,94.0359733024714,0.0,0,5.364151959735016,55.2014,13.26435
2025-02-01 06:39:00,2025-02-01 06:39:00,Class A,621819094_0,55.201217,13.268967,Under way using engine,0.0,11.9,93.0,94.0,9332810,J2HC,KIWALA,Tanker,0,42.0,244.0,GPS,8.0,PRIMORSK,03/02/2025 17:00:00,AIS,POINT (13.268967 55.201217),621819094_0,0 days 00:01:00,-2.068017199782114e-05,93.97105419981523,0.0,0,5.368448620542531,55.201217,13.268967
2025-02-01 06:44:00,2025-02-01 06:44:00,Class A,621819094_0,55.200067,13.29885,Under way using engine,0.0,11.9,93.0,94.0,9332810,J2HC,KIWALA,Tanker,0,42.0,244.0,GPS,8.0,PRIMORSK,03/02/2025 17:00:00,AIS,POINT (13.29885 55.200067),621819094_0,0 days 00:05:00,4.818442936216334e-06,93.84542776660396,0.0,0,5.396257347648277,55.200067,13.29885
2025-02-01 06:45:00,2025-02-01 06:45:00,Class A,621819094_0,55.19985,13.304617,Under way using engine,0.0,11.9,93.0,94.0,9332810,J2HC,KIWALA,Tanker,0,42.0,244.0,GPS,8.0,PRIMORSK,03/02/2025 17:00:00,AIS,POINT (13.304617 55.19985),621819094_0,0 days 00:01:00,-3.7240323274413333e-06,93.76975364725922,0.0,0,5.401624637050044,55.19985,13.304617
2025-02-01 06:46:00,2025-02-01 06:46:00,Class A,621819094_0,55.199633,13.310517,Under way using engine,0.0,11.9,93.0,94.0,9332810,J2HC,KIWALA,Tanker,0,42.0,244.0,GPS,8.0,PRIMORSK,03/02/2025 17:00:00,AIS,POINT (13.310517 55.199633),621819094_0,0 days 00:01:00,2.3480615664098464e-06,93.68488372590593,0.0,0,5.407114558990314,55.199633,13.310517
2025-02-01 06:47:00,2025-02-01 06:47:00,Class A,621819094_0,55.199417,13.3162,Under way using engine,0.0,11.9,93.0,94.0,9332810,J2HC,KIWALA,Tanker,0,42.0,244.0,GPS,8.0,PRIMORSK,03/02/2025 17:00:00,AIS,POINT (13.3162 55.199417),621819094_0,0 days 00:01:00,-3.831536713923047e-06,93.80775054407559,0.0,0,5.412406189103698,55.199417,13.3162
2025-02-01 06:48:00,2025-02-01 06:48:00,Class A,621819094_0,55.1992,13.3221,Under way using engine,0.0,11.9,93.0,94.0,9332810,J2HC,KIWALA,Tanker,0,42.0,244.0,GPS,8.0,PRIMORSK,03/02/2025 17:00:00,AIS,POINT (13.3221 55.1992),621819094_0,0 days 00:01:00,3.832666582299929e-06,93.68484375623837,0.0,0,5.417897817200784,55.1992,13.3221
2025-02-01 06:49:00,2025-02-01 06:49:00,Class A,621819094_0,55.198967,13.327783,Under way using engine,0.0,11.9,94.0,94.0,9332810,J2HC,KIWALA,Tanker,0,42.0,244.0,GPS,8.0,PRIMORSK,03/02/2025 17:00:00,AIS,POINT (13.327783 55.198967),621819094_0,0 days 00:01:00,-3.7953351822691933e-06,94.10658305017938,0.0,0,5.423197890522619,55.198967,13.327783
2025-02-01 06:50:00,2025-02-01 06:50:00,Class A,621819094_0,55.198717,13.333583,Under way using engine,0.0,11.9,94.0,94.0,9332810,J2HC,KIWALA,Tanker,0,42.0,244.0,GPS,8.0,PRIMORSK,03/02/2025 17:00:00,AIS,POINT (13.333583 55.198717),621819094_0,0 days 00:01:00,2.1030966170498214e-06,94.3165883166979,0.0,0,5.428612773284626,55.198717,13.333583
2025-02-01 06:51:00,2025-02-01 06:51:00,Class A,621819094_0,55.198467,13.339483,Under way using engine,0.0,11.9,94.0,94.0,9332810,J2HC,KIWALA,Tanker,0,42.0,244.0,GPS,8.0,PRIMORSK,03/02/2025 17:00:00,AIS,POINT (13.339483 55.198467),621819094_0,0 days 00:01:00,1.7645481903220325e-06,94.24358784941865,0.0,0,5.434120119832556,55.198467,13.339483
2025-02-01 06:52:00,2025-02-01 06:52:00,Class A,621819094_0,55.1982,13.3453,Under way using engine,0.0,12.0,94.0,94.0,9332810,J2HC,KIWALA,Tanker,0,42.0,244.0,GPS,8.0,PRIMORSK,03/02/2025 17:00:00,AIS,POINT (13.3453 55.1982),621819094_0,0 days 00:01:00,-1.4226700802038936e-06,94.59556732882419,0.0,0,5.439559004223504,55.1982,13.3453
2025-02-01 06:53:00,2025-02-01 06:53:00,Class A,621819094_0,55.19795,13.351117,Under way using engine,0.0,12.0,94.0,94.0,9332810,J2HC,KIWALA,Tanker,0,42.0,244.0,GPS,8.0,PRIMORSK,03/02/2025 17:00:00,AIS,POINT (13.351117 55.19795),621819094_0,0 days 00:01:00,-4.005589374895454e-08,94.30392422987336,0.0,0,5.444991897660272,55.19795,13.351117
2025-02-01 06:54:00,2025-02-01 06:54:00,Class A,621819094_0,55.1977,13.356917,Under way using engine,0.0,12.0,94.0,94.0,9332810,J2HC,KIWALA,Tanker,0,42.0,244.0,GPS,8.0,PRIMORSK,03/02/2025 17:00:00,AIS,POINT (13.356917 55.1977),621819094_0,0 days 00:01:00,-2.992155080212399e-07,94.316478469799,0.0,0,5.450410005768925,55.1977,13.356917
2025-02-01 06:55:00,2025-02-01 06:55:00,Class A,621819094_0,55.19745,13.36265,Under way using engine,0.0,12.0,94.0,94.0,9332810,J2HC,KIWALA,Tanker,0,42.0,244.0,GPS,8.0,PRIMORSK,03/02/2025 17:00:00,AIS,POINT (13.36265 55.19745),621819094_0,0 days 00:01:00,-1.1811119202085584e-06,94.36675767665696,0.0,0,5.455767459059174,55.19745,13.36265
2025-02-01 06:56:00,2025-02-01 06:56:00,Class A,621819094_0,55.197217,13.368583,Under way using engine,0.0,12.0,94.0,94.0,9332810,J2HC,KIWALA,Tanker,0,42.0,244.0,GPS,8.0,PRIMORSK,03/02/2025 17:00:00,AIS,POINT (13.368583 55.197217),621819094_0,0 days 00:01:00,3.4911633725870995e-06,93.93372600802348,0.0,0,5.461302386452245,55.197217,13.368583
2025-02-01 06:57:00,2025-02-01 06:57:00,Class A,621819094_0,55.19695,13.374433,Under way using engine,0.0,12.0,94.0,94.0,9332810,J2HC,KIWALA,Tanker,0,42.0,244.0,GPS,8.0,PRIMORSK,03/02/2025 17:00:00,AIS,POINT (13.374433 55.19695),621819094_0,0 days 00:01:00,-1.385693806422586e-06,94.56958401363073,0.0,0,5.466775529894198,55.19695,13.374433
2025-02-01 06:58:00,2025-02-01 06:58:00,Class A,621819094_0,55.196683,13.380283,Under way using engine,0.0,12.0,94.0,94.0,9332810,J2HC,KIWALA,Tanker,0,42.0,244.0,GPS,8.0,PRIMORSK,03/02/2025 17:00:00,AIS,POINT (13.380283 55.196683),621819094_0,0 days 00:01:00,6.900059360542601e-10,94.5695535002991,0.0,0,5.472249466152745,55.196683,13.380283
2025-02-01 06:59:00,2025-02-01 06:59:00,Class A,621819094_0,55.1964,13.386117,Under way using engine,0.0,12.0,94.0,94.0,9332810,J2HC,KIWALA,Tanker,0,42.0,244.0,GPS,8.0,PRIMORSK,03/02/2025 17:00:00,AIS,POINT (13.386117 55.1964),621819094_0,0 days 00:01:00,-2.407811113655685e-07,94.85545733286307,0.0,0,5.477715860975816,55.1964,13.386117
2025-02-01 07:00:00,2025-02-01 07:00:00,Class A,621819094_0,55.1961,13.391933,Under way using engine,0.0,12.0,95.0,94.0,9332810,J2HC,KIWALA,Tanker,0,42.0,244.0,GPS,8.0,PRIMORSK,03/02/2025 17:00:00,AIS,POINT (13.391933 55.1961),621819094_0,0 days 00:01:00,-2.706269774982624e-07,95.16156461321799,0.0,0,5.48317324915509,55.1961,13.391933
2025-02-01 07:01:00,2025-02-01 07:01:00,Class A,621819094_0,55.195783,13.397767,Under way using engine,0.0,12.0,94.0,94.0,9332810,J2HC,KIWALA,Tanker,0,42.0,244.0,GPS,8.0,PRIMORSK,03/02/2025 17:00:00,AIS,POINT (13.397767 55.195783),621819094_0,0 days 00:01:00,3.6631044936289866e-07,95.435692032144,0.0,0,5.48865465427959,55.195783,13.397767
2025-02-01 07:02:00,2025-02-01 07:02:00,Class A,621819094_0,55.195483,13.4036,Under way using engine,0.0,12.0,95.0,94.0,9332810,J2HC,KIWALA,Tanker,0,42.0,244.0,GPS,8.0,PRIMORSK,03/02/2025 17:00:00,AIS,POINT (13.4036 55.195483),621819094_0,0 days 00:01:00,-6.521595035350926e-08,95.1465092379218,0.0,0,5.494129153013059,55.195483,13.4036
2025-02-01 07:03:00,2025-02-01 07:03:00,Class A,621819094_0,55.195183,13.409317,Under way using engine,0.0,12.0,95.0,94.0,9332810,J2HC,KIWALA,Tanker,0,42.0,244.0,GPS,8.0,PRIMORSK,03/02/2025 17:00:00,AIS,POINT (13.409317 55.195183),621819094_0,0 days 00:01:00,-2.042820806784854e-06,95.25041200056137,0.0,0,5.499497873146693,55.195183,13.409317
2025-02-01 07:04:00,2025-02-01 07:04:00,Class A,621819094_0,55.194867,13.415233,Under way using engine,0.0,12.0,95.0,94.0,9332810,J2HC,KIWALA,Tanker,0,42.0,244.0,GPS,8.0,PRIMORSK,03/02/2025 17:00:00,AIS,POINT (13.415233 55.194867),621819094_0,0 days 00:01:00,3.5516708227015276e-06,95.34378259288167,0.0,0,5.5050564229959535,55.194867,13.415233
2025-02-01 07:05:00,2025-02-01 07:05:00,Class A,621819094_0,55.19455,13.42095,Under way using engine,0.0,12.0,95.0,94.0,9332810,J2HC,KIWALA,Tanker,0,42.0,244.0,GPS,8.0,PRIMORSK,03/02/2025 17:00:00,AIS,POINT (13.42095 55.19455),621819094_0,0 days 00:01:00,-3.500723287001995e-06,95.54617373577878,0.0,0,5.510433315042384,55.19455,13.42095
2025-02-01 07:06:00,2025-02-01 07:06:00,Class A,621819094_0,55.194217,13.426867,Under way using engine,0.0,12.0,95.0,94.0,9332810,J2HC,KIWALA,Tanker,0,42.0,244.0,GPS,8.0,PRIMORSK,03/02/2025 17:00:00,AIS,POINT (13.426867 55.194217),621819094_0,0 days 00:01:00,3.5701808634520126e-06,95.62855664657991,0.0,0,5.516000986548588,55.194217,13.426867
2025-02-01 07:07:00,2025-02-01 07:07:00,Class A,621819094_0,55.1939,13.432567,Under way using engine,0.0,12.0,95.0,94.0,9332810,J2HC,KIWALA,Tanker,0,42.0,244.0,GPS,8.0,PRIMORSK,03/02/2025 17:00:00,AIS,POINT (13.432567 55.1939),621819094_0,0 days 00:01:00,-3.8678690347551e-06,95.56253498329278,0.0,0,5.521363681753449,55.1939,13.432567
2025-02-01 07:08:00,2025-02-01 07:08:00,Class A,621819094_0,55.193583,13.438383,Under way using engine,0.0,11.9,95.0,94.0,9332810,J2HC,KIWALA,Tanker,0,42.0,244.0,GPS,8.0,PRIMORSK,03/02/2025 17:00:00,AIS,POINT (13.438383 55.193583),621819094_0,0 days 00:01:00,2.043443727866035e-06,95.45212904402638,0.0,0,5.526833685140979,55.193583,13.438383
2025-02-01 07:09:00,2025-02-01 07:09:00,Class A,621819094_0,55.193267,13.444267,Under way using engine,0.0,11.9,95.0,94.0,9332810,J2HC,KIWALA,Tanker,0,42.0,244.0,GPS,8.0,PRIMORSK,03/02/2025 17:00:00,AIS,POINT (13.444267 55.193267),621819094_0,0 days 00:01:00,1.1955121260331617e-06,95.3724865366284,0.0,0,5.5323665270393105,55.193267,13.444267
2025-02-01 07:10:00,2025-02-01 07:10:00,Class A,621819094_0,55.192933,13.450067,Under way using engine,0.0,11.9,95.0,94.0,9332810,J2HC,KIWALA,Tanker,0,42.0,244.0,GPS,8.0,PRIMORSK,03/02/2025 17:00:00,AIS,POINT (13.450067 55.192933),621819094_0,0 days 00:01:00,-1.4243108453652897e-06,95.75839169808995,0.0,0,5.537829963464482,55.192933,13.450067
2025-02-01 07:11:00,2025-02-01 07:11:00,Class A,621819094_0,55.192617,13.455833,Under way using engine,0.0,11.9,95.0,94.0,9332810,J2HC,KIWALA,Tanker,0,42.0,244.0,GPS,8.0,PRIMORSK,03/02/2025 17:00:00,AIS,POINT (13.455833 55.192617),621819094_0,0 days 00:01:00,-6.52194174143722e-07,95.48177835271866,0.0,0,5.543255765420626,55.192617,13.455833
2025-02-01 07:12:00,2025-02-01 07:12:00,Class A,621819094_0,55.192283,13.461617,Under way using engine,0.0,11.9,95.0,94.0,9332810,J2HC,KIWALA,Tanker,0,42.0,244.0,GPS,8.0,PRIMORSK,03/02/2025 17:00:00,AIS,POINT (13.461617 55.192283),621819094_0,0 days 00:01:00,3.7222814820125963e-07,95.77413278344727,0.0,0,5.548705894327522,55.192283,13.461617
2025-02-01 07:13:00,2025-02-01 07:13:00,Class A,621819094_0,55.19195,13.4673,Under way using engine,0.0,11.9,95.0,94.0,9332810,J2HC,KIWALA,Tanker,0,42.0,244.0,GPS,8.0,PRIMORSK,03/02/2025 17:00:00,AIS,POINT (13.4673 55.19195),621819094_0,0 days 00:01:00,-1.779914306906215e-06,95.85859718456493,0.0,0,5.554063426756036,55.19195,13.4673
2025-02-01 07:27:02,2025-02-01 07:27:02,Class A,621819094_0,55.186717,13.548017,Under way using engine,0.0,11.9,96.0,94.0,9332810,J2HC,KIWALA,Tanker,0,42.0,244.0,GPS,8.0,PRIMORSK,03/02/2025 17:00:00,AIS,POINT (13.548017 55.186717),621819094_0,0 days 00:14:02,9.617158615349688e-08,96.44599914115537,0.0,0,5.630424040408057,55.186717,13.548017
2025-02-01 07:29:00,2025-02-01 07:29:00,Class A,621819094_0,55.18595,13.559633,Under way using engine,0.0,11.9,96.0,94.0,9332810,J2HC,KIWALA,Tanker,0,42.0,244.0,GPS,8.0,PRIMORSK,03/02/2025 17:00:00,AIS,POINT (13.559633 55.18595),621819094_0,0 days 00:01:58,1.4166329047313613e-06,96.59257160034434,0.0,0,5.64142888710387,55.18595,13.559633
2025-02-01 07:30:00,2025-02-01 07:30:00,Class A,621819094_0,55.18555,13.5654,Under way using engine,0.0,11.9,96.0,94.0,9332810,J2HC,KIWALA,Tanker,0,42.0,244.0,GPS,8.0,PRIMORSK,03/02/2025 17:00:00,AIS,POINT (13.5654 55.18555),621819094_0,0 days 00:01:00,-2.41232482410883e-06,96.92448585893226,0.0,0,5.6469008504514235,55.18555,13.5654
2025-02-01 07:31:00,2025-02-01 07:31:00,Class A,621819094_0,55.18515,13.57115,Under way using engine,0.0,11.9,97.0,94.0,9332810,J2HC,KIWALA,Tanker,0,42.0,244.0,GPS,8.0,PRIMORSK,03/02/2025 17:00:00,AIS,POINT (13.57115 55.18515),621819094_0,0 days 00:01:00,-2.975927882768418e-07,96.94470333729248,0.0,0,5.652357751799597,55.18515,13.57115
2025-02-01 07:32:00,2025-02-01 07:32:00,Class A,621819094_0,55.184733,13.576917,Under way using engine,0.0,11.9,96.0,94.0,9332810,J2HC,KIWALA,Tanker,0,42.0,244.0,GPS,8.0,PRIMORSK,03/02/2025 17:00:00,AIS,POINT (13.576917 55.184733),621819094_0,0 days 00:01:00,3.6423129698686524e-07,97.21568944491258,0.0,0,5.65783751117377,55.184733,13.576917
2025-02-01 07:33:00,2025-02-01 07:33:00,Class A,621819094_0,55.184333,13.582667,Under way using engine,0.0,11.9,96.0,94.0,9332810,J2HC,KIWALA,Tanker,0,42.0,244.0,GPS,8.0,PRIMORSK,03/02/2025 17:00:00,AIS,POINT (13.582667 55.184333),621819094_0,0 days 00:01:00,-3.621650644250665e-07,96.94456230460764,0.0,0,5.663295625468002,55.184333,13.582667
2025-02-01 07:34:00,2025-02-01 07:34:00,Class A,621819094_0,55.183933,13.588433,Under way using engine,0.0,11.9,96.0,94.0,9332810,J2HC,KIWALA,Tanker,0,42.0,244.0,GPS,8.0,PRIMORSK,03/02/2025 17:00:00,AIS,POINT (13.588433 55.183933),621819094_0,0 days 00:01:00,2.8206225455763096e-07,96.9253975437,0.0,0,5.668769105926699,55.183933,13.588433
2025-02-01 07:35:00,2025-02-01 07:35:00,Class A,621819094_0,55.183533,13.594183,Under way using engine,0.0,11.9,96.0,94.0,9332810,J2HC,KIWALA,Tanker,0,42.0,244.0,GPS,8.0,PRIMORSK,03/02/2025 17:00:00,AIS,POINT (13.594183 55.183533),621819094_0,0 days 00:01:00,-2.8003903536095304e-07,96.94442421375174,0.0,0,5.67422843115335,55.183533,13.594183
2025-02-01 07:36:00,2025-02-01 07:36:00,Class A,621819094_0,55.183117,13.599933,Under way using engine,0.0,11.9,96.0,94.0,9332810,J2HC,KIWALA,Tanker,0,42.0,244.0,GPS,8.0,PRIMORSK,03/02/2025 17:00:00,AIS,POINT (13.599933 55.183117),621819094_0,0 days 00:01:00,6.192125983038588e-08,97.21934424508811,0.0,0,5.6796945225838495,55.183117,13.599933
2025-02-01 07:39:00,2025-02-01 07:39:00,Class A,621819094_0,55.1819,13.617,Under way using engine,0.0,11.9,96.0,94.0,9332810,J2HC,KIWALA,Tanker,0,42.0,244.0,GPS,8.0,PRIMORSK,03/02/2025 17:00:00,AIS,POINT (13.617 55.1819),621819094_0,0 days 00:03:00,-3.6958290782623804e-07,97.1117533672608,0.0,0,5.695915476921073,55.1819,13.617
2025-02-01 07:45:08,2025-02-01 07:45:08,Class A,621819094_0,55.179583,13.652483,Under way using engine,0.0,11.9,95.0,94.0,9332810,J2HC,KIWALA,Tanker,0,42.0,244.0,GPS,8.0,PRIMORSK,03/02/2025 17:00:00,AIS,POINT (13.652483 55.179583),621819094_0,0 days 00:06:08,2.5986484499736107e-07,96.5094885225426,0.0,0,5.729574515285493,55.179583,13.652483
2025-02-01 07:46:08,2025-02-01 07:46:08,Class A,621819094_0,55.179267,13.65825,Under way using engine,0.0,11.9,95.0,94.0,9332810,J2HC,KIWALA,Tanker,0,42.0,244.0,GPS,8.0,PRIMORSK,03/02/2025 17:00:00,AIS,POINT (13.65825 55.179267),621819094_0,0 days 00:01:00,-5.175800154504056e-07,95.47900740124669,0.0,0,5.7350240801977455,55.179267,13.65825
2025-02-01 08:12:00,2025-02-01 08:12:00,Class A,621819094_0,55.173067,13.807233,Under way using engine,0.0,11.8,93.0,94.0,9332810,J2HC,KIWALA,Tanker,0,42.0,244.0,GPS,8.0,PRIMORSK,03/02/2025 17:00:00,AIS,POINT (13.807233 55.173067),621819094_0,0 days 00:25:52,-1.2347028827678926e-08,94.1068932350588,0.0,0,5.8752875484667975,55.173067,13.807233
2025-02-01 08:14:00,2025-02-01 08:14:00,Class A,621819094_0,55.172617,13.818733,Under way using engine,1.1,11.8,94.0,94.0,9332810,J2HC,KIWALA,Tanker,0,42.0,244.0,GPS,8.0,PRIMORSK,03/02/2025 17:00:00,AIS,POINT (13.818733 55.172617),621819094_0,0 days 00:02:00,-9.694945496733186e-08,93.91490778854268,0.0,0,5.88612189763931,55.172617,13.818733
2025-02-01 08:15:00,2025-02-01 08:15:00,Class A,621819094_0,55.17235,13.824467,Under way using engine,0.0,11.8,94.0,94.0,9332810,J2HC,KIWALA,Tanker,0,42.0,244.0,GPS,8.0,PRIMORSK,03/02/2025 17:00:00,AIS,POINT (13.824467 55.17235),621819094_0,0 days 00:01:00,-1.845451314142482e-07,94.65885446690027,0.0,0,5.891540863932457,55.17235,13.824467
2025-02-01 08:16:00,2025-02-01 08:16:00,Class A,621819094_0,55.1721,13.830117,Under way using engine,1.1,11.8,94.0,95.0,9332810,J2HC,KIWALA,Tanker,0,42.0,244.0,GPS,8.0,PRIMORSK,03/02/2025 17:00:00,AIS,POINT (13.830117 55.1721),621819094_0,0 days 00:01:00,-1.5230597125590774e-06,94.4279135598153,0.0,0,5.896876158491545,55.1721,13.830117
2025-02-01 08:17:00,2025-02-01 08:17:00,Class A,621819094_0,55.171783,13.835933,Under way using engine,0.0,11.8,95.0,96.0,9332810,J2HC,KIWALA,Tanker,0,42.0,244.0,GPS,8.0,PRIMORSK,03/02/2025 17:00:00,AIS,POINT (13.835933 55.171783),621819094_0,0 days 00:01:00,3.1062288282515294e-06,95.44916434757909,0.0,0,5.9023910602745575,55.171783,13.835933
2025-02-01 08:18:00,2025-02-01 08:18:00,Class A,621819094_0,55.171433,13.84155,Under way using engine,0.0,11.8,96.0,96.0,9332810,J2HC,KIWALA,Tanker,0,42.0,244.0,GPS,8.0,PRIMORSK,03/02/2025 17:00:00,AIS,POINT (13.84155 55.171433),621819094_0,0 days 00:01:00,-3.3997725894385852e-06,96.22419761391632,0.0,0,5.907734156170875,55.171433,13.84155
2025-02-01 08:19:00,2025-02-01 08:19:00,Class A,621819094_0,55.171033,13.84735,Under way using engine,0.0,11.8,96.0,96.0,9332810,J2HC,KIWALA,Tanker,0,42.0,244.0,GPS,8.0,PRIMORSK,03/02/2025 17:00:00,AIS,POINT (13.84735 55.171033),621819094_0,0 days 00:01:00,3.3952125392072736e-06,96.88295659466883,0.0,0,5.913266244706727,55.171033,13.84735
2025-02-01 08:20:00,2025-02-01 08:20:00,Class A,621819094_0,55.170633,13.85295,Under way using engine,0.0,11.8,97.0,96.0,9332810,J2HC,KIWALA,Tanker,0,42.0,244.0,GPS,8.0,PRIMORSK,03/02/2025 17:00:00,AIS,POINT (13.85295 55.170633),621819094_0,0 days 00:01:00,-3.5127702939051112e-06,97.12638576534806,0.0,0,5.918613212635878,55.170633,13.85295
2025-02-01 08:21:00,2025-02-01 08:21:00,Class A,621819094_0,55.170217,13.858633,Under way using engine,0.0,11.8,97.0,96.0,9332810,J2HC,KIWALA,Tanker,0,42.0,244.0,GPS,8.0,PRIMORSK,03/02/2025 17:00:00,AIS,POINT (13.858633 55.170217),621819094_0,0 days 00:01:00,1.5205966373177276e-06,97.3012593506433,0.0,0,5.924043678035214,55.170217,13.858633
2025-02-01 08:22:00,2025-02-01 08:22:00,Class A,621819094_0,55.169783,13.864433,Under way using engine,0.0,11.8,97.0,96.0,9332810,J2HC,KIWALA,Tanker,0,42.0,244.0,GPS,8.0,PRIMORSK,03/02/2025 17:00:00,AIS,POINT (13.864433 55.169783),621819094_0,0 days 00:01:00,2.1263517626533023e-06,97.46163681928647,0.0,0,5.92958996570665,55.169783,13.864433
2025-02-01 08:23:00,2025-02-01 08:23:00,Class A,621819094_0,55.169367,13.870017,Under way using engine,0.0,11.8,97.0,96.0,9332810,J2HC,KIWALA,Tanker,0,42.0,244.0,GPS,8.0,PRIMORSK,03/02/2025 17:00:00,AIS,POINT (13.870017 55.169367),621819094_0,0 days 00:01:00,-3.862233977718283e-06,97.42919531402089,0.0,0,5.934929508587698,55.169367,13.870017
2025-02-01 08:24:00,2025-02-01 08:24:00,Class A,621819094_0,55.16895,13.875717,Under way using engine,0.0,11.8,97.0,96.0,9332810,J2HC,KIWALA,Tanker,0,42.0,244.0,GPS,8.0,PRIMORSK,03/02/2025 17:00:00,AIS,POINT (13.875717 55.16895),621819094_0,0 days 00:01:00,2.0414587995830983e-06,97.29679088511932,0.0,0,5.940377633651416,55.16895,13.875717
2025-02-01 08:39:02,2025-02-01 08:39:02,Class A,621819094_0,55.1625,13.961267,Under way using engine,0.0,12.1,97.0,97.0,9332810,J2HC,KIWALA,Tanker,No additional information,42.0,244.0,GPS,8.0,PRIMORSK,03/02/2025 17:00:00,AIS,POINT (13.961267 55.1625),621819094_0,0 days 00:15:02,-7.115090831003468e-09,97.48401400849696,0.0,0,6.022276962311347,55.1625,13.961267
2025-02-01 08:45:01,2025-02-01 08:45:01,Class A,621819094_0,55.159833,13.996333,Under way using engine,0.0,12.1,97.0,96.0,9332810,J2HC,KIWALA,Tanker,No additional information,42.0,244.0,GPS,8.0,PRIMORSK,03/02/2025 17:00:00,AIS,POINT (13.996333 55.159833),621819094_0,0 days 00:05:59,5.116888893782653e-07,97.56914135783228,0.0,0,6.055886223312737,55.159833,13.996333
2025-02-01 09:00:00,2025-02-01 09:00:00,Class A,621819094_0,55.1575,14.083183,Under way using engine,0.0,11.8,86.0,85.0,9332810,J2HC,KIWALA,Tanker,0,42.0,244.0,GPS,8.0,PRIMORSK,03/02/2025 17:00:00,AIS,POINT (14.083183 55.1575),621819094_0,0 days 00:14:59,-1.2870383275372185e-07,92.65638448582365,0.0,0,6.137660993916983,55.1575,14.083183
2025-02-01 09:01:00,2025-02-01 09:01:00,Class A,621819094_0,55.15765,14.088917,Under way using engine,0.0,11.8,87.0,85.0,9332810,J2HC,KIWALA,Tanker,0,42.0,244.0,GPS,8.0,PRIMORSK,03/02/2025 17:00:00,AIS,POINT (14.088917 55.15765),621819094_0,0 days 00:01:00,-1.1097697931375151e-06,87.37601061901631,0.0,0,6.142955283492304,55.15765,14.088917
2025-02-01 09:02:00,2025-02-01 09:02:00,Class A,621819094_0,55.157817,14.09465,Under way using engine,0.0,11.8,87.0,85.0,9332810,J2HC,KIWALA,Tanker,0,42.0,244.0,GPS,8.0,PRIMORSK,03/02/2025 17:00:00,AIS,POINT (14.09465 55.157817),621819094_0,0 days 00:01:00,7.264258992728187e-09,87.0788600251725,0.0,0,6.14824331201588,55.157817,14.09465
2025-02-01 09:03:00,2025-02-01 09:03:00,Class A,621819094_0,55.157967,14.100383,Under way using engine,0.0,11.8,87.0,85.0,9332810,J2HC,KIWALA,Tanker,0,42.0,244.0,GPS,8.0,PRIMORSK,03/02/2025 17:00:00,AIS,POINT (14.100383 55.157967),621819094_0,0 days 00:01:00,-2.5756401647996733e-08,87.37553355844216,0.0,0,6.153538256789261,55.157967,14.100383
2025-02-01 09:04:00,2025-02-01 09:04:00,Class A,621819094_0,55.1581,14.106017,Under way using engine,0.0,11.8,87.0,85.0,9332810,J2HC,KIWALA,Tanker,0,42.0,244.0,GPS,8.0,PRIMORSK,03/02/2025 17:00:00,AIS,POINT (14.106017 55.1581),621819094_0,0 days 00:01:00,-1.7744520249898376e-06,87.63157803604236,0.0,0,6.158747712220887,55.1581,14.106017
2025-02-01 09:05:00,2025-02-01 09:05:00,Class A,621819094_0,55.15825,14.111833,Under way using engine,0.0,11.7,87.0,85.0,9332810,J2HC,KIWALA,Tanker,0,42.0,244.0,GPS,8.0,PRIMORSK,03/02/2025 17:00:00,AIS,POINT (14.111833 55.15825),621819094_0,0 days 00:01:00,3.2418342608250713e-06,87.41285018386543,0.0,0,6.164121678653821,55.15825,14.111833
2025-02-01 09:06:00,2025-02-01 09:06:00,Class A,621819094_0,55.158383,14.117533,Under way using engine,0.0,11.7,87.0,85.0,9332810,J2HC,KIWALA,Tanker,0,42.0,244.0,GPS,8.0,PRIMORSK,03/02/2025 17:00:00,AIS,POINT (14.117533 55.158383),621819094_0,0 days 00:01:00,-2.0749187722003044e-06,87.65890083038744,0.0,0,6.169394267674015,55.158383,14.117533
2025-02-01 09:07:00,2025-02-01 09:07:00,Class A,621819094_0,55.1585,14.123233,Under way using engine,0.0,11.7,87.0,85.0,9332810,J2HC,KIWALA,Tanker,0,42.0,244.0,GPS,8.0,PRIMORSK,03/02/2025 17:00:00,AIS,POINT (14.123233 55.1585),621819094_0,0 days 00:01:00,-1.9252126144718788e-08,87.93999061360773,0.0,0,6.174673353081118,55.1585,14.123233
2025-02-01 09:13:00,2025-02-01 09:13:00,Class A,621819094_0,55.15925,14.157267,Under way using engine,0.0,11.6,85.0,82.0,9332810,J2HC,KIWALA,Tanker,No additional information,42.0,244.0,GPS,8.0,PRIMORSK,03/02/2025 17:00:00,AIS,POINT (14.157267 55.15925),621819094_0,0 days 00:06:00,-8.023829065755178e-08,87.77706624762686,0.0,0,6.206191342424595,55.15925,14.157267
2025-02-01 09:14:00,2025-02-01 09:14:00,Class A,621819094_0,55.159517,14.162783,Under way using engine,-1.1,11.5,84.0,80.0,9332810,J2HC,KIWALA,Tanker,No additional information,42.0,244.0,GPS,8.0,PRIMORSK,03/02/2025 17:00:00,AIS,POINT (14.162783 55.159517),621819094_0,0 days 00:01:00,-2.4952172300414494e-06,85.15475511431072,0.0,0,6.211250278765861,55.159517,14.162783
2025-02-01 09:15:00,2025-02-01 09:15:00,Class A,621819094_0,55.159883,14.168433,Under way using engine,-1.1,11.5,82.0,79.0,9332810,J2HC,KIWALA,Tanker,No additional information,42.0,244.0,GPS,8.0,PRIMORSK,03/02/2025 17:00:00,AIS,POINT (14.168433 55.159883),621819094_0,0 days 00:01:00,2.6616036034205994e-06,83.52853630209518,0.0,0,6.216400017454556,55.159883,14.168433
2025-02-01 09:16:00,2025-02-01 09:16:00,Class A,621819094_0,55.1603,14.173967,Under way using engine,-2.2,11.5,82.0,78.0,9332810,J2HC,KIWALA,Tanker,No additional information,42.0,244.0,GPS,8.0,PRIMORSK,03/02/2025 17:00:00,AIS,POINT (14.173967 55.1603),621819094_0,0 days 00:01:00,-1.8481012589045427e-06,82.48380749114597,0.0,0,6.2214240938378405,55.1603,14.173967
2025-02-01 09:17:00,2025-02-01 09:17:00,Class A,621819094_0,55.1608,14.179367,Under way using engine,0.0,11.4,80.0,76.0,9332810,J2HC,KIWALA,Tanker,0,42.0,244.0,GPS,8.0,PRIMORSK,03/02/2025 17:00:00,AIS,POINT (14.179367 55.1608),621819094_0,0 days 00:01:00,-1.9763238126119703e-06,80.79137163370024,0.0,0,6.226294324522892,55.1608,14.179367
2025-02-01 09:18:00,2025-02-01 09:18:00,Class A,621819094_0,55.1614,14.184917,Under way using engine,0.0,11.4,78.0,76.0,9332810,J2HC,KIWALA,Tanker,0,42.0,244.0,GPS,8.0,PRIMORSK,03/02/2025 17:00:00,AIS,POINT (14.184917 55.1614),621819094_0,0 days 00:01:00,3.1486306757136314e-06,79.28171176140108,0.0,0,6.231270250758348,55.1614,14.184917
2025-02-01 09:19:00,2025-02-01 09:19:00,Class A,621819094_0,55.162017,14.190267,Under way using engine,0.0,11.4,77.0,75.0,9332810,J2HC,KIWALA,Tanker,No additional information,42.0,244.0,GPS,8.0,PRIMORSK,03/02/2025 17:00:00,AIS,POINT (14.190267 55.162017),621819094_0,0 days 00:01:00,-3.3762249431006634e-06,78.5842703837547,0.0,0,6.236054153068671,55.162017,14.190267
2025-02-01 09:20:00,2025-02-01 09:20:00,Class A,621819094_0,55.162717,14.195783,Under way using engine,0.0,11.4,77.0,75.0,9332810,J2HC,KIWALA,Tanker,0,42.0,244.0,GPS,8.0,PRIMORSK,03/02/2025 17:00:00,AIS,POINT (14.195783 55.162717),621819094_0,0 days 00:01:00,3.4051001383678983e-06,77.47289627392871,0.0,0,6.240964918365509,55.162717,14.195783
2025-02-01 09:39:00,2025-02-01 09:39:00,Class A,621819094_0,55.176683,14.3002,Under way using engine,0.0,11.7,76.0,76.0,9332810,J2HC,KIWALA,Tanker,No additional information,42.0,244.0,GPS,8.0,PRIMORSK,03/02/2025 17:00:00,AIS,POINT (14.3002 55.176683),621819094_0,0 days 00:19:00,-6.758400883211022e-09,76.77705395401341,0.0,0,6.333879632862312,55.176683,14.3002
2025-02-01 09:40:00,2025-02-01 09:40:00,Class A,621819094_0,55.177433,14.305817,Under way using engine,0.0,11.7,76.0,76.0,9332810,J2HC,KIWALA,Tanker,No additional information,42.0,244.0,GPS,8.0,PRIMORSK,03/02/2025 17:00:00,AIS,POINT (14.305817 55.177433),621819094_0,0 days 00:01:00,2.179362138891022e-06,76.83702934295206,0.0,0,6.33888934611143,55.177433,14.305817
2025-02-01 09:42:00,2025-02-01 09:42:00,Class A,621819094_0,55.1789,14.316817,Under way using engine,-5.4,11.7,77.0,74.0,9332810,J2HC,KIWALA,Tanker,No additional information,42.0,244.0,GPS,8.0,PRIMORSK,03/02/2025 17:00:00,AIS,POINT (14.316817 55.1789),621819094_0,0 days 00:02:00,-1.0675222390574481e-06,76.84965090362726,0.0,0,6.348703879154076,55.1789,14.316817
2025-02-01 09:43:00,2025-02-01 09:43:00,Class A,621819094_0,55.179733,14.3224,Under way using engine,-1.1,11.7,74.0,72.0,9332810,J2HC,KIWALA,Tanker,No additional information,42.0,244.0,GPS,8.0,PRIMORSK,03/02/2025 17:00:00,AIS,POINT (14.3224 55.179733),621819094_0,0 days 00:01:00,2.1608689276656946e-06,75.35393069051548,0.0,0,6.35365631236755,55.179733,14.3224
2025-02-01 09:45:01,2025-02-01 09:45:01,Class A,621819094_0,55.181833,14.33305,Under way using engine,-2.9,11.7,67.0,62.0,9332810,J2HC,KIWALA,Tanker,No additional information,42.0,244.0,GPS,8.0,PRIMORSK,03/02/2025 17:00:00,AIS,POINT (14.33305 55.181833),621819094_0,0 days 00:02:01,-1.6157400443283316e-06,70.94398688747606,0.0,0,6.362930803363181,55.181833,14.33305
2025-02-01 09:51:00,2025-02-01 09:51:00,Class A,621819094_0,55.193183,14.359817,Under way using engine,-1.1,11.4,40.0,37.0,9332810,J2HC,KIWALA,Tanker,No additional information,42.0,244.0,GPS,8.0,PRIMORSK,03/02/2025 17:00:00,AIS,POINT (14.359817 55.193183),621819094_0,0 days 00:05:59,-5.444165364552553e-08,53.38595051055893,0.0,0,6.384188477304301,55.193183,14.359817
2025-02-01 09:57:02,2025-02-01 09:57:02,Class A,621819094_0,55.20865,14.379867,Under way using engine,0.0,11.6,36.0,35.0,9332810,J2HC,KIWALA,Tanker,No additional information,42.0,244.0,GPS,8.0,PRIMORSK,03/02/2025 17:00:00,AIS,POINT (14.379867 55.20865),621819094_0,0 days 00:06:02,2.8213457079561486e-08,36.48594083104831,0.0,0,6.397794076366167,55.20865,14.379867
2025-02-01 10:03:00,2025-02-01 10:03:00,Class A,621819094_0,55.22435,14.399683,Under way using engine,0.0,11.6,35.0,35.0,9332810,J2HC,KIWALA,Tanker,No additional information,42.0,244.0,GPS,8.0,PRIMORSK,03/02/2025 17:00:00,AIS,POINT (14.399683 55.22435),621819094_0,0 days 00:05:58,2.7728574628565756e-07,35.74712868331977,0.0,0,6.4111722984373145,55.22435,14.399683
2025-02-01 10:07:00,2025-02-01 10:07:00,Class A,621819094_0,55.234883,14.4129,Under way using engine,0.0,11.7,35.0,36.0,9332810,J2HC,KIWALA,Tanker,No additional information,42.0,244.0,GPS,8.0,PRIMORSK,03/02/2025 17:00:00,AIS,POINT (14.4129 55.234883),621819094_0,0 days 00:04:00,-3.3975319985664015e-08,35.58242436733644,0.0,0,6.420114832585784,55.234883,14.4129
2025-02-01 10:08:00,2025-02-01 10:08:00,Class A,621819094_0,55.237517,14.416217,Under way using engine,0.0,11.7,35.0,35.0,9332810,J2HC,KIWALA,Tanker,No additional information,42.0,244.0,GPS,8.0,PRIMORSK,03/02/2025 17:00:00,AIS,POINT (14.416217 55.237517),621819094_0,0 days 00:01:00,1.447393807130909e-07,35.67875906672924,0.0,0,6.4223672462422305,55.237517,14.416217
2025-02-01 10:09:00,2025-02-01 10:09:00,Class A,621819094_0,55.24015,14.419533,Under way using engine,0.0,11.7,35.0,35.0,9332810,J2HC,KIWALA,Tanker,No additional information,42.0,244.0,GPS,8.0,PRIMORSK,03/02/2025 17:00:00,AIS,POINT (14.419533 55.24015),621819094_0,0 days 00:01:00,-3.765572405768809e-08,35.6790845033853,0.0,0,6.4246210510231645,55.24015,14.419533
2025-02-01 10:10:00,2025-02-01 10:10:00,Class A,621819094_0,55.242783,14.422867,Under way using engine,0.0,11.7,35.0,35.0,9332810,J2HC,KIWALA,Tanker,No additional information,42.0,244.0,GPS,8.0,PRIMORSK,03/02/2025 17:00:00,AIS,POINT (14.422867 55.242783),621819094_0,0 days 00:01:00,1.8386358998140975e-07,35.82435549706304,0.0,0,6.426893839153172,55.242783,14.422867
2025-02-01 10:11:00,2025-02-01 10:11:00,Class A,621819094_0,55.245433,14.426283,Under way using engine,0.0,11.7,35.0,35.0,9332810,J2HC,KIWALA,Tanker,No additional information,42.0,244.0,GPS,8.0,PRIMORSK,03/02/2025 17:00:00,AIS,POINT (14.426283 55.245433),621819094_0,0 days 00:01:00,1.2765478225499796e-06,36.30953546556748,0.0,0,6.429240396991623,55.245433,14.426283
2025-02-01 10:12:00,2025-02-01 10:12:00,Class A,621819094_0,55.248017,14.429567,Under way using engine,0.0,11.7,35.0,35.0,9332810,J2HC,KIWALA,Tanker,No additional information,42.0,244.0,GPS,8.0,PRIMORSK,03/02/2025 17:00:00,AIS,POINT (14.429567 55.248017),621819094_0,0 days 00:01:00,-3.0263764476301266e-06,35.92075323304408,0.0,0,6.431486195072257,55.248017,14.429567
2025-02-01 10:13:00,2025-02-01 10:13:00,Class A,621819094_0,55.250667,14.432967,Under way using engine,0.0,11.7,36.0,35.0,9332810,J2HC,KIWALA,Tanker,No additional information,42.0,244.0,GPS,8.0,PRIMORSK,03/02/2025 17:00:00,AIS,POINT (14.432967 55.250667),621819094_0,0 days 00:01:00,2.8543862527713834e-06,36.17767955080461,0.0,0,6.4338216852586925,55.250667,14.432967
2025-02-01 10:14:00,2025-02-01 10:14:00,Class A,621819094_0,55.253283,14.436317,Under way using engine,0.0,11.7,36.0,35.0,9332810,J2HC,KIWALA,Tanker,No additional information,42.0,244.0,GPS,8.0,PRIMORSK,03/02/2025 17:00:00,AIS,POINT (14.436317 55.253283),621819094_0,0 days 00:01:00,-1.372440226991093e-06,36.12398519418747,0.0,0,6.436123189183454,55.253283,14.436317
2025-02-01 10:15:00,2025-02-01 10:15:00,Class A,621819094_0,55.2559,14.439667,Under way using engine,0.0,11.7,36.0,35.0,9332810,J2HC,KIWALA,Tanker,No additional information,42.0,244.0,GPS,8.0,PRIMORSK,03/02/2025 17:00:00,AIS,POINT (14.439667 55.2559),621819094_0,0 days 00:01:00,2.2695026355203558e-08,36.11176193535391,0.0,0,6.4384263477954,55.2559,14.439667
2025-02-01 10:16:00,2025-02-01 10:16:00,Class A,621819094_0,55.2585,14.443033,Under way using engine,0.0,11.7,36.0,35.0,9332810,J2HC,KIWALA,Tanker,No additional information,42.0,244.0,GPS,8.0,PRIMORSK,03/02/2025 17:00:00,AIS,POINT (14.443033 55.2585),621819094_0,0 days 00:01:00,-2.5841194401894295e-07,36.418259953147015,0.0,0,6.440752179928212,55.2585,14.443033
2025-02-01 10:17:00,2025-02-01 10:17:00,Class A,621819094_0,55.2611,14.446433,Under way using engine,1.1,11.7,36.0,36.0,9332810,J2HC,KIWALA,Tanker,No additional information,42.0,244.0,GPS,8.0,PRIMORSK,03/02/2025 17:00:00,AIS,POINT (14.446433 55.2611),621819094_0,0 days 00:01:00,3.5587156771924266e-07,36.69195662189213,0.0,0,6.4431121048178275,55.2611,14.446433
2025-02-01 10:18:00,2025-02-01 10:18:00,Class A,621819094_0,55.263683,14.4499,Under way using engine,1.1,11.7,38.0,38.0,9332810,J2HC,KIWALA,Tanker,No additional information,42.0,244.0,GPS,8.0,PRIMORSK,03/02/2025 17:00:00,AIS,POINT (14.4499 55.263683),621819094_0,0 days 00:01:00,2.923590458667943e-07,37.40851370949929,0.0,0,6.445542883604762,55.263683,14.4499
2025-02-01 10:21:00,2025-02-01 10:21:00,Class A,621819094_0,55.2711,14.460883,Under way using engine,0.0,11.7,41.0,39.0,9332810,J2HC,KIWALA,Tanker,No additional information,42.0,244.0,GPS,8.0,PRIMORSK,03/02/2025 17:00:00,AIS,POINT (14.460883 55.2711),621819094_0,0 days 00:03:00,-1.7399120316699719e-07,40.148965168570214,0.0,0,6.453505469064857,55.2711,14.460883
2025-02-01 10:27:01,2025-02-01 10:27:01,Class A,621819094_0,55.286,14.483233,Under way using engine,0.0,11.8,39.0,37.0,9332810,J2HC,KIWALA,Tanker,No additional information,42.0,244.0,GPS,8.0,PRIMORSK,03/02/2025 17:00:00,AIS,POINT (14.483233 55.286),621819094_0,0 days 00:06:01,1.1626360977112765e-07,40.50076008925208,0.0,0,6.469824915888373,55.286,14.483233
2025-02-01 10:29:00,2025-02-01 10:29:00,Class A,621819094_0,55.29115,14.490517,Under way using engine,0.0,11.8,38.0,37.0,9332810,J2HC,KIWALA,Tanker,No additional information,42.0,244.0,GPS,8.0,PRIMORSK,03/02/2025 17:00:00,AIS,POINT (14.490517 55.29115),621819094_0,0 days 00:01:59,1.1964541814172806e-06,38.84508359600068,0.0,0,6.475064253795942,55.29115,14.490517
2025-02-01 10:30:00,2025-02-01 10:30:00,Class A,621819094_0,55.293683,14.494033,Under way using engine,0.0,11.8,38.0,37.0,9332810,J2HC,KIWALA,Tanker,No additional information,42.0,244.0,GPS,8.0,PRIMORSK,03/02/2025 17:00:00,AIS,POINT (14.494033 55.293683),621819094_0,0 days 00:01:00,-3.266806202530563e-06,38.31981445845366,0.0,0,6.477581068717627,55.293683,14.494033
2025-02-01 10:31:00,2025-02-01 10:31:00,Class A,621819094_0,55.296333,14.497617,Under way using engine,0.0,11.9,37.0,37.0,9332810,J2HC,KIWALA,Tanker,No additional information,42.0,244.0,GPS,8.0,PRIMORSK,03/02/2025 17:00:00,AIS,POINT (14.497617 55.296333),621819094_0,0 days 00:01:00,3.5870661106476334e-06,37.59553810216079,0.0,0,6.4801267571742,55.296333,14.497617
2025-02-01 10:32:00,2025-02-01 10:32:00,Class A,621819094_0,55.298933,14.501,Under way using engine,1.1,11.9,36.0,38.0,9332810,J2HC,KIWALA,Tanker,No additional information,42.0,244.0,GPS,8.0,PRIMORSK,03/02/2025 17:00:00,AIS,POINT (14.501 55.298933),621819094_0,0 days 00:01:00,-3.37595066749109e-06,36.528341297533984,0.0,0,6.4825000428297725,55.298933,14.501
2025-02-01 10:33:00,2025-02-01 10:33:00,Class A,621819094_0,55.30165,14.504483,Under way using engine,0.0,11.9,36.0,38.0,9332810,J2HC,KIWALA,Tanker,No additional information,42.0,244.0,GPS,8.0,PRIMORSK,03/02/2025 17:00:00,AIS,POINT (14.504483 55.30165),621819094_0,0 days 00:01:00,3.957115956024172e-06,36.11942732683622,0.0,0,6.48493269458134,55.30165,14.504483
2025-02-01 10:34:00,2025-02-01 10:34:00,Class A,621819094_0,55.304283,14.507967,Under way using engine,1.1,11.9,37.0,39.0,9332810,J2HC,KIWALA,Tanker,No additional information,42.0,244.0,GPS,8.0,PRIMORSK,03/02/2025 17:00:00,AIS,POINT (14.507967 55.304283),621819094_0,0 days 00:01:00,-2.0770546971737975e-06,36.986265096286104,0.0,0,6.487395154262226,55.304283,14.507967
2025-02-01 10:35:00,2025-02-01 10:35:00,Class A,621819094_0,55.30685,14.511467,Under way using engine,0.0,11.9,38.0,39.0,9332810,J2HC,KIWALA,Tanker,No additional information,42.0,244.0,GPS,8.0,PRIMORSK,03/02/2025 17:00:00,AIS,POINT (14.511467 55.30685),621819094_0,0 days 00:01:00,-1.4508811395829169e-06,37.81290434046343,0.0,0,6.489895782089725,55.30685,14.511467
2025-02-01 10:36:00,2025-02-01 10:36:00,Class A,621819094_0,55.30945,14.515133,Under way using engine,0.0,11.8,38.0,39.0,9332810,J2HC,KIWALA,Tanker,No additional information,42.0,244.0,GPS,8.0,PRIMORSK,03/02/2025 17:00:00,AIS,POINT (14.515133 55.30945),621819094_0,0 days 00:01:00,2.6145426355820284e-06,38.74620588355435,0.0,0,6.492545274254929,55.30945,14.515133
2025-02-01 10:37:00,2025-02-01 10:37:00,Class A,621819094_0,55.311967,14.518667,Under way using engine,0.0,11.8,38.0,39.0,9332810,J2HC,KIWALA,Tanker,No additional information,42.0,244.0,GPS,8.0,PRIMORSK,03/02/2025 17:00:00,AIS,POINT (14.518667 55.311967),621819094_0,0 days 00:01:00,-3.4616782224954993e-06,38.62628850568427,0.0,0,6.495097921933509,55.311967,14.518667
2025-02-01 10:38:00,2025-02-01 10:38:00,Class A,621819094_0,55.314567,14.5223,Under way using engine,0.0,11.8,38.0,38.0,9332810,J2HC,KIWALA,Tanker,No additional information,42.0,244.0,GPS,8.0,PRIMORSK,03/02/2025 17:00:00,AIS,POINT (14.5223 55.314567),621819094_0,0 days 00:01:00,3.0927693093505368e-06,38.48996788004632,0.0,0,6.497720099492438,55.314567,14.5223
2025-02-01 10:39:00,2025-02-01 10:39:00,Class A,621819094_0,55.3167,14.525283,Under way using engine,0.0,11.8,38.0,38.0,9332810,J2HC,KIWALA,Tanker,No additional information,42.0,244.0,GPS,8.0,PRIMORSK,03/02/2025 17:00:00,AIS,POINT (14.525283 55.3167),621819094_0,0 days 00:01:00,-1.8440930417654776e-05,38.5123731815292,0.0,0,6.499875208898246,55.3167,14.525283
2025-02-01 10:40:00,2025-02-01 10:40:00,Class A,621819094_0,55.319667,14.529383,Under way using engine,0.0,11.8,38.0,38.0,9332810,J2HC,KIWALA,Tanker,No additional information,42.0,244.0,GPS,8.0,PRIMORSK,03/02/2025 17:00:00,AIS,POINT (14.529383 55.319667),621819094_0,0 days 00:01:00,3.2446163436418845e-05,38.176571524283645,0.0,0,6.502828386061636,55.319667,14.529383
2025-02-01 10:41:00,2025-02-01 10:41:00,Class A,621819094_0,55.322267,14.533017,Under way using engine,0.0,11.8,38.0,38.0,9332810,J2HC,KIWALA,Tanker,No additional information,42.0,244.0,GPS,8.0,PRIMORSK,03/02/2025 17:00:00,AIS,POINT (14.533017 55.322267),621819094_0,0 days 00:01:00,-1.4001901121118495e-05,38.492228436883636,0.0,0,6.50545745858852,55.322267,14.533017
2025-02-01 10:42:00,2025-02-01 10:42:00,Class A,621819094_0,55.324783,14.536533,Under way using engine,0.0,11.8,38.0,38.0,9332810,J2HC,KIWALA,Tanker,No additional information,42.0,244.0,GPS,8.0,PRIMORSK,03/02/2025 17:00:00,AIS,POINT (14.536533 55.324783),621819094_0,0 days 00:01:00,-3.330775210057691e-06,38.48576198091973,0.0,0,6.50800293779966,55.324783,14.536533
2025-02-01 10:43:00,2025-02-01 10:43:00,Class A,621819094_0,55.32735,14.540083,Under way using engine,0.0,11.8,37.0,38.0,9332810,J2HC,KIWALA,Tanker,No additional information,42.0,244.0,GPS,8.0,PRIMORSK,03/02/2025 17:00:00,AIS,POINT (14.540083 55.32735),621819094_0,0 days 00:01:00,1.6059343548800643e-06,38.19281212117443,0.0,0,6.510566562001342,55.32735,14.540083
2025-02-01 10:44:00,2025-02-01 10:44:00,Class A,621819094_0,55.329967,14.543667,Under way using engine,0.0,11.8,37.0,38.0,9332810,J2HC,KIWALA,Tanker,No additional information,42.0,244.0,GPS,8.0,PRIMORSK,03/02/2025 17:00:00,AIS,POINT (14.543667 55.329967),621819094_0,0 days 00:01:00,1.584024732271255e-06,37.91957937739198,0.0,0,6.51314873908964,55.329967,14.543667
2025-02-01 10:51:00,2025-02-01 10:51:00,Class A,621819094_0,55.347933,14.5684,Under way using engine,0.0,11.7,39.0,40.0,9332810,J2HC,KIWALA,Tanker,No additional information,42.0,244.0,GPS,8.0,PRIMORSK,03/02/2025 17:00:00,AIS,POINT (14.5684 55.347933),621819094_0,0 days 00:07:00,-2.555710538210264e-07,38.04837249370081,0.0,0,6.531051639582098,55.347933,14.5684
2025-02-01 10:52:00,2025-02-01 10:52:00,Class A,621819094_0,55.350367,14.572,Under way using engine,0.0,11.7,40.0,40.0,9332810,J2HC,KIWALA,Tanker,No additional information,42.0,244.0,GPS,8.0,PRIMORSK,03/02/2025 17:00:00,AIS,POINT (14.572 55.350367),621819094_0,0 days 00:01:00,-2.4492515942863322e-06,40.06059808947799,0.0,0,6.533721316321044,55.350367,14.572
2025-02-01 10:53:00,2025-02-01 10:53:00,Class A,621819094_0,55.352833,14.5757,Under way using engine,0.0,11.7,40.0,40.0,9332810,J2HC,KIWALA,Tanker,No additional information,42.0,244.0,GPS,8.0,PRIMORSK,03/02/2025 17:00:00,AIS,POINT (14.5757 55.352833),621819094_0,0 days 00:01:00,1.89221461205392e-06,40.46394554444498,0.0,0,6.536478022030519,55.352833,14.5757
2025-02-01 10:54:00,2025-02-01 10:54:00,Class A,621819094_0,55.355333,14.579483,Under way using engine,0.0,11.7,40.0,40.0,9332810,J2HC,KIWALA,Tanker,No additional information,42.0,244.0,GPS,8.0,PRIMORSK,03/02/2025 17:00:00,AIS,POINT (14.579483 55.355333),621819094_0,0 days 00:01:00,1.7477420091046124e-06,40.70250703828327,0.0,0,6.539305064049925,55.355333,14.579483
2025-02-01 10:55:00,2025-02-01 10:55:00,Class A,621819094_0,55.35775,14.583133,Under way using engine,0.0,11.7,40.0,40.0,9332810,J2HC,KIWALA,Tanker,No additional information,42.0,244.0,GPS,8.0,PRIMORSK,03/02/2025 17:00:00,AIS,POINT (14.583133 55.35775),621819094_0,0 days 00:01:00,-3.476705376908431e-06,40.64340721886077,0.0,0,6.54203302997241,55.35775,14.583133
2025-02-01 10:56:00,2025-02-01 10:56:00,Class A,621819094_0,55.36025,14.5869,Under way using engine,1.1,11.7,40.0,41.0,9332810,J2HC,KIWALA,Tanker,No additional information,42.0,244.0,GPS,8.0,PRIMORSK,03/02/2025 17:00:00,AIS,POINT (14.5869 55.36025),621819094_0,0 days 00:01:00,3.287542420688554e-06,40.57897702481995,0.0,0,6.544848621154579,55.36025,14.5869
2025-02-01 10:57:00,2025-02-01 10:57:00,Class A,621819094_0,55.362633,14.590617,Under way using engine,2.9,11.6,41.0,43.0,9332810,J2HC,KIWALA,Tanker,No additional information,42.0,244.0,GPS,8.0,PRIMORSK,03/02/2025 17:00:00,AIS,POINT (14.590617 55.362633),621819094_0,0 days 00:01:00,-3.30741196187492e-06,41.55820897381045,0.0,0,6.547654427033011,55.362633,14.590617
2025-02-01 10:58:00,2025-02-01 10:58:00,Class A,621819094_0,55.364983,14.5945,Under way using engine,1.1,11.6,44.0,46.0,9332810,J2HC,KIWALA,Tanker,No additional information,42.0,244.0,GPS,8.0,PRIMORSK,03/02/2025 17:00:00,AIS,POINT (14.5945 55.364983),621819094_0,0 days 00:01:00,1.217744016662993e-06,43.20046123558683,0.0,0,6.550630136527935,55.364983,14.5945
2025-02-01 11:03:00,2025-02-01 11:03:00,Class A,621819094_0,55.374667,14.61655,Under way using engine,2.9,11.4,59.0,60.0,9332810,J2HC,KIWALA,Tanker,No additional information,42.0,244.0,GPS,8.0,PRIMORSK,03/02/2025 17:00:00,AIS,POINT (14.61655 55.374667),621819094_0,0 days 00:05:00,-3.433872314356478e-07,52.29287515160951,0.0,0,6.568673733962434,55.374667,14.61655
2025-02-01 11:13:00,2025-02-01 11:13:00,Class A,621819094_0,55.390283,14.664733,Under way using engine,0.0,11.7,57.0,58.0,9332810,J2HC,KIWALA,Tanker,No additional information,42.0,244.0,GPS,8.0,PRIMORSK,03/02/2025 17:00:00,AIS,POINT (14.664733 55.390283),621819094_0,0 days 00:10:00,-4.656469471237366e-08,60.275475234216344,0.0,0,6.609895891041629,55.390283,14.664733
2025-02-01 11:14:00,2025-02-01 11:14:00,Class A,621819094_0,55.39205,14.669583,Under way using engine,0.0,11.9,57.0,58.0,9332810,J2HC,KIWALA,Tanker,No additional information,42.0,244.0,GPS,8.0,PRIMORSK,03/02/2025 17:00:00,AIS,POINT (14.669583 55.39205),621819094_0,0 days 00:01:00,3.7475043514401928e-06,57.319495496624654,0.0,0,6.6139940857435,55.39205,14.669583
2025-02-01 11:15:00,2025-02-01 11:15:00,Class A,621819094_0,55.393817,14.674533,Under way using engine,0.0,12.0,58.0,59.0,9332810,J2HC,KIWALA,Tanker,No additional information,42.0,244.0,GPS,8.0,PRIMORSK,03/02/2025 17:00:00,AIS,POINT (14.674533 55.393817),621819094_0,0 days 00:01:00,1.4836819306420003e-06,57.84743709240564,0.0,0,6.618189200126347,55.393817,14.674533
2025-02-01 11:16:00,2025-02-01 11:16:00,Class A,621819094_0,55.3956,14.679667,Under way using engine,0.0,12.1,58.0,59.0,9332810,J2HC,KIWALA,Tanker,No additional information,42.0,244.0,GPS,8.0,PRIMORSK,03/02/2025 17:00:00,AIS,POINT (14.679667 55.3956),621819094_0,0 days 00:01:00,3.0112502705581842e-06,58.551394559187315,0.0,0,6.622556675407618,55.3956,14.679667
2025-02-01 11:17:00,2025-02-01 11:17:00,Class A,621819094_0,55.397317,14.684667,Under way using engine,0.0,12.2,58.0,58.0,9332810,J2HC,KIWALA,Tanker,No additional information,42.0,244.0,GPS,8.0,PRIMORSK,03/02/2025 17:00:00,AIS,POINT (14.684667 55.397317),621819094_0,0 days 00:01:00,-3.0785247309430356e-06,58.837023046223294,0.0,0,6.626817472543286,55.397317,14.684667
2025-02-01 11:18:00,2025-02-01 11:18:00,Class A,621819094_0,55.399067,14.6898,Under way using engine,0.0,12.3,58.0,58.0,9332810,J2HC,KIWALA,Tanker,No additional information,42.0,244.0,GPS,8.0,PRIMORSK,03/02/2025 17:00:00,AIS,POINT (14.6898 55.399067),621819094_0,0 days 00:01:00,2.528656215860202e-06,59.01859863287086,0.0,0,6.631196912273681,55.399067,14.6898
2025-02-01 11:19:00,2025-02-01 11:19:00,Class A,621819094_0,55.4009,14.695,Under way using engine,0.0,12.4,58.0,59.0,9332810,J2HC,KIWALA,Tanker,No additional information,42.0,244.0,GPS,8.0,PRIMORSK,03/02/2025 17:00:00,AIS,POINT (14.695 55.4009),621819094_0,0 days 00:01:00,2.338967260171141e-06,58.16712730788436,0.0,0,6.635617223908338,55.4009,14.695
2025-02-01 11:20:00,2025-02-01 11:20:00,Class A,621819094_0,55.402617,14.700133,Under way using engine,0.0,12.4,59.0,60.0,9332810,J2HC,KIWALA,Tanker,No additional information,42.0,244.0,GPS,8.0,PRIMORSK,03/02/2025 17:00:00,AIS,POINT (14.700133 55.402617),621819094_0,0 days 00:01:00,-2.866765130199427e-06,59.495520689889815,0.0,0,6.640009576188048,55.402617,14.700133
2025-02-01 11:28:00,2025-02-01 11:28:00,Class A,621819094_0,55.415783,14.743483,Under way using engine,0.0,12.7,63.0,63.0,9332810,J2HC,KIWALA,Tanker,No additional information,42.0,244.0,GPS,8.0,PRIMORSK,03/02/2025 17:00:00,AIS,POINT (14.743483 55.415783),621819094_0,0 days 00:08:00,4.1179016296754765e-07,61.83629707350815,0.0,0,6.677555042334657,55.415783,14.743483
2025-02-01 11:29:00,2025-02-01 11:29:00,Class A,621819094_0,55.417333,14.749017,Under way using engine,0.0,12.7,63.0,63.0,9332810,J2HC,KIWALA,Tanker,No additional information,42.0,244.0,GPS,8.0,PRIMORSK,03/02/2025 17:00:00,AIS,POINT (14.749017 55.417333),621819094_0,0 days 00:01:00,4.3685967483528094e-07,63.733553919137705,0.0,0,6.682393201409582,55.417333,14.749017
2025-02-01 11:30:00,2025-02-01 11:30:00,Class A,621819094_0,55.418867,14.754583,Under way using engine,0.0,12.7,63.0,63.0,9332810,J2HC,KIWALA,Tanker,No additional information,42.0,244.0,GPS,8.0,PRIMORSK,03/02/2025 17:00:00,AIS,POINT (14.754583 55.418867),621819094_0,0 days 00:01:00,2.8523005607894565e-07,64.09786887886662,0.0,0,6.687268076230309,55.418867,14.754583
2025-02-01 11:31:00,2025-02-01 11:31:00,Class A,621819094_0,55.4204,14.76005,Under way using engine,0.0,12.7,63.0,63.0,9332810,J2HC,KIWALA,Tanker,No additional information,42.0,244.0,GPS,8.0,PRIMORSK,03/02/2025 17:00:00,AIS,POINT (14.76005 55.4204),621819094_0,0 days 00:01:00,-1.5815471081951702e-06,63.70559608843172,0.0,0,6.692049972910318,55.4204,14.76005
2025-02-01 11:41:00,2025-02-01 11:41:00,Class A,621819094_0,55.43605,14.816017,Under way using engine,0.0,12.9,63.0,63.0,9332810,J2HC,KIWALA,Tanker,No additional information,42.0,244.0,GPS,8.0,PRIMORSK,03/02/2025 17:00:00,AIS,POINT (14.816017 55.43605),621819094_0,0 days 00:10:00,2.4647878148834355e-07,63.74324498766293,0.0,0,6.741095913186965,55.43605,14.816017
2025-02-01 11:42:00,2025-02-01 11:42:00,Class A,621819094_0,55.437667,14.82175,Under way using engine,0.0,12.9,63.0,63.0,9332810,J2HC,KIWALA,Tanker,No additional information,42.0,244.0,GPS,8.0,PRIMORSK,03/02/2025 17:00:00,AIS,POINT (14.82175 55.437667),621819094_0,0 days 00:01:00,2.841621258904894e-06,63.56247457929305,0.0,0,6.746124104702493,55.437667,14.82175
2025-02-01 11:43:00,2025-02-01 11:43:00,Class A,621819094_0,55.439283,14.827367,Under way using engine,0.0,12.9,63.0,63.0,9332810,J2HC,KIWALA,Tanker,No additional information,42.0,244.0,GPS,8.0,PRIMORSK,03/02/2025 17:00:00,AIS,POINT (14.827367 55.439283),621819094_0,0 days 00:01:00,-1.8409425410002845e-06,63.10612384906551,0.0,0,6.751042944963763,55.439283,14.827367
2025-02-01 11:44:00,2025-02-01 11:44:00,Class A,621819094_0,55.4409,14.833017,Under way using engine,0.0,12.9,63.0,63.0,9332810,J2HC,KIWALA,Tanker,No additional information,42.0,244.0,GPS,8.0,PRIMORSK,03/02/2025 17:00:00,AIS,POINT (14.833017 55.4409),621819094_0,0 days 00:01:00,5.282775586121629e-07,63.22607136218352,0.0,0,6.7559945989310854,55.4409,14.833017
2025-02-01 11:50:00,2025-02-01 11:50:00,Class A,621819094_0,55.450383,14.867117,Under way using engine,0.0,13.0,64.0,65.0,9332810,J2HC,KIWALA,Tanker,No additional information,42.0,244.0,GPS,8.0,PRIMORSK,03/02/2025 17:00:00,AIS,POINT (14.867117 55.450383),621819094_0,0 days 00:06:00,1.7627490000560957e-09,63.86711228175136,0.0,0,6.785989338655417,55.450383,14.867117
2025-02-01 11:51:00,2025-02-01 11:51:00,Class A,621819094_0,55.451633,14.87185,Under way using engine,0.0,13.0,65.0,65.0,9332810,J2HC,KIWALA,Tanker,No additional information,42.0,244.0,GPS,8.0,PRIMORSK,03/02/2025 17:00:00,AIS,POINT (14.87185 55.451633),621819094_0,0 days 00:01:00,-1.9489388625373875e-05,65.02668483978528,0.0,0,6.790175368308833,55.451633,14.87185
2025-02-01 11:57:00,2025-02-01 11:57:00,Class A,621819094_0,55.460883,14.907683,Under way using engine,0.0,13.1,65.0,65.0,9332810,J2HC,KIWALA,Tanker,No additional information,42.0,244.0,GPS,8.0,PRIMORSK,03/02/2025 17:00:00,AIS,POINT (14.907683 55.460883),621819094_0,0 days 00:06:00,3.924037181197908e-06,65.50791375765829,0.0,0,6.821957768339598,55.460883,14.907683
2025-02-01 12:27:00,2025-02-01 12:27:00,Class A,621819094_0,55.505783,15.08375,Under way using engine,0.0,13.2,65.0,65.0,9332810,J2HC,KIWALA,Tanker,No additional information,42.0,244.0,GPS,8.0,PRIMORSK,03/02/2025 17:00:00,AIS,POINT (15.08375 55.505783),621819094_0,0 days 00:30:00,-7.637042861216513e-08,65.6975597277683,0.0,0,6.979017358474472,55.505783,15.08375
2025-02-01 12:31:00,2025-02-01 12:31:00,Class A,621819094_0,55.51175,15.10745,Under way using engine,0.0,13.2,66.0,65.0,9332810,J2HC,KIWALA,Tanker,No additional information,42.0,244.0,GPS,8.0,PRIMORSK,03/02/2025 17:00:00,AIS,POINT (15.10745 55.51175),621819094_0,0 days 00:04:00,1.9415052614399873e-07,66.01996407112813,0.0,0,7.0002703028903825,55.51175,15.10745
2025-02-01 12:32:00,2025-02-01 12:32:00,Class A,621819094_0,55.513217,15.113333,Under way using engine,0.0,13.2,65.0,65.0,9332810,J2HC,KIWALA,Tanker,No additional information,42.0,244.0,GPS,8.0,PRIMORSK,03/02/2025 17:00:00,AIS,POINT (15.113333 55.513217),621819094_0,0 days 00:01:00,-9.923703138957583e-07,66.22919241488478,0.0,0,7.005552855433255,55.513217,15.113333
2025-02-01 12:33:00,2025-02-01 12:33:00,Class A,621819094_0,55.51445,15.11825,Under way using engine,0.0,13.2,66.0,65.0,9332810,J2HC,KIWALA,Tanker,No additional information,42.0,244.0,GPS,8.0,PRIMORSK,03/02/2025 17:00:00,AIS,POINT (15.11825 55.51445),621819094_0,0 days 00:01:00,-1.843366537101992e-05,66.11031140292528,0.0,0,7.009967148263179,55.51445,15.11825
2025-02-01 12:34:00,2025-02-01 12:34:00,Class A,621819094_0,55.516167,15.125133,Under way using engine,0.0,13.2,66.0,65.0,9332810,J2HC,KIWALA,Tanker,No additional information,42.0,244.0,GPS,8.0,PRIMORSK,03/02/2025 17:00:00,AIS,POINT (15.125133 55.516167),621819094_0,0 days 00:01:00,3.7602240218651865e-05,66.21941454712316,0.0,0,7.016150306583303,55.516167,15.125133
2025-02-01 12:35:00,2025-02-01 12:35:00,Class A,621819094_0,55.517633,15.131033,Under way using engine,0.0,13.2,66.0,65.0,9332810,J2HC,KIWALA,Tanker,No additional information,42.0,244.0,GPS,8.0,PRIMORSK,03/02/2025 17:00:00,AIS,POINT (15.131033 55.517633),621819094_0,0 days 00:01:00,-1.8918403231519807e-05,66.30212165655547,0.0,0,7.02145331149535,55.517633,15.131033
2025-02-01 12:36:00,2025-02-01 12:36:00,Class A,621819094_0,55.5191,15.136933,Under way using engine,0.0,13.2,66.0,65.0,9332810,J2HC,KIWALA,Tanker,No additional information,42.0,244.0,GPS,8.0,PRIMORSK,03/02/2025 17:00:00,AIS,POINT (15.136933 55.5191),621819094_0,0 days 00:01:00,8.887874029589114e-09,66.28695472696086,0.0,0,7.026757310470456,55.5191,15.136933
2025-02-01 12:39:01,2025-02-01 12:39:01,Class A,621819094_0,55.523367,15.154467,Under way using engine,0.0,13.1,66.0,65.0,9332810,J2HC,KIWALA,Tanker,No additional information,42.0,244.0,GPS,8.0,PRIMORSK,03/02/2025 17:00:00,AIS,POINT (15.154467 55.523367),621819094_0,0 days 00:03:01,-6.840616357761326e-07,66.73084032350903,0.0,0,7.042551806661063,55.523367,15.154467
2025-02-01 12:42:00,2025-02-01 12:42:00,Class A,621819094_0,55.527767,15.172283,Under way using engine,0.0,13.1,66.0,65.0,9332810,J2HC,KIWALA,Tanker,No additional information,42.0,244.0,GPS,8.0,PRIMORSK,03/02/2025 17:00:00,AIS,POINT (15.172283 55.527767),621819094_0,0 days 00:02:59,1.1056649799005578e-06,66.42046499476697,0.0,0,7.058594567332013,55.527767,15.172283
2025-02-01 12:43:00,2025-02-01 12:43:00,Class A,621819094_0,55.529183,15.178033,Under way using engine,0.0,13.0,66.0,65.0,9332810,J2HC,KIWALA,Tanker,No additional information,42.0,244.0,GPS,8.0,PRIMORSK,03/02/2025 17:00:00,AIS,POINT (15.178033 55.529183),621819094_0,0 days 00:01:00,-4.301680165816422e-06,66.48413338328993,0.0,0,7.0637757268906105,55.529183,15.178033
2025-02-01 12:44:00,2025-02-01 12:44:00,Class A,621819094_0,55.5306,15.1839,Under way using engine,0.0,13.0,66.0,65.0,9332810,J2HC,KIWALA,Tanker,No additional information,42.0,244.0,GPS,8.0,PRIMORSK,03/02/2025 17:00:00,AIS,POINT (15.1839 55.5306),621819094_0,0 days 00:01:00,1.8943116000789123e-06,66.88807011443419,0.0,0,7.069070752993564,55.5306,15.1839
2025-02-01 12:45:00,2025-02-01 12:45:00,Class A,621819094_0,55.532033,15.18985,Under way using engine,0.0,13.0,66.0,65.0,9332810,J2HC,KIWALA,Tanker,No additional information,42.0,244.0,GPS,8.0,PRIMORSK,03/02/2025 17:00:00,AIS,POINT (15.18985 55.532033),621819094_0,0 days 00:01:00,1.5299739887899658e-06,66.9455502796522,0.0,0,7.0744429509882965,55.532033,15.18985
2025-02-01 12:46:00,2025-02-01 12:46:00,Class A,621819094_0,55.533433,15.195583,Under way using engine,0.0,13.0,66.0,65.0,9332810,J2HC,KIWALA,Tanker,No additional information,42.0,244.0,GPS,8.0,PRIMORSK,03/02/2025 17:00:00,AIS,POINT (15.195583 55.533433),621819094_0,0 days 00:01:00,-3.904335774405678e-06,66.65751132399635,0.0,0,7.079615369588166,55.533433,15.195583
2025-02-01 12:47:00,2025-02-01 12:47:00,Class A,621819094_0,55.534883,15.2015,Under way using engine,0.0,12.9,66.0,65.0,9332810,J2HC,KIWALA,Tanker,No additional information,42.0,244.0,GPS,8.0,PRIMORSK,03/02/2025 17:00:00,AIS,POINT (15.2015 55.534883),621819094_0,0 days 00:01:00,3.572401362297037e-06,66.5836276949965,0.0,0,7.084953677899947,55.534883,15.2015
2025-02-01 12:48:00,2025-02-01 12:48:00,Class A,621819094_0,55.5363,15.207333,Under way using engine,0.0,12.9,66.0,65.0,9332810,J2HC,KIWALA,Tanker,No additional information,42.0,244.0,GPS,8.0,PRIMORSK,03/02/2025 17:00:00,AIS,POINT (15.207333 55.5363),621819094_0,0 days 00:01:00,-1.7601012813140351e-06,66.76462041531948,0.0,0,7.090220604201961,55.5363,15.207333
2025-02-01 12:49:00,2025-02-01 12:49:00,Class A,621819094_0,55.537667,15.21305,Under way using engine,0.0,12.9,67.0,65.0,9332810,J2HC,KIWALA,Tanker,No additional information,42.0,244.0,GPS,8.0,PRIMORSK,03/02/2025 17:00:00,AIS,POINT (15.21305 55.537667),621819094_0,0 days 00:01:00,-2.480473058493595e-06,67.09104321888589,0.0,0,7.095389560922501,55.537667,15.21305
2025-02-01 12:50:00,2025-02-01 12:50:00,Class A,621819094_0,55.539067,15.219,Under way using engine,0.0,12.9,67.0,65.0,9332810,J2HC,KIWALA,Tanker,No additional information,42.0,244.0,GPS,8.0,PRIMORSK,03/02/2025 17:00:00,AIS,POINT (15.219 55.539067),621819094_0,0 days 00:01:00,4.1603036128284115e-06,67.4189768238084,0.0,0,7.100776214340795,55.539067,15.219
2025-02-01 12:51:00,2025-02-01 12:51:00,Class A,621819094_0,55.5404,15.224733,Under way using engine,0.0,12.9,67.0,65.0,9332810,J2HC,KIWALA,Tanker,No additional information,42.0,244.0,GPS,8.0,PRIMORSK,03/02/2025 17:00:00,AIS,POINT (15.224733 55.5404),621819094_0,0 days 00:01:00,-4.311399422968456e-06,67.65882883825225,0.0,0,7.10597163189173,55.5404,15.224733
2025-02-01 12:52:00,2025-02-01 12:52:00,Class A,621819094_0,55.541783,15.230667,Under way using engine,0.0,12.9,67.0,65.0,9332810,J2HC,KIWALA,Tanker,No additional information,42.0,244.0,GPS,8.0,PRIMORSK,03/02/2025 17:00:00,AIS,POINT (15.230667 55.541783),621819094_0,0 days 00:01:00,3.844726477690011e-06,67.61040264749045,0.0,0,7.111349495007611,55.541783,15.230667
2025-02-01 12:53:00,2025-02-01 12:53:00,Class A,621819094_0,55.543117,15.2365,Under way using engine,0.0,12.9,67.0,65.0,9332810,J2HC,KIWALA,Tanker,No additional information,42.0,244.0,GPS,8.0,PRIMORSK,03/02/2025 17:00:00,AIS,POINT (15.2365 55.543117),621819094_0,0 days 00:01:00,-2.2151204247434994e-06,67.98866695239508,0.0,0,7.1166434880390055,55.543117,15.2365
2025-02-01 12:54:00,2025-02-01 12:54:00,Class A,621819094_0,55.544417,15.24225,Under way using engine,0.0,12.9,67.0,65.0,9332810,J2HC,KIWALA,Tanker,No additional information,42.0,244.0,GPS,8.0,PRIMORSK,03/02/2025 17:00:00,AIS,POINT (15.24225 55.544417),621819094_0,0 days 00:01:00,-1.7453787934584361e-06,68.2157482921242,0.0,0,7.12186707209198,55.544417,15.24225
2025-02-01 12:55:00,2025-02-01 12:55:00,Class A,621819094_0,55.5458,15.248167,Under way using engine,0.0,12.8,67.0,65.0,9332810,J2HC,KIWALA,Tanker,No additional information,42.0,244.0,GPS,8.0,PRIMORSK,03/02/2025 17:00:00,AIS,POINT (15.248167 55.5458),621819094_0,0 days 00:01:00,3.6750553117762273e-06,67.55039727437645,0.0,0,7.127231872191756,55.5458,15.248167
2025-02-01 12:56:00,2025-02-01 12:56:00,Class A,621819094_0,55.547133,15.253883,Under way using engine,0.0,12.8,67.0,65.0,9332810,J2HC,KIWALA,Tanker,No additional information,42.0,244.0,GPS,8.0,PRIMORSK,03/02/2025 17:00:00,AIS,POINT (15.253883 55.547133),621819094_0,0 days 00:01:00,-3.850883902592849e-06,67.59549737774717,0.0,0,7.132416286891069,55.547133,15.253883
2025-02-01 13:01:00,2025-02-01 13:01:00,Class A,621819094_0,55.553867,15.283117,Under way using engine,0.0,12.8,67.0,65.0,9332810,J2HC,KIWALA,Tanker,No additional information,42.0,244.0,GPS,8.0,PRIMORSK,03/02/2025 17:00:00,AIS,POINT (15.283117 55.553867),621819094_0,0 days 00:05:00,4.5493191391438616e-07,67.8314917705568,0.0,0,7.158969277605892,55.553867,15.283117
2025-02-01 13:02:00,2025-02-01 13:02:00,Class A,621819094_0,55.555167,15.28885,Under way using engine,0.0,12.8,67.0,65.0,9332810,J2HC,KIWALA,Tanker,No additional information,42.0,244.0,GPS,8.0,PRIMORSK,03/02/2025 17:00:00,AIS,POINT (15.28885 55.555167),621819094_0,0 days 00:01:00,-2.401110491122221e-06,68.15182341583426,0.0,0,7.164184921848961,55.555167,15.28885
2025-02-01 13:03:00,2025-02-01 13:03:00,Class A,621819094_0,55.556533,15.294767,Under way using engine,0.0,12.8,67.0,65.0,9332810,J2HC,KIWALA,Tanker,No additional information,42.0,244.0,GPS,8.0,PRIMORSK,03/02/2025 17:00:00,AIS,POINT (15.294767 55.556533),621819094_0,0 days 00:01:00,3.751841877585541e-06,67.79390680521715,0.0,0,7.169562892146564,55.556533,15.294767
2025-02-01 13:04:00,2025-02-01 13:04:00,Class A,621819094_0,55.55785,15.3005,Under way using engine,0.0,12.8,67.0,65.0,9332810,J2HC,KIWALA,Tanker,No additional information,42.0,244.0,GPS,8.0,PRIMORSK,03/02/2025 17:00:00,AIS,POINT (15.3005 55.55785),621819094_0,0 days 00:01:00,-3.56179057402501e-06,67.89215017425113,0.0,0,7.174776330466964,55.55785,15.3005
2025-02-01 13:21:00,2025-02-01 13:21:00,Class A,621819094_0,55.580767,15.398467,Under way using engine,0.0,12.6,66.0,65.0,9332810,J2HC,KIWALA,Tanker,No additional information,42.0,244.0,GPS,8.0,PRIMORSK,03/02/2025 17:00:00,AIS,POINT (15.398467 55.580767),621819094_0,0 days 00:17:00,4.810713963854581e-08,67.48333505990001,0.0,0,7.2639213210981985,55.580767,15.398467
2025-02-01 13:26:00,2025-02-01 13:26:00,Class A,621819094_0,55.587617,15.42715,Under way using engine,0.0,12.6,66.0,65.0,9332810,J2HC,KIWALA,Tanker,No additional information,42.0,244.0,GPS,8.0,PRIMORSK,03/02/2025 17:00:00,AIS,POINT (15.42715 55.587617),621819094_0,0 days 00:05:00,-3.937935777374145e-08,67.0821601233688,0.0,0,7.29004354780875,55.587617,15.42715
2025-02-01 13:27:00,2025-02-01 13:27:00,Class A,621819094_0,55.58875,15.431817,Under way using engine,0.0,12.6,66.0,65.0,9332810,J2HC,KIWALA,Tanker,No additional information,42.0,244.0,GPS,8.0,PRIMORSK,03/02/2025 17:00:00,AIS,POINT (15.431817 55.58875),621819094_0,0 days 00:01:00,-2.0117943671113122e-05,66.7509602050045,0.0,0,7.294291807583928,55.58875,15.431817
2025-02-01 13:28:00,2025-02-01 13:28:00,Class A,621819094_0,55.590417,15.43855,Under way using engine,0.0,12.6,66.0,65.0,9332810,J2HC,KIWALA,Tanker,No additional information,42.0,244.0,GPS,8.0,PRIMORSK,03/02/2025 17:00:00,AIS,POINT (15.43855 55.590417),621819094_0,0 days 00:01:00,3.9765426605562836e-05,66.33825194636017,0.0,0,7.300413995229858,55.590417,15.43855
2025-02-01 13:29:00,2025-02-01 13:29:00,Class A,621819094_0,55.591833,15.444233,Under way using engine,0.0,12.6,65.0,65.0,9332810,J2HC,KIWALA,Tanker,No additional information,42.0,244.0,GPS,8.0,PRIMORSK,03/02/2025 17:00:00,AIS,POINT (15.444233 55.591833),621819094_0,0 days 00:01:00,-1.9963066509761513e-05,66.20379553121029,0.0,0,7.305580386574978,55.591833,15.444233
2025-02-01 13:30:00,2025-02-01 13:30:00,Class A,621819094_0,55.593267,15.4499,Under way using engine,0.0,12.6,65.0,65.0,9332810,J2HC,KIWALA,Tanker,No additional information,42.0,244.0,GPS,8.0,PRIMORSK,03/02/2025 17:00:00,AIS,POINT (15.4499 55.593267),621819094_0,0 days 00:01:00,-3.380691896476909e-08,65.87451682691437,0.0,0,7.310727921387035,55.593267,15.4499
2025-02-01 13:31:00,2025-02-01 13:31:00,Class A,621819094_0,55.594683,15.455567,Under way using engine,0.0,12.6,65.0,65.0,9332810,J2HC,KIWALA,Tanker,No additional information,42.0,244.0,GPS,8.0,PRIMORSK,03/02/2025 17:00:00,AIS,POINT (15.455567 55.594683),621819094_0,0 days 00:01:00,-2.2919970377510124e-07,66.14257334222697,0.0,0,7.315880876473113,55.594683,15.455567
2025-02-01 13:32:00,2025-02-01 13:32:00,Class A,621819094_0,55.596067,15.461133,Under way using engine,0.0,12.6,66.0,65.0,9332810,J2HC,KIWALA,Tanker,No additional information,42.0,244.0,GPS,8.0,PRIMORSK,03/02/2025 17:00:00,AIS,POINT (15.461133 55.596067),621819094_0,0 days 00:01:00,-2.0207520424793924e-06,66.2450026715266,0.0,0,7.320944639332346,55.596067,15.461133
2025-02-01 13:33:00,2025-02-01 13:33:00,Class A,621819094_0,55.597483,15.4669,Under way using engine,0.0,12.6,66.0,65.0,9332810,J2HC,KIWALA,Tanker,No additional information,42.0,244.0,GPS,8.0,PRIMORSK,03/02/2025 17:00:00,AIS,POINT (15.4669 55.597483),621819094_0,0 days 00:01:00,3.6186455900680315e-06,66.50955281117069,0.0,0,7.326196663016085,55.597483,15.4669
2025-02-01 13:34:00,2025-02-01 13:34:00,Class A,621819094_0,55.598867,15.47255,Under way using engine,0.0,12.6,66.0,65.0,9332810,J2HC,KIWALA,Tanker,No additional information,42.0,244.0,GPS,8.0,PRIMORSK,03/02/2025 17:00:00,AIS,POINT (15.47255 55.598867),621819094_0,0 days 00:01:00,-2.2766132363397027e-06,66.55827690523142,0.0,0,7.3313439414644845,55.598867,15.47255
2025-02-01 13:35:00,2025-02-01 13:35:00,Class A,621819094_0,55.600233,15.478133,Under way using engine,0.0,12.6,66.0,65.0,9332810,J2HC,KIWALA,Tanker,No additional information,42.0,244.0,GPS,8.0,PRIMORSK,03/02/2025 17:00:00,AIS,POINT (15.478133 55.600233),621819094_0,0 days 00:01:00,-1.3009282305298954e-06,66.58185660132051,0.0,0,7.336431547974055,55.600233,15.478133
2025-02-01 13:40:00,2025-02-01 13:40:00,Class A,621819094_0,55.60735,15.506567,Under way using engine,0.0,12.6,65.0,65.0,9332810,J2HC,KIWALA,Tanker,No additional information,42.0,244.0,GPS,8.0,PRIMORSK,03/02/2025 17:00:00,AIS,POINT (15.506567 55.60735),621819094_0,0 days 00:05:00,4.7331691286403404e-07,66.09130270400385,0.0,0,7.362319259661728,55.60735,15.506567
2025-02-01 13:41:00,2025-02-01 13:41:00,Class A,621819094_0,55.608767,15.512217,Under way using engine,0.0,12.6,65.0,65.0,9332810,J2HC,KIWALA,Tanker,No additional information,42.0,244.0,GPS,8.0,PRIMORSK,03/02/2025 17:00:00,AIS,POINT (15.512217 55.608767),621819094_0,0 days 00:01:00,-6.790874418573292e-07,66.05622415728448,0.0,0,7.367465679669298,55.608767,15.512217
2025-02-01 13:42:00,2025-02-01 13:42:00,Class A,621819094_0,55.610167,15.517783,Under way using engine,0.0,12.6,65.0,65.0,9332810,J2HC,KIWALA,Tanker,No additional information,42.0,244.0,GPS,8.0,PRIMORSK,03/02/2025 17:00:00,AIS,POINT (15.517783 55.610167),621819094_0,0 days 00:01:00,-1.560573556857363e-06,65.99361329547509,0.0,0,7.372535602394132,55.610167,15.517783
2025-02-01 13:43:00,2025-02-01 13:43:00,Class A,621819094_0,55.611633,15.523517,Under way using engine,1.1,12.6,65.0,65.0,9332810,J2HC,KIWALA,Tanker,No additional information,42.0,244.0,GPS,8.0,PRIMORSK,03/02/2025 17:00:00,AIS,POINT (15.523517 55.611633),621819094_0,0 days 00:01:00,3.515127905138e-06,65.64318582265133,0.0,0,7.377753914305154,55.611633,15.523517
2025-02-01 13:44:00,2025-02-01 13:44:00,Class A,621819094_0,55.613067,15.52915,Under way using engine,0.0,12.6,65.0,65.0,9332810,J2HC,KIWALA,Tanker,No additional information,42.0,244.0,GPS,8.0,PRIMORSK,03/02/2025 17:00:00,AIS,POINT (15.52915 55.613067),621819094_0,0 days 00:01:00,-2.021820516765538e-06,65.73483132593833,0.0,0,7.382882809258724,55.613067,15.52915
2025-02-01 13:57:00,2025-02-01 13:57:00,Class A,621819094_0,55.626417,15.605683,Under way using engine,-1.1,12.7,77.0,75.0,9332810,J2HC,KIWALA,Tanker,No additional information,42.0,244.0,GPS,8.0,PRIMORSK,03/02/2025 17:00:00,AIS,POINT (15.605683 55.626417),621819094_0,0 days 00:13:00,-2.316283035210212e-08,72.80212400728874,0.0,0,7.454099557563544,55.626417,15.605683
2025-02-01 14:04:00,2025-02-01 14:04:00,Class A,621819094_0,55.6321,15.648633,Under way using engine,0.0,12.8,76.0,75.0,9332810,J2HC,KIWALA,Tanker,No additional information,42.0,244.0,GPS,8.0,PRIMORSK,03/02/2025 17:00:00,AIS,POINT (15.648633 55.6321),621819094_0,0 days 00:07:00,3.48187741344276e-07,76.79154152602052,0.0,0,7.494542031321861,55.6321,15.648633
2025-02-01 14:05:00,2025-02-01 14:05:00,Class A,621819094_0,55.632917,15.65475,Under way using engine,0.0,12.8,76.0,75.0,9332810,J2HC,KIWALA,Tanker,No additional information,42.0,244.0,GPS,8.0,PRIMORSK,03/02/2025 17:00:00,AIS,POINT (15.65475 55.632917),621819094_0,0 days 00:01:00,-2.9099321910572873e-07,76.68590694962927,0.0,0,7.500302758325693,55.632917,15.65475
2025-02-01 14:06:00,2025-02-01 14:06:00,Class A,621819094_0,55.6337,15.660883,Under way using engine,0.0,12.8,76.0,75.0,9332810,J2HC,KIWALA,Tanker,No additional information,42.0,244.0,GPS,8.0,PRIMORSK,03/02/2025 17:00:00,AIS,POINT (15.660883 55.6337),621819094_0,0 days 00:01:00,3.4070633606834295e-08,77.25330466052986,0.0,0,7.506087574312599,55.6337,15.660883
2025-02-01 14:07:00,2025-02-01 14:07:00,Class A,621819094_0,55.634517,15.66705,Under way using engine,0.0,12.8,76.0,75.0,9332810,J2HC,KIWALA,Tanker,No additional information,42.0,244.0,GPS,8.0,PRIMORSK,03/02/2025 17:00:00,AIS,POINT (15.66705 55.634517),621819094_0,0 days 00:01:00,8.131973909972541e-07,76.78949427826342,0.0,0,7.511898241732777,55.634517,15.66705
2025-02-01 14:08:00,2025-02-01 14:08:00,Class A,621819094_0,55.635317,15.67325,Under way using engine,0.0,12.8,77.0,75.0,9332810,J2HC,KIWALA,Tanker,No additional information,42.0,244.0,GPS,8.0,PRIMORSK,03/02/2025 17:00:00,AIS,POINT (15.67325 55.635317),621819094_0,0 days 00:01:00,4.419184102932994e-07,77.12129147714103,0.0,0,7.517745599456528,55.635317,15.67325
2025-02-01 14:09:00,2025-02-01 14:09:00,Class A,621819094_0,55.636117,15.679367,Under way using engine,0.0,12.8,77.0,75.0,9332810,J2HC,KIWALA,Tanker,No additional information,42.0,244.0,GPS,8.0,PRIMORSK,03/02/2025 17:00:00,AIS,POINT (15.679367 55.636117),621819094_0,0 days 00:01:00,-1.4173176133473106e-06,76.95229285958573,0.0,0,7.523512844689307,55.636117,15.679367
2025-02-01 14:10:00,2025-02-01 14:10:00,Class A,621819094_0,55.636867,15.685433,Under way using engine,0.0,12.8,77.0,75.0,9332810,J2HC,KIWALA,Tanker,No additional information,42.0,244.0,GPS,8.0,PRIMORSK,03/02/2025 17:00:00,AIS,POINT (15.685433 55.636867),621819094_0,0 days 00:01:00,-1.2117870213591003e-06,77.64209557645927,0.0,0,7.529242616782181,55.636867,15.685433
2025-02-01 14:11:00,2025-02-01 14:11:00,Class A,621819094_0,55.637667,15.691683,Under way using engine,0.0,12.8,77.0,75.0,9332810,J2HC,KIWALA,Tanker,No additional information,42.0,244.0,GPS,8.0,PRIMORSK,03/02/2025 17:00:00,AIS,POINT (15.691683 55.637667),621819094_0,0 days 00:01:00,3.475705165111682e-06,77.22014481373981,0.0,0,7.535140548892834,55.637667,15.691683
2025-02-01 14:12:00,2025-02-01 14:12:00,Class A,621819094_0,55.638433,15.697617,Under way using engine,0.0,12.8,77.0,75.0,9332810,J2HC,KIWALA,Tanker,No additional information,42.0,244.0,GPS,8.0,PRIMORSK,03/02/2025 17:00:00,AIS,POINT (15.697617 55.638433),621819094_0,0 days 00:01:00,-5.625478987843314e-06,77.11516157134605,0.0,0,7.540739403178245,55.638433,15.697617
2025-02-01 14:13:00,2025-02-01 14:13:00,Class A,621819094_0,55.639233,15.703983,Under way using engine,0.0,12.8,76.0,74.0,9332810,J2HC,KIWALA,Tanker,No additional information,42.0,244.0,GPS,8.0,PRIMORSK,03/02/2025 17:00:00,AIS,POINT (15.703983 55.639233),621819094_0,0 days 00:01:00,7.601204094938944e-06,77.44499300774328,0.0,0,7.54675151002794,55.639233,15.703983
2025-02-01 14:14:00,2025-02-01 14:14:00,Class A,621819094_0,55.64005,15.710017,Under way using engine,0.0,12.8,76.0,74.0,9332810,J2HC,KIWALA,Tanker,No additional information,42.0,244.0,GPS,8.0,PRIMORSK,03/02/2025 17:00:00,AIS,POINT (15.710017 55.64005),621819094_0,0 days 00:01:00,-5.542908135774873e-06,76.50711659745696,0.0,0,7.552437225345604,55.64005,15.710017
2025-02-01 14:15:00,2025-02-01 14:15:00,Class A,621819094_0,55.640867,15.716167,Under way using engine,0.0,12.8,76.0,74.0,9332810,J2HC,KIWALA,Tanker,No additional information,42.0,244.0,GPS,8.0,PRIMORSK,03/02/2025 17:00:00,AIS,POINT (15.716167 55.640867),621819094_0,0 days 00:01:00,1.972176189261182e-06,76.75220507947074,0.0,0,7.558236487706971,55.640867,15.716167
2025-02-01 14:33:02,2025-02-01 14:33:02,Class A,621819094_0,55.656567,15.825883,Under way using engine,0.0,12.7,76.0,75.0,9332810,J2HC,KIWALA,Tanker,No additional information,42.0,244.0,GPS,8.0,PRIMORSK,03/02/2025 17:00:00,AIS,POINT (15.825883 55.656567),621819094_0,0 days 00:18:02,-4.155044863323344e-08,75.72459341853897,0.0,0,7.661550085274453,55.656567,15.825883
2025-02-01 14:41:00,2025-02-01 14:41:00,Class A,621819094_0,55.66305,15.8747,Under way using engine,0.0,12.7,77.0,75.0,9332810,J2HC,KIWALA,Tanker,No additional information,42.0,244.0,GPS,8.0,PRIMORSK,03/02/2025 17:00:00,AIS,POINT (15.8747 55.66305),621819094_0,0 days 00:07:58,3.697018521466607e-08,76.73245373590686,0.0,0,7.70769693468996,55.66305,15.8747
2025-02-01 14:42:00,2025-02-01 14:42:00,Class A,621819094_0,55.663833,15.8807,Under way using engine,0.0,12.7,77.0,75.0,9332810,J2HC,KIWALA,Tanker,No additional information,42.0,244.0,GPS,8.0,PRIMORSK,03/02/2025 17:00:00,AIS,POINT (15.8807 55.663833),621819094_0,0 days 00:01:00,-2.3989638638101905e-06,76.9707066194863,0.0,0,7.713374454056279,55.663833,15.8807
2025-02-01 14:43:00,2025-02-01 14:43:00,Class A,621819094_0,55.6646,15.8868,Under way using engine,0.0,12.7,77.0,74.0,9332810,J2HC,KIWALA,Tanker,No additional information,42.0,244.0,GPS,8.0,PRIMORSK,03/02/2025 17:00:00,AIS,POINT (15.8868 55.6646),621819094_0,0 days 00:01:00,1.5934997551739564e-06,77.43043678363193,0.0,0,7.719153603370579,55.6646,15.8868
2025-02-01 14:44:00,2025-02-01 14:44:00,Class A,621819094_0,55.6654,15.892883,Under way using engine,0.0,12.7,76.0,74.0,9332810,J2HC,KIWALA,Tanker,No additional information,42.0,244.0,GPS,8.0,PRIMORSK,03/02/2025 17:00:00,AIS,POINT (15.892883 55.6654),621819094_0,0 days 00:01:00,-6.540014654553226e-08,76.87243355957833,0.0,0,7.7249094542428125,55.6654,15.892883
2025-02-01 14:45:00,2025-02-01 14:45:00,Class A,621819094_0,55.66625,15.898917,Under way using engine,0.0,12.7,76.0,74.0,9332810,J2HC,KIWALA,Tanker,No additional information,42.0,244.0,GPS,8.0,PRIMORSK,03/02/2025 17:00:00,AIS,POINT (15.898917 55.66625),621819094_0,0 days 00:01:00,-4.7271355905556536e-07,75.97429366487188,0.0,0,7.730607067299826,55.66625,15.898917
2025-02-01 14:46:00,2025-02-01 14:46:00,Class A,621819094_0,55.667117,15.905083,Under way using engine,0.0,12.7,75.0,74.0,9332810,J2HC,KIWALA,Tanker,No additional information,42.0,244.0,GPS,8.0,PRIMORSK,03/02/2025 17:00:00,AIS,POINT (15.905083 55.667117),621819094_0,0 days 00:01:00,2.363812334505785e-06,75.99867575809299,0.0,0,7.736430296258669,55.667117,15.905083
2025-02-01 14:47:00,2025-02-01 14:47:00,Class A,621819094_0,55.66795,15.911033,Under way using engine,0.0,12.7,75.0,74.0,9332810,J2HC,KIWALA,Tanker,No additional information,42.0,244.0,GPS,8.0,PRIMORSK,03/02/2025 17:00:00,AIS,POINT (15.911033 55.66795),621819094_0,0 days 00:01:00,-3.920023807267899e-06,76.05681116817664,0.0,0,7.74205092635343,55.66795,15.911033
2025-02-01 14:48:00,2025-02-01 14:48:00,Class A,621819094_0,55.668783,15.9171,Under way using engine,0.0,12.7,75.0,74.0,9332810,J2HC,KIWALA,Tanker,No additional information,42.0,244.0,GPS,8.0,PRIMORSK,03/02/2025 17:00:00,AIS,POINT (15.9171 55.668783),621819094_0,0 days 00:01:00,1.98406533769246e-06,76.31512699486245,0.0,0,7.74778627794985,55.668783,15.9171
2025-02-01 15:09:00,2025-02-01 15:09:00,Class A,621819094_0,55.6861,16.044517,Under way using engine,0.0,12.7,76.0,74.0,9332810,J2HC,KIWALA,Tanker,No additional information,42.0,244.0,GPS,8.0,PRIMORSK,03/02/2025 17:00:00,AIS,POINT (16.044517 55.6861),621819094_0,0 days 00:21:00,-3.6511835316691847e-09,76.39557996371104,0.0,0,7.868411409921698,55.6861,16.044517
2025-02-01 15:10:00,2025-02-01 15:10:00,Class A,621819094_0,55.686917,16.050617,Under way using engine,0.0,12.7,76.0,74.0,9332810,J2HC,KIWALA,Tanker,No additional information,42.0,244.0,GPS,8.0,PRIMORSK,03/02/2025 17:00:00,AIS,POINT (16.050617 55.686917),621819094_0,0 days 00:01:00,4.7413630757621103e-07,76.63237546856078,0.0,0,7.874195151150687,55.686917,16.050617
2025-02-01 15:11:00,2025-02-01 15:11:00,Class A,621819094_0,55.687717,16.056717,Under way using engine,0.0,12.7,76.0,74.0,9332810,J2HC,KIWALA,Tanker,No additional information,42.0,244.0,GPS,8.0,PRIMORSK,03/02/2025 17:00:00,AIS,POINT (16.056717 55.687717),621819094_0,0 days 00:01:00,-1.222300588349292e-07,76.90053050835417,0.0,0,7.87998308623851,55.687717,16.056717
2025-02-01 15:15:00,2025-02-01 15:15:00,Class A,621819094_0,55.690983,16.080867,Under way using engine,0.0,12.7,76.0,74.0,9332810,J2HC,KIWALA,Tanker,No additional information,42.0,244.0,GPS,8.0,PRIMORSK,03/02/2025 17:00:00,AIS,POINT (16.080867 55.690983),621819094_0,0 days 00:04:00,-2.3775549452198984e-07,76.49861873826796,0.0,0,7.9028820137304985,55.690983,16.080867
2025-02-01 15:19:00,2025-02-01 15:19:00,Class A,621819094_0,55.694417,16.105317,Under way using engine,0.0,12.7,75.0,73.0,9332810,J2HC,KIWALA,Tanker,No additional information,42.0,244.0,GPS,8.0,PRIMORSK,03/02/2025 17:00:00,AIS,POINT (16.105317 55.694417),621819094_0,0 days 00:04:00,3.929971717793858e-07,75.99747905690293,0.0,0,7.9260473747641065,55.694417,16.105317
2025-02-01 15:20:00,2025-02-01 15:20:00,Class A,621819094_0,55.695283,16.111233,Under way using engine,0.0,12.6,75.0,73.0,9332810,J2HC,KIWALA,Tanker,No additional information,42.0,244.0,GPS,8.0,PRIMORSK,03/02/2025 17:00:00,AIS,POINT (16.111233 55.695283),621819094_0,0 days 00:01:00,-3.2754602882103617e-06,75.43794733775172,0.0,0,7.931646504693018,55.695283,16.111233
2025-02-01 15:21:00,2025-02-01 15:21:00,Class A,621819094_0,55.6962,16.117217,Under way using engine,0.0,12.6,75.0,73.0,9332810,J2HC,KIWALA,Tanker,No additional information,42.0,244.0,GPS,8.0,PRIMORSK,03/02/2025 17:00:00,AIS,POINT (16.117217 55.6962),621819094_0,0 days 00:01:00,1.550196834901116e-06,74.78629519716327,0.0,0,7.937301893426129,55.6962,16.117217
2025-02-01 15:22:00,2025-02-01 15:22:00,Class A,621819094_0,55.697067,16.123217,Under way using engine,0.0,12.6,75.0,73.0,9332810,J2HC,KIWALA,Tanker,No additional information,42.0,244.0,GPS,8.0,PRIMORSK,03/02/2025 17:00:00,AIS,POINT (16.123217 55.697067),621819094_0,0 days 00:01:00,-1.2617623681789442e-07,75.61672861135281,0.0,0,7.942984049354815,55.697067,16.123217
2025-02-01 15:23:00,2025-02-01 15:23:00,Class A,621819094_0,55.697967,16.129217,Under way using engine,0.0,12.6,75.0,73.0,9332810,J2HC,KIWALA,Tanker,No additional information,42.0,244.0,GPS,8.0,PRIMORSK,03/02/2025 17:00:00,AIS,POINT (16.129217 55.697967),621819094_0,0 days 00:01:00,2.551935398433855e-07,75.09298479312065,0.0,0,7.948659819611417,55.697967,16.129217
2025-02-01 15:24:00,2025-02-01 15:24:00,Class A,621819094_0,55.698867,16.135317,Under way using engine,0.0,12.6,75.0,73.0,9332810,J2HC,KIWALA,Tanker,No additional information,42.0,244.0,GPS,8.0,PRIMORSK,03/02/2025 17:00:00,AIS,POINT (16.135317 55.698867),621819094_0,0 days 00:01:00,1.6866636022771996e-06,75.32633457477465,0.0,0,7.9544339321729876,55.698867,16.135317
2025-02-01 15:52:00,2025-02-01 15:52:00,Class A,621819094_0,55.723333,16.301717,Under way using engine,0.0,12.4,76.0,75.0,9332810,J2HC,KIWALA,Tanker,No additional information,42.0,244.0,GPS,8.0,PRIMORSK,03/02/2025 17:00:00,AIS,POINT (16.301717 55.723333),621819094_0,0 days 00:28:00,-1.0332017776072991e-07,75.30409124369106,0.0,0,8.112183882706617,55.723333,16.301717
2025-02-01 16:21:00,2025-02-01 16:21:00,Class A,621819094_0,55.746067,16.471,Under way using engine,0.0,12.5,76.0,75.0,9332810,J2HC,KIWALA,Tanker,No additional information,42.0,244.0,GPS,8.0,PRIMORSK,03/02/2025 17:00:00,AIS,POINT (16.471 55.746067),621819094_0,0 days 00:29:00,-8.687238842191982e-08,76.51424744062183,0.0,0,8.27351224221902,55.746067,16.471
2025-02-01 16:23:00,2025-02-01 16:23:00,Class A,621819094_0,55.7482,16.487067,Under way using engine,0.0,12.5,76.0,75.0,9332810,J2HC,KIWALA,Tanker,No additional information,42.0,244.0,GPS,8.0,PRIMORSK,03/02/2025 17:00:00,AIS,POINT (16.487067 55.7482),621819094_0,0 days 00:02:00,1.9630888284726028e-05,76.72176931435894,0.0,0,8.288848819600101,55.7482,16.487067
2025-02-01 16:24:00,2025-02-01 16:24:00,Class A,621819094_0,55.748967,16.492733,Under way using engine,0.0,12.6,76.0,75.0,9332810,J2HC,KIWALA,Tanker,No additional information,42.0,244.0,GPS,8.0,PRIMORSK,03/02/2025 17:00:00,AIS,POINT (16.492733 55.748967),621819094_0,0 days 00:01:00,-4.232562735747033e-05,76.47393904015024,0.0,0,8.294255132546201,55.748967,16.492733
2025-02-01 16:25:00,2025-02-01 16:25:00,Class A,621819094_0,55.749817,16.499083,Under way using engine,0.0,12.5,76.0,75.0,9332810,J2HC,KIWALA,Tanker,No additional information,42.0,244.0,GPS,8.0,PRIMORSK,03/02/2025 17:00:00,AIS,POINT (16.499083 55.749817),621819094_0,0 days 00:01:00,1.219920069192038e-05,76.61884751491857,0.0,0,8.300316465874598,55.749817,16.499083
