t,TS,Type of mobile,MMSI,Latitude,Longitude,Navigational status,ROT,SOG,COG,Heading,IMO,Callsign,Name,Ship type,Cargo type,Width,Length,Type of position fixing device,Draught,Destination,ETA,Data source type,geometry,traj_id,timedelta,acceleration,direction,oft_minutes60,oft_dummy60,haus_dist_a,lat,lon
2025-02-03 20:18:02,2025-02-03 20:18:02,Class A,626226000_1,55.687372,15.601518,Under way using engine,-1.6,11.9,252.0,250.0,Unknown,Unknown,KIRA K,Undefined,No additional information,44.0,249.0,Undefined,8.2,Unknown,04/02/2025 10:00:00,AIS,POINT (15.601518 55.687372),626226000_1,0,0.0,250.41012531912702,0.0,0,7.4360097025682395,55.687372,15.601518
2025-02-03 20:20:02,2025-02-03 20:20:02,Class A,626226000_1,55.68516,15.590495,Under way using engine,-2.9,11.9,249.4,248.0,Unknown,Unknown,BORIS SOKOLOV,Undefined,No additional information,34.0,214.0,Undefined,12.0,Unknown,05/02/2025 05:00:00,AIS,POINT (15.590495 55.68516),626226000_1,0 days 00:02:00,0.0,250.41012531912702,0.0,0,7.4257754764895765,55.68516,15.590495
2025-02-03 20:32:02,2025-02-03 20:32:02,Class A,626226000_1,55.66963,15.52582,Under way using engine,1.1,11.9,246.6,246.0,Unknown,Unknown,BORIS SOKOLOV,Undefined,No additional information,34.0,214.0,Undefined,12.0,Unknown,05/02/2025 05:00:00,AIS,POINT (15.52582 55.66963),626226000_1,0 days 00:12:00,1.2341334049090676e-08,246.95934669002142,0.0,0,7.366376703543541,55.66963,15.52582
2025-02-03 20:35:02,2025-02-03 20:35:02,Class A,626226000_1,55.665595,15.509752,Under way using engine,-0.7,11.9,244.0,243.0,Unknown,Unknown,MAIN,Undefined,No additional information,42.0,246.0,Undefined,14.2,Unknown,15/02/2025 14:30:00,AIS,POINT (15.509752 55.665595),626226000_1,0 days 00:03:00,3.6587092624831765e-08,246.00541275187618,0.0,0,7.351679433198648,55.665595,15.509752
2025-02-03 20:36:02,2025-02-03 20:36:02,Class A,626226000_1,55.664152,15.504497,Under way using engine,-0.7,11.8,243.9,242.0,Unknown,Unknown,KIRA K,Undefined,No additional information,44.0,249.0,Undefined,8.2,Unknown,04/02/2025 10:00:00,AIS,POINT (15.504497 55.664152),626226000_1,0 days 00:01:00,-3.1748723900449267e-07,244.04332640041397,0.0,0,7.346903118430922,55.664152,15.504497
2025-02-03 20:37:02,2025-02-03 20:37:02,Class A,626226000_1,55.662672,15.499292,Under way using engine,-2.9,11.8,242.5,240.0,Unknown,Unknown,KIRA K,Undefined,No additional information,44.0,249.0,Undefined,8.2,Unknown,04/02/2025 10:00:00,AIS,POINT (15.499292 55.662672),626226000_1,0 days 00:01:00,-2.733719791409335e-07,243.2492632375042,0.0,0,7.342184979100227,55.662672,15.499292
2025-02-03 20:39:02,2025-02-03 20:39:02,Class A,626226000_1,55.659412,15.489253,Under way using engine,-8.7,11.7,237.4,234.0,Unknown,Unknown,MAIN,Undefined,No additional information,42.0,246.0,Undefined,14.2,Unknown,15/02/2025 14:30:00,AIS,POINT (15.489253 55.659412),626226000_1,0 days 00:02:00,-3.262996630064687e-07,240.07600338522687,0.0,0,7.333182354426622,55.659412,15.489253
2025-02-03 20:40:02,2025-02-03 20:40:02,Class A,626226000_1,55.65758,15.484512,Under way using engine,-6.4,11.6,233.4,230.0,Unknown,Unknown,MAIN,Undefined,No additional information,42.0,246.0,Undefined,14.2,Unknown,15/02/2025 14:30:00,AIS,POINT (15.484512 55.65758),626226000_1,0 days 00:01:00,-7.989559279406843e-07,235.591421259475,0.0,0,7.329000608078908,55.65758,15.484512
2025-02-03 20:41:02,2025-02-03 20:41:02,Class A,626226000_1,55.65554,15.480107,Under way using engine,-7.5,11.6,227.6,224.0,Unknown,Unknown,MAIN,Undefined,No additional information,42.0,246.0,Undefined,14.2,Unknown,15/02/2025 14:30:00,AIS,POINT (15.480107 55.65554),626226000_1,0 days 00:01:00,-8.426449530648128e-07,230.61939438599467,0.0,0,7.32519537346998,55.65554,15.480107
2025-02-03 20:42:02,2025-02-03 20:42:02,Class A,626226000_1,55.653288,15.476092,Under way using engine,-2.9,11.4,222.7,220.0,Unknown,Unknown,MAIN,Undefined,No additional information,42.0,246.0,Undefined,14.2,Unknown,15/02/2025 14:30:00,AIS,POINT (15.476092 55.653288),626226000_1,0 days 00:01:00,-6.706498000985343e-07,225.16902513030547,0.0,0,7.321820235960795,55.653288,15.476092
2025-02-03 20:43:02,2025-02-03 20:43:02,Class A,626226000_1,55.650828,15.472357,Under way using engine,0.0,11.5,219.5,219.0,Unknown,Unknown,MAIN,Undefined,No additional information,42.0,246.0,Undefined,14.2,Unknown,15/02/2025 14:30:00,AIS,POINT (15.472357 55.650828),626226000_1,0 days 00:01:00,1.378028340369286e-06,220.5864438647356,0.0,0,7.318767486811562,55.650828,15.472357
2025-02-03 20:44:02,2025-02-03 20:44:02,Class A,626226000_1,55.648352,15.46877,Under way using engine,2.2,11.5,219.6,220.0,9319703,TRAM2,GREAT JACOMBO,Tanker,No additional information,42.0,244.0,Combined GPS/GLONASS,15.0,EG_SUEZ,18/02/2025 18:00:00,AIS,POINT (15.46877 55.648352),626226000_1,0 days 00:01:00,-1.2814618632064437e-06,219.2653188730119,0.0,0,7.315863802941727,55.648352,15.46877
2025-02-03 20:45:02,2025-02-03 20:45:02,Class A,626226000_1,55.645905,15.465082,Under way using engine,-0.2,11.6,221.2,221.0,9319703,TRAM2,GREAT JACOMBO,Tanker,No additional information,42.0,244.0,Combined GPS/GLONASS,15.0,EG_SUEZ,18/02/2025 18:00:00,AIS,POINT (15.465082 55.645905),626226000_1,0 days 00:01:00,4.4692383549387963e-07,220.38161409704787,0.0,0,7.312856573046952,55.645905,15.465082
2025-02-03 20:46:02,2025-02-03 20:46:02,Class A,626226000_1,55.643493,15.461285,Under way using engine,-0.7,11.6,221.9,221.0,9319703,TRAM2,GREAT JACOMBO,Tanker,No additional information,42.0,244.0,Combined GPS/GLONASS,15.0,EG_SUEZ,18/02/2025 18:00:00,AIS,POINT (15.461285 55.643493),626226000_1,0 days 00:01:00,4.3864539569032047e-07,221.61831475034123,0.0,0,7.30973660152081,55.643493,15.461285
2025-02-03 20:47:02,2025-02-03 20:47:02,Class A,626226000_1,55.64109,15.457445,Under way using engine,-0.7,11.6,222.0,221.0,9319703,TRAM2,GREAT JACOMBO,Tanker,0,42.0,244.0,Combined GPS/GLONASS,15.0,EG_SUEZ,18/02/2025 18:00:00,AIS,POINT (15.457445 55.64109),626226000_1,0 days 00:01:00,2.977156589193796e-07,222.04715376950347,0.0,0,7.3065741589498705,55.64109,15.457445
2025-02-03 20:48:02,2025-02-03 20:48:02,Class A,626226000_1,55.63866,15.45364,Under way using engine,0.4,11.7,221.2,220.0,9319703,TRAM2,GREAT JACOMBO,Tanker,No additional information,42.0,244.0,Combined GPS/GLONASS,15.0,EG_SUEZ,18/02/2025 18:00:00,AIS,POINT (15.45364 55.63866),626226000_1,0 days 00:01:00,2.1683223134814794e-07,221.4702303862986,0.0,0,7.303453562965195,55.63866,15.45364
2025-02-03 20:49:02,2025-02-03 20:49:02,Class A,626226000_1,55.636195,15.449895,Under way using engine,2.2,11.7,220.2,220.0,9319703,TRAM2,GREAT JACOMBO,Tanker,No additional information,42.0,244.0,Combined GPS/GLONASS,15.0,EG_SUEZ,18/02/2025 18:00:00,AIS,POINT (15.449895 55.636195),626226000_1,0 days 00:01:00,1.2835494944267386e-07,220.6152366107299,0.0,0,7.300401024492353,55.636195,15.449895
2025-02-03 20:50:02,2025-02-03 20:50:02,Class A,626226000_1,55.633728,15.446137,Under way using engine,0.2,11.7,221.0,221.0,9319703,TRAM2,GREAT JACOMBO,Tanker,No additional information,42.0,244.0,Combined GPS/GLONASS,15.0,EG_SUEZ,18/02/2025 18:00:00,AIS,POINT (15.446137 55.633728),626226000_1,0 days 00:01:00,1.9788751881198834e-07,220.69218910614535,0.0,0,7.297337813877744,55.633728,15.446137
2025-02-03 20:51:02,2025-02-03 20:51:02,Class A,626226000_1,55.631278,15.442335,Under way using engine,0.4,11.7,221.3,221.0,9319703,TRAM2,GREAT JACOMBO,Tanker,No additional information,42.0,244.0,Combined GPS/GLONASS,15.0,EG_SUEZ,18/02/2025 18:00:00,AIS,POINT (15.442335 55.631278),626226000_1,0 days 00:01:00,1.1117545957050415e-07,221.22025425565536,0.0,0,7.294229302242835,55.631278,15.442335
2025-02-03 20:52:02,2025-02-03 20:52:02,Class A,626226000_1,55.628843,15.4385,Under way using engine,-2.9,11.7,221.5,220.0,9319703,TRAM2,GREAT JACOMBO,Tanker,0,42.0,244.0,Combined GPS/GLONASS,15.0,EG_SUEZ,18/02/2025 18:00:00,AIS,POINT (15.4385 55.628843),626226000_1,0 days 00:01:00,3.7747248498752256e-08,221.6422658564898,0.0,0,7.291086642562135,55.628843,15.4385
2025-02-03 20:53:02,2025-02-03 20:53:02,Class A,626226000_1,55.626393,15.434695,Under way using engine,-1.1,11.7,221.0,220.0,9319703,TRAM2,GREAT JACOMBO,Tanker,No additional information,42.0,244.0,Combined GPS/GLONASS,15.0,EG_SUEZ,18/02/2025 18:00:00,AIS,POINT (15.434695 55.626393),626226000_1,0 days 00:01:00,2.3078892271514068e-09,221.24619648868878,0.0,0,7.287978178168002,55.626393,15.434695
2025-02-03 20:54:02,2025-02-03 20:54:02,Class A,626226000_1,55.623933,15.430908,Under way using engine,-0.7,11.7,220.9,220.0,9319703,TRAM2,GREAT JACOMBO,Tanker,No additional information,42.0,244.0,Combined GPS/GLONASS,15.0,EG_SUEZ,18/02/2025 18:00:00,AIS,POINT (15.430908 55.623933),626226000_1,0 days 00:01:00,2.8083983790111804e-08,220.99774408455733,0.0,0,7.284891071950494,55.623933,15.430908
2025-02-03 20:55:02,2025-02-03 20:55:02,Class A,626226000_1,55.621473,15.427117,Under way using engine,3.6,11.7,221.1,220.0,9319703,TRAM2,GREAT JACOMBO,Tanker,No additional information,42.0,244.0,Combined GPS/GLONASS,15.0,EG_SUEZ,18/02/2025 18:00:00,AIS,POINT (15.427117 55.621473),626226000_1,0 days 00:01:00,4.869445080493811e-08,221.02947694007844,0.0,0,7.281801574712469,55.621473,15.427117
2025-02-03 20:56:02,2025-02-03 20:56:02,Class A,626226000_1,55.619015,15.423322,Under way using engine,2.2,11.7,220.9,220.0,9319703,TRAM2,GREAT JACOMBO,Tanker,0,42.0,244.0,Combined GPS/GLONASS,15.0,EG_SUEZ,18/02/2025 18:00:00,AIS,POINT (15.423322 55.619015),626226000_1,0 days 00:01:00,2.1428202780892035e-09,221.08426388494698,0.0,0,7.278709208161569,55.619015,15.423322
2025-02-03 20:57:02,2025-02-03 20:57:02,Class A,626226000_1,55.616553,15.419535,Under way using engine,-2.2,11.8,220.8,220.0,9319703,TRAM2,GREAT JACOMBO,Tanker,0,42.0,244.0,Combined GPS/GLONASS,15.0,EG_SUEZ,18/02/2025 18:00:00,AIS,POINT (15.419535 55.616553),626226000_1,0 days 00:01:00,3.914901552922711e-09,220.98003035183405,0.0,0,7.275627065743061,55.616553,15.419535
2025-02-03 20:58:02,2025-02-03 20:58:02,Class A,626226000_1,55.61409,15.415752,Under way using engine,-0.4,11.7,221.2,221.0,9319703,TRAM2,GREAT JACOMBO,Tanker,No additional information,42.0,244.0,Combined GPS/GLONASS,15.0,EG_SUEZ,18/02/2025 18:00:00,AIS,POINT (15.415752 55.61409),626226000_1,0 days 00:01:00,-1.9913530065774714e-08,220.9403175734752,0.0,0,7.2725505456573485,55.61409,15.415752
2025-02-03 20:59:02,2025-02-03 20:59:02,Class A,626226000_1,55.611647,15.411935,Under way using engine,0.0,11.7,221.8,221.0,9319703,TRAM2,GREAT JACOMBO,Tanker,No additional information,42.0,244.0,Combined GPS/GLONASS,15.0,EG_SUEZ,18/02/2025 18:00:00,AIS,POINT (15.411935 55.611647),626226000_1,0 days 00:01:00,-7.002574527398622e-08,221.4276589647771,0.0,0,7.269437696509477,55.611647,15.411935
2025-02-03 21:00:02,2025-02-03 21:00:02,Class A,626226000_1,55.609258,15.408163,Under way using engine,-4.5,11.7,221.6,220.0,9319703,TRAM2,GREAT JACOMBO,Tanker,No additional information,42.0,244.0,Combined GPS/GLONASS,15.0,EG_SUEZ,18/02/2025 18:00:00,AIS,POINT (15.408163 55.609258),626226000_1,0 days 00:01:00,-1.7687979144975918e-06,221.7278355886938,0.0,0,7.266356901751662,55.609258,15.408163
2025-02-03 21:01:02,2025-02-03 21:01:02,Class A,626226000_1,55.606817,15.404363,Under way using engine,-0.2,11.7,221.2,220.0,9319703,TRAM2,GREAT JACOMBO,Tanker,0,42.0,244.0,Combined GPS/GLONASS,15.0,EG_SUEZ,18/02/2025 18:00:00,AIS,POINT (15.404363 55.606817),626226000_1,0 days 00:01:00,1.5308629784932294e-06,221.3275740098609,0.0,0,7.26326301641824,55.606817,15.404363
2025-02-03 21:02:02,2025-02-03 21:02:02,Class A,626226000_1,55.604372,15.400577,Under way using engine,-0.2,11.7,221.1,220.0,9319703,TRAM2,GREAT JACOMBO,Tanker,0,42.0,244.0,Combined GPS/GLONASS,15.0,EG_SUEZ,18/02/2025 18:00:00,AIS,POINT (15.400577 55.604372),626226000_1,0 days 00:01:00,-6.618353294630431e-08,221.1779967233037,0.0,0,7.260185174837485,55.604372,15.400577
2025-02-03 21:03:02,2025-02-03 21:03:02,Class A,626226000_1,55.601928,15.39679,Under way using engine,0.0,11.7,221.4,220.0,9319703,TRAM2,GREAT JACOMBO,Tanker,No additional information,42.0,244.0,Combined GPS/GLONASS,15.0,EG_SUEZ,18/02/2025 18:00:00,AIS,POINT (15.39679 55.601928),626226000_1,0 days 00:01:00,-9.013762964831784e-09,221.19888118372506,0.0,0,7.257107613146782,55.601928,15.39679
2025-02-03 21:04:01,2025-02-03 21:04:01,Class A,626226000_1,55.599502,15.392973,Under way using engine,0.0,11.7,222.0,221.0,9319703,TRAM2,GREAT JACOMBO,Tanker,0,42.0,244.0,Combined GPS/GLONASS,15.0,EG_SUEZ,18/02/2025 18:00:00,AIS,POINT (15.392973 55.599502),626226000_1,0 days 00:00:59,1.6642847735350877e-06,221.63505215037424,0.0,0,7.2539980582595955,55.599502,15.392973
2025-02-03 21:05:01,2025-02-03 21:05:01,Class A,626226000_1,55.59709,15.389132,Under way using engine,-0.4,11.6,222.2,220.0,9319703,TRAM2,GREAT JACOMBO,Tanker,0,42.0,244.0,Combined GPS/GLONASS,15.0,EG_SUEZ,18/02/2025 18:00:00,AIS,POINT (15.389132 55.59709),626226000_1,0 days 00:01:00,-1.7422450013773942e-06,221.98003580836553,0.0,0,7.250863294710569,55.59709,15.389132
2025-02-03 21:06:01,2025-02-03 21:06:01,Class A,626226000_1,55.594662,15.385333,Under way using engine,0.0,11.6,221.5,220.0,9319703,TRAM2,GREAT JACOMBO,Tanker,0,42.0,244.0,Combined GPS/GLONASS,15.0,EG_SUEZ,18/02/2025 18:00:00,AIS,POINT (15.385333 55.594662),626226000_1,0 days 00:01:00,-1.1846427420175894e-07,221.480676897658,0.0,0,7.247774654297275,55.594662,15.385333
2025-02-03 21:07:01,2025-02-03 21:07:01,Class A,626226000_1,55.592238,15.381523,Under way using engine,-1.6,11.6,222.3,222.0,9319703,TRAM2,GREAT JACOMBO,Tanker,0,42.0,244.0,Combined GPS/GLONASS,15.0,EG_SUEZ,18/02/2025 18:00:00,AIS,POINT (15.381523 55.592238),626226000_1,0 days 00:01:00,3.811856454451606e-08,221.61155945623617,0.0,0,7.244675857504874,55.592238,15.381523
2025-02-03 21:08:01,2025-02-03 21:08:01,Class A,626226000_1,55.589863,15.377613,Under way using engine,5.4,11.7,223.6,223.0,9319703,TRAM2,GREAT JACOMBO,Tanker,0,42.0,244.0,Combined GPS/GLONASS,15.0,EG_SUEZ,18/02/2025 18:00:00,AIS,POINT (15.377613 55.589863),626226000_1,0 days 00:01:00,6.192693200341807e-08,222.93446049796944,0.0,0,7.2414695693131925,55.589863,15.377613
2025-02-03 21:09:01,2025-02-03 21:09:01,Class A,626226000_1,55.587528,15.373633,Under way using engine,0.0,11.7,224.3,223.0,9319703,TRAM2,GREAT JACOMBO,Tanker,No additional information,42.0,244.0,Combined GPS/GLONASS,15.0,EG_SUEZ,18/02/2025 18:00:00,AIS,POINT (15.373633 55.587528),626226000_1,0 days 00:01:00,-5.081544501066871e-08,223.9296034684122,0.0,0,7.238187053410129,55.587528,15.373633
2025-02-03 21:10:01,2025-02-03 21:10:01,Class A,626226000_1,55.585193,15.369657,Under way using engine,-1.6,11.6,223.7,222.0,9319703,TRAM2,GREAT JACOMBO,Tanker,No additional information,42.0,244.0,Combined GPS/GLONASS,15.0,EG_SUEZ,18/02/2025 18:00:00,AIS,POINT (15.369657 55.585193),626226000_1,0 days 00:01:00,-4.579580449380905e-08,223.9025191976445,0.0,0,7.234909867436152,55.585193,15.369657
2025-02-03 21:11:03,2025-02-03 21:11:03,Class A,626226000_1,55.582788,15.365687,Under way using engine,1.6,11.6,222.7,221.0,9319703,TRAM2,GREAT JACOMBO,Tanker,No additional information,42.0,244.0,Combined GPS/GLONASS,15.0,EG_SUEZ,18/02/2025 18:00:00,AIS,POINT (15.365687 55.582788),626226000_1,0 days 00:01:02,-1.7267401714466623e-06,223.01610256026567,0.0,0,7.231657262316156,55.582788,15.365687
2025-02-03 21:12:03,2025-02-03 21:12:03,Class A,626226000_1,55.580398,15.361827,Under way using engine,-0.4,11.7,222.6,222.0,9319703,TRAM2,GREAT JACOMBO,Tanker,No additional information,42.0,244.0,Combined GPS/GLONASS,15.0,EG_SUEZ,18/02/2025 18:00:00,AIS,POINT (15.361827 55.580398),626226000_1,0 days 00:01:00,1.6385102695219497e-06,222.3940850761423,0.0,0,7.228509027904025,55.580398,15.361827
2025-02-03 21:13:03,2025-02-03 21:13:03,Class A,626226000_1,55.57803,15.357925,Under way using engine,0.7,11.6,223.6,224.0,9319703,TRAM2,GREAT JACOMBO,Tanker,No additional information,42.0,244.0,Combined GPS/GLONASS,15.0,EG_SUEZ,18/02/2025 18:00:00,AIS,POINT (15.357925 55.57803),626226000_1,0 days 00:01:00,2.4516459330830206e-09,222.9688931031195,0.0,0,7.225316128250307,55.57803,15.357925
2025-02-03 21:14:03,2025-02-03 21:14:03,Class A,626226000_1,55.575728,15.353905,Under way using engine,3.6,11.6,225.7,225.0,9319703,TRAM2,GREAT JACOMBO,Tanker,No additional information,42.0,244.0,Combined GPS/GLONASS,15.0,EG_SUEZ,18/02/2025 18:00:00,AIS,POINT (15.353905 55.575728),626226000_1,0 days 00:01:00,-3.6424243890454884e-08,224.63224624304033,0.0,0,7.221993997226666,55.575728,15.353905
2025-02-03 21:16:03,2025-02-03 21:16:03,Class A,626226000_1,55.571203,15.345637,Under way using engine,-2.2,11.6,224.6,223.0,9319703,TRAM2,GREAT JACOMBO,Tanker,No additional information,42.0,244.0,Combined GPS/GLONASS,15.0,EG_SUEZ,18/02/2025 18:00:00,AIS,POINT (15.345637 55.571203),626226000_1,0 days 00:02:00,2.8328210701566646e-07,225.9332471397188,0.0,0,7.215113568948517,55.571203,15.345637
2025-02-03 21:17:03,2025-02-03 21:17:03,Class A,626226000_1,55.568883,15.341705,Under way using engine,-0.4,11.6,222.8,222.0,9319703,TRAM2,GREAT JACOMBO,Tanker,No additional information,42.0,244.0,Combined GPS/GLONASS,15.0,EG_SUEZ,18/02/2025 18:00:00,AIS,POINT (15.341705 55.568883),626226000_1,0 days 00:01:00,-1.2358045039808762e-06,223.78033792558546,0.0,0,7.211885472803418,55.568883,15.341705
2025-02-03 21:18:03,2025-02-03 21:18:03,Class A,626226000_1,55.566532,15.337833,Under way using engine,2.2,11.5,223.7,223.0,9319703,TRAM2,GREAT JACOMBO,Tanker,No additional information,42.0,244.0,Combined GPS/GLONASS,15.0,EG_SUEZ,18/02/2025 18:00:00,AIS,POINT (15.337833 55.566532),626226000_1,0 days 00:01:00,-2.3859075981916277e-08,222.96259053488606,0.0,0,7.208724672891453,55.566532,15.337833
2025-02-03 21:19:02,2025-02-03 21:19:02,Class A,626226000_1,55.564258,15.333957,Under way using engine,-0.4,11.5,224.8,225.0,9319703,TRAM2,GREAT JACOMBO,Tanker,No additional information,42.0,244.0,Combined GPS/GLONASS,15.0,EG_SUEZ,18/02/2025 18:00:00,AIS,POINT (15.333957 55.564258),626226000_1,0 days 00:00:59,-1.911075033095359e-08,223.94635876348985,0.0,0,7.205542150628917,55.564258,15.333957
2025-02-03 21:20:02,2025-02-03 21:20:02,Class A,626226000_1,55.562018,15.329888,Under way using engine,-2.2,11.5,226.2,225.0,9319703,TRAM2,GREAT JACOMBO,Tanker,No additional information,42.0,244.0,Combined GPS/GLONASS,15.0,EG_SUEZ,18/02/2025 18:00:00,AIS,POINT (15.329888 55.562018),626226000_1,0 days 00:01:00,-1.0372803433362475e-08,225.7714232547771,0.0,0,7.202165673994802,55.562018,15.329888
2025-02-03 21:21:02,2025-02-03 21:21:02,Class A,626226000_1,55.559777,15.325832,Under way using engine,-2.2,11.5,225.2,223.0,9319703,TRAM2,GREAT JACOMBO,Tanker,No additional information,42.0,244.0,Combined GPS/GLONASS,15.0,EG_SUEZ,18/02/2025 18:00:00,AIS,POINT (15.325832 55.559777),626226000_1,0 days 00:01:00,-1.3883730704437763e-07,225.66862428056444,0.0,0,7.198803443909274,55.559777,15.325832
2025-02-03 21:22:02,2025-02-03 21:22:02,Class A,626226000_1,55.55748,15.321888,Under way using engine,1.1,11.4,223.3,222.0,9319703,TRAM2,GREAT JACOMBO,Tanker,No additional information,42.0,244.0,Combined GPS/GLONASS,15.0,EG_SUEZ,18/02/2025 18:00:00,AIS,POINT (15.321888 55.55748),626226000_1,0 days 00:01:00,-1.5955506565947542e-07,224.1611405357825,0.0,0,7.195565126640506,55.55748,15.321888
2025-02-03 21:23:02,2025-02-03 21:23:02,Class A,626226000_1,55.555128,15.31805,Under way using engine,1.1,11.6,222.5,222.0,9319703,TRAM2,GREAT JACOMBO,Tanker,No additional information,42.0,244.0,Combined GPS/GLONASS,15.0,EG_SUEZ,18/02/2025 18:00:00,AIS,POINT (15.31805 55.555128),626226000_1,0 days 00:01:00,-4.217508709518022e-08,222.70677536077216,0.0,0,7.192444700895028,55.555128,15.31805
2025-02-03 21:24:02,2025-02-03 21:24:02,Class A,626226000_1,55.552788,15.314178,Under way using engine,0.4,11.5,224.0,224.0,9319703,TRAM2,GREAT JACOMBO,Tanker,No additional information,42.0,244.0,Combined GPS/GLONASS,15.0,EG_SUEZ,18/02/2025 18:00:00,AIS,POINT (15.314178 55.552788),626226000_1,0 days 00:01:00,1.373905702438365e-07,223.1066295630429,0.0,0,7.189289809424086,55.552788,15.314178
2025-02-03 21:25:02,2025-02-03 21:25:02,Class A,626226000_1,55.550507,15.310183,Under way using engine,0.2,11.6,225.3,225.0,9319703,TRAM2,GREAT JACOMBO,Tanker,No additional information,42.0,244.0,Combined GPS/GLONASS,15.0,EG_SUEZ,18/02/2025 18:00:00,AIS,POINT (15.310183 55.550507),626226000_1,0 days 00:01:00,1.8721327701172232e-07,224.73445425344406,0.0,0,7.1860024453328,55.550507,15.310183
2025-02-03 21:26:02,2025-02-03 21:26:02,Class A,626226000_1,55.548248,15.306148,Under way using engine,-2.2,11.6,225.0,224.0,9319703,TRAM2,GREAT JACOMBO,Tanker,No additional information,42.0,244.0,Combined GPS/GLONASS,15.0,EG_SUEZ,18/02/2025 18:00:00,AIS,POINT (15.306148 55.548248),626226000_1,0 days 00:01:00,1.8947068160391164e-08,225.2991739334416,0.0,0,7.182672248957835,55.548248,15.306148
2025-02-03 21:27:03,2025-02-03 21:27:03,Class A,626226000_1,55.545957,15.302183,Under way using engine,0.4,11.5,223.6,223.0,9319703,TRAM2,GREAT JACOMBO,Tanker,No additional information,42.0,244.0,Combined GPS/GLONASS,15.0,EG_SUEZ,18/02/2025 18:00:00,AIS,POINT (15.302183 55.545957),626226000_1,0 days 00:01:01,-1.760611091655689e-06,224.39653659574887,0.0,0,7.179419322175644,55.545957,15.302183
2025-02-03 21:28:03,2025-02-03 21:28:03,Class A,626226000_1,55.543618,15.298308,Under way using engine,2.9,11.5,223.1,223.0,9319703,TRAM2,GREAT JACOMBO,Tanker,No additional information,42.0,244.0,Combined GPS/GLONASS,15.0,EG_SUEZ,18/02/2025 18:00:00,AIS,POINT (15.298308 55.543618),626226000_1,0 days 00:01:00,1.607983222386766e-06,223.1476594558034,0.0,0,7.176267100189973,55.543618,15.298308
2025-02-03 21:29:03,2025-02-03 21:29:03,Class A,626226000_1,55.541275,15.294437,Under way using engine,0.0,11.6,223.7,224.0,9319703,TRAM2,GREAT JACOMBO,Tanker,No additional information,42.0,244.0,Combined GPS/GLONASS,15.0,EG_SUEZ,18/02/2025 18:00:00,AIS,POINT (15.294437 55.541275),626226000_1,0 days 00:01:00,4.497523744962049e-08,223.07099406477164,0.0,0,7.173121237126904,55.541275,15.294437
2025-02-03 21:30:03,2025-02-03 21:30:03,Class A,626226000_1,55.538967,15.290502,Under way using engine,-0.7,11.5,224.2,224.0,9319703,TRAM2,GREAT JACOMBO,Tanker,No additional information,42.0,244.0,Combined GPS/GLONASS,15.0,EG_SUEZ,18/02/2025 18:00:00,AIS,POINT (15.290502 55.538967),626226000_1,0 days 00:01:00,-7.617133365216712e-09,223.97241569197823,0.0,0,7.169906029855621,55.538967,15.290502
2025-02-03 21:31:02,2025-02-03 21:31:02,Class A,626226000_1,55.53667,15.286545,Under way using engine,-3.6,11.5,224.3,224.0,9319703,TRAM2,GREAT JACOMBO,Tanker,No additional information,42.0,244.0,Combined GPS/GLONASS,15.0,EG_SUEZ,18/02/2025 18:00:00,AIS,POINT (15.286545 55.53667),626226000_1,0 days 00:00:59,1.7399130390869986e-06,224.27054330373937,0.0,0,7.166668201098332,55.53667,15.286545
2025-02-03 21:45:02,2025-02-03 21:45:02,Class A,626226000_1,55.504052,15.232253,Under way using engine,2.9,11.5,222.5,224.0,9319703,TRAM2,GREAT JACOMBO,Tanker,No additional information,42.0,244.0,Combined GPS/GLONASS,15.0,EG_SUEZ,18/02/2025 18:00:00,AIS,POINT (15.232253 55.504052),626226000_1,0 days 00:14:00,-1.349540802600159e-07,223.3203113294768,0.0,0,7.122680593135845,55.504052,15.232253
2025-02-03 21:46:02,2025-02-03 21:46:02,Class A,626226000_1,55.501733,15.228348,Under way using engine,-5.4,11.5,225.0,226.0,9319703,TRAM2,GREAT JACOMBO,Tanker,No additional information,42.0,244.0,Combined GPS/GLONASS,15.0,EG_SUEZ,18/02/2025 18:00:00,AIS,POINT (15.228348 55.501733),626226000_1,0 days 00:01:00,1.0361540280165912e-07,223.64433736359663,0.0,0,7.119520878920435,55.501733,15.228348
2025-02-03 21:47:02,2025-02-03 21:47:02,Class A,626226000_1,55.499488,15.224325,Under way using engine,-2.9,11.5,225.1,225.0,9319703,TRAM2,GREAT JACOMBO,Tanker,No additional information,42.0,244.0,Combined GPS/GLONASS,15.0,EG_SUEZ,18/02/2025 18:00:00,AIS,POINT (15.224325 55.499488),626226000_1,0 days 00:01:00,-1.7251136298890823e-07,225.42743976081448,0.0,0,7.116229350492999,55.499488,15.224325
2025-02-03 21:48:02,2025-02-03 21:48:02,Class A,626226000_1,55.497248,15.220433,Under way using engine,0.0,11.4,223.6,223.0,9319703,TRAM2,GREAT JACOMBO,Tanker,0,42.0,244.0,Combined GPS/GLONASS,15.0,EG_SUEZ,18/02/2025 18:00:00,AIS,POINT (15.220433 55.497248),626226000_1,0 days 00:01:00,-1.733941752616299e-06,224.54454650499176,0.0,0,7.113064336674736,55.497248,15.220433
2025-02-03 21:49:02,2025-02-03 21:49:02,Class A,626226000_1,55.494897,15.216625,Under way using engine,1.1,11.5,221.6,221.0,9319703,TRAM2,GREAT JACOMBO,Tanker,0,42.0,244.0,Combined GPS/GLONASS,15.0,EG_SUEZ,18/02/2025 18:00:00,AIS,POINT (15.216625 55.494897),626226000_1,0 days 00:01:00,1.471754241435767e-06,222.53858004340884,0.0,0,7.110011066312977,55.494897,15.216625
2025-02-03 21:50:02,2025-02-03 21:50:02,Class A,626226000_1,55.492497,15.212898,Under way using engine,2.9,11.5,222.0,223.0,9319703,TRAM2,GREAT JACOMBO,Tanker,0,42.0,244.0,Combined GPS/GLONASS,15.0,EG_SUEZ,18/02/2025 18:00:00,AIS,POINT (15.212898 55.492497),626226000_1,0 days 00:01:00,1.772394778131482e-07,221.34035008261387,0.0,0,7.107050374393303,55.492497,15.212898
2025-02-03 21:51:02,2025-02-03 21:51:02,Class A,626226000_1,55.490143,15.209068,Under way using engine,2.9,11.5,223.9,225.0,9319703,TRAM2,GREAT JACOMBO,Tanker,0,42.0,244.0,Combined GPS/GLONASS,15.0,EG_SUEZ,18/02/2025 18:00:00,AIS,POINT (15.209068 55.490143),626226000_1,0 days 00:01:00,1.5818119446335545e-07,222.6700824191258,0.0,0,7.1039797104048645,55.490143,15.209068
2025-02-03 21:52:02,2025-02-03 21:52:02,Class A,626226000_1,55.487875,15.205083,Under way using engine,-1.6,11.5,225.8,225.0,9319703,TRAM2,GREAT JACOMBO,Tanker,No additional information,42.0,244.0,Combined GPS/GLONASS,15.0,EG_SUEZ,18/02/2025 18:00:00,AIS,POINT (15.205083 55.487875),626226000_1,0 days 00:01:00,-3.102552600397062e-08,224.87198932497222,0.0,0,7.100738305178201,55.487875,15.205083
2025-02-03 21:53:02,2025-02-03 21:53:02,Class A,626226000_1,55.485632,15.201067,Under way using engine,0.4,11.5,224.8,223.0,9319703,TRAM2,GREAT JACOMBO,Tanker,No additional information,42.0,244.0,Combined GPS/GLONASS,15.0,EG_SUEZ,18/02/2025 18:00:00,AIS,POINT (15.201067 55.485632),626226000_1,0 days 00:01:00,-1.5565101463137163e-07,225.41315905236914,0.0,0,7.097461853711508,55.485632,15.201067
2025-02-03 21:55:02,2025-02-03 21:55:02,Class A,626226000_1,55.480945,15.193413,Under way using engine,0.7,11.5,221.9,222.0,9319703,TRAM2,GREAT JACOMBO,Tanker,No additional information,42.0,244.0,Combined GPS/GLONASS,15.0,EG_SUEZ,18/02/2025 18:00:00,AIS,POINT (15.193413 55.480945),626226000_1,0 days 00:02:00,-3.909975165747633e-08,222.78276741665704,0.0,0,7.091331264249682,55.480945,15.193413
2025-02-03 21:56:02,2025-02-03 21:56:02,Class A,626226000_1,55.478585,15.189605,Under way using engine,-3.6,11.5,223.2,224.0,9319703,TRAM2,GREAT JACOMBO,Tanker,No additional information,42.0,244.0,Combined GPS/GLONASS,15.0,EG_SUEZ,18/02/2025 18:00:00,AIS,POINT (15.189605 55.478585),626226000_1,0 days 00:01:00,1.5303154698684205e-07,222.44135378548248,0.0,0,7.088290958725453,55.478585,15.189605
2025-02-03 21:57:02,2025-02-03 21:57:02,Class A,626226000_1,55.476287,15.185675,Under way using engine,2.2,11.5,224.9,225.0,9319703,TRAM2,GREAT JACOMBO,Tanker,No additional information,42.0,244.0,Combined GPS/GLONASS,15.0,EG_SUEZ,18/02/2025 18:00:00,AIS,POINT (15.185675 55.476287),626226000_1,0 days 00:01:00,7.858354916246332e-08,224.10592497056993,0.0,0,7.085118042993567,55.476287,15.185675
2025-02-03 21:58:02,2025-02-03 21:58:02,Class A,626226000_1,55.474028,15.181678,Under way using engine,-3.6,11.5,224.8,224.0,9319703,TRAM2,GREAT JACOMBO,Tanker,No additional information,42.0,244.0,Combined GPS/GLONASS,15.0,EG_SUEZ,18/02/2025 18:00:00,AIS,POINT (15.181678 55.474028),626226000_1,0 days 00:01:00,-2.804412707610333e-08,225.0821095321413,0.0,0,7.081871632932145,55.474028,15.181678
2025-02-03 21:59:02,2025-02-03 21:59:02,Class A,626226000_1,55.471737,15.17775,Under way using engine,0.4,11.5,223.7,222.0,9319703,TRAM2,GREAT JACOMBO,Tanker,No additional information,42.0,244.0,Combined GPS/GLONASS,15.0,EG_SUEZ,18/02/2025 18:00:00,AIS,POINT (15.17775 55.471737),626226000_1,0 days 00:01:00,-1.461260480279906e-07,224.18201504501897,0.0,0,7.078701768306672,55.471737,15.17775
2025-02-03 22:00:02,2025-02-03 22:00:02,Class A,626226000_1,55.469392,15.173923,Under way using engine,-0.4,11.5,222.3,222.0,9319703,TRAM2,GREAT JACOMBO,Tanker,No additional information,42.0,244.0,Combined GPS/GLONASS,15.0,EG_SUEZ,18/02/2025 18:00:00,AIS,POINT (15.173923 55.469392),626226000_1,0 days 00:01:00,-8.816440681073261e-09,222.77213591158934,0.0,0,7.075645204078142,55.469392,15.173923
2025-02-03 22:01:03,2025-02-03 22:01:03,Class A,626226000_1,55.466965,15.169975,Under way using engine,-2.2,11.5,223.3,224.0,9319703,TRAM2,GREAT JACOMBO,Tanker,No additional information,42.0,244.0,Combined GPS/GLONASS,15.0,EG_SUEZ,18/02/2025 18:00:00,AIS,POINT (15.169975 55.466965),626226000_1,0 days 00:01:01,1.6056605184572486e-06,222.68131292146285,0.0,0,7.0724957152923755,55.466965,15.169975
2025-02-03 22:02:03,2025-02-03 22:02:03,Class A,626226000_1,55.46467,15.166055,Under way using engine,-2.9,11.4,225.0,225.0,9319703,TRAM2,GREAT JACOMBO,Tanker,No additional information,42.0,244.0,Combined GPS/GLONASS,15.0,EG_SUEZ,18/02/2025 18:00:00,AIS,POINT (15.166055 55.46467),626226000_1,0 days 00:01:00,-1.6243402120157616e-06,224.07881330989315,0.0,0,7.069339220512338,55.46467,15.166055
2025-02-03 22:03:03,2025-02-03 22:03:03,Class A,626226000_1,55.462425,15.162053,Under way using engine,0.2,11.5,225.0,224.0,9319703,TRAM2,GREAT JACOMBO,Tanker,No additional information,42.0,244.0,Combined GPS/GLONASS,15.0,EG_SUEZ,18/02/2025 18:00:00,AIS,POINT (15.162053 55.462425),626226000_1,0 days 00:01:00,-8.097139797620841e-08,225.3044526325251,0.0,0,7.066091776995611,55.462425,15.162053
2025-02-03 22:04:03,2025-02-03 22:04:03,Class A,626226000_1,55.460152,15.158108,Under way using engine,-2.9,11.5,223.9,222.0,9319703,TRAM2,GREAT JACOMBO,Tanker,No additional information,42.0,244.0,Combined GPS/GLONASS,15.0,EG_SUEZ,18/02/2025 18:00:00,AIS,POINT (15.158108 55.460152),626226000_1,0 days 00:01:00,-9.270899651507396e-08,224.54004252219866,0.0,0,7.062908271760932,55.460152,15.158108
2025-02-03 22:05:03,2025-02-03 22:05:03,Class A,626226000_1,55.457808,15.15431,Under way using engine,3.6,11.5,222.1,222.0,9319703,TRAM2,GREAT JACOMBO,Tanker,No additional information,42.0,244.0,Combined GPS/GLONASS,15.0,EG_SUEZ,18/02/2025 18:00:00,AIS,POINT (15.15431 55.457808),626226000_1,0 days 00:01:00,-1.8965857919422264e-07,222.57549801917855,0.0,0,7.059887008710055,55.457808,15.15431
2025-02-03 22:06:02,2025-02-03 22:06:02,Class A,626226000_1,55.455487,15.150602,Under way using engine,3.6,11.4,222.5,223.0,9319703,TRAM2,GREAT JACOMBO,Tanker,No additional information,42.0,244.0,Combined GPS/GLONASS,15.0,EG_SUEZ,18/02/2025 18:00:00,AIS,POINT (15.150602 55.455487),626226000_1,0 days 00:00:59,5.449928828705629e-08,222.17430740554818,0.0,0,7.056947650269201,55.455487,15.150602
2025-02-03 22:07:02,2025-02-03 22:07:02,Class A,626226000_1,55.453187,15.146708,Under way using engine,-0.7,11.5,224.9,225.0,9319703,TRAM2,GREAT JACOMBO,Tanker,No additional information,42.0,244.0,Combined GPS/GLONASS,15.0,EG_SUEZ,18/02/2025 18:00:00,AIS,POINT (15.146708 55.453187),626226000_1,0 days 00:01:00,1.1723691763929646e-07,223.83431527916656,0.0,0,7.053825078375846,55.453187,15.146708
2025-02-03 22:08:02,2025-02-03 22:08:02,Class A,626226000_1,55.450963,15.14268,Under way using engine,-5.4,11.5,225.9,225.0,9319703,TRAM2,GREAT JACOMBO,Tanker,No additional information,42.0,244.0,Combined GPS/GLONASS,15.0,EG_SUEZ,18/02/2025 18:00:00,AIS,POINT (15.14268 55.450963),626226000_1,0 days 00:01:00,-1.9146408485858543e-09,225.76746393854202,0.0,0,7.0505543902581165,55.450963,15.14268
2025-02-03 22:09:02,2025-02-03 22:09:02,Class A,626226000_1,55.448723,15.138677,Under way using engine,-2.2,11.4,224.5,223.0,9319703,TRAM2,GREAT JACOMBO,Tanker,No additional information,42.0,244.0,Combined GPS/GLONASS,15.0,EG_SUEZ,18/02/2025 18:00:00,AIS,POINT (15.138677 55.448723),626226000_1,0 days 00:01:00,3.4662231723451886e-08,225.385433310466,0.0,0,7.047313605045896,55.448723,15.138677
2025-02-03 22:10:02,2025-02-03 22:10:02,Class A,626226000_1,55.446415,15.13481,Under way using engine,0.0,11.5,222.2,221.0,9319703,TRAM2,GREAT JACOMBO,Tanker,No additional information,42.0,244.0,Combined GPS/GLONASS,15.0,EG_SUEZ,18/02/2025 18:00:00,AIS,POINT (15.13481 55.446415),626226000_1,0 days 00:01:00,-1.7416019528460578e-07,223.54072824454377,0.0,0,7.0442237216136165,55.446415,15.13481
2025-02-03 22:11:02,2025-02-03 22:11:02,Class A,626226000_1,55.444052,15.131033,Under way using engine,2.2,11.5,222.2,223.0,9319703,TRAM2,GREAT JACOMBO,Tanker,No additional information,42.0,244.0,Combined GPS/GLONASS,15.0,EG_SUEZ,18/02/2025 18:00:00,AIS,POINT (15.131033 55.444052),626226000_1,0 days 00:01:00,1.7057072207901705e-07,222.1969394280809,0.0,0,7.041236979823503,55.444052,15.131033
2025-02-03 22:13:02,2025-02-03 22:13:02,Class A,626226000_1,55.439463,15.12317,Under way using engine,-3.6,11.5,225.9,225.0,9319703,TRAM2,GREAT JACOMBO,Tanker,No additional information,42.0,244.0,Combined GPS/GLONASS,15.0,EG_SUEZ,18/02/2025 18:00:00,AIS,POINT (15.12317 55.439463),626226000_1,0 days 00:02:00,1.6111210025096928e-07,224.18802304825536,0.0,0,7.0349334139313635,55.439463,15.12317
2025-02-03 22:14:02,2025-02-03 22:14:02,Class A,626226000_1,55.43723,15.119122,Under way using engine,-2.9,11.5,225.3,224.0,9319703,TRAM2,GREAT JACOMBO,Tanker,No additional information,42.0,244.0,Combined GPS/GLONASS,15.0,EG_SUEZ,18/02/2025 18:00:00,AIS,POINT (15.119122 55.43723),626226000_1,0 days 00:01:00,1.1040117460922709e-07,225.8036199786003,0.0,0,7.031655009697291,55.43723,15.119122
2025-02-03 22:15:02,2025-02-03 22:15:02,Class A,626226000_1,55.434942,15.115173,Under way using engine,-1.1,11.5,223.6,222.0,9319703,TRAM2,GREAT JACOMBO,Tanker,No additional information,42.0,244.0,Combined GPS/GLONASS,15.0,EG_SUEZ,18/02/2025 18:00:00,AIS,POINT (15.115173 55.434942),626226000_1,0 days 00:01:00,-3.2148459402220333e-08,224.39896822018818,0.0,0,7.028488438646962,55.434942,15.115173
2025-02-03 22:16:02,2025-02-03 22:16:02,Class A,626226000_1,55.432587,15.111343,Under way using engine,-2.9,11.5,222.3,222.0,9319703,TRAM2,GREAT JACOMBO,Tanker,No additional information,42.0,244.0,Combined GPS/GLONASS,15.0,EG_SUEZ,18/02/2025 18:00:00,AIS,POINT (15.111343 55.432587),626226000_1,0 days 00:01:00,5.97717239370366e-08,222.6996304578476,0.0,0,7.025456273712691,55.432587,15.111343
2025-02-03 22:17:02,2025-02-03 22:17:02,Class A,626226000_1,55.430223,15.10751,Under way using engine,1.6,11.6,223.0,223.0,9319703,TRAM2,GREAT JACOMBO,Tanker,No additional information,42.0,244.0,Combined GPS/GLONASS,15.0,EG_SUEZ,18/02/2025 18:00:00,AIS,POINT (15.10751 55.430223),626226000_1,0 days 00:01:00,2.429821181345841e-07,222.61478590512488,0.0,0,7.022425282818465,55.430223,15.10751
2025-02-03 22:18:02,2025-02-03 22:18:02,Class A,626226000_1,55.4279,15.10359,Under way using engine,3.6,11.6,224.7,225.0,9319703,TRAM2,GREAT JACOMBO,Tanker,No additional information,42.0,244.0,Combined GPS/GLONASS,15.0,EG_SUEZ,18/02/2025 18:00:00,AIS,POINT (15.10359 55.4279),626226000_1,0 days 00:01:00,1.2739802916124827e-07,223.75832931862192,0.0,0,7.0193009216508875,55.4279,15.10359
2025-02-03 22:19:02,2025-02-03 22:19:02,Class A,626226000_1,55.425623,15.099577,Under way using engine,0.0,11.6,224.9,225.0,9319703,TRAM2,GREAT JACOMBO,Tanker,No additional information,42.0,244.0,Combined GPS/GLONASS,15.0,EG_SUEZ,18/02/2025 18:00:00,AIS,POINT (15.099577 55.425623),626226000_1,0 days 00:01:00,1.3234769887796154e-07,225.00434235714582,0.0,0,7.016076019290625,55.425623,15.099577
2025-02-03 22:20:02,2025-02-03 22:20:02,Class A,626226000_1,55.423343,15.095573,Under way using engine,-2.9,11.6,224.6,223.0,9319703,TRAM2,GREAT JACOMBO,Tanker,No additional information,42.0,244.0,Combined GPS/GLONASS,15.0,EG_SUEZ,18/02/2025 18:00:00,AIS,POINT (15.095573 55.423343),626226000_1,0 days 00:01:00,-4.3516422720216855e-08,224.90395130465686,0.0,0,7.012862148778414,55.423343,15.095573
2025-02-03 22:21:03,2025-02-03 22:21:03,Class A,626226000_1,55.421015,15.091662,Under way using engine,1.6,11.5,222.9,222.0,9319703,TRAM2,GREAT JACOMBO,Tanker,No additional information,42.0,244.0,Combined GPS/GLONASS,15.0,EG_SUEZ,18/02/2025 18:00:00,AIS,POINT (15.091662 55.421015),626226000_1,0 days 00:01:01,-1.68274009068057e-06,223.63600166296405,0.0,0,7.0097525163800185,55.421015,15.091662
2025-02-03 22:22:03,2025-02-03 22:22:03,Class A,626226000_1,55.41864,15.087838,Under way using engine,3.6,11.6,222.4,223.0,9319703,TRAM2,GREAT JACOMBO,Tanker,No additional information,42.0,244.0,Combined GPS/GLONASS,15.0,EG_SUEZ,18/02/2025 18:00:00,AIS,POINT (15.087838 55.41864),626226000_1,0 days 00:01:00,1.6511705318092863e-06,222.42356339614415,0.0,0,7.006741112016697,55.41864,15.087838
2025-02-03 22:23:03,2025-02-03 22:23:03,Class A,626226000_1,55.416263,15.084008,Under way using engine,-2.2,11.6,222.8,224.0,9319703,TRAM2,GREAT JACOMBO,Tanker,No additional information,42.0,244.0,Combined GPS/GLONASS,15.0,EG_SUEZ,18/02/2025 18:00:00,AIS,POINT (15.084008 55.416263),626226000_1,0 days 00:01:00,1.1961066343767145e-07,222.445998781734,0.0,0,7.003726102908652,55.416263,15.084008
2025-02-03 22:24:03,2025-02-03 22:24:03,Class A,626226000_1,55.413928,15.080098,Under way using engine,0.0,11.6,224.3,225.0,9319703,TRAM2,GREAT JACOMBO,Tanker,No additional information,42.0,244.0,Combined GPS/GLONASS,15.0,EG_SUEZ,18/02/2025 18:00:00,AIS,POINT (15.080098 55.413928),626226000_1,0 days 00:01:00,1.4531357203191712e-08,223.54790833438034,0.0,0,7.000624145055139,55.413928,15.080098
2025-02-03 22:25:03,2025-02-03 22:25:03,Class A,626226000_1,55.411668,15.076075,Under way using engine,-5.4,11.6,225.1,223.0,9319703,TRAM2,GREAT JACOMBO,Tanker,0,42.0,244.0,Combined GPS/GLONASS,15.0,EG_SUEZ,18/02/2025 18:00:00,AIS,POINT (15.076075 55.411668),626226000_1,0 days 00:01:00,-2.5895141117043426e-07,225.30045433136232,0.0,0,6.997394293456529,55.411668,15.076075
2025-02-03 22:26:03,2025-02-03 22:26:03,Class A,626226000_1,55.409343,15.072192,Under way using engine,-1.6,11.5,222.0,221.0,9319703,TRAM2,GREAT JACOMBO,Tanker,0,42.0,244.0,Combined GPS/GLONASS,15.0,EG_SUEZ,18/02/2025 18:00:00,AIS,POINT (15.072192 55.409343),626226000_1,0 days 00:01:00,-2.870796743446117e-07,223.47576519247144,0.0,0,6.994318606996681,55.409343,15.072192
2025-02-03 22:27:03,2025-02-03 22:27:03,Class A,626226000_1,55.40693,15.06849,Under way using engine,-0.4,11.5,220.6,220.0,9319703,TRAM2,GREAT JACOMBO,Tanker,No additional information,42.0,244.0,Combined GPS/GLONASS,15.0,EG_SUEZ,18/02/2025 18:00:00,AIS,POINT (15.06849 55.40693),626226000_1,0 days 00:01:00,-1.2977960342646217e-07,221.0574126536214,0.0,0,6.991442931461931,55.40693,15.06849
2025-02-03 22:28:03,2025-02-03 22:28:03,Class A,626226000_1,55.4045,15.064815,Under way using engine,0.7,11.5,220.9,221.0,9319703,TRAM2,GREAT JACOMBO,Tanker,No additional information,42.0,244.0,Combined GPS/GLONASS,15.0,EG_SUEZ,18/02/2025 18:00:00,AIS,POINT (15.064815 55.4045),626226000_1,0 days 00:01:00,8.870904584031176e-08,220.652611481237,0.0,0,6.98859955990569,55.4045,15.064815
2025-02-03 22:29:03,2025-02-03 22:29:03,Class A,626226000_1,55.402083,15.0611,Under way using engine,-4.5,11.6,220.9,221.0,9319703,TRAM2,GREAT JACOMBO,Tanker,No additional information,42.0,244.0,Combined GPS/GLONASS,15.0,EG_SUEZ,18/02/2025 18:00:00,AIS,POINT (15.0611 55.402083),626226000_1,0 days 00:01:00,1.601638507509687e-07,221.1133775356543,0.0,0,6.985715767162876,55.402083,15.0611
2025-02-03 22:30:02,2025-02-03 22:30:02,Class A,626226000_1,55.399665,15.057378,Under way using engine,0.0,11.5,221.3,221.0,9319703,TRAM2,GREAT JACOMBO,Tanker,No additional information,42.0,244.0,Combined GPS/GLONASS,15.0,EG_SUEZ,18/02/2025 18:00:00,AIS,POINT (15.057378 55.399665),626226000_1,0 days 00:00:59,1.822276229319273e-06,221.15681296155194,0.0,0,6.98282716372817,55.399665,15.057378
2025-02-03 22:31:02,2025-02-03 22:31:02,Class A,626226000_1,55.397243,15.053657,Under way using engine,-0.4,11.6,221.2,221.0,9319703,TRAM2,GREAT JACOMBO,Tanker,No additional information,42.0,244.0,Combined GPS/GLONASS,15.0,EG_SUEZ,18/02/2025 18:00:00,AIS,POINT (15.053657 55.397243),626226000_1,0 days 00:01:00,-1.6007826691316415e-06,221.10400248763833,0.0,0,6.9799422777144065,55.397243,15.053657
2025-02-03 22:32:02,2025-02-03 22:32:02,Class A,626226000_1,55.394818,15.049932,Under way using engine,-0.7,11.6,221.0,222.0,9319703,TRAM2,GREAT JACOMBO,Tanker,No additional information,42.0,244.0,Combined GPS/GLONASS,15.0,EG_SUEZ,18/02/2025 18:00:00,AIS,POINT (15.049932 55.394818),626226000_1,0 days 00:01:00,1.187989723500932e-07,221.10110424083825,0.0,0,6.97705603783752,55.394818,15.049932
2025-02-03 22:33:02,2025-02-03 22:33:02,Class A,626226000_1,55.392405,15.04618,Under way using engine,0.0,11.6,221.9,222.0,9319703,TRAM2,GREAT JACOMBO,Tanker,0,42.0,244.0,Combined GPS/GLONASS,15.0,EG_SUEZ,18/02/2025 18:00:00,AIS,POINT (15.04618 55.392405),626226000_1,0 days 00:01:00,3.785820399666677e-08,221.44891742341272,0.0,0,6.9741421409965545,55.392405,15.04618
2025-02-03 22:34:02,2025-02-03 22:34:02,Class A,626226000_1,55.390003,15.042398,Under way using engine,-1.6,11.6,222.0,222.0,9319703,TRAM2,GREAT JACOMBO,Tanker,0,42.0,244.0,Combined GPS/GLONASS,15.0,EG_SUEZ,18/02/2025 18:00:00,AIS,POINT (15.042398 55.390003),626226000_1,0 days 00:01:00,9.98283179084811e-08,221.80721725066618,0.0,0,6.971197991586812,55.390003,15.042398
2025-02-03 22:35:02,2025-02-03 22:35:02,Class A,626226000_1,55.3876,15.03861,Under way using engine,0.0,11.6,221.5,221.0,9319703,TRAM2,GREAT JACOMBO,Tanker,0,42.0,244.0,Combined GPS/GLONASS,15.0,EG_SUEZ,18/02/2025 18:00:00,AIS,POINT (15.03861 55.3876),626226000_1,0 days 00:01:00,9.621431265004199e-08,221.84223252694537,0.0,0,6.968250011858716,55.3876,15.03861
2025-02-03 22:36:02,2025-02-03 22:36:02,Class A,626226000_1,55.385175,15.034857,Under way using engine,-0.2,11.6,221.2,221.0,9319703,TRAM2,GREAT JACOMBO,Tanker,0,42.0,244.0,Combined GPS/GLONASS,15.0,EG_SUEZ,18/02/2025 18:00:00,AIS,POINT (15.034857 55.385175),626226000_1,0 days 00:01:00,1.0168843122460661e-07,221.32070005951002,0.0,0,6.965343493732454,55.385175,15.034857
2025-02-03 22:37:02,2025-02-03 22:37:02,Class A,626226000_1,55.382752,15.031092,Under way using engine,0.4,11.6,221.8,222.0,9319703,TRAM2,GREAT JACOMBO,Tanker,0,42.0,244.0,Combined GPS/GLONASS,15.0,EG_SUEZ,18/02/2025 18:00:00,AIS,POINT (15.031092 55.382752),626226000_1,0 days 00:01:00,9.610927242917748e-08,221.43661839492313,0.0,0,6.962426558524332,55.382752,15.031092
2025-02-03 22:38:02,2025-02-03 22:38:02,Class A,626226000_1,55.380355,15.027277,Under way using engine,-0.7,11.6,222.4,222.0,9319703,TRAM2,GREAT JACOMBO,Tanker,0,42.0,244.0,Combined GPS/GLONASS,15.0,EG_SUEZ,18/02/2025 18:00:00,AIS,POINT (15.027277 55.380355),626226000_1,0 days 00:01:00,-9.138864815903467e-09,222.12102765426852,0.0,0,6.959455932703431,55.380355,15.027277
2025-02-03 22:39:02,2025-02-03 22:39:02,Class A,626226000_1,55.377973,15.023432,Under way using engine,0.0,11.6,222.0,221.0,9319703,TRAM2,GREAT JACOMBO,Tanker,0,42.0,244.0,Combined GPS/GLONASS,15.0,EG_SUEZ,18/02/2025 18:00:00,AIS,POINT (15.023432 55.377973),626226000_1,0 days 00:01:00,1.6149536877490406e-08,222.52522793854138,0.0,0,6.956453916233472,55.377973,15.023432
2025-02-03 22:40:02,2025-02-03 22:40:02,Class A,626226000_1,55.375575,15.019613,Under way using engine,-2.2,11.7,222.2,221.0,9319703,TRAM2,GREAT JACOMBO,Tanker,0,42.0,244.0,Combined GPS/GLONASS,15.0,EG_SUEZ,18/02/2025 18:00:00,AIS,POINT (15.019613 55.375575),626226000_1,0 days 00:01:00,5.9465622263861255e-08,222.14245499990304,0.0,0,6.953483044174697,55.375575,15.019613
2025-02-03 22:41:01,2025-02-03 22:41:01,Class A,626226000_1,55.373202,15.015877,Under way using engine,-1.6,11.6,221.8,221.0,9319703,TRAM2,GREAT JACOMBO,Tanker,No additional information,42.0,244.0,Combined GPS/GLONASS,15.0,EG_SUEZ,18/02/2025 18:00:00,AIS,POINT (15.015877 55.373202),626226000_1,0 days 00:00:59,1.2224155677750707e-07,221.81672011756157,0.0,0,6.950586137114624,55.373202,15.015877
2025-02-03 22:42:01,2025-02-03 22:42:01,Class A,626226000_1,55.370798,15.012043,Under way using engine,-1.6,11.6,222.3,222.0,9319703,TRAM2,GREAT JACOMBO,Tanker,0,42.0,244.0,Combined GPS/GLONASS,15.0,EG_SUEZ,18/02/2025 18:00:00,AIS,POINT (15.012043 55.370798),626226000_1,0 days 00:01:00,2.0013027408272271e-07,222.18641234123294,0.0,0,6.947605918535824,55.370798,15.012043
2025-02-03 22:43:01,2025-02-03 22:43:01,Class A,626226000_1,55.368418,15.008152,Under way using engine,-3.6,11.7,223.4,222.0,9319703,TRAM2,GREAT JACOMBO,Tanker,0,42.0,244.0,Combined GPS/GLONASS,15.0,EG_SUEZ,18/02/2025 18:00:00,AIS,POINT (15.008152 55.368418),626226000_1,0 days 00:01:00,1.359577108822358e-07,222.89573694069531,0.0,0,6.944565870094762,55.368418,15.008152
2025-02-03 22:44:01,2025-02-03 22:44:01,Class A,626226000_1,55.366042,15.004237,Under way using engine,1.6,11.7,222.9,221.0,9319703,TRAM2,GREAT JACOMBO,Tanker,0,42.0,244.0,Combined GPS/GLONASS,15.0,EG_SUEZ,18/02/2025 18:00:00,AIS,POINT (15.004237 55.366042),626226000_1,0 days 00:01:00,2.0108667617647092e-07,223.12126877349294,0.0,0,6.94150335507302,55.366042,15.004237
2025-02-03 22:45:02,2025-02-03 22:45:02,Class A,626226000_1,55.36361,15.000285,Under way using engine,-3.6,11.7,222.4,221.0,9319703,TRAM2,GREAT JACOMBO,Tanker,0,42.0,244.0,Combined GPS/GLONASS,15.0,EG_SUEZ,18/02/2025 18:00:00,AIS,POINT (15.000285 55.36361),626226000_1,0 days 00:01:01,3.349780953730814e-08,222.72617516022035,0.0,0,6.938423298098351,55.36361,15.000285
2025-02-03 22:46:02,2025-02-03 22:46:02,Class A,626226000_1,55.36121,14.996415,Under way using engine,4.5,11.7,222.7,221.0,9319703,TRAM2,GREAT JACOMBO,Tanker,0,42.0,244.0,Combined GPS/GLONASS,15.0,EG_SUEZ,18/02/2025 18:00:00,AIS,POINT (14.996415 55.36121),626226000_1,0 days 00:01:00,-2.383391864707827e-08,222.50743031989097,0.0,0,6.935414183241979,55.36121,14.996415
2025-02-03 22:47:02,2025-02-03 22:47:02,Class A,626226000_1,55.358823,14.992513,Under way using engine,3.6,11.8,223.0,222.0,9319703,TRAM2,GREAT JACOMBO,Tanker,0,42.0,244.0,Combined GPS/GLONASS,15.0,EG_SUEZ,18/02/2025 18:00:00,AIS,POINT (14.992513 55.358823),626226000_1,0 days 00:01:00,9.038440586667252e-08,222.8994136049562,0.0,0,6.9323723576600385,55.358823,14.992513
2025-02-03 22:48:02,2025-02-03 22:48:02,Class A,626226000_1,55.356457,14.988568,Under way using engine,2.9,11.7,223.7,222.0,9319703,TRAM2,GREAT JACOMBO,Tanker,No additional information,42.0,244.0,Combined GPS/GLONASS,15.0,EG_SUEZ,18/02/2025 18:00:00,AIS,POINT (14.988568 55.356457),626226000_1,0 days 00:01:00,4.87383580322423e-08,223.4671182783685,0.0,0,6.929284967967764,55.356457,14.988568
2025-02-03 22:49:02,2025-02-03 22:49:02,Class A,626226000_1,55.354102,14.984595,Under way using engine,-4.5,11.8,223.3,221.0,9319703,TRAM2,GREAT JACOMBO,Tanker,0,42.0,244.0,Combined GPS/GLONASS,15.0,EG_SUEZ,18/02/2025 18:00:00,AIS,POINT (14.984595 55.354102),626226000_1,0 days 00:01:00,9.7693782138483e-08,223.80456514055948,0.0,0,6.926169267395796,55.354102,14.984595
2025-02-03 22:50:02,2025-02-03 22:50:02,Class A,626226000_1,55.351725,14.980658,Under way using engine,-0.2,11.8,223.2,221.0,9319703,TRAM2,GREAT JACOMBO,Tanker,0,42.0,244.0,Combined GPS/GLONASS,15.0,EG_SUEZ,18/02/2025 18:00:00,AIS,POINT (14.980658 55.351725),626226000_1,0 days 00:01:00,5.8069484781386045e-08,223.27980357305293,0.0,0,6.923096097736908,55.351725,14.980658
2025-02-03 22:51:02,2025-02-03 22:51:02,Class A,626226000_1,55.349335,14.97674,Under way using engine,-2.9,11.7,223.1,221.0,9319703,TRAM2,GREAT JACOMBO,Tanker,0,42.0,244.0,Combined GPS/GLONASS,15.0,EG_SUEZ,18/02/2025 18:00:00,AIS,POINT (14.97674 55.349335),626226000_1,0 days 00:01:00,6.676409282639339e-08,222.98730401399865,0.0,0,6.920046589016867,55.349335,14.97674
2025-02-03 22:52:02,2025-02-03 22:52:02,Class A,626226000_1,55.346943,14.972813,Under way using engine,2.2,11.8,223.1,221.0,9319703,TRAM2,GREAT JACOMBO,Tanker,0,42.0,244.0,Combined GPS/GLONASS,15.0,EG_SUEZ,18/02/2025 18:00:00,AIS,POINT (14.972813 55.346943),626226000_1,0 days 00:01:00,1.563058941733726e-07,223.03070040929103,0.0,0,6.916990760364582,55.346943,14.972813
2025-02-03 22:53:02,2025-02-03 22:53:02,Class A,626226000_1,55.344555,14.96887,Under way using engine,5.4,11.8,223.2,222.0,9319703,TRAM2,GREAT JACOMBO,Tanker,0,42.0,244.0,Combined GPS/GLONASS,15.0,EG_SUEZ,18/02/2025 18:00:00,AIS,POINT (14.96887 55.344555),626226000_1,0 days 00:01:00,1.0554611329181146e-07,223.19650568071097,0.0,0,6.9139201694540855,55.344555,14.96887
2025-02-03 22:54:02,2025-02-03 22:54:02,Class A,626226000_1,55.342158,14.964928,Under way using engine,-4.5,11.8,222.8,221.0,9319703,TRAM2,GREAT JACOMBO,Tanker,0,42.0,244.0,Combined GPS/GLONASS,15.0,EG_SUEZ,18/02/2025 18:00:00,AIS,POINT (14.964928 55.342158),626226000_1,0 days 00:01:00,1.93669402513523e-07,223.0834420113039,0.0,0,6.910854887617668,55.342158,14.964928
2025-02-03 22:55:02,2025-02-03 22:55:02,Class A,626226000_1,55.339742,14.961015,Under way using engine,-1.1,11.8,222.6,221.0,9319703,TRAM2,GREAT JACOMBO,Tanker,No additional information,42.0,244.0,Combined GPS/GLONASS,15.0,EG_SUEZ,18/02/2025 18:00:00,AIS,POINT (14.961015 55.339742),626226000_1,0 days 00:01:00,8.497526044148017e-08,222.6486689424053,0.0,0,6.907824632274475,55.339742,14.961015
2025-02-03 22:56:02,2025-02-03 22:56:02,Class A,626226000_1,55.337317,14.957115,Under way using engine,4.5,11.8,222.2,221.0,9319703,TRAM2,GREAT JACOMBO,Tanker,No additional information,42.0,244.0,Combined GPS/GLONASS,15.0,EG_SUEZ,18/02/2025 18:00:00,AIS,POINT (14.957115 55.337317),626226000_1,0 days 00:01:00,5.2539773449340625e-08,222.44929324263816,0.0,0,6.904811184336108,55.337317,14.957115
2025-02-03 22:57:02,2025-02-03 22:57:02,Class A,626226000_1,55.334898,14.953195,Under way using engine,-1.6,11.9,223.2,222.0,9319703,TRAM2,GREAT JACOMBO,Tanker,No additional information,42.0,244.0,Combined GPS/GLONASS,15.0,EG_SUEZ,18/02/2025 18:00:00,AIS,POINT (14.953195 55.334898),626226000_1,0 days 00:01:00,1.0499257927710769e-07,222.66776147228853,0.0,0,6.901778596554513,55.334898,14.953195
2025-02-03 22:58:02,2025-02-03 22:58:02,Class A,626226000_1,55.332515,14.949208,Under way using engine,1.1,11.8,224.0,223.0,9319703,TRAM2,GREAT JACOMBO,Tanker,No additional information,42.0,244.0,Combined GPS/GLONASS,15.0,EG_SUEZ,18/02/2025 18:00:00,AIS,POINT (14.949208 55.332515),626226000_1,0 days 00:01:00,-6.064332722764919e-10,223.58257488944426,0.0,0,6.898673104713689,55.332515,14.949208
2025-02-03 22:59:03,2025-02-03 22:59:03,Class A,626226000_1,55.330105,14.945138,Under way using engine,-4.5,11.9,223.2,222.0,9319703,TRAM2,GREAT JACOMBO,Tanker,No additional information,42.0,244.0,Combined GPS/GLONASS,15.0,EG_SUEZ,18/02/2025 18:00:00,AIS,POINT (14.945138 55.330105),626226000_1,0 days 00:01:01,-7.654923920064868e-08,223.85156623556824,0.0,0,6.895498055695469,55.330105,14.945138
2025-02-03 23:00:03,2025-02-03 23:00:03,Class A,626226000_1,55.327703,14.941203,Under way using engine,2.2,11.8,222.5,221.0,9319703,TRAM2,GREAT JACOMBO,Tanker,No additional information,42.0,244.0,Combined GPS/GLONASS,15.0,EG_SUEZ,18/02/2025 18:00:00,AIS,POINT (14.941203 55.327703),626226000_1,0 days 00:01:00,-1.1832938556658711e-07,222.9835130613077,0.0,0,6.892451347099158,55.327703,14.941203
2025-02-03 23:01:03,2025-02-03 23:01:03,Class A,626226000_1,55.325272,14.937333,Under way using engine,0.0,11.8,221.9,221.0,9319703,TRAM2,GREAT JACOMBO,Tanker,No additional information,42.0,244.0,Combined GPS/GLONASS,15.0,EG_SUEZ,18/02/2025 18:00:00,AIS,POINT (14.937333 55.325272),626226000_1,0 days 00:01:00,-1.1366107304086256e-07,222.16722479284624,0.0,0,6.889477056069932,55.325272,14.937333
2025-02-03 23:02:03,2025-02-03 23:02:03,Class A,626226000_1,55.322838,14.933448,Under way using engine,4.5,11.8,224.1,225.0,9319703,TRAM2,GREAT JACOMBO,Tanker,0,42.0,244.0,Combined GPS/GLONASS,15.0,EG_SUEZ,18/02/2025 18:00:00,AIS,POINT (14.933448 55.322838),626226000_1,0 days 00:01:00,2.493328841941348e-07,222.2441136970052,0.0,0,6.886491084855117,55.322838,14.933448
2025-02-03 23:04:02,2025-02-03 23:04:02,Class A,626226000_1,55.318472,14.925077,Under way using engine,2.9,11.8,230.6,231.0,9319703,TRAM2,GREAT JACOMBO,Tanker,No additional information,42.0,244.0,Combined GPS/GLONASS,15.0,EG_SUEZ,18/02/2025 18:00:00,AIS,POINT (14.925077 55.318472),626226000_1,0 days 00:01:59,-4.590211181198973e-07,227.4932854417728,0.0,0,6.879800998817481,55.318472,14.925077
2025-02-03 23:05:02,2025-02-03 23:05:02,Class A,626226000_1,55.316482,14.920475,Under way using engine,-2.2,11.8,234.0,233.0,9319703,TRAM2,GREAT JACOMBO,Tanker,0,42.0,244.0,Combined GPS/GLONASS,15.0,EG_SUEZ,18/02/2025 18:00:00,AIS,POINT (14.920475 55.316482),626226000_1,0 days 00:01:00,9.86980594463238e-07,232.76968395105206,0.0,0,6.87600323180974,55.316482,14.920475
2025-02-03 23:06:02,2025-02-03 23:06:02,Class A,626226000_1,55.314543,14.915808,Under way using engine,7.5,11.7,234.8,237.0,9319703,TRAM2,GREAT JACOMBO,Tanker,No additional information,42.0,244.0,Combined GPS/GLONASS,15.0,EG_SUEZ,18/02/2025 18:00:00,AIS,POINT (14.915808 55.314543),626226000_1,0 days 00:01:00,-1.759665404599091e-08,233.8686141853986,0.0,0,6.8721297394216885,55.314543,14.915808
2025-02-03 23:07:02,2025-02-03 23:07:02,Class A,626226000_1,55.312857,14.910912,Under way using engine,10.0,11.6,244.7,249.0,9319703,TRAM2,GREAT JACOMBO,Tanker,0,42.0,244.0,Combined GPS/GLONASS,15.0,EG_SUEZ,18/02/2025 18:00:00,AIS,POINT (14.910912 55.312857),626226000_1,0 days 00:01:00,-9.63209699169088e-07,238.8230944328624,0.0,0,6.867963476737482,55.312857,14.910912
2025-02-03 23:08:03,2025-02-03 23:08:03,Class A,626226000_1,55.31173,14.905502,Under way using engine,5.4,11.3,253.6,255.0,9319703,TRAM2,GREAT JACOMBO,Tanker,0,42.0,244.0,Combined GPS/GLONASS,15.0,EG_SUEZ,18/02/2025 18:00:00,AIS,POINT (14.905502 55.31173),626226000_1,0 days 00:01:01,-9.352723104114053e-07,249.89727308348427,0.0,0,6.863140516923796,55.31173,14.905502
2025-02-03 23:09:03,2025-02-03 23:09:03,Class A,626226000_1,55.311002,14.900147,Under way using engine,0.7,11.2,258.7,258.0,9319703,TRAM2,GREAT JACOMBO,Tanker,0,42.0,244.0,Combined GPS/GLONASS,15.0,EG_SUEZ,18/02/2025 18:00:00,AIS,POINT (14.900147 55.311002),626226000_1,0 days 00:01:00,-2.822190436109267e-06,256.56742843101347,0.0,0,6.858251198681046,55.311002,14.900147
2025-02-03 23:10:03,2025-02-03 23:10:03,Class A,626226000_1,55.310443,14.894765,Under way using engine,-3.6,11.2,259.8,256.0,9319703,TRAM2,GREAT JACOMBO,Tanker,0,42.0,244.0,Combined GPS/GLONASS,15.0,EG_SUEZ,18/02/2025 18:00:00,AIS,POINT (14.894765 55.310443),626226000_1,0 days 00:01:00,-6.070864550938744e-07,259.6596235231739,0.0,0,6.853286080431269,55.310443,14.894765
2025-02-03 23:11:03,2025-02-03 23:11:03,Class A,626226000_1,55.30985,14.889437,Under way using engine,-2.9,11.1,258.0,254.0,9319703,TRAM2,GREAT JACOMBO,Tanker,0,42.0,244.0,Combined GPS/GLONASS,15.0,EG_SUEZ,18/02/2025 18:00:00,AIS,POINT (14.889437 55.30985),626226000_1,0 days 00:01:00,-7.397780429276024e-07,258.9371743981509,0.0,0,6.84838336771139,55.30985,14.889437
2025-02-03 23:12:01,2025-02-03 23:12:01,Class A,626226000_1,55.309222,14.88443,Under way using engine,-6.4,10.7,256.6,251.0,9319703,TRAM2,GREAT JACOMBO,Tanker,0,42.0,244.0,Combined GPS/GLONASS,15.0,EG_SUEZ,18/02/2025 18:00:00,AIS,POINT (14.88443 55.309222),626226000_1,0 days 00:00:58,-2.280927140875037e-06,257.5741871919048,0.0,0,6.843797969367083,55.309222,14.88443
2025-02-03 23:13:01,2025-02-03 23:13:01,Class A,626226000_1,55.308425,14.879475,Under way using engine,-3.6,10.4,251.8,247.0,9319703,TRAM2,GREAT JACOMBO,Tanker,0,42.0,244.0,Combined GPS/GLONASS,15.0,EG_SUEZ,18/02/2025 18:00:00,AIS,POINT (14.879475 55.308425),626226000_1,0 days 00:01:00,-2.735264299349007e-06,254.22127744712424,0.0,0,6.839313771763144,55.308425,14.879475
2025-02-03 23:14:01,2025-02-03 23:14:01,Class A,626226000_1,55.307475,14.874745,Under way using engine,-2.9,10.2,249.4,247.0,9319703,TRAM2,GREAT JACOMBO,Tanker,0,42.0,244.0,Combined GPS/GLONASS,15.0,EG_SUEZ,18/02/2025 18:00:00,AIS,POINT (14.874745 55.307475),626226000_1,0 days 00:01:00,-2.3545673832687816e-06,250.56515518269023,0.0,0,6.835091013337644,55.307475,14.874745
2025-02-03 23:15:01,2025-02-03 23:15:01,Class A,626226000_1,55.306518,14.870115,Under way using engine,2.9,10.1,250.5,249.0,9319703,TRAM2,GREAT JACOMBO,Tanker,0,42.0,244.0,Combined GPS/GLONASS,15.0,EG_SUEZ,18/02/2025 18:00:00,AIS,POINT (14.870115 55.306518),626226000_1,0 days 00:01:00,-1.5865162367764956e-06,250.04358494617728,0.0,0,6.830966489777125,55.306518,14.870115
2025-02-03 23:16:01,2025-02-03 23:16:01,Class A,626226000_1,55.305645,14.865508,Under way using engine,1.6,9.9,252.2,250.0,9319703,TRAM2,GREAT JACOMBO,Tanker,0,42.0,244.0,Combined GPS/GLONASS,15.0,EG_SUEZ,18/02/2025 18:00:00,AIS,POINT (14.865508 55.305645),626226000_1,0 days 00:01:00,-1.2336532612940531e-06,251.5883739917141,0.0,0,6.826839252553117,55.305645,14.865508
2025-02-03 23:17:01,2025-02-03 23:17:01,Class A,626226000_1,55.304867,14.86092,Under way using engine,5.4,9.7,253.9,251.0,9319703,TRAM2,GREAT JACOMBO,Tanker,0,42.0,244.0,Combined GPS/GLONASS,15.0,EG_SUEZ,18/02/2025 18:00:00,AIS,POINT (14.86092 55.304867),626226000_1,0 days 00:01:00,-1.2000186942748177e-06,253.41245433760162,0.0,0,6.822702074063325,55.304867,14.86092
2025-02-03 23:18:01,2025-02-03 23:18:01,Class A,626226000_1,55.304122,14.856378,Under way using engine,-1.6,9.6,254.1,249.0,9319703,TRAM2,GREAT JACOMBO,Tanker,0,42.0,244.0,Combined GPS/GLONASS,15.0,EG_SUEZ,18/02/2025 18:00:00,AIS,POINT (14.856378 55.304122),626226000_1,0 days 00:01:00,-1.0638087883264204e-06,253.92703382331945,0.0,0,6.818599391274501,55.304122,14.856378
2025-02-03 23:19:01,2025-02-03 23:19:01,Class A,626226000_1,55.303328,14.851935,Under way using engine,-2.2,9.5,251.3,248.0,9319703,TRAM2,GREAT JACOMBO,Tanker,0,42.0,244.0,Combined GPS/GLONASS,15.0,EG_SUEZ,18/02/2025 18:00:00,AIS,POINT (14.851935 55.303328),626226000_1,0 days 00:01:00,-1.235410180219053e-06,252.57218638444033,0.0,0,6.814606548502855,55.303328,14.851935
2025-02-03 23:20:01,2025-02-03 23:20:01,Class A,626226000_1,55.302468,14.847597,Under way using engine,0.2,9.3,250.3,248.0,9319703,TRAM2,GREAT JACOMBO,Tanker,0,42.0,244.0,Combined GPS/GLONASS,15.0,EG_SUEZ,18/02/2025 18:00:00,AIS,POINT (14.847597 55.302468),626226000_1,0 days 00:01:00,-1.117389678076079e-06,250.8001300511479,0.0,0,6.810734442846088,55.302468,14.847597
2025-02-03 23:21:01,2025-02-03 23:21:01,Class A,626226000_1,55.301557,14.843333,Under way using engine,11.4,9.3,250.8,255.0,9319703,TRAM2,GREAT JACOMBO,Tanker,0,42.0,244.0,Combined GPS/GLONASS,15.0,EG_SUEZ,18/02/2025 18:00:00,AIS,POINT (14.843333 55.301557),626226000_1,0 days 00:01:00,-6.90980614677965e-07,249.42981126314675,0.0,0,6.806949011416862,55.301557,14.843333
2025-02-03 23:22:01,2025-02-03 23:22:01,Class A,626226000_1,55.300887,14.838995,Under way using engine,16.1,9.1,258.0,266.0,9319703,TRAM2,GREAT JACOMBO,Tanker,0,42.0,244.0,Combined GPS/GLONASS,15.0,EG_SUEZ,18/02/2025 18:00:00,AIS,POINT (14.838995 55.300887),626226000_1,0 days 00:01:00,-1.0401360825616796e-06,254.8220313536134,0.0,0,6.803020428253395,55.300887,14.838995
2025-02-03 23:23:01,2025-02-03 23:23:01,Class A,626226000_1,55.300647,14.83462,Under way using engine,21.6,8.8,272.8,287.0,9319703,TRAM2,GREAT JACOMBO,Tanker,0,42.0,244.0,Combined GPS/GLONASS,15.0,EG_SUEZ,18/02/2025 18:00:00,AIS,POINT (14.83462 55.300647),626226000_1,0 days 00:01:00,-1.745379542936592e-06,264.49752841758755,0.0,0,6.798926192520992,55.300647,14.83462
2025-02-03 23:24:00,2025-02-03 23:24:00,Class A,626226000_1,55.301122,14.830728,Under way using engine,23.6,8.1,291.8,308.0,9319703,TRAM2,GREAT JACOMBO,Tanker,0,42.0,244.0,Combined GPS/GLONASS,15.0,EG_SUEZ,18/02/2025 18:00:00,AIS,POINT (14.830728 55.301122),626226000_1,0 days 00:00:59,-6.237935081580238e-06,282.10207976678976,0.0,0,6.795074465757458,55.301122,14.830728
2025-02-03 23:25:01,2025-02-03 23:25:01,Class A,626226000_1,55.30233,14.827475,Under way using engine,19.7,7.3,314.0,329.0,9319703,TRAM2,GREAT JACOMBO,Tanker,0,42.0,244.0,Combined GPS/GLONASS,15.0,EG_SUEZ,18/02/2025 18:00:00,AIS,POINT (14.827475 55.30233),626226000_1,0 days 00:01:01,-3.987620982640758e-06,303.11948751912115,0.0,0,6.791608081033093,55.30233,14.827475
2025-02-03 23:26:01,2025-02-03 23:26:01,Class A,626226000_1,55.303917,14.825445,Under way using engine,12.9,6.9,331.6,342.0,9319703,TRAM2,GREAT JACOMBO,Tanker,0,42.0,244.0,Combined GPS/GLONASS,15.0,EG_SUEZ,18/02/2025 18:00:00,AIS,POINT (14.825445 55.303917),626226000_1,0 days 00:01:00,-6.600674633804125e-06,323.94125070266495,0.0,0,6.7891911628597565,55.303917,14.825445
2025-02-03 23:27:01,2025-02-03 23:27:01,Class A,626226000_1,55.305667,14.824292,Under way using engine,-2.9,6.6,344.4,346.0,9319703,TRAM2,GREAT JACOMBO,Tanker,0,42.0,244.0,Combined GPS/GLONASS,15.0,EG_SUEZ,18/02/2025 18:00:00,AIS,POINT (14.824292 55.305667),626226000_1,0 days 00:01:00,-2.940573529036079e-06,339.4429933930569,0.0,0,6.787560142361907,55.305667,14.824292
2025-02-03 23:28:01,2025-02-03 23:28:01,Class A,626226000_1,55.307485,14.823458,Under way using engine,-0.4,6.8,345.1,345.0,9319703,TRAM2,GREAT JACOMBO,Tanker,0,42.0,244.0,Combined GPS/GLONASS,15.0,EG_SUEZ,18/02/2025 18:00:00,AIS,POINT (14.823458 55.307485),626226000_1,0 days 00:01:00,2.9977273782965815e-07,345.36649939893465,0.0,0,6.786212583945481,55.307485,14.823458
2025-02-03 23:34:03,2025-02-03 23:34:03,Class A,626226000_1,55.318367,14.815125,Under way using engine,-17.9,7.3,301.9,285.0,9319703,TRAM2,GREAT JACOMBO,Tanker,0,42.0,244.0,Combined GPS/GLONASS,15.0,EG_SUEZ,18/02/2025 18:00:00,AIS,POINT (14.815125 55.318367),626226000_1,0 days 00:06:02,4.5590869591217856e-07,336.45636270097054,0.0,0,6.774969323507892,55.318367,14.815125
2025-02-03 23:35:03,2025-02-03 23:35:03,Class A,626226000_1,55.319148,14.811878,Under way using engine,-7.5,7.2,285.0,272.0,9319703,TRAM2,GREAT JACOMBO,Tanker,0,42.0,244.0,Combined GPS/GLONASS,15.0,EG_SUEZ,18/02/2025 18:00:00,AIS,POINT (14.811878 55.319148),626226000_1,0 days 00:01:00,1.2809921405751015e-06,292.91588868704105,0.0,0,6.771638330806586,55.319148,14.811878
2025-02-03 23:36:03,2025-02-03 23:36:03,Class A,626226000_1,55.319455,14.808367,Under way using engine,3.6,7.4,274.1,270.0,9319703,TRAM2,GREAT JACOMBO,Tanker,0,42.0,244.0,Combined GPS/GLONASS,15.0,EG_SUEZ,18/02/2025 18:00:00,AIS,POINT (14.808367 55.319455),626226000_1,0 days 00:01:00,4.931654209314445e-07,278.7378303943191,0.0,0,6.768199451815898,55.319455,14.808367
2025-02-03 23:37:03,2025-02-03 23:37:03,Class A,626226000_1,55.319597,14.804595,Under way using engine,-0.4,7.8,272.0,270.0,9319703,TRAM2,GREAT JACOMBO,Tanker,0,42.0,244.0,Combined GPS/GLONASS,15.0,EG_SUEZ,18/02/2025 18:00:00,AIS,POINT (14.804595 55.319597),626226000_1,0 days 00:01:00,4.023420555459356e-06,273.78680528445716,0.0,0,6.764561998028623,55.319597,14.804595
2025-02-03 23:38:03,2025-02-03 23:38:03,Class A,626226000_1,55.319695,14.80069,Under way using engine,-2.2,8.2,272.6,270.0,9319703,TRAM2,GREAT JACOMBO,Tanker,0,42.0,244.0,Combined GPS/GLONASS,15.0,EG_SUEZ,18/02/2025 18:00:00,AIS,POINT (14.80069 55.319695),626226000_1,0 days 00:01:00,2.2670562930847287e-06,272.52703872326964,0.0,0,6.760811318448695,55.319695,14.80069
2025-02-03 23:40:03,2025-02-03 23:40:03,Class A,626226000_1,55.31987,14.792395,Under way using engine,0.0,8.7,271.8,270.0,9319703,TRAM2,GREAT JACOMBO,Tanker,0,42.0,244.0,Combined GPS/GLONASS,15.0,EG_SUEZ,18/02/2025 18:00:00,AIS,POINT (14.792395 55.31987),626226000_1,0 days 00:02:00,2.129754622514077e-06,272.12683339150516,0.0,0,6.752854788386465,55.31987,14.792395
2025-02-03 23:41:02,2025-02-03 23:41:02,Class A,626226000_1,55.31995,14.788173,Under way using engine,0.4,9.1,272.0,270.0,9319703,TRAM2,GREAT JACOMBO,Tanker,0,42.0,244.0,Combined GPS/GLONASS,15.0,EG_SUEZ,18/02/2025 18:00:00,AIS,POINT (14.788173 55.31995),626226000_1,0 days 00:00:59,2.6107012777709e-06,271.90906838716876,0.0,0,6.748808135489556,55.31995,14.788173
2025-02-03 23:42:02,2025-02-03 23:42:02,Class A,626226000_1,55.320023,14.783658,Under way using engine,-1.1,9.4,271.8,270.0,9319703,TRAM2,GREAT JACOMBO,Tanker,0,42.0,244.0,Combined GPS/GLONASS,15.0,EG_SUEZ,18/02/2025 18:00:00,AIS,POINT (14.783658 55.320023),626226000_1,0 days 00:01:00,3.895036496943935e-06,271.6295183215013,0.0,0,6.744484707953901,55.320023,14.783658
2025-02-03 23:43:02,2025-02-03 23:43:02,Class A,626226000_1,55.320123,14.779017,Under way using engine,3.6,9.6,272.2,270.0,9319703,TRAM2,GREAT JACOMBO,Tanker,0,42.0,244.0,Combined GPS/GLONASS,15.0,EG_SUEZ,18/02/2025 18:00:00,AIS,POINT (14.779017 55.320123),626226000_1,0 days 00:01:00,2.2481641536468746e-06,272.17060008650594,0.0,0,6.740033292171856,55.320123,14.779017
2025-02-03 23:44:02,2025-02-03 23:44:02,Class A,626226000_1,55.320227,14.774263,Under way using engine,-0.7,9.9,272.0,270.0,9319703,TRAM2,GREAT JACOMBO,Tanker,0,42.0,244.0,Combined GPS/GLONASS,15.0,EG_SUEZ,18/02/2025 18:00:00,AIS,POINT (14.774263 55.320227),626226000_1,0 days 00:01:00,1.9957314321773893e-06,272.2037569420267,0.0,0,6.735473282673533,55.320227,14.774263
2025-02-03 23:45:02,2025-02-03 23:45:02,Class A,626226000_1,55.320322,14.769413,Under way using engine,-3.6,10.1,271.5,269.0,9319703,TRAM2,GREAT JACOMBO,Tanker,0,42.0,244.0,Combined GPS/GLONASS,15.0,EG_SUEZ,18/02/2025 18:00:00,AIS,POINT (14.769413 55.320322),626226000_1,0 days 00:01:00,1.6814535597312428e-06,271.9736426564672,0.0,0,6.730824851258129,55.320322,14.769413
2025-02-03 23:46:02,2025-02-03 23:46:02,Class A,626226000_1,55.320392,14.764395,Under way using engine,-2.2,10.2,271.0,269.0,9319703,TRAM2,GREAT JACOMBO,Tanker,0,42.0,244.0,Combined GPS/GLONASS,15.0,EG_SUEZ,18/02/2025 18:00:00,AIS,POINT (14.764395 55.320392),626226000_1,0 days 00:01:00,2.9384049960864503e-06,271.40649420268556,0.0,0,6.726024329659983,55.320392,14.764395
2025-02-03 23:47:02,2025-02-03 23:47:02,Class A,626226000_1,55.32045,14.759392,Under way using engine,3.6,10.3,271.1,270.0,9319703,TRAM2,GREAT JACOMBO,Tanker,0,42.0,244.0,Combined GPS/GLONASS,15.0,EG_SUEZ,18/02/2025 18:00:00,AIS,POINT (14.759392 55.32045),626226000_1,0 days 00:01:00,-2.728992397384918e-07,271.16929156375517,0.0,0,6.721242072761625,55.32045,14.759392
2025-02-03 23:48:02,2025-02-03 23:48:02,Class A,626226000_1,55.320523,14.754333,Under way using engine,2.2,10.5,271.8,270.0,9319703,TRAM2,GREAT JACOMBO,Tanker,0,42.0,244.0,Combined GPS/GLONASS,15.0,EG_SUEZ,18/02/2025 18:00:00,AIS,POINT (14.754333 55.320523),626226000_1,0 days 00:01:00,9.976964141480566e-07,271.4548155156591,0.0,0,6.716402232255675,55.320523,14.754333
2025-02-03 23:49:02,2025-02-03 23:49:02,Class A,626226000_1,55.320625,14.74923,Under way using engine,-1.6,10.5,272.0,270.0,9319703,TRAM2,GREAT JACOMBO,Tanker,0,42.0,244.0,Combined GPS/GLONASS,15.0,EG_SUEZ,18/02/2025 18:00:00,AIS,POINT (14.74923 55.320625),626226000_1,0 days 00:01:00,8.024145304134315e-07,272.01405394425166,0.0,0,6.711511959009237,55.320625,14.74923
2025-02-03 23:50:02,2025-02-03 23:50:02,Class A,626226000_1,55.320723,14.74409,Under way using engine,-2.2,10.5,271.7,270.0,9319703,TRAM2,GREAT JACOMBO,Tanker,0,42.0,244.0,Combined GPS/GLONASS,15.0,EG_SUEZ,18/02/2025 18:00:00,AIS,POINT (14.74409 55.320723),626226000_1,0 days 00:01:00,6.476195362836203e-07,271.9213298704019,0.0,0,6.706587999354664,55.320723,14.74409
2025-02-03 23:51:02,2025-02-03 23:51:02,Class A,626226000_1,55.320793,14.738917,Under way using engine,2.2,10.6,271.0,270.0,9319703,TRAM2,GREAT JACOMBO,Tanker,0,42.0,244.0,Combined GPS/GLONASS,15.0,EG_SUEZ,18/02/2025 18:00:00,AIS,POINT (14.738917 55.320793),626226000_1,0 days 00:01:00,5.567616911109306e-07,271.36450648030905,0.0,0,6.70164151561429,55.320793,14.738917
2025-02-03 23:52:02,2025-02-03 23:52:02,Class A,626226000_1,55.320848,14.733713,Under way using engine,-0.4,10.7,271.0,269.0,9319703,TRAM2,GREAT JACOMBO,Tanker,0,42.0,244.0,Combined GPS/GLONASS,15.0,EG_SUEZ,18/02/2025 18:00:00,AIS,POINT (14.733713 55.320848),626226000_1,0 days 00:01:00,5.365906361915294e-07,271.06628408587284,0.0,0,6.696670456822107,55.320848,14.733713
2025-02-03 23:53:02,2025-02-03 23:53:02,Class A,626226000_1,55.320907,14.72849,Under way using engine,-8.7,10.7,272.5,268.0,9319703,TRAM2,GREAT JACOMBO,Tanker,0,42.0,244.0,Combined GPS/GLONASS,15.0,EG_SUEZ,18/02/2025 18:00:00,AIS,POINT (14.72849 55.320907),626226000_1,0 days 00:01:00,3.372241186742637e-07,271.13951459821436,0.0,0,6.691680440963093,55.320907,14.72849
2025-02-03 23:54:03,2025-02-03 23:54:03,Class A,626226000_1,55.320875,14.723307,Under way using engine,-14.5,10.6,266.4,258.0,9319703,TRAM2,GREAT JACOMBO,Tanker,0,42.0,244.0,Combined GPS/GLONASS,15.0,EG_SUEZ,18/02/2025 18:00:00,AIS,POINT (14.723307 55.320875),626226000_1,0 days 00:01:01,-2.180168061221069e-06,269.3804358423373,0.0,0,6.68675675894383,55.320875,14.723307
2025-02-03 23:55:03,2025-02-03 23:55:03,Class A,626226000_1,55.320358,14.718318,Under way using engine,-14.5,10.2,254.0,245.0,9319703,TRAM2,GREAT JACOMBO,Tanker,0,42.0,244.0,Combined GPS/GLONASS,15.0,EG_SUEZ,18/02/2025 18:00:00,AIS,POINT (14.718318 55.320358),626226000_1,0 days 00:01:00,-4.863702299276376e-07,259.68001031928185,0.0,0,6.682166956789468,55.320358,14.718318
2025-02-03 23:56:03,2025-02-03 23:56:03,Class A,626226000_1,55.319227,14.71381,Under way using engine,-4.5,10.0,239.0,236.0,9319703,TRAM2,GREAT JACOMBO,Tanker,0,42.0,244.0,Combined GPS/GLONASS,15.0,EG_SUEZ,18/02/2025 18:00:00,AIS,POINT (14.71381 55.319227),626226000_1,0 days 00:01:00,-2.5672951196107867e-06,246.20772089362555,0.0,0,6.678224154738145,55.319227,14.71381
2025-02-03 23:57:03,2025-02-03 23:57:03,Class A,626226000_1,55.317713,14.70971,Under way using engine,-2.9,10.0,234.0,230.0,9319703,TRAM2,GREAT JACOMBO,Tanker,0,42.0,244.0,Combined GPS/GLONASS,15.0,EG_SUEZ,18/02/2025 18:00:00,AIS,POINT (14.70971 55.317713),626226000_1,0 days 00:01:00,-7.110598200040704e-07,237.01968036994313,0.0,0,6.674788302883321,55.317713,14.70971
2025-02-03 23:58:03,2025-02-03 23:58:03,Class A,626226000_1,55.315933,14.70594,Under way using engine,-0.7,10.1,228.3,228.0,9319703,TRAM2,GREAT JACOMBO,Tanker,0,42.0,244.0,Combined GPS/GLONASS,15.0,EG_SUEZ,18/02/2025 18:00:00,AIS,POINT (14.70594 55.315933),626226000_1,0 days 00:01:00,1.77616214783443e-07,230.31800473892008,0.0,0,6.671749441087247,55.315933,14.70594
2025-02-03 23:59:03,2025-02-03 23:59:03,Class A,626226000_1,55.314048,14.70226,Under way using engine,-1.6,10.2,228.3,229.0,9319703,TRAM2,GREAT JACOMBO,Tanker,0,42.0,244.0,Combined GPS/GLONASS,15.0,EG_SUEZ,18/02/2025 18:00:00,AIS,POINT (14.70226 55.314048),626226000_1,0 days 00:01:00,9.211597170581502e-07,228.0103903482258,0.0,0,6.6688298029034305,55.314048,14.70226
2025-02-04 00:00:03,2025-02-04 00:00:03,Class A,626226000_1,55.312185,14.698473,Under way using engine,-1.1,10.3,230.4,231.0,Unknown,Unknown,0,Undefined,0,0.0,0.0,Undefined,0.0,Unknown,0,AIS,POINT (14.698473 55.312185),626226000_1,0 days 00:01:00,9.694289287063106e-07,229.1600609510875,0.0,0,6.665802887839169,55.312185,14.698473
2025-02-04 00:01:03,2025-02-04 00:01:03,Class A,626226000_1,55.310367,14.694575,Under way using engine,-5.4,10.4,231.0,231.0,Unknown,Unknown,KIRA K,Undefined,0,44.0,249.0,Undefined,8.2,Unknown,04/02/2025 10:00:00,AIS,POINT (14.694575 55.310367),626226000_1,0 days 00:01:00,6.066165784891196e-07,230.66692029164957,0.0,0,6.662657795149996,55.310367,14.694575
2025-02-04 00:02:03,2025-02-04 00:02:03,Class A,626226000_1,55.30853,14.690662,Under way using engine,-2.9,10.4,229.8,230.0,9319703,TRAM2,GREAT JACOMBO,Tanker,0,42.0,244.0,Combined GPS/GLONASS,15.0,EG_SUEZ,18/02/2025 18:00:00,AIS,POINT (14.690662 55.30853),626226000_1,0 days 00:01:00,5.79662538929985e-07,230.4839481653708,0.0,0,6.6595056181312,55.30853,14.690662
2025-02-04 00:03:02,2025-02-04 00:03:02,Class A,626226000_1,55.306678,14.68685,Under way using engine,-0.4,10.4,229.4,229.0,9319703,TRAM2,GREAT JACOMBO,Tanker,0,42.0,244.0,Combined GPS/GLONASS,15.0,EG_SUEZ,18/02/2025 18:00:00,AIS,POINT (14.68685 55.306678),626226000_1,0 days 00:00:59,4.385682592143113e-07,229.5180578626503,0.0,0,6.65645542683439,55.306678,14.68685
2025-02-04 00:04:02,2025-02-04 00:04:02,Class A,626226000_1,55.304785,14.68295,Under way using engine,-2.9,10.6,230.0,230.0,9319703,TRAM2,GREAT JACOMBO,Tanker,0,42.0,244.0,Combined GPS/GLONASS,15.0,EG_SUEZ,18/02/2025 18:00:00,AIS,POINT (14.68295 55.304785),626226000_1,0 days 00:01:00,5.092727350814649e-07,229.54562175547215,0.0,0,6.653335623911062,55.304785,14.68295
2025-02-04 00:05:02,2025-02-04 00:05:02,Class A,626226000_1,55.302908,14.678985,Under way using engine,-0.2,10.6,230.5,230.0,9319703,TRAM2,GREAT JACOMBO,Tanker,0,42.0,244.0,Combined GPS/GLONASS,15.0,EG_SUEZ,18/02/2025 18:00:00,AIS,POINT (14.678985 55.302908),626226000_1,0 days 00:01:00,5.620804809575337e-07,230.25321836013882,0.0,0,6.650150430943499,55.302908,14.678985
2025-02-04 00:06:02,2025-02-04 00:06:02,Class A,626226000_1,55.301025,14.674983,Under way using engine,0.4,10.7,230.1,230.0,9319703,TRAM2,GREAT JACOMBO,Tanker,0,42.0,244.0,Combined GPS/GLONASS,15.0,EG_SUEZ,18/02/2025 18:00:00,AIS,POINT (14.674983 55.301025),626226000_1,0 days 00:01:00,6.23775431029631e-07,230.4262070168357,0.0,0,6.646933316208685,55.301025,14.674983
2025-02-04 00:07:03,2025-02-04 00:07:03,Class A,626226000_1,55.299073,14.670908,Under way using engine,2.2,10.8,229.9,230.0,9319703,TRAM2,GREAT JACOMBO,Tanker,0,42.0,244.0,Combined GPS/GLONASS,15.0,EG_SUEZ,18/02/2025 18:00:00,AIS,POINT (14.670908 55.299073),626226000_1,0 days 00:01:01,8.051299038414374e-07,229.92281531166708,0.0,0,6.643669751848297,55.299073,14.670908
2025-02-04 00:08:03,2025-02-04 00:08:03,Class A,626226000_1,55.297145,14.666853,Under way using engine,0.7,10.8,230.5,230.0,9319703,TRAM2,GREAT JACOMBO,Tanker,0,42.0,244.0,Combined GPS/GLONASS,15.0,EG_SUEZ,18/02/2025 18:00:00,AIS,POINT (14.666853 55.297145),626226000_1,0 days 00:01:00,7.947871365686828e-07,230.13437003609974,0.0,0,6.6404191605745035,55.297145,14.666853
2025-02-04 00:09:03,2025-02-04 00:09:03,Class A,626226000_1,55.295237,14.662717,Under way using engine,0.0,10.9,231.7,231.0,9319703,TRAM2,GREAT JACOMBO,Tanker,0,42.0,244.0,Combined GPS/GLONASS,15.0,EG_SUEZ,18/02/2025 18:00:00,AIS,POINT (14.662717 55.295237),626226000_1,0 days 00:01:00,7.149861080012546e-07,230.98483444858195,0.0,0,6.637086823470446,55.295237,14.662717
2025-02-04 00:10:03,2025-02-04 00:10:03,Class A,626226000_1,55.293322,14.658535,Under way using engine,-5.4,11.1,230.9,229.0,9319703,TRAM2,GREAT JACOMBO,Tanker,0,42.0,244.0,Combined GPS/GLONASS,15.0,EG_SUEZ,18/02/2025 18:00:00,AIS,POINT (14.658535 55.293322),626226000_1,0 days 00:01:00,7.706526729748478e-07,231.19338376576195,0.0,0,6.633714447853329,55.293322,14.658535
2025-02-04 00:11:02,2025-02-04 00:11:02,Class A,626226000_1,55.291357,14.654388,Under way using engine,6.4,11.0,230.2,229.0,9319703,TRAM2,GREAT JACOMBO,Tanker,0,42.0,244.0,Combined GPS/GLONASS,15.0,EG_SUEZ,18/02/2025 18:00:00,AIS,POINT (14.654388 55.291357),626226000_1,0 days 00:00:59,2.1502172239902883e-06,230.23503514323588,0.0,0,6.630392466219781,55.291357,14.654388
2025-02-04 00:12:02,2025-02-04 00:12:02,Class A,626226000_1,55.289378,14.65023,Under way using engine,4.5,11.1,230.5,230.0,9319703,TRAM2,GREAT JACOMBO,Tanker,0,42.0,244.0,Combined GPS/GLONASS,15.0,EG_SUEZ,18/02/2025 18:00:00,AIS,POINT (14.65023 55.289378),626226000_1,0 days 00:01:00,-1.183293116040424e-06,230.11101673441354,0.0,0,6.627065952256173,55.289378,14.65023
2025-02-04 00:13:02,2025-02-04 00:13:02,Class A,626226000_1,55.287415,14.646018,Under way using engine,2.2,11.2,231.1,230.0,9319703,TRAM2,GREAT JACOMBO,Tanker,0,42.0,244.0,Combined GPS/GLONASS,15.0,EG_SUEZ,18/02/2025 18:00:00,AIS,POINT (14.646018 55.287415),626226000_1,0 days 00:01:00,4.2287256894390247e-07,230.70394719142004,0.0,0,6.623684677428416,55.287415,14.646018
2025-02-04 00:14:02,2025-02-04 00:14:02,Class A,626226000_1,55.285462,14.641762,Under way using engine,3.6,11.2,231.6,230.0,9319703,TRAM2,GREAT JACOMBO,Tanker,0,42.0,244.0,Combined GPS/GLONASS,15.0,EG_SUEZ,18/02/2025 18:00:00,AIS,POINT (14.641762 55.285462),626226000_1,0 days 00:01:00,4.1148861208931823e-07,231.13992195300665,0.0,0,6.620260027789316,55.285462,14.641762
2025-02-04 00:15:02,2025-02-04 00:15:02,Class A,626226000_1,55.283497,14.637505,Under way using engine,0.4,11.2,230.2,229.0,9319703,TRAM2,GREAT JACOMBO,Tanker,0,42.0,244.0,Combined GPS/GLONASS,15.0,EG_SUEZ,18/02/2025 18:00:00,AIS,POINT (14.637505 55.283497),626226000_1,0 days 00:01:00,2.4955322074802707e-07,230.97630701341706,0.0,0,6.616839757120692,55.283497,14.637505
2025-02-04 00:16:02,2025-02-04 00:16:02,Class A,626226000_1,55.28147,14.633323,Under way using engine,-3.6,11.3,229.2,228.0,9319703,TRAM2,GREAT JACOMBO,Tanker,0,42.0,244.0,Combined GPS/GLONASS,15.0,EG_SUEZ,18/02/2025 18:00:00,AIS,POINT (14.633323 55.28147),626226000_1,0 days 00:01:00,2.0709022795279964e-07,229.60244354208226,0.0,0,6.613511790558025,55.28147,14.633323
2025-02-04 00:17:02,2025-02-04 00:17:02,Class A,626226000_1,55.279387,14.629207,Under way using engine,4.5,11.3,228.4,229.0,9319703,TRAM2,GREAT JACOMBO,Tanker,0,42.0,244.0,Combined GPS/GLONASS,15.0,EG_SUEZ,18/02/2025 18:00:00,AIS,POINT (14.629207 55.279387),626226000_1,0 days 00:01:00,2.5792050765579706e-07,228.37950488006666,0.0,0,6.610265745951897,55.279387,14.629207
2025-02-04 00:18:02,2025-02-04 00:18:02,Class A,626226000_1,55.277303,14.625055,Under way using engine,-0.4,11.4,228.8,230.0,9319703,TRAM2,GREAT JACOMBO,Tanker,0,42.0,244.0,Combined GPS/GLONASS,15.0,EG_SUEZ,18/02/2025 18:00:00,AIS,POINT (14.625055 55.277303),626226000_1,0 days 00:01:00,4.996936897192662e-07,228.6149838282727,0.0,0,6.60698750037814,55.277303,14.625055
2025-02-04 00:19:02,2025-02-04 00:19:02,Class A,626226000_1,55.275245,14.620843,Under way using engine,0.0,11.4,230.0,231.0,9319703,TRAM2,GREAT JACOMBO,Tanker,0,42.0,244.0,Combined GPS/GLONASS,15.0,EG_SUEZ,18/02/2025 18:00:00,AIS,POINT (14.620843 55.275245),626226000_1,0 days 00:01:00,2.7609234190671394e-07,229.37966439480365,0.0,0,6.60364574558062,55.275245,14.620843
2025-02-04 00:20:02,2025-02-04 00:20:02,Class A,626226000_1,55.273197,14.616603,Under way using engine,-3.6,11.4,229.4,231.0,9319703,TRAM2,GREAT JACOMBO,Tanker,0,42.0,244.0,Combined GPS/GLONASS,15.0,EG_SUEZ,18/02/2025 18:00:00,AIS,POINT (14.616603 55.273197),626226000_1,0 days 00:01:00,1.7896192407849663e-07,229.7063605348293,0.0,0,6.600275901959628,55.273197,14.616603
2025-02-04 00:21:03,2025-02-04 00:21:03,Class A,626226000_1,55.271112,14.612405,Under way using engine,-0.4,11.4,228.8,230.0,9319703,TRAM2,GREAT JACOMBO,Tanker,0,42.0,244.0,Combined GPS/GLONASS,15.0,EG_SUEZ,18/02/2025 18:00:00,AIS,POINT (14.612405 55.271112),626226000_1,0 days 00:01:01,-1.4019305066671397e-06,228.91872624917764,0.0,0,6.596959292044934,55.271112,14.612405
2025-02-04 00:22:03,2025-02-04 00:22:03,Class A,626226000_1,55.269005,14.60823,Under way using engine,4.5,11.4,228.6,230.0,9319703,TRAM2,GREAT JACOMBO,Tanker,0,42.0,244.0,Combined GPS/GLONASS,15.0,EG_SUEZ,18/02/2025 18:00:00,AIS,POINT (14.60823 55.269005),626226000_1,0 days 00:01:00,1.7566178056504257e-06,228.4659331176726,0.0,0,6.593673160046986,55.269005,14.60823
2025-02-04 00:23:03,2025-02-04 00:23:03,Class A,626226000_1,55.266917,14.604018,Under way using engine,2.9,11.4,229.6,231.0,9319703,TRAM2,GREAT JACOMBO,Tanker,0,42.0,244.0,Combined GPS/GLONASS,15.0,EG_SUEZ,18/02/2025 18:00:00,AIS,POINT (14.604018 55.266917),626226000_1,0 days 00:01:00,1.0716764932730607e-07,228.97540405492185,0.0,0,6.590347577953988,55.266917,14.604018
2025-02-04 00:24:03,2025-02-04 00:24:03,Class A,626226000_1,55.264858,14.599767,Under way using engine,1.6,11.4,229.7,230.0,9319703,TRAM2,GREAT JACOMBO,Tanker,0,42.0,244.0,Combined GPS/GLONASS,15.0,EG_SUEZ,18/02/2025 18:00:00,AIS,POINT (14.599767 55.264858),626226000_1,0 days 00:01:00,-5.849614647344496e-08,229.63411320130427,0.0,0,6.586977445973989,55.264858,14.599767
2025-02-04 00:25:03,2025-02-04 00:25:03,Class A,626226000_1,55.262792,14.595537,Under way using engine,-0.4,11.4,228.8,229.0,9319703,TRAM2,GREAT JACOMBO,Tanker,0,42.0,244.0,Combined GPS/GLONASS,15.0,EG_SUEZ,18/02/2025 18:00:00,AIS,POINT (14.595537 55.262792),626226000_1,0 days 00:01:00,-1.390035927949547e-07,229.39943654938057,0.0,0,6.583631113366697,55.262792,14.595537
2025-02-04 00:26:03,2025-02-04 00:26:03,Class A,626226000_1,55.260688,14.591373,Under way using engine,-0.2,11.3,228.1,228.0,9319703,TRAM2,GREAT JACOMBO,Tanker,0,42.0,244.0,Combined GPS/GLONASS,15.0,EG_SUEZ,18/02/2025 18:00:00,AIS,POINT (14.591373 55.260688),626226000_1,0 days 00:01:00,-1.0516787251942799e-07,228.43737539459698,0.0,0,6.580361148182826,55.260688,14.591373
2025-02-04 00:27:03,2025-02-04 00:27:03,Class A,626226000_1,55.258565,14.587238,Under way using engine,0.7,11.4,228.4,230.0,9319703,TRAM2,GREAT JACOMBO,Tanker,0,42.0,244.0,Combined GPS/GLONASS,15.0,EG_SUEZ,18/02/2025 18:00:00,AIS,POINT (14.587238 55.258565),626226000_1,0 days 00:01:00,1.1747713928265495e-08,227.98399510703885,0.0,0,6.577126433002486,55.258565,14.587238
2025-02-04 00:28:02,2025-02-04 00:28:02,Class A,626226000_1,55.256518,14.583112,Under way using engine,0.7,11.4,229.4,230.0,9319703,TRAM2,GREAT JACOMBO,Tanker,0,42.0,244.0,Combined GPS/GLONASS,15.0,EG_SUEZ,18/02/2025 18:00:00,AIS,POINT (14.583112 55.256518),626226000_1,0 days 00:00:59,-3.7194066073316826e-08,228.9601729357911,0.0,0,6.573877484404847,55.256518,14.583112
2025-02-04 00:29:02,2025-02-04 00:29:02,Class A,626226000_1,55.254478,14.578855,Under way using engine,-4.5,11.4,230.7,231.0,9319703,TRAM2,GREAT JACOMBO,Tanker,0,42.0,244.0,Combined GPS/GLONASS,15.0,EG_SUEZ,18/02/2025 18:00:00,AIS,POINT (14.578855 55.254478),626226000_1,0 days 00:01:00,-1.3964618410938768e-08,229.94322866610622,0.0,0,6.570503887661738,55.254478,14.578855
2025-02-04 00:30:02,2025-02-04 00:30:02,Class A,626226000_1,55.252465,14.574567,Under way using engine,-2.2,11.4,230.4,230.0,9319703,TRAM2,GREAT JACOMBO,Tanker,0,42.0,244.0,Combined GPS/GLONASS,15.0,EG_SUEZ,18/02/2025 18:00:00,AIS,POINT (14.574567 55.252465),626226000_1,0 days 00:01:00,-1.0921905164359517e-07,230.52441854477698,0.0,0,6.567093897399442,55.252465,14.574567
2025-02-04 00:31:02,2025-02-04 00:31:02,Class A,626226000_1,55.250428,14.570312,Under way using engine,-3.6,11.4,229.8,229.0,9319703,TRAM2,GREAT JACOMBO,Tanker,0,42.0,244.0,Combined GPS/GLONASS,15.0,EG_SUEZ,18/02/2025 18:00:00,AIS,POINT (14.570312 55.250428),626226000_1,0 days 00:01:00,2.837117448996456e-08,229.974373986114,0.0,0,6.5637245390346015,55.250428,14.570312
2025-02-04 00:32:02,2025-02-04 00:32:02,Class A,626226000_1,55.24835,14.56612,Under way using engine,1.1,11.4,228.7,229.0,9319703,TRAM2,GREAT JACOMBO,Tanker,0,42.0,244.0,Combined GPS/GLONASS,15.0,EG_SUEZ,18/02/2025 18:00:00,AIS,POINT (14.56612 55.24835),626226000_1,0 days 00:01:00,-2.11531579080339e-08,228.98982335350527,0.0,0,6.560429720384861,55.24835,14.56612
2025-02-04 00:33:02,2025-02-04 00:33:02,Class A,626226000_1,55.246267,14.561925,Under way using engine,2.9,11.5,229.5,230.0,9319703,TRAM2,GREAT JACOMBO,Tanker,0,42.0,244.0,Combined GPS/GLONASS,15.0,EG_SUEZ,18/02/2025 18:00:00,AIS,POINT (14.561925 55.246267),626226000_1,0 days 00:01:00,1.4430806213286118e-07,228.9434178953703,0.0,0,6.5571353670084465,55.246267,14.561925
2025-02-04 00:34:02,2025-02-04 00:34:02,Class A,626226000_1,55.244227,14.557655,Under way using engine,5.4,11.4,230.7,231.0,9319703,TRAM2,GREAT JACOMBO,Tanker,0,42.0,244.0,Combined GPS/GLONASS,15.0,EG_SUEZ,18/02/2025 18:00:00,AIS,POINT (14.557655 55.244227),626226000_1,0 days 00:01:00,1.4853232367955463e-07,230.03654115836483,0.0,0,6.5537578087867265,55.244227,14.557655
2025-02-04 00:35:02,2025-02-04 00:35:02,Class A,626226000_1,55.242225,14.553333,Under way using engine,1.1,11.4,230.8,230.0,9319703,TRAM2,GREAT JACOMBO,Tanker,0,42.0,244.0,Combined GPS/GLONASS,15.0,EG_SUEZ,18/02/2025 18:00:00,AIS,POINT (14.553333 55.242225),626226000_1,0 days 00:01:00,-3.4772276728418004e-08,230.90730018364854,0.0,0,6.550320399806792,55.242225,14.553333
2025-02-04 00:36:02,2025-02-04 00:36:02,Class A,626226000_1,55.240203,14.549042,Under way using engine,2.2,11.4,230.1,229.0,9319703,TRAM2,GREAT JACOMBO,Tanker,0,42.0,244.0,Combined GPS/GLONASS,15.0,EG_SUEZ,18/02/2025 18:00:00,AIS,POINT (14.549042 55.240203),626226000_1,0 days 00:01:00,-2.9548694871816526e-08,230.42729213844154,0.0,0,6.546920473431764,55.240203,14.549042
2025-02-04 00:37:02,2025-02-04 00:37:02,Class A,626226000_1,55.238153,14.544788,Under way using engine,-2.2,11.4,229.6,229.0,9319703,TRAM2,GREAT JACOMBO,Tanker,0,42.0,244.0,Combined GPS/GLONASS,15.0,EG_SUEZ,18/02/2025 18:00:00,AIS,POINT (14.544788 55.238153),626226000_1,0 days 00:01:00,5.5449693547379486e-08,229.79684437511406,0.0,0,6.543566325858095,55.238153,14.544788
2025-02-04 00:38:02,2025-02-04 00:38:02,Class A,626226000_1,55.236097,14.540538,Under way using engine,-2.9,11.5,229.9,230.0,9319703,TRAM2,GREAT JACOMBO,Tanker,0,42.0,244.0,Combined GPS/GLONASS,15.0,EG_SUEZ,18/02/2025 18:00:00,AIS,POINT (14.540538 55.236097),626226000_1,0 days 00:01:00,6.870779711578255e-08,229.68913879416425,0.0,0,6.5402196073346035,55.236097,14.540538
2025-02-04 00:39:02,2025-02-04 00:39:02,Class A,626226000_1,55.23407,14.53623,Under way using engine,-1.6,11.5,231.1,231.0,9319703,TRAM2,GREAT JACOMBO,Tanker,0,42.0,244.0,Combined GPS/GLONASS,15.0,EG_SUEZ,18/02/2025 18:00:00,AIS,POINT (14.53623 55.23407),626226000_1,0 days 00:01:00,2.1498381983780835e-07,230.47338861177892,0.0,0,6.536810291131982,55.23407,14.53623
2025-02-04 00:42:03,2025-02-04 00:42:03,Class A,626226000_1,55.227933,14.523303,Under way using engine,3.6,11.3,225.0,223.0,9319703,TRAM2,GREAT JACOMBO,Tanker,0,42.0,244.0,Combined GPS/GLONASS,15.0,EG_SUEZ,18/02/2025 18:00:00,AIS,POINT (14.523303 55.227933),626226000_1,0 days 00:03:01,-5.2871159539952334e-08,230.2283024640688,0.0,0,6.526608052894628,55.227933,14.523303
2025-02-04 00:43:03,2025-02-04 00:43:03,Class A,626226000_1,55.225665,14.519433,Under way using engine,-1.1,11.4,223.8,223.0,9319703,TRAM2,GREAT JACOMBO,Tanker,0,42.0,244.0,Combined GPS/GLONASS,15.0,EG_SUEZ,18/02/2025 18:00:00,AIS,POINT (14.519433 55.225665),626226000_1,0 days 00:01:00,-4.857240106156061e-07,224.22289192734428,0.0,0,6.523698438487557,55.225665,14.519433
2025-02-04 00:44:03,2025-02-04 00:44:03,Class A,626226000_1,55.2234,14.515537,Under way using engine,-2.2,11.4,225.3,225.0,9319703,TRAM2,GREAT JACOMBO,Tanker,0,42.0,244.0,Combined GPS/GLONASS,15.0,EG_SUEZ,18/02/2025 18:00:00,AIS,POINT (14.515537 55.2234),626226000_1,0 days 00:01:00,2.5797850543576977e-07,224.45421397270445,0.0,0,6.520765074279706,55.2234,14.515537
2025-02-04 00:45:03,2025-02-04 00:45:03,Class A,626226000_1,55.221182,14.511532,Under way using engine,2.2,11.5,226.6,225.0,9319703,TRAM2,GREAT JACOMBO,Tanker,0,42.0,244.0,Combined GPS/GLONASS,15.0,EG_SUEZ,18/02/2025 18:00:00,AIS,POINT (14.511532 55.221182),626226000_1,0 days 00:01:00,3.4634801465168647e-07,225.84691734292696,0.0,0,6.517715102816709,55.221182,14.511532
2025-02-04 00:46:03,2025-02-04 00:46:03,Class A,626226000_1,55.218987,14.507465,Under way using engine,-2.9,11.5,226.5,225.0,9319703,TRAM2,GREAT JACOMBO,Tanker,0,42.0,244.0,Combined GPS/GLONASS,15.0,EG_SUEZ,18/02/2025 18:00:00,AIS,POINT (14.507465 55.218987),626226000_1,0 days 00:01:00,3.0336017556649154e-07,226.58655627820994,0.0,0,6.514600803404074,55.218987,14.507465
2025-02-04 00:47:03,2025-02-04 00:47:03,Class A,626226000_1,55.216782,14.503413,Under way using engine,-2.9,11.5,225.8,224.0,9319703,TRAM2,GREAT JACOMBO,Tanker,0,42.0,244.0,Combined GPS/GLONASS,15.0,EG_SUEZ,18/02/2025 18:00:00,AIS,POINT (14.503413 55.216782),626226000_1,0 days 00:01:00,2.3148365190106778e-08,226.3523692339068,0.0,0,6.511505758544178,55.216782,14.503413
2025-02-04 00:48:03,2025-02-04 00:48:03,Class A,626226000_1,55.21451,14.49934,Under way using engine,1.6,11.5,225.6,224.0,9319703,TRAM2,GREAT JACOMBO,Tanker,0,42.0,244.0,Combined GPS/GLONASS,15.0,EG_SUEZ,18/02/2025 18:00:00,AIS,POINT (14.49934 55.21451),626226000_1,0 days 00:01:00,1.7079935076731318e-06,225.64500666880457,0.0,0,6.50841490120206,55.21451,14.49934
2025-02-04 00:49:03,2025-02-04 00:49:03,Class A,626226000_1,55.212278,14.495333,Under way using engine,-0.7,11.5,226.3,225.0,9319703,TRAM2,GREAT JACOMBO,Tanker,0,42.0,244.0,Combined GPS/GLONASS,15.0,EG_SUEZ,18/02/2025 18:00:00,AIS,POINT (14.495333 55.212278),626226000_1,0 days 00:01:00,-1.6962002011896576e-06,225.6874254733684,0.0,0,6.505374901967912,55.212278,14.495333
2025-02-04 00:50:03,2025-02-04 00:50:03,Class A,626226000_1,55.210073,14.491282,Under way using engine,0.7,11.5,226.4,225.0,9319703,TRAM2,GREAT JACOMBO,Tanker,0,42.0,244.0,Combined GPS/GLONASS,15.0,EG_SUEZ,18/02/2025 18:00:00,AIS,POINT (14.491282 55.210073),626226000_1,0 days 00:01:00,-1.5924870341681163e-08,226.35012934657647,0.0,0,6.502286244128291,55.210073,14.491282
2025-02-04 00:51:03,2025-02-04 00:51:03,Class A,626226000_1,55.207883,14.4872,Under way using engine,-2.9,11.5,226.3,225.0,9319703,TRAM2,GREAT JACOMBO,Tanker,0,42.0,244.0,Combined GPS/GLONASS,15.0,EG_SUEZ,18/02/2025 18:00:00,AIS,POINT (14.4872 55.207883),626226000_1,0 days 00:01:00,8.267094644240531e-08,226.76504813101252,0.0,0,6.499165166295437,55.207883,14.4872
2025-02-04 00:52:03,2025-02-04 00:52:03,Class A,626226000_1,55.205672,14.483153,Under way using engine,1.6,11.5,225.7,224.0,9319703,TRAM2,GREAT JACOMBO,Tanker,0,42.0,244.0,Combined GPS/GLONASS,15.0,EG_SUEZ,18/02/2025 18:00:00,AIS,POINT (14.483153 55.205672),626226000_1,0 days 00:01:00,-1.3238827547244758e-10,226.24724942881647,0.0,0,6.4960858910203765,55.205672,14.483153
2025-02-04 00:53:02,2025-02-04 00:53:02,Class A,626226000_1,55.203508,14.479275,Under way using engine,-2.9,11.5,225.7,225.0,9319703,TRAM2,GREAT JACOMBO,Tanker,0,42.0,244.0,Combined GPS/GLONASS,15.0,EG_SUEZ,18/02/2025 18:00:00,AIS,POINT (14.479275 55.203508),626226000_1,0 days 00:00:59,-1.5588524570214975e-06,225.64262397781184,0.0,0,6.493152041061259,55.203508,14.479275
2025-02-04 00:54:02,2025-02-04 00:54:02,Class A,626226000_1,55.201287,14.475223,Under way using engine,0.0,11.5,226.6,225.0,9319703,TRAM2,GREAT JACOMBO,Tanker,0,42.0,244.0,Combined GPS/GLONASS,15.0,EG_SUEZ,18/02/2025 18:00:00,AIS,POINT (14.475223 55.201287),626226000_1,0 days 00:01:00,1.8162029837581288e-06,226.15657704318352,0.0,0,6.490074976473615,55.201287,14.475223
2025-02-04 00:55:02,2025-02-04 00:55:02,Class A,626226000_1,55.199082,14.471128,Under way using engine,2.2,11.5,226.8,225.0,9319703,TRAM2,GREAT JACOMBO,Tanker,0,42.0,244.0,Combined GPS/GLONASS,15.0,EG_SUEZ,18/02/2025 18:00:00,AIS,POINT (14.471128 55.199082),626226000_1,0 days 00:01:00,2.1355321923664622e-07,226.66709702863992,0.0,0,6.486953868452358,55.199082,14.471128
2025-02-04 00:56:02,2025-02-04 00:56:02,Class A,626226000_1,55.196875,14.467027,Under way using engine,0.0,11.6,226.4,225.0,9319703,TRAM2,GREAT JACOMBO,Tanker,0,42.0,244.0,Combined GPS/GLONASS,15.0,EG_SUEZ,18/02/2025 18:00:00,AIS,POINT (14.467027 55.196875),626226000_1,0 days 00:01:00,1.2257243203309524e-07,226.68462793300594,0.0,0,6.483829612400452,55.196875,14.467027
2025-02-04 00:57:02,2025-02-04 00:57:02,Class A,626226000_1,55.194645,14.462957,Under way using engine,-2.9,11.6,225.6,224.0,9319703,TRAM2,GREAT JACOMBO,Tanker,0,42.0,244.0,Combined GPS/GLONASS,15.0,EG_SUEZ,18/02/2025 18:00:00,AIS,POINT (14.462957 55.194645),626226000_1,0 days 00:01:00,9.489000787988566e-08,226.17247214570713,0.0,0,6.480744121100677,55.194645,14.462957
2025-02-04 00:58:02,2025-02-04 00:58:02,Class A,626226000_1,55.192392,14.458923,Under way using engine,-2.9,11.6,225.5,224.0,9319703,TRAM2,GREAT JACOMBO,Tanker,0,42.0,244.0,Combined GPS/GLONASS,15.0,EG_SUEZ,18/02/2025 18:00:00,AIS,POINT (14.458923 55.192392),626226000_1,0 days 00:01:00,3.951323703261835e-08,225.62586414022087,0.0,0,6.477702123901192,55.192392,14.458923
2025-02-04 00:59:02,2025-02-04 00:59:02,Class A,626226000_1,55.190142,14.454867,Under way using engine,2.9,11.6,226.1,225.0,9319703,TRAM2,GREAT JACOMBO,Tanker,0,42.0,244.0,Combined GPS/GLONASS,15.0,EG_SUEZ,18/02/2025 18:00:00,AIS,POINT (14.454867 55.190142),626226000_1,0 days 00:01:00,2.171303681336474e-07,225.82141257053436,0.0,0,6.474640270156327,55.190142,14.454867
2025-02-04 01:00:02,2025-02-04 01:00:02,Class A,626226000_1,55.187902,14.450787,Under way using engine,0.4,11.6,226.6,225.0,9319703,TRAM2,GREAT JACOMBO,Tanker,0,42.0,244.0,Combined GPS/GLONASS,15.0,EG_SUEZ,18/02/2025 18:00:00,AIS,POINT (14.450787 55.187902),626226000_1,0 days 00:01:00,9.380028847944961e-08,226.11948731811987,0.0,0,6.471554325440681,55.187902,14.450787
2025-02-04 01:01:02,2025-02-04 01:01:02,Class A,626226000_1,55.185672,14.446682,Under way using engine,1.1,11.7,226.5,225.0,9319703,TRAM2,GREAT JACOMBO,Tanker,0,42.0,244.0,Combined GPS/GLONASS,15.0,EG_SUEZ,18/02/2025 18:00:00,AIS,POINT (14.446682 55.185672),626226000_1,0 days 00:01:00,1.0935449080857104e-07,226.4239853875457,0.0,0,6.4684433491177,55.185672,14.446682
2025-02-04 01:02:02,2025-02-04 01:02:02,Class A,626226000_1,55.183433,14.442582,Under way using engine,0.4,11.7,225.9,225.0,9319703,TRAM2,GREAT JACOMBO,Tanker,0,42.0,244.0,Combined GPS/GLONASS,15.0,EG_SUEZ,18/02/2025 18:00:00,AIS,POINT (14.442582 55.183433),626226000_1,0 days 00:01:00,1.3074084933109517e-07,226.2754529361267,0.0,0,6.465342002055266,55.183433,14.442582
2025-02-04 01:03:01,2025-02-04 01:03:01,Class A,626226000_1,55.181182,14.438503,Under way using engine,5.4,11.7,226.0,225.0,9319703,TRAM2,GREAT JACOMBO,Tanker,0,42.0,244.0,Combined GPS/GLONASS,15.0,EG_SUEZ,18/02/2025 18:00:00,AIS,POINT (14.438503 55.181182),626226000_1,0 days 00:00:59,1.719956937689473e-06,225.9770501885627,0.0,0,6.46226636776557,55.181182,14.438503
2025-02-04 01:04:01,2025-02-04 01:04:01,Class A,626226000_1,55.178928,14.434425,Under way using engine,-5.4,11.7,226.1,225.0,9319703,TRAM2,GREAT JACOMBO,Tanker,0,42.0,244.0,Combined GPS/GLONASS,15.0,EG_SUEZ,18/02/2025 18:00:00,AIS,POINT (14.434425 55.178928),626226000_1,0 days 00:01:00,-1.6450083328471323e-06,225.93351427159786,0.0,0,6.459194588248445,55.178928,14.434425
2025-02-04 01:05:01,2025-02-04 01:05:01,Class A,626226000_1,55.17667,14.430342,Under way using engine,2.2,11.7,226.4,225.0,9319703,TRAM2,GREAT JACOMBO,Tanker,0,42.0,244.0,Combined GPS/GLONASS,15.0,EG_SUEZ,18/02/2025 18:00:00,AIS,POINT (14.430342 55.17667),626226000_1,0 days 00:01:00,1.5249875255809836e-07,225.9194545811707,0.0,0,6.456121367505492,55.17667,14.430342
2025-02-04 01:06:01,2025-02-04 01:06:01,Class A,626226000_1,55.174418,14.426242,Under way using engine,-5.4,11.7,226.3,225.0,9319703,TRAM2,GREAT JACOMBO,Tanker,0,42.0,244.0,Combined GPS/GLONASS,15.0,EG_SUEZ,18/02/2025 18:00:00,AIS,POINT (14.426242 55.174418),626226000_1,0 days 00:01:00,9.093297856515152e-08,226.1162140429097,0.0,0,6.453032029511785,55.174418,14.426242
2025-02-04 01:07:01,2025-02-04 01:07:01,Class A,626226000_1,55.172178,14.422125,Under way using engine,0.4,11.7,226.1,225.0,9319703,TRAM2,GREAT JACOMBO,Tanker,0,42.0,244.0,Combined GPS/GLONASS,15.0,EG_SUEZ,18/02/2025 18:00:00,AIS,POINT (14.422125 55.172178),626226000_1,0 days 00:01:00,-3.57974116226648e-08,226.38917329708227,0.0,0,6.44992453146996,55.172178,14.422125
2025-02-04 01:08:01,2025-02-04 01:08:01,Class A,626226000_1,55.169922,14.418035,Under way using engine,0.0,11.7,225.6,225.0,9319703,TRAM2,GREAT JACOMBO,Tanker,0,42.0,244.0,Combined GPS/GLONASS,15.0,EG_SUEZ,18/02/2025 18:00:00,AIS,POINT (14.418035 55.169922),626226000_1,0 days 00:01:00,-1.9285100583884643e-10,225.9987220915903,0.0,0,6.446849783658528,55.169922,14.418035
2025-02-04 01:09:01,2025-02-04 01:09:01,Class A,626226000_1,55.167657,14.413957,Under way using engine,0.2,11.7,226.0,225.0,9319703,TRAM2,GREAT JACOMBO,Tanker,0,42.0,244.0,Combined GPS/GLONASS,15.0,EG_SUEZ,18/02/2025 18:00:00,AIS,POINT (14.413957 55.167657),626226000_1,0 days 00:01:00,4.3693873662973306e-08,225.80220318961787,0.0,0,6.443791308871277,55.167657,14.413957
2025-02-04 01:11:02,2025-02-04 01:11:02,Class A,626226000_1,55.163128,14.405802,Under way using engine,-0.4,11.7,226.2,225.0,9319703,TRAM2,GREAT JACOMBO,Tanker,0,42.0,244.0,Combined GPS/GLONASS,15.0,EG_SUEZ,18/02/2025 18:00:00,AIS,POINT (14.405802 55.163128),626226000_1,0 days 00:02:01,-4.1846302696134684e-07,225.80912716402858,0.0,0,6.43768073690712,55.163128,14.405802
2025-02-04 01:12:02,2025-02-04 01:12:02,Class A,626226000_1,55.160875,14.401693,Under way using engine,5.4,11.7,226.4,226.0,9319703,TRAM2,GREAT JACOMBO,Tanker,0,42.0,244.0,Combined GPS/GLONASS,15.0,EG_SUEZ,18/02/2025 18:00:00,AIS,POINT (14.401693 55.160875),626226000_1,0 days 00:01:00,9.902660863792076e-07,226.17599937416244,0.0,0,6.434594812451286,55.160875,14.401693
2025-02-04 01:13:02,2025-02-04 01:13:02,Class A,626226000_1,55.158612,14.397588,Under way using engine,8.7,11.7,227.5,231.0,9319703,TRAM2,GREAT JACOMBO,Tanker,0,42.0,244.0,Combined GPS/GLONASS,15.0,EG_SUEZ,18/02/2025 18:00:00,AIS,POINT (14.397588 55.158612),626226000_1,0 days 00:01:00,1.660555602318031e-07,226.0229577715069,0.0,0,6.431518018022574,55.158612,14.397588
2025-02-04 01:14:02,2025-02-04 01:14:02,Class A,626226000_1,55.156585,14.393143,Under way using engine,6.4,11.7,233.9,237.0,9319703,TRAM2,GREAT JACOMBO,Tanker,0,42.0,244.0,Combined GPS/GLONASS,15.0,EG_SUEZ,18/02/2025 18:00:00,AIS,POINT (14.393143 55.156585),626226000_1,0 days 00:01:00,-2.7906048843304685e-07,231.40560012010798,0.0,0,6.428042673390167,55.156585,14.393143
2025-02-04 01:15:02,2025-02-04 01:15:02,Class A,626226000_1,55.15487,14.388345,Under way using engine,8.7,11.6,243.3,247.0,9319703,TRAM2,GREAT JACOMBO,Tanker,0,42.0,244.0,Combined GPS/GLONASS,15.0,EG_SUEZ,18/02/2025 18:00:00,AIS,POINT (14.388345 55.15487),626226000_1,0 days 00:01:00,-4.62557622535548e-07,237.97148559304304,0.0,0,6.424130190137337,55.15487,14.388345
2025-02-04 01:16:02,2025-02-04 01:16:02,Class A,626226000_1,55.153595,14.383218,Under way using engine,4.5,11.5,249.1,251.0,9319703,TRAM2,GREAT JACOMBO,Tanker,0,42.0,244.0,Combined GPS/GLONASS,15.0,EG_SUEZ,18/02/2025 18:00:00,AIS,POINT (14.383218 55.153595),626226000_1,0 days 00:01:00,-1.173352665321499e-06,246.48144600384666,0.0,0,6.419758612907496,55.153595,14.383218
2025-02-04 01:17:02,2025-02-04 01:17:02,Class A,626226000_1,55.152598,14.377922,Under way using engine,-0.7,11.5,253.1,252.0,9319703,TRAM2,GREAT JACOMBO,Tanker,0,42.0,244.0,Combined GPS/GLONASS,15.0,EG_SUEZ,18/02/2025 18:00:00,AIS,POINT (14.377922 55.152598),626226000_1,0 days 00:01:00,-2.587833631051273e-07,251.76659271459974,0.0,0,6.415133684283204,55.152598,14.377922
2025-02-04 01:18:02,2025-02-04 01:18:02,Class A,626226000_1,55.151647,14.372602,Under way using engine,-8.7,11.5,252.0,250.0,9319703,TRAM2,GREAT JACOMBO,Tanker,0,42.0,244.0,Combined GPS/GLONASS,15.0,EG_SUEZ,18/02/2025 18:00:00,AIS,POINT (14.372602 55.151647),626226000_1,0 days 00:01:00,-2.7162303986814443e-08,252.6301599127359,0.0,0,6.410471505784892,55.151647,14.372602
2025-02-04 01:19:02,2025-02-04 01:19:02,Class A,626226000_1,55.1506,14.367338,Under way using engine,2.9,11.5,250.2,249.0,9319703,TRAM2,GREAT JACOMBO,Tanker,0,42.0,244.0,Combined GPS/GLONASS,15.0,EG_SUEZ,18/02/2025 18:00:00,AIS,POINT (14.367338 55.1506),626226000_1,0 days 00:01:00,-1.0209067022286476e-08,250.81013519095183,0.0,0,6.4058963010358685,55.1506,14.367338
2025-02-04 01:20:02,2025-02-04 01:20:02,Class A,626226000_1,55.149498,14.362098,Under way using engine,2.9,11.5,250.3,249.0,9319703,TRAM2,GREAT JACOMBO,Tanker,0,42.0,244.0,Combined GPS/GLONASS,15.0,EG_SUEZ,18/02/2025 18:00:00,AIS,POINT (14.362098 55.149498),626226000_1,0 days 00:01:00,1.7428885341486353e-07,249.7968231518332,0.0,0,6.401363924075008,55.149498,14.362098
2025-02-04 01:21:02,2025-02-04 01:21:02,Class A,626226000_1,55.148412,14.356747,Under way using engine,2.2,11.5,250.7,250.0,9319703,TRAM2,GREAT JACOMBO,Tanker,0,42.0,244.0,Combined GPS/GLONASS,15.0,EG_SUEZ,18/02/2025 18:00:00,AIS,POINT (14.356747 55.148412),626226000_1,0 days 00:01:00,1.6836610962301691e-06,250.4493396299838,0.0,0,6.396723175786959,55.148412,14.356747
2025-02-04 01:22:02,2025-02-04 01:22:02,Class A,626226000_1,55.147378,14.351452,Under way using engine,5.4,11.5,251.4,250.0,9319703,TRAM2,GREAT JACOMBO,Tanker,0,42.0,244.0,Combined GPS/GLONASS,15.0,EG_SUEZ,18/02/2025 18:00:00,AIS,POINT (14.351452 55.147378),626226000_1,0 days 00:01:00,-1.4625045556064443e-06,251.13591848948872,0.0,0,6.392118131030197,55.147378,14.351452
2025-02-04 01:23:02,2025-02-04 01:23:02,Class A,626226000_1,55.14636,14.346148,Under way using engine,-2.2,11.5,251.1,250.0,9319703,TRAM2,GREAT JACOMBO,Tanker,0,42.0,244.0,Combined GPS/GLONASS,15.0,EG_SUEZ,18/02/2025 18:00:00,AIS,POINT (14.346148 55.14636),626226000_1,0 days 00:01:00,-5.163937477293291e-09,251.43747744713113,0.0,0,6.387500313309189,55.14636,14.346148
2025-02-04 01:24:02,2025-02-04 01:24:02,Class A,626226000_1,55.145313,14.340858,Under way using engine,0.7,11.5,250.7,249.0,9319703,TRAM2,GREAT JACOMBO,Tanker,0,42.0,244.0,Combined GPS/GLONASS,15.0,EG_SUEZ,18/02/2025 18:00:00,AIS,POINT (14.340858 55.145313),626226000_1,0 days 00:01:00,5.6486457319767395e-08,250.8999685004521,0.0,0,6.382906959322218,55.145313,14.340858
2025-02-04 01:25:02,2025-02-04 01:25:02,Class A,626226000_1,55.144242,14.335582,Under way using engine,2.9,11.5,250.7,250.0,9319703,TRAM2,GREAT JACOMBO,Tanker,0,42.0,244.0,Combined GPS/GLONASS,15.0,EG_SUEZ,18/02/2025 18:00:00,AIS,POINT (14.335582 55.144242),626226000_1,0 days 00:01:00,1.3457685287320808e-08,250.4474638170281,0.0,0,6.378336355526025,55.144242,14.335582
2025-02-04 01:26:02,2025-02-04 01:26:02,Class A,626226000_1,55.143187,14.33029,Under way using engine,0.2,11.5,251.2,250.0,9319703,TRAM2,GREAT JACOMBO,Tanker,0,42.0,244.0,Combined GPS/GLONASS,15.0,EG_SUEZ,18/02/2025 18:00:00,AIS,POINT (14.33029 55.143187),626226000_1,0 days 00:01:00,1.0576627329611567e-07,250.77238444580132,0.0,0,6.373746437589748,55.143187,14.33029
2025-02-04 01:28:03,2025-02-04 01:28:03,Class A,626226000_1,55.141078,14.319588,Under way using engine,0.4,11.6,250.4,249.0,9319703,TRAM2,GREAT JACOMBO,Tanker,0,42.0,244.0,Combined GPS/GLONASS,15.0,EG_SUEZ,18/02/2025 18:00:00,AIS,POINT (14.319588 55.141078),626226000_1,0 days 00:02:01,7.818290703196164e-08,250.98037009525027,0.0,0,6.364459528414725,55.141078,14.319588
2025-02-04 01:29:03,2025-02-04 01:29:03,Class A,626226000_1,55.139977,14.314312,Under way using engine,0.0,11.5,249.5,249.0,9319703,TRAM2,GREAT JACOMBO,Tanker,0,42.0,244.0,Combined GPS/GLONASS,15.0,EG_SUEZ,18/02/2025 18:00:00,AIS,POINT (14.314312 55.139977),626226000_1,0 days 00:01:00,5.963920604760859e-08,249.94483063300504,0.0,0,6.359904550846654,55.139977,14.314312
2025-02-04 01:30:03,2025-02-04 01:30:03,Class A,626226000_1,55.138863,14.309033,Under way using engine,0.7,11.6,250.1,250.0,9319703,TRAM2,GREAT JACOMBO,Tanker,0,42.0,244.0,Combined GPS/GLONASS,15.0,EG_SUEZ,18/02/2025 18:00:00,AIS,POINT (14.309033 55.138863),626226000_1,0 days 00:01:00,1.906141690086761e-07,249.73828995025048,0.0,0,6.355352637131081,55.138863,14.309033
2025-02-04 01:31:03,2025-02-04 01:31:03,Class A,626226000_1,55.137792,14.303723,Under way using engine,0.0,11.5,251.3,251.0,9319703,TRAM2,GREAT JACOMBO,Tanker,0,42.0,244.0,Combined GPS/GLONASS,15.0,EG_SUEZ,18/02/2025 18:00:00,AIS,POINT (14.303723 55.137792),626226000_1,0 days 00:01:00,6.842632612320416e-08,250.56617643805816,0.0,0,6.350757901667643,55.137792,14.303723
2025-02-04 01:32:02,2025-02-04 01:32:02,Class A,626226000_1,55.136808,14.298565,Under way using engine,2.2,11.6,251.8,251.0,9319703,TRAM2,GREAT JACOMBO,Tanker,0,42.0,244.0,Combined GPS/GLONASS,15.0,EG_SUEZ,18/02/2025 18:00:00,AIS,POINT (14.298565 55.136808),626226000_1,0 days 00:00:59,-1.814964920488344e-06,251.54602954686752,0.0,0,6.346276094915663,55.136808,14.298565
2025-02-04 01:34:02,2025-02-04 01:34:02,Class A,626226000_1,55.13469,14.287955,Under way using engine,-6.4,11.6,250.1,249.0,9319703,TRAM2,GREAT JACOMBO,Tanker,0,42.0,244.0,Combined GPS/GLONASS,15.0,EG_SUEZ,18/02/2025 18:00:00,AIS,POINT (14.287955 55.13469),626226000_1,0 days 00:02:00,7.920805099008891e-07,250.7544015954589,0.0,0,6.337093883971896,55.13469,14.287955
2025-02-04 01:35:02,2025-02-04 01:35:02,Class A,626226000_1,55.13357,14.282685,Under way using engine,3.6,11.5,250.0,250.0,9319703,TRAM2,GREAT JACOMBO,Tanker,0,42.0,244.0,Combined GPS/GLONASS,15.0,EG_SUEZ,18/02/2025 18:00:00,AIS,POINT (14.282685 55.13357),626226000_1,0 days 00:01:00,5.849230393418075e-08,249.60865122724408,0.0,0,6.332559015310794,55.13357,14.282685
2025-02-04 01:36:03,2025-02-04 01:36:03,Class A,626226000_1,55.132468,14.277298,Under way using engine,0.0,11.6,251.1,250.0,9319703,TRAM2,GREAT JACOMBO,Tanker,0,42.0,244.0,Combined GPS/GLONASS,15.0,EG_SUEZ,18/02/2025 18:00:00,AIS,POINT (14.277298 55.132468),626226000_1,0 days 00:01:01,9.698182140348322e-08,250.3130546010501,0.0,0,6.327909683202582,55.132468,14.277298
2025-02-04 01:37:03,2025-02-04 01:37:03,Class A,626226000_1,55.131435,14.271965,Under way using engine,0.4,11.6,251.4,250.0,9319703,TRAM2,GREAT JACOMBO,Tanker,0,42.0,244.0,Combined GPS/GLONASS,15.0,EG_SUEZ,18/02/2025 18:00:00,AIS,POINT (14.271965 55.131435),626226000_1,0 days 00:01:00,5.953455630585726e-08,251.28476741674413,0.0,0,6.3232877697989505,55.131435,14.271965
2025-02-04 01:38:03,2025-02-04 01:38:03,Class A,626226000_1,55.130407,14.26663,Under way using engine,-3.6,11.6,251.1,250.0,9319703,TRAM2,GREAT JACOMBO,Tanker,0,42.0,244.0,Combined GPS/GLONASS,15.0,EG_SUEZ,18/02/2025 18:00:00,AIS,POINT (14.26663 55.130407),626226000_1,0 days 00:01:00,-1.3519945869456285e-08,251.37604893929677,0.0,0,6.318663502302366,55.130407,14.26663
2025-02-04 01:39:03,2025-02-04 01:39:03,Class A,626226000_1,55.129358,14.261308,Under way using engine,0.0,11.6,251.4,250.0,9319703,TRAM2,GREAT JACOMBO,Tanker,0,42.0,244.0,Combined GPS/GLONASS,15.0,EG_SUEZ,18/02/2025 18:00:00,AIS,POINT (14.261308 55.129358),626226000_1,0 days 00:01:00,-6.6250657816072785e-09,250.97996317122593,0.0,0,6.31406013275998,55.129358,14.261308
2025-02-04 01:40:03,2025-02-04 01:40:03,Class A,626226000_1,55.128318,14.255977,Under way using engine,0.0,11.6,251.4,250.0,9319703,TRAM2,GREAT JACOMBO,Tanker,0,42.0,244.0,Combined GPS/GLONASS,15.0,EG_SUEZ,18/02/2025 18:00:00,AIS,POINT (14.255977 55.128318),626226000_1,0 days 00:01:00,6.309056886427342e-08,251.16164374142573,0.0,0,6.309446456481741,55.128318,14.255977
2025-02-04 01:41:03,2025-02-04 01:41:03,Class A,626226000_1,55.127292,14.250632,Under way using engine,-2.9,11.6,251.6,250.0,9319703,TRAM2,GREAT JACOMBO,Tanker,0,42.0,244.0,Combined GPS/GLONASS,15.0,EG_SUEZ,18/02/2025 18:00:00,AIS,POINT (14.250632 55.127292),626226000_1,0 days 00:01:00,9.881355556852547e-08,251.44354667062316,0.0,0,6.304816017008347,55.127292,14.250632
2025-02-04 01:42:03,2025-02-04 01:42:03,Class A,626226000_1,55.126262,14.245288,Under way using engine,-2.9,11.6,251.4,249.0,9319703,TRAM2,GREAT JACOMBO,Tanker,0,42.0,244.0,Combined GPS/GLONASS,15.0,EG_SUEZ,18/02/2025 18:00:00,AIS,POINT (14.245288 55.126262),626226000_1,0 days 00:01:00,2.4869034902678826e-08,251.3733766825889,0.0,0,6.300189235788797,55.126262,14.245288
2025-02-04 01:43:02,2025-02-04 01:43:02,Class A,626226000_1,55.12522,14.239942,Under way using engine,0.0,11.6,251.2,249.0,9319703,TRAM2,GREAT JACOMBO,Tanker,0,42.0,244.0,Combined GPS/GLONASS,15.0,EG_SUEZ,18/02/2025 18:00:00,AIS,POINT (14.239942 55.12522),626226000_1,0 days 00:00:59,1.8821634757884754e-06,251.1785613805202,0.0,0,6.295566171978577,55.12522,14.239942
2025-02-04 01:44:02,2025-02-04 01:44:02,Class A,626226000_1,55.124183,14.234585,Under way using engine,-2.2,11.7,251.4,249.0,9319703,TRAM2,GREAT JACOMBO,Tanker,0,42.0,244.0,Combined GPS/GLONASS,15.0,EG_SUEZ,18/02/2025 18:00:00,AIS,POINT (14.234585 55.124183),626226000_1,0 days 00:01:00,-1.5586954500488645e-06,251.29882596236394,0.0,0,6.290932366060931,55.124183,14.234585
2025-02-04 01:48:02,2025-02-04 01:48:02,Class A,626226000_1,55.12017,14.213002,Under way using engine,-10.0,11.7,253.4,248.0,9319703,TRAM2,GREAT JACOMBO,Tanker,0,42.0,244.0,Combined GPS/GLONASS,15.0,EG_SUEZ,18/02/2025 18:00:00,AIS,POINT (14.213002 55.12017),626226000_1,0 days 00:04:00,8.238883964217329e-08,251.99661303536982,0.0,0,6.272217249796198,55.12017,14.213002
2025-02-04 01:49:02,2025-02-04 01:49:02,Class A,626226000_1,55.119057,14.207733,Under way using engine,-5.4,11.5,245.7,239.0,9319703,TRAM2,GREAT JACOMBO,Tanker,0,42.0,244.0,Combined GPS/GLONASS,15.0,EG_SUEZ,18/02/2025 18:00:00,AIS,POINT (14.207733 55.119057),626226000_1,0 days 00:01:00,-1.0063671419288338e-06,249.72893934933035,0.0,0,6.267699475248395,55.119057,14.207733
2025-02-04 01:50:02,2025-02-04 01:50:02,Class A,626226000_1,55.117572,14.202832,Under way using engine,-4.5,11.4,240.0,235.0,9319703,TRAM2,GREAT JACOMBO,Tanker,0,42.0,244.0,Combined GPS/GLONASS,15.0,EG_SUEZ,18/02/2025 18:00:00,AIS,POINT (14.202832 55.117572),626226000_1,0 days 00:01:00,-1.2685391789107216e-06,242.0861617777967,0.0,0,6.263660273437968,55.117572,14.202832
2025-02-04 01:51:02,2025-02-04 01:51:02,Class A,626226000_1,55.115892,14.198277,Under way using engine,-3.6,11.3,235.4,232.0,9319703,TRAM2,GREAT JACOMBO,Tanker,0,42.0,244.0,Combined GPS/GLONASS,15.0,EG_SUEZ,18/02/2025 18:00:00,AIS,POINT (14.198277 55.115892),626226000_1,0 days 00:01:00,-2.24987905779269e-06,237.18368163074916,0.0,0,6.260015674230376,55.115892,14.198277
2025-02-04 01:52:02,2025-02-04 01:52:02,Class A,626226000_1,55.114072,14.193773,Under way using engine,0.7,11.4,235.2,234.0,9319703,TRAM2,GREAT JACOMBO,Tanker,0,42.0,244.0,Combined GPS/GLONASS,15.0,EG_SUEZ,18/02/2025 18:00:00,AIS,POINT (14.193773 55.114072),626226000_1,0 days 00:01:00,1.6727654127916275e-06,234.75959074181105,0.0,0,6.256470794122993,55.114072,14.193773
2025-02-04 01:53:02,2025-02-04 01:53:02,Class A,626226000_1,55.112287,14.189195,Under way using engine,0.0,11.4,236.5,235.0,9319703,TRAM2,GREAT JACOMBO,Tanker,0,42.0,244.0,Combined GPS/GLONASS,15.0,EG_SUEZ,18/02/2025 18:00:00,AIS,POINT (14.189195 55.112287),626226000_1,0 days 00:01:00,4.651467551144983e-07,235.71927922201502,0.0,0,6.252846031658943,55.112287,14.189195
2025-02-04 01:58:03,2025-02-04 01:58:03,Class A,626226000_1,55.103545,14.165802,Under way using engine,-3.6,11.4,235.2,231.0,9319703,TRAM2,GREAT JACOMBO,Tanker,0,42.0,244.0,Combined GPS/GLONASS,15.0,EG_SUEZ,18/02/2025 18:00:00,AIS,POINT (14.165802 55.103545),626226000_1,0 days 00:05:01,1.0705532735474109e-07,236.85352372190474,0.0,0,6.2342135881694025,55.103545,14.165802
2025-02-04 01:59:02,2025-02-04 01:59:02,Class A,626226000_1,55.101638,14.161368,Under way using engine,0.7,11.4,231.5,228.0,9319703,TRAM2,GREAT JACOMBO,Tanker,0,42.0,244.0,Combined GPS/GLONASS,15.0,EG_SUEZ,18/02/2025 18:00:00,AIS,POINT (14.161368 55.101638),626226000_1,0 days 00:00:59,1.2835552039467811e-06,233.0676159532688,0.0,0,6.230777992272634,55.101638,14.161368
2025-02-04 02:00:02,2025-02-04 02:00:02,Class A,626226000_1,55.09963,14.157073,Under way using engine,2.2,11.5,230.8,229.0,9319703,TRAM2,GREAT JACOMBO,Tanker,0,42.0,244.0,Combined GPS/GLONASS,15.0,EG_SUEZ,18/02/2025 18:00:00,AIS,POINT (14.157073 55.09963),626226000_1,0 days 00:01:00,-1.6797442291459063e-06,230.74785789794208,0.0,0,6.22751050711679,55.09963,14.157073
2025-02-04 02:01:02,2025-02-04 02:01:02,Class A,626226000_1,55.097637,14.152747,Under way using engine,5.4,11.5,231.9,230.0,9319703,TRAM2,GREAT JACOMBO,Tanker,0,42.0,244.0,Combined GPS/GLONASS,15.0,EG_SUEZ,18/02/2025 18:00:00,AIS,POINT (14.152747 55.097637),626226000_1,0 days 00:01:00,1.3841196496243725e-07,231.16105287680358,0.0,0,6.22421058110384,55.097637,14.152747
2025-02-04 02:02:02,2025-02-04 02:02:02,Class A,626226000_1,55.095677,14.148353,Under way using engine,0.7,11.5,232.3,231.0,9319703,TRAM2,GREAT JACOMBO,Tanker,0,42.0,244.0,Combined GPS/GLONASS,15.0,EG_SUEZ,18/02/2025 18:00:00,AIS,POINT (14.148353 55.095677),626226000_1,0 days 00:01:00,3.160667845432483e-07,232.06303206425525,0.0,0,6.220837192750586,55.095677,14.148353
2025-02-04 02:04:02,2025-02-04 02:04:02,Class A,626226000_1,55.091787,14.139508,Under way using engine,-0.7,11.5,231.8,229.0,9319703,TRAM2,GREAT JACOMBO,Tanker,0,42.0,244.0,Combined GPS/GLONASS,15.0,EG_SUEZ,18/02/2025 18:00:00,AIS,POINT (14.139508 55.091787),626226000_1,0 days 00:02:00,6.048519083931905e-08,232.45924399708002,0.0,0,6.214032066438345,55.091787,14.139508
2025-02-04 02:05:02,2025-02-04 02:05:02,Class A,626226000_1,55.089782,14.135163,Under way using engine,2.2,11.5,231.0,229.0,9319703,TRAM2,GREAT JACOMBO,Tanker,0,42.0,244.0,Combined GPS/GLONASS,15.0,EG_SUEZ,18/02/2025 18:00:00,AIS,POINT (14.135163 55.089782),626226000_1,0 days 00:01:00,6.977126438480371e-08,231.1211919511841,0.0,0,6.210726467214122,55.089782,14.135163
2025-02-04 02:06:02,2025-02-04 02:06:02,Class A,626226000_1,55.087763,14.130823,Under way using engine,2.2,11.6,231.3,230.0,9319703,TRAM2,GREAT JACOMBO,Tanker,0,42.0,244.0,Combined GPS/GLONASS,15.0,EG_SUEZ,18/02/2025 18:00:00,AIS,POINT (14.130823 55.087763),626226000_1,0 days 00:01:00,2.0606152769628235e-07,230.89536279349397,0.0,0,6.207432596338761,55.087763,14.130823
2025-02-04 02:07:02,2025-02-04 02:07:02,Class A,626226000_1,55.085785,14.126407,Under way using engine,0.4,11.6,232.6,231.0,9319703,TRAM2,GREAT JACOMBO,Tanker,0,42.0,244.0,Combined GPS/GLONASS,15.0,EG_SUEZ,18/02/2025 18:00:00,AIS,POINT (14.126407 55.085785),626226000_1,0 days 00:01:00,2.6825855601477686e-07,231.95463286062147,0.0,0,6.204054910587188,55.085785,14.126407
2025-02-04 02:08:02,2025-02-04 02:08:02,Class A,626226000_1,55.083822,14.121957,Under way using engine,-5.4,11.6,232.0,230.0,9319703,TRAM2,GREAT JACOMBO,Tanker,0,42.0,244.0,Combined GPS/GLONASS,15.0,EG_SUEZ,18/02/2025 18:00:00,AIS,POINT (14.121957 55.083822),626226000_1,0 days 00:01:00,1.9563090971022312e-07,232.38018621466054,0.0,0,6.20064202540108,55.083822,14.121957
2025-02-04 02:09:02,2025-02-04 02:09:02,Class A,626226000_1,55.081825,14.117548,Under way using engine,-5.4,11.6,231.4,229.0,9319703,TRAM2,GREAT JACOMBO,Tanker,0,42.0,244.0,Combined GPS/GLONASS,15.0,EG_SUEZ,18/02/2025 18:00:00,AIS,POINT (14.117548 55.081825),626226000_1,0 days 00:01:00,7.561011191144334e-08,231.6470170096339,0.0,0,6.1972817382623475,55.081825,14.117548
2025-02-04 02:14:02,2025-02-04 02:14:02,Class A,626226000_1,55.071652,14.095735,Under way using engine,-2.9,11.7,230.6,230.0,9319703,TRAM2,GREAT JACOMBO,Tanker,0,42.0,244.0,Combined GPS/GLONASS,15.0,EG_SUEZ,18/02/2025 18:00:00,AIS,POINT (14.095735 55.071652),626226000_1,0 days 00:05:00,1.8746069482151555e-08,230.84075545658203,0.0,0,6.180795048177702,55.071652,14.095735
2025-02-04 02:19:02,2025-02-04 02:19:02,Class A,626226000_1,55.06121,14.074018,Under way using engine,7.5,11.7,229.3,233.0,9319703,TRAM2,GREAT JACOMBO,Tanker,0,42.0,244.0,Combined GPS/GLONASS,15.0,EG_SUEZ,18/02/2025 18:00:00,AIS,POINT (14.074018 55.06121),626226000_1,0 days 00:05:00,1.6228894672105283e-07,229.9894748493498,0.0,0,6.164548046971894,55.06121,14.074018
2025-02-04 02:20:02,2025-02-04 02:20:02,Class A,626226000_1,55.05922,14.069532,Under way using engine,6.4,11.6,236.2,240.0,9319703,TRAM2,GREAT JACOMBO,Tanker,0,42.0,244.0,Combined GPS/GLONASS,15.0,EG_SUEZ,18/02/2025 18:00:00,AIS,POINT (14.069532 55.05922),626226000_1,0 days 00:01:00,7.324187129496898e-08,232.2419074424805,0.0,0,6.1611357097357455,55.05922,14.069532
2025-02-04 02:21:02,2025-02-04 02:21:02,Class A,626226000_1,55.057548,14.064713,Under way using engine,2.2,11.6,241.0,244.0,9319703,TRAM2,GREAT JACOMBO,Tanker,0,42.0,244.0,Combined GPS/GLONASS,15.0,EG_SUEZ,18/02/2025 18:00:00,AIS,POINT (14.064713 55.057548),626226000_1,0 days 00:01:00,-6.816585947665444e-07,238.7949922696787,0.0,0,6.15729729779828,55.057548,14.064713
2025-02-04 02:22:03,2025-02-04 02:22:03,Class A,626226000_1,55.056098,14.059605,Under way using engine,0.0,11.6,245.9,247.0,9319703,TRAM2,GREAT JACOMBO,Tanker,0,42.0,244.0,Combined GPS/GLONASS,15.0,EG_SUEZ,18/02/2025 18:00:00,AIS,POINT (14.059605 55.056098),626226000_1,0 days 00:01:01,-4.4848891284614413e-07,243.6385385135527,0.0,0,6.153109425217303,55.056098,14.059605
2025-02-04 02:23:03,2025-02-04 02:23:03,Class A,626226000_1,55.054802,14.05449,Under way using engine,-2.9,11.6,245.6,245.0,9319703,TRAM2,GREAT JACOMBO,Tanker,0,42.0,244.0,Combined GPS/GLONASS,15.0,EG_SUEZ,18/02/2025 18:00:00,AIS,POINT (14.05449 55.054802),626226000_1,0 days 00:01:00,-2.442849071256515e-07,246.13975204073867,0.0,0,6.14885878103189,55.054802,14.05449
2025-02-04 02:25:03,2025-02-04 02:25:03,Class A,626226000_1,55.051993,14.04444,Under way using engine,2.2,11.5,243.0,244.0,9319703,TRAM2,GREAT JACOMBO,Tanker,0,42.0,244.0,Combined GPS/GLONASS,15.0,EG_SUEZ,18/02/2025 18:00:00,AIS,POINT (14.04444 55.051993),626226000_1,0 days 00:02:00,-1.6569540656569705e-08,243.9941783124225,0.0,0,6.140610896124911,55.051993,14.04444
2025-02-04 02:26:03,2025-02-04 02:26:03,Class A,626226000_1,55.05054,14.039455,Under way using engine,-2.9,11.6,243.3,244.0,9319703,TRAM2,GREAT JACOMBO,Tanker,0,42.0,244.0,Combined GPS/GLONASS,15.0,EG_SUEZ,18/02/2025 18:00:00,AIS,POINT (14.039455 55.05054),626226000_1,0 days 00:01:00,3.612841298486375e-08,243.03411545948143,0.0,0,6.136544822395907,55.05054,14.039455
2025-02-04 02:27:03,2025-02-04 02:27:03,Class A,626226000_1,55.049097,14.03446,Under way using engine,-4.5,11.5,243.4,245.0,9319703,TRAM2,GREAT JACOMBO,Tanker,0,42.0,244.0,Combined GPS/GLONASS,15.0,EG_SUEZ,18/02/2025 18:00:00,AIS,POINT (14.03446 55.049097),626226000_1,0 days 00:01:00,2.1804221375581905e-08,243.24074882728618,0.0,0,6.132467407105232,55.049097,14.03446
2025-02-04 02:35:03,2025-02-04 02:35:03,Class A,626226000_1,55.03938,13.993382,Under way using engine,-2.9,11.4,248.8,250.0,9319703,TRAM2,GREAT JACOMBO,Tanker,0,42.0,244.0,Combined GPS/GLONASS,15.0,EG_SUEZ,18/02/2025 18:00:00,AIS,POINT (13.993382 55.03938),626226000_1,0 days 00:08:00,-8.32935971985101e-08,247.58268590383653,0.0,0,6.09817769341637,55.03938,13.993382
2025-02-04 02:36:03,2025-02-04 02:36:03,Class A,626226000_1,55.038225,13.988222,Under way using engine,-0.2,11.4,248.5,250.0,9319703,TRAM2,GREAT JACOMBO,Tanker,0,42.0,244.0,Combined GPS/GLONASS,15.0,EG_SUEZ,18/02/2025 18:00:00,AIS,POINT (13.988222 55.038225),626226000_1,0 days 00:01:00,-2.583161141852623e-07,248.66519730933732,0.0,0,6.093852317169823,55.038225,13.988222
2025-02-04 02:37:03,2025-02-04 02:37:03,Class A,626226000_1,55.037055,13.983075,Under way using engine,-0.2,11.5,248.5,249.0,9319703,TRAM2,GREAT JACOMBO,Tanker,0,42.0,244.0,Combined GPS/GLONASS,15.0,EG_SUEZ,18/02/2025 18:00:00,AIS,POINT (13.983075 55.037055),626226000_1,0 days 00:01:00,-4.28433585778915e-08,248.36451739836235,0.0,0,6.089546216930206,55.037055,13.983075
2025-02-04 02:38:03,2025-02-04 02:38:03,Class A,626226000_1,55.035877,13.977928,Under way using engine,0.4,11.5,248.5,250.0,9319703,TRAM2,GREAT JACOMBO,Tanker,0,42.0,244.0,Combined GPS/GLONASS,15.0,EG_SUEZ,18/02/2025 18:00:00,AIS,POINT (13.977928 55.035877),626226000_1,0 days 00:01:00,9.379509938483842e-08,248.23094224516592,0.0,0,6.085244718282413,55.035877,13.977928
2025-02-04 02:39:03,2025-02-04 02:39:03,Class A,626226000_1,55.034727,13.972762,Under way using engine,0.0,11.4,249.0,250.0,9319703,TRAM2,GREAT JACOMBO,Tanker,0,42.0,244.0,Combined GPS/GLONASS,15.0,EG_SUEZ,18/02/2025 18:00:00,AIS,POINT (13.972762 55.034727),626226000_1,0 days 00:01:00,-2.019777267456511e-10,248.77348374720924,0.0,0,6.080916461067361,55.034727,13.972762
2025-02-04 02:40:03,2025-02-04 02:40:03,Class A,626226000_1,55.033587,13.967593,Under way using engine,-0.7,11.4,248.9,250.0,9319703,TRAM2,GREAT JACOMBO,Tanker,0,42.0,244.0,Combined GPS/GLONASS,15.0,EG_SUEZ,18/02/2025 18:00:00,AIS,POINT (13.967593 55.033587),626226000_1,0 days 00:01:00,-5.915280876637487e-08,248.95353816273789,0.0,0,6.076583114123349,55.033587,13.967593
2025-02-04 02:41:02,2025-02-04 02:41:02,Class A,626226000_1,55.032433,13.962435,Under way using engine,-3.6,11.4,248.4,250.0,9319703,TRAM2,GREAT JACOMBO,Tanker,0,42.0,244.0,Combined GPS/GLONASS,15.0,EG_SUEZ,18/02/2025 18:00:00,AIS,POINT (13.962435 55.032433),626226000_1,0 days 00:00:59,1.6706480574081779e-06,248.6772926739324,0.0,0,6.072266832678963,55.032433,13.962435
2025-02-04 02:42:02,2025-02-04 02:42:02,Class A,626226000_1,55.031308,13.957253,Under way using engine,0.2,11.5,249.7,250.0,9319703,TRAM2,GREAT JACOMBO,Tanker,0,42.0,244.0,Combined GPS/GLONASS,15.0,EG_SUEZ,18/02/2025 18:00:00,AIS,POINT (13.957253 55.031308),626226000_1,0 days 00:01:00,-1.5872814965807042e-06,249.25547714926023,0.0,0,6.067918757715366,55.031308,13.957253
2025-02-04 02:43:02,2025-02-04 02:43:02,Class A,626226000_1,55.030213,13.952055,Under way using engine,-4.5,11.4,249.6,250.0,9319703,TRAM2,GREAT JACOMBO,Tanker,0,42.0,244.0,Combined GPS/GLONASS,15.0,EG_SUEZ,18/02/2025 18:00:00,AIS,POINT (13.952055 55.030213),626226000_1,0 days 00:01:00,-5.4991510896372844e-08,249.82108513332744,0.0,0,6.063545859776521,55.030213,13.952055
2025-02-04 02:44:02,2025-02-04 02:44:02,Class A,626226000_1,55.029072,13.94689,Under way using engine,1.6,11.4,248.0,248.0,9319703,TRAM2,GREAT JACOMBO,Tanker,0,42.0,244.0,Combined GPS/GLONASS,15.0,EG_SUEZ,18/02/2025 18:00:00,AIS,POINT (13.94689 55.029072),626226000_1,0 days 00:01:00,-4.613753473290949e-08,248.92397628015698,0.0,0,6.0592226795978545,55.029072,13.94689
2025-02-04 02:45:02,2025-02-04 02:45:02,Class A,626226000_1,55.027852,13.941772,Under way using engine,-1.6,11.5,247.3,249.0,9319703,TRAM2,GREAT JACOMBO,Tanker,0,42.0,244.0,Combined GPS/GLONASS,15.0,EG_SUEZ,18/02/2025 18:00:00,AIS,POINT (13.941772 55.027852),626226000_1,0 days 00:01:00,1.3394647957440792e-07,247.42025111569848,0.0,0,6.054974946313568,55.027852,13.941772
2025-02-04 02:47:02,2025-02-04 02:47:02,Class A,626226000_1,55.025575,13.931412,Under way using engine,-1.1,11.5,250.7,252.0,9319703,TRAM2,GREAT JACOMBO,Tanker,0,42.0,244.0,Combined GPS/GLONASS,15.0,EG_SUEZ,18/02/2025 18:00:00,AIS,POINT (13.931412 55.025575),626226000_1,0 days 00:02:00,4.669820820653025e-08,249.02525176044134,0.0,0,6.046306735040489,55.025575,13.931412
2025-02-04 02:48:03,2025-02-04 02:48:03,Class A,626226000_1,55.02453,13.926183,Under way using engine,1.1,11.5,250.2,250.0,9319703,TRAM2,GREAT JACOMBO,Tanker,0,42.0,244.0,Combined GPS/GLONASS,15.0,EG_SUEZ,18/02/2025 18:00:00,AIS,POINT (13.926183 55.02453),626226000_1,0 days 00:01:01,-1.7535834924656952e-06,250.78152523756106,0.0,0,6.041893478525586,55.02453,13.926183
2025-02-04 02:49:03,2025-02-04 02:49:03,Class A,626226000_1,55.023432,13.920987,Under way using engine,-2.9,11.4,249.3,249.0,9319703,TRAM2,GREAT JACOMBO,Tanker,0,42.0,244.0,Combined GPS/GLONASS,15.0,EG_SUEZ,18/02/2025 18:00:00,AIS,POINT (13.920987 55.023432),626226000_1,0 days 00:01:00,1.614852058942108e-06,249.76626089801442,0.0,0,6.037532719037637,55.023432,13.920987
2025-02-04 02:50:03,2025-02-04 02:50:03,Class A,626226000_1,55.022265,13.915837,Under way using engine,2.2,11.4,248.0,249.0,9319703,TRAM2,GREAT JACOMBO,Tanker,0,42.0,244.0,Combined GPS/GLONASS,15.0,EG_SUEZ,18/02/2025 18:00:00,AIS,POINT (13.915837 55.022265),626226000_1,0 days 00:01:00,-1.4572818633820187e-09,248.4335404347558,0.0,0,6.033242717927153,55.022265,13.915837
2025-02-04 02:51:03,2025-02-04 02:51:03,Class A,626226000_1,55.0211,13.910678,Under way using engine,-0.7,11.5,249.1,250.0,9319703,TRAM2,GREAT JACOMBO,Tanker,0,42.0,244.0,Combined GPS/GLONASS,15.0,EG_SUEZ,18/02/2025 18:00:00,AIS,POINT (13.910678 55.0211),626226000_1,0 days 00:01:00,1.2859225786161083e-07,248.50182668969603,0.0,0,6.028945221630814,55.0211,13.910678
2025-02-04 02:52:03,2025-02-04 02:52:03,Class A,626226000_1,55.020012,13.90547,Under way using engine,2.9,11.4,250.4,251.0,9319703,TRAM2,GREAT JACOMBO,Tanker,0,42.0,244.0,Combined GPS/GLONASS,15.0,EG_SUEZ,18/02/2025 18:00:00,AIS,POINT (13.90547 55.020012),626226000_1,0 days 00:01:00,-2.572634561553641e-08,249.97993250936992,0.0,0,6.024574136288224,55.020012,13.90547
2025-02-04 02:53:03,2025-02-04 02:53:03,Class A,626226000_1,55.018985,13.900228,Under way using engine,0.0,11.4,251.2,250.0,9319703,TRAM2,GREAT JACOMBO,Tanker,0,42.0,244.0,Combined GPS/GLONASS,15.0,EG_SUEZ,18/02/2025 18:00:00,AIS,POINT (13.900228 55.018985),626226000_1,0 days 00:01:00,-5.464515740504286e-08,251.13490004987108,0.0,0,6.020149446467256,55.018985,13.900228
2025-02-04 02:54:02,2025-02-04 02:54:02,Class A,626226000_1,55.017948,13.895093,Under way using engine,3.6,11.5,250.0,249.0,9319703,TRAM2,GREAT JACOMBO,Tanker,0,42.0,244.0,Combined GPS/GLONASS,15.0,EG_SUEZ,18/02/2025 18:00:00,AIS,POINT (13.895093 55.017948),626226000_1,0 days 00:00:59,-5.490233110585275e-08,250.59745765421172,0.0,0,6.0158286298459345,55.017948,13.895093
2025-02-04 02:55:02,2025-02-04 02:55:02,Class A,626226000_1,55.016832,13.889913,Under way using engine,2.2,11.4,248.8,248.0,9319703,TRAM2,GREAT JACOMBO,Tanker,0,42.0,244.0,Combined GPS/GLONASS,15.0,EG_SUEZ,18/02/2025 18:00:00,AIS,POINT (13.889913 55.016832),626226000_1,0 days 00:01:00,-5.131593547273485e-08,249.4070023570581,0.0,0,6.01149880926163,55.016832,13.889913
2025-02-04 02:57:02,2025-02-04 02:57:02,Class A,626226000_1,55.014585,13.879555,Under way using engine,2.2,11.4,250.8,251.0,9319703,TRAM2,GREAT JACOMBO,Tanker,0,42.0,244.0,Combined GPS/GLONASS,15.0,EG_SUEZ,18/02/2025 18:00:00,AIS,POINT (13.879555 55.014585),626226000_1,0 days 00:02:00,3.43198179888748e-08,249.2795730140234,0.0,0,6.002851559663042,55.014585,13.879555
2025-02-04 02:58:02,2025-02-04 02:58:02,Class A,626226000_1,55.013583,13.87429,Under way using engine,-2.2,11.5,252.2,251.0,9319703,TRAM2,GREAT JACOMBO,Tanker,0,42.0,244.0,Combined GPS/GLONASS,15.0,EG_SUEZ,18/02/2025 18:00:00,AIS,POINT (13.87429 55.013583),626226000_1,0 days 00:01:00,1.8968945100179245e-07,251.64023250654333,0.0,0,5.998403447122244,55.013583,13.87429
2025-02-04 02:59:02,2025-02-04 02:59:02,Class A,626226000_1,55.012592,13.869027,Under way using engine,-2.9,11.4,251.2,249.0,9319703,TRAM2,GREAT JACOMBO,Tanker,0,42.0,244.0,Combined GPS/GLONASS,15.0,EG_SUEZ,18/02/2025 18:00:00,AIS,POINT (13.869027 55.012592),626226000_1,0 days 00:01:00,-1.379837883334611e-07,251.8224629105385,0.0,0,5.993954335696095,55.012592,13.869027
2025-02-04 03:00:03,2025-02-04 03:00:03,Class A,626226000_1,55.0115,13.86373,Under way using engine,3.6,11.5,249.8,250.0,9319703,TRAM2,GREAT JACOMBO,Tanker,0,42.0,244.0,Combined GPS/GLONASS,15.0,EG_SUEZ,18/02/2025 18:00:00,AIS,POINT (13.86373 55.0115),626226000_1,0 days 00:01:01,-5.09897769207592e-08,250.22727684840368,0.0,0,5.989515251007298,55.0115,13.86373
2025-02-04 03:05:03,2025-02-04 03:05:03,Class A,626226000_1,55.006942,13.837125,Under way using engine,6.4,11.5,254.5,253.0,9319703,TRAM2,GREAT JACOMBO,Tanker,0,42.0,244.0,Combined GPS/GLONASS,15.0,EG_SUEZ,18/02/2025 18:00:00,AIS,POINT (13.837125 55.006942),626226000_1,0 days 00:05:00,6.22353900315917e-08,253.37696023002357,0.0,0,5.9668761700657065,55.006942,13.837125
2025-02-04 03:06:03,2025-02-04 03:06:03,Class A,626226000_1,55.006093,13.831753,Under way using engine,0.0,11.5,254.8,253.0,9319703,TRAM2,GREAT JACOMBO,Tanker,0,42.0,244.0,Combined GPS/GLONASS,15.0,EG_SUEZ,18/02/2025 18:00:00,AIS,POINT (13.831753 55.006093),626226000_1,0 days 00:01:00,3.4435615600037574e-07,254.59494881007464,0.0,0,5.962281053562387,55.006093,13.831753
2025-02-04 03:08:02,2025-02-04 03:08:02,Class A,626226000_1,55.004453,13.820965,Under way using engine,2.9,11.5,255.2,252.0,9319703,TRAM2,GREAT JACOMBO,Tanker,0,42.0,244.0,Combined GPS/GLONASS,15.0,EG_SUEZ,18/02/2025 18:00:00,AIS,POINT (13.820965 55.004453),626226000_1,0 days 00:01:59,4.942188089115889e-07,255.15817906692806,0.0,0,5.953031652602983,55.004453,13.820965
2025-02-04 03:09:02,2025-02-04 03:09:02,Class A,626226000_1,55.00362,13.815567,Under way using engine,4.5,11.5,254.8,252.0,9319703,TRAM2,GREAT JACOMBO,Tanker,0,42.0,244.0,Combined GPS/GLONASS,15.0,EG_SUEZ,18/02/2025 18:00:00,AIS,POINT (13.815567 55.00362),626226000_1,0 days 00:01:00,-6.582877652247954e-07,254.94233718383748,0.0,0,5.948410570344485,55.00362,13.815567
2025-02-04 03:10:02,2025-02-04 03:10:02,Class A,626226000_1,55.002788,13.810162,Under way using engine,1.6,11.6,255.3,253.0,9319703,TRAM2,GREAT JACOMBO,Tanker,0,42.0,244.0,Combined GPS/GLONASS,15.0,EG_SUEZ,18/02/2025 18:00:00,AIS,POINT (13.810162 55.002788),626226000_1,0 days 00:01:00,1.1408725315304134e-07,254.97849724860527,0.0,0,5.943784095741112,55.002788,13.810162
2025-02-04 03:11:02,2025-02-04 03:11:02,Class A,626226000_1,55.00197,13.80474,Under way using engine,-3.6,11.6,255.4,253.0,9319703,TRAM2,GREAT JACOMBO,Tanker,0,42.0,244.0,Combined GPS/GLONASS,15.0,EG_SUEZ,18/02/2025 18:00:00,AIS,POINT (13.80474 55.00197),626226000_1,0 days 00:01:00,1.8304274238999223e-07,255.26476625801894,0.0,0,5.939137878849842,55.00197,13.80474
2025-02-04 03:12:02,2025-02-04 03:12:02,Class A,626226000_1,55.001157,13.799313,Under way using engine,0.0,11.6,255.4,252.0,9319703,TRAM2,GREAT JACOMBO,Tanker,0,42.0,244.0,Combined GPS/GLONASS,15.0,EG_SUEZ,18/02/2025 18:00:00,AIS,POINT (13.799313 55.001157),626226000_1,0 days 00:01:00,4.875365642328297e-08,255.36416678876026,0.0,0,5.934486510004804,55.001157,13.799313
2025-02-04 03:13:02,2025-02-04 03:13:02,Class A,626226000_1,55.000323,13.79389,Under way using engine,4.5,11.6,255.0,252.0,9319703,TRAM2,GREAT JACOMBO,Tanker,0,42.0,244.0,Combined GPS/GLONASS,15.0,EG_SUEZ,18/02/2025 18:00:00,AIS,POINT (13.79389 55.000323),626226000_1,0 days 00:01:00,9.896404594049793e-08,254.99263038223395,0.0,0,5.929848633977767,55.000323,13.79389
2025-02-04 03:16:02,2025-02-04 03:16:02,Class A,626226000_1,54.997925,13.777527,Under way using engine,0.2,11.6,256.0,253.0,9319703,TRAM2,GREAT JACOMBO,Tanker,0,42.0,244.0,Combined GPS/GLONASS,15.0,EG_SUEZ,18/02/2025 18:00:00,AIS,POINT (13.777527 54.997925),626226000_1,0 days 00:03:00,9.057479593420059e-08,255.6744266314942,0.0,0,5.915815894375093,54.997925,13.777527
2025-02-04 03:17:02,2025-02-04 03:17:02,Class A,626226000_1,54.997127,13.772067,Under way using engine,-0.2,11.6,255.0,252.0,9319703,TRAM2,GREAT JACOMBO,Tanker,0,42.0,244.0,Combined GPS/GLONASS,15.0,EG_SUEZ,18/02/2025 18:00:00,AIS,POINT (13.772067 54.997127),626226000_1,0 days 00:01:00,9.1184438661936e-08,255.7076734755202,0.0,0,5.911135468431172,54.997127,13.772067
2025-02-04 03:18:02,2025-02-04 03:18:02,Class A,626226000_1,54.99629,13.766623,Under way using engine,-1.6,11.6,254.9,252.0,9319703,TRAM2,GREAT JACOMBO,Tanker,0,42.0,244.0,Combined GPS/GLONASS,15.0,EG_SUEZ,18/02/2025 18:00:00,AIS,POINT (13.766623 54.99629),626226000_1,0 days 00:01:00,3.104627485017372e-08,254.9980087656866,0.0,0,5.90648682042464,54.99629,13.766623
2025-02-04 03:19:02,2025-02-04 03:19:02,Class A,626226000_1,54.995462,13.761275,Under way using engine,0.0,11.7,254.8,253.0,9319703,TRAM2,GREAT JACOMBO,Tanker,0,42.0,244.0,Combined GPS/GLONASS,15.0,EG_SUEZ,18/02/2025 18:00:00,AIS,POINT (13.761275 54.995462),626226000_1,0 days 00:01:00,-1.7185614845886157e-06,254.8979518570565,0.0,0,5.901923905674995,54.995462,13.761275
2025-02-04 03:20:02,2025-02-04 03:20:02,Class A,626226000_1,54.994613,13.755833,Under way using engine,0.7,11.6,254.6,253.0,9319703,TRAM2,GREAT JACOMBO,Tanker,0,42.0,244.0,Combined GPS/GLONASS,15.0,EG_SUEZ,18/02/2025 18:00:00,AIS,POINT (13.755833 54.994613),626226000_1,0 days 00:01:00,1.784635687009688e-06,254.78806598595233,0.0,0,5.897284861933414,54.994613,13.755833
2025-02-04 03:21:02,2025-02-04 03:21:02,Class A,626226000_1,54.993773,13.75039,Under way using engine,-1.1,11.6,254.7,253.0,9319703,TRAM2,GREAT JACOMBO,Tanker,0,42.0,244.0,Combined GPS/GLONASS,15.0,EG_SUEZ,18/02/2025 18:00:00,AIS,POINT (13.75039 54.993773),626226000_1,0 days 00:01:00,-5.339326441368766e-08,254.94492790842912,0.0,0,5.892642767857899,54.993773,13.75039
2025-02-04 03:22:02,2025-02-04 03:22:02,Class A,626226000_1,54.992927,13.74495,Under way using engine,2.2,11.6,254.7,253.0,9319703,TRAM2,GREAT JACOMBO,Tanker,0,42.0,244.0,Combined GPS/GLONASS,15.0,EG_SUEZ,18/02/2025 18:00:00,AIS,POINT (13.74495 54.992927),626226000_1,0 days 00:01:00,-1.2698948490130988e-09,254.83463686184658,0.0,0,5.8880073334438014,54.992927,13.74495
2025-02-04 03:23:02,2025-02-04 03:23:02,Class A,626226000_1,54.992055,13.739527,Under way using engine,3.6,11.6,254.2,253.0,9319703,TRAM2,GREAT JACOMBO,Tanker,0,42.0,244.0,Combined GPS/GLONASS,15.0,EG_SUEZ,18/02/2025 18:00:00,AIS,POINT (13.739527 54.992055),626226000_1,0 days 00:01:00,-7.619839329258959e-08,254.34468095307486,0.0,0,5.883399460961409,54.992055,13.739527
2025-02-04 03:24:02,2025-02-04 03:24:02,Class A,626226000_1,54.99118,13.734108,Under way using engine,2.9,11.6,254.5,253.0,9319703,TRAM2,GREAT JACOMBO,Tanker,0,42.0,244.0,Combined GPS/GLONASS,15.0,EG_SUEZ,18/02/2025 18:00:00,AIS,POINT (13.734108 54.99118),626226000_1,0 days 00:01:00,-4.1431644817402936e-08,254.2827694837693,0.0,0,5.878797980771665,54.99118,13.734108
2025-02-04 03:25:02,2025-02-04 03:25:02,Class A,626226000_1,54.990295,13.728702,Under way using engine,5.4,11.6,254.2,253.0,9319703,TRAM2,GREAT JACOMBO,Tanker,0,42.0,244.0,Combined GPS/GLONASS,15.0,EG_SUEZ,18/02/2025 18:00:00,AIS,POINT (13.728702 54.990295),626226000_1,0 days 00:01:00,-1.3625152324774648e-07,254.07619324924158,0.0,0,5.874213963043565,54.990295,13.728702
2025-02-04 03:26:02,2025-02-04 03:26:02,Class A,626226000_1,54.989392,13.723317,Under way using engine,-3.6,11.6,253.4,252.0,9319703,TRAM2,GREAT JACOMBO,Tanker,0,42.0,244.0,Combined GPS/GLONASS,15.0,EG_SUEZ,18/02/2025 18:00:00,AIS,POINT (13.723317 54.989392),626226000_1,0 days 00:01:00,-2.0261256029337492e-07,253.70955859853552,0.0,0,5.8696579754300835,54.989392,13.723317
2025-02-04 03:31:03,2025-02-04 03:31:03,Class A,626226000_1,54.984753,13.696423,Under way using engine,-2.2,11.4,254.3,253.0,9319703,TRAM2,GREAT JACOMBO,Tanker,0,42.0,244.0,Combined GPS/GLONASS,15.0,EG_SUEZ,18/02/2025 18:00:00,AIS,POINT (13.696423 54.984753),626226000_1,0 days 00:05:01,-4.2581274839176575e-08,253.2784612371043,0.0,0,5.84698018485004,54.984753,13.696423
2025-02-04 03:32:03,2025-02-04 03:32:03,Class A,626226000_1,54.983837,13.69112,Under way using engine,0.0,11.4,252.4,252.0,9319703,TRAM2,GREAT JACOMBO,Tanker,0,42.0,244.0,Combined GPS/GLONASS,15.0,EG_SUEZ,18/02/2025 18:00:00,AIS,POINT (13.69112 54.983837),626226000_1,0 days 00:01:00,-1.0578874274472932e-06,253.24869861009597,0.0,0,5.842513721542123,54.983837,13.69112
2025-02-04 03:33:03,2025-02-04 03:33:03,Class A,626226000_1,54.982833,13.685877,Under way using engine,0.0,11.4,251.0,251.0,9319703,TRAM2,GREAT JACOMBO,Tanker,0,42.0,244.0,Combined GPS/GLONASS,15.0,EG_SUEZ,18/02/2025 18:00:00,AIS,POINT (13.685877 54.982833),626226000_1,0 days 00:01:00,-1.9377110948398726e-07,251.5472626057688,0.0,0,5.838139553190297,54.982833,13.685877
2025-02-04 03:36:02,2025-02-04 03:36:02,Class A,626226000_1,54.980027,13.670257,Under way using engine,-1.1,11.4,255.3,255.0,9319703,TRAM2,GREAT JACOMBO,Tanker,0,42.0,244.0,Combined GPS/GLONASS,15.0,EG_SUEZ,18/02/2025 18:00:00,AIS,POINT (13.670257 54.980027),626226000_1,0 days 00:02:59,-2.4162453126168436e-07,252.62364169614136,0.0,0,5.825041511788993,54.980027,13.670257
2025-02-04 03:49:02,2025-02-04 03:49:02,Class A,626226000_1,54.968433,13.602078,Under way using engine,-2.2,11.3,252.9,252.0,9319703,TRAM2,GREAT JACOMBO,Tanker,0,42.0,244.0,Combined GPS/GLONASS,15.0,EG_SUEZ,18/02/2025 18:00:00,AIS,POINT (13.602078 54.968433),626226000_1,0 days 00:13:00,-2.0975432196395702e-08,253.5240479915529,0.0,0,5.7677610875004195,54.968433,13.602078
2025-02-04 03:50:02,2025-02-04 03:50:02,Class A,626226000_1,54.967487,13.5969,Under way using engine,0.2,11.2,252.4,252.0,9319703,TRAM2,GREAT JACOMBO,Tanker,0,42.0,244.0,Combined GPS/GLONASS,15.0,EG_SUEZ,18/02/2025 18:00:00,AIS,POINT (13.5969 54.967487),626226000_1,0 days 00:01:00,-6.270697048950304e-07,252.34758127982988,0.0,0,5.763448755235705,54.967487,13.5969
2025-02-04 03:53:02,2025-02-04 03:53:02,Class A,626226000_1,54.964708,13.581347,Under way using engine,-2.2,11.2,253.8,254.0,9319703,TRAM2,GREAT JACOMBO,Tanker,0,42.0,244.0,Combined GPS/GLONASS,15.0,EG_SUEZ,18/02/2025 18:00:00,AIS,POINT (13.581347 54.964708),626226000_1,0 days 00:03:00,-2.3552675914320257e-08,252.7173540727254,0.0,0,5.750479315657955,54.964708,13.581347
2025-02-04 03:55:02,2025-02-04 03:55:02,Class A,626226000_1,54.962925,13.570962,Under way using engine,-3.6,11.2,252.4,252.0,9319703,TRAM2,GREAT JACOMBO,Tanker,0,42.0,244.0,Combined GPS/GLONASS,15.0,EG_SUEZ,18/02/2025 18:00:00,AIS,POINT (13.570962 54.962925),626226000_1,0 days 00:02:00,-8.487333323554686e-08,253.35429420803246,0.0,0,5.741796850341887,54.962925,13.570962
2025-02-04 03:59:02,2025-02-04 03:59:02,Class A,626226000_1,54.959348,13.55028,Under way using engine,-3.6,11.2,254.1,253.0,9319703,TRAM2,GREAT JACOMBO,Tanker,0,42.0,244.0,Combined GPS/GLONASS,15.0,EG_SUEZ,18/02/2025 18:00:00,AIS,POINT (13.55028 54.959348),626226000_1,0 days 00:04:00,-8.617824078174665e-08,253.2439892580859,0.0,0,5.724535040575175,54.959348,13.55028
2025-02-04 04:02:02,2025-02-04 04:02:02,Class A,626226000_1,54.956547,13.534788,Under way using engine,2.9,11.2,253.3,253.0,9319703,TRAM2,GREAT JACOMBO,Tanker,0,42.0,244.0,Combined GPS/GLONASS,15.0,EG_SUEZ,18/02/2025 18:00:00,AIS,POINT (13.534788 54.956547),626226000_1,0 days 00:03:00,8.483901650307856e-08,252.52762654788972,0.0,0,5.71167272915422,54.956547,13.534788
2025-02-04 04:07:02,2025-02-04 04:07:02,Class A,626226000_1,54.952163,13.508848,Under way using engine,2.9,11.2,253.2,253.0,9319703,TRAM2,GREAT JACOMBO,Tanker,0,42.0,244.0,Combined GPS/GLONASS,15.0,EG_SUEZ,18/02/2025 18:00:00,AIS,POINT (13.508848 54.952163),626226000_1,0 days 00:05:00,-1.896429455964498e-08,253.6105581522748,0.0,0,5.690038220905376,54.952163,13.508848
2025-02-04 04:10:02,2025-02-04 04:10:02,Class A,626226000_1,54.949733,13.493193,Under way using engine,-0.4,11.1,254.1,252.0,9319703,TRAM2,GREAT JACOMBO,Tanker,0,42.0,244.0,Combined GPS/GLONASS,15.0,EG_SUEZ,18/02/2025 18:00:00,AIS,POINT (13.493193 54.949733),626226000_1,0 days 00:03:00,-1.0941116203349834e-08,254.88130055557053,0.0,0,5.676908667215722,54.949733,13.493193
2025-02-04 04:11:02,2025-02-04 04:11:02,Class A,626226000_1,54.948835,13.488042,Under way using engine,-0.2,11.1,252.5,251.0,9319703,TRAM2,GREAT JACOMBO,Tanker,0,42.0,244.0,Combined GPS/GLONASS,15.0,EG_SUEZ,18/02/2025 18:00:00,AIS,POINT (13.488042 54.948835),626226000_1,0 days 00:01:00,-3.9974203941408814e-07,253.1159004184617,0.0,0,5.672633693509214,54.948835,13.488042
2025-02-04 04:12:02,2025-02-04 04:12:02,Class A,626226000_1,54.947908,13.482912,Under way using engine,4.5,11.1,253.1,253.0,9319703,TRAM2,GREAT JACOMBO,Tanker,0,42.0,244.0,Combined GPS/GLONASS,15.0,EG_SUEZ,18/02/2025 18:00:00,AIS,POINT (13.482912 54.947908),626226000_1,0 days 00:01:00,-9.091141425701434e-08,252.53648498393989,0.0,0,5.6683917013210205,54.947908,13.482912
2025-02-04 04:13:02,2025-02-04 04:13:02,Class A,626226000_1,54.94704,13.477753,Under way using engine,-0.4,11.1,254.2,254.0,9319703,TRAM2,GREAT JACOMBO,Tanker,0,42.0,244.0,Combined GPS/GLONASS,15.0,EG_SUEZ,18/02/2025 18:00:00,AIS,POINT (13.477753 54.94704),626226000_1,0 days 00:01:00,-3.32640786718993e-08,253.67411761865867,0.0,0,5.664099867785701,54.94704,13.477753
2025-02-04 04:14:02,2025-02-04 04:14:02,Class A,626226000_1,54.946233,13.472567,Under way using engine,-3.6,11.1,254.6,253.0,9319703,TRAM2,GREAT JACOMBO,Tanker,0,42.0,244.0,Combined GPS/GLONASS,15.0,EG_SUEZ,18/02/2025 18:00:00,AIS,POINT (13.472567 54.946233),626226000_1,0 days 00:01:00,-4.6299121603674114e-08,254.84237762885203,0.0,0,5.659759081802423,54.946233,13.472567
2025-02-04 04:17:01,2025-02-04 04:17:01,Class A,626226000_1,54.943582,13.457192,Under way using engine,-1.6,11.1,252.5,253.0,9319703,TRAM2,GREAT JACOMBO,Tanker,0,42.0,244.0,Combined GPS/GLONASS,15.0,EG_SUEZ,18/02/2025 18:00:00,AIS,POINT (13.457192 54.943582),626226000_1,0 days 00:02:59,4.7279190843989753e-08,253.2966513270053,0.0,0,5.647010076807461,54.943582,13.457192
2025-02-04 04:19:01,2025-02-04 04:19:01,Class A,626226000_1,54.941847,13.446953,Under way using engine,-0.7,11.0,253.9,253.0,9319703,TRAM2,GREAT JACOMBO,Tanker,0,42.0,244.0,Combined GPS/GLONASS,15.0,EG_SUEZ,18/02/2025 18:00:00,AIS,POINT (13.446953 54.941847),626226000_1,0 days 00:02:00,-3.817144176990802e-07,253.56780383901702,0.0,0,5.63851470398801,54.941847,13.446953
2025-02-04 04:34:02,2025-02-04 04:34:02,Class A,626226000_1,54.92788,13.370188,Under way using engine,-0.4,11.2,252.5,253.0,9319703,TRAM2,GREAT JACOMBO,Tanker,0,42.0,244.0,Combined GPS/GLONASS,15.0,EG_SUEZ,18/02/2025 18:00:00,AIS,POINT (13.370188 54.92788),626226000_1,0 days 00:15:01,3.023331821101981e-08,252.4585663155492,0.0,0,5.57544635842952,54.92788,13.370188
2025-02-04 04:46:02,2025-02-04 04:46:02,Class A,626226000_1,54.917068,13.307573,Under way using engine,0.4,11.4,254.6,253.0,9319703,TRAM2,GREAT JACOMBO,Tanker,0,42.0,244.0,Combined GPS/GLONASS,15.0,EG_SUEZ,18/02/2025 18:00:00,AIS,POINT (13.307573 54.917068),626226000_1,0 days 00:12:00,1.3042636256411298e-07,253.3017778255715,0.0,0,5.524028280520837,54.917068,13.307573
2025-02-04 04:50:02,2025-02-04 04:50:02,Class A,626226000_1,54.913478,13.286517,Under way using engine,1.6,11.4,253.7,254.0,9319703,TRAM2,GREAT JACOMBO,Tanker,0,42.0,244.0,Combined GPS/GLONASS,15.0,EG_SUEZ,18/02/2025 18:00:00,AIS,POINT (13.286517 54.913478),626226000_1,0 days 00:04:00,1.9293671642901973e-07,253.48680608055463,0.0,0,5.506773959759926,54.913478,13.286517
2025-02-04 04:59:01,2025-02-04 04:59:01,Class A,626226000_1,54.904092,13.24023,Constrained by her draught,-5.4,11.3,247.6,245.0,9319703,TRAM2,GREAT JACOMBO,Tanker,0,42.0,244.0,Combined GPS/GLONASS,15.0,EG_SUEZ,18/02/2025 18:00:00,AIS,POINT (13.24023 54.904092),626226000_1,0 days 00:08:59,-5.253817782016549e-08,250.58957743220202,0.0,0,5.469619856826707,54.904092,13.24023
2025-02-04 05:00:01,2025-02-04 05:00:01,Class A,626226000_1,54.902868,13.235167,Constrained by her draught,-2.2,11.4,247.0,245.0,9319703,TRAM2,GREAT JACOMBO,Tanker,0,42.0,244.0,Combined GPS/GLONASS,15.0,EG_SUEZ,18/02/2025 18:00:00,AIS,POINT (13.235167 54.902868),626226000_1,0 days 00:01:00,5.149927184775003e-07,247.1965804132485,0.0,0,5.465654396056342,54.902868,13.235167
2025-02-04 05:01:01,2025-02-04 05:01:01,Class A,626226000_1,54.901618,13.230117,Constrained by her draught,2.2,11.4,246.3,244.0,9319703,TRAM2,GREAT JACOMBO,Tanker,0,42.0,244.0,Combined GPS/GLONASS,15.0,EG_SUEZ,18/02/2025 18:00:00,AIS,POINT (13.230117 54.901618),626226000_1,0 days 00:01:00,1.0349093242394772e-07,246.71029056432155,0.0,0,5.461714375791726,54.901618,13.230117
2025-02-04 05:02:03,2025-02-04 05:02:03,Class A,626226000_1,54.900308,13.225002,Constrained by her draught,0.4,11.4,245.9,244.0,9319703,TRAM2,GREAT JACOMBO,Tanker,0,42.0,244.0,Combined GPS/GLONASS,15.0,EG_SUEZ,18/02/2025 18:00:00,AIS,POINT (13.225002 54.900308),626226000_1,0 days 00:01:02,-1.365142908966842e-06,245.9932137738151,0.0,0,5.457745678998334,54.900308,13.225002
2025-02-04 05:03:03,2025-02-04 05:03:03,Class A,626226000_1,54.899027,13.219953,Constrained by her draught,-0.4,11.4,246.5,245.0,9319703,TRAM2,GREAT JACOMBO,Tanker,0,42.0,244.0,Combined GPS/GLONASS,15.0,EG_SUEZ,18/02/2025 18:00:00,AIS,POINT (13.219953 54.899027),626226000_1,0 days 00:01:00,1.7818661803917542e-06,246.19339246941584,0.0,0,5.4538248885171425,54.899027,13.219953
2025-02-04 05:04:03,2025-02-04 05:04:03,Class A,626226000_1,54.8978,13.214855,Constrained by her draught,1.1,11.4,247.4,245.0,9319703,TRAM2,GREAT JACOMBO,Tanker,0,42.0,244.0,Combined GPS/GLONASS,15.0,EG_SUEZ,18/02/2025 18:00:00,AIS,POINT (13.214855 54.8978),626226000_1,0 days 00:01:00,1.469107620270226e-07,247.289939840368,0.0,0,5.449838084445631,54.8978,13.214855
2025-02-04 05:06:03,2025-02-04 05:06:03,Class A,626226000_1,54.895308,13.204673,Constrained by her draught,0.7,11.5,246.7,245.0,9319703,TRAM2,GREAT JACOMBO,Tanker,0,42.0,244.0,Combined GPS/GLONASS,15.0,EG_SUEZ,18/02/2025 18:00:00,AIS,POINT (13.204673 54.895308),626226000_1,0 days 00:02:00,5.84575361234294e-08,246.9493544735295,0.0,0,5.441900628166046,54.895308,13.204673
2025-02-04 05:07:01,2025-02-04 05:07:01,Class A,626226000_1,54.894058,13.199673,Constrained by her draught,3.6,11.5,246.6,245.0,9319703,TRAM2,GREAT JACOMBO,Tanker,0,42.0,244.0,Combined GPS/GLONASS,15.0,EG_SUEZ,18/02/2025 18:00:00,AIS,POINT (13.199673 54.894058),626226000_1,0 days 00:00:58,1.9776615036200395e-06,246.5064368618883,0.0,0,5.438017964004349,54.894058,13.199673
2025-02-04 05:08:01,2025-02-04 05:08:01,Class A,626226000_1,54.892795,13.194572,Constrained by her draught,0.4,11.5,246.7,245.0,9319703,TRAM2,GREAT JACOMBO,Tanker,0,42.0,244.0,Combined GPS/GLONASS,15.0,EG_SUEZ,18/02/2025 18:00:00,AIS,POINT (13.194572 54.892795),626226000_1,0 days 00:01:00,-1.5348914788683849e-06,246.70866704040583,0.0,0,5.43405346104324,54.892795,13.194572
2025-02-04 05:09:01,2025-02-04 05:09:01,Class A,626226000_1,54.891525,13.189468,Constrained by her draught,0.0,11.6,246.5,244.0,9319703,TRAM2,GREAT JACOMBO,Tanker,0,42.0,244.0,Combined GPS/GLONASS,15.0,EG_SUEZ,18/02/2025 18:00:00,AIS,POINT (13.189468 54.891525),626226000_1,0 days 00:01:00,1.3734080958700014e-07,246.60636596350076,0.0,0,5.430091677108223,54.891525,13.189468
2025-02-04 05:10:01,2025-02-04 05:10:01,Class A,626226000_1,54.890227,13.184383,Constrained by her draught,4.5,11.6,245.7,244.0,9319703,TRAM2,GREAT JACOMBO,Tanker,0,42.0,244.0,Combined GPS/GLONASS,15.0,EG_SUEZ,18/02/2025 18:00:00,AIS,POINT (13.184383 54.890227),626226000_1,0 days 00:01:00,3.9229141506897056e-08,246.06914817848462,0.0,0,5.426161799247143,54.890227,13.184383
2025-02-04 05:11:01,2025-02-04 05:11:01,Class A,626226000_1,54.888918,13.17929,Constrained by her draught,2.9,11.6,246.3,245.0,9319703,TRAM2,GREAT JACOMBO,Tanker,0,42.0,244.0,Combined GPS/GLONASS,15.0,EG_SUEZ,18/02/2025 18:00:00,AIS,POINT (13.17929 54.888918),626226000_1,0 days 00:01:00,2.711091941600604e-07,245.92362266232794,0.0,0,5.422232076316267,54.888918,13.17929
2025-02-04 05:12:01,2025-02-04 05:12:01,Class A,626226000_1,54.887645,13.17416,Constrained by her draught,-4.5,11.6,246.9,245.0,9319703,TRAM2,GREAT JACOMBO,Tanker,0,42.0,244.0,Combined GPS/GLONASS,15.0,EG_SUEZ,18/02/2025 18:00:00,AIS,POINT (13.17416 54.887645),626226000_1,0 days 00:01:00,1.6000352581318117e-07,246.6651604329641,0.0,0,5.418255220783164,54.887645,13.17416
2025-02-04 05:13:02,2025-02-04 05:13:02,Class A,626226000_1,54.886372,13.169027,Constrained by her draught,2.9,11.6,246.3,245.0,9319703,TRAM2,GREAT JACOMBO,Tanker,0,42.0,244.0,Combined GPS/GLONASS,15.0,EG_SUEZ,18/02/2025 18:00:00,AIS,POINT (13.169027 54.886372),626226000_1,0 days 00:01:01,-1.5552524030623414e-06,246.67800111822064,0.0,0,5.414277938795716,54.886372,13.169027
2025-02-04 05:14:02,2025-02-04 05:14:02,Class A,626226000_1,54.885057,13.163917,Constrained by her draught,1.6,11.6,245.5,244.0,9319703,TRAM2,GREAT JACOMBO,Tanker,0,42.0,244.0,Combined GPS/GLONASS,15.0,EG_SUEZ,18/02/2025 18:00:00,AIS,POINT (13.163917 54.885057),626226000_1,0 days 00:01:00,1.7814327768237142e-06,245.89918239977303,0.0,0,5.410342630810454,54.885057,13.163917
2025-02-04 05:15:02,2025-02-04 05:15:02,Class A,626226000_1,54.88369,13.158842,Constrained by her draught,3.6,11.6,245.0,244.0,9319703,TRAM2,GREAT JACOMBO,Tanker,0,42.0,244.0,Combined GPS/GLONASS,15.0,EG_SUEZ,18/02/2025 18:00:00,AIS,POINT (13.158842 54.88369),626226000_1,0 days 00:01:00,1.032749379806386e-07,244.91000351931834,0.0,0,5.406464609424628,54.88369,13.158842
2025-02-04 05:16:02,2025-02-04 05:16:02,Class A,626226000_1,54.882313,13.15377,Constrained by her draught,2.9,11.6,244.8,245.0,9319703,TRAM2,GREAT JACOMBO,Tanker,0,42.0,244.0,Combined GPS/GLONASS,15.0,EG_SUEZ,18/02/2025 18:00:00,AIS,POINT (13.15377 54.882313),626226000_1,0 days 00:01:00,8.567536578326454e-08,244.73692239078935,0.0,0,5.4025961872925485,54.882313,13.15377
2025-02-04 05:17:02,2025-02-04 05:17:02,Class A,626226000_1,54.88096,13.148668,Constrained by her draught,2.9,11.7,245.5,246.0,9319703,TRAM2,GREAT JACOMBO,Tanker,0,42.0,244.0,Combined GPS/GLONASS,15.0,EG_SUEZ,18/02/2025 18:00:00,AIS,POINT (13.148668 54.88096),626226000_1,0 days 00:01:00,1.7452241411524428e-07,245.25305607542776,0.0,0,5.398692421033541,54.88096,13.148668
2025-02-04 05:18:02,2025-02-04 05:18:02,Class A,626226000_1,54.879637,13.143545,Constrained by her draught,-1.6,11.6,245.4,245.0,9319703,TRAM2,GREAT JACOMBO,Tanker,0,42.0,244.0,Combined GPS/GLONASS,15.0,EG_SUEZ,18/02/2025 18:00:00,AIS,POINT (13.143545 54.879637),626226000_1,0 days 00:01:00,-3.976588392062078e-08,245.82670121685825,0.0,0,5.3947585121980195,54.879637,13.143545
2025-02-04 05:19:02,2025-02-04 05:19:02,Class A,626226000_1,54.878278,13.138448,Constrained by her draught,-5.4,11.6,244.5,244.0,9319703,TRAM2,GREAT JACOMBO,Tanker,0,42.0,244.0,Combined GPS/GLONASS,15.0,EG_SUEZ,18/02/2025 18:00:00,AIS,POINT (13.138448 54.878278),626226000_1,0 days 00:01:00,4.1985566455460253e-08,245.13655535888796,0.0,0,5.390866627030296,54.878278,13.138448
2025-02-04 05:20:02,2025-02-04 05:20:02,Class A,626226000_1,54.876852,13.13341,Constrained by her draught,5.4,11.7,242.8,245.0,9319703,TRAM2,GREAT JACOMBO,Tanker,0,42.0,244.0,Combined GPS/GLONASS,15.0,EG_SUEZ,18/02/2025 18:00:00,AIS,POINT (13.13341 54.876852),626226000_1,0 days 00:01:00,-5.5504542762537665e-08,243.80578433923094,0.0,0,5.3870604136164095,54.876852,13.13341
2025-02-04 05:22:03,2025-02-04 05:22:03,Class A,626226000_1,54.874267,13.122955,Constrained by her draught,-5.4,11.5,248.6,247.0,9319703,TRAM2,GREAT JACOMBO,Tanker,0,42.0,244.0,Combined GPS/GLONASS,15.0,EG_SUEZ,18/02/2025 18:00:00,AIS,POINT (13.122955 54.874267),626226000_1,0 days 00:02:01,2.54475438117488e-07,246.74936223704782,0.0,0,5.378995560677939,54.874267,13.122955
2025-02-04 05:23:03,2025-02-04 05:23:03,Class A,626226000_1,54.872983,13.117868,Constrained by her draught,-5.4,11.4,243.6,241.0,9319703,TRAM2,GREAT JACOMBO,Tanker,0,42.0,244.0,Combined GPS/GLONASS,15.0,EG_SUEZ,18/02/2025 18:00:00,AIS,POINT (13.117868 54.872983),626226000_1,0 days 00:01:00,-1.5611567652030714e-06,246.31601279136663,0.0,0,5.375087137831722,54.872983,13.117868
2025-02-04 05:25:03,2025-02-04 05:25:03,Class A,626226000_1,54.869643,13.108448,Constrained by her draught,0.0,11.5,236.9,239.0,9319703,TRAM2,GREAT JACOMBO,Tanker,0,42.0,244.0,Combined GPS/GLONASS,15.0,EG_SUEZ,18/02/2025 18:00:00,AIS,POINT (13.108448 54.869643),626226000_1,0 days 00:02:00,-2.108480106503757e-07,238.36289896531042,0.0,0,5.3683040146254735,54.869643,13.108448
2025-02-04 05:26:03,2025-02-04 05:26:03,Class A,626226000_1,54.867937,13.10376,Constrained by her draught,-2.2,11.5,238.5,241.0,9319703,TRAM2,GREAT JACOMBO,Tanker,0,42.0,244.0,Combined GPS/GLONASS,15.0,EG_SUEZ,18/02/2025 18:00:00,AIS,POINT (13.10376 54.867937),626226000_1,0 days 00:01:00,2.599664956070795e-07,237.69317238984695,0.0,0,5.3649524757045155,54.867937,13.10376
2025-02-04 05:27:03,2025-02-04 05:27:03,Class A,626226000_1,54.866322,13.098973,Constrained by her draught,-2.2,11.5,240.3,241.0,9319703,TRAM2,GREAT JACOMBO,Tanker,0,42.0,244.0,Combined GPS/GLONASS,15.0,EG_SUEZ,18/02/2025 18:00:00,AIS,POINT (13.098973 54.866322),626226000_1,0 days 00:01:00,5.039556280969868e-08,239.62098554082502,0.0,0,5.361473436166035,54.866322,13.098973
2025-02-04 05:28:03,2025-02-04 05:28:03,Class A,626226000_1,54.864738,13.09416,Constrained by her draught,0.4,11.5,239.7,240.0,9319703,TRAM2,GREAT JACOMBO,Tanker,0,42.0,244.0,Combined GPS/GLONASS,15.0,EG_SUEZ,18/02/2025 18:00:00,AIS,POINT (13.09416 54.864738),626226000_1,0 days 00:01:00,-7.509968709775751e-08,240.23809994287268,0.0,0,5.357959419231634,54.864738,13.09416
2025-02-04 05:33:03,2025-02-04 05:33:03,Class A,626226000_1,54.856452,13.070517,Constrained by her draught,-0.2,11.5,238.8,240.0,9319703,TRAM2,GREAT JACOMBO,Tanker,0,42.0,244.0,Combined GPS/GLONASS,15.0,EG_SUEZ,18/02/2025 18:00:00,AIS,POINT (13.070517 54.856452),626226000_1,0 days 00:05:00,-2.7922665603898056e-08,238.67243903897815,0.0,0,5.340971389941162,54.856452,13.070517
2025-02-04 05:34:03,2025-02-04 05:34:03,Class A,626226000_1,54.854788,13.065763,Constrained by her draught,1.6,11.5,239.2,240.0,9319703,TRAM2,GREAT JACOMBO,Tanker,0,42.0,244.0,Combined GPS/GLONASS,15.0,EG_SUEZ,18/02/2025 18:00:00,AIS,POINT (13.065763 54.854788),626226000_1,0 days 00:01:00,5.053145188833267e-07,238.69997010726183,0.0,0,5.337562213193773,54.854788,13.065763
2025-02-04 05:35:02,2025-02-04 05:35:02,Class A,626226000_1,54.853168,13.060973,Constrained by her draught,5.4,11.5,240.0,241.0,9319703,TRAM2,GREAT JACOMBO,Tanker,0,42.0,244.0,Combined GPS/GLONASS,15.0,EG_SUEZ,18/02/2025 18:00:00,AIS,POINT (13.060973 54.853168),626226000_1,0 days 00:00:59,1.5626097029409152e-06,239.5674983686545,0.0,0,5.334103105733337,54.853168,13.060973
2025-02-04 05:36:02,2025-02-04 05:36:02,Class A,626226000_1,54.851582,13.056153,Constrained by her draught,2.2,11.5,240.0,240.0,9319703,TRAM2,GREAT JACOMBO,Tanker,0,42.0,244.0,Combined GPS/GLONASS,15.0,EG_SUEZ,18/02/2025 18:00:00,AIS,POINT (13.056153 54.851582),626226000_1,0 days 00:01:00,-1.7389245956319435e-06,240.25088318328386,0.0,0,5.330604041621737,54.851582,13.056153
2025-02-04 05:37:02,2025-02-04 05:37:02,Class A,626226000_1,54.84997,13.051357,Constrained by her draught,1.6,11.5,240.3,241.0,9319703,TRAM2,GREAT JACOMBO,Tanker,0,42.0,244.0,Combined GPS/GLONASS,15.0,EG_SUEZ,18/02/2025 18:00:00,AIS,POINT (13.051357 54.84997),626226000_1,0 days 00:01:00,3.343990543190854e-08,239.72445436419804,0.0,0,5.327140960074738,54.84997,13.051357
2025-02-04 05:38:02,2025-02-04 05:38:02,Class A,626226000_1,54.848417,13.046502,Constrained by her draught,5.4,11.5,241.7,242.0,9319703,TRAM2,GREAT JACOMBO,Tanker,0,42.0,244.0,Combined GPS/GLONASS,15.0,EG_SUEZ,18/02/2025 18:00:00,AIS,POINT (13.046502 54.848417),626226000_1,0 days 00:01:00,1.663901069276034e-08,240.9453935637985,0.0,0,5.323600519785459,54.848417,13.046502
2025-02-04 05:39:02,2025-02-04 05:39:02,Class A,626226000_1,54.846912,13.041608,Constrained by her draught,3.6,11.5,242.1,242.0,9319703,TRAM2,GREAT JACOMBO,Tanker,0,42.0,244.0,Combined GPS/GLONASS,15.0,EG_SUEZ,18/02/2025 18:00:00,AIS,POINT (13.041608 54.846912),626226000_1,0 days 00:01:00,-9.461279718317046e-08,241.89454433735312,0.0,0,5.320005500781836,54.846912,13.041608
2025-02-04 05:55:01,2025-02-04 05:55:01,Class A,626226000_1,54.823613,12.964055,Constrained by her draught,-5.4,11.2,242.4,240.0,9319703,TRAM2,GREAT JACOMBO,Tanker,0,42.0,244.0,Combined GPS/GLONASS,15.0,EG_SUEZ,18/02/2025 18:00:00,AIS,POINT (12.964055 54.823613),626226000_1,0 days 00:15:59,-8.254295786718483e-08,242.48343120985044,0.0,0,5.263107674750061,54.823613,12.964055
2025-02-04 06:00:02,2025-02-04 06:00:02,Class A,626226000_1,54.816682,12.939753,Constrained by her draught,-4.5,11.2,245.9,242.0,9319703,TRAM2,GREAT JACOMBO,Tanker,0,42.0,244.0,Combined GPS/GLONASS,15.0,EG_SUEZ,18/02/2025 18:00:00,AIS,POINT (12.939753 54.816682),626226000_1,0 days 00:05:01,-2.314222000179886e-07,243.67363382289653,0.0,0,5.245228217146895,54.816682,12.939753
2025-02-04 06:01:02,2025-02-04 06:01:02,Class A,626226000_1,54.815283,12.934928,Constrained by her draught,-2.9,11.2,240.9,238.0,9319703,TRAM2,GREAT JACOMBO,Tanker,0,42.0,244.0,Combined GPS/GLONASS,15.0,EG_SUEZ,18/02/2025 18:00:00,AIS,POINT (12.934928 54.815283),626226000_1,0 days 00:01:00,-5.987590257718693e-08,243.29026015796367,0.0,0,5.24169677509907,54.815283,12.934928
2025-02-04 06:02:02,2025-02-04 06:02:02,Class A,626226000_1,54.813708,12.930282,Constrained by her draught,1.1,11.2,238.6,237.0,9319703,TRAM2,GREAT JACOMBO,Tanker,0,42.0,244.0,Combined GPS/GLONASS,15.0,EG_SUEZ,18/02/2025 18:00:00,AIS,POINT (12.930282 54.813708),626226000_1,0 days 00:01:00,-2.0567460036747683e-07,239.53302387008517,0.0,0,5.23840991577263,54.813708,12.930282
2025-02-04 06:03:02,2025-02-04 06:03:02,Class A,626226000_1,54.812113,12.925643,Constrained by her draught,4.5,11.2,241.1,241.0,9319703,TRAM2,GREAT JACOMBO,Tanker,0,42.0,244.0,Combined GPS/GLONASS,15.0,EG_SUEZ,18/02/2025 18:00:00,AIS,POINT (12.925643 54.812113),626226000_1,0 days 00:01:00,2.098951279162504e-07,239.17906812959689,0.0,0,5.235141473502797,54.812113,12.925643
2025-02-04 06:04:02,2025-02-04 06:04:02,Class A,626226000_1,54.810718,12.920803,Constrained by her draught,2.9,11.2,245.9,245.0,9319703,TRAM2,GREAT JACOMBO,Tanker,0,42.0,244.0,Combined GPS/GLONASS,15.0,EG_SUEZ,18/02/2025 18:00:00,AIS,POINT (12.920803 54.810718),626226000_1,0 days 00:01:00,1.8864767249436528e-07,243.42989636940965,0.0,0,5.231602419602812,54.810718,12.920803
2025-02-04 06:05:02,2025-02-04 06:05:02,Class A,626226000_1,54.809525,12.915788,Constrained by her draught,-4.5,11.2,248.7,246.0,9319703,TRAM2,GREAT JACOMBO,Tanker,0,42.0,244.0,Combined GPS/GLONASS,15.0,EG_SUEZ,18/02/2025 18:00:00,AIS,POINT (12.915788 54.809525),626226000_1,0 days 00:01:00,2.6218910567525046e-07,247.57166659376878,0.0,0,5.227814286774158,54.809525,12.915788
2025-02-04 06:06:02,2025-02-04 06:06:02,Class A,626226000_1,54.808352,12.910762,Constrained by her draught,-1.6,11.3,246.1,243.0,9319703,TRAM2,GREAT JACOMBO,Tanker,0,42.0,244.0,Combined GPS/GLONASS,15.0,EG_SUEZ,18/02/2025 18:00:00,AIS,POINT (12.910762 54.808352),626226000_1,0 days 00:01:00,-4.927965102130502e-08,247.9555638082856,0.0,0,5.224009096288501,54.808352,12.910762
2025-02-04 06:07:02,2025-02-04 06:07:02,Class A,626226000_1,54.807032,12.90585,Constrained by her draught,2.9,11.3,243.9,242.0,9319703,TRAM2,GREAT JACOMBO,Tanker,0,42.0,244.0,Combined GPS/GLONASS,15.0,EG_SUEZ,18/02/2025 18:00:00,AIS,POINT (12.90585 54.807032),626226000_1,0 days 00:01:00,-5.432456077090683e-08,245.0031507112388,0.0,0,5.220377741067498,54.807032,12.90585
2025-02-04 06:08:02,2025-02-04 06:08:02,Class A,626226000_1,54.805707,12.900927,Constrained by her draught,-3.6,11.3,245.4,243.0,9319703,TRAM2,GREAT JACOMBO,Tanker,0,42.0,244.0,Combined GPS/GLONASS,15.0,EG_SUEZ,18/02/2025 18:00:00,AIS,POINT (12.900927 54.805707),626226000_1,0 days 00:01:00,2.4597118912423644e-07,244.96997861015768,0.0,0,5.21674169844981,54.805707,12.900927
2025-02-04 06:09:02,2025-02-04 06:09:02,Class A,626226000_1,54.804388,12.895987,Constrained by her draught,0.0,11.3,244.8,243.0,9319703,TRAM2,GREAT JACOMBO,Tanker,0,42.0,244.0,Combined GPS/GLONASS,15.0,EG_SUEZ,18/02/2025 18:00:00,AIS,POINT (12.895987 54.804388),626226000_1,0 days 00:01:00,1.9993974672014371e-07,245.1456680137283,0.0,0,5.213090354924801,54.804388,12.895987
2025-02-04 06:10:02,2025-02-04 06:10:02,Class A,626226000_1,54.80306,12.891038,Constrained by her draught,-0.2,11.3,244.5,243.0,9319703,TRAM2,GREAT JACOMBO,Tanker,0,42.0,244.0,Combined GPS/GLONASS,15.0,EG_SUEZ,18/02/2025 18:00:00,AIS,POINT (12.891038 54.80306),626226000_1,0 days 00:01:00,2.6548411008919977e-07,245.03738744416432,0.0,0,5.209438077434551,54.80306,12.891038
2025-02-04 06:11:03,2025-02-04 06:11:03,Class A,626226000_1,54.801722,12.885993,Constrained by her draught,-3.6,11.3,245.5,243.0,9319703,TRAM2,GREAT JACOMBO,Tanker,0,42.0,244.0,Combined GPS/GLONASS,15.0,EG_SUEZ,18/02/2025 18:00:00,AIS,POINT (12.885993 54.801722),626226000_1,0 days 00:01:01,6.248937787677682e-08,245.29389630886547,0.0,0,5.205709727953913,54.801722,12.885993
2025-02-04 06:12:03,2025-02-04 06:12:03,Class A,626226000_1,54.80039,12.881037,Constrained by her draught,-0.4,11.4,244.4,243.0,9319703,TRAM2,GREAT JACOMBO,Tanker,0,42.0,244.0,Combined GPS/GLONASS,15.0,EG_SUEZ,18/02/2025 18:00:00,AIS,POINT (12.881037 54.80039),626226000_1,0 days 00:01:00,1.0727700092202688e-07,245.0038740305614,0.0,0,5.2020583485910645,54.80039,12.881037
2025-02-04 06:13:03,2025-02-04 06:13:03,Class A,626226000_1,54.799073,12.876062,Constrained by her draught,-2.2,11.3,245.0,242.0,9319703,TRAM2,GREAT JACOMBO,Tanker,0,42.0,244.0,Combined GPS/GLONASS,15.0,EG_SUEZ,18/02/2025 18:00:00,AIS,POINT (12.876062 54.799073),626226000_1,0 days 00:01:00,1.1635529700896284e-07,245.33546383546673,0.0,0,5.1983855374548735,54.799073,12.876062
2025-02-04 06:14:03,2025-02-04 06:14:03,Class A,626226000_1,54.797735,12.871102,Constrained by her draught,-0.7,11.4,245.3,243.0,9319703,TRAM2,GREAT JACOMBO,Tanker,0,42.0,244.0,Combined GPS/GLONASS,15.0,EG_SUEZ,18/02/2025 18:00:00,AIS,POINT (12.871102 54.797735),626226000_1,0 days 00:01:00,3.203887172932863e-08,244.92430062902037,0.0,0,5.194738661724571,54.797735,12.871102
2025-02-04 06:15:03,2025-02-04 06:15:03,Class A,626226000_1,54.796425,12.866118,Constrained by her draught,-1.1,11.3,244.6,243.0,9319703,TRAM2,GREAT JACOMBO,Tanker,0,42.0,244.0,Combined GPS/GLONASS,15.0,EG_SUEZ,18/02/2025 18:00:00,AIS,POINT (12.866118 54.796425),626226000_1,0 days 00:01:00,2.961308386569284e-08,245.4916040415212,0.0,0,5.1910595798256844,54.796425,12.866118
2025-02-04 06:16:03,2025-02-04 06:16:03,Class A,626226000_1,54.795102,12.861147,Constrained by her draught,0.2,11.4,245.4,243.0,9319703,TRAM2,GREAT JACOMBO,Tanker,0,42.0,244.0,Combined GPS/GLONASS,15.0,EG_SUEZ,18/02/2025 18:00:00,AIS,POINT (12.861147 54.795102),626226000_1,0 days 00:01:00,-4.123749791335185e-08,245.22115010422885,0.0,0,5.187400747735807,54.795102,12.861147
2025-02-04 06:17:03,2025-02-04 06:17:03,Class A,626226000_1,54.793775,12.856195,Constrained by her draught,0.4,11.3,242.5,240.0,9319703,TRAM2,GREAT JACOMBO,Tanker,0,42.0,244.0,Combined GPS/GLONASS,15.0,EG_SUEZ,18/02/2025 18:00:00,AIS,POINT (12.856195 54.793775),626226000_1,0 days 00:01:00,-2.536215460468364e-07,245.07220652177193,0.0,0,5.18376291138098,54.793775,12.856195
2025-02-04 06:18:03,2025-02-04 06:18:03,Class A,626226000_1,54.792332,12.851417,Constrained by her draught,-1.6,11.1,241.7,240.0,9319703,TRAM2,GREAT JACOMBO,Tanker,0,42.0,244.0,Combined GPS/GLONASS,15.0,EG_SUEZ,18/02/2025 18:00:00,AIS,POINT (12.851417 54.792332),626226000_1,0 days 00:01:00,-1.2004674084352783e-06,242.35468367804117,0.0,0,5.1803362484968085,54.792332,12.851417
2025-02-04 06:19:03,2025-02-04 06:19:03,Class A,626226000_1,54.79087,12.846625,Constrained by her draught,-3.6,11.0,242.3,240.0,9319703,TRAM2,GREAT JACOMBO,Tanker,0,42.0,244.0,Combined GPS/GLONASS,15.0,EG_SUEZ,18/02/2025 18:00:00,AIS,POINT (12.846625 54.79087),626226000_1,0 days 00:01:00,4.973929363821852e-07,242.1156822399891,0.0,0,5.176909463430282,54.79087,12.846625
2025-02-04 06:20:03,2025-02-04 06:20:03,Class A,626226000_1,54.789438,12.84197,Constrained by her draught,-5.4,10.9,241.8,240.0,9319703,TRAM2,GREAT JACOMBO,Tanker,0,42.0,244.0,Combined GPS/GLONASS,15.0,EG_SUEZ,18/02/2025 18:00:00,AIS,POINT (12.84197 54.789438),626226000_1,0 days 00:01:00,-2.594693583409721e-06,241.92007337069282,0.0,0,5.17358900772694,54.789438,12.84197
2025-02-04 06:21:03,2025-02-04 06:21:03,Class A,626226000_1,54.788018,12.837362,Constrained by her draught,2.2,10.8,242.0,240.0,9319703,TRAM2,GREAT JACOMBO,Tanker,0,42.0,244.0,Combined GPS/GLONASS,15.0,EG_SUEZ,18/02/2025 18:00:00,AIS,POINT (12.837362 54.788018),626226000_1,0 days 00:01:00,-9.131244789642301e-07,241.879641079716,0.0,0,5.170305724081024,54.788018,12.837362
2025-02-04 06:22:03,2025-02-04 06:22:03,Class A,626226000_1,54.786603,12.832798,Constrained by her draught,-0.2,10.7,242.1,240.0,9319703,TRAM2,GREAT JACOMBO,Tanker,0,42.0,244.0,Combined GPS/GLONASS,15.0,EG_SUEZ,18/02/2025 18:00:00,AIS,POINT (12.832798 54.786603),626226000_1,0 days 00:01:00,-7.637230662728943e-07,241.7357082727101,0.0,0,5.167060451698239,54.786603,12.832798
2025-02-04 06:23:02,2025-02-04 06:23:02,Class A,626226000_1,54.78523,12.82834,Constrained by her draught,2.9,10.6,241.5,240.0,9319703,TRAM2,GREAT JACOMBO,Tanker,0,42.0,244.0,Combined GPS/GLONASS,15.0,EG_SUEZ,18/02/2025 18:00:00,AIS,POINT (12.82834 54.78523),626226000_1,0 days 00:00:59,-7.630488982243875e-07,241.89469181509736,0.0,0,5.1638882756881,54.78523,12.82834
2025-02-04 06:24:02,2025-02-04 06:24:02,Class A,626226000_1,54.783828,12.823848,Constrained by her draught,2.9,10.5,242.3,240.0,9319703,TRAM2,GREAT JACOMBO,Tanker,0,42.0,244.0,Combined GPS/GLONASS,15.0,EG_SUEZ,18/02/2025 18:00:00,AIS,POINT (12.823848 54.783828),626226000_1,0 days 00:01:00,-5.683038914528679e-07,241.57759669740955,0.0,0,5.160703488695026,54.783828,12.823848
2025-02-04 06:25:02,2025-02-04 06:25:02,Class A,626226000_1,54.782442,12.819382,Constrained by her draught,-0.4,10.5,241.0,240.0,9319703,TRAM2,GREAT JACOMBO,Tanker,0,42.0,244.0,Combined GPS/GLONASS,15.0,EG_SUEZ,18/02/2025 18:00:00,AIS,POINT (12.819382 54.782442),626226000_1,0 days 00:01:00,-6.412705817991348e-07,241.71426470069696,0.0,0,5.157535484068431,54.782442,12.819382
2025-02-04 06:26:02,2025-02-04 06:26:02,Class A,626226000_1,54.781072,12.814933,Constrained by her draught,-4.5,10.4,242.3,240.0,9319703,TRAM2,GREAT JACOMBO,Tanker,0,42.0,244.0,Combined GPS/GLONASS,15.0,EG_SUEZ,18/02/2025 18:00:00,AIS,POINT (12.814933 54.781072),626226000_1,0 days 00:01:00,-4.988746957737892e-07,241.90110088427076,0.0,0,5.154376431277987,54.781072,12.814933
2025-02-04 06:28:02,2025-02-04 06:28:02,Class A,626226000_1,54.778342,12.806108,Constrained by her draught,0.0,10.3,241.7,240.0,9319703,TRAM2,GREAT JACOMBO,Tanker,0,42.0,244.0,Combined GPS/GLONASS,15.0,EG_SUEZ,18/02/2025 18:00:00,AIS,POINT (12.806108 54.778342),626226000_1,0 days 00:02:00,-3.2238025362317397e-07,241.79488754261973,0.0,0,5.148123165413683,54.778342,12.806108
2025-02-04 06:29:02,2025-02-04 06:29:02,Class A,626226000_1,54.776975,12.801728,Constrained by her draught,-5.4,10.3,241.9,240.0,9319703,TRAM2,GREAT JACOMBO,Tanker,0,42.0,244.0,Combined GPS/GLONASS,15.0,EG_SUEZ,18/02/2025 18:00:00,AIS,POINT (12.801728 54.776975),626226000_1,0 days 00:01:00,-4.788875094771892e-07,241.582390338376,0.0,0,5.145028976138036,54.776975,12.801728
2025-02-04 06:30:02,2025-02-04 06:30:02,Class A,626226000_1,54.775645,12.797428,Constrained by her draught,-5.4,10.3,241.3,240.0,9319703,TRAM2,GREAT JACOMBO,Tanker,0,42.0,244.0,Combined GPS/GLONASS,15.0,EG_SUEZ,18/02/2025 18:00:00,AIS,POINT (12.797428 54.775645),626226000_1,0 days 00:01:00,-1.7989583271827478e-06,241.79860115018153,0.0,0,5.141987399537266,54.775645,12.797428
2025-02-04 06:31:02,2025-02-04 06:31:02,Class A,626226000_1,54.7743,12.793062,Constrained by her draught,-2.9,10.3,241.9,240.0,9319703,TRAM2,GREAT JACOMBO,Tanker,0,42.0,244.0,Combined GPS/GLONASS,15.0,EG_SUEZ,18/02/2025 18:00:00,AIS,POINT (12.793062 54.7743),626226000_1,0 days 00:01:00,1.261416624306133e-06,241.89517097526135,0.0,0,5.138898593815705,54.7743,12.793062
2025-02-04 06:32:02,2025-02-04 06:32:02,Class A,626226000_1,54.772947,12.788713,Constrained by her draught,-1.6,10.3,241.8,240.0,9319703,TRAM2,GREAT JACOMBO,Tanker,0,42.0,244.0,Combined GPS/GLONASS,15.0,EG_SUEZ,18/02/2025 18:00:00,AIS,POINT (12.788713 54.772947),626226000_1,0 days 00:01:00,-1.4882865094849838e-07,241.66123557582495,0.0,0,5.135830705415531,54.772947,12.788713
2025-02-04 06:33:02,2025-02-04 06:33:02,Class A,626226000_1,54.771602,12.784367,Constrained by her draught,-3.6,10.2,241.8,239.0,9319703,TRAM2,GREAT JACOMBO,Tanker,0,42.0,244.0,Combined GPS/GLONASS,15.0,EG_SUEZ,18/02/2025 18:00:00,AIS,POINT (12.784367 54.771602),626226000_1,0 days 00:01:00,-1.619685043993188e-07,241.78729619376048,0.0,0,5.1327635595817185,54.771602,12.784367
2025-02-04 06:34:02,2025-02-04 06:34:02,Class A,626226000_1,54.770242,12.780033,Constrained by her draught,-0.2,10.3,241.9,240.0,9319703,TRAM2,GREAT JACOMBO,Tanker,0,42.0,244.0,Combined GPS/GLONASS,15.0,EG_SUEZ,18/02/2025 18:00:00,AIS,POINT (12.780033 54.770242),626226000_1,0 days 00:01:00,3.352213164550695e-08,241.4561053921815,0.0,0,5.129716563416928,54.770242,12.780033
2025-02-04 06:35:02,2025-02-04 06:35:02,Class A,626226000_1,54.768908,12.775678,Constrained by her draught,-2.2,10.2,241.7,239.0,9319703,TRAM2,GREAT JACOMBO,Tanker,0,42.0,244.0,Combined GPS/GLONASS,15.0,EG_SUEZ,18/02/2025 18:00:00,AIS,POINT (12.775678 54.768908),626226000_1,0 days 00:01:00,-4.683561920725057e-08,242.0335808727616,0.0,0,5.126640489463736,54.768908,12.775678
2025-02-04 06:36:02,2025-02-04 06:36:02,Class A,626226000_1,54.767537,12.771268,Constrained by her draught,-6.4,10.2,242.1,240.0,9319703,TRAM2,GREAT JACOMBO,Tanker,0,42.0,244.0,Combined GPS/GLONASS,15.0,EG_SUEZ,18/02/2025 18:00:00,AIS,POINT (12.771268 54.767537),626226000_1,0 days 00:01:00,1.4085070191055133e-06,241.68151254057878,0.0,0,5.123538053144918,54.767537,12.771268
2025-02-04 06:40:02,2025-02-04 06:40:02,Class A,626226000_1,54.762153,12.753925,Constrained by her draught,-0.4,10.3,241.7,240.0,9319703,TRAM2,GREAT JACOMBO,Tanker,0,42.0,244.0,Combined GPS/GLONASS,15.0,EG_SUEZ,18/02/2025 18:00:00,AIS,POINT (12.753925 54.762153),626226000_1,0 days 00:04:00,-3.823963193734861e-07,241.72282782594465,0.0,0,5.1113555401999795,54.762153,12.753925
2025-02-04 06:52:02,2025-02-04 06:52:02,Class A,626226000_1,54.746678,12.701213,Constrained by her draught,2.9,10.3,243.8,243.0,9319703,TRAM2,GREAT JACOMBO,Tanker,0,42.0,244.0,Combined GPS/GLONASS,15.0,EG_SUEZ,18/02/2025 18:00:00,AIS,POINT (12.701213 54.746678),626226000_1,0 days 00:12:00,9.376671920840805e-09,243.0579284971361,0.0,0,5.074087689383578,54.746678,12.701213
2025-02-04 06:56:03,2025-02-04 06:56:03,Class A,626226000_1,54.741907,12.68325,Constrained by her draught,1.6,10.3,245.3,243.0,9319703,TRAM2,GREAT JACOMBO,Tanker,0,42.0,244.0,Combined GPS/GLONASS,15.0,EG_SUEZ,18/02/2025 18:00:00,AIS,POINT (12.68325 54.741907),626226000_1,0 days 00:04:01,-1.7862675851939797e-08,245.29857101346195,0.0,0,5.061200132913933,54.741907,12.68325
2025-02-04 06:57:03,2025-02-04 06:57:03,Class A,626226000_1,54.74072,12.678748,Constrained by her draught,-0.4,10.3,245.4,242.0,9319703,TRAM2,GREAT JACOMBO,Tanker,0,42.0,244.0,Combined GPS/GLONASS,15.0,EG_SUEZ,18/02/2025 18:00:00,AIS,POINT (12.678748 54.74072),626226000_1,0 days 00:01:00,4.812167680809647e-07,245.45386400692297,0.0,0,5.057971184746409,54.74072,12.678748
2025-02-04 06:58:03,2025-02-04 06:58:03,Class A,626226000_1,54.739522,12.674242,Constrained by her draught,0.2,10.3,245.6,243.0,9319703,TRAM2,GREAT JACOMBO,Tanker,0,42.0,244.0,Combined GPS/GLONASS,15.0,EG_SUEZ,18/02/2025 18:00:00,AIS,POINT (12.674242 54.739522),626226000_1,0 days 00:01:00,2.087592533178637e-07,245.27351462105776,0.0,0,5.054746774649052,54.739522,12.674242
2025-02-04 06:59:03,2025-02-04 06:59:03,Class A,626226000_1,54.738328,12.66972,Constrained by her draught,-2.9,10.3,246.1,243.0,9319703,TRAM2,GREAT JACOMBO,Tanker,0,42.0,244.0,Combined GPS/GLONASS,15.0,EG_SUEZ,18/02/2025 18:00:00,AIS,POINT (12.66972 54.738328),626226000_1,0 days 00:01:00,2.1092935816959847e-07,245.4237985190544,0.0,0,5.0515088703488376,54.738328,12.66972
2025-02-04 07:00:03,2025-02-04 07:00:03,Class A,626226000_1,54.737137,12.665193,Constrained by her draught,-3.6,10.3,246.0,243.0,9319703,TRAM2,GREAT JACOMBO,Tanker,0,42.0,244.0,Combined GPS/GLONASS,15.0,EG_SUEZ,18/02/2025 18:00:00,AIS,POINT (12.665193 54.737137),626226000_1,0 days 00:01:00,4.511613994749297e-08,245.50281429082008,0.0,0,5.048267391546235,54.737137,12.665193
2025-02-04 07:01:03,2025-02-04 07:01:03,Class A,626226000_1,54.735947,12.660657,Constrained by her draught,0.0,10.3,245.6,243.0,9319703,TRAM2,GREAT JACOMBO,Tanker,0,42.0,244.0,Combined GPS/GLONASS,15.0,EG_SUEZ,18/02/2025 18:00:00,AIS,POINT (12.660657 54.735947),626226000_1,0 days 00:01:00,1.3600194772165886e-07,245.56449588740685,0.0,0,5.045019976585325,54.735947,12.660657
2025-02-04 07:02:02,2025-02-04 07:02:02,Class A,626226000_1,54.734777,12.656175,Constrained by her draught,0.0,10.4,245.6,243.0,9319703,TRAM2,GREAT JACOMBO,Tanker,0,42.0,244.0,Combined GPS/GLONASS,15.0,EG_SUEZ,18/02/2025 18:00:00,AIS,POINT (12.656175 54.734777),626226000_1,0 days 00:00:59,3.641732923997384e-07,245.67224840127943,0.0,0,5.041810400601453,54.734777,12.656175
2025-02-04 07:03:02,2025-02-04 07:03:02,Class A,626226000_1,54.733563,12.651633,Constrained by her draught,0.0,10.4,245.2,243.0,9319703,TRAM2,GREAT JACOMBO,Tanker,0,42.0,244.0,Combined GPS/GLONASS,15.0,EG_SUEZ,18/02/2025 18:00:00,AIS,POINT (12.651633 54.733563),626226000_1,0 days 00:01:00,5.264727332717686e-08,245.1609490700307,0.0,0,5.0385749522547565,54.733563,12.651633
2025-02-04 07:04:02,2025-02-04 07:04:02,Class A,626226000_1,54.73237,12.64707,Constrained by her draught,1.1,10.4,245.4,243.0,9319703,TRAM2,GREAT JACOMBO,Tanker,0,42.0,244.0,Combined GPS/GLONASS,15.0,EG_SUEZ,18/02/2025 18:00:00,AIS,POINT (12.64707 54.73237),626226000_1,0 days 00:01:00,7.415664139756122e-08,245.6400596513052,0.0,0,5.035312923802152,54.73237,12.64707
2025-02-04 07:05:02,2025-02-04 07:05:02,Class A,626226000_1,54.73116,12.642522,Constrained by her draught,-1.6,10.4,245.6,243.0,9319703,TRAM2,GREAT JACOMBO,Tanker,0,42.0,244.0,Combined GPS/GLONASS,15.0,EG_SUEZ,18/02/2025 18:00:00,AIS,POINT (12.642522 54.73116),626226000_1,0 days 00:01:00,-2.404465923945958e-08,245.26301776600786,0.0,0,5.032074890241697,54.73116,12.642522
2025-02-04 07:06:02,2025-02-04 07:06:02,Class A,626226000_1,54.729955,12.63797,Constrained by her draught,-0.4,10.5,244.8,243.0,9319703,TRAM2,GREAT JACOMBO,Tanker,0,42.0,244.0,Combined GPS/GLONASS,15.0,EG_SUEZ,18/02/2025 18:00:00,AIS,POINT (12.63797 54.729955),626226000_1,0 days 00:01:00,2.8143799435618547e-09,245.3728053680172,0.0,0,5.028833145967761,54.729955,12.63797
2025-02-04 07:07:02,2025-02-04 07:07:02,Class A,626226000_1,54.728743,12.633418,Constrained by her draught,-3.6,10.4,245.1,243.0,9319703,TRAM2,GREAT JACOMBO,Tanker,0,42.0,244.0,Combined GPS/GLONASS,15.0,EG_SUEZ,18/02/2025 18:00:00,AIS,POINT (12.633418 54.728743),626226000_1,0 days 00:01:00,9.24526349797029e-08,245.24749359236588,0.0,0,5.025597403388377,54.728743,12.633418
2025-02-04 07:08:02,2025-02-04 07:08:02,Class A,626226000_1,54.727508,12.628892,Constrained by her draught,-5.4,10.5,245.1,243.0,9319703,TRAM2,GREAT JACOMBO,Tanker,0,42.0,244.0,Combined GPS/GLONASS,15.0,EG_SUEZ,18/02/2025 18:00:00,AIS,POINT (12.628892 54.727508),626226000_1,0 days 00:01:00,-1.1929847156115446e-07,244.70953342423792,0.0,0,5.0223982077335325,54.727508,12.628892
2025-02-04 07:09:02,2025-02-04 07:09:02,Class A,626226000_1,54.726272,12.62437,Constrained by her draught,2.9,10.3,244.0,243.0,9319703,TRAM2,GREAT JACOMBO,Tanker,0,42.0,244.0,Combined GPS/GLONASS,15.0,EG_SUEZ,18/02/2025 18:00:00,AIS,POINT (12.62437 54.726272),626226000_1,0 days 00:01:00,-4.932056263403107e-08,244.6727046243488,0.0,0,5.019205284551829,54.726272,12.62437
2025-02-04 07:13:02,2025-02-04 07:13:02,Class A,626226000_1,54.72124,12.606407,Constrained by her draught,0.0,10.3,243.6,242.0,9319703,TRAM2,GREAT JACOMBO,Tanker,0,42.0,244.0,Combined GPS/GLONASS,15.0,EG_SUEZ,18/02/2025 18:00:00,AIS,POINT (12.606407 54.72124),626226000_1,0 days 00:04:00,-5.138873789998346e-08,244.13117032211437,0.0,0,5.006609757301442,54.72124,12.606407
2025-02-04 07:14:02,2025-02-04 07:14:02,Class A,626226000_1,54.719982,12.60197,Constrained by her draught,0.7,10.3,243.4,242.0,9319703,TRAM2,GREAT JACOMBO,Tanker,0,42.0,244.0,Combined GPS/GLONASS,15.0,EG_SUEZ,18/02/2025 18:00:00,AIS,POINT (12.60197 54.719982),626226000_1,0 days 00:01:00,-8.594321281044816e-07,243.85549047546644,0.0,0,5.003512371435988,54.719982,12.60197
2025-02-04 07:15:02,2025-02-04 07:15:02,Class A,626226000_1,54.718715,12.597555,Constrained by her draught,5.4,10.2,243.6,242.0,9319703,TRAM2,GREAT JACOMBO,Tanker,0,42.0,244.0,Combined GPS/GLONASS,15.0,EG_SUEZ,18/02/2025 18:00:00,AIS,POINT (12.597555 54.718715),626226000_1,0 days 00:01:00,-2.2802120074470918e-07,243.58095151074815,0.0,0,5.000440744179356,54.718715,12.597555
2025-02-04 07:17:02,2025-02-04 07:17:02,Class A,626226000_1,54.716195,12.58885,Constrained by her draught,0.4,10.2,244.5,242.0,9319703,TRAM2,GREAT JACOMBO,Tanker,0,42.0,244.0,Combined GPS/GLONASS,15.0,EG_SUEZ,18/02/2025 18:00:00,AIS,POINT (12.58885 54.716195),626226000_1,0 days 00:02:00,-5.473562032657951e-07,243.38422302526044,0.0,0,4.994402924144588,54.716195,12.58885
2025-02-04 07:18:02,2025-02-04 07:18:02,Class A,626226000_1,54.714932,12.584485,Constrained by her draught,0.4,10.2,245.0,243.0,9319703,TRAM2,GREAT JACOMBO,Tanker,0,42.0,244.0,Combined GPS/GLONASS,15.0,EG_SUEZ,18/02/2025 18:00:00,AIS,POINT (12.584485 54.714932),626226000_1,0 days 00:01:00,2.448724154926075e-07,243.39475876190028,0.0,0,4.991378459333456,54.714932,12.584485
2025-02-04 07:19:02,2025-02-04 07:19:02,Class A,626226000_1,54.713687,12.580117,Constrained by her draught,1.6,10.1,244.1,243.0,9319703,TRAM2,GREAT JACOMBO,Tanker,0,42.0,244.0,Combined GPS/GLONASS,15.0,EG_SUEZ,18/02/2025 18:00:00,AIS,POINT (12.580117 54.713687),626226000_1,0 days 00:01:00,-1.9706938367017892e-07,243.73900640747303,0.0,0,4.988344171344335,54.713687,12.580117
2025-02-04 07:20:02,2025-02-04 07:20:02,Class A,626226000_1,54.71246,12.575747,Constrained by her draught,-2.2,10.1,244.1,243.0,9319703,TRAM2,GREAT JACOMBO,Tanker,0,42.0,244.0,Combined GPS/GLONASS,15.0,EG_SUEZ,18/02/2025 18:00:00,AIS,POINT (12.575747 54.71246),626226000_1,0 days 00:01:00,-2.1005422936196925e-07,244.07964571764717,0.0,0,4.985300882537182,54.71246,12.575747
2025-02-04 07:21:02,2025-02-04 07:21:02,Class A,626226000_1,54.711213,12.571402,Constrained by her draught,-2.9,10.1,244.1,243.0,9319703,TRAM2,GREAT JACOMBO,Tanker,0,42.0,244.0,Combined GPS/GLONASS,15.0,EG_SUEZ,18/02/2025 18:00:00,AIS,POINT (12.571402 54.711213),626226000_1,0 days 00:01:00,-1.2748163768035805e-07,243.58353548130788,0.0,0,4.9822916867421565,54.711213,12.571402
2025-02-04 07:22:02,2025-02-04 07:22:02,Class A,626226000_1,54.70998,12.567053,Constrained by her draught,-4.5,10.1,243.8,241.0,9319703,TRAM2,GREAT JACOMBO,Tanker,0,42.0,244.0,Combined GPS/GLONASS,15.0,EG_SUEZ,18/02/2025 18:00:00,AIS,POINT (12.567053 54.70998),626226000_1,0 days 00:01:00,-1.2495186165587386e-07,243.86196751267443,0.0,0,4.979273912595088,54.70998,12.567053
2025-02-04 07:23:02,2025-02-04 07:23:02,Class A,626226000_1,54.708627,12.562843,Constrained by her draught,-5.4,9.9,238.7,238.0,9319703,TRAM2,GREAT JACOMBO,Tanker,0,42.0,244.0,Combined GPS/GLONASS,15.0,EG_SUEZ,18/02/2025 18:00:00,AIS,POINT (12.562843 54.708627),626226000_1,0 days 00:01:00,-4.874446078620854e-07,240.91534847193822,0.0,0,4.97644005118207,54.708627,12.562843
2025-02-04 07:24:02,2025-02-04 07:24:02,Class A,626226000_1,54.707197,12.55872,Constrained by her draught,-5.4,10.0,238.5,238.0,9319703,TRAM2,GREAT JACOMBO,Tanker,0,42.0,244.0,Combined GPS/GLONASS,15.0,EG_SUEZ,18/02/2025 18:00:00,AIS,POINT (12.55872 54.707197),626226000_1,0 days 00:01:00,-1.575272633877178e-07,239.02422797175726,0.0,0,4.973723218017664,54.707197,12.55872
2025-02-04 07:25:03,2025-02-04 07:25:03,Class A,626226000_1,54.705723,12.554543,Constrained by her draught,-0.4,10.0,238.0,237.0,9319703,TRAM2,GREAT JACOMBO,Tanker,0,42.0,244.0,Combined GPS/GLONASS,15.0,EG_SUEZ,18/02/2025 18:00:00,AIS,POINT (12.554543 54.705723),626226000_1,0 days 00:01:01,9.599229776397014e-08,238.5861581969384,0.0,0,4.970986745450949,54.705723,12.554543
2025-02-04 07:26:03,2025-02-04 07:26:03,Class A,626226000_1,54.704273,12.550432,Constrained by her draught,0.2,10.0,238.8,237.0,9319703,TRAM2,GREAT JACOMBO,Tanker,0,42.0,244.0,Combined GPS/GLONASS,15.0,EG_SUEZ,18/02/2025 18:00:00,AIS,POINT (12.550432 54.704273),626226000_1,0 days 00:01:00,4.274485551735106e-08,238.5995181001477,0.0,0,4.968295514709245,54.704273,12.550432
2025-02-04 07:27:03,2025-02-04 07:27:03,Class A,626226000_1,54.70282,12.54632,Constrained by her draught,-2.2,10.0,239.1,238.0,9319703,TRAM2,GREAT JACOMBO,Tanker,0,42.0,244.0,Combined GPS/GLONASS,15.0,EG_SUEZ,18/02/2025 18:00:00,AIS,POINT (12.54632 54.70282),626226000_1,0 days 00:01:00,6.581521296425303e-08,238.55394457283393,0.0,0,4.965607421162993,54.70282,12.54632
2025-02-04 07:28:03,2025-02-04 07:28:03,Class A,626226000_1,54.701367,12.542205,Constrained by her draught,-3.6,10.0,238.2,237.0,9319703,TRAM2,GREAT JACOMBO,Tanker,0,42.0,244.0,Combined GPS/GLONASS,15.0,EG_SUEZ,18/02/2025 18:00:00,AIS,POINT (12.542205 54.701367),626226000_1,0 days 00:01:00,4.810570328316749e-08,238.57345437783357,0.0,0,4.962919175162236,54.701367,12.542205
2025-02-04 07:29:02,2025-02-04 07:29:02,Class A,626226000_1,54.69991,12.538182,Constrained by her draught,0.2,10.0,237.6,237.0,9319703,TRAM2,GREAT JACOMBO,Tanker,0,42.0,244.0,Combined GPS/GLONASS,15.0,EG_SUEZ,18/02/2025 18:00:00,AIS,POINT (12.538182 54.69991),626226000_1,0 days 00:00:59,1.0736023786766645e-07,237.9241435098529,0.0,0,4.960312983500234,54.69991,12.538182
2025-02-04 07:30:02,2025-02-04 07:30:02,Class A,626226000_1,54.698448,12.53406,Constrained by her draught,0.2,10.0,239.3,238.0,9319703,TRAM2,GREAT JACOMBO,Tanker,0,42.0,244.0,Combined GPS/GLONASS,15.0,EG_SUEZ,18/02/2025 18:00:00,AIS,POINT (12.53406 54.698448),626226000_1,0 days 00:01:00,1.5100424630017152e-07,238.46108753271554,0.0,0,4.957628431184916,54.698448,12.53406
2025-02-04 07:31:02,2025-02-04 07:31:02,Class A,626226000_1,54.697013,12.529908,Constrained by her draught,-0.4,10.1,239.1,238.0,9319703,TRAM2,GREAT JACOMBO,Tanker,0,42.0,244.0,Combined GPS/GLONASS,15.0,EG_SUEZ,18/02/2025 18:00:00,AIS,POINT (12.529908 54.697013),626226000_1,0 days 00:01:00,3.0118370952170294e-08,239.11946779613632,0.0,0,4.954906456943866,54.697013,12.529908
2025-02-04 07:32:02,2025-02-04 07:32:02,Class A,626226000_1,54.695578,12.525753,Constrained by her draught,0.4,10.0,239.2,238.0,9319703,TRAM2,GREAT JACOMBO,Tanker,0,42.0,244.0,Combined GPS/GLONASS,15.0,EG_SUEZ,18/02/2025 18:00:00,AIS,POINT (12.525753 54.695578),626226000_1,0 days 00:01:00,4.839295972818708e-08,239.13858798992845,0.0,0,4.952184359124165,54.695578,12.525753
2025-02-04 07:33:02,2025-02-04 07:33:02,Class A,626226000_1,54.694122,12.52162,Constrained by her draught,2.9,10.0,237.8,237.0,9319703,TRAM2,GREAT JACOMBO,Tanker,0,42.0,244.0,Combined GPS/GLONASS,15.0,EG_SUEZ,18/02/2025 18:00:00,AIS,POINT (12.52162 54.694122),626226000_1,0 days 00:01:00,-2.9631683422064183e-10,238.6366651974788,0.0,0,4.949494531199424,54.694122,12.52162
2025-02-04 07:34:01,2025-02-04 07:34:01,Class A,626226000_1,54.692625,12.51752,Constrained by her draught,-0.2,10.1,238.5,238.0,9319703,TRAM2,GREAT JACOMBO,Tanker,0,42.0,244.0,Combined GPS/GLONASS,15.0,EG_SUEZ,18/02/2025 18:00:00,AIS,POINT (12.51752 54.692625),626226000_1,0 days 00:00:59,1.666281755046974e-06,237.71896874566028,0.0,0,4.946857066924816,54.692625,12.51752
2025-02-04 07:35:01,2025-02-04 07:35:01,Class A,626226000_1,54.691153,12.513385,Constrained by her draught,0.0,10.1,238.1,237.0,9319703,TRAM2,GREAT JACOMBO,Tanker,0,42.0,244.0,Combined GPS/GLONASS,15.0,EG_SUEZ,18/02/2025 18:00:00,AIS,POINT (12.513385 54.691153),626226000_1,0 days 00:01:00,-1.345295554897822e-06,238.37192180281048,0.0,0,4.9441790854269225,54.691153,12.513385
2025-02-04 07:37:01,2025-02-04 07:37:01,Class A,626226000_1,54.688182,12.50512,Constrained by her draught,-0.7,10.1,237.8,238.0,9319703,TRAM2,GREAT JACOMBO,Tanker,0,42.0,244.0,Combined GPS/GLONASS,15.0,EG_SUEZ,18/02/2025 18:00:00,AIS,POINT (12.50512 54.688182),626226000_1,0 days 00:02:00,9.233043895684959e-08,238.1254303353952,0.0,0,4.9388493346135816,54.688182,12.50512
2025-02-04 07:51:02,2025-02-04 07:51:02,Class A,626226000_1,54.667577,12.447047,Constrained by her draught,0.4,10.1,239.2,237.0,9319703,TRAM2,GREAT JACOMBO,Tanker,0,42.0,244.0,Combined GPS/GLONASS,15.0,EG_SUEZ,18/02/2025 18:00:00,AIS,POINT (12.447047 54.667577),626226000_1,0 days 00:14:01,-5.0240793014297375e-09,238.48715448927388,0.0,0,4.901531701324086,54.667577,12.447047
2025-02-04 07:52:02,2025-02-04 07:52:02,Class A,626226000_1,54.6661,12.442905,Constrained by her draught,-1.6,10.1,238.8,238.0,9319703,TRAM2,GREAT JACOMBO,Tanker,0,42.0,244.0,Combined GPS/GLONASS,15.0,EG_SUEZ,18/02/2025 18:00:00,AIS,POINT (12.442905 54.6661),626226000_1,0 days 00:01:00,1.1237134147053587e-07,238.3442220608594,0.0,0,4.898892878383237,54.6661,12.442905
2025-02-04 07:53:02,2025-02-04 07:53:02,Class A,626226000_1,54.664625,12.438765,Constrained by her draught,-0.7,10.1,237.8,237.0,9319703,TRAM2,GREAT JACOMBO,Tanker,0,42.0,244.0,Combined GPS/GLONASS,15.0,EG_SUEZ,18/02/2025 18:00:00,AIS,POINT (12.438765 54.664625),626226000_1,0 days 00:01:00,-6.064327930712747e-08,238.3674677869743,0.0,0,4.896257143715902,54.664625,12.438765
2025-02-04 07:55:02,2025-02-04 07:55:02,Class A,626226000_1,54.661703,12.430487,Constrained by her draught,-1.1,10.0,238.8,238.0,9319703,TRAM2,GREAT JACOMBO,Tanker,0,42.0,244.0,Combined GPS/GLONASS,15.0,EG_SUEZ,18/02/2025 18:00:00,AIS,POINT (12.430487 54.661703),626226000_1,0 days 00:02:00,-1.18898429965833e-07,238.60786541503296,0.0,0,4.890979413330727,54.661703,12.430487
2025-02-04 08:02:02,2025-02-04 08:02:02,Class A,626226000_1,54.651315,12.401638,Constrained by her draught,0.0,10.1,238.3,237.0,9319703,TRAM2,GREAT JACOMBO,Tanker,0,42.0,244.0,Combined GPS/GLONASS,15.0,EG_SUEZ,18/02/2025 18:00:00,AIS,POINT (12.401638 54.651315),626226000_1,0 days 00:07:00,1.6049022188862808e-08,238.1109376589921,0.0,0,4.872779642585946,54.651315,12.401638
2025-02-04 08:03:02,2025-02-04 08:03:02,Class A,626226000_1,54.649798,12.397537,Constrained by her draught,-2.9,10.1,236.9,237.0,9319703,TRAM2,GREAT JACOMBO,Tanker,0,42.0,244.0,Combined GPS/GLONASS,15.0,EG_SUEZ,18/02/2025 18:00:00,AIS,POINT (12.397537 54.649798),626226000_1,0 days 00:01:00,2.4487965707414617e-07,237.408410749085,0.0,0,4.8702251459424355,54.649798,12.397537
2025-02-04 08:04:02,2025-02-04 08:04:02,Class A,626226000_1,54.648295,12.39342,Constrained by her draught,2.2,10.1,237.8,237.0,9319703,TRAM2,GREAT JACOMBO,Tanker,0,42.0,244.0,Combined GPS/GLONASS,15.0,EG_SUEZ,18/02/2025 18:00:00,AIS,POINT (12.39342 54.648295),626226000_1,0 days 00:01:00,1.2899940826143509e-08,237.7507690471641,0.0,0,4.867652142551276,54.648295,12.39342
2025-02-04 08:05:02,2025-02-04 08:05:02,Class A,626226000_1,54.646778,12.389317,Constrained by her draught,-0.4,10.1,238.0,238.0,9319703,TRAM2,GREAT JACOMBO,Tanker,0,42.0,244.0,Combined GPS/GLONASS,15.0,EG_SUEZ,18/02/2025 18:00:00,AIS,POINT (12.389317 54.646778),626226000_1,0 days 00:01:00,2.192137882451514e-08,237.42302014020714,0.0,0,4.865101165658327,54.646778,12.389317
2025-02-04 08:06:02,2025-02-04 08:06:02,Class A,626226000_1,54.645317,12.38516,Constrained by her draught,-2.9,10.1,238.1,237.0,9319703,TRAM2,GREAT JACOMBO,Tanker,0,42.0,244.0,Combined GPS/GLONASS,15.0,EG_SUEZ,18/02/2025 18:00:00,AIS,POINT (12.38516 54.645317),626226000_1,0 days 00:01:00,-8.95879818608771e-08,238.72734334470957,0.0,0,4.862476674996809,54.645317,12.38516
2025-02-04 08:07:02,2025-02-04 08:07:02,Class A,626226000_1,54.643823,12.38104,Constrained by her draught,-1.6,10.1,237.9,237.0,9319703,TRAM2,GREAT JACOMBO,Tanker,0,42.0,244.0,Combined GPS/GLONASS,15.0,EG_SUEZ,18/02/2025 18:00:00,AIS,POINT (12.38104 54.643823),626226000_1,0 days 00:01:00,-2.7810548425078718e-08,237.92749252926686,0.0,0,4.859903906044647,54.643823,12.38104
2025-02-04 08:08:02,2025-02-04 08:08:02,Class A,626226000_1,54.64232,12.376932,Constrained by her draught,0.0,10.1,237.9,237.0,9319703,TRAM2,GREAT JACOMBO,Tanker,0,42.0,244.0,Combined GPS/GLONASS,15.0,EG_SUEZ,18/02/2025 18:00:00,AIS,POINT (12.376932 54.64232),626226000_1,0 days 00:01:00,-3.193621429891345e-08,237.6979549265755,0.0,0,4.8573487120013334,54.64232,12.376932
2025-02-04 08:09:02,2025-02-04 08:09:02,Class A,626226000_1,54.640812,12.372823,Constrained by her draught,-1.1,10.1,238.3,238.0,9319703,TRAM2,GREAT JACOMBO,Tanker,0,42.0,244.0,Combined GPS/GLONASS,15.0,EG_SUEZ,18/02/2025 18:00:00,AIS,POINT (12.372823 54.640812),626226000_1,0 days 00:01:00,1.0003648276336585e-07,237.61920925472356,0.0,0,4.8547980998671845,54.640812,12.372823
2025-02-04 08:10:02,2025-02-04 08:10:02,Class A,626226000_1,54.639347,12.368668,Constrained by her draught,-2.2,10.1,238.5,238.0,9319703,TRAM2,GREAT JACOMBO,Tanker,0,42.0,244.0,Combined GPS/GLONASS,15.0,EG_SUEZ,18/02/2025 18:00:00,AIS,POINT (12.368668 54.639347),626226000_1,0 days 00:01:00,2.533964947578603e-09,238.64927821425186,0.0,0,4.852187868679859,54.639347,12.368668
2025-02-04 08:11:02,2025-02-04 08:11:02,Class A,626226000_1,54.63787,12.364518,Constrained by her draught,2.9,10.1,238.9,238.0,9319703,TRAM2,GREAT JACOMBO,Tanker,0,42.0,244.0,Combined GPS/GLONASS,15.0,EG_SUEZ,18/02/2025 18:00:00,AIS,POINT (12.364518 54.63787),626226000_1,0 days 00:01:00,1.1915758062162885e-07,238.41135635219104,0.0,0,4.849591128912314,54.63787,12.364518
2025-02-04 08:12:02,2025-02-04 08:12:02,Class A,626226000_1,54.636375,12.360387,Constrained by her draught,-0.4,10.2,237.7,237.0,9319703,TRAM2,GREAT JACOMBO,Tanker,0,42.0,244.0,Combined GPS/GLONASS,15.0,EG_SUEZ,18/02/2025 18:00:00,AIS,POINT (12.360387 54.636375),626226000_1,0 days 00:01:00,5.352855422599787e-09,237.98368312458285,0.0,0,4.847022844295351,54.636375,12.360387
2025-02-04 08:20:02,2025-02-04 08:20:02,Class A,626226000_1,54.62447,12.327143,Constrained by her draught,-0.7,10.3,237.8,237.0,9319703,TRAM2,GREAT JACOMBO,Tanker,0,42.0,244.0,Combined GPS/GLONASS,15.0,EG_SUEZ,18/02/2025 18:00:00,AIS,POINT (12.327143 54.62447),626226000_1,0 days 00:08:00,3.3958966106338325e-08,238.27017245731224,0.0,0,4.826378862175035,54.62447,12.327143
2025-02-04 08:24:02,2025-02-04 08:24:02,Class A,626226000_1,54.618412,12.310383,Constrained by her draught,2.2,10.3,237.7,238.0,9319703,TRAM2,GREAT JACOMBO,Tanker,0,42.0,244.0,Combined GPS/GLONASS,15.0,EG_SUEZ,18/02/2025 18:00:00,AIS,POINT (12.310383 54.618412),626226000_1,0 days 00:04:00,2.424528953634729e-07,238.03022352498002,0.0,0,4.81606784633211,54.618412,12.310383
2025-02-04 08:34:02,2025-02-04 08:34:02,Class A,626226000_1,54.601567,12.271038,Constrained by her draught,-5.4,10.1,207.3,204.0,9319703,TRAM2,GREAT JACOMBO,Tanker,0,42.0,244.0,Combined GPS/GLONASS,15.0,EG_SUEZ,18/02/2025 18:00:00,AIS,POINT (12.271038 54.601567),626226000_1,0 days 00:10:00,-8.255343798382539e-08,233.5419148816412,0.0,0,4.793550859284169,54.601567,12.271038
2025-02-04 08:35:02,2025-02-04 08:35:02,Class A,626226000_1,54.599017,12.269052,Constrained by her draught,0.0,10.1,201.5,200.0,9319703,TRAM2,GREAT JACOMBO,Tanker,0,42.0,244.0,Combined GPS/GLONASS,15.0,EG_SUEZ,18/02/2025 18:00:00,AIS,POINT (12.269052 54.599017),626226000_1,0 days 00:01:00,-1.213343074589031e-06,204.2835431046311,0.0,0,4.793404467761925,54.599017,12.269052
2025-02-04 09:00:03,2025-02-04 09:00:03,Class A,626226000_1,54.525587,12.22818,Constrained by her draught,1.1,11.6,196.5,196.0,9319703,TRAM2,GREAT JACOMBO,Tanker,0,42.0,244.0,Combined GPS/GLONASS,15.0,EG_SUEZ,18/02/2025 18:00:00,AIS,POINT (12.22818 54.525587),626226000_1,0 days 00:25:01,3.539801765378113e-07,197.9032626536145,0.0,0,4.803257900440907,54.525587,12.22818
2025-02-04 09:02:13,2025-02-04 09:02:13,Class A,626226000_1,54.518888,12.224745,Constrained by her draught,2.9,11.6,196.7,196.0,9319703,TRAM2,GREAT JACOMBO,Tanker,0,42.0,244.0,Combined GPS/GLONASS,15.0,EG_SUEZ,18/02/2025 18:00:00,AIS,POINT (12.224745 54.518888),626226000_1,0 days 00:02:10,2.018716400709627e-06,196.57445678227367,0.0,0,4.8044653596730225,54.518888,12.224745
2025-02-04 09:03:02,2025-02-04 09:03:02,Class A,626226000_1,54.51641,12.223472,Constrained by her draught,-4.5,11.6,196.8,196.0,9319703,TRAM2,GREAT JACOMBO,Tanker,0,42.0,244.0,Combined GPS/GLONASS,15.0,EG_SUEZ,18/02/2025 18:00:00,AIS,POINT (12.223472 54.51641),626226000_1,0 days 00:00:49,-2.2549175055991886e-06,196.60458905080162,0.0,0,4.804913009004533,54.51641,12.223472
2025-02-04 09:04:02,2025-02-04 09:04:02,Class A,626226000_1,54.513317,12.221907,Constrained by her draught,6.4,11.6,196.3,196.0,9319703,TRAM2,GREAT JACOMBO,Tanker,0,42.0,244.0,Combined GPS/GLONASS,15.0,EG_SUEZ,18/02/2025 18:00:00,AIS,POINT (12.221907 54.513317),626226000_1,0 days 00:01:00,1.7728791300698708e-06,196.36909682160217,0.0,0,4.805493209559764,54.513317,12.221907
2025-02-04 09:05:02,2025-02-04 09:05:02,Class A,626226000_1,54.510232,12.220328,Constrained by her draught,5.4,11.6,196.3,196.0,9319703,TRAM2,GREAT JACOMBO,Tanker,0,42.0,244.0,Combined GPS/GLONASS,15.0,EG_SUEZ,18/02/2025 18:00:00,AIS,POINT (12.220328 54.510232),626226000_1,0 days 00:01:00,-1.6511909431767175e-07,196.5492434194403,0.0,0,4.806059828802487,54.510232,12.220328
2025-02-04 09:06:03,2025-02-04 09:06:03,Class A,626226000_1,54.5071,12.21875,Constrained by her draught,3.6,11.5,195.0,196.0,9319703,TRAM2,GREAT JACOMBO,Tanker,0,42.0,244.0,Combined GPS/GLONASS,15.0,EG_SUEZ,18/02/2025 18:00:00,AIS,POINT (12.21875 54.5071),626226000_1,0 days 00:01:01,-2.609078793448953e-07,196.305597840982,0.0,0,4.806657689884832,54.5071,12.21875
2025-02-04 09:08:03,2025-02-04 09:08:03,Class A,626226000_1,54.500977,12.215483,Constrained by her draught,-5.4,11.5,197.5,197.0,9319703,TRAM2,GREAT JACOMBO,Tanker,0,42.0,244.0,Combined GPS/GLONASS,15.0,EG_SUEZ,18/02/2025 18:00:00,AIS,POINT (12.215483 54.500977),626226000_1,0 days 00:02:00,-7.155993868844726e-08,197.21485476637852,0.0,0,4.807687635351221,54.500977,12.215483
2025-02-04 09:09:03,2025-02-04 09:09:03,Class A,626226000_1,54.497928,12.2138,Constrained by her draught,-2.9,11.5,198.1,198.0,9319703,TRAM2,GREAT JACOMBO,Tanker,0,42.0,244.0,Combined GPS/GLONASS,15.0,EG_SUEZ,18/02/2025 18:00:00,AIS,POINT (12.2138 54.497928),626226000_1,0 days 00:01:00,-9.930262834038975e-08,197.7735835035907,0.0,0,4.80815912327504,54.497928,12.2138
2025-02-04 09:10:03,2025-02-04 09:10:03,Class A,626226000_1,54.494878,12.212112,Constrained by her draught,3.6,11.5,197.4,198.0,9319703,TRAM2,GREAT JACOMBO,Tanker,0,42.0,244.0,Combined GPS/GLONASS,15.0,EG_SUEZ,18/02/2025 18:00:00,AIS,POINT (12.212112 54.494878),626226000_1,0 days 00:01:00,5.7639517360531686e-08,197.81882202967762,0.0,0,4.8086296787052545,54.494878,12.212112
2025-02-04 09:11:03,2025-02-04 09:11:03,Class A,626226000_1,54.491838,12.210382,Constrained by her draught,2.2,11.5,196.9,197.0,9319703,TRAM2,GREAT JACOMBO,Tanker,0,42.0,244.0,Combined GPS/GLONASS,15.0,EG_SUEZ,18/02/2025 18:00:00,AIS,POINT (12.210382 54.491838),626226000_1,0 days 00:01:00,-5.8495401681442004e-08,198.29043365804296,0.0,0,4.809063088497071,54.491838,12.210382
2025-02-04 09:21:03,2025-02-04 09:21:03,Class A,626226000_1,54.46198,12.191477,Constrained by her draught,5.4,11.4,210.7,210.0,9319703,TRAM2,GREAT JACOMBO,Tanker,0,42.0,244.0,Combined GPS/GLONASS,15.0,EG_SUEZ,18/02/2025 18:00:00,AIS,POINT (12.191477 54.46198),626226000_1,0 days 00:10:00,-6.235977754768766e-08,200.20564212511243,0.0,0,4.811928693722095,54.46198,12.191477
2025-02-04 09:23:03,2025-02-04 09:23:03,Class A,626226000_1,54.456457,12.185865,Constrained by her draught,-0.7,11.6,210.7,210.0,9319703,TRAM2,GREAT JACOMBO,Tanker,0,42.0,244.0,Combined GPS/GLONASS,15.0,EG_SUEZ,18/02/2025 18:00:00,AIS,POINT (12.185865 54.456457),626226000_1,0 days 00:02:00,4.143618103918887e-07,210.5704765086312,0.0,0,4.810804256701056,54.456457,12.185865
2025-02-04 09:25:03,2025-02-04 09:25:03,Class A,626226000_1,54.45096,12.18012,Constrained by her draught,21.6,11.4,220.3,230.0,9319703,TRAM2,GREAT JACOMBO,Tanker,0,42.0,244.0,Combined GPS/GLONASS,15.0,EG_SUEZ,18/02/2025 18:00:00,AIS,POINT (12.18012 54.45096),626226000_1,0 days 00:02:00,1.3779422312457505e-07,211.2847384045348,0.0,0,4.809570984829,54.45096,12.18012
2025-02-04 09:26:06,2025-02-04 09:26:06,Class A,626226000_1,54.448972,12.175845,Constrained by her draught,17.9,10.5,243.7,253.0,9319703,TRAM2,GREAT JACOMBO,Tanker,0,42.0,244.0,Combined GPS/GLONASS,15.0,EG_SUEZ,18/02/2025 18:00:00,AIS,POINT (12.175845 54.448972),626226000_1,0 days 00:01:03,-5.377333008072189e-06,231.34804203568515,0.0,0,4.807383240214787,54.448972,12.175845
2025-02-04 09:33:02,2025-02-04 09:33:02,Class A,626226000_1,54.447995,12.142838,Constrained by her draught,-3.6,10.4,268.4,267.0,9319703,TRAM2,GREAT JACOMBO,Tanker,0,42.0,244.0,Combined GPS/GLONASS,15.0,EG_SUEZ,18/02/2025 18:00:00,AIS,POINT (12.142838 54.447995),626226000_1,0 days 00:06:56,-1.1486096560700547e-06,267.0991193770496,0.0,0,4.781814428561611,54.447995,12.142838
2025-02-04 09:34:02,2025-02-04 09:34:02,Class A,626226000_1,54.447862,12.137838,Constrained by her draught,2.9,10.5,267.5,268.0,9319703,TRAM2,GREAT JACOMBO,Tanker,0,42.0,244.0,Combined GPS/GLONASS,15.0,EG_SUEZ,18/02/2025 18:00:00,AIS,POINT (12.137838 54.447862),626226000_1,0 days 00:01:00,4.297773232081397e-06,267.38267682944536,0.0,0,4.777939980854615,54.447862,12.137838
2025-02-04 09:35:02,2025-02-04 09:35:02,Class A,626226000_1,54.447797,12.132778,Constrained by her draught,0.0,10.6,269.7,269.0,9319703,TRAM2,GREAT JACOMBO,Tanker,0,42.0,244.0,Combined GPS/GLONASS,15.0,EG_SUEZ,18/02/2025 18:00:00,AIS,POINT (12.132778 54.447797),626226000_1,0 days 00:01:00,1.0097261380371195e-06,268.7364278809098,0.0,0,4.773978553131967,54.447797,12.132778
2025-02-04 09:45:01,2025-02-04 09:45:01,Class A,626226000_1,54.447107,12.080458,Constrained by her draught,-0.4,11.2,267.6,267.0,9319703,TRAM2,GREAT JACOMBO,Tanker,0,42.0,244.0,Combined GPS/GLONASS,15.0,EG_SUEZ,18/02/2025 18:00:00,AIS,POINT (12.080458 54.447107),626226000_1,0 days 00:09:59,3.2650705537687957e-07,268.7219589047055,0.0,0,4.7331515782936835,54.447107,12.080458
2025-02-04 09:48:01,2025-02-04 09:48:01,Class A,626226000_1,54.446965,12.06431,Constrained by her draught,0.2,11.3,268.6,268.0,9319703,TRAM2,GREAT JACOMBO,Tanker,0,42.0,244.0,Combined GPS/GLONASS,15.0,EG_SUEZ,18/02/2025 18:00:00,AIS,POINT (12.06431 54.446965),626226000_1,0 days 00:03:00,8.48469174836746e-07,269.14012021549024,0.0,0,4.720552633605944,54.446965,12.06431
2025-02-04 09:49:01,2025-02-04 09:49:01,Class A,626226000_1,54.446863,12.058903,Constrained by her draught,2.9,11.4,268.1,268.0,9319703,TRAM2,GREAT JACOMBO,Tanker,0,42.0,244.0,Combined GPS/GLONASS,15.0,EG_SUEZ,18/02/2025 18:00:00,AIS,POINT (12.058903 54.446863),626226000_1,0 days 00:01:00,4.787612134275147e-07,268.1439821115995,0.0,0,4.7163725997941475,54.446863,12.058903
2025-02-04 09:50:03,2025-02-04 09:50:03,Class A,626226000_1,54.446782,12.053395,Constrained by her draught,-0.2,11.4,269.1,269.0,9319703,TRAM2,GREAT JACOMBO,Tanker,0,42.0,244.0,Combined GPS/GLONASS,15.0,EG_SUEZ,18/02/2025 18:00:00,AIS,POINT (12.053395 54.446782),626226000_1,0 days 00:01:02,-1.3567314282247491e-06,268.5534601681432,0.0,0,4.712102837814346,54.446782,12.053395
2025-02-04 09:52:03,2025-02-04 09:52:03,Class A,626226000_1,54.446713,12.042532,Constrained by her draught,0.0,11.4,268.7,268.0,9319703,TRAM2,GREAT JACOMBO,Tanker,No additional information,42.0,244.0,Combined GPS/GLONASS,15.0,EG_SUEZ,18/02/2025 18:00:00,AIS,POINT (12.042532 54.446713),626226000_1,0 days 00:02:00,8.99310096150012e-07,269.3785472630624,0.0,0,4.703633039228293,54.446713,12.042532
2025-02-04 09:53:03,2025-02-04 09:53:03,Class A,626226000_1,54.446647,12.037088,Constrained by her draught,2.9,11.4,269.0,269.0,9319703,TRAM2,GREAT JACOMBO,Tanker,No additional information,42.0,244.0,Combined GPS/GLONASS,15.0,EG_SUEZ,18/02/2025 18:00:00,AIS,POINT (12.037088 54.446647),626226000_1,0 days 00:01:00,2.408210970148798e-07,268.8077715172334,0.0,0,4.699411652256484,54.446647,12.037088
2025-02-04 09:54:03,2025-02-04 09:54:03,Class A,626226000_1,54.44664,12.031543,Constrained by her draught,1.6,11.4,270.5,269.0,9319703,TRAM2,GREAT JACOMBO,Tanker,0,42.0,244.0,Combined GPS/GLONASS,15.0,EG_SUEZ,18/02/2025 18:00:00,AIS,POINT (12.031543 54.44664),626226000_1,0 days 00:01:00,1.799112239997836e-06,269.87786205594927,0.0,0,4.695077020161649,54.44664,12.031543
2025-02-04 09:55:03,2025-02-04 09:55:03,Class A,626226000_1,54.44666,12.026083,Constrained by her draught,-4.5,11.4,269.7,269.0,9319703,TRAM2,GREAT JACOMBO,Tanker,0,42.0,244.0,Combined GPS/GLONASS,15.0,EG_SUEZ,18/02/2025 18:00:00,AIS,POINT (12.026083 54.44666),626226000_1,0 days 00:01:00,-1.530002074084964e-06,270.36316007679557,0.0,0,4.69079455756165,54.44666,12.026083
2025-02-04 09:56:03,2025-02-04 09:56:03,Class A,626226000_1,54.446632,12.020622,Constrained by her draught,-2.2,11.5,268.9,268.0,9319703,TRAM2,GREAT JACOMBO,Tanker,No additional information,42.0,244.0,Combined GPS/GLONASS,15.0,EG_SUEZ,18/02/2025 18:00:00,AIS,POINT (12.020622 54.446632),626226000_1,0 days 00:01:00,1.98944932124021e-08,269.49700583067187,0.0,0,4.686543716696239,54.446632,12.020622
2025-02-04 09:57:03,2025-02-04 09:57:03,Class A,626226000_1,54.446532,12.015158,Constrained by her draught,1.6,11.4,267.7,267.0,9319703,TRAM2,GREAT JACOMBO,Tanker,No additional information,42.0,244.0,Combined GPS/GLONASS,15.0,EG_SUEZ,18/02/2025 18:00:00,AIS,POINT (12.015158 54.446532),626226000_1,0 days 00:01:00,9.894358764865202e-08,268.1994230622611,0.0,0,4.682338017799336,54.446532,12.015158
2025-02-04 09:58:03,2025-02-04 09:58:03,Class A,626226000_1,54.446423,12.009687,Constrained by her draught,2.2,11.5,268.4,269.0,9319703,TRAM2,GREAT JACOMBO,Tanker,No additional information,42.0,244.0,Combined GPS/GLONASS,15.0,EG_SUEZ,18/02/2025 18:00:00,AIS,POINT (12.009687 54.446423),626226000_1,0 days 00:01:00,1.3544438558041037e-07,268.0398129963487,0.0,0,4.678135085987256,54.446423,12.009687
2025-02-04 09:59:03,2025-02-04 09:59:03,Class A,626226000_1,54.446412,12.004212,Constrained by her draught,2.2,11.4,270.9,271.0,9319703,TRAM2,GREAT JACOMBO,Tanker,No additional information,42.0,244.0,Combined GPS/GLONASS,15.0,EG_SUEZ,18/02/2025 18:00:00,AIS,POINT (12.004212 54.446412),626226000_1,0 days 00:01:00,1.5218433567354186e-08,269.80425386723596,0.0,0,4.673870331689252,54.446412,12.004212
2025-02-04 10:01:03,2025-02-04 10:01:03,Class A,626226000_1,54.446622,11.993385,Constrained by her draught,-2.2,11.2,270.3,268.0,9319703,TRAM2,GREAT JACOMBO,Tanker,No additional information,42.0,244.0,Combined GPS/GLONASS,15.0,EG_SUEZ,18/02/2025 18:00:00,AIS,POINT (11.993385 54.446622),626226000_1,0 days 00:02:00,-5.275222004503799e-07,271.91492155361715,0.0,0,4.665298780277424,54.446622,11.993385
2025-02-04 10:02:03,2025-02-04 10:02:03,Class A,626226000_1,54.44653,11.98815,Constrained by her draught,0.0,11.1,266.7,265.0,9319703,TRAM2,GREAT JACOMBO,Tanker,0,42.0,244.0,Combined GPS/GLONASS,15.0,EG_SUEZ,18/02/2025 18:00:00,AIS,POINT (11.98815 54.44653),626226000_1,0 days 00:01:00,-3.2278362572036652e-06,268.2709568328029,0.0,0,4.661279127120471,54.44653,11.98815
2025-02-04 10:03:03,2025-02-04 10:03:03,Class A,626226000_1,54.44629,11.98282,Constrained by her draught,-0.7,11.3,265.9,266.0,9319703,TRAM2,GREAT JACOMBO,Tanker,No additional information,42.0,244.0,Combined GPS/GLONASS,15.0,EG_SUEZ,18/02/2025 18:00:00,AIS,POINT (11.98282 54.44629),626226000_1,0 days 00:01:00,1.9556593260480384e-06,265.57406399674085,0.0,0,4.657280915417173,54.44629,11.98282
2025-02-04 10:04:03,2025-02-04 10:04:03,Class A,626226000_1,54.44611,11.97741,Constrained by her draught,2.9,11.4,268.3,269.0,9319703,TRAM2,GREAT JACOMBO,Tanker,No additional information,42.0,244.0,Combined GPS/GLONASS,15.0,EG_SUEZ,18/02/2025 18:00:00,AIS,POINT (11.97741 54.44611),626226000_1,0 days 00:01:00,1.314591892835846e-06,266.72729062430096,0.0,0,4.653185451813524,54.44611,11.97741
2025-02-04 10:05:03,2025-02-04 10:05:03,Class A,626226000_1,54.446103,11.97195,Constrained by her draught,2.9,11.4,271.8,271.0,9319703,TRAM2,GREAT JACOMBO,Tanker,No additional information,42.0,244.0,Combined GPS/GLONASS,15.0,EG_SUEZ,18/02/2025 18:00:00,AIS,POINT (11.97195 54.446103),626226000_1,0 days 00:01:00,7.427260753776453e-07,269.8758925969883,0.0,0,4.648944964076042,54.446103,11.97195
2025-02-04 10:06:03,2025-02-04 10:06:03,Class A,626226000_1,54.446235,11.966498,Constrained by her draught,-4.5,11.4,272.0,270.0,9319703,TRAM2,GREAT JACOMBO,Tanker,No additional information,42.0,244.0,Combined GPS/GLONASS,15.0,EG_SUEZ,18/02/2025 18:00:00,AIS,POINT (11.966498 54.446235),626226000_1,0 days 00:01:00,-5.980585101620847e-08,272.38653707281634,0.0,0,4.644625695833841,54.446235,11.966498
2025-02-04 10:07:03,2025-02-04 10:07:03,Class A,626226000_1,54.446238,11.961078,Constrained by her draught,-4.5,11.3,267.1,264.0,9319703,TRAM2,GREAT JACOMBO,Tanker,No additional information,42.0,244.0,Combined GPS/GLONASS,15.0,EG_SUEZ,18/02/2025 18:00:00,AIS,POINT (11.961078 54.446238),626226000_1,0 days 00:01:00,-6.615048372862897e-07,270.05674534592106,0.0,0,4.640414973694594,54.446238,11.961078
2025-02-04 10:08:03,2025-02-04 10:08:03,Class A,626226000_1,54.445905,11.955743,Constrained by her draught,0.2,11.2,261.0,262.0,9319703,TRAM2,GREAT JACOMBO,Tanker,0,42.0,244.0,Combined GPS/GLONASS,15.0,EG_SUEZ,18/02/2025 18:00:00,AIS,POINT (11.955743 54.445905),626226000_1,0 days 00:01:00,-9.815572025370615e-07,263.8751961317716,0.0,0,4.6364847065988455,54.445905,11.955743
2025-02-04 10:09:03,2025-02-04 10:09:03,Class A,626226000_1,54.445475,11.950443,Constrained by her draught,7.5,11.2,265.2,268.0,9319703,TRAM2,GREAT JACOMBO,Tanker,0,42.0,244.0,Combined GPS/GLONASS,15.0,EG_SUEZ,18/02/2025 18:00:00,AIS,POINT (11.950443 54.445475),626226000_1,0 days 00:01:00,-2.586136299047159e-07,262.05905966656894,0.0,0,4.632645671689665,54.445475,11.950443
2025-02-04 10:10:02,2025-02-04 10:10:02,Class A,626226000_1,54.445408,11.945223,Constrained by her draught,2.9,11.1,270.9,271.0,9319703,TRAM2,GREAT JACOMBO,Tanker,No additional information,42.0,244.0,Combined GPS/GLONASS,15.0,EG_SUEZ,18/02/2025 18:00:00,AIS,POINT (11.945223 54.445408),626226000_1,0 days 00:00:59,-7.571452793405732e-07,268.73761071918585,0.0,0,4.628642071108329,54.445408,11.945223
2025-02-04 10:14:02,2025-02-04 10:14:02,Class A,626226000_1,54.445018,11.924038,Constrained by her draught,0.7,11.2,268.2,268.0,9319703,TRAM2,GREAT JACOMBO,Tanker,No additional information,42.0,244.0,Combined GPS/GLONASS,15.0,EG_SUEZ,18/02/2025 18:00:00,AIS,POINT (11.924038 54.445018),626226000_1,0 days 00:04:00,-4.883905667982536e-08,268.1952824693864,0.0,0,4.612493637195505,54.445018,11.924038
2025-02-04 10:17:02,2025-02-04 10:17:02,Class A,626226000_1,54.444723,11.907812,Constrained by her draught,-1.6,11.3,267.6,267.0,9319703,TRAM2,GREAT JACOMBO,Tanker,No additional information,42.0,244.0,Combined GPS/GLONASS,15.0,EG_SUEZ,18/02/2025 18:00:00,AIS,POINT (11.907812 54.444723),626226000_1,0 days 00:03:00,6.754790528749444e-07,268.21577831058164,0.0,0,4.6001505462778045,54.444723,11.907812
2025-02-04 10:18:02,2025-02-04 10:18:02,Class A,626226000_1,54.444602,11.902408,Constrained by her draught,-0.4,11.4,268.3,268.0,9319703,TRAM2,GREAT JACOMBO,Tanker,No additional information,42.0,244.0,Combined GPS/GLONASS,15.0,EG_SUEZ,18/02/2025 18:00:00,AIS,POINT (11.902408 54.444602),626226000_1,0 days 00:01:00,-5.917326563921697e-08,267.7970556698139,0.0,0,4.596059582632603,54.444602,11.902408
2025-02-04 10:19:02,2025-02-04 10:19:02,Class A,626226000_1,54.444533,11.896995,Constrained by her draught,-4.5,11.3,269.5,269.0,9319703,TRAM2,GREAT JACOMBO,Tanker,No additional information,42.0,244.0,Combined GPS/GLONASS,15.0,EG_SUEZ,18/02/2025 18:00:00,AIS,POINT (11.896995 54.444533),626226000_1,0 days 00:01:00,1.1389967840850246e-07,268.74639849159854,0.0,0,4.591931258184623,54.444533,11.896995
2025-02-04 10:20:02,2025-02-04 10:20:02,Class A,626226000_1,54.4445,11.891575,Constrained by her draught,-2.2,11.4,269.3,269.0,9319703,TRAM2,GREAT JACOMBO,Tanker,0,42.0,244.0,Combined GPS/GLONASS,15.0,EG_SUEZ,18/02/2025 18:00:00,AIS,POINT (11.891575 54.4445),626226000_1,0 days 00:01:00,1.0826827364785139e-07,269.40230539134177,0.0,0,4.587777249186583,54.4445,11.891575
2025-02-04 10:21:02,2025-02-04 10:21:02,Class A,626226000_1,54.444455,11.886148,Constrained by her draught,0.2,11.4,269.0,268.0,9319703,TRAM2,GREAT JACOMBO,Tanker,0,42.0,244.0,Combined GPS/GLONASS,15.0,EG_SUEZ,18/02/2025 18:00:00,AIS,POINT (11.886148 54.444455),626226000_1,0 days 00:01:00,1.3080693330544112e-07,269.18524446938346,0.0,0,4.58362816036598,54.444455,11.886148
2025-02-04 10:22:02,2025-02-04 10:22:02,Class A,626226000_1,54.44439,11.880805,Constrained by her draught,2.9,11.4,268.4,269.0,9319703,TRAM2,GREAT JACOMBO,Tanker,0,42.0,244.0,Combined GPS/GLONASS,15.0,EG_SUEZ,18/02/2025 18:00:00,AIS,POINT (11.880805 54.44439),626226000_1,0 days 00:01:00,-1.5025501688151632e-06,268.80365851351394,0.0,0,4.579559130601331,54.44439,11.880805
2025-02-04 10:23:02,2025-02-04 10:23:02,Class A,626226000_1,54.444343,11.875365,Constrained by her draught,0.2,11.4,269.3,269.0,9319703,TRAM2,GREAT JACOMBO,Tanker,0,42.0,244.0,Combined GPS/GLONASS,15.0,EG_SUEZ,18/02/2025 18:00:00,AIS,POINT (11.875365 54.444343),626226000_1,0 days 00:01:00,1.7379604060608194e-06,269.15098660155934,0.0,0,4.575406652641161,54.444343,11.875365
2025-02-04 10:24:02,2025-02-04 10:24:02,Class A,626226000_1,54.444305,11.869925,Constrained by her draught,-0.7,11.4,268.6,268.0,9319703,TRAM2,GREAT JACOMBO,Tanker,0,42.0,244.0,Combined GPS/GLONASS,15.0,EG_SUEZ,18/02/2025 18:00:00,AIS,POINT (11.869925 54.444305),626226000_1,0 days 00:01:00,-3.6284618826325683e-09,269.3139705517603,0.0,0,4.5712511140856185,54.444305,11.869925
2025-02-04 10:25:02,2025-02-04 10:25:02,Class A,626226000_1,54.444207,11.864493,Constrained by her draught,0.4,11.4,267.6,267.0,9319703,TRAM2,GREAT JACOMBO,Tanker,0,42.0,244.0,Combined GPS/GLONASS,15.0,EG_SUEZ,18/02/2025 18:00:00,AIS,POINT (11.864493 54.444207),626226000_1,0 days 00:01:00,-1.0415781190149914e-07,268.2251423667956,0.0,0,4.567142870102599,54.444207,11.864493
2025-02-04 10:26:02,2025-02-04 10:26:02,Class A,626226000_1,54.444052,11.859068,Constrained by her draught,2.9,11.4,267.4,268.0,9319703,TRAM2,GREAT JACOMBO,Tanker,0,42.0,244.0,Combined GPS/GLONASS,15.0,EG_SUEZ,18/02/2025 18:00:00,AIS,POINT (11.859068 54.444052),626226000_1,0 days 00:01:00,-5.533073241296115e-08,267.18928062274705,0.0,0,4.563079332063931,54.444052,11.859068
2025-02-04 10:27:02,2025-02-04 10:27:02,Class A,626226000_1,54.443965,11.853628,Constrained by her draught,-0.7,11.4,269.6,270.0,9319703,TRAM2,GREAT JACOMBO,Tanker,No additional information,42.0,244.0,Combined GPS/GLONASS,15.0,EG_SUEZ,18/02/2025 18:00:00,AIS,POINT (11.853628 54.443965),626226000_1,0 days 00:01:00,1.9010185012473084e-07,268.4268336675692,0.0,0,4.55896346958385,54.443965,11.853628
2025-02-04 10:28:02,2025-02-04 10:28:02,Class A,626226000_1,54.444002,11.848187,Constrained by her draught,-6.4,11.4,271.4,270.0,9319703,TRAM2,GREAT JACOMBO,Tanker,0,42.0,244.0,Combined GPS/GLONASS,15.0,EG_SUEZ,18/02/2025 18:00:00,AIS,POINT (11.848187 54.444002),626226000_1,0 days 00:01:00,-1.2145918305318803e-08,270.6722168742479,0.0,0,4.554769924785446,54.444002,11.848187
2025-02-04 10:29:02,2025-02-04 10:29:02,Class A,626226000_1,54.444018,11.842758,Constrained by her draught,-3.6,11.4,268.6,267.0,9319703,TRAM2,GREAT JACOMBO,Tanker,No additional information,42.0,244.0,Combined GPS/GLONASS,15.0,EG_SUEZ,18/02/2025 18:00:00,AIS,POINT (11.842758 54.444018),626226000_1,0 days 00:01:00,-2.2173973631018732e-07,270.2925910155918,0.0,0,4.550601717923576,54.444018,11.842758
2025-02-04 10:30:02,2025-02-04 10:30:02,Class A,626226000_1,54.443862,11.837343,Constrained by her draught,-3.6,11.3,265.7,265.0,9319703,TRAM2,GREAT JACOMBO,Tanker,0,42.0,244.0,Combined GPS/GLONASS,15.0,EG_SUEZ,18/02/2025 18:00:00,AIS,POINT (11.837343 54.443862),626226000_1,0 days 00:01:00,-1.3423854334550696e-07,267.1659515476277,0.0,0,4.546557631997421,54.443862,11.837343
2025-02-04 10:31:02,2025-02-04 10:31:02,Class A,626226000_1,54.443635,11.831842,Constrained by her draught,0.2,11.3,267.4,268.0,9319703,TRAM2,GREAT JACOMBO,Tanker,No additional information,42.0,244.0,Combined GPS/GLONASS,15.0,EG_SUEZ,18/02/2025 18:00:00,AIS,POINT (11.831842 54.443635),626226000_1,0 days 00:01:00,1.6793042294272296e-06,265.94315168358594,0.0,0,4.542496410910635,54.443635,11.831842
2025-02-04 10:32:02,2025-02-04 10:32:02,Class A,626226000_1,54.443518,11.826423,Constrained by her draught,-2.9,11.4,267.4,268.0,9319703,TRAM2,GREAT JACOMBO,Tanker,No additional information,42.0,244.0,Combined GPS/GLONASS,15.0,EG_SUEZ,18/02/2025 18:00:00,AIS,POINT (11.826423 54.443518),626226000_1,0 days 00:01:00,-1.6585113536019512e-06,267.87584381312365,0.0,0,4.5384299239047445,54.443518,11.826423
2025-02-04 10:33:02,2025-02-04 10:33:02,Class A,626226000_1,54.443385,11.821003,Constrained by her draught,0.4,11.4,267.2,268.0,9319703,TRAM2,GREAT JACOMBO,Tanker,No additional information,42.0,244.0,Combined GPS/GLONASS,15.0,EG_SUEZ,18/02/2025 18:00:00,AIS,POINT (11.821003 54.443385),626226000_1,0 days 00:01:00,3.786718164880988e-08,267.5858367191644,0.0,0,4.534375837303852,54.443385,11.821003
2025-02-04 10:34:02,2025-02-04 10:34:02,Class A,626226000_1,54.443305,11.81557,Constrained by her draught,-3.6,11.4,270.2,271.0,9319703,TRAM2,GREAT JACOMBO,Tanker,No additional information,42.0,244.0,Combined GPS/GLONASS,15.0,EG_SUEZ,18/02/2025 18:00:00,AIS,POINT (11.81557 54.443305),626226000_1,0 days 00:01:00,1.792404767158474e-07,268.5516868458589,0.0,0,4.530280435788052,54.443305,11.81557
2025-02-04 10:35:02,2025-02-04 10:35:02,Class A,626226000_1,54.443367,11.810135,Constrained by her draught,-3.6,11.4,271.7,271.0,9319703,TRAM2,GREAT JACOMBO,Tanker,No additional information,42.0,244.0,Combined GPS/GLONASS,15.0,EG_SUEZ,18/02/2025 18:00:00,AIS,POINT (11.810135 54.443367),626226000_1,0 days 00:01:00,2.3581209510634486e-08,271.12604829860504,0.0,0,4.526094463564918,54.443367,11.810135
2025-02-04 10:36:02,2025-02-04 10:36:02,Class A,626226000_1,54.443428,11.804707,Constrained by her draught,-2.2,11.4,270.6,269.0,9319703,TRAM2,GREAT JACOMBO,Tanker,0,42.0,244.0,Combined GPS/GLONASS,15.0,EG_SUEZ,18/02/2025 18:00:00,AIS,POINT (11.804707 54.443428),626226000_1,0 days 00:01:00,-1.268731104661491e-07,271.10935082719527,0.0,0,4.521917131638971,54.443428,11.804707
2025-02-04 10:37:02,2025-02-04 10:37:02,Class A,626226000_1,54.443403,11.799277,Constrained by her draught,5.4,11.4,270.2,272.0,9319703,TRAM2,GREAT JACOMBO,Tanker,0,42.0,244.0,Combined GPS/GLONASS,15.0,EG_SUEZ,18/02/2025 18:00:00,AIS,POINT (11.799277 54.443403),626226000_1,0 days 00:01:00,2.0870594790916553e-08,269.5485816283143,0.0,0,4.517796672001185,54.443403,11.799277
2025-02-04 10:38:02,2025-02-04 10:38:02,Class A,626226000_1,54.443583,11.793853,Constrained by her draught,0.4,11.4,276.2,276.0,9319703,TRAM2,GREAT JACOMBO,Tanker,No additional information,42.0,244.0,Combined GPS/GLONASS,15.0,EG_SUEZ,18/02/2025 18:00:00,AIS,POINT (11.793853 54.443583),626226000_1,0 days 00:01:00,4.695771913892054e-08,273.2684663523629,0.0,0,4.51355057111461,54.443583,11.793853
2025-02-04 10:39:03,2025-02-04 10:39:03,Class A,626226000_1,54.443975,11.788375,Constrained by her draught,0.4,11.4,277.0,276.0,9319703,TRAM2,GREAT JACOMBO,Tanker,0,42.0,244.0,Combined GPS/GLONASS,15.0,EG_SUEZ,18/02/2025 18:00:00,AIS,POINT (11.788375 54.443975),626226000_1,0 days 00:01:01,-7.383881975113198e-08,277.0177152976015,0.0,0,4.5091282958825865,54.443975,11.788375
2025-02-04 10:40:03,2025-02-04 10:40:03,Class A,626226000_1,54.4443,11.782972,Constrained by her draught,0.0,11.4,274.6,273.0,9319703,TRAM2,GREAT JACOMBO,Tanker,0,42.0,244.0,Combined GPS/GLONASS,15.0,EG_SUEZ,18/02/2025 18:00:00,AIS,POINT (11.782972 54.4443),626226000_1,0 days 00:01:00,5.396921321550406e-08,275.9080429830543,0.0,0,4.50480891937727,54.4443,11.782972
2025-02-04 10:41:03,2025-02-04 10:41:03,Class A,626226000_1,54.44449,11.777545,Constrained by her draught,6.4,11.4,273.0,275.0,9319703,TRAM2,GREAT JACOMBO,Tanker,0,42.0,244.0,Combined GPS/GLONASS,15.0,EG_SUEZ,18/02/2025 18:00:00,AIS,POINT (11.777545 54.44449),626226000_1,0 days 00:01:00,9.098554163668287e-08,273.44767501617497,0.0,0,4.500561469154042,54.44449,11.777545
2025-02-04 10:42:03,2025-02-04 10:42:03,Class A,626226000_1,54.444848,11.772137,Constrained by her draught,5.4,11.4,280.8,282.0,9319703,TRAM2,GREAT JACOMBO,Tanker,0,42.0,244.0,Combined GPS/GLONASS,15.0,EG_SUEZ,18/02/2025 18:00:00,AIS,POINT (11.772137 54.444848),626226000_1,0 days 00:01:00,1.0730010201810634e-07,276.4969409044707,0.0,0,4.496221639084311,54.444848,11.772137
2025-02-04 10:43:03,2025-02-04 10:43:03,Class A,626226000_1,54.445553,11.766843,Constrained by her draught,-3.6,11.4,283.5,282.0,9319703,TRAM2,GREAT JACOMBO,Tanker,0,42.0,244.0,Combined GPS/GLONASS,15.0,EG_SUEZ,18/02/2025 18:00:00,AIS,POINT (11.766843 54.445553),626226000_1,0 days 00:01:00,-2.234483541823165e-07,282.9014627065446,0.0,0,4.491744614760397,54.445553,11.766843
2025-02-04 10:44:03,2025-02-04 10:44:03,Class A,626226000_1,54.44622,11.761542,Constrained by her draught,-2.9,11.3,280.5,279.0,9319703,TRAM2,GREAT JACOMBO,Tanker,No additional information,42.0,244.0,Combined GPS/GLONASS,15.0,EG_SUEZ,18/02/2025 18:00:00,AIS,POINT (11.761542 54.44622),626226000_1,0 days 00:01:00,-1.3327152210876614e-07,282.2122008875813,0.0,0,4.487288942842998,54.44622,11.761542
2025-02-04 10:45:03,2025-02-04 10:45:03,Class A,626226000_1,54.446753,11.7562,Constrained by her draught,4.5,11.3,279.3,279.0,9319703,TRAM2,GREAT JACOMBO,Tanker,0,42.0,244.0,Combined GPS/GLONASS,15.0,EG_SUEZ,18/02/2025 18:00:00,AIS,POINT (11.7562 54.446753),626226000_1,0 days 00:01:00,-6.298349616038733e-08,279.7389390124815,0.0,0,4.48289155550388,54.446753,11.7562
2025-02-04 10:46:03,2025-02-04 10:46:03,Class A,626226000_1,54.447283,11.750842,Constrained by her draught,5.4,11.4,281.2,283.0,9319703,TRAM2,GREAT JACOMBO,Tanker,0,42.0,244.0,Combined GPS/GLONASS,15.0,EG_SUEZ,18/02/2025 18:00:00,AIS,POINT (11.750842 54.447283),626226000_1,0 days 00:01:00,2.673999559115366e-07,279.6569350939,0.0,0,4.478486125681313,54.447283,11.750842
2025-02-04 10:47:02,2025-02-04 10:47:02,Class A,626226000_1,54.44808,11.745678,Constrained by her draught,-2.2,11.4,287.9,287.0,9319703,TRAM2,GREAT JACOMBO,Tanker,No additional information,42.0,244.0,Combined GPS/GLONASS,15.0,EG_SUEZ,18/02/2025 18:00:00,AIS,POINT (11.745678 54.44808),626226000_1,0 days 00:00:59,-3.9439211281995656e-08,284.86775847663597,0.0,0,4.474055235021693,54.44808,11.745678
2025-02-04 10:48:02,2025-02-04 10:48:02,Class A,626226000_1,54.44906,11.74052,Constrained by her draught,0.4,11.4,287.5,286.0,9319703,TRAM2,GREAT JACOMBO,Tanker,0,42.0,244.0,Combined GPS/GLONASS,15.0,EG_SUEZ,18/02/2025 18:00:00,AIS,POINT (11.74052 54.44906),626226000_1,0 days 00:01:00,-1.3465464272700556e-07,288.0980351625194,0.0,0,4.469510947151711,54.44906,11.74052
2025-02-04 10:49:02,2025-02-04 10:49:02,Class A,626226000_1,54.449977,11.735323,Constrained by her draught,-6.4,11.4,286.2,285.0,9319703,TRAM2,GREAT JACOMBO,Tanker,No additional information,42.0,244.0,Combined GPS/GLONASS,15.0,EG_SUEZ,18/02/2025 18:00:00,AIS,POINT (11.735323 54.449977),626226000_1,0 days 00:01:00,8.414005498107458e-08,286.88398259208134,0.0,0,4.4649799338305005,54.449977,11.735323
2025-02-04 10:50:02,2025-02-04 10:50:02,Class A,626226000_1,54.450842,11.730103,Constrained by her draught,0.0,11.4,285.9,285.0,9319703,TRAM2,GREAT JACOMBO,Tanker,No additional information,42.0,244.0,Combined GPS/GLONASS,15.0,EG_SUEZ,18/02/2025 18:00:00,AIS,POINT (11.730103 54.450842),626226000_1,0 days 00:01:00,-5.71930964063354e-08,285.9103783454067,0.0,0,4.46046722409144,54.450842,11.730103
2025-02-04 10:51:02,2025-02-04 10:51:02,Class A,626226000_1,54.451718,11.724877,Constrained by her draught,4.5,11.4,286.2,285.0,9319703,TRAM2,GREAT JACOMBO,Tanker,No additional information,42.0,244.0,Combined GPS/GLONASS,15.0,EG_SUEZ,18/02/2025 18:00:00,AIS,POINT (11.724877 54.451718),626226000_1,0 days 00:01:00,1.955517025609635e-07,286.08505626739395,0.0,0,4.455944487065565,54.451718,11.724877
2025-02-04 10:52:03,2025-02-04 10:52:03,Class A,626226000_1,54.452618,11.719643,Constrained by her draught,10.0,11.5,288.3,289.0,9319703,TRAM2,GREAT JACOMBO,Tanker,No additional information,42.0,244.0,Combined GPS/GLONASS,15.0,EG_SUEZ,18/02/2025 18:00:00,AIS,POINT (11.719643 54.452618),626226000_1,0 days 00:01:01,-1.2470608186131661e-06,286.47850710091666,0.0,0,4.451401685783254,54.452618,11.719643
2025-02-04 10:53:02,2025-02-04 10:53:02,Class A,626226000_1,54.453772,11.714547,Constrained by her draught,0.0,11.4,293.0,292.0,9319703,TRAM2,GREAT JACOMBO,Tanker,No additional information,42.0,244.0,Combined GPS/GLONASS,15.0,EG_SUEZ,18/02/2025 18:00:00,AIS,POINT (11.714547 54.453772),626226000_1,0 days 00:00:59,3.5209996307194643e-06,291.2837873346306,0.0,0,4.4467980697002645,54.453772,11.714547
2025-02-04 10:54:02,2025-02-04 10:54:02,Class A,626226000_1,54.45504,11.709527,Constrained by her draught,-2.9,11.5,293.4,291.0,9319703,TRAM2,GREAT JACOMBO,Tanker,No additional information,42.0,244.0,Combined GPS/GLONASS,15.0,EG_SUEZ,18/02/2025 18:00:00,AIS,POINT (11.709527 54.45504),626226000_1,0 days 00:01:00,-1.5989046988893064e-06,293.486391484138,0.0,0,4.442178313222694,54.45504,11.709527
2025-02-04 10:55:02,2025-02-04 10:55:02,Class A,626226000_1,54.456272,11.70448,Constrained by her draught,-2.9,11.4,291.5,290.0,9319703,TRAM2,GREAT JACOMBO,Tanker,No additional information,42.0,244.0,Combined GPS/GLONASS,15.0,EG_SUEZ,18/02/2025 18:00:00,AIS,POINT (11.70448 54.456272),626226000_1,0 days 00:01:00,8.513090035081744e-09,292.7799016676945,0.0,0,4.4375630799362185,54.456272,11.70448
2025-02-04 10:56:02,2025-02-04 10:56:02,Class A,626226000_1,54.457398,11.699368,Constrained by her draught,-3.6,11.5,289.7,289.0,9319703,TRAM2,GREAT JACOMBO,Tanker,No additional information,42.0,244.0,Combined GPS/GLONASS,15.0,EG_SUEZ,18/02/2025 18:00:00,AIS,POINT (11.699368 54.457398),626226000_1,0 days 00:01:00,-1.2751882045160083e-07,290.7542399554683,0.0,0,4.43296982244962,54.457398,11.699368
2025-02-04 10:57:03,2025-02-04 10:57:03,Class A,626226000_1,54.458505,11.694232,Constrained by her draught,0.2,11.5,290.8,290.0,9319703,TRAM2,GREAT JACOMBO,Tanker,0,42.0,244.0,Combined GPS/GLONASS,15.0,EG_SUEZ,18/02/2025 18:00:00,AIS,POINT (11.694232 54.458505),626226000_1,0 days 00:01:01,-1.3971543724298597e-06,290.3461112682749,0.0,0,4.428372408420049,54.458505,11.694232
2025-02-04 10:58:02,2025-02-04 10:58:02,Class A,626226000_1,54.459652,11.689203,Constrained by her draught,1.1,11.5,291.9,291.0,9319703,TRAM2,GREAT JACOMBO,Tanker,0,42.0,244.0,Combined GPS/GLONASS,15.0,EG_SUEZ,18/02/2025 18:00:00,AIS,POINT (11.689203 54.459652),626226000_1,0 days 00:00:59,1.9346290717917172e-06,291.4254833371363,0.0,0,4.423830683382221,54.459652,11.689203
2025-02-04 10:59:02,2025-02-04 10:59:02,Class A,626226000_1,54.460852,11.684098,Constrained by her draught,-6.4,11.6,292.0,291.0,9319703,TRAM2,GREAT JACOMBO,Tanker,0,42.0,244.0,Combined GPS/GLONASS,15.0,EG_SUEZ,18/02/2025 18:00:00,AIS,POINT (11.684098 54.460852),626226000_1,0 days 00:01:00,2.261957434042857e-07,292.0204043320249,0.0,0,4.419198216080491,54.460852,11.684098
2025-02-04 11:00:02,2025-02-04 11:00:02,Class A,626226000_1,54.462058,11.678987,Constrained by her draught,1.1,11.5,291.3,290.0,9319703,TRAM2,GREAT JACOMBO,Tanker,0,42.0,244.0,Combined GPS/GLONASS,15.0,EG_SUEZ,18/02/2025 18:00:00,AIS,POINT (11.678987 54.462058),626226000_1,0 days 00:01:00,1.6723716233808111e-07,292.09702693279735,0.0,0,4.41455865038964,54.462058,11.678987
2025-02-04 11:01:02,2025-02-04 11:01:02,Class A,626226000_1,54.46323,11.673848,Constrained by her draught,-1.6,11.6,291.0,289.0,9319703,TRAM2,GREAT JACOMBO,Tanker,0,42.0,244.0,Combined GPS/GLONASS,15.0,EG_SUEZ,18/02/2025 18:00:00,AIS,POINT (11.673848 54.46323),626226000_1,0 days 00:01:00,7.713676256645349e-08,291.42575454438236,0.0,0,4.409921829026563,54.46323,11.673848
2025-02-04 11:02:02,2025-02-04 11:02:02,Class A,626226000_1,54.464377,11.66869,Constrained by her draught,5.4,11.6,290.9,290.0,9319703,TRAM2,GREAT JACOMBO,Tanker,No additional information,42.0,244.0,Combined GPS/GLONASS,15.0,EG_SUEZ,18/02/2025 18:00:00,AIS,POINT (11.66869 54.464377),626226000_1,0 days 00:01:00,3.80347166948457e-08,290.93889161517546,0.0,0,4.40528865484976,54.464377,11.66869
2025-02-04 11:03:02,2025-02-04 11:03:02,Class A,626226000_1,54.465565,11.66356,Constrained by her draught,-1.1,11.5,292.5,291.0,9319703,TRAM2,GREAT JACOMBO,Tanker,No additional information,42.0,244.0,Combined GPS/GLONASS,15.0,EG_SUEZ,18/02/2025 18:00:00,AIS,POINT (11.66356 54.465565),626226000_1,0 days 00:01:00,-1.2154328063336087e-08,291.7268610079353,0.0,0,4.400650902212537,54.465565,11.66356
2025-02-04 11:04:01,2025-02-04 11:04:01,Class A,626226000_1,54.466812,11.658467,Constrained by her draught,-2.9,11.6,292.5,290.0,9319703,TRAM2,GREAT JACOMBO,Tanker,No additional information,42.0,244.0,Combined GPS/GLONASS,15.0,EG_SUEZ,18/02/2025 18:00:00,AIS,POINT (11.658467 54.466812),626226000_1,0 days 00:00:59,1.7874091096789595e-06,292.84720746977223,0.0,0,4.39600335443571,54.466812,11.658467
2025-02-04 11:05:01,2025-02-04 11:05:01,Class A,626226000_1,54.46799,11.653332,Constrained by her draught,0.0,11.6,290.4,289.0,9319703,TRAM2,GREAT JACOMBO,Tanker,No additional information,42.0,244.0,Combined GPS/GLONASS,15.0,EG_SUEZ,18/02/2025 18:00:00,AIS,POINT (11.653332 54.46799),626226000_1,0 days 00:01:00,-1.792733620058478e-06,291.5429272394914,0.0,0,4.391371257042725,54.46799,11.653332
2025-02-04 11:06:01,2025-02-04 11:06:01,Class A,626226000_1,54.469093,11.648143,Constrained by her draught,0.7,11.5,290.3,290.0,9319703,TRAM2,GREAT JACOMBO,Tanker,No additional information,42.0,244.0,Combined GPS/GLONASS,15.0,EG_SUEZ,18/02/2025 18:00:00,AIS,POINT (11.648143 54.469093),626226000_1,0 days 00:01:00,8.447236715906683e-08,290.0929286220969,0.0,0,4.386749722136994,54.469093,11.648143
2025-02-04 11:07:01,2025-02-04 11:07:01,Class A,626226000_1,54.470262,11.642983,Constrained by her draught,1.6,11.6,292.1,291.0,9319703,TRAM2,GREAT JACOMBO,Tanker,No additional information,42.0,244.0,Combined GPS/GLONASS,15.0,EG_SUEZ,18/02/2025 18:00:00,AIS,POINT (11.642983 54.470262),626226000_1,0 days 00:01:00,2.2860080306546262e-07,291.3000297799453,0.0,0,4.382107775474493,54.470262,11.642983
2025-02-04 11:08:01,2025-02-04 11:08:01,Class A,626226000_1,54.471508,11.637862,Constrained by her draught,2.2,11.7,292.9,291.0,9319703,TRAM2,GREAT JACOMBO,Tanker,0,42.0,244.0,Combined GPS/GLONASS,15.0,EG_SUEZ,18/02/2025 18:00:00,AIS,POINT (11.637862 54.471508),626226000_1,0 days 00:01:00,2.3657004191465595e-07,292.72100548300745,0.0,0,4.377445506491772,54.471508,11.637862
2025-02-04 11:09:01,2025-02-04 11:09:01,Class A,626226000_1,54.472738,11.632727,Constrained by her draught,-2.9,11.6,291.8,290.0,9319703,TRAM2,GREAT JACOMBO,Tanker,0,42.0,244.0,Combined GPS/GLONASS,15.0,EG_SUEZ,18/02/2025 18:00:00,AIS,POINT (11.632727 54.472738),626226000_1,0 days 00:01:00,4.0900260859936044e-08,292.40385084373065,0.0,0,4.372784742647413,54.472738,11.632727
2025-02-04 11:10:01,2025-02-04 11:10:01,Class A,626226000_1,54.473923,11.627565,Constrained by her draught,-3.6,11.6,290.9,290.0,9319703,TRAM2,GREAT JACOMBO,Tanker,0,42.0,244.0,Combined GPS/GLONASS,15.0,EG_SUEZ,18/02/2025 18:00:00,AIS,POINT (11.627565 54.473923),626226000_1,0 days 00:01:00,-7.125353402905506e-08,291.5590936029622,0.0,0,4.368135032060366,54.473923,11.627565
2025-02-04 11:11:02,2025-02-04 11:11:02,Class A,626226000_1,54.475108,11.62231,Constrained by her draught,4.5,11.6,292.0,292.0,9319703,TRAM2,GREAT JACOMBO,Tanker,0,42.0,244.0,Combined GPS/GLONASS,15.0,EG_SUEZ,18/02/2025 18:00:00,AIS,POINT (11.62231 54.475108),626226000_1,0 days 00:01:01,-1.0440191892111768e-07,291.2123595720761,0.0,0,4.36341723555667,54.475108,11.62231
2025-02-04 11:12:02,2025-02-04 11:12:02,Class A,626226000_1,54.4764,11.617218,Constrained by her draught,1.6,11.6,295.3,295.0,9319703,TRAM2,GREAT JACOMBO,Tanker,0,42.0,244.0,Combined GPS/GLONASS,15.0,EG_SUEZ,18/02/2025 18:00:00,AIS,POINT (11.617218 54.4764),626226000_1,0 days 00:01:00,2.043316649276283e-07,293.59196683495963,0.0,0,4.358751775729493,54.4764,11.617218
2025-02-04 11:13:02,2025-02-04 11:13:02,Class A,626226000_1,54.47784,11.612242,Constrained by her draught,0.0,11.6,296.4,294.0,9319703,TRAM2,GREAT JACOMBO,Tanker,0,42.0,244.0,Combined GPS/GLONASS,15.0,EG_SUEZ,18/02/2025 18:00:00,AIS,POINT (11.612242 54.47784),626226000_1,0 days 00:01:00,3.671552427329805e-08,296.4782623370233,0.0,0,4.354075977192061,54.47784,11.612242
2025-02-04 11:14:02,2025-02-04 11:14:02,Class A,626226000_1,54.479238,11.607235,Constrained by her draught,-2.9,11.7,294.3,292.0,9319703,TRAM2,GREAT JACOMBO,Tanker,0,42.0,244.0,Combined GPS/GLONASS,15.0,EG_SUEZ,18/02/2025 18:00:00,AIS,POINT (11.607235 54.479238),626226000_1,0 days 00:01:00,-7.088768163132931e-08,295.66911293073724,0.0,0,4.349406095325888,54.479238,11.607235
2025-02-04 11:15:02,2025-02-04 11:15:02,Class A,626226000_1,54.480533,11.602153,Constrained by her draught,-2.2,11.6,293.6,292.0,9319703,TRAM2,GREAT JACOMBO,Tanker,0,42.0,244.0,Combined GPS/GLONASS,15.0,EG_SUEZ,18/02/2025 18:00:00,AIS,POINT (11.602153 54.480533),626226000_1,0 days 00:01:00,-1.0217460011795882e-07,293.68426500303167,0.0,0,4.344749955142297,54.480533,11.602153
2025-02-04 11:17:01,2025-02-04 11:17:01,Class A,626226000_1,54.483238,11.59213,Constrained by her draught,-2.2,11.7,295.8,294.0,9319703,TRAM2,GREAT JACOMBO,Tanker,0,42.0,244.0,Combined GPS/GLONASS,15.0,EG_SUEZ,18/02/2025 18:00:00,AIS,POINT (11.59213 54.483238),626226000_1,0 days 00:01:59,2.0398231500339984e-07,294.92083020942164,0.0,0,4.335470251808101,54.483238,11.59213
2025-02-04 11:18:01,2025-02-04 11:18:01,Class A,626226000_1,54.484638,11.58708,Constrained by her draught,-2.2,11.7,294.5,292.0,9319703,TRAM2,GREAT JACOMBO,Tanker,No additional information,42.0,244.0,Combined GPS/GLONASS,15.0,EG_SUEZ,18/02/2025 18:00:00,AIS,POINT (11.58708 54.484638),626226000_1,0 days 00:01:00,4.1208985403182126e-07,295.51312407128853,0.0,0,4.330771914568236,54.484638,11.58708
2025-02-04 11:19:01,2025-02-04 11:19:01,Class A,626226000_1,54.485947,11.581957,Constrained by her draught,2.2,11.7,293.2,293.0,9319703,TRAM2,GREAT JACOMBO,Tanker,No additional information,42.0,244.0,Combined GPS/GLONASS,15.0,EG_SUEZ,18/02/2025 18:00:00,AIS,POINT (11.581957 54.485947),626226000_1,0 days 00:01:00,2.2111514635343605e-08,293.7443986041944,0.0,0,4.3260811258626415,54.485947,11.581957
2025-02-04 11:20:01,2025-02-04 11:20:01,Class A,626226000_1,54.487295,11.576852,Constrained by her draught,1.6,11.7,295.4,295.0,9319703,TRAM2,GREAT JACOMBO,Tanker,No additional information,42.0,244.0,Combined GPS/GLONASS,15.0,EG_SUEZ,18/02/2025 18:00:00,AIS,POINT (11.576852 54.487295),626226000_1,0 days 00:01:00,1.9270623433454218e-07,294.4470588546257,0.0,0,4.321379091368401,54.487295,11.576852
2025-02-04 11:21:01,2025-02-04 11:21:01,Class A,626226000_1,54.488772,11.571838,Constrained by her draught,-3.6,11.7,297.1,294.0,9319703,TRAM2,GREAT JACOMBO,Tanker,No additional information,42.0,244.0,Combined GPS/GLONASS,15.0,EG_SUEZ,18/02/2025 18:00:00,AIS,POINT (11.571838 54.488772),626226000_1,0 days 00:01:00,2.446264240205948e-07,296.89274474637324,0.0,0,4.3166599833075825,54.488772,11.571838
2025-02-04 11:22:03,2025-02-04 11:22:03,Class A,626226000_1,54.49021,11.566703,Constrained by her draught,0.0,11.7,294.2,292.0,9319703,TRAM2,GREAT JACOMBO,Tanker,No additional information,42.0,244.0,Combined GPS/GLONASS,15.0,EG_SUEZ,18/02/2025 18:00:00,AIS,POINT (11.566703 54.49021),626226000_1,0 days 00:01:02,-1.8309329917469783e-06,295.74161186311335,0.0,0,4.311878081654213,54.49021,11.566703
2025-02-04 11:23:03,2025-02-04 11:23:03,Class A,626226000_1,54.491527,11.56158,Constrained by her draught,0.7,11.8,293.9,293.0,9319703,TRAM2,GREAT JACOMBO,Tanker,No additional information,42.0,244.0,Combined GPS/GLONASS,15.0,EG_SUEZ,18/02/2025 18:00:00,AIS,POINT (11.56158 54.491527),626226000_1,0 days 00:01:00,1.542827299300138e-06,293.8762152472181,0.0,0,4.310259303562724,54.491527,11.56158
2025-02-04 11:24:03,2025-02-04 11:24:03,Class A,626226000_1,54.492882,11.556478,Constrained by her draught,1.6,11.8,295.3,294.0,9319703,TRAM2,GREAT JACOMBO,Tanker,0,42.0,244.0,Combined GPS/GLONASS,15.0,EG_SUEZ,18/02/2025 18:00:00,AIS,POINT (11.556478 54.492882),626226000_1,0 days 00:01:00,1.335947614942845e-07,294.57473765359447,0.0,0,4.31473318535457,54.492882,11.556478
2025-02-04 11:25:03,2025-02-04 11:25:03,Class A,626226000_1,54.49431,11.551423,Constrained by her draught,1.6,11.8,296.0,294.0,9319703,TRAM2,GREAT JACOMBO,Tanker,No additional information,42.0,244.0,Combined GPS/GLONASS,15.0,EG_SUEZ,18/02/2025 18:00:00,AIS,POINT (11.551423 54.49431),626226000_1,0 days 00:01:00,1.9302529265299387e-07,295.93989959839223,0.0,0,4.3191424694410125,54.49431,11.551423
2025-02-04 11:27:02,2025-02-04 11:27:02,Class A,626226000_1,54.497065,11.54124,Constrained by her draught,-1.1,11.8,293.1,292.0,9319703,TRAM2,GREAT JACOMBO,Tanker,No additional information,42.0,244.0,Combined GPS/GLONASS,15.0,EG_SUEZ,18/02/2025 18:00:00,AIS,POINT (11.54124 54.497065),626226000_1,0 days 00:01:59,3.8744496392665435e-07,294.9825974485833,0.0,0,4.3280660970892075,54.497065,11.54124
2025-02-04 11:28:02,2025-02-04 11:28:02,Class A,626226000_1,54.498383,11.536098,Constrained by her draught,-1.6,11.8,294.7,294.0,9319703,TRAM2,GREAT JACOMBO,Tanker,No additional information,42.0,244.0,Combined GPS/GLONASS,15.0,EG_SUEZ,18/02/2025 18:00:00,AIS,POINT (11.536098 54.498383),626226000_1,0 days 00:01:00,-7.837940299064138e-07,293.81743006768687,0.0,0,4.3325963525859414,54.498383,11.536098
2025-02-04 11:29:02,2025-02-04 11:29:02,Class A,626226000_1,54.499815,11.531028,Constrained by her draught,0.4,11.8,296.8,295.0,9319703,TRAM2,GREAT JACOMBO,Tanker,No additional information,42.0,244.0,Combined GPS/GLONASS,15.0,EG_SUEZ,18/02/2025 18:00:00,AIS,POINT (11.531028 54.499815),626226000_1,0 days 00:01:00,3.0124947745146256e-07,295.9392043375979,0.0,0,4.337026218978739,54.499815,11.531028
2025-02-04 11:30:02,2025-02-04 11:30:02,Class A,626226000_1,54.501302,11.525997,Constrained by her draught,-6.4,11.8,296.0,293.0,9319703,TRAM2,GREAT JACOMBO,Tanker,No additional information,42.0,244.0,Combined GPS/GLONASS,15.0,EG_SUEZ,18/02/2025 18:00:00,AIS,POINT (11.525997 54.501302),626226000_1,0 days 00:01:00,1.2474629924284776e-07,296.9776494539403,0.0,0,4.341404624035981,54.501302,11.525997
2025-02-04 11:31:02,2025-02-04 11:31:02,Class A,626226000_1,54.50269,11.5209,Constrained by her draught,-4.5,11.7,293.7,291.0,9319703,TRAM2,GREAT JACOMBO,Tanker,No additional information,42.0,244.0,Combined GPS/GLONASS,15.0,EG_SUEZ,18/02/2025 18:00:00,AIS,POINT (11.5209 54.50269),626226000_1,0 days 00:01:00,-2.772420424146151e-07,295.1270882582767,0.0,0,4.345876885185314,54.50269,11.5209
2025-02-04 11:32:03,2025-02-04 11:32:03,Class A,626226000_1,54.503985,11.51574,Constrained by her draught,2.2,11.8,293.5,292.0,9319703,TRAM2,GREAT JACOMBO,Tanker,No additional information,42.0,244.0,Combined GPS/GLONASS,15.0,EG_SUEZ,18/02/2025 18:00:00,AIS,POINT (11.51574 54.503985),626226000_1,0 days 00:01:01,-1.7756619559389567e-06,293.3769052968294,0.0,0,4.350438238234513,54.503985,11.51574
2025-02-04 11:33:02,2025-02-04 11:33:02,Class A,626226000_1,54.505352,11.510625,Constrained by her draught,0.7,11.8,295.9,294.0,9319703,TRAM2,GREAT JACOMBO,Tanker,No additional information,42.0,244.0,Combined GPS/GLONASS,15.0,EG_SUEZ,18/02/2025 18:00:00,AIS,POINT (11.510625 54.505352),626226000_1,0 days 00:00:59,3.597224990323778e-06,294.71756915255077,0.0,0,4.3549373918839525,54.505352,11.510625
2025-02-04 11:34:02,2025-02-04 11:34:02,Class A,626226000_1,54.506825,11.505583,Constrained by her draught,-2.9,11.8,297.0,295.0,9319703,TRAM2,GREAT JACOMBO,Tanker,No additional information,42.0,244.0,Combined GPS/GLONASS,15.0,EG_SUEZ,18/02/2025 18:00:00,AIS,POINT (11.505583 54.506825),626226000_1,0 days 00:01:00,-1.4840947231060711e-06,296.7120009331854,0.0,0,4.359337818590572,54.506825,11.505583
2025-02-04 11:35:03,2025-02-04 11:35:03,Class A,626226000_1,54.508292,11.500543,Constrained by her draught,0.7,11.8,295.9,293.0,9319703,TRAM2,GREAT JACOMBO,Tanker,No additional information,42.0,244.0,Combined GPS/GLONASS,15.0,EG_SUEZ,18/02/2025 18:00:00,AIS,POINT (11.500543 54.508292),626226000_1,0 days 00:01:01,-1.7512642037210604e-06,296.6281483778894,0.0,0,4.363739945496868,54.508292,11.500543
2025-02-04 11:36:03,2025-02-04 11:36:03,Class A,626226000_1,54.509655,11.495428,Constrained by her draught,-2.9,11.7,293.6,291.0,9319703,TRAM2,GREAT JACOMBO,Tanker,No additional information,42.0,244.0,Combined GPS/GLONASS,15.0,EG_SUEZ,18/02/2025 18:00:00,AIS,POINT (11.495428 54.509655),626226000_1,0 days 00:01:00,1.4875427681271317e-06,294.656148349592,0.0,0,4.368245692351678,54.509655,11.495428
2025-02-04 11:37:03,2025-02-04 11:37:03,Class A,626226000_1,54.510962,11.49027,Constrained by her draught,3.6,11.8,294.2,293.0,9319703,TRAM2,GREAT JACOMBO,Tanker,No additional information,42.0,244.0,Combined GPS/GLONASS,15.0,EG_SUEZ,18/02/2025 18:00:00,AIS,POINT (11.49027 54.510962),626226000_1,0 days 00:01:00,-2.518946222223803e-09,293.5817017699458,0.0,0,4.372810471308355,54.510962,11.49027
2025-02-04 11:38:03,2025-02-04 11:38:03,Class A,626226000_1,54.512383,11.485182,Constrained by her draught,1.6,11.8,296.9,296.0,9319703,TRAM2,GREAT JACOMBO,Tanker,No additional information,42.0,244.0,Combined GPS/GLONASS,15.0,EG_SUEZ,18/02/2025 18:00:00,AIS,POINT (11.485182 54.512383),626226000_1,0 days 00:01:00,3.1863510644559363e-07,295.6933328003154,0.0,0,4.377277232972228,54.512383,11.485182
2025-02-04 11:39:03,2025-02-04 11:39:03,Class A,626226000_1,54.513933,11.48019,Constrained by her draught,-0.7,11.8,298.5,295.0,9319703,TRAM2,GREAT JACOMBO,Tanker,No additional information,42.0,244.0,Combined GPS/GLONASS,15.0,EG_SUEZ,18/02/2025 18:00:00,AIS,POINT (11.48019 54.513933),626226000_1,0 days 00:01:00,2.5877008767782756e-07,298.1427317221071,0.0,0,4.381616941370503,54.513933,11.48019
2025-02-04 11:40:03,2025-02-04 11:40:03,Class A,626226000_1,54.515437,11.475167,Constrained by her draught,-2.9,11.8,295.7,292.0,9319703,TRAM2,GREAT JACOMBO,Tanker,No additional information,42.0,244.0,Combined GPS/GLONASS,15.0,EG_SUEZ,18/02/2025 18:00:00,AIS,POINT (11.475167 54.515437),626226000_1,0 days 00:01:00,-1.6928144750535598e-07,297.2870177112002,0.0,0,4.386001417257637,54.515437,11.475167
2025-02-04 11:41:03,2025-02-04 11:41:03,Class A,626226000_1,54.516795,11.470043,Constrained by her draught,1.6,11.7,293.1,290.0,9319703,TRAM2,GREAT JACOMBO,Tanker,No additional information,42.0,244.0,Combined GPS/GLONASS,15.0,EG_SUEZ,18/02/2025 18:00:00,AIS,POINT (11.470043 54.516795),626226000_1,0 days 00:01:00,-3.3714632745763855e-07,294.5421302406171,0.0,0,4.390526150646867,54.516795,11.470043
2025-02-04 11:42:03,2025-02-04 11:42:03,Class A,626226000_1,54.518058,11.464857,Constrained by her draught,5.4,11.8,292.8,292.0,9319703,TRAM2,GREAT JACOMBO,Tanker,No additional information,42.0,244.0,Combined GPS/GLONASS,15.0,EG_SUEZ,18/02/2025 18:00:00,AIS,POINT (11.464857 54.518058),626226000_1,0 days 00:01:00,-1.5686873333867896e-07,292.7634589596409,0.0,0,4.3951390472085174,54.518058,11.464857
2025-02-04 11:44:03,2025-02-04 11:44:03,Class A,626226000_1,54.52095,11.454715,Constrained by her draught,-3.6,11.9,299.0,297.0,9319703,TRAM2,GREAT JACOMBO,Tanker,No additional information,42.0,244.0,Combined GPS/GLONASS,15.0,EG_SUEZ,18/02/2025 18:00:00,AIS,POINT (11.454715 54.52095),626226000_1,0 days 00:02:00,2.2551648086126282e-07,296.1680350854888,0.0,0,4.404045630307775,54.52095,11.454715
2025-02-04 11:45:03,2025-02-04 11:45:03,Class A,626226000_1,54.522525,11.449753,Constrained by her draught,-2.9,11.8,296.9,294.0,9319703,TRAM2,GREAT JACOMBO,Tanker,No additional information,42.0,244.0,Combined GPS/GLONASS,15.0,EG_SUEZ,18/02/2025 18:00:00,AIS,POINT (11.449753 54.522525),626226000_1,0 days 00:01:00,8.796235130368452e-08,298.6758765912928,0.0,0,4.408360664985795,54.522525,11.449753
2025-02-04 11:46:03,2025-02-04 11:46:03,Class A,626226000_1,54.523947,11.444675,Constrained by her draught,5.4,11.7,294.6,293.0,9319703,TRAM2,GREAT JACOMBO,Tanker,No additional information,42.0,244.0,Combined GPS/GLONASS,15.0,EG_SUEZ,18/02/2025 18:00:00,AIS,POINT (11.444675 54.523947),626226000_1,0 days 00:01:00,-3.064449524132288e-07,295.75950958009884,0.0,0,4.412832004569628,54.523947,11.444675
2025-02-04 11:47:03,2025-02-04 11:47:03,Class A,626226000_1,54.525315,11.439548,Constrained by her draught,-0.2,11.8,295.0,294.0,9319703,TRAM2,GREAT JACOMBO,Tanker,No additional information,42.0,244.0,Combined GPS/GLONASS,15.0,EG_SUEZ,18/02/2025 18:00:00,AIS,POINT (11.439548 54.525315),626226000_1,0 days 00:01:00,8.45297917588788e-08,294.6931384031799,0.0,0,4.417367310820893,54.525315,11.439548
2025-02-04 11:49:02,2025-02-04 11:49:02,Class A,626226000_1,54.528157,11.429445,Constrained by her draught,-2.2,11.9,295.9,293.0,9319703,TRAM2,GREAT JACOMBO,Tanker,No additional information,42.0,244.0,Combined GPS/GLONASS,15.0,EG_SUEZ,18/02/2025 18:00:00,AIS,POINT (11.429445 54.528157),626226000_1,0 days 00:01:59,1.582258596672424e-07,295.86518286727045,0.0,0,4.4262684421343,54.528157,11.429445
2025-02-04 11:50:02,2025-02-04 11:50:02,Class A,626226000_1,54.529567,11.424325,Constrained by her draught,1.6,11.8,294.7,293.0,9319703,TRAM2,GREAT JACOMBO,Tanker,No additional information,42.0,244.0,Combined GPS/GLONASS,15.0,EG_SUEZ,18/02/2025 18:00:00,AIS,POINT (11.424325 54.529567),626226000_1,0 days 00:01:00,1.120920737260883e-07,295.38978488511435,0.0,0,4.430790472246911,54.529567,11.424325
2025-02-04 11:52:02,2025-02-04 11:52:02,Class A,626226000_1,54.532318,11.414013,Constrained by her draught,2.2,11.9,294.9,294.0,9319703,TRAM2,GREAT JACOMBO,Tanker,No additional information,42.0,244.0,Combined GPS/GLONASS,15.0,EG_SUEZ,18/02/2025 18:00:00,AIS,POINT (11.414013 54.532318),626226000_1,0 days 00:02:00,6.594449318211357e-08,294.6948515952938,0.0,0,4.439928112499233,54.532318,11.414013
2025-02-04 11:54:02,2025-02-04 11:54:02,Class A,626226000_1,54.535183,11.403752,Constrained by her draught,-7.5,11.9,294.3,292.0,9319703,TRAM2,GREAT JACOMBO,Tanker,No additional information,42.0,244.0,Combined GPS/GLONASS,15.0,EG_SUEZ,18/02/2025 18:00:00,AIS,POINT (11.403752 54.535183),626226000_1,0 days 00:02:00,1.6402627319570852e-07,295.7017682225238,0.0,0,4.448992030848896,54.535183,11.403752
2025-02-04 11:55:02,2025-02-04 11:55:02,Class A,626226000_1,54.536535,11.398558,Constrained by her draught,0.0,11.9,294.0,292.0,9319703,TRAM2,GREAT JACOMBO,Tanker,No additional information,42.0,244.0,Combined GPS/GLONASS,15.0,EG_SUEZ,18/02/2025 18:00:00,AIS,POINT (11.398558 54.536535),626226000_1,0 days 00:01:00,-1.5757719598955e-08,294.1652258267749,0.0,0,4.453609889014642,54.536535,11.398558
2025-02-04 11:56:02,2025-02-04 11:56:02,Class A,626226000_1,54.537882,11.39335,Constrained by her draught,-0.4,11.9,294.2,293.0,9319703,TRAM2,GREAT JACOMBO,Tanker,No additional information,42.0,244.0,Combined GPS/GLONASS,15.0,EG_SUEZ,18/02/2025 18:00:00,AIS,POINT (11.39335 54.537882),626226000_1,0 days 00:01:00,1.640677956469266e-07,294.0293449358727,0.0,0,4.458244260951165,54.537882,11.39335
2025-02-04 11:57:01,2025-02-04 11:57:01,Class A,626226000_1,54.53928,11.388175,Constrained by her draught,-0.2,11.9,295.4,294.0,9319703,TRAM2,GREAT JACOMBO,Tanker,No additional information,42.0,244.0,Combined GPS/GLONASS,15.0,EG_SUEZ,18/02/2025 18:00:00,AIS,POINT (11.388175 54.53928),626226000_1,0 days 00:00:59,1.8799427079220434e-06,294.97081806643354,0.0,0,4.462834553515624,54.53928,11.388175
2025-02-04 11:58:01,2025-02-04 11:58:01,Class A,626226000_1,54.540708,11.38301,Constrained by her draught,-4.5,12.0,295.1,293.0,9319703,TRAM2,GREAT JACOMBO,Tanker,No additional information,42.0,244.0,Combined GPS/GLONASS,15.0,EG_SUEZ,18/02/2025 18:00:00,AIS,POINT (11.38301 54.540708),626226000_1,0 days 00:01:00,-1.509923581971594e-06,295.48329758162083,0.0,0,4.467408714664463,54.540708,11.38301
2025-02-04 11:59:01,2025-02-04 11:59:01,Class A,626226000_1,54.542098,11.377813,Constrained by her draught,-2.2,12.0,294.0,293.0,9319703,TRAM2,GREAT JACOMBO,Tanker,No additional information,42.0,244.0,Combined GPS/GLONASS,15.0,EG_SUEZ,18/02/2025 18:00:00,AIS,POINT (11.377813 54.542098),626226000_1,0 days 00:01:00,2.0413550650535384e-08,294.75419732917686,0.0,0,4.472025798888128,54.542098,11.377813
2025-02-04 12:00:01,2025-02-04 12:00:01,Class A,626226000_1,54.543453,11.37259,Constrained by her draught,-3.6,11.9,293.9,293.0,9319703,TRAM2,GREAT JACOMBO,Tanker,No additional information,42.0,244.0,Combined GPS/GLONASS,15.0,EG_SUEZ,18/02/2025 18:00:00,AIS,POINT (11.37259 54.543453),626226000_1,0 days 00:01:00,-2.3734897370266428e-08,294.0972230196669,0.0,0,4.476679158119889,54.543453,11.37259
2025-02-04 12:01:01,2025-02-04 12:01:01,Class A,626226000_1,54.544818,11.367368,Constrained by her draught,-0.4,12.0,294.4,293.0,9319703,TRAM2,GREAT JACOMBO,Tanker,No additional information,42.0,244.0,Combined GPS/GLONASS,15.0,EG_SUEZ,18/02/2025 18:00:00,AIS,POINT (11.367368 54.544818),626226000_1,0 days 00:01:00,1.0714365554853958e-07,294.2594399541108,0.0,0,4.481330494488885,54.544818,11.367368
2025-02-04 12:02:01,2025-02-04 12:02:01,Class A,626226000_1,54.546203,11.362152,Constrained by her draught,-0.4,12.0,294.7,294.0,9319703,TRAM2,GREAT JACOMBO,Tanker,No additional information,42.0,244.0,Combined GPS/GLONASS,15.0,EG_SUEZ,18/02/2025 18:00:00,AIS,POINT (11.362152 54.546203),626226000_1,0 days 00:01:00,1.5414328538419033e-07,294.59875319922696,0.0,0,4.485972288478497,54.546203,11.362152
2025-02-04 12:03:01,2025-02-04 12:03:01,Class A,626226000_1,54.547628,11.356947,Constrained by her draught,0.0,12.0,295.3,294.0,9319703,TRAM2,GREAT JACOMBO,Tanker,No additional information,42.0,244.0,Combined GPS/GLONASS,15.0,EG_SUEZ,18/02/2025 18:00:00,AIS,POINT (11.356947 54.547628),626226000_1,0 days 00:01:00,3.3811336583109097e-07,295.26928170015907,0.0,0,4.490594326963525,54.547628,11.356947
2025-02-04 12:04:02,2025-02-04 12:04:02,Class A,626226000_1,54.549093,11.351662,Constrained by her draught,0.7,12.0,295.4,293.0,9319703,TRAM2,GREAT JACOMBO,Tanker,No additional information,42.0,244.0,Combined GPS/GLONASS,15.0,EG_SUEZ,18/02/2025 18:00:00,AIS,POINT (11.351662 54.549093),626226000_1,0 days 00:01:01,9.915986661385986e-08,295.5461057968032,0.0,0,4.4952842707950085,54.549093,11.351662
2025-02-04 12:05:02,2025-02-04 12:05:02,Class A,626226000_1,54.550492,11.346437,Constrained by her draught,-0.7,12.0,294.0,292.0,9319703,TRAM2,GREAT JACOMBO,Tanker,No additional information,42.0,244.0,Combined GPS/GLONASS,15.0,EG_SUEZ,18/02/2025 18:00:00,AIS,POINT (11.346437 54.550492),626226000_1,0 days 00:01:00,-1.203211497333937e-07,294.7822434518906,0.0,0,4.499936074614951,54.550492,11.346437
2025-02-04 12:06:02,2025-02-04 12:06:02,Class A,626226000_1,54.551818,11.34116,Constrained by her draught,2.2,12.0,293.2,292.0,9319703,TRAM2,GREAT JACOMBO,Tanker,No additional information,42.0,244.0,Combined GPS/GLONASS,15.0,EG_SUEZ,18/02/2025 18:00:00,AIS,POINT (11.34116 54.551818),626226000_1,0 days 00:01:00,-6.942357865235652e-08,293.4272043110019,0.0,0,4.504659325873601,54.551818,11.34116
2025-02-04 12:07:02,2025-02-04 12:07:02,Class A,626226000_1,54.553175,11.335892,Constrained by her draught,2.2,12.0,294.9,294.0,9319703,TRAM2,GREAT JACOMBO,Tanker,No additional information,42.0,244.0,Combined GPS/GLONASS,15.0,EG_SUEZ,18/02/2025 18:00:00,AIS,POINT (11.335892 54.553175),626226000_1,0 days 00:01:00,2.333231587899372e-07,293.95097513177177,0.0,0,4.509367186668768,54.553175,11.335892
2025-02-04 12:08:02,2025-02-04 12:08:02,Class A,626226000_1,54.554648,11.3307,Constrained by her draught,0.0,12.1,296.6,296.0,9319703,TRAM2,GREAT JACOMBO,Tanker,No additional information,42.0,244.0,Combined GPS/GLONASS,15.0,EG_SUEZ,18/02/2025 18:00:00,AIS,POINT (11.3307 54.554648),626226000_1,0 days 00:01:00,2.7222482098310127e-07,296.07004949301654,0.0,0,4.5139723431363645,54.554648,11.3307
2025-02-04 12:09:02,2025-02-04 12:09:02,Class A,626226000_1,54.556173,11.325545,Constrained by her draught,-2.2,12.1,296.3,294.0,9319703,TRAM2,GREAT JACOMBO,Tanker,No additional information,42.0,244.0,Combined GPS/GLONASS,15.0,EG_SUEZ,18/02/2025 18:00:00,AIS,POINT (11.325545 54.556173),626226000_1,0 days 00:01:00,1.1915063940209682e-07,297.0293624673318,0.0,0,4.518529676668064,54.556173,11.325545
2025-02-04 12:10:02,2025-02-04 12:10:02,Class A,626226000_1,54.557598,11.320318,Constrained by her draught,-5.4,12.0,293.9,291.0,9319703,TRAM2,GREAT JACOMBO,Tanker,No additional information,42.0,244.0,Combined GPS/GLONASS,15.0,EG_SUEZ,18/02/2025 18:00:00,AIS,POINT (11.320318 54.557598),626226000_1,0 days 00:01:00,-1.9856016686015803e-07,295.1815254139477,0.0,0,4.523184912215728,54.557598,11.320318
2025-02-04 12:12:02,2025-02-04 12:12:02,Class A,626226000_1,54.560157,11.309665,Constrained by her draught,6.4,12.1,293.8,294.0,9319703,TRAM2,GREAT JACOMBO,Tanker,No additional information,42.0,244.0,Combined GPS/GLONASS,15.0,EG_SUEZ,18/02/2025 18:00:00,AIS,POINT (11.309665 54.560157),626226000_1,0 days 00:02:00,-9.158220610498615e-08,292.5065017539063,0.0,0,4.532769723570127,54.560157,11.309665
2025-02-04 12:13:02,2025-02-04 12:13:02,Class A,626226000_1,54.561595,11.304443,Constrained by her draught,2.9,12.1,297.1,296.0,9319703,TRAM2,GREAT JACOMBO,Tanker,No additional information,42.0,244.0,Combined GPS/GLONASS,15.0,EG_SUEZ,18/02/2025 18:00:00,AIS,POINT (11.304443 54.561595),626226000_1,0 days 00:01:00,2.650268008336752e-07,295.4058576606966,0.0,0,4.537421621616622,54.561595,11.304443
2025-02-04 12:14:02,2025-02-04 12:14:02,Class A,626226000_1,54.563188,11.299352,Constrained by her draught,-3.6,12.1,298.4,296.0,9319703,TRAM2,GREAT JACOMBO,Tanker,No additional information,42.0,244.0,Combined GPS/GLONASS,15.0,EG_SUEZ,18/02/2025 18:00:00,AIS,POINT (11.299352 54.563188),626226000_1,0 days 00:01:00,5.924874499018372e-08,298.3561561015076,0.0,0,4.541907832573445,54.563188,11.299352
2025-02-04 12:15:02,2025-02-04 12:15:02,Class A,626226000_1,54.56472,11.294197,Constrained by her draught,0.4,12.0,295.6,293.0,9319703,TRAM2,GREAT JACOMBO,Tanker,No additional information,42.0,244.0,Combined GPS/GLONASS,15.0,EG_SUEZ,18/02/2025 18:00:00,AIS,POINT (11.294197 54.56472),626226000_1,0 days 00:01:00,1.3859731147159922e-07,297.1405922054797,0.0,0,4.546473722102108,54.56472,11.294197
2025-02-04 12:17:02,2025-02-04 12:17:02,Class A,626226000_1,54.567577,11.283775,Constrained by her draught,3.6,12.0,296.0,294.0,9319703,TRAM2,GREAT JACOMBO,Tanker,No additional information,42.0,244.0,Combined GPS/GLONASS,15.0,EG_SUEZ,18/02/2025 18:00:00,AIS,POINT (11.283775 54.567577),626226000_1,0 days 00:02:00,-2.56505214077927e-07,295.31063397474276,0.0,0,4.555773336762266,54.567577,11.283775
2025-02-04 12:18:02,2025-02-04 12:18:02,Class A,626226000_1,54.569047,11.278592,Constrained by her draught,1.6,12.1,295.9,294.0,9319703,TRAM2,GREAT JACOMBO,Tanker,No additional information,42.0,244.0,Combined GPS/GLONASS,15.0,EG_SUEZ,18/02/2025 18:00:00,AIS,POINT (11.278592 54.569047),626226000_1,0 days 00:01:00,9.721444101733258e-08,296.0711625760933,0.0,0,4.560387721900519,54.569047,11.278592
2025-02-04 12:19:02,2025-02-04 12:19:02,Class A,626226000_1,54.5705,11.273398,Constrained by her draught,1.6,12.0,295.2,293.0,9319703,TRAM2,GREAT JACOMBO,Tanker,No additional information,42.0,244.0,Combined GPS/GLONASS,15.0,EG_SUEZ,18/02/2025 18:00:00,AIS,POINT (11.273398 54.5705),626226000_1,0 days 00:01:00,-5.447158709226176e-08,295.76225109123914,0.0,0,4.565018869954865,54.5705,11.273398
2025-02-04 12:20:02,2025-02-04 12:20:02,Class A,626226000_1,54.571927,11.268187,Constrained by her draught,0.0,12.0,294.9,293.0,9319703,TRAM2,GREAT JACOMBO,Tanker,No additional information,42.0,244.0,Combined GPS/GLONASS,15.0,EG_SUEZ,18/02/2025 18:00:00,AIS,POINT (11.268187 54.571927),626226000_1,0 days 00:01:00,-7.300650038282764e-08,295.28800659269575,0.0,0,4.569674895104247,54.571927,11.268187
2025-02-04 12:21:02,2025-02-04 12:21:02,Class A,626226000_1,54.573345,11.262967,Constrained by her draught,-0.2,12.0,294.9,293.0,9319703,TRAM2,GREAT JACOMBO,Tanker,No additional information,42.0,244.0,Combined GPS/GLONASS,15.0,EG_SUEZ,18/02/2025 18:00:00,AIS,POINT (11.262967 54.573345),626226000_1,0 days 00:01:00,2.515131886413347e-08,295.11104630131695,0.0,0,4.5743435982936385,54.573345,11.262967
2025-02-04 12:22:03,2025-02-04 12:22:03,Class A,626226000_1,54.574797,11.257668,Constrained by her draught,-4.5,12.0,295.8,293.0,9319703,TRAM2,GREAT JACOMBO,Tanker,No additional information,42.0,244.0,Combined GPS/GLONASS,15.0,EG_SUEZ,18/02/2025 18:00:00,AIS,POINT (11.257668 54.574797),626226000_1,0 days 00:01:01,3.044378277250459e-09,295.3033439443399,0.0,0,4.579081361815381,54.574797,11.257668
2025-02-04 12:23:03,2025-02-04 12:23:03,Class A,626226000_1,54.57622,11.252453,Constrained by her draught,-2.9,12.1,295.1,293.0,9319703,TRAM2,GREAT JACOMBO,Tanker,No additional information,42.0,244.0,Combined GPS/GLONASS,15.0,EG_SUEZ,18/02/2025 18:00:00,AIS,POINT (11.252453 54.57622),626226000_1,0 days 00:01:00,-2.4780111130701574e-08,295.2113311342125,0.0,0,4.583747224399379,54.57622,11.252453
2025-02-04 12:24:03,2025-02-04 12:24:03,Class A,626226000_1,54.57763,11.247222,Constrained by her draught,-0.2,12.0,294.7,293.0,9319703,TRAM2,GREAT JACOMBO,Tanker,No additional information,42.0,244.0,Combined GPS/GLONASS,15.0,EG_SUEZ,18/02/2025 18:00:00,AIS,POINT (11.247222 54.57763),626226000_1,0 days 00:01:00,8.744113216894826e-08,294.9428801021706,0.0,0,4.588433532481428,54.57763,11.247222
2025-02-04 12:25:03,2025-02-04 12:25:03,Class A,626226000_1,54.57921,11.242182,Constrained by her draught,-0.4,12.1,295.3,293.0,9319703,TRAM2,GREAT JACOMBO,Tanker,No additional information,42.0,294.0,Internal,15.0,EG_SUEZ,18/02/2025 18:00:00,AIS,POINT (11.242182 54.57921),626226000_1,0 days 00:01:00,-7.148614932771304e-07,298.4104612875402,0.0,0,4.592892997769488,54.57921,11.242182
2025-02-04 12:29:03,2025-02-04 12:29:03,Class A,626226000_1,54.584943,11.221342,Constrained by her draught,2.9,12.0,294.8,293.0,9319703,TRAM2,GREAT JACOMBO,Tanker,No additional information,42.0,244.0,Combined GPS/GLONASS,15.0,EG_SUEZ,18/02/2025 18:00:00,AIS,POINT (11.221342 54.584943),626226000_1,0 days 00:04:00,1.6694924100753208e-07,295.4013900325622,0.0,0,4.611555905320567,54.584943,11.221342
2025-02-04 12:30:03,2025-02-04 12:30:03,Class A,626226000_1,54.586363,11.216127,Constrained by her draught,-0.2,12.0,295.6,294.0,9319703,TRAM2,GREAT JACOMBO,Tanker,No additional information,42.0,244.0,Combined GPS/GLONASS,15.0,EG_SUEZ,18/02/2025 18:00:00,AIS,POINT (11.216127 54.586363),626226000_1,0 days 00:01:00,-1.0081512107026381e-07,295.1702552071629,0.0,0,4.616233876510375,54.586363,11.216127
2025-02-04 12:31:03,2025-02-04 12:31:03,Class A,626226000_1,54.587827,11.21094,Constrained by her draught,-3.6,12.0,295.9,294.0,9319703,TRAM2,GREAT JACOMBO,Tanker,No additional information,42.0,244.0,Combined GPS/GLONASS,15.0,EG_SUEZ,18/02/2025 18:00:00,AIS,POINT (11.21094 54.587827),626226000_1,0 days 00:01:00,1.2936448513641585e-07,295.9717711919893,0.0,0,4.620875137632373,54.587827,11.21094
2025-02-04 12:32:03,2025-02-04 12:32:03,Class A,626226000_1,54.589277,11.205742,Constrained by her draught,4.5,12.0,295.2,293.0,9319703,TRAM2,GREAT JACOMBO,Tanker,No additional information,42.0,244.0,Combined GPS/GLONASS,15.0,EG_SUEZ,18/02/2025 18:00:00,AIS,POINT (11.205742 54.589277),626226000_1,0 days 00:01:00,-1.3451019870982725e-08,295.70901152677754,0.0,0,4.62553222221627,54.589277,11.205742
2025-02-04 12:33:03,2025-02-04 12:33:03,Class A,626226000_1,54.590675,11.200512,Constrained by her draught,-0.2,12.0,294.1,292.0,9319703,TRAM2,GREAT JACOMBO,Tanker,No additional information,42.0,244.0,Combined GPS/GLONASS,15.0,EG_SUEZ,18/02/2025 18:00:00,AIS,POINT (11.200512 54.590675),626226000_1,0 days 00:01:00,-1.672110651732729e-07,294.7672979384465,0.0,0,4.630235066836781,54.590675,11.200512
2025-02-04 12:34:02,2025-02-04 12:34:02,Class A,626226000_1,54.592038,11.19526,Constrained by her draught,2.9,12.0,294.4,293.0,9319703,TRAM2,GREAT JACOMBO,Tanker,No additional information,42.0,244.0,Combined GPS/GLONASS,15.0,EG_SUEZ,18/02/2025 18:00:00,AIS,POINT (11.19526 54.592038),626226000_1,0 days 00:00:59,1.68875306260771e-06,294.1301655319345,0.0,0,4.63496961258863,54.592038,11.19526
2025-02-04 12:35:02,2025-02-04 12:35:02,Class A,626226000_1,54.593475,11.19005,Constrained by her draught,0.0,12.1,296.3,295.0,9319703,TRAM2,GREAT JACOMBO,Tanker,No additional information,42.0,244.0,Combined GPS/GLONASS,15.0,EG_SUEZ,18/02/2025 18:00:00,AIS,POINT (11.19005 54.593475),626226000_1,0 days 00:01:00,-1.4808822919215823e-06,295.4588974202822,0.0,0,4.63964632935238,54.593475,11.19005
2025-02-04 12:36:02,2025-02-04 12:36:02,Class A,626226000_1,54.59501,11.184898,Constrained by her draught,-3.6,12.1,297.3,295.0,9319703,TRAM2,GREAT JACOMBO,Tanker,No additional information,42.0,244.0,Combined GPS/GLONASS,15.0,EG_SUEZ,18/02/2025 18:00:00,AIS,POINT (11.184898 54.59501),626226000_1,0 days 00:01:00,4.051636126266387e-07,297.2169904180197,0.0,0,4.644243783212073,54.59501,11.184898
2025-02-04 12:37:02,2025-02-04 12:37:02,Class A,626226000_1,54.596503,11.179707,Constrained by her draught,-1.6,12.1,295.2,292.0,9319703,TRAM2,GREAT JACOMBO,Tanker,No additional information,42.0,244.0,Combined GPS/GLONASS,15.0,EG_SUEZ,18/02/2025 18:00:00,AIS,POINT (11.179707 54.596503),626226000_1,0 days 00:01:00,3.752474925855393e-08,296.4041418261795,0.0,0,4.648891220771035,54.596503,11.179707
2025-02-04 12:38:02,2025-02-04 12:38:02,Class A,626226000_1,54.59786,11.174435,Constrained by her draught,-3.6,12.0,292.9,291.0,9319703,TRAM2,GREAT JACOMBO,Tanker,No additional information,42.0,244.0,Combined GPS/GLONASS,15.0,EG_SUEZ,18/02/2025 18:00:00,AIS,POINT (11.174435 54.59786),626226000_1,0 days 00:01:00,-4.7225306334603213e-07,293.9581501447982,0.0,0,4.653652838896881,54.59786,11.174435
2025-02-04 12:39:02,2025-02-04 12:39:02,Class A,626226000_1,54.599168,11.169142,Constrained by her draught,3.6,12.0,293.6,293.0,9319703,TRAM2,GREAT JACOMBO,Tanker,No additional information,42.0,244.0,Combined GPS/GLONASS,15.0,EG_SUEZ,18/02/2025 18:00:00,AIS,POINT (11.169142 54.599168),626226000_1,0 days 00:01:00,-2.6075835629810253e-07,293.1042876681975,0.0,0,4.658448558734119,54.599168,11.169142
2025-02-04 12:40:01,2025-02-04 12:40:01,Class A,626226000_1,54.600553,11.164,Constrained by her draught,-1.1,12.1,296.1,295.0,9319703,TRAM2,GREAT JACOMBO,Tanker,No additional information,42.0,244.0,Combined GPS/GLONASS,15.0,EG_SUEZ,18/02/2025 18:00:00,AIS,POINT (11.164 54.600553),626226000_1,0 days 00:00:59,2.1563264659398312e-07,294.93920418742147,0.0,0,4.663080265713321,54.600553,11.164
2025-02-04 12:41:01,2025-02-04 12:41:01,Class A,626226000_1,54.602078,11.158845,Constrained by her draught,-2.9,12.1,297.4,295.0,9319703,TRAM2,GREAT JACOMBO,Tanker,No additional information,42.0,244.0,Combined GPS/GLONASS,15.0,EG_SUEZ,18/02/2025 18:00:00,AIS,POINT (11.158845 54.602078),626226000_1,0 days 00:01:00,3.7638053322445554e-07,297.0554985271876,0.0,0,4.667691118322313,54.602078,11.158845
2025-02-04 12:42:01,2025-02-04 12:42:01,Class A,626226000_1,54.603587,11.153672,Constrained by her draught,-2.9,12.1,295.6,292.0,9319703,TRAM2,GREAT JACOMBO,Tanker,No additional information,42.0,244.0,Combined GPS/GLONASS,15.0,EG_SUEZ,18/02/2025 18:00:00,AIS,POINT (11.153672 54.603587),626226000_1,0 days 00:01:00,6.188009910957614e-08,296.7320311585029,0.0,0,4.67232502153917,54.603587,11.153672
2025-02-04 12:43:01,2025-02-04 12:43:01,Class A,626226000_1,54.60495,11.148417,Constrained by her draught,2.2,12.0,292.7,290.0,9319703,TRAM2,GREAT JACOMBO,Tanker,No additional information,42.0,244.0,Combined GPS/GLONASS,15.0,EG_SUEZ,18/02/2025 18:00:00,AIS,POINT (11.148417 54.60495),626226000_1,0 days 00:01:00,-6.079007437092733e-07,294.1247390471788,0.0,0,4.677076226800778,54.60495,11.148417
2025-02-04 12:44:01,2025-02-04 12:44:01,Class A,626226000_1,54.606178,11.143112,Constrained by her draught,-5.4,11.8,288.6,285.0,9319703,TRAM2,GREAT JACOMBO,Tanker,No additional information,42.0,244.0,Combined GPS/GLONASS,15.0,EG_SUEZ,18/02/2025 18:00:00,AIS,POINT (11.143112 54.606178),626226000_1,0 days 00:01:00,-8.010111765483577e-07,291.7864230386406,0.0,0,4.681910797831586,54.606178,11.143112
2025-02-04 12:45:01,2025-02-04 12:45:01,Class A,626226000_1,54.607172,11.137718,Constrained by her draught,0.7,11.8,287.6,285.0,9319703,TRAM2,GREAT JACOMBO,Tanker,No additional information,42.0,244.0,Combined GPS/GLONASS,15.0,EG_SUEZ,18/02/2025 18:00:00,AIS,POINT (11.137718 54.607172),626226000_1,0 days 00:01:00,-9.350114196510737e-07,287.65163184977905,0.0,0,4.68689081316175,54.607172,11.137718
2025-02-04 12:46:02,2025-02-04 12:46:02,Class A,626226000_1,54.608163,11.132223,Constrained by her draught,-1.1,11.8,288.1,285.0,9319703,TRAM2,GREAT JACOMBO,Tanker,No additional information,42.0,244.0,Combined GPS/GLONASS,15.0,EG_SUEZ,18/02/2025 18:00:00,AIS,POINT (11.132223 54.608163),626226000_1,0 days 00:01:01,6.301268484258728e-09,287.29806914431293,0.0,0,4.691970569411748,54.608163,11.132223
2025-02-04 12:47:02,2025-02-04 12:47:02,Class A,626226000_1,54.609185,11.126823,Constrained by her draught,-11.4,11.9,288.0,281.0,9319703,TRAM2,GREAT JACOMBO,Tanker,No additional information,42.0,244.0,Combined GPS/GLONASS,15.0,EG_SUEZ,18/02/2025 18:00:00,AIS,POINT (11.126823 54.609185),626226000_1,0 days 00:01:00,3.5677649058481894e-07,288.0987440359303,0.0,0,4.696951760445706,54.609185,11.126823
2025-02-04 12:48:02,2025-02-04 12:48:02,Class A,626226000_1,54.609932,11.121348,Constrained by her draught,-10.0,11.6,278.5,270.0,9319703,TRAM2,GREAT JACOMBO,Tanker,No additional information,42.0,244.0,Combined GPS/GLONASS,15.0,EG_SUEZ,18/02/2025 18:00:00,AIS,POINT (11.121348 54.609932),626226000_1,0 days 00:01:00,-9.994957099936202e-07,283.2585837591038,0.0,0,4.7020744217206945,54.609932,11.121348
2025-02-04 12:49:02,2025-02-04 12:49:02,Class A,626226000_1,54.610092,11.115917,Constrained by her draught,-4.5,11.1,267.3,261.0,9319703,TRAM2,GREAT JACOMBO,Tanker,No additional information,42.0,244.0,Combined GPS/GLONASS,15.0,EG_SUEZ,18/02/2025 18:00:00,AIS,POINT (11.115917 54.610092),626226000_1,0 days 00:01:00,-3.3435039782340967e-06,272.91431195378675,0.0,0,4.707299493920161,54.610092,11.115917
2025-02-04 12:50:02,2025-02-04 12:50:02,Class A,626226000_1,54.60986,11.110625,Constrained by her draught,2.2,11.1,264.6,260.0,9319703,TRAM2,GREAT JACOMBO,Tanker,No additional information,42.0,244.0,Combined GPS/GLONASS,15.0,EG_SUEZ,18/02/2025 18:00:00,AIS,POINT (11.110625 54.60986),626226000_1,0 days 00:01:00,-2.3496585867260542e-06,265.673229608956,0.0,0,4.712486471400528,54.60986,11.110625
2025-02-04 13:07:03,2025-02-04 13:07:03,Class A,626226000_1,54.603422,11.020195,Constrained by her draught,7.5,11.4,276.8,279.0,9319703,TRAM2,GREAT JACOMBO,Tanker,No additional information,42.0,244.0,Combined GPS/GLONASS,15.0,EG_SUEZ,18/02/2025 18:00:00,AIS,POINT (11.020195 54.603422),626226000_1,0 days 00:17:01,4.9976907658076756e-08,263.0292586287941,0.0,0,4.801757473718244,54.603422,11.020195
2025-02-04 13:08:03,2025-02-04 13:08:03,Class A,626226000_1,54.603998,11.014823,Constrained by her draught,8.7,11.4,281.7,284.0,9319703,TRAM2,GREAT JACOMBO,Tanker,No additional information,42.0,244.0,Combined GPS/GLONASS,15.0,EG_SUEZ,18/02/2025 18:00:00,AIS,POINT (11.014823 54.603998),626226000_1,0 days 00:01:00,1.9606741591618545e-06,280.48966110335914,0.0,0,4.8068304004948015,54.603998,11.014823
2025-02-04 13:09:03,2025-02-04 13:09:03,Class A,626226000_1,54.604872,11.00962,Constrained by her draught,3.6,11.3,290.3,291.0,9319703,TRAM2,GREAT JACOMBO,Tanker,No additional information,42.0,244.0,Combined GPS/GLONASS,15.0,EG_SUEZ,18/02/2025 18:00:00,AIS,POINT (11.00962 54.604872),626226000_1,0 days 00:01:00,-8.349667082309907e-07,286.17489737731154,0.0,0,4.811668102330418,54.604872,11.00962
2025-02-04 13:10:03,2025-02-04 13:10:03,Class A,626226000_1,54.606027,11.004608,Constrained by her draught,5.4,11.2,293.3,295.0,9319703,TRAM2,GREAT JACOMBO,Tanker,No additional information,42.0,244.0,Combined GPS/GLONASS,15.0,EG_SUEZ,18/02/2025 18:00:00,AIS,POINT (11.004608 54.606027),626226000_1,0 days 00:01:00,-4.3268738086437406e-07,291.69809770754244,0.0,0,4.816253646178222,54.606027,11.004608
2025-02-04 13:15:02,2025-02-04 13:15:02,Class A,626226000_1,54.613053,10.980282,Constrained by her draught,-2.9,11.4,296.6,296.0,9319703,TRAM2,GREAT JACOMBO,Tanker,No additional information,42.0,244.0,Combined GPS/GLONASS,15.0,EG_SUEZ,18/02/2025 18:00:00,AIS,POINT (10.980282 54.613053),626226000_1,0 days 00:04:59,2.1388114663835022e-07,296.51589746424935,0.0,0,4.83818702595683,54.613053,10.980282
2025-02-04 13:16:02,2025-02-04 13:16:02,Class A,626226000_1,54.614492,10.975368,Constrained by her draught,-0.4,11.5,296.6,296.0,9319703,TRAM2,GREAT JACOMBO,Tanker,No additional information,42.0,244.0,Combined GPS/GLONASS,15.0,EG_SUEZ,18/02/2025 18:00:00,AIS,POINT (10.975368 54.614492),626226000_1,0 days 00:01:00,9.169044007634331e-07,296.8272066757429,0.0,0,4.8426170273727,54.614492,10.975368
2025-02-04 13:18:02,2025-02-04 13:18:02,Class A,626226000_1,54.617473,10.965598,Constrained by her draught,-0.7,11.5,299.4,299.0,9319703,TRAM2,GREAT JACOMBO,Tanker,No additional information,42.0,244.0,Combined GPS/GLONASS,15.0,EG_SUEZ,18/02/2025 18:00:00,AIS,POINT (10.965598 54.617473),626226000_1,0 days 00:02:00,1.3116352187153076e-07,297.7898343182765,0.0,0,4.851400364257831,54.617473,10.965598
2025-02-04 13:19:01,2025-02-04 13:19:01,Class A,626226000_1,54.619022,10.960878,Constrained by her draught,-1.6,11.5,299.5,298.0,9319703,TRAM2,GREAT JACOMBO,Tanker,No additional information,42.0,244.0,Combined GPS/GLONASS,15.0,EG_SUEZ,18/02/2025 18:00:00,AIS,POINT (10.960878 54.619022),626226000_1,0 days 00:00:59,-8.9886243304209e-08,299.54563156858177,0.0,0,4.855619982041429,54.619022,10.960878
2025-02-04 13:20:01,2025-02-04 13:20:01,Class A,626226000_1,54.620562,10.956043,Constrained by her draught,1.1,11.5,298.1,297.0,9319703,TRAM2,GREAT JACOMBO,Tanker,No additional information,42.0,244.0,Combined GPS/GLONASS,15.0,EG_SUEZ,18/02/2025 18:00:00,AIS,POINT (10.956043 54.620562),626226000_1,0 days 00:01:00,1.52198191926637e-08,298.8174064772234,0.0,0,4.85995489403194,54.620562,10.956043
2025-02-04 13:21:01,2025-02-04 13:21:01,Class A,626226000_1,54.622045,10.951168,Constrained by her draught,-1.6,11.5,297.6,298.0,9319703,TRAM2,GREAT JACOMBO,Tanker,No additional information,42.0,244.0,Combined GPS/GLONASS,15.0,EG_SUEZ,18/02/2025 18:00:00,AIS,POINT (10.951168 54.622045),626226000_1,0 days 00:01:00,-2.036056106688126e-07,297.7202036145998,0.0,0,4.864343522551528,54.622045,10.951168
2025-02-04 13:22:01,2025-02-04 13:22:01,Class A,626226000_1,54.623572,10.946318,Constrained by her draught,4.5,11.5,299.2,300.0,9319703,TRAM2,GREAT JACOMBO,Tanker,No additional information,42.0,244.0,Combined GPS/GLONASS,15.0,EG_SUEZ,18/02/2025 18:00:00,AIS,POINT (10.946318 54.623572),626226000_1,0 days 00:01:00,2.4167153237448477e-07,298.5399924751521,0.0,0,4.868698898730543,54.623572,10.946318
2025-02-04 13:23:01,2025-02-04 13:23:01,Class A,626226000_1,54.625168,10.941522,Constrained by her draught,0.2,11.5,300.1,300.0,9319703,TRAM2,GREAT JACOMBO,Tanker,No additional information,42.0,244.0,Combined GPS/GLONASS,15.0,EG_SUEZ,18/02/2025 18:00:00,AIS,POINT (10.941522 54.625168),626226000_1,0 days 00:01:00,1.905956734432092e-07,299.8926768389856,0.0,0,4.872987030170713,54.625168,10.941522
2025-02-04 13:32:01,2025-02-04 13:32:01,Class A,626226000_1,54.639752,10.898132,Constrained by her draught,-2.9,11.7,300.2,299.0,9319703,TRAM2,GREAT JACOMBO,Tanker,No additional information,42.0,244.0,Combined GPS/GLONASS,15.0,EG_SUEZ,18/02/2025 18:00:00,AIS,POINT (10.898132 54.639752),626226000_1,0 days 00:09:00,8.366400363520345e-08,300.16097787089,0.0,0,4.911815326542316,54.639752,10.898132
2025-02-04 13:34:01,2025-02-04 13:34:01,Class A,626226000_1,54.643022,10.888442,Constrained by her draught,-2.9,11.7,300.3,299.0,9319703,TRAM2,GREAT JACOMBO,Tanker,No additional information,42.0,244.0,Combined GPS/GLONASS,15.0,EG_SUEZ,18/02/2025 18:00:00,AIS,POINT (10.888442 54.643022),626226000_1,0 days 00:02:00,2.900785057188291e-07,300.2523236850897,0.0,0,4.920499928334112,54.643022,10.888442
2025-02-04 13:35:01,2025-02-04 13:35:01,Class A,626226000_1,54.64468,10.8836,Constrained by her draught,4.5,11.7,300.7,300.0,9319703,TRAM2,GREAT JACOMBO,Tanker,No additional information,42.0,244.0,Combined GPS/GLONASS,15.0,EG_SUEZ,18/02/2025 18:00:00,AIS,POINT (10.8836 54.64468),626226000_1,0 days 00:01:00,3.0868647681981124e-07,300.6169081024392,0.0,0,4.924836290429155,54.64468,10.8836
2025-02-04 13:36:01,2025-02-04 13:36:01,Class A,626226000_1,54.64636,10.87876,Constrained by her draught,-3.6,11.8,300.7,299.0,9319703,TRAM2,GREAT JACOMBO,Tanker,No additional information,42.0,244.0,Combined GPS/GLONASS,15.0,EG_SUEZ,18/02/2025 18:00:00,AIS,POINT (10.87876 54.64636),626226000_1,0 days 00:01:00,3.1373501248245214e-07,300.9604442828249,0.0,0,4.929167205182636,54.64636,10.87876
2025-02-04 13:37:02,2025-02-04 13:37:02,Class A,626226000_1,54.64805,10.8738,Constrained by her draught,-0.7,11.8,299.9,298.0,9319703,TRAM2,GREAT JACOMBO,Tanker,No additional information,42.0,244.0,Combined GPS/GLONASS,15.0,EG_SUEZ,18/02/2025 18:00:00,AIS,POINT (10.8738 54.64805),626226000_1,0 days 00:01:01,3.0924088729711043e-07,300.4945837821426,0.0,0,4.933614248048586,54.64805,10.8738
2025-02-04 13:38:02,2025-02-04 13:38:02,Class A,626226000_1,54.649675,10.86887,Constrained by her draught,-0.7,11.8,299.4,298.0,9319703,TRAM2,GREAT JACOMBO,Tanker,No additional information,42.0,244.0,Combined GPS/GLONASS,15.0,EG_SUEZ,18/02/2025 18:00:00,AIS,POINT (10.86887 54.649675),626226000_1,0 days 00:01:00,2.164843766273387e-07,299.6717468244234,0.0,0,4.93804832219704,54.649675,10.86887
2025-02-04 13:39:02,2025-02-04 13:39:02,Class A,626226000_1,54.65131,10.863935,Constrained by her draught,0.4,11.9,300.1,299.0,9319703,TRAM2,GREAT JACOMBO,Tanker,No additional information,42.0,244.0,Combined GPS/GLONASS,15.0,EG_SUEZ,18/02/2025 18:00:00,AIS,POINT (10.863935 54.65131),626226000_1,0 days 00:01:00,2.2792399721308491e-07,299.79910873900224,0.0,0,4.94248648522917,54.65131,10.863935
2025-02-04 13:40:02,2025-02-04 13:40:02,Class A,626226000_1,54.653002,10.85903,Constrained by her draught,3.6,11.9,300.9,299.0,9319703,TRAM2,GREAT JACOMBO,Tanker,No additional information,42.0,244.0,Combined GPS/GLONASS,15.0,EG_SUEZ,18/02/2025 18:00:00,AIS,POINT (10.85903 54.653002),626226000_1,0 days 00:01:00,4.200139781114556e-07,300.80753226238267,0.0,0,4.946884070869661,54.653002,10.85903
2025-02-04 13:41:02,2025-02-04 13:41:02,Class A,626226000_1,54.654695,10.854118,Constrained by her draught,-3.6,11.9,300.3,298.0,9319703,TRAM2,GREAT JACOMBO,Tanker,No additional information,42.0,244.0,Combined GPS/GLONASS,15.0,EG_SUEZ,18/02/2025 18:00:00,AIS,POINT (10.854118 54.654695),626226000_1,0 days 00:01:00,1.2054101370016894e-07,300.78753786634445,0.0,0,4.951289784822639,54.654695,10.854118
2025-02-04 13:43:02,2025-02-04 13:43:02,Class A,626226000_1,54.65806,10.844262,Constrained by her draught,-1.6,11.9,301.3,300.0,9319703,TRAM2,GREAT JACOMBO,Tanker,No additional information,42.0,244.0,Combined GPS/GLONASS,15.0,EG_SUEZ,18/02/2025 18:00:00,AIS,POINT (10.844262 54.65806),626226000_1,0 days 00:02:00,3.8425587432734316e-08,300.55299118592274,0.0,0,4.960141682744556,54.65806,10.844262
2025-02-04 13:48:02,2025-02-04 13:48:02,Class A,626226000_1,54.666717,10.819765,Constrained by her draught,-2.2,12.0,301.2,299.0,9319703,TRAM2,GREAT JACOMBO,Tanker,No additional information,42.0,244.0,Combined GPS/GLONASS,15.0,EG_SUEZ,18/02/2025 18:00:00,AIS,POINT (10.819765 54.666717),626226000_1,0 days 00:05:00,6.525415667301207e-08,301.43433994518404,0.0,0,4.9821044222611395,54.666717,10.819765
2025-02-04 13:54:02,2025-02-04 13:54:02,Class A,626226000_1,54.677047,10.790143,Constrained by her draught,12.9,11.9,301.2,304.0,9319703,TRAM2,GREAT JACOMBO,Tanker,No additional information,42.0,244.0,Combined GPS/GLONASS,15.0,EG_SUEZ,18/02/2025 18:00:00,AIS,POINT (10.790143 54.677047),626226000_1,0 days 00:06:00,6.71618953935848e-08,301.10479771143264,0.0,0,5.008743393332304,54.677047,10.790143
2025-02-04 13:55:02,2025-02-04 13:55:02,Class A,626226000_1,54.679043,10.78569,Constrained by her draught,11.4,11.6,316.4,321.0,9319703,TRAM2,GREAT JACOMBO,Tanker,No additional information,42.0,244.0,Combined GPS/GLONASS,15.0,EG_SUEZ,18/02/2025 18:00:00,AIS,POINT (10.78569 54.679043),626226000_1,0 days 00:01:00,-2.3825943628066053e-06,307.787105326901,0.0,0,5.012656560210862,54.679043,10.78569
2025-02-04 13:56:02,2025-02-04 13:56:02,Class A,626226000_1,54.681588,10.782315,Constrained by her draught,0.7,11.6,325.5,324.0,9319703,TRAM2,GREAT JACOMBO,Tanker,No additional information,42.0,244.0,Combined GPS/GLONASS,15.0,EG_SUEZ,18/02/2025 18:00:00,AIS,POINT (10.782315 54.681588),626226000_1,0 days 00:01:00,-1.629220899467855e-06,322.52450224310746,0.0,0,5.015400186781211,54.681588,10.782315
2025-02-04 13:57:02,2025-02-04 13:57:02,Class A,626226000_1,54.684205,10.779073,Constrained by her draught,8.7,11.5,321.9,324.0,9319703,TRAM2,GREAT JACOMBO,Tanker,No additional information,42.0,244.0,Combined GPS/GLONASS,15.0,EG_SUEZ,18/02/2025 18:00:00,AIS,POINT (10.779073 54.684205),626226000_1,0 days 00:01:00,3.641799242174732e-07,324.39240448720204,0.0,0,5.01800047611337,54.684205,10.779073
2025-02-04 13:59:03,2025-02-04 13:59:03,Class A,626226000_1,54.68977,10.774253,Constrained by her draught,11.4,10.7,351.4,358.0,9319703,TRAM2,GREAT JACOMBO,Tanker,No additional information,42.0,244.0,Combined GPS/GLONASS,15.0,EG_SUEZ,18/02/2025 18:00:00,AIS,POINT (10.774253 54.68977),626226000_1,0 days 00:02:01,-2.053589308558028e-06,333.4067190782864,0.0,0,5.021511112154288,54.68977,10.774253
2025-02-04 14:00:03,2025-02-04 14:00:03,Class A,626226000_1,54.692708,10.774065,Constrained by her draught,6.4,10.5,1.8,5.0,9319703,TRAM2,GREAT JACOMBO,Tanker,No additional information,42.0,244.0,Combined GPS/GLONASS,15.0,EG_SUEZ,18/02/2025 18:00:00,AIS,POINT (10.774065 54.692708),626226000_1,0 days 00:01:00,-4.558068976798296e-06,357.88198181809554,0.0,0,5.021065688298152,54.692708,10.774065
2025-02-04 14:02:02,2025-02-04 14:02:02,Class A,626226000_1,54.698568,10.775095,Constrained by her draught,0.0,10.7,6.9,8.0,9319703,TRAM2,GREAT JACOMBO,Tanker,No additional information,42.0,244.0,Combined GPS/GLONASS,15.0,EG_SUEZ,18/02/2025 18:00:00,AIS,POINT (10.775095 54.698568),626226000_1,0 days 00:01:59,4.658362778622761e-07,5.799775738670121,0.0,0,5.018809486306987,54.698568,10.775095
2025-02-04 14:03:02,2025-02-04 14:03:02,Class A,626226000_1,54.701547,10.775747,Constrained by her draught,1.1,10.9,6.9,8.0,9319703,TRAM2,GREAT JACOMBO,Tanker,No additional information,42.0,244.0,Combined GPS/GLONASS,15.0,EG_SUEZ,18/02/2025 18:00:00,AIS,POINT (10.775747 54.701547),626226000_1,0 days 00:01:00,1.018703717397777e-06,7.207825302315825,0.0,0,5.017539372364307,54.701547,10.775747
2025-02-04 14:04:02,2025-02-04 14:04:02,Class A,626226000_1,54.704565,10.776432,Constrained by her draught,2.2,11.0,6.9,8.0,9319703,TRAM2,GREAT JACOMBO,Tanker,No additional information,42.0,244.0,Combined GPS/GLONASS,15.0,EG_SUEZ,18/02/2025 18:00:00,AIS,POINT (10.776432 54.704565),626226000_1,0 days 00:01:00,1.2716201838047722e-06,7.471267975547619,0.0,0,5.0162302831473955,54.704565,10.776432
2025-02-04 14:05:02,2025-02-04 14:05:02,Class A,626226000_1,54.707608,10.777157,Constrained by her draught,4.5,11.1,8.1,8.0,9319703,TRAM2,GREAT JACOMBO,Tanker,No additional information,42.0,244.0,Combined GPS/GLONASS,15.0,EG_SUEZ,18/02/2025 18:00:00,AIS,POINT (10.777157 54.707608),626226000_1,0 days 00:01:00,8.616667159026727e-07,7.837491975473881,0.0,0,5.014878385544059,54.707608,10.777157
2025-02-04 14:06:02,2025-02-04 14:06:02,Class A,626226000_1,54.710683,10.777892,Constrained by her draught,2.2,11.2,8.5,8.0,9319703,TRAM2,GREAT JACOMBO,Tanker,No additional information,42.0,244.0,Combined GPS/GLONASS,15.0,EG_SUEZ,18/02/2025 18:00:00,AIS,POINT (10.777892 54.710683),626226000_1,0 days 00:01:00,1.0046027323022995e-06,7.862003249618965,0.0,0,5.013511561199096,54.710683,10.777892
2025-02-04 14:19:03,2025-02-04 14:19:03,Class A,626226000_1,54.751333,10.792035,Constrained by her draught,-0.4,11.8,25.1,25.0,9319703,TRAM2,GREAT JACOMBO,Tanker,No additional information,42.0,244.0,Combined GPS/GLONASS,15.0,EG_SUEZ,18/02/2025 18:00:00,AIS,POINT (10.792035 54.751333),626226000_1,0 days 00:13:01,1.9311590965526573e-07,11.353472601546628,0.0,0,4.99126148726051,54.751333,10.792035
2025-02-04 14:21:02,2025-02-04 14:21:02,Class A,626226000_1,54.757312,10.797,Constrained by her draught,1.1,12.0,25.1,24.0,9319703,TRAM2,GREAT JACOMBO,Tanker,No additional information,42.0,244.0,Combined GPS/GLONASS,15.0,EG_SUEZ,18/02/2025 18:00:00,AIS,POINT (10.797 54.757312),626226000_1,0 days 00:01:59,2.4745596578289184e-06,25.60236154619406,0.0,0,4.985186694047075,54.757312,10.797
2025-02-04 14:27:03,2025-02-04 14:27:03,Class A,626226000_1,54.775685,10.812062,Constrained by her draught,-0.4,12.3,25.1,25.0,9319703,TRAM2,GREAT JACOMBO,Tanker,No additional information,42.0,244.0,Combined GPS/GLONASS,15.0,EG_SUEZ,18/02/2025 18:00:00,AIS,POINT (10.812062 54.775685),626226000_1,0 days 00:06:01,1.8027860486154057e-07,25.305423171081543,0.0,0,4.966740072363864,54.775685,10.812062
2025-02-04 14:32:02,2025-02-04 14:32:02,Class A,626226000_1,54.791178,10.824895,Constrained by her draught,0.4,12.6,26.0,25.0,9319703,TRAM2,GREAT JACOMBO,Tanker,No additional information,42.0,244.0,Combined GPS/GLONASS,15.0,EG_SUEZ,18/02/2025 18:00:00,AIS,POINT (10.824895 54.791178),626226000_1,0 days 00:04:59,4.1885348139330275e-07,25.52670304101838,0.0,0,4.951090765524805,54.791178,10.824895
2025-02-04 14:38:02,2025-02-04 14:38:02,Class A,626226000_1,54.811138,10.83309,Constrained by her draught,-2.2,12.4,2.9,0.0,9319703,TRAM2,GREAT JACOMBO,Tanker,No additional information,42.0,244.0,Combined GPS/GLONASS,15.0,EG_SUEZ,18/02/2025 18:00:00,AIS,POINT (10.83309 54.811138),626226000_1,0 days 00:06:00,-1.4372596040275012e-07,13.311286360177064,0.0,0,4.939157543006702,54.811138,10.83309
2025-02-04 14:39:02,2025-02-04 14:39:02,Class A,626226000_1,54.814582,10.833415,Constrained by her draught,0.4,12.5,3.6,0.0,9319703,TRAM2,GREAT JACOMBO,Tanker,No additional information,42.0,244.0,Combined GPS/GLONASS,15.0,EG_SUEZ,18/02/2025 18:00:00,AIS,POINT (10.833415 54.814582),626226000_1,0 days 00:01:00,9.324322877571981e-07,3.1124823238982344,0.0,0,4.938173729050953,54.814582,10.833415
2025-02-04 14:40:02,2025-02-04 14:40:02,Class A,626226000_1,54.818042,10.833732,Constrained by her draught,0.2,12.5,3.1,359.0,9319703,TRAM2,GREAT JACOMBO,Tanker,No additional information,42.0,244.0,Combined GPS/GLONASS,15.0,EG_SUEZ,18/02/2025 18:00:00,AIS,POINT (10.833732 54.818042),626226000_1,0 days 00:01:00,4.864176378588207e-07,3.0217408808687196,0.0,0,4.937196920637864,54.818042,10.833732
2025-02-04 14:41:02,2025-02-04 14:41:02,Class A,626226000_1,54.821512,10.834043,Constrained by her draught,0.4,12.5,3.5,359.0,9319703,TRAM2,GREAT JACOMBO,Tanker,No additional information,42.0,244.0,Combined GPS/GLONASS,15.0,EG_SUEZ,18/02/2025 18:00:00,AIS,POINT (10.834043 54.821512),626226000_1,0 days 00:01:00,3.0323759305879093e-07,2.9558680700996547,0.0,0,4.936226339474823,54.821512,10.834043
2025-02-04 14:42:02,2025-02-04 14:42:02,Class A,626226000_1,54.824997,10.83437,Constrained by her draught,2.9,12.6,2.9,359.0,9319703,TRAM2,GREAT JACOMBO,Tanker,No additional information,42.0,244.0,Combined GPS/GLONASS,15.0,EG_SUEZ,18/02/2025 18:00:00,AIS,POINT (10.83437 54.824997),626226000_1,0 days 00:01:00,4.783313015483426e-07,3.0940313493518374,0.0,0,4.935239459399006,54.824997,10.83437
2025-02-04 14:43:02,2025-02-04 14:43:02,Class A,626226000_1,54.828493,10.834688,Constrained by her draught,1.6,12.6,2.4,359.0,9319703,TRAM2,GREAT JACOMBO,Tanker,No additional information,42.0,244.0,Combined GPS/GLONASS,15.0,EG_SUEZ,18/02/2025 18:00:00,AIS,POINT (10.834688 54.828493),626226000_1,0 days 00:01:00,3.311389180840676e-07,2.9993235560705216,0.0,0,4.934261610135907,54.828493,10.834688
2025-02-04 14:44:02,2025-02-04 14:44:02,Class A,626226000_1,54.831995,10.834987,Constrained by her draught,0.4,12.6,2.8,0.0,9319703,TRAM2,GREAT JACOMBO,Tanker,No additional information,42.0,244.0,Combined GPS/GLONASS,15.0,EG_SUEZ,18/02/2025 18:00:00,AIS,POINT (10.834987 54.831995),626226000_1,0 days 00:01:00,1.680898394315969e-07,2.8153489662425386,0.0,0,4.933303584699608,54.831995,10.834987
2025-02-04 14:46:02,2025-02-04 14:46:02,Class A,626226000_1,54.838977,10.835672,Constrained by her draught,0.0,12.6,3.4,0.0,9319703,TRAM2,GREAT JACOMBO,Tanker,No additional information,42.0,244.0,Combined GPS/GLONASS,15.0,EG_SUEZ,18/02/2025 18:00:00,AIS,POINT (10.835672 54.838977),626226000_1,0 days 00:02:00,-1.4927686668102525e-07,3.2337092990093765,0.0,0,4.931313180127683,54.838977,10.835672
2025-02-04 14:50:02,2025-02-04 14:50:02,Class A,626226000_1,54.853203,10.836605,Constrained by her draught,-0.7,12.9,1.3,357.0,9319703,TRAM2,GREAT JACOMBO,Tanker,No additional information,42.0,244.0,Combined GPS/GLONASS,15.0,EG_SUEZ,18/02/2025 18:00:00,AIS,POINT (10.836605 54.853203),626226000_1,0 days 00:04:00,4.828456655173724e-07,2.1621768982220146,0.0,0,4.927740793277382,54.853203,10.836605
2025-02-04 14:53:02,2025-02-04 14:53:02,Class A,626226000_1,54.863925,10.83699,Constrained by her draught,0.4,12.9,1.6,357.0,9319703,TRAM2,GREAT JACOMBO,Tanker,No additional information,42.0,244.0,Combined GPS/GLONASS,15.0,EG_SUEZ,18/02/2025 18:00:00,AIS,POINT (10.83699 54.863925),626226000_1,0 days 00:03:00,1.6211554465400158e-07,1.1838763563623047,0.0,0,4.92538668644737,54.863925,10.83699
2025-02-04 14:54:02,2025-02-04 14:54:02,Class A,626226000_1,54.867452,10.83714,Constrained by her draught,-0.2,12.9,1.7,358.0,9319703,TRAM2,GREAT JACOMBO,Tanker,No additional information,42.0,244.0,Combined GPS/GLONASS,15.0,EG_SUEZ,18/02/2025 18:00:00,AIS,POINT (10.83714 54.867452),626226000_1,0 days 00:01:00,-1.444128047214466e-06,1.4019882148029978,0.0,0,4.9245942046288445,54.867452,10.83714
2025-02-04 14:55:02,2025-02-04 14:55:02,Class A,626226000_1,54.871033,10.837208,Constrained by her draught,12.9,12.8,1.4,4.0,9319703,TRAM2,GREAT JACOMBO,Tanker,No additional information,42.0,244.0,Combined GPS/GLONASS,15.0,EG_SUEZ,18/02/2025 18:00:00,AIS,POINT (10.837208 54.871033),626226000_1,0 days 00:01:00,1.6437135967070434e-06,0.6260283397107855,0.0,0,4.92387493975436,54.871033,10.837208
2025-02-04 14:56:02,2025-02-04 14:56:02,Class A,626226000_1,54.874577,10.8379,Constrained by her draught,14.5,12.8,7.9,13.0,9319703,TRAM2,GREAT JACOMBO,Tanker,No additional information,42.0,244.0,Combined GPS/GLONASS,15.0,EG_SUEZ,18/02/2025 18:00:00,AIS,POINT (10.8379 54.874577),626226000_1,0 days 00:01:00,-4.581459712492784e-07,6.410079121496892,0.0,0,4.9225512015446835,54.874577,10.8379
2025-02-04 14:57:02,2025-02-04 14:57:02,Class A,626226000_1,54.87805,10.839457,Constrained by her draught,7.5,12.6,19.4,23.0,9319703,TRAM2,GREAT JACOMBO,Tanker,No additional information,42.0,244.0,Combined GPS/GLONASS,15.0,EG_SUEZ,18/02/2025 18:00:00,AIS,POINT (10.839457 54.87805),626226000_1,0 days 00:01:00,6.42427400304677e-07,14.462722474595239,0.0,0,4.920391783184039,54.87805,10.839457
2025-02-04 15:01:02,2025-02-04 15:01:02,Class A,626226000_1,54.890822,10.849685,Constrained by her draught,-3.6,12.7,25.2,25.0,9319703,TRAM2,GREAT JACOMBO,Tanker,No additional information,42.0,244.0,Combined GPS/GLONASS,15.0,EG_SUEZ,18/02/2025 18:00:00,AIS,POINT (10.849685 54.890822),626226000_1,0 days 00:04:00,-5.434788547413255e-07,24.72899544009607,0.0,0,4.908037728417439,54.890822,10.849685
2025-02-04 15:02:02,2025-02-04 15:02:02,Class A,626226000_1,54.894013,10.852315,Constrained by her draught,0.0,12.7,25.4,25.0,9319703,TRAM2,GREAT JACOMBO,Tanker,No additional information,42.0,244.0,Combined GPS/GLONASS,15.0,EG_SUEZ,18/02/2025 18:00:00,AIS,POINT (10.852315 54.894013),626226000_1,0 days 00:01:00,4.92156055059339e-07,25.360089478264626,0.0,0,4.904881401246109,54.894013,10.852315
2025-02-04 15:04:03,2025-02-04 15:04:03,Class A,626226000_1,54.900408,10.857668,Constrained by her draught,-2.2,12.6,26.4,25.0,9319703,TRAM2,GREAT JACOMBO,Tanker,No additional information,42.0,244.0,Combined GPS/GLONASS,15.0,EG_SUEZ,18/02/2025 18:00:00,AIS,POINT (10.857668 54.900408),626226000_1,0 days 00:02:01,-1.837037787642576e-07,25.70152514815925,0.0,0,4.898479284330597,54.900408,10.857668
2025-02-04 15:10:03,2025-02-04 15:10:03,Class A,626226000_1,54.919567,10.871305,Constrained by her draught,-0.2,12.4,21.2,20.0,9319703,TRAM2,GREAT JACOMBO,Tanker,No additional information,42.0,244.0,Combined GPS/GLONASS,15.0,EG_SUEZ,18/02/2025 18:00:00,AIS,POINT (10.871305 54.919567),626226000_1,0 days 00:06:00,-3.584242956535392e-07,22.247617483896192,0.0,0,4.881697835207952,54.919567,10.871305
2025-02-04 15:11:02,2025-02-04 15:11:02,Class A,626226000_1,54.922682,10.873432,Constrained by her draught,0.7,12.4,21.2,20.0,9319703,TRAM2,GREAT JACOMBO,Tanker,No additional information,42.0,244.0,Combined GPS/GLONASS,15.0,EG_SUEZ,18/02/2025 18:00:00,AIS,POINT (10.873432 54.922682),626226000_1,0 days 00:00:59,-1.4855782536715688e-06,21.425263723238004,0.0,0,4.879063488289121,54.922682,10.873432
2025-02-04 15:12:02,2025-02-04 15:12:02,Class A,626226000_1,54.925907,10.875635,Constrained by her draught,0.0,12.4,21.4,20.0,9319703,TRAM2,GREAT JACOMBO,Tanker,No additional information,42.0,244.0,Combined GPS/GLONASS,15.0,EG_SUEZ,18/02/2025 18:00:00,AIS,POINT (10.875635 54.925907),626226000_1,0 days 00:01:00,1.905496423221546e-06,21.431564483746286,0.0,0,4.876336813305044,54.925907,10.875635
2025-02-04 15:13:02,2025-02-04 15:13:02,Class A,626226000_1,54.929117,10.877828,Constrained by her draught,-4.5,12.4,22.1,20.0,9319703,TRAM2,GREAT JACOMBO,Tanker,No additional information,42.0,244.0,Combined GPS/GLONASS,15.0,EG_SUEZ,18/02/2025 18:00:00,AIS,POINT (10.877828 54.929117),626226000_1,0 days 00:01:00,-4.979329381117441e-07,21.43220067302684,0.0,0,4.873624170873767,54.929117,10.877828
2025-02-04 15:15:02,2025-02-04 15:15:02,Class A,626226000_1,54.935483,10.882342,Constrained by her draught,8.7,12.3,27.2,30.0,9319703,TRAM2,GREAT JACOMBO,Tanker,No additional information,42.0,244.0,Combined GPS/GLONASS,15.0,EG_SUEZ,18/02/2025 18:00:00,AIS,POINT (10.882342 54.935483),626226000_1,0 days 00:02:00,-1.763127582997447e-07,22.164002757843548,0.0,0,4.868086759187536,54.935483,10.882342
2025-02-04 15:17:02,2025-02-04 15:17:02,Class A,626226000_1,54.94105,10.889142,Constrained by her draught,8.7,12.0,45.0,51.0,9319703,TRAM2,GREAT JACOMBO,Tanker,No additional information,42.0,244.0,Combined GPS/GLONASS,15.0,EG_SUEZ,18/02/2025 18:00:00,AIS,POINT (10.889142 54.94105),626226000_1,0 days 00:02:00,-5.442656186753478e-07,35.05424755338197,0.0,0,4.860438292796238,54.94105,10.889142
2025-02-04 15:18:02,2025-02-04 15:18:02,Class A,626226000_1,54.943207,10.8935,Constrained by her draught,2.2,11.9,51.9,55.0,9319703,TRAM2,GREAT JACOMBO,Tanker,No additional information,42.0,244.0,Combined GPS/GLONASS,15.0,EG_SUEZ,18/02/2025 18:00:00,AIS,POINT (10.8935 54.943207),626226000_1,0 days 00:01:00,-2.915905553861764e-06,49.247410944829426,0.0,0,4.855777513645884,54.943207,10.8935
2025-02-04 15:19:03,2025-02-04 15:19:03,Class A,626226000_1,54.945217,10.898168,Constrained by her draught,2.2,11.9,53.2,55.0,9319703,TRAM2,GREAT JACOMBO,Tanker,No additional information,42.0,244.0,Combined GPS/GLONASS,15.0,EG_SUEZ,18/02/2025 18:00:00,AIS,POINT (10.898168 54.945217),626226000_1,0 days 00:01:01,-2.4010173951543145e-07,53.14026370613249,0.0,0,4.8508364845586165,54.945217,10.898168
2025-02-04 15:20:03,2025-02-04 15:20:03,Class A,626226000_1,54.947183,10.902812,Constrained by her draught,0.0,11.9,53.7,55.0,9319703,TRAM2,GREAT JACOMBO,Tanker,No additional information,42.0,244.0,Combined GPS/GLONASS,15.0,EG_SUEZ,18/02/2025 18:00:00,AIS,POINT (10.902812 54.947183),626226000_1,0 days 00:01:00,5.44156705411733e-07,53.604689967060665,0.0,0,4.845926840206834,54.947183,10.902812
2025-02-04 15:21:03,2025-02-04 15:21:03,Class A,626226000_1,54.949155,10.907465,Constrained by her draught,-2.9,12.0,53.5,55.0,9319703,TRAM2,GREAT JACOMBO,Tanker,No additional information,42.0,244.0,Combined GPS/GLONASS,15.0,EG_SUEZ,18/02/2025 18:00:00,AIS,POINT (10.907465 54.949155),626226000_1,0 days 00:01:00,2.3574765240463464e-07,53.572934708516755,0.0,0,4.841007586333449,54.949155,10.907465
2025-02-04 15:22:03,2025-02-04 15:22:03,Class A,626226000_1,54.951128,10.912128,Constrained by her draught,-4.5,12.0,53.8,55.0,9319703,TRAM2,GREAT JACOMBO,Tanker,No additional information,42.0,244.0,Combined GPS/GLONASS,15.0,EG_SUEZ,18/02/2025 18:00:00,AIS,POINT (10.912128 54.951128),626226000_1,0 days 00:01:00,1.5843293273922558e-07,53.61646713559492,0.0,0,4.836078584106757,54.951128,10.912128
2025-02-04 15:23:03,2025-02-04 15:23:03,Class A,626226000_1,54.9531,10.916813,Constrained by her draught,0.0,12.0,53.7,55.0,9319703,TRAM2,GREAT JACOMBO,Tanker,No additional information,42.0,244.0,Combined GPS/GLONASS,15.0,EG_SUEZ,18/02/2025 18:00:00,AIS,POINT (10.916813 54.9531),626226000_1,0 days 00:01:00,2.942041221578803e-07,53.7576646854107,0.0,0,4.831128341792319,54.9531,10.916813
2025-02-04 15:24:03,2025-02-04 15:24:03,Class A,626226000_1,54.95509,10.921508,Constrained by her draught,1.1,12.1,53.8,55.0,9319703,TRAM2,GREAT JACOMBO,Tanker,No additional information,42.0,244.0,Combined GPS/GLONASS,15.0,EG_SUEZ,18/02/2025 18:00:00,AIS,POINT (10.921508 54.95509),626226000_1,0 days 00:01:00,4.6950863587750384e-07,53.566131471394385,0.0,0,4.826165492198129,54.95509,10.921508
2025-02-04 15:25:03,2025-02-04 15:25:03,Class A,626226000_1,54.957092,10.926233,Constrained by her draught,4.5,12.2,53.6,55.0,9319703,TRAM2,GREAT JACOMBO,Tanker,No additional information,42.0,244.0,Combined GPS/GLONASS,15.0,EG_SUEZ,18/02/2025 18:00:00,AIS,POINT (10.926233 54.957092),626226000_1,0 days 00:01:00,6.465973884003159e-07,53.57454341171871,0.0,0,4.821171338806058,54.957092,10.926233
2025-02-04 15:26:02,2025-02-04 15:26:02,Class A,626226000_1,54.959063,10.930917,Constrained by her draught,1.1,12.2,53.6,55.0,9319703,TRAM2,GREAT JACOMBO,Tanker,No additional information,42.0,244.0,Combined GPS/GLONASS,15.0,EG_SUEZ,18/02/2025 18:00:00,AIS,POINT (10.930917 54.959063),626226000_1,0 days 00:00:59,6.014962576119638e-07,53.76163597739662,0.0,0,4.816223090551557,54.959063,10.930917
2025-02-04 15:27:02,2025-02-04 15:27:02,Class A,626226000_1,54.96108,10.935703,Constrained by her draught,-2.9,12.3,53.7,55.0,9319703,TRAM2,GREAT JACOMBO,Tanker,No additional information,42.0,244.0,Combined GPS/GLONASS,15.0,EG_SUEZ,18/02/2025 18:00:00,AIS,POINT (10.935703 54.96108),626226000_1,0 days 00:01:00,5.512722146499768e-07,53.71849505627404,0.0,0,4.811166860185686,54.96108,10.935703
2025-02-04 15:28:02,2025-02-04 15:28:02,Class A,626226000_1,54.9631,10.940497,Constrained by her draught,-1.6,12.3,53.5,55.0,9319703,TRAM2,GREAT JACOMBO,Tanker,No additional information,42.0,244.0,Combined GPS/GLONASS,15.0,EG_SUEZ,18/02/2025 18:00:00,AIS,POINT (10.940497 54.9631),626226000_1,0 days 00:01:00,1.662207060134305e-07,53.722144532998925,0.0,0,4.806102534033684,54.9631,10.940497
2025-02-04 15:29:02,2025-02-04 15:29:02,Class A,626226000_1,54.965115,10.945303,Constrained by her draught,0.4,12.3,53.3,55.0,9319703,TRAM2,GREAT JACOMBO,Tanker,No additional information,42.0,244.0,Combined GPS/GLONASS,15.0,EG_SUEZ,18/02/2025 18:00:00,AIS,POINT (10.945303 54.965115),626226000_1,0 days 00:01:00,7.776142956982037e-08,53.856723324277255,0.0,0,4.801027505444435,54.965115,10.945303
2025-02-04 15:30:02,2025-02-04 15:30:02,Class A,626226000_1,54.967125,10.950112,Constrained by her draught,0.0,12.3,54.5,55.0,9319703,TRAM2,GREAT JACOMBO,Tanker,No additional information,42.0,244.0,Combined GPS/GLONASS,15.0,EG_SUEZ,18/02/2025 18:00:00,AIS,POINT (10.950112 54.967125),626226000_1,0 days 00:01:00,-5.125132464940269e-08,53.94014407515198,0.0,0,4.795950644362907,54.967125,10.950112
2025-02-04 15:31:02,2025-02-04 15:31:02,Class A,626226000_1,54.969102,10.954947,Constrained by her draught,-7.5,12.3,55.3,55.0,9319703,TRAM2,GREAT JACOMBO,Tanker,No additional information,42.0,244.0,Combined GPS/GLONASS,15.0,EG_SUEZ,18/02/2025 18:00:00,AIS,POINT (10.954947 54.969102),626226000_1,0 days 00:01:00,-2.232892159414069e-07,54.53506562581089,0.0,0,4.790853927871418,54.969102,10.954947
2025-02-04 15:32:02,2025-02-04 15:32:02,Class A,626226000_1,54.97107,10.959778,Constrained by her draught,-5.4,12.2,55.6,54.0,9319703,TRAM2,GREAT JACOMBO,Tanker,No additional information,42.0,244.0,Combined GPS/GLONASS,15.0,EG_SUEZ,18/02/2025 18:00:00,AIS,POINT (10.959778 54.97107),626226000_1,0 days 00:01:00,-2.2249474103617124e-07,54.63480527943244,0.0,0,4.785762924933078,54.97107,10.959778
2025-02-04 15:33:02,2025-02-04 15:33:02,Class A,626226000_1,54.973095,10.964508,Constrained by her draught,-11.4,12.2,50.6,46.0,9319703,TRAM2,GREAT JACOMBO,Tanker,No additional information,42.0,244.0,Combined GPS/GLONASS,15.0,EG_SUEZ,18/02/2025 18:00:00,AIS,POINT (10.964508 54.973095),626226000_1,0 days 00:01:00,-4.217831144449786e-07,53.279443111069895,0.0,0,4.7807623339158996,54.973095,10.964508
2025-02-04 15:40:03,2025-02-04 15:40:03,Class A,626226000_1,54.993298,10.980867,Constrained by her draught,2.2,11.7,17.3,15.0,9319703,TRAM2,GREAT JACOMBO,Tanker,No additional information,42.0,244.0,Combined GPS/GLONASS,15.0,EG_SUEZ,18/02/2025 18:00:00,AIS,POINT (10.980867 54.993298),626226000_1,0 days 00:07:01,-9.501611187263079e-07,24.91463817952473,0.0,0,4.761308942009224,54.993298,10.980867
2025-02-04 15:43:02,2025-02-04 15:43:02,Class A,626226000_1,55.002807,10.985798,Constrained by her draught,1.1,12.0,14.4,10.0,9319703,TRAM2,GREAT JACOMBO,Tanker,No additional information,42.0,244.0,Combined GPS/GLONASS,15.0,EG_SUEZ,18/02/2025 18:00:00,AIS,POINT (10.985798 55.002807),626226000_1,0 days 00:02:59,1.5530598132396993e-06,16.563038456469428,0.0,0,4.754907199727982,55.002807,10.985798
2025-02-04 15:44:02,2025-02-04 15:44:02,Class A,626226000_1,55.006053,10.987223,Constrained by her draught,2.9,12.0,13.5,10.0,9319703,TRAM2,GREAT JACOMBO,Tanker,No additional information,42.0,244.0,Combined GPS/GLONASS,15.0,EG_SUEZ,18/02/2025 18:00:00,AIS,POINT (10.987223 55.006053),626226000_1,0 days 00:01:00,6.728297915890279e-07,14.131246380868333,0.0,0,4.752980372998188,55.006053,10.987223
2025-02-04 15:45:02,2025-02-04 15:45:02,Class A,626226000_1,55.00932,10.988655,Constrained by her draught,0.4,12.2,14.6,10.0,9319703,TRAM2,GREAT JACOMBO,Tanker,No additional information,42.0,244.0,Combined GPS/GLONASS,15.0,EG_SUEZ,18/02/2025 18:00:00,AIS,POINT (10.988655 55.00932),626226000_1,0 days 00:01:00,6.59648568210903e-07,14.109152831572658,0.0,0,4.751045153165038,55.00932,10.988655
2025-02-04 15:46:02,2025-02-04 15:46:02,Class A,626226000_1,55.012613,10.990113,Constrained by her draught,0.7,12.2,13.8,10.0,9319703,TRAM2,GREAT JACOMBO,Tanker,No additional information,42.0,244.0,Combined GPS/GLONASS,15.0,EG_SUEZ,18/02/2025 18:00:00,AIS,POINT (10.990113 55.012613),626226000_1,0 days 00:01:00,8.923620749571338e-07,14.244995627152718,0.0,0,4.749082026900147,55.012613,10.990113
2025-02-04 15:47:02,2025-02-04 15:47:02,Class A,626226000_1,55.01592,10.991545,Constrained by her draught,-0.7,12.2,13.7,10.0,9319703,TRAM2,GREAT JACOMBO,Tanker,No additional information,42.0,244.0,Combined GPS/GLONASS,15.0,EG_SUEZ,18/02/2025 18:00:00,AIS,POINT (10.991545 55.01592),626226000_1,0 days 00:01:00,3.0662711701289503e-07,13.942988247036851,0.0,0,4.747144280783237,55.01592,10.991545
2025-02-04 15:48:02,2025-02-04 15:48:02,Class A,626226000_1,55.019227,10.993005,Constrained by her draught,2.2,12.2,13.6,10.0,9319703,TRAM2,GREAT JACOMBO,Tanker,No additional information,42.0,244.0,Combined GPS/GLONASS,15.0,EG_SUEZ,18/02/2025 18:00:00,AIS,POINT (10.993005 55.019227),626226000_1,0 days 00:01:00,1.2077830705640077e-07,14.203555489966675,0.0,0,4.745180829459927,55.019227,10.993005
2025-02-04 15:53:03,2025-02-04 15:53:03,Class A,626226000_1,55.035935,10.998772,Constrained by her draught,0.4,11.9,4.8,0.0,9319703,TRAM2,GREAT JACOMBO,Tanker,No additional information,42.0,244.0,Combined GPS/GLONASS,15.0,EG_SUEZ,18/02/2025 18:00:00,AIS,POINT (10.998772 55.035935),626226000_1,0 days 00:05:01,-1.0112247866188585e-07,11.188620977703806,0.0,0,4.7368807261113295,55.035935,10.998772
2025-02-04 15:54:03,2025-02-04 15:54:03,Class A,626226000_1,55.039238,10.999152,Constrained by her draught,1.6,11.9,4.0,0.0,9319703,TRAM2,GREAT JACOMBO,Tanker,No additional information,42.0,244.0,Combined GPS/GLONASS,15.0,EG_SUEZ,18/02/2025 18:00:00,AIS,POINT (10.999152 55.039238),626226000_1,0 days 00:01:00,-2.6324730898638223e-06,3.771688829765992,0.0,0,4.735997032842398,55.039238,10.999152
2025-02-04 15:55:03,2025-02-04 15:55:03,Class A,626226000_1,55.042552,10.999533,Constrained by her draught,0.2,11.9,3.7,0.0,9319703,TRAM2,GREAT JACOMBO,Tanker,No additional information,42.0,244.0,Combined GPS/GLONASS,15.0,EG_SUEZ,18/02/2025 18:00:00,AIS,POINT (10.999533 55.042552),626226000_1,0 days 00:01:00,3.4060745812255235e-07,3.7687588658552613,0.0,0,4.735112839450081,55.042552,10.999533
2025-02-04 15:58:03,2025-02-04 15:58:03,Class A,626226000_1,55.052612,11.00031,Constrained by her draught,-4.5,12.0,358.6,353.0,9319703,TRAM2,GREAT JACOMBO,Tanker,No additional information,42.0,244.0,Combined GPS/GLONASS,15.0,EG_SUEZ,18/02/2025 18:00:00,AIS,POINT (11.00031 55.052612),626226000_1,0 days 00:03:00,3.650836427331869e-07,2.533282645219117,0.0,0,4.73281739177036,55.052612,11.00031
2025-02-04 16:01:03,2025-02-04 16:01:03,Class A,626226000_1,55.062252,10.99741,Constrained by her draught,0.2,11.7,347.6,345.0,9319703,TRAM2,GREAT JACOMBO,Tanker,No additional information,42.0,244.0,Combined GPS/GLONASS,15.0,EG_SUEZ,18/02/2025 18:00:00,AIS,POINT (10.99741 55.062252),626226000_1,0 days 00:03:00,-9.867940000897305e-07,350.2250114963313,0.0,0,4.734240920553579,55.062252,10.99741
2025-02-04 16:02:03,2025-02-04 16:02:03,Class A,626226000_1,55.065435,10.996165,Constrained by her draught,-4.5,11.7,348.0,345.0,9319703,TRAM2,GREAT JACOMBO,Tanker,No additional information,42.0,244.0,Combined GPS/GLONASS,15.0,EG_SUEZ,18/02/2025 18:00:00,AIS,POINT (10.996165 55.065435),626226000_1,0 days 00:01:00,4.110221447944639e-08,347.3751220273215,0.0,0,4.734999848491867,55.065435,10.996165
2025-02-04 16:04:03,2025-02-04 16:04:03,Class A,626226000_1,55.071807,10.99366,Constrained by her draught,-2.9,11.8,347.3,345.0,9319703,TRAM2,GREAT JACOMBO,Tanker,No additional information,42.0,244.0,Combined GPS/GLONASS,15.0,EG_SUEZ,18/02/2025 18:00:00,AIS,POINT (10.99366 55.071807),626226000_1,0 days 00:02:00,5.961305527974377e-08,347.3150772684057,0.0,0,4.736538696376184,55.071807,10.99366
2025-02-04 16:06:01,2025-02-04 16:06:01,Class A,626226000_1,55.078075,10.99113,Constrained by her draught,10.0,11.7,349.6,352.0,9319703,TRAM2,GREAT JACOMBO,Tanker,No additional information,42.0,244.0,Combined GPS/GLONASS,15.0,EG_SUEZ,18/02/2025 18:00:00,AIS,POINT (10.99113 55.078075),626226000_1,0 days 00:01:58,8.503905647487189e-08,346.9892817508652,0.0,0,4.738126779624307,55.078075,10.99113
2025-02-04 16:07:01,2025-02-04 16:07:01,Class A,626226000_1,55.081318,10.990572,Constrained by her draught,2.9,11.7,356.0,355.0,9319703,TRAM2,GREAT JACOMBO,Tanker,No additional information,42.0,244.0,Combined GPS/GLONASS,15.0,EG_SUEZ,18/02/2025 18:00:00,AIS,POINT (10.990572 55.081318),626226000_1,0 days 00:01:00,-3.930450705338726e-07,354.3750200413795,0.0,0,4.738208906265319,55.081318,10.990572
2025-02-04 16:11:02,2025-02-04 16:11:02,Class A,626226000_1,55.094403,10.989117,Constrained by her draught,-2.2,11.9,356.4,355.0,9319703,TRAM2,GREAT JACOMBO,Tanker,No additional information,42.0,244.0,Combined GPS/GLONASS,15.0,EG_SUEZ,18/02/2025 18:00:00,AIS,POINT (10.989117 55.094403),626226000_1,0 days 00:04:01,4.26369455526545e-08,356.3592227204004,0.0,0,4.737775078224166,55.094403,10.989117
2025-02-04 16:12:02,2025-02-04 16:12:02,Class A,626226000_1,55.097712,10.988783,Constrained by her draught,0.4,12.0,357.0,355.0,9319703,TRAM2,GREAT JACOMBO,Tanker,No additional information,42.0,244.0,Combined GPS/GLONASS,15.0,EG_SUEZ,18/02/2025 18:00:00,AIS,POINT (10.988783 55.097712),626226000_1,0 days 00:01:00,1.553842807389113e-06,356.69461742609604,0.0,0,4.7376375514305655,55.097712,10.988783
2025-02-04 16:13:02,2025-02-04 16:13:02,Class A,626226000_1,55.101087,10.988425,Constrained by her draught,0.0,12.0,356.6,355.0,9319703,TRAM2,GREAT JACOMBO,Tanker,No additional information,42.0,244.0,Combined GPS/GLONASS,15.0,EG_SUEZ,18/02/2025 18:00:00,AIS,POINT (10.988425 55.101087),626226000_1,0 days 00:01:00,2.0626237441119724e-06,356.527082667884,0.0,0,4.73751684893616,55.101087,10.988425
2025-02-04 16:14:02,2025-02-04 16:14:02,Class A,626226000_1,55.104413,10.988105,Constrained by her draught,2.2,12.0,356.8,355.0,9319703,TRAM2,GREAT JACOMBO,Tanker,No additional information,42.0,244.0,Combined GPS/GLONASS,15.0,EG_SUEZ,18/02/2025 18:00:00,AIS,POINT (10.988105 55.104413),626226000_1,0 days 00:01:00,-1.551709172523437e-06,356.8495605610642,0.0,0,4.737367794044496,55.104413,10.988105
2025-02-04 16:15:02,2025-02-04 16:15:02,Class A,626226000_1,55.107743,10.987755,Constrained by her draught,-0.2,12.0,356.2,355.0,9319703,TRAM2,GREAT JACOMBO,Tanker,No additional information,42.0,244.0,Combined GPS/GLONASS,15.0,EG_SUEZ,18/02/2025 18:00:00,AIS,POINT (10.987755 55.107743),626226000_1,0 days 00:01:00,1.5416367553009886e-07,356.5593023067961,0.0,0,4.737250243781724,55.107743,10.987755
2025-02-04 16:16:02,2025-02-04 16:16:02,Class A,626226000_1,55.111067,10.987387,Constrained by her draught,4.5,11.9,357.5,359.0,9319703,TRAM2,GREAT JACOMBO,Tanker,No additional information,42.0,244.0,Combined GPS/GLONASS,15.0,EG_SUEZ,18/02/2025 18:00:00,AIS,POINT (10.987387 55.111067),626226000_1,0 days 00:01:00,-1.6546138189004606e-07,356.37659935610185,0.0,0,4.737153714240863,55.111067,10.987387
2025-02-04 16:17:02,2025-02-04 16:17:02,Class A,626226000_1,55.114385,10.987407,Constrained by her draught,0.0,12.0,0.7,0.0,9319703,TRAM2,GREAT JACOMBO,Tanker,No additional information,42.0,244.0,Combined GPS/GLONASS,15.0,EG_SUEZ,18/02/2025 18:00:00,AIS,POINT (10.987407 55.114385),626226000_1,0 days 00:01:00,-3.916890874714786e-07,0.19752631147008515,0.0,0,4.736676062367999,55.114385,10.987407
2025-02-04 16:18:02,2025-02-04 16:18:02,Class A,626226000_1,55.117713,10.98749,Constrained by her draught,0.0,12.0,0.7,0.0,9319703,TRAM2,GREAT JACOMBO,Tanker,No additional information,42.0,244.0,Combined GPS/GLONASS,15.0,EG_SUEZ,18/02/2025 18:00:00,AIS,POINT (10.98749 55.117713),626226000_1,0 days 00:01:00,3.191963523931837e-07,0.8171507860321867,0.0,0,4.7361369109502105,55.117713,10.98749
2025-02-04 16:19:02,2025-02-04 16:19:02,Class A,626226000_1,55.121053,10.987605,Constrained by her draught,0.4,12.0,0.8,0.0,9319703,TRAM2,GREAT JACOMBO,Tanker,No additional information,42.0,244.0,Combined GPS/GLONASS,15.0,EG_SUEZ,18/02/2025 18:00:00,AIS,POINT (10.987605 55.121053),626226000_1,0 days 00:01:00,3.8073614165758337e-07,1.1279655022224233,0.0,0,4.735566701666232,55.121053,10.987605
2025-02-04 16:20:02,2025-02-04 16:20:02,Class A,626226000_1,55.124397,10.987747,Constrained by her draught,-3.6,12.0,1.8,0.0,9319703,TRAM2,GREAT JACOMBO,Tanker,No additional information,42.0,244.0,Combined GPS/GLONASS,15.0,EG_SUEZ,18/02/2025 18:00:00,AIS,POINT (10.987747 55.124397),626226000_1,0 days 00:01:00,1.3425954523606925e-07,1.390916106909856,0.0,0,4.734971489483964,55.124397,10.987747
2025-02-04 16:21:02,2025-02-04 16:21:02,Class A,626226000_1,55.127738,10.987907,Constrained by her draught,0.0,12.0,1.6,0.0,9319703,TRAM2,GREAT JACOMBO,Tanker,No additional information,42.0,244.0,Combined GPS/GLONASS,15.0,EG_SUEZ,18/02/2025 18:00:00,AIS,POINT (10.987907 55.127738),626226000_1,0 days 00:01:00,-8.443402691234864e-08,1.5684217498315434,0.0,0,4.734361137857673,55.127738,10.987907
2025-02-04 16:27:02,2025-02-04 16:27:02,Class A,626226000_1,55.147367,10.992452,Constrained by her draught,6.4,11.8,16.1,19.0,9319703,TRAM2,GREAT JACOMBO,Tanker,No additional information,42.0,244.0,Combined GPS/GLONASS,15.0,EG_SUEZ,18/02/2025 18:00:00,AIS,POINT (10.992452 55.147367),626226000_1,0 days 00:06:00,-2.169653046443816e-07,7.5375903908482655,0.0,0,4.727247425314334,55.147367,10.992452
2025-02-04 16:30:03,2025-02-04 16:30:03,Class A,626226000_1,55.156525,10.998672,Constrained by her draught,11.4,11.7,27.9,34.0,9319703,TRAM2,GREAT JACOMBO,Tanker,No additional information,42.0,244.0,Combined GPS/GLONASS,15.0,EG_SUEZ,18/02/2025 18:00:00,AIS,POINT (10.998672 55.156525),626226000_1,0 days 00:03:01,-4.388089977280121e-07,21.208142544410236,0.0,0,4.71988904878547,55.156525,10.998672
2025-02-04 16:35:02,2025-02-04 16:35:02,Class A,626226000_1,55.166772,11.018647,Constrained by her draught,-2.2,11.1,54.7,55.0,9319703,TRAM2,GREAT JACOMBO,Tanker,0,42.0,244.0,Combined GPS/GLONASS,15.0,EG_SUEZ,18/02/2025 18:00:00,AIS,POINT (11.018647 55.166772),626226000_1,0 days 00:04:59,-1.092208718816404e-06,48.06813082552401,0.0,0,4.6987636258170085,55.166772,11.018647
2025-02-04 16:36:02,2025-02-04 16:36:02,Class A,626226000_1,55.168585,11.023025,Constrained by her draught,2.9,11.2,51.9,53.0,9319703,TRAM2,GREAT JACOMBO,Tanker,0,42.0,244.0,Combined GPS/GLONASS,15.0,EG_SUEZ,18/02/2025 18:00:00,AIS,POINT (11.023025 55.168585),626226000_1,0 days 00:01:00,3.6554828625622674e-07,54.055241415738806,0.0,0,4.694190230322797,55.168585,11.023025
2025-02-04 16:47:01,2025-02-04 16:47:01,Class A,626226000_1,55.189067,11.073098,Constrained by her draught,-2.2,11.7,55.1,54.0,9319703,TRAM2,GREAT JACOMBO,Tanker,No additional information,42.0,244.0,Combined GPS/GLONASS,15.0,EG_SUEZ,18/02/2025 18:00:00,AIS,POINT (11.073098 55.189067),626226000_1,0 days 00:10:59,3.203714979052392e-07,54.36387629384734,0.0,0,4.641937561732708,55.189067,11.073098
2025-02-04 16:48:01,2025-02-04 16:48:01,Class A,626226000_1,55.190943,11.07777,Constrained by her draught,-12.9,11.7,50.8,44.0,9319703,TRAM2,GREAT JACOMBO,Tanker,No additional information,42.0,244.0,Combined GPS/GLONASS,15.0,EG_SUEZ,18/02/2025 18:00:00,AIS,POINT (11.07777 55.190943),626226000_1,0 days 00:01:00,1.8128356282510651e-06,54.875500372327394,0.0,0,4.637068700541864,55.190943,11.07777
2025-02-04 16:49:01,2025-02-04 16:49:01,Class A,626226000_1,55.193233,11.081707,Constrained by her draught,-4.5,11.4,38.7,35.0,9319703,TRAM2,GREAT JACOMBO,Tanker,No additional information,42.0,244.0,Combined GPS/GLONASS,15.0,EG_SUEZ,18/02/2025 18:00:00,AIS,POINT (11.081707 55.193233),626226000_1,0 days 00:01:00,-1.6561069618369959e-06,44.45977851300546,0.0,0,4.632878305041263,55.193233,11.081707
2025-02-04 16:50:01,2025-02-04 16:50:01,Class A,626226000_1,55.195785,11.085,Constrained by her draught,2.9,11.4,35.9,35.0,9319703,TRAM2,GREAT JACOMBO,Tanker,0,42.0,244.0,Combined GPS/GLONASS,15.0,EG_SUEZ,18/02/2025 18:00:00,AIS,POINT (11.085 55.195785),626226000_1,0 days 00:01:00,-1.2384247350820215e-06,36.37132620100721,0.0,0,4.629295382337682,55.195785,11.085
2025-02-04 16:51:01,2025-02-04 16:51:01,Class A,626226000_1,55.19837,11.088282,Constrained by her draught,0.4,11.5,36.0,35.0,9319703,TRAM2,GREAT JACOMBO,Tanker,No additional information,42.0,244.0,Combined GPS/GLONASS,15.0,EG_SUEZ,18/02/2025 18:00:00,AIS,POINT (11.088282 55.19837),626226000_1,0 days 00:01:00,7.062593706343446e-07,35.92760530088117,0.0,0,4.625720301176889,55.19837,11.088282
2025-02-04 16:52:01,2025-02-04 16:52:01,Class A,626226000_1,55.200972,11.091625,Constrained by her draught,-10.0,11.6,32.3,26.0,9319703,TRAM2,GREAT JACOMBO,Tanker,No additional information,42.0,244.0,Combined GPS/GLONASS,15.0,EG_SUEZ,18/02/2025 18:00:00,AIS,POINT (11.091625 55.200972),626226000_1,0 days 00:01:00,1.058778241141891e-06,36.249284557881765,0.0,0,4.622083609502212,55.200972,11.091625
2025-02-04 16:53:03,2025-02-04 16:53:03,Class A,626226000_1,55.20383,11.094248,Constrained by her draught,-0.7,11.4,25.2,25.0,9319703,TRAM2,GREAT JACOMBO,Tanker,No additional information,42.0,244.0,Combined GPS/GLONASS,15.0,EG_SUEZ,18/02/2025 18:00:00,AIS,POINT (11.094248 55.20383),626226000_1,0 days 00:01:02,-3.1523071792361322e-06,27.642441266872765,0.0,0,4.619131391671381,55.20383,11.094248
2025-02-04 16:58:03,2025-02-04 16:58:03,Class A,626226000_1,55.218787,11.100557,Constrained by her draught,-11.4,11.1,359.1,352.0,9319703,TRAM2,GREAT JACOMBO,Tanker,0,42.0,244.0,Combined GPS/GLONASS,15.0,EG_SUEZ,18/02/2025 18:00:00,AIS,POINT (11.100557 55.218787),626226000_1,0 days 00:05:00,-2.8755198382225967e-07,13.529101935106496,0.0,0,4.6110693305464405,55.218787,11.100557
2025-02-04 16:59:03,2025-02-04 16:59:03,Class A,626226000_1,55.221823,11.10001,Constrained by her draught,-4.5,10.9,349.0,343.0,9319703,TRAM2,GREAT JACOMBO,Tanker,No additional information,42.0,244.0,Combined GPS/GLONASS,15.0,EG_SUEZ,18/02/2025 18:00:00,AIS,POINT (11.10001 55.221823),626226000_1,0 days 00:01:00,-7.766318308622856e-07,354.13232412859793,0.0,0,4.61125295626525,55.221823,11.10001
2025-02-04 17:00:03,2025-02-04 17:00:03,Class A,626226000_1,55.224773,11.098825,Constrained by her draught,-0.2,10.9,344.8,340.0,9319703,TRAM2,GREAT JACOMBO,Tanker,0,42.0,244.0,Combined GPS/GLONASS,15.0,EG_SUEZ,18/02/2025 18:00:00,AIS,POINT (11.098825 55.224773),626226000_1,0 days 00:01:00,-7.820342481948001e-07,347.0956950143466,0.0,0,4.612082323078156,55.224773,11.098825
2025-02-04 17:01:03,2025-02-04 17:01:03,Class A,626226000_1,55.227672,11.0973,Constrained by her draught,-0.4,10.9,342.3,340.0,9319703,TRAM2,GREAT JACOMBO,Tanker,No additional information,42.0,244.0,Combined GPS/GLONASS,15.0,EG_SUEZ,18/02/2025 18:00:00,AIS,POINT (11.0973 55.227672),626226000_1,0 days 00:01:00,1.3665834545928401e-08,343.3002038280312,0.0,0,4.613257361052383,55.227672,11.0973
2025-02-04 17:02:03,2025-02-04 17:02:03,Class A,626226000_1,55.230593,11.09571,Constrained by her draught,2.9,11.0,341.9,340.0,9319703,TRAM2,GREAT JACOMBO,Tanker,No additional information,42.0,244.0,Combined GPS/GLONASS,15.0,EG_SUEZ,18/02/2025 18:00:00,AIS,POINT (11.09571 55.230593),626226000_1,0 days 00:01:00,9.861083251003933e-07,342.75466071367526,0.0,0,4.614496431064283,55.230593,11.09571
2025-02-04 17:03:03,2025-02-04 17:03:03,Class A,626226000_1,55.233542,11.094083,Constrained by her draught,-0.7,11.1,341.9,340.0,9319703,TRAM2,GREAT JACOMBO,Tanker,No additional information,42.0,244.0,Combined GPS/GLONASS,15.0,EG_SUEZ,18/02/2025 18:00:00,AIS,POINT (11.094083 55.233542),626226000_1,0 days 00:01:00,1.0211753919438006e-06,342.5362497915083,0.0,0,4.6157710850544795,55.233542,11.094083
2025-02-04 17:04:03,2025-02-04 17:04:03,Class A,626226000_1,55.236518,11.092442,Constrained by her draught,-6.4,11.3,343.1,338.0,9319703,TRAM2,GREAT JACOMBO,Tanker,No additional information,42.0,244.0,Combined GPS/GLONASS,15.0,EG_SUEZ,18/02/2025 18:00:00,AIS,POINT (11.092442 55.236518),626226000_1,0 days 00:01:00,8.701131225219774e-07,342.546430633212,0.0,0,4.617058653024889,55.236518,11.092442
2025-02-04 17:10:02,2025-02-04 17:10:02,Class A,626226000_1,55.25443,11.081018,Constrained by her draught,-2.9,11.5,340.0,338.0,9319703,TRAM2,GREAT JACOMBO,Tanker,No additional information,42.0,244.0,Combined GPS/GLONASS,15.0,EG_SUEZ,18/02/2025 18:00:00,AIS,POINT (11.081018 55.25443),626226000_1,0 days 00:05:59,3.4080041330967095e-07,340.024609530842,0.0,0,4.626391083017517,55.25443,11.081018
2025-02-04 17:11:02,2025-02-04 17:11:02,Class A,626226000_1,55.257467,11.07911,Constrained by her draught,-3.6,11.6,341.0,338.0,9319703,TRAM2,GREAT JACOMBO,Tanker,No additional information,42.0,244.0,Combined GPS/GLONASS,15.0,EG_SUEZ,18/02/2025 18:00:00,AIS,POINT (11.07911 55.257467),626226000_1,0 days 00:01:00,1.250025511872555e-06,340.30099081155964,0.0,0,4.627952434237954,55.257467,11.07911
2025-02-04 17:14:02,2025-02-04 17:14:02,Class A,626226000_1,55.266412,11.0729,Constrained by her draught,0.7,11.5,337.6,336.0,9319703,TRAM2,GREAT JACOMBO,Tanker,No additional information,42.0,244.0,Combined GPS/GLONASS,15.0,EG_SUEZ,18/02/2025 18:00:00,AIS,POINT (11.0729 55.266412),626226000_1,0 days 00:03:00,-1.9739199306998763e-07,338.41894098937564,0.0,0,4.63315106467553,55.266412,11.0729
2025-02-04 17:15:02,2025-02-04 17:15:02,Class A,626226000_1,55.269372,11.07078,Constrained by her draught,5.4,11.5,337.7,336.0,9319703,TRAM2,GREAT JACOMBO,Tanker,No additional information,42.0,244.0,Combined GPS/GLONASS,15.0,EG_SUEZ,18/02/2025 18:00:00,AIS,POINT (11.07078 55.269372),626226000_1,0 days 00:01:00,-2.937002815613793e-07,337.80260506201785,0.0,0,4.634940365918855,55.269372,11.07078
2025-02-04 17:16:02,2025-02-04 17:16:02,Class A,626226000_1,55.272323,11.06866,Constrained by her draught,0.0,11.4,337.7,336.0,9319703,TRAM2,GREAT JACOMBO,Tanker,No additional information,42.0,244.0,Combined GPS/GLONASS,15.0,EG_SUEZ,18/02/2025 18:00:00,AIS,POINT (11.06866 55.272323),626226000_1,0 days 00:01:00,-2.5856935337730617e-07,337.7429999908533,0.0,0,4.63673279451868,55.272323,11.06866
2025-02-04 17:18:03,2025-02-04 17:18:03,Class A,626226000_1,55.278237,11.064347,Constrained by her draught,-4.5,11.4,337.2,336.0,9319703,TRAM2,GREAT JACOMBO,Tanker,No additional information,42.0,244.0,Combined GPS/GLONASS,15.0,EG_SUEZ,18/02/2025 18:00:00,AIS,POINT (11.064347 55.278237),626226000_1,0 days 00:02:01,-1.9961767973366906e-07,337.44247995410706,0.0,0,4.640395443001168,55.278237,11.064347
2025-02-04 17:19:03,2025-02-04 17:19:03,Class A,626226000_1,55.281152,11.062182,Constrained by her draught,3.6,11.4,336.8,336.0,9319703,TRAM2,GREAT JACOMBO,Tanker,No additional information,42.0,244.0,Combined GPS/GLONASS,15.0,EG_SUEZ,18/02/2025 18:00:00,AIS,POINT (11.062182 55.281152),626226000_1,0 days 00:01:00,-3.222877030688154e-07,337.0712622666365,0.0,0,4.642242854693839,55.281152,11.062182
2025-02-04 17:20:03,2025-02-04 17:20:03,Class A,626226000_1,55.284052,11.059995,Constrained by her draught,-6.4,11.3,336.5,336.0,9319703,TRAM2,GREAT JACOMBO,Tanker,No additional information,42.0,244.0,Combined GPS/GLONASS,15.0,EG_SUEZ,18/02/2025 18:00:00,AIS,POINT (11.059995 55.284052),626226000_1,0 days 00:01:00,-2.7508308487983294e-07,336.7572051315118,0.0,0,4.644115809291257,55.284052,11.059995
2025-02-04 17:21:03,2025-02-04 17:21:03,Class A,626226000_1,55.286932,11.057785,Constrained by her draught,-0.7,11.3,336.2,336.0,9319703,TRAM2,GREAT JACOMBO,Tanker,No additional information,42.0,244.0,Combined GPS/GLONASS,15.0,EG_SUEZ,18/02/2025 18:00:00,AIS,POINT (11.057785 55.286932),626226000_1,0 days 00:01:00,-4.0672693795477077e-07,336.3954505092014,0.0,0,4.64601578949846,55.286932,11.057785
2025-02-04 17:24:02,2025-02-04 17:24:02,Class A,626226000_1,55.29561,11.051283,Constrained by her draught,1.6,11.3,337.0,336.0,9319703,TRAM2,GREAT JACOMBO,Tanker,No additional information,42.0,244.0,Combined GPS/GLONASS,15.0,EG_SUEZ,18/02/2025 18:00:00,AIS,POINT (11.051283 55.29561),626226000_1,0 days 00:02:59,2.0171951181685968e-07,336.898264380425,0.0,0,4.651596883515273,55.29561,11.051283
2025-02-04 17:25:02,2025-02-04 17:25:02,Class A,626226000_1,55.298495,11.049128,Constrained by her draught,0.0,11.3,337.0,336.0,9319703,TRAM2,GREAT JACOMBO,Tanker,No additional information,42.0,244.0,Combined GPS/GLONASS,15.0,EG_SUEZ,18/02/2025 18:00:00,AIS,POINT (11.049128 55.298495),626226000_1,0 days 00:01:00,-8.491043910212644e-07,336.96255156789306,0.0,0,4.653449875800641,55.298495,11.049128
2025-02-04 17:26:02,2025-02-04 17:26:02,Class A,626226000_1,55.30136,11.046967,Constrained by her draught,0.4,11.2,339.6,340.0,9319703,TRAM2,GREAT JACOMBO,Tanker,No additional information,42.0,244.0,Combined GPS/GLONASS,15.0,EG_SUEZ,18/02/2025 18:00:00,AIS,POINT (11.046967 55.30136),626226000_1,0 days 00:01:00,-5.279196247945228e-07,336.7624679242416,0.0,0,4.6553128836808595,55.30136,11.046967
2025-02-04 17:27:02,2025-02-04 17:27:02,Class A,626226000_1,55.30428,11.045143,Constrained by her draught,0.7,11.1,341.0,340.0,9319703,TRAM2,GREAT JACOMBO,Tanker,0,42.0,244.0,Combined GPS/GLONASS,15.0,EG_SUEZ,18/02/2025 18:00:00,AIS,POINT (11.045143 55.30428),626226000_1,0 days 00:01:00,-5.9224912153928e-07,340.4264077563873,0.0,0,4.65683711715892,55.30428,11.045143
2025-02-04 17:28:02,2025-02-04 17:28:02,Class A,626226000_1,55.307187,11.04334,Constrained by her draught,8.7,11.1,341.0,345.0,9319703,TRAM2,GREAT JACOMBO,Tanker,No additional information,42.0,244.0,Combined GPS/GLONASS,15.0,EG_SUEZ,18/02/2025 18:00:00,AIS,POINT (11.04334 55.307187),626226000_1,0 days 00:01:00,-5.035548072814585e-07,340.5561033587368,0.0,0,4.65834378009921,55.307187,11.04334
2025-02-04 17:29:02,2025-02-04 17:29:02,Class A,626226000_1,55.310153,11.042027,Constrained by her draught,2.9,11.0,348.9,350.0,9319703,TRAM2,GREAT JACOMBO,Tanker,0,42.0,244.0,Combined GPS/GLONASS,15.0,EG_SUEZ,18/02/2025 18:00:00,AIS,POINT (11.042027 55.310153),626226000_1,0 days 00:01:00,-7.571957729219624e-07,345.8588820006123,0.0,0,4.65935904460281,55.310153,11.042027
2025-02-04 17:30:02,2025-02-04 17:30:02,Class A,626226000_1,55.313163,11.041132,Constrained by her draught,-1.6,11.0,351.2,350.0,9319703,TRAM2,GREAT JACOMBO,Tanker,No additional information,42.0,244.0,Combined GPS/GLONASS,15.0,EG_SUEZ,18/02/2025 18:00:00,AIS,POINT (11.041132 55.313163),626226000_1,0 days 00:01:00,-1.890746578287958e-07,350.3957035997319,0.0,0,4.659956047813863,55.313163,11.041132
2025-02-04 17:31:02,2025-02-04 17:31:02,Class A,626226000_1,55.316172,11.0403,Constrained by her draught,0.0,10.9,351.2,350.0,9319703,TRAM2,GREAT JACOMBO,Tanker,No additional information,42.0,244.0,Combined GPS/GLONASS,15.0,EG_SUEZ,18/02/2025 18:00:00,AIS,POINT (11.0403 55.316172),626226000_1,0 days 00:01:00,-2.1010225025604468e-07,351.05818312549314,0.0,0,4.660492481627236,55.316172,11.0403
2025-02-04 17:32:02,2025-02-04 17:32:02,Class A,626226000_1,55.319125,11.03943,Constrained by her draught,10.0,10.6,350.0,352.0,9319703,TRAM2,GREAT JACOMBO,Tanker,0,42.0,244.0,Combined GPS/GLONASS,15.0,EG_SUEZ,18/02/2025 18:00:00,AIS,POINT (11.03943 55.319125),626226000_1,0 days 00:01:00,-1.6017135041327916e-06,350.48355841977366,0.0,0,4.66107414238317,55.319125,11.03943
2025-02-04 17:34:02,2025-02-04 17:34:02,Class A,626226000_1,55.325008,11.038717,Constrained by her draught,-2.2,10.6,358.1,358.0,9319703,TRAM2,GREAT JACOMBO,Tanker,No additional information,42.0,244.0,Combined GPS/GLONASS,15.0,EG_SUEZ,18/02/2025 18:00:00,AIS,POINT (11.038717 55.325008),626226000_1,0 days 00:02:00,-7.092589367153814e-07,356.05562676869283,0.0,0,4.661223134787371,55.325008,11.038717
2025-02-04 17:35:02,2025-02-04 17:35:02,Class A,626226000_1,55.327923,11.038625,Constrained by her draught,0.2,10.7,358.8,358.0,9319703,TRAM2,GREAT JACOMBO,Tanker,No additional information,42.0,244.0,Combined GPS/GLONASS,15.0,EG_SUEZ,18/02/2025 18:00:00,AIS,POINT (11.038625 55.327923),626226000_1,0 days 00:01:00,-1.021805779960732e-06,358.9714036603549,0.0,0,4.661039619639594,55.327923,11.038625
2025-02-04 17:37:02,2025-02-04 17:37:02,Class A,626226000_1,55.333933,11.038465,Constrained by her draught,0.0,10.9,359.8,358.0,9319703,TRAM2,GREAT JACOMBO,Tanker,0,42.0,244.0,Combined GPS/GLONASS,15.0,EG_SUEZ,18/02/2025 18:00:00,AIS,POINT (11.038465 55.333933),626226000_1,0 days 00:02:00,1.3897076687496253e-06,359.1324613784465,0.0,0,4.660637441823811,55.333933,11.038465
2025-02-04 17:38:02,2025-02-04 17:38:02,Class A,626226000_1,55.337,11.038383,Constrained by her draught,-0.4,11.1,359.2,358.0,9319703,TRAM2,GREAT JACOMBO,Tanker,No additional information,42.0,244.0,Combined GPS/GLONASS,15.0,EG_SUEZ,18/02/2025 18:00:00,AIS,POINT (11.038383 55.337),626226000_1,0 days 00:01:00,1.917726182068752e-06,359.1288168049568,0.0,0,4.660435527423269,55.337,11.038383
2025-02-04 17:42:03,2025-02-04 17:42:03,Class A,626226000_1,55.349792,11.037997,Constrained by her draught,0.0,11.6,359.0,358.0,9319703,TRAM2,GREAT JACOMBO,Tanker,0,42.0,244.0,Combined GPS/GLONASS,15.0,EG_SUEZ,18/02/2025 18:00:00,AIS,POINT (11.037997 55.349792),626226000_1,0 days 00:04:01,9.073383697502225e-07,359.01710107266615,0.0,0,4.6596588766669385,55.349792,11.037997
2025-02-04 17:43:12,2025-02-04 17:43:12,Class A,626226000_1,55.353522,11.037883,Constrained by her draught,2.2,11.7,358.6,358.0,9319703,TRAM2,GREAT JACOMBO,Tanker,No additional information,42.0,244.0,Combined GPS/GLONASS,15.0,EG_SUEZ,18/02/2025 18:00:00,AIS,POINT (11.037883 55.353522),626226000_1,0 days 00:01:09,1.5804876666123753e-06,359.0045624165339,0.0,0,4.659440450185516,55.353522,11.037883
2025-02-04 17:44:02,2025-02-04 17:44:02,Class A,626226000_1,55.356237,11.03782,Constrained by her draught,-2.9,11.7,359.0,358.0,9319703,TRAM2,GREAT JACOMBO,Tanker,No additional information,42.0,244.0,Combined GPS/GLONASS,15.0,EG_SUEZ,18/02/2025 18:00:00,AIS,POINT (11.03782 55.356237),626226000_1,0 days 00:00:50,5.312818976424203e-07,359.24425120445585,0.0,0,4.659263433559966,55.356237,11.03782
2025-02-04 17:46:02,2025-02-04 17:46:02,Class A,626226000_1,55.362795,11.037703,Constrained by her draught,0.4,11.8,359.0,358.0,9319703,TRAM2,GREAT JACOMBO,Tanker,No additional information,42.0,244.0,Combined GPS/GLONASS,15.0,EG_SUEZ,18/02/2025 18:00:00,AIS,POINT (11.037703 55.362795),626226000_1,0 days 00:02:00,3.229676996345622e-07,359.4190221809131,0.0,0,4.6588073152378815,55.362795,11.037703
2025-02-04 17:47:02,2025-02-04 17:47:02,Class A,626226000_1,55.366097,11.037663,Constrained by her draught,3.6,11.9,359.3,358.0,9319703,TRAM2,GREAT JACOMBO,Tanker,No additional information,42.0,244.0,Combined GPS/GLONASS,15.0,EG_SUEZ,18/02/2025 18:00:00,AIS,POINT (11.037663 55.366097),626226000_1,0 days 00:01:00,7.085526340280089e-07,359.6055428637753,0.0,0,4.658562294576514,55.366097,11.037663
2025-02-04 17:48:02,2025-02-04 17:48:02,Class A,626226000_1,55.369405,11.03769,Constrained by her draught,-10.0,11.8,357.1,349.0,9319703,TRAM2,GREAT JACOMBO,Tanker,No additional information,42.0,244.0,Combined GPS/GLONASS,15.0,EG_SUEZ,18/02/2025 18:00:00,AIS,POINT (11.03769 55.369405),626226000_1,0 days 00:01:00,1.8428060539156174e-07,0.2657557087184159,0.0,0,4.658252334375308,55.369405,11.03769
2025-02-04 17:50:02,2025-02-04 17:50:02,Class A,626226000_1,55.375585,11.034912,Constrained by her draught,-3.6,11.2,333.5,327.0,9319703,TRAM2,GREAT JACOMBO,Tanker,No additional information,42.0,244.0,Combined GPS/GLONASS,15.0,EG_SUEZ,18/02/2025 18:00:00,AIS,POINT (11.034912 55.375585),626226000_1,0 days 00:02:00,-1.8307093850512895e-06,345.67237291544615,0.0,0,4.660497981881871,55.375585,11.034912
2025-02-04 17:51:02,2025-02-04 17:51:02,Class A,626226000_1,55.37829,11.032313,Constrained by her draught,4.5,11.1,329.8,327.0,9319703,TRAM2,GREAT JACOMBO,Tanker,No additional information,42.0,244.0,Combined GPS/GLONASS,15.0,EG_SUEZ,18/02/2025 18:00:00,AIS,POINT (11.032313 55.37829),626226000_1,0 days 00:01:00,-3.2864563698967206e-06,331.37049608326816,0.0,0,4.662861928731002,55.37829,11.032313
2025-02-04 17:52:02,2025-02-04 17:52:02,Class A,626226000_1,55.380933,11.029648,Constrained by her draught,-7.5,11.2,330.4,325.0,9319703,TRAM2,GREAT JACOMBO,Tanker,0,42.0,244.0,Combined GPS/GLONASS,15.0,EG_SUEZ,18/02/2025 18:00:00,AIS,POINT (11.029648 55.380933),626226000_1,0 days 00:01:00,-1.1058427054260433e-06,330.1941801972238,0.0,0,4.665298590287764,55.380933,11.029648
2025-02-04 17:53:02,2025-02-04 17:53:02,Class A,626226000_1,55.383593,11.026785,Constrained by her draught,0.0,11.2,327.7,325.0,9319703,TRAM2,GREAT JACOMBO,Tanker,No additional information,42.0,244.0,Combined GPS/GLONASS,15.0,EG_SUEZ,18/02/2025 18:00:00,AIS,POINT (11.026785 55.383593),626226000_1,0 days 00:01:00,2.2295725998079085e-06,328.55733454883824,0.0,0,4.667932937042905,55.383593,11.026785
2025-02-04 17:56:02,2025-02-04 17:56:02,Class A,626226000_1,55.39167,11.017753,Constrained by her draught,0.4,11.5,327.3,325.0,9319703,TRAM2,GREAT JACOMBO,Tanker,No additional information,42.0,244.0,Combined GPS/GLONASS,15.0,EG_SUEZ,18/02/2025 18:00:00,AIS,POINT (11.017753 55.39167),626226000_1,0 days 00:03:00,7.40585001705406e-07,327.5807159619206,0.0,0,4.6762804711532215,55.39167,11.017753
2025-02-04 18:00:02,2025-02-04 18:00:02,Class A,626226000_1,55.402462,11.005237,Constrained by her draught,1.1,11.8,325.3,324.0,9319703,TRAM2,GREAT JACOMBO,Tanker,No additional information,42.0,244.0,Combined GPS/GLONASS,15.0,EG_SUEZ,18/02/2025 18:00:00,AIS,POINT (11.005237 55.402462),626226000_1,0 days 00:04:00,3.1830275981204306e-07,326.63607039511254,0.0,0,4.687906259207943,55.402462,11.005237
2025-02-04 18:02:02,2025-02-04 18:02:02,Class A,626226000_1,55.407893,10.99874,Constrained by her draught,-3.6,12.0,325.6,324.0,9319703,TRAM2,GREAT JACOMBO,Tanker,No additional information,42.0,244.0,Combined GPS/GLONASS,15.0,EG_SUEZ,18/02/2025 18:00:00,AIS,POINT (10.99874 55.407893),626226000_1,0 days 00:02:00,8.071094886864038e-07,325.8178770208633,0.0,0,4.6939658041495145,55.407893,10.99874
2025-02-04 18:03:02,2025-02-04 18:03:02,Class A,626226000_1,55.410645,10.99541,Constrained by her draught,0.2,12.0,325.7,324.0,9319703,TRAM2,GREAT JACOMBO,Tanker,No additional information,42.0,244.0,Combined GPS/GLONASS,15.0,EG_SUEZ,18/02/2025 18:00:00,AIS,POINT (10.99541 55.410645),626226000_1,0 days 00:01:00,1.7381708022066086e-06,325.51439576573307,0.0,0,4.697076871612067,55.410645,10.99541
2025-02-04 18:05:02,2025-02-04 18:05:02,Class A,626226000_1,55.416117,10.988772,Constrained by her draught,1.6,11.9,325.2,323.0,9319703,TRAM2,GREAT JACOMBO,Tanker,No additional information,42.0,244.0,Combined GPS/GLONASS,15.0,EG_SUEZ,18/02/2025 18:00:00,AIS,POINT (10.988772 55.416117),626226000_1,0 days 00:02:00,-2.6031804646458693e-07,325.4510691956615,0.0,0,4.703285180711562,55.416117,10.988772
2025-02-04 18:06:02,2025-02-04 18:06:02,Class A,626226000_1,55.418825,10.985443,Constrained by her draught,-2.2,11.8,324.0,323.0,9319703,TRAM2,GREAT JACOMBO,Tanker,No additional information,42.0,244.0,Combined GPS/GLONASS,15.0,EG_SUEZ,18/02/2025 18:00:00,AIS,POINT (10.985443 55.418825),626226000_1,0 days 00:01:00,-6.141905291631606e-07,325.095831610657,0.0,0,4.706404201127864,55.418825,10.985443
2025-02-04 18:08:02,2025-02-04 18:08:02,Class A,626226000_1,55.424212,10.978683,Constrained by her draught,-7.5,11.7,324.7,323.0,9319703,TRAM2,GREAT JACOMBO,Tanker,No additional information,42.0,244.0,Combined GPS/GLONASS,15.0,EG_SUEZ,18/02/2025 18:00:00,AIS,POINT (10.978683 55.424212),626226000_1,0 days 00:02:00,7.397869583984379e-08,324.54493265059557,0.0,0,4.7127516083202385,55.424212,10.978683
2025-02-04 18:09:02,2025-02-04 18:09:02,Class A,626226000_1,55.426855,10.975332,Constrained by her draught,-1.6,11.7,324.5,324.0,9319703,TRAM2,GREAT JACOMBO,Tanker,No additional information,42.0,244.0,Combined GPS/GLONASS,15.0,EG_SUEZ,18/02/2025 18:00:00,AIS,POINT (10.975332 55.426855),626226000_1,0 days 00:01:00,-1.5697491504325367e-06,324.2667000752266,0.0,0,4.715902760087935,55.426855,10.975332
2025-02-04 18:10:02,2025-02-04 18:10:02,Class A,626226000_1,55.429495,10.972007,Constrained by her draught,4.5,11.7,324.4,324.0,9319703,TRAM2,GREAT JACOMBO,Tanker,No additional information,42.0,244.0,Combined GPS/GLONASS,15.0,EG_SUEZ,18/02/2025 18:00:00,AIS,POINT (10.972007 55.429495),626226000_1,0 days 00:01:00,-3.4444366687804334e-07,324.44903460732013,0.0,0,4.719029947962823,55.429495,10.972007
2025-02-04 18:11:02,2025-02-04 18:11:02,Class A,626226000_1,55.432135,10.968695,Constrained by her draught,-2.9,11.6,324.5,324.0,9319703,TRAM2,GREAT JACOMBO,Tanker,No additional information,42.0,244.0,Combined GPS/GLONASS,15.0,EG_SUEZ,18/02/2025 18:00:00,AIS,POINT (10.968695 55.432135),626226000_1,0 days 00:01:00,-1.351782446501962e-07,324.5569503756411,0.0,0,4.722145914659774,55.432135,10.968695
2025-02-04 18:12:02,2025-02-04 18:12:02,Class A,626226000_1,55.434785,10.965418,Constrained by her draught,-0.4,11.6,324.7,324.0,9319703,TRAM2,GREAT JACOMBO,Tanker,No additional information,42.0,244.0,Combined GPS/GLONASS,15.0,EG_SUEZ,18/02/2025 18:00:00,AIS,POINT (10.965418 55.434785),626226000_1,0 days 00:01:00,-1.0555460029923354e-07,324.9477282240319,0.0,0,4.725228007549371,55.434785,10.965418
2025-02-04 18:13:02,2025-02-04 18:13:02,Class A,626226000_1,55.437432,10.962138,Constrained by her draught,2.2,11.6,324.8,324.0,9319703,TRAM2,GREAT JACOMBO,Tanker,No additional information,42.0,244.0,Combined GPS/GLONASS,15.0,EG_SUEZ,18/02/2025 18:00:00,AIS,POINT (10.962138 55.437432),626226000_1,0 days 00:01:00,-4.770012014724002e-08,324.89435512189306,0.0,0,4.728315049200932,55.437432,10.962138
2025-02-04 18:14:02,2025-02-04 18:14:02,Class A,626226000_1,55.440082,10.958877,Constrained by her draught,5.4,11.6,324.9,324.0,9319703,TRAM2,GREAT JACOMBO,Tanker,No additional information,42.0,244.0,Combined GPS/GLONASS,15.0,EG_SUEZ,18/02/2025 18:00:00,AIS,POINT (10.958877 55.440082),626226000_1,0 days 00:01:00,-1.1820054834444625e-07,325.08307017232465,0.0,0,4.731384669738977,55.440082,10.958877
2025-02-04 18:15:02,2025-02-04 18:15:02,Class A,626226000_1,55.442698,10.955703,Constrained by her draught,5.4,11.6,325.1,324.0,9319703,TRAM2,GREAT JACOMBO,Tanker,No additional information,42.0,244.0,Combined GPS/GLONASS,15.0,EG_SUEZ,18/02/2025 18:00:00,AIS,POINT (10.955703 55.442698),626226000_1,0 days 00:01:00,-1.7383149038728851e-06,325.4638190134365,0.0,0,4.73437155723133,55.442698,10.955703
2025-02-04 18:19:02,2025-02-04 18:19:02,Class A,626226000_1,55.45357,10.943345,Constrained by her draught,0.0,11.7,328.0,326.0,9319703,TRAM2,GREAT JACOMBO,Tanker,No additional information,42.0,244.0,Combined GPS/GLONASS,15.0,EG_SUEZ,18/02/2025 18:00:00,AIS,POINT (10.943345 55.45357),626226000_1,0 days 00:04:00,4.4840503403575534e-07,327.1963807562617,0.0,0,4.745971783699624,55.45357,10.943345
2025-02-04 18:20:02,2025-02-04 18:20:02,Class A,626226000_1,55.456327,10.94033,Constrained by her draught,0.0,11.6,327.7,326.0,9319703,TRAM2,GREAT JACOMBO,Tanker,No additional information,42.0,244.0,Combined GPS/GLONASS,15.0,EG_SUEZ,18/02/2025 18:00:00,AIS,POINT (10.94033 55.456327),626226000_1,0 days 00:01:00,3.1301780863362466e-07,328.19740505070104,0.0,0,4.748799439379284,55.456327,10.94033
2025-02-04 18:21:02,2025-02-04 18:21:02,Class A,626226000_1,55.459127,10.937263,Constrained by her draught,0.0,11.7,328.0,326.0,9319703,TRAM2,GREAT JACOMBO,Tanker,No additional information,42.0,244.0,Combined GPS/GLONASS,15.0,EG_SUEZ,18/02/2025 18:00:00,AIS,POINT (10.937263 55.459127),626226000_1,0 days 00:01:00,1.6098913798600425e-06,328.1575513780987,0.0,0,4.751678035752213,55.459127,10.937263
2025-02-04 18:22:02,2025-02-04 18:22:02,Class A,626226000_1,55.46188,10.93425,Constrained by her draught,-0.4,11.7,328.0,326.0,9319703,TRAM2,GREAT JACOMBO,Tanker,No additional information,42.0,244.0,Combined GPS/GLONASS,15.0,EG_SUEZ,18/02/2025 18:00:00,AIS,POINT (10.93425 55.46188),626226000_1,0 days 00:01:00,-1.7373676490647859e-06,328.1807860319171,0.0,0,4.754507637161601,55.46188,10.93425
2025-02-04 18:23:02,2025-02-04 18:23:02,Class A,626226000_1,55.46463,10.931223,Constrained by her draught,1.6,11.7,328.1,327.0,9319703,TRAM2,GREAT JACOMBO,Tanker,No additional information,42.0,244.0,Combined GPS/GLONASS,15.0,EG_SUEZ,18/02/2025 18:00:00,AIS,POINT (10.931223 55.46463),626226000_1,0 days 00:01:00,4.952782634447897e-08,328.03541623713244,0.0,0,4.757353219012543,55.46463,10.931223
2025-02-04 18:24:02,2025-02-04 18:24:02,Class A,626226000_1,55.467412,10.928265,Constrained by her draught,-0.4,11.7,328.4,326.0,9319703,TRAM2,GREAT JACOMBO,Tanker,No additional information,42.0,244.0,Combined GPS/GLONASS,15.0,EG_SUEZ,18/02/2025 18:00:00,AIS,POINT (10.928265 55.467412),626226000_1,0 days 00:01:00,2.0634043896096815e-07,328.9213759402394,0.0,0,4.760129739806364,55.467412,10.928265
2025-02-04 18:25:02,2025-02-04 18:25:02,Class A,626226000_1,55.470188,10.925278,Constrained by her draught,6.4,11.6,327.4,325.0,9319703,TRAM2,GREAT JACOMBO,Tanker,0,42.0,244.0,Combined GPS/GLONASS,15.0,EG_SUEZ,18/02/2025 18:00:00,AIS,POINT (10.925278 55.470188),626226000_1,0 days 00:01:00,1.0413595563212955e-07,328.6205114338477,0.0,0,4.762937421032949,55.470188,10.925278
2025-02-04 18:26:02,2025-02-04 18:26:02,Class A,626226000_1,55.472955,10.922278,Constrained by her draught,1.1,11.7,328.0,325.0,9319703,TRAM2,GREAT JACOMBO,Tanker,0,42.0,244.0,Combined GPS/GLONASS,15.0,EG_SUEZ,18/02/2025 18:00:00,AIS,POINT (10.922278 55.472955),626226000_1,0 days 00:01:00,-1.1969459046992243e-07,328.4286511181787,0.0,0,4.765760466709274,55.472955,10.922278
2025-02-04 18:27:02,2025-02-04 18:27:02,Class A,626226000_1,55.475715,10.919268,Constrained by her draught,0.7,11.7,328.5,326.0,9319703,TRAM2,GREAT JACOMBO,Tanker,No additional information,42.0,244.0,Combined GPS/GLONASS,15.0,EG_SUEZ,18/02/2025 18:00:00,AIS,POINT (10.919268 55.475715),626226000_1,0 days 00:01:00,-9.377447663835916e-08,328.2804614917892,0.0,0,4.768595742093158,55.475715,10.919268
2025-02-04 18:28:02,2025-02-04 18:28:02,Class A,626226000_1,55.478478,10.916265,Constrained by her draught,0.0,11.7,328.4,326.0,9319703,TRAM2,GREAT JACOMBO,Tanker,0,42.0,244.0,Combined GPS/GLONASS,15.0,EG_SUEZ,18/02/2025 18:00:00,AIS,POINT (10.916265 55.478478),626226000_1,0 days 00:01:00,1.2332149439608573e-08,328.3696846746584,0.0,0,4.771425659773503,55.478478,10.916265
2025-02-04 18:29:02,2025-02-04 18:29:02,Class A,626226000_1,55.481235,10.913248,Constrained by her draught,0.2,11.7,327.7,326.0,9319703,TRAM2,GREAT JACOMBO,Tanker,0,42.0,244.0,Combined GPS/GLONASS,15.0,EG_SUEZ,18/02/2025 18:00:00,AIS,POINT (10.913248 55.481235),626226000_1,0 days 00:01:00,-3.0178877328295e-08,328.19660124723714,0.0,0,4.774271721281583,55.481235,10.913248
2025-02-04 18:31:12,2025-02-04 18:31:12,Class A,626226000_1,55.487177,10.906762,Constrained by her draught,-0.4,11.7,327.5,326.0,9319703,TRAM2,GREAT JACOMBO,Tanker,0,42.0,244.0,Combined GPS/GLONASS,15.0,EG_SUEZ,18/02/2025 18:00:00,AIS,POINT (10.906762 55.487177),626226000_1,0 days 00:02:10,-2.779916237055673e-07,328.26548227015655,0.0,0,4.780395454763235,55.487177,10.906762
2025-02-04 18:32:01,2025-02-04 18:32:01,Class A,626226000_1,55.489488,10.904255,Constrained by her draught,-0.7,11.7,327.7,325.0,9319703,TRAM2,GREAT JACOMBO,Tanker,No additional information,42.0,244.0,Combined GPS/GLONASS,15.0,EG_SUEZ,18/02/2025 18:00:00,AIS,POINT (10.904255 55.489488),626226000_1,0 days 00:00:49,3.671846200921904e-06,328.42505966776173,0.0,0,4.782763837774661,55.489488,10.904255
2025-02-04 18:33:01,2025-02-04 18:33:01,Class A,626226000_1,55.492262,10.901242,Constrained by her draught,0.0,11.7,327.8,325.0,9319703,TRAM2,GREAT JACOMBO,Tanker,0,42.0,244.0,Combined GPS/GLONASS,15.0,EG_SUEZ,18/02/2025 18:00:00,AIS,POINT (10.901242 55.492262),626226000_1,0 days 00:01:00,-1.9939689282358545e-06,328.39522969601506,0.0,0,4.78561210353869,55.492262,10.901242
2025-02-04 18:34:01,2025-02-04 18:34:01,Class A,626226000_1,55.495032,10.898235,Constrained by her draught,0.4,11.7,329.0,326.0,9319703,TRAM2,GREAT JACOMBO,Tanker,No additional information,42.0,244.0,Combined GPS/GLONASS,15.0,EG_SUEZ,18/02/2025 18:00:00,AIS,POINT (10.898235 55.495032),626226000_1,0 days 00:01:00,-1.62498875245634e-07,328.41109918058925,0.0,0,4.788456414239248,55.495032,10.898235
2025-02-04 18:35:01,2025-02-04 18:35:01,Class A,626226000_1,55.497808,10.89525,Constrained by her draught,0.4,11.7,328.9,326.0,9319703,TRAM2,GREAT JACOMBO,Tanker,0,42.0,244.0,Combined GPS/GLONASS,15.0,EG_SUEZ,18/02/2025 18:00:00,AIS,POINT (10.89525 55.497808),626226000_1,0 days 00:01:00,-4.567256624171158e-08,328.65541424409446,0.0,0,4.79128022332445,55.497808,10.89525
2025-02-04 18:36:01,2025-02-04 18:36:01,Class A,626226000_1,55.50058,10.892263,Constrained by her draught,0.2,11.7,328.8,326.0,9319703,TRAM2,GREAT JACOMBO,Tanker,0,42.0,244.0,Combined GPS/GLONASS,15.0,EG_SUEZ,18/02/2025 18:00:00,AIS,POINT (10.892263 55.50058),626226000_1,0 days 00:01:00,-8.913721667891106e-08,328.6034289537837,0.0,0,4.7941080538249246,55.50058,10.892263
2025-02-04 18:37:02,2025-02-04 18:37:02,Class A,626226000_1,55.503353,10.8892,Constrained by her draught,5.4,11.5,328.3,328.0,9319703,TRAM2,GREAT JACOMBO,Tanker,0,42.0,244.0,Combined GPS/GLONASS,15.0,EG_SUEZ,18/02/2025 18:00:00,AIS,POINT (10.8892 55.503353),626226000_1,0 days 00:01:01,-9.172384400876709e-07,327.9707658228177,0.0,0,4.797013509975242,55.503353,10.8892
2025-02-04 18:38:02,2025-02-04 18:38:02,Class A,626226000_1,55.506145,10.886425,Constrained by her draught,0.0,11.6,331.8,330.0,9319703,TRAM2,GREAT JACOMBO,Tanker,0,42.0,244.0,Combined GPS/GLONASS,15.0,EG_SUEZ,18/02/2025 18:00:00,AIS,POINT (10.886425 55.506145),626226000_1,0 days 00:01:00,-4.2334953558183286e-07,330.62643596894105,0.0,0,4.799632157511449,55.506145,10.886425
2025-02-04 18:39:02,2025-02-04 18:39:02,Class A,626226000_1,55.509017,10.883773,Constrained by her draught,3.6,11.7,331.4,330.0,9319703,TRAM2,GREAT JACOMBO,Tanker,No additional information,42.0,244.0,Combined GPS/GLONASS,15.0,EG_SUEZ,18/02/2025 18:00:00,AIS,POINT (10.883773 55.509017),626226000_1,0 days 00:01:00,1.1404054448836224e-06,332.3952204831864,0.0,0,4.802125492909364,55.509017,10.883773
2025-02-04 18:40:02,2025-02-04 18:40:02,Class A,626226000_1,55.511908,10.881113,Constrained by her draught,-1.6,11.7,332.4,330.0,9319703,TRAM2,GREAT JACOMBO,Tanker,No additional information,42.0,244.0,Combined GPS/GLONASS,15.0,EG_SUEZ,18/02/2025 18:00:00,AIS,POINT (10.881113 55.511908),626226000_1,0 days 00:01:00,5.841968472205707e-07,332.48112634010363,0.0,0,4.804627697474697,55.511908,10.881113
2025-02-04 18:41:02,2025-02-04 18:41:02,Class A,626226000_1,55.514815,10.878457,Constrained by her draught,3.6,11.8,332.3,330.0,9319703,TRAM2,GREAT JACOMBO,Tanker,0,42.0,244.0,Combined GPS/GLONASS,15.0,EG_SUEZ,18/02/2025 18:00:00,AIS,POINT (10.878457 55.514815),626226000_1,0 days 00:01:00,4.0501124170184917e-07,332.64742824904806,0.0,0,4.807126978340598,55.514815,10.878457
2025-02-04 18:42:03,2025-02-04 18:42:03,Class A,626226000_1,55.517778,10.875735,Constrained by her draught,-2.2,11.8,332.1,330.0,9319703,TRAM2,GREAT JACOMBO,Tanker,0,42.0,244.0,Combined GPS/GLONASS,15.0,EG_SUEZ,18/02/2025 18:00:00,AIS,POINT (10.875735 55.517778),626226000_1,0 days 00:01:01,3.6907646805666303e-07,332.52121592120506,0.0,0,4.80969120133767,55.517778,10.875735
2025-02-04 18:43:03,2025-02-04 18:43:03,Class A,626226000_1,55.520707,10.873048,Constrained by her draught,-2.2,11.9,333.0,330.0,9319703,TRAM2,GREAT JACOMBO,Tanker,0,42.0,244.0,Combined GPS/GLONASS,15.0,EG_SUEZ,18/02/2025 18:00:00,AIS,POINT (10.873048 55.520707),626226000_1,0 days 00:01:00,4.7614835332050567e-07,332.55578920406873,0.0,0,4.8122242031647895,55.520707,10.873048
2025-02-04 18:44:03,2025-02-04 18:44:03,Class A,626226000_1,55.523643,10.870348,Constrained by her draught,-0.7,11.9,331.9,330.0,9319703,TRAM2,GREAT JACOMBO,Tanker,0,42.0,244.0,Combined GPS/GLONASS,15.0,EG_SUEZ,18/02/2025 18:00:00,AIS,POINT (10.870348 55.523643),626226000_1,0 days 00:01:00,2.957971127115257e-07,332.5003347839908,0.0,0,4.81477178435915,55.523643,10.870348
2025-02-04 18:45:03,2025-02-04 18:45:03,Class A,626226000_1,55.526598,10.86765,Constrained by her draught,1.1,12.0,332.7,329.0,9319703,TRAM2,GREAT JACOMBO,Tanker,0,42.0,244.0,Combined GPS/GLONASS,15.0,EG_SUEZ,18/02/2025 18:00:00,AIS,POINT (10.86765 55.526598),626226000_1,0 days 00:01:00,5.035846192926226e-07,332.6705023391559,0.0,0,4.81731837776994,55.526598,10.86765
2025-02-04 18:46:03,2025-02-04 18:46:03,Class A,626226000_1,55.52956,10.864927,Constrained by her draught,0.0,12.0,331.9,330.0,9319703,TRAM2,GREAT JACOMBO,Tanker,0,42.0,244.0,Combined GPS/GLONASS,15.0,EG_SUEZ,18/02/2025 18:00:00,AIS,POINT (10.864927 55.52956),626226000_1,0 days 00:01:00,3.9272298300172097e-07,332.51170652841574,0.0,0,4.819891573494678,55.52956,10.864927
2025-02-04 18:47:03,2025-02-04 18:47:03,Class A,626226000_1,55.532538,10.862217,Constrained by her draught,-0.2,12.1,332.4,330.0,9319703,TRAM2,GREAT JACOMBO,Tanker,0,42.0,244.0,Combined GPS/GLONASS,15.0,EG_SUEZ,18/02/2025 18:00:00,AIS,POINT (10.862217 55.532538),626226000_1,0 days 00:01:00,3.325983975785747e-07,332.7514272213658,0.0,0,4.822452992506719,55.532538,10.862217
2025-02-04 18:48:03,2025-02-04 18:48:03,Class A,626226000_1,55.535533,10.859527,Constrained by her draught,2.9,12.1,332.0,330.0,9319703,TRAM2,GREAT JACOMBO,Tanker,0,42.0,244.0,Combined GPS/GLONASS,15.0,EG_SUEZ,18/02/2025 18:00:00,AIS,POINT (10.859527 55.535533),626226000_1,0 days 00:01:00,3.061702110212077e-07,333.0575303616634,0.0,0,4.824995621457288,55.535533,10.859527
2025-02-04 18:49:02,2025-02-04 18:49:02,Class A,626226000_1,55.538428,10.85693,Constrained by her draught,3.6,12.1,335.4,334.0,9319703,TRAM2,GREAT JACOMBO,Tanker,0,42.0,244.0,Combined GPS/GLONASS,15.0,EG_SUEZ,18/02/2025 18:00:00,AIS,POINT (10.85693 55.538428),626226000_1,0 days 00:00:59,-1.8254181622341787e-06,333.08756760921233,0.0,0,4.827452092458298,55.538428,10.85693
2025-02-04 18:50:02,2025-02-04 18:50:02,Class A,626226000_1,55.541547,10.854595,Constrained by her draught,0.4,12.2,338.0,335.0,9319703,TRAM2,GREAT JACOMBO,Tanker,0,42.0,244.0,Combined GPS/GLONASS,15.0,EG_SUEZ,18/02/2025 18:00:00,AIS,POINT (10.854595 55.541547),626226000_1,0 days 00:01:00,2.6373763639541177e-06,337.04334064387825,0.0,0,4.829638298116537,55.541547,10.854595
2025-02-04 18:51:02,2025-02-04 18:51:02,Class A,626226000_1,55.544695,10.852315,Constrained by her draught,0.4,12.2,337.7,335.0,9319703,TRAM2,GREAT JACOMBO,Tanker,0,42.0,244.0,Combined GPS/GLONASS,15.0,EG_SUEZ,18/02/2025 18:00:00,AIS,POINT (10.852315 55.544695),626226000_1,0 days 00:01:00,4.547714521733447e-07,337.71803625175653,0.0,0,4.831770383759766,55.544695,10.852315
2025-02-04 18:52:02,2025-02-04 18:52:02,Class A,626226000_1,55.547835,10.84999,Constrained by her draught,2.2,12.3,336.6,334.0,9319703,TRAM2,GREAT JACOMBO,Tanker,0,42.0,244.0,Combined GPS/GLONASS,15.0,EG_SUEZ,18/02/2025 18:00:00,AIS,POINT (10.84999 55.547835),626226000_1,0 days 00:01:00,7.290651587505958e-08,337.27213512007927,0.0,0,4.833949970137568,55.547835,10.84999
2025-02-04 18:53:02,2025-02-04 18:53:02,Class A,626226000_1,55.550963,10.847593,Constrained by her draught,-0.7,12.3,335.5,335.0,9319703,TRAM2,GREAT JACOMBO,Tanker,0,42.0,244.0,Combined GPS/GLONASS,15.0,EG_SUEZ,18/02/2025 18:00:00,AIS,POINT (10.847593 55.550963),626226000_1,0 days 00:01:00,1.532996738746207e-07,336.5645018453548,0.0,0,4.8362041937066715,55.550963,10.847593
2025-02-04 18:54:03,2025-02-04 18:54:03,Class A,626226000_1,55.554133,10.845108,Constrained by her draught,3.6,12.3,335.4,335.0,9319703,TRAM2,GREAT JACOMBO,Tanker,0,42.0,244.0,Combined GPS/GLONASS,15.0,EG_SUEZ,18/02/2025 18:00:00,AIS,POINT (10.845108 55.554133),626226000_1,0 days 00:01:01,4.897943515142445e-08,336.0875799831887,0.0,0,4.838546649619182,55.554133,10.845108
2025-02-04 18:55:03,2025-02-04 18:55:03,Class A,626226000_1,55.557257,10.842643,Constrained by her draught,-0.4,12.3,335.9,335.0,9319703,TRAM2,GREAT JACOMBO,Tanker,0,42.0,244.0,Combined GPS/GLONASS,15.0,EG_SUEZ,18/02/2025 18:00:00,AIS,POINT (10.842643 55.557257),626226000_1,0 days 00:01:00,3.1522352313412503e-07,335.95019508029355,0.0,0,4.840873328961417,55.557257,10.842643
2025-02-04 18:56:03,2025-02-04 18:56:03,Class A,626226000_1,55.560393,10.840188,Constrained by her draught,6.4,12.3,334.7,336.0,9319703,TRAM2,GREAT JACOMBO,Tanker,0,42.0,244.0,Combined GPS/GLONASS,15.0,EG_SUEZ,18/02/2025 18:00:00,AIS,POINT (10.840188 55.560393),626226000_1,0 days 00:01:00,2.6631844572327343e-07,336.11986868218946,0.0,0,4.843191658922968,55.560393,10.840188
2025-02-04 18:57:03,2025-02-04 18:57:03,Class A,626226000_1,55.563547,10.837837,Constrained by her draught,-2.2,12.3,338.7,337.0,9319703,TRAM2,GREAT JACOMBO,Tanker,0,42.0,244.0,Combined GPS/GLONASS,15.0,EG_SUEZ,18/02/2025 18:00:00,AIS,POINT (10.837837 55.563547),626226000_1,0 days 00:01:00,-2.1482654891394916e-07,337.1437925254823,0.0,0,4.845407490825306,55.563547,10.837837
2025-02-04 18:58:03,2025-02-04 18:58:03,Class A,626226000_1,55.566733,10.835607,Constrained by her draught,1.1,12.3,338.0,337.0,9319703,TRAM2,GREAT JACOMBO,Tanker,0,42.0,244.0,Combined GPS/GLONASS,15.0,EG_SUEZ,18/02/2025 18:00:00,AIS,POINT (10.835607 55.566733),626226000_1,0 days 00:01:00,1.1103745271258056e-07,338.40761976565244,0.0,0,4.8475032869016195,55.566733,10.835607
2025-02-04 18:59:03,2025-02-04 18:59:03,Class A,626226000_1,55.569923,10.833365,Constrained by her draught,-2.9,12.4,338.0,337.0,9319703,TRAM2,GREAT JACOMBO,Tanker,0,42.0,244.0,Combined GPS/GLONASS,15.0,EG_SUEZ,18/02/2025 18:00:00,AIS,POINT (10.833365 55.569923),626226000_1,0 days 00:01:00,1.9150527329536127e-07,338.3284795221462,0.0,0,4.849613123890399,55.569923,10.833365
2025-02-04 19:00:03,2025-02-04 19:00:03,Class A,626226000_1,55.573122,10.83113,Constrained by her draught,2.2,12.3,337.4,336.0,9319703,TRAM2,GREAT JACOMBO,Tanker,0,42.0,244.0,Combined GPS/GLONASS,15.0,EG_SUEZ,18/02/2025 18:00:00,AIS,POINT (10.83113 55.573122),626226000_1,0 days 00:01:00,2.1229730316592425e-07,338.4467054209318,0.0,0,4.851717823928346,55.573122,10.83113
2025-02-04 19:01:03,2025-02-04 19:01:03,Class A,626226000_1,55.576307,10.828848,Constrained by her draught,0.0,12.4,338.3,337.0,9319703,TRAM2,GREAT JACOMBO,Tanker,0,42.0,244.0,Combined GPS/GLONASS,15.0,EG_SUEZ,18/02/2025 18:00:00,AIS,POINT (10.828848 55.576307),626226000_1,0 days 00:01:00,-9.659318076445504e-08,337.95051281595363,0.0,0,4.853872260940228,55.576307,10.828848
2025-02-04 19:02:03,2025-02-04 19:02:03,Class A,626226000_1,55.579518,10.826617,Constrained by her draught,0.4,12.4,337.9,336.0,9319703,TRAM2,GREAT JACOMBO,Tanker,0,42.0,244.0,Combined GPS/GLONASS,15.0,EG_SUEZ,18/02/2025 18:00:00,AIS,POINT (10.826617 55.579518),626226000_1,0 days 00:01:00,4.1381926047318167e-07,338.5580278211982,0.0,0,4.855976940791317,55.579518,10.826617
2025-02-04 19:03:03,2025-02-04 19:03:03,Class A,626226000_1,55.582713,10.82429,Constrained by her draught,0.0,12.4,337.8,336.0,9319703,TRAM2,GREAT JACOMBO,Tanker,0,42.0,244.0,Combined GPS/GLONASS,15.0,EG_SUEZ,18/02/2025 18:00:00,AIS,POINT (10.82429 55.582713),626226000_1,0 days 00:01:00,1.6861523757227363e-07,337.62507602436125,0.0,0,4.858180391922989,55.582713,10.82429
2025-02-04 19:04:03,2025-02-04 19:04:03,Class A,626226000_1,55.585923,10.82199,Constrained by her draught,0.4,12.5,338.0,336.0,9319703,TRAM2,GREAT JACOMBO,Tanker,0,42.0,244.0,Combined GPS/GLONASS,15.0,EG_SUEZ,18/02/2025 18:00:00,AIS,POINT (10.82199 55.585923),626226000_1,0 days 00:01:00,2.490142334545583e-07,337.9546346112382,0.0,0,4.860358520190152,55.585923,10.82199
2025-02-04 19:05:03,2025-02-04 19:05:03,Class A,626226000_1,55.589133,10.819635,Constrained by her draught,-4.5,12.5,337.5,336.0,9319703,TRAM2,GREAT JACOMBO,Tanker,0,42.0,244.0,Combined GPS/GLONASS,15.0,EG_SUEZ,18/02/2025 18:00:00,AIS,POINT (10.819635 55.589133),626226000_1,0 days 00:01:00,3.647605325701308e-07,337.4812491443016,0.0,0,4.8625938432291465,55.589133,10.819635
2025-02-04 19:06:03,2025-02-04 19:06:03,Class A,626226000_1,55.592348,10.81727,Constrained by her draught,0.0,12.5,337.5,337.0,9319703,TRAM2,GREAT JACOMBO,Tanker,0,42.0,244.0,Combined GPS/GLONASS,15.0,EG_SUEZ,18/02/2025 18:00:00,AIS,POINT (10.81727 55.592348),626226000_1,0 days 00:01:00,2.0879850320877346e-07,337.42852002371495,0.0,0,4.86484121202121,55.592348,10.81727
2025-02-04 19:07:03,2025-02-04 19:07:03,Class A,626226000_1,55.595568,10.814892,Constrained by her draught,-4.5,12.5,337.0,336.0,9319703,TRAM2,GREAT JACOMBO,Tanker,0,42.0,244.0,Combined GPS/GLONASS,15.0,EG_SUEZ,18/02/2025 18:00:00,AIS,POINT (10.814892 55.595568),626226000_1,0 days 00:01:00,2.2913583025936542e-07,337.35031821441777,0.0,0,4.867103632518214,55.595568,10.814892
2025-02-04 19:08:03,2025-02-04 19:08:03,Class A,626226000_1,55.598782,10.812473,Constrained by her draught,1.6,12.5,337.1,337.0,9319703,TRAM2,GREAT JACOMBO,Tanker,0,42.0,244.0,Combined GPS/GLONASS,15.0,EG_SUEZ,18/02/2025 18:00:00,AIS,POINT (10.812473 55.598782),626226000_1,0 days 00:01:00,1.0701502329317144e-07,336.9633731344655,0.0,0,4.869409474671954,55.598782,10.812473
2025-02-04 19:09:03,2025-02-04 19:09:03,Class A,626226000_1,55.601995,10.81006,Constrained by her draught,5.4,12.5,335.6,338.0,9319703,TRAM2,GREAT JACOMBO,Tanker,0,42.0,244.0,Combined GPS/GLONASS,15.0,EG_SUEZ,18/02/2025 18:00:00,AIS,POINT (10.81006 55.601995),626226000_1,0 days 00:01:00,-7.091179182533551e-08,337.0098460794891,0.0,0,4.871711584087568,55.601995,10.81006
2025-02-04 19:10:03,2025-02-04 19:10:03,Class A,626226000_1,55.605225,10.807827,Constrained by her draught,2.9,12.5,338.9,340.0,9319703,TRAM2,GREAT JACOMBO,Tanker,No additional information,42.0,244.0,Combined GPS/GLONASS,15.0,EG_SUEZ,18/02/2025 18:00:00,AIS,POINT (10.807827 55.605225),626226000_1,0 days 00:01:00,-7.055950294770994e-07,338.6681177636773,0.0,0,4.873835455163624,55.605225,10.807827
2025-02-04 19:11:03,2025-02-04 19:11:03,Class A,626226000_1,55.608485,10.805735,Constrained by her draught,-3.6,12.5,341.0,340.0,9319703,TRAM2,GREAT JACOMBO,Tanker,No additional information,42.0,244.0,Combined GPS/GLONASS,15.0,EG_SUEZ,18/02/2025 18:00:00,AIS,POINT (10.805735 55.608485),626226000_1,0 days 00:01:00,-4.329364234690117e-09,340.0759901578769,0.0,0,4.875819665891879,55.608485,10.805735
2025-02-04 19:12:03,2025-02-04 19:12:03,Class A,626226000_1,55.61176,10.803707,Constrained by her draught,-0.7,12.5,340.1,339.0,9319703,TRAM2,GREAT JACOMBO,Tanker,No additional information,42.0,244.0,Combined GPS/GLONASS,15.0,EG_SUEZ,18/02/2025 18:00:00,AIS,POINT (10.803707 55.61176),626226000_1,0 days 00:01:00,5.937256268347818e-08,340.72314409792966,0.0,0,4.877741702169664,55.61176,10.803707
2025-02-04 19:13:02,2025-02-04 19:13:02,Class A,626226000_1,55.615012,10.801592,Constrained by her draught,0.0,12.5,340.1,340.0,9319703,TRAM2,GREAT JACOMBO,Tanker,No additional information,42.0,244.0,Combined GPS/GLONASS,15.0,EG_SUEZ,18/02/2025 18:00:00,AIS,POINT (10.801592 55.615012),626226000_1,0 days 00:00:59,1.6891305520596156e-06,339.8320010609931,0.0,0,4.879753693716109,55.615012,10.801592
2025-02-04 19:15:02,2025-02-04 19:15:02,Class A,626226000_1,55.621553,10.79744,Constrained by her draught,1.6,12.5,339.9,340.0,9319703,TRAM2,GREAT JACOMBO,Tanker,No additional information,42.0,244.0,Combined GPS/GLONASS,15.0,EG_SUEZ,18/02/2025 18:00:00,AIS,POINT (10.79744 55.621553),626226000_1,0 days 00:02:00,-7.567608335283325e-07,340.2812757078275,0.0,0,4.883705371318483,55.621553,10.79744
2025-02-04 19:16:02,2025-02-04 19:16:02,Class A,626226000_1,55.624832,10.795385,Constrained by her draught,5.4,12.5,340.1,340.0,9319703,TRAM2,GREAT JACOMBO,Tanker,No additional information,42.0,244.0,Combined GPS/GLONASS,15.0,EG_SUEZ,18/02/2025 18:00:00,AIS,POINT (10.795385 55.624832),626226000_1,0 days 00:01:00,1.2259444268123155e-07,340.5137991258992,0.0,0,4.885663381227672,55.624832,10.795385
2025-02-04 19:18:02,2025-02-04 19:18:02,Class A,626226000_1,55.6314,10.79129,Constrained by her draught,3.6,12.5,340.1,340.0,9319703,TRAM2,GREAT JACOMBO,Tanker,0,42.0,244.0,Combined GPS/GLONASS,15.0,EG_SUEZ,18/02/2025 18:00:00,AIS,POINT (10.79129 55.6314),626226000_1,0 days 00:02:00,5.029929788935804e-08,340.6100441099086,0.0,0,4.889570966322915,55.6314,10.79129
2025-02-04 19:19:02,2025-02-04 19:19:02,Class A,626226000_1,55.63468,10.789225,Constrained by her draught,-2.9,12.5,340.7,340.0,9319703,TRAM2,GREAT JACOMBO,Tanker,0,42.0,244.0,Combined GPS/GLONASS,15.0,EG_SUEZ,18/02/2025 18:00:00,AIS,POINT (10.789225 55.63468),626226000_1,0 days 00:01:00,-1.5736393349190016e-08,340.4362266122262,0.0,0,4.891545782332309,55.63468,10.789225
2025-02-04 19:20:03,2025-02-04 19:20:03,Class A,626226000_1,55.638002,10.787117,Constrained by her draught,8.7,12.4,341.4,345.0,9319703,TRAM2,GREAT JACOMBO,Tanker,0,42.0,244.0,Combined GPS/GLONASS,15.0,EG_SUEZ,18/02/2025 18:00:00,AIS,POINT (10.787117 55.638002),626226000_1,0 days 00:01:01,-3.089174217432182e-07,340.2947737875036,0.0,0,4.893564754630411,55.638002,10.787117
2025-02-04 19:21:03,2025-02-04 19:21:03,Class A,626226000_1,55.64132,10.785558,Constrained by her draught,8.7,12.3,349.6,355.0,9319703,TRAM2,GREAT JACOMBO,Tanker,0,42.0,244.0,Combined GPS/GLONASS,15.0,EG_SUEZ,18/02/2025 18:00:00,AIS,POINT (10.785558 55.64132),626226000_1,0 days 00:01:00,-1.190215811063018e-06,345.1483660992195,0.0,0,4.895037337484158,55.64132,10.785558
2025-02-04 19:22:03,2025-02-04 19:22:03,Class A,626226000_1,55.644673,10.784975,Constrained by her draught,2.9,12.0,357.5,359.0,9319703,TRAM2,GREAT JACOMBO,Tanker,0,42.0,244.0,Combined GPS/GLONASS,15.0,EG_SUEZ,18/02/2025 18:00:00,AIS,POINT (10.784975 55.644673),626226000_1,0 days 00:01:00,-1.979183891265742e-06,354.3960067029554,0.0,0,4.895535653761497,55.644673,10.784975
2025-02-04 19:23:03,2025-02-04 19:23:03,Class A,626226000_1,55.648017,10.784875,Constrained by her draught,1.6,12.0,359.9,0.0,9319703,TRAM2,GREAT JACOMBO,Tanker,0,42.0,244.0,Combined GPS/GLONASS,15.0,EG_SUEZ,18/02/2025 18:00:00,AIS,POINT (10.784875 55.648017),626226000_1,0 days 00:01:00,-7.636598643128515e-07,359.0332677763101,0.0,0,4.89555364368056,55.648017,10.784875
2025-02-04 19:24:03,2025-02-04 19:24:03,Class A,626226000_1,55.651318,10.784837,Constrained by her draught,5.4,11.8,0.9,4.0,9319703,TRAM2,GREAT JACOMBO,Tanker,0,42.0,244.0,Combined GPS/GLONASS,15.0,EG_SUEZ,18/02/2025 18:00:00,AIS,POINT (10.784837 55.651318),626226000_1,0 days 00:01:00,-1.3424079892346084e-06,359.6278576993155,0.0,0,4.895512947164679,55.651318,10.784837
2025-02-04 19:25:03,2025-02-04 19:25:03,Class A,626226000_1,55.654538,10.785253,Constrained by her draught,-1.1,11.8,5.8,7.0,9319703,TRAM2,GREAT JACOMBO,Tanker,0,42.0,244.0,Combined GPS/GLONASS,15.0,EG_SUEZ,18/02/2025 18:00:00,AIS,POINT (10.785253 55.654538),626226000_1,0 days 00:01:00,-2.241825858575079e-06,4.1688032587017005,0.0,0,4.895022444483885,55.654538,10.785253
2025-02-04 19:26:03,2025-02-04 19:26:03,Class A,626226000_1,55.657813,10.785888,Constrained by her draught,6.4,11.9,5.6,7.0,9319703,TRAM2,GREAT JACOMBO,Tanker,0,42.0,244.0,Combined GPS/GLONASS,15.0,EG_SUEZ,18/02/2025 18:00:00,AIS,POINT (10.785888 55.657813),626226000_1,0 days 00:01:00,2.0424194704835087e-06,6.242292674302973,0.0,0,4.894313880157361,55.657813,10.785888
2025-02-04 19:27:03,2025-02-04 19:27:03,Class A,626226000_1,55.661092,10.786557,Constrained by her draught,-3.6,11.9,7.1,8.0,9319703,TRAM2,GREAT JACOMBO,Tanker,0,42.0,244.0,Combined GPS/GLONASS,15.0,EG_SUEZ,18/02/2025 18:00:00,AIS,POINT (10.786557 55.661092),626226000_1,0 days 00:01:00,1.8932512578743779e-07,6.565179032151377,0.0,0,4.893573409215499,55.661092,10.786557
2025-02-04 19:28:03,2025-02-04 19:28:03,Class A,626226000_1,55.664378,10.787297,Constrained by her draught,2.2,11.9,6.6,8.0,9319703,TRAM2,GREAT JACOMBO,Tanker,0,42.0,244.0,Combined GPS/GLONASS,15.0,EG_SUEZ,18/02/2025 18:00:00,AIS,POINT (10.787297 55.664378),626226000_1,0 days 00:01:00,3.6433516608478e-07,7.238966379536805,0.0,0,4.892763984667255,55.664378,10.787297
2025-02-04 19:29:02,2025-02-04 19:29:02,Class A,626226000_1,55.667625,10.788062,Constrained by her draught,-2.2,12.0,7.4,8.0,9319703,TRAM2,GREAT JACOMBO,Tanker,0,42.0,244.0,Combined GPS/GLONASS,15.0,EG_SUEZ,18/02/2025 18:00:00,AIS,POINT (10.788062 55.667625),626226000_1,0 days 00:00:59,5.871312117654122e-07,7.5689961838120325,0.0,0,4.89193253748097,55.667625,10.788062
2025-02-04 19:30:02,2025-02-04 19:30:02,Class A,626226000_1,55.67094,10.78883,Constrained by her draught,0.2,12.0,7.8,8.0,9319703,TRAM2,GREAT JACOMBO,Tanker,0,42.0,244.0,Combined GPS/GLONASS,15.0,EG_SUEZ,18/02/2025 18:00:00,AIS,POINT (10.78883 55.67094),626226000_1,0 days 00:01:00,3.746468635656685e-07,7.4436117986392105,0.0,0,4.89109889762086,55.67094,10.78883
2025-02-04 19:31:02,2025-02-04 19:31:02,Class A,626226000_1,55.674272,10.789583,Constrained by her draught,-2.9,12.1,7.3,8.0,9319703,TRAM2,GREAT JACOMBO,Tanker,0,42.0,244.0,Combined GPS/GLONASS,15.0,EG_SUEZ,18/02/2025 18:00:00,AIS,POINT (10.789583 55.674272),626226000_1,0 days 00:01:00,4.876962932809746e-07,7.262355336041935,0.0,0,4.890282160604334,55.674272,10.789583
2025-02-04 19:32:02,2025-02-04 19:32:02,Class A,626226000_1,55.67761,10.790355,Constrained by her draught,-0.4,12.1,7.0,8.0,9319703,TRAM2,GREAT JACOMBO,Tanker,0,42.0,244.0,Combined GPS/GLONASS,15.0,EG_SUEZ,18/02/2025 18:00:00,AIS,POINT (10.790355 55.67761),626226000_1,0 days 00:01:00,2.2649002504940285e-07,7.429714727414307,0.0,0,4.889448567983203,55.67761,10.790355
2025-02-04 19:33:02,2025-02-04 19:33:02,Class A,626226000_1,55.680955,10.79118,Constrained by her draught,0.2,12.2,7.4,7.0,9319703,TRAM2,GREAT JACOMBO,Tanker,0,42.0,244.0,Combined GPS/GLONASS,15.0,EG_SUEZ,18/02/2025 18:00:00,AIS,POINT (10.79118 55.680955),626226000_1,0 days 00:01:00,3.383709366868229e-07,7.9164350580348355,0.0,0,4.888564120145403,55.680955,10.79118
2025-02-04 19:34:02,2025-02-04 19:34:02,Class A,626226000_1,55.684308,10.791937,Constrained by her draught,-0.2,12.2,8.4,8.0,9319703,TRAM2,GREAT JACOMBO,Tanker,0,42.0,244.0,Combined GPS/GLONASS,15.0,EG_SUEZ,18/02/2025 18:00:00,AIS,POINT (10.791937 55.684308),626226000_1,0 days 00:01:00,8.796389646746443e-08,7.2534421902597614,0.0,0,4.887749796853046,55.684308,10.791937
2025-02-04 19:35:02,2025-02-04 19:35:02,Class A,626226000_1,55.687668,10.792777,Constrained by her draught,0.4,12.2,7.4,7.0,9319703,TRAM2,GREAT JACOMBO,Tanker,0,42.0,244.0,Combined GPS/GLONASS,15.0,EG_SUEZ,18/02/2025 18:00:00,AIS,POINT (10.792777 55.687668),626226000_1,0 days 00:01:00,4.0761885047628626e-07,8.021630757458752,0.0,0,4.886854653708969,55.687668,10.792777
2025-02-04 19:36:03,2025-02-04 19:36:03,Class A,626226000_1,55.691165,10.793533,Constrained by her draught,1.1,12.3,7.7,8.0,9319703,TRAM2,GREAT JACOMBO,Tanker,No additional information,42.0,244.0,Combined GPS/GLONASS,15.0,EG_SUEZ,18/02/2025 18:00:00,AIS,POINT (10.793533 55.691165),626226000_1,0 days 00:01:01,2.186631284922026e-06,6.947440829182312,0.0,0,4.88604368124498,55.691165,10.793533
2025-02-04 19:37:03,2025-02-04 19:37:03,Class A,626226000_1,55.694557,10.79435,Constrained by her draught,2.9,12.3,7.3,8.0,9319703,TRAM2,GREAT JACOMBO,Tanker,No additional information,42.0,244.0,Combined GPS/GLONASS,15.0,EG_SUEZ,18/02/2025 18:00:00,AIS,POINT (10.79435 55.694557),626226000_1,0 days 00:01:00,-1.2982045755867769e-06,7.7306550221249495,0.0,0,4.885175743197884,55.694557,10.79435
2025-02-04 19:38:03,2025-02-04 19:38:03,Class A,626226000_1,55.697947,10.795207,Constrained by her draught,-0.4,12.3,7.7,8.0,9319703,TRAM2,GREAT JACOMBO,Tanker,No additional information,42.0,244.0,Combined GPS/GLONASS,15.0,EG_SUEZ,18/02/2025 18:00:00,AIS,POINT (10.795207 55.697947),626226000_1,0 days 00:01:00,3.509747716549765e-08,8.10825492772625,0.0,0,4.884270175154729,55.697947,10.795207
2025-02-04 19:39:03,2025-02-04 19:39:03,Class A,626226000_1,55.701337,10.796035,Constrained by her draught,1.1,12.3,7.0,7.0,9319703,TRAM2,GREAT JACOMBO,Tanker,No additional information,42.0,244.0,Combined GPS/GLONASS,15.0,EG_SUEZ,18/02/2025 18:00:00,AIS,POINT (10.796035 55.701337),626226000_1,0 days 00:01:00,-7.052313242846749e-08,7.8366772969694125,0.0,0,4.883395940326158,55.701337,10.796035
2025-02-04 19:40:03,2025-02-04 19:40:03,Class A,626226000_1,55.704732,10.796818,Constrained by her draught,2.2,12.3,7.7,9.0,9319703,TRAM2,GREAT JACOMBO,Tanker,0,42.0,244.0,Combined GPS/GLONASS,15.0,EG_SUEZ,18/02/2025 18:00:00,AIS,POINT (10.796818 55.704732),626226000_1,0 days 00:01:00,4.8714893278418875e-08,7.404209445712638,0.0,0,4.882568976399617,55.704732,10.796818
2025-02-04 19:41:03,2025-02-04 19:41:03,Class A,626226000_1,55.708125,10.797688,Constrained by her draught,-0.2,12.3,7.6,8.0,9319703,TRAM2,GREAT JACOMBO,Tanker,0,42.0,244.0,Combined GPS/GLONASS,15.0,EG_SUEZ,18/02/2025 18:00:00,AIS,POINT (10.797688 55.708125),626226000_1,0 days 00:01:00,1.4557135456401416e-07,8.220289322558472,0.0,0,4.881657389070743,55.708125,10.797688
2025-02-04 19:42:03,2025-02-04 19:42:03,Class A,626226000_1,55.711517,10.798563,Constrained by her draught,-2.2,12.3,8.1,8.0,9319703,TRAM2,GREAT JACOMBO,Tanker,0,42.0,244.0,Combined GPS/GLONASS,15.0,EG_SUEZ,18/02/2025 18:00:00,AIS,POINT (10.798563 55.711517),626226000_1,0 days 00:01:00,-1.8191250837354515e-08,8.268576662258397,0.0,0,4.880743156861463,55.711517,10.798563
2025-02-04 19:43:03,2025-02-04 19:43:03,Class A,626226000_1,55.714907,10.799418,Constrained by her draught,-0.4,12.3,7.6,8.0,9319703,TRAM2,GREAT JACOMBO,Tanker,0,42.0,244.0,Combined GPS/GLONASS,15.0,EG_SUEZ,18/02/2025 18:00:00,AIS,POINT (10.799418 55.714907),626226000_1,0 days 00:01:00,-1.1112716079087273e-07,8.086119336075967,0.0,0,4.8798512880440335,55.714907,10.799418
2025-02-04 19:44:02,2025-02-04 19:44:02,Class A,626226000_1,55.718185,10.800265,Constrained by her draught,0.4,12.3,8.3,8.0,9319703,TRAM2,GREAT JACOMBO,Tanker,No additional information,42.0,244.0,Combined GPS/GLONASS,15.0,EG_SUEZ,18/02/2025 18:00:00,AIS,POINT (10.800265 55.718185),626226000_1,0 days 00:00:59,-1.7409973834029464e-06,8.280754563583628,0.0,0,4.878970865727526,55.718185,10.800265
2025-02-04 19:45:02,2025-02-04 19:45:02,Class A,626226000_1,55.721642,10.801095,Constrained by her draught,0.7,12.3,8.4,8.0,9319703,TRAM2,GREAT JACOMBO,Tanker,0,42.0,244.0,Combined GPS/GLONASS,15.0,EG_SUEZ,18/02/2025 18:00:00,AIS,POINT (10.801095 55.721642),626226000_1,0 days 00:01:00,3.704074421648984e-06,7.70101694271915,0.0,0,4.878107989354992,55.721642,10.801095
2025-02-04 19:46:02,2025-02-04 19:46:02,Class A,626226000_1,55.725027,10.802003,Constrained by her draught,-0.4,12.3,8.2,8.0,9319703,TRAM2,GREAT JACOMBO,Tanker,0,42.0,244.0,Combined GPS/GLONASS,15.0,EG_SUEZ,18/02/2025 18:00:00,AIS,POINT (10.802003 55.725027),626226000_1,0 days 00:01:00,-2.011032023871053e-06,8.590407518020243,0.0,0,4.877170164372985,55.725027,10.802003
2025-02-04 19:47:02,2025-02-04 19:47:02,Class A,626226000_1,55.728417,10.80291,Constrained by her draught,0.0,12.3,8.1,8.0,9319703,TRAM2,GREAT JACOMBO,Tanker,0,42.0,244.0,Combined GPS/GLONASS,15.0,EG_SUEZ,18/02/2025 18:00:00,AIS,POINT (10.80291 55.728417),626226000_1,0 days 00:01:00,1.5014002609428415e-07,8.567886325453742,0.0,0,4.876235638970803,55.728417,10.80291
2025-02-04 19:48:02,2025-02-04 19:48:02,Class A,626226000_1,55.731812,10.8038,Constrained by her draught,-2.9,12.4,9.1,8.0,9319703,TRAM2,GREAT JACOMBO,Tanker,0,42.0,244.0,Combined GPS/GLONASS,15.0,EG_SUEZ,18/02/2025 18:00:00,AIS,POINT (10.8038 55.731812),626226000_1,0 days 00:01:00,1.0893561781216988e-07,8.396687326996755,0.0,0,4.875320424516115,55.731812,10.8038
2025-02-04 19:49:02,2025-02-04 19:49:02,Class A,626226000_1,55.735215,10.804687,Constrained by her draught,0.0,12.4,8.2,7.0,9319703,TRAM2,GREAT JACOMBO,Tanker,0,42.0,244.0,Combined GPS/GLONASS,15.0,EG_SUEZ,18/02/2025 18:00:00,AIS,POINT (10.804687 55.735215),626226000_1,0 days 00:01:00,2.3698894785413534e-07,8.34867164064741,0.0,0,4.874410514137069,55.735215,10.804687
2025-02-04 19:50:02,2025-02-04 19:50:02,Class A,626226000_1,55.738573,10.805553,Constrained by her draught,0.0,12.4,8.2,7.0,9319703,TRAM2,GREAT JACOMBO,Tanker,0,42.0,244.0,Combined GPS/GLONASS,15.0,EG_SUEZ,18/02/2025 18:00:00,AIS,POINT (10.805553 55.738573),626226000_1,0 days 00:01:00,-1.430231781638508e-06,8.260770902978322,0.0,0,4.873524227552994,55.738573,10.805553
2025-02-04 19:51:02,2025-02-04 19:51:02,Class A,626226000_1,55.741998,10.806432,Constrained by her draught,0.0,12.4,8.6,8.0,9319703,TRAM2,GREAT JACOMBO,Tanker,0,42.0,244.0,Combined GPS/GLONASS,15.0,EG_SUEZ,18/02/2025 18:00:00,AIS,POINT (10.806432 55.741998),626226000_1,0 days 00:01:00,2.083068417625605e-06,8.220591068792146,0.0,0,4.872626912544404,55.741998,10.806432
2025-02-04 19:52:01,2025-02-04 19:52:01,Class A,626226000_1,55.745427,10.807358,Constrained by her draught,1.6,12.5,7.7,7.0,9319703,TRAM2,GREAT JACOMBO,Tanker,0,42.0,244.0,Combined GPS/GLONASS,15.0,EG_SUEZ,18/02/2025 18:00:00,AIS,POINT (10.807358 55.745427),626226000_1,0 days 00:00:59,2.095816678732125e-06,8.64296465484449,0.0,0,4.871684981998015,55.745427,10.807358
2025-02-04 19:53:01,2025-02-04 19:53:01,Class A,626226000_1,55.748855,10.808253,Constrained by her draught,0.2,12.5,8.5,8.0,9319703,TRAM2,GREAT JACOMBO,Tanker,0,42.0,244.0,Combined GPS/GLONASS,15.0,EG_SUEZ,18/02/2025 18:00:00,AIS,POINT (10.808253 55.748855),626226000_1,0 days 00:01:00,-1.9290207249060003e-06,8.359457582731977,0.0,0,4.870776462749444,55.748855,10.808253
2025-02-04 19:54:01,2025-02-04 19:54:01,Class A,626226000_1,55.752288,10.809198,Constrained by her draught,2.2,12.5,8.8,7.0,9319703,TRAM2,GREAT JACOMBO,Tanker,0,42.0,244.0,Combined GPS/GLONASS,15.0,EG_SUEZ,18/02/2025 18:00:00,AIS,POINT (10.809198 55.752288),626226000_1,0 days 00:01:00,2.831845617009011e-07,8.805907075345033,0.0,0,4.8698203372892515,55.752288,10.809198
2025-02-04 19:55:01,2025-02-04 19:55:01,Class A,626226000_1,55.755722,10.810142,Constrained by her draught,-0.2,12.5,9.3,8.0,9319703,TRAM2,GREAT JACOMBO,Tanker,0,42.0,244.0,Combined GPS/GLONASS,15.0,EG_SUEZ,18/02/2025 18:00:00,AIS,POINT (10.810142 55.755722),626226000_1,0 days 00:01:00,2.7724663278529126e-08,8.793450792395504,0.0,0,4.868867625879347,55.755722,10.810142
2025-02-04 19:56:12,2025-02-04 19:56:12,Class A,626226000_1,55.75978,10.811388,Constrained by her draught,-7.5,12.5,10.7,6.0,9319703,TRAM2,GREAT JACOMBO,Tanker,0,42.0,244.0,Combined GPS/GLONASS,15.0,EG_SUEZ,18/02/2025 18:00:00,AIS,POINT (10.811388 55.75978),626226000_1,0 days 00:01:11,1.3850681739345105e-07,9.801915692919351,0.0,0,4.867614450100171,55.75978,10.811388
2025-02-04 19:57:01,2025-02-04 19:57:01,Class A,626226000_1,55.762587,10.812108,Constrained by her draught,0.2,12.4,6.1,2.0,9319703,TRAM2,GREAT JACOMBO,Tanker,0,42.0,244.0,Combined GPS/GLONASS,15.0,EG_SUEZ,18/02/2025 18:00:00,AIS,POINT (10.812108 55.762587),626226000_1,0 days 00:00:49,-2.807056239807674e-07,8.211869803306797,0.0,0,4.866891464037902,55.762587,10.812108
2025-02-04 19:58:02,2025-02-04 19:58:02,Class A,626226000_1,55.766073,10.812725,Constrained by her draught,-2.9,12.4,5.9,2.0,9319703,TRAM2,GREAT JACOMBO,Tanker,0,42.0,244.0,Combined GPS/GLONASS,15.0,EG_SUEZ,18/02/2025 18:00:00,AIS,POINT (10.812725 55.766073),626226000_1,0 days 00:01:01,-8.21957266400632e-07,5.686302725139512,0.0,0,4.866273008581619,55.766073,10.812725
2025-02-04 19:59:12,2025-02-04 19:59:12,Class A,626226000_1,55.770008,10.813423,Constrained by her draught,0.0,12.3,3.9,0.0,9319703,TRAM2,GREAT JACOMBO,Tanker,0,42.0,244.0,Combined GPS/GLONASS,15.0,EG_SUEZ,18/02/2025 18:00:00,AIS,POINT (10.813423 55.770008),626226000_1,0 days 00:01:10,-1.4898309029994595e-06,5.698139140508886,0.0,0,4.865576366057879,55.770008,10.813423
2025-02-04 20:00:02,2025-02-04 20:00:02,Class A,626226000_1,55.772908,10.813773,Constrained by her draught,-0.7,12.3,3.8,359.0,9319703,TRAM2,GREAT JACOMBO,Tanker,0,42.0,244.0,Combined GPS/GLONASS,15.0,EG_SUEZ,18/02/2025 18:00:00,AIS,POINT (10.813773 55.772908),626226000_1,0 days 00:00:50,3.650652041456877e-06,3.883555926670965,0.0,0,4.8652294037117105,55.772908,10.813773
2025-02-04 20:01:02,2025-02-04 20:01:02,Class A,626226000_1,55.776257,10.814143,Constrained by her draught,0.0,12.2,2.2,358.0,9319703,TRAM2,GREAT JACOMBO,Tanker,0,42.0,244.0,Combined GPS/GLONASS,15.0,EG_SUEZ,18/02/2025 18:00:00,AIS,POINT (10.814143 55.776257),626226000_1,0 days 00:01:00,-4.099550977934213e-06,3.5556300530262206,0.0,0,4.864865063087568,55.776257,10.814143
2025-02-04 20:02:02,2025-02-04 20:02:02,Class A,626226000_1,55.779645,10.81449,Constrained by her draught,-0.4,12.2,3.3,359.0,9319703,TRAM2,GREAT JACOMBO,Tanker,0,42.0,244.0,Combined GPS/GLONASS,15.0,EG_SUEZ,18/02/2025 18:00:00,AIS,POINT (10.81449 55.779645),626226000_1,0 days 00:01:00,1.1800108172931294e-06,3.2965277850192365,0.0,0,4.86452613521122,55.779645,10.81449
2025-02-04 20:03:03,2025-02-04 20:03:03,Class A,626226000_1,55.783132,10.814905,Constrained by her draught,0.4,12.1,4.5,359.0,9319703,TRAM2,GREAT JACOMBO,Tanker,0,42.0,244.0,Combined GPS/GLONASS,15.0,EG_SUEZ,18/02/2025 18:00:00,AIS,POINT (10.814905 55.783132),626226000_1,0 days 00:01:01,1.3355633490331985e-06,3.828779748334057,0.0,0,4.864121908993339,55.783132,10.814905
2025-02-04 20:04:03,2025-02-04 20:04:03,Class A,626226000_1,55.786492,10.815378,Constrained by her draught,-4.5,12.1,5.2,359.0,9319703,TRAM2,GREAT JACOMBO,Tanker,0,42.0,244.0,Combined GPS/GLONASS,15.0,EG_SUEZ,18/02/2025 18:00:00,AIS,POINT (10.815378 55.786492),626226000_1,0 days 00:01:00,-2.0716525850724703e-06,4.525756589339267,0.0,0,4.863661657773903,55.786492,10.815378
2025-02-04 20:05:03,2025-02-04 20:05:03,Class A,626226000_1,55.789827,10.815805,Constrained by her draught,2.2,12.0,4.0,359.0,9319703,TRAM2,GREAT JACOMBO,Tanker,0,42.0,244.0,Combined GPS/GLONASS,15.0,EG_SUEZ,18/02/2025 18:00:00,AIS,POINT (10.815805 55.789827),626226000_1,0 days 00:01:00,-8.31508540551504e-07,4.1173735894035985,0.0,0,4.863249609209259,55.789827,10.815805
2025-02-04 20:06:03,2025-02-04 20:06:03,Class A,626226000_1,55.79316,10.816325,Constrained by her draught,0.4,12.0,4.5,358.0,9319703,TRAM2,GREAT JACOMBO,Tanker,No additional information,42.0,244.0,Combined GPS/GLONASS,15.0,EG_SUEZ,18/02/2025 18:00:00,AIS,POINT (10.816325 55.79316),626226000_1,0 days 00:01:00,6.760140027401752e-08,5.0125368245466575,0.0,0,4.862746840802325,55.79316,10.816325
2025-02-04 20:07:03,2025-02-04 20:07:03,Class A,626226000_1,55.79647,10.816667,Constrained by her draught,0.0,11.9,3.2,359.0,9319703,TRAM2,GREAT JACOMBO,Tanker,0,42.0,244.0,Combined GPS/GLONASS,15.0,EG_SUEZ,18/02/2025 18:00:00,AIS,POINT (10.816667 55.79647),626226000_1,0 days 00:01:00,-9.35449438710046e-07,3.324092858361155,0.0,0,4.862424214856721,55.79647,10.816667
2025-02-04 20:08:03,2025-02-04 20:08:03,Class A,626226000_1,55.799712,10.817023,Constrained by her draught,1.6,11.9,3.7,359.0,9319703,TRAM2,GREAT JACOMBO,Tanker,0,42.0,244.0,Combined GPS/GLONASS,15.0,EG_SUEZ,18/02/2025 18:00:00,AIS,POINT (10.817023 55.799712),626226000_1,0 days 00:01:00,-2.084637779930226e-06,3.531936728496646,0.0,0,4.862089378356284,55.799712,10.817023
2025-02-04 20:09:03,2025-02-04 20:09:03,Class A,626226000_1,55.80301,10.817372,Constrained by her draught,-0.2,11.9,3.7,0.0,9319703,TRAM2,GREAT JACOMBO,Tanker,0,42.0,244.0,Combined GPS/GLONASS,15.0,EG_SUEZ,18/02/2025 18:00:00,AIS,POINT (10.817372 55.80301),626226000_1,0 days 00:01:00,1.7213739496984924e-06,3.4037151248491,0.0,0,4.8617641283571125,55.80301,10.817372
2025-02-04 20:10:03,2025-02-04 20:10:03,Class A,626226000_1,55.806317,10.817807,Constrained by her draught,-3.6,11.9,4.5,359.0,9319703,TRAM2,GREAT JACOMBO,Tanker,0,42.0,244.0,Combined GPS/GLONASS,15.0,EG_SUEZ,18/02/2025 18:00:00,AIS,POINT (10.817807 55.806317),626226000_1,0 days 00:01:00,3.7766208579411975e-07,4.227840890677669,0.0,0,4.861355195879643,55.806317,10.817807
2025-02-04 20:11:03,2025-02-04 20:11:03,Class A,626226000_1,55.809627,10.818087,Constrained by her draught,-6.4,11.9,0.6,355.0,9319703,TRAM2,GREAT JACOMBO,Tanker,0,42.0,244.0,Combined GPS/GLONASS,15.0,EG_SUEZ,18/02/2025 18:00:00,AIS,POINT (10.818087 55.809627),626226000_1,0 days 00:01:00,-7.13537806947834e-08,2.7215679077280015,0.0,0,4.861103538307531,55.809627,10.818087
2025-02-04 20:12:03,2025-02-04 20:12:03,Class A,626226000_1,55.812902,10.817933,Constrained by her draught,0.0,11.8,357.8,354.0,9319703,TRAM2,GREAT JACOMBO,Tanker,0,42.0,244.0,Combined GPS/GLONASS,15.0,EG_SUEZ,18/02/2025 18:00:00,AIS,POINT (10.817933 55.812902),626226000_1,0 days 00:01:00,-1.1629965202297986e-06,358.4864812377416,0.0,0,4.861287782658521,55.812902,10.817933
2025-02-04 20:13:03,2025-02-04 20:13:03,Class A,626226000_1,55.816173,10.817707,Constrained by her draught,2.2,11.8,357.5,355.0,9319703,TRAM2,GREAT JACOMBO,Tanker,0,42.0,244.0,Combined GPS/GLONASS,15.0,EG_SUEZ,18/02/2025 18:00:00,AIS,POINT (10.817707 55.816173),626226000_1,0 days 00:01:00,-8.263214773860117e-08,357.7769317637473,0.0,0,4.861546186389881,55.816173,10.817707
2025-02-04 20:14:03,2025-02-04 20:14:03,Class A,626226000_1,55.819453,10.817502,Constrained by her draught,-2.2,11.8,358.3,355.0,9319703,TRAM2,GREAT JACOMBO,Tanker,No additional information,42.0,244.0,Combined GPS/GLONASS,15.0,EG_SUEZ,18/02/2025 18:00:00,AIS,POINT (10.817502 55.819453),626226000_1,0 days 00:01:00,2.646606051056807e-07,357.98901913765485,0.0,0,4.8617858871300585,55.819453,10.817502
2025-02-04 20:15:02,2025-02-04 20:15:02,Class A,626226000_1,55.82274,10.81731,Constrained by her draught,0.0,11.8,358.1,355.0,9319703,TRAM2,GREAT JACOMBO,Tanker,0,42.0,244.0,Combined GPS/GLONASS,15.0,EG_SUEZ,18/02/2025 18:00:00,AIS,POINT (10.81731 55.82274),626226000_1,0 days 00:00:59,1.965421628656353e-06,358.12061677573666,0.0,0,4.862014879474145,55.82274,10.81731
2025-02-04 20:16:02,2025-02-04 20:16:02,Class A,626226000_1,55.826033,10.817128,Constrained by her draught,-2.2,11.9,358.1,355.0,9319703,TRAM2,GREAT JACOMBO,Tanker,0,42.0,244.0,Combined GPS/GLONASS,15.0,EG_SUEZ,18/02/2025 18:00:00,AIS,POINT (10.817128 55.826033),626226000_1,0 days 00:01:00,-1.5440062234636237e-06,358.2218309315368,0.0,0,4.862236165093279,55.826033,10.817128
2025-02-04 20:17:02,2025-02-04 20:17:02,Class A,626226000_1,55.829328,10.8169,Constrained by her draught,-0.7,11.8,356.9,355.0,9319703,TRAM2,GREAT JACOMBO,Tanker,0,42.0,244.0,Combined GPS/GLONASS,15.0,EG_SUEZ,18/02/2025 18:00:00,AIS,POINT (10.8169 55.829328),626226000_1,0 days 00:01:00,8.989734447332858e-08,357.77434948223663,0.0,0,4.8625056996120835,55.829328,10.8169
2025-02-04 20:18:02,2025-02-04 20:18:02,Class A,626226000_1,55.832628,10.816713,Constrained by her draught,-2.2,11.9,358.4,355.0,9319703,TRAM2,GREAT JACOMBO,Tanker,0,42.0,244.0,Combined GPS/GLONASS,15.0,EG_SUEZ,18/02/2025 18:00:00,AIS,POINT (10.816713 55.832628),626226000_1,0 days 00:01:00,1.2932075410630507e-07,358.1771944993209,0.0,0,4.86273653450205,55.832628,10.816713
2025-02-04 20:19:02,2025-02-04 20:19:02,Class A,626226000_1,55.835927,10.816473,Constrained by her draught,2.9,11.9,357.1,355.0,9319703,TRAM2,GREAT JACOMBO,Tanker,0,42.0,244.0,Combined GPS/GLONASS,15.0,EG_SUEZ,18/02/2025 18:00:00,AIS,POINT (10.816473 55.835927),626226000_1,0 days 00:01:00,2.7101656539622876e-09,357.6605710927877,0.0,0,4.863022585270399,55.835927,10.816473
2025-02-04 20:20:02,2025-02-04 20:20:02,Class A,626226000_1,55.839225,10.816272,Constrained by her draught,4.5,11.8,355.8,355.0,9319703,TRAM2,GREAT JACOMBO,Tanker,0,42.0,244.0,Combined GPS/GLONASS,15.0,EG_SUEZ,18/02/2025 18:00:00,AIS,POINT (10.816272 55.839225),626226000_1,0 days 00:01:00,-5.6380032728087574e-08,358.03997556026997,0.0,0,4.863271858311543,55.839225,10.816272
2025-02-04 20:21:02,2025-02-04 20:21:02,Class A,626226000_1,55.842513,10.816043,Constrained by her draught,0.4,11.9,358.2,355.0,9319703,TRAM2,GREAT JACOMBO,Tanker,0,42.0,244.0,Combined GPS/GLONASS,15.0,EG_SUEZ,18/02/2025 18:00:00,AIS,POINT (10.816043 55.842513),626226000_1,0 days 00:01:00,-2.911315277760324e-07,357.76060218497656,0.0,0,4.863551203269684,55.842513,10.816043
2025-02-04 20:22:02,2025-02-04 20:22:02,Class A,626226000_1,55.845813,10.815898,Constrained by her draught,4.5,11.8,357.5,355.0,9319703,TRAM2,GREAT JACOMBO,Tanker,0,42.0,244.0,Combined GPS/GLONASS,15.0,EG_SUEZ,18/02/2025 18:00:00,AIS,POINT (10.815898 55.845813),626226000_1,0 days 00:01:00,3.2431017309159324e-07,358.5868835811802,0.0,0,4.863748972901561,55.845813,10.815898
2025-02-04 20:23:02,2025-02-04 20:23:02,Class A,626226000_1,55.849107,10.815805,Constrained by her draught,-4.5,11.9,359.8,355.0,9319703,TRAM2,GREAT JACOMBO,Tanker,0,42.0,244.0,Combined GPS/GLONASS,15.0,EG_SUEZ,18/02/2025 18:00:00,AIS,POINT (10.815805 55.849107),626226000_1,0 days 00:01:00,-2.038435161775317e-07,359.09197428953695,0.0,0,4.863896883186773,55.849107,10.815805
2025-02-04 20:24:02,2025-02-04 20:24:02,Class A,626226000_1,55.852393,10.815693,Constrained by her draught,-2.2,11.8,358.8,355.0,9319703,TRAM2,GREAT JACOMBO,Tanker,0,42.0,244.0,Combined GPS/GLONASS,15.0,EG_SUEZ,18/02/2025 18:00:00,AIS,POINT (10.815693 55.852393),626226000_1,0 days 00:01:00,-2.41536712713841e-07,358.9039360023361,0.0,0,4.864065877019554,55.852393,10.815693
2025-02-04 20:25:02,2025-02-04 20:25:02,Class A,626226000_1,55.855677,10.815553,Constrained by her draught,-2.2,11.8,359.0,355.0,9319703,TRAM2,GREAT JACOMBO,Tanker,0,42.0,244.0,Combined GPS/GLONASS,15.0,EG_SUEZ,18/02/2025 18:00:00,AIS,POINT (10.815553 55.855677),626226000_1,0 days 00:01:00,-5.1282197322108024e-08,358.62929578387485,0.0,0,4.864265045949902,55.855677,10.815553
2025-02-04 20:26:03,2025-02-04 20:26:03,Class A,626226000_1,55.859007,10.815422,Constrained by her draught,-2.2,11.8,359.4,355.0,9319703,TRAM2,GREAT JACOMBO,Tanker,0,42.0,244.0,Combined GPS/GLONASS,15.0,EG_SUEZ,18/02/2025 18:00:00,AIS,POINT (10.815422 55.859007),626226000_1,0 days 00:01:01,-2.6559473811597196e-07,358.73520245055397,0.0,0,4.864458305279324,55.859007,10.815422
2025-02-04 20:27:03,2025-02-04 20:27:03,Class A,626226000_1,55.862278,10.815312,Constrained by her draught,-4.5,11.8,359.4,354.0,9319703,TRAM2,GREAT JACOMBO,Tanker,0,42.0,244.0,Combined GPS/GLONASS,15.0,EG_SUEZ,18/02/2025 18:00:00,AIS,POINT (10.815312 55.862278),626226000_1,0 days 00:01:00,-1.4303346061722334e-07,358.91884357752025,0.0,0,4.864631680369234,55.862278,10.815312
2025-02-04 20:28:03,2025-02-04 20:28:03,Class A,626226000_1,55.865532,10.815118,Constrained by her draught,2.9,11.7,357.8,355.0,9319703,TRAM2,GREAT JACOMBO,Tanker,0,42.0,244.0,Combined GPS/GLONASS,15.0,EG_SUEZ,18/02/2025 18:00:00,AIS,POINT (10.815118 55.865532),626226000_1,0 days 00:01:00,-4.872613213159165e-07,358.0839193413168,0.0,0,4.864890887090891,55.865532,10.815118
2025-02-04 20:29:03,2025-02-04 20:29:03,Class A,626226000_1,55.868775,10.814998,Constrained by her draught,2.9,11.7,0.8,359.0,9319703,TRAM2,GREAT JACOMBO,Tanker,0,42.0,244.0,Combined GPS/GLONASS,15.0,EG_SUEZ,18/02/2025 18:00:00,AIS,POINT (10.814998 55.868775),626226000_1,0 days 00:01:00,-3.749871007272179e-07,358.8106019962346,0.0,0,4.865078048969925,55.868775,10.814998
2025-02-04 20:30:03,2025-02-04 20:30:03,Class A,626226000_1,55.872023,10.81525,Constrained by her draught,-2.2,11.7,2.9,0.0,9319703,TRAM2,GREAT JACOMBO,Tanker,0,42.0,244.0,Combined GPS/GLONASS,15.0,EG_SUEZ,18/02/2025 18:00:00,AIS,POINT (10.81525 55.872023),626226000_1,0 days 00:01:00,2.2851856412473292e-07,2.492466873597266,0.0,0,4.864895564595914,55.872023,10.81525
2025-02-04 20:31:03,2025-02-04 20:31:03,Class A,626226000_1,55.875277,10.815635,Constrained by her draught,0.2,11.7,3.5,0.0,9319703,TRAM2,GREAT JACOMBO,Tanker,0,42.0,244.0,Combined GPS/GLONASS,15.0,EG_SUEZ,18/02/2025 18:00:00,AIS,POINT (10.815635 55.875277),626226000_1,0 days 00:01:00,3.124853725087768e-07,3.7974243186401964,0.0,0,4.86458242267453,55.875277,10.815635
2025-02-04 20:32:03,2025-02-04 20:32:03,Class A,626226000_1,55.87853,10.815948,Constrained by her draught,5.4,11.7,2.8,1.0,9319703,TRAM2,GREAT JACOMBO,Tanker,0,42.0,244.0,Combined GPS/GLONASS,15.0,EG_SUEZ,18/02/2025 18:00:00,AIS,POINT (10.815948 55.87853),626226000_1,0 days 00:01:00,-1.0620439765312087e-07,3.089478868449703,0.0,0,4.864343425656128,55.87853,10.815948
2025-02-04 20:33:03,2025-02-04 20:33:03,Class A,626226000_1,55.881768,10.816445,Constrained by her draught,12.9,11.7,7.7,10.0,9319703,TRAM2,GREAT JACOMBO,Tanker,0,42.0,244.0,Combined GPS/GLONASS,15.0,EG_SUEZ,18/02/2025 18:00:00,AIS,POINT (10.816445 55.881768),626226000_1,0 days 00:01:00,-2.388859184047996e-07,4.920619999677967,0.0,0,4.863922308450763,55.881768,10.816445
2025-02-04 20:34:03,2025-02-04 20:34:03,Class A,626226000_1,55.884868,10.817742,Constrained by her draught,19.7,11.6,19.4,27.0,9319703,TRAM2,GREAT JACOMBO,Tanker,0,42.0,244.0,Combined GPS/GLONASS,15.0,EG_SUEZ,18/02/2025 18:00:00,AIS,POINT (10.817742 55.884868),626226000_1,0 days 00:01:00,-2.0246543705866594e-06,13.205822412446423,0.0,0,4.862700234393643,55.884868,10.817742
2025-02-04 20:35:03,2025-02-04 20:35:03,Class A,626226000_1,55.887658,10.820427,Constrained by her draught,16.1,11.3,36.4,45.0,9319703,TRAM2,GREAT JACOMBO,Tanker,No additional information,42.0,244.0,Combined GPS/GLONASS,15.0,EG_SUEZ,18/02/2025 18:00:00,AIS,POINT (10.820427 55.887658),626226000_1,0 days 00:01:00,-3.898851556072338e-07,28.35598824132046,0.0,0,4.860084863627074,55.887658,10.820427
2025-02-04 20:36:03,2025-02-04 20:36:03,Class A,626226000_1,55.889847,10.8243,Constrained by her draught,14.5,11.0,52.9,62.0,9319703,TRAM2,GREAT JACOMBO,Tanker,0,42.0,244.0,Combined GPS/GLONASS,15.0,EG_SUEZ,18/02/2025 18:00:00,AIS,POINT (10.8243 55.889847),626226000_1,0 days 00:01:00,-2.629019357571694e-06,44.77484168941618,0.0,0,4.8562682397525165,55.889847,10.8243
2025-02-04 20:37:03,2025-02-04 20:37:03,Class A,626226000_1,55.891315,10.828975,Constrained by her draught,5.4,10.8,65.5,69.0,9319703,TRAM2,GREAT JACOMBO,Tanker,0,42.0,244.0,Combined GPS/GLONASS,15.0,EG_SUEZ,18/02/2025 18:00:00,AIS,POINT (10.828975 55.891315),626226000_1,0 days 00:01:00,-2.3952655819196086e-06,60.75105595774369,0.0,0,4.851632338990456,55.891315,10.828975
2025-02-04 20:38:03,2025-02-04 20:38:03,Class A,626226000_1,55.892423,10.833982,Constrained by her draught,2.2,10.9,68.7,70.0,9319703,TRAM2,GREAT JACOMBO,Tanker,No additional information,42.0,244.0,Combined GPS/GLONASS,15.0,EG_SUEZ,18/02/2025 18:00:00,AIS,POINT (10.833982 55.892423),626226000_1,0 days 00:01:00,4.4720084510188316e-07,68.46234894748636,0.0,0,4.846655693978787,55.892423,10.833982
2025-02-04 20:39:03,2025-02-04 20:39:03,Class A,626226000_1,55.893462,10.839095,Constrained by her draught,-5.4,11.0,71.2,69.0,9319703,TRAM2,GREAT JACOMBO,Tanker,0,42.0,244.0,Combined GPS/GLONASS,15.0,EG_SUEZ,18/02/2025 18:00:00,AIS,POINT (10.839095 55.893462),626226000_1,0 days 00:01:00,9.673685614032102e-07,70.07782061132741,0.0,0,4.841571589825869,55.893462,10.839095
2025-02-04 20:40:02,2025-02-04 20:40:02,Class A,626226000_1,55.894532,10.844147,Constrained by her draught,0.0,11.1,68.9,68.0,9319703,TRAM2,GREAT JACOMBO,Tanker,0,42.0,244.0,Combined GPS/GLONASS,15.0,EG_SUEZ,18/02/2025 18:00:00,AIS,POINT (10.844147 55.894532),626226000_1,0 days 00:00:59,9.413400868777457e-07,69.30535674322834,0.0,0,4.836549569796737,55.894532,10.844147
2025-02-04 20:41:02,2025-02-04 20:41:02,Class A,626226000_1,55.895648,10.849283,Constrained by her draught,1.6,11.1,67.9,68.0,9319703,TRAM2,GREAT JACOMBO,Tanker,0,42.0,244.0,Combined GPS/GLONASS,15.0,EG_SUEZ,18/02/2025 18:00:00,AIS,POINT (10.849283 55.895648),626226000_1,0 days 00:01:00,2.786344383786382e-07,68.81522595110573,0.0,0,4.831445110008081,55.895648,10.849283
2025-02-04 20:42:02,2025-02-04 20:42:02,Class A,626226000_1,55.896798,10.85432,Constrained by her draught,-0.4,10.9,67.5,68.0,9319703,TRAM2,GREAT JACOMBO,Tanker,0,42.0,244.0,Combined GPS/GLONASS,15.0,EG_SUEZ,18/02/2025 18:00:00,AIS,POINT (10.85432 55.896798),626226000_1,0 days 00:01:00,-1.2141661277025416e-06,67.84210536852561,0.0,0,4.826440857793661,55.896798,10.85432
2025-02-04 20:43:02,2025-02-04 20:43:02,Class A,626226000_1,55.897915,10.859288,Constrained by her draught,-4.5,10.7,67.4,66.0,9319703,TRAM2,GREAT JACOMBO,Tanker,0,42.0,244.0,Combined GPS/GLONASS,15.0,EG_SUEZ,18/02/2025 18:00:00,AIS,POINT (10.859288 55.897915),626226000_1,0 days 00:01:00,-1.4960853392978596e-06,68.14650524726682,0.0,0,4.821505021869106,55.897915,10.859288
2025-02-04 20:44:02,2025-02-04 20:44:02,Class A,626226000_1,55.899127,10.86407,Constrained by her draught,3.6,10.5,64.9,66.0,9319703,TRAM2,GREAT JACOMBO,Tanker,0,42.0,244.0,Combined GPS/GLONASS,15.0,EG_SUEZ,18/02/2025 18:00:00,AIS,POINT (10.86407 55.899127),626226000_1,0 days 00:01:00,-1.8268049430221305e-06,65.672340458277,0.0,0,4.816758058114296,55.899127,10.86407
2025-02-04 20:45:02,2025-02-04 20:45:02,Class A,626226000_1,55.900363,10.868728,Constrained by her draught,-2.2,10.3,63.6,64.0,9319703,TRAM2,GREAT JACOMBO,Tanker,0,42.0,244.0,Combined GPS/GLONASS,15.0,EG_SUEZ,18/02/2025 18:00:00,AIS,POINT (10.868728 55.900363),626226000_1,0 days 00:01:00,-1.647559271353872e-06,64.67006509001516,0.0,0,4.81213608919168,55.900363,10.868728
2025-02-04 20:46:02,2025-02-04 20:46:02,Class A,626226000_1,55.90169,10.873218,Constrained by her draught,-0.4,10.2,60.9,63.0,9319703,TRAM2,GREAT JACOMBO,Tanker,0,42.0,244.0,Combined GPS/GLONASS,15.0,EG_SUEZ,18/02/2025 18:00:00,AIS,POINT (10.873218 55.90169),626226000_1,0 days 00:01:00,-1.3583705307498484e-06,62.20117436979649,0.0,0,4.807685001742939,55.90169,10.873218
2025-02-04 20:47:02,2025-02-04 20:47:02,Class A,626226000_1,55.903028,10.8776,Constrained by her draught,-0.4,10.0,61.2,63.0,9319703,TRAM2,GREAT JACOMBO,Tanker,0,42.0,244.0,Combined GPS/GLONASS,15.0,EG_SUEZ,18/02/2025 18:00:00,AIS,POINT (10.8776 55.903028),626226000_1,0 days 00:01:00,-1.4967189259043611e-06,61.422747358609115,0.0,0,4.803342622586901,55.903028,10.8776
2025-02-04 20:48:03,2025-02-04 20:48:03,Class A,626226000_1,55.904393,10.88202,Constrained by her draught,4.5,10.0,59.8,63.0,9319703,TRAM2,GREAT JACOMBO,Tanker,0,42.0,244.0,Combined GPS/GLONASS,15.0,EG_SUEZ,18/02/2025 18:00:00,AIS,POINT (10.88202 55.904393),626226000_1,0 days 00:01:01,-4.515594903323513e-07,61.14803233796334,0.0,0,4.798963480736751,55.904393,10.88202
2025-02-04 20:49:03,2025-02-04 20:49:03,Class A,626226000_1,55.905715,10.886353,Constrained by her draught,-2.9,9.9,60.3,62.0,9319703,TRAM2,GREAT JACOMBO,Tanker,0,42.0,244.0,Combined GPS/GLONASS,15.0,EG_SUEZ,18/02/2025 18:00:00,AIS,POINT (10.886353 55.905715),626226000_1,0 days 00:01:00,-5.298226376415088e-07,61.43998764240632,0.0,0,4.794670515753299,55.905715,10.886353
2025-02-04 20:50:03,2025-02-04 20:50:03,Class A,626226000_1,55.907052,10.890632,Constrained by her draught,2.2,9.8,60.1,63.0,9319703,TRAM2,GREAT JACOMBO,Tanker,0,42.0,244.0,Combined GPS/GLONASS,15.0,EG_SUEZ,18/02/2025 18:00:00,AIS,POINT (10.890632 55.907052),626226000_1,0 days 00:01:00,-6.009377065680146e-07,60.86235321209654,0.0,0,4.790432404914613,55.907052,10.890632
2025-02-04 20:51:03,2025-02-04 20:51:03,Class A,626226000_1,55.908387,10.894863,Constrained by her draught,2.2,9.8,60.6,63.0,9319703,TRAM2,GREAT JACOMBO,Tanker,0,42.0,244.0,Combined GPS/GLONASS,15.0,EG_SUEZ,18/02/2025 18:00:00,AIS,POINT (10.894863 55.908387),626226000_1,0 days 00:01:00,-7.602956132827064e-07,60.62251672081817,0.0,0,4.786242659837672,55.908387,10.894863
2025-02-04 20:52:03,2025-02-04 20:52:03,Class A,626226000_1,55.909715,10.899055,Constrained by her draught,2.9,9.7,61.1,63.0,9319703,TRAM2,GREAT JACOMBO,Tanker,0,42.0,244.0,Combined GPS/GLONASS,15.0,EG_SUEZ,18/02/2025 18:00:00,AIS,POINT (10.899055 55.909715),626226000_1,0 days 00:01:00,-6.987898002136881e-07,60.52354330747943,0.0,0,4.782092132723709,55.909715,10.899055
2025-02-04 20:53:03,2025-02-04 20:53:03,Class A,626226000_1,55.911065,10.90327,Constrained by her draught,6.4,9.9,58.7,64.0,9319703,TRAM2,GREAT JACOMBO,Tanker,0,42.0,244.0,Combined GPS/GLONASS,15.0,EG_SUEZ,18/02/2025 18:00:00,AIS,POINT (10.90327 55.911065),626226000_1,0 days 00:01:00,6.810184942125594e-07,60.25295963135534,0.0,0,4.7779197239167805,55.911065,10.90327
2025-02-04 20:55:03,2025-02-04 20:55:03,Class A,626226000_1,55.91359,10.912042,Constrained by her draught,3.6,10.0,65.3,68.0,9319703,TRAM2,GREAT JACOMBO,Tanker,0,42.0,244.0,Combined GPS/GLONASS,15.0,EG_SUEZ,18/02/2025 18:00:00,AIS,POINT (10.912042 55.91359),626226000_1,0 days 00:02:00,6.609634678725676e-07,62.811738246781715,0.0,0,4.769229035171199,55.91359,10.912042
2025-02-04 20:56:02,2025-02-04 20:56:02,Class A,626226000_1,55.914725,10.916623,Constrained by her draught,-1.1,10.2,65.3,68.0,9319703,TRAM2,GREAT JACOMBO,Tanker,0,42.0,244.0,Combined GPS/GLONASS,15.0,EG_SUEZ,18/02/2025 18:00:00,AIS,POINT (10.916623 55.914725),626226000_1,0 days 00:00:59,2.8815452168727785e-06,66.14835487118489,0.0,0,4.764685427223292,55.914725,10.916623
2025-02-04 20:57:02,2025-02-04 20:57:02,Class A,626226000_1,55.915882,10.921273,Constrained by her draught,2.2,10.3,66.8,70.0,9319703,TRAM2,GREAT JACOMBO,Tanker,0,42.0,244.0,Combined GPS/GLONASS,15.0,EG_SUEZ,18/02/2025 18:00:00,AIS,POINT (10.921273 55.915882),626226000_1,0 days 00:01:00,-1.0495020591392718e-07,66.05756221214739,0.0,0,4.760073886614052,55.915882,10.921273
2025-02-04 20:58:02,2025-02-04 20:58:02,Class A,626226000_1,55.916982,10.926045,Constrained by her draught,-0.4,10.5,68.0,71.0,9319703,TRAM2,GREAT JACOMBO,Tanker,0,42.0,244.0,Combined GPS/GLONASS,15.0,EG_SUEZ,18/02/2025 18:00:00,AIS,POINT (10.926045 55.916982),626226000_1,0 days 00:01:00,1.2551461764934997e-06,67.63906824656692,0.0,0,4.7553389579092045,55.916982,10.926045
2025-02-04 20:59:02,2025-02-04 20:59:02,Class A,626226000_1,55.918043,10.930927,Constrained by her draught,1.6,10.6,69.4,70.0,9319703,TRAM2,GREAT JACOMBO,Tanker,0,42.0,244.0,Combined GPS/GLONASS,15.0,EG_SUEZ,18/02/2025 18:00:00,AIS,POINT (10.930927 55.918043),626226000_1,0 days 00:01:00,1.3258949841667491e-06,68.80067928748485,0.0,0,4.750493168798582,55.918043,10.930927
2025-02-04 21:00:02,2025-02-04 21:00:02,Class A,626226000_1,55.919142,10.935838,Constrained by her draught,1.1,10.7,69.2,71.0,9319703,TRAM2,GREAT JACOMBO,Tanker,0,42.0,244.0,Combined GPS/GLONASS,15.0,EG_SUEZ,18/02/2025 18:00:00,AIS,POINT (10.935838 55.919142),626226000_1,0 days 00:01:00,8.962512833372357e-07,68.22871517550027,0.0,0,4.7456199293664465,55.919142,10.935838
2025-02-04 21:01:13,2025-02-04 21:01:13,Class A,626226000_1,55.920405,10.941647,Constrained by her draught,0.7,10.8,68.2,70.0,9319703,TRAM2,GREAT JACOMBO,Tanker,0,42.0,244.0,Combined GPS/GLONASS,15.0,EG_SUEZ,18/02/2025 18:00:00,AIS,POINT (10.941647 55.920405),626226000_1,0 days 00:01:11,-3.3187662728585485e-07,68.79096740930453,0.0,0,4.739854822993,55.920405,10.941647
2025-02-04 21:02:03,2025-02-04 21:02:03,Class A,626226000_1,55.921352,10.945915,Constrained by her draught,0.7,10.9,67.7,70.0,9319703,TRAM2,GREAT JACOMBO,Tanker,0,42.0,244.0,Combined GPS/GLONASS,15.0,EG_SUEZ,18/02/2025 18:00:00,AIS,POINT (10.945915 55.921352),626226000_1,0 days 00:00:50,5.057107850351024e-06,68.39552859653901,0.0,0,4.735619978945629,55.921352,10.945915
2025-02-04 21:03:03,2025-02-04 21:03:03,Class A,626226000_1,55.922483,10.95098,Constrained by her draught,-3.6,11.1,68.1,70.0,9319703,TRAM2,GREAT JACOMBO,Tanker,0,42.0,244.0,Combined GPS/GLONASS,15.0,EG_SUEZ,18/02/2025 18:00:00,AIS,POINT (10.95098 55.922483),626226000_1,0 days 00:01:00,-9.775097963074058e-07,68.26984908732476,0.0,0,4.730594885948807,55.922483,10.95098
2025-02-04 21:04:12,2025-02-04 21:04:12,Class A,626226000_1,55.923788,10.956872,Constrained by her draught,-3.6,11.2,68.8,70.0,9319703,TRAM2,GREAT JACOMBO,Tanker,0,42.0,244.0,Combined GPS/GLONASS,15.0,EG_SUEZ,18/02/2025 18:00:00,AIS,POINT (10.956872 55.923788),626226000_1,0 days 00:01:09,8.562405065806985e-07,68.42881779828042,0.0,0,4.724749401328286,55.923788,10.956872
2025-02-04 21:05:03,2025-02-04 21:05:03,Class A,626226000_1,55.924802,10.961235,Constrained by her draught,0.7,11.2,68.6,72.0,9319703,TRAM2,GREAT JACOMBO,Tanker,0,42.0,244.0,Combined GPS/GLONASS,15.0,EG_SUEZ,18/02/2025 18:00:00,AIS,POINT (10.961235 55.924802),626226000_1,0 days 00:00:51,9.693282891723176e-07,67.46938809035032,0.0,0,4.72042275201798,55.924802,10.961235
2025-02-04 21:06:03,2025-02-04 21:06:03,Class A,626226000_1,55.925892,10.966463,Constrained by her draught,-4.5,11.3,67.5,67.0,9319703,TRAM2,GREAT JACOMBO,Tanker,0,42.0,244.0,Combined GPS/GLONASS,15.0,EG_SUEZ,18/02/2025 18:00:00,AIS,POINT (10.966463 55.925892),626226000_1,0 days 00:01:00,3.7119873345604555e-07,69.58622730130475,0.0,0,4.715234453038895,55.925892,10.966463
2025-02-04 21:07:03,2025-02-04 21:07:03,Class A,626226000_1,55.927178,10.971577,Constrained by her draught,-5.4,11.3,62.8,60.0,9319703,TRAM2,GREAT JACOMBO,Tanker,0,42.0,244.0,Combined GPS/GLONASS,15.0,EG_SUEZ,18/02/2025 18:00:00,AIS,POINT (10.971577 55.927178),626226000_1,0 days 00:01:00,4.608442298734659e-07,65.82530287452329,0.0,0,4.710167115623075,55.927178,10.971577
2025-02-04 21:08:03,2025-02-04 21:08:03,Class A,626226000_1,55.928765,10.976435,Constrained by her draught,-8.7,11.3,53.9,49.0,9319703,TRAM2,GREAT JACOMBO,Tanker,0,42.0,244.0,Combined GPS/GLONASS,15.0,EG_SUEZ,18/02/2025 18:00:00,AIS,POINT (10.976435 55.928765),626226000_1,0 days 00:01:00,2.921796222846249e-07,59.751159755425874,0.0,0,4.705366457926311,55.928765,10.976435
2025-02-04 21:09:03,2025-02-04 21:09:03,Class A,626226000_1,55.930815,10.980677,Constrained by her draught,-10.0,11.3,45.6,40.0,9319703,TRAM2,GREAT JACOMBO,Tanker,0,42.0,244.0,Combined GPS/GLONASS,15.0,EG_SUEZ,18/02/2025 18:00:00,AIS,POINT (10.980677 55.930815),626226000_1,0 days 00:01:00,-4.0976293481312605e-07,49.21561280790047,0.0,0,4.701198252387363,55.930815,10.980677
2025-02-04 21:10:03,2025-02-04 21:10:03,Class A,626226000_1,55.933188,10.984323,Constrained by her draught,-7.5,11.2,36.1,30.0,9319703,TRAM2,GREAT JACOMBO,Tanker,0,42.0,244.0,Combined GPS/GLONASS,15.0,EG_SUEZ,18/02/2025 18:00:00,AIS,POINT (10.984323 55.933188),626226000_1,0 days 00:01:00,-2.636513365287795e-07,40.71654243968965,0.0,0,4.697638158681552,55.933188,10.984323
2025-02-04 21:11:03,2025-02-04 21:11:03,Class A,626226000_1,55.935838,10.987258,Constrained by her draught,-6.4,11.2,30.2,25.0,9319703,TRAM2,GREAT JACOMBO,Tanker,0,42.0,244.0,Combined GPS/GLONASS,15.0,EG_SUEZ,18/02/2025 18:00:00,AIS,POINT (10.987258 55.935838),626226000_1,0 days 00:01:00,-4.128226963795358e-07,31.813486811484665,0.0,0,4.694799925681178,55.935838,10.987258
2025-02-04 21:12:03,2025-02-04 21:12:03,Class A,626226000_1,55.9386,10.989828,Constrained by her draught,0.0,11.2,27.5,25.0,9319703,TRAM2,GREAT JACOMBO,Tanker,0,42.0,244.0,Combined GPS/GLONASS,15.0,EG_SUEZ,18/02/2025 18:00:00,AIS,POINT (10.989828 55.9386),626226000_1,0 days 00:01:00,-1.3513073199797795e-07,27.525913120857695,0.0,0,4.6923321725495954,55.9386,10.989828
2025-02-04 21:13:03,2025-02-04 21:13:03,Class A,626226000_1,55.941402,10.992397,Constrained by her draught,-0.4,11.4,27.1,25.0,9319703,TRAM2,GREAT JACOMBO,Tanker,0,42.0,244.0,Combined GPS/GLONASS,15.0,EG_SUEZ,18/02/2025 18:00:00,AIS,POINT (10.992397 55.941402),626226000_1,0 days 00:01:00,1.0888836971232034e-06,27.178933627398067,0.0,0,4.689868647926186,55.941402,10.992397
2025-02-04 21:14:03,2025-02-04 21:14:03,Class A,626226000_1,55.944232,10.995002,Constrained by her draught,-2.2,11.5,27.0,25.0,9319703,TRAM2,GREAT JACOMBO,Tanker,0,42.0,244.0,Combined GPS/GLONASS,15.0,EG_SUEZ,18/02/2025 18:00:00,AIS,POINT (10.995002 55.944232),626226000_1,0 days 00:01:00,1.0545980915906486e-06,27.269821190063965,0.0,0,4.68737199984341,55.944232,10.995002
2025-02-04 21:15:03,2025-02-04 21:15:03,Class A,626226000_1,55.947083,10.997648,Constrained by her draught,4.5,11.6,27.5,25.0,9319703,TRAM2,GREAT JACOMBO,Tanker,0,42.0,244.0,Combined GPS/GLONASS,15.0,EG_SUEZ,18/02/2025 18:00:00,AIS,POINT (10.997648 55.947083),626226000_1,0 days 00:01:00,9.026994838013559e-07,27.460430598617904,0.0,0,4.684837019826944,55.947083,10.997648
2025-02-04 21:16:12,2025-02-04 21:16:12,Class A,626226000_1,55.950352,11.000655,Constrained by her draught,3.6,11.7,26.4,25.0,9319703,TRAM2,GREAT JACOMBO,Tanker,0,42.0,244.0,Combined GPS/GLONASS,15.0,EG_SUEZ,18/02/2025 18:00:00,AIS,POINT (11.000655 55.950352),626226000_1,0 days 00:01:09,-4.186013261827299e-07,27.249835256923063,0.0,0,4.681959583950827,55.950352,11.000655
2025-02-04 21:17:02,2025-02-04 21:17:02,Class A,626226000_1,55.952763,11.002872,Constrained by her draught,7.5,11.7,29.5,31.0,9319703,TRAM2,GREAT JACOMBO,Tanker,0,42.0,244.0,Combined GPS/GLONASS,15.0,EG_SUEZ,18/02/2025 18:00:00,AIS,POINT (11.002872 55.952763),626226000_1,0 days 00:00:50,2.102389278345086e-06,27.240396023524568,0.0,0,4.679839708865785,55.952763,11.002872
2025-02-04 21:18:02,2025-02-04 21:18:02,Class A,626226000_1,55.955497,11.00607,Constrained by her draught,1.6,11.8,35.2,35.0,9319703,TRAM2,GREAT JACOMBO,Tanker,0,42.0,244.0,Combined GPS/GLONASS,15.0,EG_SUEZ,18/02/2025 18:00:00,AIS,POINT (11.00607 55.955497),626226000_1,0 days 00:01:00,4.512183380686567e-07,33.21835381499943,0.0,0,4.676754017629001,55.955497,11.00607
2025-02-04 21:19:02,2025-02-04 21:19:02,Class A,626226000_1,55.958143,11.009552,Constrained by her draught,-1.6,11.9,37.0,36.0,9319703,TRAM2,GREAT JACOMBO,Tanker,0,42.0,244.0,Combined GPS/GLONASS,15.0,EG_SUEZ,18/02/2025 18:00:00,AIS,POINT (11.009552 55.958143),626226000_1,0 days 00:01:00,5.808471459171847e-07,36.37730141451431,0.0,0,4.673382704088871,55.958143,11.009552
2025-02-04 21:20:02,2025-02-04 21:20:02,Class A,626226000_1,55.960757,11.01312,Constrained by her draught,-2.9,11.8,37.7,35.0,9319703,TRAM2,GREAT JACOMBO,Tanker,0,42.0,244.0,Combined GPS/GLONASS,15.0,EG_SUEZ,18/02/2025 18:00:00,AIS,POINT (11.01312 55.960757),626226000_1,0 days 00:01:00,1.0319008843872058e-07,37.38107919201542,0.0,0,4.669925794582714,55.960757,11.01312
2025-02-04 21:21:02,2025-02-04 21:21:02,Class A,626226000_1,55.963372,11.016632,Constrained by her draught,-1.6,11.8,36.7,34.0,9319703,TRAM2,GREAT JACOMBO,Tanker,0,42.0,244.0,Combined GPS/GLONASS,15.0,EG_SUEZ,18/02/2025 18:00:00,AIS,POINT (11.016632 55.963372),626226000_1,0 days 00:01:00,-5.654630123292422e-07,36.93237163954984,0.0,0,4.666526508877454,55.963372,11.016632
2025-02-04 21:22:02,2025-02-04 21:22:02,Class A,626226000_1,55.966015,11.020068,Constrained by her draught,4.5,11.8,35.9,34.0,9319703,TRAM2,GREAT JACOMBO,Tanker,0,42.0,244.0,Combined GPS/GLONASS,15.0,EG_SUEZ,18/02/2025 18:00:00,AIS,POINT (11.020068 55.966015),626226000_1,0 days 00:01:00,-9.174997820541574e-08,36.039558501307454,0.0,0,4.663205985725807,55.966015,11.020068
2025-02-04 21:23:02,2025-02-04 21:23:02,Class A,626226000_1,55.96868,11.023565,Constrained by her draught,0.0,12.0,36.8,35.0,9319703,TRAM2,GREAT JACOMBO,Tanker,0,42.0,244.0,Combined GPS/GLONASS,15.0,EG_SUEZ,18/02/2025 18:00:00,AIS,POINT (11.023565 55.96868),626226000_1,0 days 00:01:00,1.1718071708106727e-06,36.29174071999603,0.0,0,4.659827141709551,55.96868,11.023565
2025-02-04 21:24:03,2025-02-04 21:24:03,Class A,626226000_1,55.97138,11.027215,Constrained by her draught,0.7,12.0,37.2,35.0,9319703,TRAM2,GREAT JACOMBO,Tanker,0,42.0,244.0,Combined GPS/GLONASS,15.0,EG_SUEZ,18/02/2025 18:00:00,AIS,POINT (11.027215 55.97138),626226000_1,0 days 00:01:01,7.230153913893275e-07,37.10716223034103,0.0,0,4.656298686662294,55.97138,11.027215
2025-02-04 21:25:03,2025-02-04 21:25:03,Class A,626226000_1,55.974062,11.030802,Constrained by her draught,-2.9,12.1,36.4,35.0,9319703,TRAM2,GREAT JACOMBO,Tanker,0,42.0,244.0,Combined GPS/GLONASS,15.0,EG_SUEZ,18/02/2025 18:00:00,AIS,POINT (11.030802 55.974062),626226000_1,0 days 00:01:00,6.129226717199674e-07,36.81013004386875,0.0,0,4.652834119589479,55.974062,11.030802
2025-02-04 21:26:03,2025-02-04 21:26:03,Class A,626226000_1,55.97676,11.034393,Constrained by her draught,0.0,12.1,36.5,34.0,9319703,TRAM2,GREAT JACOMBO,Tanker,0,42.0,244.0,Combined GPS/GLONASS,15.0,EG_SUEZ,18/02/2025 18:00:00,AIS,POINT (11.034393 55.97676),626226000_1,0 days 00:01:00,4.352305048537647e-07,36.67546022678806,0.0,0,4.649368013443225,55.97676,11.034393
2025-02-04 21:27:03,2025-02-04 21:27:03,Class A,626226000_1,55.979482,11.037972,Constrained by her draught,-0.2,12.2,36.5,34.0,9319703,TRAM2,GREAT JACOMBO,Tanker,0,42.0,244.0,Combined GPS/GLONASS,15.0,EG_SUEZ,18/02/2025 18:00:00,AIS,POINT (11.037972 55.979482),626226000_1,0 days 00:01:00,4.696352622260598e-07,36.33918988231113,0.0,0,4.645916752060458,55.979482,11.037972
2025-02-04 21:28:03,2025-02-04 21:28:03,Class A,626226000_1,55.982212,11.041593,Constrained by her draught,-0.7,12.3,36.5,34.0,9319703,TRAM2,GREAT JACOMBO,Tanker,0,42.0,244.0,Combined GPS/GLONASS,15.0,EG_SUEZ,18/02/2025 18:00:00,AIS,POINT (11.041593 55.982212),626226000_1,0 days 00:01:00,6.296536008306424e-07,36.576362728471,0.0,0,4.642425697469481,55.982212,11.041593
2025-02-04 21:29:03,2025-02-04 21:29:03,Class A,626226000_1,55.984973,11.045178,Constrained by her draught,1.6,12.3,36.2,35.0,9319703,TRAM2,GREAT JACOMBO,Tanker,0,42.0,244.0,Combined GPS/GLONASS,15.0,EG_SUEZ,18/02/2025 18:00:00,AIS,POINT (11.045178 55.984973),626226000_1,0 days 00:01:00,3.997573897379213e-07,35.992723196087525,0.0,0,4.638973869480297,55.984973,11.045178
2025-02-04 21:31:13,2025-02-04 21:31:13,Class A,626226000_1,55.990958,11.053152,Constrained by her draught,0.2,12.3,36.6,35.0,9319703,TRAM2,GREAT JACOMBO,Tanker,0,42.0,244.0,Combined GPS/GLONASS,15.0,EG_SUEZ,18/02/2025 18:00:00,AIS,POINT (11.053152 55.990958),626226000_1,0 days 00:02:10,4.6570954469528836e-07,36.69245556026283,0.0,0,4.631295129759277,55.990958,11.053152
2025-02-04 21:32:13,2025-02-04 21:32:13,Class A,626226000_1,55.993698,11.056808,Constrained by her draught,0.0,12.3,36.6,34.0,9319703,TRAM2,GREAT JACOMBO,Tanker,0,42.0,244.0,Combined GPS/GLONASS,15.0,EG_SUEZ,18/02/2025 18:00:00,AIS,POINT (11.056808 55.993698),626226000_1,0 days 00:01:00,-8.091525584002536e-07,36.73183470772051,0.0,0,4.627777225947247,55.993698,11.056808
2025-02-04 21:34:02,2025-02-04 21:34:02,Class A,626226000_1,55.998672,11.063507,Constrained by her draught,-1.6,12.4,37.4,35.0,9319703,TRAM2,GREAT JACOMBO,Tanker,0,42.0,244.0,Combined GPS/GLONASS,15.0,EG_SUEZ,18/02/2025 18:00:00,AIS,POINT (11.063507 55.998672),626226000_1,0 days 00:01:49,1.5112600931206433e-07,36.98418147257803,0.0,0,4.621333693554384,55.998672,11.063507
2025-02-04 21:35:12,2025-02-04 21:35:12,Class A,626226000_1,56.001882,11.067845,Constrained by her draught,3.6,12.4,37.2,35.0,9319703,TRAM2,GREAT JACOMBO,Tanker,0,42.0,244.0,Combined GPS/GLONASS,15.0,EG_SUEZ,18/02/2025 18:00:00,AIS,POINT (11.067845 56.001882),626226000_1,0 days 00:01:10,5.565045417611299e-07,37.07613912036766,0.0,0,4.617163811238345,56.001882,11.067845
2025-02-04 21:36:02,2025-02-04 21:36:02,Class A,626226000_1,56.004173,11.070997,Constrained by her draught,-0.4,12.5,37.4,35.0,9319703,TRAM2,GREAT JACOMBO,Tanker,0,42.0,244.0,Combined GPS/GLONASS,15.0,EG_SUEZ,18/02/2025 18:00:00,AIS,POINT (11.070997 56.004173),626226000_1,0 days 00:00:50,7.404874808619733e-07,37.569332015680175,0.0,0,4.614133427602847,56.004173,11.070997
2025-02-04 21:37:02,2025-02-04 21:37:02,Class A,626226000_1,56.006957,11.074738,Constrained by her draught,-0.4,12.5,36.9,35.0,9319703,TRAM2,GREAT JACOMBO,Tanker,0,42.0,244.0,Combined GPS/GLONASS,15.0,EG_SUEZ,18/02/2025 18:00:00,AIS,POINT (11.074738 56.006957),626226000_1,0 days 00:01:00,4.188098182334969e-07,36.91625302341123,0.0,0,4.6105418446886475,56.006957,11.074738
2025-02-04 21:38:03,2025-02-04 21:38:03,Class A,626226000_1,56.009758,11.078457,Constrained by her draught,2.2,12.5,35.6,35.0,9319703,TRAM2,GREAT JACOMBO,Tanker,0,42.0,244.0,Combined GPS/GLONASS,15.0,EG_SUEZ,18/02/2025 18:00:00,AIS,POINT (11.078457 56.009758),626226000_1,0 days 00:01:01,-1.5543113369808935e-06,36.58504096389288,0.0,0,4.606975049367751,56.009758,11.078457
2025-02-04 21:39:03,2025-02-04 21:39:03,Class A,626226000_1,56.012573,11.082158,Constrained by her draught,-0.4,12.6,36.8,36.0,9319703,TRAM2,GREAT JACOMBO,Tanker,0,42.0,244.0,Combined GPS/GLONASS,15.0,EG_SUEZ,18/02/2025 18:00:00,AIS,POINT (11.082158 56.012573),626226000_1,0 days 00:01:00,1.9297305000980064e-06,36.31369093963832,0.0,0,4.603428922240573,56.012573,11.082158
2025-02-04 21:40:03,2025-02-04 21:40:03,Class A,626226000_1,56.015358,11.085972,Constrained by her draught,-11.4,12.6,35.5,30.0,9319703,TRAM2,GREAT JACOMBO,Tanker,0,42.0,244.0,Combined GPS/GLONASS,15.0,EG_SUEZ,18/02/2025 18:00:00,AIS,POINT (11.085972 56.015358),626226000_1,0 days 00:01:00,4.319622381060486e-07,37.433427796725766,0.0,0,4.599770303470815,56.015358,11.085972
2025-02-04 21:41:03,2025-02-04 21:41:03,Class A,626226000_1,56.018363,11.089087,Constrained by her draught,-1.1,12.4,25.9,24.0,9319703,TRAM2,GREAT JACOMBO,Tanker,0,42.0,244.0,Combined GPS/GLONASS,15.0,EG_SUEZ,18/02/2025 18:00:00,AIS,POINT (11.089087 56.018363),626226000_1,0 days 00:01:00,-1.0912047134247244e-06,30.087123260690248,0.0,0,4.596823630717411,56.018363,11.089087
2025-02-04 21:42:03,2025-02-04 21:42:03,Class A,626226000_1,56.021463,11.091822,Constrained by her draught,2.9,12.4,26.1,25.0,9319703,TRAM2,GREAT JACOMBO,Tanker,0,42.0,244.0,Combined GPS/GLONASS,15.0,EG_SUEZ,18/02/2025 18:00:00,AIS,POINT (11.091822 56.021463),626226000_1,0 days 00:01:00,-5.256798396962037e-07,26.246690102565765,0.0,0,4.594263833866857,56.021463,11.091822
2025-02-04 21:43:02,2025-02-04 21:43:02,Class A,626226000_1,56.024558,11.094617,Constrained by her draught,-3.6,12.5,28.2,26.0,9319703,TRAM2,GREAT JACOMBO,Tanker,0,42.0,244.0,Combined GPS/GLONASS,15.0,EG_SUEZ,18/02/2025 18:00:00,AIS,POINT (11.094617 56.024558),626226000_1,0 days 00:00:59,2.1791963484005086e-06,26.778431486853663,0.0,0,4.591646145727805,56.024558,11.094617
2025-02-04 21:44:02,2025-02-04 21:44:02,Class A,626226000_1,56.027657,11.097403,Constrained by her draught,-3.6,12.5,28.1,26.0,9319703,TRAM2,GREAT JACOMBO,Tanker,0,42.0,244.0,Combined GPS/GLONASS,15.0,EG_SUEZ,18/02/2025 18:00:00,AIS,POINT (11.097403 56.027657),626226000_1,0 days 00:01:00,-1.779598898057769e-06,26.672635330872197,0.0,0,4.589039967253499,56.027657,11.097403
2025-02-04 21:45:02,2025-02-04 21:45:02,Class A,626226000_1,56.030747,11.100173,Constrained by her draught,-4.5,12.4,26.0,25.0,9319703,TRAM2,GREAT JACOMBO,Tanker,0,42.0,244.0,Combined GPS/GLONASS,15.0,EG_SUEZ,18/02/2025 18:00:00,AIS,POINT (11.100173 56.030747),626226000_1,0 days 00:01:00,-3.7484344263855223e-07,26.605329165225726,0.0,0,4.586451548730238,56.030747,11.100173
2025-02-04 21:46:02,2025-02-04 21:46:02,Class A,626226000_1,56.033858,11.102893,Constrained by her draught,2.9,12.5,26.0,25.0,9319703,TRAM2,GREAT JACOMBO,Tanker,0,42.0,244.0,Combined GPS/GLONASS,15.0,EG_SUEZ,18/02/2025 18:00:00,AIS,POINT (11.102893 56.033858),626226000_1,0 days 00:01:00,1.9569281598799786e-07,26.034524406215553,0.0,0,4.5839165656718714,56.033858,11.102893
2025-02-04 21:47:02,2025-02-04 21:47:02,Class A,626226000_1,56.036987,11.105553,Constrained by her draught,-0.7,12.4,26.0,26.0,9319703,TRAM2,GREAT JACOMBO,Tanker,0,42.0,244.0,Combined GPS/GLONASS,15.0,EG_SUEZ,18/02/2025 18:00:00,AIS,POINT (11.105553 56.036987),626226000_1,0 days 00:01:00,4.810789711104148e-08,25.40384314475773,0.0,0,4.581444865831084,56.036987,11.105553
2025-02-04 21:48:02,2025-02-04 21:48:02,Class A,626226000_1,56.040102,11.108253,Constrained by her draught,2.9,12.4,24.6,25.0,9319703,TRAM2,GREAT JACOMBO,Tanker,0,42.0,244.0,Combined GPS/GLONASS,15.0,EG_SUEZ,18/02/2025 18:00:00,AIS,POINT (11.108253 56.040102),626226000_1,0 days 00:01:00,-9.185179221551757e-08,25.83561771647601,0.0,0,4.578934749767134,56.040102,11.108253
2025-02-04 21:49:02,2025-02-04 21:49:02,Class A,626226000_1,56.04322,11.110938,Constrained by her draught,0.0,12.4,26.0,25.0,9319703,TRAM2,GREAT JACOMBO,Tanker,0,42.0,244.0,Combined GPS/GLONASS,15.0,EG_SUEZ,18/02/2025 18:00:00,AIS,POINT (11.110938 56.04322),626226000_1,0 days 00:01:00,-3.113139507449764e-08,25.68727663258494,0.0,0,4.576442124157585,56.04322,11.110938
2025-02-04 21:50:02,2025-02-04 21:50:02,Class A,626226000_1,56.046332,11.113647,Constrained by her draught,1.6,12.4,25.7,25.0,9319703,TRAM2,GREAT JACOMBO,Tanker,0,42.0,244.0,Combined GPS/GLONASS,15.0,EG_SUEZ,18/02/2025 18:00:00,AIS,POINT (11.113647 56.046332),626226000_1,0 days 00:01:00,1.260999543983785e-08,25.92854655349913,0.0,0,4.573927519550457,56.046332,11.113647
2025-02-04 21:52:02,2025-02-04 21:52:02,Class A,626226000_1,56.052527,11.119153,Constrained by her draught,2.2,12.4,27.3,26.0,9319703,TRAM2,GREAT JACOMBO,Tanker,0,42.0,244.0,Combined GPS/GLONASS,15.0,EG_SUEZ,18/02/2025 18:00:00,AIS,POINT (11.119153 56.052527),626226000_1,0 days 00:02:00,-3.419264108973427e-08,26.39587826543442,0.0,0,4.568815692414172,56.052527,11.119153
2025-02-04 21:53:02,2025-02-04 21:53:02,Class A,626226000_1,56.055623,11.121887,Constrained by her draught,-0.4,12.4,26.1,25.0,9319703,TRAM2,GREAT JACOMBO,Tanker,0,42.0,244.0,Combined GPS/GLONASS,15.0,EG_SUEZ,18/02/2025 18:00:00,AIS,POINT (11.121887 56.055623),626226000_1,0 days 00:01:00,-1.9010790041807008e-07,26.24760514848066,0.0,0,4.5662821411342955,56.055623,11.121887
2025-02-04 21:54:02,2025-02-04 21:54:02,Class A,626226000_1,56.058722,11.124638,Constrained by her draught,-5.4,12.4,26.3,25.0,9319703,TRAM2,GREAT JACOMBO,Tanker,0,42.0,244.0,Combined GPS/GLONASS,15.0,EG_SUEZ,18/02/2025 18:00:00,AIS,POINT (11.124638 56.058722),626226000_1,0 days 00:01:00,2.1210572373108494e-07,26.364823919222033,0.0,0,4.563734148611202,56.058722,11.124638
2025-02-04 21:55:02,2025-02-04 21:55:02,Class A,626226000_1,56.061843,11.127322,Constrained by her draught,-2.2,12.5,25.4,24.0,9319703,TRAM2,GREAT JACOMBO,Tanker,0,42.0,244.0,Combined GPS/GLONASS,15.0,EG_SUEZ,18/02/2025 18:00:00,AIS,POINT (11.127322 56.061843),626226000_1,0 days 00:01:00,1.0041525869143643e-07,25.646633066880497,0.0,0,4.561256781889944,56.061843,11.127322
2025-02-04 21:56:02,2025-02-04 21:56:02,Class A,626226000_1,56.064967,11.13001,Constrained by her draught,-0.2,12.5,26.0,25.0,9319703,TRAM2,GREAT JACOMBO,Tanker,0,42.0,244.0,Combined GPS/GLONASS,15.0,EG_SUEZ,18/02/2025 18:00:00,AIS,POINT (11.13001 56.064967),626226000_1,0 days 00:01:00,1.1203802691590418e-07,25.656636080832925,0.0,0,4.55877799088407,56.064967,11.13001
2025-02-04 21:57:02,2025-02-04 21:57:02,Class A,626226000_1,56.06808,11.132772,Constrained by her draught,2.2,12.5,26.5,25.0,9319703,TRAM2,GREAT JACOMBO,Tanker,0,42.0,244.0,Combined GPS/GLONASS,15.0,EG_SUEZ,18/02/2025 18:00:00,AIS,POINT (11.132772 56.06808),626226000_1,0 days 00:01:00,2.550176947068722e-07,26.347510943384464,0.0,0,4.556227013066843,56.06808,11.132772
2025-02-04 21:58:02,2025-02-04 21:58:02,Class A,626226000_1,56.071195,11.135543,Constrained by her draught,2.2,12.5,26.3,25.0,9319703,TRAM2,GREAT JACOMBO,Tanker,0,42.0,244.0,Combined GPS/GLONASS,15.0,EG_SUEZ,18/02/2025 18:00:00,AIS,POINT (11.135543 56.071195),626226000_1,0 days 00:01:00,1.2301563785973498e-07,26.40520834526893,0.0,0,4.553669563650177,56.071195,11.135543
2025-02-04 21:59:02,2025-02-04 21:59:02,Class A,626226000_1,56.074332,11.138258,Constrained by her draught,1.1,12.6,25.8,26.0,9319703,TRAM2,GREAT JACOMBO,Tanker,0,42.0,244.0,Combined GPS/GLONASS,15.0,EG_SUEZ,18/02/2025 18:00:00,AIS,POINT (11.138258 56.074332),626226000_1,0 days 00:01:00,1.8233771507814255e-07,25.782052740123902,0.0,0,4.551171856621105,56.074332,11.138258
2025-02-04 22:00:02,2025-02-04 22:00:02,Class A,626226000_1,56.077425,11.141172,Constrained by her draught,0.4,12.5,26.9,25.0,9319703,TRAM2,GREAT JACOMBO,Tanker,0,42.0,244.0,Combined GPS/GLONASS,15.0,EG_SUEZ,18/02/2025 18:00:00,AIS,POINT (11.141172 56.077425),626226000_1,0 days 00:01:00,3.3618042037808726e-07,27.73400990128704,0.0,0,4.548475018755737,56.077425,11.141172
2025-02-04 22:01:02,2025-02-04 22:01:02,Class A,626226000_1,56.080492,11.143907,Constrained by her draught,1.6,12.5,26.4,26.0,9319703,TRAM2,GREAT JACOMBO,Tanker,0,42.0,244.0,Combined GPS/GLONASS,15.0,EG_SUEZ,18/02/2025 18:00:00,AIS,POINT (11.143907 56.080492),626226000_1,0 days 00:01:00,-2.1300091465824926e-06,26.455708237423096,0.0,0,4.545957328790163,56.080492,11.143907
2025-02-04 22:02:02,2025-02-04 22:02:02,Class A,626226000_1,56.08357,11.146792,Constrained by her draught,-4.5,12.5,27.9,24.0,9319703,TRAM2,GREAT JACOMBO,Tanker,0,42.0,244.0,Combined GPS/GLONASS,15.0,EG_SUEZ,18/02/2025 18:00:00,AIS,POINT (11.146792 56.08357),626226000_1,0 days 00:01:00,1.4823699170998042e-06,27.609123566284666,0.0,0,4.543293094408504,56.08357,11.146792
2025-02-04 22:03:02,2025-02-04 22:03:02,Class A,626226000_1,56.086657,11.149517,Constrained by her draught,-2.2,12.3,27.3,26.0,9319703,TRAM2,GREAT JACOMBO,Tanker,0,42.0,244.0,Combined GPS/GLONASS,15.0,EG_SUEZ,18/02/2025 18:00:00,AIS,POINT (11.149517 56.086657),626226000_1,0 days 00:01:00,-1.0083652605929651e-06,26.2205423897974,0.0,0,4.54079145264193,56.086657,11.149517
2025-02-04 22:04:02,2025-02-04 22:04:02,Class A,626226000_1,56.089697,11.15236,Constrained by her draught,-0.4,12.3,27.6,26.0,9319703,TRAM2,GREAT JACOMBO,Tanker,0,42.0,244.0,Combined GPS/GLONASS,15.0,EG_SUEZ,18/02/2025 18:00:00,AIS,POINT (11.15236 56.089697),626226000_1,0 days 00:01:00,-3.733082769671447e-07,27.552658296484935,0.0,0,4.538171118993752,56.089697,11.15236
2025-02-04 22:05:02,2025-02-04 22:05:02,Class A,626226000_1,56.092718,11.15522,Constrained by her draught,-0.7,12.2,26.2,25.0,9319703,TRAM2,GREAT JACOMBO,Tanker,0,42.0,244.0,Combined GPS/GLONASS,15.0,EG_SUEZ,18/02/2025 18:00:00,AIS,POINT (11.15522 56.092718),626226000_1,0 days 00:01:00,-3.849868414356264e-07,27.839203791619468,0.0,0,4.535534768031218,56.092718,11.15522
2025-02-04 22:06:02,2025-02-04 22:06:02,Class A,626226000_1,56.095797,11.158018,Constrained by her draught,-0.7,12.2,26.9,25.0,9319703,TRAM2,GREAT JACOMBO,Tanker,0,42.0,244.0,Combined GPS/GLONASS,15.0,EG_SUEZ,18/02/2025 18:00:00,AIS,POINT (11.158018 56.095797),626226000_1,0 days 00:01:00,1.0972983104192678e-06,26.88015467376681,0.0,0,4.532966752539113,56.095797,11.158018
2025-02-04 22:07:02,2025-02-04 22:07:02,Class A,626226000_1,56.098807,11.160792,Constrained by her draught,4.5,12.2,27.2,25.0,9319703,TRAM2,GREAT JACOMBO,Tanker,0,42.0,244.0,Combined GPS/GLONASS,15.0,EG_SUEZ,18/02/2025 18:00:00,AIS,POINT (11.160792 56.098807),626226000_1,0 days 00:01:00,-2.0905869889400124e-06,27.20432173337474,0.0,0,4.5304199735191215,56.098807,11.160792
2025-02-04 22:08:02,2025-02-04 22:08:02,Class A,626226000_1,56.101803,11.16355,Constrained by her draught,2.2,12.1,27.3,26.0,9319703,TRAM2,GREAT JACOMBO,Tanker,0,42.0,244.0,Combined GPS/GLONASS,15.0,EG_SUEZ,18/02/2025 18:00:00,AIS,POINT (11.16355 56.101803),626226000_1,0 days 00:01:00,-5.132469095372929e-07,27.176369740978714,0.0,0,4.527890381312802,56.101803,11.16355
2025-02-04 22:09:02,2025-02-04 22:09:02,Class A,626226000_1,56.104763,11.166365,Constrained by her draught,0.0,12.0,27.1,25.0,9319703,TRAM2,GREAT JACOMBO,Tanker,0,42.0,244.0,Combined GPS/GLONASS,15.0,EG_SUEZ,18/02/2025 18:00:00,AIS,POINT (11.166365 56.104763),626226000_1,0 days 00:01:00,-5.317473519150737e-07,27.939322840890554,0.0,0,4.525303506892106,56.104763,11.166365
2025-02-04 22:10:02,2025-02-04 22:10:02,Class A,626226000_1,56.10767,11.16908,Constrained by her draught,-5.4,12.0,29.6,26.0,9319703,TRAM2,GREAT JACOMBO,Tanker,0,42.0,244.0,Combined GPS/GLONASS,15.0,EG_SUEZ,18/02/2025 18:00:00,AIS,POINT (11.16908 56.10767),626226000_1,0 days 00:01:00,-2.257494798276567e-06,27.510425613124198,0.0,0,4.522814557063777,56.10767,11.16908
2025-02-04 22:11:02,2025-02-04 22:11:02,Class A,626226000_1,56.110623,11.171865,Constrained by her draught,0.2,12.0,27.3,25.0,9319703,TRAM2,GREAT JACOMBO,Tanker,0,42.0,244.0,Combined GPS/GLONASS,15.0,EG_SUEZ,18/02/2025 18:00:00,AIS,POINT (11.171865 56.110623),626226000_1,0 days 00:01:00,1.8202311334672457e-06,27.738245829091454,0.0,0,4.520261443302808,56.110623,11.171865
2025-02-04 22:12:02,2025-02-04 22:12:02,Class A,626226000_1,56.113605,11.17462,Constrained by her draught,2.2,12.0,26.7,25.0,9319703,TRAM2,GREAT JACOMBO,Tanker,0,42.0,244.0,Combined GPS/GLONASS,15.0,EG_SUEZ,18/02/2025 18:00:00,AIS,POINT (11.17462 56.113605),626226000_1,0 days 00:01:00,5.538373978012864e-07,27.25300734124056,0.0,0,4.517742673939385,56.113605,11.17462
2025-02-04 22:13:02,2025-02-04 22:13:02,Class A,626226000_1,56.116588,11.177253,Constrained by her draught,16.1,11.9,27.1,34.0,9319703,TRAM2,GREAT JACOMBO,Tanker,0,42.0,244.0,Combined GPS/GLONASS,15.0,EG_SUEZ,18/02/2025 18:00:00,AIS,POINT (11.177253 56.116588),626226000_1,0 days 00:01:00,-9.237809063677935e-07,26.201211529847,0.0,0,4.515347859921868,56.116588,11.177253
2025-02-04 22:14:02,2025-02-04 22:14:02,Class A,626226000_1,56.119222,11.18066,Constrained by her draught,0.0,11.3,44.7,45.0,9319703,TRAM2,GREAT JACOMBO,Tanker,0,42.0,244.0,Combined GPS/GLONASS,15.0,EG_SUEZ,18/02/2025 18:00:00,AIS,POINT (11.18066 56.119222),626226000_1,0 days 00:01:00,-2.3593488221168637e-06,35.79362120541475,0.0,0,4.51215635166203,56.119222,11.18066
2025-02-04 22:15:02,2025-02-04 22:15:02,Class A,626226000_1,56.121413,11.184698,Constrained by her draught,1.6,11.3,44.4,44.0,9319703,TRAM2,GREAT JACOMBO,Tanker,0,42.0,244.0,Combined GPS/GLONASS,15.0,EG_SUEZ,18/02/2025 18:00:00,AIS,POINT (11.184698 56.121413),626226000_1,0 days 00:01:00,-3.2501961889796575e-06,45.772018731350045,0.0,0,4.508302751879138,56.121413,11.184698
2025-02-04 22:16:02,2025-02-04 22:16:02,Class A,626226000_1,56.123643,11.18872,Constrained by her draught,1.6,11.4,44.8,44.0,9319703,TRAM2,GREAT JACOMBO,Tanker,0,42.0,244.0,Combined GPS/GLONASS,15.0,EG_SUEZ,18/02/2025 18:00:00,AIS,POINT (11.18872 56.123643),626226000_1,0 days 00:01:00,6.4504140485628e-07,45.15128413370462,0.0,0,4.504469583674087,56.123643,11.18872
2025-02-04 22:17:02,2025-02-04 22:17:02,Class A,626226000_1,56.125912,11.19271,Constrained by her draught,4.5,11.5,46.3,48.0,9319703,TRAM2,GREAT JACOMBO,Tanker,0,42.0,244.0,Combined GPS/GLONASS,15.0,EG_SUEZ,18/02/2025 18:00:00,AIS,POINT (11.19271 56.125912),626226000_1,0 days 00:01:00,4.624708219872596e-07,44.42413394358459,0.0,0,4.500672863188792,56.125912,11.19271
2025-02-04 22:18:02,2025-02-04 22:18:02,Class A,626226000_1,56.128018,11.197017,Constrained by her draught,-2.2,11.5,49.8,49.0,9319703,TRAM2,GREAT JACOMBO,Tanker,0,42.0,244.0,Combined GPS/GLONASS,15.0,EG_SUEZ,18/02/2025 18:00:00,AIS,POINT (11.197017 56.128018),626226000_1,0 days 00:01:00,5.178395439212694e-07,48.73747912496577,0.0,0,4.496548537122333,56.128018,11.197017
2025-02-04 22:19:03,2025-02-04 22:19:03,Class A,626226000_1,56.130107,11.201388,Constrained by her draught,0.4,11.6,50.2,50.0,9319703,TRAM2,GREAT JACOMBO,Tanker,0,42.0,244.0,Combined GPS/GLONASS,15.0,EG_SUEZ,18/02/2025 18:00:00,AIS,POINT (11.201388 56.130107),626226000_1,0 days 00:01:01,-1.121653581887427e-06,49.38407052596449,0.0,0,4.4923603748057666,56.130107,11.201388
2025-02-04 22:20:03,2025-02-04 22:20:03,Class A,626226000_1,56.132185,11.205797,Constrained by her draught,-0.4,11.6,49.2,50.0,9319703,TRAM2,GREAT JACOMBO,Tanker,0,42.0,244.0,Combined GPS/GLONASS,15.0,EG_SUEZ,18/02/2025 18:00:00,AIS,POINT (11.205797 56.132185),626226000_1,0 days 00:01:00,1.9058181072872301e-06,49.77665113112482,0.0,0,4.488134763320949,56.132185,11.205797
2025-02-04 22:21:03,2025-02-04 22:21:03,Class A,626226000_1,56.134253,11.210205,Constrained by her draught,3.6,11.6,50.6,50.0,9319703,TRAM2,GREAT JACOMBO,Tanker,0,42.0,244.0,Combined GPS/GLONASS,15.0,EG_SUEZ,18/02/2025 18:00:00,AIS,POINT (11.210205 56.134253),626226000_1,0 days 00:01:00,-2.1554549429845387e-07,49.90494919963584,0.0,0,4.483910644150929,56.134253,11.210205
2025-02-04 22:22:03,2025-02-04 22:22:03,Class A,626226000_1,56.136307,11.214625,Constrained by her draught,-2.2,11.5,50.0,49.0,9319703,TRAM2,GREAT JACOMBO,Tanker,0,42.0,244.0,Combined GPS/GLONASS,15.0,EG_SUEZ,18/02/2025 18:00:00,AIS,POINT (11.214625 56.136307),626226000_1,0 days 00:01:00,-1.2187483688588043e-07,50.17170861715516,0.0,0,4.479674718788631,56.136307,11.214625
2025-02-04 22:23:03,2025-02-04 22:23:03,Class A,626226000_1,56.138393,11.218968,Constrained by her draught,2.9,11.5,48.9,49.0,9319703,TRAM2,GREAT JACOMBO,Tanker,0,42.0,244.0,Combined GPS/GLONASS,15.0,EG_SUEZ,18/02/2025 18:00:00,AIS,POINT (11.218968 56.138393),626226000_1,0 days 00:01:00,-3.7899521230855154e-07,49.2366599153284,0.0,0,4.475519485586115,56.138393,11.218968
2025-02-04 22:24:03,2025-02-04 22:24:03,Class A,626226000_1,56.140465,11.223313,Constrained by her draught,-1.6,11.4,49.7,49.0,9319703,TRAM2,GREAT JACOMBO,Tanker,0,42.0,244.0,Combined GPS/GLONASS,15.0,EG_SUEZ,18/02/2025 18:00:00,AIS,POINT (11.223313 56.140465),626226000_1,0 days 00:01:00,-2.5863229426445824e-07,49.438872473439346,0.0,0,4.471362418081765,56.140465,11.223313
2025-02-04 22:25:03,2025-02-04 22:25:03,Class A,626226000_1,56.142513,11.22766,Constrained by her draught,-6.4,11.4,50.6,48.0,9319703,TRAM2,GREAT JACOMBO,Tanker,0,42.0,244.0,Combined GPS/GLONASS,15.0,EG_SUEZ,18/02/2025 18:00:00,AIS,POINT (11.22766 56.142513),626226000_1,0 days 00:01:00,-4.5712242170999816e-07,49.77981866879122,0.0,0,4.467202655470759,56.142513,11.22766
2025-02-04 22:26:03,2025-02-04 22:26:03,Class A,626226000_1,56.144663,11.231743,Constrained by her draught,-0.7,11.1,40.0,40.0,9319703,TRAM2,GREAT JACOMBO,Tanker,0,42.0,244.0,Combined GPS/GLONASS,15.0,EG_SUEZ,18/02/2025 18:00:00,AIS,POINT (11.231743 56.144663),626226000_1,0 days 00:01:00,-1.3044251348366416e-06,46.612557706785026,0.0,0,4.463315884141072,56.144663,11.231743
2025-02-04 22:27:02,2025-02-04 22:27:02,Class A,626226000_1,56.147018,11.235285,Constrained by her draught,4.5,11.0,39.1,39.0,9319703,TRAM2,GREAT JACOMBO,Tanker,0,42.0,244.0,Combined GPS/GLONASS,15.0,EG_SUEZ,18/02/2025 18:00:00,AIS,POINT (11.235285 56.147018),626226000_1,0 days 00:00:59,-1.9782865087859132e-07,39.957111903860664,0.0,0,4.4599870197910905,56.147018,11.235285
2025-02-04 22:28:02,2025-02-04 22:28:02,Class A,626226000_1,56.149392,11.238782,Constrained by her draught,-1.6,11.1,39.9,39.0,9319703,TRAM2,GREAT JACOMBO,Tanker,0,42.0,244.0,Combined GPS/GLONASS,15.0,EG_SUEZ,18/02/2025 18:00:00,AIS,POINT (11.238782 56.149392),626226000_1,0 days 00:01:00,-1.6589019910519572e-06,39.36922816159574,0.0,0,4.456706194888327,56.149392,11.238782
2025-02-04 22:29:02,2025-02-04 22:29:02,Class A,626226000_1,56.151757,11.24232,Constrained by her draught,2.2,11.1,39.6,39.0,9319703,TRAM2,GREAT JACOMBO,Tanker,0,42.0,244.0,Combined GPS/GLONASS,15.0,EG_SUEZ,18/02/2025 18:00:00,AIS,POINT (11.24232 56.151757),626226000_1,0 days 00:01:00,2.349336443236566e-07,39.802328937992456,0.0,0,4.453385339459073,56.151757,11.24232
2025-02-04 22:30:02,2025-02-04 22:30:02,Class A,626226000_1,56.154108,11.245842,Constrained by her draught,-0.4,11.0,40.2,40.0,9319703,TRAM2,GREAT JACOMBO,Tanker,0,42.0,244.0,Combined GPS/GLONASS,15.0,EG_SUEZ,18/02/2025 18:00:00,AIS,POINT (11.245842 56.154108),626226000_1,0 days 00:01:00,-5.117572451634791e-07,39.8401915945671,0.0,0,4.450080794867887,56.154108,11.245842
2025-02-04 22:31:02,2025-02-04 22:31:02,Class A,626226000_1,56.156448,11.249415,Constrained by her draught,4.5,11.0,39.7,39.0,9319703,TRAM2,GREAT JACOMBO,Tanker,0,42.0,244.0,Combined GPS/GLONASS,15.0,EG_SUEZ,18/02/2025 18:00:00,AIS,POINT (11.249415 56.156448),626226000_1,0 days 00:01:00,3.05521657970245e-07,40.376712861547105,0.0,0,4.446726058718368,56.156448,11.249415
2025-02-04 22:32:02,2025-02-04 22:32:02,Class A,626226000_1,56.158835,11.25288,Constrained by her draught,-3.6,11.1,39.8,40.0,9319703,TRAM2,GREAT JACOMBO,Tanker,0,42.0,244.0,Combined GPS/GLONASS,15.0,EG_SUEZ,18/02/2025 18:00:00,AIS,POINT (11.25288 56.158835),626226000_1,0 days 00:01:00,-7.571581219873932e-08,38.95124039001945,0.0,0,4.443484624217013,56.158835,11.25288
2025-02-04 22:33:02,2025-02-04 22:33:02,Class A,626226000_1,56.161163,11.256473,Constrained by her draught,-3.6,11.0,41.1,40.0,9319703,TRAM2,GREAT JACOMBO,Tanker,0,42.0,244.0,Combined GPS/GLONASS,15.0,EG_SUEZ,18/02/2025 18:00:00,AIS,POINT (11.256473 56.161163),626226000_1,0 days 00:01:00,1.3565569891175443e-08,40.67669112405662,0.0,0,4.440112071246175,56.161163,11.256473
2025-02-04 22:34:02,2025-02-04 22:34:02,Class A,626226000_1,56.163515,11.260008,Constrained by her draught,-4.5,11.1,39.6,39.0,9319703,TRAM2,GREAT JACOMBO,Tanker,0,42.0,244.0,Combined GPS/GLONASS,15.0,EG_SUEZ,18/02/2025 18:00:00,AIS,POINT (11.260008 56.163515),626226000_1,0 days 00:01:00,-8.506364672051954e-08,39.925162708338576,0.0,0,4.436801001341958,56.163515,11.260008
2025-02-04 22:35:02,2025-02-04 22:35:02,Class A,626226000_1,56.165888,11.263522,Constrained by her draught,-1.6,11.1,39.9,39.0,9319703,TRAM2,GREAT JACOMBO,Tanker,0,42.0,244.0,Combined GPS/GLONASS,15.0,EG_SUEZ,18/02/2025 18:00:00,AIS,POINT (11.263522 56.165888),626226000_1,0 days 00:01:00,2.649521219434478e-07,39.50531338366062,0.0,0,4.433514331910071,56.165888,11.263522
2025-02-04 22:36:02,2025-02-04 22:36:02,Class A,626226000_1,56.168272,11.26709,Constrained by her draught,0.4,11.3,40.6,39.0,9319703,TRAM2,GREAT JACOMBO,Tanker,0,42.0,244.0,Combined GPS/GLONASS,15.0,EG_SUEZ,18/02/2025 18:00:00,AIS,POINT (11.26709 56.168272),626226000_1,0 days 00:01:00,8.547552882328414e-07,39.802661040654925,0.0,0,4.4301765030937545,56.168272,11.26709
2025-02-04 22:37:02,2025-02-04 22:37:02,Class A,626226000_1,56.1707,11.270687,Constrained by her draught,2.2,11.3,39.9,39.0,9319703,TRAM2,GREAT JACOMBO,Tanker,0,42.0,244.0,Combined GPS/GLONASS,15.0,EG_SUEZ,18/02/2025 18:00:00,AIS,POINT (11.270687 56.1707),626226000_1,0 days 00:01:00,1.3641156802028393e-06,39.51393234937302,0.0,0,4.426815457071256,56.1707,11.270687
2025-02-04 22:38:02,2025-02-04 22:38:02,Class A,626226000_1,56.173095,11.274325,Constrained by her draught,-0.4,11.3,41.3,41.0,9319703,TRAM2,GREAT JACOMBO,Tanker,0,42.0,244.0,Combined GPS/GLONASS,15.0,EG_SUEZ,18/02/2025 18:00:00,AIS,POINT (11.274325 56.173095),626226000_1,0 days 00:01:00,-3.311743811853455e-07,40.21738156670574,0.0,0,4.423412254156061,56.173095,11.274325
2025-02-04 22:39:02,2025-02-04 22:39:02,Class A,626226000_1,56.175438,11.278072,Constrained by her draught,-2.2,11.3,41.8,40.0,9319703,TRAM2,GREAT JACOMBO,Tanker,0,42.0,244.0,Combined GPS/GLONASS,15.0,EG_SUEZ,18/02/2025 18:00:00,AIS,POINT (11.278072 56.175438),626226000_1,0 days 00:01:00,1.776652192030046e-08,41.67527498154021,0.0,0,4.4198973779095825,56.175438,11.278072
2025-02-04 22:40:03,2025-02-04 22:40:03,Class A,626226000_1,56.17779,11.281805,Constrained by her draught,-3.6,11.3,42.7,41.0,9319703,TRAM2,GREAT JACOMBO,Tanker,0,42.0,244.0,Combined GPS/GLONASS,15.0,EG_SUEZ,18/02/2025 18:00:00,AIS,POINT (11.281805 56.17779),626226000_1,0 days 00:01:01,-1.5223480296430304e-06,41.45802726575698,0.0,0,4.416398903907232,56.17779,11.281805
2025-02-04 22:41:03,2025-02-04 22:41:03,Class A,626226000_1,56.180155,11.28553,Constrained by her draught,-2.2,11.3,41.2,40.0,9319703,TRAM2,GREAT JACOMBO,Tanker,0,42.0,244.0,Combined GPS/GLONASS,15.0,EG_SUEZ,18/02/2025 18:00:00,AIS,POINT (11.28553 56.180155),626226000_1,0 days 00:01:00,1.8004332081704867e-06,41.238696842857166,0.0,0,4.4129112515291995,56.180155,11.28553
2025-02-04 22:42:03,2025-02-04 22:42:03,Class A,626226000_1,56.182512,11.2893,Constrained by her draught,-7.5,11.3,40.0,35.0,9319703,TRAM2,GREAT JACOMBO,Tanker,0,42.0,244.0,Combined GPS/GLONASS,15.0,EG_SUEZ,18/02/2025 18:00:00,AIS,POINT (11.2893 56.182512),626226000_1,0 days 00:01:00,3.2668155900376686e-07,41.674637143391806,0.0,0,4.409379701693197,56.182512,11.2893
2025-02-04 22:43:03,2025-02-04 22:43:03,Class A,626226000_1,56.185043,11.29259,Constrained by her draught,-2.2,11.2,32.3,30.0,9319703,TRAM2,GREAT JACOMBO,Tanker,0,42.0,244.0,Combined GPS/GLONASS,15.0,EG_SUEZ,18/02/2025 18:00:00,AIS,POINT (11.29259 56.185043),626226000_1,0 days 00:01:00,-1.004126406540032e-06,35.881519640497174,0.0,0,4.40634416747319,56.185043,11.29259
2025-02-04 22:44:03,2025-02-04 22:44:03,Class A,626226000_1,56.187692,11.2955,Constrained by her draught,2.2,11.2,31.5,31.0,9319703,TRAM2,GREAT JACOMBO,Tanker,0,42.0,244.0,Combined GPS/GLONASS,15.0,EG_SUEZ,18/02/2025 18:00:00,AIS,POINT (11.2955 56.187692),626226000_1,0 days 00:01:00,-6.047960878451658e-07,31.437209754700177,0.0,0,4.403699999421395,56.187692,11.2955
2025-02-04 22:45:03,2025-02-04 22:45:03,Class A,626226000_1,56.190332,11.298463,Constrained by her draught,2.9,11.2,32.5,31.0,9319703,TRAM2,GREAT JACOMBO,Tanker,0,42.0,244.0,Combined GPS/GLONASS,15.0,EG_SUEZ,18/02/2025 18:00:00,AIS,POINT (11.298463 56.190332),626226000_1,0 days 00:01:00,2.42760984561933e-07,31.98504692772849,0.0,0,4.401004140775716,56.190332,11.298463
2025-02-04 22:46:03,2025-02-04 22:46:03,Class A,626226000_1,56.192973,11.301427,Constrained by her draught,-2.9,11.2,33.2,31.0,9319703,TRAM2,GREAT JACOMBO,Tanker,0,42.0,244.0,Combined GPS/GLONASS,15.0,EG_SUEZ,18/02/2025 18:00:00,AIS,POINT (11.301427 56.192973),626226000_1,0 days 00:01:00,3.353516040346949e-08,31.98221245009256,0.0,0,4.398309312151886,56.192973,11.301427
2025-02-04 22:47:02,2025-02-04 22:47:02,Class A,626226000_1,56.195563,11.304368,Constrained by her draught,2.9,11.2,32.1,31.0,9319703,TRAM2,GREAT JACOMBO,Tanker,0,42.0,244.0,Combined GPS/GLONASS,15.0,EG_SUEZ,18/02/2025 18:00:00,AIS,POINT (11.304368 56.195563),626226000_1,0 days 00:00:59,5.990111412497551e-08,32.28265154595579,0.0,0,4.3956343268407805,56.195563,11.304368
2025-02-04 22:48:02,2025-02-04 22:48:02,Class A,626226000_1,56.198218,11.307315,Constrained by her draught,-4.5,11.2,31.3,30.0,9319703,TRAM2,GREAT JACOMBO,Tanker,0,42.0,244.0,Combined GPS/GLONASS,15.0,EG_SUEZ,18/02/2025 18:00:00,AIS,POINT (11.307315 56.198218),626226000_1,0 days 00:01:00,1.5024237090033715e-07,31.695255310014772,0.0,0,4.39296162710591,56.198218,11.307315
2025-02-04 22:49:02,2025-02-04 22:49:02,Class A,626226000_1,56.200893,11.310218,Constrained by her draught,-6.4,11.2,30.9,27.0,9319703,TRAM2,GREAT JACOMBO,Tanker,0,42.0,244.0,Combined GPS/GLONASS,15.0,EG_SUEZ,18/02/2025 18:00:00,AIS,POINT (11.310218 56.200893),626226000_1,0 days 00:01:00,1.2988699476477555e-07,31.118918042927646,0.0,0,4.39033664749766,56.200893,11.310218
2025-02-04 22:50:02,2025-02-04 22:50:02,Class A,626226000_1,56.203622,11.31289,Constrained by her draught,2.2,11.2,28.1,26.0,9319703,TRAM2,GREAT JACOMBO,Tanker,0,42.0,244.0,Combined GPS/GLONASS,15.0,EG_SUEZ,18/02/2025 18:00:00,AIS,POINT (11.31289 56.203622),626226000_1,0 days 00:01:00,-5.391762657703328e-07,28.573560206378204,0.0,0,4.387948880201774,56.203622,11.31289
2025-02-04 22:51:02,2025-02-04 22:51:02,Class A,626226000_1,56.20638,11.315477,Constrained by her draught,0.4,11.2,26.9,25.0,9319703,TRAM2,GREAT JACOMBO,Tanker,0,42.0,244.0,Combined GPS/GLONASS,15.0,EG_SUEZ,18/02/2025 18:00:00,AIS,POINT (11.315477 56.20638),626226000_1,0 days 00:01:00,9.91152361478857e-08,27.551615655611272,0.0,0,4.385650619664659,56.20638,11.315477
2025-02-04 22:52:02,2025-02-04 22:52:02,Class A,626226000_1,56.20922,11.318023,Constrained by her draught,0.0,11.2,26.4,26.0,9319703,TRAM2,GREAT JACOMBO,Tanker,0,42.0,244.0,Combined GPS/GLONASS,15.0,EG_SUEZ,18/02/2025 18:00:00,AIS,POINT (11.318023 56.20922),626226000_1,0 days 00:01:00,1.9352075311311986e-06,26.500054315906027,0.0,0,4.383403490301686,56.20922,11.318023
2025-02-04 22:53:03,2025-02-04 22:53:03,Class A,626226000_1,56.212067,11.320613,Constrained by her draught,0.4,11.3,27.3,27.0,9319703,TRAM2,GREAT JACOMBO,Tanker,0,42.0,244.0,Combined GPS/GLONASS,15.0,EG_SUEZ,18/02/2025 18:00:00,AIS,POINT (11.320613 56.212067),626226000_1,0 days 00:01:01,-1.0677266356564742e-06,26.83551098551021,0.0,0,4.381115469289756,56.212067,11.320613
2025-02-04 22:54:03,2025-02-04 22:54:03,Class A,626226000_1,56.214848,11.323302,Constrained by her draught,0.4,11.4,29.0,28.0,9319703,TRAM2,GREAT JACOMBO,Tanker,0,42.0,244.0,Combined GPS/GLONASS,15.0,EG_SUEZ,18/02/2025 18:00:00,AIS,POINT (11.323302 56.214848),626226000_1,0 days 00:01:00,5.984349747184884e-07,28.265967152270548,0.0,0,4.378724396055546,56.214848,11.323302
2025-02-04 22:55:03,2025-02-04 22:55:03,Class A,626226000_1,56.217628,11.326057,Constrained by her draught,-2.9,11.4,28.2,26.0,9319703,TRAM2,GREAT JACOMBO,Tanker,0,42.0,244.0,Combined GPS/GLONASS,15.0,EG_SUEZ,18/02/2025 18:00:00,AIS,POINT (11.326057 56.217628),626226000_1,0 days 00:01:00,5.159963568438098e-07,28.856236469753583,0.0,0,4.376269684587205,56.217628,11.326057
2025-02-04 22:56:03,2025-02-04 22:56:03,Class A,626226000_1,56.22046,11.328677,Constrained by her draught,-0.4,11.4,26.4,25.0,9319703,TRAM2,GREAT JACOMBO,Tanker,0,42.0,244.0,Combined GPS/GLONASS,15.0,EG_SUEZ,18/02/2025 18:00:00,AIS,POINT (11.328677 56.22046),626226000_1,0 days 00:01:00,3.219369850521499e-07,27.220040634268457,0.0,0,4.373956766663908,56.22046,11.328677
2025-02-04 22:57:03,2025-02-04 22:57:03,Class A,626226000_1,56.223318,11.331223,Constrained by her draught,3.6,11.5,27.0,27.0,9319703,TRAM2,GREAT JACOMBO,Tanker,0,42.0,244.0,Combined GPS/GLONASS,15.0,EG_SUEZ,18/02/2025 18:00:00,AIS,POINT (11.331223 56.223318),626226000_1,0 days 00:01:00,1.4051646716395015e-07,26.347397423512064,0.0,0,4.3717223421165485,56.223318,11.331223
2025-02-04 22:58:03,2025-02-04 22:58:03,Class A,626226000_1,56.226122,11.333982,Constrained by her draught,-1.1,11.5,30.1,29.0,9319703,TRAM2,GREAT JACOMBO,Tanker,0,42.0,244.0,Combined GPS/GLONASS,15.0,EG_SUEZ,18/02/2025 18:00:00,AIS,POINT (11.333982 56.226122),626226000_1,0 days 00:01:00,2.1619164949006053e-07,28.678177820239455,0.0,0,4.369272628007549,56.226122,11.333982
2025-02-04 22:59:03,2025-02-04 22:59:03,Class A,626226000_1,56.22888,11.336932,Constrained by her draught,-2.9,11.6,30.7,29.0,9319703,TRAM2,GREAT JACOMBO,Tanker,0,42.0,244.0,Combined GPS/GLONASS,15.0,EG_SUEZ,18/02/2025 18:00:00,AIS,POINT (11.336932 56.22888),626226000_1,0 days 00:01:00,3.966541301899494e-07,30.734313068986808,0.0,0,4.366630285320707,56.22888,11.336932
2025-02-04 23:01:03,2025-02-04 23:01:03,Class A,626226000_1,56.234475,11.342447,Constrained by her draught,-2.9,11.6,27.1,26.0,9319703,TRAM2,GREAT JACOMBO,Tanker,0,42.0,244.0,Combined GPS/GLONASS,15.0,EG_SUEZ,18/02/2025 18:00:00,AIS,POINT (11.342447 56.234475),626226000_1,0 days 00:02:00,-2.947001804091487e-07,28.715535147045046,0.0,0,4.361743270341573,56.234475,11.342447
2025-02-04 23:02:03,2025-02-04 23:02:03,Class A,626226000_1,56.237352,11.345083,Constrained by her draught,-3.6,11.6,27.2,26.0,9319703,TRAM2,GREAT JACOMBO,Tanker,0,42.0,244.0,Combined GPS/GLONASS,15.0,EG_SUEZ,18/02/2025 18:00:00,AIS,POINT (11.345083 56.237352),626226000_1,0 days 00:01:00,1.1914253348463614e-06,26.984945532245945,0.0,0,4.35943239508597,56.237352,11.345083
2025-02-04 23:03:03,2025-02-04 23:03:03,Class A,626226000_1,56.240227,11.347762,Constrained by her draught,0.0,11.7,27.5,26.0,9319703,TRAM2,GREAT JACOMBO,Tanker,0,42.0,244.0,Combined GPS/GLONASS,15.0,EG_SUEZ,18/02/2025 18:00:00,AIS,POINT (11.347762 56.240227),626226000_1,0 days 00:01:00,2.823715642497407e-07,27.37610475378517,0.0,0,4.357080826186381,56.240227,11.347762
2025-02-04 23:04:03,2025-02-04 23:04:03,Class A,626226000_1,56.243105,11.350477,Constrained by her draught,2.2,11.7,27.8,26.0,9319703,TRAM2,GREAT JACOMBO,Tanker,0,42.0,244.0,Combined GPS/GLONASS,15.0,EG_SUEZ,18/02/2025 18:00:00,AIS,POINT (11.350477 56.243105),626226000_1,0 days 00:01:00,3.676552958193612e-07,27.66324181916042,0.0,0,4.354696078429584,56.243105,11.350477
2025-02-04 23:05:02,2025-02-04 23:05:02,Class A,626226000_1,56.245983,11.353238,Constrained by her draught,-0.2,11.8,28.4,27.0,9319703,TRAM2,GREAT JACOMBO,Tanker,0,42.0,244.0,Combined GPS/GLONASS,15.0,EG_SUEZ,18/02/2025 18:00:00,AIS,POINT (11.353238 56.245983),626226000_1,0 days 00:00:59,2.1149719928679963e-06,28.059165763320493,0.0,0,4.352267900904195,56.245983,11.353238
2025-02-04 23:06:02,2025-02-04 23:06:02,Class A,626226000_1,56.248867,11.35606,Constrained by her draught,0.0,11.8,28.5,27.0,9319703,TRAM2,GREAT JACOMBO,Tanker,0,42.0,244.0,Combined GPS/GLONASS,15.0,EG_SUEZ,18/02/2025 18:00:00,AIS,POINT (11.35606 56.248867),626226000_1,0 days 00:01:00,-1.0500766852385505e-06,28.53012459328295,0.0,0,4.349782066594717,56.248867,11.35606
2025-02-04 23:07:02,2025-02-04 23:07:02,Class A,626226000_1,56.251757,11.358872,Constrained by her draught,-0.4,11.8,28.4,27.0,9319703,TRAM2,GREAT JACOMBO,Tanker,0,42.0,244.0,Combined GPS/GLONASS,15.0,EG_SUEZ,18/02/2025 18:00:00,AIS,POINT (11.358872 56.251757),626226000_1,0 days 00:01:00,7.916375885748048e-08,28.39320973734084,0.0,0,4.347309163367726,56.251757,11.358872
2025-02-04 23:08:02,2025-02-04 23:08:02,Class A,626226000_1,56.254645,11.361702,Constrained by her draught,0.2,11.8,28.8,27.0,9319703,TRAM2,GREAT JACOMBO,Tanker,0,42.0,244.0,Combined GPS/GLONASS,15.0,EG_SUEZ,18/02/2025 18:00:00,AIS,POINT (11.361702 56.254645),626226000_1,0 days 00:01:00,9.196347145757252e-08,28.561243555381054,0.0,0,4.344820484174806,56.254645,11.361702
2025-02-04 23:09:02,2025-02-04 23:09:02,Class A,626226000_1,56.257525,11.364548,Constrained by her draught,0.0,11.8,28.5,26.0,9319703,TRAM2,GREAT JACOMBO,Tanker,0,42.0,244.0,Combined GPS/GLONASS,15.0,EG_SUEZ,18/02/2025 18:00:00,AIS,POINT (11.364548 56.257525),626226000_1,0 days 00:01:00,-8.639469164066493e-08,28.76226343616446,0.0,0,4.342317341589512,56.257525,11.364548
2025-02-04 23:10:02,2025-02-04 23:10:02,Class A,626226000_1,56.260423,11.36731,Constrained by her draught,3.6,11.8,27.6,26.0,9319703,TRAM2,GREAT JACOMBO,Tanker,0,42.0,244.0,Combined GPS/GLONASS,15.0,EG_SUEZ,18/02/2025 18:00:00,AIS,POINT (11.36731 56.260423),626226000_1,0 days 00:01:00,-1.9922859363323322e-07,27.894423581718513,0.0,0,4.339902035883414,56.260423,11.36731
2025-02-04 23:11:02,2025-02-04 23:11:02,Class A,626226000_1,56.263262,11.370042,Constrained by her draught,-0.4,11.8,28.9,27.0,9319703,TRAM2,GREAT JACOMBO,Tanker,0,42.0,244.0,Combined GPS/GLONASS,15.0,EG_SUEZ,18/02/2025 18:00:00,AIS,POINT (11.370042 56.263262),626226000_1,0 days 00:01:00,-1.8549165605343757e-06,28.121842501021547,0.0,0,4.33751212331862,56.263262,11.370042
2025-02-04 23:12:02,2025-02-04 23:12:02,Class A,626226000_1,56.266115,11.372932,Constrained by her draught,0.0,11.8,29.5,27.0,9319703,TRAM2,GREAT JACOMBO,Tanker,0,42.0,244.0,Combined GPS/GLONASS,15.0,EG_SUEZ,18/02/2025 18:00:00,AIS,POINT (11.372932 56.266115),626226000_1,0 days 00:01:00,1.6877764654149528e-06,29.359136032715412,0.0,0,4.334969141454757,56.266115,11.372932
2025-02-04 23:13:02,2025-02-04 23:13:02,Class A,626226000_1,56.26897,11.375805,Constrained by her draught,2.2,11.7,28.7,26.0,9319703,TRAM2,GREAT JACOMBO,Tanker,No additional information,42.0,244.0,Combined GPS/GLONASS,15.0,EG_SUEZ,18/02/2025 18:00:00,AIS,POINT (11.375805 56.26897),626226000_1,0 days 00:01:00,-9.117003303679126e-08,29.195995257477648,0.0,0,4.332445590761989,56.26897,11.375805
2025-02-04 23:14:02,2025-02-04 23:14:02,Class A,626226000_1,56.271838,11.378585,Constrained by her draught,-2.2,11.7,28.1,26.0,9319703,TRAM2,GREAT JACOMBO,Tanker,0,42.0,244.0,Combined GPS/GLONASS,15.0,EG_SUEZ,18/02/2025 18:00:00,AIS,POINT (11.378585 56.271838),626226000_1,0 days 00:01:00,-4.203082811035016e-07,28.28959868652578,0.0,0,4.330018239816664,56.271838,11.378585
2025-02-04 23:15:02,2025-02-04 23:15:02,Class A,626226000_1,56.274693,11.38139,Constrained by her draught,4.5,11.7,29.2,27.0,9319703,TRAM2,GREAT JACOMBO,Tanker,0,42.0,244.0,Combined GPS/GLONASS,15.0,EG_SUEZ,18/02/2025 18:00:00,AIS,POINT (11.38139 56.274693),626226000_1,0 days 00:01:00,-1.4972824341704232e-07,28.61168444254912,0.0,0,4.327566859937002,56.274693,11.38139
2025-02-04 23:16:02,2025-02-04 23:16:02,Class A,626226000_1,56.277522,11.38428,Constrained by her draught,-3.6,11.7,29.9,27.0,9319703,TRAM2,GREAT JACOMBO,Tanker,0,42.0,244.0,Combined GPS/GLONASS,15.0,EG_SUEZ,18/02/2025 18:00:00,AIS,POINT (11.38428 56.277522),626226000_1,0 days 00:01:00,8.0461486528059e-09,29.559082339652264,0.0,0,4.325030317249117,56.277522,11.38428
2025-02-04 23:17:02,2025-02-04 23:17:02,Class A,626226000_1,56.280342,11.387192,Constrained by her draught,0.0,11.7,29.6,27.0,9319703,TRAM2,GREAT JACOMBO,Tanker,0,42.0,244.0,Combined GPS/GLONASS,15.0,EG_SUEZ,18/02/2025 18:00:00,AIS,POINT (11.387192 56.280342),626226000_1,0 days 00:01:00,-5.5679006545266674e-08,29.8227799121438,0.0,0,4.322473155733415,56.280342,11.387192
2025-02-04 23:18:02,2025-02-04 23:18:02,Class A,626226000_1,56.283177,11.39001,Constrained by her draught,0.0,11.6,28.4,26.0,9319703,TRAM2,GREAT JACOMBO,Tanker,0,42.0,244.0,Combined GPS/GLONASS,15.0,EG_SUEZ,18/02/2025 18:00:00,AIS,POINT (11.39001 56.283177),626226000_1,0 days 00:01:00,-3.917322201472806e-07,28.887888084715257,0.0,0,4.320013403725619,56.283177,11.39001
2025-02-04 23:19:01,2025-02-04 23:19:01,Class A,626226000_1,56.28601,11.392788,Constrained by her draught,0.0,11.6,29.1,27.0,9319703,TRAM2,GREAT JACOMBO,Tanker,0,42.0,244.0,Combined GPS/GLONASS,15.0,EG_SUEZ,18/02/2025 18:00:00,AIS,POINT (11.392788 56.28601),626226000_1,0 days 00:00:59,1.32664382550731e-06,28.557943454388237,0.0,0,4.317595419675633,56.28601,11.392788
2025-02-04 23:20:01,2025-02-04 23:20:01,Class A,626226000_1,56.28881,11.395672,Constrained by her draught,-0.2,11.6,30.2,28.0,9319703,TRAM2,GREAT JACOMBO,Tanker,0,42.0,244.0,Combined GPS/GLONASS,15.0,EG_SUEZ,18/02/2025 18:00:00,AIS,POINT (11.395672 56.28881),626226000_1,0 days 00:01:00,-1.694464216882441e-06,29.754455822564182,0.0,0,4.31507051332652,56.28881,11.395672
2025-02-04 23:21:01,2025-02-04 23:21:01,Class A,626226000_1,56.291587,11.398625,Constrained by her draught,-2.9,11.6,30.6,28.0,9319703,TRAM2,GREAT JACOMBO,Tanker,0,42.0,244.0,Combined GPS/GLONASS,15.0,EG_SUEZ,18/02/2025 18:00:00,AIS,POINT (11.398625 56.291587),626226000_1,0 days 00:01:00,-1.9511258893643626e-08,30.54619965137573,0.0,0,4.3124765877340145,56.291587,11.398625
2025-02-04 23:22:01,2025-02-04 23:22:01,Class A,626226000_1,56.294373,11.401517,Constrained by her draught,0.4,11.5,29.1,26.0,9319703,TRAM2,GREAT JACOMBO,Tanker,0,42.0,244.0,Combined GPS/GLONASS,15.0,EG_SUEZ,18/02/2025 18:00:00,AIS,POINT (11.401517 56.294373),626226000_1,0 days 00:01:00,-2.9079782344012343e-07,29.943347165848138,0.0,0,4.309946556685128,56.294373,11.401517
2025-02-04 23:23:02,2025-02-04 23:23:02,Class A,626226000_1,56.29718,11.404293,Constrained by her draught,1.6,11.5,28.9,27.0,9319703,TRAM2,GREAT JACOMBO,Tanker,0,42.0,244.0,Combined GPS/GLONASS,15.0,EG_SUEZ,18/02/2025 18:00:00,AIS,POINT (11.404293 56.29718),626226000_1,0 days 00:01:01,-2.0061807394123306e-06,28.755833492595684,0.0,0,4.307536486920221,56.29718,11.404293
2025-02-04 23:24:02,2025-02-04 23:24:02,Class A,626226000_1,56.299955,11.407168,Constrained by her draught,0.7,11.5,30.8,29.0,9319703,TRAM2,GREAT JACOMBO,Tanker,0,42.0,244.0,Combined GPS/GLONASS,15.0,EG_SUEZ,18/02/2025 18:00:00,AIS,POINT (11.407168 56.299955),626226000_1,0 days 00:01:00,1.5952787664202446e-06,29.891693242468932,0.0,0,4.305026485232,56.299955,11.407168
2025-02-04 23:25:02,2025-02-04 23:25:02,Class A,626226000_1,56.3027,11.410148,Constrained by her draught,-2.9,11.5,30.8,28.0,9319703,TRAM2,GREAT JACOMBO,Tanker,0,42.0,244.0,Combined GPS/GLONASS,15.0,EG_SUEZ,18/02/2025 18:00:00,AIS,POINT (11.410148 56.3027),626226000_1,0 days 00:01:00,1.1617297537429236e-07,31.06031834726525,0.0,0,4.302410809388616,56.3027,11.410148
2025-02-04 23:26:02,2025-02-04 23:26:02,Class A,626226000_1,56.305465,11.413038,Constrained by her draught,0.0,11.5,29.5,27.0,9319703,TRAM2,GREAT JACOMBO,Tanker,0,42.0,244.0,Combined GPS/GLONASS,15.0,EG_SUEZ,18/02/2025 18:00:00,AIS,POINT (11.413038 56.305465),626226000_1,0 days 00:01:00,-2.582279872201185e-07,30.1067791323664,0.0,0,4.299889157432898,56.305465,11.413038
2025-02-04 23:27:02,2025-02-04 23:27:02,Class A,626226000_1,56.308242,11.415855,Constrained by her draught,2.9,11.5,29.5,27.0,9319703,TRAM2,GREAT JACOMBO,Tanker,0,42.0,244.0,Combined GPS/GLONASS,15.0,EG_SUEZ,18/02/2025 18:00:00,AIS,POINT (11.415855 56.308242),626226000_1,0 days 00:01:00,-3.032143737794705e-07,29.366829409596107,0.0,0,4.297443678845482,56.308242,11.415855
2025-02-04 23:28:03,2025-02-04 23:28:03,Class A,626226000_1,56.311043,11.418788,Constrained by her draught,0.2,11.5,30.8,28.0,9319703,TRAM2,GREAT JACOMBO,Tanker,0,42.0,244.0,Combined GPS/GLONASS,15.0,EG_SUEZ,18/02/2025 18:00:00,AIS,POINT (11.418788 56.311043),626226000_1,0 days 00:01:01,-9.29631050958224e-09,30.148745621211674,0.0,0,4.294888431130779,56.311043,11.418788
2025-02-04 23:29:03,2025-02-04 23:29:03,Class A,626226000_1,56.313782,11.421735,Constrained by her draught,-4.5,11.5,30.6,27.0,9319703,TRAM2,GREAT JACOMBO,Tanker,0,42.0,244.0,Combined GPS/GLONASS,15.0,EG_SUEZ,18/02/2025 18:00:00,AIS,POINT (11.421735 56.313782),626226000_1,0 days 00:01:00,1.1214239550479122e-07,30.826911712599724,0.0,0,4.2923137009739865,56.313782,11.421735
2025-02-04 23:30:03,2025-02-04 23:30:03,Class A,626226000_1,56.316532,11.424622,Constrained by her draught,3.6,11.4,29.8,27.0,9319703,TRAM2,GREAT JACOMBO,Tanker,0,42.0,244.0,Combined GPS/GLONASS,15.0,EG_SUEZ,18/02/2025 18:00:00,AIS,POINT (11.424622 56.316532),626226000_1,0 days 00:01:00,-2.3346150946824672e-07,30.20910363481903,0.0,0,4.289802114116222,56.316532,11.424622
2025-02-04 23:31:03,2025-02-04 23:31:03,Class A,626226000_1,56.31929,11.427463,Constrained by her draught,0.0,11.4,29.7,27.0,9319703,TRAM2,GREAT JACOMBO,Tanker,0,42.0,244.0,Combined GPS/GLONASS,15.0,EG_SUEZ,18/02/2025 18:00:00,AIS,POINT (11.427463 56.31929),626226000_1,0 days 00:01:00,-1.8317093842303473e-07,29.737028490013017,0.0,0,4.2873394115009145,56.31929,11.427463
2025-02-04 23:32:03,2025-02-04 23:32:03,Class A,626226000_1,56.322047,11.430312,Constrained by her draught,0.7,11.4,30.1,28.0,9319703,TRAM2,GREAT JACOMBO,Tanker,0,42.0,244.0,Combined GPS/GLONASS,15.0,EG_SUEZ,18/02/2025 18:00:00,AIS,POINT (11.430312 56.322047),626226000_1,0 days 00:01:00,3.984204694523474e-08,29.813645596103754,0.0,0,4.284870890216062,56.322047,11.430312
2025-02-04 23:33:03,2025-02-04 23:33:03,Class A,626226000_1,56.324788,11.433248,Constrained by her draught,0.0,11.5,31.2,28.0,9319703,TRAM2,GREAT JACOMBO,Tanker,0,42.0,244.0,Combined GPS/GLONASS,15.0,EG_SUEZ,18/02/2025 18:00:00,AIS,POINT (11.433248 56.324788),626226000_1,0 days 00:01:00,3.2572091686812176e-07,30.70709341162211,0.0,0,4.282316272763607,56.324788,11.433248
2025-02-04 23:34:02,2025-02-04 23:34:02,Class A,626226000_1,56.32747,11.436163,Constrained by her draught,-2.2,11.4,30.4,27.0,9319703,TRAM2,GREAT JACOMBO,Tanker,0,42.0,244.0,Combined GPS/GLONASS,15.0,EG_SUEZ,18/02/2025 18:00:00,AIS,POINT (11.436163 56.32747),626226000_1,0 days 00:00:59,-1.1190451038021279e-07,31.073398666962248,0.0,0,4.279776983078556,56.32747,11.436163
2025-02-04 23:35:02,2025-02-04 23:35:02,Class A,626226000_1,56.330232,11.438958,Constrained by her draught,-3.6,11.3,28.3,25.0,9319703,TRAM2,GREAT JACOMBO,Tanker,0,42.0,244.0,Combined GPS/GLONASS,15.0,EG_SUEZ,18/02/2025 18:00:00,AIS,POINT (11.438958 56.330232),626226000_1,0 days 00:01:00,-5.447226464763757e-07,29.29342493051729,0.0,0,4.277369352592784,56.330232,11.438958
2025-02-04 23:36:02,2025-02-04 23:36:02,Class A,626226000_1,56.333008,11.441643,Constrained by her draught,3.6,11.3,28.8,27.0,9319703,TRAM2,GREAT JACOMBO,Tanker,0,42.0,244.0,Combined GPS/GLONASS,15.0,EG_SUEZ,18/02/2025 18:00:00,AIS,POINT (11.441643 56.333008),626226000_1,0 days 00:01:00,-5.326895968146839e-07,28.199622484713075,0.0,0,4.275074863127078,56.333008,11.441643
2025-02-04 23:37:02,2025-02-04 23:37:02,Class A,626226000_1,56.335727,11.44452,Constrained by her draught,2.9,11.3,32.0,30.0,9319703,TRAM2,GREAT JACOMBO,Tanker,0,42.0,244.0,Combined GPS/GLONASS,15.0,EG_SUEZ,18/02/2025 18:00:00,AIS,POINT (11.44452 56.335727),626226000_1,0 days 00:01:00,7.847916058752354e-08,30.39290186605416,0.0,0,4.272584748803585,56.335727,11.44452
2025-02-04 23:38:02,2025-02-04 23:38:02,Class A,626226000_1,56.338373,11.44763,Constrained by her draught,-3.6,11.4,33.4,30.0,9319703,TRAM2,GREAT JACOMBO,Tanker,0,42.0,244.0,Combined GPS/GLONASS,15.0,EG_SUEZ,18/02/2025 18:00:00,AIS,POINT (11.44763 56.338373),626226000_1,0 days 00:01:00,1.8807516584653263e-07,33.083309458873714,0.0,0,4.269856172700082,56.338373,11.44763
2025-02-04 23:39:02,2025-02-04 23:39:02,Class A,626226000_1,56.341058,11.450657,Constrained by her draught,-4.5,11.4,30.1,26.0,9319703,TRAM2,GREAT JACOMBO,Tanker,0,42.0,244.0,Combined GPS/GLONASS,15.0,EG_SUEZ,18/02/2025 18:00:00,AIS,POINT (11.450657 56.341058),626226000_1,0 days 00:01:00,2.4617855330508315e-07,31.998645891605577,0.0,0,4.2672172553898635,56.341058,11.450657
2025-02-04 23:40:02,2025-02-04 23:40:02,Class A,626226000_1,56.343833,11.453372,Constrained by her draught,-2.9,11.4,27.0,24.0,9319703,TRAM2,GREAT JACOMBO,Tanker,0,42.0,244.0,Combined GPS/GLONASS,15.0,EG_SUEZ,18/02/2025 18:00:00,AIS,POINT (11.453372 56.343833),626226000_1,0 days 00:01:00,-3.0103983157580307e-07,28.467396067277946,0.0,0,4.264901856750867,56.343833,11.453372
2025-02-04 23:41:03,2025-02-04 23:41:03,Class A,626226000_1,56.346768,11.455965,Constrained by her draught,3.6,11.4,25.7,25.0,9319703,TRAM2,GREAT JACOMBO,Tanker,0,42.0,244.0,Combined GPS/GLONASS,15.0,EG_SUEZ,18/02/2025 18:00:00,AIS,POINT (11.455965 56.346768),626226000_1,0 days 00:01:01,1.747016860939431e-06,26.085755897783315,0.0,0,4.262731383036584,56.346768,11.455965
2025-02-04 23:42:03,2025-02-04 23:42:03,Class A,626226000_1,56.349572,11.458585,Constrained by her draught,6.4,11.4,29.7,30.0,9319703,TRAM2,GREAT JACOMBO,Tanker,0,42.0,244.0,Combined GPS/GLONASS,15.0,EG_SUEZ,18/02/2025 18:00:00,AIS,POINT (11.458585 56.349572),626226000_1,0 days 00:01:00,-1.7524088961184004e-06,27.373194927334907,0.0,0,4.260518723661358,56.349572,11.458585
2025-02-04 23:43:03,2025-02-04 23:43:03,Class A,626226000_1,56.352235,11.461688,Constrained by her draught,1.6,11.4,35.2,34.0,9319703,TRAM2,GREAT JACOMBO,Tanker,0,42.0,244.0,Combined GPS/GLONASS,15.0,EG_SUEZ,18/02/2025 18:00:00,AIS,POINT (11.461688 56.352235),626226000_1,0 days 00:01:00,3.961083356039616e-07,32.847352763876245,0.0,0,4.257810565094341,56.352235,11.461688
2025-02-04 23:44:03,2025-02-04 23:44:03,Class A,626226000_1,56.354812,11.465097,Constrained by her draught,-5.4,11.5,36.0,32.0,9319703,TRAM2,GREAT JACOMBO,Tanker,0,42.0,244.0,Combined GPS/GLONASS,15.0,EG_SUEZ,18/02/2025 18:00:00,AIS,POINT (11.465097 56.354812),626226000_1,0 days 00:01:00,7.926512756018458e-07,36.238166529941566,0.0,0,4.254789658761171,56.354812,11.465097
2025-02-04 23:45:03,2025-02-04 23:45:03,Class A,626226000_1,56.357478,11.46823,Constrained by her draught,-4.5,11.4,30.4,26.0,9319703,TRAM2,GREAT JACOMBO,Tanker,0,42.0,244.0,Combined GPS/GLONASS,15.0,EG_SUEZ,18/02/2025 18:00:00,AIS,POINT (11.46823 56.357478),626226000_1,0 days 00:01:00,-4.3810362526070245e-07,33.06594159947156,0.0,0,4.2520565936120835,56.357478,11.46823
2025-02-04 23:46:03,2025-02-04 23:46:03,Class A,626226000_1,56.360253,11.470917,Constrained by her draught,-0.4,11.3,26.9,25.0,9319703,TRAM2,GREAT JACOMBO,Tanker,0,42.0,244.0,Combined GPS/GLONASS,15.0,EG_SUEZ,18/02/2025 18:00:00,AIS,POINT (11.470917 56.360253),626226000_1,0 days 00:01:00,-1.012288657391931e-06,28.208944132384374,0.0,0,4.249782608845068,56.360253,11.470917
2025-02-04 23:47:03,2025-02-04 23:47:03,Class A,626226000_1,56.363008,11.473462,Constrained by her draught,-0.4,11.4,28.0,27.0,9319703,TRAM2,GREAT JACOMBO,Tanker,0,42.0,244.0,Combined GPS/GLONASS,15.0,EG_SUEZ,18/02/2025 18:00:00,AIS,POINT (11.473462 56.363008),626226000_1,0 days 00:01:00,-1.682717469664192e-06,27.098874913936697,0.0,0,4.247648702118856,56.363008,11.473462
2025-02-04 23:48:03,2025-02-04 23:48:03,Class A,626226000_1,56.365778,11.476252,Constrained by her draught,0.2,11.5,30.3,29.0,9319703,TRAM2,GREAT JACOMBO,Tanker,0,42.0,244.0,Combined GPS/GLONASS,15.0,EG_SUEZ,18/02/2025 18:00:00,AIS,POINT (11.476252 56.365778),626226000_1,0 days 00:01:00,2.3940798933728998e-06,29.156354009039433,0.0,0,4.2452766083698235,56.365778,11.476252
2025-02-04 23:49:03,2025-02-04 23:49:03,Class A,626226000_1,56.368527,11.479175,Constrained by her draught,6.4,11.5,31.6,33.0,9319703,TRAM2,GREAT JACOMBO,Tanker,0,42.0,244.0,Combined GPS/GLONASS,15.0,EG_SUEZ,18/02/2025 18:00:00,AIS,POINT (11.479175 56.368527),626226000_1,0 days 00:01:00,5.724889398794117e-07,30.49374236882926,0.0,0,4.242772197343855,56.368527,11.479175
2025-02-04 23:50:03,2025-02-04 23:50:03,Class A,626226000_1,56.371147,11.482478,Constrained by her draught,5.4,11.5,37.9,37.0,9319703,TRAM2,GREAT JACOMBO,Tanker,0,42.0,244.0,Combined GPS/GLONASS,15.0,EG_SUEZ,18/02/2025 18:00:00,AIS,POINT (11.482478 56.371147),626226000_1,0 days 00:01:00,1.7290868760268542e-07,34.92161061777011,0.0,0,4.239875588578632,56.371147,11.482478
2025-02-04 23:51:03,2025-02-04 23:51:03,Class A,626226000_1,56.37366,11.486082,Constrained by her draught,-1.6,11.5,37.9,35.0,9319703,TRAM2,GREAT JACOMBO,Tanker,0,42.0,244.0,Combined GPS/GLONASS,15.0,EG_SUEZ,18/02/2025 18:00:00,AIS,POINT (11.486082 56.37366),626226000_1,0 days 00:01:00,4.370479761021921e-07,38.455719616537976,0.0,0,4.236667964787895,56.37366,11.486082
2025-02-04 23:52:03,2025-02-04 23:52:03,Class A,626226000_1,56.376238,11.489502,Constrained by her draught,0.2,11.5,35.1,33.0,9319703,TRAM2,GREAT JACOMBO,Tanker,0,42.0,244.0,Combined GPS/GLONASS,15.0,EG_SUEZ,18/02/2025 18:00:00,AIS,POINT (11.489502 56.376238),626226000_1,0 days 00:01:00,-3.258794994089274e-07,36.30023788949853,0.0,0,4.233653914692603,56.376238,11.489502
2025-02-04 23:53:03,2025-02-04 23:53:03,Class A,626226000_1,56.378858,11.492783,Constrained by her draught,0.7,11.5,34.9,34.0,9319703,TRAM2,GREAT JACOMBO,Tanker,0,42.0,244.0,Combined GPS/GLONASS,15.0,EG_SUEZ,18/02/2025 18:00:00,AIS,POINT (11.492783 56.378858),626226000_1,0 days 00:01:00,-3.3357928072350805e-07,34.73666996042601,0.0,0,4.230785668908436,56.378858,11.492783
2025-02-04 23:54:03,2025-02-04 23:54:03,Class A,626226000_1,56.381448,11.496132,Constrained by her draught,0.0,11.5,36.1,35.0,9319703,TRAM2,GREAT JACOMBO,Tanker,0,42.0,244.0,Combined GPS/GLONASS,15.0,EG_SUEZ,18/02/2025 18:00:00,AIS,POINT (11.496132 56.381448),626226000_1,0 days 00:01:00,-8.711966080761183e-08,35.59884783331427,0.0,0,4.227848005942503,56.381448,11.496132
2025-02-04 23:55:03,2025-02-04 23:55:03,Class A,626226000_1,56.38407,11.49959,Constrained by her draught,-0.4,11.5,35.6,33.0,9319703,TRAM2,GREAT JACOMBO,Tanker,0,42.0,244.0,Combined GPS/GLONASS,15.0,EG_SUEZ,18/02/2025 18:00:00,AIS,POINT (11.49959 56.38407),626226000_1,0 days 00:01:00,1.8966432613153668e-06,36.13419904697321,0.0,0,4.2248093925913395,56.38407,11.49959
2025-02-04 23:56:03,2025-02-04 23:56:03,Class A,626226000_1,56.386688,11.502867,Constrained by her draught,3.6,11.4,34.2,33.0,9319703,TRAM2,GREAT JACOMBO,Tanker,0,42.0,244.0,Combined GPS/GLONASS,15.0,EG_SUEZ,18/02/2025 18:00:00,AIS,POINT (11.502867 56.386688),626226000_1,0 days 00:01:00,-1.9059896056446869e-06,34.71891768116939,0.0,0,4.221951500839037,56.386688,11.502867
2025-02-04 23:57:03,2025-02-04 23:57:03,Class A,626226000_1,56.389305,11.506122,Constrained by her draught,1.1,11.4,35.2,34.0,9319703,TRAM2,GREAT JACOMBO,Tanker,0,42.0,244.0,Combined GPS/GLONASS,15.0,EG_SUEZ,18/02/2025 18:00:00,AIS,POINT (11.506122 56.389305),626226000_1,0 days 00:01:00,-2.4242280067053877e-07,34.546842208721216,0.0,0,4.2191174542343575,56.389305,11.506122
2025-02-04 23:58:03,2025-02-04 23:58:03,Class A,626226000_1,56.391878,11.509493,Constrained by her draught,0.2,11.4,36.6,35.0,9319703,TRAM2,GREAT JACOMBO,Tanker,0,42.0,244.0,Combined GPS/GLONASS,15.0,EG_SUEZ,18/02/2025 18:00:00,AIS,POINT (11.509493 56.391878),626226000_1,0 days 00:01:00,3.732512068823901e-08,35.94828204284369,0.0,0,4.216164395665922,56.391878,11.509493
2025-02-04 23:59:03,2025-02-04 23:59:03,Class A,626226000_1,56.394437,11.512913,Constrained by her draught,-6.4,11.4,36.1,34.0,9319703,TRAM2,GREAT JACOMBO,Tanker,0,42.0,244.0,Combined GPS/GLONASS,15.0,EG_SUEZ,18/02/2025 18:00:00,AIS,POINT (11.512913 56.394437),626226000_1,0 days 00:01:00,1.4600395237121417e-07,36.489588458525986,0.0,0,4.213162996235726,56.394437,11.512913
2025-02-05 00:00:03,2025-02-05 00:00:03,Class A,626226000_1,56.397028,11.516233,Constrained by her draught,0.0,11.4,34.9,34.0,Unknown,Unknown,0,Undefined,0,0.0,0.0,Undefined,0.0,Unknown,0,AIS,POINT (11.516233 56.397028),626226000_1,0 days 00:01:00,-2.0892627755619841e-07,35.34183429423052,0.0,0,4.210267455730217,56.397028,11.516233
2025-02-05 00:01:03,2025-02-05 00:01:03,Class A,626226000_1,56.399622,11.519503,Constrained by her draught,-0.2,11.4,35.2,35.0,Unknown,Unknown,EVENTIN,Undefined,0,48.0,274.0,Undefined,12.7,Unknown,01/02/2025 08:00:00,AIS,POINT (11.519503 56.399622),626226000_1,0 days 00:01:00,-4.20455542524123e-07,34.899686000815166,0.0,0,4.207424019827927,56.399622,11.519503
2025-02-05 00:02:03,2025-02-05 00:02:03,Class A,626226000_1,56.402183,11.522842,Constrained by her draught,0.2,11.4,36.3,35.0,Unknown,Unknown,0,Undefined,0,0.0,0.0,Undefined,0.0,Unknown,0,AIS,POINT (11.522842 56.402183),626226000_1,0 days 00:01:00,-1.483159447458604e-07,35.80860290504148,0.0,0,4.20450960759718,56.402183,11.522842
2025-02-05 00:04:13,2025-02-05 00:04:13,Class A,626226000_1,56.407775,11.530043,Constrained by her draught,0.0,11.4,34.3,33.0,9319703,TRAM2,GREAT JACOMBO,Tanker,0,42.0,244.0,Combined GPS/GLONASS,15.0,EG_SUEZ,18/02/2025 18:00:00,AIS,POINT (11.530043 56.407775),626226000_1,0 days 00:02:10,1.579407983151019e-07,35.46790144332613,0.0,0,4.198242278453448,56.407775,11.530043
2025-02-05 00:06:03,2025-02-05 00:06:03,Class A,626226000_1,56.412537,11.535927,Constrained by her draught,2.9,11.5,35.2,35.0,9319703,TRAM2,GREAT JACOMBO,Tanker,0,42.0,244.0,Combined GPS/GLONASS,15.0,EG_SUEZ,18/02/2025 18:00:00,AIS,POINT (11.535927 56.412537),626226000_1,0 days 00:01:50,-3.854111289673762e-07,34.35392890645926,0.0,0,4.193158647328527,56.412537,11.535927
2025-02-05 00:07:03,2025-02-05 00:07:03,Class A,626226000_1,56.415125,11.53929,Constrained by her draught,0.2,11.5,36.1,35.0,9319703,TRAM2,GREAT JACOMBO,Tanker,0,42.0,244.0,Combined GPS/GLONASS,15.0,EG_SUEZ,18/02/2025 18:00:00,AIS,POINT (11.53929 56.415125),626226000_1,0 days 00:01:00,1.2711571416249128e-06,35.70900627394997,0.0,0,4.190235763705069,56.415125,11.53929
2025-02-05 00:08:03,2025-02-05 00:08:03,Class A,626226000_1,56.417713,11.542683,Constrained by her draught,-2.9,11.5,35.6,34.0,9319703,TRAM2,GREAT JACOMBO,Tanker,0,42.0,244.0,Combined GPS/GLONASS,15.0,EG_SUEZ,18/02/2025 18:00:00,AIS,POINT (11.542683 56.417713),626226000_1,0 days 00:01:00,2.992256897023458e-07,35.94864402413526,0.0,0,4.187285505482758,56.417713,11.542683
2025-02-05 00:09:03,2025-02-05 00:09:03,Class A,626226000_1,56.420343,11.545972,Constrained by her draught,-0.4,11.5,34.3,33.0,9319703,TRAM2,GREAT JACOMBO,Tanker,0,42.0,244.0,Combined GPS/GLONASS,15.0,EG_SUEZ,18/02/2025 18:00:00,AIS,POINT (11.545972 56.420343),626226000_1,0 days 00:01:00,2.511648423246989e-08,34.67059218264524,0.0,0,4.184446805138882,56.420343,11.545972
2025-02-05 00:10:03,2025-02-05 00:10:03,Class A,626226000_1,56.422972,11.549262,Constrained by her draught,-0.4,11.5,35.3,34.0,9319703,TRAM2,GREAT JACOMBO,Tanker,0,42.0,244.0,Combined GPS/GLONASS,15.0,EG_SUEZ,18/02/2025 18:00:00,AIS,POINT (11.549262 56.422972),626226000_1,0 days 00:01:00,-1.7838690183072496e-08,34.68708390481822,0.0,0,4.181609274166585,56.422972,11.549262
2025-02-05 00:11:03,2025-02-05 00:11:03,Class A,626226000_1,56.425613,11.552698,Constrained by her draught,0.0,11.5,36.0,35.0,9319703,TRAM2,GREAT JACOMBO,Tanker,0,42.0,244.0,Combined GPS/GLONASS,15.0,EG_SUEZ,18/02/2025 18:00:00,AIS,POINT (11.552698 56.425613),626226000_1,0 days 00:01:00,1.7458742201610065e-06,35.73416012779825,0.0,0,4.178631782174759,56.425613,11.552698
2025-02-05 00:12:03,2025-02-05 00:12:03,Class A,626226000_1,56.428203,11.556113,Constrained by her draught,3.6,11.5,35.9,34.0,9319703,TRAM2,GREAT JACOMBO,Tanker,0,42.0,244.0,Combined GPS/GLONASS,15.0,EG_SUEZ,18/02/2025 18:00:00,AIS,POINT (11.556113 56.428203),626226000_1,0 days 00:01:00,-1.4904073653611034e-06,36.09620313555058,0.0,0,4.175669315511707,56.428203,11.556113
2025-02-05 00:13:03,2025-02-05 00:13:03,Class A,626226000_1,56.430817,11.559478,Constrained by her draught,-5.4,11.5,35.1,34.0,9319703,TRAM2,GREAT JACOMBO,Tanker,0,42.0,244.0,Combined GPS/GLONASS,15.0,EG_SUEZ,18/02/2025 18:00:00,AIS,POINT (11.559478 56.430817),626226000_1,0 days 00:01:00,9.796780426109727e-08,35.44292930205677,0.0,0,4.172762331768369,56.430817,11.559478
2025-02-05 00:14:03,2025-02-05 00:14:03,Class A,626226000_1,56.433442,11.562808,Constrained by her draught,-0.4,11.5,35.2,35.0,9319703,TRAM2,GREAT JACOMBO,Tanker,0,42.0,244.0,Combined GPS/GLONASS,15.0,EG_SUEZ,18/02/2025 18:00:00,AIS,POINT (11.562808 56.433442),626226000_1,0 days 00:01:00,-7.120369031907969e-08,35.04535723574452,0.0,0,4.169893984563636,56.433442,11.562808
2025-02-05 00:15:03,2025-02-05 00:15:03,Class A,626226000_1,56.436042,11.566195,Constrained by her draught,0.4,11.5,36.1,35.0,9319703,TRAM2,GREAT JACOMBO,Tanker,0,42.0,244.0,Combined GPS/GLONASS,15.0,EG_SUEZ,18/02/2025 18:00:00,AIS,POINT (11.566195 56.436042),626226000_1,0 days 00:01:00,-6.541274621089712e-08,35.761563583894485,0.0,0,4.16696770076383,56.436042,11.566195
2025-02-05 00:16:02,2025-02-05 00:16:02,Class A,626226000_1,56.438545,11.569488,Constrained by her draught,-2.9,11.5,35.9,34.0,9319703,TRAM2,GREAT JACOMBO,Tanker,0,42.0,244.0,Combined GPS/GLONASS,15.0,EG_SUEZ,18/02/2025 18:00:00,AIS,POINT (11.569488 56.438545),626226000_1,0 days 00:00:59,-1.7826371706194725e-06,36.02853260707445,0.0,0,4.164120846660072,56.438545,11.569488
2025-02-05 00:17:02,2025-02-05 00:17:02,Class A,626226000_1,56.441153,11.572837,Constrained by her draught,-2.2,11.5,35.1,34.0,9319703,TRAM2,GREAT JACOMBO,Tanker,0,42.0,244.0,Combined GPS/GLONASS,15.0,EG_SUEZ,18/02/2025 18:00:00,AIS,POINT (11.572837 56.441153),626226000_1,0 days 00:01:00,1.5703664946262128e-06,35.36879610083247,0.0,0,4.161237922974604,56.441153,11.572837
2025-02-05 00:18:02,2025-02-05 00:18:02,Class A,626226000_1,56.443772,11.576135,Constrained by her draught,2.2,11.5,34.7,34.0,9319703,TRAM2,GREAT JACOMBO,Tanker,0,42.0,244.0,Combined GPS/GLONASS,15.0,EG_SUEZ,18/02/2025 18:00:00,AIS,POINT (11.576135 56.443772),626226000_1,0 days 00:01:00,-2.272743119552216e-07,34.839858767325325,0.0,0,4.158409444110692,56.443772,11.576135
2025-02-05 00:19:02,2025-02-05 00:19:02,Class A,626226000_1,56.446388,11.579425,Constrained by her draught,-0.2,11.5,35.0,34.0,9319703,TRAM2,GREAT JACOMBO,Tanker,0,42.0,244.0,Combined GPS/GLONASS,15.0,EG_SUEZ,18/02/2025 18:00:00,AIS,POINT (11.579425 56.446388),626226000_1,0 days 00:01:00,-1.5668757680382487e-07,34.803564515145695,0.0,0,4.1555907092740725,56.446388,11.579425
2025-02-05 00:20:02,2025-02-05 00:20:02,Class A,626226000_1,56.44898,11.58277,Constrained by her draught,5.4,11.5,35.9,35.0,9319703,TRAM2,GREAT JACOMBO,Tanker,0,42.0,244.0,Combined GPS/GLONASS,15.0,EG_SUEZ,18/02/2025 18:00:00,AIS,POINT (11.58277 56.44898),626226000_1,0 days 00:01:00,-6.553501982678224e-08,35.497430144531506,0.0,0,4.1527161186274215,56.44898,11.58277
2025-02-05 00:21:02,2025-02-05 00:21:02,Class A,626226000_1,56.451555,11.586178,Constrained by her draught,0.2,11.5,36.2,35.0,9319703,TRAM2,GREAT JACOMBO,Tanker,0,42.0,244.0,Combined GPS/GLONASS,15.0,EG_SUEZ,18/02/2025 18:00:00,AIS,POINT (11.586178 56.451555),626226000_1,0 days 00:01:00,2.0453527022901153e-07,36.18194506362505,0.0,0,4.149778909731094,56.451555,11.586178
2025-02-05 00:22:02,2025-02-05 00:22:02,Class A,626226000_1,56.454132,11.58957,Constrained by her draught,-2.2,11.5,35.7,34.0,9319703,TRAM2,GREAT JACOMBO,Tanker,0,42.0,244.0,Combined GPS/GLONASS,15.0,EG_SUEZ,18/02/2025 18:00:00,AIS,POINT (11.58957 56.454132),626226000_1,0 days 00:01:00,-1.1407705156988671e-07,36.03055186590427,0.0,0,4.146860130277364,56.454132,11.58957
2025-02-05 00:23:02,2025-02-05 00:23:02,Class A,626226000_1,56.456743,11.592882,Constrained by her draught,0.0,11.5,34.3,33.0,9319703,TRAM2,GREAT JACOMBO,Tanker,0,42.0,244.0,Combined GPS/GLONASS,15.0,EG_SUEZ,18/02/2025 18:00:00,AIS,POINT (11.592882 56.456743),626226000_1,0 days 00:01:00,5.56416294070766e-08,35.02689470521108,0.0,0,4.14402822029689,56.456743,11.592882
2025-02-05 00:24:02,2025-02-05 00:24:02,Class A,626226000_1,56.459422,11.596178,Constrained by her draught,4.5,11.5,34.6,34.0,9319703,TRAM2,GREAT JACOMBO,Tanker,0,42.0,244.0,Combined GPS/GLONASS,15.0,EG_SUEZ,18/02/2025 18:00:00,AIS,POINT (11.596178 56.459422),626226000_1,0 days 00:01:00,1.5717007747418175e-06,34.206644186792175,0.0,0,4.14122582286936,56.459422,11.596178
2025-02-05 00:25:02,2025-02-05 00:25:02,Class A,626226000_1,56.462022,11.599552,Constrained by her draught,-0.4,11.5,36.6,36.0,9319703,TRAM2,GREAT JACOMBO,Tanker,0,42.0,244.0,Combined GPS/GLONASS,15.0,EG_SUEZ,18/02/2025 18:00:00,AIS,POINT (11.599552 56.462022),626226000_1,0 days 00:01:00,-1.238690670662248e-06,35.63858892016725,0.0,0,4.138335716506818,56.462022,11.599552
2025-02-05 00:26:02,2025-02-05 00:26:02,Class A,626226000_1,56.464572,11.603085,Constrained by her draught,0.7,11.6,37.8,36.0,9319703,TRAM2,GREAT JACOMBO,Tanker,0,42.0,244.0,Combined GPS/GLONASS,15.0,EG_SUEZ,18/02/2025 18:00:00,AIS,POINT (11.603085 56.464572),626226000_1,0 days 00:01:00,3.790401442512233e-07,37.43053244172398,0.0,0,4.135282818341328,56.464572,11.603085
2025-02-05 00:27:02,2025-02-05 00:27:02,Class A,626226000_1,56.46713,11.6066,Constrained by her draught,-2.2,11.5,36.2,34.0,9319703,TRAM2,GREAT JACOMBO,Tanker,0,42.0,244.0,Combined GPS/GLONASS,15.0,EG_SUEZ,18/02/2025 18:00:00,AIS,POINT (11.6066 56.46713),626226000_1,0 days 00:01:00,7.1204998153504935e-09,37.201056805396775,0.0,0,4.132251354918767,56.46713,11.6066
2025-02-05 00:28:02,2025-02-05 00:28:02,Class A,626226000_1,56.46974,11.609968,Constrained by her draught,-0.4,11.5,35.0,33.0,9319703,TRAM2,GREAT JACOMBO,Tanker,0,42.0,244.0,Combined GPS/GLONASS,15.0,EG_SUEZ,18/02/2025 18:00:00,AIS,POINT (11.609968 56.46974),626226000_1,0 days 00:01:00,-2.0127783480028244e-07,35.48078102441025,0.0,0,4.129375951858101,56.46974,11.609968
2025-02-05 00:29:02,2025-02-05 00:29:02,Class A,626226000_1,56.472363,11.613318,Constrained by her draught,-0.2,11.6,35.7,35.0,9319703,TRAM2,GREAT JACOMBO,Tanker,0,42.0,244.0,Combined GPS/GLONASS,15.0,EG_SUEZ,18/02/2025 18:00:00,AIS,POINT (11.613318 56.472363),626226000_1,0 days 00:01:00,1.4700597542937598e-07,35.199728571466494,0.0,0,4.126522903656419,56.472363,11.613318
2025-02-05 00:30:02,2025-02-05 00:30:02,Class A,626226000_1,56.474945,11.61681,Constrained by her draught,2.9,11.6,37.7,37.0,9319703,TRAM2,GREAT JACOMBO,Tanker,0,42.0,244.0,Combined GPS/GLONASS,15.0,EG_SUEZ,18/02/2025 18:00:00,AIS,POINT (11.61681 56.474945),626226000_1,0 days 00:01:00,4.0232628706290443e-07,36.757545428861874,0.0,0,4.1235253382552415,56.474945,11.61681
2025-02-05 00:31:02,2025-02-05 00:31:02,Class A,626226000_1,56.477412,11.620447,Constrained by her draught,-2.9,11.7,39.5,37.0,9319703,TRAM2,GREAT JACOMBO,Tanker,0,42.0,244.0,Combined GPS/GLONASS,15.0,EG_SUEZ,18/02/2025 18:00:00,AIS,POINT (11.620447 56.477412),626226000_1,0 days 00:01:00,-1.2766306450437068e-06,39.151302789072474,0.0,0,4.120367498427901,56.477412,11.620447
2025-02-05 00:32:02,2025-02-05 00:32:02,Class A,626226000_1,56.479953,11.624077,Constrained by her draught,-4.5,11.6,36.9,33.0,9319703,TRAM2,GREAT JACOMBO,Tanker,0,42.0,244.0,Combined GPS/GLONASS,15.0,EG_SUEZ,18/02/2025 18:00:00,AIS,POINT (11.624077 56.479953),626226000_1,0 days 00:01:00,1.707056241785516e-06,38.26926327014468,0.0,0,4.117231646570545,56.479953,11.624077
2025-02-05 00:33:11,2025-02-05 00:33:11,Class A,626226000_1,56.48302,11.62798,Constrained by her draught,1.6,11.5,33.9,32.0,9319703,TRAM2,GREAT JACOMBO,Tanker,0,42.0,244.0,Combined GPS/GLONASS,15.0,EG_SUEZ,18/02/2025 18:00:00,AIS,POINT (11.62798 56.48302),626226000_1,0 days 00:01:09,6.108783921808621e-07,35.0950952655993,0.0,0,4.113920943004131,56.48302,11.62798
2025-02-05 00:34:02,2025-02-05 00:34:02,Class A,626226000_1,56.485245,11.630652,Constrained by her draught,3.6,11.5,33.9,33.0,9319703,TRAM2,GREAT JACOMBO,Tanker,0,42.0,244.0,Combined GPS/GLONASS,15.0,EG_SUEZ,18/02/2025 18:00:00,AIS,POINT (11.630652 56.485245),626226000_1,0 days 00:00:51,-4.330470295441836e-06,33.54715707648302,0.0,0,4.111678258741192,56.485245,11.630652
2025-02-05 00:35:02,2025-02-05 00:35:02,Class A,626226000_1,56.487862,11.634022,Constrained by her draught,2.9,11.6,36.9,36.0,9319703,TRAM2,GREAT JACOMBO,Tanker,0,42.0,244.0,Combined GPS/GLONASS,15.0,EG_SUEZ,18/02/2025 18:00:00,AIS,POINT (11.634022 56.487862),626226000_1,0 days 00:01:00,2.17901362933922e-06,35.41142354323347,0.0,0,4.108818941079784,56.487862,11.634022
2025-02-05 00:36:02,2025-02-05 00:36:02,Class A,626226000_1,56.490405,11.637613,Constrained by her draught,0.4,11.6,38.5,36.0,9319703,TRAM2,GREAT JACOMBO,Tanker,0,42.0,244.0,Combined GPS/GLONASS,15.0,EG_SUEZ,18/02/2025 18:00:00,AIS,POINT (11.637613 56.490405),626226000_1,0 days 00:01:00,4.2520668020741614e-07,37.93919383177263,0.0,0,4.105731479782135,56.490405,11.637613
2025-02-05 00:37:02,2025-02-05 00:37:02,Class A,626226000_1,56.49294,11.641235,Constrained by her draught,-3.6,11.6,37.6,34.0,9319703,TRAM2,GREAT JACOMBO,Tanker,0,42.0,244.0,Combined GPS/GLONASS,15.0,EG_SUEZ,18/02/2025 18:00:00,AIS,POINT (11.641235 56.49294),626226000_1,0 days 00:01:00,1.30660347511822e-07,38.26412434367688,0.0,0,4.102614487647236,56.49294,11.641235
2025-02-05 00:38:02,2025-02-05 00:38:02,Class A,626226000_1,56.49554,11.644687,Constrained by her draught,-0.7,11.6,35.3,33.0,9319703,TRAM2,GREAT JACOMBO,Tanker,0,42.0,244.0,Combined GPS/GLONASS,15.0,EG_SUEZ,18/02/2025 18:00:00,AIS,POINT (11.644687 56.49554),626226000_1,0 days 00:01:00,-1.663506627203569e-07,36.23676367644782,0.0,0,4.09967874356089,56.49554,11.644687
2025-02-05 00:39:01,2025-02-05 00:39:01,Class A,626226000_1,56.498178,11.64803,Constrained by her draught,-0.4,11.6,35.0,33.0,9319703,TRAM2,GREAT JACOMBO,Tanker,0,42.0,244.0,Combined GPS/GLONASS,15.0,EG_SUEZ,18/02/2025 18:00:00,AIS,POINT (11.64803 56.498178),626226000_1,0 days 00:00:59,1.5806674697272458e-06,34.97135374173928,0.0,0,4.096859489277122,56.498178,11.64803
2025-02-05 00:40:01,2025-02-05 00:40:01,Class A,626226000_1,56.500803,11.65143,Constrained by her draught,-2.2,11.6,36.3,35.0,9319703,TRAM2,GREAT JACOMBO,Tanker,0,42.0,244.0,Combined GPS/GLONASS,15.0,EG_SUEZ,18/02/2025 18:00:00,AIS,POINT (11.65143 56.500803),626226000_1,0 days 00:01:00,-1.4554309097032358e-06,35.55953666361228,0.0,0,4.093984315688691,56.500803,11.65143
2025-02-05 00:41:01,2025-02-05 00:41:01,Class A,626226000_1,56.503395,11.654957,Constrained by her draught,-0.4,11.7,37.3,35.0,9319703,TRAM2,GREAT JACOMBO,Tanker,0,42.0,244.0,Combined GPS/GLONASS,15.0,EG_SUEZ,18/02/2025 18:00:00,AIS,POINT (11.654957 56.503395),626226000_1,0 days 00:01:00,4.607694614708133e-07,36.904824356312474,0.0,0,4.090980764165239,56.503395,11.654957
2025-02-05 00:42:01,2025-02-05 00:42:01,Class A,626226000_1,56.505973,11.658535,Constrained by her draught,1.6,11.7,37.3,34.0,9319703,TRAM2,GREAT JACOMBO,Tanker,0,42.0,244.0,Combined GPS/GLONASS,15.0,EG_SUEZ,18/02/2025 18:00:00,AIS,POINT (11.658535 56.505973),626226000_1,0 days 00:01:00,1.8062000675072957e-07,37.44836234259577,0.0,0,4.087927001022644,56.505973,11.658535
2025-02-05 00:43:01,2025-02-05 00:43:01,Class A,626226000_1,56.50858,11.662052,Constrained by her draught,-2.2,11.7,36.0,33.0,9319703,TRAM2,GREAT JACOMBO,Tanker,0,42.0,244.0,Combined GPS/GLONASS,15.0,EG_SUEZ,18/02/2025 18:00:00,AIS,POINT (11.662052 56.50858),626226000_1,0 days 00:01:00,8.325184217484726e-08,36.664497553005845,0.0,0,4.084940969761988,56.50858,11.662052
2025-02-05 00:44:01,2025-02-05 00:44:01,Class A,626226000_1,56.511223,11.665467,Constrained by her draught,-1.1,11.7,35.2,33.0,9319703,TRAM2,GREAT JACOMBO,Tanker,0,42.0,244.0,Combined GPS/GLONASS,15.0,EG_SUEZ,18/02/2025 18:00:00,AIS,POINT (11.665467 56.511223),626226000_1,0 days 00:01:00,-1.3172711548222204e-07,35.486204248544254,0.0,0,4.082064305872949,56.511223,11.665467
2025-02-05 00:45:01,2025-02-05 00:45:01,Class A,626226000_1,56.51386,11.668903,Constrained by her draught,2.2,11.7,36.2,35.0,9319703,TRAM2,GREAT JACOMBO,Tanker,0,42.0,244.0,Combined GPS/GLONASS,15.0,EG_SUEZ,18/02/2025 18:00:00,AIS,POINT (11.668903 56.51386),626226000_1,0 days 00:01:00,5.6211298132043816e-08,35.712199390432374,0.0,0,4.079168440874806,56.51386,11.668903
2025-02-05 00:46:01,2025-02-05 00:46:01,Class A,626226000_1,56.51645,11.672473,Constrained by her draught,0.2,11.7,38.1,36.0,9319703,TRAM2,GREAT JACOMBO,Tanker,0,42.0,244.0,Combined GPS/GLONASS,15.0,EG_SUEZ,18/02/2025 18:00:00,AIS,POINT (11.672473 56.51645),626226000_1,0 days 00:01:00,1.9385450603169885e-07,37.25055459534252,0.0,0,4.076134760207149,56.51645,11.672473
2025-02-05 00:47:03,2025-02-05 00:47:03,Class A,626226000_1,56.519057,11.676207,Constrained by her draught,-2.9,11.7,38.1,35.0,9319703,TRAM2,GREAT JACOMBO,Tanker,0,42.0,244.0,Combined GPS/GLONASS,15.0,EG_SUEZ,18/02/2025 18:00:00,AIS,POINT (11.676207 56.519057),626226000_1,0 days 00:01:02,-1.1465325818044489e-06,38.313102222941666,0.0,0,4.072945562207528,56.519057,11.676207
2025-02-05 00:48:03,2025-02-05 00:48:03,Class A,626226000_1,56.52165,11.679805,Constrained by her draught,-2.2,11.7,36.6,33.0,9319703,TRAM2,GREAT JACOMBO,Tanker,0,42.0,244.0,Combined GPS/GLONASS,15.0,EG_SUEZ,18/02/2025 18:00:00,AIS,POINT (11.679805 56.52165),626226000_1,0 days 00:01:00,1.5442108993224517e-06,37.430630466781736,0.0,0,4.069890000257132,56.52165,11.679805
2025-02-05 00:49:03,2025-02-05 00:49:03,Class A,626226000_1,56.524302,11.68325,Constrained by her draught,-0.4,11.7,35.0,33.0,9319703,TRAM2,GREAT JACOMBO,Tanker,0,42.0,244.0,Combined GPS/GLONASS,15.0,EG_SUEZ,18/02/2025 18:00:00,AIS,POINT (11.68325 56.524302),626226000_1,0 days 00:01:00,-9.612371401359308e-08,35.621771028981186,0.0,0,4.066998293963744,56.524302,11.68325
2025-02-05 00:50:03,2025-02-05 00:50:03,Class A,626226000_1,56.526963,11.686662,Constrained by her draught,3.6,11.7,35.9,35.0,9319703,TRAM2,GREAT JACOMBO,Tanker,0,42.0,244.0,Combined GPS/GLONASS,15.0,EG_SUEZ,18/02/2025 18:00:00,AIS,POINT (11.686662 56.526963),626226000_1,0 days 00:01:00,-1.0335184027425737e-07,35.26762859080293,0.0,0,4.064143282181006,56.526963,11.686662
2025-02-05 00:51:03,2025-02-05 00:51:03,Class A,626226000_1,56.529572,11.690247,Constrained by her draught,-0.4,11.8,38.3,36.0,9319703,TRAM2,GREAT JACOMBO,Tanker,0,42.0,244.0,Combined GPS/GLONASS,15.0,EG_SUEZ,18/02/2025 18:00:00,AIS,POINT (11.690247 56.529572),626226000_1,0 days 00:01:00,4.50365966638159e-07,37.15501038136125,0.0,0,4.061111183420248,56.529572,11.690247
2025-02-05 00:52:03,2025-02-05 00:52:03,Class A,626226000_1,56.532123,11.694,Constrained by her draught,-2.9,11.8,39.0,36.0,9319703,TRAM2,GREAT JACOMBO,Tanker,0,42.0,244.0,Combined GPS/GLONASS,15.0,EG_SUEZ,18/02/2025 18:00:00,AIS,POINT (11.694 56.532123),626226000_1,0 days 00:01:00,3.6129290180483135e-07,39.05231693579128,0.0,0,4.057905736845669,56.532123,11.694
2025-02-05 00:53:03,2025-02-05 00:53:03,Class A,626226000_1,56.534712,11.697683,Constrained by her draught,-0.7,11.8,37.0,33.0,9319703,TRAM2,GREAT JACOMBO,Tanker,0,42.0,244.0,Combined GPS/GLONASS,15.0,EG_SUEZ,18/02/2025 18:00:00,AIS,POINT (11.697683 56.534712),626226000_1,0 days 00:01:00,1.6828685955655107e-07,38.111576795725114,0.0,0,4.054778767297298,56.534712,11.697683
2025-02-05 00:54:03,2025-02-05 00:54:03,Class A,626226000_1,56.537368,11.701165,Constrained by her draught,0.4,11.8,34.9,32.0,9319703,TRAM2,GREAT JACOMBO,Tanker,0,42.0,244.0,Combined GPS/GLONASS,15.0,EG_SUEZ,18/02/2025 18:00:00,AIS,POINT (11.701165 56.537368),626226000_1,0 days 00:01:00,-4.1806739943207534e-07,35.861648735115466,0.0,0,4.0518644631730965,56.537368,11.701165
2025-02-05 00:55:03,2025-02-05 00:55:03,Class A,626226000_1,56.540063,11.704537,Constrained by her draught,3.6,11.8,35.0,33.0,9319703,TRAM2,GREAT JACOMBO,Tanker,0,42.0,244.0,Combined GPS/GLONASS,15.0,EG_SUEZ,18/02/2025 18:00:00,AIS,POINT (11.704537 56.540063),626226000_1,0 days 00:01:00,-1.0367571646420146e-07,34.59967535860983,0.0,0,4.049068223421532,56.540063,11.704537
2025-02-05 00:56:03,2025-02-05 00:56:03,Class A,626226000_1,56.54271,11.708042,Constrained by her draught,-0.4,11.8,37.6,36.0,9319703,TRAM2,GREAT JACOMBO,Tanker,0,42.0,244.0,Combined GPS/GLONASS,15.0,EG_SUEZ,18/02/2025 18:00:00,AIS,POINT (11.708042 56.54271),626226000_1,0 days 00:01:00,1.0504720640698168e-07,36.12964012137638,0.0,0,4.0461349175527985,56.54271,11.708042
2025-02-05 00:57:03,2025-02-05 00:57:03,Class A,626226000_1,56.545267,11.711797,Constrained by her draught,0.4,11.9,40.1,37.0,9319703,TRAM2,GREAT JACOMBO,Tanker,0,42.0,244.0,Combined GPS/GLONASS,15.0,EG_SUEZ,18/02/2025 18:00:00,AIS,POINT (11.711797 56.545267),626226000_1,0 days 00:01:00,4.0014349545833504e-07,38.99167999512906,0.0,0,4.042941599061999,56.545267,11.711797
2025-02-05 00:58:03,2025-02-05 00:58:03,Class A,626226000_1,56.5478,11.71563,Constrained by her draught,-5.4,11.9,38.9,34.0,9319703,TRAM2,GREAT JACOMBO,Tanker,0,42.0,244.0,Combined GPS/GLONASS,15.0,EG_SUEZ,18/02/2025 18:00:00,AIS,POINT (11.71563 56.5478),626226000_1,0 days 00:01:00,2.7143521163190457e-07,39.832588277158095,0.0,0,4.039669695812765,56.5478,11.71563
2025-02-05 00:59:03,2025-02-05 00:59:03,Class A,626226000_1,56.55046,11.719303,Constrained by her draught,-2.2,11.8,35.8,32.0,9319703,TRAM2,GREAT JACOMBO,Tanker,0,42.0,244.0,Combined GPS/GLONASS,15.0,EG_SUEZ,18/02/2025 18:00:00,AIS,POINT (11.719303 56.55046),626226000_1,0 days 00:01:00,1.3611681698504681e-06,37.274750825424974,0.0,0,4.036581990574327,56.55046,11.719303
2025-02-05 01:00:03,2025-02-05 01:00:03,Class A,626226000_1,56.553157,11.722672,Constrained by her draught,2.9,11.8,33.8,32.0,9319703,TRAM2,GREAT JACOMBO,Tanker,0,42.0,244.0,Combined GPS/GLONASS,15.0,EG_SUEZ,18/02/2025 18:00:00,AIS,POINT (11.722672 56.553157),626226000_1,0 days 00:01:00,-2.12716987696834e-06,34.546728333565,0.0,0,4.033802398519417,56.553157,11.722672
2025-02-05 01:01:03,2025-02-05 01:01:03,Class A,626226000_1,56.555848,11.726058,Constrained by her draught,3.6,11.8,35.9,35.0,9319703,TRAM2,GREAT JACOMBO,Tanker,0,42.0,244.0,Combined GPS/GLONASS,15.0,EG_SUEZ,18/02/2025 18:00:00,AIS,POINT (11.726058 56.555848),626226000_1,0 days 00:01:00,1.0438328055982609e-08,34.73936935167592,0.0,0,4.03100766407061,56.555848,11.726058
2025-02-05 01:02:03,2025-02-05 01:02:03,Class A,626226000_1,56.558443,11.729727,Constrained by her draught,-2.9,11.9,39.2,38.0,9319703,TRAM2,GREAT JACOMBO,Tanker,0,42.0,244.0,Combined GPS/GLONASS,15.0,EG_SUEZ,18/02/2025 18:00:00,AIS,POINT (11.729727 56.558443),626226000_1,0 days 00:01:00,4.7526309903273465e-07,37.923920003257194,0.0,0,4.027919281962089,56.558443,11.729727
2025-02-05 01:03:03,2025-02-05 01:03:03,Class A,626226000_1,56.560957,11.733627,Constrained by her draught,-3.6,11.9,40.8,37.0,9319703,TRAM2,GREAT JACOMBO,Tanker,0,42.0,244.0,Combined GPS/GLONASS,15.0,EG_SUEZ,18/02/2025 18:00:00,AIS,POINT (11.733627 56.560957),626226000_1,0 days 00:01:00,5.563418223052351e-07,40.52479228371362,0.0,0,4.024591102418481,56.560957,11.733627
2025-02-05 01:04:03,2025-02-05 01:04:03,Class A,626226000_1,56.563502,11.737467,Constrained by her draught,-3.6,11.9,38.4,33.0,9319703,TRAM2,GREAT JACOMBO,Tanker,0,42.0,244.0,Combined GPS/GLONASS,15.0,EG_SUEZ,18/02/2025 18:00:00,AIS,POINT (11.737467 56.563502),626226000_1,0 days 00:01:00,6.832576850359454e-08,39.73914441451876,0.0,0,4.021330476790113,56.563502,11.737467
2025-02-05 01:05:03,2025-02-05 01:05:03,Class A,626226000_1,56.566157,11.740993,Constrained by her draught,-2.2,11.8,34.7,30.0,9319703,TRAM2,GREAT JACOMBO,Tanker,0,42.0,244.0,Combined GPS/GLONASS,15.0,EG_SUEZ,18/02/2025 18:00:00,AIS,POINT (11.740993 56.566157),626226000_1,0 days 00:01:00,-6.260260645124671e-07,36.19340502109014,0.0,0,4.018402098104419,56.566157,11.740993
2025-02-05 01:06:03,2025-02-05 01:06:03,Class A,626226000_1,56.568888,11.744267,Constrained by her draught,3.6,11.8,33.1,31.0,9319703,TRAM2,GREAT JACOMBO,Tanker,0,42.0,244.0,Combined GPS/GLONASS,15.0,EG_SUEZ,18/02/2025 18:00:00,AIS,POINT (11.744267 56.568888),626226000_1,0 days 00:01:00,-5.345305008592083e-07,33.44335915913962,0.0,0,4.015738540173774,56.568888,11.744267
2025-02-05 01:07:03,2025-02-05 01:07:03,Class A,626226000_1,56.571588,11.747638,Constrained by her draught,3.6,11.8,36.3,35.0,9319703,TRAM2,GREAT JACOMBO,Tanker,0,42.0,244.0,Combined GPS/GLONASS,15.0,EG_SUEZ,18/02/2025 18:00:00,AIS,POINT (11.747638 56.571588),626226000_1,0 days 00:01:00,1.3029229120756562e-07,34.51982648202693,0.0,0,4.01297649640214,56.571588,11.747638
2025-02-05 01:08:03,2025-02-05 01:08:03,Class A,626226000_1,56.57417,11.751355,Constrained by her draught,4.5,11.9,40.1,38.0,9319703,TRAM2,GREAT JACOMBO,Tanker,0,42.0,244.0,Combined GPS/GLONASS,15.0,EG_SUEZ,18/02/2025 18:00:00,AIS,POINT (11.751355 56.57417),626226000_1,0 days 00:01:00,5.809164623674206e-07,38.41394933142044,0.0,0,4.00985452358474,56.57417,11.751355
2025-02-05 01:09:03,2025-02-05 01:09:03,Class A,626226000_1,56.576662,11.755317,Constrained by her draught,-0.7,11.9,41.7,37.0,9319703,TRAM2,GREAT JACOMBO,Tanker,0,42.0,244.0,Combined GPS/GLONASS,15.0,EG_SUEZ,18/02/2025 18:00:00,AIS,POINT (11.755317 56.576662),626226000_1,0 days 00:01:00,5.423739723879288e-07,41.20931279729547,0.0,0,4.006477090881838,56.576662,11.755317
2025-02-05 01:10:03,2025-02-05 01:10:03,Class A,626226000_1,56.57919,11.759208,Constrained by her draught,-3.6,11.9,38.7,33.0,9319703,TRAM2,GREAT JACOMBO,Tanker,0,42.0,244.0,Combined GPS/GLONASS,15.0,EG_SUEZ,18/02/2025 18:00:00,AIS,POINT (11.759208 56.57919),626226000_1,0 days 00:01:00,4.777240830033657e-08,40.2887773249667,0.0,0,4.0031791118664675,56.57919,11.759208
2025-02-05 01:11:02,2025-02-05 01:11:02,Class A,626226000_1,56.581792,11.762695,Constrained by her draught,1.1,11.8,34.9,30.0,9319703,TRAM2,GREAT JACOMBO,Tanker,0,42.0,244.0,Combined GPS/GLONASS,15.0,EG_SUEZ,18/02/2025 18:00:00,AIS,POINT (11.762695 56.581792),626226000_1,0 days 00:00:59,-8.131066254040006e-07,36.42931229303298,0.0,0,4.000294398254833,56.581792,11.762695
2025-02-05 01:12:02,2025-02-05 01:12:02,Class A,626226000_1,56.584515,11.765985,Constrained by her draught,5.4,11.7,33.4,31.0,9319703,TRAM2,GREAT JACOMBO,Tanker,0,42.0,244.0,Combined GPS/GLONASS,15.0,EG_SUEZ,18/02/2025 18:00:00,AIS,POINT (11.765985 56.584515),626226000_1,0 days 00:01:00,-5.693739386464282e-07,33.63849323267982,0.0,0,3.997629931544189,56.584515,11.765985
2025-02-05 01:13:02,2025-02-05 01:13:02,Class A,626226000_1,56.587203,11.769377,Constrained by her draught,4.5,11.8,36.6,35.0,9319703,TRAM2,GREAT JACOMBO,Tanker,0,42.0,244.0,Combined GPS/GLONASS,15.0,EG_SUEZ,18/02/2025 18:00:00,AIS,POINT (11.769377 56.587203),626226000_1,0 days 00:01:00,8.35349634822786e-08,34.7945720826292,0.0,0,3.9948612380058957,56.587203,11.769377
2025-02-05 01:14:02,2025-02-05 01:14:02,Class A,626226000_1,56.589782,11.7731,Constrained by her draught,4.5,11.9,40.3,38.0,9319703,TRAM2,GREAT JACOMBO,Tanker,0,42.0,244.0,Combined GPS/GLONASS,15.0,EG_SUEZ,18/02/2025 18:00:00,AIS,POINT (11.7731 56.589782),626226000_1,0 days 00:01:00,6.702633888619036e-07,38.479864843699204,0.0,0,3.991748950373007,56.589782,11.7731
2025-02-05 01:15:02,2025-02-05 01:15:02,Class A,626226000_1,56.592278,11.77705,Constrained by her draught,-3.6,11.9,41.5,37.0,9319703,TRAM2,GREAT JACOMBO,Tanker,0,42.0,244.0,Combined GPS/GLONASS,15.0,EG_SUEZ,18/02/2025 18:00:00,AIS,POINT (11.77705 56.592278),626226000_1,0 days 00:01:00,5.073543891252029e-07,41.06595053277084,0.0,0,3.9884001095376584,56.592278,11.77705
2025-02-05 01:16:02,2025-02-05 01:16:02,Class A,626226000_1,56.594818,11.78092,Constrained by her draught,-4.5,11.9,38.5,33.0,9319703,TRAM2,GREAT JACOMBO,Tanker,0,42.0,244.0,Combined GPS/GLONASS,15.0,EG_SUEZ,18/02/2025 18:00:00,AIS,POINT (11.78092 56.594818),626226000_1,0 days 00:01:00,1.4245298000421038e-07,39.990589873285785,0.0,0,3.9851413322515916,56.594818,11.78092
2025-02-05 01:17:02,2025-02-05 01:17:02,Class A,626226000_1,56.597468,11.784467,Constrained by her draught,1.6,11.8,34.7,30.0,9319703,TRAM2,GREAT JACOMBO,Tanker,0,42.0,244.0,Combined GPS/GLONASS,15.0,EG_SUEZ,18/02/2025 18:00:00,AIS,POINT (11.784467 56.597468),626226000_1,0 days 00:01:00,-7.428467270279333e-07,36.38459403165518,0.0,0,3.982224113883723,56.597468,11.784467
2025-02-05 01:18:02,2025-02-05 01:18:02,Class A,626226000_1,56.600197,11.787747,Constrained by her draught,2.9,11.8,32.7,30.0,9319703,TRAM2,GREAT JACOMBO,Tanker,0,42.0,244.0,Combined GPS/GLONASS,15.0,EG_SUEZ,18/02/2025 18:00:00,AIS,POINT (11.787747 56.600197),626226000_1,0 days 00:01:00,-6.133748985607656e-07,33.48909543077832,0.0,0,3.9795873092854746,56.600197,11.787747
2025-02-05 01:19:02,2025-02-05 01:19:02,Class A,626226000_1,56.602918,11.791055,Constrained by her draught,4.5,11.8,35.6,35.0,9319703,TRAM2,GREAT JACOMBO,Tanker,0,42.0,244.0,Combined GPS/GLONASS,15.0,EG_SUEZ,18/02/2025 18:00:00,AIS,POINT (11.791055 56.602918),626226000_1,0 days 00:01:00,5.693409837472021e-08,33.78937738291711,0.0,0,3.976924277929491,56.602918,11.791055
2025-02-05 01:20:02,2025-02-05 01:20:02,Class A,626226000_1,56.605508,11.794745,Constrained by her draught,2.9,11.9,40.3,39.0,9319703,TRAM2,GREAT JACOMBO,Tanker,0,42.0,244.0,Combined GPS/GLONASS,15.0,EG_SUEZ,18/02/2025 18:00:00,AIS,POINT (11.794745 56.605508),626226000_1,0 days 00:01:00,5.508068574230918e-07,38.10158293885047,0.0,0,3.9738630295123403,56.605508,11.794745
2025-02-05 01:21:02,2025-02-05 01:21:02,Class A,626226000_1,56.607988,11.79874,Constrained by her draught,-3.6,11.9,42.4,39.0,9319703,TRAM2,GREAT JACOMBO,Tanker,0,42.0,244.0,Combined GPS/GLONASS,15.0,EG_SUEZ,18/02/2025 18:00:00,AIS,POINT (11.79874 56.607988),626226000_1,0 days 00:01:00,7.236624696043612e-07,41.55865467278289,0.0,0,3.9704831532749254,56.607988,11.79874
2025-02-05 01:22:03,2025-02-05 01:22:03,Class A,626226000_1,56.610473,11.802743,Constrained by her draught,-3.6,11.9,39.9,35.0,9319703,TRAM2,GREAT JACOMBO,Tanker,0,42.0,244.0,Combined GPS/GLONASS,15.0,EG_SUEZ,18/02/2025 18:00:00,AIS,POINT (11.802743 56.610473),626226000_1,0 days 00:01:01,-1.4578590329294932e-06,41.556395061131354,0.0,0,3.9670992179861093,56.610473,11.802743
2025-02-05 01:23:03,2025-02-05 01:23:03,Class A,626226000_1,56.613083,11.806413,Constrained by her draught,-2.9,11.8,35.8,31.0,9319703,TRAM2,GREAT JACOMBO,Tanker,0,42.0,244.0,Combined GPS/GLONASS,15.0,EG_SUEZ,18/02/2025 18:00:00,AIS,POINT (11.806413 56.613083),626226000_1,0 days 00:01:00,1.02858158812161e-06,37.731397946478864,0.0,0,3.9640700087241156,56.613083,11.806413
2025-02-05 01:24:03,2025-02-05 01:24:03,Class A,626226000_1,56.615803,11.809735,Constrained by her draught,-2.9,11.8,32.7,30.0,9319703,TRAM2,GREAT JACOMBO,Tanker,0,42.0,244.0,Combined GPS/GLONASS,15.0,EG_SUEZ,18/02/2025 18:00:00,AIS,POINT (11.809735 56.615803),626226000_1,0 days 00:01:00,-7.239582561593035e-07,33.90200451715708,0.0,0,3.961407095420767,56.615803,11.809735
2025-02-05 01:25:03,2025-02-05 01:25:03,Class A,626226000_1,56.618547,11.812962,Constrained by her draught,2.9,11.8,34.3,34.0,9319703,TRAM2,GREAT JACOMBO,Tanker,0,42.0,244.0,Combined GPS/GLONASS,15.0,EG_SUEZ,18/02/2025 18:00:00,AIS,POINT (11.812962 56.618547),626226000_1,0 days 00:01:00,-2.761370740080703e-07,32.90484180207858,0.0,0,3.958844986548601,56.618547,11.812962
2025-02-05 01:26:03,2025-02-05 01:26:03,Class A,626226000_1,56.621177,11.816515,Constrained by her draught,2.9,11.8,38.9,38.0,9319703,TRAM2,GREAT JACOMBO,Tanker,0,42.0,244.0,Combined GPS/GLONASS,15.0,EG_SUEZ,18/02/2025 18:00:00,AIS,POINT (11.816515 56.621177),626226000_1,0 days 00:01:00,2.773515794533427e-07,36.62124683736221,0.0,0,3.9559428218206083,56.621177,11.816515
2025-02-05 01:27:03,2025-02-05 01:27:03,Class A,626226000_1,56.623673,11.820413,Constrained by her draught,0.4,11.9,42.1,40.0,9319703,TRAM2,GREAT JACOMBO,Tanker,0,42.0,244.0,Combined GPS/GLONASS,15.0,EG_SUEZ,18/02/2025 18:00:00,AIS,POINT (11.820413 56.623673),626226000_1,0 days 00:01:00,4.415062601947732e-07,40.66671063106304,0.0,0,3.9526776181401373,56.623673,11.820413
2025-02-05 01:28:03,2025-02-05 01:28:03,Class A,626226000_1,56.626112,11.824457,Constrained by her draught,-4.5,11.9,41.4,37.0,9319703,TRAM2,GREAT JACOMBO,Tanker,0,42.0,244.0,Combined GPS/GLONASS,15.0,EG_SUEZ,18/02/2025 18:00:00,AIS,POINT (11.824457 56.626112),626226000_1,0 days 00:01:00,3.3027454346029546e-07,42.36709105921426,0.0,0,3.949260232395555,56.626112,11.824457
2025-02-05 01:29:03,2025-02-05 01:29:03,Class A,626226000_1,56.628647,11.828268,Constrained by her draught,-4.5,11.8,37.6,33.0,9319703,TRAM2,GREAT JACOMBO,Tanker,0,42.0,244.0,Combined GPS/GLONASS,15.0,EG_SUEZ,18/02/2025 18:00:00,AIS,POINT (11.828268 56.628647),626226000_1,0 days 00:01:00,-3.7142274018970845e-07,39.58803608784103,0.0,0,3.946093885619677,56.628647,11.828268
2025-02-05 01:30:03,2025-02-05 01:30:03,Class A,626226000_1,56.631298,11.831737,Constrained by her draught,0.4,11.7,34.3,31.0,9319703,TRAM2,GREAT JACOMBO,Tanker,0,42.0,244.0,Combined GPS/GLONASS,15.0,EG_SUEZ,18/02/2025 18:00:00,AIS,POINT (11.831737 56.631298),626226000_1,0 days 00:01:00,-7.32510750095086e-07,35.7436472425116,0.0,0,3.943289424606948,56.631298,11.831737
2025-02-05 01:31:03,2025-02-05 01:31:03,Class A,626226000_1,56.634005,11.83503,Constrained by her draught,4.5,11.7,33.9,33.0,9319703,TRAM2,GREAT JACOMBO,Tanker,0,42.0,244.0,Combined GPS/GLONASS,15.0,EG_SUEZ,18/02/2025 18:00:00,AIS,POINT (11.83503 56.634005),626226000_1,0 days 00:01:00,-2.9354598852039093e-07,33.78382474279226,0.0,0,3.940671815880257,56.634005,11.83503
2025-02-05 01:32:03,2025-02-05 01:32:03,Class A,626226000_1,56.636667,11.838465,Constrained by her draught,2.9,11.8,37.1,36.0,9319703,TRAM2,GREAT JACOMBO,Tanker,0,42.0,244.0,Combined GPS/GLONASS,15.0,EG_SUEZ,18/02/2025 18:00:00,AIS,POINT (11.838465 56.636667),626226000_1,0 days 00:01:00,2.2789474392694888e-07,35.36061371481628,0.0,0,3.9379086476344276,56.636667,11.838465
2025-02-05 01:33:03,2025-02-05 01:33:03,Class A,626226000_1,56.63922,11.842208,Constrained by her draught,-5.4,11.8,38.1,33.0,9319703,TRAM2,GREAT JACOMBO,Tanker,0,42.0,244.0,Combined GPS/GLONASS,15.0,EG_SUEZ,18/02/2025 18:00:00,AIS,POINT (11.842208 56.63922),626226000_1,0 days 00:01:00,4.836962122939584e-07,38.876250436570274,0.0,0,3.934823832430622,56.63922,11.842208
2025-02-05 01:34:03,2025-02-05 01:34:03,Class A,626226000_1,56.641862,11.845683,Constrained by her draught,-2.9,11.7,33.9,29.0,9319703,TRAM2,GREAT JACOMBO,Tanker,0,42.0,244.0,Combined GPS/GLONASS,15.0,EG_SUEZ,18/02/2025 18:00:00,AIS,POINT (11.845683 56.641862),626226000_1,0 days 00:01:00,-5.932997827449588e-07,35.87546534532203,0.0,0,3.932022906752326,56.641862,11.845683
2025-02-05 01:35:03,2025-02-05 01:35:03,Class A,626226000_1,56.64463,11.848918,Constrained by her draught,5.4,11.6,32.3,29.0,9319703,TRAM2,GREAT JACOMBO,Tanker,0,42.0,244.0,Combined GPS/GLONASS,15.0,EG_SUEZ,18/02/2025 18:00:00,AIS,POINT (11.848918 56.64463),626226000_1,0 days 00:01:00,9.072805647998128e-07,32.72417299538034,0.0,0,3.9294869240428834,56.64463,11.848918
2025-02-05 01:36:03,2025-02-05 01:36:03,Class A,626226000_1,56.647358,11.852098,Constrained by her draught,0.0,11.7,33.1,30.0,9319703,TRAM2,GREAT JACOMBO,Tanker,0,42.0,244.0,Combined GPS/GLONASS,15.0,EG_SUEZ,18/02/2025 18:00:00,AIS,POINT (11.852098 56.647358),626226000_1,0 days 00:01:00,-1.5497435205624454e-06,32.65480738977578,0.0,0,3.926998543673781,56.647358,11.852098
2025-02-05 01:37:03,2025-02-05 01:37:03,Class A,626226000_1,56.650075,11.855342,Constrained by her draught,0.0,11.7,33.0,29.0,9319703,TRAM2,GREAT JACOMBO,Tanker,0,42.0,244.0,Combined GPS/GLONASS,15.0,EG_SUEZ,18/02/2025 18:00:00,AIS,POINT (11.855342 56.650075),626226000_1,0 days 00:01:00,3.0693130833025586e-07,33.27979570157419,0.0,0,3.9244482252547295,56.650075,11.855342
2025-02-05 01:38:03,2025-02-05 01:38:03,Class A,626226000_1,56.652792,11.858578,Constrained by her draught,0.0,11.7,33.1,29.0,9319703,TRAM2,GREAT JACOMBO,Tanker,0,42.0,244.0,Combined GPS/GLONASS,15.0,EG_SUEZ,18/02/2025 18:00:00,AIS,POINT (11.858578 56.652792),626226000_1,0 days 00:01:00,-7.699087600916294e-08,33.21303952459664,0.0,0,3.921908606954017,56.652792,11.858578
2025-02-05 01:39:03,2025-02-05 01:39:03,Class A,626226000_1,56.655517,11.861792,Constrained by her draught,0.0,11.7,32.8,29.0,9319703,TRAM2,GREAT JACOMBO,Tanker,0,42.0,244.0,Combined GPS/GLONASS,15.0,EG_SUEZ,18/02/2025 18:00:00,AIS,POINT (11.861792 56.655517),626226000_1,0 days 00:01:00,1.5912637975230384e-10,32.955341879089076,0.0,0,3.919395139617975,56.655517,11.861792
2025-02-05 01:40:02,2025-02-05 01:40:02,Class A,626226000_1,56.658198,11.864943,Constrained by her draught,-2.2,11.7,33.0,29.0,9319703,TRAM2,GREAT JACOMBO,Tanker,0,42.0,244.0,Combined GPS/GLONASS,15.0,EG_SUEZ,18/02/2025 18:00:00,AIS,POINT (11.864943 56.658198),626226000_1,0 days 00:00:59,-5.45439758053813e-08,32.86155818647728,0.0,0,3.9169359190470545,56.658198,11.864943
2025-02-05 01:41:02,2025-02-05 01:41:02,Class A,626226000_1,56.660923,11.868148,Constrained by her draught,2.2,11.7,32.9,29.0,9319703,TRAM2,GREAT JACOMBO,Tanker,0,42.0,244.0,Combined GPS/GLONASS,15.0,EG_SUEZ,18/02/2025 18:00:00,AIS,POINT (11.868148 56.660923),626226000_1,0 days 00:01:00,-3.400484557418831e-08,32.87830247293488,0.0,0,3.9144370099953063,56.660923,11.868148
2025-02-05 01:42:02,2025-02-05 01:42:02,Class A,626226000_1,56.66364,11.871375,Constrained by her draught,0.4,11.7,33.3,29.0,9319703,TRAM2,GREAT JACOMBO,Tanker,0,42.0,244.0,Combined GPS/GLONASS,15.0,EG_SUEZ,18/02/2025 18:00:00,AIS,POINT (11.871375 56.66364),626226000_1,0 days 00:01:00,-5.0764485218611256e-09,33.13240715919022,0.0,0,3.9119177802470486,56.66364,11.871375
2025-02-05 01:43:02,2025-02-05 01:43:02,Class A,626226000_1,56.666358,11.874597,Constrained by her draught,2.2,11.7,33.0,29.0,9319703,TRAM2,GREAT JACOMBO,Tanker,0,42.0,244.0,Combined GPS/GLONASS,15.0,EG_SUEZ,18/02/2025 18:00:00,AIS,POINT (11.874597 56.666358),626226000_1,0 days 00:01:00,-2.2822042548874614e-08,33.08022302937263,0.0,0,3.909406575020946,56.666358,11.874597
2025-02-05 01:44:02,2025-02-05 01:44:02,Class A,626226000_1,56.669075,11.877827,Constrained by her draught,-2.2,11.7,33.2,29.0,9319703,TRAM2,GREAT JACOMBO,Tanker,0,42.0,244.0,Combined GPS/GLONASS,15.0,EG_SUEZ,18/02/2025 18:00:00,AIS,POINT (11.877827 56.669075),626226000_1,0 days 00:01:00,4.6527825295307124e-08,33.15299611055934,0.0,0,3.9068902891698913,56.669075,11.877827
2025-02-05 01:45:02,2025-02-05 01:45:02,Class A,626226000_1,56.671785,11.88108,Constrained by her draught,0.4,11.7,33.2,29.0,9319703,TRAM2,GREAT JACOMBO,Tanker,0,42.0,244.0,Combined GPS/GLONASS,15.0,EG_SUEZ,18/02/2025 18:00:00,AIS,POINT (11.88108 56.671785),626226000_1,0 days 00:01:00,3.220098011342346e-08,33.40539567717053,0.0,0,3.904352948140446,56.671785,11.88108
2025-02-05 01:46:02,2025-02-05 01:46:02,Class A,626226000_1,56.674503,11.884298,Constrained by her draught,-6.4,11.7,32.9,29.0,9319703,TRAM2,GREAT JACOMBO,Tanker,0,42.0,244.0,Combined GPS/GLONASS,15.0,EG_SUEZ,18/02/2025 18:00:00,AIS,POINT (11.884298 56.674503),626226000_1,0 days 00:01:00,-1.2231681787612757e-07,33.0420197346462,0.0,0,3.9018544521651504,56.674503,11.884298
2025-02-05 01:47:02,2025-02-05 01:47:02,Class A,626226000_1,56.677228,11.887492,Constrained by her draught,0.0,11.7,33.0,29.0,9319703,TRAM2,GREAT JACOMBO,Tanker,0,42.0,244.0,Combined GPS/GLONASS,15.0,EG_SUEZ,18/02/2025 18:00:00,AIS,POINT (11.887492 56.677228),626226000_1,0 days 00:01:00,-4.2813862153361196e-08,32.777276140049025,0.0,0,3.89938387671591,56.677228,11.887492
2025-02-05 01:48:02,2025-02-05 01:48:02,Class A,626226000_1,56.679945,11.890715,Constrained by her draught,1.6,11.7,33.2,29.0,9319703,TRAM2,GREAT JACOMBO,Tanker,0,42.0,244.0,Combined GPS/GLONASS,15.0,EG_SUEZ,18/02/2025 18:00:00,AIS,POINT (11.890715 56.679945),626226000_1,0 days 00:01:00,5.9168444968791624e-08,33.08854720919771,0.0,0,3.8968861910476664,56.679945,11.890715
2025-02-05 01:49:02,2025-02-05 01:49:02,Class A,626226000_1,56.682655,11.893953,Constrained by her draught,4.5,11.7,33.5,29.0,9319703,TRAM2,GREAT JACOMBO,Tanker,0,42.0,244.0,Combined GPS/GLONASS,15.0,EG_SUEZ,18/02/2025 18:00:00,AIS,POINT (11.893953 56.682655),626226000_1,0 days 00:01:00,-4.3258902811925634e-08,33.27621837964642,0.0,0,3.894375240507005,56.682655,11.893953
2025-02-05 01:50:03,2025-02-05 01:50:03,Class A,626226000_1,56.685347,11.89726,Constrained by her draught,-1.1,11.7,34.4,30.0,9319703,TRAM2,GREAT JACOMBO,Tanker,0,42.0,244.0,Combined GPS/GLONASS,15.0,EG_SUEZ,18/02/2025 18:00:00,AIS,POINT (11.89726 56.685347),626226000_1,0 days 00:01:01,-1.437494637181277e-06,34.00758846971769,0.0,0,3.891795951854234,56.685347,11.89726
2025-02-05 01:51:03,2025-02-05 01:51:03,Class A,626226000_1,56.688028,11.900595,Constrained by her draught,-0.7,11.7,33.9,29.0,9319703,TRAM2,GREAT JACOMBO,Tanker,0,42.0,244.0,Combined GPS/GLONASS,15.0,EG_SUEZ,18/02/2025 18:00:00,AIS,POINT (11.900595 56.688028),626226000_1,0 days 00:01:00,1.6323398085473673e-06,34.33919712918225,0.0,0,3.8891898187109626,56.688028,11.900595
2025-02-05 01:52:03,2025-02-05 01:52:03,Class A,626226000_1,56.690735,11.903842,Constrained by her draught,-2.2,11.6,32.8,28.0,9319703,TRAM2,GREAT JACOMBO,Tanker,0,42.0,244.0,Combined GPS/GLONASS,15.0,EG_SUEZ,18/02/2025 18:00:00,AIS,POINT (11.903842 56.690735),626226000_1,0 days 00:01:00,-1.704949755465766e-07,33.372707321713676,0.0,0,3.8866783076896136,56.690735,11.903842
2025-02-05 01:53:03,2025-02-05 01:53:03,Class A,626226000_1,56.693455,11.907043,Constrained by her draught,0.4,11.6,33.4,29.0,9319703,TRAM2,GREAT JACOMBO,Tanker,0,42.0,244.0,Combined GPS/GLONASS,15.0,EG_SUEZ,18/02/2025 18:00:00,AIS,POINT (11.907043 56.693455),626226000_1,0 days 00:01:00,-9.40193420908107e-08,32.87109615965022,0.0,0,3.8842175470323492,56.693455,11.907043
2025-02-05 01:54:03,2025-02-05 01:54:03,Class A,626226000_1,56.696162,11.910307,Constrained by her draught,3.6,11.7,33.7,29.0,9319703,TRAM2,GREAT JACOMBO,Tanker,0,42.0,244.0,Combined GPS/GLONASS,15.0,EG_SUEZ,18/02/2025 18:00:00,AIS,POINT (11.910307 56.696162),626226000_1,0 days 00:01:00,2.493589733626918e-07,33.50648654698864,0.0,0,3.8816954921117914,56.696162,11.910307
2025-02-05 01:55:03,2025-02-05 01:55:03,Class A,626226000_1,56.69887,11.913593,Constrained by her draught,1.6,11.7,33.9,30.0,9319703,TRAM2,GREAT JACOMBO,Tanker,0,42.0,244.0,Combined GPS/GLONASS,15.0,EG_SUEZ,18/02/2025 18:00:00,AIS,POINT (11.913593 56.69887),626226000_1,0 days 00:01:00,2.3099950359436497e-07,33.67220820480367,0.0,0,3.8791553183765397,56.69887,11.913593
2025-02-05 01:56:12,2025-02-05 01:56:12,Class A,626226000_1,56.702003,11.917545,Constrained by her draught,-12.9,11.8,34.1,25.0,9319703,TRAM2,GREAT JACOMBO,Tanker,0,42.0,244.0,Combined GPS/GLONASS,15.0,EG_SUEZ,18/02/2025 18:00:00,AIS,POINT (11.917545 56.702003),626226000_1,0 days 00:01:09,1.6147562964678443e-06,34.702315711631854,0.0,0,3.876074399710355,56.702003,11.917545
2025-02-05 01:58:12,2025-02-05 01:58:12,Class A,626226000_1,56.707678,11.922615,Constrained by her draught,-5.4,11.2,17.4,8.0,9319703,TRAM2,GREAT JACOMBO,Tanker,0,42.0,244.0,Combined GPS/GLONASS,15.0,EG_SUEZ,18/02/2025 18:00:00,AIS,POINT (11.922615 56.707678),626226000_1,0 days 00:02:00,-2.388486691972588e-06,26.122577934132778,0.0,0,3.872530058572173,56.707678,11.922615
2025-02-05 01:59:12,2025-02-05 01:59:12,Class A,626226000_1,56.710668,11.923967,Constrained by her draught,-12.9,11.0,10.2,0.0,9319703,TRAM2,GREAT JACOMBO,Tanker,0,42.0,244.0,Combined GPS/GLONASS,15.0,EG_SUEZ,18/02/2025 18:00:00,AIS,POINT (11.923967 56.710668),626226000_1,0 days 00:01:00,-2.4910783709544836e-06,13.938209244380744,0.0,0,3.8719467497109257,56.710668,11.923967
2025-02-05 02:01:12,2025-02-05 02:01:12,Class A,626226000_1,56.716638,11.924457,Constrained by her draught,-5.4,10.5,354.4,346.0,9319703,TRAM2,GREAT JACOMBO,Tanker,0,42.0,244.0,Combined GPS/GLONASS,15.0,EG_SUEZ,18/02/2025 18:00:00,AIS,POINT (11.924457 56.716638),626226000_1,0 days 00:02:00,-1.4389130366196495e-06,2.578987365031935,0.0,0,3.8729320413424504,56.716638,11.924457
2025-02-05 02:02:02,2025-02-05 02:02:02,Class A,626226000_1,56.719098,11.923862,Constrained by her draught,-4.5,10.5,351.8,344.0,9319703,TRAM2,GREAT JACOMBO,Tanker,0,42.0,244.0,Combined GPS/GLONASS,15.0,EG_SUEZ,18/02/2025 18:00:00,AIS,POINT (11.923862 56.719098),626226000_1,0 days 00:00:50,-3.7278969178504775e-07,352.4396259026595,0.0,0,3.874113093882522,56.719098,11.923862
2025-02-05 02:03:02,2025-02-05 02:03:02,Class A,626226000_1,56.72196,11.922878,Constrained by her draught,0.4,10.4,346.8,342.0,9319703,TRAM2,GREAT JACOMBO,Tanker,0,42.0,244.0,Combined GPS/GLONASS,15.0,EG_SUEZ,18/02/2025 18:00:00,AIS,POINT (11.922878 56.72196),626226000_1,0 days 00:01:00,-2.0199100328933067e-06,349.31658647422137,0.0,0,3.875771535062922,56.72196,11.922878
2025-02-05 02:04:13,2025-02-05 02:04:13,Class A,626226000_1,56.725258,11.921362,Constrained by her draught,-0.4,10.5,343.9,339.0,9319703,TRAM2,GREAT JACOMBO,Tanker,0,42.0,244.0,Combined GPS/GLONASS,15.0,EG_SUEZ,18/02/2025 18:00:00,AIS,POINT (11.921362 56.725258),626226000_1,0 days 00:01:11,-9.938593294274576e-07,345.8451491815366,0.0,0,3.878054905144071,56.725258,11.921362
2025-02-05 02:05:13,2025-02-05 02:05:13,Class A,626226000_1,56.72806,11.919862,Constrained by her draught,3.6,10.6,343.5,340.0,9319703,TRAM2,GREAT JACOMBO,Tanker,0,42.0,244.0,Combined GPS/GLONASS,15.0,EG_SUEZ,18/02/2025 18:00:00,AIS,POINT (11.919862 56.72806),626226000_1,0 days 00:01:00,1.4276772816872694e-06,343.6330493646369,0.0,0,3.8802018645555023,56.72806,11.919862
2025-02-05 02:06:13,2025-02-05 02:06:13,Class A,626226000_1,56.730887,11.918367,Constrained by her draught,3.6,10.6,344.5,341.0,9319703,TRAM2,GREAT JACOMBO,Tanker,0,42.0,244.0,Combined GPS/GLONASS,15.0,EG_SUEZ,18/02/2025 18:00:00,AIS,POINT (11.918367 56.730887),626226000_1,0 days 00:01:00,7.178372725089553e-07,343.8225541313968,0.0,0,3.8823516061513548,56.730887,11.918367
2025-02-05 02:07:13,2025-02-05 02:07:13,Class A,626226000_1,56.733752,11.916942,Constrained by her draught,-0.4,10.7,345.0,342.0,9319703,TRAM2,GREAT JACOMBO,Tanker,0,42.0,244.0,Combined GPS/GLONASS,15.0,EG_SUEZ,18/02/2025 18:00:00,AIS,POINT (11.916942 56.733752),626226000_1,0 days 00:01:00,8.077746478405996e-07,344.73948499091625,0.0,0,3.8844444595380687,56.733752,11.916942
2025-02-05 02:08:03,2025-02-05 02:08:03,Class A,626226000_1,56.736227,11.915808,Constrained by her draught,0.4,10.8,346.2,342.0,9319703,TRAM2,GREAT JACOMBO,Tanker,0,42.0,244.0,Combined GPS/GLONASS,15.0,EG_SUEZ,18/02/2025 18:00:00,AIS,POINT (11.915808 56.736227),626226000_1,0 days 00:00:50,3.436692704936583e-06,345.89315932889815,0.0,0,3.8861596846147477,56.736227,11.915808
2025-02-05 02:09:02,2025-02-05 02:09:02,Class A,626226000_1,56.7391,11.914463,Constrained by her draught,0.2,10.9,345.5,342.0,9319703,TRAM2,GREAT JACOMBO,Tanker,0,42.0,244.0,Combined GPS/GLONASS,15.0,EG_SUEZ,18/02/2025 18:00:00,AIS,POINT (11.914463 56.7391),626226000_1,0 days 00:00:59,-1.443075575515903e-06,345.59989742922744,0.0,0,3.8881799061860556,56.7391,11.914463
2025-02-05 02:10:02,2025-02-05 02:10:02,Class A,626226000_1,56.74203,11.913045,Constrained by her draught,-2.9,10.9,344.7,341.0,9319703,TRAM2,GREAT JACOMBO,Tanker,0,42.0,244.0,Combined GPS/GLONASS,15.0,EG_SUEZ,18/02/2025 18:00:00,AIS,POINT (11.913045 56.74203),626226000_1,0 days 00:01:00,4.641102768390259e-07,345.135984039941,0.0,0,3.890286627542114,56.74203,11.913045
2025-02-05 02:11:02,2025-02-05 02:11:02,Class A,626226000_1,56.744957,11.911567,Constrained by her draught,0.4,10.9,344.5,341.0,9319703,TRAM2,GREAT JACOMBO,Tanker,0,42.0,244.0,Combined GPS/GLONASS,15.0,EG_SUEZ,18/02/2025 18:00:00,AIS,POINT (11.911567 56.744957),626226000_1,0 days 00:01:00,1.774014980808943e-07,344.5226360300999,0.0,0,3.8924522493906073,56.744957,11.911567
2025-02-05 02:12:02,2025-02-05 02:12:02,Class A,626226000_1,56.74789,11.910073,Constrained by her draught,6.4,11.0,344.7,342.0,9319703,TRAM2,GREAT JACOMBO,Tanker,0,42.0,244.0,Combined GPS/GLONASS,15.0,EG_SUEZ,18/02/2025 18:00:00,AIS,POINT (11.910073 56.74789),626226000_1,0 days 00:01:00,2.5129607364240967e-07,344.39483011098724,0.0,0,3.894636423391661,56.74789,11.910073
2025-02-05 02:13:02,2025-02-05 02:13:02,Class A,626226000_1,56.750858,11.90867,Constrained by her draught,-2.9,11.1,346.1,343.0,9319703,TRAM2,GREAT JACOMBO,Tanker,0,42.0,244.0,Combined GPS/GLONASS,15.0,EG_SUEZ,18/02/2025 18:00:00,AIS,POINT (11.90867 56.750858),626226000_1,0 days 00:01:00,6.420064848547286e-07,345.4699892470638,0.0,0,3.896742947847599,56.750858,11.90867
2025-02-05 02:14:02,2025-02-05 02:14:02,Class A,626226000_1,56.753843,11.907298,Constrained by her draught,-1.1,11.1,345.6,341.0,9319703,TRAM2,GREAT JACOMBO,Tanker,0,42.0,244.0,Combined GPS/GLONASS,15.0,EG_SUEZ,18/02/2025 18:00:00,AIS,POINT (11.907298 56.753843),626226000_1,0 days 00:01:00,3.782857149171725e-07,345.8566883194481,0.0,0,3.898825414834704,56.753843,11.907298
2025-02-05 02:15:02,2025-02-05 02:15:02,Class A,626226000_1,56.756802,11.905767,Constrained by her draught,0.7,11.0,343.0,339.0,9319703,TRAM2,GREAT JACOMBO,Tanker,0,42.0,244.0,Combined GPS/GLONASS,15.0,EG_SUEZ,18/02/2025 18:00:00,AIS,POINT (11.905767 56.756802),626226000_1,0 days 00:01:00,-7.7093676708742e-08,344.1646945495161,0.0,0,3.9010567251657586,56.756802,11.905767
2025-02-05 02:16:02,2025-02-05 02:16:02,Class A,626226000_1,56.759673,11.904095,Constrained by her draught,-3.6,11.0,341.9,338.0,9319703,TRAM2,GREAT JACOMBO,Tanker,0,42.0,244.0,Combined GPS/GLONASS,15.0,EG_SUEZ,18/02/2025 18:00:00,AIS,POINT (11.904095 56.759673),626226000_1,0 days 00:01:00,-1.9140797574729885e-06,342.29540589803355,0.0,0,3.903403566393052,56.759673,11.904095
2025-02-05 02:17:02,2025-02-05 02:17:02,Class A,626226000_1,56.762577,11.902335,Constrained by her draught,0.7,11.0,341.9,338.0,9319703,TRAM2,GREAT JACOMBO,Tanker,0,42.0,244.0,Combined GPS/GLONASS,15.0,EG_SUEZ,18/02/2025 18:00:00,AIS,POINT (11.902335 56.762577),626226000_1,0 days 00:01:00,1.4336309820001028e-06,341.62422250403574,0.0,0,3.9058453299886304,56.762577,11.902335
2025-02-05 02:18:02,2025-02-05 02:18:02,Class A,626226000_1,56.765463,11.900525,Constrained by her draught,3.6,10.9,340.3,337.0,9319703,TRAM2,GREAT JACOMBO,Tanker,0,42.0,244.0,Combined GPS/GLONASS,15.0,EG_SUEZ,18/02/2025 18:00:00,AIS,POINT (11.900525 56.765463),626226000_1,0 days 00:01:00,-2.5561630319758525e-07,341.0307428479638,0.0,0,3.9083322555701416,56.765463,11.900525
2025-02-05 02:19:02,2025-02-05 02:19:02,Class A,626226000_1,56.768338,11.89867,Constrained by her draught,-0.4,10.9,340.7,338.0,9319703,TRAM2,GREAT JACOMBO,Tanker,0,42.0,244.0,Combined GPS/GLONASS,15.0,EG_SUEZ,18/02/2025 18:00:00,AIS,POINT (11.89867 56.768338),626226000_1,0 days 00:01:00,-6.983588692016478e-08,340.5267153945105,0.0,0,3.910861246855992,56.768338,11.89867
2025-02-05 02:20:02,2025-02-05 02:20:02,Class A,626226000_1,56.771237,11.896888,Constrained by her draught,0.4,11.0,341.9,339.0,9319703,TRAM2,GREAT JACOMBO,Tanker,0,42.0,244.0,Combined GPS/GLONASS,15.0,EG_SUEZ,18/02/2025 18:00:00,AIS,POINT (11.896888 56.771237),626226000_1,0 days 00:01:00,2.95504407564195e-07,341.38436918553407,0.0,0,3.913327205553478,56.771237,11.896888
2025-02-05 02:21:02,2025-02-05 02:21:02,Class A,626226000_1,56.77415,11.895167,Constrained by her draught,0.0,11.0,342.1,339.0,9319703,TRAM2,GREAT JACOMBO,Tanker,0,42.0,244.0,Combined GPS/GLONASS,15.0,EG_SUEZ,18/02/2025 18:00:00,AIS,POINT (11.895167 56.77415),626226000_1,0 days 00:01:00,8.491798635860796e-08,342.06209356455446,0.0,0,3.9157392264430726,56.77415,11.895167
2025-02-05 02:22:02,2025-02-05 02:22:02,Class A,626226000_1,56.777075,11.893487,Constrained by her draught,-2.9,11.1,343.1,339.0,9319703,TRAM2,GREAT JACOMBO,Tanker,0,42.0,244.0,Combined GPS/GLONASS,15.0,EG_SUEZ,18/02/2025 18:00:00,AIS,POINT (11.893487 56.777075),626226000_1,0 days 00:01:00,1.4076469652355799e-07,342.531789355649,0.0,0,3.9181161671765175,56.777075,11.893487
2025-02-05 02:23:01,2025-02-05 02:23:01,Class A,626226000_1,56.779993,11.891758,Constrained by her draught,-2.9,11.1,341.5,338.0,9319703,TRAM2,GREAT JACOMBO,Tanker,0,42.0,244.0,Combined GPS/GLONASS,15.0,EG_SUEZ,18/02/2025 18:00:00,AIS,POINT (11.891758 56.779993),626226000_1,0 days 00:00:59,1.6837787616612062e-06,342.01558790656503,0.0,0,3.920540093119951,56.779993,11.891758
2025-02-05 02:24:01,2025-02-05 02:24:01,Class A,626226000_1,56.782892,11.889895,Constrained by her draught,-0.4,11.1,340.4,339.0,9319703,TRAM2,GREAT JACOMBO,Tanker,0,42.0,244.0,Combined GPS/GLONASS,15.0,EG_SUEZ,18/02/2025 18:00:00,AIS,POINT (11.889895 56.782892),626226000_1,0 days 00:01:00,-1.4355699435969395e-06,340.6057716340342,0.0,0,3.923089953787575,56.782892,11.889895
2025-02-05 02:25:01,2025-02-05 02:25:01,Class A,626226000_1,56.785815,11.888057,Constrained by her draught,3.6,11.2,342.4,342.0,9319703,TRAM2,GREAT JACOMBO,Tanker,0,42.0,244.0,Combined GPS/GLONASS,15.0,EG_SUEZ,18/02/2025 18:00:00,AIS,POINT (11.888057 56.785815),626226000_1,0 days 00:01:00,5.603090723208607e-07,340.9942580872464,0.0,0,3.925623273403855,56.785815,11.888057
2025-02-05 02:26:01,2025-02-05 02:26:01,Class A,626226000_1,56.788808,11.886507,Constrained by her draught,-2.9,11.2,345.5,343.0,9319703,TRAM2,GREAT JACOMBO,Tanker,0,42.0,244.0,Combined GPS/GLONASS,15.0,EG_SUEZ,18/02/2025 18:00:00,AIS,POINT (11.886507 56.788808),626226000_1,0 days 00:01:00,5.984843151147969e-07,344.16384987787836,0.0,0,3.9278981412451373,56.788808,11.886507
2025-02-05 02:27:01,2025-02-05 02:27:01,Class A,626226000_1,56.791823,11.884987,Constrained by her draught,0.2,11.2,343.5,341.0,9319703,TRAM2,GREAT JACOMBO,Tanker,0,42.0,244.0,Combined GPS/GLONASS,15.0,EG_SUEZ,18/02/2025 18:00:00,AIS,POINT (11.884987 56.791823),626226000_1,0 days 00:01:00,5.17182441274076e-07,344.5645785239769,0.0,0,3.9301513623068,56.791823,11.884987
2025-02-05 02:28:01,2025-02-05 02:28:01,Class A,626226000_1,56.794822,11.883352,Constrained by her draught,-0.4,11.2,342.6,340.0,9319703,TRAM2,GREAT JACOMBO,Tanker,0,42.0,244.0,Combined GPS/GLONASS,15.0,EG_SUEZ,18/02/2025 18:00:00,AIS,POINT (11.883352 56.794822),626226000_1,0 days 00:01:00,6.393818130823585e-08,343.37639370744256,0.0,0,3.932513004290768,56.794822,11.883352
2025-02-05 02:29:01,2025-02-05 02:29:01,Class A,626226000_1,56.797803,11.881618,Constrained by her draught,0.2,11.2,341.4,339.0,9319703,TRAM2,GREAT JACOMBO,Tanker,0,42.0,244.0,Combined GPS/GLONASS,15.0,EG_SUEZ,18/02/2025 18:00:00,AIS,POINT (11.881618 56.797803),626226000_1,0 days 00:01:00,-3.624182629601361e-08,342.3319628114481,0.0,0,3.9349670139508164,56.797803,11.881618
2025-02-05 02:30:01,2025-02-05 02:30:01,Class A,626226000_1,56.800757,11.879775,Constrained by her draught,0.0,11.2,340.5,338.0,9319703,TRAM2,GREAT JACOMBO,Tanker,0,42.0,244.0,Combined GPS/GLONASS,15.0,EG_SUEZ,18/02/2025 18:00:00,AIS,POINT (11.879775 56.800757),626226000_1,0 days 00:01:00,-2.1277559537235803e-07,341.1390060620385,0.0,0,3.9375205929307833,56.800757,11.879775
2025-02-05 02:31:02,2025-02-05 02:31:02,Class A,626226000_1,56.803752,11.877867,Constrained by her draught,-0.4,11.2,340.6,338.0,9319703,TRAM2,GREAT JACOMBO,Tanker,0,42.0,244.0,Combined GPS/GLONASS,15.0,EG_SUEZ,18/02/2025 18:00:00,AIS,POINT (11.877867 56.803752),626226000_1,0 days 00:01:01,-4.959905169911495e-08,340.77148408819016,0.0,0,3.9401490950547804,56.803752,11.877867
2025-02-05 02:32:02,2025-02-05 02:32:02,Class A,626226000_1,56.806697,11.876008,Constrained by her draught,-0.2,11.2,341.1,339.0,9319703,TRAM2,GREAT JACOMBO,Tanker,0,42.0,244.0,Combined GPS/GLONASS,15.0,EG_SUEZ,18/02/2025 18:00:00,AIS,POINT (11.876008 56.806697),626226000_1,0 days 00:01:00,-1.259390173562712e-07,340.9358683090758,0.0,0,3.9427185864990406,56.806697,11.876008
2025-02-05 02:33:02,2025-02-05 02:33:02,Class A,626226000_1,56.809648,11.874198,Constrained by her draught,2.9,11.2,341.6,339.0,9319703,TRAM2,GREAT JACOMBO,Tanker,0,42.0,244.0,Combined GPS/GLONASS,15.0,EG_SUEZ,18/02/2025 18:00:00,AIS,POINT (11.874198 56.809648),626226000_1,0 days 00:01:00,-9.372003632464378e-08,341.43996950755536,0.0,0,3.9452438096771667,56.809648,11.874198
2025-02-05 02:34:11,2025-02-05 02:34:11,Class A,626226000_1,56.813037,11.872157,Constrained by her draught,3.6,11.2,341.1,338.0,9319703,TRAM2,GREAT JACOMBO,Tanker,0,42.0,244.0,Combined GPS/GLONASS,15.0,EG_SUEZ,18/02/2025 18:00:00,AIS,POINT (11.872157 56.813037),626226000_1,0 days 00:01:09,-2.68183092306767e-07,341.75521786373747,0.0,0,3.9481092886223403,56.813037,11.872157
2025-02-05 02:35:02,2025-02-05 02:35:02,Class A,626226000_1,56.815522,11.870598,Constrained by her draught,0.7,11.1,340.8,338.0,9319703,TRAM2,GREAT JACOMBO,Tanker,0,42.0,244.0,Combined GPS/GLONASS,15.0,EG_SUEZ,18/02/2025 18:00:00,AIS,POINT (11.870598 56.815522),626226000_1,0 days 00:00:51,-4.30296830361605e-07,341.04865678746415,0.0,0,3.9502717964211027,56.815522,11.870598
2025-02-05 02:36:02,2025-02-05 02:36:02,Class A,626226000_1,56.81845,11.868793,Constrained by her draught,4.5,11.1,341.6,339.0,9319703,TRAM2,GREAT JACOMBO,Tanker,0,42.0,244.0,Combined GPS/GLONASS,15.0,EG_SUEZ,18/02/2025 18:00:00,AIS,POINT (11.868793 56.81845),626226000_1,0 days 00:01:00,-2.9260599362764562e-08,341.35641993864397,0.0,0,3.952790318467322,56.81845,11.868793
2025-02-05 02:37:02,2025-02-05 02:37:02,Class A,626226000_1,56.821377,11.866985,Constrained by her draught,-2.2,11.1,341.9,339.0,9319703,TRAM2,GREAT JACOMBO,Tanker,0,42.0,244.0,Combined GPS/GLONASS,15.0,EG_SUEZ,18/02/2025 18:00:00,AIS,POINT (11.866985 56.821377),626226000_1,0 days 00:01:00,-1.3712960258736746e-08,341.3230009917338,0.0,0,3.9553128526570434,56.821377,11.866985
2025-02-05 02:38:02,2025-02-05 02:38:02,Class A,626226000_1,56.824313,11.865243,Constrained by her draught,0.0,11.1,342.1,339.0,9319703,TRAM2,GREAT JACOMBO,Tanker,0,42.0,244.0,Combined GPS/GLONASS,15.0,EG_SUEZ,18/02/2025 18:00:00,AIS,POINT (11.865243 56.824313),626226000_1,0 days 00:01:00,-8.925193550213955e-08,342.0129156890069,0.0,0,3.9577755770667435,56.824313,11.865243
2025-02-05 02:39:02,2025-02-05 02:39:02,Class A,626226000_1,56.827247,11.863528,Constrained by her draught,0.0,11.1,342.3,339.0,9319703,TRAM2,GREAT JACOMBO,Tanker,0,42.0,244.0,Combined GPS/GLONASS,15.0,EG_SUEZ,18/02/2025 18:00:00,AIS,POINT (11.863528 56.827247),626226000_1,0 days 00:01:00,-2.0025487604476086e-07,342.2641040194225,0.0,0,3.9602131639755194,56.827247,11.863528
2025-02-05 02:40:02,2025-02-05 02:40:02,Class A,626226000_1,56.830182,11.861847,Constrained by her draught,2.9,11.0,342.8,339.0,9319703,TRAM2,GREAT JACOMBO,Tanker,0,42.0,244.0,Combined GPS/GLONASS,15.0,EG_SUEZ,18/02/2025 18:00:00,AIS,POINT (11.861847 56.830182),626226000_1,0 days 00:01:00,-1.4552064930301727e-07,342.6011393825383,0.0,0,3.962619682634331,56.830182,11.861847
2025-02-05 02:41:02,2025-02-05 02:41:02,Class A,626226000_1,56.833102,11.860123,Constrained by her draught,0.0,11.0,341.6,339.0,9319703,TRAM2,GREAT JACOMBO,Tanker,0,42.0,244.0,Combined GPS/GLONASS,15.0,EG_SUEZ,18/02/2025 18:00:00,AIS,POINT (11.860123 56.833102),626226000_1,0 days 00:01:00,-2.2120572199918997e-07,342.0995155333863,0.0,0,3.9650650049179514,56.833102,11.860123
2025-02-05 02:42:02,2025-02-05 02:42:02,Class A,626226000_1,56.836003,11.85833,Constrained by her draught,-0.4,11.0,341.0,339.0,9319703,TRAM2,GREAT JACOMBO,Tanker,0,42.0,244.0,Combined GPS/GLONASS,15.0,EG_SUEZ,18/02/2025 18:00:00,AIS,POINT (11.85833 56.836003),626226000_1,0 days 00:01:00,-1.90730722806944e-07,341.31950788888247,0.0,0,3.967573040928798,56.836003,11.85833
2025-02-05 02:43:02,2025-02-05 02:43:02,Class A,626226000_1,56.838912,11.856565,Constrained by her draught,0.0,11.0,342.1,340.0,9319703,TRAM2,GREAT JACOMBO,Tanker,0,42.0,244.0,Combined GPS/GLONASS,15.0,EG_SUEZ,18/02/2025 18:00:00,AIS,POINT (11.856565 56.838912),626226000_1,0 days 00:01:00,8.281375116242206e-08,341.6399770698766,0.0,0,3.9700576245174326,56.838912,11.856565
2025-02-05 02:44:02,2025-02-05 02:44:02,Class A,626226000_1,56.841847,11.8549,Constrained by her draught,-6.4,11.1,342.9,340.0,9319703,TRAM2,GREAT JACOMBO,Tanker,0,42.0,244.0,Combined GPS/GLONASS,15.0,EG_SUEZ,18/02/2025 18:00:00,AIS,POINT (11.8549 56.841847),626226000_1,0 days 00:01:00,2.4574357829782593e-07,342.76193351154177,0.0,0,3.9724543419439065,56.841847,11.8549
2025-02-05 02:45:02,2025-02-05 02:45:02,Class A,626226000_1,56.844792,11.853232,Constrained by her draught,0.2,11.1,342.2,340.0,9319703,TRAM2,GREAT JACOMBO,Tanker,0,42.0,244.0,Combined GPS/GLONASS,15.0,EG_SUEZ,18/02/2025 18:00:00,AIS,POINT (11.853232 56.844792),626226000_1,0 days 00:01:00,3.0987153223992495e-07,342.7891561322779,0.0,0,3.974858079435792,56.844792,11.853232
2025-02-05 02:46:03,2025-02-05 02:46:03,Class A,626226000_1,56.847717,11.851485,Constrained by her draught,-2.2,11.0,340.9,339.0,9319703,TRAM2,GREAT JACOMBO,Tanker,0,42.0,244.0,Combined GPS/GLONASS,15.0,EG_SUEZ,18/02/2025 18:00:00,AIS,POINT (11.851485 56.847717),626226000_1,0 days 00:01:01,-1.7153615272320712e-06,341.91179036136543,0.0,0,3.9773338307456667,56.847717,11.851485
2025-02-05 02:47:03,2025-02-05 02:47:03,Class A,626226000_1,56.850613,11.849638,Constrained by her draught,5.4,11.0,340.1,339.0,9319703,TRAM2,GREAT JACOMBO,Tanker,0,42.0,244.0,Combined GPS/GLONASS,15.0,EG_SUEZ,18/02/2025 18:00:00,AIS,POINT (11.849638 56.850613),626226000_1,0 days 00:01:00,1.2534494648196488e-06,340.7738020639234,0.0,0,3.979899275182853,56.850613,11.849638
2025-02-05 02:48:03,2025-02-05 02:48:03,Class A,626226000_1,56.853505,11.847797,Constrained by her draught,-0.2,11.0,341.0,340.0,9319703,TRAM2,GREAT JACOMBO,Tanker,0,42.0,244.0,Combined GPS/GLONASS,15.0,EG_SUEZ,18/02/2025 18:00:00,AIS,POINT (11.847797 56.853505),626226000_1,0 days 00:01:00,-1.5109071059976608e-07,340.8084952631816,0.0,0,3.982459165496866,56.853505,11.847797
2025-02-05 02:49:03,2025-02-05 02:49:03,Class A,626226000_1,56.85642,11.846037,Constrained by her draught,-0.4,11.1,341.9,340.0,9319703,TRAM2,GREAT JACOMBO,Tanker,0,42.0,244.0,Combined GPS/GLONASS,15.0,EG_SUEZ,18/02/2025 18:00:00,AIS,POINT (11.846037 56.85642),626226000_1,0 days 00:01:00,2.3130559695740532e-07,341.73167696438435,0.0,0,3.9849487413121127,56.85642,11.846037
2025-02-05 02:50:13,2025-02-05 02:50:13,Class A,626226000_1,56.8599,11.843982,Constrained by her draught,1.1,11.1,341.8,340.0,9319703,TRAM2,GREAT JACOMBO,Tanker,0,42.0,244.0,Combined GPS/GLONASS,15.0,EG_SUEZ,18/02/2025 18:00:00,AIS,POINT (11.843982 56.8599),626226000_1,0 days 00:01:10,1.7157880624547153e-06,342.1085092082869,0.0,0,3.9878782676631443,56.8599,11.843982
2025-02-05 02:52:03,2025-02-05 02:52:03,Class A,626226000_1,56.865272,11.840672,Constrained by her draught,0.2,11.3,341.1,339.0,9319703,TRAM2,GREAT JACOMBO,Tanker,0,42.0,244.0,Combined GPS/GLONASS,15.0,EG_SUEZ,18/02/2025 18:00:00,AIS,POINT (11.840672 56.865272),626226000_1,0 days 00:01:50,-7.1677487933806e-07,341.3867285295423,0.0,0,3.9925367462774832,56.865272,11.840672
2025-02-05 02:53:03,2025-02-05 02:53:03,Class A,626226000_1,56.868257,11.838805,Constrained by her draught,2.9,11.4,341.8,340.0,9319703,TRAM2,GREAT JACOMBO,Tanker,0,42.0,244.0,Combined GPS/GLONASS,15.0,EG_SUEZ,18/02/2025 18:00:00,AIS,POINT (11.838805 56.868257),626226000_1,0 days 00:01:00,1.94002839358566e-06,341.1268058079128,0.0,0,3.995153922976434,56.868257,11.838805
2025-02-05 02:54:03,2025-02-05 02:54:03,Class A,626226000_1,56.871298,11.837065,Constrained by her draught,-2.9,11.5,344.0,341.0,9319703,TRAM2,GREAT JACOMBO,Tanker,0,42.0,244.0,Combined GPS/GLONASS,15.0,EG_SUEZ,18/02/2025 18:00:00,AIS,POINT (11.837065 56.871298),626226000_1,0 days 00:01:00,9.7503043009939e-07,342.63514148849777,0.0,0,3.997665911577029,56.871298,11.837065
2025-02-05 02:55:03,2025-02-05 02:55:03,Class A,626226000_1,56.874348,11.835408,Constrained by her draught,-6.4,11.4,342.7,339.0,9319703,TRAM2,GREAT JACOMBO,Tanker,0,42.0,244.0,Combined GPS/GLONASS,15.0,EG_SUEZ,18/02/2025 18:00:00,AIS,POINT (11.835408 56.874348),626226000_1,0 days 00:01:00,-1.450575112814494e-07,343.46446602276063,0.0,0,4.000102131733138,56.874348,11.835408
2025-02-05 02:56:03,2025-02-05 02:56:03,Class A,626226000_1,56.877342,11.833612,Constrained by her draught,-7.5,11.2,340.5,336.0,9319703,TRAM2,GREAT JACOMBO,Tanker,0,42.0,244.0,Combined GPS/GLONASS,15.0,EG_SUEZ,18/02/2025 18:00:00,AIS,POINT (11.833612 56.877342),626226000_1,0 days 00:01:00,-9.508448608699608e-07,341.85160610585035,0.0,0,4.002657873138296,56.877342,11.833612
2025-02-05 02:57:03,2025-02-05 02:57:03,Class A,626226000_1,56.880228,11.83156,Constrained by her draught,-2.9,11.0,337.2,333.0,9319703,TRAM2,GREAT JACOMBO,Tanker,0,42.0,244.0,Combined GPS/GLONASS,15.0,EG_SUEZ,18/02/2025 18:00:00,AIS,POINT (11.83156 56.880228),626226000_1,0 days 00:01:00,-1.6826140729539878e-06,338.76925134177503,0.0,0,4.005430891901645,56.880228,11.83156
2025-02-05 02:58:03,2025-02-05 02:58:03,Class A,626226000_1,56.88302,11.829248,Constrained by her draught,2.2,11.0,334.3,333.0,9319703,TRAM2,GREAT JACOMBO,Tanker,0,42.0,244.0,Combined GPS/GLONASS,15.0,EG_SUEZ,18/02/2025 18:00:00,AIS,POINT (11.829248 56.88302),626226000_1,0 days 00:01:00,-9.72972062532994e-07,335.6571318120691,0.0,0,4.008428638689232,56.88302,11.829248
2025-02-05 02:59:03,2025-02-05 02:59:03,Class A,626226000_1,56.885808,11.826882,Constrained by her draught,5.4,11.1,336.8,337.0,9319703,TRAM2,GREAT JACOMBO,Tanker,0,42.0,244.0,Combined GPS/GLONASS,15.0,EG_SUEZ,18/02/2025 18:00:00,AIS,POINT (11.826882 56.885808),626226000_1,0 days 00:01:00,2.6778149639375995e-07,335.1268677240776,0.0,0,4.01147815952823,56.885808,11.826882
2025-02-05 03:00:03,2025-02-05 03:00:03,Class A,626226000_1,56.888715,11.824882,Constrained by her draught,2.2,11.2,342.2,341.0,9319703,TRAM2,GREAT JACOMBO,Tanker,0,42.0,244.0,Combined GPS/GLONASS,15.0,EG_SUEZ,18/02/2025 18:00:00,AIS,POINT (11.824882 56.888715),626226000_1,0 days 00:01:00,9.9426238735965e-07,339.4024449314974,0.0,0,4.014210557265898,56.888715,11.824882
2025-02-05 03:01:02,2025-02-05 03:01:02,Class A,626226000_1,56.891673,11.823307,Constrained by her draught,-2.9,11.3,344.8,342.0,9319703,TRAM2,GREAT JACOMBO,Tanker,0,42.0,244.0,Combined GPS/GLONASS,15.0,EG_SUEZ,18/02/2025 18:00:00,AIS,POINT (11.823307 56.891673),626226000_1,0 days 00:00:59,8.483570239604666e-07,343.7835501756773,0.0,0,4.016550501886163,56.891673,11.823307
2025-02-05 03:02:02,2025-02-05 03:02:02,Class A,626226000_1,56.894702,11.821763,Constrained by her draught,-0.4,11.3,342.8,338.0,9319703,TRAM2,GREAT JACOMBO,Tanker,0,42.0,244.0,Combined GPS/GLONASS,15.0,EG_SUEZ,18/02/2025 18:00:00,AIS,POINT (11.821763 56.894702),626226000_1,0 days 00:01:00,3.5221654851621924e-07,344.4423624463903,0.0,0,4.018882058586069,56.894702,11.821763
2025-02-05 03:03:02,2025-02-05 03:03:02,Class A,626226000_1,56.897653,11.819897,Constrained by her draught,-2.9,11.2,339.0,335.0,9319703,TRAM2,GREAT JACOMBO,Tanker,0,42.0,244.0,Combined GPS/GLONASS,15.0,EG_SUEZ,18/02/2025 18:00:00,AIS,POINT (11.819897 56.897653),626226000_1,0 days 00:01:00,-6.796258120805721e-07,340.94838185074553,0.0,0,4.021502188844611,56.897653,11.819897
2025-02-05 03:04:02,2025-02-05 03:04:02,Class A,626226000_1,56.900523,11.817757,Constrained by her draught,2.9,11.1,336.7,335.0,9319703,TRAM2,GREAT JACOMBO,Tanker,0,42.0,244.0,Combined GPS/GLONASS,15.0,EG_SUEZ,18/02/2025 18:00:00,AIS,POINT (11.817757 56.900523),626226000_1,0 days 00:01:00,-7.107529654316909e-07,337.8443539045946,0.0,0,4.024363705482147,56.900523,11.817757
2025-02-05 03:05:02,2025-02-05 03:05:02,Class A,626226000_1,56.903393,11.815652,Constrained by her draught,5.4,11.1,339.8,340.0,9319703,TRAM2,GREAT JACOMBO,Tanker,0,42.0,244.0,Combined GPS/GLONASS,15.0,EG_SUEZ,18/02/2025 18:00:00,AIS,POINT (11.815652 56.903393),626226000_1,0 days 00:01:00,-2.232234335518453e-07,338.17393074075505,0.0,0,4.02719279531996,56.903393,11.815652
2025-02-05 03:06:03,2025-02-05 03:06:03,Class A,626226000_1,56.906423,11.813918,Constrained by her draught,1.6,11.3,345.3,344.0,9319703,TRAM2,GREAT JACOMBO,Tanker,0,42.0,244.0,Combined GPS/GLONASS,15.0,EG_SUEZ,18/02/2025 18:00:00,AIS,POINT (11.813918 56.906423),626226000_1,0 days 00:01:01,9.282739066726961e-07,342.6477118104799,0.0,0,4.029712457498797,56.906423,11.813918
2025-02-05 03:07:03,2025-02-05 03:07:03,Class A,626226000_1,56.909502,11.81261,Constrained by her draught,-3.6,11.4,347.9,344.0,9319703,TRAM2,GREAT JACOMBO,Tanker,0,42.0,244.0,Combined GPS/GLONASS,15.0,EG_SUEZ,18/02/2025 18:00:00,AIS,POINT (11.81261 56.909502),626226000_1,0 days 00:01:00,1.1772361053145596e-06,346.94215623730076,0.0,0,4.031838938517263,56.909502,11.81261
2025-02-05 03:08:03,2025-02-05 03:08:03,Class A,626226000_1,56.912588,11.81127,Constrained by her draught,-3.6,11.4,344.5,339.0,9319703,TRAM2,GREAT JACOMBO,Tanker,0,42.0,244.0,Combined GPS/GLONASS,15.0,EG_SUEZ,18/02/2025 18:00:00,AIS,POINT (11.81127 56.912588),626226000_1,0 days 00:01:00,3.342784182083925e-07,346.66433131517437,0.0,0,4.0339997428185335,56.912588,11.81127
2025-02-05 03:09:03,2025-02-05 03:09:03,Class A,626226000_1,56.915593,11.80955,Constrained by her draught,-5.4,11.3,340.0,336.0,9319703,TRAM2,GREAT JACOMBO,Tanker,0,42.0,244.0,Combined GPS/GLONASS,15.0,EG_SUEZ,18/02/2025 18:00:00,AIS,POINT (11.80955 56.915593),626226000_1,0 days 00:01:00,-7.122516864975475e-07,342.6488065181817,0.0,0,4.0365034022114985,56.915593,11.80955
2025-02-05 03:10:03,2025-02-05 03:10:03,Class A,626226000_1,56.918515,11.807515,Constrained by her draught,3.6,11.2,338.1,336.0,9319703,TRAM2,GREAT JACOMBO,Tanker,0,42.0,244.0,Combined GPS/GLONASS,15.0,EG_SUEZ,18/02/2025 18:00:00,AIS,POINT (11.807515 56.918515),626226000_1,0 days 00:01:00,-6.813264084057762e-07,339.186351124739,0.0,0,4.039286713604024,56.918515,11.807515
2025-02-05 03:11:03,2025-02-05 03:11:03,Class A,626226000_1,56.921435,11.805465,Constrained by her draught,4.5,11.3,340.5,340.0,9319703,TRAM2,GREAT JACOMBO,Tanker,0,42.0,244.0,Combined GPS/GLONASS,15.0,EG_SUEZ,18/02/2025 18:00:00,AIS,POINT (11.805465 56.921435),626226000_1,0 days 00:01:00,3.193978733813038e-08,339.0346039901034,0.0,0,4.042085048266304,56.921435,11.805465
2025-02-05 03:12:03,2025-02-05 03:12:03,Class A,626226000_1,56.924447,11.803748,Constrained by her draught,-2.2,11.4,344.5,343.0,9319703,TRAM2,GREAT JACOMBO,Tanker,0,42.0,244.0,Combined GPS/GLONASS,15.0,EG_SUEZ,18/02/2025 18:00:00,AIS,POINT (11.803748 56.924447),626226000_1,0 days 00:01:00,8.390055843402866e-07,342.7189710624425,0.0,0,4.044591874308828,56.924447,11.803748
2025-02-05 03:13:03,2025-02-05 03:13:03,Class A,626226000_1,56.927525,11.802332,Constrained by her draught,-2.9,11.4,346.8,343.0,9319703,TRAM2,GREAT JACOMBO,Tanker,0,42.0,244.0,Combined GPS/GLONASS,15.0,EG_SUEZ,18/02/2025 18:00:00,AIS,POINT (11.802332 56.927525),626226000_1,0 days 00:01:00,5.856803442491332e-07,345.9075599491066,0.0,0,4.04683070910126,56.927525,11.802332
2025-02-05 03:14:03,2025-02-05 03:14:03,Class A,626226000_1,56.930617,11.800952,Constrained by her draught,-3.6,11.4,345.0,340.0,9319703,TRAM2,GREAT JACOMBO,Tanker,0,42.0,244.0,Combined GPS/GLONASS,15.0,EG_SUEZ,18/02/2025 18:00:00,AIS,POINT (11.800952 56.930617),626226000_1,0 days 00:01:00,2.7347550796454065e-07,346.3130727359759,0.0,0,4.049040686772731,56.930617,11.800952
2025-02-05 03:15:03,2025-02-05 03:15:03,Class A,626226000_1,56.933648,11.79928,Constrained by her draught,0.0,11.3,341.5,337.0,9319703,TRAM2,GREAT JACOMBO,Tanker,0,42.0,244.0,Combined GPS/GLONASS,15.0,EG_SUEZ,18/02/2025 18:00:00,AIS,POINT (11.79928 56.933648),626226000_1,0 days 00:01:00,-5.223371687078631e-07,343.2494983891341,0.0,0,4.0515143298919725,56.933648,11.79928
2025-02-05 03:16:03,2025-02-05 03:16:03,Class A,626226000_1,56.93661,11.797337,Constrained by her draught,1.6,11.3,339.4,337.0,9319703,TRAM2,GREAT JACOMBO,Tanker,0,42.0,244.0,Combined GPS/GLONASS,15.0,EG_SUEZ,18/02/2025 18:00:00,AIS,POINT (11.797337 56.93661),626226000_1,0 days 00:01:00,-5.922301179058185e-07,340.3089003031175,0.0,0,4.054228964972871,56.93661,11.797337
2025-02-05 03:17:03,2025-02-05 03:17:03,Class A,626226000_1,56.939568,11.795377,Constrained by her draught,3.6,11.4,341.2,339.0,9319703,TRAM2,GREAT JACOMBO,Tanker,0,42.0,244.0,Combined GPS/GLONASS,15.0,EG_SUEZ,18/02/2025 18:00:00,AIS,POINT (11.795377 56.939568),626226000_1,0 days 00:01:00,-1.97791394824486e-08,340.1267359959471,0.0,0,4.0569599936500484,56.939568,11.795377
2025-02-05 03:18:03,2025-02-05 03:18:03,Class A,626226000_1,56.94259,11.793675,Constrained by her draught,-0.7,11.4,344.3,342.0,9319703,TRAM2,GREAT JACOMBO,Tanker,0,42.0,244.0,Combined GPS/GLONASS,15.0,EG_SUEZ,18/02/2025 18:00:00,AIS,POINT (11.793675 56.94259),626226000_1,0 days 00:01:00,4.917079835572442e-07,342.92228885719385,0.0,0,4.059463895924313,56.94259,11.793675
2025-02-05 03:19:01,2025-02-05 03:19:01,Class A,626226000_1,56.945612,11.792187,Constrained by her draught,-2.9,11.5,345.2,341.0,9319703,TRAM2,GREAT JACOMBO,Tanker,0,42.0,244.0,Combined GPS/GLONASS,15.0,EG_SUEZ,18/02/2025 18:00:00,AIS,POINT (11.792187 56.945612),626226000_1,0 days 00:00:58,2.4153692911132533e-06,344.96706198552715,0.0,0,4.061764433373874,56.945612,11.792187
2025-02-05 03:20:01,2025-02-05 03:20:01,Class A,626226000_1,56.948678,11.790617,Constrained by her draught,0.4,11.4,343.2,339.0,9319703,TRAM2,GREAT JACOMBO,Tanker,0,42.0,244.0,Combined GPS/GLONASS,15.0,EG_SUEZ,18/02/2025 18:00:00,AIS,POINT (11.790617 56.948678),626226000_1,0 days 00:01:00,-1.6591743172222373e-06,344.3962373853843,0.0,0,4.06415771409243,56.948678,11.790617
2025-02-05 03:21:01,2025-02-05 03:21:01,Class A,626226000_1,56.9517,11.788872,Constrained by her draught,0.4,11.4,341.3,337.0,9319703,TRAM2,GREAT JACOMBO,Tanker,0,42.0,244.0,Combined GPS/GLONASS,15.0,EG_SUEZ,18/02/2025 18:00:00,AIS,POINT (11.788872 56.9517),626226000_1,0 days 00:01:00,-4.613463870558095e-07,342.52083939076346,0.0,0,4.066707079458761,56.9517,11.788872
2025-02-05 03:22:01,2025-02-05 03:22:01,Class A,626226000_1,56.954685,11.78699,Constrained by her draught,0.4,11.3,340.8,338.0,9319703,TRAM2,GREAT JACOMBO,Tanker,0,42.0,244.0,Combined GPS/GLONASS,15.0,EG_SUEZ,18/02/2025 18:00:00,AIS,POINT (11.78699 56.954685),626226000_1,0 days 00:01:00,-3.6202322926374236e-07,341.0268444687831,0.0,0,4.069378063585761,56.954685,11.78699
2025-02-05 03:23:01,2025-02-05 03:23:01,Class A,626226000_1,56.957677,11.785142,Constrained by her draught,-0.7,11.4,342.0,340.0,9319703,TRAM2,GREAT JACOMBO,Tanker,0,42.0,244.0,Combined GPS/GLONASS,15.0,EG_SUEZ,18/02/2025 18:00:00,AIS,POINT (11.785142 56.957677),626226000_1,0 days 00:01:00,1.8709927819317758e-08,341.3877246354861,0.0,0,4.072019889190251,56.957677,11.785142
2025-02-05 03:24:01,2025-02-05 03:24:01,Class A,626226000_1,56.960703,11.783432,Constrained by her draught,-4.5,11.4,343.4,341.0,9319703,TRAM2,GREAT JACOMBO,Tanker,0,42.0,244.0,Combined GPS/GLONASS,15.0,EG_SUEZ,18/02/2025 18:00:00,AIS,POINT (11.783432 56.960703),626226000_1,0 days 00:01:00,2.831988310629963e-07,342.87590093406726,0.0,0,4.074541064296323,56.960703,11.783432
2025-02-05 03:25:01,2025-02-05 03:25:01,Class A,626226000_1,56.963758,11.781818,Constrained by her draught,0.7,11.4,344.3,340.0,9319703,TRAM2,GREAT JACOMBO,Tanker,0,42.0,244.0,Combined GPS/GLONASS,15.0,EG_SUEZ,18/02/2025 18:00:00,AIS,POINT (11.781818 56.963758),626226000_1,0 days 00:01:00,3.947261252243168e-07,343.93255253026274,0.0,0,4.076980394019083,56.963758,11.781818
2025-02-05 03:26:03,2025-02-05 03:26:03,Class A,626226000_1,56.96691,11.780117,Constrained by her draught,1.6,11.4,342.6,339.0,9319703,TRAM2,GREAT JACOMBO,Tanker,0,42.0,244.0,Combined GPS/GLONASS,15.0,EG_SUEZ,18/02/2025 18:00:00,AIS,POINT (11.780117 56.96691),626226000_1,0 days 00:01:02,1.21265011233576e-08,343.6072388371286,0.0,0,4.079532884101437,56.96691,11.780117
2025-02-05 03:27:03,2025-02-05 03:27:03,Class A,626226000_1,56.969927,11.778318,Constrained by her draught,-6.4,11.4,341.3,337.0,9319703,TRAM2,GREAT JACOMBO,Tanker,0,42.0,244.0,Combined GPS/GLONASS,15.0,EG_SUEZ,18/02/2025 18:00:00,AIS,POINT (11.778318 56.969927),626226000_1,0 days 00:01:00,-2.200132077139824e-07,341.99466684766605,0.0,0,4.082140758428718,56.969927,11.778318
2025-02-05 03:28:03,2025-02-05 03:28:03,Class A,626226000_1,56.972912,11.776387,Constrained by her draught,8.7,11.3,339.5,338.0,9319703,TRAM2,GREAT JACOMBO,Tanker,0,42.0,244.0,Combined GPS/GLONASS,15.0,EG_SUEZ,18/02/2025 18:00:00,AIS,POINT (11.776387 56.972912),626226000_1,0 days 00:01:00,-2.2130728194270344e-07,340.5782500290752,0.0,0,4.084866646516261,56.972912,11.776387
2025-02-05 03:29:03,2025-02-05 03:29:03,Class A,626226000_1,56.975888,11.77444,Constrained by her draught,6.4,11.4,341.1,340.0,9319703,TRAM2,GREAT JACOMBO,Tanker,0,42.0,244.0,Combined GPS/GLONASS,15.0,EG_SUEZ,18/02/2025 18:00:00,AIS,POINT (11.77444 56.975888),626226000_1,0 days 00:01:00,-1.726758653931848e-07,340.3762885649986,0.0,0,4.087606429200345,56.975888,11.77444
2025-02-05 03:30:03,2025-02-05 03:30:03,Class A,626226000_1,56.978927,11.772755,Constrained by her draught,-0.2,11.5,344.6,343.0,9319703,TRAM2,GREAT JACOMBO,Tanker,0,42.0,244.0,Combined GPS/GLONASS,15.0,EG_SUEZ,18/02/2025 18:00:00,AIS,POINT (11.772755 56.978927),626226000_1,0 days 00:01:00,4.6396837900913926e-07,343.1878220912824,0.0,0,4.090115921862606,56.978927,11.772755
2025-02-05 03:31:03,2025-02-05 03:31:03,Class A,626226000_1,56.982015,11.771343,Constrained by her draught,-6.4,11.5,346.5,342.0,9319703,TRAM2,GREAT JACOMBO,Tanker,0,42.0,244.0,Combined GPS/GLONASS,15.0,EG_SUEZ,18/02/2025 18:00:00,AIS,POINT (11.771343 56.982015),626226000_1,0 days 00:01:00,2.336643704967719e-07,346.0091687570043,0.0,0,4.092380702651452,56.982015,11.771343
2025-02-05 03:32:03,2025-02-05 03:32:03,Class A,626226000_1,56.985085,11.769822,Constrained by her draught,-4.5,11.4,343.2,338.0,9319703,TRAM2,GREAT JACOMBO,Tanker,0,42.0,244.0,Combined GPS/GLONASS,15.0,EG_SUEZ,18/02/2025 18:00:00,AIS,POINT (11.769822 56.985085),626226000_1,0 days 00:01:00,-7.601329618378329e-08,344.89346003488674,0.0,0,4.0947457490917545,56.985085,11.769822
2025-02-05 03:34:02,2025-02-05 03:34:02,Class A,626226000_1,56.990887,11.765908,Constrained by her draught,4.5,11.2,337.3,336.0,9319703,TRAM2,GREAT JACOMBO,Tanker,0,42.0,244.0,Combined GPS/GLONASS,15.0,EG_SUEZ,18/02/2025 18:00:00,AIS,POINT (11.765908 56.990887),626226000_1,0 days 00:01:59,-9.808100569959613e-07,339.8217781638199,0.0,0,4.100211558410737,56.990887,11.765908
2025-02-05 03:35:02,2025-02-05 03:35:02,Class A,626226000_1,56.993805,11.763818,Constrained by her draught,3.6,11.3,339.9,339.0,9319703,TRAM2,GREAT JACOMBO,Tanker,0,42.0,244.0,Combined GPS/GLONASS,15.0,EG_SUEZ,18/02/2025 18:00:00,AIS,POINT (11.763818 56.993805),626226000_1,0 days 00:01:00,4.836901579471919e-07,338.6864059084895,0.0,0,4.1030782043057625,56.993805,11.763818
2025-02-05 03:36:02,2025-02-05 03:36:02,Class A,626226000_1,56.99679,11.761977,Constrained by her draught,-0.7,11.3,342.7,341.0,9319703,TRAM2,GREAT JACOMBO,Tanker,0,42.0,244.0,Combined GPS/GLONASS,15.0,EG_SUEZ,18/02/2025 18:00:00,AIS,POINT (11.761977 56.99679),626226000_1,0 days 00:01:00,5.106672981629862e-07,341.4310591974351,0.0,0,4.1057285075398,56.99679,11.761977
2025-02-05 03:37:02,2025-02-05 03:37:02,Class A,626226000_1,56.999822,11.760322,Constrained by her draught,0.7,11.4,343.6,341.0,9319703,TRAM2,GREAT JACOMBO,Tanker,0,42.0,244.0,Combined GPS/GLONASS,15.0,EG_SUEZ,18/02/2025 18:00:00,AIS,POINT (11.760322 56.999822),626226000_1,0 days 00:01:00,4.359222072465672e-07,343.44339282374256,0.0,0,4.108216786462954,56.999822,11.760322
2025-02-05 03:38:02,2025-02-05 03:38:02,Class A,626226000_1,57.00285,11.758637,Constrained by her draught,1.1,11.3,342.1,338.0,9319703,TRAM2,GREAT JACOMBO,Tanker,0,42.0,244.0,Combined GPS/GLONASS,15.0,EG_SUEZ,18/02/2025 18:00:00,AIS,POINT (11.758637 57.00285),626226000_1,0 days 00:01:00,2.676596036766306e-08,343.1404350162288,0.0,0,4.110733869330998,57.00285,11.758637
2025-02-05 03:39:03,2025-02-05 03:39:03,Class A,626226000_1,57.005883,11.756723,Constrained by her draught,0.2,11.3,340.4,338.0,9319703,TRAM2,GREAT JACOMBO,Tanker,0,42.0,244.0,Combined GPS/GLONASS,15.0,EG_SUEZ,18/02/2025 18:00:00,AIS,POINT (11.756723 57.005883),626226000_1,0 days 00:01:01,-2.8422182876908003e-07,341.0350742826743,0.0,0,4.113472193301663,57.005883,11.756723
2025-02-05 03:40:03,2025-02-05 03:40:03,Class A,626226000_1,57.008848,11.754757,Constrained by her draught,1.6,11.4,340.8,339.0,9319703,TRAM2,GREAT JACOMBO,Tanker,0,42.0,244.0,Combined GPS/GLONASS,15.0,EG_SUEZ,18/02/2025 18:00:00,AIS,POINT (11.754757 57.008848),626226000_1,0 days 00:01:00,-6.551122421977543e-08,340.1481072057863,0.0,0,4.116240868350272,57.008848,11.754757
2025-02-05 03:41:03,2025-02-05 03:41:03,Class A,626226000_1,57.011843,11.75289,Constrained by her draught,0.0,11.4,342.2,341.0,9319703,TRAM2,GREAT JACOMBO,Tanker,0,42.0,244.0,Combined GPS/GLONASS,15.0,EG_SUEZ,18/02/2025 18:00:00,AIS,POINT (11.75289 57.011843),626226000_1,0 days 00:01:00,3.2162368886077286e-07,341.2526213638866,0.0,0,4.118925460484201,57.011843,11.75289
2025-02-05 03:42:03,2025-02-05 03:42:03,Class A,626226000_1,57.014878,11.751173,Constrained by her draught,0.0,11.4,342.9,341.0,9319703,TRAM2,GREAT JACOMBO,Tanker,0,42.0,244.0,Combined GPS/GLONASS,15.0,EG_SUEZ,18/02/2025 18:00:00,AIS,POINT (11.751173 57.014878),626226000_1,0 days 00:01:00,3.9546092584005534e-07,342.8813806243202,0.0,0,4.1214804904161575,57.014878,11.751173
2025-02-05 03:43:03,2025-02-05 03:43:03,Class A,626226000_1,57.017912,11.74944,Constrained by her draught,0.4,11.4,342.4,340.0,9319703,TRAM2,GREAT JACOMBO,Tanker,0,42.0,244.0,Combined GPS/GLONASS,15.0,EG_SUEZ,18/02/2025 18:00:00,AIS,POINT (11.74944 57.017912),626226000_1,0 days 00:01:00,4.97639787842407e-08,342.7272798400004,0.0,0,4.124051827737378,57.017912,11.74944
2025-02-05 03:44:03,2025-02-05 03:44:03,Class A,626226000_1,57.02093,11.747632,Constrained by her draught,-0.7,11.4,341.1,338.0,9319703,TRAM2,GREAT JACOMBO,Tanker,0,42.0,244.0,Combined GPS/GLONASS,15.0,EG_SUEZ,18/02/2025 18:00:00,AIS,POINT (11.747632 57.02093),626226000_1,0 days 00:01:00,-8.743993059425782e-08,341.9392068081303,0.0,0,4.126691106998439,57.02093,11.747632
2025-02-05 03:45:03,2025-02-05 03:45:03,Class A,626226000_1,57.023918,11.745677,Constrained by her draught,0.4,11.4,339.5,338.0,9319703,TRAM2,GREAT JACOMBO,Tanker,0,42.0,244.0,Combined GPS/GLONASS,15.0,EG_SUEZ,18/02/2025 18:00:00,AIS,POINT (11.745677 57.023918),626226000_1,0 days 00:01:00,-7.692696245473716e-08,340.3982912962501,0.0,0,4.12946257788795,57.023918,11.745677
2025-02-05 03:46:01,2025-02-05 03:46:01,Class A,626226000_1,57.026853,11.743732,Constrained by her draught,0.4,11.4,340.9,340.0,9319703,TRAM2,GREAT JACOMBO,Tanker,0,42.0,244.0,Combined GPS/GLONASS,15.0,EG_SUEZ,18/02/2025 18:00:00,AIS,POINT (11.743732 57.026853),626226000_1,0 days 00:00:58,1.7875849355361567e-06,340.1673817259474,0.0,0,4.132209584694006,57.026853,11.743732
2025-02-05 03:47:01,2025-02-05 03:47:01,Class A,626226000_1,57.029882,11.741893,Constrained by her draught,-2.9,11.5,342.7,340.0,9319703,TRAM2,GREAT JACOMBO,Tanker,0,42.0,244.0,Combined GPS/GLONASS,15.0,EG_SUEZ,18/02/2025 18:00:00,AIS,POINT (11.741893 57.029882),626226000_1,0 days 00:01:00,-1.166615287519227e-06,341.71643433998554,0.0,0,4.134885557234324,57.029882,11.741893
2025-02-05 03:48:01,2025-02-05 03:48:01,Class A,626226000_1,57.032928,11.740118,Constrained by her draught,5.4,11.5,342.3,340.0,9319703,TRAM2,GREAT JACOMBO,Tanker,0,42.0,244.0,Combined GPS/GLONASS,15.0,EG_SUEZ,18/02/2025 18:00:00,AIS,POINT (11.740118 57.032928),626226000_1,0 days 00:01:00,1.6638121181702936e-07,342.4063833736684,0.0,0,4.137507110175883,57.032928,11.740118
2025-02-05 03:49:01,2025-02-05 03:49:01,Class A,626226000_1,57.035973,11.738307,Constrained by her draught,2.9,11.5,341.7,339.0,9319703,TRAM2,GREAT JACOMBO,Tanker,0,42.0,244.0,Combined GPS/GLONASS,15.0,EG_SUEZ,18/02/2025 18:00:00,AIS,POINT (11.738307 57.035973),626226000_1,0 days 00:01:00,1.5541620300492099e-07,342.0680567481039,0.0,0,4.140163963999734,57.035973,11.738307
2025-02-05 03:50:01,2025-02-05 03:50:01,Class A,626226000_1,57.039007,11.736413,Constrained by her draught,2.9,11.5,340.5,339.0,9319703,TRAM2,GREAT JACOMBO,Tanker,0,42.0,244.0,Combined GPS/GLONASS,15.0,EG_SUEZ,18/02/2025 18:00:00,AIS,POINT (11.736413 57.039007),626226000_1,0 days 00:01:00,1.1772446295105788e-07,341.24059224267813,0.0,0,4.142897751363167,57.039007,11.736413
2025-02-05 03:51:01,2025-02-05 03:51:01,Class A,626226000_1,57.042022,11.734445,Constrained by her draught,-3.6,11.5,340.2,339.0,9319703,TRAM2,GREAT JACOMBO,Tanker,0,42.0,244.0,Combined GPS/GLONASS,15.0,EG_SUEZ,18/02/2025 18:00:00,AIS,POINT (11.734445 57.042022),626226000_1,0 days 00:01:00,-1.4569846974897202e-07,340.44993410764437,0.0,0,4.1456973846880105,57.042022,11.734445
2025-02-05 03:52:01,2025-02-05 03:52:01,Class A,626226000_1,57.04504,11.7325,Constrained by her draught,-1.6,11.5,340.9,339.0,9319703,TRAM2,GREAT JACOMBO,Tanker,0,42.0,244.0,Combined GPS/GLONASS,15.0,EG_SUEZ,18/02/2025 18:00:00,AIS,POINT (11.7325 57.04504),626226000_1,0 days 00:01:00,-4.263301058037884e-08,340.68061485646416,0.0,0,4.148477297959818,57.04504,11.7325
2025-02-05 03:53:01,2025-02-05 03:53:01,Class A,626226000_1,57.048067,11.730582,Constrained by her draught,-1.1,11.5,340.8,340.0,9319703,TRAM2,GREAT JACOMBO,Tanker,0,42.0,244.0,Combined GPS/GLONASS,15.0,EG_SUEZ,18/02/2025 18:00:00,AIS,POINT (11.730582 57.048067),626226000_1,0 days 00:01:00,1.1233719900584129e-07,340.98336581455175,0.0,0,4.151235552950592,57.048067,11.730582
2025-02-05 03:54:02,2025-02-05 03:54:02,Class A,626226000_1,57.051158,11.728672,Constrained by her draught,1.6,11.6,341.3,340.0,9319703,TRAM2,GREAT JACOMBO,Tanker,0,42.0,244.0,Combined GPS/GLONASS,15.0,EG_SUEZ,18/02/2025 18:00:00,AIS,POINT (11.728672 57.051158),626226000_1,0 days 00:01:01,1.725875012544413e-07,341.42350430733245,0.0,0,4.154007254193473,57.051158,11.728672
2025-02-05 03:55:02,2025-02-05 03:55:02,Class A,626226000_1,57.054242,11.726807,Constrained by her draught,-2.2,11.7,342.0,340.0,9319703,TRAM2,GREAT JACOMBO,Tanker,0,42.0,244.0,Combined GPS/GLONASS,15.0,EG_SUEZ,18/02/2025 18:00:00,AIS,POINT (11.726807 57.054242),626226000_1,0 days 00:01:00,1.2079629369696892e-06,341.79499671731975,0.0,0,4.156735328942775,57.054242,11.726807
2025-02-05 03:56:02,2025-02-05 03:56:02,Class A,626226000_1,57.057357,11.724997,Constrained by her draught,-2.2,11.7,342.4,340.0,9319703,TRAM2,GREAT JACOMBO,Tanker,0,42.0,244.0,Combined GPS/GLONASS,15.0,EG_SUEZ,18/02/2025 18:00:00,AIS,POINT (11.724997 57.057357),626226000_1,0 days 00:01:00,6.267424450053568e-07,342.46459398273214,0.0,0,4.15942207500345,57.057357,11.724997
2025-02-05 03:57:02,2025-02-05 03:57:02,Class A,626226000_1,57.060463,11.72317,Constrained by her draught,-0.7,11.7,341.3,339.0,9319703,TRAM2,GREAT JACOMBO,Tanker,0,42.0,244.0,Combined GPS/GLONASS,15.0,EG_SUEZ,18/02/2025 18:00:00,AIS,POINT (11.72317 57.060463),626226000_1,0 days 00:01:00,-1.7902749134460968e-07,342.2634651427155,0.0,0,4.162123564213945,57.060463,11.72317
2025-02-05 03:58:02,2025-02-05 03:58:02,Class A,626226000_1,57.06354,11.721212,Constrained by her draught,-2.2,11.7,340.2,338.0,9319703,TRAM2,GREAT JACOMBO,Tanker,0,42.0,244.0,Combined GPS/GLONASS,15.0,EG_SUEZ,18/02/2025 18:00:00,AIS,POINT (11.721212 57.06354),626226000_1,0 days 00:01:00,-1.5322302845521135e-07,340.91547391601796,0.0,0,4.164941870600358,57.06354,11.721212
2025-02-05 03:59:02,2025-02-05 03:59:02,Class A,626226000_1,57.066598,11.719178,Constrained by her draught,-3.6,11.6,339.6,338.0,9319703,TRAM2,GREAT JACOMBO,Tanker,0,42.0,244.0,Combined GPS/GLONASS,15.0,EG_SUEZ,18/02/2025 18:00:00,AIS,POINT (11.719178 57.066598),626226000_1,0 days 00:01:00,-1.269075942133581e-07,340.1194547530192,0.0,0,4.167827742133304,57.066598,11.719178
2025-02-05 04:00:02,2025-02-05 04:00:02,Class A,626226000_1,57.069648,11.71721,Constrained by her draught,0.2,11.6,341.2,339.0,9319703,TRAM2,GREAT JACOMBO,Tanker,0,42.0,244.0,Combined GPS/GLONASS,15.0,EG_SUEZ,18/02/2025 18:00:00,AIS,POINT (11.71721 57.069648),626226000_1,0 days 00:01:00,-6.078048812999288e-07,340.6708509628982,0.0,0,4.170649656197462,57.069648,11.71721
2025-02-05 04:01:02,2025-02-05 04:01:02,Class A,626226000_1,57.072683,11.715313,Constrained by her draught,-6.4,11.5,341.1,339.0,9319703,TRAM2,GREAT JACOMBO,Tanker,0,42.0,244.0,Combined GPS/GLONASS,15.0,EG_SUEZ,18/02/2025 18:00:00,AIS,POINT (11.715313 57.072683),626226000_1,0 days 00:01:00,-8.304713942545485e-07,341.2345522261226,0.0,0,4.173400691793923,57.072683,11.715313
2025-02-05 04:02:02,2025-02-05 04:02:02,Class A,626226000_1,57.075708,11.71336,Constrained by her draught,2.2,11.5,340.1,338.0,9319703,TRAM2,GREAT JACOMBO,Tanker,0,42.0,244.0,Combined GPS/GLONASS,15.0,EG_SUEZ,18/02/2025 18:00:00,AIS,POINT (11.71336 57.075708),626226000_1,0 days 00:01:00,1.537741012814717e-08,340.6634039556181,0.0,0,4.176203023651986,57.075708,11.71336
2025-02-05 04:03:02,2025-02-05 04:03:02,Class A,626226000_1,57.07875,11.711382,Constrained by her draught,0.4,11.7,340.7,339.0,9319703,TRAM2,GREAT JACOMBO,Tanker,0,42.0,244.0,Combined GPS/GLONASS,15.0,EG_SUEZ,18/02/2025 18:00:00,AIS,POINT (11.711382 57.07875),626226000_1,0 days 00:01:00,6.351969041153814e-07,340.537150537786,0.0,0,4.1790356526356645,57.07875,11.711382
2025-02-05 04:04:12,2025-02-05 04:04:12,Class A,626226000_1,57.082277,11.709133,Constrained by her draught,-2.2,11.7,340.8,339.0,9319703,TRAM2,GREAT JACOMBO,Tanker,0,42.0,244.0,Combined GPS/GLONASS,15.0,EG_SUEZ,18/02/2025 18:00:00,AIS,POINT (11.709133 57.082277),626226000_1,0 days 00:01:10,-7.128733451113679e-07,340.8877705858571,0.0,0,4.182279331351506,57.082277,11.709133
2025-02-05 04:05:03,2025-02-05 04:05:03,Class A,626226000_1,57.084952,11.707462,Constrained by her draught,-0.4,11.7,341.4,340.0,9319703,TRAM2,GREAT JACOMBO,Tanker,0,42.0,244.0,Combined GPS/GLONASS,15.0,EG_SUEZ,18/02/2025 18:00:00,AIS,POINT (11.707462 57.084952),626226000_1,0 days 00:00:51,4.509645621739606e-06,341.25059460624476,0.0,0,4.184707610741281,57.084952,11.707462
2025-02-05 04:06:03,2025-02-05 04:06:03,Class A,626226000_1,57.088063,11.705585,Constrained by her draught,-2.2,11.8,342.6,340.0,9319703,TRAM2,GREAT JACOMBO,Tanker,0,42.0,244.0,Combined GPS/GLONASS,15.0,EG_SUEZ,18/02/2025 18:00:00,AIS,POINT (11.705585 57.088063),626226000_1,0 days 00:01:00,-1.533296888090417e-06,341.84958635287984,0.0,0,4.1874699284854575,57.088063,11.705585
2025-02-05 04:07:03,2025-02-05 04:07:03,Class A,626226000_1,57.091198,11.70376,Constrained by her draught,1.1,11.8,342.2,339.0,9319703,TRAM2,GREAT JACOMBO,Tanker,0,42.0,244.0,Combined GPS/GLONASS,15.0,EG_SUEZ,18/02/2025 18:00:00,AIS,POINT (11.70376 57.091198),626226000_1,0 days 00:01:00,4.368377389645829e-07,342.4490985875997,0.0,0,4.1901918313533075,57.091198,11.70376
2025-02-05 04:08:03,2025-02-05 04:08:03,Class A,626226000_1,57.09431,11.701817,Constrained by her draught,0.4,11.8,340.2,338.0,9319703,TRAM2,GREAT JACOMBO,Tanker,0,42.0,244.0,Combined GPS/GLONASS,15.0,EG_SUEZ,18/02/2025 18:00:00,AIS,POINT (11.701817 57.09431),626226000_1,0 days 00:01:00,-5.683856626649784e-08,341.2638155966837,0.0,0,4.193019746848922,57.09431,11.701817
2025-02-05 04:09:03,2025-02-05 04:09:03,Class A,626226000_1,57.097387,11.69973,Constrained by her draught,5.4,11.8,339.3,338.0,9319703,TRAM2,GREAT JACOMBO,Tanker,0,42.0,244.0,Combined GPS/GLONASS,15.0,EG_SUEZ,18/02/2025 18:00:00,AIS,POINT (11.69973 57.097387),626226000_1,0 days 00:01:00,-2.112933650320111e-07,339.77436959675845,0.0,0,4.195974423950768,57.097387,11.69973
2025-02-05 04:10:03,2025-02-05 04:10:03,Class A,626226000_1,57.100427,11.697738,Constrained by her draught,3.6,11.8,340.7,339.0,9319703,TRAM2,GREAT JACOMBO,Tanker,0,42.0,244.0,Combined GPS/GLONASS,15.0,EG_SUEZ,18/02/2025 18:00:00,AIS,POINT (11.697738 57.100427),626226000_1,0 days 00:01:00,-1.6224880923634688e-06,340.40852907006865,0.0,0,4.198828480877138,57.100427,11.697738
2025-02-05 04:11:03,2025-02-05 04:11:03,Class A,626226000_1,57.103545,11.69584,Constrained by her draught,1.1,11.8,342.3,340.0,9319703,TRAM2,GREAT JACOMBO,Tanker,0,42.0,244.0,Combined GPS/GLONASS,15.0,EG_SUEZ,18/02/2025 18:00:00,AIS,POINT (11.69584 57.103545),626226000_1,0 days 00:01:00,1.7662757947535205e-06,341.70560122587216,0.0,0,4.201619453074373,57.103545,11.69584
2025-02-05 04:12:03,2025-02-05 04:12:03,Class A,626226000_1,57.106687,11.694018,Constrained by her draught,-4.5,11.8,341.9,339.0,9319703,TRAM2,GREAT JACOMBO,Tanker,0,42.0,244.0,Combined GPS/GLONASS,15.0,EG_SUEZ,18/02/2025 18:00:00,AIS,POINT (11.694018 57.106687),626226000_1,0 days 00:01:00,3.1194344611573666e-07,342.51970120853713,0.0,0,4.204347357917159,57.106687,11.694018
2025-02-05 04:13:03,2025-02-05 04:13:03,Class A,626226000_1,57.109807,11.692102,Constrained by her draught,0.4,11.8,340.5,338.0,9319703,TRAM2,GREAT JACOMBO,Tanker,0,42.0,244.0,Combined GPS/GLONASS,15.0,EG_SUEZ,18/02/2025 18:00:00,AIS,POINT (11.692102 57.109807),626226000_1,0 days 00:01:00,-1.591976220388531e-07,341.5577461816899,0.0,0,4.207158682869117,57.109807,11.692102
2025-02-05 04:14:03,2025-02-05 04:14:03,Class A,626226000_1,57.112893,11.690038,Constrained by her draught,2.2,11.8,339.3,337.0,9319703,TRAM2,GREAT JACOMBO,Tanker,0,42.0,244.0,Combined GPS/GLONASS,15.0,EG_SUEZ,18/02/2025 18:00:00,AIS,POINT (11.690038 57.112893),626226000_1,0 days 00:01:00,-1.731827348997224e-07,340.0409350188994,0.0,0,4.210100665727721,57.112893,11.690038
2025-02-05 04:15:03,2025-02-05 04:15:03,Class A,626226000_1,57.115968,11.687983,Constrained by her draught,2.2,11.8,340.7,339.0,9319703,TRAM2,GREAT JACOMBO,Tanker,0,42.0,244.0,Combined GPS/GLONASS,15.0,EG_SUEZ,18/02/2025 18:00:00,AIS,POINT (11.687983 57.115968),626226000_1,0 days 00:01:00,-3.7249098153037686e-07,340.0571457296944,0.0,0,4.21303181633619,57.115968,11.687983
2025-02-05 04:16:03,2025-02-05 04:16:03,Class A,626226000_1,57.11907,11.686117,Constrained by her draught,-2.2,11.7,342.9,341.0,9319703,TRAM2,GREAT JACOMBO,Tanker,0,42.0,244.0,Combined GPS/GLONASS,15.0,EG_SUEZ,18/02/2025 18:00:00,AIS,POINT (11.686117 57.11907),626226000_1,0 days 00:01:00,-2.495496080370431e-07,341.9142258771468,0.0,0,4.215793829568164,57.11907,11.686117
2025-02-05 04:17:03,2025-02-05 04:17:03,Class A,626226000_1,57.122187,11.684412,Constrained by her draught,0.2,11.7,343.1,340.0,9319703,TRAM2,GREAT JACOMBO,Tanker,0,42.0,244.0,Combined GPS/GLONASS,15.0,EG_SUEZ,18/02/2025 18:00:00,AIS,POINT (11.684412 57.122187),626226000_1,0 days 00:01:00,-3.655042054918553e-07,343.4618645402868,0.0,0,4.218409503832101,57.122187,11.684412
2025-02-05 04:18:02,2025-02-05 04:18:02,Class A,626226000_1,57.125263,11.682628,Constrained by her draught,-3.6,11.8,341.7,337.0,9319703,TRAM2,GREAT JACOMBO,Tanker,0,42.0,244.0,Combined GPS/GLONASS,15.0,EG_SUEZ,18/02/2025 18:00:00,AIS,POINT (11.682628 57.125263),626226000_1,0 days 00:00:59,8.819720428417969e-07,342.5254237070626,0.0,0,4.221088142256804,57.125263,11.682628
2025-02-05 04:19:22,2025-02-05 04:19:22,Class A,626226000_1,57.129368,11.679927,Constrained by her draught,2.9,11.7,339.7,337.0,9319703,TRAM2,GREAT JACOMBO,Tanker,0,42.0,244.0,Combined GPS/GLONASS,15.0,EG_SUEZ,18/02/2025 18:00:00,AIS,POINT (11.679927 57.129368),626226000_1,0 days 00:01:20,-2.3546743166771335e-07,340.34778770504414,0.0,0,4.224967954798829,57.129368,11.679927
2025-02-05 04:20:02,2025-02-05 04:20:02,Class A,626226000_1,57.131418,11.678568,Constrained by her draught,-0.4,11.8,340.8,339.0,9319703,TRAM2,GREAT JACOMBO,Tanker,0,42.0,244.0,Combined GPS/GLONASS,15.0,EG_SUEZ,18/02/2025 18:00:00,AIS,POINT (11.678568 57.131418),626226000_1,0 days 00:00:40,-5.637599766953726e-08,340.21236657501254,0.0,0,4.226915905011121,57.131418,11.678568
2025-02-05 04:21:02,2025-02-05 04:21:02,Class A,626226000_1,57.134562,11.676768,Constrained by her draught,3.6,11.9,344.3,343.0,9319703,TRAM2,GREAT JACOMBO,Tanker,0,42.0,244.0,Combined GPS/GLONASS,15.0,EG_SUEZ,18/02/2025 18:00:00,AIS,POINT (11.676768 57.134562),626226000_1,0 days 00:01:00,7.460755763649945e-07,342.74068884125154,0.0,0,4.229635470451326,57.134562,11.676768
2025-02-05 04:22:02,2025-02-05 04:22:02,Class A,626226000_1,57.137785,11.675302,Constrained by her draught,-2.2,12.0,347.6,345.0,9319703,TRAM2,GREAT JACOMBO,Tanker,0,42.0,244.0,Combined GPS/GLONASS,15.0,EG_SUEZ,18/02/2025 18:00:00,AIS,POINT (11.675302 57.137785),626226000_1,0 days 00:01:00,8.436386271098995e-07,346.13572142476954,0.0,0,4.232066009095911,57.137785,11.675302
2025-02-05 04:23:02,2025-02-05 04:23:02,Class A,626226000_1,57.14105,11.674003,Constrained by her draught,-4.5,12.0,347.3,342.0,9319703,TRAM2,GREAT JACOMBO,Tanker,0,42.0,244.0,Combined GPS/GLONASS,15.0,EG_SUEZ,18/02/2025 18:00:00,AIS,POINT (11.674003 57.14105),626226000_1,0 days 00:01:00,6.312085413323909e-07,347.81873467296435,0.0,0,4.234353793363161,57.14105,11.674003
2025-02-05 04:24:02,2025-02-05 04:24:02,Class A,626226000_1,57.144268,11.672482,Constrained by her draught,-2.9,11.9,343.8,339.0,9319703,TRAM2,GREAT JACOMBO,Tanker,0,42.0,244.0,Combined GPS/GLONASS,15.0,EG_SUEZ,18/02/2025 18:00:00,AIS,POINT (11.672482 57.144268),626226000_1,0 days 00:01:00,-5.560213520807311e-07,345.6177560363653,0.0,0,4.236837901441591,57.144268,11.672482
2025-02-05 04:25:03,2025-02-05 04:25:03,Class A,626226000_1,57.147463,11.670597,Constrained by her draught,0.7,11.8,340.6,336.0,9319703,TRAM2,GREAT JACOMBO,Tanker,0,42.0,244.0,Combined GPS/GLONASS,15.0,EG_SUEZ,18/02/2025 18:00:00,AIS,POINT (11.670597 57.147463),626226000_1,0 days 00:01:01,-6.770346822494028e-07,342.25259727424447,0.0,0,4.239660192633603,57.147463,11.670597
2025-02-05 04:26:03,2025-02-05 04:26:03,Class A,626226000_1,57.150557,11.668533,Constrained by her draught,5.4,11.8,340.5,338.0,9319703,TRAM2,GREAT JACOMBO,Tanker,0,42.0,244.0,Combined GPS/GLONASS,15.0,EG_SUEZ,18/02/2025 18:00:00,AIS,POINT (11.668533 57.150557),626226000_1,0 days 00:01:00,-2.83659556658923e-07,340.1071391963994,0.0,0,4.24262010015627,57.150557,11.668533
2025-02-05 04:27:03,2025-02-05 04:27:03,Class A,626226000_1,57.153697,11.666652,Constrained by her draught,2.2,11.9,343.4,342.0,9319703,TRAM2,GREAT JACOMBO,Tanker,0,42.0,244.0,Combined GPS/GLONASS,15.0,EG_SUEZ,18/02/2025 18:00:00,AIS,POINT (11.666652 57.153697),626226000_1,0 days 00:01:00,3.439923406089341e-07,342.000360657713,0.0,0,4.245423279949952,57.153697,11.666652
2025-02-05 04:28:03,2025-02-05 04:28:03,Class A,626226000_1,57.156923,11.665082,Constrained by her draught,0.0,12.0,346.1,343.0,9319703,TRAM2,GREAT JACOMBO,Tanker,0,42.0,244.0,Combined GPS/GLONASS,15.0,EG_SUEZ,18/02/2025 18:00:00,AIS,POINT (11.665082 57.156923),626226000_1,0 days 00:01:00,1.0732568824645792e-06,345.2145227012064,0.0,0,4.247962046649781,57.156923,11.665082
2025-02-05 04:29:03,2025-02-05 04:29:03,Class A,626226000_1,57.16019,11.663687,Constrained by her draught,-5.4,12.1,346.4,341.0,9319703,TRAM2,GREAT JACOMBO,Tanker,0,42.0,244.0,Combined GPS/GLONASS,15.0,EG_SUEZ,18/02/2025 18:00:00,AIS,POINT (11.663687 57.16019),626226000_1,0 days 00:01:00,5.219224113090671e-07,346.96255364321877,0.0,0,4.250350446763773,57.16019,11.663687
2025-02-05 04:30:03,2025-02-05 04:30:03,Class A,626226000_1,57.16342,11.662108,Constrained by her draught,-2.9,12.0,343.8,338.0,9319703,TRAM2,GREAT JACOMBO,Tanker,0,42.0,244.0,Combined GPS/GLONASS,15.0,EG_SUEZ,18/02/2025 18:00:00,AIS,POINT (11.662108 57.16342),626226000_1,0 days 00:01:00,-3.646449156477291e-07,345.1535989098596,0.0,0,4.252902106499044,57.16342,11.662108
2025-02-05 04:31:03,2025-02-05 04:31:03,Class A,626226000_1,57.16658,11.660263,Constrained by her draught,-3.6,11.9,340.9,336.0,9319703,TRAM2,GREAT JACOMBO,Tanker,0,42.0,244.0,Combined GPS/GLONASS,15.0,EG_SUEZ,18/02/2025 18:00:00,AIS,POINT (11.660263 57.16658),626226000_1,0 days 00:01:00,-8.298127925451236e-07,342.4339303291792,0.0,0,4.255683428986348,57.16658,11.660263
2025-02-05 04:32:03,2025-02-05 04:32:03,Class A,626226000_1,57.169677,11.658198,Constrained by her draught,3.6,11.8,339.4,337.0,9319703,TRAM2,GREAT JACOMBO,Tanker,0,42.0,244.0,Combined GPS/GLONASS,15.0,EG_SUEZ,18/02/2025 18:00:00,AIS,POINT (11.658198 57.169677),626226000_1,0 days 00:01:00,-6.575614057305999e-07,340.1254972404284,0.0,0,4.25865302991744,57.169677,11.658198
2025-02-05 04:33:03,2025-02-05 04:33:03,Class A,626226000_1,57.172788,11.656195,Constrained by her draught,3.6,11.9,342.0,340.0,9319703,TRAM2,GREAT JACOMBO,Tanker,0,42.0,244.0,Combined GPS/GLONASS,15.0,EG_SUEZ,18/02/2025 18:00:00,AIS,POINT (11.656195 57.172788),626226000_1,0 days 00:01:00,5.7689167516509e-08,340.75942859036456,0.0,0,4.261569906769686,57.172788,11.656195
2025-02-05 04:34:03,2025-02-05 04:34:03,Class A,626226000_1,57.17597,11.654482,Constrained by her draught,-1.6,12.0,344.5,342.0,9319703,TRAM2,GREAT JACOMBO,Tanker,0,42.0,244.0,Combined GPS/GLONASS,15.0,EG_SUEZ,18/02/2025 18:00:00,AIS,POINT (11.654482 57.17597),626226000_1,0 days 00:01:00,6.021460087299718e-07,343.73210834694436,0.0,0,4.264237768689734,57.17597,11.654482
2025-02-05 04:35:03,2025-02-05 04:35:03,Class A,626226000_1,57.17919,11.652928,Constrained by her draught,-2.9,12.0,345.3,341.0,9319703,TRAM2,GREAT JACOMBO,Tanker,0,42.0,244.0,Combined GPS/GLONASS,15.0,EG_SUEZ,18/02/2025 18:00:00,AIS,POINT (11.652928 57.17919),626226000_1,0 days 00:01:00,4.1863636447402504e-07,345.34104089979706,0.0,0,4.266769574570907,57.17919,11.652928
2025-02-05 04:36:03,2025-02-05 04:36:03,Class A,626226000_1,57.182383,11.651248,Constrained by her draught,2.2,11.9,342.4,338.0,9319703,TRAM2,GREAT JACOMBO,Tanker,0,42.0,244.0,Combined GPS/GLONASS,15.0,EG_SUEZ,18/02/2025 18:00:00,AIS,POINT (11.651248 57.182383),626226000_1,0 days 00:01:00,-2.4697617929282423e-07,344.08422081500316,0.0,0,4.269412785728384,57.182383,11.651248
2025-02-05 04:37:03,2025-02-05 04:37:03,Class A,626226000_1,57.185515,11.649317,Constrained by her draught,2.2,11.8,340.8,338.0,9319703,TRAM2,GREAT JACOMBO,Tanker,0,42.0,244.0,Combined GPS/GLONASS,15.0,EG_SUEZ,18/02/2025 18:00:00,AIS,POINT (11.649317 57.185515),626226000_1,0 days 00:01:00,-5.543657574565616e-07,341.52482323001993,0.0,0,4.272273890935599,57.185515,11.649317
2025-02-05 04:38:01,2025-02-05 04:38:01,Class A,626226000_1,57.188577,11.6474,Constrained by her draught,4.5,11.8,342.1,341.0,9319703,TRAM2,GREAT JACOMBO,Tanker,0,42.0,244.0,Combined GPS/GLONASS,15.0,EG_SUEZ,18/02/2025 18:00:00,AIS,POINT (11.6474 57.188577),626226000_1,0 days 00:00:58,1.3675917853851313e-06,341.26070570285214,0.0,0,4.275099757880395,57.188577,11.6474
2025-02-05 04:39:01,2025-02-05 04:39:01,Class A,626226000_1,57.191748,11.645722,Constrained by her draught,2.9,11.9,345.5,344.0,9319703,TRAM2,GREAT JACOMBO,Tanker,0,42.0,244.0,Combined GPS/GLONASS,15.0,EG_SUEZ,18/02/2025 18:00:00,AIS,POINT (11.645722 57.191748),626226000_1,0 days 00:01:00,-1.4329470046903157e-06,344.0013910493063,0.0,0,4.277737783124627,57.191748,11.645722
2025-02-05 04:40:01,2025-02-05 04:40:01,Class A,626226000_1,57.194978,11.644327,Constrained by her draught,-3.6,11.9,346.9,342.0,9319703,TRAM2,GREAT JACOMBO,Tanker,0,42.0,244.0,Combined GPS/GLONASS,15.0,EG_SUEZ,18/02/2025 18:00:00,AIS,POINT (11.644327 57.194978),626226000_1,0 days 00:01:00,5.667269077521403e-07,346.83036489881385,0.0,0,4.280130109435576,57.194978,11.644327
2025-02-05 04:41:01,2025-02-05 04:41:01,Class A,626226000_1,57.19819,11.642848,Constrained by her draught,-5.4,11.8,344.3,338.0,9319703,TRAM2,GREAT JACOMBO,Tanker,0,42.0,244.0,Combined GPS/GLONASS,15.0,EG_SUEZ,18/02/2025 18:00:00,AIS,POINT (11.642848 57.19819),626226000_1,0 days 00:01:00,-2.095839231003547e-07,345.99358480629604,0.0,0,4.282597137728925,57.19819,11.642848
2025-02-05 04:42:01,2025-02-05 04:42:01,Class A,626226000_1,57.201305,11.64097,Constrained by her draught,-3.6,11.7,339.4,333.0,9319703,TRAM2,GREAT JACOMBO,Tanker,0,42.0,244.0,Combined GPS/GLONASS,15.0,EG_SUEZ,18/02/2025 18:00:00,AIS,POINT (11.64097 57.201305),626226000_1,0 days 00:01:00,-1.029211244607126e-06,341.91415070039454,0.0,0,4.285409145231409,57.201305,11.64097
2025-02-05 04:43:01,2025-02-05 04:43:01,Class A,626226000_1,57.204285,11.638648,Constrained by her draught,-3.6,11.6,335.3,331.0,9319703,TRAM2,GREAT JACOMBO,Tanker,0,42.0,244.0,Combined GPS/GLONASS,15.0,EG_SUEZ,18/02/2025 18:00:00,AIS,POINT (11.638648 57.204285),626226000_1,0 days 00:01:00,-1.2998747594820717e-06,337.118109915282,0.0,0,4.288595419998137,57.204285,11.638648
2025-02-05 04:44:01,2025-02-05 04:44:01,Class A,626226000_1,57.207197,11.6361,Constrained by her draught,4.5,11.6,334.8,334.0,9319703,TRAM2,GREAT JACOMBO,Tanker,0,42.0,244.0,Combined GPS/GLONASS,15.0,EG_SUEZ,18/02/2025 18:00:00,AIS,POINT (11.6361 57.207197),626226000_1,0 days 00:01:00,-3.6756548441921855e-07,334.6438159299867,0.0,0,4.291972709096482,57.207197,11.6361
2025-02-05 04:45:01,2025-02-05 04:45:01,Class A,626226000_1,57.21017,11.63376,Constrained by her draught,4.5,11.7,338.9,337.0,9319703,TRAM2,GREAT JACOMBO,Tanker,0,42.0,244.0,Combined GPS/GLONASS,15.0,EG_SUEZ,18/02/2025 18:00:00,AIS,POINT (11.63376 57.21017),626226000_1,0 days 00:01:00,2.8411687485863843e-07,336.9139128585946,0.0,0,4.2951754350093765,57.21017,11.63376
2025-02-05 04:46:01,2025-02-05 04:46:01,Class A,626226000_1,57.213228,11.631715,Constrained by her draught,0.4,11.7,340.6,337.0,9319703,TRAM2,GREAT JACOMBO,Tanker,0,42.0,244.0,Combined GPS/GLONASS,15.0,EG_SUEZ,18/02/2025 18:00:00,AIS,POINT (11.631715 57.213228),626226000_1,0 days 00:01:00,6.272961381768629e-07,340.0932110727821,0.0,0,4.29812993103338,57.213228,11.631715
2025-02-05 04:47:01,2025-02-05 04:47:01,Class A,626226000_1,57.216305,11.62973,Constrained by her draught,-2.9,11.7,340.4,336.0,9319703,TRAM2,GREAT JACOMBO,Tanker,0,42.0,244.0,Combined GPS/GLONASS,15.0,EG_SUEZ,18/02/2025 18:00:00,AIS,POINT (11.62973 57.216305),626226000_1,0 days 00:01:00,2.1463414043132746e-07,340.745453289362,0.0,0,4.301035461266623,57.216305,11.62973
2025-02-05 04:48:01,2025-02-05 04:48:01,Class A,626226000_1,57.219357,11.627648,Constrained by her draught,4.5,11.6,339.0,336.0,9319703,TRAM2,GREAT JACOMBO,Tanker,0,42.0,244.0,Combined GPS/GLONASS,15.0,EG_SUEZ,18/02/2025 18:00:00,AIS,POINT (11.627648 57.219357),626226000_1,0 days 00:01:00,-1.7711272487775805e-07,339.7285779858181,0.0,0,4.304025010676053,57.219357,11.627648
2025-02-05 04:49:01,2025-02-05 04:49:01,Class A,626226000_1,57.22241,11.62558,Constrained by her draught,3.6,11.7,339.8,336.0,9319703,TRAM2,GREAT JACOMBO,Tanker,0,42.0,244.0,Combined GPS/GLONASS,15.0,EG_SUEZ,18/02/2025 18:00:00,AIS,POINT (11.62558 57.22241),626226000_1,0 days 00:01:00,-5.3217034112603445e-08,339.86149580042826,0.0,0,4.307002816463905,57.22241,11.62558
2025-02-05 04:50:01,2025-02-05 04:50:01,Class A,626226000_1,57.225467,11.623525,Constrained by her draught,0.4,11.7,339.9,335.0,9319703,TRAM2,GREAT JACOMBO,Tanker,0,42.0,244.0,Combined GPS/GLONASS,15.0,EG_SUEZ,18/02/2025 18:00:00,AIS,POINT (11.623525 57.225467),626226000_1,0 days 00:01:00,4.027411773365602e-08,340.00365154362527,0.0,0,4.30997084152016,57.225467,11.623525
2025-02-05 04:51:01,2025-02-05 04:51:01,Class A,626226000_1,57.228505,11.6214,Constrained by her draught,2.9,11.7,339.0,335.0,9319703,TRAM2,GREAT JACOMBO,Tanker,0,42.0,244.0,Combined GPS/GLONASS,15.0,EG_SUEZ,18/02/2025 18:00:00,AIS,POINT (11.6214 57.228505),626226000_1,0 days 00:01:00,-1.42345313470449e-07,339.26254962881075,0.0,0,4.312999383497869,57.228505,11.6214
2025-02-05 04:52:02,2025-02-05 04:52:02,Class A,626226000_1,57.231592,11.619245,Constrained by her draught,0.2,11.7,339.5,336.0,9319703,TRAM2,GREAT JACOMBO,Tanker,0,42.0,244.0,Combined GPS/GLONASS,15.0,EG_SUEZ,18/02/2025 18:00:00,AIS,POINT (11.619245 57.231592),626226000_1,0 days 00:01:01,-7.785599881020847e-08,339.30170272431775,0.0,0,4.316073837865729,57.231592,11.619245
2025-02-05 04:53:02,2025-02-05 04:53:02,Class A,626226000_1,57.23464,11.617168,Constrained by her draught,6.4,11.7,339.6,336.0,9319703,TRAM2,GREAT JACOMBO,Tanker,0,42.0,244.0,Combined GPS/GLONASS,15.0,EG_SUEZ,18/02/2025 18:00:00,AIS,POINT (11.617168 57.23464),626226000_1,0 days 00:01:00,8.449869534025295e-08,339.756629407503,0.0,0,4.319062772660754,57.23464,11.617168
2025-02-05 04:54:02,2025-02-05 04:54:02,Class A,626226000_1,57.237698,11.615153,Constrained by her draught,-1.6,11.7,340.4,336.0,9319703,TRAM2,GREAT JACOMBO,Tanker,0,42.0,244.0,Combined GPS/GLONASS,15.0,EG_SUEZ,18/02/2025 18:00:00,AIS,POINT (11.615153 57.237698),626226000_1,0 days 00:01:00,-6.540981898099767e-08,340.37478203054195,0.0,0,4.321997895524824,57.237698,11.615153
2025-02-05 04:55:02,2025-02-05 04:55:02,Class A,626226000_1,57.240753,11.613147,Constrained by her draught,5.4,11.6,339.8,335.0,9319703,TRAM2,GREAT JACOMBO,Tanker,0,42.0,244.0,Combined GPS/GLONASS,15.0,EG_SUEZ,18/02/2025 18:00:00,AIS,POINT (11.613147 57.240753),626226000_1,0 days 00:01:00,-1.390167483881783e-07,340.43954302775734,0.0,0,4.32492464386167,57.240753,11.613147
2025-02-05 04:56:02,2025-02-05 04:56:02,Class A,626226000_1,57.243787,11.611097,Constrained by her draught,-1.6,11.6,339.3,334.0,9319703,TRAM2,GREAT JACOMBO,Tanker,0,42.0,244.0,Combined GPS/GLONASS,15.0,EG_SUEZ,18/02/2025 18:00:00,AIS,POINT (11.611097 57.243787),626226000_1,0 days 00:01:00,-3.612296362096092e-07,339.9184519868571,0.0,0,4.327886687105613,57.243787,11.611097
2025-02-05 04:57:02,2025-02-05 04:57:02,Class A,626226000_1,57.246765,11.608868,Constrained by her draught,1.6,11.5,336.0,333.0,9319703,TRAM2,GREAT JACOMBO,Tanker,0,42.0,244.0,Combined GPS/GLONASS,15.0,EG_SUEZ,18/02/2025 18:00:00,AIS,POINT (11.608868 57.246765),626226000_1,0 days 00:01:00,-5.36452525557836e-07,337.9546979307975,0.0,0,4.330998875468453,57.246765,11.608868
2025-02-05 04:58:02,2025-02-05 04:58:02,Class A,626226000_1,57.249697,11.60651,Constrained by her draught,3.6,11.5,337.2,336.0,9319703,TRAM2,GREAT JACOMBO,Tanker,0,42.0,244.0,Combined GPS/GLONASS,15.0,EG_SUEZ,18/02/2025 18:00:00,AIS,POINT (11.60651 57.249697),626226000_1,0 days 00:01:00,-4.7381218562307703e-07,336.487695001871,0.0,0,4.334217487894325,57.249697,11.60651
2025-02-05 04:59:03,2025-02-05 04:59:03,Class A,626226000_1,57.252733,11.604307,Constrained by her draught,2.9,11.6,339.7,338.0,9319703,TRAM2,GREAT JACOMBO,Tanker,0,42.0,244.0,Combined GPS/GLONASS,15.0,EG_SUEZ,18/02/2025 18:00:00,AIS,POINT (11.604307 57.252733),626226000_1,0 days 00:01:01,3.163925946283035e-07,338.5693252149825,0.0,0,4.3373269988694645,57.252733,11.604307
2025-02-05 05:00:03,2025-02-05 05:00:03,Class A,626226000_1,57.25577,11.602322,Constrained by her draught,-2.9,11.6,340.9,338.0,9319703,TRAM2,GREAT JACOMBO,Tanker,0,42.0,244.0,Combined GPS/GLONASS,15.0,EG_SUEZ,18/02/2025 18:00:00,AIS,POINT (11.602322 57.25577),626226000_1,0 days 00:01:00,4.029198411032841e-07,340.5301374009861,0.0,0,4.3402331042744695,57.25577,11.602322
2025-02-05 05:01:03,2025-02-05 05:01:03,Class A,626226000_1,57.258802,11.600275,Constrained by her draught,0.0,11.6,339.0,336.0,9319703,TRAM2,GREAT JACOMBO,Tanker,0,42.0,244.0,Combined GPS/GLONASS,15.0,EG_SUEZ,18/02/2025 18:00:00,AIS,POINT (11.600275 57.258802),626226000_1,0 days 00:01:00,2.0569744581274616e-07,339.94084484494874,0.0,0,4.343196802394408,57.258802,11.600275
2025-02-05 05:02:03,2025-02-05 05:02:03,Class A,626226000_1,57.261787,11.598058,Constrained by her draught,0.2,11.6,337.5,335.0,9319703,TRAM2,GREAT JACOMBO,Tanker,0,42.0,244.0,Combined GPS/GLONASS,15.0,EG_SUEZ,18/02/2025 18:00:00,AIS,POINT (11.598058 57.261787),626226000_1,0 days 00:01:00,-3.365620296138927e-07,338.11674679774336,0.0,0,4.346305007040462,57.261787,11.598058
2025-02-05 05:03:03,2025-02-05 05:03:03,Class A,626226000_1,57.264745,11.595748,Constrained by her draught,-4.5,11.6,337.1,336.0,9319703,TRAM2,GREAT JACOMBO,Tanker,0,42.0,244.0,Combined GPS/GLONASS,15.0,EG_SUEZ,18/02/2025 18:00:00,AIS,POINT (11.595748 57.264745),626226000_1,0 days 00:01:00,-1.783900232571062e-07,337.106017048435,0.0,0,4.3494921746324575,57.264745,11.595748
2025-02-05 05:04:02,2025-02-05 05:04:02,Class A,626226000_1,57.26762,11.59354,Constrained by her draught,0.2,11.6,337.7,336.0,9319703,TRAM2,GREAT JACOMBO,Tanker,0,42.0,244.0,Combined GPS/GLONASS,15.0,EG_SUEZ,18/02/2025 18:00:00,AIS,POINT (11.59354 57.26762),626226000_1,0 days 00:00:59,-1.4212146239281601e-06,337.4485036472414,0.0,0,4.352555875842146,57.26762,11.59354
2025-02-05 05:05:02,2025-02-05 05:05:02,Class A,626226000_1,57.270608,11.591303,Constrained by her draught,3.6,11.6,338.6,336.0,9319703,TRAM2,GREAT JACOMBO,Tanker,0,42.0,244.0,Combined GPS/GLONASS,15.0,EG_SUEZ,18/02/2025 18:00:00,AIS,POINT (11.591303 57.270608),626226000_1,0 days 00:01:00,1.7843211695010795e-06,337.9630068518133,0.0,0,4.355686678531986,57.270608,11.591303
2025-02-05 05:06:02,2025-02-05 05:06:02,Class A,626226000_1,57.273607,11.58906,Constrained by her draught,0.4,11.6,337.4,335.0,9319703,TRAM2,GREAT JACOMBO,Tanker,0,42.0,244.0,Combined GPS/GLONASS,15.0,EG_SUEZ,18/02/2025 18:00:00,AIS,POINT (11.58906 57.273607),626226000_1,0 days 00:01:00,3.5202710687725195e-07,337.9844702758665,0.0,0,4.358827862381008,57.273607,11.58906
2025-02-05 05:07:02,2025-02-05 05:07:02,Class A,626226000_1,57.27658,11.586715,Constrained by her draught,1.1,11.6,336.3,335.0,9319703,TRAM2,GREAT JACOMBO,Tanker,0,42.0,244.0,Combined GPS/GLONASS,15.0,EG_SUEZ,18/02/2025 18:00:00,AIS,POINT (11.586715 57.27658),626226000_1,0 days 00:01:00,-8.70100887147921e-08,336.9070314104898,0.0,0,4.3620566891792,57.27658,11.586715
2025-02-05 05:08:02,2025-02-05 05:08:02,Class A,626226000_1,57.279533,11.5843,Constrained by her draught,0.2,11.6,336.1,335.0,9319703,TRAM2,GREAT JACOMBO,Tanker,0,42.0,244.0,Combined GPS/GLONASS,15.0,EG_SUEZ,18/02/2025 18:00:00,AIS,POINT (11.5843 57.279533),626226000_1,0 days 00:01:00,-1.0063076796732716e-07,336.1518118353343,0.0,0,4.365345139441438,57.279533,11.5843
2025-02-05 05:09:02,2025-02-05 05:09:02,Class A,626226000_1,57.28249,11.581893,Constrained by her draught,1.6,11.6,336.6,336.0,9319703,TRAM2,GREAT JACOMBO,Tanker,0,42.0,244.0,Combined GPS/GLONASS,15.0,EG_SUEZ,18/02/2025 18:00:00,AIS,POINT (11.581893 57.28249),626226000_1,0 days 00:01:00,5.7736005989655316e-08,336.25233524275404,0.0,0,4.368628330884764,57.28249,11.581893
2025-02-05 05:10:23,2025-02-05 05:10:23,Class A,626226000_1,57.28651,11.578732,Constrained by her draught,2.9,11.6,337.3,336.0,9319703,TRAM2,GREAT JACOMBO,Tanker,0,42.0,244.0,Combined GPS/GLONASS,15.0,EG_SUEZ,18/02/2025 18:00:00,AIS,POINT (11.578732 57.28651),626226000_1,0 days 00:01:21,1.1252948887161879e-07,336.97681326793685,0.0,0,4.372988819178479,57.28651,11.578732
2025-02-05 05:11:13,2025-02-05 05:11:13,Class A,626226000_1,57.288998,11.576807,Constrained by her draught,-6.4,11.6,336.8,335.0,9319703,TRAM2,GREAT JACOMBO,Tanker,0,42.0,244.0,Combined GPS/GLONASS,15.0,EG_SUEZ,18/02/2025 18:00:00,AIS,POINT (11.576807 57.288998),626226000_1,0 days 00:00:50,1.9707817990304717e-08,337.30951491367784,0.0,0,4.375658966256053,57.288998,11.576807
2025-02-05 05:13:13,2025-02-05 05:13:13,Class A,626226000_1,57.294932,11.572068,Constrained by her draught,0.7,11.6,335.3,334.0,9319703,TRAM2,GREAT JACOMBO,Tanker,0,42.0,244.0,Combined GPS/GLONASS,15.0,EG_SUEZ,18/02/2025 18:00:00,AIS,POINT (11.572068 57.294932),626226000_1,0 days 00:02:00,-7.039831715429228e-08,336.6598660114581,0.0,0,4.382168443795835,57.294932,11.572068
2025-02-05 05:14:23,2025-02-05 05:14:23,Class A,626226000_1,57.298357,11.569183,Constrained by her draught,0.4,11.6,336.0,335.0,9319703,TRAM2,GREAT JACOMBO,Tanker,0,42.0,244.0,Combined GPS/GLONASS,15.0,EG_SUEZ,18/02/2025 18:00:00,AIS,POINT (11.569183 57.298357),626226000_1,0 days 00:01:10,-1.5763843177796421e-07,335.5306825504503,0.0,0,4.386067488565355,57.298357,11.569183
2025-02-05 05:15:02,2025-02-05 05:15:02,Class A,626226000_1,57.300282,11.567635,Constrained by her draught,3.6,11.6,336.4,336.0,9319703,TRAM2,GREAT JACOMBO,Tanker,0,42.0,244.0,Combined GPS/GLONASS,15.0,EG_SUEZ,18/02/2025 18:00:00,AIS,POINT (11.567635 57.300282),626226000_1,0 days 00:00:39,1.6322887222370773e-07,336.51833432115166,0.0,0,4.388190547841901,57.300282,11.567635
2025-02-05 05:16:13,2025-02-05 05:16:13,Class A,626226000_1,57.303823,11.564958,Constrained by her draught,0.0,11.6,338.4,337.0,9319703,TRAM2,GREAT JACOMBO,Tanker,0,42.0,244.0,Combined GPS/GLONASS,15.0,EG_SUEZ,18/02/2025 18:00:00,AIS,POINT (11.564958 57.303823),626226000_1,0 days 00:01:11,8.569091979625927e-08,337.7860463575706,0.0,0,4.39193709519171,57.303823,11.564958
2025-02-05 05:17:02,2025-02-05 05:17:02,Class A,626226000_1,57.306277,11.563157,Constrained by her draught,-0.7,11.6,337.8,336.0,9319703,TRAM2,GREAT JACOMBO,Tanker,0,42.0,244.0,Combined GPS/GLONASS,15.0,EG_SUEZ,18/02/2025 18:00:00,AIS,POINT (11.563157 57.306277),626226000_1,0 days 00:00:49,1.3286459970070078e-09,338.3758975489593,0.0,0,4.394483512826735,57.306277,11.563157
2025-02-05 05:18:03,2025-02-05 05:18:03,Class A,626226000_1,57.309312,11.56085,Constrained by her draught,-3.6,11.6,336.9,334.0,9319703,TRAM2,GREAT JACOMBO,Tanker,0,42.0,244.0,Combined GPS/GLONASS,15.0,EG_SUEZ,18/02/2025 18:00:00,AIS,POINT (11.56085 57.309312),626226000_1,0 days 00:01:01,-1.6112922693946e-07,337.6795442810875,0.0,0,4.397708227293393,57.309312,11.56085
2025-02-05 05:19:03,2025-02-05 05:19:03,Class A,626226000_1,57.312257,11.558458,Constrained by her draught,1.1,11.6,336.1,333.0,9319703,TRAM2,GREAT JACOMBO,Tanker,0,42.0,244.0,Combined GPS/GLONASS,15.0,EG_SUEZ,18/02/2025 18:00:00,AIS,POINT (11.558458 57.312257),626226000_1,0 days 00:01:00,-3.420411530913441e-07,336.3155042069694,0.0,0,4.400981849840442,57.312257,11.558458
2025-02-05 05:20:03,2025-02-05 05:20:03,Class A,626226000_1,57.315173,11.555982,Constrained by her draught,2.9,11.5,335.9,334.0,9319703,TRAM2,GREAT JACOMBO,Tanker,0,42.0,244.0,Combined GPS/GLONASS,15.0,EG_SUEZ,18/02/2025 18:00:00,AIS,POINT (11.555982 57.315173),626226000_1,0 days 00:01:00,-2.4311983626081e-07,335.36714685781635,0.0,0,4.404324743928063,57.315173,11.555982
2025-02-05 05:21:03,2025-02-05 05:21:03,Class A,626226000_1,57.318117,11.553608,Constrained by her draught,2.9,11.5,337.7,336.0,9319703,TRAM2,GREAT JACOMBO,Tanker,0,42.0,244.0,Combined GPS/GLONASS,15.0,EG_SUEZ,18/02/2025 18:00:00,AIS,POINT (11.553608 57.318117),626226000_1,0 days 00:01:00,9.145291573848732e-08,336.4705222774778,0.0,0,4.407582810580534,57.318117,11.553608
2025-02-05 05:22:03,2025-02-05 05:22:03,Class A,626226000_1,57.32111,11.55142,Constrained by her draught,-3.6,11.6,339.2,337.0,9319703,TRAM2,GREAT JACOMBO,Tanker,0,42.0,244.0,Combined GPS/GLONASS,15.0,EG_SUEZ,18/02/2025 18:00:00,AIS,POINT (11.55142 57.32111),626226000_1,0 days 00:01:00,2.0345883534135929e-07,338.4604733228638,0.0,0,4.410684922955616,57.32111,11.55142
2025-02-05 05:23:03,2025-02-05 05:23:03,Class A,626226000_1,57.324165,11.549233,Constrained by her draught,-1.6,11.6,338.1,335.0,9319703,TRAM2,GREAT JACOMBO,Tanker,0,42.0,244.0,Combined GPS/GLONASS,15.0,EG_SUEZ,18/02/2025 18:00:00,AIS,POINT (11.549233 57.324165),626226000_1,0 days 00:01:00,1.7789032175812911e-06,338.86906305104867,0.0,0,4.413808915441855,57.324165,11.549233
2025-02-05 05:24:03,2025-02-05 05:24:03,Class A,626226000_1,57.327138,11.54698,Constrained by her draught,-2.9,11.5,337.3,334.0,9319703,TRAM2,GREAT JACOMBO,Tanker,0,42.0,244.0,Combined GPS/GLONASS,15.0,EG_SUEZ,18/02/2025 18:00:00,AIS,POINT (11.54698 57.327138),626226000_1,0 days 00:01:00,-1.948684156617321e-06,337.7505174072299,0.0,0,4.416966659880964,57.327138,11.54698
2025-02-05 05:25:03,2025-02-05 05:25:03,Class A,626226000_1,57.330063,11.544587,Constrained by her draught,-1.1,11.5,335.7,333.0,9319703,TRAM2,GREAT JACOMBO,Tanker,0,42.0,244.0,Combined GPS/GLONASS,15.0,EG_SUEZ,18/02/2025 18:00:00,AIS,POINT (11.544587 57.330063),626226000_1,0 days 00:01:00,-4.4892855156045303e-07,336.17295547817224,0.0,0,4.42023926211263,57.330063,11.544587
2025-02-05 05:26:03,2025-02-05 05:26:03,Class A,626226000_1,57.332978,11.542187,Constrained by her draught,1.1,11.5,337.0,335.0,9319703,TRAM2,GREAT JACOMBO,Tanker,0,42.0,244.0,Combined GPS/GLONASS,15.0,EG_SUEZ,18/02/2025 18:00:00,AIS,POINT (11.542187 57.332978),626226000_1,0 days 00:01:00,-2.3647882083873728e-07,336.0399992697222,0.0,0,4.423515676605768,57.332978,11.542187
2025-02-05 05:27:03,2025-02-05 05:27:03,Class A,626226000_1,57.335932,11.539955,Constrained by her draught,0.2,11.5,339.2,337.0,9319703,TRAM2,GREAT JACOMBO,Tanker,0,42.0,244.0,Combined GPS/GLONASS,15.0,EG_SUEZ,18/02/2025 18:00:00,AIS,POINT (11.539955 57.335932),626226000_1,0 days 00:01:00,5.073010377603983e-09,337.8145480635081,0.0,0,4.426649629318881,57.335932,11.539955
2025-02-05 05:28:03,2025-02-05 05:28:03,Class A,626226000_1,57.338928,11.537888,Constrained by her draught,-2.9,11.5,339.6,337.0,9319703,TRAM2,GREAT JACOMBO,Tanker,0,42.0,244.0,Combined GPS/GLONASS,15.0,EG_SUEZ,18/02/2025 18:00:00,AIS,POINT (11.537888 57.338928),626226000_1,0 days 00:01:00,2.0460538807293555e-07,339.578398004056,0.0,0,4.429645116310787,57.338928,11.537888
2025-02-05 05:29:03,2025-02-05 05:29:03,Class A,626226000_1,57.341932,11.535858,Constrained by her draught,0.4,11.5,340.3,337.0,9319703,TRAM2,GREAT JACOMBO,Tanker,0,42.0,244.0,Combined GPS/GLONASS,15.0,EG_SUEZ,18/02/2025 18:00:00,AIS,POINT (11.535858 57.341932),626226000_1,0 days 00:01:00,1.6860591653747314e-08,339.9652319596679,0.0,0,4.432609827686168,57.341932,11.535858
2025-02-05 05:30:02,2025-02-05 05:30:02,Class A,626226000_1,57.344838,11.533913,Constrained by her draught,-0.7,11.5,339.6,337.0,9319703,TRAM2,GREAT JACOMBO,Tanker,0,42.0,244.0,Combined GPS/GLONASS,15.0,EG_SUEZ,18/02/2025 18:00:00,AIS,POINT (11.533913 57.344838),626226000_1,0 days 00:00:59,-1.7445422217086648e-06,340.1431821523607,0.0,0,4.435461209367184,57.344838,11.533913
2025-02-05 05:31:02,2025-02-05 05:31:02,Class A,626226000_1,57.347838,11.531885,Constrained by her draught,0.4,11.4,339.8,336.0,9319703,TRAM2,GREAT JACOMBO,Tanker,0,42.0,244.0,Combined GPS/GLONASS,15.0,EG_SUEZ,18/02/2025 18:00:00,AIS,POINT (11.531885 57.347838),626226000_1,0 days 00:01:00,1.5859743863252257e-06,339.9618034618903,0.0,0,4.4384245598348295,57.347838,11.531885
2025-02-05 05:32:02,2025-02-05 05:32:02,Class A,626226000_1,57.350805,11.529782,Constrained by her draught,-0.4,11.4,338.5,335.0,9319703,TRAM2,GREAT JACOMBO,Tanker,0,42.0,244.0,Combined GPS/GLONASS,15.0,EG_SUEZ,18/02/2025 18:00:00,AIS,POINT (11.529782 57.350805),626226000_1,0 days 00:01:00,-5.173814781202097e-07,339.07368120087045,0.0,0,4.441447177993339,57.350805,11.529782
2025-02-05 05:33:02,2025-02-05 05:33:02,Class A,626226000_1,57.35375,11.527632,Constrained by her draught,2.2,11.4,338.9,336.0,9319703,TRAM2,GREAT JACOMBO,Tanker,0,42.0,244.0,Combined GPS/GLONASS,15.0,EG_SUEZ,18/02/2025 18:00:00,AIS,POINT (11.527632 57.35375),626226000_1,0 days 00:01:00,-3.504479612667528e-07,338.5042892731461,0.0,0,4.444506758741625,57.35375,11.527632
2025-02-05 05:34:02,2025-02-05 05:34:02,Class A,626226000_1,57.356708,11.52556,Constrained by her draught,4.5,11.4,339.7,336.0,9319703,TRAM2,GREAT JACOMBO,Tanker,0,42.0,244.0,Combined GPS/GLONASS,15.0,EG_SUEZ,18/02/2025 18:00:00,AIS,POINT (11.52556 57.356708),626226000_1,0 days 00:01:00,-9.615146083622773e-08,339.3015223308072,0.0,0,4.447499029742445,57.356708,11.52556
2025-02-05 05:35:02,2025-02-05 05:35:02,Class A,626226000_1,57.35968,11.523543,Constrained by her draught,-0.4,11.3,339.7,336.0,9319703,TRAM2,GREAT JACOMBO,Tanker,0,42.0,244.0,Combined GPS/GLONASS,15.0,EG_SUEZ,18/02/2025 18:00:00,AIS,POINT (11.523543 57.35968),626226000_1,0 days 00:01:00,8.377951473762432e-08,339.89502339506475,0.0,0,4.450445877229493,57.35968,11.523543
2025-02-05 05:36:12,2025-02-05 05:36:12,Class A,626226000_1,57.363142,11.521205,Constrained by her draught,-3.6,11.3,340.1,336.0,9319703,TRAM2,GREAT JACOMBO,Tanker,0,42.0,244.0,Combined GPS/GLONASS,15.0,EG_SUEZ,18/02/2025 18:00:00,AIS,POINT (11.521205 57.363142),626226000_1,0 days 00:01:10,-1.7866917183729573e-07,339.9877243853019,0.0,0,4.453868992151543,57.363142,11.521205
2025-02-05 05:37:02,2025-02-05 05:37:02,Class A,626226000_1,57.365612,11.519533,Constrained by her draught,-2.2,11.4,339.5,336.0,9319703,TRAM2,GREAT JACOMBO,Tanker,0,42.0,244.0,Combined GPS/GLONASS,15.0,EG_SUEZ,18/02/2025 18:00:00,AIS,POINT (11.519533 57.365612),626226000_1,0 days 00:00:50,-1.0408954294046507e-07,339.9455443725885,0.0,0,4.456315703439894,57.365612,11.519533
2025-02-05 05:38:02,2025-02-05 05:38:02,Class A,626226000_1,57.368577,11.517543,Constrained by her draught,-5.4,11.3,339.8,336.0,9319703,TRAM2,GREAT JACOMBO,Tanker,0,42.0,244.0,Combined GPS/GLONASS,15.0,EG_SUEZ,18/02/2025 18:00:00,AIS,POINT (11.517543 57.368577),626226000_1,0 days 00:01:00,-6.555169884644937e-08,340.1042296296724,0.0,0,4.459237672881992,57.368577,11.517543
2025-02-05 05:39:02,2025-02-05 05:39:02,Class A,626226000_1,57.371535,11.51551,Constrained by her draught,-0.4,11.3,338.8,335.0,9319703,TRAM2,GREAT JACOMBO,Tanker,0,42.0,244.0,Combined GPS/GLONASS,15.0,EG_SUEZ,18/02/2025 18:00:00,AIS,POINT (11.51551 57.371535),626226000_1,0 days 00:01:00,4.341542572466999e-08,339.66647133868435,0.0,0,4.462198189914136,57.371535,11.51551
2025-02-05 05:40:02,2025-02-05 05:40:02,Class A,626226000_1,57.374462,11.513343,Constrained by her draught,2.2,11.3,337.5,336.0,9319703,TRAM2,GREAT JACOMBO,Tanker,0,42.0,244.0,Combined GPS/GLONASS,15.0,EG_SUEZ,18/02/2025 18:00:00,AIS,POINT (11.513343 57.374462),626226000_1,0 days 00:01:00,-9.009788688322043e-08,338.240411086206,0.0,0,4.465273473038913,57.374462,11.513343
2025-02-05 05:41:03,2025-02-05 05:41:03,Class A,626226000_1,57.377432,11.511117,Constrained by her draught,-0.2,11.3,338.7,337.0,9319703,TRAM2,GREAT JACOMBO,Tanker,0,42.0,244.0,Combined GPS/GLONASS,15.0,EG_SUEZ,18/02/2025 18:00:00,AIS,POINT (11.511117 57.377432),626226000_1,0 days 00:01:01,-2.3494049332788125e-08,337.99873122871594,0.0,0,4.468420143077527,57.377432,11.511117
2025-02-05 05:42:03,2025-02-05 05:42:03,Class A,626226000_1,57.380392,11.509043,Under way using engine,0.7,11.4,340.0,338.0,9319703,TRAM2,GREAT JACOMBO,Tanker,0,42.0,244.0,Combined GPS/GLONASS,15.0,EG_SUEZ,18/02/2025 18:00:00,AIS,POINT (11.509043 57.380392),626226000_1,0 days 00:01:00,4.0964849497865097e-07,339.3082787992727,0.0,0,4.471422317666382,57.380392,11.509043
2025-02-05 05:43:03,2025-02-05 05:43:03,Class A,626226000_1,57.383375,11.50702,Under way using engine,-2.9,11.4,339.2,337.0,9319703,TRAM2,GREAT JACOMBO,Tanker,0,42.0,244.0,Combined GPS/GLONASS,15.0,EG_SUEZ,18/02/2025 18:00:00,AIS,POINT (11.50702 57.383375),626226000_1,0 days 00:01:00,3.685108690305109e-07,339.92034878270687,0.0,0,4.474386156184219,57.383375,11.50702
2025-02-05 05:44:03,2025-02-05 05:44:03,Class A,626226000_1,57.38634,11.504888,Under way using engine,-2.2,11.5,338.0,336.0,9319703,TRAM2,GREAT JACOMBO,Tanker,0,42.0,244.0,Combined GPS/GLONASS,15.0,EG_SUEZ,18/02/2025 18:00:00,AIS,POINT (11.504888 57.38634),626226000_1,0 days 00:01:00,1.2086587548998152e-07,338.8162476896859,0.0,0,4.47744603681429,57.38634,11.504888
2025-02-05 05:45:03,2025-02-05 05:45:03,Class A,626226000_1,57.389285,11.50265,Under way using engine,-0.4,11.5,336.7,336.0,9319703,TRAM2,GREAT JACOMBO,Tanker,0,42.0,244.0,Combined GPS/GLONASS,15.0,EG_SUEZ,18/02/2025 18:00:00,AIS,POINT (11.50265 57.389285),626226000_1,0 days 00:01:00,8.104410231399873e-08,337.7286350427508,0.0,0,4.480598361941517,57.389285,11.50265
2025-02-05 05:46:13,2025-02-05 05:46:13,Class A,626226000_1,57.392763,11.499913,Under way using engine,0.4,11.5,337.2,337.0,9319703,TRAM2,GREAT JACOMBO,Tanker,0,42.0,244.0,Combined GPS/GLONASS,15.0,EG_SUEZ,18/02/2025 18:00:00,AIS,POINT (11.499913 57.392763),626226000_1,0 days 00:01:10,1.4792147769852981e-06,337.0199516725614,0.0,0,4.4844098441183995,57.392763,11.499913
2025-02-05 05:47:03,2025-02-05 05:47:03,Class A,626226000_1,57.395182,11.498068,Under way using engine,6.4,11.5,338.3,338.0,9319703,TRAM2,GREAT JACOMBO,Tanker,0,42.0,244.0,Combined GPS/GLONASS,15.0,EG_SUEZ,18/02/2025 18:00:00,AIS,POINT (11.498068 57.395182),626226000_1,0 days 00:00:50,-3.7054666335909447e-06,337.6583861376369,0.0,0,4.487006826081279,57.395182,11.498068
2025-02-05 05:48:01,2025-02-05 05:48:01,Class A,626226000_1,57.397677,11.496263,Under way using engine,-4.5,11.6,338.8,338.0,9319703,TRAM2,GREAT JACOMBO,Tanker,0,42.0,244.0,Combined GPS/GLONASS,15.0,EG_SUEZ,18/02/2025 18:00:00,AIS,POINT (11.496263 57.397677),626226000_1,0 days 00:00:58,-1.1788781198232618e-05,338.7044247611121,0.0,0,4.489594715500497,57.397677,11.496263
2025-02-05 05:49:02,2025-02-05 05:49:02,Class A,626226000_1,57.401138,11.49377,Under way using engine,0.4,11.6,338.3,337.0,9319703,TRAM2,GREAT JACOMBO,Tanker,0,42.0,244.0,Combined GPS/GLONASS,15.0,EG_SUEZ,18/02/2025 18:00:00,AIS,POINT (11.49377 57.401138),626226000_1,0 days 00:01:01,2.6827296958205607e-05,338.7903469306543,0.0,0,4.493175489802286,57.401138,11.49377
2025-02-05 05:50:02,2025-02-05 05:50:02,Class A,626226000_1,57.404133,11.491492,Under way using engine,-1.1,11.7,337.4,336.0,9319703,TRAM2,GREAT JACOMBO,Tanker,0,42.0,244.0,Combined GPS/GLONASS,15.0,EG_SUEZ,18/02/2025 18:00:00,AIS,POINT (11.491492 57.404133),626226000_1,0 days 00:01:00,-1.2837444614292046e-05,337.71909741918563,0.0,0,4.496387477573192,57.404133,11.491492
2025-02-05 05:51:12,2025-02-05 05:51:12,Class A,626226000_1,57.407598,11.488692,Under way using engine,-0.4,11.7,336.0,336.0,9319703,TRAM2,GREAT JACOMBO,Tanker,0,42.0,244.0,Combined GPS/GLONASS,15.0,EG_SUEZ,18/02/2025 18:00:00,AIS,POINT (11.488692 57.407598),626226000_1,0 days 00:01:10,6.908601683942167e-08,336.47765644999834,0.0,0,4.500257768320832,57.407598,11.488692
2025-02-05 05:52:12,2025-02-05 05:52:12,Class A,626226000_1,57.410575,11.486285,Under way using engine,0.4,11.7,336.6,337.0,9319703,TRAM2,GREAT JACOMBO,Tanker,0,42.0,244.0,Combined GPS/GLONASS,15.0,EG_SUEZ,18/02/2025 18:00:00,AIS,POINT (11.486285 57.410575),626226000_1,0 days 00:01:00,2.4385038513424543e-07,336.46762689361594,0.0,0,4.503585092982923,57.410575,11.486285
2025-02-05 05:53:12,2025-02-05 05:53:12,Class A,626226000_1,57.413585,11.483955,Under way using engine,0.0,11.7,337.6,337.0,9319703,TRAM2,GREAT JACOMBO,Tanker,0,42.0,244.0,Combined GPS/GLONASS,15.0,EG_SUEZ,18/02/2025 18:00:00,AIS,POINT (11.483955 57.413585),626226000_1,0 days 00:01:00,4.328130496796875e-07,337.3688659658227,0.0,0,4.5068536013030185,57.413585,11.483955
2025-02-05 05:54:12,2025-02-05 05:54:12,Class A,626226000_1,57.416613,11.48166,Under way using engine,-0.2,11.8,338.1,337.0,9319703,TRAM2,GREAT JACOMBO,Tanker,0,42.0,244.0,Combined GPS/GLONASS,15.0,EG_SUEZ,18/02/2025 18:00:00,AIS,POINT (11.48166 57.416613),626226000_1,0 days 00:01:00,2.9024529059479274e-07,337.7966606436654,0.0,0,4.5100969667231094,57.416613,11.48166
2025-02-05 05:55:22,2025-02-05 05:55:22,Class A,626226000_1,57.420193,11.478877,Under way using engine,3.6,11.8,336.6,336.0,9319703,TRAM2,GREAT JACOMBO,Tanker,0,42.0,244.0,Combined GPS/GLONASS,15.0,EG_SUEZ,18/02/2025 18:00:00,AIS,POINT (11.478877 57.420193),626226000_1,0 days 00:01:10,1.487908578948044e-06,337.28619752474793,0.0,0,4.513997495701784,57.420193,11.478877
2025-02-05 05:56:02,2025-02-05 05:56:02,Class A,626226000_1,57.422155,11.477313,Under way using engine,-4.5,11.8,337.2,336.0,9319703,TRAM2,GREAT JACOMBO,Tanker,0,42.0,244.0,Combined GPS/GLONASS,15.0,EG_SUEZ,18/02/2025 18:00:00,AIS,POINT (11.477313 57.422155),626226000_1,0 days 00:00:40,-5.75083366876675e-06,336.77016666312096,0.0,0,4.516171752499453,57.422155,11.477313
2025-02-05 05:57:03,2025-02-05 05:57:03,Class A,626226000_1,57.425268,11.474818,Under way using engine,0.0,11.8,336.4,336.0,9319703,TRAM2,GREAT JACOMBO,Tanker,0,42.0,244.0,Combined GPS/GLONASS,15.0,EG_SUEZ,18/02/2025 18:00:00,AIS,POINT (11.474818 57.425268),626226000_1,0 days 00:01:01,4.025697368516544e-06,336.65924559951975,0.0,0,4.519634784939597,57.425268,11.474818
2025-02-05 05:58:03,2025-02-05 05:58:03,Class A,626226000_1,57.428278,11.472387,Under way using engine,2.2,11.8,336.4,336.0,9319703,TRAM2,GREAT JACOMBO,Tanker,0,42.0,244.0,Combined GPS/GLONASS,15.0,EG_SUEZ,18/02/2025 18:00:00,AIS,POINT (11.472387 57.428278),626226000_1,0 days 00:01:00,-1.629501234381977e-06,336.5008737788741,0.0,0,4.523001315097863,57.428278,11.472387
2025-02-05 05:59:03,2025-02-05 05:59:03,Class A,626226000_1,57.431298,11.469987,Under way using engine,0.4,11.8,336.9,336.0,9319703,TRAM2,GREAT JACOMBO,Tanker,0,42.0,244.0,Combined GPS/GLONASS,15.0,EG_SUEZ,18/02/2025 18:00:00,AIS,POINT (11.469987 57.431298),626226000_1,0 days 00:01:00,7.749273898577322e-08,336.8390901172007,0.0,0,4.526343500245756,57.431298,11.469987
2025-02-05 06:00:03,2025-02-05 06:00:03,Class A,626226000_1,57.434328,11.467588,Under way using engine,-2.2,11.9,336.9,336.0,9319703,TRAM2,GREAT JACOMBO,Tanker,0,42.0,244.0,Combined GPS/GLONASS,15.0,EG_SUEZ,18/02/2025 18:00:00,AIS,POINT (11.467588 57.434328),626226000_1,0 days 00:01:00,2.765966437103436e-07,336.9178287204673,0.0,0,4.529689257030332,57.434328,11.467588
2025-02-05 06:01:03,2025-02-05 06:01:03,Class A,626226000_1,57.437353,11.46517,Under way using engine,-0.4,11.9,336.6,336.0,9319703,TRAM2,GREAT JACOMBO,Tanker,0,42.0,244.0,Combined GPS/GLONASS,15.0,EG_SUEZ,18/02/2025 18:00:00,AIS,POINT (11.46517 57.437353),626226000_1,0 days 00:01:00,-1.8424463428100972e-08,336.7217537649181,0.0,0,4.533051658173001,57.437353,11.46517
2025-02-05 06:02:03,2025-02-05 06:02:03,Class A,626226000_1,57.44039,11.462778,Under way using engine,-1.6,11.9,337.0,336.0,9319703,TRAM2,GREAT JACOMBO,Tanker,0,42.0,244.0,Combined GPS/GLONASS,15.0,EG_SUEZ,18/02/2025 18:00:00,AIS,POINT (11.462778 57.44039),626226000_1,0 days 00:01:00,1.6939586795325542e-07,337.02911249131535,0.0,0,4.536395136359266,57.44039,11.462778
2025-02-05 06:03:03,2025-02-05 06:03:03,Class A,626226000_1,57.443427,11.460373,Under way using engine,-1.6,11.9,336.9,336.0,9319703,TRAM2,GREAT JACOMBO,Tanker,0,42.0,244.0,Combined GPS/GLONASS,15.0,EG_SUEZ,18/02/2025 18:00:00,AIS,POINT (11.460373 57.443427),626226000_1,0 days 00:01:00,8.370973721026284e-08,336.91903463807324,0.0,0,4.539751524571581,57.443427,11.460373
2025-02-05 06:04:11,2025-02-05 06:04:11,Class A,626226000_1,57.446867,11.457638,Under way using engine,0.4,11.9,336.6,336.0,9319703,TRAM2,GREAT JACOMBO,Tanker,0,42.0,244.0,Combined GPS/GLONASS,15.0,EG_SUEZ,18/02/2025 18:00:00,AIS,POINT (11.457638 57.446867),626226000_1,0 days 00:01:08,3.6709463437528922e-09,336.83864525733924,0.0,0,4.54356438323757,57.446867,11.457638
2025-02-05 06:05:11,2025-02-05 06:05:11,Class A,626226000_1,57.449888,11.455157,Under way using engine,0.0,11.9,335.8,335.0,9319703,TRAM2,GREAT JACOMBO,Tanker,0,42.0,244.0,Combined GPS/GLONASS,15.0,EG_SUEZ,18/02/2025 18:00:00,AIS,POINT (11.455157 57.449888),626226000_1,0 days 00:01:00,4.464478559450489e-08,336.1612805974879,0.0,0,4.546987198789656,57.449888,11.455157
2025-02-05 06:07:12,2025-02-05 06:07:12,Class A,626226000_1,57.455963,11.450273,Under way using engine,-0.4,11.9,337.3,337.0,9319703,TRAM2,GREAT JACOMBO,Tanker,0,42.0,244.0,Combined GPS/GLONASS,15.0,EG_SUEZ,18/02/2025 18:00:00,AIS,POINT (11.450273 57.455963),626226000_1,0 days 00:02:01,-3.1823085562822993e-07,336.6126449089593,0.0,0,4.553774990579353,57.455963,11.450273
2025-02-05 06:08:02,2025-02-05 06:08:02,Class A,626226000_1,57.458527,11.448328,Under way using engine,0.0,11.9,337.6,337.0,9319703,TRAM2,GREAT JACOMBO,Tanker,0,42.0,244.0,Combined GPS/GLONASS,15.0,EG_SUEZ,18/02/2025 18:00:00,AIS,POINT (11.448328 57.458527),626226000_1,0 days 00:00:50,1.51954235912119e-06,337.80230406319424,0.0,0,4.55653278668386,57.458527,11.448328
2025-02-05 06:09:13,2025-02-05 06:09:13,Class A,626226000_1,57.462213,11.44548,Under way using engine,3.6,12.0,337.0,337.0,9319703,TRAM2,GREAT JACOMBO,Tanker,0,42.0,244.0,Combined GPS/GLONASS,15.0,EG_SUEZ,18/02/2025 18:00:00,AIS,POINT (11.44548 57.462213),626226000_1,0 days 00:01:11,1.3114425659576694e-06,337.43357967892223,0.0,0,4.560546597780248,57.462213,11.44548
2025-02-05 06:10:13,2025-02-05 06:10:13,Class A,626226000_1,57.465283,11.443087,Under way using engine,0.7,12.0,337.3,336.0,9319703,TRAM2,GREAT JACOMBO,Tanker,0,42.0,244.0,Combined GPS/GLONASS,15.0,EG_SUEZ,18/02/2025 18:00:00,AIS,POINT (11.443087 57.465283),626226000_1,0 days 00:01:00,-1.3721875156900033e-06,337.2561382093129,0.0,0,4.563910008332986,57.465283,11.443087
2025-02-05 06:11:03,2025-02-05 06:11:03,Class A,626226000_1,57.467842,11.441093,Under way using engine,4.5,12.0,336.9,336.0,9319703,TRAM2,GREAT JACOMBO,Tanker,0,42.0,244.0,Combined GPS/GLONASS,15.0,EG_SUEZ,18/02/2025 18:00:00,AIS,POINT (11.441093 57.467842),626226000_1,0 days 00:00:50,2.445530564488402e-08,337.2645723896383,0.0,0,4.566713586314012,57.467842,11.441093
2025-02-05 06:12:03,2025-02-05 06:12:03,Class A,626226000_1,57.470907,11.438682,Under way using engine,1.6,12.0,336.7,336.0,9319703,TRAM2,GREAT JACOMBO,Tanker,0,42.0,244.0,Combined GPS/GLONASS,15.0,EG_SUEZ,18/02/2025 18:00:00,AIS,POINT (11.438682 57.470907),626226000_1,0 days 00:01:00,-4.856048198228525e-08,337.07232026738063,0.0,0,4.570093372884299,57.470907,11.438682
2025-02-05 06:13:03,2025-02-05 06:13:03,Class A,626226000_1,57.473977,11.436282,Under way using engine,-3.6,12.0,337.4,336.0,9319703,TRAM2,GREAT JACOMBO,Tanker,0,42.0,244.0,Combined GPS/GLONASS,15.0,EG_SUEZ,18/02/2025 18:00:00,AIS,POINT (11.436282 57.473977),626226000_1,0 days 00:01:00,6.986373077487509e-08,337.20127650972734,0.0,0,4.573465649251231,57.473977,11.436282
2025-02-05 06:14:03,2025-02-05 06:14:03,Class A,626226000_1,57.47706,11.43392,Under way using engine,0.4,12.0,338.0,337.0,9319703,TRAM2,GREAT JACOMBO,Tanker,0,42.0,244.0,Combined GPS/GLONASS,15.0,EG_SUEZ,18/02/2025 18:00:00,AIS,POINT (11.43392 57.47706),626226000_1,0 days 00:01:00,1.262349081052686e-07,337.61319955485357,0.0,0,4.576808371921201,57.47706,11.43392
2025-02-05 06:15:03,2025-02-05 06:15:03,Class A,626226000_1,57.480152,11.431577,Under way using engine,2.2,12.0,337.5,336.0,9319703,TRAM2,GREAT JACOMBO,Tanker,0,42.0,244.0,Combined GPS/GLONASS,15.0,EG_SUEZ,18/02/2025 18:00:00,AIS,POINT (11.431577 57.480152),626226000_1,0 days 00:01:00,1.3613130628066518e-07,337.83580140742373,0.0,0,4.580137696111437,57.480152,11.431577
2025-02-05 06:16:03,2025-02-05 06:16:03,Class A,626226000_1,57.483228,11.429182,Under way using engine,2.2,12.0,336.6,335.0,9319703,TRAM2,GREAT JACOMBO,Tanker,0,42.0,244.0,Combined GPS/GLONASS,15.0,EG_SUEZ,18/02/2025 18:00:00,AIS,POINT (11.429182 57.483228),626226000_1,0 days 00:01:00,-1.2731464326048876e-07,337.2889733382342,0.0,0,4.583510106437203,57.483228,11.429182
2025-02-05 06:17:03,2025-02-05 06:17:03,Class A,626226000_1,57.48627,11.426662,Under way using engine,2.9,11.9,335.5,335.0,9319703,TRAM2,GREAT JACOMBO,Tanker,0,42.0,244.0,Combined GPS/GLONASS,15.0,EG_SUEZ,18/02/2025 18:00:00,AIS,POINT (11.426662 57.48627),626226000_1,0 days 00:01:00,-1.3956651122862377e-07,335.99831126578596,0.0,0,4.586986481924705,57.48627,11.426662
2025-02-05 06:18:00,2025-02-05 06:18:00,Class A,626226000_1,57.488703,11.424642,Under way using engine,2.2,12.0,336.0,336.0,9319703,TRAM2,GREAT JACOMBO,Tanker,0,42.0,244.0,Combined GPS/GLONASS,15.0,EG_SUEZ,18/02/2025 18:00:00,AIS,POINT (11.424642 57.488703),626226000_1,0 days 00:00:57,-1.7116811695839787e-05,335.9522104514609,0.0,0,4.589771616869078,57.488703,11.424642
2025-02-05 06:19:03,2025-02-05 06:19:03,Class A,626226000_1,57.492377,11.421692,Under way using engine,3.6,12.0,337.1,337.0,9319703,TRAM2,GREAT JACOMBO,Tanker,0,42.0,244.0,Combined GPS/GLONASS,15.0,EG_SUEZ,18/02/2025 18:00:00,AIS,POINT (11.421692 57.492377),626226000_1,0 days 00:01:03,2.9660552014185048e-05,336.6595524717909,0.0,0,4.593885300903907,57.492377,11.421692
2025-02-05 06:21:03,2025-02-05 06:21:03,Class A,626226000_1,57.498567,11.41698,Under way using engine,-5.4,12.0,335.8,332.0,9319703,TRAM2,GREAT JACOMBO,Tanker,0,42.0,244.0,Combined GPS/GLONASS,15.0,EG_SUEZ,18/02/2025 18:00:00,AIS,POINT (11.41698 57.498567),626226000_1,0 days 00:02:00,-7.227214049803476e-06,337.75457223476735,0.0,0,4.600579484624626,57.498567,11.41698
2025-02-05 06:22:02,2025-02-05 06:22:02,Class A,626226000_1,57.501472,11.414195,Under way using engine,0.4,11.9,330.7,329.0,9319703,TRAM2,GREAT JACOMBO,Tanker,0,42.0,244.0,Combined GPS/GLONASS,15.0,EG_SUEZ,18/02/2025 18:00:00,AIS,POINT (11.414195 57.501472),626226000_1,0 days 00:00:59,-6.408892573977743e-07,332.7479743204477,0.0,0,4.604253613878041,57.501472,11.414195
2025-02-05 06:23:02,2025-02-05 06:23:02,Class A,626226000_1,57.504338,11.4111,Under way using engine,-4.5,11.9,328.1,325.0,9319703,TRAM2,GREAT JACOMBO,Tanker,0,42.0,244.0,Combined GPS/GLONASS,15.0,EG_SUEZ,18/02/2025 18:00:00,AIS,POINT (11.4111 57.504338),626226000_1,0 days 00:01:00,-2.914977181348409e-07,329.8796451751627,0.0,0,4.6082007242501914,57.504338,11.4111
2025-02-05 06:24:02,2025-02-05 06:24:02,Class A,626226000_1,57.507098,11.407705,Under way using engine,-4.5,11.9,323.6,320.0,9319703,TRAM2,GREAT JACOMBO,Tanker,0,42.0,244.0,Combined GPS/GLONASS,15.0,EG_SUEZ,18/02/2025 18:00:00,AIS,POINT (11.407705 57.507098),626226000_1,0 days 00:01:00,-1.5260902068551092e-07,326.5441487596555,0.0,0,4.612386119303651,57.507098,11.407705
2025-02-05 06:26:02,2025-02-05 06:26:02,Class A,626226000_1,57.512147,11.399933,Under way using engine,-1.1,11.7,319.5,318.0,9319703,TRAM2,GREAT JACOMBO,Tanker,0,42.0,244.0,Combined GPS/GLONASS,15.0,EG_SUEZ,18/02/2025 18:00:00,AIS,POINT (11.399933 57.512147),626226000_1,0 days 00:02:00,-4.922509313567319e-07,320.4174583588559,0.0,0,4.621489212413027,57.512147,11.399933
2025-02-05 06:27:02,2025-02-05 06:27:02,Class A,626226000_1,57.514612,11.39591,Under way using engine,-0.4,11.8,318.2,317.0,9319703,TRAM2,GREAT JACOMBO,Tanker,0,42.0,244.0,Combined GPS/GLONASS,15.0,EG_SUEZ,18/02/2025 18:00:00,AIS,POINT (11.39591 57.514612),626226000_1,0 days 00:01:00,7.559064983428224e-08,318.7646151048476,0.0,0,4.626145358529495,57.514612,11.39591
2025-02-05 06:28:02,2025-02-05 06:28:02,Class A,626226000_1,57.517065,11.391855,Under way using engine,4.5,11.8,318.5,318.0,9319703,TRAM2,GREAT JACOMBO,Tanker,0,42.0,244.0,Combined GPS/GLONASS,15.0,EG_SUEZ,18/02/2025 18:00:00,AIS,POINT (11.391855 57.517065),626226000_1,0 days 00:01:00,7.168155956371764e-08,318.40263600362414,0.0,0,4.6308267184875325,57.517065,11.391855
2025-02-05 06:29:02,2025-02-05 06:29:02,Class A,626226000_1,57.51955,11.387847,Under way using engine,5.4,11.8,319.3,319.0,9319703,TRAM2,GREAT JACOMBO,Tanker,0,42.0,244.0,Combined GPS/GLONASS,15.0,EG_SUEZ,18/02/2025 18:00:00,AIS,POINT (11.387847 57.51955),626226000_1,0 days 00:01:00,2.2429640300866172e-07,319.1037705405062,0.0,0,4.635476789732098,57.51955,11.387847
2025-02-05 06:30:11,2025-02-05 06:30:11,Class A,626226000_1,57.52243,11.383263,Under way using engine,3.6,11.9,319.2,318.0,9319703,TRAM2,GREAT JACOMBO,Tanker,0,42.0,244.0,Combined GPS/GLONASS,15.0,EG_SUEZ,18/02/2025 18:00:00,AIS,POINT (11.383263 57.52243),626226000_1,0 days 00:01:09,1.8435869027154503e-07,319.4810898574434,0.0,0,4.640809628809288,57.52243,11.383263
2025-02-05 06:31:13,2025-02-05 06:31:13,Class A,626226000_1,57.525012,11.379113,Under way using engine,2.2,11.9,318.7,318.0,9319703,TRAM2,GREAT JACOMBO,Tanker,0,42.0,244.0,Combined GPS/GLONASS,15.0,EG_SUEZ,18/02/2025 18:00:00,AIS,POINT (11.379113 57.525012),626226000_1,0 days 00:01:02,1.8456590961172164e-07,319.20656379778256,0.0,0,4.6456281422133845,57.525012,11.379113
2025-02-05 06:34:03,2025-02-05 06:34:03,Class A,626226000_1,57.532038,11.367763,Under way using engine,-2.9,11.9,319.6,319.0,9319703,TRAM2,GREAT JACOMBO,Tanker,0,42.0,244.0,Combined GPS/GLONASS,15.0,EG_SUEZ,18/02/2025 18:00:00,AIS,POINT (11.367763 57.532038),626226000_1,0 days 00:02:50,-1.9773806471097514e-07,319.0699943142409,0.0,0,4.658793723937667,57.532038,11.367763
2025-02-05 06:35:03,2025-02-05 06:35:03,Class A,626226000_1,57.534553,11.36376,Under way using engine,-0.4,11.9,319.1,318.0,9319703,TRAM2,GREAT JACOMBO,Tanker,0,42.0,244.0,Combined GPS/GLONASS,15.0,EG_SUEZ,18/02/2025 18:00:00,AIS,POINT (11.36376 57.534553),626226000_1,0 days 00:01:00,7.884682100124171e-07,319.49068937217993,0.0,0,4.663451340919622,57.534553,11.36376
2025-02-05 06:36:01,2025-02-05 06:36:01,Class A,626226000_1,57.53667,11.360315,Under way using engine,-4.5,11.9,318.6,318.0,9319703,TRAM2,GREAT JACOMBO,Tanker,0,42.0,244.0,Combined GPS/GLONASS,15.0,EG_SUEZ,18/02/2025 18:00:00,AIS,POINT (11.360315 57.53667),626226000_1,0 days 00:00:58,-1.2814459136490966e-05,318.8643720371348,0.0,0,4.667441833526477,57.53667,11.360315
2025-02-05 06:37:03,2025-02-05 06:37:03,Class A,626226000_1,57.53957,11.355583,Under way using engine,6.4,11.9,318.9,318.0,9319703,TRAM2,GREAT JACOMBO,Tanker,0,42.0,244.0,Combined GPS/GLONASS,15.0,EG_SUEZ,18/02/2025 18:00:00,AIS,POINT (11.355583 57.53957),626226000_1,0 days 00:01:02,2.4653568628074537e-05,318.7898307955019,0.0,0,4.672920272537184,57.53957,11.355583
2025-02-05 06:38:03,2025-02-05 06:38:03,Class A,626226000_1,57.54207,11.351545,Under way using engine,-1.1,11.9,318.9,318.0,9319703,TRAM2,GREAT JACOMBO,Tanker,0,42.0,244.0,Combined GPS/GLONASS,15.0,EG_SUEZ,18/02/2025 18:00:00,AIS,POINT (11.351545 57.54207),626226000_1,0 days 00:01:00,-1.306813534073177e-05,319.0804853408566,0.0,0,4.6776049820899805,57.54207,11.351545
2025-02-05 06:39:03,2025-02-05 06:39:03,Class A,626226000_1,57.544567,11.347503,Under way using engine,0.4,11.9,318.7,318.0,9319703,TRAM2,GREAT JACOMBO,Tanker,0,42.0,244.0,Combined GPS/GLONASS,15.0,EG_SUEZ,18/02/2025 18:00:00,AIS,POINT (11.347503 57.544567),626226000_1,0 days 00:01:00,-2.937088633877168e-08,319.0202949887687,0.0,0,4.682292382695682,57.544567,11.347503
2025-02-05 06:40:03,2025-02-05 06:40:03,Class A,626226000_1,57.547045,11.343422,Under way using engine,-0.7,11.9,318.6,318.0,9319703,TRAM2,GREAT JACOMBO,Tanker,0,42.0,244.0,Combined GPS/GLONASS,15.0,EG_SUEZ,18/02/2025 18:00:00,AIS,POINT (11.343422 57.547045),626226000_1,0 days 00:01:00,-1.6739869240344624e-08,318.53262893228646,0.0,0,4.687008768742062,57.547045,11.343422
2025-02-05 06:41:03,2025-02-05 06:41:03,Class A,626226000_1,57.549532,11.339352,Under way using engine,5.4,11.9,318.4,318.0,9319703,TRAM2,GREAT JACOMBO,Tanker,0,42.0,244.0,Combined GPS/GLONASS,15.0,EG_SUEZ,18/02/2025 18:00:00,AIS,POINT (11.339352 57.549532),626226000_1,0 days 00:01:00,8.464097246858408e-08,318.7142962138412,0.0,0,4.691718518220801,57.549532,11.339352
2025-02-05 06:42:03,2025-02-05 06:42:03,Class A,626226000_1,57.55203,11.335298,Under way using engine,0.4,11.9,319.0,319.0,9319703,TRAM2,GREAT JACOMBO,Tanker,0,42.0,244.0,Combined GPS/GLONASS,15.0,EG_SUEZ,18/02/2025 18:00:00,AIS,POINT (11.335298 57.55203),626226000_1,0 days 00:01:00,7.757692941855245e-08,318.9533665870523,0.0,0,4.696417772752335,57.55203,11.335298
2025-02-05 06:43:03,2025-02-05 06:43:03,Class A,626226000_1,57.55455,11.331283,Under way using engine,-1.1,12.0,319.8,319.0,9319703,TRAM2,GREAT JACOMBO,Tanker,0,42.0,244.0,Combined GPS/GLONASS,15.0,EG_SUEZ,18/02/2025 18:00:00,AIS,POINT (11.331283 57.55455),626226000_1,0 days 00:01:00,8.774279658061342e-08,319.4777207250884,0.0,0,4.701089452942688,57.55455,11.331283
2025-02-05 06:44:03,2025-02-05 06:44:03,Class A,626226000_1,57.557112,11.327338,Under way using engine,-12.9,12.0,320.3,315.0,9319703,TRAM2,GREAT JACOMBO,Tanker,0,42.0,244.0,Combined GPS/GLONASS,15.0,EG_SUEZ,18/02/2025 18:00:00,AIS,POINT (11.327338 57.557112),626226000_1,0 days 00:01:00,2.4125810863049e-07,320.44240808216426,0.0,0,4.705712519704108,57.557112,11.327338
2025-02-05 06:45:01,2025-02-05 06:45:01,Class A,626226000_1,57.559423,11.323228,Under way using engine,-10.0,11.9,312.3,305.0,9319703,TRAM2,GREAT JACOMBO,Tanker,0,42.0,244.0,Combined GPS/GLONASS,15.0,EG_SUEZ,18/02/2025 18:00:00,AIS,POINT (11.323228 57.559423),626226000_1,0 days 00:00:58,-5.922110373586747e-07,316.3492581952941,0.0,0,4.710392769464241,57.559423,11.323228
2025-02-05 06:46:22,2025-02-05 06:46:22,Class A,626226000_1,57.561927,11.316617,Under way using engine,-7.5,11.1,293.3,283.0,9319703,TRAM2,GREAT JACOMBO,Tanker,0,42.0,244.0,Combined GPS/GLONASS,15.0,EG_SUEZ,18/02/2025 18:00:00,AIS,POINT (11.316617 57.561927),626226000_1,0 days 00:01:21,-2.0027314360321284e-06,305.22915172727437,0.0,0,4.7174592375966515,57.561927,11.316617
2025-02-05 06:47:13,2025-02-05 06:47:13,Class A,626226000_1,57.562725,11.312137,Under way using engine,-2.2,10.6,281.1,272.0,9319703,TRAM2,GREAT JACOMBO,Tanker,0,42.0,244.0,Combined GPS/GLONASS,15.0,EG_SUEZ,18/02/2025 18:00:00,AIS,POINT (11.312137 57.562725),626226000_1,0 days 00:00:51,-8.580366331919046e-06,288.3725042095124,0.0,0,4.7219058674533105,57.562725,11.312137
2025-02-05 06:49:01,2025-02-05 06:49:01,Class A,626226000_1,57.563218,11.302322,Under way using engine,4.5,10.5,274.7,275.0,9319703,TRAM2,GREAT JACOMBO,Tanker,0,42.0,244.0,Combined GPS/GLONASS,15.0,EG_SUEZ,18/02/2025 18:00:00,AIS,POINT (11.302322 57.563218),626226000_1,0 days 00:01:48,-7.028993700937046e-07,275.3540722734716,0.0,0,4.7311715561488565,57.563218,11.302322
2025-02-05 06:50:01,2025-02-05 06:50:01,Class A,626226000_1,57.563608,11.296855,Under way using engine,4.5,10.8,279.9,279.0,9319703,TRAM2,GREAT JACOMBO,Tanker,0,42.0,244.0,Combined GPS/GLONASS,15.0,EG_SUEZ,18/02/2025 18:00:00,AIS,POINT (11.296855 57.563608),626226000_1,0 days 00:01:00,6.375281174401052e-07,277.578232502235,0.0,0,4.736377355845393,57.563608,11.296855
2025-02-05 06:51:01,2025-02-05 06:51:01,Class A,626226000_1,57.564233,11.29135,Under way using engine,0.0,11.0,281.7,280.0,9319703,TRAM2,GREAT JACOMBO,Tanker,0,42.0,244.0,Combined GPS/GLONASS,15.0,EG_SUEZ,18/02/2025 18:00:00,AIS,POINT (11.29135 57.564233),626226000_1,0 days 00:01:00,1.8533131324405752e-06,281.95393635441116,0.0,0,4.741708036619822,57.564233,11.29135
2025-02-05 06:52:12,2025-02-05 06:52:12,Class A,626226000_1,57.56501,11.284748,Under way using engine,-2.9,11.1,281.7,278.0,9319703,TRAM2,GREAT JACOMBO,Tanker,0,42.0,244.0,Combined GPS/GLONASS,15.0,EG_SUEZ,18/02/2025 18:00:00,AIS,POINT (11.284748 57.56501),626226000_1,0 days 00:01:11,1.1909171408039626e-06,282.3791271823901,0.0,0,4.748112013253689,57.56501,11.284748
2025-02-05 06:53:11,2025-02-05 06:53:11,Class A,626226000_1,57.565565,11.279187,Under way using engine,-0.4,11.1,279.4,276.0,9319703,TRAM2,GREAT JACOMBO,Tanker,0,42.0,244.0,Combined GPS/GLONASS,15.0,EG_SUEZ,18/02/2025 18:00:00,AIS,POINT (11.279187 57.565565),626226000_1,0 days 00:00:59,6.841405308912301e-07,280.54342382486163,0.0,0,4.753469077519069,57.565565,11.279187
2025-02-05 06:54:01,2025-02-05 06:54:01,Class A,626226000_1,57.565827,11.276248,Under way using engine,-1.1,11.1,279.1,276.0,9319703,TRAM2,GREAT JACOMBO,Tanker,0,42.0,244.0,Combined GPS/GLONASS,15.0,EG_SUEZ,18/02/2025 18:00:00,AIS,POINT (11.276248 57.565827),626226000_1,0 days 00:00:50,-4.342949877633732e-05,279.4383304398024,0.0,0,4.756288663309344,57.565827,11.276248
2025-02-05 06:55:03,2025-02-05 06:55:03,Class A,626226000_1,57.566515,11.268617,Under way using engine,-2.9,11.3,280.0,277.0,9319703,TRAM2,GREAT JACOMBO,Tanker,0,42.0,244.0,Combined GPS/GLONASS,15.0,EG_SUEZ,18/02/2025 18:00:00,AIS,POINT (11.268617 57.566515),626226000_1,0 days 00:01:02,6.295143564513172e-05,279.54566671757595,0.0,0,4.763613270257148,57.566515,11.268617
2025-02-05 06:56:02,2025-02-05 06:56:02,Class A,626226000_1,57.567057,11.26285,Under way using engine,0.0,11.4,280.2,277.0,9319703,TRAM2,GREAT JACOMBO,Tanker,0,42.0,244.0,Combined GPS/GLONASS,15.0,EG_SUEZ,18/02/2025 18:00:00,AIS,POINT (11.26285 57.567057),626226000_1,0 days 00:00:59,-2.593996693878003e-05,279.94191362271874,0.0,0,4.769157749637664,57.567057,11.26285
2025-02-05 06:57:02,2025-02-05 06:57:02,Class A,626226000_1,57.567602,11.25705,Under way using engine,4.5,11.4,279.8,278.0,9319703,TRAM2,GREAT JACOMBO,Tanker,0,42.0,244.0,Combined GPS/GLONASS,15.0,EG_SUEZ,18/02/2025 18:00:00,AIS,POINT (11.25705 57.567602),626226000_1,0 days 00:01:00,-1.0946074014756377e-06,279.94026017542046,0.0,0,4.774734511185308,57.567602,11.25705
2025-02-05 06:58:02,2025-02-05 06:58:02,Class A,626226000_1,57.568178,11.251233,Under way using engine,-0.4,11.4,281.2,280.0,9319703,TRAM2,GREAT JACOMBO,Tanker,0,42.0,244.0,Combined GPS/GLONASS,15.0,EG_SUEZ,18/02/2025 18:00:00,AIS,POINT (11.251233 57.568178),626226000_1,0 days 00:01:00,4.461921115867194e-07,280.4634903013148,0.0,0,4.7803392968576,57.568178,11.251233
2025-02-05 06:59:02,2025-02-05 06:59:02,Class A,626226000_1,57.568833,11.245408,Under way using engine,1.6,11.5,282.3,280.0,9319703,TRAM2,GREAT JACOMBO,Tanker,0,42.0,244.0,Combined GPS/GLONASS,15.0,EG_SUEZ,18/02/2025 18:00:00,AIS,POINT (11.245408 57.568833),626226000_1,0 days 00:01:00,6.007134318433115e-07,281.84435786122697,0.0,0,4.7859818213132606,57.568833,11.245408
2025-02-05 07:00:00,2025-02-05 07:00:00,Class A,626226000_1,57.569398,11.240543,Under way using engine,0.4,11.5,281.9,279.0,9319703,TRAM2,GREAT JACOMBO,Tanker,0,42.0,244.0,Combined GPS/GLONASS,15.0,EG_SUEZ,18/02/2025 18:00:00,AIS,POINT (11.240543 57.569398),626226000_1,0 days 00:00:58,-1.3796378796926483e-05,282.221181760849,0.0,0,4.790701577464515,57.569398,11.240543
2025-02-05 07:01:02,2025-02-05 07:01:02,Class A,626226000_1,57.570148,11.233707,Under way using engine,-5.4,11.6,281.5,279.0,9319703,TRAM2,GREAT JACOMBO,Tanker,0,42.0,244.0,Combined GPS/GLONASS,15.0,EG_SUEZ,18/02/2025 18:00:00,AIS,POINT (11.233707 57.570148),626226000_1,0 days 00:01:02,2.5784813933626738e-05,281.5651950058525,0.0,0,4.797317584700537,57.570148,11.233707
2025-02-05 07:02:02,2025-02-05 07:02:02,Class A,626226000_1,57.57076,11.227833,Under way using engine,0.0,11.6,281.0,279.0,9319703,TRAM2,GREAT JACOMBO,Tanker,0,42.0,244.0,Combined GPS/GLONASS,15.0,EG_SUEZ,18/02/2025 18:00:00,AIS,POINT (11.227833 57.57076),626226000_1,0 days 00:01:00,-1.2777305721973561e-05,280.9972436932932,0.0,0,4.802990943113363,57.57076,11.227833
2025-02-05 07:03:02,2025-02-05 07:03:02,Class A,626226000_1,57.57139,11.221957,Under way using engine,2.9,11.6,281.4,279.0,9319703,TRAM2,GREAT JACOMBO,Tanker,0,42.0,244.0,Combined GPS/GLONASS,15.0,EG_SUEZ,18/02/2025 18:00:00,AIS,POINT (11.221957 57.57139),626226000_1,0 days 00:01:00,1.3847554733360512e-07,281.30883688910404,0.0,0,4.808673471599523,57.57139,11.221957
2025-02-05 07:04:02,2025-02-05 07:04:02,Class A,626226000_1,57.572025,11.216063,Under way using engine,3.6,11.6,281.3,279.0,9319703,TRAM2,GREAT JACOMBO,Tanker,0,42.0,244.0,Combined GPS/GLONASS,15.0,EG_SUEZ,18/02/2025 18:00:00,AIS,POINT (11.216063 57.572025),626226000_1,0 days 00:01:00,3.220541965761869e-07,281.36254169027944,0.0,0,4.814375108338981,57.572025,11.216063
2025-02-05 07:05:02,2025-02-05 07:05:02,Class A,626226000_1,57.57266,11.210158,Under way using engine,0.4,11.6,281.8,279.0,9319703,TRAM2,GREAT JACOMBO,Tanker,0,42.0,244.0,Combined GPS/GLONASS,15.0,EG_SUEZ,18/02/2025 18:00:00,AIS,POINT (11.210158 57.57266),626226000_1,0 days 00:01:00,1.7759863708257407e-07,281.34212597811484,0.0,0,4.820087489911775,57.57266,11.210158
2025-02-05 07:06:02,2025-02-05 07:06:02,Class A,626226000_1,57.573297,11.204243,Under way using engine,-1.6,11.7,281.3,279.0,9319703,TRAM2,GREAT JACOMBO,Tanker,0,42.0,244.0,Combined GPS/GLONASS,15.0,EG_SUEZ,18/02/2025 18:00:00,AIS,POINT (11.204243 57.573297),626226000_1,0 days 00:01:00,1.73445423372158e-07,281.3583795057368,0.0,0,4.825810440148886,57.573297,11.204243
2025-02-05 07:09:03,2025-02-05 07:09:03,Class A,626226000_1,57.575177,11.186438,Under way using engine,0.7,11.7,282.0,283.0,9319703,TRAM2,GREAT JACOMBO,Tanker,0,42.0,244.0,Combined GPS/GLONASS,15.0,EG_SUEZ,18/02/2025 18:00:00,AIS,POINT (11.186438 57.575177),626226000_1,0 days 00:03:01,-9.776541758023528e-08,281.1475145223335,0.0,0,4.84302664227908,57.575177,11.186438
2025-02-05 07:10:03,2025-02-05 07:10:03,Class A,626226000_1,57.576023,11.180567,Under way using engine,4.5,11.8,286.2,286.0,9319703,TRAM2,GREAT JACOMBO,Tanker,0,42.0,244.0,Combined GPS/GLONASS,15.0,EG_SUEZ,18/02/2025 18:00:00,AIS,POINT (11.180567 57.576023),626226000_1,0 days 00:01:00,1.0500709707843367e-06,285.04508305103116,0.0,0,4.848788961862745,57.576023,11.180567
2025-02-05 07:11:03,2025-02-05 07:11:03,Class A,626226000_1,57.576992,11.174733,Under way using engine,5.4,11.7,285.5,286.0,9319703,TRAM2,GREAT JACOMBO,Tanker,0,42.0,244.0,Combined GPS/GLONASS,15.0,EG_SUEZ,18/02/2025 18:00:00,AIS,POINT (11.174733 57.576992),626226000_1,0 days 00:01:00,4.6202479080331066e-07,287.214363598327,0.0,0,4.85456323340473,57.576992,11.174733
2025-02-05 07:12:01,2025-02-05 07:12:01,Class A,626226000_1,57.577807,11.169782,Under way using engine,1.6,11.8,288.1,289.0,9319703,TRAM2,GREAT JACOMBO,Tanker,0,42.0,244.0,Combined GPS/GLONASS,15.0,EG_SUEZ,18/02/2025 18:00:00,AIS,POINT (11.169782 57.577807),626226000_1,0 days 00:00:58,-1.2891157148936268e-05,287.06976241237476,0.0,0,4.859461073275615,57.577807,11.169782
2025-02-05 07:13:02,2025-02-05 07:13:02,Class A,626226000_1,57.579087,11.163283,Under way using engine,5.4,11.8,291.8,294.0,9319703,TRAM2,GREAT JACOMBO,Tanker,0,42.0,244.0,Combined GPS/GLONASS,15.0,EG_SUEZ,18/02/2025 18:00:00,AIS,POINT (11.163283 57.579087),626226000_1,0 days 00:01:01,2.3728202058327576e-05,290.1736209420608,0.0,0,4.865968956626213,57.579087,11.163283
2025-02-05 07:14:02,2025-02-05 07:14:02,Class A,626226000_1,57.580438,11.157717,Under way using engine,6.4,11.8,296.4,299.0,9319703,TRAM2,GREAT JACOMBO,Tanker,0,42.0,244.0,Combined GPS/GLONASS,15.0,EG_SUEZ,18/02/2025 18:00:00,AIS,POINT (11.157717 57.580438),626226000_1,0 days 00:01:00,-1.164842559275889e-05,294.36037672727264,0.0,0,4.871637672768471,57.580438,11.157717
2025-02-05 07:15:02,2025-02-05 07:15:02,Class A,626226000_1,57.582073,11.152422,Under way using engine,-3.6,11.8,302.6,302.0,9319703,TRAM2,GREAT JACOMBO,Tanker,0,42.0,244.0,Combined GPS/GLONASS,15.0,EG_SUEZ,18/02/2025 18:00:00,AIS,POINT (11.152422 57.582073),626226000_1,0 days 00:01:00,-9.05103065811791e-09,299.9430977887042,0.0,0,4.877160723135645,57.582073,11.152422
2025-02-05 07:16:02,2025-02-05 07:16:02,Class A,626226000_1,57.583853,11.147273,Under way using engine,-3.6,11.8,302.3,300.0,9319703,TRAM2,GREAT JACOMBO,Tanker,0,42.0,244.0,Combined GPS/GLONASS,15.0,EG_SUEZ,18/02/2025 18:00:00,AIS,POINT (11.147273 57.583853),626226000_1,0 days 00:01:00,2.567204022996608e-07,302.818753906358,0.0,0,4.882602278570925,57.583853,11.147273
2025-02-05 07:17:02,2025-02-05 07:17:02,Class A,626226000_1,57.585555,11.142052,Under way using engine,-2.9,11.8,300.5,299.0,9319703,TRAM2,GREAT JACOMBO,Tanker,0,42.0,244.0,Combined GPS/GLONASS,15.0,EG_SUEZ,18/02/2025 18:00:00,AIS,POINT (11.142052 57.585555),626226000_1,0 days 00:01:00,-2.6816879857920714e-07,301.30738146609923,0.0,0,4.8880816460207575,57.585555,11.142052
2025-02-05 07:18:00,2025-02-05 07:18:00,Class A,626226000_1,57.586988,11.137488,Under way using engine,-3.6,11.8,300.3,299.0,9319703,TRAM2,GREAT JACOMBO,Tanker,0,42.0,244.0,Combined GPS/GLONASS,15.0,EG_SUEZ,18/02/2025 18:00:00,AIS,POINT (11.137488 57.586988),626226000_1,0 days 00:00:58,-1.0977738491562924e-05,300.3615597592085,0.0,0,4.892851123013656,57.586988,11.137488
2025-02-05 07:19:02,2025-02-05 07:19:02,Class A,626226000_1,57.588902,11.131448,Under way using engine,4.5,11.8,300.8,300.0,9319703,TRAM2,GREAT JACOMBO,Tanker,0,42.0,244.0,Combined GPS/GLONASS,15.0,EG_SUEZ,18/02/2025 18:00:00,AIS,POINT (11.131448 57.588902),626226000_1,0 days 00:01:02,2.1184445674365514e-05,300.5942555597903,0.0,0,4.899169629039188,57.588902,11.131448
2025-02-05 07:20:02,2025-02-05 07:20:02,Class A,626226000_1,57.590588,11.126217,Under way using engine,2.2,11.8,301.0,300.0,9319703,TRAM2,GREAT JACOMBO,Tanker,0,42.0,244.0,Combined GPS/GLONASS,15.0,EG_SUEZ,18/02/2025 18:00:00,AIS,POINT (11.126217 57.590588),626226000_1,0 days 00:01:00,-1.1402571914719877e-05,301.0227263472304,0.0,0,4.904652417148128,57.590588,11.126217
2025-02-05 07:21:02,2025-02-05 07:21:02,Class A,626226000_1,57.592288,11.121007,Under way using engine,1.6,11.8,301.0,300.0,9319703,TRAM2,GREAT JACOMBO,Tanker,0,42.0,244.0,Combined GPS/GLONASS,15.0,EG_SUEZ,18/02/2025 18:00:00,AIS,POINT (11.121007 57.592288),626226000_1,0 days 00:01:00,-7.818370234247199e-08,301.3358332277857,0.0,0,4.910120946937764,57.592288,11.121007
2025-02-05 07:22:02,2025-02-05 07:22:02,Class A,626226000_1,57.59396,11.115777,Under way using engine,-4.5,11.7,300.6,299.0,9319703,TRAM2,GREAT JACOMBO,Tanker,0,42.0,244.0,Combined GPS/GLONASS,15.0,EG_SUEZ,18/02/2025 18:00:00,AIS,POINT (11.115777 57.59396),626226000_1,0 days 00:01:00,-1.6520021995144323e-07,300.8193053362636,0.0,0,4.915597658926634,57.59396,11.115777
2025-02-05 07:23:02,2025-02-05 07:23:02,Class A,626226000_1,57.595608,11.110535,Under way using engine,3.6,11.7,300.4,300.0,9319703,TRAM2,GREAT JACOMBO,Tanker,0,42.0,244.0,Combined GPS/GLONASS,15.0,EG_SUEZ,18/02/2025 18:00:00,AIS,POINT (11.110535 57.595608),626226000_1,0 days 00:01:00,-2.0924586245682787e-07,300.39990738520777,0.0,0,4.921076621115037,57.595608,11.110535
2025-02-05 07:24:02,2025-02-05 07:24:02,Class A,626226000_1,57.597277,11.105317,Under way using engine,3.6,11.7,300.7,299.0,9319703,TRAM2,GREAT JACOMBO,Tanker,0,42.0,244.0,Combined GPS/GLONASS,15.0,EG_SUEZ,18/02/2025 18:00:00,AIS,POINT (11.105317 57.597277),626226000_1,0 days 00:01:00,-1.627896116318875e-08,300.83423751600117,0.0,0,4.926541142321456,57.597277,11.105317
2025-02-05 07:25:02,2025-02-05 07:25:02,Class A,626226000_1,57.598938,11.100097,Under way using engine,2.2,11.7,300.5,300.0,9319703,TRAM2,GREAT JACOMBO,Tanker,0,42.0,244.0,Combined GPS/GLONASS,15.0,EG_SUEZ,18/02/2025 18:00:00,AIS,POINT (11.100097 57.598938),626226000_1,0 days 00:01:00,-1.0126359758456591e-07,300.7047337635238,0.0,0,4.932004578624901,57.598938,11.100097
2025-02-05 07:26:02,2025-02-05 07:26:02,Class A,626226000_1,57.600623,11.094905,Under way using engine,-5.4,11.7,301.1,300.0,9319703,TRAM2,GREAT JACOMBO,Tanker,0,42.0,244.0,Combined GPS/GLONASS,15.0,EG_SUEZ,18/02/2025 18:00:00,AIS,POINT (11.094905 57.600623),626226000_1,0 days 00:01:00,-2.1102905025724195e-08,301.20434713336095,0.0,0,4.93745096672058,57.600623,11.094905
2025-02-05 07:27:02,2025-02-05 07:27:02,Class A,626226000_1,57.602285,11.089813,Under way using engine,2.9,11.7,301.1,299.0,9319703,TRAM2,GREAT JACOMBO,Tanker,0,42.0,244.0,Combined GPS/GLONASS,15.0,EG_SUEZ,18/02/2025 18:00:00,AIS,POINT (11.089813 57.602285),626226000_1,0 days 00:01:00,-1.7924405519018864e-06,301.3504965022071,0.0,0,4.942795992771097,57.602285,11.089813
2025-02-05 07:28:02,2025-02-05 07:28:02,Class A,626226000_1,57.603937,11.08461,Under way using engine,-0.2,11.6,300.2,299.0,9319703,TRAM2,GREAT JACOMBO,Tanker,0,42.0,244.0,Combined GPS/GLONASS,15.0,EG_SUEZ,18/02/2025 18:00:00,AIS,POINT (11.08461 57.603937),626226000_1,0 days 00:01:00,1.4185343849516604e-06,300.653601166833,0.0,0,4.9482403918129325,57.603937,11.08461
2025-02-05 07:29:02,2025-02-05 07:29:02,Class A,626226000_1,57.60557,11.079407,Under way using engine,4.5,11.6,300.6,300.0,9319703,TRAM2,GREAT JACOMBO,Tanker,0,42.0,244.0,Combined GPS/GLONASS,15.0,EG_SUEZ,18/02/2025 18:00:00,AIS,POINT (11.079407 57.60557),626226000_1,0 days 00:01:00,-3.013125538850354e-07,300.364851488812,0.0,0,4.953677768541773,57.60557,11.079407
2025-02-05 07:30:02,2025-02-05 07:30:02,Class A,626226000_1,57.60725,11.074257,Under way using engine,-3.6,11.6,301.9,300.0,9319703,TRAM2,GREAT JACOMBO,Tanker,0,42.0,244.0,Combined GPS/GLONASS,15.0,EG_SUEZ,18/02/2025 18:00:00,AIS,POINT (11.074257 57.60725),626226000_1,0 days 00:01:00,-1.4781250389818423e-08,301.339891175934,0.0,0,4.959083413860369,57.60725,11.074257
2025-02-05 07:31:02,2025-02-05 07:31:02,Class A,626226000_1,57.608967,11.06915,Under way using engine,-2.2,11.6,302.5,300.0,9319703,TRAM2,GREAT JACOMBO,Tanker,0,42.0,244.0,Combined GPS/GLONASS,15.0,EG_SUEZ,18/02/2025 18:00:00,AIS,POINT (11.06915 57.608967),626226000_1,0 days 00:01:00,-9.975756883239562e-09,302.1141779040189,0.0,0,4.9644628882819735,57.608967,11.06915
2025-02-05 07:33:02,2025-02-05 07:33:02,Class A,626226000_1,57.61209,11.058703,Under way using engine,-2.9,11.4,296.1,293.0,9319703,TRAM2,GREAT JACOMBO,Tanker,0,42.0,244.0,Combined GPS/GLONASS,15.0,EG_SUEZ,18/02/2025 18:00:00,AIS,POINT (11.058703 57.61209),626226000_1,0 days 00:02:00,-3.940013250013953e-07,299.1685968759474,0.0,0,4.975322877664223,57.61209,11.058703
2025-02-05 07:34:02,2025-02-05 07:34:02,Class A,626226000_1,57.613455,11.05325,Under way using engine,-2.2,11.4,294.7,293.0,9319703,TRAM2,GREAT JACOMBO,Tanker,0,42.0,244.0,Combined GPS/GLONASS,15.0,EG_SUEZ,18/02/2025 18:00:00,AIS,POINT (11.05325 57.613455),626226000_1,0 days 00:01:00,6.232109005180429e-07,295.05048122328714,0.0,0,4.980893204050154,57.613455,11.05325
2025-02-05 07:35:02,2025-02-05 07:35:02,Class A,626226000_1,57.614787,11.047887,Under way using engine,0.4,11.4,294.9,294.0,9319703,TRAM2,GREAT JACOMBO,Tanker,0,42.0,244.0,Combined GPS/GLONASS,15.0,EG_SUEZ,18/02/2025 18:00:00,AIS,POINT (11.047887 57.614787),626226000_1,0 days 00:01:00,-1.7882765241564007e-06,294.87960106522473,0.0,0,4.986367823872002,57.614787,11.047887
2025-02-05 07:36:02,2025-02-05 07:36:02,Class A,626226000_1,57.61616,11.042558,Under way using engine,2.9,11.4,295.5,295.0,9319703,TRAM2,GREAT JACOMBO,Tanker,0,42.0,244.0,Combined GPS/GLONASS,15.0,EG_SUEZ,18/02/2025 18:00:00,AIS,POINT (11.042558 57.61616),626226000_1,0 days 00:01:00,2.732432533326945e-08,295.69187540681423,0.0,0,4.99182617029119,57.61616,11.042558
2025-02-05 07:37:02,2025-02-05 07:37:02,Class A,626226000_1,57.617555,11.037252,Under way using engine,0.7,11.4,296.0,294.0,9319703,TRAM2,GREAT JACOMBO,Tanker,0,42.0,244.0,Combined GPS/GLONASS,15.0,EG_SUEZ,18/02/2025 18:00:00,AIS,POINT (11.037252 57.617555),626226000_1,0 days 00:01:00,-4.9553387475960096e-08,296.148187702882,0.0,0,4.9972714006510595,57.617555,11.037252
2025-02-05 07:38:02,2025-02-05 07:38:02,Class A,626226000_1,57.61894,11.031945,Under way using engine,-0.4,11.4,295.7,295.0,9319703,TRAM2,GREAT JACOMBO,Tanker,0,42.0,244.0,Combined GPS/GLONASS,15.0,EG_SUEZ,18/02/2025 18:00:00,AIS,POINT (11.031945 57.61894),626226000_1,0 days 00:01:00,-1.2380985353364787e-07,295.9821043579815,0.0,0,5.0027139465387185,57.61894,11.031945
2025-02-05 07:39:02,2025-02-05 07:39:02,Class A,626226000_1,57.620328,11.026643,Under way using engine,-1.6,11.4,295.8,295.0,9319703,TRAM2,GREAT JACOMBO,Tanker,0,42.0,244.0,Combined GPS/GLONASS,15.0,EG_SUEZ,18/02/2025 18:00:00,AIS,POINT (11.026643 57.620328),626226000_1,0 days 00:01:00,-3.698451027262887e-08,296.0531180884822,0.0,0,5.0081530502951885,57.620328,11.026643
2025-02-05 07:40:02,2025-02-05 07:40:02,Class A,626226000_1,57.621735,11.021363,Under way using engine,0.0,11.4,296.7,295.0,9319703,TRAM2,GREAT JACOMBO,Tanker,0,42.0,244.0,Combined GPS/GLONASS,15.0,EG_SUEZ,18/02/2025 18:00:00,AIS,POINT (11.021363 57.621735),626226000_1,0 days 00:01:00,-7.106188761036962e-08,296.4575185783138,0.0,0,5.013578837751932,57.621735,11.021363
2025-02-05 07:41:02,2025-02-05 07:41:02,Class A,626226000_1,57.623168,11.016118,Under way using engine,-3.6,11.3,297.2,295.0,9319703,TRAM2,GREAT JACOMBO,Tanker,0,42.0,244.0,Combined GPS/GLONASS,15.0,EG_SUEZ,18/02/2025 18:00:00,AIS,POINT (11.016118 57.623168),626226000_1,0 days 00:01:00,-1.606632172227966e-07,297.0331080373618,0.0,0,5.018981810689892,57.623168,11.016118
2025-02-05 07:42:00,2025-02-05 07:42:00,Class A,626226000_1,57.624355,11.01175,Under way using engine,-1.6,11.3,295.8,294.0,9319703,TRAM2,GREAT JACOMBO,Tanker,0,42.0,244.0,Combined GPS/GLONASS,15.0,EG_SUEZ,18/02/2025 18:00:00,AIS,POINT (11.01175 57.624355),626226000_1,0 days 00:00:58,-1.4094722405469552e-05,296.90918822178116,0.0,0,5.023479061522304,57.624355,11.01175
2025-02-05 07:43:02,2025-02-05 07:43:02,Class A,626226000_1,57.625937,11.005702,Under way using engine,2.9,11.3,296.0,294.0,9319703,TRAM2,GREAT JACOMBO,Tanker,0,42.0,244.0,Combined GPS/GLONASS,15.0,EG_SUEZ,18/02/2025 18:00:00,AIS,POINT (11.005702 57.625937),626226000_1,0 days 00:01:02,2.3227319101704966e-05,296.0383851161614,0.0,0,5.02968335824841,57.625937,11.005702
2025-02-05 07:44:02,2025-02-05 07:44:02,Class A,626226000_1,57.627338,11.000472,Under way using engine,-2.2,11.3,296.5,295.0,9319703,TRAM2,GREAT JACOMBO,Tanker,0,42.0,244.0,Combined GPS/GLONASS,15.0,EG_SUEZ,18/02/2025 18:00:00,AIS,POINT (11.000472 57.627338),626226000_1,0 days 00:01:00,-1.1053621154727555e-05,296.5810004549387,0.0,0,5.035060794593448,57.627338,11.000472
2025-02-05 07:45:02,2025-02-05 07:45:02,Class A,626226000_1,57.628748,10.995257,Under way using engine,-3.6,11.3,296.9,294.0,9319703,TRAM2,GREAT JACOMBO,Tanker,0,42.0,244.0,Combined GPS/GLONASS,15.0,EG_SUEZ,18/02/2025 18:00:00,AIS,POINT (10.995257 57.628748),626226000_1,0 days 00:01:00,-1.0065007853201959e-07,296.79513489382504,0.0,0,5.040427696939715,57.628748,10.995257
2025-02-05 07:46:02,2025-02-05 07:46:02,Class A,626226000_1,57.630158,10.990047,Under way using engine,0.4,11.2,296.7,294.0,9319703,TRAM2,GREAT JACOMBO,Tanker,0,42.0,244.0,Combined GPS/GLONASS,15.0,EG_SUEZ,18/02/2025 18:00:00,AIS,POINT (10.990047 57.630158),626226000_1,0 days 00:01:00,-7.707874906450844e-08,296.81814907127307,0.0,0,5.045790028332233,57.630158,10.990047
2025-02-05 07:47:02,2025-02-05 07:47:02,Class A,626226000_1,57.63154,10.984823,Under way using engine,-1.1,11.2,296.4,294.0,9319703,TRAM2,GREAT JACOMBO,Tanker,0,42.0,244.0,Combined GPS/GLONASS,15.0,EG_SUEZ,18/02/2025 18:00:00,AIS,POINT (10.984823 57.63154),626226000_1,0 days 00:01:00,-1.8173625426984307e-07,296.2979792126078,0.0,0,5.051155105746506,57.63154,10.984823
2025-02-05 07:49:02,2025-02-05 07:49:02,Class A,626226000_1,57.634312,10.974398,Under way using engine,1.6,11.2,296.8,295.0,9319703,TRAM2,GREAT JACOMBO,Tanker,0,42.0,244.0,Combined GPS/GLONASS,15.0,EG_SUEZ,18/02/2025 18:00:00,AIS,POINT (10.974398 57.634312),626226000_1,0 days 00:02:00,-6.031909167664712e-08,296.41757766888304,0.0,0,5.061867082658335,57.634312,10.974398
2025-02-05 07:50:02,2025-02-05 07:50:02,Class A,626226000_1,57.635747,10.969122,Under way using engine,-1.6,11.2,296.7,295.0,9319703,TRAM2,GREAT JACOMBO,Tanker,0,42.0,244.0,Combined GPS/GLONASS,15.0,EG_SUEZ,18/02/2025 18:00:00,AIS,POINT (10.969122 57.635747),626226000_1,0 days 00:01:00,1.6168684253728328e-06,296.9369344184578,0.0,0,5.067300288477189,57.635747,10.969122
2025-02-05 07:51:02,2025-02-05 07:51:02,Class A,626226000_1,57.637148,10.963927,Under way using engine,-2.2,11.2,296.5,295.0,9319703,TRAM2,GREAT JACOMBO,Tanker,0,42.0,244.0,Combined GPS/GLONASS,15.0,EG_SUEZ,18/02/2025 18:00:00,AIS,POINT (10.963927 57.637148),626226000_1,0 days 00:01:00,-1.6768387019688048e-06,296.7414577406429,0.0,0,5.072645738945014,57.637148,10.963927
2025-02-05 07:52:02,2025-02-05 07:52:02,Class A,626226000_1,57.63854,10.95872,Under way using engine,3.6,11.2,296.0,294.0,9319703,TRAM2,GREAT JACOMBO,Tanker,0,42.0,244.0,Combined GPS/GLONASS,15.0,EG_SUEZ,18/02/2025 18:00:00,AIS,POINT (10.95872 57.63854),626226000_1,0 days 00:01:00,5.04290109242025e-08,296.5413780430129,0.0,0,5.077999100134619,57.63854,10.95872
2025-02-05 07:53:02,2025-02-05 07:53:02,Class A,626226000_1,57.639895,10.953487,Under way using engine,5.4,11.2,295.6,295.0,9319703,TRAM2,GREAT JACOMBO,Tanker,0,42.0,244.0,Combined GPS/GLONASS,15.0,EG_SUEZ,18/02/2025 18:00:00,AIS,POINT (10.953487 57.639895),626226000_1,0 days 00:01:00,-1.1985116085889692e-07,295.81820236258415,0.0,0,5.083363071157716,57.639895,10.953487
2025-02-05 07:54:01,2025-02-05 07:54:01,Class A,626226000_1,57.641063,10.949053,Under way using engine,-0.4,11.2,296.2,295.0,9319703,TRAM2,GREAT JACOMBO,Tanker,0,42.0,244.0,Combined GPS/GLONASS,15.0,EG_SUEZ,18/02/2025 18:00:00,AIS,POINT (10.949053 57.641063),626226000_1,0 days 00:00:59,-1.3285461445686662e-05,296.20645313093394,0.0,0,5.0879154417527435,57.641063,10.949053
2025-02-05 07:55:02,2025-02-05 07:55:02,Class A,626226000_1,57.64267,10.943073,Under way using engine,-2.9,11.2,296.5,295.0,9319703,TRAM2,GREAT JACOMBO,Tanker,0,42.0,244.0,Combined GPS/GLONASS,15.0,EG_SUEZ,18/02/2025 18:00:00,AIS,POINT (10.943073 57.64267),626226000_1,0 days 00:01:01,2.5377671017612458e-05,296.6637793450892,0.0,0,5.094066873971032,57.64267,10.943073
2025-02-05 07:56:02,2025-02-05 07:56:02,Class A,626226000_1,57.644052,10.937867,Under way using engine,-0.7,11.2,295.9,295.0,9319703,TRAM2,GREAT JACOMBO,Tanker,0,42.0,244.0,Combined GPS/GLONASS,15.0,EG_SUEZ,18/02/2025 18:00:00,AIS,POINT (10.937867 57.644052),626226000_1,0 days 00:01:00,-1.2780953081342143e-05,296.38445641153425,0.0,0,5.099415936679513,57.644052,10.937867
2025-02-05 07:57:02,2025-02-05 07:57:02,Class A,626226000_1,57.645395,10.932635,Under way using engine,1.6,11.2,295.5,295.0,9319703,TRAM2,GREAT JACOMBO,Tanker,0,42.0,244.0,Combined GPS/GLONASS,15.0,EG_SUEZ,18/02/2025 18:00:00,AIS,POINT (10.932635 57.645395),626226000_1,0 days 00:01:00,-1.432768267196095e-07,295.6266083550071,0.0,0,5.104774896394355,57.645395,10.932635
2025-02-05 07:58:02,2025-02-05 07:58:02,Class A,626226000_1,57.646725,10.927502,Under way using engine,0.4,11.2,295.9,296.0,9319703,TRAM2,GREAT JACOMBO,Tanker,0,42.0,244.0,Combined GPS/GLONASS,15.0,EG_SUEZ,18/02/2025 18:00:00,AIS,POINT (10.927502 57.646725),626226000_1,0 days 00:01:00,-1.657080833171338e-06,295.83749151650915,0.0,0,5.110037108454791,57.646725,10.927502
2025-02-05 07:59:02,2025-02-05 07:59:02,Class A,626226000_1,57.648115,10.922315,Under way using engine,2.2,11.1,296.7,296.0,9319703,TRAM2,GREAT JACOMBO,Tanker,0,42.0,244.0,Combined GPS/GLONASS,15.0,EG_SUEZ,18/02/2025 18:00:00,AIS,POINT (10.922315 57.648115),626226000_1,0 days 00:01:00,1.6197972295932627e-06,296.6026692100493,0.0,0,5.115371688890065,57.648115,10.922315
2025-02-05 08:00:02,2025-02-05 08:00:02,Class A,626226000_1,57.649492,10.917123,Under way using engine,-3.6,11.1,296.2,295.0,9319703,TRAM2,GREAT JACOMBO,Tanker,0,42.0,244.0,Combined GPS/GLONASS,15.0,EG_SUEZ,18/02/2025 18:00:00,AIS,POINT (10.917123 57.649492),626226000_1,0 days 00:01:00,-1.0773128600450981e-07,296.36662496184897,0.0,0,5.1207062122841025,57.649492,10.917123
2025-02-05 08:01:02,2025-02-05 08:01:02,Class A,626226000_1,57.650818,10.911892,Under way using engine,3.6,11.1,295.4,294.0,9319703,TRAM2,GREAT JACOMBO,Tanker,0,42.0,244.0,Combined GPS/GLONASS,15.0,EG_SUEZ,18/02/2025 18:00:00,AIS,POINT (10.911892 57.650818),626226000_1,0 days 00:01:00,-1.0759931073130863e-07,295.35068735428075,0.0,0,5.126058332790605,57.650818,10.911892
2025-02-05 08:02:02,2025-02-05 08:02:02,Class A,626226000_1,57.652108,10.906633,Under way using engine,5.4,11.1,294.2,294.0,9319703,TRAM2,GREAT JACOMBO,Tanker,0,42.0,244.0,Combined GPS/GLONASS,15.0,EG_SUEZ,18/02/2025 18:00:00,AIS,POINT (10.906633 57.652108),626226000_1,0 days 00:01:00,-5.149703402770936e-08,294.630581233926,0.0,0,5.131423357095086,57.652108,10.906633
2025-02-05 08:03:02,2025-02-05 08:03:02,Class A,626226000_1,57.653412,10.901393,Under way using engine,3.6,11.1,294.9,295.0,9319703,TRAM2,GREAT JACOMBO,Tanker,0,42.0,244.0,Combined GPS/GLONASS,15.0,EG_SUEZ,18/02/2025 18:00:00,AIS,POINT (10.901393 57.653412),626226000_1,0 days 00:01:00,-1.0771315173671003e-07,294.94567181965897,0.0,0,5.1367759575949,57.653412,10.901393
2025-02-05 08:04:02,2025-02-05 08:04:02,Class A,626226000_1,57.654748,10.896182,Under way using engine,0.0,11.2,295.9,295.0,9319703,TRAM2,GREAT JACOMBO,Tanker,0,42.0,244.0,Combined GPS/GLONASS,15.0,EG_SUEZ,18/02/2025 18:00:00,AIS,POINT (10.896182 57.654748),626226000_1,0 days 00:01:00,-1.591286107029711e-08,295.60546649355183,0.0,0,5.142113434654275,57.654748,10.896182
2025-02-05 08:05:02,2025-02-05 08:05:02,Class A,626226000_1,57.656118,10.890995,Under way using engine,1.6,11.2,296.0,295.0,9319703,TRAM2,GREAT JACOMBO,Tanker,0,42.0,244.0,Combined GPS/GLONASS,15.0,EG_SUEZ,18/02/2025 18:00:00,AIS,POINT (10.890995 57.656118),626226000_1,0 days 00:01:00,9.844755969391714e-08,296.2766742057454,0.0,0,5.147441157268823,57.656118,10.890995
2025-02-05 08:06:03,2025-02-05 08:06:03,Class A,626226000_1,57.657508,10.885618,Under way using engine,0.2,11.1,294.9,293.0,9319703,TRAM2,GREAT JACOMBO,Tanker,0,42.0,244.0,Combined GPS/GLONASS,15.0,EG_SUEZ,18/02/2025 18:00:00,AIS,POINT (10.885618 57.657508),626226000_1,0 days 00:01:01,1.4532754922756128e-06,295.7922457678147,0.0,0,5.1529530385707965,57.657508,10.885618
2025-02-05 08:07:03,2025-02-05 08:07:03,Class A,626226000_1,57.658803,10.880383,Under way using engine,0.7,11.1,294.6,293.0,9319703,TRAM2,GREAT JACOMBO,Tanker,0,42.0,244.0,Combined GPS/GLONASS,15.0,EG_SUEZ,18/02/2025 18:00:00,AIS,POINT (10.880383 57.658803),626226000_1,0 days 00:01:00,-1.763916020631392e-06,294.8183450739864,0.0,0,5.158298058149218,57.658803,10.880383
2025-02-05 08:08:03,2025-02-05 08:08:03,Class A,626226000_1,57.660113,10.875162,Under way using engine,5.4,11.1,295.8,294.0,9319703,TRAM2,GREAT JACOMBO,Tanker,0,42.0,244.0,Combined GPS/GLONASS,15.0,EG_SUEZ,18/02/2025 18:00:00,AIS,POINT (10.875162 57.660113),626226000_1,0 days 00:01:00,-1.7726760940780033e-08,295.1303709952274,0.0,0,5.1636356537711885,57.660113,10.875162
2025-02-05 08:09:03,2025-02-05 08:09:03,Class A,626226000_1,57.661475,10.869972,Under way using engine,0.0,11.2,296.0,293.0,9319703,TRAM2,GREAT JACOMBO,Tanker,0,42.0,244.0,Combined GPS/GLONASS,15.0,EG_SUEZ,18/02/2025 18:00:00,AIS,POINT (10.869972 57.661475),626226000_1,0 days 00:01:00,2.2831127094102958e-07,296.13396600819243,0.0,0,5.168963566465235,57.661475,10.869972
2025-02-05 08:10:03,2025-02-05 08:10:03,Class A,626226000_1,57.662787,10.864745,Under way using engine,0.4,11.1,293.3,292.0,9319703,TRAM2,GREAT JACOMBO,Tanker,0,42.0,244.0,Combined GPS/GLONASS,15.0,EG_SUEZ,18/02/2025 18:00:00,AIS,POINT (10.864745 57.662787),626226000_1,0 days 00:01:00,-1.1773825318083775e-07,295.14030277611755,0.0,0,5.1743076569367235,57.662787,10.864745
2025-02-05 08:11:03,2025-02-05 08:11:03,Class A,626226000_1,57.664042,10.859497,Under way using engine,0.7,11.1,294.5,293.0,9319703,TRAM2,GREAT JACOMBO,Tanker,0,42.0,244.0,Combined GPS/GLONASS,15.0,EG_SUEZ,18/02/2025 18:00:00,AIS,POINT (10.859497 57.664042),626226000_1,0 days 00:01:00,-4.194198737646898e-07,294.09061065559763,0.0,0,5.1796504970317265,57.664042,10.859497
2025-02-05 08:12:01,2025-02-05 08:12:01,Class A,626226000_1,57.665117,10.855132,Under way using engine,-1.1,11.1,294.4,293.0,9319703,TRAM2,GREAT JACOMBO,Tanker,0,42.0,244.0,Combined GPS/GLONASS,15.0,EG_SUEZ,18/02/2025 18:00:00,AIS,POINT (10.855132 57.665117),626226000_1,0 days 00:00:58,-1.3333731804950611e-05,294.72503003034444,0.0,0,5.1841058762317935,57.665117,10.855132
2025-02-05 08:13:03,2025-02-05 08:13:03,Class A,626226000_1,57.66661,10.849013,Under way using engine,0.0,11.1,295.2,295.0,9319703,TRAM2,GREAT JACOMBO,Tanker,0,42.0,244.0,Combined GPS/GLONASS,15.0,EG_SUEZ,18/02/2025 18:00:00,AIS,POINT (10.849013 57.66661),626226000_1,0 days 00:01:02,2.4656567083594844e-05,294.5244249424852,0.0,0,5.190346574336727,57.66661,10.849013
2025-02-05 08:14:02,2025-02-05 08:14:02,Class A,626226000_1,57.667952,10.844015,Under way using engine,-3.6,11.1,297.3,295.0,9319703,TRAM2,GREAT JACOMBO,Tanker,0,42.0,244.0,Combined GPS/GLONASS,15.0,EG_SUEZ,18/02/2025 18:00:00,AIS,POINT (10.844015 57.667952),626226000_1,0 days 00:00:59,-1.3852750716717713e-05,296.66049584359496,0.0,0,5.195488921977313,57.667952,10.844015
2025-02-05 08:15:02,2025-02-05 08:15:02,Class A,626226000_1,57.669373,10.838862,Under way using engine,-2.2,11.2,296.5,294.0,9319703,TRAM2,GREAT JACOMBO,Tanker,0,42.0,244.0,Combined GPS/GLONASS,15.0,EG_SUEZ,18/02/2025 18:00:00,AIS,POINT (10.838862 57.669373),626226000_1,0 days 00:01:00,1.824070917568861e-06,297.27876480900596,0.0,0,5.200804492058608,57.669373,10.838862
2025-02-05 08:16:02,2025-02-05 08:16:02,Class A,626226000_1,57.670733,10.833663,Under way using engine,3.6,11.1,295.7,293.0,9319703,TRAM2,GREAT JACOMBO,Tanker,0,42.0,244.0,Combined GPS/GLONASS,15.0,EG_SUEZ,18/02/2025 18:00:00,AIS,POINT (10.833663 57.670733),626226000_1,0 days 00:01:00,-1.670366122260604e-07,296.0672677703122,0.0,0,5.206140621215105,57.670733,10.833663
2025-02-05 08:17:02,2025-02-05 08:17:02,Class A,626226000_1,57.672062,10.82845,Under way using engine,0.4,11.1,295.3,294.0,9319703,TRAM2,GREAT JACOMBO,Tanker,0,42.0,244.0,Combined GPS/GLONASS,15.0,EG_SUEZ,18/02/2025 18:00:00,AIS,POINT (10.82845 57.672062),626226000_1,0 days 00:01:00,-2.1022231076610274e-07,295.490448178555,0.0,0,5.21147852248323,57.672062,10.82845
2025-02-05 08:18:02,2025-02-05 08:18:02,Class A,626226000_1,57.67342,10.823258,Under way using engine,0.4,11.1,296.2,295.0,9319703,TRAM2,GREAT JACOMBO,Tanker,0,42.0,244.0,Combined GPS/GLONASS,15.0,EG_SUEZ,18/02/2025 18:00:00,AIS,POINT (10.823258 57.67342),626226000_1,0 days 00:01:00,7.30902847460857e-08,296.0661291496554,0.0,0,5.216807564302521,57.67342,10.823258
2025-02-05 08:19:02,2025-02-05 08:19:02,Class A,626226000_1,57.674817,10.818095,Under way using engine,3.6,11.1,297.8,297.0,9319703,TRAM2,GREAT JACOMBO,Tanker,0,42.0,244.0,Combined GPS/GLONASS,15.0,EG_SUEZ,18/02/2025 18:00:00,AIS,POINT (10.818095 57.674817),626226000_1,0 days 00:01:00,1.0318674858976474e-07,296.84190387892784,0.0,0,5.222123941695945,57.674817,10.818095
2025-02-05 08:20:02,2025-02-05 08:20:02,Class A,626226000_1,57.676333,10.813048,Under way using engine,3.6,11.1,300.2,300.0,9319703,TRAM2,GREAT JACOMBO,Tanker,0,42.0,244.0,Combined GPS/GLONASS,15.0,EG_SUEZ,18/02/2025 18:00:00,AIS,POINT (10.813048 57.676333),626226000_1,0 days 00:01:00,3.0437010047502236e-08,299.32736576093663,0.0,0,5.2273758831120025,57.676333,10.813048
2025-02-05 08:21:02,2025-02-05 08:21:02,Class A,626226000_1,57.677918,10.808093,Under way using engine,10.0,11.0,299.3,302.0,9319703,TRAM2,GREAT JACOMBO,Tanker,0,42.0,244.0,Combined GPS/GLONASS,15.0,EG_SUEZ,18/02/2025 18:00:00,AIS,POINT (10.808093 57.677918),626226000_1,0 days 00:01:00,-2.5354109013986787e-07,300.8921268415098,0.0,0,5.232567425285698,57.677918,10.808093
2025-02-05 08:22:03,2025-02-05 08:22:03,Class A,626226000_1,57.679682,10.803298,Under way using engine,23.6,10.6,311.9,322.0,9319703,TRAM2,GREAT JACOMBO,Tanker,0,42.0,244.0,Combined GPS/GLONASS,15.0,EG_SUEZ,18/02/2025 18:00:00,AIS,POINT (10.803298 57.679682),626226000_1,0 days 00:01:01,-8.134975734510867e-07,304.53244473350605,0.0,0,5.237675430226657,57.679682,10.803298
2025-02-05 08:23:02,2025-02-05 08:23:02,Class A,626226000_1,57.68191,10.800417,Under way using engine,7.5,9.7,339.2,343.0,9319703,TRAM2,GREAT JACOMBO,Tanker,0,42.0,244.0,Combined GPS/GLONASS,15.0,EG_SUEZ,18/02/2025 18:00:00,AIS,POINT (10.800417 57.68191),626226000_1,0 days 00:00:59,-9.71327084689501e-06,325.3439141675718,0.0,0,5.24117131124952,57.68191,10.800417
2025-02-05 08:24:00,2025-02-05 08:24:00,Class A,626226000_1,57.684147,10.799203,Under way using engine,3.6,9.6,349.6,350.0,9319703,TRAM2,GREAT JACOMBO,Tanker,0,42.0,244.0,Combined GPS/GLONASS,15.0,EG_SUEZ,18/02/2025 18:00:00,AIS,POINT (10.799203 57.684147),626226000_1,0 days 00:00:58,-1.108251024735192e-05,343.821793814109,0.0,0,5.243119162125729,57.684147,10.799203
2025-02-05 08:25:02,2025-02-05 08:25:02,Class A,626226000_1,57.687167,10.798443,Under way using engine,-1.1,9.7,351.4,350.0,9319703,TRAM2,GREAT JACOMBO,Tanker,0,42.0,244.0,Combined GPS/GLONASS,15.0,EG_SUEZ,18/02/2025 18:00:00,AIS,POINT (10.798443 57.687167),626226000_1,0 days 00:01:02,1.6139538635536095e-05,352.33854591892384,0.0,0,5.244931739884705,57.687167,10.798443
2025-02-05 08:26:02,2025-02-05 08:26:02,Class A,626226000_1,57.689865,10.797825,Under way using engine,-3.6,9.8,353.1,349.0,9319703,TRAM2,GREAT JACOMBO,Tanker,0,42.0,244.0,Combined GPS/GLONASS,15.0,EG_SUEZ,18/02/2025 18:00:00,AIS,POINT (10.797825 57.689865),626226000_1,0 days 00:01:00,-7.1396478758304315e-06,353.0198921187737,0.0,0,5.246495368046939,57.689865,10.797825
2025-02-05 08:27:02,2025-02-05 08:27:02,Class A,626226000_1,57.69256,10.797103,Under way using engine,0.4,9.8,351.8,349.0,9319703,TRAM2,GREAT JACOMBO,Tanker,0,42.0,244.0,Combined GPS/GLONASS,15.0,EG_SUEZ,18/02/2025 18:00:00,AIS,POINT (10.797103 57.69256),626226000_1,0 days 00:01:00,1.351886701315945e-07,351.8515358112942,0.0,0,5.248155630907776,57.69256,10.797103
2025-02-05 08:28:02,2025-02-05 08:28:02,Class A,626226000_1,57.695257,10.796277,Under way using engine,-2.2,9.8,349.4,348.0,9319703,TRAM2,GREAT JACOMBO,Tanker,0,42.0,244.0,Combined GPS/GLONASS,15.0,EG_SUEZ,18/02/2025 18:00:00,AIS,POINT (10.796277 57.695257),626226000_1,0 days 00:01:00,3.2282337448792956e-07,350.704516396487,0.0,0,5.249914312145103,57.695257,10.796277
2025-02-05 08:29:02,2025-02-05 08:29:02,Class A,626226000_1,57.697957,10.79542,Under way using engine,0.7,9.9,351.9,350.0,9319703,TRAM2,GREAT JACOMBO,Tanker,0,42.0,244.0,Combined GPS/GLONASS,15.0,EG_SUEZ,18/02/2025 18:00:00,AIS,POINT (10.79542 57.697957),626226000_1,0 days 00:01:00,1.7598057365004274e-07,350.3732962773046,0.0,0,5.251703849809983,57.697957,10.79542
2025-02-05 08:30:01,2025-02-05 08:30:01,Class A,626226000_1,57.700277,10.794812,Under way using engine,0.4,9.9,352.1,350.0,9319703,TRAM2,GREAT JACOMBO,Tanker,0,42.0,244.0,Combined GPS/GLONASS,15.0,EG_SUEZ,18/02/2025 18:00:00,AIS,POINT (10.794812 57.700277),626226000_1,0 days 00:00:59,-1.1208981981085254e-05,352.0283661363346,0.0,0,5.253122891178255,57.700277,10.794812
2025-02-05 08:31:03,2025-02-05 08:31:03,Class A,626226000_1,57.70349,10.794055,Under way using engine,-3.6,10.0,352.7,349.0,9319703,TRAM2,GREAT JACOMBO,Tanker,0,42.0,244.0,Combined GPS/GLONASS,15.0,EG_SUEZ,18/02/2025 18:00:00,AIS,POINT (10.794055 57.70349),626226000_1,0 days 00:01:02,2.2500793604074222e-05,352.82511574789334,0.0,0,5.255010276073016,57.70349,10.794055
2025-02-05 08:32:03,2025-02-05 08:32:03,Class A,626226000_1,57.706232,10.793305,Under way using engine,6.4,9.9,351.2,349.0,9319703,TRAM2,GREAT JACOMBO,Tanker,0,42.0,244.0,Combined GPS/GLONASS,15.0,EG_SUEZ,18/02/2025 18:00:00,AIS,POINT (10.793305 57.706232),626226000_1,0 days 00:01:00,-1.1222415948304153e-05,351.68607852097404,0.0,0,5.2567187205659955,57.706232,10.793305
2025-02-05 08:33:03,2025-02-05 08:33:03,Class A,626226000_1,57.708937,10.792612,Under way using engine,-4.5,9.8,353.3,350.0,9319703,TRAM2,GREAT JACOMBO,Tanker,0,42.0,244.0,Combined GPS/GLONASS,15.0,EG_SUEZ,18/02/2025 18:00:00,AIS,POINT (10.792612 57.708937),626226000_1,0 days 00:01:00,-1.2659289470026297e-06,352.20674400987116,0.0,0,5.258361510168447,57.708937,10.792612
2025-02-05 08:34:03,2025-02-05 08:34:03,Class A,626226000_1,57.711607,10.791985,Under way using engine,-2.9,9.6,352.0,348.0,9319703,TRAM2,GREAT JACOMBO,Tanker,0,42.0,244.0,Combined GPS/GLONASS,15.0,EG_SUEZ,18/02/2025 18:00:00,AIS,POINT (10.791985 57.711607),626226000_1,0 days 00:01:00,-1.2160359042310125e-06,352.8500241409,0.0,0,5.259931004508899,57.711607,10.791985
2025-02-05 08:35:03,2025-02-05 08:35:03,Class A,626226000_1,57.714215,10.791223,Under way using engine,0.7,9.4,351.8,349.0,9319703,TRAM2,GREAT JACOMBO,Tanker,0,42.0,244.0,Combined GPS/GLONASS,15.0,EG_SUEZ,18/02/2025 18:00:00,AIS,POINT (10.791223 57.714215),626226000_1,0 days 00:01:00,-1.5874779373281113e-06,351.1297139159736,0.0,0,5.261603915179667,57.714215,10.791223
2025-02-05 08:36:01,2025-02-05 08:36:01,Class A,626226000_1,57.71636,10.790613,Under way using engine,2.9,9.3,350.6,348.0,9319703,TRAM2,GREAT JACOMBO,Tanker,0,42.0,244.0,Combined GPS/GLONASS,15.0,EG_SUEZ,18/02/2025 18:00:00,AIS,POINT (10.790613 57.71636),626226000_1,0 days 00:00:58,-1.2647065441985477e-05,351.3632683824217,0.0,0,5.262964954113698,57.71636,10.790613
2025-02-05 08:37:02,2025-02-05 08:37:02,Class A,626226000_1,57.719277,10.7898,Under way using engine,-6.4,9.2,352.3,349.0,9319703,TRAM2,GREAT JACOMBO,Tanker,0,42.0,244.0,Combined GPS/GLONASS,15.0,EG_SUEZ,18/02/2025 18:00:00,AIS,POINT (10.7898 57.719277),626226000_1,0 days 00:01:01,1.997406885309371e-05,351.533658723308,0.0,0,5.264801428394901,57.719277,10.7898
2025-02-05 08:38:02,2025-02-05 08:38:02,Class A,626226000_1,57.721785,10.789147,Under way using engine,-7.5,9.1,352.7,350.0,9319703,TRAM2,GREAT JACOMBO,Tanker,0,42.0,244.0,Combined GPS/GLONASS,15.0,EG_SUEZ,18/02/2025 18:00:00,AIS,POINT (10.789147 57.721785),626226000_1,0 days 00:01:00,-1.1406177712501952e-05,352.0841272290545,0.0,0,5.2663385678410375,57.721785,10.789147
2025-02-05 08:39:02,2025-02-05 08:39:02,Class A,626226000_1,57.724265,10.788515,Under way using engine,-0.2,8.9,352.2,350.0,9319703,TRAM2,GREAT JACOMBO,Tanker,0,42.0,244.0,Combined GPS/GLONASS,15.0,EG_SUEZ,18/02/2025 18:00:00,AIS,POINT (10.788515 57.724265),626226000_1,0 days 00:01:00,-9.056535931967838e-07,352.25065746615087,0.0,0,5.267846631280945,57.724265,10.788515
2025-02-05 08:40:02,2025-02-05 08:40:02,Class A,626226000_1,57.72673,10.787957,Under way using engine,-3.6,8.9,353.4,349.0,9319703,TRAM2,GREAT JACOMBO,Tanker,0,42.0,244.0,Combined GPS/GLONASS,15.0,EG_SUEZ,18/02/2025 18:00:00,AIS,POINT (10.787957 57.72673),626226000_1,0 days 00:01:00,-6.167013602580932e-07,353.10800396332775,0.0,0,5.269281237427455,57.72673,10.787957
2025-02-05 08:41:02,2025-02-05 08:41:02,Class A,626226000_1,57.72916,10.78734,Under way using engine,0.0,8.8,351.7,349.0,9319703,TRAM2,GREAT JACOMBO,Tanker,0,42.0,244.0,Combined GPS/GLONASS,15.0,EG_SUEZ,18/02/2025 18:00:00,AIS,POINT (10.78734 57.72916),626226000_1,0 days 00:01:00,-9.496236236843641e-07,352.27960496747335,0.0,0,5.270758387345031,57.72916,10.78734
2025-02-05 08:42:02,2025-02-05 08:42:02,Class A,626226000_1,57.731562,10.78668,Under way using engine,4.5,8.6,350.7,349.0,9319703,TRAM2,GREAT JACOMBO,Tanker,0,42.0,244.0,Combined GPS/GLONASS,15.0,EG_SUEZ,18/02/2025 18:00:00,AIS,POINT (10.78668 57.731562),626226000_1,0 days 00:01:00,-7.581458389757569e-07,351.65443644400375,0.0,0,5.2722657798259736,57.731562,10.78668
2025-02-05 08:44:02,2025-02-05 08:44:02,Class A,626226000_1,57.736432,10.78559,Under way using engine,-5.4,9.0,352.1,348.0,9319703,TRAM2,GREAT JACOMBO,Tanker,0,42.0,244.0,Combined GPS/GLONASS,15.0,EG_SUEZ,18/02/2025 18:00:00,AIS,POINT (10.78559 57.736432),626226000_1,0 days 00:02:00,3.8022201050012254e-07,353.1867158793019,0.0,0,5.275094090095835,57.736432,10.78559
2025-02-05 08:45:02,2025-02-05 08:45:02,Class A,626226000_1,57.738913,10.784892,Under way using engine,2.2,9.1,351.1,348.0,9319703,TRAM2,GREAT JACOMBO,Tanker,0,42.0,244.0,Combined GPS/GLONASS,15.0,EG_SUEZ,18/02/2025 18:00:00,AIS,POINT (10.784892 57.738913),626226000_1,0 days 00:01:00,1.7492419360253148e-06,351.4595935806881,0.0,0,5.276668550026332,57.738913,10.784892
2025-02-05 08:46:02,2025-02-05 08:46:02,Class A,626226000_1,57.741483,10.784217,Under way using engine,4.5,9.2,351.9,349.0,9319703,TRAM2,GREAT JACOMBO,Tanker,0,42.0,244.0,Combined GPS/GLONASS,15.0,EG_SUEZ,18/02/2025 18:00:00,AIS,POINT (10.784217 57.741483),626226000_1,0 days 00:01:00,2.669887645781784e-06,352.02001682753746,0.0,0,5.2782557727531545,57.741483,10.784217
2025-02-05 08:47:02,2025-02-05 08:47:02,Class A,626226000_1,57.74405,10.783478,Under way using engine,-2.2,9.4,350.5,347.0,9319703,TRAM2,GREAT JACOMBO,Tanker,0,42.0,244.0,Combined GPS/GLONASS,15.0,EG_SUEZ,18/02/2025 18:00:00,AIS,POINT (10.783478 57.74405),626226000_1,0 days 00:01:00,6.228272170509704e-08,351.26511902981946,0.0,0,5.279902072552482,57.74405,10.783478
2025-02-05 08:48:02,2025-02-05 08:48:02,Class A,626226000_1,57.746623,10.782555,Under way using engine,4.5,9.5,348.7,347.0,9319703,TRAM2,GREAT JACOMBO,Tanker,0,42.0,244.0,Combined GPS/GLONASS,15.0,EG_SUEZ,18/02/2025 18:00:00,AIS,POINT (10.782555 57.746623),626226000_1,0 days 00:01:00,7.012517301696666e-07,349.16249913741,0.0,0,5.281722037401248,57.746623,10.782555
2025-02-05 08:49:02,2025-02-05 08:49:02,Class A,626226000_1,57.749243,10.7817,Under way using engine,0.2,9.7,350.5,347.0,9319703,TRAM2,GREAT JACOMBO,Tanker,0,42.0,244.0,Combined GPS/GLONASS,15.0,EG_SUEZ,18/02/2025 18:00:00,AIS,POINT (10.7817 57.749243),626226000_1,0 days 00:01:00,1.2275129035453145e-06,350.1215151149547,0.0,0,5.283497398595459,57.749243,10.7817
2025-02-05 08:50:02,2025-02-05 08:50:02,Class A,626226000_1,57.751915,10.780937,Under way using engine,-3.6,9.8,352.3,347.0,9319703,TRAM2,GREAT JACOMBO,Tanker,0,42.0,244.0,Combined GPS/GLONASS,15.0,EG_SUEZ,18/02/2025 18:00:00,AIS,POINT (10.780937 57.751915),626226000_1,0 days 00:01:00,1.3419603139555128e-06,351.33661787012505,0.0,0,5.2852078743915065,57.751915,10.780937
2025-02-05 08:51:02,2025-02-05 08:51:02,Class A,626226000_1,57.754618,10.780155,Under way using engine,-3.6,9.9,349.3,343.0,9319703,TRAM2,GREAT JACOMBO,Tanker,0,42.0,244.0,Combined GPS/GLONASS,15.0,EG_SUEZ,18/02/2025 18:00:00,AIS,POINT (10.780155 57.754618),626226000_1,0 days 00:01:00,9.955409054884154e-07,351.2251251508797,0.0,0,5.286948520667191,57.754618,10.780155
2025-02-05 08:52:02,2025-02-05 08:52:02,Class A,626226000_1,57.757303,10.7791,Under way using engine,-1.1,9.9,347.6,342.0,9319703,TRAM2,GREAT JACOMBO,Tanker,0,42.0,244.0,Combined GPS/GLONASS,15.0,EG_SUEZ,18/02/2025 18:00:00,AIS,POINT (10.7791 57.757303),626226000_1,0 days 00:01:00,2.614283343628394e-07,348.1606876043531,0.0,0,5.288936232919149,57.757303,10.7791
2025-02-05 08:53:02,2025-02-05 08:53:02,Class A,626226000_1,57.75996,10.77802,Under way using engine,-0.2,10.0,347.9,343.0,9319703,TRAM2,GREAT JACOMBO,Tanker,0,42.0,244.0,Combined GPS/GLONASS,15.0,EG_SUEZ,18/02/2025 18:00:00,AIS,POINT (10.77802 57.75996),626226000_1,0 days 00:01:00,-7.609846999183609e-07,347.7653914104748,0.0,0,5.290937378394116,57.75996,10.77802
2025-02-05 08:54:02,2025-02-05 08:54:02,Class A,626226000_1,57.762703,10.776997,Under way using engine,1.6,10.1,348.4,343.0,9319703,TRAM2,GREAT JACOMBO,Tanker,0,42.0,244.0,Combined GPS/GLONASS,15.0,EG_SUEZ,18/02/2025 18:00:00,AIS,POINT (10.776997 57.762703),626226000_1,0 days 00:01:00,2.412363114071119e-06,348.74842522332335,0.0,0,5.292918967099535,57.762703,10.776997
2025-02-05 08:55:02,2025-02-05 08:55:02,Class A,626226000_1,57.765473,10.775962,Under way using engine,4.5,10.2,348.3,342.0,9319703,TRAM2,GREAT JACOMBO,Tanker,0,42.0,244.0,Combined GPS/GLONASS,15.0,EG_SUEZ,18/02/2025 18:00:00,AIS,POINT (10.775962 57.765473),626226000_1,0 days 00:01:00,8.577602691745388e-07,348.728780877594,0.0,0,5.294922738588071,57.765473,10.775962
2025-02-05 08:56:02,2025-02-05 08:56:02,Class A,626226000_1,57.768267,10.774955,Under way using engine,4.5,10.2,349.7,342.0,9319703,TRAM2,GREAT JACOMBO,Tanker,0,42.0,244.0,Combined GPS/GLONASS,15.0,EG_SUEZ,18/02/2025 18:00:00,AIS,POINT (10.774955 57.768267),626226000_1,0 days 00:01:00,6.392968608056494e-07,349.1190251321415,0.0,0,5.296910550016301,57.768267,10.774955
2025-02-05 08:57:02,2025-02-05 08:57:02,Class A,626226000_1,57.771087,10.774015,Under way using engine,-5.4,10.3,349.4,341.0,9319703,TRAM2,GREAT JACOMBO,Tanker,0,42.0,244.0,Combined GPS/GLONASS,15.0,EG_SUEZ,18/02/2025 18:00:00,AIS,POINT (10.774015 57.771087),626226000_1,0 days 00:01:00,5.888591374278152e-07,349.9199716882971,0.0,0,5.298847096861166,57.771087,10.774015
2025-02-05 08:58:02,2025-02-05 08:58:02,Class A,626226000_1,57.773933,10.772923,Under way using engine,0.0,10.3,348.0,339.0,9319703,TRAM2,GREAT JACOMBO,Tanker,0,42.0,244.0,Combined GPS/GLONASS,15.0,EG_SUEZ,18/02/2025 18:00:00,AIS,POINT (10.772923 57.773933),626226000_1,0 days 00:01:00,1.2625555532370877e-06,348.43631550770147,0.0,0,5.300935127471944,57.773933,10.772923
2025-02-05 08:59:03,2025-02-05 08:59:03,Class A,626226000_1,57.776722,10.77177,Under way using engine,-0.2,10.2,346.0,337.0,9319703,TRAM2,GREAT JACOMBO,Tanker,0,42.0,244.0,Combined GPS/GLONASS,15.0,EG_SUEZ,18/02/2025 18:00:00,AIS,POINT (10.77177 57.776722),626226000_1,0 days 00:01:01,-2.915067121142568e-06,347.5686476634231,0.0,0,5.30305892609011,57.776722,10.77177
2025-02-05 09:00:02,2025-02-05 09:00:02,Class A,626226000_1,57.77906,10.770648,Under way using engine,-1.6,10.1,345.0,337.0,9319703,TRAM2,GREAT JACOMBO,Tanker,0,42.0,244.0,Combined GPS/GLONASS,15.0,EG_SUEZ,18/02/2025 18:00:00,AIS,POINT (10.770648 57.77906),626226000_1,0 days 00:00:59,-1.116483609588583e-05,345.64745152056986,0.0,0,5.304983785244212,57.77906,10.770648
2025-02-05 09:01:02,2025-02-05 09:01:02,Class A,626226000_1,57.782213,10.769062,Under way using engine,-1.6,10.2,344.7,337.0,9319703,TRAM2,GREAT JACOMBO,Tanker,0,42.0,244.0,Combined GPS/GLONASS,15.0,EG_SUEZ,18/02/2025 18:00:00,AIS,POINT (10.769062 57.782213),626226000_1,0 days 00:01:00,2.506901499103835e-05,344.98793062454695,0.0,0,5.307647951616327,57.782213,10.769062
2025-02-05 09:02:02,2025-02-05 09:02:02,Class A,626226000_1,57.784973,10.76773,Under way using engine,4.5,10.3,347.0,338.0,9319703,TRAM2,GREAT JACOMBO,Tanker,0,42.0,244.0,Combined GPS/GLONASS,15.0,EG_SUEZ,18/02/2025 18:00:00,AIS,POINT (10.76773 57.784973),626226000_1,0 days 00:01:00,-1.2826910757294492e-05,345.572008784819,0.0,0,5.3099287883308754,57.784973,10.76773
2025-02-05 09:03:02,2025-02-05 09:03:02,Class A,626226000_1,57.787775,10.76652,Under way using engine,-2.9,10.4,347.6,338.0,9319703,TRAM2,GREAT JACOMBO,Tanker,0,42.0,244.0,Combined GPS/GLONASS,15.0,EG_SUEZ,18/02/2025 18:00:00,AIS,POINT (10.76652 57.787775),626226000_1,0 days 00:01:00,7.83813877258561e-07,347.0367988344371,0.0,0,5.312113573433178,57.787775,10.76652
2025-02-05 09:06:02,2025-02-05 09:06:02,Class A,626226000_1,57.795833,10.763368,Under way using engine,0.0,10.5,349.2,338.0,9319703,TRAM2,GREAT JACOMBO,Tanker,0,42.0,244.0,Combined GPS/GLONASS,15.0,EG_SUEZ,18/02/2025 18:00:00,AIS,POINT (10.763368 57.795833),626226000_1,0 days 00:03:00,-1.356945515223026e-06,348.22447510766904,0.0,0,5.318098423002437,57.795833,10.763368
2025-02-05 09:07:03,2025-02-05 09:07:03,Class A,626226000_1,57.79924,10.762138,Under way using engine,-1.6,10.6,348.9,337.0,9319703,TRAM2,GREAT JACOMBO,Tanker,0,42.0,244.0,Combined GPS/GLONASS,15.0,EG_SUEZ,18/02/2025 18:00:00,AIS,POINT (10.762138 57.79924),626226000_1,0 days 00:01:01,2.035363880693997e-05,349.11028613235794,0.0,0,5.320536178101224,57.79924,10.762138
2025-02-05 09:08:03,2025-02-05 09:08:03,Class A,626226000_1,57.802117,10.76108,Under way using engine,4.5,10.6,348.4,337.0,9319703,TRAM2,GREAT JACOMBO,Tanker,0,42.0,244.0,Combined GPS/GLONASS,15.0,EG_SUEZ,18/02/2025 18:00:00,AIS,POINT (10.76108 57.802117),626226000_1,0 days 00:01:00,-1.4878090320655944e-05,348.9133439689328,0.0,0,5.322613631924546,57.802117,10.76108
2025-02-05 09:09:03,2025-02-05 09:09:03,Class A,626226000_1,57.804995,10.760033,Under way using engine,-3.6,10.5,349.4,338.0,9319703,TRAM2,GREAT JACOMBO,Tanker,0,42.0,244.0,Combined GPS/GLONASS,15.0,EG_SUEZ,18/02/2025 18:00:00,AIS,POINT (10.760033 57.804995),626226000_1,0 days 00:01:00,-4.680608690201792e-09,349.0303731743988,0.0,0,5.324682260934824,57.804995,10.760033
2025-02-05 09:10:03,2025-02-05 09:10:03,Class A,626226000_1,57.807885,10.759027,Under way using engine,-0.2,10.6,349.2,338.0,9319703,TRAM2,GREAT JACOMBO,Tanker,0,42.0,244.0,Combined GPS/GLONASS,15.0,EG_SUEZ,18/02/2025 18:00:00,AIS,POINT (10.759027 57.807885),626226000_1,0 days 00:01:00,2.3811538546030426e-07,349.4937554868312,0.0,0,5.326718577170189,57.807885,10.759027
2025-02-05 09:11:03,2025-02-05 09:11:03,Class A,626226000_1,57.810795,10.758112,Under way using engine,2.2,10.6,350.4,339.0,9319703,TRAM2,GREAT JACOMBO,Tanker,0,42.0,244.0,Combined GPS/GLONASS,15.0,EG_SUEZ,18/02/2025 18:00:00,AIS,POINT (10.758112 57.810795),626226000_1,0 days 00:01:00,3.4748760204344165e-07,350.4910297398504,0.0,0,5.328679509642608,57.810795,10.758112
2025-02-05 09:12:01,2025-02-05 09:12:01,Class A,626226000_1,57.813198,10.75747,Under way using engine,-0.4,10.6,351.5,339.0,9319703,TRAM2,GREAT JACOMBO,Tanker,0,42.0,244.0,Combined GPS/GLONASS,15.0,EG_SUEZ,18/02/2025 18:00:00,AIS,POINT (10.75747 57.813198),626226000_1,0 days 00:00:58,-1.4071920307707291e-05,351.90038218634635,0.0,0,5.3301946930370185,57.813198,10.75747
2025-02-05 09:13:02,2025-02-05 09:13:02,Class A,626226000_1,57.816578,10.756538,Under way using engine,-7.5,10.6,350.9,337.0,9319703,TRAM2,GREAT JACOMBO,Tanker,0,42.0,244.0,Combined GPS/GLONASS,15.0,EG_SUEZ,18/02/2025 18:00:00,AIS,POINT (10.756538 57.816578),626226000_1,0 days 00:01:01,2.5847026529039218e-05,351.64484700936646,0.0,0,5.332353898444475,57.816578,10.756538
2025-02-05 09:20:03,2025-02-05 09:20:03,Class A,626226000_1,57.837103,10.750993,Under way using engine,10.0,10.5,352.2,337.0,9319703,TRAM2,GREAT JACOMBO,Tanker,0,42.0,244.0,Combined GPS/GLONASS,15.0,EG_SUEZ,18/02/2025 18:00:00,AIS,POINT (10.750993 57.837103),626226000_1,0 days 00:07:01,-1.785622171796733e-06,351.8162863993256,0.0,0,5.345390684422047,57.837103,10.750993
2025-02-05 09:21:03,2025-02-05 09:21:03,Class A,626226000_1,57.840053,10.7503,Under way using engine,-4.5,10.4,349.4,331.0,9319703,TRAM2,GREAT JACOMBO,Tanker,0,42.0,244.0,Combined GPS/GLONASS,15.0,EG_SUEZ,18/02/2025 18:00:00,AIS,POINT (10.7503 57.840053),626226000_1,0 days 00:01:00,5.464548767654745e-07,352.8726315120564,0.0,0,5.347172929566145,57.840053,10.7503
2025-02-05 09:22:03,2025-02-05 09:22:03,Class A,626226000_1,57.842855,10.749147,Under way using engine,-17.9,10.0,342.1,317.0,9319703,TRAM2,GREAT JACOMBO,Tanker,0,42.0,244.0,Combined GPS/GLONASS,15.0,EG_SUEZ,18/02/2025 18:00:00,AIS,POINT (10.749147 57.842855),626226000_1,0 days 00:01:00,-3.229565336458426e-06,347.64651631485896,0.0,0,5.34932276659859,57.842855,10.749147
2025-02-05 09:23:03,2025-02-05 09:23:03,Class A,626226000_1,57.845127,10.746918,Under way using engine,3.6,8.5,324.0,308.0,9319703,TRAM2,GREAT JACOMBO,Tanker,0,42.0,244.0,Combined GPS/GLONASS,15.0,EG_SUEZ,18/02/2025 18:00:00,AIS,POINT (10.746918 57.845127),626226000_1,0 days 00:01:00,-9.421772140548645e-06,332.4294745568761,0.0,0,5.352259060586004,57.845127,10.746918
2025-02-05 09:24:00,2025-02-05 09:24:00,Class A,626226000_1,57.846698,10.744792,Under way using engine,-14.5,8.7,325.6,305.0,9319703,TRAM2,GREAT JACOMBO,Tanker,0,42.0,244.0,Combined GPS/GLONASS,15.0,EG_SUEZ,18/02/2025 18:00:00,AIS,POINT (10.744792 57.846698),626226000_1,0 days 00:00:57,-1.7092682382265397e-05,324.2390147986082,0.0,0,5.354828356103677,57.846698,10.744792
2025-02-05 09:25:03,2025-02-05 09:25:03,Class A,626226000_1,57.848725,10.741343,Under way using engine,-16.1,8.0,310.5,288.0,9319703,TRAM2,GREAT JACOMBO,Tanker,0,42.0,244.0,Combined GPS/GLONASS,15.0,EG_SUEZ,18/02/2025 18:00:00,AIS,POINT (10.741343 57.848725),626226000_1,0 days 00:01:03,1.671488325624289e-05,317.8404516269547,0.0,0,5.3587939466631855,57.848725,10.741343
2025-02-05 09:26:03,2025-02-05 09:26:03,Class A,626226000_1,57.849808,10.737955,Under way using engine,-7.5,7.2,291.7,275.0,9319703,TRAM2,GREAT JACOMBO,Tanker,0,42.0,244.0,Combined GPS/GLONASS,15.0,EG_SUEZ,18/02/2025 18:00:00,AIS,POINT (10.737955 57.849808),626226000_1,0 days 00:01:00,-1.5481492930488832e-05,300.9943579839409,0.0,0,5.362336539491438,57.849808,10.737955
2025-02-05 09:27:03,2025-02-05 09:27:03,Class A,626226000_1,57.850267,10.734415,Under way using engine,-2.9,6.9,279.0,271.0,9319703,TRAM2,GREAT JACOMBO,Tanker,0,42.0,244.0,Combined GPS/GLONASS,15.0,EG_SUEZ,18/02/2025 18:00:00,AIS,POINT (10.734415 57.850267),626226000_1,0 days 00:01:00,-5.066553521337312e-06,283.69539856804784,0.0,0,5.365776839649037,57.850267,10.734415
2025-02-05 09:28:03,2025-02-05 09:28:03,Class A,626226000_1,57.85051,10.730793,Under way using engine,-6.4,7.1,276.6,270.0,9319703,TRAM2,GREAT JACOMBO,Tanker,0,42.0,244.0,Combined GPS/GLONASS,15.0,EG_SUEZ,18/02/2025 18:00:00,AIS,POINT (10.730793 57.85051),626226000_1,0 days 00:01:00,1.2118257449539172e-07,277.18734358522704,0.0,0,5.369209030008888,57.85051,10.730793
2025-02-05 09:46:02,2025-02-05 09:46:02,Class A,626226000_1,57.852795,10.655263,Under way using engine,-1.6,8.7,272.7,270.0,9319703,TRAM2,GREAT JACOMBO,Tanker,0,42.0,244.0,Combined GPS/GLONASS,15.0,EG_SUEZ,18/02/2025 18:00:00,AIS,POINT (10.655263 57.852795),626226000_1,0 days 00:17:59,5.100019613178359e-07,273.2859777253549,0.0,0,5.439771687645907,57.852795,10.655263
2025-02-05 09:47:02,2025-02-05 09:47:02,Class A,626226000_1,57.852932,10.650737,Under way using engine,1.1,8.6,273.5,270.0,9319703,TRAM2,GREAT JACOMBO,Tanker,0,42.0,244.0,Combined GPS/GLONASS,15.0,EG_SUEZ,18/02/2025 18:00:00,AIS,POINT (10.650737 57.852932),626226000_1,0 days 00:01:00,5.3832211848305575e-06,273.25781849337653,0.0,0,5.444004321179495,57.852932,10.650737
2025-02-05 09:48:02,2025-02-05 09:48:02,Class A,626226000_1,57.853072,10.646213,Under way using engine,-1.6,8.7,273.0,270.0,9319703,TRAM2,GREAT JACOMBO,Tanker,0,42.0,244.0,Combined GPS/GLONASS,15.0,EG_SUEZ,18/02/2025 18:00:00,AIS,POINT (10.646213 57.853072),626226000_1,0 days 00:01:00,-2.7898035445210004e-08,273.3304366395877,0.0,0,5.448236731303531,57.853072,10.646213
2025-02-05 09:49:02,2025-02-05 09:49:02,Class A,626226000_1,57.85322,10.641687,Under way using engine,-2.9,8.6,273.3,269.0,9319703,TRAM2,GREAT JACOMBO,Tanker,0,42.0,244.0,Combined GPS/GLONASS,15.0,EG_SUEZ,18/02/2025 18:00:00,AIS,POINT (10.641687 57.85322),626226000_1,0 days 00:01:00,4.737796976147432e-08,273.51863706739056,0.0,0,5.452474522901047,57.85322,10.641687
2025-02-05 09:50:02,2025-02-05 09:50:02,Class A,626226000_1,57.853332,10.63717,Under way using engine,-5.4,8.6,272.1,269.0,9319703,TRAM2,GREAT JACOMBO,Tanker,0,42.0,244.0,Combined GPS/GLONASS,15.0,EG_SUEZ,18/02/2025 18:00:00,AIS,POINT (10.63717 57.853332),626226000_1,0 days 00:01:00,-2.0846364637501907e-07,272.66995040797957,0.0,0,5.456690696977795,57.853332,10.63717
2025-02-05 10:00:00,2025-02-05 10:00:00,Class A,626226000_1,57.85448,10.592897,Under way using engine,-0.4,8.7,272.7,270.0,9319703,TRAM2,GREAT JACOMBO,Tanker,0,42.0,244.0,Combined GPS/GLONASS,15.0,EG_SUEZ,18/02/2025 18:00:00,AIS,POINT (10.592897 57.85448),626226000_1,0 days 00:09:58,-1.23452296088574e-07,272.80874945255795,0.0,0,5.4980596726595286,57.85448,10.592897
2025-02-05 10:01:02,2025-02-05 10:01:02,Class A,626226000_1,57.854587,10.587633,Under way using engine,-1.6,8.6,271.8,270.0,9319703,TRAM2,GREAT JACOMBO,Tanker,0,42.0,244.0,Combined GPS/GLONASS,15.0,EG_SUEZ,18/02/2025 18:00:00,AIS,POINT (10.587633 57.854587),626226000_1,0 days 00:01:02,1.038155631616098e-05,272.190040961881,0.0,0,5.5029702174234965,57.854587,10.587633
2025-02-05 10:02:02,2025-02-05 10:02:02,Class A,626226000_1,57.854665,10.583105,Under way using engine,2.2,8.7,272.3,270.0,9319703,TRAM2,GREAT JACOMBO,Tanker,0,42.0,244.0,Combined GPS/GLONASS,15.0,EG_SUEZ,18/02/2025 18:00:00,AIS,POINT (10.583105 57.854665),626226000_1,0 days 00:01:00,-9.36013071075142e-06,271.85626376624816,0.0,0,5.507189381822454,57.854665,10.583105
2025-02-05 10:03:02,2025-02-05 10:03:02,Class A,626226000_1,57.854777,10.578553,Under way using engine,-2.2,8.6,273.6,270.0,9319703,TRAM2,GREAT JACOMBO,Tanker,0,42.0,244.0,Combined GPS/GLONASS,15.0,EG_SUEZ,18/02/2025 18:00:00,AIS,POINT (10.578553 57.854777),626226000_1,0 days 00:01:00,4.365603808936542e-07,272.6495863085228,0.0,0,5.511444131101213,57.854777,10.578553
2025-02-05 10:04:03,2025-02-05 10:04:03,Class A,626226000_1,57.854897,10.573993,Under way using engine,0.7,8.7,272.7,270.0,9319703,TRAM2,GREAT JACOMBO,Tanker,0,42.0,244.0,Combined GPS/GLONASS,15.0,EG_SUEZ,18/02/2025 18:00:00,AIS,POINT (10.573993 57.854897),626226000_1,0 days 00:01:01,-1.0731228324786352e-06,272.8334505697655,0.0,0,5.515709790793022,57.854897,10.573993
2025-02-05 10:05:03,2025-02-05 10:05:03,Class A,626226000_1,57.855007,10.569438,Under way using engine,-5.4,8.7,272.3,270.0,9319703,TRAM2,GREAT JACOMBO,Tanker,0,42.0,244.0,Combined GPS/GLONASS,15.0,EG_SUEZ,18/02/2025 18:00:00,AIS,POINT (10.569438 57.855007),626226000_1,0 days 00:01:00,1.1371263366292353e-06,272.6006797467545,0.0,0,5.519967511645789,57.855007,10.569438
2025-02-05 10:06:00,2025-02-05 10:06:00,Class A,626226000_1,57.855088,10.56564,Under way using engine,0.2,8.8,272.5,269.0,9319703,TRAM2,GREAT JACOMBO,Tanker,0,42.0,244.0,Combined GPS/GLONASS,15.0,EG_SUEZ,18/02/2025 18:00:00,AIS,POINT (10.56564 57.855088),626226000_1,0 days 00:00:57,-9.69720401987714e-06,272.2970014929456,0.0,0,5.523513948496917,57.855088,10.56564
2025-02-05 10:07:03,2025-02-05 10:07:03,Class A,626226000_1,57.855142,10.560332,Under way using engine,1.6,8.6,269.4,269.0,9319703,TRAM2,GREAT JACOMBO,Tanker,0,42.0,244.0,Combined GPS/GLONASS,15.0,EG_SUEZ,18/02/2025 18:00:00,AIS,POINT (10.560332 57.855142),626226000_1,0 days 00:01:03,1.6571535250944e-05,271.09764096510906,0.0,0,5.5284485624771795,57.855142,10.560332
2025-02-05 10:08:03,2025-02-05 10:08:03,Class A,626226000_1,57.855158,10.555782,Under way using engine,0.4,8.8,270.3,270.0,9319703,TRAM2,GREAT JACOMBO,Tanker,0,42.0,244.0,Combined GPS/GLONASS,15.0,EG_SUEZ,18/02/2025 18:00:00,AIS,POINT (10.555782 57.855158),626226000_1,0 days 00:01:00,-8.346052080382473e-06,270.3805981201472,0.0,0,5.532667612668594,57.855158,10.555782
2025-02-05 10:22:03,2025-02-05 10:22:03,Class A,626226000_1,57.855035,10.490518,Under way using engine,0.4,9.0,269.2,268.0,9319703,TRAM2,GREAT JACOMBO,Tanker,0,42.0,244.0,Combined GPS/GLONASS,15.0,EG_SUEZ,18/02/2025 18:00:00,AIS,POINT (10.490518 57.855035),626226000_1,0 days 00:14:00,1.315256392127433e-07,269.8246793880157,0.0,0,5.593110012446474,57.855035,10.490518
2025-02-05 10:33:02,2025-02-05 10:33:02,Class A,626226000_1,57.854723,10.437712,Under way using engine,4.5,9.3,269.7,268.0,9319703,TRAM2,GREAT JACOMBO,Tanker,0,42.0,244.0,Combined GPS/GLONASS,15.0,EG_SUEZ,18/02/2025 18:00:00,AIS,POINT (10.437712 57.854723),626226000_1,0 days 00:10:59,2.1984436339686915e-07,269.3861301850393,0.0,0,5.642014764259041,57.854723,10.437712
2025-02-05 10:34:02,2025-02-05 10:34:02,Class A,626226000_1,57.854737,10.432842,Under way using engine,-2.2,9.3,271.1,268.0,9319703,TRAM2,GREAT JACOMBO,Tanker,0,42.0,244.0,Combined GPS/GLONASS,15.0,EG_SUEZ,18/02/2025 18:00:00,AIS,POINT (10.432842 57.854737),626226000_1,0 days 00:01:00,1.0219505249106845e-06,270.3116257961932,0.0,0,5.64654433410037,57.854737,10.432842
2025-02-05 10:35:02,2025-02-05 10:35:02,Class A,626226000_1,57.854762,10.427955,Under way using engine,-1.6,9.3,270.7,268.0,9319703,TRAM2,GREAT JACOMBO,Tanker,0,42.0,244.0,Combined GPS/GLONASS,15.0,EG_SUEZ,18/02/2025 18:00:00,AIS,POINT (10.427955 57.854762),626226000_1,0 days 00:01:00,2.828680583626496e-07,270.55292764156985,0.0,0,5.6510943318837805,57.854762,10.427955
2025-02-05 10:36:01,2025-02-05 10:36:01,Class A,626226000_1,57.85475,10.423813,Under way using engine,-1.1,9.2,269.2,267.0,9319703,TRAM2,GREAT JACOMBO,Tanker,0,42.0,244.0,Combined GPS/GLONASS,15.0,EG_SUEZ,18/02/2025 18:00:00,AIS,POINT (10.423813 57.85475),626226000_1,0 days 00:00:59,-1.1320286918371728e-05,269.68977630074914,0.0,0,5.6549388876246045,57.85475,10.423813
2025-02-05 10:37:02,2025-02-05 10:37:02,Class A,626226000_1,57.854677,10.41821,Under way using engine,2.2,9.3,269.0,267.0,9319703,TRAM2,GREAT JACOMBO,Tanker,0,42.0,244.0,Combined GPS/GLONASS,15.0,EG_SUEZ,18/02/2025 18:00:00,AIS,POINT (10.41821 57.854677),626226000_1,0 days 00:01:01,2.1097119078005314e-05,268.5996521034565,0.0,0,5.660119249642095,57.854677,10.41821
2025-02-05 10:38:02,2025-02-05 10:38:02,Class A,626226000_1,57.854573,10.413327,Under way using engine,1.1,9.2,266.7,267.0,9319703,TRAM2,GREAT JACOMBO,Tanker,0,42.0,244.0,Combined GPS/GLONASS,15.0,EG_SUEZ,18/02/2025 18:00:00,AIS,POINT (10.413327 57.854573),626226000_1,0 days 00:01:00,-1.0322275335501657e-05,267.70977882712145,0.0,0,5.66461969250911,57.854573,10.413327
2025-02-05 10:39:02,2025-02-05 10:39:02,Class A,626226000_1,57.854457,10.408347,Under way using engine,2.9,9.5,267.7,268.0,9319703,TRAM2,GREAT JACOMBO,Tanker,0,42.0,244.0,Combined GPS/GLONASS,15.0,EG_SUEZ,18/02/2025 18:00:00,AIS,POINT (10.408347 57.854457),626226000_1,0 days 00:01:00,1.6141235377166007e-06,267.4953956765966,0.0,0,5.66920653114931,57.854457,10.408347
2025-02-05 10:41:02,2025-02-05 10:41:02,Class A,626226000_1,57.854362,10.398592,Under way using engine,-1.1,9.3,269.0,268.0,9319703,TRAM2,GREAT JACOMBO,Tanker,0,42.0,244.0,Combined GPS/GLONASS,15.0,EG_SUEZ,18/02/2025 18:00:00,AIS,POINT (10.398592 57.854362),626226000_1,0 days 00:02:00,-8.775889747741703e-07,268.95555432575065,0.0,0,5.678241939617931,57.854362,10.398592
2025-02-05 10:42:02,2025-02-05 10:42:02,Class A,626226000_1,57.854315,10.394455,Under way using engine,-6.4,9.4,268.8,266.0,9319703,TRAM2,GREAT JACOMBO,Tanker,0,42.0,244.0,Combined GPS/GLONASS,15.0,EG_SUEZ,18/02/2025 18:00:00,AIS,POINT (10.394455 57.854315),626226000_1,0 days 00:01:00,-1.2210425177436371e-05,268.778551775737,0.0,0,5.682072020755984,57.854315,10.394455
2025-02-05 10:43:02,2025-02-05 10:43:02,Class A,626226000_1,57.854112,10.388868,Under way using engine,-2.2,9.4,265.1,264.0,9319703,TRAM2,GREAT JACOMBO,Tanker,0,42.0,244.0,Combined GPS/GLONASS,15.0,EG_SUEZ,18/02/2025 18:00:00,AIS,POINT (10.388868 57.854112),626226000_1,0 days 00:01:00,2.41126481000969e-05,266.09581754291173,0.0,0,5.687193989956734,57.854112,10.388868
2025-02-05 10:44:02,2025-02-05 10:44:02,Class A,626226000_1,57.853823,10.384007,Under way using engine,4.5,9.4,263.2,265.0,9319703,TRAM2,GREAT JACOMBO,Tanker,0,42.0,244.0,Combined GPS/GLONASS,15.0,EG_SUEZ,18/02/2025 18:00:00,AIS,POINT (10.384007 57.853823),626226000_1,0 days 00:01:00,-1.168976304473781e-05,263.62645829970336,0.0,0,5.691609887949277,57.853823,10.384007
2025-02-05 10:45:02,2025-02-05 10:45:02,Class A,626226000_1,57.853522,10.379132,Under way using engine,-4.5,9.4,263.4,266.0,9319703,TRAM2,GREAT JACOMBO,Tanker,0,42.0,244.0,Combined GPS/GLONASS,15.0,EG_SUEZ,18/02/2025 18:00:00,AIS,POINT (10.379132 57.853522),626226000_1,0 days 00:01:00,2.72003557964199e-07,263.38299689254893,0.0,0,5.696035154698045,57.853522,10.379132
2025-02-05 10:46:02,2025-02-05 10:46:02,Class A,626226000_1,57.853272,10.374235,Under way using engine,5.4,9.4,265.4,267.0,9319703,TRAM2,GREAT JACOMBO,Tanker,0,42.0,244.0,Combined GPS/GLONASS,15.0,EG_SUEZ,18/02/2025 18:00:00,AIS,POINT (10.374235 57.853272),626226000_1,0 days 00:01:00,1.9547323396280786e-07,264.5215480364483,0.0,0,5.700500314381974,57.853272,10.374235
2025-02-05 11:02:01,2025-02-05 11:02:01,Class A,626226000_1,57.84993,10.295697,Under way using engine,-1.1,9.4,266.0,265.0,9319703,TRAM2,GREAT JACOMBO,Tanker,0,42.0,244.0,Combined GPS/GLONASS,15.0,EG_SUEZ,18/02/2025 18:00:00,AIS,POINT (10.295697 57.84993),626226000_1,0 days 00:15:59,1.0538374790925463e-08,265.4610893910229,0.0,0,5.772450542640014,57.84993,10.295697
2025-02-05 11:03:01,2025-02-05 11:03:01,Class A,626226000_1,57.849717,10.290797,Under way using engine,2.2,9.4,265.8,266.0,9319703,TRAM2,GREAT JACOMBO,Tanker,0,42.0,244.0,Combined GPS/GLONASS,15.0,EG_SUEZ,18/02/2025 18:00:00,AIS,POINT (10.290797 57.849717),626226000_1,0 days 00:01:00,-2.1225317853899745e-07,265.33207478939863,0.0,0,5.776943661870522,57.849717,10.290797
2025-02-05 11:04:01,2025-02-05 11:04:01,Class A,626226000_1,57.849518,10.285895,Under way using engine,1.1,9.4,265.1,265.0,9319703,TRAM2,GREAT JACOMBO,Tanker,0,42.0,244.0,Combined GPS/GLONASS,15.0,EG_SUEZ,18/02/2025 18:00:00,AIS,POINT (10.285895 57.849518),626226000_1,0 days 00:01:00,-6.932439550940787e-10,265.63959520782987,0.0,0,5.7814443601011165,57.849518,10.285895
2025-02-05 11:05:01,2025-02-05 11:05:01,Class A,626226000_1,57.849282,10.280997,Under way using engine,1.1,9.5,264.4,265.0,9319703,TRAM2,GREAT JACOMBO,Tanker,0,42.0,244.0,Combined GPS/GLONASS,15.0,EG_SUEZ,18/02/2025 18:00:00,AIS,POINT (10.280997 57.849282),626226000_1,0 days 00:01:00,2.9704916266389916e-08,264.82836423171966,0.0,0,5.785928665512652,57.849282,10.280997
2025-02-05 11:06:00,2025-02-05 11:06:00,Class A,626226000_1,57.849077,10.276912,Under way using engine,0.0,9.4,264.0,266.0,9319703,TRAM2,GREAT JACOMBO,Tanker,0,42.0,244.0,Combined GPS/GLONASS,15.0,EG_SUEZ,18/02/2025 18:00:00,AIS,POINT (10.276912 57.849077),626226000_1,0 days 00:00:59,-1.2502477464736986e-05,264.61446744266055,0.0,0,5.7896662185847125,57.849077,10.276912
2025-02-05 11:08:03,2025-02-05 11:08:03,Class A,626226000_1,57.848607,10.266173,Under way using engine,-2.9,9.2,264.7,265.0,9319703,TRAM2,GREAT JACOMBO,Tanker,0,42.0,244.0,Combined GPS/GLONASS,15.0,EG_SUEZ,18/02/2025 18:00:00,AIS,POINT (10.266173 57.848607),626226000_1,0 days 00:02:03,8.718962301791546e-06,265.3029815037845,0.0,0,5.799518835269871,57.848607,10.266173
2025-02-05 11:36:02,2025-02-05 11:36:02,Class A,626226000_1,57.847927,10.12897,Under way using engine,0.4,9.6,275.0,272.0,9319703,TRAM2,GREAT JACOMBO,Tanker,0,42.0,244.0,Combined GPS/GLONASS,15.0,EG_SUEZ,18/02/2025 18:00:00,AIS,POINT (10.12897 57.847927),626226000_1,0 days 00:27:59,-2.079844289260934e-07,269.52448768211593,0.0,0,5.927539426271999,57.847927,10.12897
2025-02-05 11:37:02,2025-02-05 11:37:02,Class A,626226000_1,57.848142,10.123945,Under way using engine,0.0,9.6,273.7,272.0,9319703,TRAM2,GREAT JACOMBO,Tanker,0,42.0,244.0,Combined GPS/GLONASS,15.0,EG_SUEZ,18/02/2025 18:00:00,AIS,POINT (10.123945 57.848142),626226000_1,0 days 00:01:00,2.275502398180962e-06,274.598806272419,0.0,0,5.932320102726167,57.848142,10.123945
2025-02-05 11:38:02,2025-02-05 11:38:02,Class A,626226000_1,57.848363,10.118915,Under way using engine,-2.9,9.7,275.5,273.0,9319703,TRAM2,GREAT JACOMBO,Tanker,0,42.0,244.0,Combined GPS/GLONASS,15.0,EG_SUEZ,18/02/2025 18:00:00,AIS,POINT (10.118915 57.848363),626226000_1,0 days 00:01:00,9.67520262418082e-08,274.7218684367297,0.0,0,5.937107977028042,57.848363,10.118915
2025-02-05 11:39:02,2025-02-05 11:39:02,Class A,626226000_1,57.84859,10.113867,Under way using engine,-4.5,9.7,274.9,273.0,9319703,TRAM2,GREAT JACOMBO,Tanker,0,42.0,244.0,Combined GPS/GLONASS,15.0,EG_SUEZ,18/02/2025 18:00:00,AIS,POINT (10.113867 57.84859),626226000_1,0 days 00:01:00,3.1079500619128444e-07,274.8322388038356,0.0,0,5.941915220797498,57.84859,10.113867
2025-02-05 12:13:03,2025-02-05 12:13:03,Class A,626226000_1,57.851218,9.938045,Under way using engine,-1.6,10.2,271.5,271.0,9319703,TRAM2,GREAT JACOMBO,Tanker,0,42.0,244.0,Combined GPS/GLONASS,15.0,EG_SUEZ,18/02/2025 18:00:00,AIS,POINT (9.938045 57.851218),626226000_1,0 days 00:34:01,5.072392514440452e-08,271.68335300778034,0.0,0,6.107795501565602,57.851218,9.938045
2025-02-05 12:14:03,2025-02-05 12:14:03,Class A,626226000_1,57.851248,9.932767,Under way using engine,6.4,10.1,269.5,271.0,9319703,TRAM2,GREAT JACOMBO,Tanker,0,42.0,244.0,Combined GPS/GLONASS,15.0,EG_SUEZ,18/02/2025 18:00:00,AIS,POINT (9.932767 57.851248),626226000_1,0 days 00:01:00,1.771086876190594e-06,270.6142307821016,0.0,0,6.112766995261392,57.851248,9.932767
2025-02-05 12:15:03,2025-02-05 12:15:03,Class A,626226000_1,57.851277,9.92749,Under way using engine,-3.6,10.1,271.2,271.0,9319703,TRAM2,GREAT JACOMBO,Tanker,0,42.0,244.0,Combined GPS/GLONASS,15.0,EG_SUEZ,18/02/2025 18:00:00,AIS,POINT (9.92749 57.851277),626226000_1,0 days 00:01:00,-1.6888473568854474e-08,270.5939445392033,0.0,0,6.117737721681848,57.851277,9.92749
2025-02-05 13:53:02,2025-02-05 13:53:02,Class A,626226000_1,57.806155,9.440697,Under way using engine,0.0,9.7,243.0,244.0,9319703,TRAM2,GREAT JACOMBO,Tanker,0,42.0,244.0,Combined GPS/GLONASS,15.0,EG_SUEZ,18/02/2025 18:00:00,AIS,POINT (9.440697 57.806155),626226000_1,0 days 01:37:59,-3.898320392766614e-08,260.3306673320312,98.0,1,6.563318889818625,57.806155,9.440697
2025-02-05 13:55:02,2025-02-05 13:55:02,Class A,626226000_1,57.8038,9.431528,Under way using engine,2.9,9.7,244.0,244.0,9319703,TRAM2,GREAT JACOMBO,Tanker,0,42.0,244.0,Combined GPS/GLONASS,15.0,EG_SUEZ,18/02/2025 18:00:00,AIS,POINT (9.431528 57.8038),626226000_1,0 days 00:02:00,3.9896382055434945e-07,244.26695239592834,0.0,0,6.571303904457928,57.8038,9.431528
2025-02-05 13:57:02,2025-02-05 13:57:02,Class A,626226000_1,57.80145,9.422385,Under way using engine,-3.6,9.7,243.9,243.0,9319703,TRAM2,GREAT JACOMBO,Tanker,0,42.0,244.0,Combined GPS/GLONASS,15.0,EG_SUEZ,18/02/2025 18:00:00,AIS,POINT (9.422385 57.80145),626226000_1,0 days 00:02:00,-1.1128742067415189e-07,244.25239165223076,0.0,0,6.57926967067873,57.80145,9.422385
2025-02-05 16:19:03,2025-02-05 16:19:03,Class A,626226000_1,57.634252,8.798007,Under way using engine,-4.5,9.7,247.8,245.0,9319703,TRAM2,GREAT JACOMBO,Tanker,0,42.0,244.0,Combined GPS/GLONASS,15.0,EG_SUEZ,18/02/2025 18:00:00,AIS,POINT (8.798007 57.634252),626226000_1,0 days 02:22:01,-1.6975158827502044e-08,243.6357474187896,142.0,1,7.130010532543482,57.634252,8.798007
2025-02-05 16:20:03,2025-02-05 16:20:03,Class A,626226000_1,57.633225,8.793385,Under way using engine,2.2,9.6,246.9,245.0,9319703,TRAM2,GREAT JACOMBO,Tanker,0,42.0,244.0,Combined GPS/GLONASS,15.0,EG_SUEZ,18/02/2025 18:00:00,AIS,POINT (8.793385 57.633225),626226000_1,0 days 00:01:00,1.6266445938715375e-06,247.46017569904666,0.0,0,7.134202397362861,57.633225,8.793385
2025-02-05 16:21:03,2025-02-05 16:21:03,Class A,626226000_1,57.632153,8.788792,Under way using engine,2.9,9.6,246.6,245.0,9319703,TRAM2,GREAT JACOMBO,Tanker,0,42.0,244.0,Combined GPS/GLONASS,15.0,EG_SUEZ,18/02/2025 18:00:00,AIS,POINT (8.788792 57.632153),626226000_1,0 days 00:01:00,1.0326381533499554e-07,246.44579622280065,0.0,0,7.138355187164406,57.632153,8.788792
2025-02-05 16:22:03,2025-02-05 16:22:03,Class A,626226000_1,57.631112,8.784168,Under way using engine,3.6,9.7,247.6,246.0,9319703,TRAM2,GREAT JACOMBO,Tanker,0,42.0,244.0,Combined GPS/GLONASS,15.0,EG_SUEZ,18/02/2025 18:00:00,AIS,POINT (8.784168 57.631112),626226000_1,0 days 00:01:00,9.81512228870734e-08,247.1942316793374,0.0,0,7.142546695080125,57.631112,8.784168
2025-02-05 16:23:03,2025-02-05 16:23:03,Class A,626226000_1,57.630122,8.779498,Under way using engine,0.7,9.7,248.4,247.0,9319703,TRAM2,GREAT JACOMBO,Tanker,0,42.0,244.0,Combined GPS/GLONASS,15.0,EG_SUEZ,18/02/2025 18:00:00,AIS,POINT (8.779498 57.630122),626226000_1,0 days 00:01:00,1.1364316897166313e-07,248.40000490283944,0.0,0,7.146796596210081,57.630122,8.779498
2025-02-05 16:24:03,2025-02-05 16:24:03,Class A,626226000_1,57.629145,8.774803,Under way using engine,-1.6,9.7,248.1,246.0,9319703,TRAM2,GREAT JACOMBO,Tanker,0,42.0,244.0,Combined GPS/GLONASS,15.0,EG_SUEZ,18/02/2025 18:00:00,AIS,POINT (8.774803 57.629145),626226000_1,0 days 00:01:00,2.416313488152125e-07,248.7620305266457,0.0,0,7.151074681690438,57.629145,8.774803
2025-02-05 16:25:03,2025-02-05 16:25:03,Class A,626226000_1,57.628123,8.770145,Under way using engine,0.0,9.8,246.9,245.0,9319703,TRAM2,GREAT JACOMBO,Tanker,0,42.0,244.0,Combined GPS/GLONASS,15.0,EG_SUEZ,18/02/2025 18:00:00,AIS,POINT (8.770145 57.628123),626226000_1,0 days 00:01:00,-5.3164817974289216e-08,247.71827725850903,0.0,0,7.15530598903569,57.628123,8.770145
2025-02-05 16:26:03,2025-02-05 16:26:03,Class A,626226000_1,57.62707,8.765515,Under way using engine,-5.4,9.7,247.3,245.0,9319703,TRAM2,GREAT JACOMBO,Tanker,0,42.0,244.0,Combined GPS/GLONASS,15.0,EG_SUEZ,18/02/2025 18:00:00,AIS,POINT (8.765515 57.62707),626226000_1,0 days 00:01:00,-5.824223224076425e-08,246.987678117833,0.0,0,7.159502877473617,57.62707,8.765515
2025-02-05 16:29:03,2025-02-05 16:29:03,Class A,626226000_1,57.623993,8.751492,Under way using engine,-1.1,9.7,249.7,247.0,9319703,TRAM2,GREAT JACOMBO,Tanker,0,42.0,244.0,Combined GPS/GLONASS,15.0,EG_SUEZ,18/02/2025 18:00:00,AIS,POINT (8.751492 57.623993),626226000_1,0 days 00:03:00,1.1939511893978178e-07,247.72232196644188,0.0,0,7.172247368307718,57.623993,8.751492
2025-02-05 16:30:03,2025-02-05 16:30:03,Class A,626226000_1,57.623,8.746757,Under way using engine,0.0,9.7,248.3,245.0,9319703,TRAM2,GREAT JACOMBO,Tanker,0,42.0,244.0,Combined GPS/GLONASS,15.0,EG_SUEZ,18/02/2025 18:00:00,AIS,POINT (8.746757 57.623),626226000_1,0 days 00:01:00,5.637295157884132e-07,248.61476565449357,0.0,0,7.176563937228246,57.623,8.746757
2025-02-05 16:32:02,2025-02-05 16:32:02,Class A,626226000_1,57.620787,8.737598,Under way using engine,1.1,9.6,245.7,245.0,9319703,TRAM2,GREAT JACOMBO,Tanker,0,42.0,244.0,Combined GPS/GLONASS,15.0,EG_SUEZ,18/02/2025 18:00:00,AIS,POINT (8.737598 57.620787),626226000_1,0 days 00:01:59,-1.591079541454322e-07,245.71889996812808,0.0,0,7.1848400149637985,57.620787,8.737598
2025-02-05 16:33:02,2025-02-05 16:33:02,Class A,626226000_1,57.619688,8.732963,Under way using engine,-3.6,9.7,247.7,247.0,9319703,TRAM2,GREAT JACOMBO,Tanker,0,42.0,244.0,Combined GPS/GLONASS,15.0,EG_SUEZ,18/02/2025 18:00:00,AIS,POINT (8.732963 57.619688),626226000_1,0 days 00:01:00,4.942205280893235e-08,246.12025925821507,0.0,0,7.18903466979406,57.619688,8.732963
2025-02-05 16:34:02,2025-02-05 16:34:02,Class A,626226000_1,57.618687,8.72825,Under way using engine,1.6,9.8,248.7,247.0,9319703,TRAM2,GREAT JACOMBO,Tanker,0,42.0,244.0,Combined GPS/GLONASS,15.0,EG_SUEZ,18/02/2025 18:00:00,AIS,POINT (8.72825 57.618687),626226000_1,0 days 00:01:00,2.5536847336705622e-08,248.36922132371689,0.0,0,7.193330637828975,57.618687,8.72825
2025-02-05 16:35:03,2025-02-05 16:35:03,Class A,626226000_1,57.617705,8.72343,Under way using engine,-2.9,9.8,248.3,246.0,9319703,TRAM2,GREAT JACOMBO,Tanker,0,42.0,244.0,Combined GPS/GLONASS,15.0,EG_SUEZ,18/02/2025 18:00:00,AIS,POINT (8.72343 57.617705),626226000_1,0 days 00:01:01,4.187505121812135e-08,249.17447849658964,0.0,0,7.197735554066501,57.617705,8.72343
2025-02-05 16:36:03,2025-02-05 16:36:03,Class A,626226000_1,57.616673,8.71875,Under way using engine,2.2,9.8,246.3,244.0,9319703,TRAM2,GREAT JACOMBO,Tanker,0,42.0,244.0,Combined GPS/GLONASS,15.0,EG_SUEZ,18/02/2025 18:00:00,AIS,POINT (8.71875 57.616673),626226000_1,0 days 00:01:00,-1.8789785689793276e-07,247.6234355400677,0.0,0,7.2019929893207335,57.616673,8.71875
2025-02-05 16:41:02,2025-02-05 16:41:02,Class A,626226000_1,57.61133,8.695518,Under way using engine,2.2,9.8,246.2,245.0,9319703,TRAM2,GREAT JACOMBO,Tanker,0,42.0,244.0,Combined GPS/GLONASS,15.0,EG_SUEZ,18/02/2025 18:00:00,AIS,POINT (8.695518 57.61133),626226000_1,0 days 00:04:59,4.229835475398729e-08,246.7721099636267,0.0,0,7.223081048377071,57.61133,8.695518
2025-02-05 16:42:02,2025-02-05 16:42:02,Class A,626226000_1,57.610248,8.690887,Under way using engine,-4.5,9.8,246.6,245.0,9319703,TRAM2,GREAT JACOMBO,Tanker,0,42.0,244.0,Combined GPS/GLONASS,15.0,EG_SUEZ,18/02/2025 18:00:00,AIS,POINT (8.690887 57.610248),626226000_1,0 days 00:01:00,-3.4480191576583227e-07,246.43651400038067,0.0,0,7.2272824027650255,57.610248,8.690887
2025-02-05 16:43:02,2025-02-05 16:43:02,Class A,626226000_1,57.609167,8.686265,Under way using engine,-2.2,9.8,247.8,246.0,9319703,TRAM2,GREAT JACOMBO,Tanker,0,42.0,244.0,Combined GPS/GLONASS,15.0,EG_SUEZ,18/02/2025 18:00:00,AIS,POINT (8.686265 57.609167),626226000_1,0 days 00:01:00,-1.4726817532294382e-07,246.41569752126628,0.0,0,7.231475995764211,57.609167,8.686265
2025-02-05 16:44:02,2025-02-05 16:44:02,Class A,626226000_1,57.608107,8.681628,Under way using engine,0.7,9.8,246.5,246.0,9319703,TRAM2,GREAT JACOMBO,Tanker,0,42.0,244.0,Combined GPS/GLONASS,15.0,EG_SUEZ,18/02/2025 18:00:00,AIS,POINT (8.681628 57.608107),626226000_1,0 days 00:01:00,-2.6235249137232287e-08,246.89283050575125,0.0,0,7.235690123403916,57.608107,8.681628
2025-02-05 16:45:02,2025-02-05 16:45:02,Class A,626226000_1,57.607063,8.67698,Under way using engine,2.9,9.8,247.4,246.0,9319703,TRAM2,GREAT JACOMBO,Tanker,0,42.0,244.0,Combined GPS/GLONASS,15.0,EG_SUEZ,18/02/2025 18:00:00,AIS,POINT (8.67698 57.607063),626226000_1,0 days 00:01:00,-2.219584080318029e-08,247.25480153140927,0.0,0,7.239919629645414,57.607063,8.67698
2025-02-05 16:46:03,2025-02-05 16:46:03,Class A,626226000_1,57.60601,8.672348,Under way using engine,-1.6,9.6,246.3,245.0,9319703,TRAM2,GREAT JACOMBO,Tanker,0,42.0,244.0,Combined GPS/GLONASS,15.0,EG_SUEZ,18/02/2025 18:00:00,AIS,POINT (8.672348 57.60601),626226000_1,0 days 00:01:01,-1.4794981513138705e-06,247.0085246458084,0.0,0,7.244132038167444,57.60601,8.672348
2025-02-05 16:47:03,2025-02-05 16:47:03,Class A,626226000_1,57.604933,8.667732,Under way using engine,2.9,9.7,245.5,246.0,9319703,TRAM2,GREAT JACOMBO,Tanker,0,42.0,244.0,Combined GPS/GLONASS,15.0,EG_SUEZ,18/02/2025 18:00:00,AIS,POINT (8.667732 57.604933),626226000_1,0 days 00:01:00,1.4200228773297851e-06,246.46869430477335,0.0,0,7.248323547193309,57.604933,8.667732
2025-02-05 16:48:02,2025-02-05 16:48:02,Class A,626226000_1,57.60404,8.663875,Under way using engine,-2.2,9.8,246.6,246.0,9319703,TRAM2,GREAT JACOMBO,Tanker,0,42.0,244.0,Combined GPS/GLONASS,15.0,EG_SUEZ,18/02/2025 18:00:00,AIS,POINT (8.663875 57.60404),626226000_1,0 days 00:00:59,-1.2858548276482427e-05,246.63021134660227,0.0,0,7.251828123777685,57.60404,8.663875
2025-02-05 16:49:03,2025-02-05 16:49:03,Class A,626226000_1,57.602795,8.658472,Under way using engine,1.1,9.7,246.7,246.0,9319703,TRAM2,GREAT JACOMBO,Tanker,0,42.0,244.0,Combined GPS/GLONASS,15.0,EG_SUEZ,18/02/2025 18:00:00,AIS,POINT (8.658472 57.602795),626226000_1,0 days 00:01:01,2.469507696877355e-05,246.7306346732115,0.0,0,7.256739728015949,57.602795,8.658472
2025-02-05 16:50:03,2025-02-05 16:50:03,Class A,626226000_1,57.601733,8.653832,Under way using engine,-0.7,9.7,247.1,246.0,9319703,TRAM2,GREAT JACOMBO,Tanker,0,42.0,244.0,Combined GPS/GLONASS,15.0,EG_SUEZ,18/02/2025 18:00:00,AIS,POINT (8.653832 57.601733),626226000_1,0 days 00:01:00,-1.227362166201336e-05,246.87083838250737,0.0,0,7.2609602694958335,57.601733,8.653832
2025-02-05 16:51:03,2025-02-05 16:51:03,Class A,626226000_1,57.600678,8.649177,Under way using engine,-3.6,9.7,246.7,245.0,9319703,TRAM2,GREAT JACOMBO,Tanker,0,42.0,244.0,Combined GPS/GLONASS,15.0,EG_SUEZ,18/02/2025 18:00:00,AIS,POINT (8.649177 57.600678),626226000_1,0 days 00:01:00,1.4681572626865092e-07,247.0744372518749,0.0,0,7.265197759173319,57.600678,8.649177
2025-02-05 16:52:03,2025-02-05 16:52:03,Class A,626226000_1,57.59959,8.644547,Under way using engine,2.9,9.8,245.4,245.0,9319703,TRAM2,GREAT JACOMBO,Tanker,0,42.0,244.0,Combined GPS/GLONASS,15.0,EG_SUEZ,18/02/2025 18:00:00,AIS,POINT (8.644547 57.59959),626226000_1,0 days 00:01:00,2.3848641560186846e-08,246.32181164489177,0.0,0,7.269403398586778,57.59959,8.644547
2025-02-05 16:53:03,2025-02-05 16:53:03,Class A,626226000_1,57.598468,8.639852,Under way using engine,3.6,9.9,245.9,246.0,9319703,TRAM2,GREAT JACOMBO,Tanker,0,42.0,244.0,Combined GPS/GLONASS,15.0,EG_SUEZ,18/02/2025 18:00:00,AIS,POINT (8.639852 57.598468),626226000_1,0 days 00:01:00,1.4145355096688294e-06,245.96577920620996,0.0,0,7.273664056344092,57.598468,8.639852
2025-02-05 16:54:01,2025-02-05 16:54:01,Class A,626226000_1,57.597577,8.636068,Under way using engine,0.0,9.8,246.5,246.0,9319703,TRAM2,GREAT JACOMBO,Tanker,0,42.0,244.0,Combined GPS/GLONASS,15.0,EG_SUEZ,18/02/2025 18:00:00,AIS,POINT (8.636068 57.597577),626226000_1,0 days 00:00:58,-1.4855339522921446e-05,246.28001299079492,0.0,0,7.277101851776227,57.597577,8.636068
2025-02-05 16:56:03,2025-02-05 16:56:03,Class A,626226000_1,57.595268,8.625833,Under way using engine,1.1,9.8,246.6,245.0,9319703,TRAM2,GREAT JACOMBO,Tanker,0,42.0,244.0,Combined GPS/GLONASS,15.0,EG_SUEZ,18/02/2025 18:00:00,AIS,POINT (8.625833 57.595268),626226000_1,0 days 00:02:02,9.685727841798407e-06,247.1738491273089,0.0,0,7.286428046310551,57.595268,8.625833
2025-02-05 16:57:03,2025-02-05 16:57:03,Class A,626226000_1,57.594167,8.621167,Under way using engine,3.6,9.9,245.5,245.0,9319703,TRAM2,GREAT JACOMBO,Tanker,0,42.0,244.0,Combined GPS/GLONASS,15.0,EG_SUEZ,18/02/2025 18:00:00,AIS,POINT (8.621167 57.594167),626226000_1,0 days 00:01:00,-6.029057158891295e-06,246.23776544547545,0.0,0,7.290668662241207,57.594167,8.621167
2025-02-05 16:58:03,2025-02-05 16:58:03,Class A,626226000_1,57.593037,8.616525,Under way using engine,-3.6,9.8,246.5,245.0,9319703,TRAM2,GREAT JACOMBO,Tanker,0,42.0,244.0,Combined GPS/GLONASS,15.0,EG_SUEZ,18/02/2025 18:00:00,AIS,POINT (8.616525 57.593037),626226000_1,0 days 00:01:00,3.806860148005779e-09,245.57315190725558,0.0,0,7.294879466540486,57.593037,8.616525
2025-02-05 16:59:03,2025-02-05 16:59:03,Class A,626226000_1,57.591932,8.611858,Under way using engine,3.6,9.9,246.6,246.0,9319703,TRAM2,GREAT JACOMBO,Tanker,0,42.0,244.0,Combined GPS/GLONASS,15.0,EG_SUEZ,18/02/2025 18:00:00,AIS,POINT (8.611858 57.591932),626226000_1,0 days 00:01:00,6.55946615471352e-08,246.1668801366867,0.0,0,7.299121426891047,57.591932,8.611858
2025-02-05 17:00:03,2025-02-05 17:00:03,Class A,626226000_1,57.590883,8.60715,Under way using engine,3.6,9.8,247.0,247.0,9319703,TRAM2,GREAT JACOMBO,Tanker,0,42.0,244.0,Combined GPS/GLONASS,15.0,EG_SUEZ,18/02/2025 18:00:00,AIS,POINT (8.60715 57.590883),626226000_1,0 days 00:01:00,-5.3189757902074214e-08,247.42783630882815,0.0,0,7.30341776256466,57.590883,8.60715
2025-02-05 17:01:01,2025-02-05 17:01:01,Class A,626226000_1,57.5899,8.602582,Under way using engine,-3.6,9.8,247.0,245.0,9319703,TRAM2,GREAT JACOMBO,Tanker,0,42.0,244.0,Combined GPS/GLONASS,15.0,EG_SUEZ,18/02/2025 18:00:00,AIS,POINT (8.602582 57.5899),626226000_1,0 days 00:00:58,-1.071217158860516e-07,248.1263444284977,0.0,0,7.3075956540096,57.5899,8.602582
2025-02-05 17:02:01,2025-02-05 17:02:01,Class A,626226000_1,57.588833,8.597913,Under way using engine,-2.9,9.7,245.9,244.0,9319703,TRAM2,GREAT JACOMBO,Tanker,0,42.0,244.0,Combined GPS/GLONASS,15.0,EG_SUEZ,18/02/2025 18:00:00,AIS,POINT (8.597913 57.588833),626226000_1,0 days 00:01:00,-2.7401288229606086e-07,246.90990658255726,0.0,0,7.311851018932621,57.588833,8.597913
2025-02-05 17:03:01,2025-02-05 17:03:01,Class A,626226000_1,57.5877,8.593317,Under way using engine,-3.6,9.7,244.6,245.0,9319703,TRAM2,GREAT JACOMBO,Tanker,0,42.0,244.0,Combined GPS/GLONASS,15.0,EG_SUEZ,18/02/2025 18:00:00,AIS,POINT (8.593317 57.5877),626226000_1,0 days 00:01:00,-2.813712348777713e-07,245.30314010996344,0.0,0,7.316019911400254,57.5877,8.593317
2025-02-05 17:04:01,2025-02-05 17:04:01,Class A,626226000_1,57.586583,8.588715,Under way using engine,-1.6,9.8,246.6,246.0,9319703,TRAM2,GREAT JACOMBO,Tanker,0,42.0,244.0,Combined GPS/GLONASS,15.0,EG_SUEZ,18/02/2025 18:00:00,AIS,POINT (8.588715 57.586583),626226000_1,0 days 00:01:00,-1.1231432855217672e-07,245.6398258447781,0.0,0,7.320199280684235,57.586583,8.588715
2025-02-05 17:05:01,2025-02-05 17:05:01,Class A,626226000_1,57.585535,8.584057,Under way using engine,-2.9,9.7,247.6,246.0,9319703,TRAM2,GREAT JACOMBO,Tanker,0,42.0,244.0,Combined GPS/GLONASS,15.0,EG_SUEZ,18/02/2025 18:00:00,AIS,POINT (8.584057 57.585535),626226000_1,0 days 00:01:00,3.154555882223936e-09,247.23266978221253,0.0,0,7.324450709603417,57.585535,8.584057
2025-02-05 17:06:01,2025-02-05 17:06:01,Class A,626226000_1,57.58467,8.580165,Under way using engine,1.1,9.8,246.5,246.0,9319703,TRAM2,GREAT JACOMBO,Tanker,0,42.0,244.0,Combined GPS/GLONASS,15.0,EG_SUEZ,18/02/2025 18:00:00,AIS,POINT (8.580165 57.58467),626226000_1,0 days 00:01:00,-1.392383590562954e-05,247.48220211034212,0.0,0,7.328006137057543,57.58467,8.580165
2025-02-05 17:07:02,2025-02-05 17:07:02,Class A,626226000_1,57.583387,8.574695,Under way using engine,-1.1,9.7,246.1,246.0,9319703,TRAM2,GREAT JACOMBO,Tanker,0,42.0,244.0,Combined GPS/GLONASS,15.0,EG_SUEZ,18/02/2025 18:00:00,AIS,POINT (8.574695 57.583387),626226000_1,0 days 00:01:01,2.7114501136164685e-05,246.37069569587413,0.0,0,7.332987178935608,57.583387,8.574695
2025-02-05 17:08:02,2025-02-05 17:08:02,Class A,626226000_1,57.582307,8.57007,Under way using engine,3.6,9.6,246.2,246.0,9319703,TRAM2,GREAT JACOMBO,Tanker,0,42.0,244.0,Combined GPS/GLONASS,15.0,EG_SUEZ,18/02/2025 18:00:00,AIS,POINT (8.57007 57.582307),626226000_1,0 days 00:01:00,-1.3752024228148039e-05,246.46425653892544,0.0,0,7.337200661847064,57.582307,8.57007
2025-02-05 17:09:02,2025-02-05 17:09:02,Class A,626226000_1,57.581217,8.565452,Under way using engine,2.9,9.7,245.0,245.0,9319703,TRAM2,GREAT JACOMBO,Tanker,0,42.0,244.0,Combined GPS/GLONASS,15.0,EG_SUEZ,18/02/2025 18:00:00,AIS,POINT (8.565452 57.581217),626226000_1,0 days 00:01:00,1.941215357479919e-08,246.23894595188403,0.0,0,7.341405544249752,57.581217,8.565452
2025-02-05 17:10:02,2025-02-05 17:10:02,Class A,626226000_1,57.580113,8.560847,Under way using engine,6.4,9.7,245.1,245.0,9319703,TRAM2,GREAT JACOMBO,Tanker,0,42.0,244.0,Combined GPS/GLONASS,15.0,EG_SUEZ,18/02/2025 18:00:00,AIS,POINT (8.560847 57.580113),626226000_1,0 days 00:01:00,-2.0033231655474056e-08,245.90861722244512,0.0,0,7.345595030275082,57.580113,8.560847
2025-02-05 17:11:02,2025-02-05 17:11:02,Class A,626226000_1,57.579027,8.55623,Under way using engine,2.9,9.7,246.5,246.0,9319703,TRAM2,GREAT JACOMBO,Tanker,0,42.0,244.0,Combined GPS/GLONASS,15.0,EG_SUEZ,18/02/2025 18:00:00,AIS,POINT (8.55623 57.579027),626226000_1,0 days 00:01:00,-4.0673787478611585e-08,246.31323855100257,0.0,0,7.349801247928342,57.579027,8.55623
2025-02-05 17:12:00,2025-02-05 17:12:00,Class A,626226000_1,57.57816,8.552435,Under way using engine,1.6,9.8,246.9,246.0,9319703,TRAM2,GREAT JACOMBO,Tanker,0,42.0,244.0,Combined GPS/GLONASS,15.0,EG_SUEZ,18/02/2025 18:00:00,AIS,POINT (8.552435 57.57816),626226000_1,0 days 00:00:58,-1.3305291906633612e-05,246.92199693615729,0.0,0,7.353265409719208,57.57816,8.552435
2025-02-05 17:13:03,2025-02-05 17:13:03,Class A,626226000_1,57.576922,8.54691,Under way using engine,-6.4,9.9,247.6,246.0,9319703,TRAM2,GREAT JACOMBO,Tanker,0,42.0,244.0,Combined GPS/GLONASS,15.0,EG_SUEZ,18/02/2025 18:00:00,AIS,POINT (8.54691 57.576922),626226000_1,0 days 00:01:03,2.2716653562167273e-05,247.32118214633408,0.0,0,7.358315483406783,57.576922,8.54691
2025-02-05 17:14:03,2025-02-05 17:14:03,Class A,626226000_1,57.575858,8.542245,Under way using engine,-4.5,9.8,246.9,245.0,9319703,TRAM2,GREAT JACOMBO,Tanker,0,42.0,244.0,Combined GPS/GLONASS,15.0,EG_SUEZ,18/02/2025 18:00:00,AIS,POINT (8.542245 57.575858),626226000_1,0 days 00:01:00,-1.0521524370258352e-05,246.95772354749027,0.0,0,7.362575579036523,57.575858,8.542245
2025-02-05 17:15:03,2025-02-05 17:15:03,Class A,626226000_1,57.574775,8.537592,Under way using engine,3.6,9.8,246.9,245.0,9319703,TRAM2,GREAT JACOMBO,Tanker,0,42.0,244.0,Combined GPS/GLONASS,15.0,EG_SUEZ,18/02/2025 18:00:00,AIS,POINT (8.537592 57.574775),626226000_1,0 days 00:01:00,5.049517156602579e-08,246.53694898759477,0.0,0,7.36682002192296,57.574775,8.537592
2025-02-05 17:16:03,2025-02-05 17:16:03,Class A,626226000_1,57.573678,8.532943,Under way using engine,-2.2,9.7,246.8,245.0,9319703,TRAM2,GREAT JACOMBO,Tanker,0,42.0,244.0,Combined GPS/GLONASS,15.0,EG_SUEZ,18/02/2025 18:00:00,AIS,POINT (8.532943 57.573678),626226000_1,0 days 00:01:00,1.1435352984653114e-07,246.24943796406163,0.0,0,7.371057806507897,57.573678,8.532943
2025-02-05 17:17:03,2025-02-05 17:17:03,Class A,626226000_1,57.572588,8.528288,Under way using engine,-3.6,9.8,246.6,246.0,9319703,TRAM2,GREAT JACOMBO,Tanker,0,42.0,244.0,Combined GPS/GLONASS,15.0,EG_SUEZ,18/02/2025 18:00:00,AIS,POINT (8.528288 57.572588),626226000_1,0 days 00:01:00,6.681008729277418e-09,246.4121130364261,0.0,0,7.375303781348671,57.572588,8.528288
2025-02-05 17:18:00,2025-02-05 17:18:00,Class A,626226000_1,57.571738,8.524448,Under way using engine,3.6,9.8,247.8,247.0,9319703,TRAM2,GREAT JACOMBO,Tanker,0,42.0,244.0,Combined GPS/GLONASS,15.0,EG_SUEZ,18/02/2025 18:00:00,AIS,POINT (8.524448 57.571738),626226000_1,0 days 00:00:57,-1.2353074429518155e-05,247.57119119346459,0.0,0,7.378818889488752,57.571738,8.524448
2025-02-05 17:21:02,2025-02-05 17:21:02,Class A,626226000_1,57.568428,8.509422,Under way using engine,-0.7,9.8,246.6,244.0,9319703,TRAM2,GREAT JACOMBO,Tanker,0,42.0,244.0,Combined GPS/GLONASS,15.0,EG_SUEZ,18/02/2025 18:00:00,AIS,POINT (8.509422 57.568428),626226000_1,0 days 00:03:02,5.382894150237801e-06,247.67475233981614,0.0,0,7.392581544232838,57.568428,8.509422
2025-02-05 17:30:03,2025-02-05 17:30:03,Class A,626226000_1,57.559145,8.468272,Under way using engine,0.4,10.1,248.8,246.0,9319703,TRAM2,GREAT JACOMBO,Tanker,0,42.0,244.0,Combined GPS/GLONASS,15.0,EG_SUEZ,18/02/2025 18:00:00,AIS,POINT (8.468272 57.559145),626226000_1,0 days 00:09:01,-7.435845717106989e-07,247.2060935419703,0.0,0,7.430251700458403,57.559145,8.468272
2025-02-05 17:32:02,2025-02-05 17:32:02,Class A,626226000_1,57.556488,8.457218,Under way using engine,1.6,10.0,243.6,244.0,9319703,TRAM2,GREAT JACOMBO,Tanker,0,42.0,244.0,Combined GPS/GLONASS,15.0,EG_SUEZ,18/02/2025 18:00:00,AIS,POINT (8.457218 57.556488),626226000_1,0 days 00:01:59,9.696815280797649e-06,245.86902488026425,0.0,0,7.44033987558875,57.556488,8.457218
2025-02-05 17:33:02,2025-02-05 17:33:02,Class A,626226000_1,57.555288,8.452532,Under way using engine,5.4,10.0,244.6,246.0,9319703,TRAM2,GREAT JACOMBO,Tanker,0,42.0,244.0,Combined GPS/GLONASS,15.0,EG_SUEZ,18/02/2025 18:00:00,AIS,POINT (8.452532 57.555288),626226000_1,0 days 00:01:00,-1.5205695430558892e-05,244.4849531904317,0.0,0,7.444599860478197,57.555288,8.452532
2025-02-05 17:34:02,2025-02-05 17:34:02,Class A,626226000_1,57.554168,8.447767,Under way using engine,2.9,10.1,246.7,248.0,9319703,TRAM2,GREAT JACOMBO,Tanker,0,42.0,244.0,Combined GPS/GLONASS,15.0,EG_SUEZ,18/02/2025 18:00:00,AIS,POINT (8.447767 57.554168),626226000_1,0 days 00:01:00,1.6912701892273185e-07,246.34295154023755,0.0,0,7.448956441609588,57.554168,8.447767
2025-02-05 17:35:02,2025-02-05 17:35:02,Class A,626226000_1,57.553138,8.442917,Under way using engine,-4.5,10.1,248.5,247.0,9319703,TRAM2,GREAT JACOMBO,Tanker,0,42.0,244.0,Combined GPS/GLONASS,15.0,EG_SUEZ,18/02/2025 18:00:00,AIS,POINT (8.442917 57.553138),626226000_1,0 days 00:01:00,2.3785388545107095e-07,248.40648215278014,0.0,0,7.453417787346755,57.553138,8.442917
2025-02-05 17:36:01,2025-02-05 17:36:01,Class A,626226000_1,57.552465,8.439767,Under way using engine,2.2,10.1,247.2,246.0,9319703,TRAM2,GREAT JACOMBO,Tanker,0,42.0,244.0,Combined GPS/GLONASS,15.0,EG_SUEZ,18/02/2025 18:00:00,AIS,POINT (8.439767 57.552465),626226000_1,0 days 00:00:59,-2.989245232723939e-05,248.28817452015124,0.0,0,7.4563147330279715,57.552465,8.439767
2025-02-05 17:37:02,2025-02-05 17:37:02,Class A,626226000_1,57.550955,8.43333,Under way using engine,0.2,10.0,245.1,244.0,9319703,TRAM2,GREAT JACOMBO,Tanker,0,42.0,244.0,Combined GPS/GLONASS,15.0,EG_SUEZ,18/02/2025 18:00:00,AIS,POINT (8.43333 57.550955),626226000_1,0 days 00:01:01,5.661496780996918e-05,246.38715604129422,0.0,0,7.462203223034938,57.550955,8.43333
2025-02-05 17:38:02,2025-02-05 17:38:02,Class A,626226000_1,57.549757,8.42865,Under way using engine,-1.6,9.9,244.9,245.0,9319703,TRAM2,GREAT JACOMBO,Tanker,0,42.0,244.0,Combined GPS/GLONASS,15.0,EG_SUEZ,18/02/2025 18:00:00,AIS,POINT (8.42865 57.549757),626226000_1,0 days 00:01:00,-2.8677332634530726e-05,244.49694751856163,0.0,0,7.466461266699842,57.549757,8.42865
2025-02-05 17:39:03,2025-02-05 17:39:03,Class A,626226000_1,57.548555,8.423877,Under way using engine,-0.7,10.0,245.6,246.0,9319703,TRAM2,GREAT JACOMBO,Tanker,0,42.0,244.0,Combined GPS/GLONASS,15.0,EG_SUEZ,18/02/2025 18:00:00,AIS,POINT (8.423877 57.548555),626226000_1,0 days 00:01:01,1.643838995407301e-08,244.8597569743966,0.0,0,7.470809368059796,57.548555,8.423877
2025-02-05 17:40:03,2025-02-05 17:40:03,Class A,626226000_1,57.547442,8.41912,Under way using engine,-5.4,10.0,247.5,247.0,9319703,TRAM2,GREAT JACOMBO,Tanker,0,42.0,244.0,Combined GPS/GLONASS,15.0,EG_SUEZ,18/02/2025 18:00:00,AIS,POINT (8.41912 57.547442),626226000_1,0 days 00:01:00,6.32922576347325e-08,246.44332567177457,0.0,0,7.475163847119607,57.547442,8.41912
2025-02-05 17:41:03,2025-02-05 17:41:03,Class A,626226000_1,57.546375,8.414318,Under way using engine,-2.9,10.0,247.5,246.0,9319703,TRAM2,GREAT JACOMBO,Tanker,0,42.0,244.0,Combined GPS/GLONASS,15.0,EG_SUEZ,18/02/2025 18:00:00,AIS,POINT (8.414318 57.546375),626226000_1,0 days 00:01:00,1.3550788174494326e-07,247.5085532154884,0.0,0,7.4795736364159815,57.546375,8.414318
2025-02-05 17:42:03,2025-02-05 17:42:03,Class A,626226000_1,57.545505,8.410492,Under way using engine,-0.7,10.1,246.7,245.0,9319703,TRAM2,GREAT JACOMBO,Tanker,0,42.0,244.0,Combined GPS/GLONASS,15.0,EG_SUEZ,18/02/2025 18:00:00,AIS,POINT (8.410492 57.545505),626226000_1,0 days 00:01:00,-1.7326656142744135e-05,247.03704286366755,0.0,0,7.483082873153617,57.545505,8.410492
2025-02-05 17:43:03,2025-02-05 17:43:03,Class A,626226000_1,57.544115,8.404835,Under way using engine,1.6,10.0,244.2,244.0,9319703,TRAM2,GREAT JACOMBO,Tanker,0,42.0,244.0,Combined GPS/GLONASS,15.0,EG_SUEZ,18/02/2025 18:00:00,AIS,POINT (8.404835 57.544115),626226000_1,0 days 00:01:00,3.436086084940912e-05,245.40058853709974,0.0,0,7.488247664145329,57.544115,8.404835
2025-02-05 17:44:03,2025-02-05 17:44:03,Class A,626226000_1,57.542925,8.400158,Under way using engine,2.2,10.0,244.5,246.0,9319703,TRAM2,GREAT JACOMBO,Tanker,0,42.0,244.0,Combined GPS/GLONASS,15.0,EG_SUEZ,18/02/2025 18:00:00,AIS,POINT (8.400158 57.542925),626226000_1,0 days 00:01:00,-1.7387775665049885e-05,244.63576366872448,0.0,0,7.492508781347473,57.542925,8.400158
2025-02-05 17:45:03,2025-02-05 17:45:03,Class A,626226000_1,57.541785,8.395442,Under way using engine,-0.4,10.0,246.2,247.0,9319703,TRAM2,GREAT JACOMBO,Tanker,0,42.0,244.0,Combined GPS/GLONASS,15.0,EG_SUEZ,18/02/2025 18:00:00,AIS,POINT (8.395442 57.541785),626226000_1,0 days 00:01:00,-5.659960924735199e-08,245.7541755774025,0.0,0,7.496820314911182,57.541785,8.395442
2025-02-05 17:46:03,2025-02-05 17:46:03,Class A,626226000_1,57.540695,8.390677,Under way using engine,2.2,10.0,246.9,246.0,9319703,TRAM2,GREAT JACOMBO,Tanker,0,42.0,244.0,Combined GPS/GLONASS,15.0,EG_SUEZ,18/02/2025 18:00:00,AIS,POINT (8.390677 57.540695),626226000_1,0 days 00:01:00,1.29118585551289e-07,246.9171326583605,0.0,0,7.501191944879826,57.540695,8.390677
2025-02-05 17:48:02,2025-02-05 17:48:02,Class A,626226000_1,57.538672,8.382143,Under way using engine,3.6,10.1,244.4,245.0,9319703,TRAM2,GREAT JACOMBO,Tanker,0,42.0,244.0,Combined GPS/GLONASS,15.0,EG_SUEZ,18/02/2025 18:00:00,AIS,POINT (8.382143 57.538672),626226000_1,0 days 00:01:59,-3.989595273504554e-06,246.17392600778692,0.0,0,7.50900630091126,57.538672,8.382143
2025-02-05 17:50:02,2025-02-05 17:50:02,Class A,626226000_1,57.536118,8.371975,Under way using engine,6.4,10.1,246.2,246.0,9319703,TRAM2,GREAT JACOMBO,Tanker,0,42.0,244.0,Combined GPS/GLONASS,15.0,EG_SUEZ,18/02/2025 18:00:00,AIS,POINT (8.371975 57.536118),626226000_1,0 days 00:02:00,7.562481800598259e-06,244.92630495827376,0.0,0,7.518285803430526,57.536118,8.371975
2025-02-05 17:51:02,2025-02-05 17:51:02,Class A,626226000_1,57.535017,8.36721,Under way using engine,2.9,10.1,246.5,247.0,9319703,TRAM2,GREAT JACOMBO,Tanker,0,42.0,244.0,Combined GPS/GLONASS,15.0,EG_SUEZ,18/02/2025 18:00:00,AIS,POINT (8.36721 57.535017),626226000_1,0 days 00:01:00,-7.067187279118801e-06,246.71213475023052,0.0,0,7.522658058556763,57.535017,8.36721
2025-02-05 17:52:02,2025-02-05 17:52:02,Class A,626226000_1,57.533912,8.362438,Under way using engine,2.9,10.0,246.0,246.0,9319703,TRAM2,GREAT JACOMBO,Tanker,0,42.0,244.0,Combined GPS/GLONASS,15.0,EG_SUEZ,18/02/2025 18:00:00,AIS,POINT (8.362438 57.533912),626226000_1,0 days 00:01:00,1.5808049719114789e-07,246.6678209063286,0.0,0,7.527036816443773,57.533912,8.362438
2025-02-05 17:53:02,2025-02-05 17:53:02,Class A,626226000_1,57.532763,8.357695,Under way using engine,-2.9,10.0,246.2,245.0,9319703,TRAM2,GREAT JACOMBO,Tanker,0,42.0,244.0,Combined GPS/GLONASS,15.0,EG_SUEZ,18/02/2025 18:00:00,AIS,POINT (8.357695 57.532763),626226000_1,0 days 00:01:00,1.0930433572566301e-07,245.7132370628222,0.0,0,7.53137770335614,57.532763,8.357695
2025-02-05 17:54:02,2025-02-05 17:54:02,Class A,626226000_1,57.531587,8.352968,Under way using engine,-0.2,10.1,245.7,245.0,9319703,TRAM2,GREAT JACOMBO,Tanker,0,42.0,244.0,Combined GPS/GLONASS,15.0,EG_SUEZ,18/02/2025 18:00:00,AIS,POINT (8.352968 57.531587),626226000_1,0 days 00:01:00,1.0693099307702384e-07,245.13736605241255,0.0,0,7.5356973706170685,57.531587,8.352968
2025-02-05 17:55:02,2025-02-05 17:55:02,Class A,626226000_1,57.53041,8.34823,Under way using engine,-2.9,10.1,245.6,246.0,9319703,TRAM2,GREAT JACOMBO,Tanker,0,42.0,244.0,Combined GPS/GLONASS,15.0,EG_SUEZ,18/02/2025 18:00:00,AIS,POINT (8.34823 57.53041),626226000_1,0 days 00:01:00,1.8142759845358725e-07,245.17028734297725,0.0,0,7.540028170778145,57.53041,8.34823
2025-02-05 17:56:02,2025-02-05 17:56:02,Class A,626226000_1,57.529263,8.343453,Under way using engine,5.4,10.2,246.2,246.0,9319703,TRAM2,GREAT JACOMBO,Tanker,0,42.0,244.0,Combined GPS/GLONASS,15.0,EG_SUEZ,18/02/2025 18:00:00,AIS,POINT (8.343453 57.529263),626226000_1,0 days 00:01:00,2.0947718934291765e-07,245.9056063777728,0.0,0,7.544404574439655,57.529263,8.343453
2025-02-05 17:57:02,2025-02-05 17:57:02,Class A,626226000_1,57.528138,8.338655,Under way using engine,0.0,10.1,245.4,246.0,9319703,TRAM2,GREAT JACOMBO,Tanker,0,42.0,244.0,Combined GPS/GLONASS,15.0,EG_SUEZ,18/02/2025 18:00:00,AIS,POINT (8.338655 57.528138),626226000_1,0 days 00:01:00,4.730898896565932e-08,246.40947391683952,0.0,0,7.548807192651366,57.528138,8.338655
2025-02-05 17:58:02,2025-02-05 17:58:02,Class A,626226000_1,57.526997,8.333868,Under way using engine,3.6,10.1,245.8,245.0,9319703,TRAM2,GREAT JACOMBO,Tanker,0,42.0,244.0,Combined GPS/GLONASS,15.0,EG_SUEZ,18/02/2025 18:00:00,AIS,POINT (8.333868 57.526997),626226000_1,0 days 00:01:00,3.3827007263646444e-08,246.06320084354667,0.0,0,7.553196033476491,57.526997,8.333868
2025-02-05 17:59:02,2025-02-05 17:59:02,Class A,626226000_1,57.525832,8.329097,Under way using engine,-2.9,10.1,245.2,245.0,9319703,TRAM2,GREAT JACOMBO,Tanker,0,42.0,244.0,Combined GPS/GLONASS,15.0,EG_SUEZ,18/02/2025 18:00:00,AIS,POINT (8.329097 57.525832),626226000_1,0 days 00:01:00,6.316323681833496e-08,245.54627169484195,0.0,0,7.55756438217373,57.525832,8.329097
2025-02-05 18:00:02,2025-02-05 18:00:02,Class A,626226000_1,57.524677,8.324308,Under way using engine,1.6,10.1,245.4,246.0,9319703,TRAM2,GREAT JACOMBO,Tanker,0,42.0,244.0,Combined GPS/GLONASS,15.0,EG_SUEZ,18/02/2025 18:00:00,AIS,POINT (8.324308 57.524677),626226000_1,0 days 00:01:00,1.4815422364645772e-07,245.8133162004746,0.0,0,7.561953228850664,57.524677,8.324308
2025-02-05 18:01:02,2025-02-05 18:01:02,Class A,626226000_1,57.523528,8.319512,Under way using engine,1.1,10.1,246.0,245.0,9319703,TRAM2,GREAT JACOMBO,Tanker,0,42.0,244.0,Combined GPS/GLONASS,15.0,EG_SUEZ,18/02/2025 18:00:00,AIS,POINT (8.319512 57.523528),626226000_1,0 days 00:01:00,3.2938461203378445e-08,245.95649423932537,0.0,0,7.566350939240923,57.523528,8.319512
2025-02-05 18:02:02,2025-02-05 18:02:02,Class A,626226000_1,57.52236,8.314732,Under way using engine,4.5,10.2,245.2,246.0,9319703,TRAM2,GREAT JACOMBO,Tanker,0,42.0,244.0,Combined GPS/GLONASS,15.0,EG_SUEZ,18/02/2025 18:00:00,AIS,POINT (8.314732 57.52236),626226000_1,0 days 00:01:00,5.277166225704788e-10,245.53349041228313,0.0,0,7.570729337042766,57.52236,8.314732
2025-02-05 18:03:02,2025-02-05 18:03:02,Class A,626226000_1,57.5212,8.309947,Under way using engine,-3.6,10.2,246.8,246.0,9319703,TRAM2,GREAT JACOMBO,Tanker,0,42.0,244.0,Combined GPS/GLONASS,15.0,EG_SUEZ,18/02/2025 18:00:00,AIS,POINT (8.309947 57.5212),626226000_1,0 days 00:01:00,-2.3876669873450912e-08,245.70477115113977,0.0,0,7.575115117728905,57.5212,8.309947
2025-02-05 18:04:02,2025-02-05 18:04:02,Class A,626226000_1,57.520052,8.305142,Under way using engine,6.4,10.2,245.9,246.0,9319703,TRAM2,GREAT JACOMBO,Tanker,0,42.0,244.0,Combined GPS/GLONASS,15.0,EG_SUEZ,18/02/2025 18:00:00,AIS,POINT (8.305142 57.520052),626226000_1,0 days 00:01:00,1.5458949053021379e-07,246.0170069164647,0.0,0,7.579523792748196,57.520052,8.305142
2025-02-05 18:05:02,2025-02-05 18:05:02,Class A,626226000_1,57.518892,8.300345,Under way using engine,-5.4,10.1,246.6,245.0,9319703,TRAM2,GREAT JACOMBO,Tanker,0,42.0,244.0,Combined GPS/GLONASS,15.0,EG_SUEZ,18/02/2025 18:00:00,AIS,POINT (8.300345 57.518892),626226000_1,0 days 00:01:00,3.2141824714831725e-08,245.75990815959085,0.0,0,7.583922566542264,57.518892,8.300345
2025-02-05 18:06:02,2025-02-05 18:06:02,Class A,626226000_1,57.517707,8.295572,Under way using engine,3.6,10.2,243.8,245.0,9319703,TRAM2,GREAT JACOMBO,Tanker,0,42.0,244.0,Combined GPS/GLONASS,15.0,EG_SUEZ,18/02/2025 18:00:00,AIS,POINT (8.295572 57.517707),626226000_1,0 days 00:01:00,-4.070973524352972e-08,245.19069623486263,0.0,0,7.5882928782764445,57.517707,8.295572
2025-02-05 18:07:02,2025-02-05 18:07:02,Class A,626226000_1,57.516513,8.290797,Under way using engine,4.5,10.2,244.7,246.0,9319703,TRAM2,GREAT JACOMBO,Tanker,0,42.0,244.0,Combined GPS/GLONASS,15.0,EG_SUEZ,18/02/2025 18:00:00,AIS,POINT (8.290797 57.516513),626226000_1,0 days 00:01:00,1.495455661618764e-07,245.03506978556499,0.0,0,7.592663731471453,57.516513,8.290797
2025-02-05 18:08:02,2025-02-05 18:08:02,Class A,626226000_1,57.515353,8.285987,Under way using engine,7.5,10.2,245.5,247.0,9319703,TRAM2,GREAT JACOMBO,Tanker,0,42.0,244.0,Combined GPS/GLONASS,15.0,EG_SUEZ,18/02/2025 18:00:00,AIS,POINT (8.285987 57.515353),626226000_1,0 days 00:01:00,9.564714188374339e-08,245.81999241905814,0.0,0,7.59707714612679,57.515353,8.285987
2025-02-05 18:09:02,2025-02-05 18:09:02,Class A,626226000_1,57.514235,8.281148,Under way using engine,5.4,10.3,245.7,246.0,9319703,TRAM2,GREAT JACOMBO,Tanker,0,42.0,244.0,Combined GPS/GLONASS,15.0,EG_SUEZ,18/02/2025 18:00:00,AIS,POINT (8.281148 57.514235),626226000_1,0 days 00:01:00,-7.762877842630752e-08,246.72584775576064,0.0,0,7.601529099242401,57.514235,8.281148
2025-02-05 18:10:02,2025-02-05 18:10:02,Class A,626226000_1,57.513107,8.276317,Under way using engine,7.5,10.3,245.8,245.0,9319703,TRAM2,GREAT JACOMBO,Tanker,0,42.0,244.0,Combined GPS/GLONASS,15.0,EG_SUEZ,18/02/2025 18:00:00,AIS,POINT (8.276317 57.513107),626226000_1,0 days 00:01:00,2.5815084724392643e-09,246.50607315300806,0.0,0,7.605971606756495,57.513107,8.276317
2025-02-05 18:11:02,2025-02-05 18:11:02,Class A,626226000_1,57.51194,8.27152,Under way using engine,-0.7,10.2,245.8,245.0,9319703,TRAM2,GREAT JACOMBO,Tanker,0,42.0,244.0,Combined GPS/GLONASS,15.0,EG_SUEZ,18/02/2025 18:00:00,AIS,POINT (8.27152 57.51194),626226000_1,0 days 00:01:00,-2.6625393782150433e-08,245.63469740758876,0.0,0,7.610372715877193,57.51194,8.27152
2025-02-05 18:12:02,2025-02-05 18:12:02,Class A,626226000_1,57.510757,8.266723,Under way using engine,-5.4,10.2,245.2,246.0,9319703,TRAM2,GREAT JACOMBO,Tanker,0,42.0,244.0,Combined GPS/GLONASS,15.0,EG_SUEZ,18/02/2025 18:00:00,AIS,POINT (8.266723 57.510757),626226000_1,0 days 00:01:00,2.0737829871703312e-07,245.3408540277565,0.0,0,7.614770816751479,57.510757,8.266723
2025-02-05 18:13:02,2025-02-05 18:13:02,Class A,626226000_1,57.509607,8.261895,Under way using engine,-2.9,10.2,246.1,246.0,9319703,TRAM2,GREAT JACOMBO,Tanker,0,42.0,244.0,Combined GPS/GLONASS,15.0,EG_SUEZ,18/02/2025 18:00:00,AIS,POINT (8.261895 57.509607),626226000_1,0 days 00:01:00,5.3695523697999337e-08,246.08760516595288,0.0,0,7.619207310648136,57.509607,8.261895
2025-02-05 18:14:02,2025-02-05 18:14:02,Class A,626226000_1,57.508485,8.257038,Under way using engine,-2.2,10.2,246.6,246.0,9319703,TRAM2,GREAT JACOMBO,Tanker,0,42.0,244.0,Combined GPS/GLONASS,15.0,EG_SUEZ,18/02/2025 18:00:00,AIS,POINT (8.257038 57.508485),626226000_1,0 days 00:01:00,9.88080697835655e-08,246.7320730848464,0.0,0,7.6236790848466995,57.508485,8.257038
2025-02-05 18:15:02,2025-02-05 18:15:02,Class A,626226000_1,57.507347,8.25218,Under way using engine,0.0,10.2,245.6,245.0,9319703,TRAM2,GREAT JACOMBO,Tanker,0,42.0,244.0,Combined GPS/GLONASS,15.0,EG_SUEZ,18/02/2025 18:00:00,AIS,POINT (8.25218 57.507347),626226000_1,0 days 00:01:00,2.1395471730042045e-07,246.44117661447382,0.0,0,7.628148817068858,57.507347,8.25218
2025-02-05 18:16:02,2025-02-05 18:16:02,Class A,626226000_1,57.50616,8.247267,Under way using engine,-2.2,10.3,245.9,245.0,9319703,TRAM2,GREAT JACOMBO,Tanker,0,42.0,244.0,Combined GPS/GLONASS,15.0,EG_SUEZ,18/02/2025 18:00:00,AIS,POINT (8.247267 57.50616),626226000_1,0 days 00:01:00,1.4528517818458738e-06,245.78640624884764,0.0,0,7.632661576223918,57.50616,8.247267
2025-02-05 18:17:02,2025-02-05 18:17:02,Class A,626226000_1,57.504952,8.242487,Under way using engine,0.7,10.2,244.8,245.0,9319703,TRAM2,GREAT JACOMBO,Tanker,0,42.0,244.0,Combined GPS/GLONASS,15.0,EG_SUEZ,18/02/2025 18:00:00,AIS,POINT (8.242487 57.504952),626226000_1,0 days 00:01:00,-1.7391985240264077e-06,244.80863951788265,0.0,0,7.6370407253870916,57.504952,8.242487
2025-02-05 18:18:00,2025-02-05 18:18:00,Class A,626226000_1,57.504328,8.240017,Under way using engine,-0.7,10.3,245.1,245.0,9319703,TRAM2,GREAT JACOMBO,Tanker,0,42.0,244.0,Combined GPS/GLONASS,15.0,EG_SUEZ,18/02/2025 18:00:00,AIS,POINT (8.240017 57.504328),626226000_1,0 days 00:00:58,-4.234036963341979e-05,244.81591196716954,0.0,0,7.6393039038591075,57.504328,8.240017
2025-02-05 18:19:02,2025-02-05 18:19:02,Class A,626226000_1,57.502587,8.232878,Under way using engine,-5.4,10.1,246.6,247.0,9319703,TRAM2,GREAT JACOMBO,Tanker,0,42.0,244.0,Combined GPS/GLONASS,15.0,EG_SUEZ,18/02/2025 18:00:00,AIS,POINT (8.232878 57.502587),626226000_1,0 days 00:01:02,7.674370011335278e-05,245.58843043774942,0.0,0,7.645860337792275,57.502587,8.232878
2025-02-05 18:20:02,2025-02-05 18:20:02,Class A,626226000_1,57.501462,8.228005,Under way using engine,-4.5,10.2,248.4,246.0,9319703,TRAM2,GREAT JACOMBO,Tanker,0,42.0,244.0,Combined GPS/GLONASS,15.0,EG_SUEZ,18/02/2025 18:00:00,AIS,POINT (8.228005 57.501462),626226000_1,0 days 00:01:00,-3.8004692051488704e-05,246.7489385423753,0.0,0,7.650350887119426,57.501462,8.228005
2025-02-05 18:22:02,2025-02-05 18:22:02,Class A,626226000_1,57.499167,8.218372,Under way using engine,2.2,10.3,245.7,245.0,9319703,TRAM2,GREAT JACOMBO,Tanker,0,42.0,244.0,Combined GPS/GLONASS,15.0,EG_SUEZ,18/02/2025 18:00:00,AIS,POINT (8.218372 57.499167),626226000_1,0 days 00:02:00,-2.9057109755061387e-07,246.09094518075415,0.0,0,7.6592136332590295,57.499167,8.218372
2025-02-05 18:23:02,2025-02-05 18:23:02,Class A,626226000_1,57.497953,8.213555,Under way using engine,-1.1,10.3,245.6,245.0,9319703,TRAM2,GREAT JACOMBO,Tanker,0,42.0,244.0,Combined GPS/GLONASS,15.0,EG_SUEZ,18/02/2025 18:00:00,AIS,POINT (8.213555 57.497953),626226000_1,0 days 00:01:00,8.63549411487044e-07,244.87365133010115,0.0,0,7.6636314223434585,57.497953,8.213555
2025-02-05 18:24:00,2025-02-05 18:24:00,Class A,626226000_1,57.49691,8.209362,Under way using engine,2.2,10.3,245.3,246.0,9319703,TRAM2,GREAT JACOMBO,Tanker,0,42.0,244.0,Combined GPS/GLONASS,15.0,EG_SUEZ,18/02/2025 18:00:00,AIS,POINT (8.209362 57.49691),626226000_1,0 days 00:00:58,-9.309799541002789e-06,245.1610833287703,0.0,0,7.667480574008648,57.49691,8.209362
2025-02-05 18:25:02,2025-02-05 18:25:02,Class A,626226000_1,57.495568,8.203842,Under way using engine,2.2,10.4,246.5,246.0,9319703,TRAM2,GREAT JACOMBO,Tanker,0,42.0,244.0,Combined GPS/GLONASS,15.0,EG_SUEZ,18/02/2025 18:00:00,AIS,POINT (8.203842 57.495568),626226000_1,0 days 00:01:02,1.7460768360105435e-05,245.65886660994454,0.0,0,7.672555676876643,57.495568,8.203842
2025-02-05 18:26:02,2025-02-05 18:26:02,Class A,626226000_1,57.494422,8.19894,Under way using engine,3.6,10.4,246.2,246.0,9319703,TRAM2,GREAT JACOMBO,Tanker,0,42.0,244.0,Combined GPS/GLONASS,15.0,EG_SUEZ,18/02/2025 18:00:00,AIS,POINT (8.19894 57.494422),626226000_1,0 days 00:01:00,-8.610516752690665e-06,246.49080758544932,0.0,0,7.6770735991629,57.494422,8.19894
2025-02-05 18:28:03,2025-02-05 18:28:03,Class A,626226000_1,57.492107,8.189045,Under way using engine,-4.5,10.3,246.3,246.0,9319703,TRAM2,GREAT JACOMBO,Tanker,0,42.0,244.0,Combined GPS/GLONASS,15.0,EG_SUEZ,18/02/2025 18:00:00,AIS,POINT (8.189045 57.492107),626226000_1,0 days 00:02:01,4.851065481855865e-08,246.47827189708988,0.0,0,7.686194880903944,57.492107,8.189045
2025-02-05 18:29:03,2025-02-05 18:29:03,Class A,626226000_1,57.49095,8.18413,Under way using engine,-2.2,10.3,246.1,245.0,9319703,TRAM2,GREAT JACOMBO,Tanker,0,42.0,244.0,Combined GPS/GLONASS,15.0,EG_SUEZ,18/02/2025 18:00:00,AIS,POINT (8.18413 57.49095),626226000_1,0 days 00:01:00,2.437056221559336e-07,246.34776038943272,0.0,0,7.690724940288009,57.49095,8.18413
2025-02-05 18:30:00,2025-02-05 18:30:00,Class A,626226000_1,57.489988,8.18012,Under way using engine,3.6,10.4,245.6,245.0,9319703,TRAM2,GREAT JACOMBO,Tanker,0,42.0,244.0,Combined GPS/GLONASS,15.0,EG_SUEZ,18/02/2025 18:00:00,AIS,POINT (8.18012 57.489988),626226000_1,0 days 00:00:57,-1.3028509989794606e-05,245.9468549544785,0.0,0,7.694417316909707,57.489988,8.18012
2025-02-05 18:31:03,2025-02-05 18:31:03,Class A,626226000_1,57.488583,8.174315,Under way using engine,5.4,10.4,247.0,249.0,9319703,TRAM2,GREAT JACOMBO,Tanker,0,42.0,244.0,Combined GPS/GLONASS,15.0,EG_SUEZ,18/02/2025 18:00:00,AIS,POINT (8.174315 57.488583),626226000_1,0 days 00:01:03,2.2854013943480002e-05,245.75901817551753,0.0,0,7.699760522466266,57.488583,8.174315
2025-02-05 18:33:03,2025-02-05 18:33:03,Class A,626226000_1,57.486742,8.16416,Under way using engine,0.7,10.4,255.7,256.0,9319703,TRAM2,GREAT JACOMBO,Tanker,0,42.0,244.0,Combined GPS/GLONASS,15.0,EG_SUEZ,18/02/2025 18:00:00,AIS,POINT (8.16416 57.486742),626226000_1,0 days 00:02:00,-5.860540375620648e-06,251.3652611925807,0.0,0,7.709247532064591,57.486742,8.16416
2025-02-05 18:34:03,2025-02-05 18:34:03,Class A,626226000_1,57.486077,8.158943,Under way using engine,-7.5,10.3,255.3,255.0,9319703,TRAM2,GREAT JACOMBO,Tanker,0,42.0,244.0,Combined GPS/GLONASS,15.0,EG_SUEZ,18/02/2025 18:00:00,AIS,POINT (8.158943 57.486077),626226000_1,0 days 00:01:00,6.391714659244088e-08,256.6609803570926,0.0,0,7.714184784165465,57.486077,8.158943
2025-02-05 18:35:03,2025-02-05 18:35:03,Class A,626226000_1,57.485378,8.153743,Under way using engine,3.6,10.4,254.4,255.0,9319703,TRAM2,GREAT JACOMBO,Tanker,0,42.0,244.0,Combined GPS/GLONASS,15.0,EG_SUEZ,18/02/2025 18:00:00,AIS,POINT (8.153743 57.485378),626226000_1,0 days 00:01:00,-2.5146891044318387e-08,255.96136864708754,0.0,0,7.7190983167259235,57.485378,8.153743
2025-02-05 18:38:02,2025-02-05 18:38:02,Class A,626226000_1,57.483245,8.138215,Under way using engine,-1.6,10.3,256.6,255.0,9319703,TRAM2,GREAT JACOMBO,Tanker,0,42.0,244.0,Combined GPS/GLONASS,15.0,EG_SUEZ,18/02/2025 18:00:00,AIS,POINT (8.138215 57.483245),626226000_1,0 days 00:02:59,6.823126073333083e-08,255.6715269292482,0.0,0,7.7337633457960155,57.483245,8.138215
2025-02-05 18:39:02,2025-02-05 18:39:02,Class A,626226000_1,57.48253,8.133003,Under way using engine,2.9,10.3,255.2,254.0,9319703,TRAM2,GREAT JACOMBO,Tanker,0,42.0,244.0,Combined GPS/GLONASS,15.0,EG_SUEZ,18/02/2025 18:00:00,AIS,POINT (8.133003 57.48253),626226000_1,0 days 00:01:00,1.1785544650782787e-07,255.68585807411566,0.0,0,7.738686784219205,57.48253,8.133003
2025-02-05 18:40:02,2025-02-05 18:40:02,Class A,626226000_1,57.48179,8.127802,Under way using engine,-2.9,10.4,256.1,254.0,9319703,TRAM2,GREAT JACOMBO,Tanker,0,42.0,244.0,Combined GPS/GLONASS,15.0,EG_SUEZ,18/02/2025 18:00:00,AIS,POINT (8.127802 57.48179),626226000_1,0 days 00:01:00,1.8469400251012434e-08,255.1772609339054,0.0,0,7.743594401413336,57.48179,8.127802
2025-02-05 18:41:03,2025-02-05 18:41:03,Class A,626226000_1,57.481032,8.1225,Under way using engine,6.4,10.5,254.9,254.0,9319703,TRAM2,GREAT JACOMBO,Tanker,0,42.0,244.0,Combined GPS/GLONASS,15.0,EG_SUEZ,18/02/2025 18:00:00,AIS,POINT (8.1225 57.481032),626226000_1,0 days 00:01:01,2.6820540071033293e-07,255.10942729206005,0.0,0,7.7485969848033776,57.481032,8.1225
2025-02-05 18:42:02,2025-02-05 18:42:02,Class A,626226000_1,57.480385,8.11807,Under way using engine,-4.5,10.3,256.1,255.0,9319703,TRAM2,GREAT JACOMBO,Tanker,0,42.0,244.0,Combined GPS/GLONASS,15.0,EG_SUEZ,18/02/2025 18:00:00,AIS,POINT (8.11807 57.480385),626226000_1,0 days 00:00:59,-1.2332788479716377e-05,254.8027169296813,0.0,0,7.752774152889597,57.480385,8.11807
2025-02-05 18:43:03,2025-02-05 18:43:03,Class A,626226000_1,57.479555,8.112037,Under way using engine,-2.2,10.4,256.7,255.0,9319703,TRAM2,GREAT JACOMBO,Tanker,0,42.0,244.0,Combined GPS/GLONASS,15.0,EG_SUEZ,18/02/2025 18:00:00,AIS,POINT (8.112037 57.479555),626226000_1,0 days 00:01:01,2.387926223802278e-05,255.64795907123835,0.0,0,7.758474658769595,57.479555,8.112037
2025-02-05 18:44:03,2025-02-05 18:44:03,Class A,626226000_1,57.478838,8.106773,Under way using engine,2.9,10.5,256.0,254.0,9319703,TRAM2,GREAT JACOMBO,Tanker,0,42.0,244.0,Combined GPS/GLONASS,15.0,EG_SUEZ,18/02/2025 18:00:00,AIS,POINT (8.106773 57.478838),626226000_1,0 days 00:01:00,-1.1577565288437109e-05,255.784889903278,0.0,0,7.763450618198135,57.478838,8.106773
2025-02-05 18:45:03,2025-02-05 18:45:03,Class A,626226000_1,57.478088,8.101535,Under way using engine,3.6,10.4,255.3,255.0,9319703,TRAM2,GREAT JACOMBO,Tanker,0,42.0,244.0,Combined GPS/GLONASS,15.0,EG_SUEZ,18/02/2025 18:00:00,AIS,POINT (8.101535 57.478088),626226000_1,0 days 00:01:00,-1.614232198501499e-07,255.08870267644488,0.0,0,7.7683943910852635,57.478088,8.101535
2025-02-05 18:48:01,2025-02-05 18:48:01,Class A,626226000_1,57.476048,8.086732,Under way using engine,3.6,10.5,255.3,255.0,9319703,TRAM2,GREAT JACOMBO,Tanker,0,42.0,244.0,Combined GPS/GLONASS,15.0,EG_SUEZ,18/02/2025 18:00:00,AIS,POINT (8.086732 57.476048),626226000_1,0 days 00:02:58,-1.5122521369195651e-06,255.62942306060657,0.0,0,7.7823858316940315,57.476048,8.086732
2025-02-05 18:53:02,2025-02-05 18:53:02,Class A,626226000_1,57.472243,8.059453,Under way using engine,0.7,10.5,254.3,255.0,9319703,TRAM2,GREAT JACOMBO,Tanker,0,42.0,244.0,Combined GPS/GLONASS,15.0,EG_SUEZ,18/02/2025 18:00:00,AIS,POINT (8.059453 57.472243),626226000_1,0 days 00:05:01,1.551157905593861e-06,255.4684553042,0.0,0,7.808168542826544,57.472243,8.059453
2025-02-05 18:54:02,2025-02-05 18:54:02,Class A,626226000_1,57.471512,8.0542,Under way using engine,0.0,10.4,255.7,255.0,9319703,TRAM2,GREAT JACOMBO,Tanker,0,42.0,244.0,Combined GPS/GLONASS,15.0,EG_SUEZ,18/02/2025 18:00:00,AIS,POINT (8.0542 57.471512),626226000_1,0 days 00:01:00,-3.187267094250113e-06,255.4925861813082,0.0,0,7.813135162231867,57.471512,8.0542
2025-02-05 18:55:02,2025-02-05 18:55:02,Class A,626226000_1,57.470808,8.048942,Under way using engine,-7.5,10.3,257.0,255.0,9319703,TRAM2,GREAT JACOMBO,Tanker,0,42.0,244.0,Combined GPS/GLONASS,15.0,EG_SUEZ,18/02/2025 18:00:00,AIS,POINT (8.048942 57.470808),626226000_1,0 days 00:01:00,-1.2272413614164424e-07,256.02011976178613,0.0,0,7.818112990361036,57.470808,8.048942
2025-02-05 18:56:02,2025-02-05 18:56:02,Class A,626226000_1,57.4701,8.043695,Under way using engine,-2.9,10.4,255.6,254.0,9319703,TRAM2,GREAT JACOMBO,Tanker,0,42.0,244.0,Combined GPS/GLONASS,15.0,EG_SUEZ,18/02/2025 18:00:00,AIS,POINT (8.043695 57.4701),626226000_1,0 days 00:01:00,-1.4629915500921398e-07,255.91577445710774,0.0,0,7.823079641321121,57.4701,8.043695
2025-02-05 18:57:02,2025-02-05 18:57:02,Class A,626226000_1,57.469347,8.03849,Under way using engine,0.2,10.3,254.3,254.0,9319703,TRAM2,GREAT JACOMBO,Tanker,0,42.0,244.0,Combined GPS/GLONASS,15.0,EG_SUEZ,18/02/2025 18:00:00,AIS,POINT (8.03849 57.469347),626226000_1,0 days 00:01:00,-3.2632832227467816e-07,254.9445320851426,0.0,0,7.827995938188075,57.469347,8.03849
2025-02-05 18:58:02,2025-02-05 18:58:02,Class A,626226000_1,57.46861,8.033372,Under way using engine,-2.9,10.4,255.7,255.0,9319703,TRAM2,GREAT JACOMBO,Tanker,0,42.0,244.0,Combined GPS/GLONASS,15.0,EG_SUEZ,18/02/2025 18:00:00,AIS,POINT (8.033372 57.46861),626226000_1,0 days 00:01:00,-1.5271222574994465e-06,255.01108150042114,0.0,0,7.832831236875974,57.46861,8.033372
2025-02-05 18:59:02,2025-02-05 18:59:02,Class A,626226000_1,57.467897,8.028147,Under way using engine,-6.4,10.4,257.8,254.0,9319703,TRAM2,GREAT JACOMBO,Tanker,0,42.0,244.0,Combined GPS/GLONASS,15.0,EG_SUEZ,18/02/2025 18:00:00,AIS,POINT (8.028147 57.467897),626226000_1,0 days 00:01:00,1.540716984215551e-06,255.7638181096205,0.0,0,7.8377766222587635,57.467897,8.028147
2025-02-05 19:00:02,2025-02-05 19:00:02,Class A,626226000_1,57.467153,8.022932,Under way using engine,-11.4,10.3,253.8,249.0,9319703,TRAM2,GREAT JACOMBO,Tanker,0,42.0,244.0,Combined GPS/GLONASS,15.0,EG_SUEZ,18/02/2025 18:00:00,AIS,POINT (8.022932 57.467153),626226000_1,0 days 00:01:00,8.076739555526284e-08,255.14460803154577,0.0,0,7.8427059502468275,57.467153,8.022932
2025-02-05 19:01:02,2025-02-05 19:01:02,Class A,626226000_1,57.466182,8.017873,Under way using engine,-8.7,10.4,248.0,244.0,9319703,TRAM2,GREAT JACOMBO,Tanker,0,42.0,244.0,Combined GPS/GLONASS,15.0,EG_SUEZ,18/02/2025 18:00:00,AIS,POINT (8.017873 57.466182),626226000_1,0 days 00:01:00,-4.036015137513724e-07,250.36085297298087,0.0,0,7.847434249359788,57.466182,8.017873
2025-02-05 19:02:02,2025-02-05 19:02:02,Class A,626226000_1,57.464957,8.013048,Under way using engine,-7.5,10.3,241.3,241.0,9319703,TRAM2,GREAT JACOMBO,Tanker,0,42.0,244.0,Combined GPS/GLONASS,15.0,EG_SUEZ,18/02/2025 18:00:00,AIS,POINT (8.013048 57.464957),626226000_1,0 days 00:01:00,-6.079014912536608e-07,244.73111441228372,0.0,0,7.8518796715515835,57.464957,8.013048
2025-02-05 19:03:03,2025-02-05 19:03:03,Class A,626226000_1,57.463558,8.008293,Under way using engine,-2.9,10.3,242.1,241.0,9319703,TRAM2,GREAT JACOMBO,Tanker,0,42.0,244.0,Combined GPS/GLONASS,15.0,EG_SUEZ,18/02/2025 18:00:00,AIS,POINT (8.008293 57.463558),626226000_1,0 days 00:01:01,-7.847968474638122e-08,241.32121367369535,0.0,0,7.856219794496651,57.463558,8.008293
2025-02-05 19:04:03,2025-02-05 19:04:03,Class A,626226000_1,57.462173,8.003607,Under way using engine,-0.2,10.4,242.2,242.0,9319703,TRAM2,GREAT JACOMBO,Tanker,0,42.0,244.0,Combined GPS/GLONASS,15.0,EG_SUEZ,18/02/2025 18:00:00,AIS,POINT (8.003607 57.462173),626226000_1,0 days 00:01:00,2.6617764028695246e-07,241.2119691997558,0.0,0,7.860496291621922,57.462173,8.003607
2025-02-05 19:05:03,2025-02-05 19:05:03,Class A,626226000_1,57.460837,7.998862,Under way using engine,-5.4,10.4,242.9,241.0,9319703,TRAM2,GREAT JACOMBO,Tanker,0,42.0,244.0,Combined GPS/GLONASS,15.0,EG_SUEZ,18/02/2025 18:00:00,AIS,POINT (7.998862 57.460837),626226000_1,0 days 00:01:00,1.5425347501383327e-07,242.3710616813641,0.0,0,7.864841670632727,57.460837,7.998862
2025-02-05 19:06:03,2025-02-05 19:06:03,Class A,626226000_1,57.459435,7.994173,Under way using engine,1.1,10.4,239.7,239.0,9319703,TRAM2,GREAT JACOMBO,Tanker,0,42.0,244.0,Combined GPS/GLONASS,15.0,EG_SUEZ,18/02/2025 18:00:00,AIS,POINT (7.994173 57.459435),626226000_1,0 days 00:01:00,1.4864816691220288e-07,240.9333782902545,0.0,0,7.869118849271117,57.459435,7.994173
2025-02-05 19:07:03,2025-02-05 19:07:03,Class A,626226000_1,57.45797,7.989557,Under way using engine,-4.5,10.4,240.3,239.0,9319703,TRAM2,GREAT JACOMBO,Tanker,0,42.0,244.0,Combined GPS/GLONASS,15.0,EG_SUEZ,18/02/2025 18:00:00,AIS,POINT (7.989557 57.45797),626226000_1,0 days 00:01:00,-8.668952510350268e-08,239.46062939548915,0.0,0,7.873311915461308,57.45797,7.989557
2025-02-05 19:08:03,2025-02-05 19:08:03,Class A,626226000_1,57.456493,7.984948,Under way using engine,5.4,10.4,238.3,240.0,9319703,TRAM2,GREAT JACOMBO,Tanker,0,42.0,244.0,Combined GPS/GLONASS,15.0,EG_SUEZ,18/02/2025 18:00:00,AIS,POINT (7.984948 57.456493),626226000_1,0 days 00:01:00,9.125179582079116e-08,239.21845463177254,0.0,0,7.877496315433032,57.456493,7.984948
2025-02-05 19:10:03,2025-02-05 19:10:03,Class A,626226000_1,57.453543,7.975622,Under way using engine,-4.5,10.4,240.3,239.0,9319703,TRAM2,GREAT JACOMBO,Tanker,0,42.0,244.0,Combined GPS/GLONASS,15.0,EG_SUEZ,18/02/2025 18:00:00,AIS,POINT (7.975622 57.453543),626226000_1,0 days 00:02:00,3.7389863390422175e-07,239.54851668558155,0.0,0,7.885973720735886,57.453543,7.975622
2025-02-05 19:11:03,2025-02-05 19:11:03,Class A,626226000_1,57.452068,7.971028,Under way using engine,-2.9,10.3,239.4,240.0,9319703,TRAM2,GREAT JACOMBO,Tanker,0,42.0,244.0,Combined GPS/GLONASS,15.0,EG_SUEZ,18/02/2025 18:00:00,AIS,POINT (7.971028 57.452068),626226000_1,0 days 00:01:00,-9.86427220424632e-07,239.17349252563668,0.0,0,7.890146148160754,57.452068,7.971028
2025-02-05 19:12:03,2025-02-05 19:12:03,Class A,626226000_1,57.451108,7.968042,Under way using engine,4.5,10.3,239.1,240.0,9319703,TRAM2,GREAT JACOMBO,Tanker,0,42.0,244.0,Combined GPS/GLONASS,15.0,EG_SUEZ,18/02/2025 18:00:00,AIS,POINT (7.968042 57.451108),626226000_1,0 days 00:01:00,-3.118882591715271e-05,239.13994809137824,0.0,0,7.892858260380202,57.451108,7.968042
2025-02-05 19:13:03,2025-02-05 19:13:03,Class A,626226000_1,57.44911,7.961853,Under way using engine,2.2,10.3,239.1,239.0,9319703,TRAM2,GREAT JACOMBO,Tanker,0,42.0,244.0,Combined GPS/GLONASS,15.0,EG_SUEZ,18/02/2025 18:00:00,AIS,POINT (7.961853 57.44911),626226000_1,0 days 00:01:00,6.232632884917483e-05,239.0380258295192,0.0,0,7.898478827124182,57.44911,7.961853
2025-02-05 19:15:03,2025-02-05 19:15:03,Class A,626226000_1,57.446185,7.952763,Under way using engine,-4.5,10.4,241.1,240.0,9319703,TRAM2,GREAT JACOMBO,Tanker,0,42.0,244.0,Combined GPS/GLONASS,15.0,EG_SUEZ,18/02/2025 18:00:00,AIS,POINT (7.952763 57.446185),626226000_1,0 days 00:02:00,-1.601410710127397e-05,239.12312794362816,0.0,0,7.90673842912196,57.446185,7.952763
2025-02-05 19:16:03,2025-02-05 19:16:03,Class A,626226000_1,57.444702,7.948195,Under way using engine,0.7,10.3,237.3,240.0,9319703,TRAM2,GREAT JACOMBO,Tanker,0,42.0,244.0,Combined GPS/GLONASS,15.0,EG_SUEZ,18/02/2025 18:00:00,AIS,POINT (7.948195 57.444702),626226000_1,0 days 00:01:00,6.590065385323641e-07,238.8983656511803,0.0,0,7.910887445818515,57.444702,7.948195
2025-02-05 19:17:03,2025-02-05 19:17:03,Class A,626226000_1,57.443232,7.943622,Under way using engine,-3.6,10.3,240.7,240.0,9319703,TRAM2,GREAT JACOMBO,Tanker,0,42.0,244.0,Combined GPS/GLONASS,15.0,EG_SUEZ,18/02/2025 18:00:00,AIS,POINT (7.943622 57.443232),626226000_1,0 days 00:01:00,-1.32532285324451e-07,239.1496661778604,0.0,0,7.915044842467792,57.443232,7.943622
2025-02-05 19:18:02,2025-02-05 19:18:02,Class A,626226000_1,57.442293,7.940617,Under way using engine,0.4,10.3,239.8,240.0,9319703,TRAM2,GREAT JACOMBO,Tanker,0,42.0,244.0,Combined GPS/GLONASS,15.0,EG_SUEZ,18/02/2025 18:00:00,AIS,POINT (7.940617 57.442293),626226000_1,0 days 00:00:59,-3.0394999577044092e-05,239.85910639818553,0.0,0,7.917782847358343,57.442293,7.940617
2025-02-05 19:19:03,2025-02-05 19:19:03,Class A,626226000_1,57.440283,7.934427,Under way using engine,-5.4,10.3,240.3,239.0,9319703,TRAM2,GREAT JACOMBO,Tanker,0,42.0,244.0,Combined GPS/GLONASS,15.0,EG_SUEZ,18/02/2025 18:00:00,AIS,POINT (7.934427 57.440283),626226000_1,0 days 00:01:01,5.8663180724474215e-05,238.89665547349955,0.0,0,7.923407820394075,57.440283,7.934427
2025-02-05 19:20:03,2025-02-05 19:20:03,Class A,626226000_1,57.43877,7.929863,Under way using engine,-2.2,10.3,239.8,239.0,9319703,TRAM2,GREAT JACOMBO,Tanker,0,42.0,244.0,Combined GPS/GLONASS,15.0,EG_SUEZ,18/02/2025 18:00:00,AIS,POINT (7.929863 57.43877),626226000_1,0 days 00:01:00,-2.9184069450858673e-05,238.37018670301143,0.0,0,7.927549543628787,57.43877,7.929863
2025-02-05 19:21:03,2025-02-05 19:21:03,Class A,626226000_1,57.437238,7.925307,Under way using engine,-0.7,10.4,238.9,239.0,9319703,TRAM2,GREAT JACOMBO,Tanker,0,42.0,244.0,Combined GPS/GLONASS,15.0,EG_SUEZ,18/02/2025 18:00:00,AIS,POINT (7.925307 57.437238),626226000_1,0 days 00:01:00,1.98629017503328e-07,238.00591865780603,0.0,0,7.93168019595199,57.437238,7.925307
2025-02-05 19:22:03,2025-02-05 19:22:03,Class A,626226000_1,57.435697,7.920758,Under way using engine,6.4,10.4,236.9,240.0,9319703,TRAM2,GREAT JACOMBO,Tanker,0,42.0,244.0,Combined GPS/GLONASS,15.0,EG_SUEZ,18/02/2025 18:00:00,AIS,POINT (7.920758 57.435697),626226000_1,0 days 00:01:00,5.140850192356453e-08,237.81629248528805,0.0,0,7.93580287304473,57.435697,7.920758
2025-02-05 19:23:03,2025-02-05 19:23:03,Class A,626226000_1,57.434165,7.916207,Under way using engine,7.5,10.5,237.2,240.0,9319703,TRAM2,GREAT JACOMBO,Tanker,0,42.0,244.0,Combined GPS/GLONASS,15.0,EG_SUEZ,18/02/2025 18:00:00,AIS,POINT (7.916207 57.434165),626226000_1,0 days 00:01:00,-1.1679035003413624e-07,237.97980152978886,0.0,0,7.939930160680886,57.434165,7.916207
2025-02-05 19:24:03,2025-02-05 19:24:03,Class A,626226000_1,57.432665,7.911632,Under way using engine,8.7,10.4,237.3,240.0,9319703,TRAM2,GREAT JACOMBO,Tanker,0,42.0,244.0,Combined GPS/GLONASS,15.0,EG_SUEZ,18/02/2025 18:00:00,AIS,POINT (7.911632 57.432665),626226000_1,0 days 00:01:00,-1.7561935923928775e-07,238.65610971995454,0.0,0,7.94408838481578,57.432665,7.911632
2025-02-05 19:25:03,2025-02-05 19:25:03,Class A,626226000_1,57.43115,7.907077,Under way using engine,-4.5,10.4,239.5,240.0,9319703,TRAM2,GREAT JACOMBO,Tanker,0,42.0,244.0,Combined GPS/GLONASS,15.0,EG_SUEZ,18/02/2025 18:00:00,AIS,POINT (7.907077 57.43115),626226000_1,0 days 00:01:00,-3.9615768164293536e-08,238.29115504887858,0.0,0,7.9482246517813655,57.43115,7.907077
2025-02-05 19:26:03,2025-02-05 19:26:03,Class A,626226000_1,57.429625,7.902555,Under way using engine,3.6,10.4,238.2,239.0,9319703,TRAM2,GREAT JACOMBO,Tanker,0,42.0,244.0,Combined GPS/GLONASS,15.0,EG_SUEZ,18/02/2025 18:00:00,AIS,POINT (7.902555 57.429625),626226000_1,0 days 00:01:00,-3.01925190956187e-07,237.93627259108192,0.0,0,7.952327303338187,57.429625,7.902555
2025-02-05 19:27:03,2025-02-05 19:27:03,Class A,626226000_1,57.428093,7.898055,Under way using engine,-6.4,10.3,238.1,239.0,9319703,TRAM2,GREAT JACOMBO,Tanker,0,42.0,244.0,Combined GPS/GLONASS,15.0,EG_SUEZ,18/02/2025 18:00:00,AIS,POINT (7.898055 57.428093),626226000_1,0 days 00:01:00,-1.9300776025330095e-07,237.69307737111183,0.0,0,7.9564077249478595,57.428093,7.898055
2025-02-05 19:28:02,2025-02-05 19:28:02,Class A,626226000_1,57.426575,7.893642,Under way using engine,-2.2,10.3,238.1,239.0,9319703,TRAM2,GREAT JACOMBO,Tanker,0,42.0,244.0,Combined GPS/GLONASS,15.0,EG_SUEZ,18/02/2025 18:00:00,AIS,POINT (7.893642 57.426575),626226000_1,0 days 00:00:59,2.5473592064089573e-08,237.42585025312403,0.0,0,7.960406726550158,57.426575,7.893642
2025-02-05 19:29:02,2025-02-05 19:29:02,Class A,626226000_1,57.425038,7.889143,Under way using engine,5.4,10.4,237.9,240.0,9319703,TRAM2,GREAT JACOMBO,Tanker,0,42.0,244.0,Combined GPS/GLONASS,15.0,EG_SUEZ,18/02/2025 18:00:00,AIS,POINT (7.889143 57.425038),626226000_1,0 days 00:01:00,4.87733730916128e-08,237.60508395953445,0.0,0,7.9644866120799644,57.425038,7.889143
2025-02-05 19:30:00,2025-02-05 19:30:00,Class A,626226000_1,57.423788,7.885357,Under way using engine,1.1,10.3,238.5,240.0,9319703,TRAM2,GREAT JACOMBO,Tanker,0,42.0,244.0,Combined GPS/GLONASS,15.0,EG_SUEZ,18/02/2025 18:00:00,AIS,POINT (7.885357 57.423788),626226000_1,0 days 00:00:58,-1.265933961117335e-05,238.484222499718,0.0,0,7.967929529203745,57.423788,7.885357
2025-02-05 19:31:02,2025-02-05 19:31:02,Class A,626226000_1,57.422037,7.880075,Under way using engine,-2.9,10.2,238.4,240.0,9319703,TRAM2,GREAT JACOMBO,Tanker,0,42.0,244.0,Combined GPS/GLONASS,15.0,EG_SUEZ,18/02/2025 18:00:00,AIS,POINT (7.880075 57.422037),626226000_1,0 days 00:01:02,2.273829706573255e-05,238.38242864526853,0.0,0,7.972732258489182,57.422037,7.880075
2025-02-05 19:32:02,2025-02-05 19:32:02,Class A,626226000_1,57.420522,7.875567,Under way using engine,5.4,10.4,238.0,240.0,9319703,TRAM2,GREAT JACOMBO,Tanker,0,42.0,244.0,Combined GPS/GLONASS,15.0,EG_SUEZ,18/02/2025 18:00:00,AIS,POINT (7.875567 57.420522),626226000_1,0 days 00:01:00,-1.1485840201211307e-05,238.03226025199643,0.0,0,7.9768277327118575,57.420522,7.875567
2025-02-05 19:33:02,2025-02-05 19:33:02,Class A,626226000_1,57.419007,7.871072,Under way using engine,-3.6,10.2,238.7,240.0,9319703,TRAM2,GREAT JACOMBO,Tanker,0,42.0,244.0,Combined GPS/GLONASS,15.0,EG_SUEZ,18/02/2025 18:00:00,AIS,POINT (7.871072 57.419007),626226000_1,0 days 00:01:00,-1.814659247378342e-07,237.95895238680467,0.0,0,7.980911221001083,57.419007,7.871072
2025-02-05 19:42:02,2025-02-05 19:42:02,Class A,626226000_1,57.406215,7.833733,Under way using engine,-4.5,10.3,237.6,240.0,9319703,TRAM2,GREAT JACOMBO,Tanker,0,42.0,244.0,Combined GPS/GLONASS,15.0,EG_SUEZ,18/02/2025 18:00:00,AIS,POINT (7.833733 57.406215),626226000_1,0 days 00:09:00,-7.13619502306332e-07,237.55554025086263,0.0,0,8.014817576329108,57.406215,7.833733
2025-02-05 19:43:03,2025-02-05 19:43:03,Class A,626226000_1,57.403688,7.826208,Under way using engine,-2.9,10.3,237.1,239.0,9319703,TRAM2,GREAT JACOMBO,Tanker,0,42.0,244.0,Combined GPS/GLONASS,15.0,EG_SUEZ,18/02/2025 18:00:00,AIS,POINT (7.826208 57.403688),626226000_1,0 days 00:01:01,6.24765692460151e-05,238.06455046558165,0.0,0,8.02166735874631,57.403688,7.826208
2025-02-05 19:44:03,2025-02-05 19:44:03,Class A,626226000_1,57.402112,7.821773,Under way using engine,2.9,10.2,234.6,239.0,9319703,TRAM2,GREAT JACOMBO,Tanker,0,42.0,244.0,Combined GPS/GLONASS,15.0,EG_SUEZ,18/02/2025 18:00:00,AIS,POINT (7.821773 57.402112),626226000_1,0 days 00:01:00,-5.689085626703551e-05,236.59227974146452,0.0,0,8.025687681633581,57.402112,7.821773
2025-02-05 19:45:03,2025-02-05 19:45:03,Class A,626226000_1,57.400512,7.817385,Under way using engine,-2.2,10.2,234.9,240.0,9319703,TRAM2,GREAT JACOMBO,Tanker,0,42.0,244.0,Combined GPS/GLONASS,15.0,EG_SUEZ,18/02/2025 18:00:00,AIS,POINT (7.817385 57.400512),626226000_1,0 days 00:01:00,-2.383974870094416e-07,235.91142938497035,0.0,0,8.029657849763526,57.400512,7.817385
2025-02-05 19:46:03,2025-02-05 19:46:03,Class A,626226000_1,57.398973,7.812927,Under way using engine,-7.5,10.1,237.5,242.0,9319703,TRAM2,GREAT JACOMBO,Tanker,0,42.0,244.0,Combined GPS/GLONASS,15.0,EG_SUEZ,18/02/2025 18:00:00,AIS,POINT (7.812927 57.398973),626226000_1,0 days 00:01:00,-5.711045838336278e-08,237.35198916469423,0.0,0,8.033709706876518,57.398973,7.812927
2025-02-05 19:47:03,2025-02-05 19:47:03,Class A,626226000_1,57.397545,7.808365,Under way using engine,7.5,10.2,240.4,245.0,9319703,TRAM2,GREAT JACOMBO,Tanker,0,42.0,244.0,Combined GPS/GLONASS,15.0,EG_SUEZ,18/02/2025 18:00:00,AIS,POINT (7.808365 57.397545),626226000_1,0 days 00:01:00,-3.0090806770389766e-07,239.84693139554554,0.0,0,8.037886650120042,57.397545,7.808365
2025-02-05 19:48:03,2025-02-05 19:48:03,Class A,626226000_1,57.396275,7.803663,Under way using engine,3.6,10.2,243.3,245.0,9319703,TRAM2,GREAT JACOMBO,Tanker,0,42.0,244.0,Combined GPS/GLONASS,15.0,EG_SUEZ,18/02/2025 18:00:00,AIS,POINT (7.803663 57.396275),626226000_1,0 days 00:01:00,-2.602404010495328e-07,243.3782854105104,0.0,0,8.042233380709241,57.396275,7.803663
2025-02-05 19:54:02,2025-02-05 19:54:02,Class A,626226000_1,57.388028,7.776562,Under way using engine,0.4,10.0,239.8,242.0,9319703,TRAM2,GREAT JACOMBO,Tanker,0,42.0,244.0,Combined GPS/GLONASS,15.0,EG_SUEZ,18/02/2025 18:00:00,AIS,POINT (7.776562 57.388028),626226000_1,0 days 00:05:59,-1.6110274032496408e-07,240.55823271474293,0.0,0,8.06711195841808,57.388028,7.776562
2025-02-06 10:00:01,2025-02-06 10:00:01,Class A,626226000_1,55.387425,5.668905,Under way using engine,1.6,11.6,202.0,200.0,Unknown,Unknown,UTAKI,Undefined,0,42.0,241.0,Undefined,8.2,Unknown,08/02/2025 12:00:00,AIS,POINT (5.668905 55.387425),626226000_1,0 days 14:05:59,-2.5229254540621825e-09,211.13226751847114,846.0,1,10.01726285562169,55.387425,5.668905
2025-02-06 10:04:02,2025-02-06 10:04:02,Class A,626226000_1,55.375448,5.660307,Under way using engine,-3.6,11.5,201.6,200.0,Unknown,Unknown,POLA HARITA,Undefined,0,17.0,141.0,Undefined,4.5,Unknown,08/02/2025 20:00:00,AIS,POINT (5.660307 55.375448),626226000_1,0 days 00:04:01,3.711716045249495e-06,202.1907835701786,0.0,0,10.026314532712258,55.375448,5.660307
2025-02-06 10:18:02,2025-02-06 10:18:02,Class A,626226000_1,55.333705,5.630265,Under way using engine,-3.6,11.7,204.8,202.0,Unknown,Unknown,POLA HARITA,Undefined,0,17.0,141.0,Undefined,4.5,Unknown,08/02/2025 20:00:00,AIS,POINT (5.630265 55.333705),626226000_1,0 days 00:14:00,2.8057308294040492e-09,202.26382686335944,0.0,0,10.058042900332946,55.333705,5.630265
2025-02-06 10:19:02,2025-02-06 10:19:02,Class A,626226000_1,55.330723,5.627998,Under way using engine,-1.6,11.8,201.9,201.0,Unknown,Unknown,POLA HARITA,Undefined,0,17.0,141.0,Undefined,4.5,Unknown,08/02/2025 20:00:00,AIS,POINT (5.627998 55.330723),626226000_1,0 days 00:01:00,8.479346363519357e-07,203.38607333378496,0.0,0,10.060436488459187,55.330723,5.627998
