t,TS,Type of mobile,MMSI,Latitude,Longitude,Navigational status,ROT,SOG,COG,Heading,IMO,Callsign,Name,Ship type,Cargo type,Width,Length,Type of position fixing device,Draught,Destination,ETA,Data source type,geometry,traj_id,timedelta,acceleration,direction,oft_minutes60,oft_dummy60,haus_dist_a,lat,lon
2025-01-05 12:58:01,2025-01-05 12:58:01,Class A,626294000_0,55.776067,16.267617,Under way using engine,0.0,11.9,255.0,256.0,Unknown,Unknown,LEONA,Undefined,No additional information,42.0,244.0,Undefined,8.4,Unknown,17/01/2025 04:00:00,AIS,POINT (16.267617 55.776067),626294000_0,0,0.0,254.75828278812162,0.0,0,8.068205720698067,55.776067,16.267617
2025-01-05 13:21:00,2025-01-05 13:21:00,Class A,626294000_0,55.755883,16.136433,Under way using engine,0.0,12.0,254.0,256.0,Unknown,Unknown,LEONA,Undefined,No additional information,42.0,244.0,Undefined,8.4,Unknown,17/01/2025 04:00:00,AIS,POINT (16.136433 55.755883),626294000_0,0 days 00:22:59,0.0,254.75828278812162,0.0,0,7.943734103871366,55.755883,16.136433
2025-01-05 13:22:00,2025-01-05 13:22:00,Class A,626294000_0,55.754983,16.1306,Under way using engine,0.0,12.0,254.0,256.0,Unknown,Unknown,LEONA,Undefined,No additional information,42.0,244.0,Undefined,8.4,Unknown,17/01/2025 04:00:00,AIS,POINT (16.1306 55.754983),626294000_0,0 days 00:01:00,2.310149118377542e-06,254.66926409860378,0.0,0,7.93820629235522,55.754983,16.1306
2025-01-05 13:28:00,2025-01-05 13:28:00,Class A,626294000_0,55.749767,16.096383,Under way using engine,0.0,12.0,255.0,258.0,Unknown,Unknown,LEONA,Undefined,No additional information,42.0,244.0,Undefined,8.4,Unknown,17/01/2025 04:00:00,AIS,POINT (16.096383 55.749767),626294000_0,0 days 00:06:00,-4.053351026170736e-07,254.85800754062575,0.0,0,7.905777431788033,55.749767,16.096383
2025-01-05 13:29:00,2025-01-05 13:29:00,Class A,626294000_0,55.748983,16.090483,Under way using engine,0.0,12.0,257.0,258.0,Unknown,Unknown,VLADIMIR VINOGRADOV,Undefined,No additional information,44.0,250.0,Undefined,14.7,Unknown,17/01/2025 04:00:00,AIS,POINT (16.090483 55.748983),626294000_0,0 days 00:01:00,2.695042881073155e-06,256.7180801005904,0.0,0,7.900163934540155,55.748983,16.090483
2025-01-05 13:30:00,2025-01-05 13:30:00,Class A,626294000_0,55.748267,16.084783,Under way using engine,0.0,12.0,257.0,258.0,Unknown,Unknown,VLADIMIR VINOGRADOV,Undefined,No additional information,44.0,250.0,Undefined,14.7,Unknown,17/01/2025 04:00:00,AIS,POINT (16.084783 55.748267),626294000_0,0 days 00:01:00,-3.868468998823486e-06,257.42099254304554,0.0,0,7.8947326796395725,55.748267,16.084783
2025-01-05 13:31:00,2025-01-05 13:31:00,Class A,626294000_0,55.747517,16.0789,Under way using engine,0.0,12.0,257.0,258.0,Unknown,Unknown,VLADIMIR VINOGRADOV,Undefined,No additional information,44.0,250.0,Undefined,14.7,Unknown,17/01/2025 04:00:00,AIS,POINT (16.0789 55.747517),626294000_0,0 days 00:01:00,3.3468349856248177e-06,257.2399065011862,0.0,0,7.889129785410303,55.747517,16.0789
2025-01-05 13:32:00,2025-01-05 13:32:00,Class A,626294000_0,55.74675,16.0732,Under way using engine,0.0,12.0,256.0,258.0,Unknown,Unknown,VLADIMIR VINOGRADOV,Undefined,No additional information,44.0,250.0,Undefined,14.7,Unknown,17/01/2025 04:00:00,AIS,POINT (16.0732 55.74675),626294000_0,0 days 00:01:00,-2.98867775027995e-06,256.55684822075943,0.0,0,7.883709946086868,55.74675,16.0732
2025-01-05 13:33:00,2025-01-05 13:33:00,Class A,626294000_0,55.745983,16.06735,Under way using engine,0.0,12.0,256.0,258.0,Unknown,Unknown,LEONA,Undefined,No additional information,42.0,244.0,Undefined,8.4,Unknown,17/01/2025 04:00:00,AIS,POINT (16.06735 55.745983),626294000_0,0 days 00:01:00,2.548930639690849e-06,256.88985482828207,0.0,0,7.8781438039355445,55.745983,16.06735
2025-01-05 13:36:00,2025-01-05 13:36:00,Class A,626294000_0,55.743733,16.049867,Under way using engine,0.0,12.0,257.0,258.0,Unknown,Unknown,VLADIMIR VINOGRADOV,Undefined,No additional information,44.0,250.0,Undefined,14.7,Unknown,17/01/2025 04:00:00,AIS,POINT (16.049867 55.743733),626294000_0,0 days 00:03:00,-1.646106273225479e-07,257.1285123666933,0.0,0,7.861503288903783,55.743733,16.049867
2025-01-05 13:37:00,2025-01-05 13:37:00,Class A,626294000_0,55.742967,16.044167,Under way using engine,0.0,12.0,256.0,258.0,Unknown,Unknown,LEONA,Undefined,No additional information,42.0,244.0,Undefined,8.4,Unknown,17/01/2025 04:00:00,AIS,POINT (16.044167 55.742967),626294000_0,0 days 00:01:00,-2.0529147163513034e-06,256.5749976967095,0.0,0,7.856085617437289,55.742967,16.044167
2025-01-05 13:38:00,2025-01-05 13:38:00,Class A,626294000_0,55.742183,16.038317,Under way using engine,0.0,12.1,256.0,258.0,Unknown,Unknown,LEONA,Undefined,No additional information,42.0,244.0,Undefined,8.4,Unknown,17/01/2025 04:00:00,AIS,POINT (16.038317 55.742183),626294000_0,0 days 00:01:00,2.6766560399146474e-06,256.61084284670864,0.0,0,7.850525421317034,55.742183,16.038317
2025-01-05 13:45:00,2025-01-05 13:45:00,Class A,626294000_0,55.736833,15.9977,Under way using engine,0.0,12.1,256.0,258.0,9274800,TRAV2,YANGTZE,Tanker,No additional information,44.0,249.0,Undefined,14.9,SUEZ,20/01/2025 18:00:00,AIS,POINT (15.9977 55.736833),626294000_0,0 days 00:07:00,-1.34271037827389e-07,256.84784834607905,0.0,0,7.811914856454083,55.736833,15.9977
2025-01-05 13:46:00,2025-01-05 13:46:00,Class A,626294000_0,55.736067,15.9918,Under way using engine,0.0,12.1,256.0,258.0,9274800,TRAV2,YANGTZE,Tanker,No additional information,44.0,249.0,Undefined,14.9,SUEZ,20/01/2025 18:00:00,AIS,POINT (15.9918 55.736067),626294000_0,0 days 00:01:00,1.6782428320269062e-06,257.01677461604413,0.0,0,7.806305975642257,55.736067,15.9918
2025-01-05 13:48:00,2025-01-05 13:48:00,Class A,626294000_0,55.734483,15.98015,Under way using engine,0.0,12.1,256.0,258.0,9274800,TRAV2,YANGTZE,Tanker,No additional information,44.0,249.0,Undefined,14.9,SUEZ,20/01/2025 18:00:00,AIS,POINT (15.98015 55.734483),626294000_0,0 days 00:02:00,-5.432567838665216e-07,256.42813626986765,0.0,0,7.795247304139107,55.734483,15.98015
2025-01-05 13:49:00,2025-01-05 13:49:00,Class A,626294000_0,55.733717,15.97445,Under way using engine,0.0,12.1,256.0,258.0,9274800,TRAV2,YANGTZE,Tanker,No additional information,44.0,249.0,Undefined,14.9,SUEZ,20/01/2025 18:00:00,AIS,POINT (15.97445 55.733717),626294000_0,0 days 00:01:00,-2.3056151460946103e-06,256.5780642904846,0.0,0,7.78983547608985,55.733717,15.97445
2025-01-05 14:17:00,2025-01-05 14:17:00,Class A,626294000_0,55.710633,15.8122,Under way using engine,0.0,12.1,255.0,257.0,9274800,TRAV2,YANGTZE,Tanker,No additional information,44.0,249.0,Undefined,14.9,SUEZ,20/01/2025 18:00:00,AIS,POINT (15.8122 55.710633),626294000_0,0 days 00:28:00,7.372065635556155e-08,255.88988098165765,0.0,0,7.636274590746983,55.710633,15.8122
2025-01-05 14:18:00,2025-01-05 14:18:00,Class A,626294000_0,55.70975,15.806333,Under way using engine,0.0,12.1,254.0,257.0,9274800,TRAV2,YANGTZE,Tanker,No additional information,44.0,249.0,Undefined,14.9,SUEZ,20/01/2025 18:00:00,AIS,POINT (15.806333 55.70975),626294000_0,0 days 00:01:00,1.7076828274860864e-06,255.04552667637898,0.0,0,7.630740348698152,55.70975,15.806333
2025-01-05 14:19:00,2025-01-05 14:19:00,Class A,626294000_0,55.708883,15.800733,Under way using engine,0.0,12.1,255.0,257.0,9274800,TRAV2,YANGTZE,Tanker,No additional information,44.0,249.0,Undefined,14.9,SUEZ,20/01/2025 18:00:00,AIS,POINT (15.800733 55.708883),626294000_0,0 days 00:01:00,-4.627498439211521e-06,254.63658513427953,0.0,0,7.625463795206754,55.708883,15.800733
2025-01-05 14:20:00,2025-01-05 14:20:00,Class A,626294000_0,55.708017,15.795083,Under way using engine,0.0,12.1,254.0,257.0,9274800,TRAV2,YANGTZE,Tanker,No additional information,44.0,249.0,Undefined,14.9,SUEZ,20/01/2025 18:00:00,AIS,POINT (15.795083 55.708017),626294000_0,0 days 00:01:00,8.362367361355784e-07,254.78331892231463,0.0,0,7.6201387894492445,55.708017,15.795083
2025-01-05 14:21:00,2025-01-05 14:21:00,Class A,626294000_0,55.707117,15.789267,Under way using engine,0.0,12.0,254.0,257.0,9274800,TRAV2,YANGTZE,Tanker,No additional information,44.0,249.0,Undefined,14.9,SUEZ,20/01/2025 18:00:00,AIS,POINT (15.789267 55.707117),626294000_0,0 days 00:01:00,3.0753758430668067e-06,254.6445065774932,0.0,0,7.614659794396925,55.707117,15.789267
2025-01-05 14:28:01,2025-01-05 14:28:01,Class A,626294000_0,55.7011,15.748933,Under way using engine,0.0,12.1,255.0,257.0,9274800,TRAV2,YANGTZE,Tanker,No additional information,44.0,249.0,Undefined,14.9,SUEZ,20/01/2025 18:00:00,AIS,POINT (15.748933 55.7011),626294000_0,0 days 00:07:01,-2.1008965852795378e-07,255.18767525651825,0.0,0,7.576630195558577,55.7011,15.748933
2025-01-05 14:29:01,2025-01-05 14:29:01,Class A,626294000_0,55.700267,15.743283,Under way using engine,0.0,12.1,255.0,257.0,9274800,TRAV2,YANGTZE,Tanker,No additional information,44.0,249.0,Undefined,14.9,SUEZ,20/01/2025 18:00:00,AIS,POINT (15.743283 55.700267),626294000_0,0 days 00:01:00,-1.844945374520268e-06,255.34058941413974,0.0,0,7.5713031062010065,55.700267,15.743283
2025-01-05 14:30:01,2025-01-05 14:30:01,Class A,626294000_0,55.6994,15.737433,Under way using engine,0.0,12.1,255.0,257.0,9274800,TRAV2,YANGTZE,Tanker,No additional information,44.0,249.0,Undefined,14.9,SUEZ,20/01/2025 18:00:00,AIS,POINT (15.737433 55.6994),626294000_0,0 days 00:01:00,3.647573746300726e-06,255.2675860189659,0.0,0,7.565789035008179,55.6994,15.737433
2025-01-05 14:31:01,2025-01-05 14:31:01,Class A,626294000_0,55.698583,15.731767,Under way using engine,0.0,12.1,255.0,257.0,9274800,TRAV2,YANGTZE,Tanker,No additional information,44.0,249.0,Undefined,14.9,SUEZ,20/01/2025 18:00:00,AIS,POINT (15.731767 55.698583),626294000_0,0 days 00:01:00,-3.4965745399351847e-06,255.64996532971074,0.0,0,7.56044394481865,55.698583,15.731767
2025-01-05 14:32:01,2025-01-05 14:32:01,Class A,626294000_0,55.69775,15.725883,Under way using engine,0.0,12.1,255.0,257.0,9274800,TRAV2,YANGTZE,Tanker,No additional information,44.0,249.0,Undefined,14.9,SUEZ,20/01/2025 18:00:00,AIS,POINT (15.725883 55.69775),626294000_0,0 days 00:01:00,3.814713029029268e-06,255.90092310611078,0.0,0,7.554890371160258,55.69775,15.725883
2025-01-05 14:33:01,2025-01-05 14:33:01,Class A,626294000_0,55.6969,15.72005,Under way using engine,0.0,12.1,255.0,257.0,9274800,TRAV2,YANGTZE,Tanker,No additional information,44.0,249.0,Undefined,14.9,SUEZ,20/01/2025 18:00:00,AIS,POINT (15.72005 55.6969),626294000_0,0 days 00:01:00,-7.315756713446892e-07,255.50480181518262,0.0,0,7.549390890325458,55.6969,15.72005
2025-01-05 14:34:01,2025-01-05 14:34:01,Class A,626294000_0,55.696067,15.7144,Under way using engine,0.0,12.0,255.0,256.0,9274800,TRAV2,YANGTZE,Tanker,No additional information,44.0,249.0,Undefined,14.9,SUEZ,20/01/2025 18:00:00,AIS,POINT (15.7144 55.696067),626294000_0,0 days 00:01:00,-3.223902988562669e-06,255.34209680373127,0.0,0,7.544066661671806,55.696067,15.7144
2025-01-05 14:43:00,2025-01-05 14:43:00,Class A,626294000_0,55.688317,15.66285,Under way using engine,0.0,12.0,255.0,256.0,9274800,TRAV2,YANGTZE,Tanker,No additional information,44.0,249.0,Undefined,14.9,SUEZ,20/01/2025 18:00:00,AIS,POINT (15.66285 55.688317),626294000_0,0 days 00:08:59,1.9346466522057037e-07,255.08647278254875,0.0,0,7.495548902418555,55.688317,15.66285
2025-01-05 14:44:00,2025-01-05 14:44:00,Class A,626294000_0,55.687467,15.656983,Under way using engine,0.0,12.0,255.0,256.0,9274800,TRAV2,YANGTZE,Tanker,No additional information,44.0,249.0,Undefined,14.9,SUEZ,20/01/2025 18:00:00,AIS,POINT (15.656983 55.687467),626294000_0,0 days 00:01:00,2.08497067116435e-06,255.5886530688478,0.0,0,7.49002287965591,55.687467,15.656983
2025-01-05 14:45:00,2025-01-05 14:45:00,Class A,626294000_0,55.686633,15.651333,Under way using engine,0.0,12.0,255.0,256.0,9274800,TRAV2,YANGTZE,Tanker,No additional information,44.0,249.0,Undefined,14.9,SUEZ,20/01/2025 18:00:00,AIS,POINT (15.651333 55.686633),626294000_0,0 days 00:01:00,-3.792130441718237e-06,255.3286447884439,0.0,0,7.484705302181843,55.686633,15.651333
2025-01-05 14:46:00,2025-01-05 14:46:00,Class A,626294000_0,55.685767,15.64575,Under way using engine,0.0,12.0,254.0,256.0,9274800,TRAV2,YANGTZE,Tanker,No additional information,44.0,249.0,Undefined,14.9,SUEZ,20/01/2025 18:00:00,AIS,POINT (15.64575 55.685767),626294000_0,0 days 00:01:00,-8.725435968387918e-07,254.61761076406347,0.0,0,7.479460793162032,55.685767,15.64575
2025-01-05 14:47:00,2025-01-05 14:47:00,Class A,626294000_0,55.684883,15.639933,Under way using engine,0.0,12.0,254.0,256.0,9274800,TRAV2,YANGTZE,Tanker,No additional information,44.0,249.0,Undefined,14.9,SUEZ,20/01/2025 18:00:00,AIS,POINT (15.639933 55.684883),626294000_0,0 days 00:01:00,4.0934195154427045e-06,254.9156394048229,0.0,0,7.473992971097109,55.684883,15.639933
2025-01-05 14:48:00,2025-01-05 14:48:00,Class A,626294000_0,55.68405,15.634333,Under way using engine,0.0,12.0,255.0,257.0,9274800,TRAV2,YANGTZE,Tanker,No additional information,44.0,249.0,Undefined,14.9,SUEZ,20/01/2025 18:00:00,AIS,POINT (15.634333 55.68405),626294000_0,0 days 00:01:00,-4.067459253724462e-06,255.2212360303252,0.0,0,7.468725648746913,55.68405,15.634333
2025-01-05 14:49:00,2025-01-05 14:49:00,Class A,626294000_0,55.683217,15.6285,Under way using engine,0.0,12.0,255.0,257.0,9274800,TRAV2,YANGTZE,Tanker,No additional information,44.0,249.0,Undefined,14.9,SUEZ,20/01/2025 18:00:00,AIS,POINT (15.6285 55.683217),626294000_0,0 days 00:01:00,3.944074721032265e-06,255.78765808389198,0.0,0,7.463231942412617,55.683217,15.6285
2025-01-05 14:50:00,2025-01-05 14:50:00,Class A,626294000_0,55.682383,15.622683,Under way using engine,0.0,12.0,255.0,256.0,9274800,TRAV2,YANGTZE,Tanker,No additional information,44.0,249.0,Undefined,14.9,SUEZ,20/01/2025 18:00:00,AIS,POINT (15.622683 55.682383),626294000_0,0 days 00:01:00,-2.613179717339224e-07,255.73402431238657,0.0,0,7.457754655190059,55.682383,15.622683
2025-01-05 14:51:00,2025-01-05 14:51:00,Class A,626294000_0,55.681583,15.617067,Under way using engine,0.0,12.0,255.0,256.0,9274800,TRAV2,YANGTZE,Tanker,No additional information,44.0,249.0,Undefined,14.9,SUEZ,20/01/2025 18:00:00,AIS,POINT (15.617067 55.681583),626294000_0,0 days 00:01:00,-3.6607118724296298e-06,255.82233966592702,0.0,0,7.45246603159954,55.681583,15.617067
2025-01-05 14:52:00,2025-01-05 14:52:00,Class A,626294000_0,55.680783,15.61125,Under way using engine,0.0,11.9,255.0,256.0,9274800,TRAV2,YANGTZE,Tanker,No additional information,44.0,249.0,Undefined,14.9,SUEZ,20/01/2025 18:00:00,AIS,POINT (15.61125 55.680783),626294000_0,0 days 00:01:00,3.4111114259039448e-06,256.2938688118082,0.0,0,7.4469822209998595,55.680783,15.61125
2025-01-05 14:53:00,2025-01-05 14:53:00,Class A,626294000_0,55.679983,15.605617,Under way using engine,0.0,11.9,255.0,256.0,9274800,TRAV2,YANGTZE,Tanker,No additional information,44.0,249.0,Undefined,14.9,SUEZ,20/01/2025 18:00:00,AIS,POINT (15.605617 55.679983),626294000_0,0 days 00:01:00,-3.119156791744629e-06,255.86397730122587,0.0,0,7.441678186736175,55.679983,15.605617
2025-01-05 14:59:00,2025-01-05 14:59:00,Class A,626294000_0,55.675067,15.57155,Under way using engine,0.0,11.8,256.0,256.0,9274800,TRAV2,YANGTZE,Tanker,No additional information,44.0,249.0,Undefined,14.9,SUEZ,20/01/2025 18:00:00,AIS,POINT (15.57155 55.675067),626294000_0,0 days 00:06:00,1.5221443092697e-07,255.65871224180393,0.0,0,7.409630689369613,55.675067,15.57155
2025-01-05 15:00:00,2025-01-05 15:00:00,Class A,626294000_0,55.674267,15.566,Under way using engine,0.0,11.8,255.0,256.0,9274800,TRAV2,YANGTZE,Tanker,No additional information,44.0,249.0,Undefined,14.9,SUEZ,20/01/2025 18:00:00,AIS,POINT (15.566 55.674267),626294000_0,0 days 00:01:00,-2.30556008626734e-06,255.66317448775223,0.0,0,7.404411509292822,55.674267,15.566
2025-01-05 15:01:00,2025-01-05 15:01:00,Class A,626294000_0,55.6734,15.560267,Under way using engine,0.0,11.8,255.0,256.0,9274800,TRAV2,YANGTZE,Tanker,No additional information,44.0,249.0,Undefined,14.9,SUEZ,20/01/2025 18:00:00,AIS,POINT (15.560267 55.6734),626294000_0,0 days 00:01:00,3.6203391576665035e-06,254.98982616285906,0.0,0,7.399030155620802,55.6734,15.560267
2025-01-05 15:02:00,2025-01-05 15:02:00,Class A,626294000_0,55.67255,15.554517,Under way using engine,0.0,11.8,255.0,256.0,9274800,TRAV2,YANGTZE,Tanker,No additional information,44.0,249.0,Undefined,14.9,SUEZ,20/01/2025 18:00:00,AIS,POINT (15.554517 55.67255),626294000_0,0 days 00:01:00,1.548688470908409e-07,255.31325081393544,0.0,0,7.393628981006959,55.67255,15.554517
2025-01-05 15:03:00,2025-01-05 15:03:00,Class A,626294000_0,55.67175,15.54895,Under way using engine,0.0,11.8,256.0,256.0,9274800,TRAV2,YANGTZE,Tanker,No additional information,44.0,249.0,Undefined,14.9,SUEZ,20/01/2025 18:00:00,AIS,POINT (15.54895 55.67175),626294000_0,0 days 00:01:00,-3.4812454144930668e-06,255.70605328046008,0.0,0,7.388395020539236,55.67175,15.54895
2025-01-05 15:04:00,2025-01-05 15:04:00,Class A,626294000_0,55.670967,15.5432,Under way using engine,0.0,11.8,256.0,256.0,9274800,TRAV2,YANGTZE,Tanker,No additional information,44.0,249.0,Undefined,14.9,SUEZ,20/01/2025 18:00:00,AIS,POINT (15.5432 55.670967),626294000_0,0 days 00:01:00,2.98033548976717e-06,256.42707038031915,0.0,0,7.38297963823198,55.670967,15.5432
2025-01-05 15:05:00,2025-01-05 15:05:00,Class A,626294000_0,55.670183,15.5376,Under way using engine,0.0,11.9,256.0,256.0,9274800,TRAV2,YANGTZE,Tanker,No additional information,44.0,249.0,Undefined,14.9,SUEZ,20/01/2025 18:00:00,AIS,POINT (15.5376 55.670183),626294000_0,0 days 00:01:00,-2.537571476251184e-06,256.06053876100873,0.0,0,7.37771103386328,55.670183,15.5376
2025-01-05 15:06:00,2025-01-05 15:06:00,Class A,626294000_0,55.669367,15.531833,Under way using engine,0.0,11.9,256.0,256.0,9274800,TRAV2,YANGTZE,Tanker,No additional information,44.0,249.0,Undefined,14.9,SUEZ,20/01/2025 18:00:00,AIS,POINT (15.531833 55.669367),626294000_0,0 days 00:01:00,3.0735443864032387e-06,255.91792996331887,0.0,0,7.372287899992037,55.669367,15.531833
2025-01-05 15:16:00,2025-01-05 15:16:00,Class A,626294000_0,55.660817,15.475167,Under way using engine,0.0,11.9,254.0,256.0,9274800,TRAV2,YANGTZE,Tanker,No additional information,44.0,249.0,Undefined,14.9,SUEZ,20/01/2025 18:00:00,AIS,POINT (15.475167 55.660817),626294000_0,0 days 00:10:00,-1.385561031098893e-07,255.04681525808147,0.0,0,7.3191578256931304,55.660817,15.475167
2025-01-05 15:17:00,2025-01-05 15:17:00,Class A,626294000_0,55.659967,15.469583,Under way using engine,0.0,11.9,254.0,256.0,9274800,TRAV2,YANGTZE,Tanker,No additional information,44.0,249.0,Undefined,14.9,SUEZ,20/01/2025 18:00:00,AIS,POINT (15.469583 55.659967),626294000_0,0 days 00:01:00,-1.4234157742727711e-06,254.9008301414495,0.0,0,7.313927424425881,55.659967,15.469583
2025-01-05 15:18:00,2025-01-05 15:18:00,Class A,626294000_0,55.6591,15.463817,Under way using engine,0.0,11.9,255.0,256.0,9274800,TRAV2,YANGTZE,Tanker,No additional information,44.0,249.0,Undefined,14.9,SUEZ,20/01/2025 18:00:00,AIS,POINT (15.463817 55.6591),626294000_0,0 days 00:01:00,3.211788324158944e-06,255.07712323665527,0.0,0,7.3085246930680885,55.6591,15.463817
2025-01-05 15:19:00,2025-01-05 15:19:00,Class A,626294000_0,55.658267,15.45825,Under way using engine,0.0,11.9,255.0,256.0,9274800,TRAV2,YANGTZE,Tanker,No additional information,44.0,249.0,Undefined,14.9,SUEZ,20/01/2025 18:00:00,AIS,POINT (15.45825 55.658267),626294000_0,0 days 00:01:00,-3.6304614447169673e-06,255.14683021686346,0.0,0,7.303308092669238,55.658267,15.45825
2025-01-05 15:20:00,2025-01-05 15:20:00,Class A,626294000_0,55.657417,15.452683,Under way using engine,0.0,11.9,255.0,256.0,9274800,TRAV2,YANGTZE,Tanker,No additional information,44.0,249.0,Undefined,14.9,SUEZ,20/01/2025 18:00:00,AIS,POINT (15.452683 55.657417),626294000_0,0 days 00:01:00,1.3781923741611016e-07,254.85776420933166,0.0,0,7.298096097481109,55.657417,15.452683
2025-01-05 15:21:00,2025-01-05 15:21:00,Class A,626294000_0,55.656567,15.446917,Under way using engine,0.0,11.9,255.0,256.0,9274800,TRAV2,YANGTZE,Tanker,No additional information,44.0,249.0,Undefined,14.9,SUEZ,20/01/2025 18:00:00,AIS,POINT (15.446917 55.656567),626294000_0,0 days 00:01:00,3.3650569356119774e-06,255.35798652033972,0.0,0,7.292691305471868,55.656567,15.446917
2025-01-05 15:22:00,2025-01-05 15:22:00,Class A,626294000_0,55.65575,15.441333,Under way using engine,0.0,11.9,255.0,256.0,9274800,TRAV2,YANGTZE,Tanker,No additional information,44.0,249.0,Undefined,14.9,SUEZ,20/01/2025 18:00:00,AIS,POINT (15.441333 55.65575),626294000_0,0 days 00:01:00,-3.3345519769924025e-06,255.4633106165238,0.0,0,7.287456281807117,55.65575,15.441333
2025-01-05 15:23:00,2025-01-05 15:23:00,Class A,626294000_0,55.6549,15.43555,Under way using engine,0.0,11.9,256.0,257.0,9274800,TRAV2,YANGTZE,Tanker,No additional information,44.0,249.0,Undefined,14.9,SUEZ,20/01/2025 18:00:00,AIS,POINT (15.43555 55.6549),626294000_0,0 days 00:01:00,3.626355084899033e-06,255.39979532147487,0.0,0,7.2820362534753285,55.6549,15.43555
2025-01-05 15:24:00,2025-01-05 15:24:00,Class A,626294000_0,55.654083,15.429767,Under way using engine,0.0,11.9,256.0,256.0,9274800,TRAV2,YANGTZE,Tanker,No additional information,44.0,249.0,Undefined,14.9,SUEZ,20/01/2025 18:00:00,AIS,POINT (15.429767 55.654083),626294000_0,0 days 00:01:00,-2.5002100496279075e-07,255.94410017337682,0.0,0,7.2766090952273235,55.654083,15.429767
2025-01-05 15:25:00,2025-01-05 15:25:00,Class A,626294000_0,55.653267,15.424183,Under way using engine,0.0,11.9,255.0,255.0,9274800,TRAV2,YANGTZE,Tanker,No additional information,44.0,249.0,Undefined,14.9,SUEZ,20/01/2025 18:00:00,AIS,POINT (15.424183 55.653267),626294000_0,0 days 00:01:00,-3.378096634675974e-06,255.48123553357732,0.0,0,7.271375706217428,55.653267,15.424183
2025-01-05 15:26:00,2025-01-05 15:26:00,Class A,626294000_0,55.652367,15.41845,Under way using engine,0.0,11.9,254.0,256.0,9274800,TRAV2,YANGTZE,Tanker,No additional information,44.0,249.0,Undefined,14.9,SUEZ,20/01/2025 18:00:00,AIS,POINT (15.41845 55.652367),626294000_0,0 days 00:01:00,3.1913817789579276e-06,254.45356371007762,0.0,0,7.266018032295819,55.652367,15.41845
2025-01-05 15:27:00,2025-01-05 15:27:00,Class A,626294000_0,55.651533,15.412867,Under way using engine,0.0,11.9,255.0,257.0,9274800,TRAV2,YANGTZE,Tanker,No additional information,44.0,249.0,Undefined,14.9,SUEZ,20/01/2025 18:00:00,AIS,POINT (15.412867 55.651533),626294000_0,0 days 00:01:00,-3.063402845745053e-06,255.1729722160092,0.0,0,7.260791140932578,55.651533,15.412867
2025-01-05 15:28:00,2025-01-05 15:28:00,Class A,626294000_0,55.65075,15.407283,Under way using engine,0.0,11.9,256.0,257.0,9274800,TRAV2,YANGTZE,Tanker,No additional information,44.0,249.0,Undefined,14.9,SUEZ,20/01/2025 18:00:00,AIS,POINT (15.407283 55.65075),626294000_0,0 days 00:01:00,-3.723908856846011e-07,256.0459420325554,0.0,0,7.255551810045187,55.65075,15.407283
2025-01-05 15:29:00,2025-01-05 15:29:00,Class A,626294000_0,55.64995,15.4015,Under way using engine,0.0,11.9,256.0,256.0,9274800,TRAV2,YANGTZE,Tanker,No additional information,44.0,249.0,Undefined,14.9,SUEZ,20/01/2025 18:00:00,AIS,POINT (15.4015 55.64995),626294000_0,0 days 00:01:00,3.506669541869237e-06,256.2267673126727,0.0,0,7.250123804820785,55.64995,15.4015
2025-01-05 15:30:00,2025-01-05 15:30:00,Class A,626294000_0,55.649183,15.3959,Under way using engine,0.0,11.9,256.0,256.0,9274800,TRAV2,YANGTZE,Tanker,No additional information,44.0,249.0,Undefined,14.9,SUEZ,20/01/2025 18:00:00,AIS,POINT (15.3959 55.649183),626294000_0,0 days 00:01:00,-3.348897119810782e-06,256.35846895495484,0.0,0,7.2448663470341526,55.649183,15.3959
2025-01-05 15:31:01,2025-01-05 15:31:01,Class A,626294000_0,55.64835,15.389933,Under way using engine,0.0,11.9,256.0,256.0,9274800,TRAV2,YANGTZE,Tanker,No additional information,44.0,249.0,Undefined,14.9,SUEZ,20/01/2025 18:00:00,AIS,POINT (15.389933 55.64835),626294000_0,0 days 00:01:01,4.877924243795865e-06,256.10631059252245,0.0,0,7.2392687376039575,55.64835,15.389933
2025-01-05 15:32:01,2025-01-05 15:32:01,Class A,626294000_0,55.647533,15.384383,Under way using engine,0.0,11.9,255.0,256.0,9274800,TRAV2,YANGTZE,Tanker,No additional information,44.0,249.0,Undefined,14.9,SUEZ,20/01/2025 18:00:00,AIS,POINT (15.384383 55.647533),626294000_0,0 days 00:01:00,-5.426577350297878e-06,255.38097330327867,0.0,0,7.234072988773958,55.647533,15.384383
2025-01-05 15:33:01,2025-01-05 15:33:01,Class A,626294000_0,55.6467,15.378833,Under way using engine,0.0,11.9,254.0,255.0,9274800,TRAV2,YANGTZE,Tanker,No additional information,44.0,249.0,Undefined,14.9,SUEZ,20/01/2025 18:00:00,AIS,POINT (15.378833 55.6467),626294000_0,0 days 00:01:00,1.2777062947274692e-07,255.10754570585573,0.0,0,7.228881676113533,55.6467,15.378833
2025-01-05 15:34:01,2025-01-05 15:34:01,Class A,626294000_0,55.645817,15.373117,Under way using engine,0.0,11.9,254.0,256.0,9274800,TRAV2,YANGTZE,Tanker,No additional information,44.0,249.0,Undefined,14.9,SUEZ,20/01/2025 18:00:00,AIS,POINT (15.373117 55.645817),626294000_0,0 days 00:01:00,3.2075076754652013e-06,254.69258602319584,0.0,0,7.223541741902306,55.645817,15.373117
2025-01-05 15:35:01,2025-01-05 15:35:01,Class A,626294000_0,55.64495,15.367583,Under way using engine,0.0,11.9,254.0,256.0,9274800,TRAV2,YANGTZE,Tanker,No additional information,44.0,249.0,Undefined,14.9,SUEZ,20/01/2025 18:00:00,AIS,POINT (15.367583 55.64495),626294000_0,0 days 00:01:00,-3.1982136934907266e-06,254.48626221785236,0.0,0,7.218375382816412,55.64495,15.367583
2025-01-05 15:36:00,2025-01-05 15:36:00,Class A,626294000_0,55.6441,15.36185,Under way using engine,0.0,11.8,255.0,257.0,9274800,TRAV2,YANGTZE,Tanker,No additional information,44.0,249.0,Undefined,14.9,SUEZ,20/01/2025 18:00:00,AIS,POINT (15.36185 55.6441),626294000_0,0 days 00:00:59,5.067209587603147e-06,255.2818144182981,0.0,0,7.21301239220681,55.6441,15.36185
2025-01-05 15:37:00,2025-01-05 15:37:00,Class A,626294000_0,55.643283,15.3563,Under way using engine,0.0,11.8,255.0,256.0,9274800,TRAV2,YANGTZE,Tanker,No additional information,44.0,249.0,Undefined,14.9,SUEZ,20/01/2025 18:00:00,AIS,POINT (15.3563 55.643283),626294000_0,0 days 00:01:00,-5.109653182933018e-06,255.38249179906342,0.0,0,7.207819822081293,55.643283,15.3563
2025-01-05 15:38:00,2025-01-05 15:38:00,Class A,626294000_0,55.64245,15.35075,Under way using engine,0.0,11.8,255.0,256.0,9274800,TRAV2,YANGTZE,Tanker,No additional information,44.0,249.0,Undefined,14.9,SUEZ,20/01/2025 18:00:00,AIS,POINT (15.35075 55.64245),626294000_0,0 days 00:01:00,1.2775763173771166e-07,255.10908997415748,0.0,0,7.202631718318591,55.64245,15.35075
2025-01-05 15:39:00,2025-01-05 15:39:00,Class A,626294000_0,55.64155,15.345067,Under way using engine,0.0,11.8,254.0,256.0,9274800,TRAV2,YANGTZE,Tanker,No additional information,44.0,249.0,Undefined,14.9,SUEZ,20/01/2025 18:00:00,AIS,POINT (15.345067 55.64155),626294000_0,0 days 00:01:00,2.7916309978683716e-06,254.32755981031863,0.0,0,7.1973312513865855,55.64155,15.345067
2025-01-05 15:40:00,2025-01-05 15:40:00,Class A,626294000_0,55.6407,15.33955,Under way using engine,0.0,11.8,254.0,256.0,9274800,TRAV2,YANGTZE,Tanker,No additional information,44.0,249.0,Undefined,14.9,SUEZ,20/01/2025 18:00:00,AIS,POINT (15.33955 55.6407),626294000_0,0 days 00:01:00,-3.208377990748136e-06,254.73309047114287,0.0,0,7.1921805716297875,55.6407,15.33955
2025-01-05 15:41:00,2025-01-05 15:41:00,Class A,626294000_0,55.639833,15.333817,Under way using engine,0.0,11.8,255.0,256.0,9274800,TRAV2,YANGTZE,Tanker,No additional information,44.0,249.0,Undefined,14.9,SUEZ,20/01/2025 18:00:00,AIS,POINT (15.333817 55.639833),626294000_0,0 days 00:01:00,3.7867865808945684e-06,255.0021120245181,0.0,0,7.18682499443565,55.639833,15.333817
2025-01-05 15:42:00,2025-01-05 15:42:00,Class A,626294000_0,55.639,15.328283,Under way using engine,0.0,11.8,255.0,256.0,9274800,TRAV2,YANGTZE,Tanker,No additional information,44.0,249.0,Undefined,14.9,SUEZ,20/01/2025 18:00:00,AIS,POINT (15.328283 55.639),626294000_0,0 days 00:01:00,-3.632286379762828e-06,255.06920172357746,0.0,0,7.18165502640234,55.639,15.328283
2025-01-05 15:43:00,2025-01-05 15:43:00,Class A,626294000_0,55.638133,15.322583,Under way using engine,0.0,11.8,254.0,256.0,9274800,TRAV2,YANGTZE,Tanker,No additional information,44.0,249.0,Undefined,14.9,SUEZ,20/01/2025 18:00:00,AIS,POINT (15.322583 55.638133),626294000_0,0 days 00:01:00,3.0789163157946315e-06,254.91982591149105,0.0,0,7.176332823560303,55.638133,15.322583
2025-01-05 15:44:00,2025-01-05 15:44:00,Class A,626294000_0,55.63725,15.3171,Under way using engine,0.0,11.8,254.0,256.0,9274800,TRAV2,YANGTZE,Tanker,No additional information,44.0,249.0,Undefined,14.9,SUEZ,20/01/2025 18:00:00,AIS,POINT (15.3171 55.63725),626294000_0,0 days 00:01:00,-3.524393532013028e-06,254.07759159980742,0.0,0,7.171225735160552,55.63725,15.3171
2025-01-05 15:45:00,2025-01-05 15:45:00,Class A,626294000_0,55.636317,15.311433,Under way using engine,0.0,11.8,254.0,256.0,9274800,TRAV2,YANGTZE,Tanker,No additional information,44.0,249.0,Undefined,14.9,SUEZ,20/01/2025 18:00:00,AIS,POINT (15.311433 55.636317),626294000_0,0 days 00:01:00,3.5231135172093865e-06,253.74121127957034,0.0,0,7.16595289139337,55.636317,15.311433
2025-01-05 15:46:00,2025-01-05 15:46:00,Class A,626294000_0,55.635433,15.305767,Under way using engine,0.0,11.8,254.0,256.0,9274800,TRAV2,YANGTZE,Tanker,No additional information,44.0,249.0,Undefined,14.9,SUEZ,20/01/2025 18:00:00,AIS,POINT (15.305767 55.635433),626294000_0,0 days 00:01:00,-4.2785626118949266e-07,254.5511337949962,0.0,0,7.160669862578849,55.635433,15.305767
2025-01-05 15:47:00,2025-01-05 15:47:00,Class A,626294000_0,55.634567,15.300283,Under way using engine,0.0,11.7,254.0,256.0,9274800,TRAV2,YANGTZE,Tanker,No additional information,44.0,249.0,Undefined,14.9,SUEZ,20/01/2025 18:00:00,AIS,POINT (15.300283 55.634567),626294000_0,0 days 00:01:00,-3.214759379212501e-06,254.37278783606115,0.0,0,7.155559717392414,55.634567,15.300283
2025-01-05 15:48:00,2025-01-05 15:48:00,Class A,626294000_0,55.633667,15.29465,Under way using engine,0.0,11.7,254.0,256.0,9274800,TRAV2,YANGTZE,Tanker,No additional information,44.0,249.0,Undefined,14.9,SUEZ,20/01/2025 18:00:00,AIS,POINT (15.29465 55.633667),626294000_0,0 days 00:01:00,2.795992576469219e-06,254.19835186464638,0.0,0,7.150313960355028,55.633667,15.29465
2025-01-05 16:02:00,2025-01-05 16:02:00,Class A,626294000_0,55.620767,15.218233,Under way using engine,0.0,11.5,249.0,250.0,9274800,TRAV2,YANGTZE,Tanker,No additional information,44.0,249.0,Undefined,14.9,SUEZ,20/01/2025 18:00:00,AIS,POINT (15.218233 55.620767),626294000_0,0 days 00:14:00,-1.952349198925888e-07,253.3846241642035,0.0,0,7.079391129325247,55.620767,15.218233
2025-01-05 16:03:00,2025-01-05 16:03:00,Class A,626294000_0,55.619517,15.212917,Under way using engine,0.0,11.5,247.0,249.0,9274800,TRAV2,YANGTZE,Tanker,No additional information,44.0,249.0,Undefined,14.9,SUEZ,20/01/2025 18:00:00,AIS,POINT (15.212917 55.619517),626294000_0,0 days 00:01:00,1.07724742881188e-06,247.39467942624202,0.0,0,7.07454977212013,55.619517,15.212917
2025-01-05 16:04:00,2025-01-05 16:04:00,Class A,626294000_0,55.618283,15.2078,Under way using engine,0.0,11.5,246.0,249.0,9274800,TRAV2,YANGTZE,Tanker,No additional information,44.0,249.0,Undefined,14.9,SUEZ,20/01/2025 18:00:00,AIS,POINT (15.2078 55.618283),626294000_0,0 days 00:01:00,-3.3993892858363154e-06,246.87686180771766,0.0,0,7.069898135304922,55.618283,15.2078
2025-01-05 16:05:00,2025-01-05 16:05:00,Class A,626294000_0,55.617033,15.202483,Under way using engine,0.0,11.5,247.0,250.0,9274800,TRAV2,YANGTZE,Tanker,No additional information,44.0,249.0,Undefined,14.9,SUEZ,20/01/2025 18:00:00,AIS,POINT (15.202483 55.617033),626294000_0,0 days 00:01:00,3.42097804791579e-06,247.39979216289106,0.0,0,7.065057593955552,55.617033,15.202483
2025-01-05 16:06:00,2025-01-05 16:06:00,Class A,626294000_0,55.61585,15.1973,Under way using engine,0.0,11.5,247.0,249.0,9274800,TRAV2,YANGTZE,Tanker,No additional information,44.0,249.0,Undefined,14.9,SUEZ,20/01/2025 18:00:00,AIS,POINT (15.1973 55.61585),626294000_0,0 days 00:01:00,-2.95288053437538e-06,247.99512877131997,0.0,0,7.060331091346142,55.61585,15.1973
2025-01-05 16:07:00,2025-01-05 16:07:00,Class A,626294000_0,55.61455,15.192,Under way using engine,0.0,11.5,246.0,247.0,9274800,TRAV2,YANGTZE,Tanker,No additional information,44.0,249.0,Undefined,14.9,SUEZ,20/01/2025 18:00:00,AIS,POINT (15.192 55.61455),626294000_0,0 days 00:01:00,3.2884076265546635e-06,246.5257776460783,0.0,0,7.055521244474358,55.61455,15.192
2025-01-05 16:08:00,2025-01-05 16:08:00,Class A,626294000_0,55.613217,15.186733,Under way using engine,0.0,11.5,245.0,247.0,9274800,TRAV2,YANGTZE,Tanker,No additional information,44.0,249.0,Undefined,14.9,SUEZ,20/01/2025 18:00:00,AIS,POINT (15.186733 55.613217),626294000_0,0 days 00:01:00,-1.1459172121021262e-07,245.8639125787599,0.0,0,7.050752526381068,55.613217,15.186733
2025-01-05 16:09:00,2025-01-05 16:09:00,Class A,626294000_0,55.611883,15.181667,Under way using engine,0.0,11.5,245.0,247.0,9274800,TRAV2,YANGTZE,Tanker,No additional information,44.0,249.0,Undefined,14.9,SUEZ,20/01/2025 18:00:00,AIS,POINT (15.181667 55.611883),626294000_0,0 days 00:01:00,-3.185454441982707e-06,245.00542652029822,0.0,0,7.046179652389299,55.611883,15.181667
2025-01-05 16:10:00,2025-01-05 16:10:00,Class A,626294000_0,55.61055,15.176617,Under way using engine,0.0,11.5,245.0,247.0,9274800,TRAV2,YANGTZE,Tanker,No additional information,44.0,249.0,Undefined,14.9,SUEZ,20/01/2025 18:00:00,AIS,POINT (15.176617 55.61055),626294000_0,0 days 00:01:00,-2.642218225544444e-07,244.953167891213,0.0,0,7.04162294777177,55.61055,15.176617
2025-01-05 16:11:00,2025-01-05 16:11:00,Class A,626294000_0,55.609217,15.171383,Under way using engine,0.0,11.5,245.0,247.0,9274800,TRAV2,YANGTZE,Tanker,No additional information,44.0,249.0,Undefined,14.9,SUEZ,20/01/2025 18:00:00,AIS,POINT (15.171383 55.609217),626294000_0,0 days 00:01:00,2.9311410484785664e-06,245.731420472835,0.0,0,7.036889031402229,55.609217,15.171383
2025-01-05 16:12:00,2025-01-05 16:12:00,Class A,626294000_0,55.607917,15.166317,Under way using engine,0.0,11.5,245.0,247.0,9274800,TRAV2,YANGTZE,Tanker,No additional information,44.0,249.0,Undefined,14.9,SUEZ,20/01/2025 18:00:00,AIS,POINT (15.166317 55.607917),626294000_0,0 days 00:01:00,-3.0976187367778532e-06,245.5694342482721,0.0,0,7.032310433207922,55.607917,15.166317
2025-01-05 16:13:00,2025-01-05 16:13:00,Class A,626294000_0,55.606533,15.16115,Under way using engine,0.0,11.5,244.0,246.0,9274800,TRAV2,YANGTZE,Tanker,No additional information,44.0,249.0,Undefined,14.9,SUEZ,20/01/2025 18:00:00,AIS,POINT (15.16115 55.606533),626294000_0,0 days 00:01:00,2.6991319031566146e-06,244.63218209892193,0.0,0,7.027656074680091,55.606533,15.16115
2025-01-05 16:14:00,2025-01-05 16:14:00,Class A,626294000_0,55.605167,15.15615,Under way using engine,0.0,11.4,244.0,247.0,9274800,TRAV2,YANGTZE,Tanker,No additional information,44.0,249.0,Undefined,14.9,SUEZ,20/01/2025 18:00:00,AIS,POINT (15.15615 55.605167),626294000_0,0 days 00:01:00,-2.875171795980507e-06,244.1917862674712,0.0,0,7.0231598119114445,55.605167,15.15615
2025-01-05 16:15:00,2025-01-05 16:15:00,Class A,626294000_0,55.603767,15.150967,Under way using engine,0.0,11.5,244.0,247.0,9274800,TRAV2,YANGTZE,Tanker,No additional information,44.0,249.0,Undefined,14.9,SUEZ,20/01/2025 18:00:00,AIS,POINT (15.150967 55.603767),626294000_0,0 days 00:01:00,3.3462759523736314e-06,244.44687930169152,0.0,0,7.018495957547101,55.603767,15.150967
2025-01-05 16:16:00,2025-01-05 16:16:00,Class A,626294000_0,55.60245,15.145933,Under way using engine,0.0,11.5,244.0,247.0,9274800,TRAV2,YANGTZE,Tanker,No additional information,44.0,249.0,Undefined,14.9,SUEZ,20/01/2025 18:00:00,AIS,POINT (15.145933 55.60245),626294000_0,0 days 00:01:00,-3.44968542055096e-06,245.15276391528135,0.0,0,7.013956361729805,55.60245,15.145933
2025-01-05 16:17:00,2025-01-05 16:17:00,Class A,626294000_0,55.601067,15.14075,Under way using engine,0.0,11.5,245.0,247.0,9274800,TRAV2,YANGTZE,Tanker,No additional information,44.0,249.0,Undefined,14.9,SUEZ,20/01/2025 18:00:00,AIS,POINT (15.14075 55.601067),626294000_0,0 days 00:01:00,3.2300541588788146e-06,244.719783590762,0.0,0,7.009290187575915,55.601067,15.14075
2025-01-05 16:18:00,2025-01-05 16:18:00,Class A,626294000_0,55.59975,15.135717,Under way using engine,0.0,11.5,244.0,247.0,9274800,TRAV2,YANGTZE,Tanker,No additional information,44.0,249.0,Undefined,14.9,SUEZ,20/01/2025 18:00:00,AIS,POINT (15.135717 55.59975),626294000_0,0 days 00:01:00,-3.2404611337432554e-06,245.1499264841263,0.0,0,7.004753443368724,55.59975,15.135717
2025-01-05 16:19:00,2025-01-05 16:19:00,Class A,626294000_0,55.598333,15.130583,Under way using engine,0.0,11.4,244.0,247.0,9274800,TRAV2,YANGTZE,Tanker,No additional information,44.0,249.0,Undefined,14.9,SUEZ,20/01/2025 18:00:00,AIS,POINT (15.130583 55.598333),626294000_0,0 days 00:01:00,2.9269195060769933e-06,243.96579082152218,0.0,0,7.000145246043757,55.598333,15.130583
2025-01-05 16:20:00,2025-01-05 16:20:00,Class A,626294000_0,55.596933,15.125417,Under way using engine,0.0,11.4,244.0,247.0,9274800,TRAV2,YANGTZE,Tanker,No additional information,44.0,249.0,Undefined,14.9,SUEZ,20/01/2025 18:00:00,AIS,POINT (15.125417 55.596933),626294000_0,0 days 00:01:00,2.7879244070269534e-07,244.37743117732015,0.0,0,6.995502802447084,55.596933,15.125417
2025-01-05 16:32:00,2025-01-05 16:32:00,Class A,626294000_0,55.580833,15.064183,Under way using engine,0.0,11.4,245.0,247.0,9274800,TRAV2,YANGTZE,Tanker,No additional information,44.0,249.0,Undefined,14.9,SUEZ,20/01/2025 18:00:00,AIS,POINT (15.064183 55.580833),626294000_0,0 days 00:12:00,-1.459866645185736e-07,245.07502007205767,0.0,0,6.940424923425726,55.580833,15.064183
2025-01-05 16:33:00,2025-01-05 16:33:00,Class A,626294000_0,55.57955,15.059133,Under way using engine,0.0,11.4,245.0,247.0,9274800,TRAV2,YANGTZE,Tanker,No additional information,44.0,249.0,Undefined,14.9,SUEZ,20/01/2025 18:00:00,AIS,POINT (15.059133 55.57955),626294000_0,0 days 00:01:00,-1.5773691248473713e-06,245.79997632270806,0.0,0,6.935877330752757,55.57955,15.059133
2025-01-05 16:34:00,2025-01-05 16:34:00,Class A,626294000_0,55.578233,15.053933,Under way using engine,0.0,11.4,245.0,247.0,9274800,TRAV2,YANGTZE,Tanker,No additional information,44.0,249.0,Undefined,14.9,SUEZ,20/01/2025 18:00:00,AIS,POINT (15.053933 55.578233),626294000_0,0 days 00:01:00,2.8308081462277356e-06,245.86741451581804,0.0,0,6.931194573239812,55.578233,15.053933
2025-01-05 16:35:01,2025-01-05 16:35:01,Class A,626294000_0,55.5769,15.048717,Under way using engine,0.0,11.4,245.0,246.0,9274800,TRAV2,YANGTZE,Tanker,No additional information,44.0,249.0,Undefined,14.9,SUEZ,20/01/2025 18:00:00,AIS,POINT (15.048717 55.5769),626294000_0,0 days 00:01:01,-1.1628659702826527e-06,245.67508226673579,0.0,0,6.926501495516043,55.5769,15.048717
2025-01-05 16:36:01,2025-01-05 16:36:01,Class A,626294000_0,55.575583,15.043733,Under way using engine,0.0,11.4,244.0,244.0,9274800,TRAV2,YANGTZE,Tanker,No additional information,44.0,249.0,Undefined,14.9,SUEZ,20/01/2025 18:00:00,AIS,POINT (15.043733 55.575583),626294000_0,0 days 00:01:00,-2.2546723849431085e-06,244.94899593105066,0.0,0,6.922029328687433,55.575583,15.043733
2025-01-05 16:37:01,2025-01-05 16:37:01,Class A,626294000_0,55.5741,15.038683,Under way using engine,0.0,11.3,242.0,243.0,9274800,TRAV2,YANGTZE,Tanker,No additional information,44.0,249.0,Undefined,14.9,SUEZ,20/01/2025 18:00:00,AIS,POINT (15.038683 55.5741),626294000_0,0 days 00:01:00,3.307852047281188e-06,242.5522158760779,0.0,0,6.91753750515673,55.5741,15.038683
2025-01-05 16:38:01,2025-01-05 16:38:01,Class A,626294000_0,55.572633,15.03385,Under way using engine,0.0,11.3,241.0,242.0,9274800,TRAV2,YANGTZE,Tanker,No additional information,44.0,249.0,Undefined,14.9,SUEZ,20/01/2025 18:00:00,AIS,POINT (15.03385 55.572633),626294000_0,0 days 00:01:00,-3.591542635199632e-06,241.77052437549375,0.0,0,6.913252133141679,55.572633,15.03385
2025-01-05 16:39:01,2025-01-05 16:39:01,Class A,626294000_0,55.57115,15.029033,Under way using engine,0.0,11.3,241.0,243.0,9274800,TRAV2,YANGTZE,Tanker,No additional information,44.0,249.0,Undefined,14.9,SUEZ,20/01/2025 18:00:00,AIS,POINT (15.029033 55.57115),626294000_0,0 days 00:01:00,-8.985690682760533e-09,241.4318918145426,0.0,0,6.9089874116436185,55.57115,15.029033
2025-01-05 16:40:01,2025-01-05 16:40:01,Class A,626294000_0,55.56965,15.024033,Under way using engine,0.0,11.3,242.0,243.0,9274800,TRAV2,YANGTZE,Tanker,No additional information,44.0,249.0,Undefined,14.9,SUEZ,20/01/2025 18:00:00,AIS,POINT (15.024033 55.56965),626294000_0,0 days 00:01:00,3.07723145807818e-06,242.05145306986446,0.0,0,6.9045515110867255,55.56965,15.024033
2025-01-05 16:41:01,2025-01-05 16:41:01,Class A,626294000_0,55.568233,15.01915,Under way using engine,0.0,11.3,242.0,243.0,9274800,TRAV2,YANGTZE,Tanker,No additional information,44.0,249.0,Undefined,14.9,SUEZ,20/01/2025 18:00:00,AIS,POINT (15.01915 55.568233),626294000_0,0 days 00:01:00,-3.0012690526618503e-06,242.83352356178813,0.0,0,6.90020795274954,55.568233,15.01915
2025-01-05 16:42:00,2025-01-05 16:42:00,Class A,626294000_0,55.566733,15.014133,Under way using engine,0.0,11.3,242.0,243.0,9274800,TRAV2,YANGTZE,Tanker,No additional information,44.0,249.0,Undefined,14.9,SUEZ,20/01/2025 18:00:00,AIS,POINT (15.014133 55.566733),626294000_0,0 days 00:00:59,5.039246911002837e-06,242.13366153467223,0.0,0,6.895757797523706,55.566733,15.014133
2025-01-05 16:43:00,2025-01-05 16:43:00,Class A,626294000_0,55.565283,15.009283,Under way using engine,0.0,11.3,242.0,243.0,9274800,TRAV2,YANGTZE,Tanker,No additional information,44.0,249.0,Undefined,14.9,SUEZ,20/01/2025 18:00:00,AIS,POINT (15.009283 55.565283),626294000_0,0 days 00:01:00,-4.9920272104364245e-06,242.1356207404662,0.0,0,6.8914568061774135,55.565283,15.009283
2025-01-05 16:44:00,2025-01-05 16:44:00,Class A,626294000_0,55.563767,15.004283,Under way using engine,0.0,11.3,241.0,243.0,9274800,TRAV2,YANGTZE,Tanker,No additional information,44.0,249.0,Undefined,14.9,SUEZ,20/01/2025 18:00:00,AIS,POINT (15.004283 55.563767),626294000_0,0 days 00:01:00,3.28204517518886e-06,241.8025749736321,0.0,0,6.887029430020537,55.563767,15.004283
2025-01-05 16:45:00,2025-01-05 16:45:00,Class A,626294000_0,55.562317,14.99945,Under way using engine,0.0,11.3,242.0,243.0,9274800,TRAV2,YANGTZE,Tanker,No additional information,44.0,249.0,Undefined,14.9,SUEZ,20/01/2025 18:00:00,AIS,POINT (14.99945 55.562317),626294000_0,0 days 00:01:00,-3.539816626528091e-06,242.05419156472465,0.0,0,6.882746952412822,55.562317,14.99945
2025-01-05 16:51:00,2025-01-05 16:51:00,Class A,626294000_0,55.553533,14.96985,Under way using engine,0.0,11.3,242.0,243.0,9274800,TRAV2,YANGTZE,Tanker,No additional information,44.0,249.0,Undefined,14.9,SUEZ,20/01/2025 18:00:00,AIS,POINT (14.96985 55.553533),626294000_0,0 days 00:06:00,2.946055554279113e-07,242.3261521925758,0.0,0,6.856515703386669,55.553533,14.96985
2025-01-05 16:52:00,2025-01-05 16:52:00,Class A,626294000_0,55.552067,14.964817,Under way using engine,0.0,11.3,242.0,243.0,9274800,TRAV2,YANGTZE,Tanker,No additional information,44.0,249.0,Undefined,14.9,SUEZ,20/01/2025 18:00:00,AIS,POINT (14.964817 55.552067),626294000_0,0 days 00:01:00,1.5894799142144624e-06,242.7560415131385,0.0,0,6.852052033449906,55.552067,14.964817
2025-01-05 16:53:00,2025-01-05 16:53:00,Class A,626294000_0,55.550617,14.959983,Under way using engine,0.0,11.3,242.0,242.0,9274800,TRAV2,YANGTZE,Tanker,No additional information,44.0,249.0,Undefined,14.9,SUEZ,20/01/2025 18:00:00,AIS,POINT (14.959983 55.550617),626294000_0,0 days 00:01:00,-3.319411520167877e-06,242.06616063086335,0.0,0,6.8477770492232715,55.550617,14.959983
2025-01-05 16:54:00,2025-01-05 16:54:00,Class A,626294000_0,55.5491,14.955033,Under way using engine,0.0,11.3,241.0,243.0,9274800,TRAV2,YANGTZE,Tanker,No additional information,44.0,249.0,Undefined,14.9,SUEZ,20/01/2025 18:00:00,AIS,POINT (14.955033 55.5491),626294000_0,0 days 00:01:00,2.7734150011219915e-06,241.55520949156346,0.0,0,6.843409144370224,55.5491,14.955033
2025-01-05 16:55:00,2025-01-05 16:55:00,Class A,626294000_0,55.547617,14.950233,Under way using engine,0.0,11.3,241.0,243.0,9274800,TRAV2,YANGTZE,Tanker,No additional information,44.0,249.0,Undefined,14.9,SUEZ,20/01/2025 18:00:00,AIS,POINT (14.950233 55.547617),626294000_0,0 days 00:01:00,-2.810106896600622e-06,241.36116452055978,0.0,0,6.839177870831333,55.547617,14.950233
2025-01-05 17:04:00,2025-01-05 17:04:00,Class A,626294000_0,55.53435,14.9059,Under way using engine,0.0,11.3,241.0,243.0,9274800,TRAV2,YANGTZE,Tanker,No additional information,44.0,249.0,Undefined,14.9,SUEZ,20/01/2025 18:00:00,AIS,POINT (14.9059 55.53435),626294000_0,0 days 00:09:00,2.0327025959229904e-07,242.14411337970034,0.0,0,6.800032455718796,55.53435,14.9059
2025-01-05 17:05:00,2025-01-05 17:05:00,Class A,626294000_0,55.5329,14.90105,Under way using engine,0.0,11.3,242.0,243.0,9274800,TRAV2,YANGTZE,Tanker,No additional information,44.0,249.0,Undefined,14.9,SUEZ,20/01/2025 18:00:00,AIS,POINT (14.90105 55.5329),626294000_0,0 days 00:01:00,-1.5109478936415106e-06,242.155121206216,0.0,0,6.795755033764019,55.5329,14.90105
2025-01-05 17:06:00,2025-01-05 17:06:00,Class A,626294000_0,55.531467,14.896217,Under way using engine,0.0,11.3,242.0,243.0,9274800,TRAV2,YANGTZE,Tanker,No additional information,44.0,249.0,Undefined,14.9,SUEZ,20/01/2025 18:00:00,AIS,POINT (14.896217 55.531467),626294000_0,0 days 00:01:00,-5.056329176477987e-07,242.3515084609394,0.0,0,6.791490449666038,55.531467,14.896217
2025-01-05 17:07:00,2025-01-05 17:07:00,Class A,626294000_0,55.529983,14.891233,Under way using engine,0.0,11.3,242.0,243.0,9274800,TRAV2,YANGTZE,Tanker,No additional information,44.0,249.0,Undefined,14.9,SUEZ,20/01/2025 18:00:00,AIS,POINT (14.891233 55.529983),626294000_0,0 days 00:01:00,3.080884398148417e-06,242.25327313514632,0.0,0,6.787095429460896,55.529983,14.891233
2025-01-05 17:08:00,2025-01-05 17:08:00,Class A,626294000_0,55.52855,14.886417,Under way using engine,0.0,11.3,242.0,243.0,9274800,TRAV2,YANGTZE,Tanker,No additional information,44.0,249.0,Undefined,14.9,SUEZ,20/01/2025 18:00:00,AIS,POINT (14.886417 55.52855),626294000_0,0 days 00:01:00,-3.3395086213226384e-06,242.27017515801379,0.0,0,6.78284937257094,55.52855,14.886417
2025-01-05 17:09:00,2025-01-05 17:09:00,Class A,626294000_0,55.5271,14.881383,Under way using engine,0.0,11.3,242.0,243.0,9274800,TRAV2,YANGTZE,Tanker,No additional information,44.0,249.0,Undefined,14.9,SUEZ,20/01/2025 18:00:00,AIS,POINT (14.881383 55.5271),626294000_0,0 days 00:01:00,3.6421383126558135e-06,243.03045993949706,0.0,0,6.778399229482577,55.5271,14.881383
2025-01-05 17:10:00,2025-01-05 17:10:00,Class A,626294000_0,55.52565,14.876367,Under way using engine,0.0,11.3,243.0,243.0,9274800,TRAV2,YANGTZE,Tanker,No additional information,44.0,249.0,Undefined,14.9,SUEZ,20/01/2025 18:00:00,AIS,POINT (14.876367 55.52565),626294000_0,0 days 00:01:00,-2.785546711855704e-07,242.9482594918753,0.0,0,6.773967533180684,55.52565,14.876367
2025-01-05 17:11:00,2025-01-05 17:11:00,Class A,626294000_0,55.524233,14.8715,Under way using engine,0.0,11.3,243.0,243.0,9274800,TRAV2,YANGTZE,Tanker,No additional information,44.0,249.0,Undefined,14.9,SUEZ,20/01/2025 18:00:00,AIS,POINT (14.8715 55.524233),626294000_0,0 days 00:01:00,-2.789110582863052e-06,242.7831462137293,0.0,0,6.769671304730236,55.524233,14.8715
2025-01-05 17:12:00,2025-01-05 17:12:00,Class A,626294000_0,55.522767,14.866517,Under way using engine,0.0,11.2,242.0,243.0,9274800,TRAV2,YANGTZE,Tanker,No additional information,44.0,249.0,Undefined,14.9,SUEZ,20/01/2025 18:00:00,AIS,POINT (14.866517 55.522767),626294000_0,0 days 00:01:00,2.5061503337053874e-06,242.53998646674833,0.0,0,6.765277949242366,55.522767,14.866517
2025-01-05 17:13:00,2025-01-05 17:13:00,Class A,626294000_0,55.521367,14.861683,Under way using engine,0.0,11.2,243.0,243.0,9274800,TRAV2,YANGTZE,Tanker,No additional information,44.0,249.0,Undefined,14.9,SUEZ,20/01/2025 18:00:00,AIS,POINT (14.861683 55.521367),626294000_0,0 days 00:01:00,-3.2555484094325617e-06,242.90737023460804,0.0,0,6.761010982861143,55.521367,14.861683
2025-01-05 17:14:00,2025-01-05 17:14:00,Class A,626294000_0,55.51995,14.856633,Under way using engine,0.0,11.2,243.0,243.0,9274800,TRAV2,YANGTZE,Tanker,No additional information,44.0,249.0,Undefined,14.9,SUEZ,20/01/2025 18:00:00,AIS,POINT (14.856633 55.51995),626294000_0,0 days 00:01:00,3.6250915254524773e-06,243.63659514823976,0.0,0,6.756541995595825,55.51995,14.856633
2025-01-05 17:15:00,2025-01-05 17:15:00,Class A,626294000_0,55.518583,14.851767,Under way using engine,0.0,11.2,243.0,243.0,9274800,TRAV2,YANGTZE,Tanker,No additional information,44.0,249.0,Undefined,14.9,SUEZ,20/01/2025 18:00:00,AIS,POINT (14.851767 55.518583),626294000_0,0 days 00:01:00,-3.5765436809586723e-06,243.6101277076242,0.0,0,6.75223734200339,55.518583,14.851767
2025-01-05 17:16:00,2025-01-05 17:16:00,Class A,626294000_0,55.517167,14.846767,Under way using engine,0.0,11.2,243.0,243.0,9274800,TRAV2,YANGTZE,Tanker,No additional information,44.0,249.0,Undefined,14.9,SUEZ,20/01/2025 18:00:00,AIS,POINT (14.846767 55.517167),626294000_0,0 days 00:01:00,2.7826883709235454e-06,243.42685381749473,0.0,0,6.747818350259956,55.517167,14.846767
2025-01-05 17:21:00,2025-01-05 17:21:00,Class A,626294000_0,55.510267,14.822083,Under way using engine,0.0,11.2,243.0,243.0,9274800,TRAV2,YANGTZE,Tanker,No additional information,44.0,249.0,Undefined,14.9,SUEZ,20/01/2025 18:00:00,AIS,POINT (14.822083 55.510267),626294000_0,0 days 00:05:00,-2.959876423843256e-07,243.73494893753227,0.0,0,6.725993919263456,55.510267,14.822083
2025-01-05 17:22:00,2025-01-05 17:22:00,Class A,626294000_0,55.5089,14.8172,Under way using engine,0.0,11.2,244.0,243.0,9274800,TRAV2,YANGTZE,Tanker,No additional information,44.0,249.0,Undefined,14.9,SUEZ,20/01/2025 18:00:00,AIS,POINT (14.8172 55.5089),626294000_0,0 days 00:01:00,-1.016518473264764e-06,243.6952158890989,0.0,0,6.721680348769124,55.5089,14.8172
2025-01-05 17:23:00,2025-01-05 17:23:00,Class A,626294000_0,55.507517,14.81215,Under way using engine,0.0,11.2,244.0,243.0,9274800,TRAV2,YANGTZE,Tanker,No additional information,44.0,249.0,Undefined,14.9,SUEZ,20/01/2025 18:00:00,AIS,POINT (14.81215 55.507517),626294000_0,0 days 00:01:00,2.853831362396531e-06,244.1933071239665,0.0,0,6.717211832788067,55.507517,14.81215
2025-01-05 17:24:00,2025-01-05 17:24:00,Class A,626294000_0,55.506183,14.807267,Under way using engine,0.0,11.2,244.0,243.0,9274800,TRAV2,YANGTZE,Tanker,No additional information,44.0,249.0,Undefined,14.9,SUEZ,20/01/2025 18:00:00,AIS,POINT (14.807267 55.506183),626294000_0,0 days 00:01:00,-3.295586481672332e-06,244.24886883842004,0.0,0,6.7128912353281125,55.506183,14.807267
2025-01-05 17:25:00,2025-01-05 17:25:00,Class A,626294000_0,55.504783,14.802217,Under way using engine,0.0,11.2,244.0,243.0,9274800,TRAV2,YANGTZE,Tanker,No additional information,44.0,249.0,Undefined,14.9,SUEZ,20/01/2025 18:00:00,AIS,POINT (14.802217 55.504783),626294000_0,0 days 00:01:00,3.5307060176828268e-06,243.9194779123275,0.0,0,6.70842963252541,55.504783,14.802217
2025-01-05 17:26:00,2025-01-05 17:26:00,Class A,626294000_0,55.5034,14.797167,Under way using engine,0.0,11.3,244.0,243.0,9274800,TRAV2,YANGTZE,Tanker,No additional information,44.0,249.0,Undefined,14.9,SUEZ,20/01/2025 18:00:00,AIS,POINT (14.797167 55.5034),626294000_0,0 days 00:01:00,-2.2680217166264754e-07,244.19565532309343,0.0,0,6.703964420101437,55.5034,14.797167
2025-01-05 17:27:00,2025-01-05 17:27:00,Class A,626294000_0,55.50205,14.79225,Under way using engine,0.0,11.3,244.0,243.0,9274800,TRAV2,YANGTZE,Tanker,No additional information,44.0,249.0,Undefined,14.9,SUEZ,20/01/2025 18:00:00,AIS,POINT (14.79225 55.50205),626294000_0,0 days 00:01:00,-2.5433014070458393e-06,244.1393180910658,0.0,0,6.699618833913538,55.50205,14.79225
2025-01-05 17:28:00,2025-01-05 17:28:00,Class A,626294000_0,55.500667,14.787167,Under way using engine,0.0,11.3,244.0,243.0,9274800,TRAV2,YANGTZE,Tanker,No additional information,44.0,249.0,Undefined,14.9,SUEZ,20/01/2025 18:00:00,AIS,POINT (14.787167 55.500667),626294000_0,0 days 00:01:00,3.0708672276791043e-06,244.34318441654335,0.0,0,6.6951241420383685,55.500667,14.787167
2025-01-05 17:34:00,2025-01-05 17:34:00,Class A,626294000_0,55.492467,14.757,Under way using engine,0.0,11.4,244.0,243.0,9274800,TRAV2,YANGTZE,Tanker,No additional information,44.0,249.0,Undefined,14.9,SUEZ,20/01/2025 18:00:00,AIS,POINT (14.757 55.492467),626294000_0,0 days 00:06:00,-1.8032114355297416e-07,244.37787806999438,0.0,0,6.6684697344854165,55.492467,14.757
2025-01-05 17:35:00,2025-01-05 17:35:00,Class A,626294000_0,55.491117,14.752033,Under way using engine,0.0,11.4,244.0,243.0,9274800,TRAV2,YANGTZE,Tanker,No additional information,44.0,249.0,Undefined,14.9,SUEZ,20/01/2025 18:00:00,AIS,POINT (14.752033 55.491117),626294000_0,0 days 00:01:00,-1.1763512639268124e-06,244.37237031191756,0.0,0,6.664084885328893,55.491117,14.752033
2025-01-05 17:36:00,2025-01-05 17:36:00,Class A,626294000_0,55.489717,14.746883,Under way using engine,0.0,11.4,244.0,243.0,9274800,TRAV2,YANGTZE,Tanker,No additional information,44.0,249.0,Undefined,14.9,SUEZ,20/01/2025 18:00:00,AIS,POINT (14.746883 55.489717),626294000_0,0 days 00:01:00,3.568663722325989e-06,244.3690477505458,0.0,0,6.659539710615817,55.489717,14.746883
2025-01-05 17:37:00,2025-01-05 17:37:00,Class A,626294000_0,55.488367,14.7419,Under way using engine,0.0,11.5,244.0,243.0,9274800,TRAV2,YANGTZE,Tanker,No additional information,44.0,249.0,Undefined,14.9,SUEZ,20/01/2025 18:00:00,AIS,POINT (14.7419 55.488367),626294000_0,0 days 00:01:00,-3.309704974917499e-06,244.44572451591512,0.0,0,6.6551417401095225,55.488367,14.7419
2025-01-05 17:38:00,2025-01-05 17:38:00,Class A,626294000_0,55.486967,14.736733,Under way using engine,0.0,11.5,244.0,243.0,9274800,TRAV2,YANGTZE,Tanker,No additional information,44.0,249.0,Undefined,14.9,SUEZ,20/01/2025 18:00:00,AIS,POINT (14.736733 55.486967),626294000_0,0 days 00:01:00,3.584711761979775e-06,244.44418108749062,0.0,0,6.650582575667262,55.486967,14.736733
2025-01-05 17:39:00,2025-01-05 17:39:00,Class A,626294000_0,55.4856,14.731733,Under way using engine,0.0,11.5,244.0,243.0,9274800,TRAV2,YANGTZE,Tanker,No additional information,44.0,249.0,Undefined,14.9,SUEZ,20/01/2025 18:00:00,AIS,POINT (14.731733 55.4856),626294000_0,0 days 00:01:00,-3.082765272494099e-06,244.2436185070021,0.0,0,6.646175368680096,55.4856,14.731733
2025-01-05 17:40:00,2025-01-05 17:40:00,Class A,626294000_0,55.48425,14.726733,Under way using engine,0.0,11.5,244.0,243.0,9274800,TRAV2,YANGTZE,Tanker,No additional information,44.0,249.0,Undefined,14.9,SUEZ,20/01/2025 18:00:00,AIS,POINT (14.726733 55.48425),626294000_0,0 days 00:01:00,-2.2419497853717827e-07,244.5239211328493,0.0,0,6.641764452481733,55.48425,14.726733
2025-01-05 17:41:00,2025-01-05 17:41:00,Class A,626294000_0,55.48285,14.721533,Under way using engine,0.0,11.5,244.0,243.0,9274800,TRAV2,YANGTZE,Tanker,No additional information,44.0,249.0,Undefined,14.9,SUEZ,20/01/2025 18:00:00,AIS,POINT (14.721533 55.48285),626294000_0,0 days 00:01:00,3.838843640489011e-06,244.58820177941817,0.0,0,6.637177138833196,55.48285,14.721533
2025-01-05 17:42:00,2025-01-05 17:42:00,Class A,626294000_0,55.481517,14.7165,Under way using engine,0.0,11.5,245.0,243.0,9274800,TRAV2,YANGTZE,Tanker,No additional information,44.0,249.0,Undefined,14.9,SUEZ,20/01/2025 18:00:00,AIS,POINT (14.7165 55.481517),626294000_0,0 days 00:01:00,-3.532994021587148e-06,244.95119004470462,0.0,0,6.6327320115807495,55.481517,14.7165
2025-01-05 17:43:00,2025-01-05 17:43:00,Class A,626294000_0,55.480133,14.711267,Under way using engine,0.0,11.5,245.0,243.0,9274800,TRAV2,YANGTZE,Tanker,No additional information,44.0,249.0,Undefined,14.9,SUEZ,20/01/2025 18:00:00,AIS,POINT (14.711267 55.480133),626294000_0,0 days 00:01:00,3.8528074827222316e-06,244.98328320009094,0.0,0,6.6281108585361626,55.480133,14.711267
2025-01-05 17:44:00,2025-01-05 17:44:00,Class A,626294000_0,55.478817,14.7062,Under way using engine,0.0,11.6,245.0,242.0,9274800,TRAV2,YANGTZE,Tanker,No additional information,44.0,249.0,Undefined,14.9,SUEZ,20/01/2025 18:00:00,AIS,POINT (14.7062 55.478817),626294000_0,0 days 00:01:00,-3.5256051630205757e-06,245.38005988883785,0.0,0,6.623630554420137,55.478817,14.7062
2025-01-05 17:45:00,2025-01-05 17:45:00,Class A,626294000_0,55.4774,14.700983,Under way using engine,0.0,11.6,244.0,240.0,9274800,TRAV2,YANGTZE,Tanker,No additional information,44.0,249.0,Undefined,14.9,SUEZ,20/01/2025 18:00:00,AIS,POINT (14.700983 55.4774),626294000_0,0 days 00:01:00,3.7127483502081044e-06,244.39517745146549,0.0,0,6.619036528321172,55.4774,14.700983
2025-01-05 17:46:00,2025-01-05 17:46:00,Class A,626294000_0,55.475967,14.696017,Under way using engine,0.0,11.5,242.0,239.0,9274800,TRAV2,YANGTZE,Tanker,No additional information,44.0,249.0,Undefined,14.9,SUEZ,20/01/2025 18:00:00,AIS,POINT (14.696017 55.475967),626294000_0,0 days 00:01:00,-3.732722331663144e-06,243.018664359093,0.0,0,6.614688789225462,55.475967,14.696017
2025-01-05 17:47:00,2025-01-05 17:47:00,Class A,626294000_0,55.474417,14.690967,Under way using engine,0.0,11.5,241.0,236.0,9274800,TRAV2,YANGTZE,Tanker,No additional information,44.0,249.0,Undefined,14.9,SUEZ,20/01/2025 18:00:00,AIS,POINT (14.690967 55.474417),626294000_0,0 days 00:01:00,2.9897105863215413e-06,241.5643058515702,0.0,0,6.610295338652048,55.474417,14.690967
2025-01-05 17:48:00,2025-01-05 17:48:00,Class A,626294000_0,55.472767,14.686033,Under way using engine,0.0,11.5,239.0,235.0,9274800,TRAV2,YANGTZE,Tanker,No additional information,44.0,249.0,Undefined,14.9,SUEZ,20/01/2025 18:00:00,AIS,POINT (14.686033 55.472767),626294000_0,0 days 00:01:00,-2.516617800663642e-07,239.46063913686118,0.0,0,6.606043036188079,55.472767,14.686033
2025-01-05 17:49:00,2025-01-05 17:49:00,Class A,626294000_0,55.471083,14.68135,Under way using engine,0.0,11.4,237.0,234.0,9274800,TRAV2,YANGTZE,Tanker,No additional information,44.0,249.0,Undefined,14.9,SUEZ,20/01/2025 18:00:00,AIS,POINT (14.68135 55.471083),626294000_0,0 days 00:01:00,-3.212384193460226e-06,237.60985737529842,0.0,0,6.602042258808103,55.471083,14.68135
2025-01-05 17:50:00,2025-01-05 17:50:00,Class A,626294000_0,55.4693,14.676583,Under way using engine,0.0,11.5,236.0,234.0,9274800,TRAV2,YANGTZE,Tanker,No additional information,44.0,249.0,Undefined,14.9,SUEZ,20/01/2025 18:00:00,AIS,POINT (14.676583 55.4693),626294000_0,0 days 00:01:00,2.9035833988002383e-06,236.5828741124906,0.0,0,6.597990913622875,55.4693,14.676583
2025-01-05 17:51:00,2025-01-05 17:51:00,Class A,626294000_0,55.46755,14.671933,Under way using engine,0.0,11.5,236.0,235.0,9274800,TRAV2,YANGTZE,Tanker,No additional information,44.0,249.0,Undefined,14.9,SUEZ,20/01/2025 18:00:00,AIS,POINT (14.671933 55.46755),626294000_0,0 days 00:01:00,-2.2745046952367573e-06,236.42134411696026,0.0,0,6.594043497221563,55.46755,14.671933
2025-01-05 17:52:00,2025-01-05 17:52:00,Class A,626294000_0,55.4658,14.667267,Under way using engine,0.0,11.6,236.0,235.0,9274800,TRAV2,YANGTZE,Tanker,No additional information,44.0,249.0,Undefined,14.9,SUEZ,20/01/2025 18:00:00,AIS,POINT (14.667267 55.4658),626294000_0,0 days 00:01:00,2.3748190206648115e-07,236.51314971497607,0.0,0,6.590082145602284,55.4658,14.667267
2025-01-05 17:53:00,2025-01-05 17:53:00,Class A,626294000_0,55.46395,14.66245,Under way using engine,0.0,11.6,235.0,234.0,9274800,TRAV2,YANGTZE,Tanker,No additional information,44.0,249.0,Undefined,14.9,SUEZ,20/01/2025 18:00:00,AIS,POINT (14.66245 55.46395),626294000_0,0 days 00:01:00,3.92714393597666e-06,235.88614365796576,0.0,0,6.586006613383334,55.46395,14.66245
2025-01-05 17:54:00,2025-01-05 17:54:00,Class A,626294000_0,55.4621,14.65785,Under way using engine,0.0,11.7,234.0,234.0,9274800,TRAV2,YANGTZE,Tanker,No additional information,44.0,249.0,Undefined,14.9,SUEZ,20/01/2025 18:00:00,AIS,POINT (14.65785 55.4621),626294000_0,0 days 00:01:00,-3.132595836068842e-06,234.65080338681952,0.0,0,6.582140273051691,55.4621,14.65785
2025-01-05 17:55:00,2025-01-05 17:55:00,Class A,626294000_0,55.4602,14.653117,Under way using engine,0.0,11.7,234.0,234.0,9274800,TRAV2,YANGTZE,Tanker,No additional information,44.0,249.0,Undefined,14.9,SUEZ,20/01/2025 18:00:00,AIS,POINT (14.653117 55.4602),626294000_0,0 days 00:01:00,2.8040416555409387e-06,234.70173499364654,0.0,0,6.578162660012748,55.4602,14.653117
2025-01-05 17:56:00,2025-01-05 17:56:00,Class A,626294000_0,55.458283,14.64855,Under way using engine,0.0,11.7,233.0,235.0,9274800,TRAV2,YANGTZE,Tanker,No additional information,44.0,249.0,Undefined,14.9,SUEZ,20/01/2025 18:00:00,AIS,POINT (14.64855 55.458283),626294000_0,0 days 00:01:00,-2.053468157858784e-06,233.48894669644312,0.0,0,6.574350360232409,55.458283,14.64855
2025-01-05 18:04:00,2025-01-05 18:04:00,Class A,626294000_0,55.4424,14.611467,Under way using engine,0.0,11.8,233.0,236.0,9274800,TRAV2,YANGTZE,Tanker,No additional information,44.0,249.0,Undefined,14.9,SUEZ,20/01/2025 18:00:00,AIS,POINT (14.611467 55.4424),626294000_0,0 days 00:08:00,2.80274034841104e-07,232.9538691313012,0.0,0,6.543545488447833,55.4424,14.611467
2025-01-05 18:05:00,2025-01-05 18:05:00,Class A,626294000_0,55.4404,14.606783,Under way using engine,0.0,11.8,232.0,236.0,9274800,TRAV2,YANGTZE,Tanker,No additional information,44.0,249.0,Undefined,14.9,SUEZ,20/01/2025 18:00:00,AIS,POINT (14.606783 55.4404),626294000_0,0 days 00:01:00,9.696943947953667e-07,233.0320374068674,0.0,0,6.539660035449091,55.4404,14.606783
2025-01-05 18:06:00,2025-01-05 18:06:00,Class A,626294000_0,55.438467,14.60225,Under way using engine,0.0,11.7,233.0,236.0,9274800,TRAV2,YANGTZE,Tanker,No additional information,44.0,249.0,Undefined,14.9,SUEZ,20/01/2025 18:00:00,AIS,POINT (14.60225 55.438467),626294000_0,0 days 00:01:00,-3.363791163922287e-06,233.06928026376386,0.0,0,6.535900672229343,55.438467,14.60225
2025-01-05 18:07:00,2025-01-05 18:07:00,Class A,626294000_0,55.4365,14.59755,Under way using engine,0.0,11.7,234.0,236.0,9274800,TRAV2,YANGTZE,Tanker,No additional information,44.0,249.0,Undefined,14.9,SUEZ,20/01/2025 18:00:00,AIS,POINT (14.59755 55.4365),626294000_0,0 days 00:01:00,2.9870964337439023e-06,233.58510795168797,0.0,0,6.53199342842053,55.4365,14.59755
2025-01-05 18:08:00,2025-01-05 18:08:00,Class A,626294000_0,55.434633,14.592983,Under way using engine,0.0,11.7,234.0,236.0,9274800,TRAV2,YANGTZE,Tanker,No additional information,44.0,249.0,Undefined,14.9,SUEZ,20/01/2025 18:00:00,AIS,POINT (14.592983 55.434633),626294000_0,0 days 00:01:00,-3.707233805858645e-06,234.22653206909476,0.0,0,6.52818516637733,55.434633,14.592983
2025-01-05 18:09:00,2025-01-05 18:09:00,Class A,626294000_0,55.432683,14.5883,Under way using engine,0.0,11.6,233.0,235.0,9274800,TRAV2,YANGTZE,Tanker,No additional information,44.0,249.0,Undefined,14.9,SUEZ,20/01/2025 18:00:00,AIS,POINT (14.5883 55.432683),626294000_0,0 days 00:01:00,3.1615544287112224e-06,233.72605308194778,0.0,0,6.524292314265817,55.432683,14.5883
2025-01-05 18:10:00,2025-01-05 18:10:00,Class A,626294000_0,55.430717,14.583667,Under way using engine,0.0,11.6,233.0,235.0,9274800,TRAV2,YANGTZE,Tanker,No additional information,44.0,249.0,Undefined,14.9,SUEZ,20/01/2025 18:00:00,AIS,POINT (14.583667 55.430717),626294000_0,0 days 00:01:00,-4.096022898370429e-07,233.2092608566744,0.0,0,6.520453580695518,55.430717,14.583667
2025-01-05 18:14:09,2025-01-05 18:14:09,Class A,626294000_0,55.422367,14.565617,Under way using engine,0.0,11.4,227.0,226.0,9274800,TRAV2,YANGTZE,Tanker,No additional information,44.0,249.0,Undefined,14.9,SUEZ,20/01/2025 18:00:00,AIS,POINT (14.565617 55.422367),626294000_0,0 days 00:04:09,-7.352055895112017e-07,230.8199935766483,0.0,0,6.50572038260983,55.422367,14.565617
2025-01-05 18:19:00,2025-01-05 18:19:00,Class A,626294000_0,55.410867,14.548133,Under way using engine,0.0,11.2,221.0,225.0,9274800,TRAV2,YANGTZE,Tanker,No additional information,44.0,249.0,Undefined,14.9,SUEZ,20/01/2025 18:00:00,AIS,POINT (14.548133 55.410867),626294000_0,0 days 00:04:51,-3.419377998418542e-07,220.7999792489363,0.0,0,6.492504818432481,55.410867,14.548133
2025-01-05 18:20:00,2025-01-05 18:20:00,Class A,626294000_0,55.4085,14.54435,Under way using engine,0.0,11.2,222.0,225.0,9274800,TRAV2,YANGTZE,Tanker,No additional information,44.0,249.0,Undefined,14.9,SUEZ,20/01/2025 18:00:00,AIS,POINT (14.54435 55.4085),626294000_0,0 days 00:01:00,1.990372489765558e-06,222.2196453970309,0.0,0,6.4896140421545105,55.4085,14.54435
2025-01-05 18:21:00,2025-01-05 18:21:00,Class A,626294000_0,55.406233,14.540717,Under way using engine,0.0,11.2,222.0,225.0,9274800,TRAV2,YANGTZE,Tanker,No additional information,44.0,249.0,Undefined,14.9,SUEZ,20/01/2025 18:00:00,AIS,POINT (14.540717 55.406233),626294000_0,0 days 00:01:00,-4.0609937934021725e-06,222.29846098901785,0.0,0,6.486837703476557,55.406233,14.540717
2025-01-05 18:22:00,2025-01-05 18:22:00,Class A,626294000_0,55.403883,14.5369,Under way using engine,0.0,11.2,222.0,224.0,9274800,TRAV2,YANGTZE,Tanker,No additional information,44.0,249.0,Undefined,14.9,SUEZ,20/01/2025 18:00:00,AIS,POINT (14.5369 55.403883),626294000_0,0 days 00:01:00,4.082962994744841e-06,222.68398139226582,0.0,0,6.483912863664038,55.403883,14.5369
2025-01-05 18:23:00,2025-01-05 18:23:00,Class A,626294000_0,55.4016,14.53325,Under way using engine,0.0,11.2,222.0,224.0,9274800,TRAV2,YANGTZE,Tanker,No additional information,44.0,249.0,Undefined,14.9,SUEZ,20/01/2025 18:00:00,AIS,POINT (14.53325 55.4016),626294000_0,0 days 00:01:00,-3.510716694953645e-06,222.23437365590098,0.0,0,6.481128540673222,55.4016,14.53325
2025-01-05 18:24:00,2025-01-05 18:24:00,Class A,626294000_0,55.39925,14.529483,Under way using engine,0.0,11.2,222.0,223.0,9274800,TRAV2,YANGTZE,Tanker,No additional information,44.0,249.0,Undefined,14.9,SUEZ,20/01/2025 18:00:00,AIS,POINT (14.529483 55.39925),626294000_0,0 days 00:01:00,2.920856953147613e-06,222.31100436406882,0.0,0,6.478254830372915,55.39925,14.529483
2025-01-05 18:25:00,2025-01-05 18:25:00,Class A,626294000_0,55.396933,14.525917,Under way using engine,0.0,11.2,221.0,222.0,9274800,TRAV2,YANGTZE,Tanker,No additional information,44.0,249.0,Undefined,14.9,SUEZ,20/01/2025 18:00:00,AIS,POINT (14.525917 55.396933),626294000_0,0 days 00:01:00,-3.1160086522620503e-06,221.1545133752547,0.0,0,6.475564255572252,55.396933,14.525917
2025-01-05 18:26:00,2025-01-05 18:26:00,Class A,626294000_0,55.394517,14.522233,Under way using engine,0.0,11.2,220.0,221.0,9274800,TRAV2,YANGTZE,Tanker,No additional information,44.0,249.0,Undefined,14.9,SUEZ,20/01/2025 18:00:00,AIS,POINT (14.522233 55.394517),626294000_0,0 days 00:01:00,3.6749827602107923e-06,220.892813419595,0.0,0,6.472793228156527,55.394517,14.522233
2025-01-05 18:27:00,2025-01-05 18:27:00,Class A,626294000_0,55.39215,14.518783,Under way using engine,0.0,11.2,219.0,220.0,9274800,TRAV2,YANGTZE,Tanker,No additional information,44.0,249.0,Undefined,14.9,SUEZ,20/01/2025 18:00:00,AIS,POINT (14.518783 55.39215),626294000_0,0 days 00:01:00,-3.818039617505796e-06,219.61921549898855,0.0,0,6.470231807226848,55.39215,14.518783
2025-01-05 18:28:00,2025-01-05 18:28:00,Class A,626294000_0,55.389667,14.515317,Under way using engine,0.0,11.2,218.0,219.0,9274800,TRAV2,YANGTZE,Tanker,No additional information,44.0,249.0,Undefined,14.9,SUEZ,20/01/2025 18:00:00,AIS,POINT (14.515317 55.389667),626294000_0,0 days 00:01:00,2.9649694694211813e-06,218.4098939607494,0.0,0,6.467692389137333,55.389667,14.515317
2025-01-05 18:29:00,2025-01-05 18:29:00,Class A,626294000_0,55.387233,14.51205,Under way using engine,0.0,11.2,217.0,218.0,9274800,TRAV2,YANGTZE,Tanker,No additional information,44.0,249.0,Undefined,14.9,SUEZ,20/01/2025 18:00:00,AIS,POINT (14.51205 55.387233),626294000_0,0 days 00:01:00,-3.3463525302862622e-06,217.32333063382188,0.0,0,6.465329144505173,55.387233,14.51205
2025-01-05 18:30:00,2025-01-05 18:30:00,Class A,626294000_0,55.384683,14.508683,Under way using engine,0.0,11.2,216.0,218.0,9274800,TRAV2,YANGTZE,Tanker,No additional information,44.0,249.0,Undefined,14.9,SUEZ,20/01/2025 18:00:00,AIS,POINT (14.508683 55.384683),626294000_0,0 days 00:01:00,3.924580308865746e-06,216.87285156495528,0.0,0,6.462908102070537,55.384683,14.508683
2025-01-05 18:31:00,2025-01-05 18:31:00,Class A,626294000_0,55.382217,14.505467,Under way using engine,0.0,11.2,216.0,218.0,9274800,TRAV2,YANGTZE,Tanker,No additional information,44.0,249.0,Undefined,14.9,SUEZ,20/01/2025 18:00:00,AIS,POINT (14.505467 55.382217),626294000_0,0 days 00:01:00,-3.670014347415462e-06,216.53443006736904,0.0,0,6.460606714729275,55.382217,14.505467
2025-01-05 18:55:01,2025-01-05 18:55:01,Class A,626294000_0,55.320817,14.42695,Under way using engine,0.0,11.4,212.0,215.0,9274800,TRAV2,YANGTZE,Tanker,No additional information,44.0,249.0,Undefined,14.9,SUEZ,20/01/2025 18:00:00,AIS,POINT (14.42695 55.320817),626294000_0,0 days 00:24:01,1.1820400670706437e-07,216.05083362129434,0.0,0,6.405340617402638,55.320817,14.42695
2025-01-05 18:56:01,2025-01-05 18:56:01,Class A,626294000_0,55.318117,14.423833,Under way using engine,0.0,11.4,213.0,215.0,9274800,TRAV2,YANGTZE,Tanker,No additional information,44.0,249.0,Undefined,14.9,SUEZ,20/01/2025 18:00:00,AIS,POINT (14.423833 55.318117),626294000_0,0 days 00:01:00,2.1436198774432067e-06,213.3013555433771,0.0,0,6.403252989916063,55.318117,14.423833
2025-01-05 18:57:01,2025-01-05 18:57:01,Class A,626294000_0,55.31555,14.420767,Under way using engine,0.0,11.4,213.0,215.0,9274800,TRAV2,YANGTZE,Tanker,No additional information,44.0,249.0,Undefined,14.9,SUEZ,20/01/2025 18:00:00,AIS,POINT (14.420767 55.31555),626294000_0,0 days 00:01:00,-3.916074176798648e-06,214.20338232889563,0.0,0,6.401172920550263,55.31555,14.420767
2025-01-05 18:58:01,2025-01-05 18:58:01,Class A,626294000_0,55.31285,14.41765,Under way using engine,0.0,11.4,213.0,215.0,9274800,TRAV2,YANGTZE,Tanker,No additional information,44.0,249.0,Undefined,14.9,SUEZ,20/01/2025 18:00:00,AIS,POINT (14.41765 55.31285),626294000_0,0 days 00:01:00,3.920020415501893e-06,213.30484820650145,0.0,0,6.399089167477588,55.31285,14.41765
2025-01-05 18:59:01,2025-01-05 18:59:01,Class A,626294000_0,55.31015,14.414567,Under way using engine,0.0,11.3,213.0,214.0,9274800,TRAV2,YANGTZE,Tanker,No additional information,44.0,249.0,Undefined,14.9,SUEZ,20/01/2025 18:00:00,AIS,POINT (14.414567 55.31015),626294000_0,0 days 00:01:00,-3.265142879716286e-07,213.01886904609822,0.0,0,6.397039580711222,55.31015,14.414567
2025-01-05 19:00:01,2025-01-05 19:00:01,Class A,626294000_0,55.30755,14.411633,Under way using engine,0.0,11.3,212.0,213.0,9274800,TRAV2,YANGTZE,Tanker,No additional information,44.0,249.0,Undefined,14.9,SUEZ,20/01/2025 18:00:00,AIS,POINT (14.411633 55.30755),626294000_0,0 days 00:01:00,-4.022381799461732e-06,212.71249014075593,0.0,0,6.395100717912893,55.30755,14.411633
2025-01-05 19:01:01,2025-01-05 19:01:01,Class A,626294000_0,55.304833,14.408633,Under way using engine,0.0,11.3,212.0,213.0,9274800,TRAV2,YANGTZE,Tanker,No additional information,44.0,249.0,Undefined,14.9,SUEZ,20/01/2025 18:00:00,AIS,POINT (14.408633 55.304833),626294000_0,0 days 00:01:00,3.6792227809082987e-06,212.14965053984216,0.0,0,6.3931390318613435,55.304833,14.408633
2025-01-05 19:02:00,2025-01-05 19:02:00,Class A,626294000_0,55.3023,14.405867,Under way using engine,0.0,11.3,211.0,213.0,9274800,TRAV2,YANGTZE,Tanker,No additional information,44.0,249.0,Undefined,14.9,SUEZ,20/01/2025 18:00:00,AIS,POINT (14.405867 55.3023),626294000_0,0 days 00:00:59,-5.539964764195642e-06,211.865777522003,0.0,0,6.391341135284987,55.3023,14.405867
2025-01-05 19:03:00,2025-01-05 19:03:00,Class A,626294000_0,55.2996,14.4029,Under way using engine,0.0,11.2,212.0,213.0,9274800,TRAV2,YANGTZE,Tanker,No additional information,44.0,249.0,Undefined,14.9,SUEZ,20/01/2025 18:00:00,AIS,POINT (14.4029 55.2996),626294000_0,0 days 00:01:00,4.696379094052718e-06,212.0296683757645,0.0,0,6.3894089395521565,55.2996,14.4029
2025-01-05 19:04:00,2025-01-05 19:04:00,Class A,626294000_0,55.2969,14.3999,Under way using engine,0.0,11.2,212.0,213.0,9274800,TRAV2,YANGTZE,Tanker,No additional information,44.0,249.0,Undefined,14.9,SUEZ,20/01/2025 18:00:00,AIS,POINT (14.3999 55.2969),626294000_0,0 days 00:01:00,3.123795155847257e-07,212.31707047643982,0.0,0,6.387447467637523,55.2969,14.3999
2025-01-05 19:05:00,2025-01-05 19:05:00,Class A,626294000_0,55.2943,14.397017,Under way using engine,0.0,11.2,212.0,213.0,9274800,TRAV2,YANGTZE,Tanker,No additional information,44.0,249.0,Undefined,14.9,SUEZ,20/01/2025 18:00:00,AIS,POINT (14.397017 55.2943),626294000_0,0 days 00:01:00,-3.7153315855660475e-06,212.26595246631013,0.0,0,6.38556605312215,55.2943,14.397017
2025-01-05 19:06:00,2025-01-05 19:06:00,Class A,626294000_0,55.291617,14.394067,Under way using engine,0.0,11.2,211.0,213.0,9274800,TRAV2,YANGTZE,Tanker,No additional information,44.0,249.0,Undefined,14.9,SUEZ,20/01/2025 18:00:00,AIS,POINT (14.394067 55.291617),626294000_0,0 days 00:01:00,2.8036841980412132e-06,212.04953768484606,0.0,0,6.383650140382459,55.291617,14.394067
2025-01-05 19:07:00,2025-01-05 19:07:00,Class A,626294000_0,55.289,14.391217,Under way using engine,0.0,11.2,211.0,213.0,9274800,TRAV2,YANGTZE,Tanker,No additional information,44.0,249.0,Undefined,14.9,SUEZ,20/01/2025 18:00:00,AIS,POINT (14.391217 55.289),626294000_0,0 days 00:01:00,-2.664140041679462e-06,211.8048750625573,0.0,0,6.381809134672236,55.289,14.391217
2025-01-05 19:15:00,2025-01-05 19:15:00,Class A,626294000_0,55.267933,14.368133,Under way using engine,0.0,11.0,211.0,212.0,9274800,TRAV2,YANGTZE,Tanker,No additional information,44.0,249.0,Undefined,14.9,SUEZ,20/01/2025 18:00:00,AIS,POINT (14.368133 55.267933),626294000_0,0 days 00:08:00,9.613180347693887e-08,211.97868530751782,0.0,0,6.366921793874101,55.267933,14.368133
2025-01-05 19:16:00,2025-01-05 19:16:00,Class A,626294000_0,55.2653,14.3653,Under way using engine,0.0,10.9,211.0,212.0,9274800,TRAV2,YANGTZE,Tanker,No additional information,44.0,249.0,Undefined,14.9,SUEZ,20/01/2025 18:00:00,AIS,POINT (14.3653 55.2653),626294000_0,0 days 00:01:00,-4.904552204663959e-07,211.5109906295542,0.0,0,6.365118635927297,55.2653,14.3653
2025-01-05 19:17:00,2025-01-05 19:17:00,Class A,626294000_0,55.26275,14.362617,Under way using engine,0.0,10.8,211.0,212.0,9274800,TRAV2,YANGTZE,Tanker,No additional information,44.0,249.0,Undefined,14.9,SUEZ,20/01/2025 18:00:00,AIS,POINT (14.362617 55.26275),626294000_0,0 days 00:01:00,-3.567409615215887e-06,210.94439547129863,0.0,0,6.36343133887575,55.26275,14.362617
2025-01-05 19:18:00,2025-01-05 19:18:00,Class A,626294000_0,55.260117,14.359883,Under way using engine,0.0,10.7,210.0,211.0,9274800,TRAV2,YANGTZE,Tanker,No additional information,44.0,249.0,Undefined,14.9,SUEZ,20/01/2025 18:00:00,AIS,POINT (14.359883 55.260117),626294000_0,0 days 00:01:00,2.667161774908101e-06,210.61355159565704,0.0,0,6.361725182438251,55.260117,14.359883
2025-01-05 19:19:00,2025-01-05 19:19:00,Class A,626294000_0,55.257583,14.357367,Under way using engine,0.0,10.6,209.0,211.0,9274800,TRAV2,YANGTZE,Tanker,No additional information,44.0,249.0,Undefined,14.9,SUEZ,20/01/2025 18:00:00,AIS,POINT (14.357367 55.257583),626294000_0,0 days 00:01:00,-4.57864523989196e-06,209.5031628092824,0.0,0,6.360193537900008,55.257583,14.357367
2025-01-05 19:20:00,2025-01-05 19:20:00,Class A,626294000_0,55.254983,14.354833,Under way using engine,0.0,10.5,208.0,211.0,9274800,TRAV2,YANGTZE,Tanker,No additional information,44.0,249.0,Undefined,14.9,SUEZ,20/01/2025 18:00:00,AIS,POINT (14.354833 55.254983),626294000_0,0 days 00:01:00,1.9365173393425697e-06,209.05057674144285,0.0,0,6.358668522623976,55.254983,14.354833
2025-01-05 19:21:00,2025-01-05 19:21:00,Class A,626294000_0,55.252467,14.352417,Under way using engine,0.0,10.4,208.0,211.0,9274800,TRAV2,YANGTZE,Tanker,No additional information,44.0,249.0,Undefined,14.9,SUEZ,20/01/2025 18:00:00,AIS,POINT (14.352417 55.252467),626294000_0,0 days 00:01:00,-3.280365131316379e-06,208.692465416539,0.0,0,6.357228469034678,55.252467,14.352417
2025-01-05 19:22:00,2025-01-05 19:22:00,Class A,626294000_0,55.25,14.349967,Under way using engine,0.0,10.3,209.0,211.0,9274800,TRAV2,YANGTZE,Tanker,No additional information,44.0,249.0,Undefined,14.9,SUEZ,20/01/2025 18:00:00,AIS,POINT (14.349967 55.25),626294000_0,0 days 00:01:00,-1.0294715497304879e-06,209.51309672172744,0.0,0,6.355741598459302,55.25,14.349967
2025-01-05 19:23:00,2025-01-05 19:23:00,Class A,626294000_0,55.247467,14.347517,Under way using engine,0.0,10.2,209.0,213.0,9274800,TRAV2,YANGTZE,Tanker,No additional information,44.0,249.0,Undefined,14.9,SUEZ,20/01/2025 18:00:00,AIS,POINT (14.347517 55.247467),626294000_0,0 days 00:01:00,1.7822059032599358e-06,208.8705794820228,0.0,0,6.354278342290727,55.247467,14.347517
2025-01-05 19:24:00,2025-01-05 19:24:00,Class A,626294000_0,55.2451,14.344967,Under way using engine,0.0,10.1,211.0,213.0,9274800,TRAV2,YANGTZE,Tanker,No additional information,44.0,249.0,Undefined,14.9,SUEZ,20/01/2025 18:00:00,AIS,POINT (14.344967 55.2451),626294000_0,0 days 00:01:00,-3.5429000995051857e-06,211.5560639543469,0.0,0,6.352666909683366,55.2451,14.344967
2025-01-05 19:25:00,2025-01-05 19:25:00,Class A,626294000_0,55.24265,14.342417,Under way using engine,0.0,10.0,210.0,215.0,9274800,TRAV2,YANGTZE,Tanker,No additional information,44.0,249.0,Undefined,14.9,SUEZ,20/01/2025 18:00:00,AIS,POINT (14.342417 55.24265),626294000_0,0 days 00:01:00,2.197529864245628e-06,210.6839645561092,0.0,0,6.351084793008671,55.24265,14.342417
2025-01-05 19:26:00,2025-01-05 19:26:00,Class A,626294000_0,55.240283,14.339667,Under way using engine,0.0,10.0,213.0,215.0,9274800,TRAV2,YANGTZE,Tanker,No additional information,44.0,249.0,Undefined,14.9,SUEZ,20/01/2025 18:00:00,AIS,POINT (14.339667 55.240283),626294000_0,0 days 00:01:00,-2.9074389758859327e-07,213.52038942742237,0.0,0,6.349287995369639,55.240283,14.339667
2025-01-05 19:27:00,2025-01-05 19:27:00,Class A,626294000_0,55.238033,14.336967,Under way using engine,0.0,9.9,215.0,217.0,9274800,TRAV2,YANGTZE,Tanker,No additional information,44.0,249.0,Undefined,14.9,SUEZ,20/01/2025 18:00:00,AIS,POINT (14.336967 55.238033),626294000_0,0 days 00:01:00,-3.492024122896207e-06,214.38036697766074,0.0,0,6.347500531078748,55.238033,14.336967
2025-01-05 19:28:00,2025-01-05 19:28:00,Class A,626294000_0,55.235767,14.334067,Under way using engine,0.0,9.9,216.0,217.0,9274800,TRAV2,YANGTZE,Tanker,No additional information,44.0,249.0,Undefined,14.9,SUEZ,20/01/2025 18:00:00,AIS,POINT (14.334067 55.235767),626294000_0,0 days 00:01:00,2.4483039449968958e-06,216.12000068584533,0.0,0,6.34553156102032,55.235767,14.334067
2025-01-05 19:29:00,2025-01-05 19:29:00,Class A,626294000_0,55.233583,14.331233,Under way using engine,0.0,9.9,216.0,217.0,9274800,TRAV2,YANGTZE,Tanker,No additional information,44.0,249.0,Undefined,14.9,SUEZ,20/01/2025 18:00:00,AIS,POINT (14.331233 55.233583),626294000_0,0 days 00:01:00,-2.7318446051903446e-06,216.49978412863632,0.0,0,6.3435986198851655,55.233583,14.331233
2025-01-05 19:30:00,2025-01-05 19:30:00,Class A,626294000_0,55.23135,14.328283,Under way using engine,0.0,9.9,216.0,217.0,9274800,TRAV2,YANGTZE,Tanker,No additional information,44.0,249.0,Undefined,14.9,SUEZ,20/01/2025 18:00:00,AIS,POINT (14.328283 55.23135),626294000_0,0 days 00:01:00,2.44313810806904e-06,216.9937796697934,0.0,0,6.341574447426287,55.23135,14.328283
2025-01-05 19:31:00,2025-01-05 19:31:00,Class A,626294000_0,55.229183,14.325433,Under way using engine,0.0,9.8,217.0,217.0,9274800,TRAV2,YANGTZE,Tanker,No additional information,44.0,249.0,Undefined,14.9,SUEZ,20/01/2025 18:00:00,AIS,POINT (14.325433 55.229183),626294000_0,0 days 00:01:00,-2.6919464082554895e-06,216.87186675373417,0.0,0,6.339623603796128,55.229183,14.325433
2025-01-05 19:32:00,2025-01-05 19:32:00,Class A,626294000_0,55.227,14.322483,Under way using engine,0.0,9.7,217.0,217.0,9274800,TRAV2,YANGTZE,Tanker,No additional information,44.0,249.0,Undefined,14.9,SUEZ,20/01/2025 18:00:00,AIS,POINT (14.322483 55.227),626294000_0,0 days 00:01:00,1.466487294628198e-06,217.62230792631243,0.0,0,6.337585493880932,55.227,14.322483
2025-01-05 19:59:01,2025-01-05 19:59:01,Class A,626294000_0,55.193267,14.244133,Under way using engine,0.0,7.7,236.0,237.0,9274800,TRAV2,YANGTZE,Tanker,No additional information,44.0,249.0,Undefined,14.9,SUEZ,20/01/2025 18:00:00,AIS,POINT (14.244133 55.193267),626294000_0,0 days 00:27:01,-7.812535626369973e-07,232.99451176437626,0.0,0,6.2755408113539515,55.193267,14.244133
2025-01-05 20:00:01,2025-01-05 20:00:01,Class A,626294000_0,55.192217,14.240733,Under way using engine,0.0,7.8,244.0,246.0,9274800,TRAV2,YANGTZE,Tanker,No additional information,44.0,249.0,Undefined,14.9,SUEZ,20/01/2025 18:00:00,AIS,POINT (14.240733 55.192217),626294000_0,0 days 00:01:00,4.160503585635757e-06,241.58713680161418,0.0,0,6.272716968289659,55.192217,14.240733
2025-01-05 20:01:01,2025-01-05 20:01:01,Class A,626294000_0,55.19135,14.2371,Under way using engine,0.0,7.9,246.0,247.0,9274800,TRAV2,YANGTZE,Tanker,No additional information,44.0,249.0,Undefined,14.9,SUEZ,20/01/2025 18:00:00,AIS,POINT (14.2371 55.19135),626294000_0,0 days 00:01:00,1.286788274990185e-06,247.31329526792126,0.0,0,6.269611780136709,55.19135,14.2371
2025-01-05 20:02:01,2025-01-05 20:02:01,Class A,626294000_0,55.190483,14.233583,Under way using engine,0.0,8.0,247.0,261.0,9274800,TRAV2,YANGTZE,Tanker,No additional information,44.0,249.0,Undefined,14.9,SUEZ,20/01/2025 18:00:00,AIS,POINT (14.233583 55.190483),626294000_0,0 days 00:01:00,-1.888153241029521e-06,246.64450764082602,0.0,0,6.266616028097541,55.190483,14.233583
2025-01-05 20:03:01,2025-01-05 20:03:01,Class A,626294000_0,55.190267,14.2297,Under way using engine,0.0,7.8,265.0,266.0,9274800,TRAV2,YANGTZE,Tanker,No additional information,44.0,249.0,Undefined,14.9,SUEZ,20/01/2025 18:00:00,AIS,POINT (14.2297 55.190267),626294000_0,0 days 00:01:00,1.2693595407047992e-06,264.43593210151437,0.0,0,6.26305112127851,55.190267,14.2297
2025-01-05 20:04:00,2025-01-05 20:04:00,Class A,626294000_0,55.190167,14.226017,Under way using engine,0.0,8.0,266.0,266.0,9274800,TRAV2,YANGTZE,Tanker,No additional information,44.0,249.0,Undefined,14.9,SUEZ,20/01/2025 18:00:00,AIS,POINT (14.226017 55.190167),626294000_0,0 days 00:00:59,-2.7285872178993467e-06,267.27837889947097,0.0,0,6.259633642562878,55.190167,14.226017
2025-01-05 20:05:00,2025-01-05 20:05:00,Class A,626294000_0,55.1901,14.222,Under way using engine,0.0,8.1,268.0,266.0,9274800,TRAV2,YANGTZE,Tanker,No additional information,44.0,249.0,Undefined,14.9,SUEZ,20/01/2025 18:00:00,AIS,POINT (14.222 55.1901),626294000_0,0 days 00:01:00,4.7604750472791975e-06,268.32806982256443,0.0,0,6.2558919202803525,55.1901,14.222
2025-01-05 20:06:00,2025-01-05 20:06:00,Class A,626294000_0,55.19,14.218117,Under way using engine,0.0,8.1,270.0,270.0,9274800,TRAV2,YANGTZE,Tanker,No additional information,44.0,249.0,Undefined,14.9,SUEZ,20/01/2025 18:00:00,AIS,POINT (14.218117 55.19),626294000_0,0 days 00:01:00,-2.3312118467889157e-06,267.4185359328345,0.0,0,6.252287633625472,55.19,14.218117
2025-01-05 20:07:00,2025-01-05 20:07:00,Class A,626294000_0,55.190067,14.214033,Under way using engine,0.0,8.2,272.0,270.0,9274800,TRAV2,YANGTZE,Tanker,No additional information,44.0,249.0,Undefined,14.9,SUEZ,20/01/2025 18:00:00,AIS,POINT (14.214033 55.190067),626294000_0,0 days 00:01:00,3.5162608474125293e-06,271.64781106548173,0.0,0,6.248437028663169,55.190067,14.214033
2025-01-05 20:08:00,2025-01-05 20:08:00,Class A,626294000_0,55.1901,14.209917,Under way using engine,0.0,8.3,271.0,270.0,9274800,TRAV2,YANGTZE,Tanker,No additional information,44.0,249.0,Undefined,14.9,SUEZ,20/01/2025 18:00:00,AIS,POINT (14.209917 55.1901),626294000_0,0 days 00:01:00,5.435036475307398e-07,270.8063384447903,0.0,0,6.244568612881598,55.1901,14.209917
2025-01-05 20:09:00,2025-01-05 20:09:00,Class A,626294000_0,55.19015,14.20585,Under way using engine,0.0,8.5,271.0,270.0,9274800,TRAV2,YANGTZE,Tanker,No additional information,44.0,249.0,Undefined,14.9,SUEZ,20/01/2025 18:00:00,AIS,POINT (14.20585 55.19015),626294000_0,0 days 00:01:00,-8.575222163508325e-07,271.2354147618601,0.0,0,6.240740481956367,55.19015,14.20585
2025-01-05 20:10:00,2025-01-05 20:10:00,Class A,626294000_0,55.190167,14.2016,Under way using engine,0.0,8.6,270.0,270.0,9274800,TRAV2,YANGTZE,Tanker,No additional information,44.0,249.0,Undefined,14.9,SUEZ,20/01/2025 18:00:00,AIS,POINT (14.2016 55.190167),626294000_0,0 days 00:01:00,3.2227980108002404e-06,270.40321187613506,0.0,0,6.236752750666646,55.190167,14.2016
2025-01-05 20:11:00,2025-01-05 20:11:00,Class A,626294000_0,55.190167,14.197433,Under way using engine,0.0,8.7,270.0,270.0,9274800,TRAV2,YANGTZE,Tanker,No additional information,44.0,249.0,Undefined,14.9,SUEZ,20/01/2025 18:00:00,AIS,POINT (14.197433 55.190167),626294000_0,0 days 00:01:00,-1.4702876463824523e-06,270.00171066027,0.0,0,6.232849066965202,55.190167,14.197433
2025-01-05 20:15:03,2025-01-05 20:15:03,Class A,626294000_0,55.189117,14.179517,Under way using engine,0.0,8.9,245.0,225.0,9274800,TRAV2,YANGTZE,Tanker,No additional information,44.0,249.0,Undefined,14.9,SUEZ,20/01/2025 18:00:00,AIS,POINT (14.179517 55.189117),626294000_0,0 days 00:04:03,1.2227648676002231e-06,264.14569175016624,0.0,0,6.216437606813487,55.189117,14.179517
2025-01-05 20:20:00,2025-01-05 20:20:00,Class A,626294000_0,55.179333,14.169267,Under way using engine,0.0,8.7,201.0,200.0,9274800,TRAV2,YANGTZE,Tanker,No additional information,44.0,249.0,Undefined,14.9,SUEZ,20/01/2025 18:00:00,AIS,POINT (14.169267 55.179333),626294000_0,0 days 00:04:57,-1.4970280837465475e-06,210.88923518947132,0.0,0,6.21028763844679,55.179333,14.169267
2025-01-05 20:21:00,2025-01-05 20:21:00,Class A,626294000_0,55.17705,14.16775,Under way using engine,0.0,8.9,200.0,200.0,9274800,TRAV2,YANGTZE,Tanker,No additional information,44.0,249.0,Undefined,14.9,SUEZ,20/01/2025 18:00:00,AIS,POINT (14.16775 55.17705),626294000_0,0 days 00:01:00,4.2675759891596814e-06,200.77904329139534,0.0,0,6.2096746751926535,55.17705,14.16775
2025-01-05 20:22:00,2025-01-05 20:22:00,Class A,626294000_0,55.174683,14.166367,Under way using engine,0.0,9.1,199.0,206.0,9274800,TRAV2,YANGTZE,Tanker,No additional information,44.0,249.0,Undefined,14.9,SUEZ,20/01/2025 18:00:00,AIS,POINT (14.166367 55.174683),626294000_0,0 days 00:01:00,1.6494281195446412e-06,198.45240160795154,0.0,0,6.2092179128409555,55.174683,14.166367
2025-01-05 20:23:00,2025-01-05 20:23:00,Class A,626294000_0,55.1723,14.164383,Under way using engine,0.0,9.3,203.0,206.0,9274800,TRAV2,YANGTZE,Tanker,No additional information,44.0,249.0,Undefined,14.9,SUEZ,20/01/2025 18:00:00,AIS,POINT (14.164383 55.1723),626294000_0,0 days 00:01:00,4.449674054176382e-06,205.43058510367288,0.0,0,6.208205957621735,55.1723,14.164383
2025-01-05 20:24:00,2025-01-05 20:24:00,Class A,626294000_0,55.1699,14.1623,Under way using engine,0.0,9.5,206.0,206.0,9274800,TRAV2,YANGTZE,Tanker,No additional information,44.0,249.0,Undefined,14.9,SUEZ,20/01/2025 18:00:00,AIS,POINT (14.1623 55.1699),626294000_0,0 days 00:01:00,1.2403938230149194e-06,206.36806666438198,0.0,0,6.207108851263123,55.1699,14.1623
2025-01-05 20:25:01,2025-01-05 20:25:01,Class A,626294000_0,55.167517,14.16035,Under way using engine,0.0,9.6,204.0,205.0,9274800,TRAV2,YANGTZE,Tanker,No additional information,44.0,249.0,Undefined,14.9,SUEZ,20/01/2025 18:00:00,AIS,POINT (14.16035 55.167517),626294000_0,0 days 00:01:01,-2.7833875657917297e-06,205.0512318106346,0.0,0,6.206131472934489,55.167517,14.16035
2025-01-05 20:26:00,2025-01-05 20:26:00,Class A,626294000_0,55.164967,14.1584,Under way using engine,0.0,9.8,203.0,206.0,9274800,TRAV2,YANGTZE,Tanker,No additional information,44.0,249.0,Undefined,14.9,SUEZ,20/01/2025 18:00:00,AIS,POINT (14.1584 55.164967),626294000_0,0 days 00:00:59,7.625518611361802e-06,203.59640567844002,0.0,0,6.205214846832301,55.164967,14.1584
2025-01-05 20:27:00,2025-01-05 20:27:00,Class A,626294000_0,55.1625,14.1564,Under way using engine,0.0,9.9,205.0,207.0,9274800,TRAV2,YANGTZE,Tanker,No additional information,44.0,249.0,Undefined,14.9,SUEZ,20/01/2025 18:00:00,AIS,POINT (14.1564 55.1625),626294000_0,0 days 00:01:00,-3.4342843693461877e-06,204.8496511094098,0.0,0,6.204223472105836,55.1625,14.1564
2025-01-05 20:37:10,2025-01-05 20:37:10,Class A,626294000_0,55.136517,14.131467,Under way using engine,0.0,10.7,210.0,209.0,9274800,TRAV2,YANGTZE,Tanker,No additional information,44.0,249.0,Undefined,14.9,SUEZ,20/01/2025 18:00:00,AIS,POINT (14.131467 55.136517),626294000_0,0 days 00:10:10,5.975086971949983e-07,208.74815521561354,0.0,0,6.190263549607967,55.136517,14.131467
2025-01-05 20:42:00,2025-01-05 20:42:00,Class A,626294000_0,55.124183,14.118267,Under way using engine,0.0,10.7,210.0,209.0,9274800,TRAV2,YANGTZE,Tanker,No additional information,44.0,249.0,Undefined,14.9,SUEZ,20/01/2025 18:00:00,AIS,POINT (14.118267 55.124183),626294000_0,0 days 00:04:50,4.940451005509462e-07,211.46590249556817,0.0,0,6.182428088004339,55.124183,14.118267
2025-01-05 20:43:00,2025-01-05 20:43:00,Class A,626294000_0,55.121683,14.115633,Under way using engine,0.0,10.7,211.0,209.0,9274800,TRAV2,YANGTZE,Tanker,No additional information,44.0,249.0,Undefined,14.9,SUEZ,20/01/2025 18:00:00,AIS,POINT (14.115633 55.121683),626294000_0,0 days 00:01:00,-2.2593899364075404e-06,211.06865579031214,0.0,0,6.180883812353135,55.121683,14.115633
2025-01-05 20:44:00,2025-01-05 20:44:00,Class A,626294000_0,55.1191,14.112817,Under way using engine,0.0,10.7,212.0,209.0,9274800,TRAV2,YANGTZE,Tanker,No additional information,44.0,249.0,Undefined,14.9,SUEZ,20/01/2025 18:00:00,AIS,POINT (14.112817 55.1191),626294000_0,0 days 00:01:00,3.876926936126317e-06,211.94214213545644,0.0,0,6.179202056187027,55.1191,14.112817
2025-01-05 20:45:00,2025-01-05 20:45:00,Class A,626294000_0,55.116567,14.11015,Under way using engine,0.0,10.7,211.0,209.0,9274800,TRAV2,YANGTZE,Tanker,No additional information,44.0,249.0,Undefined,14.9,SUEZ,20/01/2025 18:00:00,AIS,POINT (14.11015 55.116567),626294000_0,0 days 00:01:00,-2.697992252627199e-06,211.0551133738168,0.0,0,6.177642676073779,55.116567,14.11015
2025-01-05 20:46:00,2025-01-05 20:46:00,Class A,626294000_0,55.113983,14.107467,Under way using engine,0.0,10.7,210.0,209.0,9274800,TRAV2,YANGTZE,Tanker,No additional information,44.0,249.0,Undefined,14.9,SUEZ,20/01/2025 18:00:00,AIS,POINT (14.107467 55.113983),626294000_0,0 days 00:01:00,1.5000987564507424e-06,210.70460459792548,0.0,0,6.1760888401758764,55.113983,14.107467
2025-01-05 20:47:00,2025-01-05 20:47:00,Class A,626294000_0,55.1115,14.104833,Under way using engine,0.0,10.6,211.0,209.0,9274800,TRAV2,YANGTZE,Tanker,No additional information,44.0,249.0,Undefined,14.9,SUEZ,20/01/2025 18:00:00,AIS,POINT (14.104833 55.1115),626294000_0,0 days 00:01:00,-3.122591680361468e-06,211.24821991417136,0.0,0,6.174545494143678,55.1115,14.104833
2025-01-05 20:48:01,2025-01-05 20:48:01,Class A,626294000_0,55.1089,14.102133,Under way using engine,0.0,10.6,210.0,209.0,9274800,TRAV2,YANGTZE,Tanker,No additional information,44.0,249.0,Undefined,14.9,SUEZ,20/01/2025 18:00:00,AIS,POINT (14.102133 55.1089),626294000_0,0 days 00:01:01,2.135392464392998e-06,210.711412903928,0.0,0,6.172985357689585,55.1089,14.102133
2025-01-05 20:49:01,2025-01-05 20:49:01,Class A,626294000_0,55.10635,14.0996,Under way using engine,0.0,10.7,209.0,209.0,9274800,TRAV2,YANGTZE,Tanker,No additional information,44.0,249.0,Undefined,14.9,SUEZ,20/01/2025 18:00:00,AIS,POINT (14.0996 55.10635),626294000_0,0 days 00:01:00,-1.2906845158231911e-06,209.60727945503567,0.0,0,6.171564098640555,55.10635,14.0996
2025-01-05 20:50:01,2025-01-05 20:50:01,Class A,626294000_0,55.103717,14.097017,Under way using engine,0.0,10.7,209.0,209.0,9274800,TRAV2,YANGTZE,Tanker,No additional information,44.0,249.0,Undefined,14.9,SUEZ,20/01/2025 18:00:00,AIS,POINT (14.097017 55.103717),626294000_0,0 days 00:01:00,2.6717845244230398e-06,209.30264778945764,0.0,0,6.170128608449339,55.103717,14.097017
2025-01-05 20:51:01,2025-01-05 20:51:01,Class A,626294000_0,55.10115,14.094583,Under way using engine,0.0,10.7,208.0,209.0,9274800,TRAV2,YANGTZE,Tanker,No additional information,44.0,249.0,Undefined,14.9,SUEZ,20/01/2025 18:00:00,AIS,POINT (14.094583 55.10115),626294000_0,0 days 00:01:00,-3.063250339431457e-06,208.47946295367575,0.0,0,6.1688092428968835,55.10115,14.094583
2025-01-05 20:52:01,2025-01-05 20:52:01,Class A,626294000_0,55.098467,14.092183,Under way using engine,0.0,10.6,206.0,209.0,9274800,TRAV2,YANGTZE,Tanker,No additional information,44.0,249.0,Undefined,14.9,SUEZ,20/01/2025 18:00:00,AIS,POINT (14.092183 55.098467),626294000_0,0 days 00:01:00,2.891789562742116e-06,207.10430464619319,0.0,0,6.167565979036544,55.098467,14.092183
2025-01-05 20:53:01,2025-01-05 20:53:01,Class A,626294000_0,55.09585,14.089833,Under way using engine,0.0,10.7,207.0,210.0,9274800,TRAV2,YANGTZE,Tanker,No additional information,44.0,249.0,Undefined,14.9,SUEZ,20/01/2025 18:00:00,AIS,POINT (14.089833 55.09585),626294000_0,0 days 00:01:00,-2.2193022601635907e-06,207.19547446191612,0.0,0,6.166346681240847,55.09585,14.089833
2025-01-05 20:54:01,2025-01-05 20:54:01,Class A,626294000_0,55.09315,14.0874,Under way using engine,0.0,10.7,207.0,211.0,9274800,TRAV2,YANGTZE,Tanker,No additional information,44.0,249.0,Undefined,14.9,SUEZ,20/01/2025 18:00:00,AIS,POINT (14.0874 55.09315),626294000_0,0 days 00:01:00,2.957101037473356e-06,207.2783469447023,0.0,0,6.16508269424093,55.09315,14.0874
2025-01-05 20:55:00,2025-01-05 20:55:00,Class A,626294000_0,55.0906,14.084933,Under way using engine,0.0,10.7,208.0,211.0,9274800,TRAV2,YANGTZE,Tanker,No additional information,44.0,249.0,Undefined,14.9,SUEZ,20/01/2025 18:00:00,AIS,POINT (14.084933 55.0906),626294000_0,0 days 00:00:59,-2.3133236771938987e-06,208.97148642103787,0.0,0,6.163733498882799,55.0906,14.084933
2025-01-05 20:56:00,2025-01-05 20:56:00,Class A,626294000_0,55.08795,14.082417,Under way using engine,0.0,10.6,208.0,211.0,9274800,TRAV2,YANGTZE,Tanker,No additional information,44.0,249.0,Undefined,14.9,SUEZ,20/01/2025 18:00:00,AIS,POINT (14.082417 55.08795),626294000_0,0 days 00:01:00,1.6014611016991447e-06,208.51894004557707,0.0,0,6.162377591886592,55.08795,14.082417
2025-01-05 20:57:00,2025-01-05 20:57:00,Class A,626294000_0,55.085383,14.079967,Under way using engine,0.0,10.6,208.0,211.0,9274800,TRAV2,YANGTZE,Tanker,No additional information,44.0,249.0,Undefined,14.9,SUEZ,20/01/2025 18:00:00,AIS,POINT (14.079967 55.085383),626294000_0,0 days 00:01:00,-2.812406545667787e-06,208.64659884535794,0.0,0,6.161054045789973,55.085383,14.079967
2025-01-05 20:59:00,2025-01-05 20:59:00,Class A,626294000_0,55.080167,14.0751,Under way using engine,0.0,10.6,208.0,211.0,9274800,TRAV2,YANGTZE,Tanker,No additional information,44.0,249.0,Undefined,14.9,SUEZ,20/01/2025 18:00:00,AIS,POINT (14.0751 55.080167),626294000_0,0 days 00:02:00,4.888017964076102e-07,208.1083993502558,0.0,0,6.158473372269137,55.080167,14.0751
2025-01-05 21:00:00,2025-01-05 21:00:00,Class A,626294000_0,55.077533,14.0726,Under way using engine,0.0,10.6,208.0,212.0,9274800,TRAV2,YANGTZE,Tanker,No additional information,44.0,249.0,Undefined,14.9,SUEZ,20/01/2025 18:00:00,AIS,POINT (14.0726 55.077533),626294000_0,0 days 00:01:00,1.269948908623345e-06,208.51742140801304,0.0,0,6.157133702729541,55.077533,14.0726
2025-01-05 21:02:00,2025-01-05 21:02:00,Class A,626294000_0,55.072367,14.067567,Under way using engine,0.0,10.5,208.0,211.0,9274800,TRAV2,YANGTZE,Tanker,No additional information,44.0,249.0,Undefined,14.9,SUEZ,20/01/2025 18:00:00,AIS,POINT (14.067567 55.072367),626294000_0,0 days 00:02:00,-6.187096501178088e-07,209.15331719363672,0.0,0,6.154391203303947,55.072367,14.067567
2025-01-05 21:03:00,2025-01-05 21:03:00,Class A,626294000_0,55.069883,14.065133,Under way using engine,0.0,10.4,211.0,216.0,9274800,TRAV2,YANGTZE,Tanker,No additional information,44.0,249.0,Undefined,14.9,SUEZ,20/01/2025 18:00:00,AIS,POINT (14.065133 55.069883),626294000_0,0 days 00:01:00,-3.3842610291982387e-06,209.29491267963698,0.0,0,6.153062146282045,55.069883,14.065133
2025-01-05 21:04:00,2025-01-05 21:04:00,Class A,626294000_0,55.067433,14.06235,Under way using engine,0.0,10.3,216.0,225.0,9274800,TRAV2,YANGTZE,Tanker,No additional information,44.0,249.0,Undefined,14.9,SUEZ,20/01/2025 18:00:00,AIS,POINT (14.06235 55.067433),626294000_0,0 days 00:01:00,2.313916305166534e-06,213.04194323789477,0.0,0,6.151398436062161,55.067433,14.06235
2025-01-05 21:19:00,2025-01-05 21:19:00,Class A,626294000_0,55.0498,13.993,Under way using engine,0.0,10.9,251.0,252.0,9274800,TRAV2,YANGTZE,Tanker,No additional information,44.0,249.0,Undefined,14.9,SUEZ,20/01/2025 18:00:00,AIS,POINT (13.993 55.0498),626294000_0,0 days 00:15:00,-4.546201378985966e-08,246.09010768564588,0.0,0,6.093847441906387,55.0498,13.993
2025-01-05 21:20:00,2025-01-05 21:20:00,Class A,626294000_0,55.048783,13.987883,Under way using engine,0.0,11.0,251.0,253.0,9274800,TRAV2,YANGTZE,Tanker,No additional information,44.0,249.0,Undefined,14.9,SUEZ,20/01/2025 18:00:00,AIS,POINT (13.987883 55.048783),626294000_0,0 days 00:01:00,6.382415242476878e-06,250.86863888448218,0.0,0,6.089504451054207,55.048783,13.987883
2025-01-05 21:21:00,2025-01-05 21:21:00,Class A,626294000_0,55.047833,13.9829,Under way using engine,0.0,11.0,251.0,252.0,9274800,TRAV2,YANGTZE,Tanker,No additional information,44.0,249.0,Undefined,14.9,SUEZ,20/01/2025 18:00:00,AIS,POINT (13.9829 55.047833),626294000_0,0 days 00:01:00,-2.9164276111669333e-06,251.5953304905616,0.0,0,6.085261097215798,55.047833,13.9829
2025-01-05 21:22:00,2025-01-05 21:22:00,Class A,626294000_0,55.046833,13.977733,Under way using engine,0.0,11.1,251.0,252.0,9274800,TRAV2,YANGTZE,Tanker,No additional information,44.0,249.0,Undefined,14.9,SUEZ,20/01/2025 18:00:00,AIS,POINT (13.977733 55.046833),626294000_0,0 days 00:01:00,3.5907748362120346e-06,251.33621185327922,0.0,0,6.0808681008314105,55.046833,13.977733
2025-01-05 21:23:00,2025-01-05 21:23:00,Class A,626294000_0,55.045817,13.972767,Under way using engine,0.0,11.1,250.0,252.0,9274800,TRAV2,YANGTZE,Tanker,No additional information,44.0,249.0,Undefined,14.9,SUEZ,20/01/2025 18:00:00,AIS,POINT (13.972767 55.045817),626294000_0,0 days 00:01:00,-3.207897223788993e-06,250.35006505690853,0.0,0,6.0766683080619925,55.045817,13.972767
2025-01-05 21:24:00,2025-01-05 21:24:00,Class A,626294000_0,55.044833,13.967567,Under way using engine,0.0,11.1,251.0,252.0,9274800,TRAV2,YANGTZE,Tanker,No additional information,44.0,249.0,Undefined,14.9,SUEZ,20/01/2025 18:00:00,AIS,POINT (13.967567 55.044833),626294000_0,0 days 00:01:00,3.6116842666154545e-06,251.72441182782404,0.0,0,6.072241437529064,55.044833,13.967567
2025-01-05 21:25:00,2025-01-05 21:25:00,Class A,626294000_0,55.04385,13.96255,Under way using engine,0.0,11.1,251.0,252.0,9274800,TRAV2,YANGTZE,Tanker,No additional information,44.0,249.0,Undefined,14.9,SUEZ,20/01/2025 18:00:00,AIS,POINT (13.96255 55.04385),626294000_0,0 days 00:01:00,-3.0885303626643097e-06,251.1224824873351,0.0,0,6.067984571744478,55.04385,13.96255
2025-01-05 21:26:00,2025-01-05 21:26:00,Class A,626294000_0,55.042833,13.957367,Under way using engine,0.0,11.1,250.0,252.0,9274800,TRAV2,YANGTZE,Tanker,No additional information,44.0,249.0,Undefined,14.9,SUEZ,20/01/2025 18:00:00,AIS,POINT (13.957367 55.042833),626294000_0,0 days 00:01:00,3.1313674809176247e-06,251.0975136955848,0.0,0,6.063588811590459,55.042833,13.957367
2025-01-05 21:27:00,2025-01-05 21:27:00,Class A,626294000_0,55.04185,13.95235,Under way using engine,0.0,11.1,251.0,253.0,9274800,TRAV2,YANGTZE,Tanker,No additional information,44.0,249.0,Undefined,14.9,SUEZ,20/01/2025 18:00:00,AIS,POINT (13.95235 55.04185),626294000_0,0 days 00:01:00,-3.1271700609446574e-06,251.12335834641212,0.0,0,6.059334636915922,55.04185,13.95235
2025-01-05 21:28:00,2025-01-05 21:28:00,Class A,626294000_0,55.040867,13.94715,Under way using engine,0.0,11.1,251.0,253.0,9274800,TRAV2,YANGTZE,Tanker,No additional information,44.0,249.0,Undefined,14.9,SUEZ,20/01/2025 18:00:00,AIS,POINT (13.94715 55.040867),626294000_0,0 days 00:01:00,3.083318299714717e-06,251.74344182665033,0.0,0,6.054912887436781,55.040867,13.94715
2025-01-05 21:29:00,2025-01-05 21:29:00,Class A,626294000_0,55.039883,13.942133,Under way using engine,0.0,11.2,251.0,253.0,9274800,TRAV2,YANGTZE,Tanker,No additional information,44.0,249.0,Undefined,14.9,SUEZ,20/01/2025 18:00:00,AIS,POINT (13.942133 55.039883),626294000_0,0 days 00:01:00,-3.0692011895813028e-06,251.10637700934103,0.0,0,6.050661789094561,55.039883,13.942133
2025-01-05 21:31:00,2025-01-05 21:31:00,Class A,626294000_0,55.037967,13.931817,Under way using engine,0.0,11.2,252.0,252.0,9274800,TRAV2,YANGTZE,Tanker,No additional information,44.0,249.0,Undefined,14.9,SUEZ,20/01/2025 18:00:00,AIS,POINT (13.931817 55.037967),626294000_0,0 days 00:02:00,1.0628105107347895e-06,252.0453436375005,0.0,0,6.041883394000997,55.037967,13.931817
2025-01-05 21:32:00,2025-01-05 21:32:00,Class A,626294000_0,55.036933,13.9266,Under way using engine,0.0,11.2,250.0,252.0,9274800,TRAV2,YANGTZE,Tanker,No additional information,44.0,249.0,Undefined,14.9,SUEZ,20/01/2025 18:00:00,AIS,POINT (13.9266 55.036933),626294000_0,0 days 00:01:00,1.7420290339743473e-06,250.92312145748986,0.0,0,6.037471221934562,55.036933,13.9266
2025-01-05 21:33:00,2025-01-05 21:33:00,Class A,626294000_0,55.035967,13.921533,Under way using engine,0.0,11.2,251.0,252.0,9274800,TRAV2,YANGTZE,Tanker,No additional information,44.0,249.0,Undefined,14.9,SUEZ,20/01/2025 18:00:00,AIS,POINT (13.921533 55.035967),626294000_0,0 days 00:01:00,-3.19545952057254e-06,251.60070252486082,0.0,0,6.033172494448423,55.035967,13.921533
2025-01-05 21:34:00,2025-01-05 21:34:00,Class A,626294000_0,55.034967,13.9165,Under way using engine,0.0,11.2,250.0,252.0,9274800,TRAV2,YANGTZE,Tanker,No additional information,44.0,249.0,Undefined,14.9,SUEZ,20/01/2025 18:00:00,AIS,POINT (13.9165 55.034967),626294000_0,0 days 00:01:00,-2.3232732780487388e-07,250.88013630205427,0.0,0,6.028919634374635,55.034967,13.9165
2025-01-05 21:35:00,2025-01-05 21:35:00,Class A,626294000_0,55.03395,13.911267,Under way using engine,0.0,11.2,251.0,252.0,9274800,TRAV2,YANGTZE,Tanker,No additional information,44.0,249.0,Undefined,14.9,SUEZ,20/01/2025 18:00:00,AIS,POINT (13.911267 55.03395),626294000_0,0 days 00:01:00,3.5332234265710607e-06,251.26936808278302,0.0,0,6.024490404489497,55.03395,13.911267
2025-01-05 21:42:00,2025-01-05 21:42:00,Class A,626294000_0,55.0268,13.875517,Under way using engine,0.0,11.2,250.0,252.0,9274800,TRAV2,YANGTZE,Tanker,No additional information,44.0,249.0,Undefined,14.9,SUEZ,20/01/2025 18:00:00,AIS,POINT (13.875517 55.0268),626294000_0,0 days 00:07:00,-2.9444030255538316e-07,250.7780304994626,0.0,0,5.99434984187493,55.0268,13.875517
2025-01-05 21:43:00,2025-01-05 21:43:00,Class A,626294000_0,55.025767,13.870467,Under way using engine,0.0,11.2,250.0,251.0,9274800,TRAV2,YANGTZE,Tanker,No additional information,44.0,249.0,Undefined,14.9,SUEZ,20/01/2025 18:00:00,AIS,POINT (13.870467 55.025767),626294000_0,0 days 00:01:00,-8.299368592141135e-07,250.3624343245117,0.0,0,5.990106891792916,55.025767,13.870467
2025-01-05 21:44:00,2025-01-05 21:44:00,Class A,626294000_0,55.024733,13.865467,Under way using engine,0.0,11.1,250.0,252.0,9274800,TRAV2,YANGTZE,Tanker,No additional information,44.0,249.0,Undefined,14.9,SUEZ,20/01/2025 18:00:00,AIS,POINT (13.865467 55.024733),626294000_0,0 days 00:01:00,-8.236744185339372e-07,250.16402963058044,0.0,0,5.985911762651118,55.024733,13.865467
2025-01-05 21:45:00,2025-01-05 21:45:00,Class A,626294000_0,55.023717,13.860233,Under way using engine,0.0,11.2,251.0,251.0,9274800,TRAV2,YANGTZE,Tanker,No additional information,44.0,249.0,Undefined,14.9,SUEZ,20/01/2025 18:00:00,AIS,POINT (13.860233 55.023717),626294000_0,0 days 00:01:00,3.744036960423103e-06,251.29427686858855,0.0,0,5.981495760699743,55.023717,13.860233
2025-01-05 21:53:01,2025-01-05 21:53:01,Class A,626294000_0,55.015967,13.819317,Under way using engine,0.0,11.1,253.0,254.0,9274800,TRAV2,YANGTZE,Tanker,No additional information,44.0,249.0,Undefined,14.9,SUEZ,20/01/2025 18:00:00,AIS,POINT (13.819317 55.015967),626294000_0,0 days 00:08:01,-3.3254469223790467e-07,251.73351976476147,0.0,0,5.946949847922461,55.015967,13.819317
2025-01-05 21:54:01,2025-01-05 21:54:01,Class A,626294000_0,55.01505,13.8141,Under way using engine,0.0,11.1,252.0,253.0,9274800,TRAV2,YANGTZE,Tanker,No additional information,44.0,249.0,Undefined,14.9,SUEZ,20/01/2025 18:00:00,AIS,POINT (13.8141 55.01505),626294000_0,0 days 00:01:00,1.4595762814790126e-06,252.95833614877438,0.0,0,5.942523389489434,55.01505,13.8141
2025-01-05 21:55:01,2025-01-05 21:55:01,Class A,626294000_0,55.014083,13.809083,Under way using engine,0.0,11.1,251.0,253.0,9274800,TRAV2,YANGTZE,Tanker,No additional information,44.0,249.0,Undefined,14.9,SUEZ,20/01/2025 18:00:00,AIS,POINT (13.809083 55.014083),626294000_0,0 days 00:01:00,-2.9104495494183e-06,251.4213596038507,0.0,0,5.9383017715681135,55.014083,13.809083
2025-01-05 21:56:01,2025-01-05 21:56:01,Class A,626294000_0,55.013117,13.803867,Under way using engine,0.0,11.1,253.0,255.0,9274800,TRAV2,YANGTZE,Tanker,No additional information,44.0,249.0,Undefined,14.9,SUEZ,20/01/2025 18:00:00,AIS,POINT (13.803867 55.013117),626294000_0,0 days 00:01:00,3.35172575877675e-06,252.1019510070212,0.0,0,5.933898541701316,55.013117,13.803867
2025-01-05 21:58:00,2025-01-05 21:58:00,Class A,626294000_0,55.01135,13.79355,Under way using engine,0.0,11.1,253.0,253.0,9274800,TRAV2,YANGTZE,Tanker,No additional information,44.0,249.0,Undefined,14.9,SUEZ,20/01/2025 18:00:00,AIS,POINT (13.79355 55.01135),626294000_0,0 days 00:01:59,-4.6633223176922346e-07,253.37373685896864,0.0,0,5.925136273701137,55.01135,13.79355
2025-01-05 21:59:00,2025-01-05 21:59:00,Class A,626294000_0,55.010433,13.788517,Under way using engine,0.0,11.1,252.0,253.0,9274800,TRAV2,YANGTZE,Tanker,No additional information,44.0,249.0,Undefined,14.9,SUEZ,20/01/2025 18:00:00,AIS,POINT (13.788517 55.010433),626294000_0,0 days 00:01:00,-2.6282684003954327e-06,252.37503643854836,0.0,0,5.920885665408935,55.010433,13.788517
2025-01-05 22:00:00,2025-01-05 22:00:00,Class A,626294000_0,55.009483,13.783517,Under way using engine,0.0,11.1,251.0,252.0,9274800,TRAV2,YANGTZE,Tanker,No additional information,44.0,249.0,Undefined,14.9,SUEZ,20/01/2025 18:00:00,AIS,POINT (13.783517 55.009483),626294000_0,0 days 00:01:00,-2.41611580695765e-07,251.67009709790608,0.0,0,5.916679856739334,55.009483,13.783517
2025-01-05 22:01:00,2025-01-05 22:01:00,Class A,626294000_0,55.00845,13.7783,Under way using engine,0.0,11.1,251.0,253.0,9274800,TRAV2,YANGTZE,Tanker,No additional information,44.0,249.0,Undefined,14.9,SUEZ,20/01/2025 18:00:00,AIS,POINT (13.7783 55.00845),626294000_0,0 days 00:01:00,4.477035535428705e-06,250.95280414493755,0.0,0,5.912309690588695,55.00845,13.7783
2025-01-05 22:02:00,2025-01-05 22:02:00,Class A,626294000_0,55.00755,13.77325,Under way using engine,0.0,11.1,253.0,254.0,9274800,TRAV2,YANGTZE,Tanker,No additional information,44.0,249.0,Undefined,14.9,SUEZ,20/01/2025 18:00:00,AIS,POINT (13.77325 55.00755),626294000_0,0 days 00:01:00,-4.098278424524978e-06,252.7381163531614,0.0,0,5.908040913765662,55.00755,13.77325
2025-01-05 22:03:00,2025-01-05 22:03:00,Class A,626294000_0,55.00665,13.768,Under way using engine,0.0,11.1,253.0,253.0,9274800,TRAV2,YANGTZE,Tanker,No additional information,44.0,249.0,Undefined,14.9,SUEZ,20/01/2025 18:00:00,AIS,POINT (13.768 55.00665),626294000_0,0 days 00:01:00,3.4027355009224694e-06,253.35919364525557,0.0,0,5.903590252060944,55.00665,13.768
2025-01-05 22:05:00,2025-01-05 22:05:00,Class A,626294000_0,55.004817,13.757767,Under way using engine,0.0,11.1,253.0,253.0,9274800,TRAV2,YANGTZE,Tanker,No additional information,44.0,249.0,Undefined,14.9,SUEZ,20/01/2025 18:00:00,AIS,POINT (13.757767 55.004817),626294000_0,0 days 00:02:00,-1.0588870789284318e-06,252.65841927294798,0.0,0,5.894951074623519,55.004817,13.757767
2025-01-05 22:06:00,2025-01-05 22:06:00,Class A,626294000_0,55.0039,13.752717,Under way using engine,0.0,11.1,252.0,252.0,9274800,TRAV2,YANGTZE,Tanker,No additional information,44.0,249.0,Undefined,14.9,SUEZ,20/01/2025 18:00:00,AIS,POINT (13.752717 55.0039),626294000_0,0 days 00:01:00,-1.1201761888616323e-06,252.4334108081523,0.0,0,5.890694708553992,55.0039,13.752717
2025-01-05 22:07:00,2025-01-05 22:07:00,Class A,626294000_0,55.002933,13.747533,Under way using engine,0.0,11.1,251.0,252.0,9274800,TRAV2,YANGTZE,Tanker,No additional information,44.0,249.0,Undefined,14.9,SUEZ,20/01/2025 18:00:00,AIS,POINT (13.747533 55.002933),626294000_0,0 days 00:01:00,2.7418851114365013e-06,251.98540059988233,0.0,0,5.886337182604223,55.002933,13.747533
2025-01-05 22:08:00,2025-01-05 22:08:00,Class A,626294000_0,55.001967,13.742517,Under way using engine,0.0,11.1,252.0,251.0,9274800,TRAV2,YANGTZE,Tanker,No additional information,44.0,249.0,Undefined,14.9,SUEZ,20/01/2025 18:00:00,AIS,POINT (13.742517 55.001967),626294000_0,0 days 00:01:00,-2.8435980302994427e-06,251.44103330264093,0.0,0,5.882134520674021,55.001967,13.742517
2025-01-05 22:09:00,2025-01-05 22:09:00,Class A,626294000_0,55.0009,13.737333,Under way using engine,0.0,11.1,250.0,250.0,9274800,TRAV2,YANGTZE,Tanker,No additional information,44.0,249.0,Undefined,14.9,SUEZ,20/01/2025 18:00:00,AIS,POINT (13.737333 55.0009),626294000_0,0 days 00:01:00,3.846604551066658e-06,250.2611503326981,0.0,0,5.877820290741287,55.0009,13.737333
2025-01-05 22:10:00,2025-01-05 22:10:00,Class A,626294000_0,54.999867,13.732383,Under way using engine,0.0,11.1,249.0,250.0,9274800,TRAV2,YANGTZE,Tanker,No additional information,44.0,249.0,Undefined,14.9,SUEZ,20/01/2025 18:00:00,AIS,POINT (13.732383 54.999867),626294000_0,0 days 00:01:00,-4.2673658695899345e-06,250.00872141258924,0.0,0,5.8737080122669525,54.999867,13.732383
2025-01-05 22:11:00,2025-01-05 22:11:00,Class A,626294000_0,54.998733,13.72725,Under way using engine,0.0,11.2,249.0,251.0,9274800,TRAV2,YANGTZE,Tanker,No additional information,44.0,249.0,Undefined,14.9,SUEZ,20/01/2025 18:00:00,AIS,POINT (13.72725 54.998733),626294000_0,0 days 00:01:00,4.142870022099537e-06,248.9373365757466,0.0,0,5.869470651735809,54.998733,13.72725
2025-01-05 22:12:00,2025-01-05 22:12:00,Class A,626294000_0,54.9977,13.7222,Under way using engine,0.0,11.2,250.0,250.0,9274800,TRAV2,YANGTZE,Tanker,No additional information,44.0,249.0,Undefined,14.9,SUEZ,20/01/2025 18:00:00,AIS,POINT (13.7222 54.9977),626294000_0,0 days 00:01:00,-2.4654866762179648e-06,250.37512450643283,0.0,0,5.865269965059494,54.9977,13.7222
2025-01-05 22:13:00,2025-01-05 22:13:00,Class A,626294000_0,54.996667,13.717,Under way using engine,0.0,11.2,251.0,251.0,9274800,TRAV2,YANGTZE,Tanker,No additional information,44.0,249.0,Undefined,14.9,SUEZ,20/01/2025 18:00:00,AIS,POINT (13.717 54.996667),626294000_0,0 days 00:01:00,2.5185677604295353e-06,250.9002341494081,0.0,0,5.8609336645749535,54.996667,13.717
2025-01-05 22:14:00,2025-01-05 22:14:00,Class A,626294000_0,54.995583,13.711833,Under way using engine,0.0,11.1,249.0,249.0,9274800,TRAV2,YANGTZE,Tanker,No additional information,44.0,249.0,Undefined,14.9,SUEZ,20/01/2025 18:00:00,AIS,POINT (13.711833 54.995583),626294000_0,0 days 00:01:00,-2.2663425666109733e-08,249.91326212655088,0.0,0,5.856649803787912,54.995583,13.711833
2025-01-05 22:15:00,2025-01-05 22:15:00,Class A,626294000_0,54.994517,13.706833,Under way using engine,0.0,11.2,249.0,250.0,9274800,TRAV2,YANGTZE,Tanker,No additional information,44.0,249.0,Undefined,14.9,SUEZ,20/01/2025 18:00:00,AIS,POINT (13.706833 54.994517),626294000_0,0 days 00:01:00,-2.976299681442428e-06,249.61411202573635,0.0,0,5.852512866834979,54.994517,13.706833
2025-01-05 22:16:00,2025-01-05 22:16:00,Class A,626294000_0,54.993433,13.70165,Under way using engine,0.0,11.2,249.0,250.0,9274800,TRAV2,YANGTZE,Tanker,No additional information,44.0,249.0,Undefined,14.9,SUEZ,20/01/2025 18:00:00,AIS,POINT (13.70165 54.993433),626294000_0,0 days 00:01:00,3.2481836424407026e-06,249.97133305560385,0.0,0,5.848217601319909,54.993433,13.70165
2025-01-05 22:17:00,2025-01-05 22:17:00,Class A,626294000_0,54.9924,13.696617,Under way using engine,0.0,11.2,250.0,250.0,9274800,TRAV2,YANGTZE,Tanker,No additional information,44.0,249.0,Undefined,14.9,SUEZ,20/01/2025 18:00:00,AIS,POINT (13.696617 54.9924),626294000_0,0 days 00:01:00,-3.041358233788824e-06,250.3163129289109,0.0,0,5.8440402242443525,54.9924,13.696617
2025-01-05 22:19:00,2025-01-05 22:19:00,Class A,626294000_0,54.990383,13.686333,Under way using engine,0.0,11.2,251.0,250.0,9274800,TRAV2,YANGTZE,Tanker,No additional information,44.0,249.0,Undefined,14.9,SUEZ,20/01/2025 18:00:00,AIS,POINT (13.686333 54.990383),626294000_0,0 days 00:02:00,7.916740770245448e-07,251.1302585582116,0.0,0,5.835471048510907,54.990383,13.686333
2025-01-05 22:20:00,2025-01-05 22:20:00,Class A,626294000_0,54.989367,13.6813,Under way using engine,0.0,11.2,251.0,250.0,9274800,TRAV2,YANGTZE,Tanker,No additional information,44.0,249.0,Undefined,14.9,SUEZ,20/01/2025 18:00:00,AIS,POINT (13.6813 54.989367),626294000_0,0 days 00:01:00,-1.7524144150758124e-06,250.61729554056626,0.0,0,5.831291356341921,54.989367,13.6813
2025-01-05 22:21:11,2025-01-05 22:21:11,Class A,626294000_0,54.988167,13.675233,Under way using engine,0.0,11.2,250.0,249.0,9274800,TRAV2,YANGTZE,Tanker,No additional information,44.0,249.0,Undefined,14.9,SUEZ,20/01/2025 18:00:00,AIS,POINT (13.675233 54.988167),626294000_0,0 days 00:01:11,1.3203403218590067e-06,250.98125398041918,0.0,0,5.826244884105801,54.988167,13.675233
2025-01-05 22:24:09,2025-01-05 22:24:09,Class A,626294000_0,54.985117,13.659967,Under way using engine,0.0,11.2,251.0,250.0,9274800,TRAV2,YANGTZE,Tanker,No additional information,44.0,249.0,Undefined,14.9,SUEZ,20/01/2025 18:00:00,AIS,POINT (13.659967 54.985117),626294000_0,0 days 00:02:58,1.557356846618523e-07,250.80772688307593,0.0,0,5.8135690245326055,54.985117,13.659967
2025-01-05 22:29:00,2025-01-05 22:29:00,Class A,626294000_0,54.98025,13.635217,Under way using engine,0.0,11.1,251.0,250.0,9274800,TRAV2,YANGTZE,Tanker,No additional information,44.0,249.0,Undefined,14.9,SUEZ,20/01/2025 18:00:00,AIS,POINT (13.635217 54.98025),626294000_0,0 days 00:04:51,-1.9752428404035166e-07,251.09381700457908,0.0,0,5.793016129650082,54.98025,13.635217
2025-01-05 22:31:00,2025-01-05 22:31:00,Class A,626294000_0,54.978333,13.625,Under way using engine,0.0,11.1,251.0,249.0,9274800,TRAV2,YANGTZE,Tanker,No additional information,44.0,249.0,Undefined,14.9,SUEZ,20/01/2025 18:00:00,AIS,POINT (13.625 54.978333),626294000_0,0 days 00:02:00,-1.7125181836751453e-07,251.89894944334614,0.0,0,5.784504390843524,54.978333,13.625
2025-01-05 22:39:00,2025-01-05 22:39:00,Class A,626294000_0,54.9706,13.58405,Under way using engine,0.0,11.1,251.0,250.0,9274800,TRAV2,YANGTZE,Tanker,No additional information,44.0,249.0,Undefined,14.9,SUEZ,20/01/2025 18:00:00,AIS,POINT (13.58405 54.9706),626294000_0,0 days 00:08:00,3.2721130308695136e-08,251.8043623767805,0.0,0,5.7504719887961375,54.9706,13.58405
2025-01-05 22:40:00,2025-01-05 22:40:00,Class A,626294000_0,54.969633,13.578833,Under way using engine,0.0,11.1,252.0,250.0,9274800,TRAV2,YANGTZE,Tanker,No additional information,44.0,249.0,Undefined,14.9,SUEZ,20/01/2025 18:00:00,AIS,POINT (13.578833 54.969633),626294000_0,0 days 00:01:00,1.67504780353474e-06,252.10598143772543,0.0,0,5.746135917597928,54.969633,13.578833
2025-01-05 22:42:00,2025-01-05 22:42:00,Class A,626294000_0,54.9678,13.5687,Under way using engine,0.0,11.1,252.0,250.0,9274800,TRAV2,YANGTZE,Tanker,No additional information,44.0,249.0,Undefined,14.9,SUEZ,20/01/2025 18:00:00,AIS,POINT (13.5687 54.9678),626294000_0,0 days 00:02:00,-1.5109342569100676e-06,252.51275950023842,0.0,0,5.737699667813662,54.9678,13.5687
2025-01-05 22:43:00,2025-01-05 22:43:00,Class A,626294000_0,54.96685,13.563483,Under way using engine,0.0,11.1,252.0,250.0,9274800,TRAV2,YANGTZE,Tanker,No additional information,44.0,249.0,Undefined,14.9,SUEZ,20/01/2025 18:00:00,AIS,POINT (13.563483 54.96685),626294000_0,0 days 00:01:00,2.868069254366171e-06,252.40216603406083,0.0,0,5.733361247230982,54.96685,13.563483
2025-01-05 22:44:00,2025-01-05 22:44:00,Class A,626294000_0,54.965933,13.5584,Under way using engine,0.0,11.1,252.0,249.0,9274800,TRAV2,YANGTZE,Tanker,No additional information,44.0,249.0,Undefined,14.9,SUEZ,20/01/2025 18:00:00,AIS,POINT (13.5584 54.965933),626294000_0,0 days 00:01:00,-2.578404717049759e-06,252.55603623768107,0.0,0,5.729132210630857,54.965933,13.5584
2025-01-05 22:45:00,2025-01-05 22:45:00,Class A,626294000_0,54.964917,13.553217,Under way using engine,0.0,11.1,250.0,247.0,9274800,TRAV2,YANGTZE,Tanker,No additional information,44.0,249.0,Undefined,14.9,SUEZ,20/01/2025 18:00:00,AIS,POINT (13.553217 54.964917),626294000_0,0 days 00:01:00,2.6449595703723766e-06,251.1488430115865,0.0,0,5.724855586755442,54.964917,13.553217
2025-01-05 22:46:00,2025-01-05 22:46:00,Class A,626294000_0,54.96385,13.548317,Under way using engine,0.0,11.0,249.0,247.0,9274800,TRAV2,YANGTZE,Tanker,No additional information,44.0,249.0,Undefined,14.9,SUEZ,20/01/2025 18:00:00,AIS,POINT (13.548317 54.96385),626294000_0,0 days 00:01:00,-4.203108438578275e-06,249.22988039563074,0.0,0,5.720858824528535,54.96385,13.548317
2025-01-05 22:47:00,2025-01-05 22:47:00,Class A,626294000_0,54.9628,13.543183,Under way using engine,0.0,11.0,250.0,248.0,9274800,TRAV2,YANGTZE,Tanker,No additional information,44.0,249.0,Undefined,14.9,SUEZ,20/01/2025 18:00:00,AIS,POINT (13.543183 54.9628),626294000_0,0 days 00:01:00,3.729873141048512e-06,250.39405604364424,0.0,0,5.716644286926554,54.9628,13.543183
2025-01-05 22:48:00,2025-01-05 22:48:00,Class A,626294000_0,54.961783,13.53825,Under way using engine,0.0,11.0,249.0,247.0,9274800,TRAV2,YANGTZE,Tanker,No additional information,44.0,249.0,Undefined,14.9,SUEZ,20/01/2025 18:00:00,AIS,POINT (13.53825 54.961783),626294000_0,0 days 00:01:00,-3.7090753385552046e-06,250.2490069894016,0.0,0,5.712599771022648,54.961783,13.53825
2025-01-05 22:49:00,2025-01-05 22:49:00,Class A,626294000_0,54.960733,13.533133,Under way using engine,0.0,11.1,251.0,249.0,9274800,TRAV2,YANGTZE,Tanker,No additional information,44.0,249.0,Undefined,14.9,SUEZ,20/01/2025 18:00:00,AIS,POINT (13.533133 54.960733),626294000_0,0 days 00:01:00,3.4285260150065483e-06,250.33483126851735,0.0,0,5.7084039797573025,54.960733,13.533133
2025-01-05 22:50:00,2025-01-05 22:50:00,Class A,626294000_0,54.959783,13.528117,Under way using engine,0.0,11.1,251.0,248.0,9274800,TRAV2,YANGTZE,Tanker,No additional information,44.0,249.0,Undefined,14.9,SUEZ,20/01/2025 18:00:00,AIS,POINT (13.528117 54.959783),626294000_0,0 days 00:01:00,-2.7009176893725077e-06,251.7457999271778,0.0,0,5.704259137587019,54.959783,13.528117
2025-01-05 22:51:00,2025-01-05 22:51:00,Class A,626294000_0,54.958733,13.522983,Under way using engine,0.0,11.0,251.0,247.0,9274800,TRAV2,YANGTZE,Tanker,No additional information,44.0,249.0,Undefined,14.9,SUEZ,20/01/2025 18:00:00,AIS,POINT (13.522983 54.958733),626294000_0,0 days 00:01:00,2.990153589453795e-06,250.3958893623661,0.0,0,5.700051269603546,54.958733,13.522983
2025-01-05 22:52:00,2025-01-05 22:52:00,Class A,626294000_0,54.9577,13.517883,Under way using engine,0.0,11.0,250.0,248.0,9274800,TRAV2,YANGTZE,Tanker,No additional information,44.0,249.0,Undefined,14.9,SUEZ,20/01/2025 18:00:00,AIS,POINT (13.517883 54.9577),626294000_0,0 days 00:01:00,-7.434590221935735e-07,250.57097189758787,0.0,0,5.695868706637293,54.9577,13.517883
2025-01-05 22:53:00,2025-01-05 22:53:00,Class A,626294000_0,54.95675,13.5129,Under way using engine,0.0,11.0,251.0,247.0,9274800,TRAV2,YANGTZE,Tanker,No additional information,44.0,249.0,Undefined,14.9,SUEZ,20/01/2025 18:00:00,AIS,POINT (13.5129 54.95675),626294000_0,0 days 00:01:00,-2.7979367091175046e-06,251.63426952933696,0.0,0,5.691758565050788,54.95675,13.5129
2025-01-05 22:54:00,2025-01-05 22:54:00,Class A,626294000_0,54.955683,13.507833,Under way using engine,0.0,10.9,250.0,245.0,9274800,TRAV2,YANGTZE,Tanker,No additional information,44.0,249.0,Undefined,14.9,SUEZ,20/01/2025 18:00:00,AIS,POINT (13.507833 54.955683),626294000_0,0 days 00:01:00,2.6046379026343786e-06,249.8624785019727,0.0,0,5.687623621496855,54.955683,13.507833
2025-01-05 22:55:00,2025-01-05 22:55:00,Class A,626294000_0,54.9546,13.503017,Under way using engine,0.0,10.8,248.0,245.0,9274800,TRAV2,YANGTZE,Tanker,No additional information,44.0,249.0,Undefined,14.9,SUEZ,20/01/2025 18:00:00,AIS,POINT (13.503017 54.9546),626294000_0,0 days 00:01:00,-4.0007871816707254e-06,248.61563919791075,0.0,0,5.683724369089867,54.9546,13.503017
2025-01-05 22:56:00,2025-01-05 22:56:00,Class A,626294000_0,54.953483,13.49805,Under way using engine,0.0,10.8,248.0,246.0,9274800,TRAV2,YANGTZE,Tanker,No additional information,44.0,249.0,Undefined,14.9,SUEZ,20/01/2025 18:00:00,AIS,POINT (13.49805 54.953483),626294000_0,0 days 00:01:00,2.887796802739587e-06,248.61547041349087,0.0,0,5.679704568750737,54.953483,13.49805
2025-01-05 22:57:00,2025-01-05 22:57:00,Class A,626294000_0,54.952433,13.4932,Under way using engine,0.0,10.9,249.0,249.0,9274800,TRAV2,YANGTZE,Tanker,No additional information,44.0,249.0,Undefined,14.9,SUEZ,20/01/2025 18:00:00,AIS,POINT (13.4932 54.952433),626294000_0,0 days 00:01:00,-2.6838230239221447e-06,249.34527605472584,0.0,0,5.675763775042792,54.952433,13.4932
2025-01-05 22:58:00,2025-01-05 22:58:00,Class A,626294000_0,54.9515,13.488067,Under way using engine,0.0,10.9,253.0,250.0,9274800,TRAV2,YANGTZE,Tanker,No additional information,44.0,249.0,Undefined,14.9,SUEZ,20/01/2025 18:00:00,AIS,POINT (13.488067 54.9515),626294000_0,0 days 00:01:00,3.5813956547561347e-06,252.43854039572534,0.0,0,5.671518717167914,54.9515,13.488067
2025-01-05 22:59:00,2025-01-05 22:59:00,Class A,626294000_0,54.950733,13.483017,Under way using engine,0.0,11.0,255.0,250.0,9274800,TRAV2,YANGTZE,Tanker,No additional information,44.0,249.0,Undefined,14.9,SUEZ,20/01/2025 18:00:00,AIS,POINT (13.483017 54.950733),626294000_0,0 days 00:01:00,-2.846083039972624e-06,255.18797089513293,0.0,0,5.667279424966181,54.950733,13.483017
2025-01-05 23:00:00,2025-01-05 23:00:00,Class A,626294000_0,54.949867,13.477867,Under way using engine,0.0,10.9,254.0,250.0,9274800,TRAV2,YANGTZE,Tanker,No additional information,44.0,249.0,Undefined,14.9,SUEZ,20/01/2025 18:00:00,AIS,POINT (13.477867 54.949867),626294000_0,0 days 00:01:00,2.536654797354766e-06,253.6816939514192,0.0,0,5.662993500323394,54.949867,13.477867
2025-01-05 23:16:00,2025-01-05 23:16:00,Class A,626294000_0,54.9387,13.396583,Under way using engine,0.0,10.7,256.0,251.0,9274800,TRAV2,YANGTZE,Tanker,No additional information,44.0,249.0,Undefined,14.9,SUEZ,20/01/2025 18:00:00,AIS,POINT (13.396583 54.9387),626294000_0,0 days 00:16:00,-1.575003132515512e-07,256.5815890820119,0.0,0,5.594470093069585,54.9387,13.396583
2025-01-05 23:17:00,2025-01-05 23:17:00,Class A,626294000_0,54.938067,13.391533,Under way using engine,0.0,10.7,258.0,252.0,9274800,TRAV2,YANGTZE,Tanker,No additional information,44.0,249.0,Undefined,14.9,SUEZ,20/01/2025 18:00:00,AIS,POINT (13.391533 54.938067),626294000_0,0 days 00:01:00,-9.58878294161552e-07,257.69305555923313,0.0,0,5.59019844264665,54.938067,13.391533
2025-01-05 23:18:00,2025-01-05 23:18:00,Class A,626294000_0,54.937417,13.3864,Under way using engine,0.0,10.7,257.0,252.0,9274800,TRAV2,YANGTZE,Tanker,No additional information,44.0,249.0,Undefined,14.9,SUEZ,20/01/2025 18:00:00,AIS,POINT (13.3864 54.937417),626294000_0,0 days 00:01:00,1.5573205842197661e-06,257.57099277671375,0.0,0,5.585860863702925,54.937417,13.3864
2025-01-05 23:19:00,2025-01-05 23:19:00,Class A,626294000_0,54.936767,13.381483,Under way using engine,0.0,10.7,257.0,251.0,9274800,TRAV2,YANGTZE,Tanker,No additional information,44.0,249.0,Undefined,14.9,SUEZ,20/01/2025 18:00:00,AIS,POINT (13.381483 54.936767),626294000_0,0 days 00:01:00,-3.750644407471126e-06,257.043084507402,0.0,0,5.581719079814836,54.936767,13.381483
2025-01-05 23:20:00,2025-01-05 23:20:00,Class A,626294000_0,54.936117,13.37635,Under way using engine,0.0,10.7,257.0,251.0,9274800,TRAV2,YANGTZE,Tanker,No additional information,44.0,249.0,Undefined,14.9,SUEZ,20/01/2025 18:00:00,AIS,POINT (13.37635 54.936117),626294000_0,0 days 00:01:00,3.7535224943241114e-06,257.57138211743234,0.0,0,5.577384307159405,54.936117,13.37635
2025-01-05 23:21:00,2025-01-05 23:21:00,Class A,626294000_0,54.93545,13.37145,Under way using engine,0.0,10.6,256.0,252.0,9274800,TRAV2,YANGTZE,Tanker,No additional information,44.0,249.0,Undefined,14.9,SUEZ,20/01/2025 18:00:00,AIS,POINT (13.37145 54.93545),626294000_0,0 days 00:01:00,-3.926243046556754e-06,256.67199322660025,0.0,0,5.573267962562807,54.93545,13.37145
2025-01-05 23:32:00,2025-01-05 23:32:00,Class A,626294000_0,54.9256,13.319783,Under way using engine,0.0,10.0,249.0,243.0,9274800,TRAV2,YANGTZE,Tanker,No additional information,44.0,249.0,Undefined,14.9,SUEZ,20/01/2025 18:00:00,AIS,POINT (13.319783 54.9256),626294000_0,0 days 00:11:00,-1.4035593237515897e-07,251.66513513289746,0.0,0,5.531191724868157,54.9256,13.319783
2025-01-06 00:01:01,2025-01-06 00:01:01,Class A,626294000_0,54.893617,13.1832,Under way using engine,0.0,10.9,249.0,248.0,Unknown,Unknown,0,Undefined,0,0.0,0.0,Undefined,0.0,Unknown,0,AIS,POINT (13.1832 54.893617),626294000_0,0 days 00:29:01,8.339428823538181e-08,247.89297885272197,0.0,0,5.423560190930677,54.893617,13.1832
2025-01-06 00:02:01,2025-01-06 00:02:01,Class A,626294000_0,54.892433,13.178467,Under way using engine,0.0,10.9,246.0,248.0,Unknown,Unknown,0,Undefined,0,0.0,0.0,Undefined,0.0,Unknown,0,AIS,POINT (13.178467 54.892433),626294000_0,0 days 00:01:00,1.4376693159724614e-06,246.49391334170053,0.0,0,5.419891834293837,54.892433,13.178467
2025-01-06 00:03:01,2025-01-06 00:03:01,Class A,626294000_0,54.891233,13.173517,Under way using engine,0.0,10.9,247.0,248.0,Unknown,Unknown,0,Undefined,0,0.0,0.0,Undefined,0.0,Unknown,0,AIS,POINT (13.173517 54.891233),626294000_0,0 days 00:01:00,3.753473243113233e-06,247.14572390621333,0.0,0,5.41603980207356,54.891233,13.173517
2025-01-06 00:04:01,2025-01-06 00:04:01,Class A,626294000_0,54.890083,13.1687,Under way using engine,0.0,10.9,248.0,249.0,Unknown,Unknown,0,Undefined,0,0.0,0.0,Undefined,0.0,Unknown,0,AIS,POINT (13.1687 54.890083),626294000_0,0 days 00:01:00,-2.7809137795150456e-06,247.45882359347644,0.0,0,5.412285097626326,54.890083,13.1687
2025-01-06 00:06:01,2025-01-06 00:06:01,Class A,626294000_0,54.887633,13.158917,Under way using engine,0.0,11.0,247.0,249.0,Unknown,Unknown,VLADIMIR VINOGRADOV,Undefined,No additional information,44.0,250.0,Undefined,14.6,Unknown,17/01/2025 04:00:00,AIS,POINT (13.158917 54.887633),626294000_0,0 days 00:02:00,1.0659581978468052e-06,246.4750332009139,0.0,0,5.404718070468154,54.887633,13.158917
2025-01-06 00:07:01,2025-01-06 00:07:01,Class A,626294000_0,54.8864,13.153867,Under way using engine,0.0,11.1,247.0,250.0,9274800,TRAV2,YANGTZE,Tanker,No additional information,44.0,249.0,Undefined,14.9,SUEZ,20/01/2025 18:00:00,AIS,POINT (13.153867 54.8864),626294000_0,0 days 00:01:00,2.6978013631325943e-06,247.00168761947884,0.0,0,5.400800597187976,54.8864,13.153867
2025-01-06 00:08:01,2025-01-06 00:08:01,Class A,626294000_0,54.885233,13.14895,Under way using engine,0.0,11.2,247.0,249.0,9274800,TRAV2,YANGTZE,Tanker,No additional information,44.0,249.0,Undefined,14.9,SUEZ,20/01/2025 18:00:00,AIS,POINT (13.14895 54.885233),626294000_0,0 days 00:01:00,-2.9718641303212694e-06,247.58019133939393,0.0,0,5.396972931411459,54.885233,13.14895
2025-01-06 00:09:00,2025-01-06 00:09:00,Class A,626294000_0,54.88405,13.144,Under way using engine,0.0,11.3,247.0,249.0,9274800,TRAV2,YANGTZE,Tanker,No additional information,44.0,249.0,Undefined,14.9,SUEZ,20/01/2025 18:00:00,AIS,POINT (13.144 54.88405),626294000_0,0 days 00:00:59,2.3939758256312536e-06,247.44049035800947,0.0,0,5.393125382765451,54.88405,13.144
2025-01-06 00:10:00,2025-01-06 00:10:00,Class A,626294000_0,54.8828,13.138883,Under way using engine,0.0,11.3,247.0,250.0,9274800,TRAV2,YANGTZE,Tanker,No additional information,44.0,249.0,Undefined,14.9,SUEZ,20/01/2025 18:00:00,AIS,POINT (13.138883 54.8828),626294000_0,0 days 00:01:00,1.930039680084914e-06,246.9929738655474,0.0,0,5.389162701408261,54.8828,13.138883
2025-01-06 00:11:00,2025-01-06 00:11:00,Class A,626294000_0,54.881667,13.133833,Under way using engine,0.0,11.4,249.0,252.0,9274800,TRAV2,YANGTZE,Tanker,No additional information,44.0,249.0,Undefined,14.9,SUEZ,20/01/2025 18:00:00,AIS,POINT (13.133833 54.881667),626294000_0,0 days 00:01:00,-2.4663327059950303e-06,248.69581000778277,0.0,0,5.385207573118143,54.881667,13.133833
2025-01-06 00:12:00,2025-01-06 00:12:00,Class A,626294000_0,54.880567,13.128533,Under way using engine,0.0,11.4,250.0,251.0,9274800,TRAV2,YANGTZE,Tanker,No additional information,44.0,249.0,Undefined,14.9,SUEZ,20/01/2025 18:00:00,AIS,POINT (13.128533 54.880567),626294000_0,0 days 00:01:00,3.818842696684359e-06,250.1637813014298,0.0,0,5.381017634998885,54.880567,13.128533
2025-01-06 00:20:00,2025-01-06 00:20:00,Class A,626294000_0,54.871167,13.08715,Under way using engine,0.0,11.5,246.0,247.0,9274800,TRAV2,YANGTZE,Tanker,No additional information,44.0,249.0,Undefined,14.9,SUEZ,20/01/2025 18:00:00,AIS,POINT (13.08715 54.871167),626294000_0,0 days 00:08:00,-1.6149472932813487e-07,248.472963567347,0.0,0,5.34875671082991,54.871167,13.08715
2025-01-06 00:21:00,2025-01-06 00:21:00,Class A,626294000_0,54.8699,13.08215,Under way using engine,0.0,11.5,246.0,247.0,9274800,TRAV2,YANGTZE,Tanker,No additional information,44.0,249.0,Undefined,14.9,SUEZ,20/01/2025 18:00:00,AIS,POINT (13.08215 54.8699),626294000_0,0 days 00:01:00,-1.7413403330576379e-06,246.23481844621142,0.0,0,5.344929925951227,54.8699,13.08215
2025-01-06 00:22:00,2025-01-06 00:22:00,Class A,626294000_0,54.868667,13.07715,Under way using engine,0.0,11.5,246.0,244.0,9274800,TRAV2,YANGTZE,Tanker,No additional information,44.0,249.0,Undefined,14.9,SUEZ,20/01/2025 18:00:00,AIS,POINT (13.07715 54.868667),626294000_0,0 days 00:01:00,-4.156224938719512e-07,246.8050325119155,0.0,0,5.3410894489465335,54.868667,13.07715
2025-01-06 00:23:00,2025-01-06 00:23:00,Class A,626294000_0,54.867217,13.072133,Under way using engine,0.0,11.4,243.0,241.0,9274800,TRAV2,YANGTZE,Tanker,No additional information,44.0,249.0,Undefined,14.9,SUEZ,20/01/2025 18:00:00,AIS,POINT (13.072133 54.867217),626294000_0,0 days 00:01:00,3.1026170400681092e-06,243.33466971662125,0.0,0,5.337337971523727,54.867217,13.072133
2025-01-06 00:24:00,2025-01-06 00:24:00,Class A,626294000_0,54.865667,13.06745,Under way using engine,0.0,11.4,239.0,240.0,9274800,TRAV2,YANGTZE,Tanker,No additional information,44.0,249.0,Undefined,14.9,SUEZ,20/01/2025 18:00:00,AIS,POINT (13.06745 54.865667),626294000_0,0 days 00:01:00,-3.78401981777561e-06,240.09695915634563,0.0,0,5.333930797343362,54.865667,13.06745
2025-01-06 00:25:09,2025-01-06 00:25:09,Class A,626294000_0,54.863783,13.062033,Under way using engine,0.0,11.4,238.0,239.0,9274800,TRAV2,YANGTZE,Tanker,No additional information,44.0,249.0,Undefined,14.9,SUEZ,20/01/2025 18:00:00,AIS,POINT (13.062033 54.863783),626294000_0,0 days 00:01:09,1.5729119775775252e-06,238.8566265138262,0.0,0,5.330035408644957,54.863783,13.062033
2025-01-06 00:26:09,2025-01-06 00:26:09,Class A,626294000_0,54.862133,13.057233,Under way using engine,0.0,11.4,239.0,239.0,9274800,TRAV2,YANGTZE,Tanker,No additional information,44.0,249.0,Undefined,14.9,SUEZ,20/01/2025 18:00:00,AIS,POINT (13.057233 54.862133),626294000_0,0 days 00:01:00,1.5600016474708913e-06,239.15330131230132,0.0,0,5.326577343051446,54.862133,13.057233
2025-01-06 00:27:00,2025-01-06 00:27:00,Class A,626294000_0,54.8607,13.053267,Under way using engine,0.0,11.4,238.0,239.0,9274800,TRAV2,YANGTZE,Tanker,No additional information,44.0,249.0,Undefined,14.9,SUEZ,20/01/2025 18:00:00,AIS,POINT (13.053267 54.8607),626294000_0,0 days 00:00:51,-1.717788857476775e-06,237.88193855538236,0.0,0,5.323754936582449,54.8607,13.053267
2025-01-06 00:28:00,2025-01-06 00:28:00,Class A,626294000_0,54.859067,13.048633,Under way using engine,0.0,11.4,238.0,240.0,9274800,TRAV2,YANGTZE,Tanker,No additional information,44.0,249.0,Undefined,14.9,SUEZ,20/01/2025 18:00:00,AIS,POINT (13.048633 54.859067),626294000_0,0 days 00:01:00,-1.3412782017132735e-06,238.5250065111315,0.0,0,5.3204399535347635,54.859067,13.048633
2025-01-06 00:29:00,2025-01-06 00:29:00,Class A,626294000_0,54.857467,13.04395,Under way using engine,0.0,11.5,239.0,240.0,9274800,TRAV2,YANGTZE,Tanker,No additional information,44.0,249.0,Undefined,14.9,SUEZ,20/01/2025 18:00:00,AIS,POINT (13.04395 54.857467),626294000_0,0 days 00:01:00,2.2586428464562518e-07,239.30968320567177,0.0,0,5.31706866422167,54.857467,13.04395
2025-01-06 00:30:00,2025-01-06 00:30:00,Class A,626294000_0,54.855833,13.039067,Under way using engine,0.0,11.5,239.0,239.0,9274800,TRAV2,YANGTZE,Tanker,No additional information,44.0,249.0,Undefined,14.9,SUEZ,20/01/2025 18:00:00,AIS,POINT (13.039067 54.855833),626294000_0,0 days 00:01:00,3.6126753896901397e-06,239.83106710150108,0.0,0,5.313539772001807,54.855833,13.039067
2025-01-06 00:31:00,2025-01-06 00:31:00,Class A,626294000_0,54.8542,13.034417,Under way using engine,0.0,11.5,239.0,240.0,9274800,TRAV2,YANGTZE,Tanker,No additional information,44.0,249.0,Undefined,14.9,SUEZ,20/01/2025 18:00:00,AIS,POINT (13.034417 54.8542),626294000_0,0 days 00:01:00,-3.5863566367870553e-06,238.6159627813043,0.0,0,5.310218212181681,54.8542,13.034417
2025-01-06 00:32:09,2025-01-06 00:32:09,Class A,626294000_0,54.852267,13.028783,Under way using engine,0.0,11.5,238.0,239.0,9274800,TRAV2,YANGTZE,Tanker,No additional information,44.0,249.0,Undefined,14.9,SUEZ,20/01/2025 18:00:00,AIS,POINT (13.028783 54.852267),626294000_0,0 days 00:01:09,3.978126576477201e-06,239.20776758120275,0.0,0,5.306175483242994,54.852267,13.028783
2025-01-06 00:34:10,2025-01-06 00:34:10,Class A,626294000_0,54.848983,13.0193,Under way using engine,0.0,11.5,239.0,240.0,9274800,TRAV2,YANGTZE,Tanker,No additional information,44.0,249.0,Undefined,14.9,SUEZ,20/01/2025 18:00:00,AIS,POINT (13.0193 54.848983),626294000_0,0 days 00:02:01,-1.9048476300030124e-06,238.97592357497854,0.0,0,5.29939350386325,54.848983,13.0193
2025-01-06 00:35:00,2025-01-06 00:35:00,Class A,626294000_0,54.847583,13.01525,Under way using engine,0.0,11.5,239.0,240.0,9274800,TRAV2,YANGTZE,Tanker,No additional information,44.0,249.0,Undefined,14.9,SUEZ,20/01/2025 18:00:00,AIS,POINT (13.01525 54.847583),626294000_0,0 days 00:00:50,3.884748221638888e-06,239.02085943036235,0.0,0,5.296498998082412,54.847583,13.01525
2025-01-06 00:36:00,2025-01-06 00:36:00,Class A,626294000_0,54.846017,13.01055,Under way using engine,0.0,11.4,239.0,239.0,9274800,TRAV2,YANGTZE,Tanker,No additional information,44.0,249.0,Undefined,14.9,SUEZ,20/01/2025 18:00:00,AIS,POINT (13.01055 54.846017),626294000_0,0 days 00:01:00,-4.245497475150586e-06,239.94421762665036,0.0,0,5.29311430484436,54.846017,13.01055
2025-01-06 00:37:00,2025-01-06 00:37:00,Class A,626294000_0,54.844333,13.005783,Under way using engine,0.0,11.4,239.0,239.0,9274800,TRAV2,YANGTZE,Tanker,No additional information,44.0,249.0,Undefined,14.9,SUEZ,20/01/2025 18:00:00,AIS,POINT (13.005783 54.844333),626294000_0,0 days 00:01:00,2.895712381111749e-06,238.47166477641042,0.0,0,5.28972959476276,54.844333,13.005783
2025-01-06 00:38:00,2025-01-06 00:38:00,Class A,626294000_0,54.842683,13.0012,Under way using engine,0.0,11.4,238.0,240.0,9274800,TRAV2,YANGTZE,Tanker,No additional information,44.0,249.0,Undefined,14.9,SUEZ,20/01/2025 18:00:00,AIS,POINT (13.0012 54.842683),626294000_0,0 days 00:01:00,-3.342949542787397e-06,237.9861944577709,0.0,0,5.286492873691215,54.842683,13.0012
2025-01-06 00:39:00,2025-01-06 00:39:00,Class A,626294000_0,54.8411,12.99655,Under way using engine,0.0,11.4,239.0,240.0,9274800,TRAV2,YANGTZE,Tanker,No additional information,44.0,249.0,Undefined,14.9,SUEZ,20/01/2025 18:00:00,AIS,POINT (12.99655 54.8411),626294000_0,0 days 00:01:00,-4.967468408277551e-08,239.41057017053961,0.0,0,5.283167756084318,54.8411,12.99655
2025-01-06 00:40:00,2025-01-06 00:40:00,Class A,626294000_0,54.839483,12.9917,Under way using engine,0.0,11.4,240.0,241.0,9274800,TRAV2,YANGTZE,Tanker,No additional information,44.0,249.0,Undefined,14.9,SUEZ,20/01/2025 18:00:00,AIS,POINT (12.9917 54.839483),626294000_0,0 days 00:01:00,3.6154512246961764e-06,239.93259096143998,0.0,0,5.279685914558554,54.839483,12.9917
2025-01-06 00:41:00,2025-01-06 00:41:00,Class A,626294000_0,54.837933,12.986983,Under way using engine,0.0,11.4,240.0,241.0,9274800,TRAV2,YANGTZE,Tanker,No additional information,44.0,249.0,Undefined,14.9,SUEZ,20/01/2025 18:00:00,AIS,POINT (12.986983 54.837933),626294000_0,0 days 00:01:00,-3.086896084435779e-06,240.29273639867836,0.0,0,5.2762912231328745,54.837933,12.986983
2025-01-06 00:42:00,2025-01-06 00:42:00,Class A,626294000_0,54.836333,12.982117,Under way using engine,0.0,11.4,240.0,240.0,9274800,TRAV2,YANGTZE,Tanker,No additional information,44.0,249.0,Undefined,14.9,SUEZ,20/01/2025 18:00:00,AIS,POINT (12.982117 54.836333),626294000_0,0 days 00:01:00,3.0788694769030846e-06,240.27773968833844,0.0,0,5.272792409155228,54.836333,12.982117
2025-01-06 00:43:00,2025-01-06 00:43:00,Class A,626294000_0,54.834767,12.9774,Under way using engine,0.0,11.4,239.0,241.0,9274800,TRAV2,YANGTZE,Tanker,No additional information,44.0,249.0,Undefined,14.9,SUEZ,20/01/2025 18:00:00,AIS,POINT (12.9774 54.834767),626294000_0,0 days 00:01:00,-2.827444909144358e-06,240.04073446343222,0.0,0,5.2694104837778575,54.834767,12.9774
2025-01-06 00:44:00,2025-01-06 00:44:00,Class A,626294000_0,54.8332,12.9725,Under way using engine,0.0,11.4,240.0,241.0,9274800,TRAV2,YANGTZE,Tanker,No additional information,44.0,249.0,Undefined,14.9,SUEZ,20/01/2025 18:00:00,AIS,POINT (12.9725 54.8332),626294000_0,0 days 00:01:00,2.862604267959776e-06,240.96069920075504,0.0,0,5.2658712193927615,54.8332,12.9725
2025-01-06 00:45:00,2025-01-06 00:45:00,Class A,626294000_0,54.831683,12.967783,Under way using engine,0.0,11.4,241.0,241.0,9274800,TRAV2,YANGTZE,Tanker,No additional information,44.0,249.0,Undefined,14.9,SUEZ,20/01/2025 18:00:00,AIS,POINT (12.967783 54.831683),626294000_0,0 days 00:01:00,-3.6034556805039614e-06,240.82435376403367,0.0,0,5.262470750969455,54.831683,12.967783
2025-01-06 00:46:00,2025-01-06 00:46:00,Class A,626294000_0,54.830133,12.962867,Under way using engine,0.0,11.4,241.0,241.0,9274800,TRAV2,YANGTZE,Tanker,No additional information,44.0,249.0,Undefined,14.9,SUEZ,20/01/2025 18:00:00,AIS,POINT (12.962867 54.830133),626294000_0,0 days 00:01:00,3.606152304210499e-06,241.30576765632688,0.0,0,5.258914472953997,54.830133,12.962867
2025-01-06 00:55:09,2025-01-06 00:55:09,Class A,626294000_0,54.81615,12.918767,Under way using engine,0.0,11.4,240.0,240.0,9274800,TRAV2,YANGTZE,Tanker,No additional information,44.0,249.0,Undefined,14.9,SUEZ,20/01/2025 18:00:00,AIS,POINT (12.918767 54.81615),626294000_0,0 days 00:09:09,-1.9864137418119167e-07,241.19054151797025,0.0,0,5.2271695856157185,54.81615,12.918767
2025-01-06 01:05:00,2025-01-06 01:05:00,Class A,626294000_0,54.801133,12.871067,Under way using engine,0.0,11.4,241.0,238.0,9274800,TRAV2,YANGTZE,Tanker,No additional information,44.0,249.0,Undefined,14.9,SUEZ,20/01/2025 18:00:00,AIS,POINT (12.871067 54.801133),626294000_0,0 days 00:09:51,3.380876558031888e-08,241.372925367091,0.0,0,5.193025623029892,54.801133,12.871067
2025-01-06 01:06:00,2025-01-06 01:06:00,Class A,626294000_0,54.7995,12.86625,Under way using engine,0.0,11.3,239.0,237.0,9274800,TRAV2,YANGTZE,Tanker,No additional information,44.0,249.0,Undefined,14.9,SUEZ,20/01/2025 18:00:00,AIS,POINT (12.86625 54.7995),626294000_0,0 days 00:01:00,1.2679433975222616e-06,239.54140780059404,0.0,0,5.189649619553232,54.7995,12.86625
2025-01-06 01:07:00,2025-01-06 01:07:00,Class A,626294000_0,54.797817,12.861533,Under way using engine,0.0,11.3,238.0,236.0,9274800,TRAV2,YANGTZE,Tanker,No additional information,44.0,249.0,Undefined,14.9,SUEZ,20/01/2025 18:00:00,AIS,POINT (12.861533 54.797817),626294000_0,0 days 00:01:00,-7.300526373478818e-07,238.2464945637729,0.0,0,5.186388037417658,54.797817,12.861533
2025-01-06 01:08:00,2025-01-06 01:08:00,Class A,626294000_0,54.796167,12.856983,Under way using engine,0.0,11.3,237.0,236.0,9274800,TRAV2,YANGTZE,Tanker,No additional information,44.0,249.0,Undefined,14.9,SUEZ,20/01/2025 18:00:00,AIS,POINT (12.856983 54.796167),626294000_0,0 days 00:01:00,-3.0692214255013748e-06,237.8295126646937,0.0,0,5.183257776395943,54.796167,12.856983
2025-01-06 01:14:00,2025-01-06 01:14:00,Class A,626294000_0,54.78615,12.829117,Under way using engine,0.0,11.3,239.0,238.0,9274800,TRAV2,YANGTZE,Tanker,No additional information,44.0,249.0,Undefined,14.9,SUEZ,20/01/2025 18:00:00,AIS,POINT (12.829117 54.78615),626294000_0,0 days 00:06:00,2.9314826192716813e-07,238.06883585597362,0.0,0,5.164100205029527,54.78615,12.829117
2025-01-06 01:15:00,2025-01-06 01:15:00,Class A,626294000_0,54.784533,12.824283,Under way using engine,0.0,11.4,240.0,237.0,9274800,TRAV2,YANGTZE,Tanker,No additional information,44.0,249.0,Undefined,14.9,SUEZ,20/01/2025 18:00:00,AIS,POINT (12.824283 54.784533),626294000_0,0 days 00:01:00,2.0811669438106865e-06,239.88425658402775,0.0,0,5.160726446141956,54.784533,12.824283
2025-01-06 01:16:00,2025-01-06 01:16:00,Class A,626294000_0,54.782933,12.819667,Under way using engine,0.0,11.3,239.0,237.0,9274800,TRAV2,YANGTZE,Tanker,No additional information,44.0,249.0,Undefined,14.9,SUEZ,20/01/2025 18:00:00,AIS,POINT (12.819667 54.782933),626294000_0,0 days 00:01:00,-3.620688761035515e-06,238.9927184057176,0.0,0,5.157535542198911,54.782933,12.819667
2025-01-06 01:17:00,2025-01-06 01:17:00,Class A,626294000_0,54.7813,12.8149,Under way using engine,0.0,11.3,239.0,237.0,9274800,TRAV2,YANGTZE,Tanker,No additional information,44.0,249.0,Undefined,14.9,SUEZ,20/01/2025 18:00:00,AIS,POINT (12.8149 54.7813),626294000_0,0 days 00:01:00,2.8433950354862677e-06,239.29081461051055,0.0,0,5.154233324930972,54.7813,12.8149
2025-01-06 01:18:00,2025-01-06 01:18:00,Class A,626294000_0,54.7797,12.810333,Under way using engine,0.0,11.2,238.0,237.0,9274800,TRAV2,YANGTZE,Tanker,No additional information,44.0,249.0,Undefined,14.9,SUEZ,20/01/2025 18:00:00,AIS,POINT (12.810333 54.7797),626294000_0,0 days 00:01:00,-3.5877819642433627e-06,238.7240679924695,0.0,0,5.1510901576510975,54.7797,12.810333
2025-01-06 01:19:00,2025-01-06 01:19:00,Class A,626294000_0,54.778067,12.8056,Under way using engine,0.0,11.2,239.0,237.0,9274800,TRAV2,YANGTZE,Tanker,No additional information,44.0,249.0,Undefined,14.9,SUEZ,20/01/2025 18:00:00,AIS,POINT (12.8056 54.778067),626294000_0,0 days 00:01:00,3.0713063048802355e-06,239.1124340706865,0.0,0,5.147822845489926,54.778067,12.8056
2025-01-06 01:20:00,2025-01-06 01:20:00,Class A,626294000_0,54.776483,12.801,Under way using engine,0.0,11.2,240.0,238.0,9274800,TRAV2,YANGTZE,Tanker,No additional information,44.0,249.0,Undefined,14.9,SUEZ,20/01/2025 18:00:00,AIS,POINT (12.801 54.776483),626294000_0,0 days 00:01:00,-2.8149836097566786e-06,239.16289981062135,0.0,0,5.144648457920911,54.776483,12.801
2025-01-06 01:22:00,2025-01-06 01:22:00,Class A,626294000_0,54.773317,12.791633,Under way using engine,0.0,11.2,239.0,237.0,9274800,TRAV2,YANGTZE,Tanker,No additional information,44.0,249.0,Undefined,14.9,SUEZ,20/01/2025 18:00:00,AIS,POINT (12.791633 54.773317),626294000_0,0 days 00:02:00,6.369331808974025e-07,239.63381817098482,0.0,0,5.138162527953841,54.773317,12.791633
2025-01-06 01:23:00,2025-01-06 01:23:00,Class A,626294000_0,54.77175,12.787067,Under way using engine,0.0,11.2,239.0,237.0,9274800,TRAV2,YANGTZE,Tanker,No additional information,44.0,249.0,Undefined,14.9,SUEZ,20/01/2025 18:00:00,AIS,POINT (12.787067 54.77175),626294000_0,0 days 00:01:00,-2.056717346437378e-06,239.25079497013542,0.0,0,5.135016860360443,54.77175,12.787067
2025-01-06 01:24:00,2025-01-06 01:24:00,Class A,626294000_0,54.770117,12.78235,Under way using engine,0.0,11.2,239.0,237.0,9274800,TRAV2,YANGTZE,Tanker,No additional information,44.0,249.0,Undefined,14.9,SUEZ,20/01/2025 18:00:00,AIS,POINT (12.78235 54.770117),626294000_0,0 days 00:01:00,3.366532211347608e-06,239.03184978595345,0.0,0,5.131777094705888,54.770117,12.78235
2025-01-06 01:25:00,2025-01-06 01:25:00,Class A,626294000_0,54.768583,12.777767,Under way using engine,0.0,11.2,239.0,237.0,9274800,TRAV2,YANGTZE,Tanker,No additional information,44.0,249.0,Undefined,14.9,SUEZ,20/01/2025 18:00:00,AIS,POINT (12.777767 54.768583),626294000_0,0 days 00:01:00,-3.6149127060100365e-06,239.8784018889086,0.0,0,5.128605357282329,54.768583,12.777767
2025-01-06 01:26:00,2025-01-06 01:26:00,Class A,626294000_0,54.766967,12.773067,Under way using engine,0.0,11.1,239.0,237.0,9274800,TRAV2,YANGTZE,Tanker,No additional information,44.0,249.0,Undefined,14.9,SUEZ,20/01/2025 18:00:00,AIS,POINT (12.773067 54.766967),626294000_0,0 days 00:01:00,3.0901662146956467e-06,239.20681134498128,0.0,0,5.125377110291982,54.766967,12.773067
2025-01-06 01:35:00,2025-01-06 01:35:00,Class A,626294000_0,54.753583,12.730633,Under way using engine,0.0,11.2,246.0,245.0,9274800,TRAV2,YANGTZE,Tanker,No additional information,44.0,249.0,Undefined,14.9,SUEZ,20/01/2025 18:00:00,AIS,POINT (12.730633 54.753583),626294000_0,0 days 00:09:00,-1.9206204197044568e-07,241.3547885590611,0.0,0,5.095738012124348,54.753583,12.730633
2025-01-06 01:36:00,2025-01-06 01:36:00,Class A,626294000_0,54.752317,12.725567,Under way using engine,0.0,11.2,246.0,245.0,9274800,TRAV2,YANGTZE,Tanker,No additional information,44.0,249.0,Undefined,14.9,SUEZ,20/01/2025 18:00:00,AIS,POINT (12.725567 54.752317),626294000_0,0 days 00:01:00,2.6652669393212573e-06,246.58814929278628,0.0,0,5.092043294062317,54.752317,12.725567
2025-01-06 01:37:00,2025-01-06 01:37:00,Class A,626294000_0,54.751083,12.7207,Under way using engine,0.0,11.2,246.0,245.0,9274800,TRAV2,YANGTZE,Tanker,No additional information,44.0,249.0,Undefined,14.9,SUEZ,20/01/2025 18:00:00,AIS,POINT (12.7207 54.751083),626294000_0,0 days 00:01:00,-3.6559140433738954e-06,246.284851656331,0.0,0,5.088505360318293,54.751083,12.7207
2025-01-06 01:38:00,2025-01-06 01:38:00,Class A,626294000_0,54.749883,12.71565,Under way using engine,0.0,11.2,247.0,245.0,9274800,TRAV2,YANGTZE,Tanker,No additional information,44.0,249.0,Undefined,14.9,SUEZ,20/01/2025 18:00:00,AIS,POINT (12.71565 54.749883),626294000_0,0 days 00:01:00,2.60471341171453e-06,247.623745424336,0.0,0,5.084795588525464,54.749883,12.71565
2025-01-06 01:39:00,2025-01-06 01:39:00,Class A,626294000_0,54.74865,12.710617,Under way using engine,0.0,11.1,247.0,245.0,9274800,TRAV2,YANGTZE,Tanker,No additional information,44.0,249.0,Undefined,14.9,SUEZ,20/01/2025 18:00:00,AIS,POINT (12.710617 54.74865),626294000_0,0 days 00:01:00,1.1471506765971656e-07,247.00246932504012,0.0,0,5.081120004446461,54.74865,12.710617
2025-01-06 01:40:00,2025-01-06 01:40:00,Class A,626294000_0,54.747483,12.705767,Under way using engine,0.0,11.1,247.0,245.0,9274800,TRAV2,YANGTZE,Tanker,No additional information,44.0,249.0,Undefined,14.9,SUEZ,20/01/2025 18:00:00,AIS,POINT (12.705767 54.747483),626294000_0,0 days 00:01:00,-3.8057130748557142e-06,247.37112769053402,0.0,0,5.0775696118463,54.747483,12.705767
2025-01-06 01:59:01,2025-01-06 01:59:01,Class A,626294000_0,54.72545,12.611917,Under way using engine,0.0,11.0,248.0,247.0,9274800,TRAV2,YANGTZE,Tanker,No additional information,44.0,249.0,Undefined,14.9,SUEZ,20/01/2025 18:00:00,AIS,POINT (12.611917 54.72545),626294000_0,0 days 00:19:01,7.012495269620302e-08,247.90973643794726,0.0,0,5.009060304187402,54.72545,12.611917
2025-01-06 02:01:00,2025-01-06 02:01:00,Class A,626294000_0,54.723167,12.602017,Under way using engine,0.0,11.1,248.0,247.0,9274800,TRAV2,YANGTZE,Tanker,No additional information,44.0,249.0,Undefined,14.9,SUEZ,20/01/2025 18:00:00,AIS,POINT (12.602017 54.723167),626294000_0,0 days 00:01:59,4.412641082056622e-07,248.23671938907694,0.0,0,5.001865234000714,54.723167,12.602017
2025-01-06 02:02:00,2025-01-06 02:02:00,Class A,626294000_0,54.722017,12.597167,Under way using engine,0.0,11.1,247.0,247.0,9274800,TRAV2,YANGTZE,Tanker,No additional information,44.0,249.0,Undefined,14.9,SUEZ,20/01/2025 18:00:00,AIS,POINT (12.597167 54.722017),626294000_0,0 days 00:01:00,-2.359028277255449e-06,247.6808609435567,0.0,0,4.998360861543013,54.722017,12.597167
2025-01-06 02:03:00,2025-01-06 02:03:00,Class A,626294000_0,54.72085,12.592133,Under way using engine,0.0,11.0,247.0,246.0,9274800,TRAV2,YANGTZE,Tanker,No additional information,44.0,249.0,Undefined,14.9,SUEZ,20/01/2025 18:00:00,AIS,POINT (12.592133 54.72085),626294000_0,0 days 00:01:00,3.2521913730106823e-06,248.13203144079495,0.0,0,4.994712069203791,54.72085,12.592133
2025-01-06 02:04:00,2025-01-06 02:04:00,Class A,626294000_0,54.71965,12.58735,Under way using engine,0.0,11.0,246.0,245.0,9274800,TRAV2,YANGTZE,Tanker,No additional information,44.0,249.0,Undefined,14.9,SUEZ,20/01/2025 18:00:00,AIS,POINT (12.58735 54.71965),626294000_0,0 days 00:01:00,-3.7522544741958186e-06,246.5224493849358,0.0,0,4.991296138692734,54.71965,12.58735
2025-01-06 02:05:00,2025-01-06 02:05:00,Class A,626294000_0,54.71845,12.58235,Under way using engine,0.0,11.0,247.0,244.0,9274800,TRAV2,YANGTZE,Tanker,No additional information,44.0,249.0,Undefined,14.9,SUEZ,20/01/2025 18:00:00,AIS,POINT (12.58235 54.71845),626294000_0,0 days 00:01:00,3.57863351491894e-06,247.43806346013758,0.0,0,4.9876989841137185,54.71845,12.58235
2025-01-06 02:13:00,2025-01-06 02:13:00,Class A,626294000_0,54.705517,12.547383,Under way using engine,0.0,10.7,235.0,233.0,9274800,TRAV2,YANGTZE,Tanker,No additional information,44.0,249.0,Undefined,14.9,SUEZ,20/01/2025 18:00:00,AIS,POINT (12.547383 54.705517),626294000_0,0 days 00:08:00,-5.038628891507443e-07,237.38494101619204,0.0,0,4.96505531403921,54.705517,12.547383
2025-01-06 02:14:00,2025-01-06 02:14:00,Class A,626294000_0,54.703767,12.543317,Under way using engine,0.0,10.7,232.0,234.0,9274800,TRAV2,YANGTZE,Tanker,No additional information,44.0,249.0,Undefined,14.9,SUEZ,20/01/2025 18:00:00,AIS,POINT (12.543317 54.703767),626294000_0,0 days 00:01:00,-2.142011007299369e-06,233.3191353180594,0.0,0,4.962566061313946,54.703767,12.543317
2025-01-06 02:15:00,2025-01-06 02:15:00,Class A,626294000_0,54.702017,12.539,Under way using engine,0.0,10.7,236.0,238.0,9274800,TRAV2,YANGTZE,Tanker,No additional information,44.0,249.0,Undefined,14.9,SUEZ,20/01/2025 18:00:00,AIS,POINT (12.539 54.702017),626294000_0,0 days 00:01:00,3.648123611107625e-06,234.94971764055924,0.0,0,4.959867958872294,54.702017,12.539
2025-01-06 02:16:00,2025-01-06 02:16:00,Class A,626294000_0,54.700533,12.534617,Under way using engine,0.0,10.8,239.0,238.0,9274800,TRAV2,YANGTZE,Tanker,No additional information,44.0,249.0,Undefined,14.9,SUEZ,20/01/2025 18:00:00,AIS,POINT (12.534617 54.700533),626294000_0,0 days 00:01:00,-3.4428668985345393e-06,239.63392498222652,0.0,0,4.956973839979893,54.700533,12.534617
2025-01-06 02:17:00,2025-01-06 02:17:00,Class A,626294000_0,54.69895,12.5301,Under way using engine,0.0,10.8,239.0,238.0,9274800,TRAV2,YANGTZE,Tanker,No additional information,44.0,249.0,Undefined,14.9,SUEZ,20/01/2025 18:00:00,AIS,POINT (12.5301 54.69895),626294000_0,0 days 00:01:00,3.630081701341912e-06,238.76641197919895,0.0,0,4.954022923809394,54.69895,12.5301
2025-01-06 02:18:00,2025-01-06 02:18:00,Class A,626294000_0,54.697433,12.525733,Under way using engine,0.0,10.8,239.0,238.0,9274800,TRAV2,YANGTZE,Tanker,No additional information,44.0,249.0,Undefined,14.9,SUEZ,20/01/2025 18:00:00,AIS,POINT (12.525733 54.697433),626294000_0,0 days 00:01:00,-3.3515904417640773e-06,238.99080559121361,0.0,0,4.951165474240285,54.697433,12.525733
2025-01-06 02:26:00,2025-01-06 02:26:00,Class A,626294000_0,54.684667,12.490033,Under way using engine,0.0,11.0,237.0,238.0,9274800,TRAV2,YANGTZE,Tanker,No additional information,44.0,249.0,Undefined,14.9,SUEZ,20/01/2025 18:00:00,AIS,POINT (12.490033 54.684667),626294000_0,0 days 00:08:00,3.423659126340415e-07,238.27008697576974,0.0,0,4.928105243556495,54.684667,12.490033
2025-01-06 02:27:00,2025-01-06 02:27:00,Class A,626294000_0,54.683033,12.48565,Under way using engine,0.0,11.0,237.0,238.0,9274800,TRAV2,YANGTZE,Tanker,No additional information,44.0,249.0,Undefined,14.9,SUEZ,20/01/2025 18:00:00,AIS,POINT (12.48565 54.683033),626294000_0,0 days 00:01:00,-5.623483367116471e-07,237.18414811979602,0.0,0,4.9253231351849385,54.683033,12.48565
2025-01-06 02:28:00,2025-01-06 02:28:00,Class A,626294000_0,54.681383,12.481083,Under way using engine,0.0,11.0,238.0,238.0,9274800,TRAV2,YANGTZE,Tanker,No additional information,44.0,249.0,Undefined,14.9,SUEZ,20/01/2025 18:00:00,AIS,POINT (12.481083 54.681383),626294000_0,0 days 00:01:00,3.0523927702525514e-06,237.99875337709133,0.0,0,4.922398546339886,54.681383,12.481083
2025-01-06 02:29:00,2025-01-06 02:29:00,Class A,626294000_0,54.679833,12.47665,Under way using engine,0.0,11.0,238.0,238.0,9274800,TRAV2,YANGTZE,Tanker,No additional information,44.0,249.0,Undefined,14.9,SUEZ,20/01/2025 18:00:00,AIS,POINT (12.47665 54.679833),626294000_0,0 days 00:01:00,-3.6607453967347065e-06,238.83662132934776,0.0,0,4.919534464844005,54.679833,12.47665
2025-01-06 02:30:00,2025-01-06 02:30:00,Class A,626294000_0,54.678133,12.4721,Under way using engine,0.0,11.0,237.0,238.0,9274800,TRAV2,YANGTZE,Tanker,No additional information,44.0,249.0,Undefined,14.9,SUEZ,20/01/2025 18:00:00,AIS,POINT (12.4721 54.678133),626294000_0,0 days 00:01:00,4.236938300461255e-06,237.1298194641078,0.0,0,4.916657477889626,54.678133,12.4721
2025-01-06 02:31:00,2025-01-06 02:31:00,Class A,626294000_0,54.676483,12.467583,Under way using engine,0.0,10.9,238.0,238.0,9274800,TRAV2,YANGTZE,Tanker,No additional information,44.0,249.0,Undefined,14.9,SUEZ,20/01/2025 18:00:00,AIS,POINT (12.467583 54.676483),626294000_0,0 days 00:01:00,-1.326946839116143e-06,237.7177079151182,0.0,0,4.913783780307088,54.676483,12.467583
2025-01-06 02:32:00,2025-01-06 02:32:00,Class A,626294000_0,54.6749,12.463217,Under way using engine,0.0,10.9,238.0,238.0,9274800,TRAV2,YANGTZE,Tanker,No additional information,44.0,249.0,Undefined,14.9,SUEZ,20/01/2025 18:00:00,AIS,POINT (12.463217 54.6749),626294000_0,0 days 00:01:00,-3.3905188645884954e-06,237.91117859075112,0.0,0,4.911002523760907,54.6749,12.463217
2025-01-06 02:33:00,2025-01-06 02:33:00,Class A,626294000_0,54.67325,12.458767,Under way using engine,0.0,10.8,237.0,238.0,9274800,TRAV2,YANGTZE,Tanker,No additional information,44.0,249.0,Undefined,14.9,SUEZ,20/01/2025 18:00:00,AIS,POINT (12.458767 54.67325),626294000_0,0 days 00:01:00,2.3824050008040945e-06,237.33189434532812,0.0,0,4.908190745660359,54.67325,12.458767
2025-01-06 02:41:00,2025-01-06 02:41:00,Class A,626294000_0,54.660567,12.424683,Under way using engine,0.0,10.3,236.0,238.0,9274800,TRAV2,YANGTZE,Tanker,No additional information,44.0,249.0,Undefined,14.9,SUEZ,20/01/2025 18:00:00,AIS,POINT (12.424683 54.660567),626294000_0,0 days 00:08:00,-4.907532200861012e-07,237.25574484933705,0.0,0,4.886778652770044,54.660567,12.424683
2025-01-06 02:42:00,2025-01-06 02:42:00,Class A,626294000_0,54.659067,12.420533,Under way using engine,0.0,10.3,237.0,238.0,9274800,TRAV2,YANGTZE,Tanker,No additional information,44.0,249.0,Undefined,14.9,SUEZ,20/01/2025 18:00:00,AIS,POINT (12.420533 54.659067),626294000_0,0 days 00:01:00,-3.074264901529331e-06,238.00150094701547,0.0,0,4.884159063970891,54.659067,12.420533
2025-01-06 02:43:00,2025-01-06 02:43:00,Class A,626294000_0,54.657533,12.416433,Under way using engine,0.0,10.3,237.0,238.0,9274800,TRAV2,YANGTZE,Tanker,No additional information,44.0,249.0,Undefined,14.9,SUEZ,20/01/2025 18:00:00,AIS,POINT (12.416433 54.657533),626294000_0,0 days 00:01:00,-1.9140731093212545e-07,237.1066084942559,0.0,0,4.881602521499369,54.657533,12.416433
2025-01-06 02:44:00,2025-01-06 02:44:00,Class A,626294000_0,54.65595,12.412183,Under way using engine,0.0,10.3,237.0,238.0,9274800,TRAV2,YANGTZE,Tanker,No additional information,44.0,249.0,Undefined,14.9,SUEZ,20/01/2025 18:00:00,AIS,POINT (12.412183 54.65595),626294000_0,0 days 00:01:00,3.0836010616869593e-06,237.22484987877948,0.0,0,4.878951215092238,54.65595,12.412183
2025-01-06 02:45:00,2025-01-06 02:45:00,Class A,626294000_0,54.654383,12.408183,Under way using engine,0.0,10.2,235.0,237.0,9274800,TRAV2,YANGTZE,Tanker,No additional information,44.0,249.0,Undefined,14.9,SUEZ,20/01/2025 18:00:00,AIS,POINT (12.408183 54.654383),626294000_0,0 days 00:01:00,-4.0126596238695415e-06,235.89628594846857,0.0,0,4.876501370245781,54.654383,12.408183
2025-01-06 02:49:01,2025-01-06 02:49:01,Class A,626294000_0,54.648167,12.39155,Under way using engine,0.0,10.1,236.0,237.0,9274800,TRAV2,YANGTZE,Tanker,No additional information,44.0,249.0,Undefined,14.9,SUEZ,20/01/2025 18:00:00,AIS,POINT (12.39155 54.648167),626294000_0,0 days 00:04:01,4.442813515985029e-07,237.14637391164348,0.0,0,4.86617387042921,54.648167,12.39155
2025-01-06 02:51:01,2025-01-06 02:51:01,Class A,626294000_0,54.6451,12.383633,Under way using engine,0.0,9.8,237.0,239.0,9274800,TRAV2,YANGTZE,Tanker,No additional information,44.0,249.0,Undefined,14.9,SUEZ,20/01/2025 18:00:00,AIS,POINT (12.383633 54.6451),626294000_0,0 days 00:02:00,-1.4837425192056444e-06,236.20025203210946,0.0,0,4.861333981455091,54.6451,12.383633
2025-01-06 02:52:00,2025-01-06 02:52:00,Class A,626294000_0,54.6437,12.379783,Under way using engine,0.0,9.6,237.0,239.0,9274800,TRAV2,YANGTZE,Tanker,No additional information,44.0,249.0,Undefined,14.9,SUEZ,20/01/2025 18:00:00,AIS,POINT (12.379783 54.6437),626294000_0,0 days 00:00:59,-2.534744456765827e-06,237.85538439529344,0.0,0,4.858932637550143,54.6437,12.379783
2025-01-06 02:53:00,2025-01-06 02:53:00,Class A,626294000_0,54.642283,12.375867,Under way using engine,0.0,9.4,239.0,239.0,9274800,TRAV2,YANGTZE,Tanker,No additional information,44.0,249.0,Undefined,14.9,SUEZ,20/01/2025 18:00:00,AIS,POINT (12.375867 54.642283),626294000_0,0 days 00:01:00,-9.69400878439933e-08,237.98336662353523,0.0,0,4.856488521117393,54.642283,12.375867
2025-01-06 02:54:00,2025-01-06 02:54:00,Class A,626294000_0,54.640933,12.372167,Under way using engine,0.0,9.1,237.0,238.0,9274800,TRAV2,YANGTZE,Tanker,No additional information,44.0,249.0,Undefined,14.9,SUEZ,20/01/2025 18:00:00,AIS,POINT (12.372167 54.640933),626294000_0,0 days 00:01:00,-4.3806604282473415e-06,237.76997815495952,0.0,0,4.854187646975033,54.640933,12.372167
2025-01-06 02:55:00,2025-01-06 02:55:00,Class A,626294000_0,54.639633,12.368683,Under way using engine,0.0,8.7,237.0,238.0,9274800,TRAV2,YANGTZE,Tanker,No additional information,44.0,249.0,Undefined,14.9,SUEZ,20/01/2025 18:00:00,AIS,POINT (12.368683 54.639633),626294000_0,0 days 00:01:00,-4.096664268892992e-06,237.18865512809526,0.0,0,4.8520392398979,54.639633,12.368683
2025-01-06 02:56:00,2025-01-06 02:56:00,Class A,626294000_0,54.63835,12.365283,Under way using engine,0.0,8.3,237.0,238.0,9274800,TRAV2,YANGTZE,Tanker,No additional information,44.0,249.0,Undefined,14.9,SUEZ,20/01/2025 18:00:00,AIS,POINT (12.365283 54.63835),626294000_0,0 days 00:01:00,-1.5488195033742617e-06,236.89541171928025,0.0,0,4.849952545360623,54.63835,12.365283
2025-01-06 02:57:00,2025-01-06 02:57:00,Class A,626294000_0,54.63715,12.362067,Under way using engine,0.0,8.0,238.0,239.0,9274800,TRAV2,YANGTZE,Tanker,No additional information,44.0,249.0,Undefined,14.9,SUEZ,20/01/2025 18:00:00,AIS,POINT (12.362067 54.63715),626294000_0,0 days 00:01:00,-4.1634220567145885e-06,237.19017141853726,0.0,0,4.847972806461069,54.63715,12.362067
2025-01-06 03:03:00,2025-01-06 03:03:00,Class A,626294000_0,54.63045,12.3434,Under way using engine,0.0,7.0,238.0,239.0,9274800,TRAV2,YANGTZE,Tanker,No additional information,44.0,249.0,Undefined,14.9,SUEZ,20/01/2025 18:00:00,AIS,POINT (12.3434 54.63045),626294000_0,0 days 00:06:00,-4.934580891801901e-07,238.20397728966904,0.0,0,4.836363328765633,54.63045,12.3434
2025-01-06 03:04:00,2025-01-06 03:04:00,Class A,626294000_0,54.6295,12.340683,Under way using engine,0.0,6.7,239.0,238.0,9274800,TRAV2,YANGTZE,Tanker,No additional information,44.0,249.0,Undefined,14.9,SUEZ,20/01/2025 18:00:00,AIS,POINT (12.340683 54.6295),626294000_0,0 days 00:01:00,-8.716419789401443e-06,238.86752580826902,0.0,0,4.834663729904078,54.6295,12.340683
2025-01-06 03:05:00,2025-01-06 03:05:00,Class A,626294000_0,54.62855,12.338017,Under way using engine,0.0,6.3,238.0,233.0,9274800,TRAV2,YANGTZE,Tanker,No additional information,44.0,249.0,Undefined,14.9,SUEZ,20/01/2025 18:00:00,AIS,POINT (12.338017 54.62855),626294000_0,0 days 00:01:00,-7.806654424363111e-07,238.38550748295808,0.0,0,4.8330072389544405,54.62855,12.338017
2025-01-06 03:06:00,2025-01-06 03:06:00,Class A,626294000_0,54.627533,12.335717,Under way using engine,0.0,6.0,231.0,229.0,9274800,TRAV2,YANGTZE,Tanker,No additional information,44.0,249.0,Undefined,14.9,SUEZ,20/01/2025 18:00:00,AIS,POINT (12.335717 54.627533),626294000_0,0 days 00:01:00,-4.248445869899918e-06,232.62686422581652,0.0,0,4.831691142244609,54.627533,12.335717
2025-01-06 03:07:00,2025-01-06 03:07:00,Class A,626294000_0,54.6264,12.3336,Under way using engine,0.0,5.8,226.0,230.0,9274800,TRAV2,YANGTZE,Tanker,No additional information,44.0,249.0,Undefined,14.9,SUEZ,20/01/2025 18:00:00,AIS,POINT (12.3336 54.6264),626294000_0,0 days 00:01:00,-2.0880887949511258e-07,227.24744783127585,0.0,0,4.830592495919007,54.6264,12.3336
2025-01-06 03:08:00,2025-01-06 03:08:00,Class A,626294000_0,54.625333,12.331567,Under way using engine,0.0,5.7,229.0,236.0,9274800,TRAV2,YANGTZE,Tanker,No additional information,44.0,249.0,Undefined,14.9,SUEZ,20/01/2025 18:00:00,AIS,POINT (12.331567 54.625333),626294000_0,0 days 00:01:00,-2.4883775152747466e-06,227.8055124300049,0.0,0,4.8295263655606036,54.625333,12.331567
2025-01-06 03:09:01,2025-01-06 03:09:01,Class A,626294000_0,54.624383,12.3293,Under way using engine,0.0,5.7,234.0,241.0,9274800,TRAV2,YANGTZE,Tanker,No additional information,44.0,249.0,Undefined,14.9,SUEZ,20/01/2025 18:00:00,AIS,POINT (12.3293 54.624383),626294000_0,0 days 00:01:01,1.6442713074665024e-07,234.1020657747638,0.0,0,4.828202088892716,54.624383,12.3293
2025-01-06 03:10:01,2025-01-06 03:10:01,Class A,626294000_0,54.623583,12.327033,Under way using engine,0.0,5.6,239.0,245.0,9274800,TRAV2,YANGTZE,Tanker,No additional information,44.0,249.0,Undefined,14.9,SUEZ,20/01/2025 18:00:00,AIS,POINT (12.327033 54.623583),626294000_0,0 days 00:01:00,-1.743639924187019e-06,238.63678402046702,0.0,0,4.826793307798562,54.623583,12.327033
2025-01-06 03:11:01,2025-01-06 03:11:01,Class A,626294000_0,54.622883,12.324583,Under way using engine,0.0,5.5,244.0,245.0,9274800,TRAV2,YANGTZE,Tanker,No additional information,44.0,249.0,Undefined,14.9,SUEZ,20/01/2025 18:00:00,AIS,POINT (12.324583 54.622883),626294000_0,0 days 00:01:00,1.3926133233525022e-06,243.73448725267355,0.0,0,4.825177941590237,54.622883,12.324583
2025-01-06 03:12:01,2025-01-06 03:12:01,Class A,626294000_0,54.62225,12.322233,Under way using engine,0.0,5.4,244.0,243.0,9274800,TRAV2,YANGTZE,Tanker,No additional information,44.0,249.0,Undefined,14.9,SUEZ,20/01/2025 18:00:00,AIS,POINT (12.322233 54.62225),626294000_0,0 days 00:01:00,-2.5120036030788815e-06,245.05071148624666,0.0,0,4.823607363503999,54.62225,12.322233
2025-01-06 03:13:01,2025-01-06 03:13:01,Class A,626294000_0,54.62155,12.319967,Under way using engine,0.0,5.2,242.0,240.0,9274800,TRAV2,YANGTZE,Tanker,No additional information,44.0,249.0,Undefined,14.9,SUEZ,20/01/2025 18:00:00,AIS,POINT (12.319967 54.62155),626294000_0,0 days 00:01:00,-4.255423691951271e-07,241.91837417229434,0.0,0,4.822144712509778,54.62155,12.319967
2025-01-06 03:14:01,2025-01-06 03:14:01,Class A,626294000_0,54.620783,12.3179,Under way using engine,0.0,5.1,237.0,240.0,9274800,TRAV2,YANGTZE,Tanker,No additional information,44.0,249.0,Undefined,14.9,SUEZ,20/01/2025 18:00:00,AIS,POINT (12.3179 54.620783),626294000_0,0 days 00:01:00,-2.0378609137785647e-06,237.34496940941125,0.0,0,4.820884442090267,54.620783,12.3179
2025-01-06 03:16:01,2025-01-06 03:16:01,Class A,626294000_0,54.619283,12.313733,Under way using engine,0.0,5.1,238.0,241.0,9274800,TRAV2,YANGTZE,Tanker,No additional information,44.0,249.0,Undefined,14.9,SUEZ,20/01/2025 18:00:00,AIS,POINT (12.313733 54.619283),626294000_0,0 days 00:02:00,-1.437859609645439e-08,238.13181790556825,0.0,0,4.818319431545503,54.619283,12.313733
2025-01-06 03:17:01,2025-01-06 03:17:01,Class A,626294000_0,54.618533,12.311583,Under way using engine,0.0,5.1,239.0,242.0,9274800,TRAV2,YANGTZE,Tanker,No additional information,44.0,249.0,Undefined,14.9,SUEZ,20/01/2025 18:00:00,AIS,POINT (12.311583 54.618533),626294000_0,0 days 00:01:00,1.0193156688247295e-06,238.93319124858672,0.0,0,4.8169833700054445,54.618533,12.311583
2025-01-06 03:23:00,2025-01-06 03:23:00,Class A,626294000_0,54.614283,12.299033,Under way using engine,0.0,4.9,240.0,242.0,9274800,TRAV2,YANGTZE,Tanker,No additional information,44.0,249.0,Undefined,14.9,SUEZ,20/01/2025 18:00:00,AIS,POINT (12.299033 54.614283),626294000_0,0 days 00:05:59,-2.3969902586419883e-07,239.68466987734502,0.0,0,4.809125276535121,54.614283,12.299033
2025-01-06 03:24:00,2025-01-06 03:24:00,Class A,626294000_0,54.6136,12.297017,Under way using engine,0.0,4.9,239.0,242.0,9274800,TRAV2,YANGTZE,Tanker,No additional information,44.0,249.0,Undefined,14.9,SUEZ,20/01/2025 18:00:00,AIS,POINT (12.297017 54.6136),626294000_0,0 days 00:01:00,-1.6867626061518075e-06,239.67125370364437,0.0,0,4.8078653460539025,54.6136,12.297017
2025-01-06 03:30:00,2025-01-06 03:30:00,Class A,626294000_0,54.6094,12.285067,Under way using engine,0.0,4.7,237.0,242.0,9274800,TRAV2,YANGTZE,Tanker,No additional information,44.0,249.0,Undefined,14.9,SUEZ,20/01/2025 18:00:00,AIS,POINT (12.285067 54.6094),626294000_0,0 days 00:06:00,-1.7480434683821138e-08,238.75145272929714,0.0,0,4.800496739524567,54.6094,12.285067
2025-01-06 03:31:00,2025-01-06 03:31:00,Class A,626294000_0,54.608717,12.283117,Under way using engine,0.0,4.7,238.0,242.0,9274800,TRAV2,YANGTZE,Tanker,No additional information,44.0,249.0,Undefined,14.9,SUEZ,20/01/2025 18:00:00,AIS,POINT (12.283117 54.608717),626294000_0,0 days 00:01:00,-9.101173145967907e-07,238.8363251089158,0.0,0,4.7992950739254425,54.608717,12.283117
2025-01-06 03:32:00,2025-01-06 03:32:00,Class A,626294000_0,54.608,12.28115,Under way using engine,0.0,4.7,238.0,242.0,9274800,TRAV2,YANGTZE,Tanker,No additional information,44.0,249.0,Undefined,14.9,SUEZ,20/01/2025 18:00:00,AIS,POINT (12.28115 54.608),626294000_0,0 days 00:01:00,8.115290248233524e-07,237.8152156086882,0.0,0,4.798099680949639,54.608,12.28115
2025-01-06 03:33:00,2025-01-06 03:33:00,Class A,626294000_0,54.6074,12.279367,Under way using engine,0.0,4.7,237.0,242.0,9274800,TRAV2,YANGTZE,Tanker,No additional information,44.0,249.0,Undefined,14.9,SUEZ,20/01/2025 18:00:00,AIS,POINT (12.279367 54.6074),626294000_0,0 days 00:01:00,-4.6972459382887934e-06,239.84319339209458,0.0,0,4.796987872570246,54.6074,12.279367
2025-01-06 03:34:00,2025-01-06 03:34:00,Class A,626294000_0,54.606617,12.27725,Under way using engine,0.0,4.7,239.0,240.0,9274800,TRAV2,YANGTZE,Tanker,No additional information,44.0,249.0,Undefined,14.9,SUEZ,20/01/2025 18:00:00,AIS,POINT (12.27725 54.606617),626294000_0,0 days 00:01:00,8.06463077030075e-06,237.43872086113907,0.0,0,4.795709122262108,54.606617,12.27725
2025-01-06 03:35:00,2025-01-06 03:35:00,Class A,626294000_0,54.605967,12.2753,Under way using engine,0.0,4.8,239.0,233.0,9274800,TRAV2,YANGTZE,Tanker,No additional information,44.0,249.0,Undefined,14.9,SUEZ,20/01/2025 18:00:00,AIS,POINT (12.2753 54.605967),626294000_0,0 days 00:01:00,-4.694583450433665e-06,240.07973365293446,0.0,0,4.794490798504884,54.605967,12.2753
2025-01-06 03:36:00,2025-01-06 03:36:00,Class A,626294000_0,54.60515,12.2734,Under way using engine,0.0,5.1,231.0,225.0,9274800,TRAV2,YANGTZE,Tanker,No additional information,44.0,249.0,Undefined,14.9,SUEZ,20/01/2025 18:00:00,AIS,POINT (12.2734 54.60515),626294000_0,0 days 00:01:00,2.0802933362424994e-06,233.41055814282495,0.0,0,4.793410252714553,54.60515,12.2734
2025-01-06 03:37:00,2025-01-06 03:37:00,Class A,626294000_0,54.604067,12.271533,Under way using engine,0.0,5.4,223.0,217.0,9274800,TRAV2,YANGTZE,Tanker,No additional information,44.0,249.0,Undefined,14.9,SUEZ,20/01/2025 18:00:00,AIS,POINT (12.271533 54.604067),626294000_0,0 days 00:01:00,4.934571916971262e-06,224.95828773302267,0.0,0,4.792510888059515,54.604067,12.271533
2025-01-06 03:38:00,2025-01-06 03:38:00,Class A,626294000_0,54.602833,12.2699,Under way using engine,0.0,5.7,215.0,210.0,9274800,TRAV2,YANGTZE,Tanker,No additional information,44.0,249.0,Undefined,14.9,SUEZ,20/01/2025 18:00:00,AIS,POINT (12.2699 54.602833),626294000_0,0 days 00:01:00,7.399782198940838e-07,217.47156163952465,0.0,0,4.791890561071697,54.602833,12.2699
2025-01-06 03:39:00,2025-01-06 03:39:00,Class A,626294000_0,54.601383,12.268483,Under way using engine,0.0,5.9,208.0,205.0,9274800,TRAV2,YANGTZE,Tanker,No additional information,44.0,249.0,Undefined,14.9,SUEZ,20/01/2025 18:00:00,AIS,POINT (12.268483 54.601383),626294000_0,0 days 00:01:00,3.4320042395433527e-06,209.51339904958203,0.0,0,4.791572145654181,54.601383,12.268483
2025-01-06 03:40:00,2025-01-06 03:40:00,Class A,626294000_0,54.599783,12.2672,Under way using engine,0.0,6.2,203.0,200.0,9274800,TRAV2,YANGTZE,Tanker,No additional information,44.0,249.0,Undefined,14.9,SUEZ,20/01/2025 18:00:00,AIS,POINT (12.2672 54.599783),626294000_0,0 days 00:01:00,3.023592025068958e-06,204.91560050876728,0.0,0,4.791450639961555,54.599783,12.2672
2025-01-06 03:41:00,2025-01-06 03:41:00,Class A,626294000_0,54.5981,12.266167,Under way using engine,0.0,6.6,199.0,200.0,9274800,TRAV2,YANGTZE,Tanker,No additional information,44.0,249.0,Undefined,14.9,SUEZ,20/01/2025 18:00:00,AIS,POINT (12.266167 54.5981),626294000_0,0 days 00:01:00,6.734269164876217e-07,199.57393994359228,0.0,0,4.791581918425896,54.5981,12.266167
2025-01-06 03:42:00,2025-01-06 03:42:00,Class A,626294000_0,54.5962,12.265017,Under way using engine,0.0,7.1,199.0,200.0,9274800,TRAV2,YANGTZE,Tanker,No additional information,44.0,249.0,Undefined,14.9,SUEZ,20/01/2025 18:00:00,AIS,POINT (12.265017 54.5962),626294000_0,0 days 00:01:00,7.026534934436043e-06,199.32328265991615,0.0,0,4.791744296577812,54.5962,12.265017
2025-01-06 03:43:00,2025-01-06 03:43:00,Class A,626294000_0,54.5943,12.263867,Under way using engine,0.0,7.5,199.0,200.0,9274800,TRAV2,YANGTZE,Tanker,No additional information,44.0,249.0,Undefined,14.9,SUEZ,20/01/2025 18:00:00,AIS,POINT (12.263867 54.5943),626294000_0,0 days 00:01:00,3.011725123704239e-10,199.32411736811162,0.0,0,4.791907698567035,54.5943,12.263867
2025-01-06 03:58:00,2025-01-06 03:58:00,Class A,626294000_0,54.5564,12.242333,Constrained by her draught,0.0,10.7,197.0,200.0,9274800,TRAV2,YANGTZE,Tanker,No additional information,44.0,249.0,Undefined,14.9,SUEZ,20/01/2025 18:00:00,AIS,POINT (12.242333 54.5564),626294000_0,0 days 00:15:00,1.3333548391987196e-06,198.2372904748198,0.0,0,4.796518786083301,54.5564,12.242333
2025-01-06 03:59:00,2025-01-06 03:59:00,Class A,626294000_0,54.553567,12.24075,Constrained by her draught,0.0,10.9,198.0,200.0,9274800,TRAV2,YANGTZE,Tanker,No additional information,44.0,249.0,Undefined,14.9,SUEZ,20/01/2025 18:00:00,AIS,POINT (12.24075 54.553567),626294000_0,0 days 00:01:00,9.829964142145289e-06,197.9552317304814,0.0,0,4.796900764415291,54.553567,12.24075
2025-01-06 04:00:00,2025-01-06 04:00:00,Class A,626294000_0,54.550617,12.2391,Constrained by her draught,0.0,11.0,198.0,200.0,9274800,TRAV2,YANGTZE,Tanker,No additional information,44.0,249.0,Undefined,14.9,SUEZ,20/01/2025 18:00:00,AIS,POINT (12.2391 54.550617),626294000_0,0 days 00:01:00,3.8133917313439707e-06,197.97300027370076,0.0,0,4.797299505581029,54.550617,12.2391
2025-01-06 04:01:00,2025-01-06 04:01:00,Class A,626294000_0,54.547733,12.23755,Constrained by her draught,0.0,11.0,197.0,200.0,9274800,TRAV2,YANGTZE,Tanker,No additional information,44.0,249.0,Undefined,14.9,SUEZ,20/01/2025 18:00:00,AIS,POINT (12.23755 54.547733),626294000_0,0 days 00:01:00,-2.489734365754007e-06,197.3140362431426,0.0,0,4.797742598012945,54.547733,12.23755
2025-01-06 04:02:00,2025-01-06 04:02:00,Class A,626294000_0,54.544733,12.235933,Constrained by her draught,0.0,11.1,197.0,200.0,9274800,TRAV2,YANGTZE,Tanker,No additional information,44.0,249.0,Undefined,14.9,SUEZ,20/01/2025 18:00:00,AIS,POINT (12.235933 54.544733),626294000_0,0 days 00:01:00,3.7833786852501984e-06,197.36223647869343,0.0,0,4.798202077456617,54.544733,12.235933
2025-01-06 04:03:00,2025-01-06 04:03:00,Class A,626294000_0,54.541817,12.234317,Constrained by her draught,0.0,11.1,197.0,200.0,9274800,TRAV2,YANGTZE,Tanker,No additional information,44.0,249.0,Undefined,14.9,SUEZ,20/01/2025 18:00:00,AIS,POINT (12.234317 54.541817),626294000_0,0 days 00:01:00,-2.480247101901472e-06,197.8219748371925,0.0,0,4.798615209266628,54.541817,12.234317
2025-01-06 04:04:00,2025-01-06 04:04:00,Class A,626294000_0,54.5388,12.232683,Constrained by her draught,0.0,11.2,197.0,200.0,9274800,TRAV2,YANGTZE,Tanker,No additional information,44.0,249.0,Undefined,14.9,SUEZ,20/01/2025 18:00:00,AIS,POINT (12.232683 54.5388),626294000_0,0 days 00:01:00,3.0745131234203907e-06,197.44323092620382,0.0,0,4.799075703533962,54.5388,12.232683
2025-01-06 04:05:00,2025-01-06 04:05:00,Class A,626294000_0,54.535733,12.231017,Constrained by her draught,0.0,11.3,197.0,200.0,9274800,TRAV2,YANGTZE,Tanker,No additional information,44.0,249.0,Undefined,14.9,SUEZ,20/01/2025 18:00:00,AIS,POINT (12.231017 54.535733),626294000_0,0 days 00:01:00,1.6481204303659252e-06,197.4929867394246,0.0,0,4.799542328664787,54.535733,12.231017
2025-01-06 04:12:00,2025-01-06 04:12:00,Class A,626294000_0,54.514517,12.219483,Constrained by her draught,0.0,11.5,196.0,198.0,9274800,TRAV2,YANGTZE,Tanker,No additional information,44.0,249.0,Undefined,14.9,SUEZ,20/01/2025 18:00:00,AIS,POINT (12.219483 54.514517),626294000_0,0 days 00:07:00,-1.6603203816561757e-07,197.51533339747445,0.0,0,4.802830850078839,54.514517,12.219483
2025-01-06 04:13:00,2025-01-06 04:13:00,Class A,626294000_0,54.5115,12.218017,Constrained by her draught,0.0,11.4,195.0,198.0,9274800,TRAV2,YANGTZE,Tanker,No additional information,44.0,249.0,Undefined,14.9,SUEZ,20/01/2025 18:00:00,AIS,POINT (12.218017 54.5115),626294000_0,0 days 00:01:00,-1.345944551280224e-06,195.7533681775771,0.0,0,4.803448112011414,54.5115,12.218017
2025-01-06 04:14:00,2025-01-06 04:14:00,Class A,626294000_0,54.508367,12.216483,Constrained by her draught,0.0,11.4,196.0,198.0,9274800,TRAV2,YANGTZE,Tanker,No additional information,44.0,249.0,Undefined,14.9,SUEZ,20/01/2025 18:00:00,AIS,POINT (12.216483 54.508367),626294000_0,0 days 00:01:00,3.7850609231220746e-06,195.8688742418246,0.0,0,4.804082159410786,54.508367,12.216483
2025-01-06 04:15:00,2025-01-06 04:15:00,Class A,626294000_0,54.505367,12.215,Constrained by her draught,0.0,11.4,196.0,198.0,9274800,TRAV2,YANGTZE,Tanker,No additional information,44.0,249.0,Undefined,14.9,SUEZ,20/01/2025 18:00:00,AIS,POINT (12.215 54.505367),626294000_0,0 days 00:01:00,-4.205672700050475e-06,196.01474933507083,0.0,0,4.804680252768961,54.505367,12.215
2025-01-06 04:16:00,2025-01-06 04:16:00,Class A,626294000_0,54.50225,12.213483,Constrained by her draught,0.0,11.4,195.0,197.0,9274800,TRAV2,YANGTZE,Tanker,No additional information,44.0,249.0,Undefined,14.9,SUEZ,20/01/2025 18:00:00,AIS,POINT (12.213483 54.50225),626294000_0,0 days 00:01:00,3.647211181530549e-06,195.7805705490083,0.0,0,4.805323183434182,54.50225,12.213483
2025-01-06 04:17:00,2025-01-06 04:17:00,Class A,626294000_0,54.499133,12.21205,Constrained by her draught,0.0,11.4,195.0,197.0,9274800,TRAV2,YANGTZE,Tanker,No additional information,44.0,249.0,Undefined,14.9,SUEZ,20/01/2025 18:00:00,AIS,POINT (12.21205 54.499133),626294000_0,0 days 00:01:00,-4.008658488265151e-07,194.94801522431402,0.0,0,4.806035877226469,54.499133,12.21205
2025-01-06 04:18:00,2025-01-06 04:18:00,Class A,626294000_0,54.4961,12.210633,Constrained by her draught,0.0,11.4,195.0,197.0,9274800,TRAV2,YANGTZE,Tanker,No additional information,44.0,249.0,Undefined,14.9,SUEZ,20/01/2025 18:00:00,AIS,POINT (12.210633 54.4961),626294000_0,0 days 00:01:00,-2.5822428469502353e-06,195.1804532029206,0.0,0,4.806713488367079,54.4961,12.210633
2025-01-06 04:19:00,2025-01-06 04:19:00,Class A,626294000_0,54.49295,12.209183,Constrained by her draught,0.0,11.4,195.0,197.0,9274800,TRAV2,YANGTZE,Tanker,No additional information,44.0,249.0,Undefined,14.9,SUEZ,20/01/2025 18:00:00,AIS,POINT (12.209183 54.49295),626294000_0,0 days 00:01:00,3.6479512922841783e-06,194.96820737251127,0.0,0,4.807436955306851,54.49295,12.209183
2025-01-06 04:20:00,2025-01-06 04:20:00,Class A,626294000_0,54.489917,12.207783,Constrained by her draught,0.0,11.5,195.0,197.0,9274800,TRAV2,YANGTZE,Tanker,No additional information,44.0,249.0,Undefined,14.9,SUEZ,20/01/2025 18:00:00,AIS,POINT (12.207783 54.489917),626294000_0,0 days 00:01:00,-3.7268937889117668e-06,195.00875891980814,0.0,0,4.808132723320874,54.489917,12.207783
2025-01-06 04:21:00,2025-01-06 04:21:00,Class A,626294000_0,54.486867,12.206367,Constrained by her draught,0.0,11.5,194.0,197.0,9274800,TRAV2,YANGTZE,Tanker,No additional information,44.0,249.0,Undefined,14.9,SUEZ,20/01/2025 18:00:00,AIS,POINT (12.206367 54.486867),626294000_0,0 days 00:01:00,5.829313595598872e-07,195.0927971203626,0.0,0,4.808828106275481,54.486867,12.206367
2025-01-06 04:22:00,2025-01-06 04:22:00,Class A,626294000_0,54.483717,12.2049,Constrained by her draught,0.0,11.5,195.0,197.0,9274800,TRAV2,YANGTZE,Tanker,No additional information,44.0,249.0,Undefined,14.9,SUEZ,20/01/2025 18:00:00,AIS,POINT (12.2049 54.483717),626294000_0,0 days 00:01:00,3.225002203163854e-06,195.13895131791318,0.0,0,4.809544993432124,54.483717,12.2049
2025-01-06 04:23:00,2025-01-06 04:23:00,Class A,626294000_0,54.48065,12.203483,Constrained by her draught,0.0,11.5,194.0,197.0,9274800,TRAV2,YANGTZE,Tanker,No additional information,44.0,249.0,Undefined,14.9,SUEZ,20/01/2025 18:00:00,AIS,POINT (12.203483 54.48065),626294000_0,0 days 00:01:00,-2.7118820954651212e-06,195.02523017200164,0.0,0,4.810254368871777,54.48065,12.203483
2025-01-06 04:24:00,2025-01-06 04:24:00,Class A,626294000_0,54.477483,12.201967,Constrained by her draught,0.0,11.6,195.0,197.0,9274800,TRAV2,YANGTZE,Tanker,No additional information,44.0,249.0,Undefined,14.9,SUEZ,20/01/2025 18:00:00,AIS,POINT (12.201967 54.477483),626294000_0,0 days 00:01:00,3.4535945008461853e-06,195.5427702354733,0.0,0,4.81094707503055,54.477483,12.201967
2025-01-06 04:25:00,2025-01-06 04:25:00,Class A,626294000_0,54.4744,12.200533,Constrained by her draught,0.0,11.6,195.0,197.0,9274800,TRAV2,YANGTZE,Tanker,No additional information,44.0,249.0,Undefined,14.9,SUEZ,20/01/2025 18:00:00,AIS,POINT (12.200533 54.4744),626294000_0,0 days 00:01:00,-2.8952647473940407e-06,195.12415667124083,0.0,0,4.8116571406585065,54.4744,12.200533
2025-01-06 04:26:00,2025-01-06 04:26:00,Class A,626294000_0,54.471233,12.199,Constrained by her draught,0.0,11.7,195.0,197.0,9274800,TRAV2,YANGTZE,Tanker,No additional information,44.0,249.0,Undefined,14.9,SUEZ,20/01/2025 18:00:00,AIS,POINT (12.199 54.471233),626294000_0,0 days 00:01:00,2.9789267421884955e-06,195.71078564002536,0.0,0,4.812341121126807,54.471233,12.199
2025-01-06 04:27:00,2025-01-06 04:27:00,Class A,626294000_0,54.468017,12.197433,Constrained by her draught,0.0,11.7,195.0,197.0,9274800,TRAV2,YANGTZE,Tanker,No additional information,44.0,249.0,Undefined,14.9,SUEZ,20/01/2025 18:00:00,AIS,POINT (12.197433 54.468017),626294000_0,0 days 00:01:00,1.625103920977443e-06,195.81055803801107,0.0,0,4.8130300167845395,54.468017,12.197433
2025-01-06 04:28:00,2025-01-06 04:28:00,Class A,626294000_0,54.464933,12.1959,Constrained by her draught,0.0,11.7,195.0,197.0,9274800,TRAV2,YANGTZE,Tanker,No additional information,44.0,249.0,Undefined,14.9,SUEZ,20/01/2025 18:00:00,AIS,POINT (12.1959 54.464933),626294000_0,0 days 00:01:00,-4.091688381498611e-06,196.11428891630518,0.0,0,4.8136688742463365,54.464933,12.1959
2025-01-06 04:29:00,2025-01-06 04:29:00,Class A,626294000_0,54.461717,12.194333,Constrained by her draught,0.0,11.8,195.0,199.0,9274800,TRAV2,YANGTZE,Tanker,No additional information,44.0,249.0,Undefined,14.9,SUEZ,20/01/2025 18:00:00,AIS,POINT (12.194333 54.461717),626294000_0,0 days 00:01:00,4.092771790258495e-06,195.81287057224023,0.0,0,4.8143627973252086,54.461717,12.194333
2025-01-06 04:47:00,2025-01-06 04:47:00,Class A,626294000_0,54.443183,12.111067,Constrained by her draught,0.0,11.5,270.0,272.0,9274800,TRAV2,YANGTZE,Tanker,No additional information,44.0,249.0,Undefined,14.9,SUEZ,20/01/2025 18:00:00,AIS,POINT (12.111067 54.443183),626294000_0,0 days 00:18:00,-7.860058368515932e-07,249.08391980906407,0.0,0,4.759670616097822,54.443183,12.111067
2025-01-06 04:48:00,2025-01-06 04:48:00,Class A,626294000_0,54.443233,12.105667,Constrained by her draught,0.0,11.5,270.0,272.0,9274800,TRAV2,YANGTZE,Tanker,No additional information,44.0,249.0,Undefined,14.9,SUEZ,20/01/2025 18:00:00,AIS,POINT (12.105667 54.443233),626294000_0,0 days 00:01:00,8.107774786215834e-06,270.9144284842072,0.0,0,4.75538380510396,54.443233,12.105667
2025-01-06 04:49:00,2025-01-06 04:49:00,Class A,626294000_0,54.443283,12.100083,Constrained by her draught,0.0,11.5,270.0,272.0,9274800,TRAV2,YANGTZE,Tanker,No additional information,44.0,249.0,Undefined,14.9,SUEZ,20/01/2025 18:00:00,AIS,POINT (12.100083 54.443283),626294000_0,0 days 00:01:00,3.3154206433247313e-06,270.8844500211895,0.0,0,4.750954362589583,54.443283,12.100083
2025-01-06 04:50:00,2025-01-06 04:50:00,Class A,626294000_0,54.443317,12.094667,Constrained by her draught,0.0,11.5,270.0,272.0,9274800,TRAV2,YANGTZE,Tanker,No additional information,44.0,249.0,Undefined,14.9,SUEZ,20/01/2025 18:00:00,AIS,POINT (12.094667 54.443317),626294000_0,0 days 00:01:00,-3.0339142503229445e-06,270.62071785764397,0.0,0,4.7466694532487725,54.443317,12.094667
2025-01-06 04:51:00,2025-01-06 04:51:00,Class A,626294000_0,54.4434,12.089033,Constrained by her draught,0.0,11.6,271.0,272.0,9274800,TRAV2,YANGTZE,Tanker,No additional information,44.0,249.0,Undefined,14.9,SUEZ,20/01/2025 18:00:00,AIS,POINT (12.089033 54.4434),626294000_0,0 days 00:01:00,3.955291714784406e-06,271.4535198533959,0.0,0,4.742185118091662,54.4434,12.089033
2025-01-06 04:52:00,2025-01-06 04:52:00,Class A,626294000_0,54.443483,12.0836,Constrained by her draught,0.0,11.6,272.0,271.0,9274800,TRAV2,YANGTZE,Tanker,No additional information,44.0,249.0,Undefined,14.9,SUEZ,20/01/2025 18:00:00,AIS,POINT (12.0836 54.443483),626294000_0,0 days 00:01:00,-3.621297799441565e-06,271.5071067250341,0.0,0,4.7378612641135875,54.443483,12.0836
2025-01-06 04:53:00,2025-01-06 04:53:00,Class A,626294000_0,54.443433,12.078,Constrained by her draught,0.0,11.6,269.0,270.0,9274800,TRAV2,YANGTZE,Tanker,No additional information,44.0,249.0,Undefined,14.9,SUEZ,20/01/2025 18:00:00,AIS,POINT (12.078 54.443433),626294000_0,0 days 00:01:00,2.98773768195039e-06,269.1226151187652,0.0,0,4.733490742072705,54.443433,12.078
2025-01-06 04:54:00,2025-01-06 04:54:00,Class A,626294000_0,54.4434,12.07255,Constrained by her draught,0.0,11.6,269.0,270.0,9274800,TRAV2,YANGTZE,Tanker,No additional information,44.0,249.0,Undefined,14.9,SUEZ,20/01/2025 18:00:00,AIS,POINT (12.07255 54.4434),626294000_0,0 days 00:01:00,-2.7096436254964914e-06,269.4056355462617,0.0,0,4.729230081094492,54.4434,12.07255
2025-01-06 04:55:00,2025-01-06 04:55:00,Class A,626294000_0,54.443367,12.066917,Constrained by her draught,0.0,11.6,269.0,270.0,9274800,TRAV2,YANGTZE,Tanker,No additional information,44.0,249.0,Undefined,14.9,SUEZ,20/01/2025 18:00:00,AIS,POINT (12.066917 54.443367),626294000_0,0 days 00:01:00,3.2978190129935e-06,269.4250903318621,0.0,0,4.724828238159033,54.443367,12.066917
2025-01-06 04:56:00,2025-01-06 04:56:00,Class A,626294000_0,54.44335,12.061467,Constrained by her draught,0.0,11.6,269.0,270.0,9274800,TRAV2,YANGTZE,Tanker,No additional information,44.0,249.0,Undefined,14.9,SUEZ,20/01/2025 18:00:00,AIS,POINT (12.061467 54.44335),626294000_0,0 days 00:01:00,-3.301573820616282e-06,269.69487938662246,0.0,0,4.7205626303848565,54.44335,12.061467
2025-01-06 04:57:00,2025-01-06 04:57:00,Class A,626294000_0,54.443333,12.055817,Constrained by her draught,0.0,11.6,269.0,270.0,9274800,TRAV2,YANGTZE,Tanker,No additional information,44.0,249.0,Undefined,14.9,SUEZ,20/01/2025 18:00:00,AIS,POINT (12.055817 54.443333),626294000_0,0 days 00:01:00,3.6042702407046895e-06,269.7058398694138,0.0,0,4.716142675179048,54.443333,12.055817
2025-01-06 04:58:00,2025-01-06 04:58:00,Class A,626294000_0,54.443317,12.05035,Constrained by her draught,0.0,11.6,270.0,269.0,9274800,TRAV2,YANGTZE,Tanker,No additional information,44.0,249.0,Undefined,14.9,SUEZ,20/01/2025 18:00:00,AIS,POINT (12.05035 54.443317),626294000_0,0 days 00:01:00,-3.297990704141474e-06,269.71386435235985,0.0,0,4.7118681028386185,54.443317,12.05035
2025-01-06 04:59:00,2025-01-06 04:59:00,Class A,626294000_0,54.443217,12.044717,Constrained by her draught,0.0,11.6,267.0,268.0,9274800,TRAV2,YANGTZE,Tanker,No additional information,44.0,249.0,Undefined,14.9,SUEZ,20/01/2025 18:00:00,AIS,POINT (12.044717 54.443217),626294000_0,0 days 00:01:00,3.037533592019894e-06,268.2536862659734,0.0,0,4.70751826501024,54.443217,12.044717
2025-01-06 05:08:00,2025-01-06 05:08:00,Class A,626294000_0,54.442067,11.994783,Constrained by her draught,0.0,11.7,267.0,268.0,9274800,TRAV2,YANGTZE,Tanker,No additional information,44.0,249.0,Undefined,14.9,SUEZ,20/01/2025 18:00:00,AIS,POINT (11.994783 54.442067),626294000_0,0 days 00:09:00,-1.661497402261362e-07,267.75235734332125,0.0,0,4.669244297974672,54.442067,11.994783
2025-01-06 05:09:00,2025-01-06 05:09:00,Class A,626294000_0,54.441917,11.989133,Constrained by her draught,0.0,11.7,267.0,268.0,9274800,TRAV2,YANGTZE,Tanker,No additional information,44.0,249.0,Undefined,14.9,SUEZ,20/01/2025 18:00:00,AIS,POINT (11.989133 54.441917),626294000_0,0 days 00:01:00,1.8633713435714111e-06,267.38836680072427,0.0,0,4.664940008732056,54.441917,11.989133
2025-01-06 05:10:00,2025-01-06 05:10:00,Class A,626294000_0,54.441783,11.983667,Constrained by her draught,0.0,11.7,267.0,268.0,9274800,TRAV2,YANGTZE,Tanker,No additional information,44.0,249.0,Undefined,14.9,SUEZ,20/01/2025 18:00:00,AIS,POINT (11.983667 54.441783),626294000_0,0 days 00:01:00,-3.3341843353486106e-06,267.5882669740511,0.0,0,4.660771647929665,54.441783,11.983667
2025-01-06 05:11:00,2025-01-06 05:11:00,Class A,626294000_0,54.44165,11.978,Constrained by her draught,0.0,11.7,267.0,268.0,9274800,TRAV2,YANGTZE,Tanker,No additional information,44.0,249.0,Undefined,14.9,SUEZ,20/01/2025 18:00:00,AIS,POINT (11.978 54.44165),626294000_0,0 days 00:01:00,3.6184289345975e-06,267.69123715857233,0.0,0,4.6564491143175815,54.44165,11.978
2025-01-06 05:12:00,2025-01-06 05:12:00,Class A,626294000_0,54.441533,11.9725,Constrained by her draught,0.0,11.7,268.0,268.0,9274800,TRAV2,YANGTZE,Tanker,No additional information,44.0,249.0,Undefined,14.9,SUEZ,20/01/2025 18:00:00,AIS,POINT (11.9725 54.441533),626294000_0,0 days 00:01:00,-3.0261560574435137e-06,267.90726553221947,0.0,0,4.652249117028021,54.441533,11.9725
2025-01-06 05:13:00,2025-01-06 05:13:00,Class A,626294000_0,54.441383,11.966833,Constrained by her draught,0.0,11.7,267.0,268.0,9274800,TRAV2,YANGTZE,Tanker,No additional information,44.0,249.0,Undefined,14.9,SUEZ,20/01/2025 18:00:00,AIS,POINT (11.966833 54.441383),626294000_0,0 days 00:01:00,3.0492960832565007e-06,267.3962381381834,0.0,0,4.647942996531798,54.441383,11.966833
2025-01-06 05:14:00,2025-01-06 05:14:00,Class A,626294000_0,54.441233,11.961317,Constrained by her draught,0.0,11.7,266.0,267.0,9274800,TRAV2,YANGTZE,Tanker,No additional information,44.0,249.0,Undefined,14.9,SUEZ,20/01/2025 18:00:00,AIS,POINT (11.961317 54.441233),626294000_0,0 days 00:01:00,-2.718114584927692e-06,267.3249480794911,0.0,0,4.643756948209609,54.441233,11.961317
2025-01-06 05:15:00,2025-01-06 05:15:00,Class A,626294000_0,54.441017,11.95565,Constrained by her draught,0.0,11.7,267.0,272.0,9274800,TRAV2,YANGTZE,Tanker,No additional information,44.0,249.0,Undefined,14.9,SUEZ,20/01/2025 18:00:00,AIS,POINT (11.95565 54.441017),626294000_0,0 days 00:01:00,2.8318259075033974e-06,266.2523726212344,0.0,0,4.639498300953239,54.441017,11.95565
2025-01-06 05:16:00,2025-01-06 05:16:00,Class A,626294000_0,54.441133,11.950133,Constrained by her draught,0.0,11.7,271.0,272.0,9274800,TRAV2,YANGTZE,Tanker,No additional information,44.0,249.0,Undefined,14.9,SUEZ,20/01/2025 18:00:00,AIS,POINT (11.950133 54.441133),626294000_0,0 days 00:01:00,-2.856703118285176e-06,272.0729049582384,0.0,0,4.63514900823145,54.441133,11.950133
2025-01-06 05:17:00,2025-01-06 05:17:00,Class A,626294000_0,54.441183,11.944617,Constrained by her draught,0.0,11.8,270.0,270.0,9274800,TRAV2,YANGTZE,Tanker,No additional information,44.0,249.0,Undefined,14.9,SUEZ,20/01/2025 18:00:00,AIS,POINT (11.944617 54.441183),626294000_0,0 days 00:01:00,-7.08747181281851e-08,270.8952500677662,0.0,0,4.630844741960692,54.441183,11.944617
2025-01-06 05:18:00,2025-01-06 05:18:00,Class A,626294000_0,54.441167,11.9389,Constrained by her draught,0.0,11.8,269.0,270.0,9274800,TRAV2,YANGTZE,Tanker,No additional information,44.0,249.0,Undefined,14.9,SUEZ,20/01/2025 18:00:00,AIS,POINT (11.9389 54.441167),626294000_0,0 days 00:01:00,3.6116176111840487e-06,269.7265899951983,0.0,0,4.626429300891564,54.441167,11.9389
2025-01-06 05:19:00,2025-01-06 05:19:00,Class A,626294000_0,54.441183,11.933183,Constrained by her draught,0.0,11.8,270.0,272.0,9274800,TRAV2,YANGTZE,Tanker,No additional information,44.0,249.0,Undefined,14.9,SUEZ,20/01/2025 18:00:00,AIS,POINT (11.933183 54.441183),626294000_0,0 days 00:01:00,2.992397996059992e-17,270.27806089225965,0.0,0,4.621996426308548,54.441183,11.933183
2025-01-06 05:20:00,2025-01-06 05:20:00,Class A,626294000_0,54.44125,11.927633,Constrained by her draught,0.0,11.8,271.0,271.0,9274800,TRAV2,YANGTZE,Tanker,No additional information,44.0,249.0,Undefined,14.9,SUEZ,20/01/2025 18:00:00,AIS,POINT (11.927633 54.44125),626294000_0,0 days 00:01:00,-2.9895694578643567e-06,271.1914825764239,0.0,0,4.61766308269129,54.44125,11.927633
2025-01-06 05:21:00,2025-01-06 05:21:00,Class A,626294000_0,54.441283,11.921883,Constrained by her draught,0.0,11.8,270.0,271.0,9274800,TRAV2,YANGTZE,Tanker,No additional information,44.0,249.0,Undefined,14.9,SUEZ,20/01/2025 18:00:00,AIS,POINT (11.921883 54.441283),626294000_0,0 days 00:01:00,3.5879116283413833e-06,270.5677666358057,0.0,0,4.613199461264276,54.441283,11.921883
2025-01-06 05:38:01,2025-01-06 05:38:01,Class A,626294000_0,54.4424,11.825633,Constrained by her draught,0.0,11.9,273.0,275.0,9274800,TRAV2,YANGTZE,Tanker,No additional information,44.0,249.0,Undefined,14.9,SUEZ,20/01/2025 18:00:00,AIS,POINT (11.825633 54.4424),626294000_0,0 days 00:17:01,-9.851505840317165e-08,271.1824133287466,0.0,0,4.538547750795402,54.4424,11.825633
2025-01-06 05:39:01,2025-01-06 05:39:01,Class A,626294000_0,54.442667,11.819867,Constrained by her draught,0.0,11.9,274.0,275.0,9274800,TRAV2,YANGTZE,Tanker,No additional information,44.0,249.0,Undefined,14.9,SUEZ,20/01/2025 18:00:00,AIS,POINT (11.819867 54.442667),626294000_0,0 days 00:01:00,2.2839595901666747e-06,274.55515805903167,0.0,0,4.533972237222566,54.442667,11.819867
2025-01-06 05:40:00,2025-01-06 05:40:00,Class A,626294000_0,54.442933,11.814283,Constrained by her draught,0.0,11.9,274.0,275.0,9274800,TRAV2,YANGTZE,Tanker,No additional information,44.0,249.0,Undefined,14.9,SUEZ,20/01/2025 18:00:00,AIS,POINT (11.814283 54.442933),626294000_0,0 days 00:00:59,-1.5876287489320987e-06,274.6853236362038,0.0,0,4.529538950302671,54.442933,11.814283
2025-01-06 05:41:00,2025-01-06 05:41:00,Class A,626294000_0,54.4432,11.808517,Constrained by her draught,0.0,11.9,274.0,274.0,9274800,TRAV2,YANGTZE,Tanker,No additional information,44.0,249.0,Undefined,14.9,SUEZ,20/01/2025 18:00:00,AIS,POINT (11.808517 54.4432),626294000_0,0 days 00:01:00,1.559823292815411e-06,274.55521707741804,0.0,0,4.524968821636898,54.4432,11.808517
2025-01-06 05:42:00,2025-01-06 05:42:00,Class A,626294000_0,54.443417,11.802917,Constrained by her draught,0.0,11.9,273.0,274.0,9274800,TRAV2,YANGTZE,Tanker,No additional information,44.0,249.0,Undefined,14.9,SUEZ,20/01/2025 18:00:00,AIS,POINT (11.802917 54.443417),626294000_0,0 days 00:01:00,-3.0968030851815744e-06,273.8146642187136,0.0,0,4.520560302861254,54.443417,11.802917
2025-01-06 05:43:00,2025-01-06 05:43:00,Class A,626294000_0,54.44365,11.797167,Constrained by her draught,0.0,11.9,274.0,275.0,9274800,TRAV2,YANGTZE,Tanker,No additional information,44.0,249.0,Undefined,14.9,SUEZ,20/01/2025 18:00:00,AIS,POINT (11.797167 54.44365),626294000_0,0 days 00:01:00,2.72998543210997e-06,273.9885084442169,0.0,0,4.516029852756292,54.44365,11.797167
2025-01-06 05:44:00,2025-01-06 05:44:00,Class A,626294000_0,54.4439,11.791567,Constrained by her draught,0.0,11.9,274.0,275.0,9274800,TRAV2,YANGTZE,Tanker,No additional information,44.0,249.0,Undefined,14.9,SUEZ,20/01/2025 18:00:00,AIS,POINT (11.791567 54.4439),626294000_0,0 days 00:01:00,-2.658317705557566e-06,274.39236020823506,0.0,0,4.51160529614305,54.4439,11.791567
2025-01-06 05:45:00,2025-01-06 05:45:00,Class A,626294000_0,54.444167,11.785783,Constrained by her draught,0.0,11.9,274.0,275.0,9274800,TRAV2,YANGTZE,Tanker,No additional information,44.0,249.0,Undefined,14.9,SUEZ,20/01/2025 18:00:00,AIS,POINT (11.785783 54.444167),626294000_0,0 days 00:01:00,3.3460590309518917e-06,274.541221754158,0.0,0,4.507032414412948,54.444167,11.785783
2025-01-06 05:46:00,2025-01-06 05:46:00,Class A,626294000_0,54.444417,11.7802,Constrained by her draught,0.0,12.0,274.0,275.0,9274800,TRAV2,YANGTZE,Tanker,No additional information,44.0,249.0,Undefined,14.9,SUEZ,20/01/2025 18:00:00,AIS,POINT (11.7802 54.444417),626294000_0,0 days 00:01:00,-3.652785513890503e-06,274.40572379857593,0.0,0,4.502626121703645,54.444417,11.7802
2025-01-06 05:47:00,2025-01-06 05:47:00,Class A,626294000_0,54.4447,11.774617,Constrained by her draught,0.0,12.0,274.0,275.0,9274800,TRAV2,YANGTZE,Tanker,No additional information,44.0,249.0,Undefined,14.9,SUEZ,20/01/2025 18:00:00,AIS,POINT (11.774617 54.4447),626294000_0,0 days 00:01:00,8.263998427405818e-08,274.9842558504308,0.0,0,4.498200985236878,54.4447,11.774617
2025-01-06 05:48:00,2025-01-06 05:48:00,Class A,626294000_0,54.44495,11.768817,Constrained by her draught,0.0,12.0,274.0,275.0,9274800,TRAV2,YANGTZE,Tanker,No additional information,44.0,249.0,Undefined,14.9,SUEZ,20/01/2025 18:00:00,AIS,POINT (11.768817 54.44495),626294000_0,0 days 00:01:00,3.8154959264278135e-06,274.2417294158797,0.0,0,4.493635256469534,54.44495,11.768817
2025-01-06 05:49:00,2025-01-06 05:49:00,Class A,626294000_0,54.445183,11.763017,Constrained by her draught,0.0,11.9,273.0,275.0,9274800,TRAV2,YANGTZE,Tanker,No additional information,44.0,249.0,Undefined,14.9,SUEZ,20/01/2025 18:00:00,AIS,POINT (11.763017 54.445183),626294000_0,0 days 00:01:00,-3.8071730965574e-08,273.9544221199673,0.0,0,4.489083472975859,54.445183,11.763017
2025-01-06 05:50:00,2025-01-06 05:50:00,Class A,626294000_0,54.445433,11.75745,Constrained by her draught,0.0,11.9,275.0,278.0,9274800,TRAV2,YANGTZE,Tanker,No additional information,44.0,249.0,Undefined,14.9,SUEZ,20/01/2025 18:00:00,AIS,POINT (11.75745 54.445433),626294000_0,0 days 00:01:00,-4.15002597640588e-06,274.41843232919393,0.0,0,4.484700068854995,54.445433,11.75745
2025-01-06 05:51:00,2025-01-06 05:51:00,Class A,626294000_0,54.44595,11.751733,Constrained by her draught,0.0,11.9,280.0,284.0,9274800,TRAV2,YANGTZE,Tanker,No additional information,44.0,249.0,Undefined,14.9,SUEZ,20/01/2025 18:00:00,AIS,POINT (11.751733 54.44595),626294000_0,0 days 00:01:00,3.637611248377938e-06,278.84226186596186,0.0,0,4.480031353154795,54.44595,11.751733
2025-01-06 05:52:00,2025-01-06 05:52:00,Class A,626294000_0,54.4467,11.7463,Constrained by her draught,0.0,12.0,284.0,286.0,9274800,TRAV2,YANGTZE,Tanker,No additional information,44.0,249.0,Undefined,14.9,SUEZ,20/01/2025 18:00:00,AIS,POINT (11.7463 54.4467),626294000_0,0 days 00:01:00,-3.6431116474215796e-06,283.3575084693401,0.0,0,4.4754278208266305,54.4467,11.7463
2025-01-06 05:53:00,2025-01-06 05:53:00,Class A,626294000_0,54.4476,11.7407,Constrained by her draught,0.0,12.0,286.0,288.0,9274800,TRAV2,YANGTZE,Tanker,No additional information,44.0,249.0,Undefined,14.9,SUEZ,20/01/2025 18:00:00,AIS,POINT (11.7407 54.4476),626294000_0,0 days 00:01:00,4.06511089834307e-06,285.4531223197662,0.0,0,4.4706018418138065,54.4476,11.7407
2025-01-06 05:54:00,2025-01-06 05:54:00,Class A,626294000_0,54.4486,11.735333,Constrained by her draught,0.0,12.0,287.0,289.0,9274800,TRAV2,YANGTZE,Tanker,No additional information,44.0,249.0,Undefined,14.9,SUEZ,20/01/2025 18:00:00,AIS,POINT (11.735333 54.4486),626294000_0,0 days 00:01:00,-3.144934363771198e-06,287.77035884735307,0.0,0,4.465888569282715,54.4486,11.735333
2025-01-06 05:55:00,2025-01-06 05:55:00,Class A,626294000_0,54.449633,11.729983,Constrained by her draught,0.0,12.0,288.0,289.0,9274800,TRAV2,YANGTZE,Tanker,No additional information,44.0,249.0,Undefined,14.9,SUEZ,20/01/2025 18:00:00,AIS,POINT (11.729983 54.449633),626294000_0,0 days 00:01:00,2.2284872385344828e-08,288.37284898487246,0.0,0,4.461168232258117,54.449633,11.729983
2025-01-06 05:56:00,2025-01-06 05:56:00,Class A,626294000_0,54.450717,11.724467,Constrained by her draught,0.0,12.0,289.0,290.0,9274800,TRAV2,YANGTZE,Tanker,No additional information,44.0,249.0,Undefined,14.9,SUEZ,20/01/2025 18:00:00,AIS,POINT (11.724467 54.450717),626294000_0,0 days 00:01:00,3.3343583188590214e-06,288.6777094848173,0.0,0,4.456290754473391,54.450717,11.724467
2025-01-06 05:57:00,2025-01-06 05:57:00,Class A,626294000_0,54.451817,11.719133,Constrained by her draught,0.0,12.0,289.0,290.0,9274800,TRAV2,YANGTZE,Tanker,No additional information,44.0,249.0,Undefined,14.9,SUEZ,20/01/2025 18:00:00,AIS,POINT (11.719133 54.451817),626294000_0,0 days 00:01:00,-2.940440307193833e-06,289.5320588269729,0.0,0,4.451541926419317,54.451817,11.719133
2025-01-06 05:58:00,2025-01-06 05:58:00,Class A,626294000_0,54.452967,11.713633,Constrained by her draught,0.0,12.0,289.0,290.0,9274800,TRAV2,YANGTZE,Tanker,No additional information,44.0,249.0,Undefined,14.9,SUEZ,20/01/2025 18:00:00,AIS,POINT (11.713633 54.452967),626294000_0,0 days 00:01:00,3.3338470007659905e-06,289.7831735337922,0.0,0,4.446636636017047,54.452967,11.713633
2025-01-06 05:59:00,2025-01-06 05:59:00,Class A,626294000_0,54.454033,11.7083,Constrained by her draught,0.0,12.0,289.0,291.0,9274800,TRAV2,YANGTZE,Tanker,No additional information,44.0,249.0,Undefined,14.9,SUEZ,20/01/2025 18:00:00,AIS,POINT (11.7083 54.454033),626294000_0,0 days 00:01:00,-3.7017345946572035e-06,288.9764374152278,0.0,0,4.441914138081463,54.454033,11.7083
2025-01-06 06:00:00,2025-01-06 06:00:00,Class A,626294000_0,54.455183,11.702817,Constrained by her draught,0.0,12.0,289.0,292.0,9274800,TRAV2,YANGTZE,Tanker,No additional information,44.0,249.0,Undefined,14.9,SUEZ,20/01/2025 18:00:00,AIS,POINT (11.702817 54.455183),626294000_0,0 days 00:01:00,3.4084724978520124e-06,289.84070869125617,0.0,0,4.437025019057816,54.455183,11.702817
2025-01-06 06:01:00,2025-01-06 06:01:00,Class A,626294000_0,54.456417,11.697367,Constrained by her draught,0.0,12.0,291.0,292.0,9274800,TRAV2,YANGTZE,Tanker,No additional information,44.0,249.0,Undefined,14.9,SUEZ,20/01/2025 18:00:00,AIS,POINT (11.697367 54.456417),626294000_0,0 days 00:01:00,3.508312315727979e-07,291.28258860043354,0.0,0,4.432107200351204,54.456417,11.697367
2025-01-06 06:23:00,2025-01-06 06:23:00,Class A,626294000_0,54.48505,11.579283,Constrained by her draught,0.0,12.3,293.0,294.0,9274800,TRAV2,YANGTZE,Tanker,No additional information,44.0,249.0,Undefined,14.9,SUEZ,20/01/2025 18:00:00,AIS,POINT (11.579283 54.48505),626294000_0,0 days 00:22:00,-2.87805631844342e-08,292.69706310075185,0.0,0,4.324687768527342,54.48505,11.579283
2025-01-06 06:24:00,2025-01-06 06:24:00,Class A,626294000_0,54.486367,11.573967,Constrained by her draught,0.0,12.3,293.0,294.0,9274800,TRAV2,YANGTZE,Tanker,No additional information,44.0,249.0,Undefined,14.9,SUEZ,20/01/2025 18:00:00,AIS,POINT (11.573967 54.486367),626294000_0,0 days 00:01:00,-7.003401620972229e-07,293.099263985174,0.0,0,4.319850750026556,54.486367,11.573967
2025-01-06 06:25:00,2025-01-06 06:25:00,Class A,626294000_0,54.487767,11.5685,Constrained by her draught,0.0,12.3,293.0,294.0,9274800,TRAV2,YANGTZE,Tanker,No additional information,44.0,249.0,Undefined,14.9,SUEZ,20/01/2025 18:00:00,AIS,POINT (11.5685 54.487767),626294000_0,0 days 00:01:00,3.5110747357428492e-06,293.7923471308642,0.0,0,4.314847463462413,54.487767,11.5685
2025-01-06 06:26:00,2025-01-06 06:26:00,Class A,626294000_0,54.489133,11.563217,Constrained by her draught,0.0,12.3,294.0,294.0,9274800,TRAV2,YANGTZE,Tanker,No additional information,44.0,249.0,Undefined,14.9,SUEZ,20/01/2025 18:00:00,AIS,POINT (11.563217 54.489133),626294000_0,0 days 00:01:00,-3.4576065242147903e-06,293.9977485715563,0.0,0,4.3100052991434925,54.489133,11.563217
2025-01-06 06:34:01,2025-01-06 06:34:01,Class A,626294000_0,54.500483,11.520333,Constrained by her draught,0.0,12.3,295.0,295.0,9274800,TRAV2,YANGTZE,Tanker,No additional information,44.0,249.0,Undefined,14.9,SUEZ,20/01/2025 18:00:00,AIS,POINT (11.520333 54.500483),626294000_0,0 days 00:08:01,2.1294888627155815e-07,294.51682281994374,0.0,0,4.347061562120554,54.500483,11.520333
2025-01-06 06:35:01,2025-01-06 06:35:01,Class A,626294000_0,54.501967,11.514917,Constrained by her draught,0.0,12.3,294.0,295.0,9274800,TRAV2,YANGTZE,Tanker,No additional information,44.0,249.0,Undefined,14.9,SUEZ,20/01/2025 18:00:00,AIS,POINT (11.514917 54.501967),626294000_0,0 days 00:01:00,1.9603857499372993e-06,295.2630089650587,0.0,0,4.351811725084852,54.501967,11.514917
2025-01-06 06:36:01,2025-01-06 06:36:01,Class A,626294000_0,54.503367,11.509633,Constrained by her draught,0.0,12.3,294.0,295.0,9274800,TRAV2,YANGTZE,Tanker,No additional information,44.0,249.0,Undefined,14.9,SUEZ,20/01/2025 18:00:00,AIS,POINT (11.509633 54.503367),626294000_0,0 days 00:01:00,-3.2500014963723956e-06,294.52882009688847,0.0,0,4.3564619673824785,54.503367,11.509633
2025-01-06 06:37:01,2025-01-06 06:37:01,Class A,626294000_0,54.504833,11.5042,Constrained by her draught,0.0,12.3,295.0,295.0,9274800,TRAV2,YANGTZE,Tanker,No additional information,44.0,249.0,Undefined,14.9,SUEZ,20/01/2025 18:00:00,AIS,POINT (11.5042 54.504833),626294000_0,0 days 00:01:00,3.2853692834652286e-06,294.9270659158219,0.0,0,4.361237640698452,54.504833,11.5042
2025-01-06 06:38:01,2025-01-06 06:38:01,Class A,626294000_0,54.506333,11.498817,Constrained by her draught,0.0,12.3,295.0,295.0,9274800,TRAV2,YANGTZE,Tanker,No additional information,44.0,249.0,Undefined,14.9,SUEZ,20/01/2025 18:00:00,AIS,POINT (11.498817 54.506333),626294000_0,0 days 00:01:00,-3.6893594386826734e-07,295.63964296317556,0.0,0,4.365957658246584,54.506333,11.498817
2025-01-06 06:39:01,2025-01-06 06:39:01,Class A,626294000_0,54.507783,11.493583,Constrained by her draught,0.0,12.3,295.0,295.0,9274800,TRAV2,YANGTZE,Tanker,No additional information,44.0,249.0,Undefined,14.9,SUEZ,20/01/2025 18:00:00,AIS,POINT (11.493583 54.507783),626294000_0,0 days 00:01:00,-3.0886709476773273e-06,295.5102906921549,0.0,0,4.370551432195485,54.507783,11.493583
2025-01-06 06:40:01,2025-01-06 06:40:01,Class A,626294000_0,54.50925,11.48815,Constrained by her draught,0.0,12.3,295.0,295.0,9274800,TRAV2,YANGTZE,Tanker,No additional information,44.0,249.0,Undefined,14.9,SUEZ,20/01/2025 18:00:00,AIS,POINT (11.48815 54.50925),626294000_0,0 days 00:01:00,3.461067494078283e-06,294.94436891831555,0.0,0,4.375332849012519,54.50925,11.48815
2025-01-06 06:41:01,2025-01-06 06:41:01,Class A,626294000_0,54.5107,11.482917,Constrained by her draught,0.0,12.4,295.0,295.0,9274800,TRAV2,YANGTZE,Tanker,No additional information,44.0,249.0,Undefined,14.9,SUEZ,20/01/2025 18:00:00,AIS,POINT (11.482917 54.5107),626294000_0,0 days 00:01:00,-3.483359917148011e-06,295.51613580890086,0.0,0,4.379929544730714,54.5107,11.482917
2025-01-06 06:42:00,2025-01-06 06:42:00,Class A,626294000_0,54.512133,11.47765,Constrained by her draught,0.0,12.3,295.0,295.0,9274800,TRAV2,YANGTZE,Tanker,No additional information,44.0,249.0,Undefined,14.9,SUEZ,20/01/2025 18:00:00,AIS,POINT (11.47765 54.512133),626294000_0,0 days 00:00:59,2.1345003340242457e-06,295.11236052562714,0.0,0,4.38456558869234,54.512133,11.47765
2025-01-06 06:43:00,2025-01-06 06:43:00,Class A,626294000_0,54.513567,11.4722,Constrained by her draught,0.0,12.3,294.0,294.0,9274800,TRAV2,YANGTZE,Tanker,No additional information,44.0,249.0,Undefined,14.9,SUEZ,20/01/2025 18:00:00,AIS,POINT (11.4722 54.513567),626294000_0,0 days 00:01:00,1.2281213503164205e-06,294.3844993154142,0.0,0,4.389378626278324,54.513567,11.4722
2025-01-06 06:44:00,2025-01-06 06:44:00,Class A,626294000_0,54.51495,11.4669,Constrained by her draught,0.0,12.3,294.0,296.0,9274800,TRAV2,YANGTZE,Tanker,No additional information,44.0,249.0,Undefined,14.9,SUEZ,20/01/2025 18:00:00,AIS,POINT (11.4669 54.51495),626294000_0,0 days 00:01:00,-3.111154287807081e-06,294.20677246226114,0.0,0,4.394064354939285,54.51495,11.4669
2025-01-06 06:45:00,2025-01-06 06:45:00,Class A,626294000_0,54.51645,11.4615,Constrained by her draught,0.0,12.3,296.0,297.0,9274800,TRAV2,YANGTZE,Tanker,No additional information,44.0,249.0,Undefined,14.9,SUEZ,20/01/2025 18:00:00,AIS,POINT (11.4615 54.51645),626294000_0,0 days 00:01:00,3.149422094306387e-06,295.5747724665972,0.0,0,4.398814543459182,54.51645,11.4615
2025-01-06 06:46:00,2025-01-06 06:46:00,Class A,626294000_0,54.517983,11.456333,Constrained by her draught,0.0,12.4,297.0,297.0,9274800,TRAV2,YANGTZE,Tanker,No additional information,44.0,249.0,Undefined,14.9,SUEZ,20/01/2025 18:00:00,AIS,POINT (11.456333 54.517983),626294000_0,0 days 00:01:00,-3.310350807973631e-06,297.07511128963125,0.0,0,4.403333944849742,54.517983,11.456333
2025-01-06 06:47:00,2025-01-06 06:47:00,Class A,626294000_0,54.519517,11.451183,Constrained by her draught,0.0,12.4,297.0,296.0,9274800,TRAV2,YANGTZE,Tanker,No additional information,44.0,249.0,Undefined,14.9,SUEZ,20/01/2025 18:00:00,AIS,POINT (11.451183 54.519517),626294000_0,0 days 00:01:00,-2.6133422720271055e-07,297.1677462051806,0.0,0,4.407838713956081,54.519517,11.451183
2025-01-06 06:52:00,2025-01-06 06:52:00,Class A,626294000_0,54.527067,11.424633,Constrained by her draught,0.0,12.3,295.0,296.0,9274800,TRAV2,YANGTZE,Tanker,No additional information,44.0,249.0,Undefined,14.9,SUEZ,20/01/2025 18:00:00,AIS,POINT (11.424633 54.527067),626294000_0,0 days 00:05:00,4.4648533468481336e-07,296.1146179193403,0.0,0,4.431193253543564,54.527067,11.424633
2025-01-06 06:53:00,2025-01-06 06:53:00,Class A,626294000_0,54.52855,11.419433,Constrained by her draught,0.0,12.3,296.0,296.0,9274800,TRAV2,YANGTZE,Tanker,No additional information,44.0,249.0,Undefined,14.9,SUEZ,20/01/2025 18:00:00,AIS,POINT (11.419433 54.52855),626294000_0,0 days 00:01:00,-2.1533100171252453e-06,296.17393156209636,0.0,0,4.435771921161975,54.52855,11.419433
2025-01-06 06:54:00,2025-01-06 06:54:00,Class A,626294000_0,54.530067,11.41405,Constrained by her draught,0.0,12.3,296.0,296.0,9274800,TRAV2,YANGTZE,Tanker,No additional information,44.0,249.0,Undefined,14.9,SUEZ,20/01/2025 18:00:00,AIS,POINT (11.41405 54.530067),626294000_0,0 days 00:01:00,3.415849406722636e-06,295.9054806440325,0.0,0,4.440518750070649,54.530067,11.41405
2025-01-06 06:55:00,2025-01-06 06:55:00,Class A,626294000_0,54.531567,11.408683,Constrained by her draught,0.0,12.3,295.0,296.0,9274800,TRAV2,YANGTZE,Tanker,No additional information,44.0,249.0,Undefined,14.9,SUEZ,20/01/2025 18:00:00,AIS,POINT (11.408683 54.531567),626294000_0,0 days 00:01:00,-4.907922850493681e-07,295.72006620486263,0.0,0,4.445256898228718,54.531567,11.408683
2025-01-06 06:56:00,2025-01-06 06:56:00,Class A,626294000_0,54.53305,11.403517,Constrained by her draught,0.0,12.3,296.0,296.0,9274800,TRAV2,YANGTZE,Tanker,No additional information,44.0,249.0,Undefined,14.9,SUEZ,20/01/2025 18:00:00,AIS,POINT (11.403517 54.53305),626294000_0,0 days 00:01:00,-3.4828716519849586e-06,296.32550650599546,0.0,0,4.44980856562448,54.53305,11.403517
2025-01-06 06:57:01,2025-01-06 06:57:01,Class A,626294000_0,54.53455,11.39815,Constrained by her draught,0.0,12.2,295.0,296.0,9274800,TRAV2,YANGTZE,Tanker,No additional information,44.0,249.0,Undefined,14.9,SUEZ,20/01/2025 18:00:00,AIS,POINT (11.39815 54.53455),626294000_0,0 days 00:01:01,1.6930044329209886e-06,295.72170325270906,0.0,0,4.4545505275446144,54.53455,11.39815
2025-01-06 06:58:01,2025-01-06 06:58:01,Class A,626294000_0,54.536017,11.392967,Constrained by her draught,0.0,12.2,296.0,297.0,9274800,TRAV2,YANGTZE,Tanker,No additional information,44.0,249.0,Undefined,14.9,SUEZ,20/01/2025 18:00:00,AIS,POINT (11.392967 54.536017),626294000_0,0 days 00:01:00,-1.670550373379957e-06,296.006699883376,0.0,0,4.459126657988759,54.536017,11.392967
2025-01-06 06:59:01,2025-01-06 06:59:01,Class A,626294000_0,54.537583,11.38765,Constrained by her draught,0.0,12.2,296.0,297.0,9274800,TRAV2,YANGTZE,Tanker,No additional information,44.0,249.0,Undefined,14.9,SUEZ,20/01/2025 18:00:00,AIS,POINT (11.38765 54.537583),626294000_0,0 days 00:01:00,3.5164462479979514e-06,296.9166857964404,0.0,0,4.463806166036447,54.537583,11.38765
2025-01-06 07:00:01,2025-01-06 07:00:01,Class A,626294000_0,54.53915,11.382333,Constrained by her draught,0.0,12.3,296.0,296.0,9274800,TRAV2,YANGTZE,Tanker,No additional information,44.0,249.0,Undefined,14.9,SUEZ,20/01/2025 18:00:00,AIS,POINT (11.382333 54.53915),626294000_0,0 days 00:01:00,1.0715057188141058e-08,296.9323396553667,0.0,0,4.4684873743996425,54.53915,11.382333
2025-01-06 07:01:01,2025-01-06 07:01:01,Class A,626294000_0,54.540633,11.37715,Constrained by her draught,0.0,12.3,296.0,296.0,9274800,TRAV2,YANGTZE,Tanker,No additional information,44.0,249.0,Undefined,14.9,SUEZ,20/01/2025 18:00:00,AIS,POINT (11.37715 54.540633),626294000_0,0 days 00:01:00,-3.3190972519726136e-06,296.2549954615771,0.0,0,4.47306469845284,54.540633,11.37715
2025-01-06 07:09:00,2025-01-06 07:09:00,Class A,626294000_0,54.552733,11.33475,Constrained by her draught,0.0,12.3,296.0,297.0,9274800,TRAV2,YANGTZE,Tanker,No additional information,44.0,249.0,Undefined,14.9,SUEZ,20/01/2025 18:00:00,AIS,POINT (11.33475 54.552733),626294000_0,0 days 00:07:59,3.1285031062106003e-07,296.21429136619196,0.0,0,4.510585996868366,54.552733,11.33475
2025-01-06 07:10:00,2025-01-06 07:10:00,Class A,626294000_0,54.55425,11.329583,Constrained by her draught,0.0,12.3,296.0,296.0,9274800,TRAV2,YANGTZE,Tanker,No additional information,44.0,249.0,Undefined,14.9,SUEZ,20/01/2025 18:00:00,AIS,POINT (11.329583 54.55425),626294000_0,0 days 00:01:00,-2.313534756294942e-06,296.8527605886588,0.0,0,4.515155184793652,54.55425,11.329583
2025-01-06 07:11:00,2025-01-06 07:11:00,Class A,626294000_0,54.5558,11.324233,Constrained by her draught,0.0,12.3,295.0,296.0,9274800,TRAV2,YANGTZE,Tanker,No additional information,44.0,249.0,Undefined,14.9,SUEZ,20/01/2025 18:00:00,AIS,POINT (11.324233 54.5558),626294000_0,0 days 00:01:00,3.394155119682213e-06,296.54819511519634,0.0,0,4.51989364488469,54.5558,11.324233
2025-01-06 07:12:00,2025-01-06 07:12:00,Class A,626294000_0,54.557267,11.319033,Constrained by her draught,0.0,12.3,295.0,296.0,9274800,TRAV2,YANGTZE,Tanker,No additional information,44.0,249.0,Undefined,14.9,SUEZ,20/01/2025 18:00:00,AIS,POINT (11.319033 54.557267),626294000_0,0 days 00:01:00,-3.5549697079235795e-06,295.94458690628755,0.0,0,4.524511633342321,54.557267,11.319033
2025-01-06 07:13:00,2025-01-06 07:13:00,Class A,626294000_0,54.558733,11.31385,Constrained by her draught,0.0,12.3,296.0,296.0,9274800,TRAV2,YANGTZE,Tanker,No additional information,44.0,249.0,Undefined,14.9,SUEZ,20/01/2025 18:00:00,AIS,POINT (11.31385 54.558733),626294000_0,0 days 00:01:00,-2.9129966339996003e-07,296.003876207158,0.0,0,4.52911524070044,54.558733,11.31385
2025-01-06 07:14:00,2025-01-06 07:14:00,Class A,626294000_0,54.560267,11.308483,Constrained by her draught,0.0,12.3,295.0,296.0,9274800,TRAV2,YANGTZE,Tanker,No additional information,44.0,249.0,Undefined,14.9,SUEZ,20/01/2025 18:00:00,AIS,POINT (11.308483 54.560267),626294000_0,0 days 00:01:00,3.891107071621194e-06,296.24160058300174,0.0,0,4.533879852207156,54.560267,11.308483
2025-01-06 07:15:01,2025-01-06 07:15:01,Class A,626294000_0,54.561783,11.303117,Constrained by her draught,0.0,12.3,295.0,296.0,9274800,TRAV2,YANGTZE,Tanker,No additional information,44.0,249.0,Undefined,14.9,SUEZ,20/01/2025 18:00:00,AIS,POINT (11.303117 54.561783),626294000_0,0 days 00:01:01,-1.988354005988769e-06,295.97942242278003,0.0,0,4.538650140008811,54.561783,11.303117
2025-01-06 07:16:01,2025-01-06 07:16:01,Class A,626294000_0,54.5633,11.29795,Constrained by her draught,0.0,12.3,296.0,297.0,9274800,TRAV2,YANGTZE,Tanker,No additional information,44.0,249.0,Undefined,14.9,SUEZ,20/01/2025 18:00:00,AIS,POINT (11.29795 54.5633),626294000_0,0 days 00:01:00,-1.435818864884515e-06,296.85788487487116,0.0,0,4.543230101386898,54.5633,11.29795
2025-01-06 07:17:01,2025-01-06 07:17:01,Class A,626294000_0,54.564867,11.292583,Constrained by her draught,0.0,12.3,296.0,296.0,9274800,TRAV2,YANGTZE,Tanker,No additional information,44.0,249.0,Undefined,14.9,SUEZ,20/01/2025 18:00:00,AIS,POINT (11.292583 54.564867),626294000_0,0 days 00:01:00,3.901864825087273e-06,296.73092197822314,0.0,0,4.547991511343221,54.564867,11.292583
2025-01-06 07:18:01,2025-01-06 07:18:01,Class A,626294000_0,54.566317,11.287367,Constrained by her draught,0.0,12.3,295.0,296.0,9274800,TRAV2,YANGTZE,Tanker,No additional information,44.0,249.0,Undefined,14.9,SUEZ,20/01/2025 18:00:00,AIS,POINT (11.287367 54.566317),626294000_0,0 days 00:01:00,-4.032202339475724e-06,295.61910398502414,0.0,0,4.552639986006581,54.566317,11.287367
2025-01-06 07:19:01,2025-01-06 07:19:01,Class A,626294000_0,54.567817,11.282,Constrained by her draught,0.0,12.2,295.0,296.0,9274800,TRAV2,YANGTZE,Tanker,No additional information,44.0,249.0,Undefined,14.9,SUEZ,20/01/2025 18:00:00,AIS,POINT (11.282 54.567817),626294000_0,0 days 00:01:00,3.111777156974566e-06,295.7399772166975,0.0,0,4.5574226849206125,54.567817,11.282
2025-01-06 07:20:00,2025-01-06 07:20:00,Class A,626294000_0,54.569283,11.276817,Constrained by her draught,0.0,12.2,296.0,296.0,9274800,TRAV2,YANGTZE,Tanker,No additional information,44.0,249.0,Undefined,14.9,SUEZ,20/01/2025 18:00:00,AIS,POINT (11.276817 54.569283),626294000_0,0 days 00:00:59,-1.709945174998561e-06,296.0097184226085,0.0,0,4.562038545321818,54.569283,11.276817
2025-01-06 07:21:00,2025-01-06 07:21:00,Class A,626294000_0,54.570833,11.271483,Constrained by her draught,0.0,12.3,296.0,297.0,9274800,TRAV2,YANGTZE,Tanker,No additional information,44.0,249.0,Undefined,14.9,SUEZ,20/01/2025 18:00:00,AIS,POINT (11.271483 54.570833),626294000_0,0 days 00:01:00,1.823718512742476e-06,296.6253214866899,0.0,0,4.566779835405469,54.570833,11.271483
2025-01-06 07:22:00,2025-01-06 07:22:00,Class A,626294000_0,54.572317,11.2663,Constrained by her draught,0.0,12.3,296.0,296.0,9274800,TRAV2,YANGTZE,Tanker,No additional information,44.0,249.0,Undefined,14.9,SUEZ,20/01/2025 18:00:00,AIS,POINT (11.2663 54.572317),626294000_0,0 days 00:01:00,-3.340450269934357e-06,296.2879899968838,0.0,0,4.571394437283772,54.572317,11.2663
2025-01-06 07:23:00,2025-01-06 07:23:00,Class A,626294000_0,54.573783,11.261117,Constrained by her draught,0.0,12.3,295.0,296.0,9274800,TRAV2,YANGTZE,Tanker,No additional information,44.0,249.0,Undefined,14.9,SUEZ,20/01/2025 18:00:00,AIS,POINT (11.261117 54.573783),626294000_0,0 days 00:01:00,-2.4784714609942897e-07,296.0122113387211,0.0,0,4.5760154284488594,54.573783,11.261117
2025-01-06 07:24:00,2025-01-06 07:24:00,Class A,626294000_0,54.575317,11.25575,Constrained by her draught,0.0,12.3,296.0,296.0,9274800,TRAV2,YANGTZE,Tanker,No additional information,44.0,249.0,Undefined,14.9,SUEZ,20/01/2025 18:00:00,AIS,POINT (11.25575 54.575317),626294000_0,0 days 00:01:00,3.890079039392767e-06,296.2499899078946,0.0,0,4.580798081287692,54.575317,11.25575
2025-01-06 07:25:00,2025-01-06 07:25:00,Class A,626294000_0,54.576783,11.250567,Constrained by her draught,0.0,12.3,295.0,296.0,9274800,TRAV2,YANGTZE,Tanker,No additional information,44.0,249.0,Undefined,14.9,SUEZ,20/01/2025 18:00:00,AIS,POINT (11.250567 54.576783),626294000_0,0 days 00:01:00,-3.896217092654074e-06,296.0138736071293,0.0,0,4.5854224798814345,54.576783,11.250567
2025-01-06 07:26:00,2025-01-06 07:26:00,Class A,626294000_0,54.5783,11.245183,Constrained by her draught,0.0,12.3,295.0,296.0,9274800,TRAV2,YANGTZE,Tanker,No additional information,44.0,249.0,Undefined,14.9,SUEZ,20/01/2025 18:00:00,AIS,POINT (11.245183 54.5783),626294000_0,0 days 00:01:00,3.933530111099855e-06,295.92793179670747,0.0,0,4.590229489913222,54.5783,11.245183
2025-01-06 07:27:00,2025-01-06 07:27:00,Class A,626294000_0,54.579833,11.239817,Constrained by her draught,0.0,12.3,296.0,296.0,9274800,TRAV2,YANGTZE,Tanker,No additional information,44.0,249.0,Undefined,14.9,SUEZ,20/01/2025 18:00:00,AIS,POINT (11.239817 54.579833),626294000_0,0 days 00:01:00,-7.662841256162537e-08,296.24192403308354,0.0,0,4.595016759338534,54.579833,11.239817
2025-01-06 07:28:00,2025-01-06 07:28:00,Class A,626294000_0,54.5813,11.2346,Constrained by her draught,0.0,12.3,295.0,296.0,9274800,TRAV2,YANGTZE,Tanker,No additional information,44.0,249.0,Undefined,14.9,SUEZ,20/01/2025 18:00:00,AIS,POINT (11.2346 54.5813),626294000_0,0 days 00:01:00,-3.303285336037727e-06,295.8843659635027,0.0,0,4.599678850338141,54.5813,11.2346
2025-01-06 07:29:00,2025-01-06 07:29:00,Class A,626294000_0,54.582833,11.229183,Constrained by her draught,0.0,12.3,295.0,296.0,9274800,TRAV2,YANGTZE,Tanker,No additional information,44.0,249.0,Undefined,14.9,SUEZ,20/01/2025 18:00:00,AIS,POINT (11.229183 54.582833),626294000_0,0 days 00:01:00,4.119640685275548e-06,296.0292948169074,0.0,0,4.604518913856907,54.582833,11.229183
2025-01-06 07:30:00,2025-01-06 07:30:00,Class A,626294000_0,54.584283,11.223983,Constrained by her draught,0.0,12.3,295.0,296.0,9274800,TRAV2,YANGTZE,Tanker,No additional information,44.0,249.0,Undefined,14.9,SUEZ,20/01/2025 18:00:00,AIS,POINT (11.223983 54.584283),626294000_0,0 days 00:01:00,-4.629111674525997e-06,295.69765449831056,0.0,0,4.609172313167083,54.584283,11.223983
2025-01-06 07:31:00,2025-01-06 07:31:00,Class A,626294000_0,54.585783,11.218767,Constrained by her draught,0.0,12.4,296.0,296.0,9274800,TRAV2,YANGTZE,Tanker,No additional information,44.0,249.0,Undefined,14.9,SUEZ,20/01/2025 18:00:00,AIS,POINT (11.218767 54.585783),626294000_0,0 days 00:01:00,9.328518336589071e-07,296.39524962369313,0.0,0,4.613830008637294,54.585783,11.218767
2025-01-06 07:32:00,2025-01-06 07:32:00,Class A,626294000_0,54.587317,11.21335,Constrained by her draught,0.0,12.3,296.0,296.0,9274800,TRAV2,YANGTZE,Tanker,No additional information,44.0,249.0,Undefined,14.9,SUEZ,20/01/2025 18:00:00,AIS,POINT (11.21335 54.587317),626294000_0,0 days 00:01:00,3.7002206928115802e-06,296.0465171002537,0.0,0,4.618675045067471,54.587317,11.21335
2025-01-06 07:33:00,2025-01-06 07:33:00,Class A,626294000_0,54.588783,11.2081,Constrained by her draught,0.0,12.4,295.0,296.0,9274800,TRAV2,YANGTZE,Tanker,No additional information,44.0,249.0,Undefined,14.9,SUEZ,20/01/2025 18:00:00,AIS,POINT (11.2081 54.588783),626294000_0,0 days 00:01:00,-3.61874029811385e-06,295.73160281827427,0.0,0,4.623377686026203,54.588783,11.2081
2025-01-06 07:34:00,2025-01-06 07:34:00,Class A,626294000_0,54.590283,11.202683,Constrained by her draught,0.0,12.4,295.0,296.0,9274800,TRAV2,YANGTZE,Tanker,No additional information,44.0,249.0,Undefined,14.9,SUEZ,20/01/2025 18:00:00,AIS,POINT (11.202683 54.590283),626294000_0,0 days 00:01:00,3.155722057028504e-06,295.5450535236025,0.0,0,4.628234846403756,54.590283,11.202683
2025-01-06 07:35:00,2025-01-06 07:35:00,Class A,626294000_0,54.591767,11.19745,Constrained by her draught,0.0,12.4,295.0,297.0,9274800,TRAV2,YANGTZE,Tanker,No additional information,44.0,249.0,Undefined,14.9,SUEZ,20/01/2025 18:00:00,AIS,POINT (11.19745 54.591767),626294000_0,0 days 00:01:00,-3.193895490153648e-06,296.08103354449366,0.0,0,4.632919801845161,54.591767,11.19745
2025-01-06 07:36:00,2025-01-06 07:36:00,Class A,626294000_0,54.5933,11.192017,Constrained by her draught,0.0,12.4,295.0,296.0,9274800,TRAV2,YANGTZE,Tanker,No additional information,44.0,249.0,Undefined,14.9,SUEZ,20/01/2025 18:00:00,AIS,POINT (11.192017 54.5933),626294000_0,0 days 00:01:00,3.888900841548546e-06,295.96852726722074,0.0,0,4.637787505934808,54.5933,11.192017
2025-01-06 07:37:00,2025-01-06 07:37:00,Class A,626294000_0,54.5948,11.186533,Constrained by her draught,0.0,12.4,295.0,296.0,9274800,TRAV2,YANGTZE,Tanker,No additional information,44.0,249.0,Undefined,14.9,SUEZ,20/01/2025 18:00:00,AIS,POINT (11.186533 54.5948),626294000_0,0 days 00:01:00,3.823785851359123e-07,295.2745845682939,0.0,0,4.64271464728008,54.5948,11.186533
2025-01-06 07:38:00,2025-01-06 07:38:00,Class A,626294000_0,54.596267,11.181267,Constrained by her draught,0.0,12.4,294.0,294.0,9274800,TRAV2,YANGTZE,Tanker,No additional information,44.0,249.0,Undefined,14.9,SUEZ,20/01/2025 18:00:00,AIS,POINT (11.181267 54.596267),626294000_0,0 days 00:01:00,-3.9763190072494296e-06,295.6828540108717,0.0,0,4.647440850337528,54.596267,11.181267
2025-01-06 07:39:00,2025-01-06 07:39:00,Class A,626294000_0,54.597583,11.1759,Constrained by her draught,0.0,12.4,292.0,292.0,9274800,TRAV2,YANGTZE,Tanker,No additional information,44.0,249.0,Undefined,14.9,SUEZ,20/01/2025 18:00:00,AIS,POINT (11.1759 54.597583),626294000_0,0 days 00:01:00,-2.6842602197803786e-07,292.94294062709287,0.0,0,4.65230436971239,54.597583,11.1759
2025-01-06 07:40:00,2025-01-06 07:40:00,Class A,626294000_0,54.598883,11.170317,Constrained by her draught,0.0,12.3,291.0,291.0,9274800,TRAV2,YANGTZE,Tanker,No additional information,44.0,249.0,Undefined,14.9,SUEZ,20/01/2025 18:00:00,AIS,POINT (11.170317 54.598883),626294000_0,0 days 00:01:00,3.3949665910738864e-06,291.89972767888503,0.0,0,4.657382481094074,54.598883,11.170317
2025-01-06 07:41:00,2025-01-06 07:41:00,Class A,626294000_0,54.6001,11.164683,Constrained by her draught,0.0,12.3,290.0,290.0,9274800,TRAV2,YANGTZE,Tanker,No additional information,44.0,249.0,Undefined,14.9,SUEZ,20/01/2025 18:00:00,AIS,POINT (11.164683 54.6001),626294000_0,0 days 00:01:00,-7.402983871364113e-08,290.4521992170233,0.0,0,4.662532248882468,54.6001,11.164683
2025-01-06 07:42:00,2025-01-06 07:42:00,Class A,626294000_0,54.60125,11.1592,Constrained by her draught,0.0,12.3,289.0,290.0,9274800,TRAV2,YANGTZE,Tanker,No additional information,44.0,249.0,Undefined,14.9,SUEZ,20/01/2025 18:00:00,AIS,POINT (11.1592 54.60125),626294000_0,0 days 00:01:00,-3.261061879969816e-06,289.90624095845726,0.0,0,4.667553956126056,54.60125,11.1592
2025-01-06 07:43:00,2025-01-06 07:43:00,Class A,626294000_0,54.602417,11.153533,Constrained by her draught,0.0,12.3,289.0,288.0,9274800,TRAV2,YANGTZE,Tanker,No additional information,44.0,249.0,Undefined,14.9,SUEZ,20/01/2025 18:00:00,AIS,POINT (11.153533 54.602417),626294000_0,0 days 00:01:00,3.2844144127745083e-06,289.5729502965431,0.0,0,4.67275094877204,54.602417,11.153533
2025-01-06 07:44:00,2025-01-06 07:44:00,Class A,626294000_0,54.6034,11.148,Constrained by her draught,0.0,12.3,286.0,286.0,9274800,TRAV2,YANGTZE,Tanker,No additional information,44.0,249.0,Undefined,14.9,SUEZ,20/01/2025 18:00:00,AIS,POINT (11.148 54.6034),626294000_0,0 days 00:01:00,-4.071570637032889e-06,287.05379666158177,0.0,0,4.677865270553226,54.6034,11.148
2025-01-06 07:45:01,2025-01-06 07:45:01,Class A,626294000_0,54.604333,11.14225,Constrained by her draught,0.0,12.3,285.0,281.0,9274800,TRAV2,YANGTZE,Tanker,No additional information,44.0,249.0,Undefined,14.9,SUEZ,20/01/2025 18:00:00,AIS,POINT (11.14225 54.604333),626294000_0,0 days 00:01:01,1.5198751265232906e-06,285.65170261485537,0.0,0,4.6832033708077425,54.604333,11.14225
2025-01-06 07:46:01,2025-01-06 07:46:01,Class A,626294000_0,54.604967,11.1366,Constrained by her draught,0.0,12.2,280.0,275.0,9274800,TRAV2,YANGTZE,Tanker,No additional information,44.0,249.0,Undefined,14.9,SUEZ,20/01/2025 18:00:00,AIS,POINT (11.1366 54.604967),626294000_0,0 days 00:01:00,-2.1187197662662047e-06,280.9664965522965,0.0,0,4.688519802286112,54.604967,11.1366
2025-01-06 07:47:01,2025-01-06 07:47:01,Class A,626294000_0,54.60525,11.130733,Constrained by her draught,0.0,12.0,273.0,270.0,9274800,TRAV2,YANGTZE,Tanker,No additional information,44.0,249.0,Undefined,14.9,SUEZ,20/01/2025 18:00:00,AIS,POINT (11.130733 54.60525),626294000_0,0 days 00:01:00,2.379699679067558e-06,274.7629405738627,0.0,0,4.694134167955685,54.60525,11.130733
2025-01-06 07:48:01,2025-01-06 07:48:01,Class A,626294000_0,54.605267,11.125083,Constrained by her draught,0.0,12.0,269.0,267.0,9274800,TRAV2,YANGTZE,Tanker,No additional information,44.0,249.0,Undefined,14.9,SUEZ,20/01/2025 18:00:00,AIS,POINT (11.125083 54.605267),626294000_0,0 days 00:01:00,-4.257153340041635e-06,270.2999391729843,0.0,0,4.69960460318206,54.605267,11.125083
2025-01-06 07:49:00,2025-01-06 07:49:00,Class A,626294000_0,54.605067,11.1193,Constrained by her draught,0.0,11.9,266.0,266.0,9274800,TRAV2,YANGTZE,Tanker,No additional information,44.0,249.0,Undefined,14.9,SUEZ,20/01/2025 18:00:00,AIS,POINT (11.1193 54.605067),626294000_0,0 days 00:00:59,4.4062897557231475e-06,266.58531902796256,0.0,0,4.705257902413958,54.605067,11.1193
2025-01-06 07:50:00,2025-01-06 07:50:00,Class A,626294000_0,54.604867,11.113667,Constrained by her draught,0.0,12.0,266.0,267.0,9274800,TRAV2,YANGTZE,Tanker,No additional information,44.0,249.0,Undefined,14.9,SUEZ,20/01/2025 18:00:00,AIS,POINT (11.113667 54.604867),626294000_0,0 days 00:01:00,-4.449705698678967e-06,266.4945077347454,0.0,0,4.710766155795255,54.604867,11.113667
2025-01-06 07:51:00,2025-01-06 07:51:00,Class A,626294000_0,54.604717,11.107817,Constrained by her draught,0.0,12.0,267.0,267.0,9274800,TRAV2,YANGTZE,Tanker,No additional information,44.0,249.0,Undefined,14.9,SUEZ,20/01/2025 18:00:00,AIS,POINT (11.107817 54.604717),626294000_0,0 days 00:01:00,3.809121338706186e-06,267.46762775178576,0.0,0,4.716472711760982,54.604717,11.107817
2025-01-06 07:52:00,2025-01-06 07:52:00,Class A,626294000_0,54.604583,11.10215,Constrained by her draught,0.0,12.1,267.0,267.0,9274800,TRAV2,YANGTZE,Tanker,No additional information,44.0,249.0,Undefined,14.9,SUEZ,20/01/2025 18:00:00,AIS,POINT (11.10215 54.604583),626294000_0,0 days 00:01:00,-3.302609074340608e-06,267.6645853511534,0.0,0,4.721998312149742,54.604583,11.10215
2025-01-06 07:57:00,2025-01-06 07:57:00,Class A,626294000_0,54.603683,11.073367,Constrained by her draught,0.0,12.1,267.0,268.0,9274800,TRAV2,YANGTZE,Tanker,No additional information,44.0,249.0,Undefined,14.9,SUEZ,20/01/2025 18:00:00,AIS,POINT (11.073367 54.603683),626294000_0,0 days 00:05:00,3.3502159520765876e-07,266.92170359985846,0.0,0,4.750122036874633,54.603683,11.073367
2025-01-06 07:58:00,2025-01-06 07:58:00,Class A,626294000_0,54.603517,11.067467,Constrained by her draught,0.0,12.1,267.0,268.0,9274800,TRAV2,YANGTZE,Tanker,No additional information,44.0,249.0,Undefined,14.9,SUEZ,20/01/2025 18:00:00,AIS,POINT (11.067467 54.603517),626294000_0,0 days 00:01:00,2.5500447566692677e-06,267.22149764828134,0.0,0,4.755883373042909,54.603517,11.067467
2025-01-06 07:59:00,2025-01-06 07:59:00,Class A,626294000_0,54.6034,11.06155,Constrained by her draught,0.0,12.2,267.0,268.0,9274800,TRAV2,YANGTZE,Tanker,No additional information,44.0,249.0,Undefined,14.9,SUEZ,20/01/2025 18:00:00,AIS,POINT (11.06155 54.6034),626294000_0,0 days 00:01:00,2.428192857249622e-07,268.0472359986824,0.0,0,4.76164957196012,54.6034,11.06155
2025-01-06 08:00:00,2025-01-06 08:00:00,Class A,626294000_0,54.60325,11.055817,Constrained by her draught,0.0,12.2,267.0,267.0,9274800,TRAV2,YANGTZE,Tanker,No additional information,44.0,249.0,Undefined,14.9,SUEZ,20/01/2025 18:00:00,AIS,POINT (11.055817 54.60325),626294000_0,0 days 00:01:00,-3.2597811890244076e-06,267.41601290929975,0.0,0,4.767245754448265,54.60325,11.055817
2025-01-06 08:01:00,2025-01-06 08:01:00,Class A,626294000_0,54.603083,11.05005,Constrained by her draught,0.0,12.3,267.0,267.0,9274800,TRAV2,YANGTZE,Tanker,No additional information,44.0,249.0,Undefined,14.9,SUEZ,20/01/2025 18:00:00,AIS,POINT (11.05005 54.603083),626294000_0,0 days 00:01:00,6.349810568386683e-07,267.14033428690027,0.0,0,4.772879384453896,54.603083,11.05005
2025-01-06 08:02:00,2025-01-06 08:02:00,Class A,626294000_0,54.6029,11.04405,Constrained by her draught,0.0,12.3,267.0,267.0,9274800,TRAV2,YANGTZE,Tanker,No additional information,44.0,249.0,Undefined,14.9,SUEZ,20/01/2025 18:00:00,AIS,POINT (11.04405 54.6029),626294000_0,0 days 00:01:00,4.202912885827908e-06,266.9883009270796,0.0,0,4.778743222663047,54.6029,11.04405
2025-01-06 08:03:00,2025-01-06 08:03:00,Class A,626294000_0,54.602733,11.03825,Constrained by her draught,0.0,12.3,267.0,267.0,9274800,TRAV2,YANGTZE,Tanker,No additional information,44.0,249.0,Undefined,14.9,SUEZ,20/01/2025 18:00:00,AIS,POINT (11.03825 54.602733),626294000_0,0 days 00:01:00,-3.610364176503796e-06,267.15662919248774,0.0,0,4.784409519381154,54.602733,11.03825
2025-01-06 08:04:00,2025-01-06 08:04:00,Class A,626294000_0,54.602517,11.03225,Constrained by her draught,0.0,12.3,266.0,267.0,9274800,TRAV2,YANGTZE,Tanker,No additional information,44.0,249.0,Undefined,14.9,SUEZ,20/01/2025 18:00:00,AIS,POINT (11.03225 54.602517),626294000_0,0 days 00:01:00,3.669675140769487e-06,266.446087396862,0.0,0,4.7902820542770765,54.602517,11.03225
2025-01-06 08:05:00,2025-01-06 08:05:00,Class A,626294000_0,54.60235,11.026433,Constrained by her draught,0.0,12.3,267.0,267.0,9274800,TRAV2,YANGTZE,Tanker,No additional information,44.0,249.0,Undefined,14.9,SUEZ,20/01/2025 18:00:00,AIS,POINT (11.026433 54.60235),626294000_0,0 days 00:01:00,-3.3638975119473492e-06,267.1649657181686,0.0,0,4.795965493554869,54.60235,11.026433
2025-01-06 08:06:00,2025-01-06 08:06:00,Class A,626294000_0,54.60215,11.020383,Constrained by her draught,0.0,12.4,266.0,271.0,9274800,TRAV2,YANGTZE,Tanker,No additional information,44.0,249.0,Undefined,14.9,SUEZ,20/01/2025 18:00:00,AIS,POINT (11.020383 54.60215),626294000_0,0 days 00:01:00,4.23151024531891e-06,266.7361287338292,0.0,0,4.8018833075335134,54.60215,11.020383
2025-01-06 08:07:00,2025-01-06 08:07:00,Class A,626294000_0,54.602183,11.014533,Constrained by her draught,0.0,12.4,272.0,278.0,9274800,TRAV2,YANGTZE,Tanker,No additional information,44.0,249.0,Undefined,14.9,SUEZ,20/01/2025 18:00:00,AIS,POINT (11.014533 54.602183),626294000_0,0 days 00:01:00,-3.761066868849244e-06,270.5603412381491,0.0,0,4.807550985716741,54.602183,11.014533
2025-01-06 08:15:00,2025-01-06 08:15:00,Class A,626294000_0,54.61235,10.970067,Constrained by her draught,0.0,12.5,296.0,296.0,9274800,TRAV2,YANGTZE,Tanker,No additional information,44.0,249.0,Undefined,14.9,SUEZ,20/01/2025 18:00:00,AIS,POINT (10.970067 54.61235),626294000_0,0 days 00:08:00,2.7569344251499486e-07,291.561135833568,0.0,0,4.848275452045294,54.61235,10.970067
2025-01-06 08:16:00,2025-01-06 08:16:00,Class A,626294000_0,54.6138,10.964733,Constrained by her draught,0.0,12.5,295.0,296.0,9274800,TRAV2,YANGTZE,Tanker,No additional information,44.0,249.0,Undefined,14.9,SUEZ,20/01/2025 18:00:00,AIS,POINT (10.964733 54.6138),626294000_0,0 days 00:01:00,-1.5195514245939344e-06,295.1486503764045,0.0,0,4.853111749596232,54.6138,10.964733
2025-01-06 08:17:00,2025-01-06 08:17:00,Class A,626294000_0,54.61535,10.959233,Constrained by her draught,0.0,12.6,296.0,298.0,9274800,TRAV2,YANGTZE,Tanker,No additional information,44.0,249.0,Undefined,14.9,SUEZ,20/01/2025 18:00:00,AIS,POINT (10.959233 54.61535),626294000_0,0 days 00:01:00,4.016930763164981e-06,295.95306602498977,0.0,0,4.858087100842162,54.61535,10.959233
2025-01-06 08:18:00,2025-01-06 08:18:00,Class A,626294000_0,54.616917,10.953917,Constrained by her draught,0.0,12.6,296.0,299.0,9274800,TRAV2,YANGTZE,Tanker,No additional information,44.0,249.0,Undefined,14.9,SUEZ,20/01/2025 18:00:00,AIS,POINT (10.953917 54.616917),626294000_0,0 days 00:01:00,-2.7269143708057946e-06,296.9808722006629,0.0,0,4.8628812718989955,54.616917,10.953917
2025-01-06 08:19:00,2025-01-06 08:19:00,Class A,626294000_0,54.6186,10.948567,Constrained by her draught,0.0,12.6,299.0,301.0,9274800,TRAV2,YANGTZE,Tanker,No additional information,44.0,249.0,Undefined,14.9,SUEZ,20/01/2025 18:00:00,AIS,POINT (10.948567 54.6186),626294000_0,0 days 00:01:00,2.2040314776897336e-06,298.5168989242405,0.0,0,4.8676827191596,54.6186,10.948567
2025-01-06 08:20:00,2025-01-06 08:20:00,Class A,626294000_0,54.620367,10.943483,Constrained by her draught,0.0,12.6,301.0,303.0,9274800,TRAV2,YANGTZE,Tanker,No additional information,44.0,249.0,Undefined,14.9,SUEZ,20/01/2025 18:00:00,AIS,POINT (10.943483 54.620367),626294000_0,0 days 00:01:00,-2.8642015064492063e-06,300.9773679127014,0.0,0,4.872207595664412,54.620367,10.943483
2025-01-06 08:21:00,2025-01-06 08:21:00,Class A,626294000_0,54.622217,10.9385,Constrained by her draught,0.0,12.6,302.0,303.0,9274800,TRAV2,YANGTZE,Tanker,No additional information,44.0,249.0,Undefined,14.9,SUEZ,20/01/2025 18:00:00,AIS,POINT (10.9385 54.622217),626294000_0,0 days 00:01:00,-1.9320849709367437e-07,302.67152890995953,0.0,0,4.876616559565557,54.622217,10.9385
2025-01-06 08:22:00,2025-01-06 08:22:00,Class A,626294000_0,54.624117,10.933367,Constrained by her draught,0.0,12.6,302.0,303.0,9274800,TRAV2,YANGTZE,Tanker,No additional information,44.0,249.0,Undefined,14.9,SUEZ,20/01/2025 18:00:00,AIS,POINT (10.933367 54.624117),626294000_0,0 days 00:01:00,3.096927249942802e-06,302.5949946619878,0.0,0,4.881161463031724,54.624117,10.933367
2025-01-06 08:23:00,2025-01-06 08:23:00,Class A,626294000_0,54.6259,10.928333,Constrained by her draught,0.0,12.5,301.0,302.0,9274800,TRAV2,YANGTZE,Tanker,No additional information,44.0,249.0,Undefined,14.9,SUEZ,20/01/2025 18:00:00,AIS,POINT (10.928333 54.6259),626294000_0,0 days 00:01:00,-3.42593756757404e-06,301.46070583143603,0.0,0,4.885639314938117,54.6259,10.928333
2025-01-06 08:24:00,2025-01-06 08:24:00,Class A,626294000_0,54.627767,10.923183,Constrained by her draught,0.0,12.5,302.0,303.0,9274800,TRAV2,YANGTZE,Tanker,No additional information,44.0,249.0,Undefined,14.9,SUEZ,20/01/2025 18:00:00,AIS,POINT (10.923183 54.627767),626294000_0,0 days 00:01:00,3.132101754340953e-06,302.05814166073543,0.0,0,4.8902121516607036,54.627767,10.923183
2025-01-06 08:25:00,2025-01-06 08:25:00,Class A,626294000_0,54.629617,10.918183,Constrained by her draught,0.0,12.5,302.0,303.0,9274800,TRAV2,YANGTZE,Tanker,No additional information,44.0,249.0,Undefined,14.9,SUEZ,20/01/2025 18:00:00,AIS,POINT (10.918183 54.629617),626294000_0,0 days 00:01:00,-2.559708809934469e-06,302.5876587216839,0.0,0,4.8946448961339355,54.629617,10.918183
2025-01-06 08:26:00,2025-01-06 08:26:00,Class A,626294000_0,54.631533,10.913067,Constrained by her draught,0.0,12.5,302.0,303.0,9274800,TRAV2,YANGTZE,Tanker,No additional information,44.0,249.0,Undefined,14.9,SUEZ,20/01/2025 18:00:00,AIS,POINT (10.913067 54.631533),626294000_0,0 days 00:01:00,2.850037536632948e-06,302.9048068049663,0.0,0,4.899176987617615,54.631533,10.913067
2025-01-06 08:27:00,2025-01-06 08:27:00,Class A,626294000_0,54.633367,10.9081,Constrained by her draught,0.0,12.5,302.0,303.0,9274800,TRAV2,YANGTZE,Tanker,No additional information,44.0,249.0,Undefined,14.9,SUEZ,20/01/2025 18:00:00,AIS,POINT (10.9081 54.633367),626294000_0,0 days 00:01:00,-3.622075434748205e-06,302.5363950872596,0.0,0,4.903584953524208,54.633367,10.9081
2025-01-06 08:28:00,2025-01-06 08:28:00,Class A,626294000_0,54.63525,10.903,Constrained by her draught,0.0,12.5,302.0,303.0,9274800,TRAV2,YANGTZE,Tanker,No additional information,44.0,249.0,Undefined,14.9,SUEZ,20/01/2025 18:00:00,AIS,POINT (10.903 54.63525),626294000_0,0 days 00:01:00,2.8227337318289646e-06,302.5361394885329,0.0,0,4.9081127994931,54.63525,10.903
2025-01-06 08:29:00,2025-01-06 08:29:00,Class A,626294000_0,54.637167,10.897867,Constrained by her draught,0.0,12.5,302.0,303.0,9274800,TRAV2,YANGTZE,Tanker,No additional information,44.0,249.0,Undefined,14.9,SUEZ,20/01/2025 18:00:00,AIS,POINT (10.897867 54.637167),626294000_0,0 days 00:01:00,1.0617471034323328e-06,302.8354181663062,0.0,0,4.912666789757474,54.637167,10.897867
2025-01-06 08:30:00,2025-01-06 08:30:00,Class A,626294000_0,54.639,10.892917,Constrained by her draught,0.0,12.5,302.0,303.0,9274800,TRAV2,YANGTZE,Tanker,No additional information,44.0,249.0,Undefined,14.9,SUEZ,20/01/2025 18:00:00,AIS,POINT (10.892917 54.639),626294000_0,0 days 00:01:00,-4.168571770096311e-06,302.6149339958455,0.0,0,4.917063800440766,54.639,10.892917
2025-01-06 08:35:10,2025-01-06 08:35:10,Class A,626294000_0,54.648683,10.8668,Constrained by her draught,0.0,12.5,302.0,302.0,9274800,TRAV2,YANGTZE,Tanker,No additional information,44.0,249.0,Undefined,14.9,SUEZ,20/01/2025 18:00:00,AIS,POINT (10.8668 54.648683),626294000_0,0 days 00:05:10,4.3732022877493317e-07,302.6589653455408,0.0,0,4.940289054118697,54.648683,10.8668
2025-01-06 08:46:00,2025-01-06 08:46:00,Class A,626294000_0,54.67215,10.817017,Constrained by her draught,0.0,12.4,320.0,321.0,9274800,TRAV2,YANGTZE,Tanker,No additional information,44.0,249.0,Undefined,14.9,SUEZ,20/01/2025 18:00:00,AIS,POINT (10.817017 54.67215),626294000_0,0 days 00:10:50,-1.3105809294732358e-07,309.1986963164577,0.0,0,4.983588982380569,54.67215,10.817017
2025-01-06 08:47:00,2025-01-06 08:47:00,Class A,626294000_0,54.674767,10.813317,Constrained by her draught,0.0,12.3,322.0,328.0,9274800,TRAV2,YANGTZE,Tanker,No additional information,44.0,249.0,Undefined,14.9,SUEZ,20/01/2025 18:00:00,AIS,POINT (10.813317 54.674767),626294000_0,0 days 00:01:00,-1.5547423615179985e-06,320.7345354934788,0.0,0,4.986625235345644,54.674767,10.813317
2025-01-06 08:48:00,2025-01-06 08:48:00,Class A,626294000_0,54.6777,10.810167,Constrained by her draught,0.0,12.3,328.0,331.0,9274800,TRAV2,YANGTZE,Tanker,No additional information,44.0,249.0,Undefined,14.9,SUEZ,20/01/2025 18:00:00,AIS,POINT (10.810167 54.6777),626294000_0,0 days 00:01:00,2.206676759250343e-06,328.16206488986495,0.0,0,4.989058053060217,54.6777,10.810167
2025-01-06 08:49:00,2025-01-06 08:49:00,Class A,626294000_0,54.6806,10.80725,Constrained by her draught,0.0,12.4,329.0,330.0,9274800,TRAV2,YANGTZE,Tanker,No additional information,44.0,249.0,Undefined,14.9,SUEZ,20/01/2025 18:00:00,AIS,POINT (10.80725 54.6806),626294000_0,0 days 00:01:00,-3.0307673331981424e-06,329.8213151771674,0.0,0,4.991273153830394,54.6806,10.80725
2025-01-06 08:58:00,2025-01-06 08:58:00,Class A,626294000_0,54.709017,10.7868,Constrained by her draught,0.0,12.4,340.0,340.0,9274800,TRAV2,YANGTZE,Tanker,No additional information,44.0,249.0,Undefined,14.9,SUEZ,20/01/2025 18:00:00,AIS,POINT (10.7868 54.709017),626294000_0,0 days 00:09:00,2.2037590233754062e-07,337.4257971124845,0.0,0,5.005155314296351,54.709017,10.7868
2025-01-06 08:59:00,2025-01-06 08:59:00,Class A,626294000_0,54.712217,10.784783,Constrained by her draught,0.0,12.5,340.0,346.0,9274800,TRAV2,YANGTZE,Tanker,No additional information,44.0,249.0,Undefined,14.9,SUEZ,20/01/2025 18:00:00,AIS,POINT (10.784783 54.712217),626294000_0,0 days 00:01:00,-4.4271322976172957e-07,339.9924595052589,0.0,0,5.006452051827722,54.712217,10.784783
2025-01-06 09:11:00,2025-01-06 09:11:00,Class A,626294000_0,54.7525,10.793617,Constrained by her draught,0.0,12.6,22.0,25.0,9274800,TRAV2,YANGTZE,Tanker,No additional information,44.0,249.0,Undefined,14.9,SUEZ,20/01/2025 18:00:00,AIS,POINT (10.793617 54.7525),626294000_0,0 days 00:12:00,-5.822177527810202e-08,7.212906509894083,0.0,0,4.9894752900685875,54.7525,10.793617
2025-01-06 09:12:00,2025-01-06 09:12:00,Class A,626294000_0,54.755767,10.79605,Constrained by her draught,0.0,12.6,23.0,24.0,9274800,TRAV2,YANGTZE,Tanker,No additional information,44.0,249.0,Undefined,14.9,SUEZ,20/01/2025 18:00:00,AIS,POINT (10.79605 54.755767),626294000_0,0 days 00:01:00,5.360266107193139e-06,23.25547496286532,0.0,0,4.986429927786914,54.755767,10.79605
2025-01-06 09:13:00,2025-01-06 09:13:00,Class A,626294000_0,54.759083,10.7984,Constrained by her draught,0.0,12.7,21.0,24.0,9274800,TRAV2,YANGTZE,Tanker,No additional information,44.0,249.0,Undefined,14.9,SUEZ,20/01/2025 18:00:00,AIS,POINT (10.7984 54.759083),626294000_0,0 days 00:01:00,8.204836037997593e-07,22.240618959004053,0.0,0,4.983457416437408,54.759083,10.7984
2025-01-06 09:14:00,2025-01-06 09:14:00,Class A,626294000_0,54.7623,10.80065,Constrained by her draught,0.0,12.7,22.0,25.0,9274800,TRAV2,YANGTZE,Tanker,No additional information,44.0,249.0,Undefined,14.9,SUEZ,20/01/2025 18:00:00,AIS,POINT (10.80065 54.7623),626294000_0,0 days 00:01:00,-3.5108240300502715e-06,21.975826326156607,0.0,0,4.980604351777805,54.7623,10.80065
2025-01-06 09:15:00,2025-01-06 09:15:00,Class A,626294000_0,54.765517,10.802983,Constrained by her draught,0.0,12.8,22.0,26.0,9274800,TRAV2,YANGTZE,Tanker,No additional information,44.0,249.0,Undefined,14.9,SUEZ,20/01/2025 18:00:00,AIS,POINT (10.802983 54.765517),626294000_0,0 days 00:01:00,5.640443551594802e-07,22.703851316795124,0.0,0,4.977671442979137,54.765517,10.802983
2025-01-06 09:16:00,2025-01-06 09:16:00,Class A,626294000_0,54.768833,10.805567,Constrained by her draught,0.0,12.9,23.0,27.0,9274800,TRAV2,YANGTZE,Tanker,No additional information,44.0,249.0,Undefined,14.9,SUEZ,20/01/2025 18:00:00,AIS,POINT (10.805567 54.768833),626294000_0,0 days 00:01:00,4.596038078403478e-06,24.205284660226994,0.0,0,4.974474225242503,54.768833,10.805567
2025-01-06 09:17:00,2025-01-06 09:17:00,Class A,626294000_0,54.772083,10.808067,Constrained by her draught,0.0,12.9,23.0,27.0,9274800,TRAV2,YANGTZE,Tanker,No additional information,44.0,249.0,Undefined,14.9,SUEZ,20/01/2025 18:00:00,AIS,POINT (10.808067 54.772083),626294000_0,0 days 00:01:00,-2.477781576947207e-06,23.927444364311384,0.0,0,4.97137400892369,54.772083,10.808067
2025-01-06 09:18:00,2025-01-06 09:18:00,Class A,626294000_0,54.775417,10.8106,Constrained by her draught,0.0,13.0,23.0,27.0,9274800,TRAV2,YANGTZE,Tanker,No additional information,44.0,249.0,Undefined,14.9,SUEZ,20/01/2025 18:00:00,AIS,POINT (10.8106 54.775417),626294000_0,0 days 00:01:00,2.612819302753042e-06,23.663330135477054,0.0,0,4.968226150189723,54.775417,10.8106
2025-01-06 09:19:00,2025-01-06 09:19:00,Class A,626294000_0,54.77865,10.81315,Constrained by her draught,0.0,13.0,24.0,28.0,9274800,TRAV2,YANGTZE,Tanker,No additional information,44.0,249.0,Undefined,14.9,SUEZ,20/01/2025 18:00:00,AIS,POINT (10.81315 54.77865),626294000_0,0 days 00:01:00,-2.7280418898400815e-06,24.46041943752425,0.0,0,4.965083257514219,54.77865,10.81315
2025-01-06 09:20:00,2025-01-06 09:20:00,Class A,626294000_0,54.781983,10.81585,Constrained by her draught,0.0,13.1,24.0,28.0,9274800,TRAV2,YANGTZE,Tanker,No additional information,44.0,249.0,Undefined,14.9,SUEZ,20/01/2025 18:00:00,AIS,POINT (10.81585 54.781983),626294000_0,0 days 00:01:00,3.930130238628772e-06,25.040137930710785,0.0,0,4.961774932979631,54.781983,10.81585
2025-01-06 09:21:00,2025-01-06 09:21:00,Class A,626294000_0,54.785217,10.818467,Constrained by her draught,0.0,13.1,25.0,28.0,9274800,TRAV2,YANGTZE,Tanker,No additional information,44.0,249.0,Undefined,14.9,SUEZ,20/01/2025 18:00:00,AIS,POINT (10.818467 54.785217),626294000_0,0 days 00:01:00,-3.4030310744934557e-06,25.014884807576436,0.0,0,4.95856905901148,54.785217,10.818467
2025-01-06 09:22:00,2025-01-06 09:22:00,Class A,626294000_0,54.788583,10.821267,Constrained by her draught,0.0,13.3,25.0,28.0,9274800,TRAV2,YANGTZE,Tanker,No additional information,44.0,249.0,Undefined,14.9,SUEZ,20/01/2025 18:00:00,AIS,POINT (10.821267 54.788583),626294000_0,0 days 00:01:00,5.0877496644358545e-06,25.623999645312097,0.0,0,4.955159153972957,54.788583,10.821267
2025-01-06 09:23:00,2025-01-06 09:23:00,Class A,626294000_0,54.792,10.82405,Constrained by her draught,0.0,13.4,25.0,28.0,9274800,TRAV2,YANGTZE,Tanker,No additional information,44.0,249.0,Undefined,14.9,SUEZ,20/01/2025 18:00:00,AIS,POINT (10.82405 54.792),626294000_0,0 days 00:01:00,1.291898343083756e-06,25.15324557913027,0.0,0,4.9517574041695545,54.792,10.82405
2025-01-06 09:24:00,2025-01-06 09:24:00,Class A,626294000_0,54.795333,10.826783,Constrained by her draught,0.0,13.4,24.0,28.0,9274800,TRAV2,YANGTZE,Tanker,No additional information,44.0,249.0,Undefined,14.9,SUEZ,20/01/2025 18:00:00,AIS,POINT (10.826783 54.795333),626294000_0,0 days 00:01:00,-2.7319393428213228e-06,25.300773187467826,0.0,0,4.948422751247714,54.795333,10.826783
2025-01-06 09:25:00,2025-01-06 09:25:00,Class A,626294000_0,54.798733,10.829583,Constrained by her draught,0.0,13.4,25.0,29.0,9274800,TRAV2,YANGTZE,Tanker,No additional information,44.0,249.0,Undefined,14.9,SUEZ,20/01/2025 18:00:00,AIS,POINT (10.829583 54.798733),626294000_0,0 days 00:01:00,2.383261882504412e-06,25.394596693087237,0.0,0,4.945010791076801,54.798733,10.829583
2025-01-06 09:34:00,2025-01-06 09:34:00,Class A,626294000_0,54.8303,10.835567,Constrained by her draught,0.0,13.1,357.0,358.0,9274800,TRAV2,YANGTZE,Tanker,No additional information,44.0,249.0,Undefined,14.9,SUEZ,20/01/2025 18:00:00,AIS,POINT (10.835567 54.8303),626294000_0,0 days 00:09:00,-8.137263932495837e-07,6.2313822953189515,0.0,0,4.93305543447517,54.8303,10.835567
2025-01-06 09:35:00,2025-01-06 09:35:00,Class A,626294000_0,54.834017,10.83535,Constrained by her draught,0.0,13.1,358.0,0.0,9274800,TRAV2,YANGTZE,Tanker,No additional information,44.0,249.0,Undefined,14.9,SUEZ,20/01/2025 18:00:00,AIS,POINT (10.83535 54.834017),626294000_0,0 days 00:01:00,5.89751161583765e-06,358.07421070755373,0.0,0,4.932564560847531,54.834017,10.83535
2025-01-06 09:36:00,2025-01-06 09:36:00,Class A,626294000_0,54.8376,10.83535,Constrained by her draught,0.0,13.1,0.0,1.0,9274800,TRAV2,YANGTZE,Tanker,No additional information,44.0,249.0,Undefined,14.9,SUEZ,20/01/2025 18:00:00,AIS,POINT (10.83535 54.8376),626294000_0,0 days 00:01:00,-4.208778539966758e-06,0.0,0.0,0,4.931888563273505,54.8376,10.83535
2025-01-06 09:37:00,2025-01-06 09:37:00,Class A,626294000_0,54.841283,10.835417,Constrained by her draught,0.0,13.2,0.0,359.0,9274800,TRAV2,YANGTZE,Tanker,No additional information,44.0,249.0,Undefined,14.9,SUEZ,20/01/2025 18:00:00,AIS,POINT (10.835417 54.841283),626294000_0,0 days 00:01:00,3.098581995074837e-06,0.6001837295807491,0.0,0,4.931130505249482,54.841283,10.835417
2025-01-06 09:38:00,2025-01-06 09:38:00,Class A,626294000_0,54.8449,10.835333,Constrained by her draught,0.0,13.3,358.0,358.0,9274800,TRAV2,YANGTZE,Tanker,No additional information,44.0,249.0,Undefined,14.9,SUEZ,20/01/2025 18:00:00,AIS,POINT (10.835333 54.8449),626294000_0,0 days 00:01:00,-2.0370418336235757e-06,359.2338867304022,0.0,0,4.930535756859389,54.8449,10.835333
2025-01-06 09:39:00,2025-01-06 09:39:00,Class A,626294000_0,54.848683,10.8351,Constrained by her draught,0.0,13.5,357.0,359.0,9274800,TRAV2,YANGTZE,Tanker,No additional information,44.0,249.0,Undefined,14.9,SUEZ,20/01/2025 18:00:00,AIS,POINT (10.8351 54.848683),626294000_0,0 days 00:01:00,5.197005411782624e-06,357.96911657806606,0.0,0,4.930059084985189,54.848683,10.8351
2025-01-06 09:45:01,2025-01-06 09:45:01,Class A,626294000_0,54.87155,10.836767,Constrained by her draught,0.0,13.9,9.0,19.0,9274800,TRAV2,YANGTZE,Tanker,No additional information,44.0,249.0,Undefined,14.9,SUEZ,20/01/2025 18:00:00,AIS,POINT (10.836767 54.87155),626294000_0,0 days 00:06:01,9.55341685227613e-08,2.4019988129436456,0.0,0,4.924214614809656,54.87155,10.836767
2025-01-06 09:46:01,2025-01-06 09:46:01,Class A,626294000_0,54.875183,10.838517,Constrained by her draught,0.0,13.8,16.0,26.0,9274800,TRAV2,YANGTZE,Tanker,No additional information,44.0,249.0,Undefined,14.9,SUEZ,20/01/2025 18:00:00,AIS,POINT (10.838517 54.875183),626294000_0,0 days 00:01:00,-1.0328474670622383e-06,15.490563952732941,0.0,0,4.921834649945283,54.875183,10.838517
2025-01-06 09:47:01,2025-01-06 09:47:01,Class A,626294000_0,54.878767,10.841,Constrained by her draught,0.0,13.7,22.0,28.0,9274800,TRAV2,YANGTZE,Tanker,No additional information,44.0,249.0,Undefined,14.9,SUEZ,20/01/2025 18:00:00,AIS,POINT (10.841 54.878767),626294000_0,0 days 00:01:00,2.747141122578662e-06,21.730822892260676,0.0,0,4.918744711003916,54.878767,10.841
2025-01-06 09:48:01,2025-01-06 09:48:01,Class A,626294000_0,54.8823,10.843733,Constrained by her draught,0.0,13.8,24.0,28.0,9274800,TRAV2,YANGTZE,Tanker,No additional information,44.0,249.0,Undefined,14.9,SUEZ,20/01/2025 18:00:00,AIS,POINT (10.843733 54.8823),626294000_0,0 days 00:01:00,2.807970803060117e-07,23.988812020978003,0.0,0,4.915419945444031,54.8823,10.843733
2025-01-06 09:49:01,2025-01-06 09:49:01,Class A,626294000_0,54.8857,10.846483,Constrained by her draught,0.0,13.8,24.0,27.0,9274800,TRAV2,YANGTZE,Tanker,No additional information,44.0,249.0,Undefined,14.9,SUEZ,20/01/2025 18:00:00,AIS,POINT (10.846483 54.8857),626294000_0,0 days 00:01:00,-3.6178904942317975e-06,24.94967036534308,0.0,0,4.912104109591836,54.8857,10.846483
2025-01-06 09:50:01,2025-01-06 09:50:01,Class A,626294000_0,54.889267,10.849267,Constrained by her draught,0.0,13.8,24.0,26.0,9274800,TRAV2,YANGTZE,Tanker,No additional information,44.0,249.0,Undefined,14.9,SUEZ,20/01/2025 18:00:00,AIS,POINT (10.849267 54.889267),626294000_0,0 days 00:01:00,4.945740591472111e-06,24.175320997126903,0.0,0,4.908726634412026,54.889267,10.849267
2025-01-06 09:51:00,2025-01-06 09:51:00,Class A,626294000_0,54.8927,10.851883,Constrained by her draught,0.0,13.7,23.0,26.0,9274800,TRAV2,YANGTZE,Tanker,No additional information,44.0,249.0,Undefined,14.9,SUEZ,20/01/2025 18:00:00,AIS,POINT (10.851883 54.8927),626294000_0,0 days 00:00:59,-3.090844290422396e-06,23.664901907541775,0.0,0,4.905540185695047,54.8927,10.851883
2025-01-06 09:52:00,2025-01-06 09:52:00,Class A,626294000_0,54.896133,10.854517,Constrained by her draught,0.0,13.7,23.0,27.0,9274800,TRAV2,YANGTZE,Tanker,No additional information,44.0,249.0,Undefined,14.9,SUEZ,20/01/2025 18:00:00,AIS,POINT (10.854517 54.896133),626294000_0,0 days 00:01:00,-1.8373579586300887e-06,23.807869824059537,0.0,0,4.902337751706017,54.896133,10.854517
2025-01-06 09:53:00,2025-01-06 09:53:00,Class A,626294000_0,54.899517,10.8572,Constrained by her draught,0.0,13.7,24.0,27.0,9274800,TRAV2,YANGTZE,Tanker,No additional information,44.0,249.0,Undefined,14.9,SUEZ,20/01/2025 18:00:00,AIS,POINT (10.8572 54.899517),626294000_0,0 days 00:01:00,-1.0255174274454489e-06,24.50794129673352,0.0,0,4.899097489010501,54.899517,10.8572
2025-01-06 09:54:00,2025-01-06 09:54:00,Class A,626294000_0,54.903,10.859917,Constrained by her draught,0.0,13.6,23.0,27.0,9274800,TRAV2,YANGTZE,Tanker,No additional information,44.0,249.0,Undefined,14.9,SUEZ,20/01/2025 18:00:00,AIS,POINT (10.859917 54.903),626294000_0,0 days 00:01:00,3.0368286615653754e-06,24.156697081532513,0.0,0,4.8958079647393244,54.903,10.859917
2025-01-06 10:01:00,2025-01-06 10:01:00,Class A,626294000_0,54.92675,10.879017,Constrained by her draught,0.0,13.5,25.0,27.0,9274800,TRAV2,YANGTZE,Tanker,No additional information,44.0,249.0,Undefined,14.9,SUEZ,20/01/2025 18:00:00,AIS,POINT (10.879017 54.92675),626294000_0,0 days 00:07:00,-3.5098142131496783e-07,24.8011356143748,0.0,0,4.872860136604068,54.92675,10.879017
2025-01-06 10:02:00,2025-01-06 10:02:00,Class A,626294000_0,54.930167,10.881883,Constrained by her draught,0.0,13.4,25.0,27.0,9274800,TRAV2,YANGTZE,Tanker,No additional information,44.0,249.0,Undefined,14.9,SUEZ,20/01/2025 18:00:00,AIS,POINT (10.881883 54.930167),626294000_0,0 days 00:01:00,1.714737955997176e-06,25.730256750400372,0.0,0,4.869449086010655,54.930167,10.881883
2025-01-06 10:03:00,2025-01-06 10:03:00,Class A,626294000_0,54.933467,10.884633,Constrained by her draught,0.0,13.4,26.0,30.0,9274800,TRAV2,YANGTZE,Tanker,No additional information,44.0,249.0,Undefined,14.9,SUEZ,20/01/2025 18:00:00,AIS,POINT (10.884633 54.933467),626294000_0,0 days 00:01:00,-4.157642932867076e-06,25.583618166655754,0.0,0,4.866174044796384,54.933467,10.884633
2025-01-06 10:04:00,2025-01-06 10:04:00,Class A,626294000_0,54.936817,10.887783,Constrained by her draught,0.0,13.5,28.0,33.0,9274800,TRAV2,YANGTZE,Tanker,No additional information,44.0,249.0,Undefined,14.9,SUEZ,20/01/2025 18:00:00,AIS,POINT (10.887783 54.936817),626294000_0,0 days 00:01:00,4.613736493460647e-06,28.376833850588923,0.0,0,4.862497926297758,54.936817,10.887783
2025-01-06 10:05:00,2025-01-06 10:05:00,Class A,626294000_0,54.940067,10.891233,Constrained by her draught,0.0,13.5,32.0,40.0,9274800,TRAV2,YANGTZE,Tanker,No additional information,44.0,249.0,Undefined,14.9,SUEZ,20/01/2025 18:00:00,AIS,POINT (10.891233 54.940067),626294000_0,0 days 00:01:00,-1.7116563583221647e-08,31.37373353245067,0.0,0,4.8585447535501824,54.940067,10.891233
2025-01-06 10:06:00,2025-01-06 10:06:00,Class A,626294000_0,54.9429,10.895217,Constrained by her draught,0.0,13.3,40.0,50.0,9274800,TRAV2,YANGTZE,Tanker,No additional information,44.0,249.0,Undefined,14.9,SUEZ,20/01/2025 18:00:00,AIS,POINT (10.895217 54.9429),626294000_0,0 days 00:01:00,-5.067608194610117e-06,38.92919377537589,0.0,0,4.854137443604682,54.9429,10.895217
2025-01-06 10:07:00,2025-01-06 10:07:00,Class A,626294000_0,54.9454,10.899983,Constrained by her draught,0.0,13.1,48.0,56.0,9274800,TRAV2,YANGTZE,Tanker,No additional information,44.0,249.0,Undefined,14.9,SUEZ,20/01/2025 18:00:00,AIS,POINT (10.899983 54.9454),626294000_0,0 days 00:01:00,2.063219580554831e-06,47.59409142070916,0.0,0,4.849016701937518,54.9454,10.899983
2025-01-06 10:08:00,2025-01-06 10:08:00,Class A,626294000_0,54.947583,10.90495,Constrained by her draught,0.0,13.1,52.0,57.0,9274800,TRAV2,YANGTZE,Tanker,No additional information,44.0,249.0,Undefined,14.9,SUEZ,20/01/2025 18:00:00,AIS,POINT (10.90495 54.947583),626294000_0,0 days 00:01:00,-3.5419505297577003e-06,52.57381760552835,0.0,0,4.843751991704881,54.947583,10.90495
2025-01-06 10:09:00,2025-01-06 10:09:00,Class A,626294000_0,54.949817,10.910117,Constrained by her draught,0.0,13.1,52.0,55.0,9274800,TRAV2,YANGTZE,Tanker,No additional information,44.0,249.0,Undefined,14.9,SUEZ,20/01/2025 18:00:00,AIS,POINT (10.910117 54.949817),626294000_0,0 days 00:01:00,3.7861070302147207e-06,53.02424732424902,0.0,0,4.838281898482766,54.949817,10.910117
2025-01-06 10:10:00,2025-01-06 10:10:00,Class A,626294000_0,54.95205,10.915033,Constrained by her draught,0.0,13.2,51.0,54.0,9274800,TRAV2,YANGTZE,Tanker,No additional information,44.0,249.0,Undefined,14.9,SUEZ,20/01/2025 18:00:00,AIS,POINT (10.915033 54.95205),626294000_0,0 days 00:01:00,-3.5626655201624267e-06,51.65537776369672,0.0,0,4.833059750775797,54.95205,10.915033
2025-01-06 10:11:00,2025-01-06 10:11:00,Class A,626294000_0,54.954367,10.9201,Constrained by her draught,0.0,13.2,51.0,56.0,9274800,TRAV2,YANGTZE,Tanker,No additional information,44.0,249.0,Undefined,14.9,SUEZ,20/01/2025 18:00:00,AIS,POINT (10.9201 54.954367),626294000_0,0 days 00:01:00,3.7154693243461226e-06,51.467550038734316,0.0,0,4.82767501541156,54.954367,10.9201
2025-01-06 10:12:00,2025-01-06 10:12:00,Class A,626294000_0,54.9565,10.9252,Constrained by her draught,0.0,13.3,54.0,58.0,9274800,TRAV2,YANGTZE,Tanker,No additional information,44.0,249.0,Undefined,14.9,SUEZ,20/01/2025 18:00:00,AIS,POINT (10.9252 54.9565),626294000_0,0 days 00:01:00,-2.9801733472645486e-06,53.9297365024222,0.0,0,4.822289070954581,54.9565,10.9252
2025-01-06 10:13:00,2025-01-06 10:13:00,Class A,626294000_0,54.958583,10.9304,Constrained by her draught,0.0,13.3,55.0,58.0,9274800,TRAV2,YANGTZE,Tanker,No additional information,44.0,249.0,Undefined,14.9,SUEZ,20/01/2025 18:00:00,AIS,POINT (10.9304 54.958583),626294000_0,0 days 00:01:00,5.500399316308614e-07,55.09645494310354,0.0,0,4.816813249280586,54.958583,10.9304
2025-01-06 10:14:00,2025-01-06 10:14:00,Class A,626294000_0,54.960733,10.935817,Constrained by her draught,0.0,13.4,55.0,57.0,9274800,TRAV2,YANGTZE,Tanker,No additional information,44.0,249.0,Undefined,14.9,SUEZ,20/01/2025 18:00:00,AIS,POINT (10.935817 54.960733),626294000_0,0 days 00:01:00,4.349859006033569e-06,55.342579170374165,0.0,0,4.811112562017439,54.960733,10.935817
2025-01-06 10:15:01,2025-01-06 10:15:01,Class A,626294000_0,54.9629,10.941233,Constrained by her draught,0.0,13.4,54.0,57.0,9274800,TRAV2,YANGTZE,Tanker,No additional information,44.0,249.0,Undefined,14.9,SUEZ,20/01/2025 18:00:00,AIS,POINT (10.941233 54.9629),626294000_0,0 days 00:01:01,-1.6168004378325975e-06,55.124805631920765,0.0,0,4.805410323860909,54.9629,10.941233
2025-01-06 10:16:01,2025-01-06 10:16:01,Class A,626294000_0,54.965033,10.946433,Constrained by her draught,0.0,13.4,54.0,57.0,9274800,TRAV2,YANGTZE,Tanker,No additional information,44.0,249.0,Undefined,14.9,SUEZ,20/01/2025 18:00:00,AIS,POINT (10.946433 54.965033),626294000_0,0 days 00:01:00,-1.8276736302729665e-06,54.45180420333725,0.0,0,4.799927045848301,54.965033,10.946433
2025-01-06 10:17:01,2025-01-06 10:17:01,Class A,626294000_0,54.967183,10.951867,Constrained by her draught,0.0,13.4,55.0,54.0,9274800,TRAV2,YANGTZE,Tanker,No additional information,44.0,249.0,Undefined,14.9,SUEZ,20/01/2025 18:00:00,AIS,POINT (10.951867 54.967183),626294000_0,0 days 00:01:00,3.7078339609728934e-06,55.42220224987909,0.0,0,4.794210525748948,54.967183,10.951867
2025-01-06 10:18:01,2025-01-06 10:18:01,Class A,626294000_0,54.969433,10.956883,Constrained by her draught,0.0,13.3,50.0,47.0,9274800,TRAV2,YANGTZE,Tanker,No additional information,44.0,249.0,Undefined,14.9,SUEZ,20/01/2025 18:00:00,AIS,POINT (10.956883 54.969433),626294000_0,0 days 00:01:00,-4.176979001679123e-06,51.99276285179815,0.0,0,4.788889840481404,54.969433,10.956883
2025-01-06 10:19:01,2025-01-06 10:19:01,Class A,626294000_0,54.97205,10.961517,Constrained by her draught,0.0,13.2,43.0,39.0,9274800,TRAV2,YANGTZE,Tanker,No additional information,44.0,249.0,Undefined,14.9,SUEZ,20/01/2025 18:00:00,AIS,POINT (10.961517 54.97205),626294000_0,0 days 00:01:00,2.3637457194800354e-06,45.463800340130945,0.0,0,4.783885297402623,54.97205,10.961517
2025-01-06 10:20:01,2025-01-06 10:20:01,Class A,626294000_0,54.97495,10.965433,Constrained by her draught,0.0,12.9,36.0,31.0,9274800,TRAV2,YANGTZE,Tanker,No additional information,44.0,249.0,Undefined,14.9,SUEZ,20/01/2025 18:00:00,AIS,POINT (10.965433 54.97495),626294000_0,0 days 00:01:00,-1.9659502606946076e-06,37.77542302603911,0.0,0,4.779542652071325,54.97495,10.965433
2025-01-06 10:21:00,2025-01-06 10:21:00,Class A,626294000_0,54.977967,10.968483,Constrained by her draught,0.0,12.7,28.0,24.0,9274800,TRAV2,YANGTZE,Tanker,No additional information,44.0,249.0,Undefined,14.9,SUEZ,20/01/2025 18:00:00,AIS,POINT (10.968483 54.977967),626294000_0,0 days 00:00:59,-3.866581867977233e-06,30.120647926687184,0.0,0,4.776035829142197,54.977967,10.968483
2025-01-06 10:22:00,2025-01-06 10:22:00,Class A,626294000_0,54.981117,10.970833,Constrained by her draught,0.0,12.5,21.0,19.0,9274800,TRAV2,YANGTZE,Tanker,No additional information,44.0,249.0,Undefined,14.9,SUEZ,20/01/2025 18:00:00,AIS,POINT (10.970833 54.981117),626294000_0,0 days 00:01:00,-3.754160710450312e-06,23.175986643041824,0.0,0,4.773198862110188,54.981117,10.970833
2025-01-06 10:23:00,2025-01-06 10:23:00,Class A,626294000_0,54.984483,10.972717,Constrained by her draught,0.0,12.5,16.0,16.0,9274800,TRAV2,YANGTZE,Tanker,No additional information,44.0,249.0,Undefined,14.9,SUEZ,20/01/2025 18:00:00,AIS,POINT (10.972717 54.984483),626294000_0,0 days 00:01:00,3.350909693370571e-06,17.805043972401904,0.0,0,4.770787735961642,54.984483,10.972717
2025-01-06 10:24:00,2025-01-06 10:24:00,Class A,626294000_0,54.9878,10.974283,Constrained by her draught,0.0,12.5,14.0,16.0,9274800,TRAV2,YANGTZE,Tanker,No additional information,44.0,249.0,Undefined,14.9,SUEZ,20/01/2025 18:00:00,AIS,POINT (10.974283 54.9878),626294000_0,0 days 00:01:00,-3.061817923538035e-06,15.156271696071656,0.0,0,4.76870024420376,54.9878,10.974283
2025-01-06 10:25:00,2025-01-06 10:25:00,Class A,626294000_0,54.9912,10.975933,Constrained by her draught,0.0,12.6,15.0,17.0,9274800,TRAV2,YANGTZE,Tanker,No additional information,44.0,249.0,Undefined,14.9,SUEZ,20/01/2025 18:00:00,AIS,POINT (10.975933 54.9912),626294000_0,0 days 00:01:00,2.8704248710912163e-06,15.557915652441693,0.0,0,4.7665182807232584,54.9912,10.975933
2025-01-06 10:26:00,2025-01-06 10:26:00,Class A,626294000_0,54.994533,10.977683,Constrained by her draught,0.0,12.7,16.0,16.0,9274800,TRAV2,YANGTZE,Tanker,No additional information,44.0,249.0,Undefined,14.9,SUEZ,20/01/2025 18:00:00,AIS,POINT (10.977683 54.994533),626294000_0,0 days 00:01:00,-1.4944824662684592e-06,16.76217773009148,0.0,0,4.764250490314924,54.994533,10.977683
2025-01-06 10:27:00,2025-01-06 10:27:00,Class A,626294000_0,54.998,10.979367,Constrained by her draught,0.0,12.7,15.0,15.0,9274800,TRAV2,YANGTZE,Tanker,No additional information,44.0,249.0,Undefined,14.9,SUEZ,20/01/2025 18:00:00,AIS,POINT (10.979367 54.998),626294000_0,0 days 00:01:00,3.651346235649354e-06,15.568472321809736,0.0,0,4.762028107771416,54.998,10.979367
2025-01-06 10:28:00,2025-01-06 10:28:00,Class A,626294000_0,55.001383,10.9809,Constrained by her draught,0.0,12.8,14.0,16.0,9274800,TRAV2,YANGTZE,Tanker,No additional information,44.0,249.0,Undefined,14.9,SUEZ,20/01/2025 18:00:00,AIS,POINT (10.9809 55.001383),626294000_0,0 days 00:01:00,-3.207886719099933e-06,14.569137409868631,0.0,0,4.759970345290505,55.001383,10.9809
2025-01-06 10:35:00,2025-01-06 10:35:00,Class A,626294000_0,55.025533,10.992433,Constrained by her draught,0.0,13.0,15.0,16.0,9274800,TRAV2,YANGTZE,Tanker,No additional information,44.0,249.0,Undefined,14.9,SUEZ,20/01/2025 18:00:00,AIS,POINT (10.992433 55.025533),626294000_0,0 days 00:07:00,3.60773147299666e-07,15.308839677981894,0.0,0,4.744757012373341,55.025533,10.992433
2025-01-06 10:36:00,2025-01-06 10:36:00,Class A,626294000_0,55.029067,10.994133,Constrained by her draught,0.0,13.0,15.0,17.0,9274800,TRAV2,YANGTZE,Tanker,No additional information,44.0,249.0,Undefined,14.9,SUEZ,20/01/2025 18:00:00,AIS,POINT (10.994133 55.029067),626294000_0,0 days 00:01:00,2.7491680397795834e-06,15.414229174608067,0.0,0,4.742527172853099,55.029067,10.994133
2025-01-06 10:37:00,2025-01-06 10:37:00,Class A,626294000_0,55.032567,10.995883,Constrained by her draught,0.0,12.9,16.0,17.0,9274800,TRAV2,YANGTZE,Tanker,No additional information,44.0,249.0,Undefined,14.9,SUEZ,20/01/2025 18:00:00,AIS,POINT (10.995883 55.032567),626294000_0,0 days 00:01:00,-7.71794704531887e-07,15.989885057866104,0.0,0,4.740255394517263,55.032567,10.995883
2025-01-06 10:38:00,2025-01-06 10:38:00,Class A,626294000_0,55.03595,10.9976,Constrained by her draught,0.0,12.9,15.0,16.0,9274800,TRAV2,YANGTZE,Tanker,No additional information,44.0,249.0,Undefined,14.9,SUEZ,20/01/2025 18:00:00,AIS,POINT (10.9976 55.03595),626294000_0,0 days 00:01:00,-3.639066354404798e-06,16.217056400898173,0.0,0,4.738036399622527,55.03595,10.9976
2025-01-06 10:39:00,2025-01-06 10:39:00,Class A,626294000_0,55.039467,10.999233,Constrained by her draught,0.0,12.9,14.0,16.0,9274800,TRAV2,YANGTZE,Tanker,No additional information,44.0,249.0,Undefined,14.9,SUEZ,20/01/2025 18:00:00,AIS,POINT (10.999233 55.039467),626294000_0,0 days 00:01:00,3.5898919648106865e-06,14.898850092615135,0.0,0,4.735881839346289,55.039467,10.999233
2025-01-06 10:48:00,2025-01-06 10:48:00,Class A,626294000_0,55.070367,10.9979,Constrained by her draught,0.0,12.3,340.0,339.0,9274800,TRAV2,YANGTZE,Tanker,No additional information,44.0,249.0,Undefined,14.9,SUEZ,20/01/2025 18:00:00,AIS,POINT (10.9979 55.070367),626294000_0,0 days 00:09:00,-7.060809815707077e-07,358.5850715038602,0.0,0,4.732556130214306,55.070367,10.9979
2025-01-06 10:49:00,2025-01-06 10:49:00,Class A,626294000_0,55.073633,10.995783,Constrained by her draught,0.0,12.3,339.0,340.0,9274800,TRAV2,YANGTZE,Tanker,No additional information,44.0,249.0,Undefined,14.9,SUEZ,20/01/2025 18:00:00,AIS,POINT (10.995783 55.073633),626294000_0,0 days 00:01:00,1.5529120374663744e-06,339.6399205614622,0.0,0,4.734171121079804,55.073633,10.995783
2025-01-06 10:50:00,2025-01-06 10:50:00,Class A,626294000_0,55.076833,10.993833,Constrained by her draught,0.0,12.4,341.0,345.0,9274800,TRAV2,YANGTZE,Tanker,No additional information,44.0,249.0,Undefined,14.9,SUEZ,20/01/2025 18:00:00,AIS,POINT (10.993833 55.076833),626294000_0,0 days 00:01:00,-2.9264664981196033e-06,340.7685850634902,0.0,0,4.7356331486999705,55.076833,10.993833
2025-01-06 10:51:00,2025-01-06 10:51:00,Class A,626294000_0,55.08025,10.992417,Constrained by her draught,0.0,12.4,347.0,352.0,9274800,TRAV2,YANGTZE,Tanker,No additional information,44.0,249.0,Undefined,14.9,SUEZ,20/01/2025 18:00:00,AIS,POINT (10.992417 55.08025),626294000_0,0 days 00:01:00,3.7816131179784895e-06,346.655347560398,0.0,0,4.7365378860624565,55.08025,10.992417
2025-01-06 10:52:00,2025-01-06 10:52:00,Class A,626294000_0,55.083633,10.991683,Constrained by her draught,0.0,12.6,353.0,357.0,9274800,TRAV2,YANGTZE,Tanker,No additional information,44.0,249.0,Undefined,14.9,SUEZ,20/01/2025 18:00:00,AIS,POINT (10.991683 55.083633),626294000_0,0 days 00:01:00,-3.1893894268507475e-06,352.9208176539457,0.0,0,4.736775358476059,55.083633,10.991683
2025-01-06 10:53:00,2025-01-06 10:53:00,Class A,626294000_0,55.087083,10.991383,Constrained by her draught,0.0,12.6,357.0,357.0,9274800,TRAV2,YANGTZE,Tanker,No additional information,44.0,249.0,Undefined,14.9,SUEZ,20/01/2025 18:00:00,AIS,POINT (10.991383 55.087083),626294000_0,0 days 00:01:00,1.3973441109360145e-06,357.15086087722744,0.0,0,4.736576226354432,55.087083,10.991383
2025-01-06 10:54:00,2025-01-06 10:54:00,Class A,626294000_0,55.090633,10.991033,Constrained by her draught,0.0,12.6,356.0,358.0,9274800,TRAV2,YANGTZE,Tanker,No additional information,44.0,249.0,Undefined,14.9,SUEZ,20/01/2025 18:00:00,AIS,POINT (10.991033 55.090633),626294000_0,0 days 00:01:00,3.1351765253453696e-06,356.77068376017667,0.0,0,4.736414838531989,55.090633,10.991033
2025-01-06 10:55:00,2025-01-06 10:55:00,Class A,626294000_0,55.0941,10.990867,Constrained by her draught,0.0,12.7,358.0,359.0,9274800,TRAV2,YANGTZE,Tanker,No additional information,44.0,249.0,Undefined,14.9,SUEZ,20/01/2025 18:00:00,AIS,POINT (10.990867 55.0941),626294000_0,0 days 00:01:00,-2.7015720895242977e-06,358.4305803039039,0.0,0,4.736085775173947,55.0941,10.990867
2025-01-06 10:56:00,2025-01-06 10:56:00,Class A,626294000_0,55.097683,10.99085,Constrained by her draught,0.0,12.8,359.0,359.0,9274800,TRAV2,YANGTZE,Tanker,No additional information,44.0,249.0,Undefined,14.9,SUEZ,20/01/2025 18:00:00,AIS,POINT (10.99085 55.097683),626294000_0,0 days 00:01:00,3.5472066048962095e-06,359.8444551547932,0.0,0,4.735595345354689,55.097683,10.99085
2025-01-06 10:57:00,2025-01-06 10:57:00,Class A,626294000_0,55.101383,10.990733,Constrained by her draught,0.0,13.0,358.0,359.0,9274800,TRAV2,YANGTZE,Tanker,No additional information,44.0,249.0,Undefined,14.9,SUEZ,20/01/2025 18:00:00,AIS,POINT (10.990733 55.101383),626294000_0,0 days 00:01:00,3.6365384151103586e-06,358.9635433771252,0.0,0,4.735190152535165,55.101383,10.990733
2025-01-06 10:58:00,2025-01-06 10:58:00,Class A,626294000_0,55.104933,10.990533,Constrained by her draught,0.0,13.1,358.0,0.0,9274800,TRAV2,YANGTZE,Tanker,No additional information,44.0,249.0,Undefined,14.9,SUEZ,20/01/2025 18:00:00,AIS,POINT (10.990533 55.104933),626294000_0,0 days 00:01:00,-4.60004024582956e-06,358.15401947658773,0.0,0,4.734890957378639,55.104933,10.990533
2025-01-06 10:59:00,2025-01-06 10:59:00,Class A,626294000_0,55.1085,10.9905,Constrained by her draught,0.0,13.1,359.0,1.0,9274800,TRAV2,YANGTZE,Tanker,No additional information,44.0,249.0,Undefined,14.9,SUEZ,20/01/2025 18:00:00,AIS,POINT (10.9905 55.1085),626294000_0,0 days 00:01:00,4.7006143257864094e-07,359.69678979979994,0.0,0,4.734426671419465,55.1085,10.9905
2025-01-06 11:00:00,2025-01-06 11:00:00,Class A,626294000_0,55.1122,10.990533,Constrained by her draught,0.0,13.1,0.0,1.0,9274800,TRAV2,YANGTZE,Tanker,No additional information,44.0,249.0,Undefined,14.9,SUEZ,20/01/2025 18:00:00,AIS,POINT (10.990533 55.1122),626294000_0,0 days 00:01:00,4.112871174755811e-06,0.29228414769232813,0.0,0,4.733881280563446,55.1122,10.990533
2025-01-06 11:01:00,2025-01-06 11:01:00,Class A,626294000_0,55.1158,10.990583,Constrained by her draught,0.0,13.1,359.0,0.0,9274800,TRAV2,YANGTZE,Tanker,No additional information,44.0,249.0,Undefined,14.9,SUEZ,20/01/2025 18:00:00,AIS,POINT (10.990583 55.1158),626294000_0,0 days 00:01:00,-3.0902771804626618e-06,0.4551096518041504,0.0,0,4.733335623856499,55.1158,10.990583
2025-01-06 11:02:00,2025-01-06 11:02:00,Class A,626294000_0,55.119533,10.9905,Constrained by her draught,0.0,13.2,359.0,0.0,9274800,TRAV2,YANGTZE,Tanker,No additional information,44.0,249.0,Undefined,14.9,SUEZ,20/01/2025 18:00:00,AIS,POINT (10.9905 55.119533),626294000_0,0 days 00:01:00,4.118778656699163e-06,359.27152645162755,0.0,0,4.732906216189478,55.119533,10.9905
2025-01-06 11:03:00,2025-01-06 11:03:00,Class A,626294000_0,55.123117,10.9904,Constrained by her draught,0.0,13.2,359.0,0.0,9274800,TRAV2,YANGTZE,Tanker,No additional information,44.0,249.0,Undefined,14.9,SUEZ,20/01/2025 18:00:00,AIS,POINT (10.9904 55.123117),626294000_0,0 days 00:01:00,-4.602784332484354e-06,359.085943028716,0.0,0,4.732516807749235,55.123117,10.9904
2025-01-06 11:04:00,2025-01-06 11:04:00,Class A,626294000_0,55.126833,10.990317,Constrained by her draught,0.0,13.1,359.0,0.0,9274800,TRAV2,YANGTZE,Tanker,No additional information,44.0,249.0,Undefined,14.9,SUEZ,20/01/2025 18:00:00,AIS,POINT (10.990317 55.126833),626294000_0,0 days 00:01:00,4.077257809989663e-06,359.2683279270568,0.0,0,4.732095398615925,55.126833,10.990317
2025-01-06 11:05:01,2025-01-06 11:05:01,Class A,626294000_0,55.130517,10.990167,Constrained by her draught,0.0,13.2,358.0,4.0,9274800,TRAV2,YANGTZE,Tanker,No additional information,44.0,249.0,Undefined,14.9,SUEZ,20/01/2025 18:00:00,AIS,POINT (10.990167 55.130517),626294000_0,0 days 00:01:01,-2.789519970222627e-06,358.66650671203024,0.0,0,4.731747564123218,55.130517,10.990167
2025-01-06 11:06:01,2025-01-06 11:06:01,Class A,626294000_0,55.1341,10.990467,Constrained by her draught,0.0,13.2,3.0,8.0,9274800,TRAV2,YANGTZE,Tanker,No additional information,44.0,249.0,Undefined,14.9,SUEZ,20/01/2025 18:00:00,AIS,POINT (10.990467 55.1341),626294000_0,0 days 00:01:00,-1.1587189530824886e-06,2.740322850742473,0.0,0,4.730970109248736,55.1341,10.990467
2025-01-06 11:07:01,2025-01-06 11:07:01,Class A,626294000_0,55.1378,10.991233,Constrained by her draught,0.0,13.2,7.0,14.0,9274800,TRAV2,YANGTZE,Tanker,No additional information,44.0,249.0,Undefined,14.9,SUEZ,20/01/2025 18:00:00,AIS,POINT (10.991233 55.1378),626294000_0,0 days 00:01:00,4.292686826177829e-06,6.74885512969513,0.0,0,4.729717843917225,55.1378,10.991233
2025-01-06 11:08:01,2025-01-06 11:08:01,Class A,626294000_0,55.1413,10.992567,Constrained by her draught,0.0,13.2,12.0,16.0,9274800,TRAV2,YANGTZE,Tanker,No additional information,44.0,249.0,Undefined,14.9,SUEZ,20/01/2025 18:00:00,AIS,POINT (10.992567 55.1413),626294000_0,0 days 00:01:00,-4.436973326311239e-06,12.2895099308368,0.0,0,4.727931685378397,55.1413,10.992567
2025-01-06 11:09:01,2025-01-06 11:09:01,Class A,626294000_0,55.1449,10.9942,Constrained by her draught,0.0,13.2,14.0,16.0,9274800,TRAV2,YANGTZE,Tanker,No additional information,44.0,249.0,Undefined,14.9,SUEZ,20/01/2025 18:00:00,AIS,POINT (10.9942 55.1449),626294000_0,0 days 00:01:00,4.239097485565967e-06,14.533384464583492,0.0,0,4.725838266196591,55.1449,10.9942
2025-01-06 11:10:01,2025-01-06 11:10:01,Class A,626294000_0,55.148417,10.99575,Constrained by her draught,0.0,13.2,13.0,18.0,9274800,TRAV2,YANGTZE,Tanker,No additional information,44.0,249.0,Undefined,14.9,SUEZ,20/01/2025 18:00:00,AIS,POINT (10.99575 55.148417),626294000_0,0 days 00:01:00,-2.851752501773549e-06,14.135848996171092,0.0,0,4.723840371194713,55.148417,10.99575
2025-01-06 11:11:01,2025-01-06 11:11:01,Class A,626294000_0,55.151983,10.997617,Constrained by her draught,0.0,13.2,18.0,26.0,9274800,TRAV2,YANGTZE,Tanker,No additional information,44.0,249.0,Undefined,14.9,SUEZ,20/01/2025 18:00:00,AIS,POINT (10.997617 55.151983),626294000_0,0 days 00:01:00,2.9543062090352177e-06,16.65504762633941,0.0,0,4.72152407838846,55.151983,10.997617
2025-01-06 11:12:01,2025-01-06 11:12:01,Class A,626294000_0,55.155383,11.00025,Constrained by her draught,0.0,13.1,24.0,33.0,9274800,TRAV2,YANGTZE,Tanker,No additional information,44.0,249.0,Undefined,14.9,SUEZ,20/01/2025 18:00:00,AIS,POINT (11.00025 55.155383),626294000_0,0 days 00:01:00,-1.0901036084796113e-07,23.867409531330225,0.0,0,4.7184720181373345,55.155383,11.00025
2025-01-06 11:13:01,2025-01-06 11:13:01,Class A,626294000_0,55.15845,11.003417,Constrained by her draught,0.0,13.0,31.0,40.0,9274800,TRAV2,YANGTZE,Tanker,No additional information,44.0,249.0,Undefined,14.9,SUEZ,20/01/2025 18:00:00,AIS,POINT (11.003417 55.15845),626294000_0,0 days 00:01:00,-4.834295159421486e-06,30.537571092753865,0.0,0,4.7149352792275945,55.15845,11.003417
2025-01-06 11:14:01,2025-01-06 11:14:01,Class A,626294000_0,55.16135,11.007283,Constrained by her draught,0.0,12.9,38.0,47.0,9274800,TRAV2,YANGTZE,Tanker,No additional information,44.0,249.0,Undefined,14.9,SUEZ,20/01/2025 18:00:00,AIS,POINT (11.007283 55.16135),626294000_0,0 days 00:01:00,2.63541138703158e-06,37.29081079282281,0.0,0,4.710728241086405,55.16135,11.007283
2025-01-06 11:15:01,2025-01-06 11:15:01,Class A,626294000_0,55.163883,11.011483,Constrained by her draught,0.0,12.7,44.0,52.0,9274800,TRAV2,YANGTZE,Tanker,No additional information,44.0,249.0,Undefined,14.9,SUEZ,20/01/2025 18:00:00,AIS,POINT (11.011483 55.163883),626294000_0,0 days 00:01:00,-4.813785986418813e-06,43.4449029326812,0.0,0,4.706238117718439,55.163883,11.011483
2025-01-06 11:16:01,2025-01-06 11:16:01,Class A,626294000_0,55.166117,11.016033,Constrained by her draught,0.0,12.6,49.0,55.0,9274800,TRAV2,YANGTZE,Tanker,No additional information,44.0,249.0,Undefined,14.9,SUEZ,20/01/2025 18:00:00,AIS,POINT (11.016033 55.166117),626294000_0,0 days 00:01:00,-1.8863517908118342e-06,49.31736305391786,0.0,0,4.701439848732513,55.166117,11.016033
2025-01-06 11:17:01,2025-01-06 11:17:01,Class A,626294000_0,55.168283,11.020917,Constrained by her draught,0.0,12.5,52.0,57.0,9274800,TRAV2,YANGTZE,Tanker,No additional information,44.0,249.0,Undefined,14.9,SUEZ,20/01/2025 18:00:00,AIS,POINT (11.020917 55.168283),626294000_0,0 days 00:01:00,3.251118942510809e-06,52.17085222853336,0.0,0,4.696319526267564,55.168283,11.020917
2025-01-06 11:18:01,2025-01-06 11:18:01,Class A,626294000_0,55.170317,11.025733,Constrained by her draught,0.0,12.5,53.0,57.0,9274800,TRAV2,YANGTZE,Tanker,No additional information,44.0,249.0,Undefined,14.9,SUEZ,20/01/2025 18:00:00,AIS,POINT (11.025733 55.170317),626294000_0,0 days 00:01:00,-3.4258857705916393e-06,53.516771031955045,0.0,0,4.691283918315966,55.170317,11.025733
2025-01-06 11:19:01,2025-01-06 11:19:01,Class A,626294000_0,55.17235,11.0307,Constrained by her draught,0.0,12.4,54.0,60.0,9274800,TRAV2,YANGTZE,Tanker,No additional information,44.0,249.0,Undefined,14.9,SUEZ,20/01/2025 18:00:00,AIS,POINT (11.0307 55.17235),626294000_0,0 days 00:01:00,2.140833933013513e-06,54.370344819501554,0.0,0,4.686099076305153,55.17235,11.0307
2025-01-06 11:20:01,2025-01-06 11:20:01,Class A,626294000_0,55.174317,11.035517,Constrained by her draught,0.0,12.4,54.0,59.0,9274800,TRAV2,YANGTZE,Tanker,No additional information,44.0,249.0,Undefined,14.9,SUEZ,20/01/2025 18:00:00,AIS,POINT (11.035517 55.174317),626294000_0,0 days 00:01:00,-3.350263050362941e-06,54.43245633549833,0.0,0,4.681071787463422,55.174317,11.035517
2025-01-06 11:26:01,2025-01-06 11:26:01,Class A,626294000_0,55.186783,11.065433,Constrained by her draught,0.0,12.8,56.0,62.0,9274800,TRAV2,YANGTZE,Tanker,No additional information,44.0,249.0,Undefined,14.9,SUEZ,20/01/2025 18:00:00,AIS,POINT (11.065433 55.186783),626294000_0,0 days 00:06:00,7.358015366785331e-07,53.86641269442487,0.0,0,4.649827289960993,55.186783,11.065433
2025-01-06 11:27:01,2025-01-06 11:27:01,Class A,626294000_0,55.188667,11.0705,Constrained by her draught,0.0,12.7,56.0,60.0,9274800,TRAV2,YANGTZE,Tanker,No additional information,44.0,249.0,Undefined,14.9,SUEZ,20/01/2025 18:00:00,AIS,POINT (11.0705 55.188667),626294000_0,0 days 00:01:00,-2.228919560224518e-06,56.92191014132783,0.0,0,4.644565138850892,55.188667,11.0705
2025-01-06 11:28:01,2025-01-06 11:28:01,Class A,626294000_0,55.190567,11.075517,Constrained by her draught,0.0,12.6,56.0,59.0,9274800,TRAV2,YANGTZE,Tanker,No additional information,44.0,249.0,Undefined,14.9,SUEZ,20/01/2025 18:00:00,AIS,POINT (11.075517 55.190567),626294000_0,0 days 00:01:00,-4.7188051334525843e-07,56.43748569016714,0.0,0,4.639350945917543,55.190567,11.075517
2025-01-06 11:29:01,2025-01-06 11:29:01,Class A,626294000_0,55.192483,11.080717,Constrained by her draught,0.0,12.5,56.0,54.0,9274800,TRAV2,YANGTZE,Tanker,No additional information,44.0,249.0,Undefined,14.9,SUEZ,20/01/2025 18:00:00,AIS,POINT (11.080717 55.192483),626294000_0,0 days 00:01:00,2.9778281366080156e-06,57.15650601860892,0.0,0,4.633953523893178,55.192483,11.080717
2025-01-06 11:30:01,2025-01-06 11:30:01,Class A,626294000_0,55.194633,11.0853,Constrained by her draught,0.0,12.3,48.0,40.0,9274800,TRAV2,YANGTZE,Tanker,No additional information,44.0,249.0,Undefined,14.9,SUEZ,20/01/2025 18:00:00,AIS,POINT (11.0853 55.194633),626294000_0,0 days 00:01:00,-4.573574724724703e-06,50.582551354999566,0.0,0,4.62913980828458,55.194633,11.0853
2025-01-06 11:31:01,2025-01-06 11:31:01,Class A,626294000_0,55.197367,11.088833,Constrained by her draught,0.0,12.0,35.0,35.0,9274800,TRAV2,YANGTZE,Tanker,No additional information,44.0,249.0,Undefined,14.9,SUEZ,20/01/2025 18:00:00,AIS,POINT (11.088833 55.197367),626294000_0,0 days 00:01:00,2.8684992046339926e-07,36.41015503216141,0.0,0,4.625296751263642,55.197367,11.088833
2025-01-06 11:32:01,2025-01-06 11:32:01,Class A,626294000_0,55.200133,11.091917,Constrained by her draught,0.0,12.1,31.0,34.0,9274800,TRAV2,YANGTZE,Tanker,No additional information,44.0,249.0,Undefined,14.9,SUEZ,20/01/2025 18:00:00,AIS,POINT (11.091917 55.200133),626294000_0,0 days 00:01:00,-3.687392774271604e-06,32.46924896808332,0.0,0,4.621896513445752,55.200133,11.091917
2025-01-06 11:33:01,2025-01-06 11:33:01,Class A,626294000_0,55.203067,11.0951,Constrained by her draught,0.0,12.2,31.0,32.0,9274800,TRAV2,YANGTZE,Tanker,No additional information,44.0,249.0,Undefined,14.9,SUEZ,20/01/2025 18:00:00,AIS,POINT (11.0951 55.203067),626294000_0,0 days 00:01:00,5.327935101909108e-06,31.76131550454835,0.0,0,4.6183787340828815,55.203067,11.0951
2025-01-06 11:34:00,2025-01-06 11:34:00,Class A,626294000_0,55.206017,11.097867,Constrained by her draught,0.0,12.2,27.0,26.0,9274800,TRAV2,YANGTZE,Tanker,No additional information,44.0,249.0,Undefined,14.9,SUEZ,20/01/2025 18:00:00,AIS,POINT (11.097867 55.206017),626294000_0,0 days 00:00:59,-1.52624538363667e-06,28.156732345247235,0.0,0,4.615273313487077,55.206017,11.097867
2025-01-06 11:35:00,2025-01-06 11:35:00,Class A,626294000_0,55.2091,11.10015,Constrained by her draught,-3.6,12.3,22.0,18.0,9274800,TRAV2,YANGTZE,Tanker,No additional information,44.0,249.0,Undefined,14.9,SUEZ,20/01/2025 18:00:00,AIS,POINT (11.10015 55.2091),626294000_0,0 days 00:01:00,-1.742089146704462e-06,22.905079774388582,0.0,0,4.612633731800956,55.2091,11.10015
2025-01-06 11:36:00,2025-01-06 11:36:00,Class A,626294000_0,55.212417,11.101767,Constrained by her draught,-4.5,12.2,14.0,8.0,9274800,TRAV2,YANGTZE,Tanker,No additional information,44.0,249.0,Undefined,14.9,SUEZ,20/01/2025 18:00:00,AIS,POINT (11.101767 55.212417),626294000_0,0 days 00:01:00,2.9509113746803834e-06,15.542778417617512,0.0,0,4.61062888230944,55.212417,11.101767
2025-01-06 11:37:00,2025-01-06 11:37:00,Class A,626294000_0,55.2157,11.10225,Constrained by her draught,0.0,12.0,2.0,0.0,9274800,TRAV2,YANGTZE,Tanker,No additional information,44.0,249.0,Undefined,14.9,SUEZ,20/01/2025 18:00:00,AIS,POINT (11.10225 55.2157),626294000_0,0 days 00:01:00,-4.603459644280638e-06,4.797654737288838,0.0,0,4.609756055774319,55.2157,11.10225
2025-01-06 11:38:00,2025-01-06 11:38:00,Class A,626294000_0,55.219117,11.102133,Constrained by her draught,0.0,12.1,358.0,0.0,9274800,TRAV2,YANGTZE,Tanker,No additional information,44.0,249.0,Undefined,14.9,SUEZ,20/01/2025 18:00:00,AIS,POINT (11.102133 55.219117),626294000_0,0 days 00:01:00,3.8056005807485857e-06,358.8810313426383,0.0,0,4.609465296349459,55.219117,11.102133
2025-01-06 11:51:00,2025-01-06 11:51:00,Class A,626294000_0,55.262733,11.077917,Constrained by her draught,0.0,13.3,335.0,336.0,9274800,TRAV2,YANGTZE,Tanker,No additional information,44.0,249.0,Undefined,14.9,SUEZ,20/01/2025 18:00:00,AIS,POINT (11.077917 55.262733),626294000_0,0 days 00:13:00,2.431405617055389e-07,342.4453030645126,0.0,0,4.628562253897209,55.262733,11.077917
2025-01-06 11:52:00,2025-01-06 11:52:00,Class A,626294000_0,55.266033,11.075283,Constrained by her draught,0.0,13.3,335.0,337.0,9274800,TRAV2,YANGTZE,Tanker,No additional information,44.0,249.0,Undefined,14.9,SUEZ,20/01/2025 18:00:00,AIS,POINT (11.075283 55.266033),626294000_0,0 days 00:01:00,3.302067629559902e-06,335.545212236846,0.0,0,4.630822919251609,55.266033,11.075283
2025-01-06 11:53:00,2025-01-06 11:53:00,Class A,626294000_0,55.269483,11.0726,Constrained by her draught,0.0,13.4,335.0,336.0,9274800,TRAV2,YANGTZE,Tanker,No additional information,44.0,249.0,Undefined,14.9,SUEZ,20/01/2025 18:00:00,AIS,POINT (11.0726 55.269483),626294000_0,0 days 00:01:00,4.5837486773389065e-06,336.1040394263983,0.0,0,4.633118957575448,55.269483,11.0726
2025-01-06 11:54:00,2025-01-06 11:54:00,Class A,626294000_0,55.2728,11.0699,Constrained by her draught,0.0,13.4,335.0,336.0,9274800,TRAV2,YANGTZE,Tanker,No additional information,44.0,249.0,Undefined,14.9,SUEZ,20/01/2025 18:00:00,AIS,POINT (11.0699 55.2728),626294000_0,0 days 00:01:00,-3.622166617347986e-06,335.1228219998131,0.0,0,4.6354490420506185,55.2728,11.0699
2025-01-06 11:55:00,2025-01-06 11:55:00,Class A,626294000_0,55.27625,11.06715,Constrained by her draught,0.0,13.4,335.0,337.0,9274800,TRAV2,YANGTZE,Tanker,No additional information,44.0,249.0,Undefined,14.9,SUEZ,20/01/2025 18:00:00,AIS,POINT (11.06715 55.27625),626294000_0,0 days 00:01:00,4.103968786646353e-06,335.5800002250667,0.0,0,4.637817562997493,55.27625,11.06715
2025-01-06 11:56:00,2025-01-06 11:56:00,Class A,626294000_0,55.2796,11.0645,Constrained by her draught,0.0,13.4,335.0,336.0,9274800,TRAV2,YANGTZE,Tanker,No additional information,44.0,249.0,Undefined,14.9,SUEZ,20/01/2025 18:00:00,AIS,POINT (11.0645 55.2796),626294000_0,0 days 00:01:00,-3.5470869898429884e-06,335.74589872107504,0.0,0,4.640100110627786,55.2796,11.0645
2025-01-06 12:01:01,2025-01-06 12:01:01,Class A,626294000_0,55.2966,11.05065,Constrained by her draught,0.0,13.5,335.0,337.0,9274800,TRAV2,YANGTZE,Tanker,No additional information,44.0,249.0,Undefined,14.9,SUEZ,20/01/2025 18:00:00,AIS,POINT (11.05065 55.2966),626294000_0,0 days 00:05:01,3.7832101572742246e-07,335.1174812150041,0.0,0,4.652126561664892,55.2966,11.05065
2025-01-06 12:02:01,2025-01-06 12:02:01,Class A,626294000_0,55.29995,11.04795,Constrained by her draught,0.0,13.5,335.0,337.0,9274800,TRAV2,YANGTZE,Tanker,No additional information,44.0,249.0,Undefined,14.9,SUEZ,20/01/2025 18:00:00,AIS,POINT (11.04795 55.29995),626294000_0,0 days 00:01:00,-1.5416904432862816e-06,335.3534528574609,0.0,0,4.654475881562606,55.29995,11.04795
2025-01-06 12:03:01,2025-01-06 12:03:01,Class A,626294000_0,55.303383,11.045117,Constrained by her draught,0.0,13.4,335.0,343.0,9274800,TRAV2,YANGTZE,Tanker,No additional information,44.0,249.0,Undefined,14.9,SUEZ,20/01/2025 18:00:00,AIS,POINT (11.045117 55.303383),626294000_0,0 days 00:01:00,3.3154373515742e-06,334.83869812526365,0.0,0,4.6569520801273026,55.303383,11.045117
2025-01-06 12:04:01,2025-01-06 12:04:01,Class A,626294000_0,55.30695,11.04295,Constrained by her draught,0.0,13.4,340.0,348.0,9274800,TRAV2,YANGTZE,Tanker,No additional information,44.0,249.0,Undefined,14.9,SUEZ,20/01/2025 18:00:00,AIS,POINT (11.04295 55.30695),626294000_0,0 days 00:01:00,-5.96739292911281e-07,340.92551295222466,0.0,0,4.658755246205579,55.30695,11.04295
2025-01-06 12:05:01,2025-01-06 12:05:01,Class A,626294000_0,55.310483,11.04135,Constrained by her draught,0.0,13.3,345.0,352.0,9274800,TRAV2,YANGTZE,Tanker,No additional information,44.0,249.0,Undefined,14.9,SUEZ,20/01/2025 18:00:00,AIS,POINT (11.04135 55.310483),626294000_0,0 days 00:01:00,-3.901267688558912e-06,345.5470114721442,0.0,0,4.660000497268751,55.310483,11.04135
2025-01-06 12:06:00,2025-01-06 12:06:00,Class A,626294000_0,55.314017,11.040033,Constrained by her draught,0.0,13.3,348.0,352.0,9274800,TRAV2,YANGTZE,Tanker,No additional information,44.0,249.0,Undefined,14.9,SUEZ,20/01/2025 18:00:00,AIS,POINT (11.040033 55.314017),626294000_0,0 days 00:00:59,7.929130173309401e-07,348.02637545390564,0.0,0,4.660966881479637,55.314017,11.040033
2025-01-06 12:07:00,2025-01-06 12:07:00,Class A,626294000_0,55.317583,11.038783,Constrained by her draught,0.0,13.2,348.0,352.0,9274800,TRAV2,YANGTZE,Tanker,No additional information,44.0,249.0,Undefined,14.9,SUEZ,20/01/2025 18:00:00,AIS,POINT (11.038783 55.317583),626294000_0,0 days 00:01:00,-1.163518533540241e-06,348.71969111748314,0.0,0,4.661866346975854,55.317583,11.038783
2025-01-06 12:08:00,2025-01-06 12:08:00,Class A,626294000_0,55.3212,11.037567,Constrained by her draught,0.0,13.0,348.0,354.0,9274800,TRAV2,YANGTZE,Tanker,No additional information,44.0,249.0,Undefined,14.9,SUEZ,20/01/2025 18:00:00,AIS,POINT (11.037567 55.3212),626294000_0,0 days 00:01:00,1.432254394299473e-06,349.1710671224563,0.0,0,4.662729987250496,55.3212,11.037567
2025-01-06 12:09:00,2025-01-06 12:09:00,Class A,626294000_0,55.3247,11.036783,Constrained by her draught,0.0,12.8,355.0,5.0,9274800,TRAV2,YANGTZE,Tanker,No additional information,44.0,249.0,Undefined,14.9,SUEZ,20/01/2025 18:00:00,AIS,POINT (11.036783 55.3247),626294000_0,0 days 00:01:00,-4.775815702825617e-06,352.737423988956,0.0,0,4.663177610650167,55.3247,11.036783
2025-01-06 12:10:00,2025-01-06 12:10:00,Class A,626294000_0,55.3283,11.036967,Constrained by her draught,0.0,12.7,1.0,5.0,9274800,TRAV2,YANGTZE,Tanker,No additional information,44.0,249.0,Undefined,14.9,SUEZ,20/01/2025 18:00:00,AIS,POINT (11.036967 55.3283),626294000_0,0 days 00:01:00,2.2605383416338223e-06,1.665448493824897,0.0,0,4.662654836121263,55.3283,11.036967
2025-01-06 12:11:00,2025-01-06 12:11:00,Class A,626294000_0,55.331967,11.03705,Constrained by her draught,0.0,13.0,0.0,5.0,9274800,TRAV2,YANGTZE,Tanker,No additional information,44.0,249.0,Undefined,14.9,SUEZ,20/01/2025 18:00:00,AIS,POINT (11.03705 55.331967),626294000_0,0 days 00:01:00,2.034215777935904e-06,0.7376345277965015,0.0,0,4.662229107490214,55.331967,11.03705
2025-01-06 12:12:01,2025-01-06 12:12:01,Class A,626294000_0,55.33555,11.0372,Constrained by her draught,0.0,13.2,2.0,7.0,9274800,TRAV2,YANGTZE,Tanker,No additional information,44.0,249.0,Undefined,14.9,SUEZ,20/01/2025 18:00:00,AIS,POINT (11.0372 55.33555),626294000_0,0 days 00:01:01,-4.320485091661436e-06,1.364021336944063,0.0,0,4.661747274590076,55.33555,11.0372
2025-01-06 12:13:01,2025-01-06 12:13:01,Class A,626294000_0,55.339283,11.037617,Constrained by her draught,0.0,13.4,3.0,7.0,9274800,TRAV2,YANGTZE,Tanker,No additional information,44.0,249.0,Undefined,14.9,SUEZ,20/01/2025 18:00:00,AIS,POINT (11.037617 55.339283),626294000_0,0 days 00:01:00,6.657997136032528e-06,3.6350684869898373,0.0,0,4.660988528134564,55.339283,11.037617
2025-01-06 12:14:01,2025-01-06 12:14:01,Class A,626294000_0,55.342983,11.038,Constrained by her draught,0.0,13.6,3.0,7.0,9274800,TRAV2,YANGTZE,Tanker,No additional information,44.0,249.0,Undefined,14.9,SUEZ,20/01/2025 18:00:00,AIS,POINT (11.038 55.342983),626294000_0,0 days 00:01:00,-1.055268246087229e-06,3.3687859435957535,0.0,0,4.660269543024846,55.342983,11.038
2025-01-06 12:15:01,2025-01-06 12:15:01,Class A,626294000_0,55.346867,11.038367,Constrained by her draught,0.0,13.8,3.0,7.0,9274800,TRAV2,YANGTZE,Tanker,No additional information,44.0,249.0,Undefined,14.9,SUEZ,20/01/2025 18:00:00,AIS,POINT (11.038367 55.346867),626294000_0,0 days 00:01:00,5.665327676746193e-06,3.075417784482113,0.0,0,4.659552782530316,55.346867,11.038367
2025-01-06 12:16:01,2025-01-06 12:16:01,Class A,626294000_0,55.350783,11.038783,Constrained by her draught,0.0,13.9,3.0,7.0,9274800,TRAV2,YANGTZE,Tanker,No additional information,44.0,249.0,Undefined,14.9,SUEZ,20/01/2025 18:00:00,AIS,POINT (11.038783 55.350783),626294000_0,0 days 00:01:00,1.0373315746540034e-06,3.4563290392124486,0.0,0,4.658787519458898,55.350783,11.038783
2025-01-06 12:22:00,2025-01-06 12:22:00,Class A,626294000_0,55.373033,11.0365,Constrained by her draught,0.0,13.0,343.0,332.0,9274800,TRAV2,YANGTZE,Tanker,No additional information,44.0,249.0,Undefined,14.9,SUEZ,20/01/2025 18:00:00,AIS,POINT (11.0365 55.373033),626294000_0,0 days 00:05:59,-1.0241452545193823e-06,356.66318801530247,0.0,0,4.6591303246684355,55.373033,11.0365
2025-01-06 12:23:00,2025-01-06 12:23:00,Class A,626294000_0,55.37625,11.033783,Constrained by her draught,0.0,12.6,332.0,327.0,9274800,TRAV2,YANGTZE,Tanker,No additional information,44.0,249.0,Undefined,14.9,SUEZ,20/01/2025 18:00:00,AIS,POINT (11.033783 55.37625),626294000_0,0 days 00:01:00,-4.8022909242140345e-06,334.36501736010206,0.0,0,4.661567308188203,55.37625,11.033783
2025-01-06 12:24:00,2025-01-06 12:24:00,Class A,626294000_0,55.379233,11.0308,Constrained by her draught,0.0,12.6,330.0,325.0,9274800,TRAV2,YANGTZE,Tanker,No additional information,44.0,249.0,Undefined,14.9,SUEZ,20/01/2025 18:00:00,AIS,POINT (11.0308 55.379233),626294000_0,0 days 00:01:00,-4.237894241580775e-06,330.39757101677196,0.0,0,4.664291319144314,55.379233,11.0308
2025-01-06 12:25:00,2025-01-06 12:25:00,Class A,626294000_0,55.382217,11.027667,Constrained by her draught,0.0,12.6,328.0,325.0,9274800,TRAV2,YANGTZE,Tanker,No additional information,44.0,249.0,Undefined,14.9,SUEZ,20/01/2025 18:00:00,AIS,POINT (11.027667 55.382217),626294000_0,0 days 00:01:00,1.3559068746998194e-06,329.18569530846617,0.0,0,4.667166962150166,55.382217,11.027667
2025-01-06 12:45:00,2025-01-06 12:45:00,Class A,626294000_0,55.44125,10.958533,Constrained by her draught,0.0,12.7,325.0,326.0,9274800,TRAV2,YANGTZE,Tanker,No additional information,44.0,249.0,Undefined,14.9,SUEZ,20/01/2025 18:00:00,AIS,POINT (10.958533 55.44125),626294000_0,0 days 00:20:00,1.0864611790159518e-07,326.41214546136877,0.0,0,4.731647453981436,55.44125,10.958533
2025-01-06 12:46:00,2025-01-06 12:46:00,Class A,626294000_0,55.444133,10.95515,Constrained by her draught,0.0,12.7,326.0,326.0,9274800,TRAV2,YANGTZE,Tanker,No additional information,44.0,249.0,Undefined,14.9,SUEZ,20/01/2025 18:00:00,AIS,POINT (10.95515 55.444133),626294000_0,0 days 00:01:00,-2.511144105054993e-06,326.35344803555006,0.0,0,4.734825388073461,55.444133,10.95515
2025-01-06 12:47:00,2025-01-06 12:47:00,Class A,626294000_0,55.447117,10.951633,Constrained by her draught,0.0,12.7,326.0,325.0,9274800,TRAV2,YANGTZE,Tanker,No additional information,44.0,249.0,Undefined,14.9,SUEZ,20/01/2025 18:00:00,AIS,POINT (10.951633 55.447117),626294000_0,0 days 00:01:00,3.903371157115207e-06,326.23876668492403,0.0,0,4.738132249447034,55.447117,10.951633
2025-01-06 12:48:00,2025-01-06 12:48:00,Class A,626294000_0,55.449933,10.94815,Constrained by her draught,0.0,12.6,325.0,326.0,9274800,TRAV2,YANGTZE,Tanker,No additional information,44.0,249.0,Undefined,14.9,SUEZ,20/01/2025 18:00:00,AIS,POINT (10.94815 55.449933),626294000_0,0 days 00:01:00,-4.62460777127696e-06,324.9524979004801,0.0,0,4.741418575821481,55.449933,10.94815
2025-01-06 12:49:00,2025-01-06 12:49:00,Class A,626294000_0,55.452883,10.9446,Constrained by her draught,0.0,12.7,325.0,326.0,9274800,TRAV2,YANGTZE,Tanker,No additional information,44.0,249.0,Undefined,14.9,SUEZ,20/01/2025 18:00:00,AIS,POINT (10.9446 55.452883),626294000_0,0 days 00:01:00,4.0740034395359006e-06,325.689944418992,0.0,0,4.744764852534318,55.452883,10.9446
2025-01-06 12:50:00,2025-01-06 12:50:00,Class A,626294000_0,55.455767,10.9412,Constrained by her draught,0.0,12.7,326.0,327.0,9274800,TRAV2,YANGTZE,Tanker,No additional information,44.0,249.0,Undefined,14.9,SUEZ,20/01/2025 18:00:00,AIS,POINT (10.9412 55.455767),626294000_0,0 days 00:01:00,-3.1705941280741646e-06,326.23784454242326,0.0,0,4.74796789614557,55.455767,10.9412
2025-01-06 12:51:00,2025-01-06 12:51:00,Class A,626294000_0,55.458667,10.9378,Constrained by her draught,0.0,12.7,326.0,326.0,9274800,TRAV2,YANGTZE,Tanker,No additional information,44.0,249.0,Undefined,14.9,SUEZ,20/01/2025 18:00:00,AIS,POINT (10.9378 55.458667),626294000_0,0 days 00:01:00,4.0904123398477373e-07,326.38608493262717,0.0,0,4.7511719278751645,55.458667,10.9378
2025-01-06 12:52:00,2025-01-06 12:52:00,Class A,626294000_0,55.461633,10.934267,Constrained by her draught,0.0,12.7,325.0,326.0,9274800,TRAV2,YANGTZE,Tanker,No additional information,44.0,249.0,Undefined,14.9,SUEZ,20/01/2025 18:00:00,AIS,POINT (10.934267 55.461633),626294000_0,0 days 00:01:00,2.994960515514984e-06,325.9676709751999,0.0,0,4.754506496556925,55.461633,10.934267
2025-01-06 12:53:00,2025-01-06 12:53:00,Class A,626294000_0,55.464617,10.93075,Constrained by her draught,0.0,12.7,326.0,327.0,9274800,TRAV2,YANGTZE,Tanker,No additional information,44.0,249.0,Undefined,14.9,SUEZ,20/01/2025 18:00:00,AIS,POINT (10.93075 55.464617),626294000_0,0 days 00:01:00,3.0218996418669767e-07,326.2505103175774,0.0,0,4.757826091244719,55.464617,10.93075
2025-01-06 12:54:00,2025-01-06 12:54:00,Class A,626294000_0,55.467533,10.927383,Constrained by her draught,0.0,12.7,326.0,327.0,9274800,TRAV2,YANGTZE,Tanker,No additional information,44.0,249.0,Undefined,14.9,SUEZ,20/01/2025 18:00:00,AIS,POINT (10.927383 55.467533),626294000_0,0 days 00:01:00,-3.2114046270069273e-06,326.7937448953885,0.0,0,4.761002402799854,55.467533,10.927383
2025-01-06 12:55:00,2025-01-06 12:55:00,Class A,626294000_0,55.470517,10.923867,Constrained by her draught,0.0,12.7,326.0,326.0,9274800,TRAV2,YANGTZE,Tanker,No additional information,44.0,249.0,Undefined,14.9,SUEZ,20/01/2025 18:00:00,AIS,POINT (10.923867 55.470517),626294000_0,0 days 00:01:00,3.196572299779095e-06,326.261996305201,0.0,0,4.764325250356655,55.470517,10.923867
2025-01-06 12:56:00,2025-01-06 12:56:00,Class A,626294000_0,55.4734,10.920467,Constrained by her draught,0.0,12.7,326.0,327.0,9274800,TRAV2,YANGTZE,Tanker,No additional information,44.0,249.0,Undefined,14.9,SUEZ,20/01/2025 18:00:00,AIS,POINT (10.920467 55.4734),626294000_0,0 days 00:01:00,-3.731674173029356e-06,326.24050208876656,0.0,0,4.767540666990162,55.4734,10.920467
2025-01-06 12:57:00,2025-01-06 12:57:00,Class A,626294000_0,55.4764,10.916967,Constrained by her draught,0.0,12.7,326.0,326.0,9274800,TRAV2,YANGTZE,Tanker,No additional information,44.0,249.0,Undefined,14.9,SUEZ,20/01/2025 18:00:00,AIS,POINT (10.916967 55.4764),626294000_0,0 days 00:01:00,3.982699326289052e-06,326.52763134782083,0.0,0,4.770850784336584,55.4764,10.916967
2025-01-06 12:58:00,2025-01-06 12:58:00,Class A,626294000_0,55.479283,10.91355,Constrained by her draught,0.0,12.7,326.0,326.0,9274800,TRAV2,YANGTZE,Tanker,No additional information,44.0,249.0,Undefined,14.9,SUEZ,20/01/2025 18:00:00,AIS,POINT (10.91355 55.479283),626294000_0,0 days 00:01:00,-3.821124344494066e-06,326.1123150745903,0.0,0,4.774087241865716,55.479283,10.91355
2025-01-06 12:59:00,2025-01-06 12:59:00,Class A,626294000_0,55.4822,10.9102,Constrained by her draught,0.0,12.7,327.0,326.0,9274800,TRAV2,YANGTZE,Tanker,No additional information,44.0,249.0,Undefined,14.9,SUEZ,20/01/2025 18:00:00,AIS,POINT (10.9102 55.4822),626294000_0,0 days 00:01:00,2.2413233914600714e-07,326.94523044261865,0.0,0,4.7772567868022335,55.4822,10.9102
2025-01-06 13:00:00,2025-01-06 13:00:00,Class A,626294000_0,55.485217,10.906717,Constrained by her draught,0.0,12.7,326.0,326.0,9274800,TRAV2,YANGTZE,Tanker,No additional information,44.0,249.0,Undefined,14.9,SUEZ,20/01/2025 18:00:00,AIS,POINT (10.906717 55.485217),626294000_0,0 days 00:01:00,3.86422419743564e-06,326.8102178910563,0.0,0,4.780555245364915,55.485217,10.906717
2025-01-06 13:01:00,2025-01-06 13:01:00,Class A,626294000_0,55.488167,10.90315,Constrained by her draught,0.0,12.7,325.0,326.0,9274800,TRAV2,YANGTZE,Tanker,No additional information,44.0,249.0,Undefined,14.9,SUEZ,20/01/2025 18:00:00,AIS,POINT (10.90315 55.488167),626294000_0,0 days 00:01:00,-9.013221027583523e-07,325.5863105661445,0.0,0,4.783943621859375,55.488167,10.90315
2025-01-06 13:02:00,2025-01-06 13:02:00,Class A,626294000_0,55.4911,10.89985,Constrained by her draught,0.0,12.7,328.0,329.0,9274800,TRAV2,YANGTZE,Tanker,No additional information,44.0,249.0,Undefined,14.9,SUEZ,20/01/2025 18:00:00,AIS,POINT (10.89985 55.4911),626294000_0,0 days 00:01:00,-3.030388640768948e-06,327.48600047200273,0.0,0,4.787068494866978,55.4911,10.89985
2025-01-06 13:03:00,2025-01-06 13:03:00,Class A,626294000_0,55.494183,10.896617,Constrained by her draught,0.0,12.7,329.0,330.0,9274800,TRAV2,YANGTZE,Tanker,No additional information,44.0,249.0,Undefined,14.9,SUEZ,20/01/2025 18:00:00,AIS,POINT (10.896617 55.494183),626294000_0,0 days 00:01:00,3.3285957470599997e-06,329.28783965331564,0.0,0,4.7901199815038025,55.494183,10.896617
2025-01-06 13:04:00,2025-01-06 13:04:00,Class A,626294000_0,55.4972,10.8936,Constrained by her draught,0.0,12.7,330.0,330.0,9274800,TRAV2,YANGTZE,Tanker,No additional information,44.0,249.0,Undefined,14.9,SUEZ,20/01/2025 18:00:00,AIS,POINT (10.8936 55.4972),626294000_0,0 days 00:01:00,-3.673005417764834e-06,330.47106864443873,0.0,0,4.792961735779664,55.4972,10.8936
2025-01-06 13:05:00,2025-01-06 13:05:00,Class A,626294000_0,55.5002,10.890583,Constrained by her draught,0.0,12.7,330.0,330.0,9274800,TRAV2,YANGTZE,Tanker,No additional information,44.0,249.0,Undefined,14.9,SUEZ,20/01/2025 18:00:00,AIS,POINT (10.890583 55.5002),626294000_0,0 days 00:01:00,-4.5884830886786833e-07,330.33390399947797,0.0,0,4.795806545563426,55.5002,10.890583
2025-01-06 13:06:00,2025-01-06 13:06:00,Class A,626294000_0,55.503283,10.887467,Constrained by her draught,0.0,12.5,330.0,329.0,9274800,TRAV2,YANGTZE,Tanker,No additional information,44.0,249.0,Undefined,14.9,SUEZ,20/01/2025 18:00:00,AIS,POINT (10.887467 55.503283),626294000_0,0 days 00:01:00,3.088998631352154e-06,330.2125783022753,0.0,0,4.798747741255213,55.503283,10.887467
2025-01-06 13:07:00,2025-01-06 13:07:00,Class A,626294000_0,55.5062,10.884467,Constrained by her draught,0.0,12.4,329.0,329.0,9274800,TRAV2,YANGTZE,Tanker,No additional information,44.0,249.0,Undefined,14.9,SUEZ,20/01/2025 18:00:00,AIS,POINT (10.884467 55.5062),626294000_0,0 days 00:01:00,-5.465203657570002e-06,329.782466062851,0.0,0,4.801584298562818,55.5062,10.884467
2025-01-06 13:08:00,2025-01-06 13:08:00,Class A,626294000_0,55.509267,10.8814,Constrained by her draught,0.0,12.5,330.0,330.0,9274800,TRAV2,YANGTZE,Tanker,No additional information,44.0,249.0,Undefined,14.9,SUEZ,20/01/2025 18:00:00,AIS,POINT (10.8814 55.509267),626294000_0,0 days 00:01:00,4.605185373159187e-06,330.47860337548707,0.0,0,4.804481700311596,55.509267,10.8814
2025-01-06 13:24:00,2025-01-06 13:24:00,Class A,626294000_0,55.561283,10.8413,Constrained by her draught,0.0,13.0,338.0,339.0,9274800,TRAV2,YANGTZE,Tanker,No additional information,44.0,249.0,Undefined,14.9,SUEZ,20/01/2025 18:00:00,AIS,POINT (10.8413 55.561283),626294000_0,0 days 00:16:00,4.18626933840765e-08,336.44677472110294,0.0,0,4.842042888641632,55.561283,10.8413
2025-01-06 13:25:00,2025-01-06 13:25:00,Class A,626294000_0,55.564667,10.838883,Constrained by her draught,0.0,12.9,337.0,338.0,9274800,TRAV2,YANGTZE,Tanker,No additional information,44.0,249.0,Undefined,14.9,SUEZ,20/01/2025 18:00:00,AIS,POINT (10.838883 55.564667),626294000_0,0 days 00:01:00,3.17297779175004e-06,338.0069800032069,0.0,0,4.844315646843216,55.564667,10.838883
2025-01-06 13:26:00,2025-01-06 13:26:00,Class A,626294000_0,55.567933,10.836483,Constrained by her draught,0.0,12.9,337.0,338.0,9274800,TRAV2,YANGTZE,Tanker,No additional information,44.0,249.0,Undefined,14.9,SUEZ,20/01/2025 18:00:00,AIS,POINT (10.836483 55.567933),626294000_0,0 days 00:01:00,-3.49031579431307e-06,337.43717276152984,0.0,0,4.846578751373593,55.567933,10.836483
2025-01-06 13:27:00,2025-01-06 13:27:00,Class A,626294000_0,55.5713,10.834033,Constrained by her draught,0.0,12.9,337.0,338.0,9274800,TRAV2,YANGTZE,Tanker,No additional information,44.0,249.0,Undefined,14.9,SUEZ,20/01/2025 18:00:00,AIS,POINT (10.834033 55.5713),626294000_0,0 days 00:01:00,3.219719916440026e-06,337.63791248130946,0.0,0,4.848890082799259,55.5713,10.834033
2025-01-06 13:28:00,2025-01-06 13:28:00,Class A,626294000_0,55.574567,10.831667,Constrained by her draught,0.0,12.9,337.0,338.0,9274800,TRAV2,YANGTZE,Tanker,No additional information,44.0,249.0,Undefined,14.9,SUEZ,20/01/2025 18:00:00,AIS,POINT (10.831667 55.574567),626294000_0,0 days 00:01:00,-3.4213289549975096e-06,337.7349174609997,0.0,0,4.851123905404397,55.574567,10.831667
2025-01-06 13:29:00,2025-01-06 13:29:00,Class A,626294000_0,55.577833,10.829283,Constrained by her draught,0.0,12.9,337.0,338.0,9274800,TRAV2,YANGTZE,Tanker,No additional information,44.0,249.0,Undefined,14.9,SUEZ,20/01/2025 18:00:00,AIS,POINT (10.829283 55.577833),626294000_0,0 days 00:01:00,9.026138704912948e-08,337.5777400976396,0.0,0,4.853378077696606,55.577833,10.829283
2025-01-06 13:30:00,2025-01-06 13:30:00,Class A,626294000_0,55.581183,10.826783,Constrained by her draught,0.0,12.9,337.0,338.0,9274800,TRAV2,YANGTZE,Tanker,No additional information,44.0,249.0,Undefined,14.9,SUEZ,20/01/2025 18:00:00,AIS,POINT (10.826783 55.581183),626294000_0,0 days 00:01:00,3.1793969851206158e-06,337.12919641157566,0.0,0,4.85574728216636,55.581183,10.826783
2025-01-06 13:31:00,2025-01-06 13:31:00,Class A,626294000_0,55.584433,10.82435,Constrained by her draught,0.0,12.9,337.0,338.0,9274800,TRAV2,YANGTZE,Tanker,No additional information,44.0,249.0,Undefined,14.9,SUEZ,20/01/2025 18:00:00,AIS,POINT (10.82435 55.584433),626294000_0,0 days 00:01:00,-3.3068582620410206e-06,337.0664056675354,0.0,0,4.858055718592057,55.584433,10.82435
2025-01-06 13:32:00,2025-01-06 13:32:00,Class A,626294000_0,55.5878,10.821883,Constrained by her draught,0.0,12.9,337.0,338.0,9274800,TRAV2,YANGTZE,Tanker,No additional information,44.0,249.0,Undefined,14.9,SUEZ,20/01/2025 18:00:00,AIS,POINT (10.821883 55.5878),626294000_0,0 days 00:01:00,3.565729241665425e-06,337.5066863852564,0.0,0,4.860396126970414,55.5878,10.821883
2025-01-06 13:33:00,2025-01-06 13:33:00,Class A,626294000_0,55.591067,10.81955,Constrained by her draught,0.0,12.9,337.0,338.0,9274800,TRAV2,YANGTZE,Tanker,No additional information,44.0,249.0,Undefined,14.9,SUEZ,20/01/2025 18:00:00,AIS,POINT (10.81955 55.591067),626294000_0,0 days 00:01:00,-3.7528882311960397e-06,338.02404361150855,0.0,0,4.862608682767822,55.591067,10.81955
2025-01-06 13:34:00,2025-01-06 13:34:00,Class A,626294000_0,55.594433,10.817133,Constrained by her draught,0.0,12.9,337.0,338.0,9274800,TRAV2,YANGTZE,Tanker,No additional information,44.0,249.0,Undefined,14.9,SUEZ,20/01/2025 18:00:00,AIS,POINT (10.817133 55.594433),626294000_0,0 days 00:01:00,3.3888749635395716e-06,337.9158051964031,0.0,0,4.864903992810752,55.594433,10.817133
2025-01-06 13:35:00,2025-01-06 13:35:00,Class A,626294000_0,55.597817,10.81465,Constrained by her draught,0.0,12.9,337.0,338.0,9274800,TRAV2,YANGTZE,Tanker,No additional information,44.0,249.0,Undefined,14.9,SUEZ,20/01/2025 18:00:00,AIS,POINT (10.81465 55.597817),626294000_0,0 days 00:01:00,9.529532349306294e-07,337.48291953368073,0.0,0,4.8672670855551985,55.597817,10.81465
2025-01-06 13:36:00,2025-01-06 13:36:00,Class A,626294000_0,55.601067,10.812333,Constrained by her draught,0.0,12.9,338.0,339.0,9274800,TRAV2,YANGTZE,Tanker,No additional information,44.0,249.0,Undefined,14.9,SUEZ,20/01/2025 18:00:00,AIS,POINT (10.812333 55.601067),626294000_0,0 days 00:01:00,-4.93798467789502e-06,338.0621813269916,0.0,0,4.869471291552092,55.601067,10.812333
2025-01-06 13:37:00,2025-01-06 13:37:00,Class A,626294000_0,55.604333,10.81005,Constrained by her draught,0.0,12.8,338.0,338.0,9274800,TRAV2,YANGTZE,Tanker,No additional information,44.0,249.0,Undefined,14.9,SUEZ,20/01/2025 18:00:00,AIS,POINT (10.81005 55.604333),626294000_0,0 days 00:01:00,2.3734062488629226e-07,338.45206814406924,0.0,0,4.871643257007331,55.604333,10.81005
2025-01-06 13:38:00,2025-01-06 13:38:00,Class A,626294000_0,55.6077,10.807617,Constrained by her draught,0.0,12.8,337.0,338.0,9274800,TRAV2,YANGTZE,Tanker,No additional information,44.0,249.0,Undefined,14.9,SUEZ,20/01/2025 18:00:00,AIS,POINT (10.807617 55.6077),626294000_0,0 days 00:01:00,3.8769281012263216e-06,337.7965305582664,0.0,0,4.873964144041787,55.6077,10.807617
2025-01-06 13:39:00,2025-01-06 13:39:00,Class A,626294000_0,55.610917,10.805267,Constrained by her draught,0.0,12.8,337.0,338.0,9274800,TRAV2,YANGTZE,Tanker,No additional information,44.0,249.0,Undefined,14.9,SUEZ,20/01/2025 18:00:00,AIS,POINT (10.805267 55.610917),626294000_0,0 days 00:01:00,-4.844242757431648e-06,337.5795724869267,0.0,0,4.87620928677041,55.610917,10.805267
2025-01-06 13:40:01,2025-01-06 13:40:01,Class A,626294000_0,55.614367,10.802767,Constrained by her draught,0.0,12.8,337.0,338.0,9274800,TRAV2,YANGTZE,Tanker,No additional information,44.0,249.0,Undefined,14.9,SUEZ,20/01/2025 18:00:00,AIS,POINT (10.802767 55.614367),626294000_0,0 days 00:01:01,5.676384739536503e-06,337.74349100853397,0.0,0,4.87859931182978,55.614367,10.802767
2025-01-06 13:41:01,2025-01-06 13:41:01,Class A,626294000_0,55.617633,10.800383,Constrained by her draught,0.0,12.8,337.0,340.0,9274800,TRAV2,YANGTZE,Tanker,No additional information,44.0,249.0,Undefined,14.9,SUEZ,20/01/2025 18:00:00,AIS,POINT (10.800383 55.617633),626294000_0,0 days 00:01:00,-4.145771458253228e-06,337.5982258687422,0.0,0,4.88088154267915,55.617633,10.800383
2025-01-06 13:42:01,2025-01-06 13:42:01,Class A,626294000_0,55.620917,10.798167,Constrained by her draught,0.0,12.9,339.0,341.0,9274800,TRAV2,YANGTZE,Tanker,No additional information,44.0,249.0,Undefined,14.9,SUEZ,20/01/2025 18:00:00,AIS,POINT (10.798167 55.620917),626294000_0,0 days 00:01:00,-5.698191646200517e-07,339.1418236736591,0.0,0,4.882997593547022,55.620917,10.798167
2025-01-06 13:43:01,2025-01-06 13:43:01,Class A,626294000_0,55.62435,10.795917,Constrained by her draught,0.0,12.9,339.0,341.0,9274800,TRAV2,YANGTZE,Tanker,No additional information,44.0,249.0,Undefined,14.9,SUEZ,20/01/2025 18:00:00,AIS,POINT (10.795917 55.62435),626294000_0,0 days 00:01:00,4.521224877083501e-06,339.6930449172355,0.0,0,4.885145592580124,55.62435,10.795917
2025-01-06 13:44:01,2025-01-06 13:44:01,Class A,626294000_0,55.627633,10.793733,Constrained by her draught,0.0,12.9,338.0,343.0,9274800,TRAV2,YANGTZE,Tanker,No additional information,44.0,249.0,Undefined,14.9,SUEZ,20/01/2025 18:00:00,AIS,POINT (10.793733 55.627633),626294000_0,0 days 00:01:00,-4.75089370974223e-06,339.4150970973577,0.0,0,4.887234376993393,55.627633,10.793733
2025-01-06 13:45:01,2025-01-06 13:45:01,Class A,626294000_0,55.6311,10.791733,Constrained by her draught,0.0,12.9,343.0,347.0,9274800,TRAV2,YANGTZE,Tanker,No additional information,44.0,249.0,Undefined,14.9,SUEZ,20/01/2025 18:00:00,AIS,POINT (10.791733 55.6311),626294000_0,0 days 00:01:00,4.302280265787237e-06,341.9620969032064,0.0,0,4.889136425675703,55.6311,10.791733
2025-01-06 13:54:00,2025-01-06 13:54:00,Class A,626294000_0,55.662583,10.786867,Constrained by her draught,0.0,12.6,358.0,4.0,9274800,TRAV2,YANGTZE,Tanker,No additional information,44.0,249.0,Undefined,14.9,SUEZ,20/01/2025 18:00:00,AIS,POINT (10.786867 55.662583),626294000_0,0 days 00:08:59,-4.441028367493617e-07,355.0174679793443,0.0,0,4.893231631754417,55.662583,10.786867
2025-01-06 13:55:00,2025-01-06 13:55:00,Class A,626294000_0,55.666117,10.787033,Constrained by her draught,0.0,12.6,2.0,8.0,9274800,TRAV2,YANGTZE,Tanker,No additional information,44.0,249.0,Undefined,14.9,SUEZ,20/01/2025 18:00:00,AIS,POINT (10.787033 55.666117),626294000_0,0 days 00:01:00,5.348223664180853e-07,1.517584348450157,0.0,0,4.8929919907199935,55.666117,10.787033
2025-01-06 13:56:00,2025-01-06 13:56:00,Class A,626294000_0,55.66955,10.787617,Constrained by her draught,0.0,12.6,5.0,9.0,9274800,TRAV2,YANGTZE,Tanker,No additional information,44.0,249.0,Undefined,14.9,SUEZ,20/01/2025 18:00:00,AIS,POINT (10.787617 55.66955),626294000_0,0 days 00:01:00,-2.6724250608321094e-06,5.480075058058333,0.0,0,4.8923389754293405,55.66955,10.787617
2025-01-06 13:57:00,2025-01-06 13:57:00,Class A,626294000_0,55.6731,10.78815,Constrained by her draught,0.0,12.7,4.0,9.0,9274800,TRAV2,YANGTZE,Tanker,No additional information,44.0,249.0,Undefined,14.9,SUEZ,20/01/2025 18:00:00,AIS,POINT (10.78815 55.6731),626294000_0,0 days 00:01:00,3.5233829077784258e-06,4.8394897278878375,0.0,0,4.8917371106538425,55.6731,10.78815
2025-01-06 13:58:00,2025-01-06 13:58:00,Class A,626294000_0,55.67655,10.788733,Constrained by her draught,0.0,12.7,5.0,11.0,9274800,TRAV2,YANGTZE,Tanker,No additional information,44.0,249.0,Undefined,14.9,SUEZ,20/01/2025 18:00:00,AIS,POINT (10.788733 55.67655),626294000_0,0 days 00:01:00,-3.001746533627698e-06,5.442985316751674,0.0,0,4.89108965012593,55.67655,10.788733
2025-01-06 13:59:00,2025-01-06 13:59:00,Class A,626294000_0,55.6801,10.789633,Constrained by her draught,0.0,12.7,8.0,11.0,9274800,TRAV2,YANGTZE,Tanker,No additional information,44.0,249.0,Undefined,14.9,SUEZ,20/01/2025 18:00:00,AIS,POINT (10.789633 55.6801),626294000_0,0 days 00:01:00,3.728120000618968e-06,8.1346625402997,0.0,0,4.890125891617617,55.6801,10.789633
2025-01-06 14:05:00,2025-01-06 14:05:00,Class A,626294000_0,55.7008,10.7944,Constrained by her draught,0.0,12.6,6.0,9.0,9274800,TRAV2,YANGTZE,Tanker,No additional information,44.0,249.0,Undefined,14.9,SUEZ,20/01/2025 18:00:00,AIS,POINT (10.7944 55.7008),626294000_0,0 days 00:06:00,-5.523759829590856e-07,7.394014702837865,0.0,0,4.885037972979125,55.7008,10.7944
2025-01-06 14:06:00,2025-01-06 14:06:00,Class A,626294000_0,55.704333,10.795133,Constrained by her draught,0.0,12.6,6.0,8.0,9274800,TRAV2,YANGTZE,Tanker,No additional information,44.0,249.0,Undefined,14.9,SUEZ,20/01/2025 18:00:00,AIS,POINT (10.795133 55.704333),626294000_0,0 days 00:01:00,2.4154981821561018e-06,6.667787681119023,0.0,0,4.8842588931245245,55.704333,10.795133
2025-01-06 14:07:00,2025-01-06 14:07:00,Class A,626294000_0,55.707867,10.795817,Constrained by her draught,0.0,12.7,6.0,9.0,9274800,TRAV2,YANGTZE,Tanker,No additional information,44.0,249.0,Undefined,14.9,SUEZ,20/01/2025 18:00:00,AIS,POINT (10.795817 55.707867),626294000_0,0 days 00:01:00,-6.560124577448256e-08,6.223373669098919,0.0,0,4.883531339490513,55.707867,10.795817
2025-01-06 14:08:00,2025-01-06 14:08:00,Class A,626294000_0,55.711317,10.79655,Constrained by her draught,0.0,12.7,6.0,9.0,9274800,TRAV2,YANGTZE,Tanker,No additional information,44.0,249.0,Undefined,14.9,SUEZ,20/01/2025 18:00:00,AIS,POINT (10.79655 55.711317),626294000_0,0 days 00:01:00,-2.4836203379119117e-06,6.825496059544378,0.0,0,4.882758280391218,55.711317,10.79655
2025-01-06 14:09:00,2025-01-06 14:09:00,Class A,626294000_0,55.714883,10.797333,Constrained by her draught,0.0,12.7,7.0,9.0,9274800,TRAV2,YANGTZE,Tanker,No additional information,44.0,249.0,Undefined,14.9,SUEZ,20/01/2025 18:00:00,AIS,POINT (10.797333 55.714883),626294000_0,0 days 00:01:00,3.6667386835337123e-06,7.051006995800776,0.0,0,4.881936425197075,55.714883,10.797333
2025-01-06 14:10:00,2025-01-06 14:10:00,Class A,626294000_0,55.718317,10.798083,Constrained by her draught,0.0,12.8,6.0,9.0,9274800,TRAV2,YANGTZE,Tanker,No additional information,44.0,249.0,Undefined,14.9,SUEZ,20/01/2025 18:00:00,AIS,POINT (10.798083 55.718317),626294000_0,0 days 00:01:00,-4.122273019864884e-06,7.013214672238803,0.0,0,4.8811514583395175,55.718317,10.798083
2025-01-06 14:11:00,2025-01-06 14:11:00,Class A,626294000_0,55.721783,10.798883,Constrained by her draught,0.0,12.8,7.0,9.0,9274800,TRAV2,YANGTZE,Tanker,No additional information,44.0,249.0,Undefined,14.9,SUEZ,20/01/2025 18:00:00,AIS,POINT (10.798883 55.721783),626294000_0,0 days 00:01:00,1.0915010067313387e-06,7.406736770308157,0.0,0,4.880318606450403,55.721783,10.798883
2025-01-06 14:12:00,2025-01-06 14:12:00,Class A,626294000_0,55.725383,10.7997,Constrained by her draught,0.0,12.8,7.0,9.0,9274800,TRAV2,YANGTZE,Tanker,No additional information,44.0,249.0,Undefined,14.9,SUEZ,20/01/2025 18:00:00,AIS,POINT (10.7997 55.725383),626294000_0,0 days 00:01:00,4.147969376797096e-06,7.283256529509856,0.0,0,4.879470078937364,55.725383,10.7997
2025-01-06 14:13:00,2025-01-06 14:13:00,Class A,626294000_0,55.7289,10.8005,Constrained by her draught,0.0,12.8,7.0,8.0,9274800,TRAV2,YANGTZE,Tanker,No additional information,44.0,249.0,Undefined,14.9,SUEZ,20/01/2025 18:00:00,AIS,POINT (10.8005 55.7289),626294000_0,0 days 00:01:00,-2.5839240942355343e-06,7.299182744987263,0.0,0,4.878641833281883,55.7289,10.8005
2025-01-06 14:14:00,2025-01-06 14:14:00,Class A,626294000_0,55.7325,10.801283,Constrained by her draught,0.0,12.8,6.0,8.0,9274800,TRAV2,YANGTZE,Tanker,No additional information,44.0,249.0,Undefined,14.9,SUEZ,20/01/2025 18:00:00,AIS,POINT (10.801283 55.7325),626294000_0,0 days 00:01:00,2.509896767406792e-06,6.9819557145777935,0.0,0,4.877832536718436,55.7325,10.801283
2025-01-06 14:15:00,2025-01-06 14:15:00,Class A,626294000_0,55.735983,10.802017,Constrained by her draught,0.0,12.8,6.0,8.0,9274800,TRAV2,YANGTZE,Tanker,No additional information,44.0,249.0,Undefined,14.9,SUEZ,20/01/2025 18:00:00,AIS,POINT (10.802017 55.735983),626294000_0,0 days 00:01:00,-3.6949795887711446e-06,6.766331947394235,0.0,0,4.877075615366447,55.735983,10.802017
2025-01-06 14:16:00,2025-01-06 14:16:00,Class A,626294000_0,55.739583,10.802817,Constrained by her draught,0.0,12.8,7.0,8.0,9274800,TRAV2,YANGTZE,Tanker,No additional information,44.0,249.0,Undefined,14.9,SUEZ,20/01/2025 18:00:00,AIS,POINT (10.802817 55.739583),626294000_0,0 days 00:01:00,3.731320502911786e-06,7.130717827017406,0.0,0,4.876254531871978,55.739583,10.802817
2025-01-06 14:17:00,2025-01-06 14:17:00,Class A,626294000_0,55.743183,10.803633,Constrained by her draught,0.0,12.8,7.0,9.0,9274800,TRAV2,YANGTZE,Tanker,No additional information,44.0,249.0,Undefined,14.9,SUEZ,20/01/2025 18:00:00,AIS,POINT (10.803633 55.743183),626294000_0,0 days 00:01:00,3.49702665327437e-08,7.27115650681651,0.0,0,4.875420099772532,55.743183,10.803633
2025-01-06 14:18:00,2025-01-06 14:18:00,Class A,626294000_0,55.746667,10.804433,Constrained by her draught,0.0,12.8,7.0,9.0,9274800,TRAV2,YANGTZE,Tanker,No additional information,44.0,249.0,Undefined,14.9,SUEZ,20/01/2025 18:00:00,AIS,POINT (10.804433 55.746667),626294000_0,0 days 00:01:00,-3.5939158895870298e-06,7.364247208954794,0.0,0,4.874604787287889,55.746667,10.804433
2025-01-06 14:19:00,2025-01-06 14:19:00,Class A,626294000_0,55.750133,10.80525,Constrained by her draught,0.0,12.8,7.0,9.0,9274800,TRAV2,YANGTZE,Tanker,No additional information,44.0,249.0,Undefined,14.9,SUEZ,20/01/2025 18:00:00,AIS,POINT (10.80525 55.750133),626294000_0,0 days 00:01:00,-5.134676272035577e-07,7.556899452447169,0.0,0,4.873775020243036,55.750133,10.80525
2025-01-06 14:20:00,2025-01-06 14:20:00,Class A,626294000_0,55.753717,10.806067,Constrained by her draught,0.0,12.8,7.0,9.0,9274800,TRAV2,YANGTZE,Tanker,No additional information,44.0,249.0,Undefined,14.9,SUEZ,20/01/2025 18:00:00,AIS,POINT (10.806067 55.753717),626294000_0,0 days 00:01:00,3.6184897478419575e-06,7.310167856893031,0.0,0,4.872947406527798,55.753717,10.806067
2025-01-06 14:28:00,2025-01-06 14:28:00,Class A,626294000_0,55.782017,10.813133,Constrained by her draught,0.0,12.9,8.0,7.0,9274800,TRAV2,YANGTZE,Tanker,No additional information,44.0,249.0,Undefined,14.9,SUEZ,20/01/2025 18:00:00,AIS,POINT (10.813133 55.782017),626294000_0,0 days 00:08:00,-1.5895169412557082e-07,7.992418330505473,0.0,0,4.865890183435092,55.782017,10.813133
2025-01-06 14:29:00,2025-01-06 14:29:00,Class A,626294000_0,55.785617,10.81385,Constrained by her draught,0.0,12.8,6.0,5.0,9274800,TRAV2,YANGTZE,Tanker,No additional information,44.0,249.0,Undefined,14.9,SUEZ,20/01/2025 18:00:00,AIS,POINT (10.81385 55.785617),626294000_0,0 days 00:01:00,1.5537836441426757e-06,6.3899043252800425,0.0,0,4.865186103010757,55.785617,10.81385
2025-01-06 14:30:00,2025-01-06 14:30:00,Class A,626294000_0,55.7891,10.81435,Constrained by her draught,0.0,12.8,4.0,5.0,9274800,TRAV2,YANGTZE,Tanker,No additional information,44.0,249.0,Undefined,14.9,SUEZ,20/01/2025 18:00:00,AIS,POINT (10.81435 55.7891),626294000_0,0 days 00:01:00,-3.965629969321343e-06,4.614460313610948,0.0,0,4.864701139900375,55.7891,10.81435
2025-01-06 14:31:00,2025-01-06 14:31:00,Class A,626294000_0,55.792583,10.814817,Constrained by her draught,0.0,12.8,4.0,5.0,9274800,TRAV2,YANGTZE,Tanker,No additional information,44.0,249.0,Undefined,14.9,SUEZ,20/01/2025 18:00:00,AIS,POINT (10.814817 55.792583),626294000_0,0 days 00:01:00,-4.483738332319911e-08,4.310710560231087,0.0,0,4.8642516733411325,55.792583,10.814817
2025-01-06 14:32:00,2025-01-06 14:32:00,Class A,626294000_0,55.796183,10.81535,Constrained by her draught,0.0,12.8,4.0,5.0,9274800,TRAV2,YANGTZE,Tanker,No additional information,44.0,249.0,Undefined,14.9,SUEZ,20/01/2025 18:00:00,AIS,POINT (10.81535 55.796183),626294000_0,0 days 00:01:00,3.6982491073143885e-06,4.757630908094143,0.0,0,4.8637394214683205,55.796183,10.81535
2025-01-06 14:33:00,2025-01-06 14:33:00,Class A,626294000_0,55.799683,10.815867,Constrained by her draught,0.0,12.8,4.0,4.0,9274800,TRAV2,YANGTZE,Tanker,No additional information,44.0,249.0,Undefined,14.9,SUEZ,20/01/2025 18:00:00,AIS,POINT (10.815867 55.799683),626294000_0,0 days 00:01:00,-3.105197150625822e-06,4.746290064536538,0.0,0,4.863245152385596,55.799683,10.815867
2025-01-06 14:34:00,2025-01-06 14:34:00,Class A,626294000_0,55.8033,10.816383,Constrained by her draught,0.0,12.9,4.0,5.0,9274800,TRAV2,YANGTZE,Tanker,No additional information,44.0,249.0,Undefined,14.9,SUEZ,20/01/2025 18:00:00,AIS,POINT (10.816383 55.8033),626294000_0,0 days 00:01:00,3.605031376889339e-06,4.584157682912405,0.0,0,4.862755294487787,55.8033,10.816383
2025-01-06 14:35:00,2025-01-06 14:35:00,Class A,626294000_0,55.8068,10.81695,Constrained by her draught,0.0,12.9,5.0,4.0,9274800,TRAV2,YANGTZE,Tanker,No additional information,44.0,249.0,Undefined,14.9,SUEZ,20/01/2025 18:00:00,AIS,POINT (10.81695 55.8068),626294000_0,0 days 00:01:00,-3.5293707985839413e-06,5.20195713890854,0.0,0,4.862216159957103,55.8068,10.81695
2025-01-06 14:41:01,2025-01-06 14:41:01,Class A,626294000_0,55.828133,10.8171,Constrained by her draught,0.0,12.6,355.0,354.0,9274800,TRAV2,YANGTZE,Tanker,No additional information,44.0,249.0,Undefined,14.9,SUEZ,20/01/2025 18:00:00,AIS,POINT (10.8171 55.828133),626294000_0,0 days 00:06:01,1.6010927504860679e-07,0.22628017463478045,0.0,0,4.862290388165334,55.828133,10.8171
2025-01-06 14:42:01,2025-01-06 14:42:01,Class A,626294000_0,55.83155,10.816483,Constrained by her draught,0.0,12.6,354.0,355.0,9274800,TRAV2,YANGTZE,Tanker,No additional information,44.0,249.0,Undefined,14.9,SUEZ,20/01/2025 18:00:00,AIS,POINT (10.816483 55.83155),626294000_0,0 days 00:01:00,-3.4351006058195496e-06,354.2093269535928,0.0,0,4.862951943065961,55.83155,10.816483
2025-01-06 14:43:01,2025-01-06 14:43:01,Class A,626294000_0,55.8351,10.815983,Constrained by her draught,0.0,12.6,355.0,356.0,9274800,TRAV2,YANGTZE,Tanker,No additional information,44.0,249.0,Undefined,14.9,SUEZ,20/01/2025 18:00:00,AIS,POINT (10.815983 55.8351),626294000_0,0 days 00:01:00,3.913417524547379e-06,355.4775898558215,0.0,0,4.863500776484877,55.8351,10.815983
2025-01-06 14:44:01,2025-01-06 14:44:01,Class A,626294000_0,55.838633,10.8155,Constrained by her draught,0.0,12.6,355.0,355.0,9274800,TRAV2,YANGTZE,Tanker,No additional information,44.0,249.0,Undefined,14.9,SUEZ,20/01/2025 18:00:00,AIS,POINT (10.8155 55.838633),626294000_0,0 days 00:01:00,-5.472066769067995e-07,355.6102013378799,0.0,0,4.86403493957897,55.838633,10.8155
2025-01-06 14:53:00,2025-01-06 14:53:00,Class A,626294000_0,55.869767,10.811067,Constrained by her draught,0.0,12.3,2.0,6.0,9274800,TRAV2,YANGTZE,Tanker,No additional information,44.0,249.0,Undefined,14.9,SUEZ,20/01/2025 18:00:00,AIS,POINT (10.811067 55.869767),626294000_0,0 days 00:08:59,-2.2922280605476785e-07,355.4324367676253,0.0,0,4.86902914499246,55.869767,10.811067
2025-01-06 14:54:00,2025-01-06 14:54:00,Class A,626294000_0,55.873217,10.811667,Constrained by her draught,0.0,12.3,6.0,12.0,9274800,TRAV2,YANGTZE,Tanker,No additional information,44.0,249.0,Undefined,14.9,SUEZ,20/01/2025 18:00:00,AIS,POINT (10.811667 55.873217),626294000_0,0 days 00:01:00,-3.211989121425461e-07,5.572692955897594,0.0,0,4.868503779867692,55.873217,10.811667
2025-01-06 14:55:00,2025-01-06 14:55:00,Class A,626294000_0,55.8765,10.812917,Constrained by her draught,0.0,12.3,13.0,21.0,9274800,TRAV2,YANGTZE,Tanker,No additional information,44.0,249.0,Undefined,14.9,SUEZ,20/01/2025 18:00:00,AIS,POINT (10.812917 55.8765),626294000_0,0 days 00:01:00,-3.3736466106122084e-06,12.056738662457292,0.0,0,4.867327262225645,55.8765,10.812917
2025-01-06 14:56:00,2025-01-06 14:56:00,Class A,626294000_0,55.879767,10.815017,Constrained by her draught,0.0,12.3,21.0,30.0,9274800,TRAV2,YANGTZE,Tanker,No additional information,44.0,249.0,Undefined,14.9,SUEZ,20/01/2025 18:00:00,AIS,POINT (10.815017 55.879767),626294000_0,0 days 00:01:00,3.5991475367616627e-06,19.827274521584684,0.0,0,4.865302854127994,55.879767,10.815017
2025-01-06 14:57:00,2025-01-06 14:57:00,Class A,626294000_0,55.882717,10.817833,Constrained by her draught,0.0,12.2,28.0,35.0,9274800,TRAV2,YANGTZE,Tanker,No additional information,44.0,249.0,Undefined,14.9,SUEZ,20/01/2025 18:00:00,AIS,POINT (10.817833 55.882717),626294000_0,0 days 00:01:00,-3.8940050486538315e-06,28.164830722298007,0.0,0,4.862557315163492,55.882717,10.817833
2025-01-06 15:06:00,2025-01-06 15:06:00,Class A,626294000_0,55.89815,10.862183,Constrained by her draught,0.0,12.0,66.0,66.0,9274800,TRAV2,YANGTZE,Tanker,No additional information,44.0,249.0,Undefined,14.9,SUEZ,20/01/2025 18:00:00,AIS,POINT (10.862183 55.89815),626294000_0,0 days 00:09:00,-3.115325955971677e-07,58.16058782142085,0.0,0,4.818617521776241,55.89815,10.862183
2025-01-06 15:07:00,2025-01-06 15:07:00,Class A,626294000_0,55.899633,10.867433,Constrained by her draught,0.0,12.1,63.0,65.0,9274800,TRAV2,YANGTZE,Tanker,No additional information,44.0,249.0,Undefined,14.9,SUEZ,20/01/2025 18:00:00,AIS,POINT (10.867433 55.899633),626294000_0,0 days 00:01:00,1.3709649371399593e-06,63.25737801330217,0.0,0,4.813410319998286,55.899633,10.867433
2025-01-06 15:08:00,2025-01-06 15:08:00,Class A,626294000_0,55.9012,10.872817,Constrained by her draught,0.0,12.1,62.0,66.0,9274800,TRAV2,YANGTZE,Tanker,No additional information,44.0,249.0,Undefined,14.9,SUEZ,20/01/2025 18:00:00,AIS,POINT (10.872817 55.9012),626294000_0,0 days 00:01:00,3.251757831923928e-06,62.56209547466574,0.0,0,4.808072076311357,55.9012,10.872817
2025-01-06 15:09:00,2025-01-06 15:09:00,Class A,626294000_0,55.902767,10.878217,Constrained by her draught,0.0,12.1,62.0,66.0,9274800,TRAV2,YANGTZE,Tanker,No additional information,44.0,249.0,Undefined,14.9,SUEZ,20/01/2025 18:00:00,AIS,POINT (10.878217 55.902767),626294000_0,0 days 00:01:00,2.435785431466533e-07,62.63060987482487,0.0,0,4.802718452500209,55.902767,10.878217
2025-01-06 15:10:00,2025-01-06 15:10:00,Class A,626294000_0,55.904317,10.883517,Constrained by her draught,0.0,12.3,62.0,65.0,9274800,TRAV2,YANGTZE,Tanker,No additional information,44.0,249.0,Undefined,14.9,SUEZ,20/01/2025 18:00:00,AIS,POINT (10.883517 55.904317),626294000_0,0 days 00:01:00,-1.7877744660455894e-06,62.44722443217182,0.0,0,4.797464914242314,55.904317,10.883517
2025-01-06 15:11:00,2025-01-06 15:11:00,Class A,626294000_0,55.905933,10.889033,Constrained by her draught,0.0,12.4,62.0,65.0,9274800,TRAV2,YANGTZE,Tanker,No additional information,44.0,249.0,Undefined,14.9,SUEZ,20/01/2025 18:00:00,AIS,POINT (10.889033 55.905933),626294000_0,0 days 00:01:00,4.267961091456189e-06,62.40496856245221,0.0,0,4.791997993036516,55.905933,10.889033
2025-01-06 15:12:00,2025-01-06 15:12:00,Class A,626294000_0,55.907517,10.894367,Constrained by her draught,0.0,12.4,61.0,65.0,9274800,TRAV2,YANGTZE,Tanker,No additional information,44.0,249.0,Undefined,14.9,SUEZ,20/01/2025 18:00:00,AIS,POINT (10.894367 55.907517),626294000_0,0 days 00:01:00,-3.2630358513551093e-06,62.08411954882297,0.0,0,4.786712707086774,55.907517,10.894367
2025-01-06 15:13:00,2025-01-06 15:13:00,Class A,626294000_0,55.90915,10.8999,Constrained by her draught,0.0,12.4,61.0,65.0,9274800,TRAV2,YANGTZE,Tanker,No additional information,44.0,249.0,Undefined,14.9,SUEZ,20/01/2025 18:00:00,AIS,POINT (10.8999 55.90915),626294000_0,0 days 00:01:00,3.761527900390963e-06,62.22888357545219,0.0,0,4.781230605874182,55.90915,10.8999
2025-01-06 15:14:00,2025-01-06 15:14:00,Class A,626294000_0,55.910717,10.905233,Constrained by her draught,0.0,12.4,61.0,65.0,9274800,TRAV2,YANGTZE,Tanker,No additional information,44.0,249.0,Undefined,14.9,SUEZ,20/01/2025 18:00:00,AIS,POINT (10.905233 55.910717),626294000_0,0 days 00:01:00,-4.028384545936734e-06,62.332726763896005,0.0,0,4.775947093640171,55.910717,10.905233
2025-01-06 15:15:00,2025-01-06 15:15:00,Class A,626294000_0,55.912317,10.9106,Constrained by her draught,0.0,12.4,62.0,67.0,9274800,TRAV2,YANGTZE,Tanker,No additional information,44.0,249.0,Undefined,14.9,SUEZ,20/01/2025 18:00:00,AIS,POINT (10.9106 55.912317),626294000_0,0 days 00:01:00,9.949728292890098e-07,61.98904391526554,0.0,0,4.770631231653627,55.912317,10.9106
2025-01-06 15:16:00,2025-01-06 15:16:00,Class A,626294000_0,55.913833,10.9163,Constrained by her draught,0.0,12.4,64.0,67.0,9274800,TRAV2,YANGTZE,Tanker,No additional information,44.0,249.0,Undefined,14.9,SUEZ,20/01/2025 18:00:00,AIS,POINT (10.9163 55.913833),626294000_0,0 days 00:01:00,4.0022675194058594e-06,64.61068177644779,0.0,0,4.764980580762633,55.913833,10.9163
2025-01-06 15:17:00,2025-01-06 15:17:00,Class A,626294000_0,55.9153,10.921733,Constrained by her draught,0.0,12.4,64.0,67.0,9274800,TRAV2,YANGTZE,Tanker,No additional information,44.0,249.0,Undefined,14.9,SUEZ,20/01/2025 18:00:00,AIS,POINT (10.921733 55.9153),626294000_0,0 days 00:01:00,-4.841663540683845e-06,64.27280585052677,0.0,0,4.7595958660446165,55.9153,10.921733
2025-01-06 15:18:00,2025-01-06 15:18:00,Class A,626294000_0,55.916817,10.92735,Constrained by her draught,0.0,12.4,64.0,67.0,9274800,TRAV2,YANGTZE,Tanker,No additional information,44.0,249.0,Undefined,14.9,SUEZ,20/01/2025 18:00:00,AIS,POINT (10.92735 55.916817),626294000_0,0 days 00:01:00,3.5470706405791043e-06,64.2671854556379,0.0,0,4.754029388101108,55.916817,10.92735
2025-01-06 15:19:00,2025-01-06 15:19:00,Class A,626294000_0,55.918267,10.932817,Constrained by her draught,0.0,12.4,64.0,67.0,9274800,TRAV2,YANGTZE,Tanker,No additional information,44.0,249.0,Undefined,14.9,SUEZ,20/01/2025 18:00:00,AIS,POINT (10.932817 55.918267),626294000_0,0 days 00:01:00,-3.246679009732533e-06,64.66976785682903,0.0,0,4.748611293187304,55.918267,10.932817
2025-01-06 15:20:00,2025-01-06 15:20:00,Class A,626294000_0,55.919767,10.9384,Constrained by her draught,0.0,12.3,64.0,67.0,9274800,TRAV2,YANGTZE,Tanker,No additional information,44.0,249.0,Undefined,14.9,SUEZ,20/01/2025 18:00:00,AIS,POINT (10.9384 55.919767),626294000_0,0 days 00:01:00,2.4801822526507195e-06,64.38178576579969,0.0,0,4.7430794313008295,55.919767,10.9384
2025-01-06 15:21:00,2025-01-06 15:21:00,Class A,626294000_0,55.921233,10.943767,Constrained by her draught,0.0,12.3,64.0,67.0,9274800,TRAV2,YANGTZE,Tanker,No additional information,44.0,249.0,Undefined,14.9,SUEZ,20/01/2025 18:00:00,AIS,POINT (10.943767 55.921233),626294000_0,0 days 00:01:00,-3.838878045509713e-06,64.00989235918064,0.0,0,4.737762937294563,55.921233,10.943767
2025-01-06 15:22:00,2025-01-06 15:22:00,Class A,626294000_0,55.92275,10.949333,Constrained by her draught,0.0,12.3,63.0,67.0,9274800,TRAV2,YANGTZE,Tanker,No additional information,44.0,249.0,Undefined,14.9,SUEZ,20/01/2025 18:00:00,AIS,POINT (10.949333 55.92275),626294000_0,0 days 00:01:00,3.7944999373701385e-06,64.058793327258,0.0,0,4.732249805195094,55.92275,10.949333
2025-01-06 15:23:00,2025-01-06 15:23:00,Class A,626294000_0,55.9242,10.954767,Constrained by her draught,0.0,12.3,64.0,64.0,9274800,TRAV2,YANGTZE,Tanker,No additional information,44.0,249.0,Undefined,14.9,SUEZ,20/01/2025 18:00:00,AIS,POINT (10.954767 55.9242),626294000_0,0 days 00:01:00,-2.966773972782775e-06,64.53198265287165,0.0,0,4.726866972488754,55.9242,10.954767
2025-01-06 15:24:00,2025-01-06 15:24:00,Class A,626294000_0,55.925917,10.960117,Constrained by her draught,0.0,12.3,59.0,58.0,9274800,TRAV2,YANGTZE,Tanker,No additional information,44.0,249.0,Undefined,14.9,SUEZ,20/01/2025 18:00:00,AIS,POINT (10.960117 55.925917),626294000_0,0 days 00:01:00,2.5295264979701784e-06,60.193084180358255,0.0,0,4.721577669612774,55.925917,10.960117
2025-01-06 15:25:00,2025-01-06 15:25:00,Class A,626294000_0,55.927867,10.965,Constrained by her draught,0.0,12.3,53.0,49.0,9274800,TRAV2,YANGTZE,Tanker,No additional information,44.0,249.0,Undefined,14.9,SUEZ,20/01/2025 18:00:00,AIS,POINT (10.965 55.927867),626294000_0,0 days 00:01:00,-2.95840974595571e-06,54.51682374147447,0.0,0,4.716763827989377,55.927867,10.965
2025-01-06 15:26:00,2025-01-06 15:26:00,Class A,626294000_0,55.930267,10.969383,Constrained by her draught,0.0,12.2,43.0,41.0,9274800,TRAV2,YANGTZE,Tanker,No additional information,44.0,249.0,Undefined,14.9,SUEZ,20/01/2025 18:00:00,AIS,POINT (10.969383 55.930267),626294000_0,0 days 00:01:00,2.2575027906690643e-06,45.65235653337464,0.0,0,4.712466264839462,55.930267,10.969383
2025-01-06 15:35:00,2025-01-06 15:35:00,Class A,626294000_0,55.955133,11.003217,Constrained by her draught,0.0,12.9,37.0,40.0,9274800,TRAV2,YANGTZE,Tanker,No additional information,44.0,249.0,Undefined,14.9,SUEZ,20/01/2025 18:00:00,AIS,POINT (11.003217 55.955133),626294000_0,0 days 00:09:00,1.341928161102724e-07,37.29321569601899,0.0,0,4.679589987424326,55.955133,11.003217
2025-01-06 15:36:00,2025-01-06 15:36:00,Class A,626294000_0,55.957933,11.007017,Constrained by her draught,0.0,12.9,37.0,40.0,9274800,TRAV2,YANGTZE,Tanker,No additional information,44.0,249.0,Undefined,14.9,SUEZ,20/01/2025 18:00:00,AIS,POINT (11.007017 55.957933),626294000_0,0 days 00:01:00,1.326604657722781e-06,37.22446963201031,0.0,0,4.675906961478383,55.957933,11.007017
2025-01-06 15:37:00,2025-01-06 15:37:00,Class A,626294000_0,55.960817,11.010933,Constrained by her draught,0.0,12.8,37.0,40.0,9274800,TRAV2,YANGTZE,Tanker,No additional information,44.0,249.0,Undefined,14.9,SUEZ,20/01/2025 18:00:00,AIS,POINT (11.010933 55.960817),626294000_0,0 days 00:01:00,3.2832853499000353e-06,37.2364952047098,0.0,0,4.672113396660017,55.960817,11.010933
2025-01-06 15:38:00,2025-01-06 15:38:00,Class A,626294000_0,55.963567,11.014717,Constrained by her draught,0.0,12.7,37.0,40.0,9274800,TRAV2,YANGTZE,Tanker,No additional information,44.0,249.0,Undefined,14.9,SUEZ,20/01/2025 18:00:00,AIS,POINT (11.014717 55.963567),626294000_0,0 days 00:01:00,-4.68523979214471e-06,37.60196926121756,0.0,0,4.668448035373855,55.963567,11.014717
2025-01-06 15:39:00,2025-01-06 15:39:00,Class A,626294000_0,55.966383,11.018533,Constrained by her draught,0.0,12.5,37.0,40.0,9274800,TRAV2,YANGTZE,Tanker,No additional information,44.0,249.0,Undefined,14.9,SUEZ,20/01/2025 18:00:00,AIS,POINT (11.018533 55.966383),626294000_0,0 days 00:01:00,1.9552491611661327e-06,37.177155566100225,0.0,0,4.664755343709464,55.966383,11.018533
2025-01-06 15:40:00,2025-01-06 15:40:00,Class A,626294000_0,55.9691,11.022267,Constrained by her draught,0.0,12.6,37.0,40.0,9274800,TRAV2,YANGTZE,Tanker,No additional information,44.0,249.0,Undefined,14.9,SUEZ,20/01/2025 18:00:00,AIS,POINT (11.022267 55.9691),626294000_0,0 days 00:01:00,-3.2987777021163936e-06,37.563982438564096,0.0,0,4.661142167216637,55.9691,11.022267
2025-01-06 15:41:00,2025-01-06 15:41:00,Class A,626294000_0,55.971933,11.026117,Constrained by her draught,0.0,12.6,37.0,40.0,9274800,TRAV2,YANGTZE,Tanker,No additional information,44.0,249.0,Undefined,14.9,SUEZ,20/01/2025 18:00:00,AIS,POINT (11.026117 55.971933),626294000_0,0 days 00:01:00,4.068646294677307e-06,37.25188470846109,0.0,0,4.657419997831632,55.971933,11.026117
2025-01-06 15:42:00,2025-01-06 15:42:00,Class A,626294000_0,55.97465,11.029883,Constrained by her draught,0.0,12.6,38.0,41.0,9274800,TRAV2,YANGTZE,Tanker,No additional information,44.0,249.0,Undefined,14.9,SUEZ,20/01/2025 18:00:00,AIS,POINT (11.029883 55.97465),626294000_0,0 days 00:01:00,-3.7345632102338323e-06,37.7965225325413,0.0,0,4.653778483573213,55.97465,11.029883
2025-01-06 15:43:00,2025-01-06 15:43:00,Class A,626294000_0,55.977467,11.033817,Constrained by her draught,0.0,12.6,37.0,40.0,9274800,TRAV2,YANGTZE,Tanker,No additional information,44.0,249.0,Undefined,14.9,SUEZ,20/01/2025 18:00:00,AIS,POINT (11.033817 55.977467),626294000_0,0 days 00:01:00,4.2277724184716535e-06,38.00273813630952,0.0,0,4.649975467009045,55.977467,11.033817
2025-01-06 15:44:00,2025-01-06 15:44:00,Class A,626294000_0,55.9802,11.037533,Constrained by her draught,0.0,12.6,37.0,39.0,9274800,TRAV2,YANGTZE,Tanker,No additional information,44.0,249.0,Undefined,14.9,SUEZ,20/01/2025 18:00:00,AIS,POINT (11.037533 55.9802),626294000_0,0 days 00:01:00,-4.370161109877272e-06,37.260111622525756,0.0,0,4.64638827870304,55.9802,11.037533
2025-01-06 15:45:00,2025-01-06 15:45:00,Class A,626294000_0,55.98295,11.041183,Constrained by her draught,0.0,12.6,36.0,39.0,9274800,TRAV2,YANGTZE,Tanker,No additional information,44.0,249.0,Undefined,14.9,SUEZ,20/01/2025 18:00:00,AIS,POINT (11.041183 55.98295),626294000_0,0 days 00:01:00,-2.712510692720373e-07,36.59441619146446,0.0,0,4.64286962297769,55.98295,11.041183
2025-01-06 15:46:00,2025-01-06 15:46:00,Class A,626294000_0,55.9858,11.045,Constrained by her draught,0.0,12.6,36.0,39.0,9274800,TRAV2,YANGTZE,Tanker,No additional information,44.0,249.0,Undefined,14.9,SUEZ,20/01/2025 18:00:00,AIS,POINT (11.045 55.9858),626294000_0,0 days 00:01:00,4.208103687820009e-06,36.84002743506204,0.0,0,4.639190716046064,55.9858,11.045
2025-01-06 15:47:00,2025-01-06 15:47:00,Class A,626294000_0,55.988567,11.0486,Constrained by her draught,0.0,12.6,35.0,39.0,9274800,TRAV2,YANGTZE,Tanker,No additional information,44.0,249.0,Undefined,14.9,SUEZ,20/01/2025 18:00:00,AIS,POINT (11.0486 55.988567),626294000_0,0 days 00:01:00,-4.304310174818842e-06,36.04481555270604,0.0,0,4.635726555830164,55.988567,11.0486
2025-01-06 15:48:00,2025-01-06 15:48:00,Class A,626294000_0,55.99145,11.052333,Constrained by her draught,0.0,12.6,36.0,39.0,9274800,TRAV2,YANGTZE,Tanker,No additional information,44.0,249.0,Undefined,14.9,SUEZ,20/01/2025 18:00:00,AIS,POINT (11.052333 55.99145),626294000_0,0 days 00:01:00,4.254921174892346e-06,35.91230985731568,0.0,0,4.63213704783969,55.99145,11.052333
2025-01-06 15:49:00,2025-01-06 15:49:00,Class A,626294000_0,55.994183,11.05605,Constrained by her draught,0.0,12.6,36.0,40.0,9274800,TRAV2,YANGTZE,Tanker,No additional information,44.0,249.0,Undefined,14.9,SUEZ,20/01/2025 18:00:00,AIS,POINT (11.05605 55.994183),626294000_0,0 days 00:01:00,-3.890895943169494e-06,37.257555634353366,0.0,0,4.6285581576496355,55.994183,11.05605
2025-01-06 15:50:00,2025-01-06 15:50:00,Class A,626294000_0,55.997033,11.059867,Constrained by her draught,0.0,12.6,37.0,39.0,9274800,TRAV2,YANGTZE,Tanker,No additional information,44.0,249.0,Undefined,14.9,SUEZ,20/01/2025 18:00:00,AIS,POINT (11.059867 55.997033),626294000_0,0 days 00:01:00,3.928896051226769e-06,36.83203913672219,0.0,0,4.624887058664459,55.997033,11.059867
2025-01-06 15:51:00,2025-01-06 15:51:00,Class A,626294000_0,55.999767,11.063583,Constrained by her draught,0.0,12.6,37.0,39.0,9274800,TRAV2,YANGTZE,Tanker,No additional information,44.0,249.0,Undefined,14.9,SUEZ,20/01/2025 18:00:00,AIS,POINT (11.063583 55.999767),626294000_0,0 days 00:01:00,-3.9203675952014076e-06,37.2360414617101,0.0,0,4.6213129645426525,55.999767,11.063583
2025-01-06 15:52:00,2025-01-06 15:52:00,Class A,626294000_0,56.002617,11.067483,Constrained by her draught,0.0,12.7,37.0,39.0,9274800,TRAV2,YANGTZE,Tanker,No additional information,44.0,249.0,Undefined,14.9,SUEZ,20/01/2025 18:00:00,AIS,POINT (11.067483 56.002617),626294000_0,0 days 00:01:00,4.784092395450906e-06,37.42115695736749,0.0,0,4.617562887525194,56.002617,11.067483
2025-01-06 16:00:00,2025-01-06 16:00:00,Class A,626294000_0,56.02555,11.097283,Constrained by her draught,0.0,12.7,34.0,35.0,9274800,TRAV2,YANGTZE,Tanker,No additional information,44.0,249.0,Undefined,14.9,SUEZ,20/01/2025 18:00:00,AIS,POINT (11.097283 56.02555),626294000_0,0 days 00:08:00,-1.7703127987528515e-07,35.981228251133246,0.0,0,4.589040287529519,56.02555,11.097283
2025-01-06 16:01:00,2025-01-06 16:01:00,Class A,626294000_0,56.02845,11.100767,Constrained by her draught,0.0,12.8,33.0,35.0,9274800,TRAV2,YANGTZE,Tanker,No additional information,44.0,249.0,Undefined,14.9,SUEZ,20/01/2025 18:00:00,AIS,POINT (11.100767 56.02845),626294000_0,0 days 00:01:00,-1.5603264966189065e-06,33.873334971717725,0.0,0,4.585726682773953,56.02845,11.100767
2025-01-06 16:02:00,2025-01-06 16:02:00,Class A,626294000_0,56.031467,11.1043,Constrained by her draught,0.0,12.8,33.0,35.0,9274800,TRAV2,YANGTZE,Tanker,No additional information,44.0,249.0,Undefined,14.9,SUEZ,20/01/2025 18:00:00,AIS,POINT (11.1043 56.031467),626294000_0,0 days 00:01:00,3.4813583412092364e-06,33.196238347501776,0.0,0,4.5823730153959525,56.031467,11.1043
2025-01-06 16:03:00,2025-01-06 16:03:00,Class A,626294000_0,56.034467,11.107883,Constrained by her draught,0.0,12.8,33.0,35.0,9274800,TRAV2,YANGTZE,Tanker,No additional information,44.0,249.0,Undefined,14.9,SUEZ,20/01/2025 18:00:00,AIS,POINT (11.107883 56.034467),626294000_0,0 days 00:01:00,3.705749409732735e-08,33.7134149378262,0.0,0,4.578970695937025,56.034467,11.107883
2025-01-06 16:04:00,2025-01-06 16:04:00,Class A,626294000_0,56.037383,11.111367,Constrained by her draught,0.0,12.8,33.0,35.0,9274800,TRAV2,YANGTZE,Tanker,No additional information,44.0,249.0,Undefined,14.9,SUEZ,20/01/2025 18:00:00,AIS,POINT (11.111367 56.037383),626294000_0,0 days 00:01:00,-3.115106997722492e-06,33.72148395341941,0.0,0,4.575664469189366,56.037383,11.111367
2025-01-06 16:13:00,2025-01-06 16:13:00,Class A,626294000_0,56.064917,11.142767,Constrained by her draught,0.0,13.2,31.0,34.0,9274800,TRAV2,YANGTZE,Tanker,No additional information,44.0,249.0,Undefined,14.9,SUEZ,20/01/2025 18:00:00,AIS,POINT (11.142767 56.064917),626294000_0,0 days 00:09:00,4.160827840594925e-07,32.478566224121835,0.0,0,4.546045179426399,56.064917,11.142767
2025-01-06 16:14:00,2025-01-06 16:14:00,Class A,626294000_0,56.068033,11.146133,Constrained by her draught,0.0,13.3,31.0,34.0,9274800,TRAV2,YANGTZE,Tanker,No additional information,44.0,249.0,Undefined,14.9,SUEZ,20/01/2025 18:00:00,AIS,POINT (11.146133 56.068033),626294000_0,0 days 00:01:00,3.5459379611208624e-07,31.089341738126848,0.0,0,4.542892305620505,56.068033,11.146133
2025-01-06 16:15:00,2025-01-06 16:15:00,Class A,626294000_0,56.071233,11.14965,Constrained by her draught,0.0,13.3,31.0,34.0,9274800,TRAV2,YANGTZE,Tanker,No additional information,44.0,249.0,Undefined,14.9,SUEZ,20/01/2025 18:00:00,AIS,POINT (11.14965 56.071233),626294000_0,0 days 00:01:00,3.5755976168955005e-06,31.526829793227193,0.0,0,4.539596857843767,56.071233,11.14965
2025-01-06 16:16:00,2025-01-06 16:16:00,Class A,626294000_0,56.074333,11.153067,Constrained by her draught,0.0,13.3,31.0,34.0,9274800,TRAV2,YANGTZE,Tanker,No additional information,44.0,249.0,Undefined,14.9,SUEZ,20/01/2025 18:00:00,AIS,POINT (11.153067 56.074333),626294000_0,0 days 00:01:00,-3.543218679012839e-06,31.598975833507893,0.0,0,4.536396979277938,56.074333,11.153067
2025-01-06 16:17:00,2025-01-06 16:17:00,Class A,626294000_0,56.077433,11.156417,Constrained by her draught,0.0,13.2,31.0,33.0,9274800,TRAV2,YANGTZE,Tanker,No additional information,44.0,249.0,Undefined,14.9,SUEZ,20/01/2025 18:00:00,AIS,POINT (11.156417 56.077433),626294000_0,0 days 00:01:00,-6.062590978926496e-07,31.09287463832959,0.0,0,4.533266379620991,56.077433,11.156417
2025-01-06 16:18:00,2025-01-06 16:18:00,Class A,626294000_0,56.080617,11.1598,Constrained by her draught,0.0,13.1,30.0,33.0,9274800,TRAV2,YANGTZE,Tanker,No additional information,44.0,249.0,Undefined,14.9,SUEZ,20/01/2025 18:00:00,AIS,POINT (11.1598 56.080617),626294000_0,0 days 00:01:00,2.519529719174502e-06,30.663441974934074,0.0,0,4.530111120958181,56.080617,11.1598
2025-01-06 16:19:00,2025-01-06 16:19:00,Class A,626294000_0,56.083667,11.163083,Constrained by her draught,0.0,13.0,31.0,33.0,9274800,TRAV2,YANGTZE,Tanker,No additional information,44.0,249.0,Undefined,14.9,SUEZ,20/01/2025 18:00:00,AIS,POINT (11.163083 56.083667),626294000_0,0 days 00:01:00,-4.446968432940474e-06,30.98899623142637,0.0,0,4.527048790354484,56.083667,11.163083
2025-01-06 16:20:00,2025-01-06 16:20:00,Class A,626294000_0,56.0868,11.166467,Constrained by her draught,0.0,13.0,30.0,33.0,9274800,TRAV2,YANGTZE,Tanker,No additional information,44.0,249.0,Undefined,14.9,SUEZ,20/01/2025 18:00:00,AIS,POINT (11.166467 56.0868),626294000_0,0 days 00:01:00,3.0979438662008617e-06,31.07427788888134,0.0,0,4.523893957400525,56.0868,11.166467
2025-01-06 16:30:00,2025-01-06 16:30:00,Class A,626294000_0,56.116983,11.20255,Constrained by her draught,0.0,12.9,35.0,38.0,9274800,TRAV2,YANGTZE,Tanker,No additional information,44.0,249.0,Undefined,14.9,SUEZ,20/01/2025 18:00:00,AIS,POINT (11.20255 56.116983),626294000_0,0 days 00:10:00,-9.27873434016218e-08,33.67789027460458,0.0,0,4.490158324863946,56.116983,11.20255
2025-01-06 16:31:00,2025-01-06 16:31:00,Class A,626294000_0,56.119883,11.206417,Constrained by her draught,0.0,12.8,37.0,40.0,9274800,TRAV2,YANGTZE,Tanker,No additional information,44.0,249.0,Undefined,14.9,SUEZ,20/01/2025 18:00:00,AIS,POINT (11.206417 56.119883),626294000_0,0 days 00:01:00,-4.2701435617644123e-07,36.62433193871374,0.0,0,4.4865307197211965,56.119883,11.206417
2025-01-06 16:32:00,2025-01-06 16:32:00,Class A,626294000_0,56.122633,11.210267,Constrained by her draught,0.0,12.8,38.0,40.0,9274800,TRAV2,YANGTZE,Tanker,No additional information,44.0,249.0,Undefined,14.9,SUEZ,20/01/2025 18:00:00,AIS,POINT (11.210267 56.122633),626294000_0,0 days 00:01:00,-3.869170424953917e-06,37.96730514130854,0.0,0,4.482910413537393,56.122633,11.210267
2025-01-06 16:33:00,2025-01-06 16:33:00,Class A,626294000_0,56.125467,11.2143,Constrained by her draught,0.0,12.8,38.0,41.0,9274800,TRAV2,YANGTZE,Tanker,No additional information,44.0,249.0,Undefined,14.9,SUEZ,20/01/2025 18:00:00,AIS,POINT (11.2143 56.125467),626294000_0,0 days 00:01:00,3.994656519076157e-06,38.42042139430862,0.0,0,4.479116501301234,56.125467,11.2143
2025-01-06 16:34:00,2025-01-06 16:34:00,Class A,626294000_0,56.128167,11.2182,Constrained by her draught,0.0,12.7,39.0,41.0,9274800,TRAV2,YANGTZE,Tanker,No additional information,44.0,249.0,Undefined,14.9,SUEZ,20/01/2025 18:00:00,AIS,POINT (11.2182 56.128167),626294000_0,0 days 00:01:00,-4.674274306463219e-06,38.834900132526,0.0,0,4.475446531333941,56.128167,11.2182
2025-01-06 16:35:00,2025-01-06 16:35:00,Class A,626294000_0,56.13095,11.222233,Constrained by her draught,0.0,12.7,38.0,40.0,9274800,TRAV2,YANGTZE,Tanker,No additional information,44.0,249.0,Undefined,14.9,SUEZ,20/01/2025 18:00:00,AIS,POINT (11.222233 56.13095),626294000_0,0 days 00:01:00,3.437619003103477e-06,38.924014176652406,0.0,0,4.471652790073152,56.13095,11.222233
2025-01-06 16:36:00,2025-01-06 16:36:00,Class A,626294000_0,56.133667,11.226,Constrained by her draught,0.0,12.6,37.0,40.0,9274800,TRAV2,YANGTZE,Tanker,No additional information,44.0,249.0,Undefined,14.9,SUEZ,20/01/2025 18:00:00,AIS,POINT (11.226 56.133667),626294000_0,0 days 00:01:00,-4.4555013288492646e-06,37.6895392344627,0.0,0,4.46812087471109,56.133667,11.226
2025-01-06 16:49:00,2025-01-06 16:49:00,Class A,626294000_0,56.170317,11.275433,Constrained by her draught,0.0,12.9,34.0,34.0,9274800,TRAV2,YANGTZE,Tanker,No additional information,44.0,249.0,Undefined,14.9,SUEZ,20/01/2025 18:00:00,AIS,POINT (11.275433 56.170317),626294000_0,0 days 00:13:00,2.2042769202761477e-07,36.89563934803874,0.0,0,4.422054313466763,56.170317,11.275433
2025-01-06 16:50:00,2025-01-06 16:50:00,Class A,626294000_0,56.173283,11.278933,Constrained by her draught,0.0,13.0,32.0,31.0,9274800,TRAV2,YANGTZE,Tanker,No additional information,44.0,249.0,Undefined,14.9,SUEZ,20/01/2025 18:00:00,AIS,POINT (11.278933 56.173283),626294000_0,0 days 00:01:00,6.856299065288266e-07,33.30081418238325,0.0,0,4.4188411042337785,56.173283,11.278933
2025-01-06 16:51:00,2025-01-06 16:51:00,Class A,626294000_0,56.176417,11.282283,Constrained by her draught,0.0,12.9,30.0,31.0,9274800,TRAV2,YANGTZE,Tanker,No additional information,44.0,249.0,Undefined,14.9,SUEZ,20/01/2025 18:00:00,AIS,POINT (11.282283 56.176417),626294000_0,0 days 00:01:00,3.026323024919528e-06,30.752362317899838,0.0,0,4.4157952731359735,56.176417,11.282283
2025-01-06 16:52:00,2025-01-06 16:52:00,Class A,626294000_0,56.179433,11.285433,Constrained by her draught,0.0,12.8,30.0,30.0,9274800,TRAV2,YANGTZE,Tanker,No additional information,44.0,249.0,Undefined,14.9,SUEZ,20/01/2025 18:00:00,AIS,POINT (11.285433 56.179433),626294000_0,0 days 00:01:00,-4.898468013149153e-06,30.170098858046345,0.0,0,4.412940183173347,56.179433,11.285433
2025-01-06 16:53:00,2025-01-06 16:53:00,Class A,626294000_0,56.182467,11.28855,Constrained by her draught,0.0,12.8,29.0,30.0,9274800,TRAV2,YANGTZE,Tanker,No additional information,44.0,249.0,Undefined,14.9,SUEZ,20/01/2025 18:00:00,AIS,POINT (11.28855 56.182467),626294000_0,0 days 00:01:00,1.9517203288228122e-07,29.759531885658305,0.0,0,4.410122108482825,56.182467,11.28855
2025-01-06 16:54:00,2025-01-06 16:54:00,Class A,626294000_0,56.1856,11.291783,Constrained by her draught,0.0,12.8,29.0,29.0,9274800,TRAV2,YANGTZE,Tanker,No additional information,44.0,249.0,Undefined,14.9,SUEZ,20/01/2025 18:00:00,AIS,POINT (11.291783 56.1856),626294000_0,0 days 00:01:00,3.649612411403315e-06,29.867001354575734,0.0,0,4.407200467061714,56.1856,11.291783
2025-01-06 16:55:00,2025-01-06 16:55:00,Class A,626294000_0,56.18875,11.295017,Constrained by her draught,0.0,12.9,29.0,29.0,9274800,TRAV2,YANGTZE,Tanker,No additional information,44.0,249.0,Undefined,14.9,SUEZ,20/01/2025 18:00:00,AIS,POINT (11.295017 56.18875),626294000_0,0 days 00:01:00,4.623752142155311e-07,29.738896415204408,0.0,0,4.404282124354093,56.18875,11.295017
2025-01-06 16:56:00,2025-01-06 16:56:00,Class A,626294000_0,56.19185,11.2981,Constrained by her draught,0.0,12.9,28.0,27.0,9274800,TRAV2,YANGTZE,Tanker,No additional information,44.0,249.0,Undefined,14.9,SUEZ,20/01/2025 18:00:00,AIS,POINT (11.2981 56.19185),626294000_0,0 days 00:01:00,-2.627956499677882e-06,28.958197225484753,0.0,0,4.401511936204195,56.19185,11.2981
2025-01-06 16:57:00,2025-01-06 16:57:00,Class A,626294000_0,56.195033,11.3012,Constrained by her draught,0.0,12.9,28.0,26.0,9274800,TRAV2,YANGTZE,Tanker,No additional information,44.0,249.0,Undefined,14.9,SUEZ,20/01/2025 18:00:00,AIS,POINT (11.3012 56.195033),626294000_0,0 days 00:01:00,2.389545368667205e-06,28.45119081849782,0.0,0,4.398735517742002,56.195033,11.3012
2025-01-06 16:58:00,2025-01-06 16:58:00,Class A,626294000_0,56.19815,11.30405,Constrained by her draught,0.0,12.8,26.0,25.0,9274800,TRAV2,YANGTZE,Tanker,No additional information,44.0,249.0,Undefined,14.9,SUEZ,20/01/2025 18:00:00,AIS,POINT (11.30405 56.19815),626294000_0,0 days 00:01:00,-3.816367469187577e-06,26.96075246056398,0.0,0,4.3962041444464335,56.19815,11.30405
2025-01-06 16:59:00,2025-01-06 16:59:00,Class A,626294000_0,56.20135,11.306967,Constrained by her draught,0.0,12.7,26.0,26.0,9274800,TRAV2,YANGTZE,Tanker,No additional information,44.0,249.0,Undefined,14.9,SUEZ,20/01/2025 18:00:00,AIS,POINT (11.306967 56.20135),626294000_0,0 days 00:01:00,2.8100563417731826e-06,26.88842372619507,0.0,0,4.393616918337897,56.20135,11.306967
2025-01-06 17:00:00,2025-01-06 17:00:00,Class A,626294000_0,56.2044,11.30985,Constrained by her draught,0.0,12.6,27.0,27.0,9274800,TRAV2,YANGTZE,Tanker,No additional information,44.0,249.0,Undefined,14.9,SUEZ,20/01/2025 18:00:00,AIS,POINT (11.30985 56.2044),626294000_0,0 days 00:01:00,-4.391733665859504e-06,27.73404923942354,0.0,0,4.39105130183513,56.2044,11.30985
2025-01-06 17:01:00,2025-01-06 17:01:00,Class A,626294000_0,56.20755,11.3129,Constrained by her draught,0.0,12.6,28.0,27.0,9274800,TRAV2,YANGTZE,Tanker,No additional information,44.0,249.0,Undefined,14.9,SUEZ,20/01/2025 18:00:00,AIS,POINT (11.3129 56.20755),626294000_0,0 days 00:01:00,4.081993203053734e-06,28.303485358661987,0.0,0,4.388332097385975,56.20755,11.3129
2025-01-06 17:02:00,2025-01-06 17:02:00,Class A,626294000_0,56.210567,11.315883,Constrained by her draught,0.0,12.6,28.0,26.0,9274800,TRAV2,YANGTZE,Tanker,No additional information,44.0,249.0,Undefined,14.9,SUEZ,20/01/2025 18:00:00,AIS,POINT (11.315883 56.210567),626294000_0,0 days 00:01:00,-4.166448056973663e-06,28.805003407968456,0.0,0,4.385668772861216,56.210567,11.315883
2025-01-06 17:03:00,2025-01-06 17:03:00,Class A,626294000_0,56.2136,11.3187,Constrained by her draught,0.0,12.6,27.0,26.0,9274800,TRAV2,YANGTZE,Tanker,No additional information,44.0,249.0,Undefined,14.9,SUEZ,20/01/2025 18:00:00,AIS,POINT (11.3187 56.2136),626294000_0,0 days 00:01:00,-9.136155822824707e-07,27.31587678683246,0.0,0,4.383174703048922,56.2136,11.3187
2025-01-06 17:04:00,2025-01-06 17:04:00,Class A,626294000_0,56.216783,11.321533,Constrained by her draught,0.0,12.6,26.0,27.0,9274800,TRAV2,YANGTZE,Tanker,No additional information,44.0,249.0,Undefined,14.9,SUEZ,20/01/2025 18:00:00,AIS,POINT (11.321533 56.216783),626294000_0,0 days 00:01:00,4.26148110030276e-06,26.330997391721326,0.0,0,4.380682629849598,56.216783,11.321533
2025-01-06 17:05:00,2025-01-06 17:05:00,Class A,626294000_0,56.21995,11.32445,Constrained by her draught,0.0,12.6,27.0,29.0,9274800,TRAV2,YANGTZE,Tanker,No additional information,44.0,249.0,Undefined,14.9,SUEZ,20/01/2025 18:00:00,AIS,POINT (11.32445 56.21995),626294000_0,0 days 00:01:00,2.0850916896647357e-07,27.117443382250485,0.0,0,4.378108079758652,56.21995,11.32445
2025-01-06 17:06:00,2025-01-06 17:06:00,Class A,626294000_0,56.222983,11.327383,Constrained by her draught,0.0,12.6,28.0,29.0,9274800,TRAV2,YANGTZE,Tanker,No additional information,44.0,249.0,Undefined,14.9,SUEZ,20/01/2025 18:00:00,AIS,POINT (11.327383 56.222983),626294000_0,0 days 00:01:00,-3.541860572502615e-06,28.263614835358,0.0,0,4.375506353082578,56.222983,11.327383
2025-01-06 17:07:00,2025-01-06 17:07:00,Class A,626294000_0,56.226117,11.330367,Constrained by her draught,0.0,12.6,27.0,28.0,9274800,TRAV2,YANGTZE,Tanker,No additional information,44.0,249.0,Undefined,14.9,SUEZ,20/01/2025 18:00:00,AIS,POINT (11.330367 56.226117),626294000_0,0 days 00:01:00,3.1673545947884557e-06,27.892418166527705,0.0,0,4.3728670496810205,56.226117,11.330367
2025-01-06 17:08:00,2025-01-06 17:08:00,Class A,626294000_0,56.229167,11.333117,Constrained by her draught,0.0,12.5,26.0,28.0,9274800,TRAV2,YANGTZE,Tanker,No additional information,44.0,249.0,Undefined,14.9,SUEZ,20/01/2025 18:00:00,AIS,POINT (11.333117 56.229167),626294000_0,0 days 00:01:00,-4.160164791609135e-06,26.619640655755745,0.0,0,4.370454225156236,56.229167,11.333117
2025-01-06 17:09:00,2025-01-06 17:09:00,Class A,626294000_0,56.232333,11.335917,Constrained by her draught,0.0,12.5,26.0,28.0,9274800,TRAV2,YANGTZE,Tanker,No additional information,44.0,249.0,Undefined,14.9,SUEZ,20/01/2025 18:00:00,AIS,POINT (11.335917 56.232333),626294000_0,0 days 00:01:00,3.5943396585803926e-06,26.177176287321174,0.0,0,4.3680065871518545,56.232333,11.335917
2025-01-06 17:10:00,2025-01-06 17:10:00,Class A,626294000_0,56.2354,11.338583,Constrained by her draught,0.0,12.5,25.0,28.0,9274800,TRAV2,YANGTZE,Tanker,No additional information,44.0,249.0,Undefined,14.9,SUEZ,20/01/2025 18:00:00,AIS,POINT (11.338583 56.2354),626294000_0,0 days 00:01:00,-3.766111230287522e-06,25.785695659279043,0.0,0,4.365684255379562,56.2354,11.338583
2025-01-06 17:11:00,2025-01-06 17:11:00,Class A,626294000_0,56.238583,11.34135,Constrained by her draught,0.0,12.5,25.0,29.0,9274800,TRAV2,YANGTZE,Tanker,No additional information,44.0,249.0,Undefined,14.9,SUEZ,20/01/2025 18:00:00,AIS,POINT (11.34135 56.238583),626294000_0,0 days 00:01:00,3.985785387472894e-06,25.785174114805443,0.0,0,4.363276617949519,56.238583,11.34135
2025-01-06 17:13:00,2025-01-06 17:13:00,Class A,626294000_0,56.244717,11.3469,Constrained by her draught,0.0,12.6,26.0,29.0,9274800,TRAV2,YANGTZE,Tanker,No additional information,44.0,249.0,Undefined,14.9,SUEZ,20/01/2025 18:00:00,AIS,POINT (11.3469 56.244717),626294000_0,0 days 00:02:00,-1.579188423140311e-06,26.69028731473213,0.0,0,4.358428224443877,56.244717,11.3469
2025-01-06 17:14:00,2025-01-06 17:14:00,Class A,626294000_0,56.2479,11.349683,Constrained by her draught,0.0,12.6,25.0,28.0,9274800,TRAV2,YANGTZE,Tanker,No additional information,44.0,249.0,Undefined,14.9,SUEZ,20/01/2025 18:00:00,AIS,POINT (11.349683 56.2479),626294000_0,0 days 00:01:00,3.2737914370036415e-06,25.909319340953175,0.0,0,4.356012765668736,56.2479,11.349683
2025-01-06 17:27:00,2025-01-06 17:27:00,Class A,626294000_0,56.2866,11.3901,Constrained by her draught,0.0,12.3,30.0,33.0,9274800,TRAV2,YANGTZE,Tanker,No additional information,44.0,249.0,Undefined,14.9,SUEZ,20/01/2025 18:00:00,AIS,POINT (11.3901 56.2866),626294000_0,0 days 00:13:00,-2.3071298632981145e-07,30.095115519203546,0.0,0,4.320334898019827,56.2866,11.3901
2025-01-06 17:28:00,2025-01-06 17:28:00,Class A,626294000_0,56.2895,11.393183,Constrained by her draught,0.0,12.3,30.0,33.0,9274800,TRAV2,YANGTZE,Tanker,No additional information,44.0,249.0,Undefined,14.9,SUEZ,20/01/2025 18:00:00,AIS,POINT (11.393183 56.2895),626294000_0,0 days 00:01:00,-2.293155535019745e-06,30.541085447039507,0.0,0,4.317624761517494,56.2895,11.393183
2025-01-06 17:29:00,2025-01-06 17:29:00,Class A,626294000_0,56.29245,11.396433,Constrained by her draught,0.0,12.3,31.0,34.0,9274800,TRAV2,YANGTZE,Tanker,No additional information,44.0,249.0,Undefined,14.9,SUEZ,20/01/2025 18:00:00,AIS,POINT (11.396433 56.29245),626294000_0,0 days 00:01:00,2.8044047747367187e-06,31.440832985025736,0.0,0,4.314757416468392,56.29245,11.396433
2025-01-06 17:30:00,2025-01-06 17:30:00,Class A,626294000_0,56.295317,11.399583,Constrained by her draught,0.0,12.3,31.0,33.0,9274800,TRAV2,YANGTZE,Tanker,No additional information,44.0,249.0,Undefined,14.9,SUEZ,20/01/2025 18:00:00,AIS,POINT (11.399583 56.295317),626294000_0,0 days 00:01:00,-3.089638213321962e-06,31.369785983799034,0.0,0,4.311981694563417,56.295317,11.399583
2025-01-06 17:31:00,2025-01-06 17:31:00,Class A,626294000_0,56.2983,11.4028,Constrained by her draught,0.0,12.3,30.0,33.0,9274800,TRAV2,YANGTZE,Tanker,No additional information,44.0,249.0,Undefined,14.9,SUEZ,20/01/2025 18:00:00,AIS,POINT (11.4028 56.2983),626294000_0,0 days 00:01:00,3.6639642130751696e-06,30.89576169206697,0.0,0,4.3091562249526305,56.2983,11.4028
2025-01-06 17:32:00,2025-01-06 17:32:00,Class A,626294000_0,56.301167,11.405933,Constrained by her draught,0.0,12.3,31.0,33.0,9274800,TRAV2,YANGTZE,Tanker,No additional information,44.0,249.0,Undefined,14.9,SUEZ,20/01/2025 18:00:00,AIS,POINT (11.405933 56.301167),626294000_0,0 days 00:01:00,-3.82031006013669e-06,31.22826419145133,0.0,0,4.306402313097326,56.301167,11.405933
2025-01-06 17:33:00,2025-01-06 17:33:00,Class A,626294000_0,56.304133,11.4092,Constrained by her draught,0.0,12.3,31.0,33.0,9274800,TRAV2,YANGTZE,Tanker,No additional information,44.0,249.0,Undefined,14.9,SUEZ,20/01/2025 18:00:00,AIS,POINT (11.4092 56.304133),626294000_0,0 days 00:01:00,3.8119247166112026e-06,31.42814296185088,0.0,0,4.303530249602645,56.304133,11.4092
2025-01-06 17:34:01,2025-01-06 17:34:01,Class A,626294000_0,56.3071,11.412483,Constrained by her draught,0.0,12.3,31.0,33.0,9274800,TRAV2,YANGTZE,Tanker,No additional information,44.0,249.0,Undefined,14.9,SUEZ,20/01/2025 18:00:00,AIS,POINT (11.412483 56.3071),626294000_0,0 days 00:01:01,-1.5720084454120783e-06,31.542227083026603,0.0,0,4.300645048114178,56.3071,11.412483
2025-01-06 17:35:01,2025-01-06 17:35:01,Class A,626294000_0,56.30995,11.41565,Constrained by her draught,0.0,12.3,31.0,33.0,9274800,TRAV2,YANGTZE,Tanker,No additional information,44.0,249.0,Undefined,14.9,SUEZ,20/01/2025 18:00:00,AIS,POINT (11.41565 56.30995),626294000_0,0 days 00:01:00,-2.363058574618669e-06,31.649240615037115,0.0,0,4.297862734295735,56.30995,11.41565
2025-01-06 17:36:01,2025-01-06 17:36:01,Class A,626294000_0,56.312917,11.418917,Constrained by her draught,0.0,12.3,31.0,33.0,9274800,TRAV2,YANGTZE,Tanker,No additional information,44.0,249.0,Undefined,14.9,SUEZ,20/01/2025 18:00:00,AIS,POINT (11.418917 56.312917),626294000_0,0 days 00:01:00,3.981028399077787e-06,31.41368933935246,0.0,0,4.294998544189043,56.312917,11.418917
2025-01-06 17:37:01,2025-01-06 17:37:01,Class A,626294000_0,56.315783,11.422083,Constrained by her draught,0.0,12.3,31.0,33.0,9274800,TRAV2,YANGTZE,Tanker,No additional information,44.0,249.0,Undefined,14.9,SUEZ,20/01/2025 18:00:00,AIS,POINT (11.422083 56.315783),626294000_0,0 days 00:01:00,-3.572933047467002e-06,31.49418662763435,0.0,0,4.2922242197334,56.315783,11.422083
2025-01-06 17:38:01,2025-01-06 17:38:01,Class A,626294000_0,56.31875,11.425367,Constrained by her draught,0.0,12.3,31.0,33.0,9274800,TRAV2,YANGTZE,Tanker,No additional information,44.0,249.0,Undefined,14.9,SUEZ,20/01/2025 18:00:00,AIS,POINT (11.425367 56.31875),626294000_0,0 days 00:01:00,3.7213521387585077e-06,31.542214715096407,0.0,0,4.2893483405646835,56.31875,11.425367
2025-01-06 17:39:01,2025-01-06 17:39:01,Class A,626294000_0,56.321617,11.428517,Constrained by her draught,0.0,12.3,31.0,33.0,9274800,TRAV2,YANGTZE,Tanker,No additional information,44.0,249.0,Undefined,14.9,SUEZ,20/01/2025 18:00:00,AIS,POINT (11.428517 56.321617),626294000_0,0 days 00:01:00,-3.842830688047076e-06,31.35225563649226,0.0,0,4.286595017771798,56.321617,11.428517
2025-01-06 17:40:01,2025-01-06 17:40:01,Class A,626294000_0,56.3245,11.43165,Constrained by her draught,0.0,12.3,30.0,32.0,9274800,TRAV2,YANGTZE,Tanker,No additional information,44.0,249.0,Undefined,14.9,SUEZ,20/01/2025 18:00:00,AIS,POINT (11.43165 56.3245),626294000_0,0 days 00:01:00,2.692923028859972e-07,31.071610659999124,0.0,0,4.283863100070777,56.3245,11.43165
2025-01-06 17:41:01,2025-01-06 17:41:01,Class A,626294000_0,56.327483,11.434883,Constrained by her draught,0.0,12.3,30.0,32.0,9274800,TRAV2,YANGTZE,Tanker,No additional information,44.0,249.0,Undefined,14.9,SUEZ,20/01/2025 18:00:00,AIS,POINT (11.434883 56.327483),626294000_0,0 days 00:01:00,3.5340247909860343e-06,31.001822469544095,0.0,0,4.281047641625354,56.327483,11.434883
2025-01-06 17:42:01,2025-01-06 17:42:01,Class A,626294000_0,56.3305,11.438117,Constrained by her draught,0.0,12.3,30.0,33.0,9274800,TRAV2,YANGTZE,Tanker,No additional information,44.0,249.0,Undefined,14.9,SUEZ,20/01/2025 18:00:00,AIS,POINT (11.438117 56.3305),626294000_0,0 days 00:01:00,9.088430201806448e-07,30.721700196894517,0.0,0,4.278238345301136,56.3305,11.438117
2025-01-06 17:43:01,2025-01-06 17:43:01,Class A,626294000_0,56.333333,11.441267,Constrained by her draught,0.0,12.2,31.0,33.0,9274800,TRAV2,YANGTZE,Tanker,No additional information,44.0,249.0,Undefined,14.9,SUEZ,20/01/2025 18:00:00,AIS,POINT (11.441267 56.333333),626294000_0,0 days 00:01:00,-5.616834677343588e-06,31.648935918773134,0.0,0,4.275490631869284,56.333333,11.441267
2025-01-06 17:44:01,2025-01-06 17:44:01,Class A,626294000_0,56.33625,11.44455,Constrained by her draught,0.0,12.2,31.0,32.0,9274800,TRAV2,YANGTZE,Tanker,No additional information,44.0,249.0,Undefined,14.9,SUEZ,20/01/2025 18:00:00,AIS,POINT (11.44455 56.33625),626294000_0,0 days 00:01:00,3.4107469190363443e-06,31.95837749274051,0.0,0,4.272624743322072,56.33625,11.44455
2025-01-06 17:45:01,2025-01-06 17:45:01,Class A,626294000_0,56.339083,11.447667,Constrained by her draught,0.0,12.2,31.0,32.0,9274800,TRAV2,YANGTZE,Tanker,No additional information,44.0,249.0,Undefined,14.9,SUEZ,20/01/2025 18:00:00,AIS,POINT (11.447667 56.339083),626294000_0,0 days 00:01:00,-3.711724683563555e-06,31.37621764059128,0.0,0,4.269914680108024,56.339083,11.447667
2025-01-06 17:46:00,2025-01-06 17:46:00,Class A,626294000_0,56.34195,11.450783,Constrained by her draught,0.0,12.2,31.0,32.0,9274800,TRAV2,YANGTZE,Tanker,No additional information,44.0,249.0,Undefined,14.9,SUEZ,20/01/2025 18:00:00,AIS,POINT (11.450783 56.34195),626294000_0,0 days 00:00:59,2.6882624813430245e-06,31.063181643608175,0.0,0,4.267212630273889,56.34195,11.450783
2025-01-06 17:47:00,2025-01-06 17:47:00,Class A,626294000_0,56.344883,11.45405,Constrained by her draught,0.0,12.3,31.0,31.0,9274800,TRAV2,YANGTZE,Tanker,No additional information,44.0,249.0,Undefined,14.9,SUEZ,20/01/2025 18:00:00,AIS,POINT (11.45405 56.344883),626294000_0,0 days 00:01:00,1.3367587962101265e-06,31.68674509961471,0.0,0,4.264372421604966,56.344883,11.45405
2025-01-06 17:48:00,2025-01-06 17:48:00,Class A,626294000_0,56.347783,11.457067,Constrained by her draught,0.0,12.2,29.0,29.0,9274800,TRAV2,YANGTZE,Tanker,No additional information,44.0,249.0,Undefined,14.9,SUEZ,20/01/2025 18:00:00,AIS,POINT (11.457067 56.347783),626294000_0,0 days 00:01:00,-3.0822935022833546e-06,29.963458734769574,0.0,0,4.261778003134607,56.347783,11.457067
2025-01-06 17:49:00,2025-01-06 17:49:00,Class A,626294000_0,56.350683,11.459933,Constrained by her draught,0.0,12.2,28.0,29.0,9274800,TRAV2,YANGTZE,Tanker,No additional information,44.0,249.0,Undefined,14.9,SUEZ,20/01/2025 18:00:00,AIS,POINT (11.459933 56.350683),626294000_0,0 days 00:01:00,-1.274527621341013e-06,28.705359410907533,0.0,0,4.259335688257735,56.350683,11.459933
2025-01-06 17:50:00,2025-01-06 17:50:00,Class A,626294000_0,56.3537,11.4629,Constrained by her draught,0.0,12.1,28.0,28.0,9274800,TRAV2,YANGTZE,Tanker,No additional information,44.0,249.0,Undefined,14.9,SUEZ,20/01/2025 18:00:00,AIS,POINT (11.4629 56.3537),626294000_0,0 days 00:01:00,4.005409544309138e-06,28.58489146569491,0.0,0,4.2568119845546395,56.3537,11.4629
2025-01-06 17:51:00,2025-01-06 17:51:00,Class A,626294000_0,56.356633,11.465667,Constrained by her draught,0.0,12.1,27.0,27.0,9274800,TRAV2,YANGTZE,Tanker,No additional information,44.0,249.0,Undefined,14.9,SUEZ,20/01/2025 18:00:00,AIS,POINT (11.465667 56.356633),626294000_0,0 days 00:01:00,-3.912761688756799e-06,27.594276307186306,0.0,0,4.25447740257273,56.356633,11.465667
2025-01-06 17:52:00,2025-01-06 17:52:00,Class A,626294000_0,56.359667,11.468367,Constrained by her draught,0.0,12.1,25.0,26.0,9274800,TRAV2,YANGTZE,Tanker,No additional information,44.0,249.0,Undefined,14.9,SUEZ,20/01/2025 18:00:00,AIS,POINT (11.468367 56.359667),626294000_0,0 days 00:01:00,2.2610641203034264e-06,26.24274182705068,0.0,0,4.2522257984714305,56.359667,11.468367
2025-01-06 17:53:01,2025-01-06 17:53:01,Class A,626294000_0,56.36275,11.470967,Constrained by her draught,0.0,12.1,25.0,25.0,9274800,TRAV2,YANGTZE,Tanker,No additional information,44.0,249.0,Undefined,14.9,SUEZ,20/01/2025 18:00:00,AIS,POINT (11.470967 56.36275),626294000_0,0 days 00:01:01,-1.0879203589712382e-06,25.03946957538153,0.0,0,4.250082769018151,56.36275,11.470967
2025-01-06 17:54:01,2025-01-06 17:54:01,Class A,626294000_0,56.365833,11.473567,Constrained by her draught,0.0,12.1,24.0,26.0,9274800,TRAV2,YANGTZE,Tanker,No additional information,44.0,249.0,Undefined,14.9,SUEZ,20/01/2025 18:00:00,AIS,POINT (11.473567 56.365833),626294000_0,0 days 00:01:00,1.724567744132158e-06,25.037692647342396,0.0,0,4.247942487322775,56.365833,11.473567
2025-01-06 17:55:01,2025-01-06 17:55:01,Class A,626294000_0,56.36885,11.476133,Constrained by her draught,0.0,12.2,25.0,26.0,9274800,TRAV2,YANGTZE,Tanker,No additional information,44.0,249.0,Undefined,14.9,SUEZ,20/01/2025 18:00:00,AIS,POINT (11.476133 56.36885),626294000_0,0 days 00:01:00,-2.09723000493124e-06,25.22268923433643,0.0,0,4.245829247434356,56.36885,11.476133
2025-01-06 17:56:01,2025-01-06 17:56:01,Class A,626294000_0,56.37185,11.478633,Constrained by her draught,0.0,12.1,24.0,25.0,9274800,TRAV2,YANGTZE,Tanker,No additional information,44.0,249.0,Undefined,14.9,SUEZ,20/01/2025 18:00:00,AIS,POINT (11.478633 56.37185),626294000_0,0 days 00:01:00,-9.573914121495501e-07,24.773168861270847,0.0,0,4.243781550854026,56.37185,11.478633
2025-01-06 17:57:01,2025-01-06 17:57:01,Class A,626294000_0,56.374983,11.481233,Constrained by her draught,0.0,12.1,24.0,26.0,9274800,TRAV2,YANGTZE,Tanker,No additional information,44.0,249.0,Undefined,14.9,SUEZ,20/01/2025 18:00:00,AIS,POINT (11.481233 56.374983),626294000_0,0 days 00:01:00,4.452953945595087e-06,24.680856526375692,0.0,0,4.241656576959762,56.374983,11.481233
2025-01-06 17:58:01,2025-01-06 17:58:01,Class A,626294000_0,56.37805,11.483867,Constrained by her draught,0.0,12.1,25.0,26.0,9274800,TRAV2,YANGTZE,Tanker,No additional information,44.0,249.0,Undefined,14.9,SUEZ,20/01/2025 18:00:00,AIS,POINT (11.483867 56.37805),626294000_0,0 days 00:01:00,-1.6025390732409632e-06,25.43264098058114,0.0,0,4.239491280390254,56.37805,11.483867
2025-01-06 17:59:01,2025-01-06 17:59:01,Class A,626294000_0,56.381017,11.486433,Constrained by her draught,0.0,12.1,25.0,26.0,9274800,TRAV2,YANGTZE,Tanker,No additional information,44.0,249.0,Undefined,14.9,SUEZ,20/01/2025 18:00:00,AIS,POINT (11.486433 56.381017),626294000_0,0 days 00:01:00,-3.295325901053487e-06,25.586646363009777,0.0,0,4.237381508461327,56.381017,11.486433
2025-01-06 18:00:01,2025-01-06 18:00:01,Class A,626294000_0,56.383983,11.488917,Constrained by her draught,0.0,12.1,24.0,25.0,9274800,TRAV2,YANGTZE,Tanker,No additional information,44.0,249.0,Undefined,14.9,SUEZ,20/01/2025 18:00:00,AIS,POINT (11.488917 56.383983),626294000_0,0 days 00:01:00,-6.302365849726223e-07,24.874884845517727,0.0,0,4.235355296336069,56.383983,11.488917
2025-01-06 18:01:01,2025-01-06 18:01:01,Class A,626294000_0,56.3871,11.491517,Constrained by her draught,0.0,12.1,24.0,26.0,9274800,TRAV2,YANGTZE,Tanker,No additional information,44.0,249.0,Undefined,14.9,SUEZ,20/01/2025 18:00:00,AIS,POINT (11.491517 56.3871),626294000_0,0 days 00:01:00,5.073015396515789e-06,24.785408287213613,0.0,0,4.233239042388817,56.3871,11.491517
2025-01-06 18:02:01,2025-01-06 18:02:01,Class A,626294000_0,56.390183,11.494183,Constrained by her draught,0.0,12.1,25.0,27.0,9274800,TRAV2,YANGTZE,Tanker,No additional information,44.0,249.0,Undefined,14.9,SUEZ,20/01/2025 18:00:00,AIS,POINT (11.494183 56.390183),626294000_0,0 days 00:01:00,-4.701814418261458e-07,25.57857148357266,0.0,0,4.231055332215121,56.390183,11.494183
2025-01-06 18:03:01,2025-01-06 18:03:01,Class A,626294000_0,56.393117,11.4968,Constrained by her draught,0.0,12.0,26.0,29.0,9274800,TRAV2,YANGTZE,Tanker,No additional information,44.0,249.0,Undefined,14.9,SUEZ,20/01/2025 18:00:00,AIS,POINT (11.4968 56.393117),626294000_0,0 days 00:01:00,-4.512883300148771e-06,26.274895945624905,0.0,0,4.228900795860431,56.393117,11.4968
2025-01-06 18:04:00,2025-01-06 18:04:00,Class A,626294000_0,56.395983,11.49965,Constrained by her draught,0.0,12.0,29.0,30.0,9274800,TRAV2,YANGTZE,Tanker,No additional information,44.0,249.0,Undefined,14.9,SUEZ,20/01/2025 18:00:00,AIS,POINT (11.49965 56.395983),626294000_0,0 days 00:00:59,1.7310156866752891e-06,28.82636039781096,0.0,0,4.226508288025116,56.395983,11.49965
2025-01-06 18:05:00,2025-01-06 18:05:00,Class A,626294000_0,56.398833,11.502583,Constrained by her draught,0.0,12.0,29.0,30.0,9274800,TRAV2,YANGTZE,Tanker,No additional information,44.0,249.0,Undefined,14.9,SUEZ,20/01/2025 18:00:00,AIS,POINT (11.502583 56.398833),626294000_0,0 days 00:01:00,-1.4525263224771015e-06,29.662309280885324,0.0,0,4.224033832495427,56.398833,11.502583
2025-01-06 18:06:00,2025-01-06 18:06:00,Class A,626294000_0,56.401783,11.505583,Constrained by her draught,0.0,12.0,29.0,30.0,9274800,TRAV2,YANGTZE,Tanker,No additional information,44.0,249.0,Undefined,14.9,SUEZ,20/01/2025 18:00:00,AIS,POINT (11.505583 56.401783),626294000_0,0 days 00:01:00,3.2554585015141974e-06,29.368102688619615,0.0,0,4.221510702280169,56.401783,11.505583
2025-01-06 18:07:00,2025-01-06 18:07:00,Class A,626294000_0,56.40465,11.50845,Constrained by her draught,0.0,12.0,28.0,30.0,9274800,TRAV2,YANGTZE,Tanker,No additional information,44.0,249.0,Undefined,14.9,SUEZ,20/01/2025 18:00:00,AIS,POINT (11.50845 56.40465),626294000_0,0 days 00:01:00,-3.3558693829631273e-06,28.956526090191517,0.0,0,4.219109170340109,56.40465,11.50845
2025-01-06 18:08:01,2025-01-06 18:08:01,Class A,626294000_0,56.407717,11.511533,Constrained by her draught,0.0,12.0,29.0,34.0,9274800,TRAV2,YANGTZE,Tanker,No additional information,44.0,249.0,Undefined,14.9,SUEZ,20/01/2025 18:00:00,AIS,POINT (11.511533 56.407717),626294000_0,0 days 00:01:01,5.335480613221718e-06,29.08100851405146,0.0,0,4.216527097298202,56.407717,11.511533
2025-01-06 18:09:01,2025-01-06 18:09:01,Class A,626294000_0,56.41045,11.514817,Constrained by her draught,0.0,12.0,34.0,37.0,9274800,TRAV2,YANGTZE,Tanker,No additional information,44.0,249.0,Undefined,14.9,SUEZ,20/01/2025 18:00:00,AIS,POINT (11.514817 56.41045),626294000_0,0 days 00:01:00,-5.249031194200935e-06,33.614676137481865,0.0,0,4.21369822750811,56.41045,11.514817
2025-01-06 18:10:01,2025-01-06 18:10:01,Class A,626294000_0,56.413083,11.5183,Constrained by her draught,0.0,12.1,36.0,38.0,9274800,TRAV2,YANGTZE,Tanker,No additional information,44.0,249.0,Undefined,14.9,SUEZ,20/01/2025 18:00:00,AIS,POINT (11.5183 56.413083),626294000_0,0 days 00:01:00,-5.819432124997611e-07,36.19574718929226,0.0,0,4.210659793790636,56.413083,11.5183
2025-01-06 18:11:01,2025-01-06 18:11:01,Class A,626294000_0,56.415833,11.522,Constrained by her draught,0.0,12.1,36.0,39.0,9274800,TRAV2,YANGTZE,Tanker,No additional information,44.0,249.0,Undefined,14.9,SUEZ,20/01/2025 18:00:00,AIS,POINT (11.522 56.415833),626294000_0,0 days 00:01:00,5.119449395614616e-06,36.65804504582991,0.0,0,4.2074273555041914,56.415833,11.522
2025-01-06 18:12:00,2025-01-06 18:12:00,Class A,626294000_0,56.418483,11.5256,Constrained by her draught,0.0,12.1,36.0,39.0,9274800,TRAV2,YANGTZE,Tanker,No additional information,44.0,249.0,Undefined,14.9,SUEZ,20/01/2025 18:00:00,AIS,POINT (11.5256 56.418483),626294000_0,0 days 00:00:59,-1.796838355361916e-06,36.92110379366159,0.0,0,4.20428076429786,56.418483,11.5256
2025-01-06 18:13:00,2025-01-06 18:13:00,Class A,626294000_0,56.421167,11.52935,Constrained by her draught,0.0,12.1,37.0,40.0,9274800,TRAV2,YANGTZE,Tanker,No additional information,44.0,249.0,Undefined,14.9,SUEZ,20/01/2025 18:00:00,AIS,POINT (11.52935 56.421167),626294000_0,0 days 00:01:00,6.548509429140104e-07,37.69451531145182,0.0,0,4.200993705295092,56.421167,11.52935
2025-01-06 18:14:00,2025-01-06 18:14:00,Class A,626294000_0,56.423767,11.533017,Constrained by her draught,0.0,12.1,37.0,40.0,9274800,TRAV2,YANGTZE,Tanker,No additional information,44.0,249.0,Undefined,14.9,SUEZ,20/01/2025 18:00:00,AIS,POINT (11.533017 56.423767),626294000_0,0 days 00:01:00,-2.9270045584835172e-06,37.953922496044754,0.0,0,4.197777958204317,56.423767,11.533017
2025-01-06 18:15:00,2025-01-06 18:15:00,Class A,626294000_0,56.42645,11.53655,Constrained by her draught,0.0,12.1,35.0,40.0,9274800,TRAV2,YANGTZE,Tanker,No additional information,44.0,249.0,Undefined,14.9,SUEZ,20/01/2025 18:00:00,AIS,POINT (11.53655 56.42645),626294000_0,0 days 00:01:00,6.616000111632433e-07,36.06177947298562,0.0,0,4.194709954269544,56.42645,11.53655
2025-01-06 18:16:00,2025-01-06 18:16:00,Class A,626294000_0,56.4292,11.54025,Constrained by her draught,0.0,12.1,36.0,41.0,9274800,TRAV2,YANGTZE,Tanker,No additional information,44.0,249.0,Undefined,14.9,SUEZ,20/01/2025 18:00:00,AIS,POINT (11.54025 56.4292),626294000_0,0 days 00:01:00,3.364295584676498e-06,36.648401415976025,0.0,0,4.191490095628045,56.4292,11.54025
2025-01-06 18:17:00,2025-01-06 18:17:00,Class A,626294000_0,56.431833,11.543883,Constrained by her draught,0.0,12.1,37.0,41.0,9274800,TRAV2,YANGTZE,Tanker,No additional information,44.0,249.0,Undefined,14.9,SUEZ,20/01/2025 18:00:00,AIS,POINT (11.543883 56.431833),626294000_0,0 days 00:01:00,-3.582765296243744e-06,37.34047476818262,0.0,0,4.188320393077158,56.431833,11.543883
2025-01-06 18:18:00,2025-01-06 18:18:00,Class A,626294000_0,56.434567,11.547617,Constrained by her draught,0.0,12.1,36.0,40.0,9274800,TRAV2,YANGTZE,Tanker,No additional information,44.0,249.0,Undefined,14.9,SUEZ,20/01/2025 18:00:00,AIS,POINT (11.547617 56.434567),626294000_0,0 days 00:01:00,3.5316781539174746e-06,37.056474777784786,0.0,0,4.185069520233325,56.434567,11.547617
2025-01-06 18:19:01,2025-01-06 18:19:01,Class A,626294000_0,56.437317,11.551317,Constrained by her draught,0.0,12.1,36.0,41.0,9274800,TRAV2,YANGTZE,Tanker,No additional information,44.0,249.0,Undefined,14.9,SUEZ,20/01/2025 18:00:00,AIS,POINT (11.551317 56.437317),626294000_0,0 days 00:01:01,-1.6682541197571777e-06,36.64254349376739,0.0,0,4.181857368417292,56.437317,11.551317
2025-01-06 18:20:01,2025-01-06 18:20:01,Class A,626294000_0,56.440033,11.555083,Constrained by her draught,0.0,12.1,37.0,41.0,9274800,TRAV2,YANGTZE,Tanker,No additional information,44.0,249.0,Undefined,14.9,SUEZ,20/01/2025 18:00:00,AIS,POINT (11.555083 56.440033),626294000_0,0 days 00:01:00,1.5802238608196514e-06,37.470466084375914,0.0,0,4.1785772152092635,56.440033,11.555083
2025-01-06 18:21:01,2025-01-06 18:21:01,Class A,626294000_0,56.442683,11.558683,Constrained by her draught,0.0,12.1,36.0,40.0,9274800,TRAV2,YANGTZE,Tanker,No additional information,44.0,249.0,Undefined,14.9,SUEZ,20/01/2025 18:00:00,AIS,POINT (11.558683 56.442683),626294000_0,0 days 00:01:00,-3.349181260671579e-06,36.90359269168346,0.0,0,4.175452765181999,56.442683,11.558683
2025-01-06 18:22:01,2025-01-06 18:22:01,Class A,626294000_0,56.445333,11.562317,Constrained by her draught,0.0,12.1,37.0,40.0,9274800,TRAV2,YANGTZE,Tanker,No additional information,44.0,249.0,Undefined,14.9,SUEZ,20/01/2025 18:00:00,AIS,POINT (11.562317 56.445333),626294000_0,0 days 00:01:00,3.4872551387084167e-07,37.160605344436306,0.0,0,4.172297217912693,56.445333,11.562317
2025-01-06 18:23:01,2025-01-06 18:23:01,Class A,626294000_0,56.448067,11.566033,Constrained by her draught,0.0,12.1,36.0,40.0,9274800,TRAV2,YANGTZE,Tanker,No additional information,44.0,249.0,Undefined,14.9,SUEZ,20/01/2025 18:00:00,AIS,POINT (11.566033 56.448067),626294000_0,0 days 00:01:00,2.91701787112321e-06,36.91365020606935,0.0,0,4.169076971974733,56.448067,11.566033
2025-01-06 18:24:01,2025-01-06 18:24:01,Class A,626294000_0,56.4508,11.56975,Constrained by her draught,0.0,12.1,36.0,40.0,9274800,TRAV2,YANGTZE,Tanker,No additional information,44.0,249.0,Undefined,14.9,SUEZ,20/01/2025 18:00:00,AIS,POINT (11.56975 56.4508),626294000_0,0 days 00:01:00,-1.712384403975443e-08,36.929140687916515,0.0,0,4.165858195059932,56.4508,11.56975
2025-01-06 18:25:01,2025-01-06 18:25:01,Class A,626294000_0,56.45355,11.573483,Constrained by her draught,0.0,12.2,36.0,40.0,9274800,TRAV2,YANGTZE,Tanker,No additional information,44.0,249.0,Undefined,14.9,SUEZ,20/01/2025 18:00:00,AIS,POINT (11.573483 56.45355),626294000_0,0 days 00:01:00,5.822098760643994e-07,36.87472057968637,0.0,0,4.1626290685778145,56.45355,11.573483
2025-01-06 18:26:01,2025-01-06 18:26:01,Class A,626294000_0,56.4562,11.577117,Constrained by her draught,0.0,12.2,36.0,40.0,9274800,TRAV2,YANGTZE,Tanker,No additional information,44.0,249.0,Undefined,14.9,SUEZ,20/01/2025 18:00:00,AIS,POINT (11.577117 56.4562),626294000_0,0 days 00:01:00,-3.4927343958176455e-06,37.15271679798218,0.0,0,4.159483646368261,56.4562,11.577117
2025-01-06 18:27:01,2025-01-06 18:27:01,Class A,626294000_0,56.458833,11.580767,Constrained by her draught,0.0,12.2,37.0,41.0,9274800,TRAV2,YANGTZE,Tanker,No additional information,44.0,249.0,Undefined,14.9,SUEZ,20/01/2025 18:00:00,AIS,POINT (11.580767 56.458833),626294000_0,0 days 00:01:00,-2.5426049182346254e-07,37.44988420468451,0.0,0,4.1563221019552845,56.458833,11.580767
2025-01-06 18:28:01,2025-01-06 18:28:01,Class A,626294000_0,56.46155,11.5846,Constrained by her draught,0.0,12.2,38.0,41.0,9274800,TRAV2,YANGTZE,Tanker,No additional information,44.0,249.0,Undefined,14.9,SUEZ,20/01/2025 18:00:00,AIS,POINT (11.5846 56.46155),626294000_0,0 days 00:01:00,3.9703153908295706e-06,37.93341674861858,0.0,0,4.1529966696047325,56.46155,11.5846
2025-01-06 18:29:01,2025-01-06 18:29:01,Class A,626294000_0,56.46415,11.588283,Constrained by her draught,0.0,12.2,37.0,41.0,9274800,TRAV2,YANGTZE,Tanker,No additional information,44.0,249.0,Undefined,14.9,SUEZ,20/01/2025 18:00:00,AIS,POINT (11.588283 56.46415),626294000_0,0 days 00:01:00,-4.4356978629327915e-06,38.045401229945526,0.0,0,4.149802080120086,56.46415,11.588283
2025-01-06 18:30:01,2025-01-06 18:30:01,Class A,626294000_0,56.466867,11.592117,Constrained by her draught,0.0,12.1,38.0,41.0,9274800,TRAV2,YANGTZE,Tanker,No additional information,44.0,249.0,Undefined,14.9,SUEZ,20/01/2025 18:00:00,AIS,POINT (11.592117 56.466867),626294000_0,0 days 00:01:00,4.440650005381651e-06,37.93677366939761,0.0,0,4.146480864924617,56.466867,11.592117
2025-01-06 18:31:01,2025-01-06 18:31:01,Class A,626294000_0,56.469467,11.59585,Constrained by her draught,0.0,12.1,38.0,41.0,9274800,TRAV2,YANGTZE,Tanker,No additional information,44.0,249.0,Undefined,14.9,SUEZ,20/01/2025 18:00:00,AIS,POINT (11.59585 56.469467),626294000_0,0 days 00:01:00,-3.915601135146343e-06,38.41705382184955,0.0,0,4.1432419952169095,56.469467,11.59585
2025-01-06 18:32:01,2025-01-06 18:32:01,Class A,626294000_0,56.47205,11.599517,Constrained by her draught,0.0,12.1,37.0,40.0,9274800,TRAV2,YANGTZE,Tanker,No additional information,44.0,249.0,Undefined,14.9,SUEZ,20/01/2025 18:00:00,AIS,POINT (11.599517 56.47205),626294000_0,0 days 00:01:00,-1.1158064986116142e-06,38.10097929633548,0.0,0,4.140067726825854,56.47205,11.599517
2025-01-06 18:33:01,2025-01-06 18:33:01,Class A,626294000_0,56.47475,11.6033,Constrained by her draught,0.0,12.1,37.0,40.0,9274800,TRAV2,YANGTZE,Tanker,No additional information,44.0,249.0,Undefined,14.9,SUEZ,20/01/2025 18:00:00,AIS,POINT (11.6033 56.47475),626294000_0,0 days 00:01:00,4.071941391105514e-06,37.733542229475574,0.0,0,4.136801632390414,56.47475,11.6033
2025-01-06 18:34:01,2025-01-06 18:34:01,Class A,626294000_0,56.47745,11.6071,Constrained by her draught,0.0,12.1,38.0,40.0,9274800,TRAV2,YANGTZE,Tanker,No additional information,44.0,249.0,Undefined,14.9,SUEZ,20/01/2025 18:00:00,AIS,POINT (11.6071 56.47745),626294000_0,0 days 00:01:00,1.7577829336695196e-07,37.85597099070037,0.0,0,4.133521436517293,56.47745,11.6071
2025-01-06 18:35:01,2025-01-06 18:35:01,Class A,626294000_0,56.480033,11.610783,Constrained by her draught,0.0,12.1,38.0,40.0,9274800,TRAV2,YANGTZE,Tanker,No additional information,44.0,249.0,Undefined,14.9,SUEZ,20/01/2025 18:00:00,AIS,POINT (11.610783 56.480033),626294000_0,0 days 00:01:00,-4.086363819409414e-06,38.216306204003956,0.0,0,4.130338918595664,56.480033,11.610783
2025-01-06 18:36:01,2025-01-06 18:36:01,Class A,626294000_0,56.482717,11.614567,Constrained by her draught,0.0,12.1,38.0,40.0,9274800,TRAV2,YANGTZE,Tanker,No additional information,44.0,249.0,Undefined,14.9,SUEZ,20/01/2025 18:00:00,AIS,POINT (11.614567 56.482717),626294000_0,0 days 00:01:00,3.5222005808462913e-06,37.899993382685636,0.0,0,4.127076912269264,56.482717,11.614567
2025-01-06 18:37:01,2025-01-06 18:37:01,Class A,626294000_0,56.4853,11.618283,Constrained by her draught,0.0,12.0,38.0,40.0,9274800,TRAV2,YANGTZE,Tanker,No additional information,44.0,249.0,Undefined,14.9,SUEZ,20/01/2025 18:00:00,AIS,POINT (11.618283 56.4853),626294000_0,0 days 00:01:00,-3.1767857107719975e-06,38.46109290624827,0.0,0,4.123866893956326,56.4853,11.618283
2025-01-06 18:38:01,2025-01-06 18:38:01,Class A,626294000_0,56.487883,11.62195,Constrained by her draught,0.0,12.0,38.0,40.0,9274800,TRAV2,YANGTZE,Tanker,No additional information,44.0,249.0,Undefined,14.9,SUEZ,20/01/2025 18:00:00,AIS,POINT (11.62195 56.487883),626294000_0,0 days 00:01:00,-5.2275197336203e-07,38.089373454486804,0.0,0,4.120707588235908,56.487883,11.62195
2025-01-06 18:39:01,2025-01-06 18:39:01,Class A,626294000_0,56.49055,11.625717,Constrained by her draught,0.0,12.0,37.0,40.0,9274800,TRAV2,YANGTZE,Tanker,No additional information,44.0,249.0,Undefined,14.9,SUEZ,20/01/2025 18:00:00,AIS,POINT (11.625717 56.49055),626294000_0,0 days 00:01:00,3.0979215821391274e-06,37.945684739046555,0.0,0,4.117467076286706,56.49055,11.625717
2025-01-06 18:40:01,2025-01-06 18:40:01,Class A,626294000_0,56.493133,11.629367,Constrained by her draught,0.0,12.0,37.0,40.0,9274800,TRAV2,YANGTZE,Tanker,No additional information,44.0,249.0,Undefined,14.9,SUEZ,20/01/2025 18:00:00,AIS,POINT (11.629367 56.493133),626294000_0,0 days 00:01:00,-3.282622015658608e-06,37.956341273019405,0.0,0,4.114329510698188,56.493133,11.629367
2025-01-06 18:41:01,2025-01-06 18:41:01,Class A,626294000_0,56.495783,11.633133,Constrained by her draught,0.0,12.0,38.0,40.0,9274800,TRAV2,YANGTZE,Tanker,No additional information,44.0,249.0,Undefined,14.9,SUEZ,20/01/2025 18:00:00,AIS,POINT (11.633133 56.495783),626294000_0,0 days 00:01:00,2.852781242792078e-06,38.11225857050226,0.0,0,4.111092141203599,56.495783,11.633133
2025-01-06 18:42:01,2025-01-06 18:42:01,Class A,626294000_0,56.49835,11.6368,Constrained by her draught,0.0,11.9,38.0,40.0,9274800,TRAV2,YANGTZE,Tanker,No additional information,44.0,249.0,Undefined,14.9,SUEZ,20/01/2025 18:00:00,AIS,POINT (11.6368 56.49835),626294000_0,0 days 00:01:00,-3.0674251128969538e-06,38.25466300919885,0.0,0,4.107940007272259,56.49835,11.6368
2025-01-06 18:43:01,2025-01-06 18:43:01,Class A,626294000_0,56.500983,11.640617,Constrained by her draught,0.0,11.9,38.0,40.0,9274800,TRAV2,YANGTZE,Tanker,No additional information,44.0,249.0,Undefined,14.9,SUEZ,20/01/2025 18:00:00,AIS,POINT (11.640617 56.500983),626294000_0,0 days 00:01:00,3.1926512666095605e-06,38.66301974121751,0.0,0,4.104654567049703,56.500983,11.640617
2025-01-06 18:44:01,2025-01-06 18:44:01,Class A,626294000_0,56.503617,11.644383,Constrained by her draught,0.0,11.9,38.0,40.0,9274800,TRAV2,YANGTZE,Tanker,No additional information,44.0,249.0,Undefined,14.9,SUEZ,20/01/2025 18:00:00,AIS,POINT (11.644383 56.503617),626294000_0,0 days 00:01:00,-5.220108562631331e-07,38.275122244232875,0.0,0,4.101422086697491,56.503617,11.644383
2025-01-06 18:45:01,2025-01-06 18:45:01,Class A,626294000_0,56.506167,11.648,Constrained by her draught,0.0,11.9,38.0,40.0,9274800,TRAV2,YANGTZE,Tanker,No additional information,44.0,249.0,Undefined,14.9,SUEZ,20/01/2025 18:00:00,AIS,POINT (11.648 56.506167),626294000_0,0 days 00:01:00,-3.620732163149001e-06,38.051753756634525,0.0,0,4.0983235980128505,56.506167,11.648
2025-01-06 18:46:01,2025-01-06 18:46:01,Class A,626294000_0,56.508783,11.651833,Constrained by her draught,0.0,11.9,38.0,40.0,9274800,TRAV2,YANGTZE,Tanker,No additional information,44.0,249.0,Undefined,14.9,SUEZ,20/01/2025 18:00:00,AIS,POINT (11.651833 56.508783),626294000_0,0 days 00:01:00,3.896728685168317e-06,38.95554947119382,0.0,0,4.095027091298176,56.508783,11.651833
2025-01-06 18:47:01,2025-01-06 18:47:01,Class A,626294000_0,56.511333,11.65545,Constrained by her draught,0.0,11.8,38.0,40.0,9274800,TRAV2,YANGTZE,Tanker,No additional information,44.0,249.0,Undefined,14.9,SUEZ,20/01/2025 18:00:00,AIS,POINT (11.65545 56.511333),626294000_0,0 days 00:01:00,-3.901868402900449e-06,38.04796433915277,0.0,0,4.091933564849874,56.511333,11.65545
2025-01-06 18:48:01,2025-01-06 18:48:01,Class A,626294000_0,56.5139,11.65905,Constrained by her draught,0.0,11.8,37.0,40.0,9274800,TRAV2,YANGTZE,Tanker,No additional information,44.0,249.0,Undefined,14.9,SUEZ,20/01/2025 18:00:00,AIS,POINT (11.65905 56.5139),626294000_0,0 days 00:01:00,2.3333805767890293e-07,37.73074883204072,0.0,0,4.088862309267456,56.5139,11.65905
2025-01-06 18:49:01,2025-01-06 18:49:01,Class A,626294000_0,56.516517,11.662817,Constrained by her draught,0.0,11.8,38.0,41.0,9274800,TRAV2,YANGTZE,Tanker,No additional information,44.0,249.0,Undefined,14.9,SUEZ,20/01/2025 18:00:00,AIS,POINT (11.662817 56.516517),626294000_0,0 days 00:01:00,2.9777383889172696e-06,38.453573068657306,0.0,0,4.085638548475133,56.516517,11.662817
2025-01-06 18:50:01,2025-01-06 18:50:01,Class A,626294000_0,56.519033,11.66645,Constrained by her draught,0.0,11.8,38.0,40.0,9274800,TRAV2,YANGTZE,Tanker,No additional information,44.0,249.0,Undefined,14.9,SUEZ,20/01/2025 18:00:00,AIS,POINT (11.66645 56.519033),626294000_0,0 days 00:01:00,-3.873761826750554e-06,38.53933328417139,0.0,0,4.082530475886862,56.519033,11.66645
2025-01-06 18:51:01,2025-01-06 18:51:01,Class A,626294000_0,56.52165,11.670217,Constrained by her draught,0.0,11.8,38.0,39.0,9274800,TRAV2,YANGTZE,Tanker,No additional information,44.0,249.0,Undefined,14.9,SUEZ,20/01/2025 18:00:00,AIS,POINT (11.670217 56.52165),626294000_0,0 days 00:01:00,3.868393483553162e-06,38.449793680070854,0.0,0,4.079311837663922,56.52165,11.670217
2025-01-06 18:52:01,2025-01-06 18:52:01,Class A,626294000_0,56.524217,11.6737,Constrained by her draught,0.0,11.8,36.0,38.0,9274800,TRAV2,YANGTZE,Tanker,No additional information,44.0,249.0,Undefined,14.9,SUEZ,20/01/2025 18:00:00,AIS,POINT (11.6737 56.524217),626294000_0,0 days 00:01:00,-4.195407061430651e-06,36.811031383579234,0.0,0,4.076365571171089,56.524217,11.6737
2025-01-06 18:53:01,2025-01-06 18:53:01,Class A,626294000_0,56.526917,11.677217,Constrained by her draught,0.0,11.8,35.0,37.0,9274800,TRAV2,YANGTZE,Tanker,No additional information,44.0,249.0,Undefined,14.9,SUEZ,20/01/2025 18:00:00,AIS,POINT (11.677217 56.526917),626294000_0,0 days 00:01:00,3.6569487867098177e-06,35.69442805909671,0.0,0,4.073413197796903,56.526917,11.677217
2025-01-06 18:54:01,2025-01-06 18:54:01,Class A,626294000_0,56.52955,11.680567,Constrained by her draught,0.0,11.8,35.0,37.0,9274800,TRAV2,YANGTZE,Tanker,No additional information,44.0,249.0,Undefined,14.9,SUEZ,20/01/2025 18:00:00,AIS,POINT (11.680567 56.52955),626294000_0,0 days 00:01:00,-3.346045372936606e-06,35.056467055412554,0.0,0,4.070614988561925,56.52955,11.680567
2025-01-06 18:55:01,2025-01-06 18:55:01,Class A,626294000_0,56.53225,11.684,Constrained by her draught,0.0,11.8,35.0,37.0,9274800,TRAV2,YANGTZE,Tanker,No additional information,44.0,249.0,Undefined,14.9,SUEZ,20/01/2025 18:00:00,AIS,POINT (11.684 56.53225),626294000_0,0 days 00:01:00,2.5089964817440336e-06,35.03692715655836,0.0,0,4.067750416206481,56.53225,11.684
2025-01-06 18:56:01,2025-01-06 18:56:01,Class A,626294000_0,56.534967,11.687517,Constrained by her draught,0.0,11.8,35.0,37.0,9274800,TRAV2,YANGTZE,Tanker,No additional information,44.0,249.0,Undefined,14.9,SUEZ,20/01/2025 18:00:00,AIS,POINT (11.687517 56.534967),626294000_0,0 days 00:01:00,1.2569230050837645e-06,35.51843757025904,0.0,0,4.064809247601418,56.534967,11.687517
2025-01-06 18:57:01,2025-01-06 18:57:01,Class A,626294000_0,56.5376,11.69085,Constrained by her draught,0.0,11.7,35.0,37.0,9274800,TRAV2,YANGTZE,Tanker,No additional information,44.0,249.0,Undefined,14.9,SUEZ,20/01/2025 18:00:00,AIS,POINT (11.69085 56.5376),626294000_0,0 days 00:01:00,-3.939625406435736e-06,34.91381942832771,0.0,0,4.062035514683248,56.5376,11.69085
2025-01-06 18:58:01,2025-01-06 18:58:01,Class A,626294000_0,56.5402,11.694183,Constrained by her draught,0.0,11.7,35.0,37.0,9274800,TRAV2,YANGTZE,Tanker,No additional information,44.0,249.0,Undefined,14.9,SUEZ,20/01/2025 18:00:00,AIS,POINT (11.694183 56.5402),626294000_0,0 days 00:01:00,-8.369362912593031e-07,35.25184619843765,0.0,0,4.059258039897069,56.5402,11.694183
2025-01-06 18:59:01,2025-01-06 18:59:01,Class A,626294000_0,56.542917,11.697683,Constrained by her draught,0.0,11.7,35.0,37.0,9274800,TRAV2,YANGTZE,Tanker,No additional information,44.0,249.0,Undefined,14.9,SUEZ,20/01/2025 18:00:00,AIS,POINT (11.697683 56.542917),626294000_0,0 days 00:01:00,4.60061376283045e-06,35.38159078084459,0.0,0,4.056341553327334,56.542917,11.697683
2025-01-06 19:00:01,2025-01-06 19:00:01,Class A,626294000_0,56.545533,11.701017,Constrained by her draught,0.0,11.7,35.0,37.0,9274800,TRAV2,YANGTZE,Tanker,No additional information,44.0,249.0,Undefined,14.9,SUEZ,20/01/2025 18:00:00,AIS,POINT (11.701017 56.545533),626294000_0,0 days 00:01:00,-4.191048064102167e-06,35.09063057316973,0.0,0,4.053571299928249,56.545533,11.701017
2025-01-06 19:01:01,2025-01-06 19:01:01,Class A,626294000_0,56.548233,11.704433,Constrained by her draught,0.0,11.7,34.0,37.0,9274800,TRAV2,YANGTZE,Tanker,No additional information,44.0,249.0,Undefined,14.9,SUEZ,20/01/2025 18:00:00,AIS,POINT (11.704433 56.548233),626294000_0,0 days 00:01:00,2.9293811201552806e-06,34.891996325671016,0.0,0,4.050739339906483,56.548233,11.704433
2025-01-06 19:02:01,2025-01-06 19:02:01,Class A,626294000_0,56.550867,11.707733,Constrained by her draught,0.0,11.7,34.0,37.0,9274800,TRAV2,YANGTZE,Tanker,No additional information,44.0,249.0,Undefined,14.9,SUEZ,20/01/2025 18:00:00,AIS,POINT (11.707733 56.550867),626294000_0,0 days 00:01:00,-2.8098307330163615e-06,34.62715702893644,0.0,0,4.048011091295329,56.550867,11.707733
2025-01-06 19:03:01,2025-01-06 19:03:01,Class A,626294000_0,56.553583,11.711167,Constrained by her draught,0.0,11.7,34.0,37.0,9274800,TRAV2,YANGTZE,Tanker,No additional information,44.0,249.0,Undefined,14.9,SUEZ,20/01/2025 18:00:00,AIS,POINT (11.711167 56.553583),626294000_0,0 days 00:01:00,3.3869883294949364e-06,34.870643988046936,0.0,0,4.045169928124405,56.553583,11.711167
2025-01-06 19:04:01,2025-01-06 19:04:01,Class A,626294000_0,56.5562,11.714483,Constrained by her draught,0.0,11.7,34.0,37.0,9274800,TRAV2,YANGTZE,Tanker,No additional information,44.0,249.0,Undefined,14.9,SUEZ,20/01/2025 18:00:00,AIS,POINT (11.714483 56.5562),626294000_0,0 days 00:01:00,-3.666959922255152e-06,34.92700855288831,0.0,0,4.042427890695022,56.5562,11.714483
2025-01-06 19:05:01,2025-01-06 19:05:01,Class A,626294000_0,56.558917,11.7179,Constrained by her draught,0.0,11.7,34.0,37.0,9274800,TRAV2,YANGTZE,Tanker,No additional information,44.0,249.0,Undefined,14.9,SUEZ,20/01/2025 18:00:00,AIS,POINT (11.7179 56.558917),626294000_0,0 days 00:01:00,3.5217423300044326e-06,34.7237285671531,0.0,0,4.039608990190635,56.558917,11.7179
2025-01-06 19:06:01,2025-01-06 19:06:01,Class A,626294000_0,56.56165,11.721317,Constrained by her draught,0.0,11.7,34.0,37.0,9274800,TRAV2,YANGTZE,Tanker,No additional information,44.0,249.0,Undefined,14.9,SUEZ,20/01/2025 18:00:00,AIS,POINT (11.721317 56.56165),626294000_0,0 days 00:01:00,4.0451852915714127e-07,34.56445884067722,0.0,0,4.036795994437295,56.56165,11.721317
2025-01-06 19:07:01,2025-01-06 19:07:01,Class A,626294000_0,56.564267,11.724633,Constrained by her draught,0.0,11.8,34.0,37.0,9274800,TRAV2,YANGTZE,Tanker,No additional information,44.0,249.0,Undefined,14.9,SUEZ,20/01/2025 18:00:00,AIS,POINT (11.724633 56.564267),626294000_0,0 days 00:01:00,-3.933082682476176e-06,34.92127461506573,0.0,0,4.034061841649183,56.564267,11.724633
2025-01-06 19:08:01,2025-01-06 19:08:01,Class A,626294000_0,56.567,11.7281,Constrained by her draught,0.0,11.8,34.0,37.0,9274800,TRAV2,YANGTZE,Tanker,No additional information,44.0,249.0,Undefined,14.9,SUEZ,20/01/2025 18:00:00,AIS,POINT (11.7281 56.567),626294000_0,0 days 00:01:00,4.415926126479459e-06,34.950489094410614,0.0,0,4.031205305296171,56.567,11.7281
2025-01-06 19:09:01,2025-01-06 19:09:01,Class A,626294000_0,56.569633,11.7314,Constrained by her draught,0.0,11.8,34.0,37.0,9274800,TRAV2,YANGTZE,Tanker,No additional information,44.0,249.0,Undefined,14.9,SUEZ,20/01/2025 18:00:00,AIS,POINT (11.7314 56.569633),626294000_0,0 days 00:01:00,-4.170238976919863e-06,34.62404263163876,0.0,0,4.028495285965344,56.569633,11.7314
2025-01-06 19:10:01,2025-01-06 19:10:01,Class A,626294000_0,56.572267,11.7347,Constrained by her draught,0.0,11.8,34.0,37.0,9274800,TRAV2,YANGTZE,Tanker,No additional information,44.0,249.0,Undefined,14.9,SUEZ,20/01/2025 18:00:00,AIS,POINT (11.7347 56.572267),626294000_0,0 days 00:01:00,2.323885871893747e-08,34.6120055683063,0.0,0,4.025788069661516,56.572267,11.7347
2025-01-06 19:11:00,2025-01-06 19:11:00,Class A,626294000_0,56.575,11.73815,Constrained by her draught,0.0,11.8,35.0,37.0,9274800,TRAV2,YANGTZE,Tanker,No additional information,44.0,249.0,Undefined,14.9,SUEZ,20/01/2025 18:00:00,AIS,POINT (11.73815 56.575),626294000_0,0 days 00:00:59,5.816986433825058e-06,34.81268401433198,0.0,0,4.022956422104024,56.575,11.73815
2025-01-06 19:12:00,2025-01-06 19:12:00,Class A,626294000_0,56.577617,11.7415,Constrained by her draught,0.0,11.8,35.0,37.0,9274800,TRAV2,YANGTZE,Tanker,No additional information,44.0,249.0,Undefined,14.9,SUEZ,20/01/2025 18:00:00,AIS,POINT (11.7415 56.577617),626294000_0,0 days 00:01:00,-5.666432737360042e-06,35.186559099785654,0.0,0,4.020202131115921,56.577617,11.7415
2025-01-06 19:13:00,2025-01-06 19:13:00,Class A,626294000_0,56.580333,11.74495,Constrained by her draught,0.0,11.8,35.0,37.0,9274800,TRAV2,YANGTZE,Tanker,No additional information,44.0,249.0,Undefined,14.9,SUEZ,20/01/2025 18:00:00,AIS,POINT (11.74495 56.580333),626294000_0,0 days 00:01:00,3.484414513177641e-06,34.97663710065996,0.0,0,4.01737258107149,56.580333,11.74495
2025-01-06 19:14:00,2025-01-06 19:14:00,Class A,626294000_0,56.582967,11.748283,Constrained by her draught,0.0,11.8,34.0,37.0,9274800,TRAV2,YANGTZE,Tanker,No additional information,44.0,249.0,Undefined,14.9,SUEZ,20/01/2025 18:00:00,AIS,POINT (11.748283 56.582967),626294000_0,0 days 00:01:00,-3.225506935503024e-06,34.87137801067911,0.0,0,4.014643712367262,56.582967,11.748283
2025-01-06 19:15:00,2025-01-06 19:15:00,Class A,626294000_0,56.585683,11.75175,Constrained by her draught,0.0,11.8,34.0,37.0,9274800,TRAV2,YANGTZE,Tanker,No additional information,44.0,249.0,Undefined,14.9,SUEZ,20/01/2025 18:00:00,AIS,POINT (11.75175 56.585683),626294000_0,0 days 00:01:00,3.3876240543205103e-06,35.105213845310345,0.0,0,4.011803055303813,56.585683,11.75175
2025-01-06 19:16:00,2025-01-06 19:16:00,Class A,626294000_0,56.5884,11.755233,Constrained by her draught,0.0,11.8,35.0,37.0,9274800,TRAV2,YANGTZE,Tanker,No additional information,44.0,249.0,Undefined,14.9,SUEZ,20/01/2025 18:00:00,AIS,POINT (11.755233 56.5884),626294000_0,0 days 00:01:00,1.8033631409698597e-07,35.21754202092575,0.0,0,4.008949768788454,56.5884,11.755233
2025-01-06 19:17:00,2025-01-06 19:17:00,Class A,626294000_0,56.591017,11.758583,Constrained by her draught,0.0,11.8,35.0,37.0,9274800,TRAV2,YANGTZE,Tanker,No additional information,44.0,249.0,Undefined,14.9,SUEZ,20/01/2025 18:00:00,AIS,POINT (11.758583 56.591017),626294000_0,0 days 00:01:00,-3.838395470091805e-06,35.17699473600061,0.0,0,4.006208886372502,56.591017,11.758583
2025-01-06 19:18:00,2025-01-06 19:18:00,Class A,626294000_0,56.59365,11.7619,Constrained by her draught,0.0,11.7,34.0,37.0,9274800,TRAV2,YANGTZE,Tanker,No additional information,44.0,249.0,Undefined,14.9,SUEZ,20/01/2025 18:00:00,AIS,POINT (11.7619 56.59365),626294000_0,0 days 00:01:00,7.99167547544527e-08,34.744766957814306,0.0,0,4.0035062353577,56.59365,11.7619
2025-01-06 19:19:00,2025-01-06 19:19:00,Class A,626294000_0,56.596267,11.76525,Constrained by her draught,0.0,11.7,35.0,37.0,9274800,TRAV2,YANGTZE,Tanker,No additional information,44.0,249.0,Undefined,14.9,SUEZ,20/01/2025 18:00:00,AIS,POINT (11.76525 56.596267),626294000_0,0 days 00:01:00,-8.443288065973902e-08,35.17324648767067,0.0,0,4.000770640330309,56.596267,11.76525
2025-01-06 19:20:00,2025-01-06 19:20:00,Class A,626294000_0,56.598967,11.768717,Constrained by her draught,0.0,11.7,35.0,37.0,9274800,TRAV2,YANGTZE,Tanker,No additional information,44.0,249.0,Undefined,14.9,SUEZ,20/01/2025 18:00:00,AIS,POINT (11.768717 56.598967),626294000_0,0 days 00:01:00,3.2465180697448075e-06,35.25514385106089,0.0,0,3.9979405429528336,56.598967,11.768717
2025-01-06 19:21:00,2025-01-06 19:21:00,Class A,626294000_0,56.601583,11.772067,Constrained by her draught,0.0,11.7,35.0,37.0,9274800,TRAV2,YANGTZE,Tanker,No additional information,44.0,249.0,Undefined,14.9,SUEZ,20/01/2025 18:00:00,AIS,POINT (11.772067 56.601583),626294000_0,0 days 00:01:00,-3.276356939551717e-06,35.17976162504448,0.0,0,3.995210126839638,56.601583,11.772067
2025-01-06 19:22:00,2025-01-06 19:22:00,Class A,626294000_0,56.604283,11.77555,Constrained by her draught,0.0,11.7,35.0,37.0,9274800,TRAV2,YANGTZE,Tanker,No additional information,44.0,249.0,Undefined,14.9,SUEZ,20/01/2025 18:00:00,AIS,POINT (11.77555 56.604283),626294000_0,0 days 00:01:00,3.429624141764289e-06,35.37577480442127,0.0,0,3.992369959177756,56.604283,11.77555
2025-01-06 19:23:00,2025-01-06 19:23:00,Class A,626294000_0,56.606983,11.779033,Constrained by her draught,0.0,11.7,35.0,37.0,9274800,TRAV2,YANGTZE,Tanker,No additional information,44.0,249.0,Undefined,14.9,SUEZ,20/01/2025 18:00:00,AIS,POINT (11.779033 56.606983),626294000_0,0 days 00:01:00,-2.427500350428782e-09,35.37384150380808,0.0,0,3.989532637648926,56.606983,11.779033
2025-01-06 19:24:00,2025-01-06 19:24:00,Class A,626294000_0,56.609583,11.7824,Constrained by her draught,0.0,11.7,35.0,37.0,9274800,TRAV2,YANGTZE,Tanker,No additional information,44.0,249.0,Undefined,14.9,SUEZ,20/01/2025 18:00:00,AIS,POINT (11.7824 56.609583),626294000_0,0 days 00:01:00,-3.669675856069268e-06,35.47668419866852,0.0,0,3.9867903918371472,56.609583,11.7824
2025-01-06 19:25:00,2025-01-06 19:25:00,Class A,626294000_0,56.612167,11.78575,Constrained by her draught,0.0,11.7,35.0,37.0,9274800,TRAV2,YANGTZE,Tanker,No additional information,44.0,249.0,Undefined,14.9,SUEZ,20/01/2025 18:00:00,AIS,POINT (11.78575 56.612167),626294000_0,0 days 00:01:00,-5.735094794071088e-07,35.50492506113068,0.0,0,3.98406401649484,56.612167,11.78575
2025-01-06 19:26:01,2025-01-06 19:26:01,Class A,626294000_0,56.61485,11.789233,Constrained by her draught,0.0,11.7,35.0,37.0,9274800,TRAV2,YANGTZE,Tanker,No additional information,44.0,249.0,Undefined,14.9,SUEZ,20/01/2025 18:00:00,AIS,POINT (11.789233 56.61485),626294000_0,0 days 00:01:01,2.099965122503104e-06,35.53919639310453,0.0,0,3.9812314227345538,56.61485,11.789233
2025-01-06 19:28:01,2025-01-06 19:28:01,Class A,626294000_0,56.620233,11.796217,Constrained by her draught,0.0,11.7,35.0,37.0,9274800,TRAV2,YANGTZE,Tanker,No additional information,44.0,249.0,Undefined,14.9,SUEZ,20/01/2025 18:00:00,AIS,POINT (11.796217 56.620233),626294000_0,0 days 00:02:00,9.862985929679572e-07,35.519057729125166,0.0,0,3.9755608382468495,56.620233,11.796217
2025-01-06 19:29:01,2025-01-06 19:29:01,Class A,626294000_0,56.622833,11.799583,Constrained by her draught,0.0,11.7,35.0,37.0,9274800,TRAV2,YANGTZE,Tanker,No additional information,44.0,249.0,Undefined,14.9,SUEZ,20/01/2025 18:00:00,AIS,POINT (11.799583 56.622833),626294000_0,0 days 00:01:00,-3.555505193328787e-06,35.45913948250808,0.0,0,3.972833159857836,56.622833,11.799583
2025-01-06 19:30:01,2025-01-06 19:30:01,Class A,626294000_0,56.625417,11.802983,Constrained by her draught,0.0,11.7,35.0,36.0,9274800,TRAV2,YANGTZE,Tanker,No additional information,44.0,249.0,Undefined,14.9,SUEZ,20/01/2025 18:00:00,AIS,POINT (11.802983 56.625417),626294000_0,0 days 00:01:00,-6.54084961605999e-08,35.8976364879411,0.0,0,3.970071507322003,56.625417,11.802983
2025-01-06 19:31:01,2025-01-06 19:31:01,Class A,626294000_0,56.628117,11.806433,Constrained by her draught,0.0,11.7,34.0,35.0,9274800,TRAV2,YANGTZE,Tanker,No additional information,44.0,249.0,Undefined,14.9,SUEZ,20/01/2025 18:00:00,AIS,POINT (11.806433 56.628117),626294000_0,0 days 00:01:00,3.4125159673741255e-06,35.101698551362006,0.0,0,3.9672889180459245,56.628117,11.806433
2025-01-06 19:32:01,2025-01-06 19:32:01,Class A,626294000_0,56.63085,11.809767,Constrained by her draught,0.0,11.7,33.0,35.0,9274800,TRAV2,YANGTZE,Tanker,No additional information,44.0,249.0,Undefined,14.9,SUEZ,20/01/2025 18:00:00,AIS,POINT (11.809767 56.63085),626294000_0,0 days 00:01:00,-2.827370536950755e-07,33.860613171912576,0.0,0,3.9646296212263,56.63085,11.809767
2025-01-06 19:33:01,2025-01-06 19:33:01,Class A,626294000_0,56.6335,11.812983,Constrained by her draught,0.0,11.7,33.0,35.0,9274800,TRAV2,YANGTZE,Tanker,No additional information,44.0,249.0,Undefined,14.9,SUEZ,20/01/2025 18:00:00,AIS,POINT (11.812983 56.6335),626294000_0,0 days 00:01:00,-3.254854138753493e-06,33.721214724576896,0.0,0,3.9620702027183974,56.6335,11.812983
2025-01-06 19:34:01,2025-01-06 19:34:01,Class A,626294000_0,56.636167,11.8162,Constrained by her draught,0.0,11.7,33.0,35.0,9274800,TRAV2,YANGTZE,Tanker,No additional information,44.0,249.0,Undefined,14.9,SUEZ,20/01/2025 18:00:00,AIS,POINT (11.8162 56.636167),626294000_0,0 days 00:01:00,4.448436877932625e-07,33.55858831299281,0.0,0,3.9595162743482946,56.636167,11.8162
2025-01-06 19:35:01,2025-01-06 19:35:01,Class A,626294000_0,56.6389,11.81955,Constrained by her draught,0.0,11.7,34.0,35.0,9274800,TRAV2,YANGTZE,Tanker,No additional information,44.0,249.0,Undefined,14.9,SUEZ,20/01/2025 18:00:00,AIS,POINT (11.81955 56.6389),626294000_0,0 days 00:01:00,2.955749981874145e-06,33.98197291045386,0.0,0,3.9568499372794013,56.6389,11.81955
2025-01-06 19:36:01,2025-01-06 19:36:01,Class A,626294000_0,56.641533,11.822833,Constrained by her draught,0.0,11.7,34.0,35.0,9274800,TRAV2,YANGTZE,Tanker,No additional information,44.0,249.0,Undefined,14.9,SUEZ,20/01/2025 18:00:00,AIS,POINT (11.822833 56.641533),626294000_0,0 days 00:01:00,-3.201530484916165e-06,34.434928991854804,0.0,0,3.9542297336480097,56.641533,11.822833
2025-01-06 19:37:01,2025-01-06 19:37:01,Class A,626294000_0,56.644267,11.826233,Constrained by her draught,0.0,11.8,33.0,35.0,9274800,TRAV2,YANGTZE,Tanker,No additional information,44.0,249.0,Undefined,14.9,SUEZ,20/01/2025 18:00:00,AIS,POINT (11.826233 56.644267),626294000_0,0 days 00:01:00,3.7019196382687423e-06,34.362893226581605,0.0,0,3.9515206356857098,56.644267,11.826233
2025-01-06 19:38:01,2025-01-06 19:38:01,Class A,626294000_0,56.64705,11.8296,Constrained by her draught,0.0,11.8,34.0,35.0,9274800,TRAV2,YANGTZE,Tanker,No additional information,44.0,249.0,Undefined,14.9,SUEZ,20/01/2025 18:00:00,AIS,POINT (11.8296 56.64705),626294000_0,0 days 00:01:00,9.38547556878248e-07,33.63010866235686,0.0,0,3.948857596286299,56.64705,11.8296
2025-01-06 19:39:00,2025-01-06 19:39:00,Class A,626294000_0,56.6496,11.832767,Constrained by her draught,0.0,11.8,33.0,35.0,9274800,TRAV2,YANGTZE,Tanker,No additional information,44.0,249.0,Undefined,14.9,SUEZ,20/01/2025 18:00:00,AIS,POINT (11.832767 56.6496),626294000_0,0 days 00:00:59,-6.368659918199525e-06,34.323967523059196,0.0,0,3.946340364186165,56.6496,11.832767
2025-01-06 19:40:00,2025-01-06 19:40:00,Class A,626294000_0,56.65235,11.836133,Constrained by her draught,0.0,11.8,33.0,35.0,9274800,TRAV2,YANGTZE,Tanker,No additional information,44.0,249.0,Undefined,14.9,SUEZ,20/01/2025 18:00:00,AIS,POINT (11.836133 56.65235),626294000_0,0 days 00:01:00,5.400743248910834e-06,33.93437733970899,0.0,0,3.9436767291918073,56.65235,11.836133
2025-01-06 19:41:00,2025-01-06 19:41:00,Class A,626294000_0,56.655017,11.83945,Constrained by her draught,0.0,11.8,34.0,35.0,9274800,TRAV2,YANGTZE,Tanker,No additional information,44.0,249.0,Undefined,14.9,SUEZ,20/01/2025 18:00:00,AIS,POINT (11.83945 56.655017),626294000_0,0 days 00:01:00,-2.594909154985285e-06,34.35787872191281,0.0,0,3.941045109273555,56.655017,11.83945
2025-01-06 19:42:00,2025-01-06 19:42:00,Class A,626294000_0,56.657783,11.8428,Constrained by her draught,0.0,11.8,32.0,28.0,9274800,TRAV2,YANGTZE,Tanker,No additional information,44.0,249.0,Undefined,14.9,SUEZ,20/01/2025 18:00:00,AIS,POINT (11.8428 56.657783),626294000_0,0 days 00:01:00,2.8495877417227615e-06,33.650742978505946,0.0,0,3.93840659333759,56.657783,11.8428
2025-01-06 19:43:00,2025-01-06 19:43:00,Class A,626294000_0,56.660717,11.845533,Constrained by her draught,0.0,11.6,25.0,22.0,9274800,TRAV2,YANGTZE,Tanker,No additional information,44.0,249.0,Undefined,14.9,SUEZ,20/01/2025 18:00:00,AIS,POINT (11.845533 56.660717),626294000_0,0 days 00:01:00,-8.467681177686155e-07,27.109689484185253,0.0,0,3.9364101377079597,56.660717,11.845533
2025-01-06 19:44:00,2025-01-06 19:44:00,Class A,626294000_0,56.66365,11.847617,Constrained by her draught,0.0,11.6,20.0,17.0,9274800,TRAV2,YANGTZE,Tanker,No additional information,44.0,249.0,Undefined,14.9,SUEZ,20/01/2025 18:00:00,AIS,POINT (11.847617 56.66365),626294000_0,0 days 00:01:00,-4.578414960184461e-06,21.329375425000535,0.0,0,3.9350484269072212,56.66365,11.847617
2025-01-06 19:45:00,2025-01-06 19:45:00,Class A,626294000_0,56.666767,11.849267,Constrained by her draught,0.0,11.5,14.0,12.0,9274800,TRAV2,YANGTZE,Tanker,No additional information,44.0,249.0,Undefined,14.9,SUEZ,20/01/2025 18:00:00,AIS,POINT (11.849267 56.666767),626294000_0,0 days 00:01:00,3.006101496470286e-06,16.218847904275094,0.0,0,3.934154127177277,56.666767,11.849267
2025-01-06 19:46:00,2025-01-06 19:46:00,Class A,626294000_0,56.669817,11.850367,Constrained by her draught,0.0,11.4,10.0,10.0,9274800,TRAV2,YANGTZE,Tanker,No additional information,44.0,249.0,Undefined,14.9,SUEZ,20/01/2025 18:00:00,AIS,POINT (11.850367 56.669817),626294000_0,0 days 00:01:00,-4.242698727726608e-06,11.208895671400626,0.0,0,3.933782692420363,56.669817,11.850367
2025-01-06 19:47:00,2025-01-06 19:47:00,Class A,626294000_0,56.673017,11.851383,Constrained by her draught,0.0,11.5,9.0,10.0,9274800,TRAV2,YANGTZE,Tanker,No additional information,44.0,249.0,Undefined,14.9,SUEZ,20/01/2025 18:00:00,AIS,POINT (11.851383 56.673017),626294000_0,0 days 00:01:00,4.298526442380795e-06,9.895081057092227,0.0,0,3.933530205457942,56.673017,11.851383
2025-01-06 19:48:00,2025-01-06 19:48:00,Class A,626294000_0,56.6761,11.852383,Constrained by her draught,0.0,11.6,9.0,10.0,9274800,TRAV2,YANGTZE,Tanker,No additional information,44.0,249.0,Undefined,14.9,SUEZ,20/01/2025 18:00:00,AIS,POINT (11.852383 56.6761),626294000_0,0 days 00:01:00,-3.611418680596609e-06,10.103688236250264,0.0,0,3.933269071252181,56.6761,11.852383
2025-01-06 19:49:00,2025-01-06 19:49:00,Class A,626294000_0,56.679233,11.8534,Constrained by her draught,0.0,11.6,10.0,10.0,9274800,TRAV2,YANGTZE,Tanker,No additional information,44.0,249.0,Undefined,14.9,SUEZ,20/01/2025 18:00:00,AIS,POINT (11.8534 56.679233),626294000_0,0 days 00:01:00,1.5731854900954737e-06,10.110479322175934,0.0,0,3.933005659828752,56.679233,11.8534
2025-01-06 19:50:00,2025-01-06 19:50:00,Class A,626294000_0,56.68245,11.85445,Constrained by her draught,0.0,11.7,10.0,10.0,9274800,TRAV2,YANGTZE,Tanker,No additional information,44.0,249.0,Undefined,14.9,SUEZ,20/01/2025 18:00:00,AIS,POINT (11.85445 56.68245),626294000_0,0 days 00:01:00,2.656415743289807e-06,10.163979223001036,0.0,0,3.9327324633196197,56.68245,11.85445
2025-01-06 19:51:00,2025-01-06 19:51:00,Class A,626294000_0,56.6856,11.855483,Constrained by her draught,0.0,11.8,10.0,10.0,9274800,TRAV2,YANGTZE,Tanker,No additional information,44.0,249.0,Undefined,14.9,SUEZ,20/01/2025 18:00:00,AIS,POINT (11.855483 56.6856),626294000_0,0 days 00:01:00,-2.0911274133326332e-06,10.210259400746963,0.0,0,3.93246302663725,56.6856,11.855483
2025-01-06 19:52:00,2025-01-06 19:52:00,Class A,626294000_0,56.6889,11.8565,Constrained by her draught,0.0,11.8,9.0,10.0,9274800,TRAV2,YANGTZE,Tanker,No additional information,44.0,249.0,Undefined,14.9,SUEZ,20/01/2025 18:00:00,AIS,POINT (11.8565 56.6889),626294000_0,0 days 00:01:00,4.523170066427547e-06,9.606193784042773,0.0,0,3.932247108390823,56.6889,11.8565
2025-01-06 19:53:00,2025-01-06 19:53:00,Class A,626294000_0,56.692167,11.85755,Constrained by her draught,0.0,11.8,9.0,10.0,9274800,TRAV2,YANGTZE,Tanker,No additional information,44.0,249.0,Undefined,14.9,SUEZ,20/01/2025 18:00:00,AIS,POINT (11.85755 56.692167),626294000_0,0 days 00:01:00,-9.101062696719997e-07,10.009063902485877,0.0,0,3.9319943686034184,56.692167,11.85755
2025-01-06 19:54:00,2025-01-06 19:54:00,Class A,626294000_0,56.695383,11.858583,Constrained by her draught,0.0,11.9,10.0,10.0,9274800,TRAV2,YANGTZE,Tanker,No additional information,44.0,249.0,Undefined,14.9,SUEZ,20/01/2025 18:00:00,AIS,POINT (11.858583 56.695383),626294000_0,0 days 00:01:00,-1.6040164312492293e-06,10.002450425282461,0.0,0,3.9317490752419593,56.695383,11.858583
2025-01-06 19:55:00,2025-01-06 19:55:00,Class A,626294000_0,56.698683,11.85965,Constrained by her draught,0.0,11.9,9.0,10.0,9274800,TRAV2,YANGTZE,Tanker,No additional information,44.0,249.0,Undefined,14.9,SUEZ,20/01/2025 18:00:00,AIS,POINT (11.85965 56.698683),626294000_0,0 days 00:01:00,2.6591714015391515e-06,10.066466032082758,0.0,0,3.931493557433994,56.698683,11.85965
2025-01-06 19:56:01,2025-01-06 19:56:01,Class A,626294000_0,56.701883,11.860633,Constrained by her draught,0.0,12.0,9.0,10.0,9274800,TRAV2,YANGTZE,Tanker,No additional information,44.0,249.0,Undefined,14.9,SUEZ,20/01/2025 18:00:00,AIS,POINT (11.860633 56.701883),626294000_0,0 days 00:01:01,-4.856905014004826e-06,9.572534616838254,0.0,0,3.9312988711958803,56.701883,11.860633
2025-01-06 19:57:01,2025-01-06 19:57:01,Class A,626294000_0,56.705217,11.861667,Constrained by her draught,0.0,12.0,9.0,10.0,9274800,TRAV2,YANGTZE,Tanker,No additional information,44.0,249.0,Undefined,14.9,SUEZ,20/01/2025 18:00:00,AIS,POINT (11.861667 56.705217),626294000_0,0 days 00:01:00,5.877111440870675e-06,9.66191076870956,0.0,0,3.9310895022354795,56.705217,11.861667
2025-01-06 19:58:01,2025-01-06 19:58:01,Class A,626294000_0,56.70855,11.862733,Constrained by her draught,0.0,12.0,10.0,10.0,9274800,TRAV2,YANGTZE,Tanker,No additional information,44.0,249.0,Undefined,14.9,SUEZ,20/01/2025 18:00:00,AIS,POINT (11.862733 56.70855),626294000_0,0 days 00:01:00,6.225598627834841e-08,9.957092646188414,0.0,0,3.930851914988531,56.70855,11.862733
2025-01-06 19:59:01,2025-01-06 19:59:01,Class A,626294000_0,56.7118,11.863783,Constrained by her draught,0.0,12.0,10.0,10.0,9274800,TRAV2,YANGTZE,Tanker,No additional information,44.0,249.0,Undefined,14.9,SUEZ,20/01/2025 18:00:00,AIS,POINT (11.863783 56.7118),626294000_0,0 days 00:01:00,-2.5757463638032717e-06,10.055212241159268,0.0,0,3.930612993932243,56.7118,11.863783
2025-01-06 20:00:01,2025-01-06 20:00:01,Class A,626294000_0,56.71515,11.864867,Constrained by her draught,0.0,12.1,9.0,10.0,9274800,TRAV2,YANGTZE,Tanker,No additional information,44.0,249.0,Undefined,14.9,SUEZ,20/01/2025 18:00:00,AIS,POINT (11.864867 56.71515),626294000_0,0 days 00:01:00,3.1464489563692392e-06,10.069734197486753,0.0,0,3.9303681702996984,56.71515,11.864867
2025-01-06 20:01:01,2025-01-06 20:01:01,Class A,626294000_0,56.718367,11.8659,Constrained by her draught,0.0,12.1,9.0,10.0,9274800,TRAV2,YANGTZE,Tanker,No additional information,44.0,249.0,Undefined,14.9,SUEZ,20/01/2025 18:00:00,AIS,POINT (11.8659 56.718367),626294000_0,0 days 00:01:00,-4.202427679607813e-06,9.993420833328912,0.0,0,3.9301437477055465,56.718367,11.8659
2025-01-06 20:02:01,2025-01-06 20:02:01,Class A,626294000_0,56.721617,11.866917,Constrained by her draught,0.0,12.1,9.0,10.0,9274800,TRAV2,YANGTZE,Tanker,No additional information,44.0,249.0,Undefined,14.9,SUEZ,20/01/2025 18:00:00,AIS,POINT (11.866917 56.721617),626294000_0,0 days 00:01:00,9.586530514567546e-07,9.742852645144524,0.0,0,3.92994575860609,56.721617,11.866917
2025-01-06 20:03:01,2025-01-06 20:03:01,Class A,626294000_0,56.724983,11.868067,Constrained by her draught,0.0,12.1,10.0,7.0,9274800,TRAV2,YANGTZE,Tanker,No additional information,44.0,249.0,Undefined,14.9,SUEZ,20/01/2025 18:00:00,AIS,POINT (11.868067 56.724983),626294000_0,0 days 00:01:00,3.931844367819111e-06,10.616877572538613,0.0,0,3.929650023653761,56.724983,11.868067
2025-01-06 20:04:01,2025-01-06 20:04:01,Class A,626294000_0,56.728233,11.868783,Constrained by her draught,0.0,12.0,5.0,2.0,9274800,TRAV2,YANGTZE,Tanker,No additional information,44.0,249.0,Undefined,14.9,SUEZ,20/01/2025 18:00:00,AIS,POINT (11.868783 56.728233),626294000_0,0 days 00:01:00,-4.6743065144914765e-06,6.89151982818214,0.0,0,3.9297498860444033,56.728233,11.868783
2025-01-06 20:05:01,2025-01-06 20:05:01,Class A,626294000_0,56.7316,11.869,Constrained by her draught,0.0,11.9,1.0,0.0,9274800,TRAV2,YANGTZE,Tanker,No additional information,44.0,249.0,Undefined,14.9,SUEZ,20/01/2025 18:00:00,AIS,POINT (11.869 56.7316),626294000_0,0 days 00:01:00,2.9498107760772725e-06,2.0248083054382278,0.0,0,3.9303650157012133,56.7316,11.869
2025-01-06 20:06:01,2025-01-06 20:06:01,Class A,626294000_0,56.734833,11.868967,Constrained by her draught,0.0,11.9,359.0,359.0,9274800,TRAV2,YANGTZE,Tanker,No additional information,44.0,249.0,Undefined,14.9,SUEZ,20/01/2025 18:00:00,AIS,POINT (11.868967 56.734833),626294000_0,0 days 00:01:00,-4.208592621004342e-06,359.6792146611986,0.0,0,3.931192223588412,56.734833,11.868967
2025-01-06 20:07:01,2025-01-06 20:07:01,Class A,626294000_0,56.7382,11.868933,Constrained by her draught,0.0,11.9,359.0,359.0,9274800,TRAV2,YANGTZE,Tanker,No additional information,44.0,249.0,Undefined,14.9,SUEZ,20/01/2025 18:00:00,AIS,POINT (11.868933 56.7382),626294000_0,0 days 00:01:00,4.144969348480644e-06,359.6826757464243,0.0,0,3.9320560019497424,56.7382,11.868933
2025-01-06 20:08:01,2025-01-06 20:08:01,Class A,626294000_0,56.741467,11.868933,Constrained by her draught,0.0,12.0,0.0,0.0,9274800,TRAV2,YANGTZE,Tanker,No additional information,44.0,249.0,Undefined,14.9,SUEZ,20/01/2025 18:00:00,AIS,POINT (11.868933 56.741467),626294000_0,0 days 00:01:00,-3.094748292933461e-06,0.0,0.0,0,3.9328647402688532,56.741467,11.868933
2025-01-06 20:16:00,2025-01-06 20:16:00,Class A,626294000_0,56.768167,11.867817,Constrained by her draught,0.0,11.9,350.0,346.0,9274800,TRAV2,YANGTZE,Tanker,No additional information,44.0,249.0,Undefined,14.9,SUEZ,20/01/2025 18:00:00,AIS,POINT (11.867817 56.768167),626294000_0,0 days 00:07:59,3.036007289012474e-07,358.68779303915227,0.0,0,3.9406489151897293,56.768167,11.867817
2025-01-06 20:17:00,2025-01-06 20:17:00,Class A,626294000_0,56.771417,11.866417,Constrained by her draught,0.0,11.8,346.0,344.0,9274800,TRAV2,YANGTZE,Tanker,No additional information,44.0,249.0,Undefined,14.9,SUEZ,20/01/2025 18:00:00,AIS,POINT (11.866417 56.771417),626294000_0,0 days 00:01:00,-1.7498039811761578e-07,346.7183085468866,0.0,0,3.94283013006977,56.771417,11.866417
2025-01-06 20:18:00,2025-01-06 20:18:00,Class A,626294000_0,56.774533,11.864917,Constrained by her draught,0.0,11.8,345.0,344.0,9274800,TRAV2,YANGTZE,Tanker,No additional information,44.0,249.0,Undefined,14.9,SUEZ,20/01/2025 18:00:00,AIS,POINT (11.864917 56.774533),626294000_0,0 days 00:01:00,-3.6090288707653468e-06,345.2237636682476,0.0,0,3.945075745762303,56.774533,11.864917
2025-01-06 20:19:00,2025-01-06 20:19:00,Class A,626294000_0,56.7778,11.86335,Constrained by her draught,0.0,11.9,345.0,344.0,9274800,TRAV2,YANGTZE,Tanker,No additional information,44.0,249.0,Undefined,14.9,SUEZ,20/01/2025 18:00:00,AIS,POINT (11.86335 56.7778),626294000_0,0 days 00:01:00,4.805981232481942e-06,345.276119062282,0.0,0,3.947426565212834,56.7778,11.86335
2025-01-06 20:20:00,2025-01-06 20:20:00,Class A,626294000_0,56.780983,11.8619,Constrained by her draught,0.0,12.0,346.0,345.0,9274800,TRAV2,YANGTZE,Tanker,No additional information,44.0,249.0,Undefined,14.9,SUEZ,20/01/2025 18:00:00,AIS,POINT (11.8619 56.780983),626294000_0,0 days 00:01:00,-3.0112675446142703e-06,345.9871852281306,0.0,0,3.949644656832434,56.780983,11.8619
2025-01-06 20:21:00,2025-01-06 20:21:00,Class A,626294000_0,56.784167,11.8604,Constrained by her draught,0.0,12.1,345.0,347.0,9274800,TRAV2,YANGTZE,Tanker,No additional information,44.0,249.0,Undefined,14.9,SUEZ,20/01/2025 18:00:00,AIS,POINT (11.8604 56.784167),626294000_0,0 days 00:01:00,2.3877852468925005e-07,345.5295050076246,0.0,0,3.9519131700518155,56.784167,11.8604
2025-01-06 20:22:00,2025-01-06 20:22:00,Class A,626294000_0,56.787567,11.858967,Constrained by her draught,0.0,12.4,347.0,349.0,9274800,TRAV2,YANGTZE,Tanker,No additional information,44.0,249.0,Undefined,14.9,SUEZ,20/01/2025 18:00:00,AIS,POINT (11.858967 56.787567),626294000_0,0 days 00:01:00,6.218970776924075e-06,347.00056743974557,0.0,0,3.954174565315245,56.787567,11.858967
2025-01-06 20:23:00,2025-01-06 20:23:00,Class A,626294000_0,56.7909,11.857833,Constrained by her draught,0.0,12.4,349.0,349.0,9274800,TRAV2,YANGTZE,Tanker,No additional information,44.0,249.0,Undefined,14.9,SUEZ,20/01/2025 18:00:00,AIS,POINT (11.857833 56.7909),626294000_0,0 days 00:01:00,-3.0678665178322707e-06,349.44431124465586,0.0,0,3.9561319581971737,56.7909,11.857833
2025-01-06 20:24:00,2025-01-06 20:24:00,Class A,626294000_0,56.79435,11.856683,Constrained by her draught,0.0,12.4,349.0,349.0,9274800,TRAV2,YANGTZE,Tanker,No additional information,44.0,249.0,Undefined,14.9,SUEZ,20/01/2025 18:00:00,AIS,POINT (11.856683 56.79435),626294000_0,0 days 00:01:00,3.607907895361902e-06,349.6546647713683,0.0,0,3.958137350745802,56.79435,11.856683
2025-01-06 20:25:01,2025-01-06 20:25:01,Class A,626294000_0,56.7978,11.85545,Constrained by her draught,0.0,12.4,348.0,348.0,9274800,TRAV2,YANGTZE,Tanker,No additional information,44.0,249.0,Undefined,14.9,SUEZ,20/01/2025 18:00:00,AIS,POINT (11.85545 56.7978),626294000_0,0 days 00:01:01,-1.4958010668483653e-06,348.9268562514183,0.0,0,3.9602252027060287,56.7978,11.85545
2025-01-06 20:26:01,2025-01-06 20:26:01,Class A,626294000_0,56.801217,11.854167,Constrained by her draught,0.0,12.4,348.0,348.0,9274800,TRAV2,YANGTZE,Tanker,No additional information,44.0,249.0,Undefined,14.9,SUEZ,20/01/2025 18:00:00,AIS,POINT (11.854167 56.801217),626294000_0,0 days 00:01:00,9.489736875317531e-07,348.38246163853836,0.0,0,3.9623549878305955,56.801217,11.854167
2025-01-06 20:28:01,2025-01-06 20:28:01,Class A,626294000_0,56.807833,11.851733,Constrained by her draught,0.0,12.3,348.0,348.0,9274800,TRAV2,YANGTZE,Tanker,No additional information,44.0,249.0,Undefined,14.9,SUEZ,20/01/2025 18:00:00,AIS,POINT (11.851733 56.807833),626294000_0,0 days 00:02:00,-1.763961394809512e-06,348.6127657504205,0.0,0,3.9664365901985636,56.807833,11.851733
2025-01-06 20:30:00,2025-01-06 20:30:00,Class A,626294000_0,56.814517,11.84915,Constrained by her draught,0.0,12.3,347.0,348.0,9274800,TRAV2,YANGTZE,Tanker,No additional information,44.0,249.0,Undefined,14.9,SUEZ,20/01/2025 18:00:00,AIS,POINT (11.84915 56.814517),626294000_0,0 days 00:01:59,1.0958161206213982e-06,348.056812143779,0.0,0,3.9706881780277086,56.814517,11.84915
2025-01-06 20:31:00,2025-01-06 20:31:00,Class A,626294000_0,56.817767,11.847917,Constrained by her draught,0.0,12.2,348.0,349.0,9274800,TRAV2,YANGTZE,Tanker,No additional information,44.0,249.0,Undefined,14.9,SUEZ,20/01/2025 18:00:00,AIS,POINT (11.847917 56.817767),626294000_0,0 days 00:01:00,-3.877522078110217e-06,348.269886491076,0.0,0,3.9727363494933816,56.817767,11.847917
2025-01-06 20:32:00,2025-01-06 20:32:00,Class A,626294000_0,56.821133,11.846667,Constrained by her draught,0.0,12.2,348.0,348.0,9274800,TRAV2,YANGTZE,Tanker,No additional information,44.0,249.0,Undefined,14.9,SUEZ,20/01/2025 18:00:00,AIS,POINT (11.846667 56.821133),626294000_0,0 days 00:01:00,3.5722970698394824e-06,348.5123170219699,0.0,0,3.9748336765205665,56.821133,11.846667
2025-01-06 20:33:00,2025-01-06 20:33:00,Class A,626294000_0,56.8244,11.845367,Constrained by her draught,0.0,12.2,347.0,348.0,9274800,TRAV2,YANGTZE,Tanker,No additional information,44.0,249.0,Undefined,14.9,SUEZ,20/01/2025 18:00:00,AIS,POINT (11.845367 56.8244),626294000_0,0 days 00:01:00,-2.8217753097114847e-06,347.71596914104504,0.0,0,3.9769549976841576,56.8244,11.845367
2025-01-06 20:34:00,2025-01-06 20:34:00,Class A,626294000_0,56.827767,11.844083,Constrained by her draught,0.0,12.3,348.0,349.0,9274800,TRAV2,YANGTZE,Tanker,No additional information,44.0,249.0,Undefined,14.9,SUEZ,20/01/2025 18:00:00,AIS,POINT (11.844083 56.827767),626294000_0,0 days 00:01:00,2.9679641151431907e-06,348.2139239148601,0.0,0,3.9790895480310575,56.827767,11.844083
2025-01-06 20:35:00,2025-01-06 20:35:00,Class A,626294000_0,56.83115,11.842767,Constrained by her draught,0.0,12.3,348.0,349.0,9274800,TRAV2,YANGTZE,Tanker,No additional information,44.0,249.0,Undefined,14.9,SUEZ,20/01/2025 18:00:00,AIS,POINT (11.842767 56.83115),626294000_0,0 days 00:01:00,5.960168410624154e-07,347.98518856900904,0.0,0,3.981261329064571,56.83115,11.842767
2025-01-06 20:36:00,2025-01-06 20:36:00,Class A,626294000_0,56.83445,11.841533,Constrained by her draught,0.0,12.3,348.0,348.0,9274800,TRAV2,YANGTZE,Tanker,No additional information,44.0,249.0,Undefined,14.9,SUEZ,20/01/2025 18:00:00,AIS,POINT (11.841533 56.83445),626294000_0,0 days 00:01:00,-2.798026270943949e-06,348.43868925874426,0.0,0,3.983333980721299,56.83445,11.841533
2025-01-06 20:37:00,2025-01-06 20:37:00,Class A,626294000_0,56.83785,11.840233,Constrained by her draught,0.0,12.3,348.0,348.0,9274800,TRAV2,YANGTZE,Tanker,No additional information,44.0,249.0,Undefined,14.9,SUEZ,20/01/2025 18:00:00,AIS,POINT (11.840233 56.83785),626294000_0,0 days 00:01:00,3.255678122673405e-06,348.1868406415228,0.0,0,3.9854991229918753,56.83785,11.840233
2025-01-06 20:38:00,2025-01-06 20:38:00,Class A,626294000_0,56.841133,11.839017,Constrained by her draught,0.0,12.3,348.0,345.0,9274800,TRAV2,YANGTZE,Tanker,No additional information,44.0,249.0,Undefined,14.9,SUEZ,20/01/2025 18:00:00,AIS,POINT (11.839017 56.841133),626294000_0,0 days 00:01:00,-3.832554659520798e-06,348.54741565756825,0.0,0,3.9875539849388866,56.841133,11.839017
2025-01-06 20:39:00,2025-01-06 20:39:00,Class A,626294000_0,56.844317,11.837417,Constrained by her draught,0.0,12.0,343.0,340.0,9274800,TRAV2,YANGTZE,Tanker,No additional information,44.0,249.0,Undefined,14.9,SUEZ,20/01/2025 18:00:00,AIS,POINT (11.837417 56.844317),626294000_0,0 days 00:01:00,-1.4670766785843924e-06,344.632740772505,0.0,0,3.989953829505548,56.844317,11.837417
2025-01-06 20:40:00,2025-01-06 20:40:00,Class A,626294000_0,56.847467,11.835367,Constrained by her draught,0.0,11.8,339.0,338.0,9274800,TRAV2,YANGTZE,Tanker,No additional information,44.0,249.0,Undefined,14.9,SUEZ,20/01/2025 18:00:00,AIS,POINT (11.835367 56.847467),626294000_0,0 days 00:01:00,1.292637643894156e-06,340.4094826228622,0.0,0,3.9927793935034783,56.847467,11.835367
2025-01-06 20:41:00,2025-01-06 20:41:00,Class A,626294000_0,56.850417,11.833233,Constrained by her draught,0.0,11.6,338.0,338.0,9274800,TRAV2,YANGTZE,Tanker,No additional information,44.0,249.0,Undefined,14.9,SUEZ,20/01/2025 18:00:00,AIS,POINT (11.833233 56.850417),626294000_0,0 days 00:01:00,-5.290214027144673e-06,338.4179112215171,0.0,0,3.995633076028128,56.850417,11.833233
2025-01-06 20:42:00,2025-01-06 20:42:00,Class A,626294000_0,56.853483,11.831033,Constrained by her draught,0.0,11.7,338.0,339.0,9274800,TRAV2,YANGTZE,Tanker,No additional information,44.0,249.0,Undefined,14.9,SUEZ,20/01/2025 18:00:00,AIS,POINT (11.831033 56.853483),626294000_0,0 days 00:01:00,3.7472386757982465e-06,338.57796646094056,0.0,0,3.998583087778219,56.853483,11.831033
2025-01-06 20:43:00,2025-01-06 20:43:00,Class A,626294000_0,56.856483,11.828983,Constrained by her draught,0.0,11.7,339.0,339.0,9274800,TRAV2,YANGTZE,Tanker,No additional information,44.0,249.0,Undefined,14.9,SUEZ,20/01/2025 18:00:00,AIS,POINT (11.828983 56.856483),626294000_0,0 days 00:01:00,-2.8178690540077897e-06,339.5141985519533,0.0,0,4.001372176499706,56.856483,11.828983
2025-01-06 20:44:00,2025-01-06 20:44:00,Class A,626294000_0,56.859617,11.826883,Constrained by her draught,0.0,11.8,340.0,339.0,9274800,TRAV2,YANGTZE,Tanker,No additional information,44.0,249.0,Undefined,14.9,SUEZ,20/01/2025 18:00:00,AIS,POINT (11.826883 56.859617),626294000_0,0 days 00:01:00,4.180085069494776e-06,339.88120036993536,0.0,0,4.004247303582784,56.859617,11.826883
2025-01-06 20:53:00,2025-01-06 20:53:00,Class A,626294000_0,56.887733,11.808333,Constrained by her draught,0.0,11.9,340.0,340.0,9274800,TRAV2,YANGTZE,Tanker,No additional information,44.0,249.0,Undefined,14.9,SUEZ,20/01/2025 18:00:00,AIS,POINT (11.808333 56.887733),626294000_0,0 days 00:09:00,-5.7878553077900884e-08,340.18080673676815,0.0,0,4.029828837787778,56.887733,11.808333
2025-01-06 20:54:00,2025-01-06 20:54:00,Class A,626294000_0,56.890783,11.806383,Constrained by her draught,0.0,11.8,340.0,340.0,9274800,TRAV2,YANGTZE,Tanker,No additional information,44.0,249.0,Undefined,14.9,SUEZ,20/01/2025 18:00:00,AIS,POINT (11.806383 56.890783),626294000_0,0 days 00:01:00,-2.7917045116911063e-06,340.74918608164324,0.0,0,4.032551242509634,56.890783,11.806383
2025-01-06 20:55:00,2025-01-06 20:55:00,Class A,626294000_0,56.8939,11.8043,Constrained by her draught,0.0,11.8,339.0,339.0,9274800,TRAV2,YANGTZE,Tanker,No additional information,44.0,249.0,Undefined,14.9,SUEZ,20/01/2025 18:00:00,AIS,POINT (11.8043 56.8939),626294000_0,0 days 00:01:00,2.7091385674005672e-06,339.94783944458715,0.0,0,4.035421481412816,56.8939,11.8043
2025-01-06 20:56:00,2025-01-06 20:56:00,Class A,626294000_0,56.8969,11.80225,Constrained by her draught,0.0,11.8,339.0,340.0,9274800,TRAV2,YANGTZE,Tanker,No additional information,44.0,249.0,Undefined,14.9,SUEZ,20/01/2025 18:00:00,AIS,POINT (11.80225 56.8969),626294000_0,0 days 00:01:00,-3.5891741281229532e-06,339.5344982231885,0.0,0,4.038228723703995,56.8969,11.80225
2025-01-06 20:57:01,2025-01-06 20:57:01,Class A,626294000_0,56.900033,11.80015,Constrained by her draught,0.0,11.8,340.0,340.0,9274800,TRAV2,YANGTZE,Tanker,No additional information,44.0,249.0,Undefined,14.9,SUEZ,20/01/2025 18:00:00,AIS,POINT (11.80015 56.900033),626294000_0,0 days 00:01:01,2.418443789006615e-06,339.8952992666812,0.0,0,4.041122584548135,56.900033,11.80015
2025-01-06 20:58:01,2025-01-06 20:58:01,Class A,626294000_0,56.90305,11.798133,Constrained by her draught,0.0,11.8,340.0,340.0,9274800,TRAV2,YANGTZE,Tanker,No additional information,44.0,249.0,Undefined,14.9,SUEZ,20/01/2025 18:00:00,AIS,POINT (11.798133 56.90305),626294000_0,0 days 00:01:00,-2.1612056765319e-06,339.94478780137877,0.0,0,4.043905631634966,56.90305,11.798133
2025-01-06 20:59:01,2025-01-06 20:59:01,Class A,626294000_0,56.906183,11.79605,Constrained by her draught,0.0,11.8,339.0,340.0,9274800,TRAV2,YANGTZE,Tanker,No additional information,44.0,249.0,Undefined,14.9,SUEZ,20/01/2025 18:00:00,AIS,POINT (11.79605 56.906183),626294000_0,0 days 00:01:00,3.752804980165202e-06,340.04818523051176,0.0,0,4.046786018897589,56.906183,11.79605
2025-01-06 21:00:01,2025-01-06 21:00:01,Class A,626294000_0,56.9092,11.794067,Constrained by her draught,0.0,11.8,340.0,340.0,9274800,TRAV2,YANGTZE,Tanker,No additional information,44.0,249.0,Undefined,14.9,SUEZ,20/01/2025 18:00:00,AIS,POINT (11.794067 56.9092),626294000_0,0 days 00:01:00,-3.950814669518163e-06,340.25952004481957,0.0,0,4.049539179833304,56.9092,11.794067
2025-01-06 21:01:01,2025-01-06 21:01:01,Class A,626294000_0,56.912333,11.791983,Constrained by her draught,0.0,11.8,340.0,341.0,9274800,TRAV2,YANGTZE,Tanker,No additional information,44.0,249.0,Undefined,14.9,SUEZ,20/01/2025 18:00:00,AIS,POINT (11.791983 56.912333),626294000_0,0 days 00:01:00,3.95470928534518e-06,340.0423911317432,0.0,0,4.052423366711083,56.912333,11.791983
2025-01-06 21:02:01,2025-01-06 21:02:01,Class A,626294000_0,56.91545,11.78995,Constrained by her draught,0.0,11.8,340.0,341.0,9274800,TRAV2,YANGTZE,Tanker,No additional information,44.0,249.0,Undefined,14.9,SUEZ,20/01/2025 18:00:00,AIS,POINT (11.78995 56.91545),626294000_0,0 days 00:01:00,-7.590979331920418e-07,340.4025064469086,0.0,0,4.055255550276456,56.91545,11.78995
2025-01-06 21:09:00,2025-01-06 21:09:00,Class A,626294000_0,56.93705,11.776533,Constrained by her draught,0.0,11.8,341.0,340.0,9274800,TRAV2,YANGTZE,Tanker,No additional information,44.0,249.0,Undefined,14.9,SUEZ,20/01/2025 18:00:00,AIS,POINT (11.776533 56.93705),626294000_0,0 days 00:06:59,-1.8955600528641445e-07,341.280152535694,0.0,0,4.074278275912065,56.93705,11.776533
2025-01-06 21:10:00,2025-01-06 21:10:00,Class A,626294000_0,56.940133,11.774717,Constrained by her draught,0.0,11.8,341.0,340.0,9274800,TRAV2,YANGTZE,Tanker,No additional information,44.0,249.0,Undefined,14.9,SUEZ,20/01/2025 18:00:00,AIS,POINT (11.774717 56.940133),626294000_0,0 days 00:01:00,-8.58337209907444e-07,342.1863867002505,0.0,0,4.076904277439194,56.940133,11.774717
2025-01-06 21:11:00,2025-01-06 21:11:00,Class A,626294000_0,56.9433,11.7728,Constrained by her draught,0.0,11.8,341.0,340.0,9274800,TRAV2,YANGTZE,Tanker,No additional information,44.0,249.0,Undefined,14.9,SUEZ,20/01/2025 18:00:00,AIS,POINT (11.7728 56.9433),626294000_0,0 days 00:01:00,2.9992744793013096e-06,341.7281587079416,0.0,0,4.079652665491022,56.9433,11.7728
2025-01-06 21:12:00,2025-01-06 21:12:00,Class A,626294000_0,56.94635,11.7709,Constrained by her draught,0.0,11.8,341.0,340.0,9274800,TRAV2,YANGTZE,Tanker,No additional information,44.0,249.0,Undefined,14.9,SUEZ,20/01/2025 18:00:00,AIS,POINT (11.7709 56.94635),626294000_0,0 days 00:01:00,-3.5233439621758955e-06,341.23373969390104,0.0,0,4.082352466133713,56.94635,11.7709
2025-01-06 21:13:00,2025-01-06 21:13:00,Class A,626294000_0,56.949383,11.769017,Constrained by her draught,0.0,11.7,341.0,340.0,9274800,TRAV2,YANGTZE,Tanker,No additional information,44.0,249.0,Undefined,14.9,SUEZ,20/01/2025 18:00:00,AIS,POINT (11.769017 56.949383),626294000_0,0 days 00:01:00,-5.911666126648714e-07,341.294383549096,0.0,0,4.085032448684097,56.949383,11.769017
2025-01-06 21:14:00,2025-01-06 21:14:00,Class A,626294000_0,56.952533,11.767067,Constrained by her draught,0.0,11.7,341.0,340.0,9274800,TRAV2,YANGTZE,Tanker,No additional information,44.0,249.0,Undefined,14.9,SUEZ,20/01/2025 18:00:00,AIS,POINT (11.767067 56.952533),626294000_0,0 days 00:01:00,3.790390473696085e-06,341.34604439420997,0.0,0,4.087811858439916,56.952533,11.767067
2025-01-06 21:15:00,2025-01-06 21:15:00,Class A,626294000_0,56.955567,11.7652,Constrained by her draught,0.0,11.7,341.0,340.0,9274800,TRAV2,YANGTZE,Tanker,No additional information,44.0,249.0,Undefined,14.9,SUEZ,20/01/2025 18:00:00,AIS,POINT (11.7652 56.955567),626294000_0,0 days 00:01:00,-3.849219395690356e-06,341.45096330757957,0.0,0,4.090479594965486,56.955567,11.7652
2025-01-06 21:16:00,2025-01-06 21:16:00,Class A,626294000_0,56.9587,11.763217,Constrained by her draught,0.0,11.7,341.0,340.0,9274800,TRAV2,YANGTZE,Tanker,No additional information,44.0,249.0,Undefined,14.9,SUEZ,20/01/2025 18:00:00,AIS,POINT (11.763217 56.9587),626294000_0,0 days 00:01:00,3.530479950022951e-06,340.96021688283463,0.0,0,4.093288500240974,56.9587,11.763217
2025-01-06 21:17:00,2025-01-06 21:17:00,Class A,626294000_0,56.96175,11.761383,Constrained by her draught,0.0,11.7,341.0,340.0,9274800,TRAV2,YANGTZE,Tanker,No additional information,44.0,249.0,Undefined,14.9,SUEZ,20/01/2025 18:00:00,AIS,POINT (11.761383 56.96175),626294000_0,0 days 00:01:00,-3.2382579783290026e-06,341.8491565330519,0.0,0,4.095932098896294,56.96175,11.761383
2025-01-06 21:18:00,2025-01-06 21:18:00,Class A,626294000_0,56.9649,11.7595,Constrained by her draught,0.0,11.7,342.0,340.0,9274800,TRAV2,YANGTZE,Tanker,No additional information,44.0,249.0,Undefined,14.9,SUEZ,20/01/2025 18:00:00,AIS,POINT (11.7595 56.9649),626294000_0,0 days 00:01:00,3.196616877624662e-06,341.9503134086498,0.0,0,4.098653182381745,56.9649,11.7595
2025-01-06 21:19:00,2025-01-06 21:19:00,Class A,626294000_0,56.96805,11.757617,Constrained by her draught,0.0,11.7,341.0,339.0,9274800,TRAV2,YANGTZE,Tanker,No additional information,44.0,249.0,Undefined,14.9,SUEZ,20/01/2025 18:00:00,AIS,POINT (11.757617 56.96805),626294000_0,0 days 00:01:00,-7.863503606077293e-10,341.951740476431,0.0,0,4.1013757443698085,56.96805,11.757617
2025-01-06 21:27:00,2025-01-06 21:27:00,Class A,626294000_0,56.992417,11.74185,Constrained by her draught,0.0,11.6,341.0,341.0,9274800,TRAV2,YANGTZE,Tanker,No additional information,44.0,249.0,Undefined,14.9,SUEZ,20/01/2025 18:00:00,AIS,POINT (11.74185 56.992417),626294000_0,0 days 00:08:00,-3.219710372478304e-07,340.5837904849336,0.0,0,4.123632529327633,56.992417,11.74185
2025-01-06 21:28:00,2025-01-06 21:28:00,Class A,626294000_0,56.995533,11.7399,Constrained by her draught,0.0,11.6,341.0,341.0,9274800,TRAV2,YANGTZE,Tanker,No additional information,44.0,249.0,Undefined,14.9,SUEZ,20/01/2025 18:00:00,AIS,POINT (11.7399 56.995533),626294000_0,0 days 00:01:00,1.929579644170372e-06,341.17700775140554,0.0,0,4.126421500627996,56.995533,11.7399
2025-01-06 21:29:00,2025-01-06 21:29:00,Class A,626294000_0,56.998683,11.738067,Constrained by her draught,0.0,11.7,341.0,340.0,9274800,TRAV2,YANGTZE,Tanker,No additional information,44.0,249.0,Undefined,14.9,SUEZ,20/01/2025 18:00:00,AIS,POINT (11.738067 56.998683),626294000_0,0 days 00:01:00,3.7987930735721165e-07,342.4146171890486,0.0,0,4.1291103392622,56.998683,11.738067
2025-01-06 21:30:00,2025-01-06 21:30:00,Class A,626294000_0,57.0017,11.736217,Constrained by her draught,0.0,11.7,341.0,339.0,9274800,TRAV2,YANGTZE,Tanker,No additional information,44.0,249.0,Undefined,14.9,SUEZ,20/01/2025 18:00:00,AIS,POINT (11.736217 57.0017),626294000_0,0 days 00:01:00,-3.823314104756245e-06,341.5331814660714,0.0,0,4.13177709807838,57.0017,11.736217
2025-01-06 21:31:00,2025-01-06 21:31:00,Class A,626294000_0,57.0048,11.734167,Constrained by her draught,0.0,11.6,339.0,339.0,9274800,TRAV2,YANGTZE,Tanker,No additional information,44.0,249.0,Undefined,14.9,SUEZ,20/01/2025 18:00:00,AIS,POINT (11.734167 57.0048),626294000_0,0 days 00:01:00,3.533187259926844e-06,340.1952343190379,0.0,0,4.134660844423036,57.0048,11.734167
2025-01-06 21:32:00,2025-01-06 21:32:00,Class A,626294000_0,57.007783,11.732217,Constrained by her draught,0.0,11.6,340.0,340.0,9274800,TRAV2,YANGTZE,Tanker,No additional information,44.0,249.0,Undefined,14.9,SUEZ,20/01/2025 18:00:00,AIS,POINT (11.732217 57.007783),626294000_0,0 days 00:01:00,-3.977478931015957e-06,340.40647705429876,0.0,0,4.137415420428797,57.007783,11.732217
2025-01-06 21:33:00,2025-01-06 21:33:00,Class A,626294000_0,57.010883,11.73025,Constrained by her draught,0.0,11.6,340.0,340.0,9274800,TRAV2,YANGTZE,Tanker,No additional information,44.0,249.0,Undefined,14.9,SUEZ,20/01/2025 18:00:00,AIS,POINT (11.73025 57.010883),626294000_0,0 days 00:01:00,3.5088065877031365e-06,340.941020764358,0.0,0,4.140222613211154,57.010883,11.73025
2025-01-06 21:34:00,2025-01-06 21:34:00,Class A,626294000_0,57.013867,11.728367,Constrained by her draught,0.0,11.6,341.0,340.0,9274800,TRAV2,YANGTZE,Tanker,No additional information,44.0,249.0,Undefined,14.9,SUEZ,20/01/2025 18:00:00,AIS,POINT (11.728367 57.013867),626294000_0,0 days 00:01:00,-3.855261383705743e-06,341.0395832428283,0.0,0,4.142916125531144,57.013867,11.728367
2025-01-06 21:35:00,2025-01-06 21:35:00,Class A,626294000_0,57.01695,11.726367,Constrained by her draught,0.0,11.5,340.0,340.0,9274800,TRAV2,YANGTZE,Tanker,No additional information,44.0,249.0,Undefined,14.9,SUEZ,20/01/2025 18:00:00,AIS,POINT (11.726367 57.01695),626294000_0,0 days 00:01:00,3.5411873832036193e-06,340.5490830879089,0.0,0,4.145752304215123,57.01695,11.726367
2025-01-06 21:36:00,2025-01-06 21:36:00,Class A,626294000_0,57.019933,11.7245,Constrained by her draught,0.0,11.6,341.0,341.0,9274800,TRAV2,YANGTZE,Tanker,No additional information,44.0,249.0,Undefined,14.9,SUEZ,20/01/2025 18:00:00,AIS,POINT (11.7245 57.019933),626294000_0,0 days 00:01:00,-3.6595899405187713e-06,341.1863081834993,0.0,0,4.148432798545132,57.019933,11.7245
2025-01-06 21:37:00,2025-01-06 21:37:00,Class A,626294000_0,57.02305,11.72265,Constrained by her draught,0.0,11.6,342.0,342.0,9274800,TRAV2,YANGTZE,Tanker,No additional information,44.0,249.0,Undefined,14.9,SUEZ,20/01/2025 18:00:00,AIS,POINT (11.72265 57.02305),626294000_0,0 days 00:01:00,3.842163765602014e-06,342.09683783911674,0.0,0,4.151138907149217,57.02305,11.72265
2025-01-06 21:38:01,2025-01-06 21:38:01,Class A,626294000_0,57.026083,11.720917,Constrained by her draught,0.0,11.6,342.0,342.0,9274800,TRAV2,YANGTZE,Tanker,No additional information,44.0,249.0,Undefined,14.9,SUEZ,20/01/2025 18:00:00,AIS,POINT (11.720917 57.026083),626294000_0,0 days 00:01:01,-4.6089833760379395e-06,342.7254949909924,0.0,0,4.153709450647939,57.026083,11.720917
2025-01-06 21:39:01,2025-01-06 21:39:01,Class A,626294000_0,57.029217,11.719133,Constrained by her draught,0.0,11.6,343.0,342.0,9274800,TRAV2,YANGTZE,Tanker,No additional information,44.0,249.0,Undefined,14.9,SUEZ,20/01/2025 18:00:00,AIS,POINT (11.719133 57.029217),626294000_0,0 days 00:01:00,4.84913355953571e-06,342.7877557038352,0.0,0,4.1563606158813995,57.029217,11.719133
2025-01-06 21:40:01,2025-01-06 21:40:01,Class A,626294000_0,57.032267,11.717433,Constrained by her draught,0.0,11.7,343.0,342.0,9274800,TRAV2,YANGTZE,Tanker,No additional information,44.0,249.0,Undefined,14.9,SUEZ,20/01/2025 18:00:00,AIS,POINT (11.717433 57.032267),626294000_0,0 days 00:01:00,-2.900598165155828e-06,343.1271949230794,0.0,0,4.158907635215044,57.032267,11.717433
2025-01-06 21:41:01,2025-01-06 21:41:01,Class A,626294000_0,57.035433,11.715633,Constrained by her draught,0.0,11.7,342.0,342.0,9274800,TRAV2,YANGTZE,Tanker,No additional information,44.0,249.0,Undefined,14.9,SUEZ,20/01/2025 18:00:00,AIS,POINT (11.715633 57.035433),626294000_0,0 days 00:01:00,3.924585361301169e-06,342.8103752076121,0.0,0,4.161586635679472,57.035433,11.715633
2025-01-06 21:42:01,2025-01-06 21:42:01,Class A,626294000_0,57.038483,11.7139,Constrained by her draught,0.0,11.7,342.0,341.0,9274800,TRAV2,YANGTZE,Tanker,No additional information,44.0,249.0,Undefined,14.9,SUEZ,20/01/2025 18:00:00,AIS,POINT (11.7139 57.038483),626294000_0,0 days 00:01:00,-3.7626440721958154e-06,342.82148883731577,0.0,0,4.164167862640145,57.038483,11.7139
2025-01-06 21:43:01,2025-01-06 21:43:01,Class A,626294000_0,57.041617,11.712083,Constrained by her draught,0.0,11.7,342.0,342.0,9274800,TRAV2,YANGTZE,Tanker,No additional information,44.0,249.0,Undefined,14.9,SUEZ,20/01/2025 18:00:00,AIS,POINT (11.712083 57.041617),626294000_0,0 days 00:01:00,2.9021859444426672e-06,342.49415598720236,0.0,0,4.166856120896186,57.041617,11.712083
2025-01-06 21:44:01,2025-01-06 21:44:01,Class A,626294000_0,57.044767,11.7103,Constrained by her draught,0.0,11.6,342.0,342.0,9274800,TRAV2,YANGTZE,Tanker,No additional information,44.0,249.0,Undefined,14.9,SUEZ,20/01/2025 18:00:00,AIS,POINT (11.7103 57.044767),626294000_0,0 days 00:01:00,3.0081593983536925e-07,342.8858387240646,0.0,0,4.169518336598245,57.044767,11.7103
2025-01-06 21:45:01,2025-01-06 21:45:01,Class A,626294000_0,57.047933,11.708567,Constrained by her draught,0.0,11.7,343.0,342.0,9274800,TRAV2,YANGTZE,Tanker,No additional information,44.0,249.0,Undefined,14.9,SUEZ,20/01/2025 18:00:00,AIS,POINT (11.708567 57.047933),626294000_0,0 days 00:01:00,2.2814420448989046e-07,343.4197126506141,0.0,0,4.172139325789828,57.047933,11.708567
2025-01-06 21:46:01,2025-01-06 21:46:01,Class A,626294000_0,57.050983,11.706833,Constrained by her draught,0.0,11.7,342.0,341.0,9274800,TRAV2,YANGTZE,Tanker,No additional information,44.0,249.0,Undefined,14.9,SUEZ,20/01/2025 18:00:00,AIS,POINT (11.706833 57.050983),626294000_0,0 days 00:01:00,-3.4288800441786434e-06,342.81760274343196,0.0,0,4.174727045073247,57.050983,11.706833
2025-01-06 21:47:01,2025-01-06 21:47:01,Class A,626294000_0,57.054033,11.705067,Constrained by her draught,0.0,11.7,342.0,341.0,9274800,TRAV2,YANGTZE,Tanker,No additional information,44.0,249.0,Undefined,14.9,SUEZ,20/01/2025 18:00:00,AIS,POINT (11.705067 57.054033),626294000_0,0 days 00:01:00,1.6031868402895284e-07,342.52101682299696,0.0,0,4.177346549785161,57.054033,11.705067
2025-01-06 21:48:01,2025-01-06 21:48:01,Class A,626294000_0,57.057167,11.7032,Constrained by her draught,0.0,11.7,342.0,341.0,9274800,TRAV2,YANGTZE,Tanker,No additional information,44.0,249.0,Undefined,14.9,SUEZ,20/01/2025 18:00:00,AIS,POINT (11.7032 57.057167),626294000_0,0 days 00:01:00,2.993033818928971e-06,342.0500284882577,0.0,0,4.180089387181689,57.057167,11.7032
2025-01-06 21:57:01,2025-01-06 21:57:01,Class A,626294000_0,57.084933,11.687417,Constrained by her draught,0.0,11.6,342.0,342.0,9274800,TRAV2,YANGTZE,Tanker,No additional information,44.0,249.0,Undefined,14.9,SUEZ,20/01/2025 18:00:00,AIS,POINT (11.687417 57.084933),626294000_0,0 days 00:09:00,-2.2472572404685323e-07,342.8356194918839,0.0,0,4.203730291253471,57.084933,11.687417
2025-01-06 21:58:01,2025-01-06 21:58:01,Class A,626294000_0,57.088083,11.685733,Constrained by her draught,0.0,11.6,343.0,342.0,9274800,TRAV2,YANGTZE,Tanker,No additional information,44.0,249.0,Undefined,14.9,SUEZ,20/01/2025 18:00:00,AIS,POINT (11.685733 57.088083),626294000_0,0 days 00:01:00,1.5817081874042558e-06,343.8027347826705,0.0,0,4.206318076663483,57.088083,11.685733
2025-01-06 21:59:01,2025-01-06 21:59:01,Class A,626294000_0,57.09115,11.6841,Constrained by her draught,0.0,11.6,343.0,342.0,9274800,TRAV2,YANGTZE,Tanker,No additional information,44.0,249.0,Undefined,14.9,SUEZ,20/01/2025 18:00:00,AIS,POINT (11.6841 57.09115),626294000_0,0 days 00:01:00,-2.7057809365244132e-06,343.86605931772255,0.0,0,4.208832768755251,57.09115,11.6841
2025-01-06 22:00:01,2025-01-06 22:00:01,Class A,626294000_0,57.0943,11.682383,Constrained by her draught,0.0,11.6,343.0,342.0,9274800,TRAV2,YANGTZE,Tanker,No additional information,44.0,249.0,Undefined,14.9,SUEZ,20/01/2025 18:00:00,AIS,POINT (11.682383 57.0943),626294000_0,0 days 00:01:00,2.861223329853043e-06,343.5050508002124,0.0,0,4.211454711862516,57.0943,11.682383
2025-01-06 22:01:01,2025-01-06 22:01:01,Class A,626294000_0,57.097317,11.680683,Constrained by her draught,0.0,11.6,343.0,342.0,9274800,TRAV2,YANGTZE,Tanker,No additional information,44.0,249.0,Undefined,14.9,SUEZ,20/01/2025 18:00:00,AIS,POINT (11.680683 57.097317),626294000_0,0 days 00:01:00,-4.022194954167172e-06,342.9814112707848,0.0,0,4.214019939588562,57.097317,11.680683
2025-01-06 22:02:01,2025-01-06 22:02:01,Class A,626294000_0,57.100367,11.67905,Constrained by her draught,0.0,11.6,344.0,343.0,9274800,TRAV2,YANGTZE,Tanker,No additional information,44.0,249.0,Undefined,14.9,SUEZ,20/01/2025 18:00:00,AIS,POINT (11.67905 57.100367),626294000_0,0 days 00:01:00,6.542216552212945e-07,343.7846684100104,0.0,0,4.216533332339375,57.100367,11.67905
2025-01-06 22:03:01,2025-01-06 22:03:01,Class A,626294000_0,57.103517,11.677433,Constrained by her draught,0.0,11.6,344.0,342.0,9274800,TRAV2,YANGTZE,Tanker,No additional information,44.0,249.0,Undefined,14.9,SUEZ,20/01/2025 18:00:00,AIS,POINT (11.677433 57.103517),626294000_0,0 days 00:01:00,2.9001643962799895e-06,344.4214142875039,0.0,0,4.219064581545296,57.103517,11.677433
2025-01-06 22:04:01,2025-01-06 22:04:01,Class A,626294000_0,57.106567,11.675833,Constrained by her draught,0.0,11.6,343.0,342.0,9274800,TRAV2,YANGTZE,Tanker,No additional information,44.0,249.0,Undefined,14.9,SUEZ,20/01/2025 18:00:00,AIS,POINT (11.675833 57.106567),626294000_0,0 days 00:01:00,-3.055299823103916e-06,344.0981428512083,0.0,0,4.221549414521875,57.106567,11.675833
2025-01-06 22:05:01,2025-01-06 22:05:01,Class A,626294000_0,57.1097,11.674167,Constrained by her draught,0.0,11.6,343.0,342.0,9274800,TRAV2,YANGTZE,Tanker,No additional information,44.0,249.0,Undefined,14.9,SUEZ,20/01/2025 18:00:00,AIS,POINT (11.674167 57.1097),626294000_0,0 days 00:01:00,2.7739097820188587e-06,343.8933382284655,0.0,0,4.224124562652595,57.1097,11.674167
2025-01-06 22:06:01,2025-01-06 22:06:01,Class A,626294000_0,57.11285,11.672567,Constrained by her draught,0.0,11.6,344.0,341.0,9274800,TRAV2,YANGTZE,Tanker,No additional information,44.0,249.0,Undefined,14.9,SUEZ,20/01/2025 18:00:00,AIS,POINT (11.672567 57.11285),626294000_0,0 days 00:01:00,2.0309768116131646e-07,344.5810590101769,0.0,0,4.2266439750592895,57.11285,11.672567
2025-01-06 22:07:01,2025-01-06 22:07:01,Class A,626294000_0,57.115867,11.6709,Constrained by her draught,0.0,11.5,343.0,341.0,9274800,TRAV2,YANGTZE,Tanker,No additional information,44.0,249.0,Undefined,14.9,SUEZ,20/01/2025 18:00:00,AIS,POINT (11.6709 57.115867),626294000_0,0 days 00:01:00,-3.6413459691109295e-06,343.3010894021566,0.0,0,4.229185893600446,57.115867,11.6709
2025-01-06 22:08:01,2025-01-06 22:08:01,Class A,626294000_0,57.119,11.6692,Constrained by her draught,0.0,11.6,343.0,342.0,9274800,TRAV2,YANGTZE,Tanker,No additional information,44.0,249.0,Undefined,14.9,SUEZ,20/01/2025 18:00:00,AIS,POINT (11.6692 57.119),626294000_0,0 days 00:01:00,3.596920314397053e-06,343.5860699036559,0.0,0,4.231797438423536,57.119,11.6692
2025-01-06 22:09:01,2025-01-06 22:09:01,Class A,626294000_0,57.122033,11.66765,Constrained by her draught,0.0,11.6,344.0,342.0,9274800,TRAV2,YANGTZE,Tanker,No additional information,44.0,249.0,Undefined,14.9,SUEZ,20/01/2025 18:00:00,AIS,POINT (11.66765 57.122033),626294000_0,0 days 00:01:00,-3.669718758521331e-06,344.4948799496346,0.0,0,4.234236251952057,57.122033,11.66765
2025-01-06 22:17:00,2025-01-06 22:17:00,Class A,626294000_0,57.14665,11.65425,Constrained by her draught,0.0,11.6,342.0,340.0,9274800,TRAV2,YANGTZE,Tanker,No additional information,44.0,249.0,Undefined,14.9,SUEZ,20/01/2025 18:00:00,AIS,POINT (11.65425 57.14665),626294000_0,0 days 00:07:59,2.6264472482257345e-07,343.54863460790625,0.0,0,4.254855041766759,57.14665,11.65425
2025-01-06 22:18:00,2025-01-06 22:18:00,Class A,626294000_0,57.149683,11.652517,Constrained by her draught,0.0,11.6,343.0,341.0,9274800,TRAV2,YANGTZE,Tanker,No additional information,44.0,249.0,Undefined,14.9,SUEZ,20/01/2025 18:00:00,AIS,POINT (11.652517 57.149683),626294000_0,0 days 00:01:00,-1.2333141052440206e-06,342.77957065610906,0.0,0,4.257478858714627,57.149683,11.652517
2025-01-06 22:19:00,2025-01-06 22:19:00,Class A,626294000_0,57.15275,11.650867,Constrained by her draught,0.0,11.7,343.0,342.0,9274800,TRAV2,YANGTZE,Tanker,No additional information,44.0,249.0,Undefined,14.9,SUEZ,20/01/2025 18:00:00,AIS,POINT (11.650867 57.15275),626294000_0,0 days 00:01:00,6.036002022477879e-07,343.73261309463004,0.0,0,4.260036506851202,57.15275,11.650867
2025-01-06 22:20:00,2025-01-06 22:20:00,Class A,626294000_0,57.155933,11.649117,Constrained by her draught,0.0,11.8,343.0,342.0,9274800,TRAV2,YANGTZE,Tanker,No additional information,44.0,249.0,Undefined,14.9,SUEZ,20/01/2025 18:00:00,AIS,POINT (11.649117 57.155933),626294000_0,0 days 00:01:00,3.917105073191753e-06,343.3963085248742,0.0,0,4.262727816574967,57.155933,11.649117
2025-01-06 22:21:00,2025-01-06 22:21:00,Class A,626294000_0,57.159117,11.647383,Constrained by her draught,0.0,11.8,343.0,342.0,9274800,TRAV2,YANGTZE,Tanker,No additional information,44.0,249.0,Undefined,14.9,SUEZ,20/01/2025 18:00:00,AIS,POINT (11.647383 57.159117),626294000_0,0 days 00:01:00,-4.768121449732117e-08,343.54609217556794,0.0,0,4.26540572492817,57.159117,11.647383
2025-01-06 22:22:01,2025-01-06 22:22:01,Class A,626294000_0,57.162217,11.6457,Constrained by her draught,0.0,11.8,343.0,341.0,9274800,TRAV2,YANGTZE,Tanker,No additional information,44.0,249.0,Undefined,14.9,SUEZ,20/01/2025 18:00:00,AIS,POINT (11.6457 57.162217),626294000_0,0 days 00:01:01,-4.302839042496299e-06,343.59583833834847,0.0,0,4.268009364777566,57.162217,11.6457
2025-01-06 22:24:01,2025-01-06 22:24:01,Class A,626294000_0,57.168483,11.642067,Constrained by her draught,0.0,11.9,342.0,341.0,9274800,TRAV2,YANGTZE,Tanker,No additional information,44.0,249.0,Undefined,14.9,SUEZ,20/01/2025 18:00:00,AIS,POINT (11.642067 57.168483),626294000_0,0 days 00:02:00,1.6345163344082404e-06,342.549693723514,0.0,0,4.273494494836982,57.168483,11.642067
2025-01-06 22:25:01,2025-01-06 22:25:01,Class A,626294000_0,57.171717,11.64025,Constrained by her draught,0.0,11.9,343.0,341.0,9274800,TRAV2,YANGTZE,Tanker,No additional information,44.0,249.0,Undefined,14.9,SUEZ,20/01/2025 18:00:00,AIS,POINT (11.64025 57.171717),626294000_0,0 days 00:01:00,2.9855942393014393e-06,343.0599576621266,0.0,0,4.276272685824537,57.171717,11.64025
2025-01-06 22:26:01,2025-01-06 22:26:01,Class A,626294000_0,57.174917,11.638367,Constrained by her draught,0.0,11.9,342.0,340.0,9274800,TRAV2,YANGTZE,Tanker,No additional information,44.0,249.0,Undefined,14.9,SUEZ,20/01/2025 18:00:00,AIS,POINT (11.638367 57.174917),626294000_0,0 days 00:01:00,-6.739884430665531e-07,342.3085379128321,0.0,0,4.279103418496216,57.174917,11.638367
2025-01-06 22:27:00,2025-01-06 22:27:00,Class A,626294000_0,57.1779,11.63655,Constrained by her draught,0.0,11.9,341.0,340.0,9274800,TRAV2,YANGTZE,Tanker,No additional information,44.0,249.0,Undefined,14.9,SUEZ,20/01/2025 18:00:00,AIS,POINT (11.63655 57.1779),626294000_0,0 days 00:00:59,-5.166141482043252e-06,341.7288218821018,0.0,0,4.281801648622692,57.1779,11.63655
2025-01-06 22:28:00,2025-01-06 22:28:00,Class A,626294000_0,57.18105,11.6346,Constrained by her draught,0.0,11.8,341.0,340.0,9274800,TRAV2,YANGTZE,Tanker,No additional information,44.0,249.0,Undefined,14.9,SUEZ,20/01/2025 18:00:00,AIS,POINT (11.6346 57.18105),626294000_0,0 days 00:01:00,3.95943738153995e-06,341.45269413787855,0.0,0,4.284681705768585,57.18105,11.6346
2025-01-06 22:29:00,2025-01-06 22:29:00,Class A,626294000_0,57.1841,11.632733,Constrained by her draught,0.0,11.7,341.0,341.0,9274800,TRAV2,YANGTZE,Tanker,No additional information,44.0,249.0,Undefined,14.9,SUEZ,20/01/2025 18:00:00,AIS,POINT (11.632733 57.1841),626294000_0,0 days 00:01:00,-3.3767097678231764e-06,341.6473693823618,0.0,0,4.287451630848913,57.1841,11.632733
2025-01-06 22:30:00,2025-01-06 22:30:00,Class A,626294000_0,57.187267,11.6308,Constrained by her draught,0.0,11.8,341.0,341.0,9274800,TRAV2,YANGTZE,Tanker,No additional information,44.0,249.0,Undefined,14.9,SUEZ,20/01/2025 18:00:00,AIS,POINT (11.6308 57.187267),626294000_0,0 days 00:01:00,3.7834748644383943e-06,341.69848320655376,0.0,0,4.290323771725042,57.187267,11.6308
2025-01-06 22:31:01,2025-01-06 22:31:01,Class A,626294000_0,57.19045,11.6288,Constrained by her draught,0.0,11.9,341.0,341.0,9274800,TRAV2,YANGTZE,Tanker,No additional information,44.0,249.0,Undefined,14.9,SUEZ,20/01/2025 18:00:00,AIS,POINT (11.6288 57.19045),626294000_0,0 days 00:01:01,-8.641261080178656e-07,341.19823179175637,0.0,0,4.29326571166379,57.19045,11.6288
2025-01-06 22:32:01,2025-01-06 22:32:01,Class A,626294000_0,57.19355,11.6269,Constrained by her draught,0.0,12.0,341.0,340.0,9274800,TRAV2,YANGTZE,Tanker,No additional information,44.0,249.0,Undefined,14.9,SUEZ,20/01/2025 18:00:00,AIS,POINT (11.6269 57.19355),626294000_0,0 days 00:01:00,-1.2647605527145532e-06,341.6301609145604,0.0,0,4.296087032282751,57.19355,11.6269
2025-01-06 22:33:01,2025-01-06 22:33:01,Class A,626294000_0,57.196767,11.624917,Constrained by her draught,0.0,12.0,341.0,339.0,9274800,TRAV2,YANGTZE,Tanker,No additional information,44.0,249.0,Undefined,14.9,SUEZ,20/01/2025 18:00:00,AIS,POINT (11.624917 57.196767),626294000_0,0 days 00:01:00,3.87357573365768e-06,341.53359334267617,0.0,0,4.299026775746576,57.196767,11.624917
2025-01-06 22:34:01,2025-01-06 22:34:01,Class A,626294000_0,57.19985,11.6229,Constrained by her draught,0.0,12.0,340.0,338.0,9274800,TRAV2,YANGTZE,Tanker,No additional information,44.0,249.0,Undefined,14.9,SUEZ,20/01/2025 18:00:00,AIS,POINT (11.6229 57.19985),626294000_0,0 days 00:01:00,-3.733660911751461e-06,340.48552527829514,0.0,0,4.3019552335825155,57.19985,11.6229
2025-01-06 22:35:00,2025-01-06 22:35:00,Class A,626294000_0,57.202917,11.620783,Constrained by her draught,0.0,11.9,339.0,338.0,9274800,TRAV2,YANGTZE,Tanker,No additional information,44.0,249.0,Undefined,14.9,SUEZ,20/01/2025 18:00:00,AIS,POINT (11.620783 57.202917),626294000_0,0 days 00:00:59,1.8577549183584637e-06,339.50008662698303,0.0,0,4.304973780901575,57.202917,11.620783
2025-01-06 22:36:00,2025-01-06 22:36:00,Class A,626294000_0,57.20605,11.618517,Constrained by her draught,0.0,11.9,338.0,338.0,9274800,TRAV2,YANGTZE,Tanker,No additional information,44.0,249.0,Undefined,14.9,SUEZ,20/01/2025 18:00:00,AIS,POINT (11.618517 57.20605),626294000_0,0 days 00:01:00,1.08393742264654e-06,338.60804734226855,0.0,0,4.308155926693576,57.20605,11.618517
2025-01-06 22:37:00,2025-01-06 22:37:00,Class A,626294000_0,57.209083,11.61635,Constrained by her draught,0.0,12.0,339.0,339.0,9274800,TRAV2,YANGTZE,Tanker,No additional information,44.0,249.0,Undefined,14.9,SUEZ,20/01/2025 18:00:00,AIS,POINT (11.61635 57.209083),626294000_0,0 days 00:01:00,-3.487022126429168e-06,338.84660710971355,0.0,0,4.311212434541471,57.209083,11.61635
2025-01-06 22:38:00,2025-01-06 22:38:00,Class A,626294000_0,57.212267,11.614217,Constrained by her draught,0.0,12.0,339.0,338.0,9274800,TRAV2,YANGTZE,Tanker,No additional information,44.0,249.0,Undefined,14.9,SUEZ,20/01/2025 18:00:00,AIS,POINT (11.614217 57.212267),626294000_0,0 days 00:01:00,4.171405490779531e-06,340.0605329705487,0.0,0,4.314288567885323,57.212267,11.614217
2025-01-06 22:39:00,2025-01-06 22:39:00,Class A,626294000_0,57.215333,11.612117,Constrained by her draught,0.0,12.0,339.0,338.0,9274800,TRAV2,YANGTZE,Tanker,No additional information,44.0,249.0,Undefined,14.9,SUEZ,20/01/2025 18:00:00,AIS,POINT (11.612117 57.215333),626294000_0,0 days 00:01:00,-3.6182510336266213e-06,339.65135042872157,0.0,0,4.317295221200654,57.215333,11.612117
2025-01-06 22:40:00,2025-01-06 22:40:00,Class A,626294000_0,57.2185,11.609917,Constrained by her draught,0.0,12.0,339.0,338.0,9274800,TRAV2,YANGTZE,Tanker,No additional information,44.0,249.0,Undefined,14.9,SUEZ,20/01/2025 18:00:00,AIS,POINT (11.609917 57.2185),626294000_0,0 days 00:01:00,3.513424334707285e-06,339.38800684988246,0.0,0,4.320431107610095,57.2185,11.609917
2025-01-06 22:41:00,2025-01-06 22:41:00,Class A,626294000_0,57.221567,11.607783,Constrained by her draught,0.0,12.0,339.0,338.0,9274800,TRAV2,YANGTZE,Tanker,No additional information,44.0,249.0,Undefined,14.9,SUEZ,20/01/2025 18:00:00,AIS,POINT (11.607783 57.221567),626294000_0,0 days 00:01:00,-3.286325808451067e-06,339.3588647557585,0.0,0,4.3234723508136375,57.221567,11.607783
2025-01-06 22:42:00,2025-01-06 22:42:00,Class A,626294000_0,57.224733,11.605567,Constrained by her draught,0.0,12.0,339.0,338.0,9274800,TRAV2,YANGTZE,Tanker,No additional information,44.0,249.0,Undefined,14.9,SUEZ,20/01/2025 18:00:00,AIS,POINT (11.605567 57.224733),626294000_0,0 days 00:01:00,3.350271277921188e-06,339.2480421142866,0.0,0,4.3266252536361405,57.224733,11.605567
2025-01-06 22:48:01,2025-01-06 22:48:01,Class A,626294000_0,57.243533,11.59245,Constrained by her draught,0.0,12.0,339.0,338.0,9274800,TRAV2,YANGTZE,Tanker,No additional information,44.0,249.0,Undefined,14.9,SUEZ,20/01/2025 18:00:00,AIS,POINT (11.59245 57.243533),626294000_0,0 days 00:06:01,-2.3486891847874734e-07,339.3186130787939,0.0,0,4.345331830774837,57.243533,11.59245
2025-01-06 22:49:01,2025-01-06 22:49:01,Class A,626294000_0,57.246667,11.590283,Constrained by her draught,0.0,12.0,339.0,338.0,9274800,TRAV2,YANGTZE,Tanker,No additional information,44.0,249.0,Undefined,14.9,SUEZ,20/01/2025 18:00:00,AIS,POINT (11.590283 57.246667),626294000_0,0 days 00:01:00,1.894158350458728e-07,339.4897971651775,0.0,0,4.348435723826444,57.246667,11.590283
2025-01-06 22:50:01,2025-01-06 22:50:01,Class A,626294000_0,57.249783,11.588083,Constrained by her draught,0.0,12.0,339.0,338.0,9274800,TRAV2,YANGTZE,Tanker,No additional information,44.0,249.0,Undefined,14.9,SUEZ,20/01/2025 18:00:00,AIS,POINT (11.588083 57.249783),626294000_0,0 days 00:01:00,-3.2575371491709177e-07,339.09584683731055,0.0,0,4.351565626354037,57.249783,11.588083
2025-01-06 22:51:01,2025-01-06 22:51:01,Class A,626294000_0,57.25285,11.585933,Constrained by her draught,0.0,12.0,339.0,338.0,9274800,TRAV2,YANGTZE,Tanker,No additional information,44.0,249.0,Undefined,14.9,SUEZ,20/01/2025 18:00:00,AIS,POINT (11.585933 57.25285),626294000_0,0 days 00:01:00,-1.716081567976708e-06,339.23340639116606,0.0,0,4.354632897084322,57.25285,11.585933
2025-01-06 22:52:01,2025-01-06 22:52:01,Class A,626294000_0,57.256,11.583683,Constrained by her draught,0.0,12.0,338.0,338.0,9274800,TRAV2,YANGTZE,Tanker,No additional information,44.0,249.0,Undefined,14.9,SUEZ,20/01/2025 18:00:00,AIS,POINT (11.583683 57.256),626294000_0,0 days 00:01:00,2.9966539033074736e-06,338.87621194089166,0.0,0,4.357823576083478,57.256,11.583683
2025-01-06 22:58:01,2025-01-06 22:58:01,Class A,626294000_0,57.274583,11.570567,Constrained by her draught,0.0,11.9,339.0,338.0,9274800,TRAV2,YANGTZE,Tanker,No additional information,44.0,249.0,Undefined,14.9,SUEZ,20/01/2025 18:00:00,AIS,POINT (11.570567 57.274583),626294000_0,0 days 00:06:00,-3.1906741941585857e-07,339.11542147610214,0.0,0,4.376520977511931,57.274583,11.570567
2025-01-06 22:59:01,2025-01-06 22:59:01,Class A,626294000_0,57.27765,11.56835,Constrained by her draught,0.0,11.9,338.0,338.0,9274800,TRAV2,YANGTZE,Tanker,No additional information,44.0,249.0,Undefined,14.9,SUEZ,20/01/2025 18:00:00,AIS,POINT (11.56835 57.27765),626294000_0,0 days 00:01:00,-6.865745433706511e-07,338.656885429042,0.0,0,4.379659621345932,57.27765,11.56835
2025-01-06 23:00:01,2025-01-06 23:00:01,Class A,626294000_0,57.280717,11.566133,Constrained by her draught,0.0,11.9,338.0,338.0,9274800,TRAV2,YANGTZE,Tanker,No additional information,44.0,249.0,Undefined,14.9,SUEZ,20/01/2025 18:00:00,AIS,POINT (11.566133 57.280717),626294000_0,0 days 00:01:00,-1.0826087309464873e-09,338.6585035588136,0.0,0,4.382799285188634,57.280717,11.566133
2025-01-06 23:01:00,2025-01-06 23:01:00,Class A,626294000_0,57.28365,11.56405,Constrained by her draught,0.0,11.9,339.0,338.0,9274800,TRAV2,YANGTZE,Tanker,No additional information,44.0,249.0,Undefined,14.9,SUEZ,20/01/2025 18:00:00,AIS,POINT (11.56405 57.28365),626294000_0,0 days 00:00:59,-3.08141340206317e-06,339.00100592639853,0.0,0,4.385767882326651,57.28365,11.56405
2025-01-06 23:02:00,2025-01-06 23:02:00,Class A,626294000_0,57.28675,11.561817,Constrained by her draught,0.0,11.8,338.0,338.0,9274800,TRAV2,YANGTZE,Tanker,No additional information,44.0,249.0,Undefined,14.9,SUEZ,20/01/2025 18:00:00,AIS,POINT (11.561817 57.28675),626294000_0,0 days 00:01:00,4.076315858982466e-06,338.72978383103754,0.0,0,4.388935982365771,57.28675,11.561817
2025-01-06 23:03:00,2025-01-06 23:03:00,Class A,626294000_0,57.289867,11.559617,Constrained by her draught,0.0,11.8,339.0,338.0,9274800,TRAV2,YANGTZE,Tanker,No additional information,44.0,249.0,Undefined,14.9,SUEZ,20/01/2025 18:00:00,AIS,POINT (11.559617 57.289867),626294000_0,0 days 00:01:00,2.903949368876762e-07,339.12274807986165,0.0,0,4.392080066231262,57.289867,11.559617
2025-01-06 23:04:00,2025-01-06 23:04:00,Class A,626294000_0,57.292867,11.5575,Constrained by her draught,0.0,11.8,338.0,338.0,9274800,TRAV2,YANGTZE,Tanker,No additional information,44.0,249.0,Undefined,14.9,SUEZ,20/01/2025 18:00:00,AIS,POINT (11.5575 57.292867),626294000_0,0 days 00:01:00,-3.878201617924914e-06,339.12808842587435,0.0,0,4.395106742620594,57.292867,11.5575
2025-01-06 23:05:00,2025-01-06 23:05:00,Class A,626294000_0,57.295967,11.555283,Constrained by her draught,0.0,11.8,338.0,338.0,9274800,TRAV2,YANGTZE,Tanker,No additional information,44.0,249.0,Undefined,14.9,SUEZ,20/01/2025 18:00:00,AIS,POINT (11.555283 57.295967),626294000_0,0 days 00:01:00,3.487487424474545e-06,338.87352312299925,0.0,0,4.398262936347712,57.295967,11.555283
2025-01-06 23:06:00,2025-01-06 23:06:00,Class A,626294000_0,57.298983,11.553183,Constrained by her draught,0.0,11.8,339.0,338.0,9274800,TRAV2,YANGTZE,Tanker,No additional information,44.0,249.0,Undefined,14.9,SUEZ,20/01/2025 18:00:00,AIS,POINT (11.553183 57.298983),626294000_0,0 days 00:01:00,-3.127739978466528e-06,339.38519375611423,0.0,0,4.401281238896918,57.298983,11.553183
2025-01-06 23:07:00,2025-01-06 23:07:00,Class A,626294000_0,57.302083,11.551033,Constrained by her draught,0.0,11.8,339.0,338.0,9274800,TRAV2,YANGTZE,Tanker,No additional information,44.0,249.0,Undefined,14.9,SUEZ,20/01/2025 18:00:00,AIS,POINT (11.551033 57.302083),626294000_0,0 days 00:01:00,2.725930659855756e-06,339.461067264932,0.0,0,4.404376690414434,57.302083,11.551033
2025-01-06 23:08:00,2025-01-06 23:08:00,Class A,626294000_0,57.305083,11.54895,Constrained by her draught,0.0,11.8,339.0,338.0,9274800,TRAV2,YANGTZE,Tanker,No additional information,44.0,249.0,Undefined,14.9,SUEZ,20/01/2025 18:00:00,AIS,POINT (11.54895 57.305083),626294000_0,0 days 00:01:00,-3.2913948619227452e-06,339.4412988581164,0.0,0,4.407375500016423,57.305083,11.54895
2025-01-06 23:09:00,2025-01-06 23:09:00,Class A,626294000_0,57.308183,11.546783,Constrained by her draught,0.0,11.7,339.0,338.0,9274800,TRAV2,YANGTZE,Tanker,No additional information,44.0,249.0,Undefined,14.9,SUEZ,20/01/2025 18:00:00,AIS,POINT (11.546783 57.308183),626294000_0,0 days 00:01:00,3.3897518932122716e-06,339.31551327424825,0.0,0,4.410488952742768,57.308183,11.546783
2025-01-06 23:10:00,2025-01-06 23:10:00,Class A,626294000_0,57.311183,11.544717,Constrained by her draught,0.0,11.7,339.0,338.0,9274800,TRAV2,YANGTZE,Tanker,No additional information,44.0,249.0,Undefined,14.9,SUEZ,20/01/2025 18:00:00,AIS,POINT (11.544717 57.311183),626294000_0,0 days 00:01:00,-3.491440539844402e-06,339.5983079082295,0.0,0,4.413473836900134,57.311183,11.544717
2025-01-06 23:11:00,2025-01-06 23:11:00,Class A,626294000_0,57.314183,11.542667,Constrained by her draught,0.0,11.7,339.0,338.0,9274800,TRAV2,YANGTZE,Tanker,No additional information,44.0,249.0,Undefined,14.9,SUEZ,20/01/2025 18:00:00,AIS,POINT (11.542667 57.314183),626294000_0,0 days 00:01:00,-9.414692664477114e-08,339.744939986494,0.0,0,4.4164447228061166,57.314183,11.542667
2025-01-06 23:12:00,2025-01-06 23:12:00,Class A,626294000_0,57.317283,11.540533,Constrained by her draught,0.0,11.7,339.0,338.0,9274800,TRAV2,YANGTZE,Tanker,No additional information,44.0,249.0,Undefined,14.9,SUEZ,20/01/2025 18:00:00,AIS,POINT (11.540533 57.317283),626294000_0,0 days 00:01:00,3.388447844824696e-06,339.6090164762842,0.0,0,4.4195303488567665,57.317283,11.540533
2025-01-06 23:13:00,2025-01-06 23:13:00,Class A,626294000_0,57.320367,11.5384,Constrained by her draught,0.0,11.7,339.0,338.0,9274800,TRAV2,YANGTZE,Tanker,No additional information,44.0,249.0,Undefined,14.9,SUEZ,20/01/2025 18:00:00,AIS,POINT (11.5384 57.320367),626294000_0,0 days 00:01:00,-4.705560499847448e-07,339.5223765812188,0.0,0,4.42261046641336,57.320367,11.5384
2025-01-06 23:14:00,2025-01-06 23:14:00,Class A,626294000_0,57.32335,11.536317,Constrained by her draught,0.0,11.7,339.0,338.0,9274800,TRAV2,YANGTZE,Tanker,No additional information,44.0,249.0,Undefined,14.9,SUEZ,20/01/2025 18:00:00,AIS,POINT (11.536317 57.32335),626294000_0,0 days 00:01:00,-3.220021430718747e-06,339.3434115314482,0.0,0,4.42560928007715,57.32335,11.536317
2025-01-06 23:15:00,2025-01-06 23:15:00,Class A,626294000_0,57.326433,11.534183,Constrained by her draught,0.0,11.6,339.0,338.0,9274800,TRAV2,YANGTZE,Tanker,No additional information,44.0,249.0,Undefined,14.9,SUEZ,20/01/2025 18:00:00,AIS,POINT (11.534183 57.326433),626294000_0,0 days 00:01:00,3.194940994782035e-06,339.5105822000664,0.0,0,4.4286920088515975,57.326433,11.534183
2025-01-06 23:16:00,2025-01-06 23:16:00,Class A,626294000_0,57.329417,11.53215,Constrained by her draught,0.0,11.6,339.0,338.0,9274800,TRAV2,YANGTZE,Tanker,No additional information,44.0,249.0,Undefined,14.9,SUEZ,20/01/2025 18:00:00,AIS,POINT (11.53215 57.329417),626294000_0,0 days 00:01:00,-3.4603538666819285e-06,339.8080197108686,0.0,0,4.4316463383407525,57.329417,11.53215
2025-01-06 23:17:00,2025-01-06 23:17:00,Class A,626294000_0,57.332483,11.530067,Constrained by her draught,0.0,11.6,339.0,338.0,9274800,TRAV2,YANGTZE,Tanker,No additional information,44.0,249.0,Undefined,14.9,SUEZ,20/01/2025 18:00:00,AIS,POINT (11.530067 57.332483),626294000_0,0 days 00:01:00,2.668575455933049e-06,339.8617143260697,0.0,0,4.434677376022071,57.332483,11.530067
2025-01-06 23:18:00,2025-01-06 23:18:00,Class A,626294000_0,57.335433,11.528067,Constrained by her draught,0.0,11.6,340.0,338.0,9274800,TRAV2,YANGTZE,Tanker,No additional information,44.0,249.0,Undefined,14.9,SUEZ,20/01/2025 18:00:00,AIS,POINT (11.528067 57.335433),626294000_0,0 days 00:01:00,-3.848095376226523e-06,339.90193357353417,0.0,0,4.437590784401149,57.335433,11.528067
2025-01-06 23:19:00,2025-01-06 23:19:00,Class A,626294000_0,57.3385,11.526017,Constrained by her draught,0.0,11.5,339.0,338.0,9274800,TRAV2,YANGTZE,Tanker,No additional information,44.0,249.0,Undefined,14.9,SUEZ,20/01/2025 18:00:00,AIS,POINT (11.526017 57.3385),626294000_0,0 days 00:01:00,3.686272796996938e-06,340.16462899785967,0.0,0,4.440593324929115,57.3385,11.526017
2025-01-06 23:20:00,2025-01-06 23:20:00,Class A,626294000_0,57.34145,11.524,Constrained by her draught,0.0,11.5,339.0,338.0,9274800,TRAV2,YANGTZE,Tanker,No additional information,44.0,249.0,Undefined,14.9,SUEZ,20/01/2025 18:00:00,AIS,POINT (11.524 57.34145),626294000_0,0 days 00:01:00,-3.589834624719432e-06,339.7479806883379,0.0,0,4.443524568149479,57.34145,11.524
2025-01-06 23:21:00,2025-01-06 23:21:00,Class A,626294000_0,57.3445,11.521917,Constrained by her draught,0.0,11.5,339.0,338.0,9274800,TRAV2,YANGTZE,Tanker,No additional information,44.0,249.0,Undefined,14.9,SUEZ,20/01/2025 18:00:00,AIS,POINT (11.521917 57.3445),626294000_0,0 days 00:01:00,3.2834394940318977e-06,339.770702945219,0.0,0,4.44655394520352,57.3445,11.521917
2025-01-06 23:22:00,2025-01-06 23:22:00,Class A,626294000_0,57.34745,11.51995,Constrained by her draught,0.0,11.5,340.0,338.0,9274800,TRAV2,YANGTZE,Tanker,No additional information,44.0,249.0,Undefined,14.9,SUEZ,20/01/2025 18:00:00,AIS,POINT (11.51995 57.34745),626294000_0,0 days 00:01:00,-3.5720176782999346e-06,340.2135727465577,0.0,0,4.449440361444123,57.34745,11.51995
2025-01-06 23:23:00,2025-01-06 23:23:00,Class A,626294000_0,57.350533,11.517917,Constrained by her draught,0.0,11.5,340.0,338.0,9274800,TRAV2,YANGTZE,Tanker,No additional information,44.0,249.0,Undefined,14.9,SUEZ,20/01/2025 18:00:00,AIS,POINT (11.517917 57.350533),626294000_0,0 days 00:01:00,4.244610249429165e-06,340.41671696605425,0.0,0,4.452436731251999,57.350533,11.517917
2025-01-06 23:24:00,2025-01-06 23:24:00,Class A,626294000_0,57.353483,11.515967,Constrained by her draught,0.0,11.5,339.0,336.0,9274800,TRAV2,YANGTZE,Tanker,No additional information,44.0,249.0,Undefined,14.9,SUEZ,20/01/2025 18:00:00,AIS,POINT (11.515967 57.353483),626294000_0,0 days 00:01:00,-4.342372480956889e-06,340.3744368865592,0.0,0,4.455309212120074,57.353483,11.515967
2025-01-06 23:25:00,2025-01-06 23:25:00,Class A,626294000_0,57.3565,11.5138,Constrained by her draught,0.0,11.5,338.0,336.0,9274800,TRAV2,YANGTZE,Tanker,No additional information,44.0,249.0,Undefined,14.9,SUEZ,20/01/2025 18:00:00,AIS,POINT (11.5138 57.3565),626294000_0,0 days 00:01:00,3.2086219921158434e-06,338.8218328898164,0.0,0,4.458409272178586,57.3565,11.5138
2025-01-06 23:26:00,2025-01-06 23:26:00,Class A,626294000_0,57.359417,11.511633,Constrained by her draught,0.0,11.4,337.0,336.0,9274800,TRAV2,YANGTZE,Tanker,No additional information,44.0,249.0,Undefined,14.9,SUEZ,20/01/2025 18:00:00,AIS,POINT (11.511633 57.359417),626294000_0,0 days 00:01:00,-2.878423207057819e-06,338.16470551217895,0.0,0,4.46147456299484,57.359417,11.511633
2025-01-06 23:27:00,2025-01-06 23:27:00,Class A,626294000_0,57.3624,11.509417,Constrained by her draught,0.0,11.4,338.0,336.0,9274800,TRAV2,YANGTZE,Tanker,No additional information,44.0,249.0,Undefined,14.9,SUEZ,20/01/2025 18:00:00,AIS,POINT (11.509417 57.3624),626294000_0,0 days 00:01:00,2.198869262868457e-06,338.1665886412049,0.0,0,4.4646100628167975,57.3624,11.509417
2025-01-06 23:28:00,2025-01-06 23:28:00,Class A,626294000_0,57.365283,11.50725,Constrained by her draught,0.0,11.4,337.0,336.0,9274800,TRAV2,YANGTZE,Tanker,No additional information,44.0,249.0,Undefined,14.9,SUEZ,20/01/2025 18:00:00,AIS,POINT (11.50725 57.365283),626294000_0,0 days 00:01:00,-3.1762375809277354e-06,337.93498634341836,0.0,0,4.467664909071067,57.365283,11.50725
2025-01-06 23:29:00,2025-01-06 23:29:00,Class A,626294000_0,57.368283,11.505067,Constrained by her draught,0.0,11.4,338.0,336.0,9274800,TRAV2,YANGTZE,Tanker,No additional information,44.0,249.0,Undefined,14.9,SUEZ,20/01/2025 18:00:00,AIS,POINT (11.505067 57.368283),626294000_0,0 days 00:01:00,3.4592077979446205e-06,338.5758334013783,0.0,0,4.470777436084465,57.368283,11.505067
2025-01-06 23:30:00,2025-01-06 23:30:00,Class A,626294000_0,57.371167,11.502933,Constrained by her draught,0.0,11.4,338.0,336.0,9274800,TRAV2,YANGTZE,Tanker,No additional information,44.0,249.0,Undefined,14.9,SUEZ,20/01/2025 18:00:00,AIS,POINT (11.502933 57.371167),626294000_0,0 days 00:01:00,-3.6387475299493913e-06,338.2494021237525,0.0,0,4.473803524100046,57.371167,11.502933
2025-01-06 23:31:00,2025-01-06 23:31:00,Class A,626294000_0,57.37415,11.500733,Constrained by her draught,0.0,11.4,338.0,336.0,9274800,TRAV2,YANGTZE,Tanker,No additional information,44.0,249.0,Undefined,14.9,SUEZ,20/01/2025 18:00:00,AIS,POINT (11.500733 57.37415),626294000_0,0 days 00:01:00,3.252247784876746e-06,338.3158487568408,0.0,0,4.476927591905971,57.37415,11.500733
2025-01-06 23:32:00,2025-01-06 23:32:00,Class A,626294000_0,57.377033,11.49865,Constrained by her draught,0.0,11.4,338.0,336.0,9274800,TRAV2,YANGTZE,Tanker,No additional information,44.0,249.0,Undefined,14.9,SUEZ,20/01/2025 18:00:00,AIS,POINT (11.49865 57.377033),626294000_0,0 days 00:01:00,-3.5961491388003503e-06,338.71860872907695,0.0,0,4.479907417720258,57.377033,11.49865
2025-01-06 23:33:00,2025-01-06 23:33:00,Class A,626294000_0,57.380017,11.496467,Constrained by her draught,0.0,11.4,338.0,336.0,9274800,TRAV2,YANGTZE,Tanker,No additional information,44.0,249.0,Undefined,14.9,SUEZ,20/01/2025 18:00:00,AIS,POINT (11.496467 57.380017),626294000_0,0 days 00:01:00,3.5180537827969624e-06,338.4777025474598,0.0,0,4.483017736412159,57.380017,11.496467
2025-01-06 23:34:00,2025-01-06 23:34:00,Class A,626294000_0,57.382917,11.4944,Constrained by her draught,0.0,11.4,338.0,335.0,9274800,TRAV2,YANGTZE,Tanker,No additional information,44.0,249.0,Undefined,14.9,SUEZ,20/01/2025 18:00:00,AIS,POINT (11.4944 57.382917),626294000_0,0 days 00:01:00,-3.12625525226089e-06,338.9837092691435,0.0,0,4.485990469186151,57.382917,11.4944
2025-01-06 23:35:01,2025-01-06 23:35:01,Class A,626294000_0,57.385867,11.492133,Constrained by her draught,0.0,11.3,337.0,334.0,9274800,TRAV2,YANGTZE,Tanker,No additional information,44.0,249.0,Undefined,14.9,SUEZ,20/01/2025 18:00:00,AIS,POINT (11.492133 57.385867),626294000_0,0 days 00:01:01,1.0390376143051508e-06,337.50122701606983,0.0,0,4.489168628292992,57.385867,11.492133
2025-01-06 23:36:01,2025-01-06 23:36:01,Class A,626294000_0,57.3887,11.4898,Constrained by her draught,0.0,11.3,335.0,331.0,9274800,TRAV2,YANGTZE,Tanker,No additional information,44.0,249.0,Undefined,14.9,SUEZ,20/01/2025 18:00:00,AIS,POINT (11.4898 57.3887),626294000_0,0 days 00:01:00,-1.2715528214026575e-06,336.06759355068516,0.0,0,4.492366911712354,57.3887,11.4898
2025-01-06 23:37:01,2025-01-06 23:37:01,Class A,626294000_0,57.391517,11.4872,Constrained by her draught,0.0,11.2,333.0,330.0,9274800,TRAV2,YANGTZE,Tanker,No additional information,44.0,249.0,Undefined,14.9,SUEZ,20/01/2025 18:00:00,AIS,POINT (11.4872 57.391517),626294000_0,0 days 00:01:00,1.4526561566780438e-06,333.5552392205881,0.0,0,4.49580907588712,57.391517,11.4872
2025-01-06 23:38:01,2025-01-06 23:38:01,Class A,626294000_0,57.3942,11.48455,Constrained by her draught,0.0,11.2,331.0,330.0,9274800,TRAV2,YANGTZE,Tanker,No additional information,44.0,249.0,Undefined,14.9,SUEZ,20/01/2025 18:00:00,AIS,POINT (11.48455 57.3942),626294000_0,0 days 00:01:00,-3.303235082813633e-06,331.97707413225623,0.0,0,4.499250001827859,57.3942,11.48455
2025-01-06 23:39:00,2025-01-06 23:39:00,Class A,626294000_0,57.396983,11.481783,Constrained by her draught,0.0,11.2,331.0,330.0,9274800,TRAV2,YANGTZE,Tanker,No additional information,44.0,249.0,Undefined,14.9,SUEZ,20/01/2025 18:00:00,AIS,POINT (11.481783 57.396983),626294000_0,0 days 00:00:59,5.3940261257584004e-06,331.82153142460686,0.0,0,4.502836728315384,57.396983,11.481783
2025-01-06 23:40:00,2025-01-06 23:40:00,Class A,626294000_0,57.399667,11.479117,Constrained by her draught,0.0,11.2,331.0,331.0,9274800,TRAV2,YANGTZE,Tanker,No additional information,44.0,249.0,Undefined,14.9,SUEZ,20/01/2025 18:00:00,AIS,POINT (11.479117 57.399667),626294000_0,0 days 00:01:00,-5.153883551973339e-06,331.84623365622946,0.0,0,4.506294002524247,57.399667,11.479117
2025-01-06 23:41:00,2025-01-06 23:41:00,Class A,626294000_0,57.402467,11.476417,Constrained by her draught,0.0,11.2,332.0,331.0,9274800,TRAV2,YANGTZE,Tanker,No additional information,44.0,249.0,Undefined,14.9,SUEZ,20/01/2025 18:00:00,AIS,POINT (11.476417 57.402467),626294000_0,0 days 00:01:00,3.4366354891649717e-06,332.5486360283345,0.0,0,4.509825565649519,57.402467,11.476417
2025-01-06 23:42:00,2025-01-06 23:42:00,Class A,626294000_0,57.405183,11.4738,Constrained by her draught,0.0,11.2,333.0,330.0,9274800,TRAV2,YANGTZE,Tanker,No additional information,44.0,249.0,Undefined,14.9,SUEZ,20/01/2025 18:00:00,AIS,POINT (11.4738 57.405183),626294000_0,0 days 00:01:00,-2.946428251839094e-06,332.5682673616729,0.0,0,4.513249881099538,57.405183,11.4738
2025-01-06 23:43:00,2025-01-06 23:43:00,Class A,626294000_0,57.407867,11.471083,Constrained by her draught,0.0,11.1,330.0,328.0,9274800,TRAV2,YANGTZE,Tanker,No additional information,44.0,249.0,Undefined,14.9,SUEZ,20/01/2025 18:00:00,AIS,POINT (11.471083 57.407867),626294000_0,0 days 00:01:00,-8.949317163342747e-08,331.3976028220802,0.0,0,4.516756282139872,57.407867,11.471083
2025-01-06 23:44:00,2025-01-06 23:44:00,Class A,626294000_0,57.41055,11.4681,Constrained by her draught,0.0,11.1,328.0,325.0,9274800,TRAV2,YANGTZE,Tanker,No additional information,44.0,249.0,Undefined,14.9,SUEZ,20/01/2025 18:00:00,AIS,POINT (11.4681 57.41055),626294000_0,0 days 00:01:00,2.1795711009759116e-06,329.08542650293424,0.0,0,4.5205106067509675,57.41055,11.4681
2025-01-06 23:45:00,2025-01-06 23:45:00,Class A,626294000_0,57.413167,11.464983,Constrained by her draught,0.0,11.0,327.0,325.0,9274800,TRAV2,YANGTZE,Tanker,No additional information,44.0,249.0,Undefined,14.9,SUEZ,20/01/2025 18:00:00,AIS,POINT (11.464983 57.413167),626294000_0,0 days 00:01:00,-5.558721524452434e-07,327.3211488630977,0.0,0,4.524366157623629,57.413167,11.464983
2025-01-06 23:46:00,2025-01-06 23:46:00,Class A,626294000_0,57.415667,11.461967,Constrained by her draught,0.0,11.0,327.0,324.0,9274800,TRAV2,YANGTZE,Tanker,No additional information,44.0,249.0,Undefined,14.9,SUEZ,20/01/2025 18:00:00,AIS,POINT (11.461967 57.415667),626294000_0,0 days 00:01:00,-3.956728110213872e-06,326.9887903720472,0.0,0,4.528085405332589,57.415667,11.461967
2025-01-06 23:47:01,2025-01-06 23:47:01,Class A,626294000_0,57.418217,11.45875,Constrained by her draught,0.0,10.9,325.0,322.0,9274800,TRAV2,YANGTZE,Tanker,No additional information,44.0,249.0,Undefined,14.9,SUEZ,20/01/2025 18:00:00,AIS,POINT (11.45875 57.418217),626294000_0,0 days 00:01:01,1.5547983646226265e-06,325.8098720359511,0.0,0,4.53201038420357,57.418217,11.45875
2025-01-06 23:48:01,2025-01-06 23:48:01,Class A,626294000_0,57.4206,11.4555,Constrained by her draught,0.0,10.8,323.0,322.0,9274800,TRAV2,YANGTZE,Tanker,No additional information,44.0,249.0,Undefined,14.9,SUEZ,20/01/2025 18:00:00,AIS,POINT (11.4555 57.4206),626294000_0,0 days 00:01:00,-2.3366782926221174e-06,323.7077733245711,0.0,0,4.535905501291665,57.4206,11.4555
2025-01-06 23:49:01,2025-01-06 23:49:01,Class A,626294000_0,57.423067,11.452167,Constrained by her draught,0.0,10.9,324.0,320.0,9274800,TRAV2,YANGTZE,Tanker,No additional information,44.0,249.0,Undefined,14.9,SUEZ,20/01/2025 18:00:00,AIS,POINT (11.452167 57.423067),626294000_0,0 days 00:01:00,2.912864166243464e-06,323.9668756283233,0.0,0,4.53990878317902,57.423067,11.452167
2025-01-06 23:50:01,2025-01-06 23:50:01,Class A,626294000_0,57.425483,11.4487,Constrained by her draught,0.0,10.8,322.0,319.0,9274800,TRAV2,YANGTZE,Tanker,No additional information,44.0,249.0,Undefined,14.9,SUEZ,20/01/2025 18:00:00,AIS,POINT (11.4487 57.425483),626294000_0,0 days 00:01:00,7.962472987466858e-08,322.3106122315014,0.0,0,4.544018448625071,57.425483,11.4487
2025-01-06 23:51:01,2025-01-06 23:51:01,Class A,626294000_0,57.42785,11.445133,Constrained by her draught,0.0,10.8,321.0,319.0,9274800,TRAV2,YANGTZE,Tanker,No additional information,44.0,249.0,Undefined,14.9,SUEZ,20/01/2025 18:00:00,AIS,POINT (11.445133 57.42785),626294000_0,0 days 00:01:00,-1.5270587487065747e-07,320.94836073487005,0.0,0,4.54820351483627,57.42785,11.445133
2025-01-06 23:53:01,2025-01-06 23:53:01,Class A,626294000_0,57.432333,11.438017,Constrained by her draught,0.0,10.8,318.0,316.0,9274800,TRAV2,YANGTZE,Tanker,No additional information,44.0,249.0,Undefined,14.9,SUEZ,20/01/2025 18:00:00,AIS,POINT (11.438017 57.432333),626294000_0,0 days 00:02:00,-1.5405471396610062e-06,319.4889590521611,0.0,0,4.556465649514105,57.432333,11.438017
2025-01-06 23:54:01,2025-01-06 23:54:01,Class A,626294000_0,57.43455,11.434183,Constrained by her draught,0.0,10.7,316.0,314.0,9274800,TRAV2,YANGTZE,Tanker,No additional information,44.0,249.0,Undefined,14.9,SUEZ,20/01/2025 18:00:00,AIS,POINT (11.434183 57.43455),626294000_0,0 days 00:01:00,2.5004200167100978e-06,317.05175654555035,0.0,0,4.560844832656445,57.43455,11.434183
2025-01-06 23:55:01,2025-01-06 23:55:01,Class A,626294000_0,57.4366,11.43035,Constrained by her draught,0.0,10.7,314.0,313.0,9274800,TRAV2,YANGTZE,Tanker,No additional information,44.0,249.0,Undefined,14.9,SUEZ,20/01/2025 18:00:00,AIS,POINT (11.43035 57.4366),626294000_0,0 days 00:01:00,-3.723514652377117e-06,314.8190894060186,0.0,0,4.565162078672343,57.4366,11.43035
2025-01-06 23:56:01,2025-01-06 23:56:01,Class A,626294000_0,57.438667,11.426317,Constrained by her draught,0.0,10.7,313.0,313.0,9274800,TRAV2,YANGTZE,Tanker,No additional information,44.0,249.0,Undefined,14.9,SUEZ,20/01/2025 18:00:00,AIS,POINT (11.426317 57.438667),626294000_0,0 days 00:01:00,2.7578256667118586e-06,313.60082115224634,0.0,0,4.569671727901908,57.438667,11.426317
2025-01-06 23:57:01,2025-01-06 23:57:01,Class A,626294000_0,57.440667,11.422383,Constrained by her draught,0.0,10.7,313.0,313.0,9274800,TRAV2,YANGTZE,Tanker,No additional information,44.0,249.0,Undefined,14.9,SUEZ,20/01/2025 18:00:00,AIS,POINT (11.422383 57.440667),626294000_0,0 days 00:01:00,-2.6269162592211747e-06,313.370724083336,0.0,0,4.57406476684032,57.440667,11.422383
2025-01-06 23:58:01,2025-01-06 23:58:01,Class A,626294000_0,57.442717,11.4185,Constrained by her draught,0.0,10.7,313.0,313.0,9274800,TRAV2,YANGTZE,Tanker,No additional information,44.0,249.0,Undefined,14.9,SUEZ,20/01/2025 18:00:00,AIS,POINT (11.4185 57.442717),626294000_0,0 days 00:01:00,4.5561161543559873e-07,314.45264828728244,0.0,0,4.5784286926880275,57.442717,11.4185
2025-01-06 23:59:01,2025-01-06 23:59:01,Class A,626294000_0,57.444817,11.414467,Constrained by her draught,0.0,10.7,314.0,313.0,9274800,TRAV2,YANGTZE,Tanker,No additional information,44.0,249.0,Undefined,14.9,SUEZ,20/01/2025 18:00:00,AIS,POINT (11.414467 57.444817),626294000_0,0 days 00:01:00,2.8694592440715812e-06,314.0589914366015,0.0,0,4.582950560172562,57.444817,11.414467
2025-01-07 00:00:01,2025-01-07 00:00:01,Class A,626294000_0,57.4469,11.410433,Constrained by her draught,0.0,10.7,313.0,314.0,Unknown,Unknown,LEONA,Undefined,0,42.0,244.0,Undefined,8.4,Unknown,0,AIS,POINT (11.410433 57.4469),626294000_0,0 days 00:01:00,-3.5527721618431284e-07,313.8208365063067,0.0,0,4.5874671801190035,57.4469,11.410433
2025-01-07 00:01:00,2025-01-07 00:01:00,Class A,626294000_0,57.448883,11.4067,Constrained by her draught,0.0,10.7,314.0,314.0,Unknown,Unknown,LEONA,Undefined,0,42.0,244.0,Undefined,8.4,Unknown,0,AIS,POINT (11.4067 57.448883),626294000_0,0 days 00:00:59,-4.350199501325737e-06,314.6340858383036,0.0,0,4.591667139095015,57.448883,11.4067
2025-01-07 00:02:00,2025-01-07 00:02:00,Class A,626294000_0,57.45105,11.402717,Constrained by her draught,0.0,10.8,315.0,314.0,Unknown,Unknown,LEONA,Undefined,0,42.0,244.0,Undefined,8.4,Unknown,0,AIS,POINT (11.402717 57.45105),626294000_0,0 days 00:01:00,5.4877567141560765e-06,315.3207643307569,0.0,0,4.5961671910739925,57.45105,11.402717
2025-01-07 00:03:00,2025-01-07 00:03:00,Class A,626294000_0,57.453133,11.39885,Constrained by her draught,0.0,10.8,314.0,314.0,Unknown,Unknown,LEONA,Undefined,0,42.0,244.0,Undefined,8.4,Unknown,0,AIS,POINT (11.39885 57.453133),626294000_0,0 days 00:01:00,-3.209008169567333e-06,315.0365303774207,0.0,0,4.600528590101903,57.453133,11.39885
2025-01-07 00:04:00,2025-01-07 00:04:00,Class A,626294000_0,57.455317,11.39485,Constrained by her draught,0.0,10.9,315.0,314.0,Unknown,Unknown,LEONA,Undefined,0,42.0,244.0,Undefined,8.4,Unknown,0,AIS,POINT (11.39485 57.455317),626294000_0,0 days 00:01:00,3.7768658095739162e-06,315.42594998225724,0.0,0,4.605050822513146,57.455317,11.39485
2025-01-07 00:05:00,2025-01-07 00:05:00,Class A,626294000_0,57.457433,11.39095,Constrained by her draught,0.0,10.9,315.0,313.0,Unknown,Unknown,LEONA,Undefined,Category OS,42.0,244.0,Undefined,8.4,Unknown,11/01/2025 04:00:00,AIS,POINT (11.39095 57.457433),626294000_0,0 days 00:01:00,-2.6707220161045157e-06,315.24675834098866,0.0,0,4.609455149727026,57.457433,11.39095
2025-01-07 00:06:00,2025-01-07 00:06:00,Class A,626294000_0,57.459583,11.38685,Constrained by her draught,0.0,10.9,313.0,311.0,Unknown,Unknown,VELIKIY NOVGOROD,Undefined,Category OS,46.0,300.0,Undefined,9.8,Unknown,11/01/2025 04:00:00,AIS,POINT (11.38685 57.459583),626294000_0,0 days 00:01:00,3.1074469307691524e-06,314.27255949078034,0.0,0,4.61405806300105,57.459583,11.38685
2025-01-07 00:07:01,2025-01-07 00:07:01,Class A,626294000_0,57.46165,11.382567,Constrained by her draught,0.0,10.9,312.0,310.0,9274800,TRAV2,YANGTZE,Tanker,No additional information,44.0,249.0,Undefined,14.9,SUEZ,20/01/2025 18:00:00,AIS,POINT (11.382567 57.46165),626294000_0,0 days 00:01:01,-1.0779765470295452e-06,311.9014654871416,0.0,0,4.6188007903248,57.46165,11.382567
2025-01-07 00:08:01,2025-01-07 00:08:01,Class A,626294000_0,57.463683,11.378233,Constrained by her draught,0.0,11.0,311.0,310.0,9274800,TRAV2,YANGTZE,Tanker,No additional information,44.0,249.0,Undefined,14.9,SUEZ,20/01/2025 18:00:00,AIS,POINT (11.378233 57.463683),626294000_0,0 days 00:01:00,1.5095907408125039e-06,311.09493335687404,0.0,0,4.623578501795553,57.463683,11.378233
2025-01-07 00:09:01,2025-01-07 00:09:01,Class A,626294000_0,57.465717,11.374017,Constrained by her draught,0.0,11.2,311.0,311.0,9274800,TRAV2,YANGTZE,Tanker,No additional information,44.0,249.0,Undefined,14.9,SUEZ,20/01/2025 18:00:00,AIS,POINT (11.374017 57.465717),626294000_0,0 days 00:01:00,-1.4572245180283794e-06,311.89530319673094,0.0,0,4.628246841557393,57.465717,11.374017
2025-01-07 00:10:01,2025-01-07 00:10:01,Class A,626294000_0,57.467833,11.36965,Constrained by her draught,0.0,11.2,312.0,311.0,9274800,TRAV2,YANGTZE,Tanker,No additional information,44.0,249.0,Undefined,14.9,SUEZ,20/01/2025 18:00:00,AIS,POINT (11.36965 57.467833),626294000_0,0 days 00:01:00,3.5646327741459114e-06,312.02043672629463,0.0,0,4.633085769651259,57.467833,11.36965
2025-01-07 00:11:01,2025-01-07 00:11:01,Class A,626294000_0,57.4699,11.365417,Constrained by her draught,0.0,11.2,312.0,311.0,9274800,TRAV2,YANGTZE,Tanker,No additional information,44.0,249.0,Undefined,14.9,SUEZ,20/01/2025 18:00:00,AIS,POINT (11.365417 57.4699),626294000_0,0 days 00:01:00,-2.676748826222726e-06,312.24252184123105,0.0,0,4.637782095032603,57.4699,11.365417
2025-01-07 00:13:00,2025-01-07 00:13:00,Class A,626294000_0,57.474,11.356967,Constrained by her draught,0.0,11.3,312.0,311.0,9274800,TRAV2,YANGTZE,Tanker,No additional information,44.0,249.0,Undefined,14.9,SUEZ,20/01/2025 18:00:00,AIS,POINT (11.356967 57.474),626294000_0,0 days 00:01:59,1.7166539893037962e-07,312.06521133519476,0.0,0,4.647147458818688,57.474,11.356967
2025-01-07 00:14:00,2025-01-07 00:14:00,Class A,626294000_0,57.476167,11.352583,Constrained by her draught,0.0,11.3,311.0,310.0,9274800,TRAV2,YANGTZE,Tanker,No additional information,44.0,249.0,Undefined,14.9,SUEZ,20/01/2025 18:00:00,AIS,POINT (11.352583 57.476167),626294000_0,0 days 00:01:00,3.5946553461819872e-06,312.59537555031517,0.0,0,4.652021054364435,57.476167,11.352583
2025-01-07 00:15:00,2025-01-07 00:15:00,Class A,626294000_0,57.478233,11.348283,Constrained by her draught,0.0,11.4,311.0,310.0,9274800,TRAV2,YANGTZE,Tanker,No additional information,44.0,249.0,Undefined,14.9,SUEZ,20/01/2025 18:00:00,AIS,POINT (11.348283 57.478233),626294000_0,0 days 00:01:00,-3.1374010566903067e-06,311.78782004370083,0.0,0,4.656779437751589,57.478233,11.348283
2025-01-07 00:16:00,2025-01-07 00:16:00,Class A,626294000_0,57.480367,11.343817,Constrained by her draught,0.0,11.4,311.0,311.0,9274800,TRAV2,YANGTZE,Tanker,No additional information,44.0,249.0,Undefined,14.9,SUEZ,20/01/2025 18:00:00,AIS,POINT (11.343817 57.480367),626294000_0,0 days 00:01:00,3.461872347500777e-06,311.6331623905721,0.0,0,4.661717220379846,57.480367,11.343817
2025-01-07 00:17:00,2025-01-07 00:17:00,Class A,626294000_0,57.482567,11.339433,Constrained by her draught,0.0,11.5,313.0,311.0,9274800,TRAV2,YANGTZE,Tanker,No additional information,44.0,249.0,Undefined,14.9,SUEZ,20/01/2025 18:00:00,AIS,POINT (11.339433 57.482567),626294000_0,0 days 00:01:00,3.5928012830406764e-07,313.03207414619794,0.0,0,4.666603046247881,57.482567,11.339433
2025-01-07 00:18:00,2025-01-07 00:18:00,Class A,626294000_0,57.4847,11.33515,Constrained by her draught,0.0,11.4,311.0,307.0,9274800,TRAV2,YANGTZE,Tanker,No additional information,44.0,249.0,Undefined,14.9,SUEZ,20/01/2025 18:00:00,AIS,POINT (11.33515 57.4847),626294000_0,0 days 00:01:00,-2.6466019650699633e-06,312.816001872486,0.0,0,4.671370348125695,57.4847,11.33515
2025-01-07 00:19:00,2025-01-07 00:19:00,Class A,626294000_0,57.486683,11.33045,Constrained by her draught,0.0,11.4,307.0,305.0,9274800,TRAV2,YANGTZE,Tanker,No additional information,44.0,249.0,Undefined,14.9,SUEZ,20/01/2025 18:00:00,AIS,POINT (11.33045 57.486683),626294000_0,0 days 00:01:00,2.279718220266026e-06,308.1318755883233,0.0,0,4.676470255582194,57.486683,11.33045
2025-01-07 00:20:00,2025-01-07 00:20:00,Class A,626294000_0,57.488533,11.325817,Constrained by her draught,0.0,11.4,306.0,304.0,9274800,TRAV2,YANGTZE,Tanker,No additional information,44.0,249.0,Undefined,14.9,SUEZ,20/01/2025 18:00:00,AIS,POINT (11.325817 57.488533),626294000_0,0 days 00:01:00,-3.3854939929070603e-06,306.6115667719736,0.0,0,4.681458936272109,57.488533,11.325817
2025-01-07 00:21:00,2025-01-07 00:21:00,Class A,626294000_0,57.490433,11.320983,Constrained by her draught,0.0,11.4,306.0,305.0,9274800,TRAV2,YANGTZE,Tanker,No additional information,44.0,249.0,Undefined,14.9,SUEZ,20/01/2025 18:00:00,AIS,POINT (11.320983 57.490433),626294000_0,0 days 00:01:00,3.610644478995127e-06,306.1806558658127,0.0,0,4.686652915809534,57.490433,11.320983
2025-01-07 00:22:00,2025-01-07 00:22:00,Class A,626294000_0,57.49235,11.316383,Constrained by her draught,0.0,11.4,308.0,306.0,9274800,TRAV2,YANGTZE,Tanker,No additional information,44.0,249.0,Undefined,14.9,SUEZ,20/01/2025 18:00:00,AIS,POINT (11.316383 57.49235),626294000_0,0 days 00:01:00,-2.8035003100429386e-06,307.79318868564354,0.0,0,4.6916355585626,57.49235,11.316383
2025-01-07 00:23:00,2025-01-07 00:23:00,Class A,626294000_0,57.494233,11.311783,Constrained by her draught,0.0,11.4,307.0,305.0,9274800,TRAV2,YANGTZE,Tanker,No additional information,44.0,249.0,Undefined,14.9,SUEZ,20/01/2025 18:00:00,AIS,POINT (11.311783 57.494233),626294000_0,0 days 00:01:00,-6.433182858115357e-07,307.29924014148224,0.0,0,4.696605694420812,57.494233,11.311783
2025-01-07 00:24:00,2025-01-07 00:24:00,Class A,626294000_0,57.49615,11.307,Constrained by her draught,0.0,11.4,307.0,305.0,9274800,TRAV2,YANGTZE,Tanker,No additional information,44.0,249.0,Undefined,14.9,SUEZ,20/01/2025 18:00:00,AIS,POINT (11.307 57.49615),626294000_0,0 days 00:01:00,3.0649949901394446e-06,306.71921271000775,0.0,0,4.701758504745644,57.49615,11.307
2025-01-07 00:25:00,2025-01-07 00:25:00,Class A,626294000_0,57.498067,11.3024,Constrained by her draught,0.0,11.4,307.0,306.0,9274800,TRAV2,YANGTZE,Tanker,No additional information,44.0,249.0,Undefined,14.9,SUEZ,20/01/2025 18:00:00,AIS,POINT (11.3024 57.498067),626294000_0,0 days 00:01:00,-2.4311132147096025e-06,307.79753357092653,0.0,0,4.7067411507994565,57.498067,11.3024
2025-01-07 00:26:00,2025-01-07 00:26:00,Class A,626294000_0,57.500083,11.297683,Constrained by her draught,0.0,11.5,308.0,304.0,9274800,TRAV2,YANGTZE,Tanker,No additional information,44.0,249.0,Undefined,14.9,SUEZ,20/01/2025 18:00:00,AIS,POINT (11.297683 57.500083),626294000_0,0 days 00:01:00,3.4198626525523486e-06,308.5014700985174,0.0,0,4.711869017180549,57.500083,11.297683
2025-01-07 00:27:00,2025-01-07 00:27:00,Class A,626294000_0,57.501967,11.292867,Constrained by her draught,0.0,11.4,305.0,301.0,9274800,TRAV2,YANGTZE,Tanker,No additional information,44.0,249.0,Undefined,14.9,SUEZ,20/01/2025 18:00:00,AIS,POINT (11.292867 57.501967),626294000_0,0 days 00:01:00,-1.1611079007441416e-06,306.06033478567434,0.0,0,4.717040371375467,57.501967,11.292867
2025-01-07 00:35:00,2025-01-07 00:35:00,Class A,626294000_0,57.513983,11.25245,Constrained by her draught,0.0,11.3,297.0,296.0,9274800,TRAV2,YANGTZE,Tanker,No additional information,44.0,249.0,Undefined,14.9,SUEZ,20/01/2025 18:00:00,AIS,POINT (11.25245 57.513983),626294000_0,0 days 00:08:00,-3.8048803013907486e-07,298.97914605206796,0.0,0,4.7590446894250755,57.513983,11.25245
2025-01-07 00:36:00,2025-01-07 00:36:00,Class A,626294000_0,57.515467,11.247167,Constrained by her draught,0.0,11.3,297.0,295.0,9274800,TRAV2,YANGTZE,Tanker,No additional information,44.0,249.0,Undefined,14.9,SUEZ,20/01/2025 18:00:00,AIS,POINT (11.247167 57.515467),626294000_0,0 days 00:01:00,3.109087114671029e-06,297.6123547641389,0.0,0,4.764503574726962,57.515467,11.247167
2025-01-07 00:37:00,2025-01-07 00:37:00,Class A,626294000_0,57.516933,11.241933,Constrained by her draught,0.0,11.3,297.0,295.0,9274800,TRAV2,YANGTZE,Tanker,No additional information,44.0,249.0,Undefined,14.9,SUEZ,20/01/2025 18:00:00,AIS,POINT (11.241933 57.516933),626294000_0,0 days 00:01:00,-9.838546055233154e-07,297.5454505655746,0.0,0,4.769910338807849,57.516933,11.241933
2025-01-07 00:38:00,2025-01-07 00:38:00,Class A,626294000_0,57.5183,11.2368,Constrained by her draught,0.0,11.3,296.0,295.0,9274800,TRAV2,YANGTZE,Tanker,No additional information,44.0,249.0,Undefined,14.9,SUEZ,20/01/2025 18:00:00,AIS,POINT (11.2368 57.5183),626294000_0,0 days 00:01:00,-2.888660890705133e-06,296.3787831693377,0.0,0,4.775186889227269,57.5183,11.2368
2025-01-07 00:39:00,2025-01-07 00:39:00,Class A,626294000_0,57.519733,11.23145,Constrained by her draught,0.0,11.3,296.0,296.0,9274800,TRAV2,YANGTZE,Tanker,No additional information,44.0,249.0,Undefined,14.9,SUEZ,20/01/2025 18:00:00,AIS,POINT (11.23145 57.519733),626294000_0,0 days 00:01:00,4.140279375359149e-06,296.511001156896,0.0,0,4.780689602551603,57.519733,11.23145
2025-01-07 00:40:00,2025-01-07 00:40:00,Class A,626294000_0,57.521117,11.2263,Constrained by her draught,0.0,11.4,296.0,296.0,9274800,TRAV2,YANGTZE,Tanker,No additional information,44.0,249.0,Undefined,14.9,SUEZ,20/01/2025 18:00:00,AIS,POINT (11.2263 57.521117),626294000_0,0 days 00:01:00,-3.658638591392081e-06,296.58756927239045,0.0,0,4.7859883607494265,57.521117,11.2263
2025-01-07 00:41:00,2025-01-07 00:41:00,Class A,626294000_0,57.52255,11.220917,Constrained by her draught,0.0,11.4,296.0,296.0,9274800,TRAV2,YANGTZE,Tanker,No additional information,44.0,249.0,Undefined,14.9,SUEZ,20/01/2025 18:00:00,AIS,POINT (11.220917 57.52255),626294000_0,0 days 00:01:00,4.1444966643727306e-06,296.3723136006698,0.0,0,4.791521939207312,57.52255,11.220917
2025-01-07 00:42:00,2025-01-07 00:42:00,Class A,626294000_0,57.523917,11.215733,Constrained by her draught,0.0,11.4,296.0,296.0,9274800,TRAV2,YANGTZE,Tanker,No additional information,44.0,249.0,Undefined,14.9,SUEZ,20/01/2025 18:00:00,AIS,POINT (11.215733 57.523917),626294000_0,0 days 00:01:00,-3.876431890761358e-06,296.1575082865311,0.0,0,4.796846259601196,57.523917,11.215733
2025-01-07 00:43:00,2025-01-07 00:43:00,Class A,626294000_0,57.525317,11.210533,Constrained by her draught,0.0,11.4,296.0,295.0,9274800,TRAV2,YANGTZE,Tanker,No additional information,44.0,249.0,Undefined,14.9,SUEZ,20/01/2025 18:00:00,AIS,POINT (11.210533 57.525317),626294000_0,0 days 00:01:00,6.888031965123579e-07,296.63227169962516,0.0,0,4.802197637358337,57.525317,11.210533
2025-01-07 00:44:00,2025-01-07 00:44:00,Class A,626294000_0,57.526733,11.205133,Constrained by her draught,0.0,11.4,296.0,295.0,9274800,TRAV2,YANGTZE,Tanker,No additional information,44.0,249.0,Undefined,14.9,SUEZ,20/01/2025 18:00:00,AIS,POINT (11.205133 57.526733),626294000_0,0 days 00:01:00,3.200532793144967e-06,296.03249069342314,0.0,0,4.807741059569036,57.526733,11.205133
2025-01-07 00:45:00,2025-01-07 00:45:00,Class A,626294000_0,57.5281,11.199933,Constrained by her draught,0.0,11.4,296.0,295.0,9274800,TRAV2,YANGTZE,Tanker,No additional information,44.0,249.0,Undefined,14.9,SUEZ,20/01/2025 18:00:00,AIS,POINT (11.199933 57.5281),626294000_0,0 days 00:01:00,-3.6590356983327274e-06,296.09031485227285,0.0,0,4.813080516142339,57.5281,11.199933
2025-01-07 00:46:00,2025-01-07 00:46:00,Class A,626294000_0,57.529517,11.194533,Constrained by her draught,0.0,11.4,295.0,295.0,9274800,TRAV2,YANGTZE,Tanker,No additional information,44.0,249.0,Undefined,14.9,SUEZ,20/01/2025 18:00:00,AIS,POINT (11.194533 57.529517),626294000_0,0 days 00:01:00,3.66644921591568e-06,296.0501699314554,0.0,0,4.818624481140857,57.529517,11.194533
2025-01-07 00:47:00,2025-01-07 00:47:00,Class A,626294000_0,57.530867,11.1893,Constrained by her draught,0.0,11.4,295.0,295.0,9274800,TRAV2,YANGTZE,Tanker,No additional information,44.0,249.0,Undefined,14.9,SUEZ,20/01/2025 18:00:00,AIS,POINT (11.1893 57.530867),626294000_0,0 days 00:01:00,-3.4072707797653827e-06,295.6681686090432,0.0,0,4.823988601378428,57.530867,11.1893
2025-01-07 00:48:01,2025-01-07 00:48:01,Class A,626294000_0,57.532267,11.1839,Constrained by her draught,0.0,11.4,295.0,295.0,9274800,TRAV2,YANGTZE,Tanker,No additional information,44.0,249.0,Undefined,14.9,SUEZ,20/01/2025 18:00:00,AIS,POINT (11.1839 57.532267),626294000_0,0 days 00:01:01,1.5113096739981405e-06,295.78005301987275,0.0,0,4.829526529446649,57.532267,11.1839
2025-01-07 00:49:01,2025-01-07 00:49:01,Class A,626294000_0,57.53365,11.1785,Constrained by her draught,0.0,11.4,295.0,295.0,9274800,TRAV2,YANGTZE,Tanker,No additional information,44.0,249.0,Undefined,14.9,SUEZ,20/01/2025 18:00:00,AIS,POINT (11.1785 57.53365),626294000_0,0 days 00:01:00,1.404902537187278e-06,295.5078243432416,0.0,0,4.835058337078055,57.53365,11.1785
2025-01-07 00:50:01,2025-01-07 00:50:01,Class A,626294000_0,57.535017,11.173283,Constrained by her draught,0.0,11.4,296.0,295.0,9274800,TRAV2,YANGTZE,Tanker,No additional information,44.0,249.0,Undefined,14.9,SUEZ,20/01/2025 18:00:00,AIS,POINT (11.173283 57.535017),626294000_0,0 days 00:01:00,-2.9610768988800958e-06,296.0208223454236,0.0,0,4.840414049464158,57.535017,11.173283
2025-01-07 00:51:01,2025-01-07 00:51:01,Class A,626294000_0,57.536383,11.16785,Constrained by her draught,0.0,11.4,295.0,295.0,9274800,TRAV2,YANGTZE,Tanker,No additional information,44.0,249.0,Undefined,14.9,SUEZ,20/01/2025 18:00:00,AIS,POINT (11.16785 57.536383),626294000_0,0 days 00:01:00,3.2271277385185807e-06,295.10081717977323,0.0,0,4.8459705548367715,57.536383,11.16785
2025-01-07 00:52:01,2025-01-07 00:52:01,Class A,626294000_0,57.537733,11.162617,Constrained by her draught,0.0,11.4,295.0,295.0,9274800,TRAV2,YANGTZE,Tanker,No additional information,44.0,249.0,Undefined,14.9,SUEZ,20/01/2025 18:00:00,AIS,POINT (11.162617 57.537733),626294000_0,0 days 00:01:00,-3.222189607580784e-06,295.67238188457753,0.0,0,4.851335131363532,57.537733,11.162617
2025-01-07 00:54:01,2025-01-07 00:54:01,Class A,626294000_0,57.5405,11.151733,Constrained by her draught,0.0,11.4,295.0,295.0,9274800,TRAV2,YANGTZE,Tanker,No additional information,44.0,249.0,Undefined,14.9,SUEZ,20/01/2025 18:00:00,AIS,POINT (11.151733 57.5405),626294000_0,0 days 00:02:00,1.7901882921545987e-06,295.34979545134087,0.0,0,4.862478177150927,57.5405,11.151733
2025-01-07 00:55:00,2025-01-07 00:55:00,Class A,626294000_0,57.541767,11.14665,Constrained by her draught,0.0,11.4,295.0,295.0,9274800,TRAV2,YANGTZE,Tanker,No additional information,44.0,249.0,Undefined,14.9,SUEZ,20/01/2025 18:00:00,AIS,POINT (11.14665 57.541767),626294000_0,0 days 00:00:59,-5.452584259352494e-06,294.9141931618749,0.0,0,4.867673089591063,57.541767,11.14665
2025-01-07 00:56:00,2025-01-07 00:56:00,Class A,626294000_0,57.5431,11.141183,Constrained by her draught,0.0,11.4,294.0,295.0,9274800,TRAV2,YANGTZE,Tanker,No additional information,44.0,249.0,Undefined,14.9,SUEZ,20/01/2025 18:00:00,AIS,POINT (11.141183 57.5431),626294000_0,0 days 00:01:00,5.075159636236754e-06,294.4359512934566,0.0,0,4.873249726298562,57.5431,11.141183
2025-01-07 00:57:00,2025-01-07 00:57:00,Class A,626294000_0,57.544383,11.1359,Constrained by her draught,0.0,11.4,294.0,295.0,9274800,TRAV2,YANGTZE,Tanker,No additional information,44.0,249.0,Undefined,14.9,SUEZ,20/01/2025 18:00:00,AIS,POINT (11.1359 57.544383),626294000_0,0 days 00:01:00,-3.4291485389854564e-06,294.3505571990758,0.0,0,4.8786369114789645,57.544383,11.1359
2025-01-07 00:58:00,2025-01-07 00:58:00,Class A,626294000_0,57.545717,11.130467,Constrained by her draught,0.0,11.4,294.0,295.0,9274800,TRAV2,YANGTZE,Tanker,No additional information,44.0,249.0,Undefined,14.9,SUEZ,20/01/2025 18:00:00,AIS,POINT (11.130467 57.545717),626294000_0,0 days 00:01:00,2.921284426258674e-06,294.5886316014312,0.0,0,4.884182477547907,57.545717,11.130467
2025-01-07 00:59:00,2025-01-07 00:59:00,Class A,626294000_0,57.547067,11.125033,Constrained by her draught,0.0,11.4,294.0,295.0,9274800,TRAV2,YANGTZE,Tanker,No additional information,44.0,249.0,Undefined,14.9,SUEZ,20/01/2025 18:00:00,AIS,POINT (11.125033 57.547067),626294000_0,0 days 00:01:00,2.187169253554452e-07,294.84487428426985,0.0,0,4.889734912881269,57.547067,11.125033
2025-01-07 01:00:00,2025-01-07 01:00:00,Class A,626294000_0,57.548383,11.119783,Constrained by her draught,0.0,11.4,295.0,296.0,9274800,TRAV2,YANGTZE,Tanker,No additional information,44.0,249.0,Undefined,14.9,SUEZ,20/01/2025 18:00:00,AIS,POINT (11.119783 57.548383),626294000_0,0 days 00:01:00,-3.2217389629638054e-06,295.04144339330037,0.0,0,4.895103702748901,57.548383,11.119783
2025-01-07 01:01:00,2025-01-07 01:01:00,Class A,626294000_0,57.549717,11.114567,Constrained by her draught,0.0,11.4,295.0,295.0,9274800,TRAV2,YANGTZE,Tanker,No additional information,44.0,249.0,Undefined,14.9,SUEZ,20/01/2025 18:00:00,AIS,POINT (11.114567 57.549717),626294000_0,0 days 00:01:00,-2.7718862947247584e-07,295.48630076554,0.0,0,4.900447470362886,57.549717,11.114567
2025-01-07 01:02:00,2025-01-07 01:02:00,Class A,626294000_0,57.551067,11.109117,Constrained by her draught,0.0,11.4,295.0,295.0,9274800,TRAV2,YANGTZE,Tanker,No additional information,44.0,249.0,Undefined,14.9,SUEZ,20/01/2025 18:00:00,AIS,POINT (11.109117 57.551067),626294000_0,0 days 00:01:00,3.731564422040547e-06,294.7831123882467,0.0,0,4.906015113224378,57.551067,11.109117
2025-01-07 01:03:00,2025-01-07 01:03:00,Class A,626294000_0,57.552383,11.103867,Constrained by her draught,0.0,11.4,295.0,295.0,9274800,TRAV2,YANGTZE,Tanker,No additional information,44.0,249.0,Undefined,14.9,SUEZ,20/01/2025 18:00:00,AIS,POINT (11.103867 57.552383),626294000_0,0 days 00:01:00,-3.4630367025641986e-06,295.0438558528614,0.0,0,4.9113841918141565,57.552383,11.103867
2025-01-07 01:04:00,2025-01-07 01:04:00,Class A,626294000_0,57.553733,11.098433,Constrained by her draught,0.0,11.4,295.0,295.0,9274800,TRAV2,YANGTZE,Tanker,No additional information,44.0,249.0,Undefined,14.9,SUEZ,20/01/2025 18:00:00,AIS,POINT (11.098433 57.553733),626294000_0,0 days 00:01:00,3.215436580805148e-06,294.84887156376436,0.0,0,4.916937137168422,57.553733,11.098433
2025-01-07 01:05:00,2025-01-07 01:05:00,Class A,626294000_0,57.55505,11.093183,Constrained by her draught,0.0,11.4,295.0,296.0,9274800,TRAV2,YANGTZE,Tanker,No additional information,44.0,249.0,Undefined,14.9,SUEZ,20/01/2025 18:00:00,AIS,POINT (11.093183 57.55505),626294000_0,0 days 00:01:00,-3.208131725345274e-06,295.0621591466652,0.0,0,4.922306773817435,57.55505,11.093183
2025-01-07 01:06:00,2025-01-07 01:06:00,Class A,626294000_0,57.556483,11.087783,Constrained by her draught,0.0,11.4,296.0,296.0,9274800,TRAV2,YANGTZE,Tanker,No additional information,44.0,249.0,Undefined,14.9,SUEZ,20/01/2025 18:00:00,AIS,POINT (11.087783 57.556483),626294000_0,0 days 00:01:00,3.7990351233029684e-06,296.32169037576057,0.0,0,4.927858395983594,57.556483,11.087783
2025-01-07 01:07:00,2025-01-07 01:07:00,Class A,626294000_0,57.5579,11.082617,Constrained by her draught,0.0,11.4,297.0,295.0,9274800,TRAV2,YANGTZE,Tanker,No additional information,44.0,249.0,Undefined,14.9,SUEZ,20/01/2025 18:00:00,AIS,POINT (11.082617 57.5579),626294000_0,0 days 00:01:00,-3.702703505158008e-06,297.08307279152064,0.0,0,4.933186262711451,57.5579,11.082617
2025-01-07 01:16:01,2025-01-07 01:16:01,Class A,626294000_0,57.570317,11.035433,Constrained by her draught,0.0,11.1,296.0,295.0,9274800,TRAV2,YANGTZE,Tanker,No additional information,44.0,249.0,Undefined,14.9,SUEZ,20/01/2025 18:00:00,AIS,POINT (11.035433 57.570317),626294000_0,0 days 00:09:01,4.764982797267178e-08,296.1546474944309,0.0,0,4.9816613244228085,57.570317,11.035433
2025-01-07 01:17:01,2025-01-07 01:17:01,Class A,626294000_0,57.571717,11.030183,Constrained by her draught,0.0,11.1,296.0,295.0,9274800,TRAV2,YANGTZE,Tanker,No additional information,44.0,249.0,Undefined,14.9,SUEZ,20/01/2025 18:00:00,AIS,POINT (11.030183 57.571717),626294000_0,0 days 00:01:00,5.520860310068155e-07,296.44231534679216,0.0,0,4.987062018889478,57.571717,11.030183
2025-01-07 01:18:01,2025-01-07 01:18:01,Class A,626294000_0,57.573083,11.02515,Constrained by her draught,0.0,11.1,297.0,295.0,9274800,TRAV2,YANGTZE,Tanker,No additional information,44.0,249.0,Undefined,14.9,SUEZ,20/01/2025 18:00:00,AIS,POINT (11.02515 57.573083),626294000_0,0 days 00:01:00,-3.6989851131682497e-06,296.8478779919062,0.0,0,4.992248188836868,57.573083,11.02515
2025-01-07 01:19:01,2025-01-07 01:19:01,Class A,626294000_0,57.574417,11.020133,Constrained by her draught,0.0,11.0,296.0,295.0,9274800,TRAV2,YANGTZE,Tanker,No additional information,44.0,249.0,Undefined,14.9,SUEZ,20/01/2025 18:00:00,AIS,POINT (11.020133 57.574417),626294000_0,0 days 00:01:00,-6.833643891926248e-07,296.3778708400085,0.0,0,4.997407925239843,57.574417,11.020133
2025-01-07 01:20:01,2025-01-07 01:20:01,Class A,626294000_0,57.575783,11.0149,Constrained by her draught,0.0,11.0,296.0,295.0,9274800,TRAV2,YANGTZE,Tanker,No additional information,44.0,249.0,Undefined,14.9,SUEZ,20/01/2025 18:00:00,AIS,POINT (11.0149 57.575783),626294000_0,0 days 00:01:00,3.6563276103311526e-06,295.9604660520979,0.0,0,5.00278067766767,57.575783,11.0149
2025-01-07 01:21:01,2025-01-07 01:21:01,Class A,626294000_0,57.57715,11.009867,Constrained by her draught,0.0,11.0,296.0,295.0,9274800,TRAV2,YANGTZE,Tanker,No additional information,44.0,249.0,Undefined,14.9,SUEZ,20/01/2025 18:00:00,AIS,POINT (11.009867 57.57715),626294000_0,0 days 00:01:00,-2.9673223052517165e-06,296.8673562155109,0.0,0,5.007967399664759,57.57715,11.009867
2025-01-07 01:22:01,2025-01-07 01:22:01,Class A,626294000_0,57.578567,11.0047,Constrained by her draught,0.0,11.0,297.0,295.0,9274800,TRAV2,YANGTZE,Tanker,No additional information,44.0,249.0,Undefined,14.9,SUEZ,20/01/2025 18:00:00,AIS,POINT (11.0047 57.578567),626294000_0,0 days 00:01:00,2.683146621338418e-06,297.09176320209997,0.0,0,5.013297193946215,57.578567,11.0047
2025-01-07 01:23:01,2025-01-07 01:23:01,Class A,626294000_0,57.579917,10.999667,Constrained by her draught,0.0,11.0,296.0,295.0,9274800,TRAV2,YANGTZE,Tanker,No additional information,44.0,249.0,Undefined,14.9,SUEZ,20/01/2025 18:00:00,AIS,POINT (10.999667 57.579917),626294000_0,0 days 00:01:00,-2.9249478694271575e-06,296.5811398405232,0.0,0,5.018477891311867,57.579917,10.999667
2025-01-07 01:24:00,2025-01-07 01:24:00,Class A,626294000_0,57.581267,10.994667,Constrained by her draught,0.0,11.0,296.0,295.0,9274800,TRAV2,YANGTZE,Tanker,No additional information,44.0,249.0,Undefined,14.9,SUEZ,20/01/2025 18:00:00,AIS,POINT (10.994667 57.581267),626294000_0,0 days 00:00:59,1.1014565724705943e-06,296.73309597899316,0.0,0,5.0236278799873295,57.581267,10.994667
2025-01-07 01:25:00,2025-01-07 01:25:00,Class A,626294000_0,57.5826,10.9896,Constrained by her draught,0.0,11.0,296.0,295.0,9274800,TRAV2,YANGTZE,Tanker,No additional information,44.0,249.0,Undefined,14.9,SUEZ,20/01/2025 18:00:00,AIS,POINT (10.9896 57.5826),626294000_0,0 days 00:01:00,-8.15336660745667e-07,296.14052810685877,0.0,0,5.028834266015137,57.5826,10.9896
2025-01-07 01:26:00,2025-01-07 01:26:00,Class A,626294000_0,57.584,10.98445,Constrained by her draught,0.0,11.0,297.0,295.0,9274800,TRAV2,YANGTZE,Tanker,No additional information,44.0,249.0,Undefined,14.9,SUEZ,20/01/2025 18:00:00,AIS,POINT (10.98445 57.584),626294000_0,0 days 00:01:00,2.155658538360427e-06,296.89191909732847,0.0,0,5.034142312583942,57.584,10.98445
2025-01-07 01:27:00,2025-01-07 01:27:00,Class A,626294000_0,57.58535,10.979433,Constrained by her draught,0.0,11.0,296.0,295.0,9274800,TRAV2,YANGTZE,Tanker,No additional information,44.0,249.0,Undefined,14.9,SUEZ,20/01/2025 18:00:00,AIS,POINT (10.979433 57.58535),626294000_0,0 days 00:01:00,-2.672317572115802e-06,296.65763329450266,0.0,0,5.0393083387870785,57.58535,10.979433
2025-01-07 01:28:00,2025-01-07 01:28:00,Class A,626294000_0,57.586733,10.974267,Constrained by her draught,0.0,11.0,297.0,295.0,9274800,TRAV2,YANGTZE,Tanker,No additional information,44.0,249.0,Undefined,14.9,SUEZ,20/01/2025 18:00:00,AIS,POINT (10.974267 57.586733),626294000_0,0 days 00:01:00,2.6680738191262015e-06,296.54120698030823,0.0,0,5.0446252943109675,57.586733,10.974267
2025-01-07 01:29:00,2025-01-07 01:29:00,Class A,626294000_0,57.5881,10.969283,Constrained by her draught,0.0,11.0,297.0,295.0,9274800,TRAV2,YANGTZE,Tanker,No additional information,44.0,249.0,Undefined,14.9,SUEZ,20/01/2025 18:00:00,AIS,POINT (10.969283 57.5881),626294000_0,0 days 00:01:00,-2.925511181582138e-06,297.1009499689273,0.0,0,5.049766798761007,57.5881,10.969283
2025-01-07 01:30:00,2025-01-07 01:30:00,Class A,626294000_0,57.589517,10.964117,Constrained by her draught,0.0,11.0,297.0,295.0,9274800,TRAV2,YANGTZE,Tanker,No additional information,44.0,249.0,Undefined,14.9,SUEZ,20/01/2025 18:00:00,AIS,POINT (10.964117 57.589517),626294000_0,0 days 00:01:00,3.3935530172435594e-06,297.10325171505986,0.0,0,5.055096141339549,57.589517,10.964117
2025-01-07 01:31:00,2025-01-07 01:31:00,Class A,626294000_0,57.590917,10.958983,Constrained by her draught,0.0,11.0,297.0,294.0,9274800,TRAV2,YANGTZE,Tanker,No additional information,44.0,249.0,Undefined,14.9,SUEZ,20/01/2025 18:00:00,AIS,POINT (10.958983 57.590917),626294000_0,0 days 00:01:00,-7.153415865618033e-07,296.96829618230436,0.0,0,5.060389564870475,57.590917,10.958983
2025-01-07 01:32:00,2025-01-07 01:32:00,Class A,626294000_0,57.592233,10.953983,Constrained by her draught,0.0,10.9,296.0,295.0,9274800,TRAV2,YANGTZE,Tanker,No additional information,44.0,249.0,Undefined,14.9,SUEZ,20/01/2025 18:00:00,AIS,POINT (10.953983 57.592233),626294000_0,0 days 00:01:00,-3.154986577504765e-06,296.1572909214714,0.0,0,5.06552777693164,57.592233,10.953983
2025-01-07 01:33:00,2025-01-07 01:33:00,Class A,626294000_0,57.5936,10.948817,Constrained by her draught,0.0,10.9,296.0,295.0,9274800,TRAV2,YANGTZE,Tanker,No additional information,44.0,249.0,Undefined,14.9,SUEZ,20/01/2025 18:00:00,AIS,POINT (10.948817 57.5936),626294000_0,0 days 00:01:00,3.1679920864070496e-06,296.2799317762401,0.0,0,5.070839279784463,57.5936,10.948817
2025-01-07 01:34:00,2025-01-07 01:34:00,Class A,626294000_0,57.594967,10.943867,Constrained by her draught,0.0,10.9,297.0,295.0,9274800,TRAV2,YANGTZE,Tanker,No additional information,44.0,249.0,Undefined,14.9,SUEZ,20/01/2025 18:00:00,AIS,POINT (10.943867 57.594967),626294000_0,0 days 00:01:00,-3.2076937587235667e-06,297.2647035833526,0.0,0,5.075949352898037,57.594967,10.943867
2025-01-07 01:35:00,2025-01-07 01:35:00,Class A,626294000_0,57.5964,10.938767,Constrained by her draught,0.0,10.9,297.0,295.0,9274800,TRAV2,YANGTZE,Tanker,No additional information,44.0,249.0,Undefined,14.9,SUEZ,20/01/2025 18:00:00,AIS,POINT (10.938767 57.5964),626294000_0,0 days 00:01:00,3.149153137882588e-06,297.6712703202047,0.0,0,5.0812231809678465,57.5964,10.938767
2025-01-07 01:40:00,2025-01-07 01:40:00,Class A,626294000_0,57.603333,10.913717,Constrained by her draught,0.0,10.9,297.0,294.0,9274800,TRAV2,YANGTZE,Tanker,No additional information,44.0,249.0,Undefined,14.9,SUEZ,20/01/2025 18:00:00,AIS,POINT (10.913717 57.603333),626294000_0,0 days 00:05:00,-3.9935833482040534e-07,297.32784935730996,0.0,0,5.107089725450493,57.603333,10.913717
2025-01-07 01:41:00,2025-01-07 01:41:00,Class A,626294000_0,57.604683,10.90875,Constrained by her draught,0.0,10.9,297.0,295.0,9274800,TRAV2,YANGTZE,Tanker,No additional information,44.0,249.0,Undefined,14.9,SUEZ,20/01/2025 18:00:00,AIS,POINT (10.90875 57.604683),626294000_0,0 days 00:01:00,-1.1594675885764934e-06,296.9006813743114,0.0,0,5.112209901847244,57.604683,10.90875
2025-01-07 01:42:00,2025-01-07 01:42:00,Class A,626294000_0,57.606133,10.90365,Constrained by her draught,0.0,11.0,298.0,295.0,9274800,TRAV2,YANGTZE,Tanker,No additional information,44.0,249.0,Undefined,14.9,SUEZ,20/01/2025 18:00:00,AIS,POINT (10.90365 57.606133),626294000_0,0 days 00:01:00,3.3812902698624433e-06,297.95643961897406,0.0,0,5.117490190859675,57.606133,10.90365
2025-01-07 01:43:00,2025-01-07 01:43:00,Class A,626294000_0,57.607567,10.898583,Constrained by her draught,0.0,10.9,297.0,294.0,9274800,TRAV2,YANGTZE,Tanker,No additional information,44.0,249.0,Undefined,14.9,SUEZ,20/01/2025 18:00:00,AIS,POINT (10.898583 57.607567),626294000_0,0 days 00:01:00,-7.187174015191369e-07,297.8482727262146,0.0,0,5.122733979453745,57.607567,10.898583
2025-01-07 01:44:00,2025-01-07 01:44:00,Class A,626294000_0,57.608933,10.893633,Constrained by her draught,0.0,10.9,297.0,295.0,9274800,TRAV2,YANGTZE,Tanker,No additional information,44.0,249.0,Undefined,14.9,SUEZ,20/01/2025 18:00:00,AIS,POINT (10.893633 57.608933),626294000_0,0 days 00:01:00,-2.6976001337665248e-06,297.2565935485119,0.0,0,5.127844193544301,57.608933,10.893633
2025-01-07 01:45:00,2025-01-07 01:45:00,Class A,626294000_0,57.610317,10.888717,Constrained by her draught,0.0,10.9,297.0,295.0,9274800,TRAV2,YANGTZE,Tanker,No additional information,44.0,249.0,Undefined,14.9,SUEZ,20/01/2025 18:00:00,AIS,POINT (10.888717 57.610317),626294000_0,0 days 00:01:00,-2.471167163589378e-07,297.7262861557133,0.0,0,5.132929193061795,57.610317,10.888717
2025-01-07 02:02:00,2025-01-07 02:02:00,Class A,626294000_0,57.637483,10.8063,Constrained by her draught,0.0,10.6,302.0,300.0,9274800,TRAV2,YANGTZE,Tanker,No additional information,44.0,249.0,Undefined,14.9,SUEZ,20/01/2025 18:00:00,AIS,POINT (10.8063 57.637483),626294000_0,0 days 00:17:00,1.332670849197742e-07,301.6495687949793,0.0,0,5.219605310351062,57.637483,10.8063
2025-01-07 02:03:00,2025-01-07 02:03:00,Class A,626294000_0,57.63905,10.801833,Constrained by her draught,0.0,10.4,303.0,300.0,9274800,TRAV2,YANGTZE,Tanker,No additional information,44.0,249.0,Undefined,14.9,SUEZ,20/01/2025 18:00:00,AIS,POINT (10.801833 57.63905),626294000_0,0 days 00:01:00,-5.880246073297638e-06,303.2414845280453,0.0,0,5.2243371620301255,57.63905,10.801833
2025-01-07 02:04:00,2025-01-07 02:04:00,Class A,626294000_0,57.64065,10.797267,Constrained by her draught,0.0,10.3,303.0,300.0,9274800,TRAV2,YANGTZE,Tanker,No additional information,44.0,249.0,Undefined,14.9,SUEZ,20/01/2025 18:00:00,AIS,POINT (10.797267 57.64065),626294000_0,0 days 00:01:00,1.9306769610547782e-06,303.21431277714476,0.0,0,5.229173267669087,57.64065,10.797267
2025-01-07 02:05:00,2025-01-07 02:05:00,Class A,626294000_0,57.642217,10.792783,Constrained by her draught,0.0,10.2,303.0,300.0,9274800,TRAV2,YANGTZE,Tanker,No additional information,44.0,249.0,Undefined,14.9,SUEZ,20/01/2025 18:00:00,AIS,POINT (10.792783 57.642217),626294000_0,0 days 00:01:00,-1.699917556069796e-06,303.1440786928705,0.0,0,5.233920997421532,57.642217,10.792783
2025-01-07 02:06:00,2025-01-07 02:06:00,Class A,626294000_0,57.643733,10.78845,Constrained by her draught,0.0,10.1,303.0,300.0,9274800,TRAV2,YANGTZE,Tanker,No additional information,44.0,249.0,Undefined,14.9,SUEZ,20/01/2025 18:00:00,AIS,POINT (10.78845 57.643733),626294000_0,0 days 00:01:00,-2.9626758825078483e-06,303.17576327188584,0.0,0,5.23850948380787,57.643733,10.78845
2025-01-07 02:07:00,2025-01-07 02:07:00,Class A,626294000_0,57.64525,10.784117,Constrained by her draught,0.0,9.8,302.0,300.0,9274800,TRAV2,YANGTZE,Tanker,No additional information,44.0,249.0,Undefined,14.9,SUEZ,20/01/2025 18:00:00,AIS,POINT (10.784117 57.64525),626294000_0,0 days 00:01:00,1.440558986885547e-08,303.19416611494916,0.0,0,5.2430983321605735,57.64525,10.784117
2025-01-07 02:08:00,2025-01-07 02:08:00,Class A,626294000_0,57.646667,10.780017,Constrained by her draught,0.0,9.5,302.0,302.0,9274800,TRAV2,YANGTZE,Tanker,No additional information,44.0,249.0,Undefined,14.9,SUEZ,20/01/2025 18:00:00,AIS,POINT (10.780017 57.646667),626294000_0,0 days 00:01:00,-4.9285282160433945e-06,302.85688389639716,0.0,0,5.2474338234403675,57.646667,10.780017
2025-01-07 02:09:00,2025-01-07 02:09:00,Class A,626294000_0,57.64815,10.776133,Constrained by her draught,0.0,9.3,306.0,304.0,9274800,TRAV2,YANGTZE,Tanker,No additional information,44.0,249.0,Undefined,14.9,SUEZ,20/01/2025 18:00:00,AIS,POINT (10.776133 57.64815),626294000_0,0 days 00:01:00,-1.8227930412212552e-06,305.5101397124255,0.0,0,5.251591309800202,57.64815,10.776133
2025-01-07 02:10:00,2025-01-07 02:10:00,Class A,626294000_0,57.649733,10.77235,Constrained by her draught,0.0,9.1,308.0,305.0,9274800,TRAV2,YANGTZE,Tanker,No additional information,44.0,249.0,Undefined,14.9,SUEZ,20/01/2025 18:00:00,AIS,POINT (10.77235 57.649733),626294000_0,0 days 00:01:00,5.045029520485122e-07,308.0269094093014,0.0,0,5.255690337105582,57.649733,10.77235
2025-01-07 02:11:00,2025-01-07 02:11:00,Class A,626294000_0,57.65125,10.768733,Constrained by her draught,0.0,8.9,308.0,305.0,9274800,TRAV2,YANGTZE,Tanker,No additional information,44.0,249.0,Undefined,14.9,SUEZ,20/01/2025 18:00:00,AIS,POINT (10.768733 57.65125),626294000_0,0 days 00:01:00,-3.4287084140014867e-06,308.0915835156294,0.0,0,5.259610740612749,57.65125,10.768733
2025-01-07 02:12:00,2025-01-07 02:12:00,Class A,626294000_0,57.6528,10.765133,Constrained by her draught,0.0,8.7,309.0,305.0,9274800,TRAV2,YANGTZE,Tanker,No additional information,44.0,249.0,Undefined,14.9,SUEZ,20/01/2025 18:00:00,AIS,POINT (10.765133 57.6528),626294000_0,0 days 00:01:00,4.1125797461046925e-07,308.8246887772952,0.0,0,5.263527103195061,57.6528,10.765133
2025-01-07 02:13:00,2025-01-07 02:13:00,Class A,626294000_0,57.654267,10.761733,Constrained by her draught,0.0,8.5,308.0,305.0,9274800,TRAV2,YANGTZE,Tanker,No additional information,44.0,249.0,Undefined,14.9,SUEZ,20/01/2025 18:00:00,AIS,POINT (10.761733 57.654267),626294000_0,0 days 00:01:00,-4.195806280930933e-06,308.8851923905521,0.0,0,5.2672270094661755,57.654267,10.761733
2025-01-07 02:14:00,2025-01-07 02:14:00,Class A,626294000_0,57.655767,10.758283,Constrained by her draught,0.0,8.4,309.0,305.0,9274800,TRAV2,YANGTZE,Tanker,No additional information,44.0,249.0,Undefined,14.9,SUEZ,20/01/2025 18:00:00,AIS,POINT (10.758283 57.655767),626294000_0,0 days 00:01:00,1.2847878292751463e-06,309.10062285146444,0.0,0,5.270985426393245,57.655767,10.758283
2025-01-07 02:15:01,2025-01-07 02:15:01,Class A,626294000_0,57.657233,10.754883,Constrained by her draught,0.0,8.2,309.0,305.0,9274800,TRAV2,YANGTZE,Tanker,No additional information,44.0,249.0,Undefined,14.9,SUEZ,20/01/2025 18:00:00,AIS,POINT (10.754883 57.657233),626294000_0,0 days 00:01:01,-2.4530748009267895e-06,308.8683911745658,0.0,0,5.274684983187716,57.657233,10.754883
2025-01-07 02:16:01,2025-01-07 02:16:01,Class A,626294000_0,57.65865,10.751683,Constrained by her draught,0.0,8.1,309.0,305.0,9274800,TRAV2,YANGTZE,Tanker,No additional information,44.0,249.0,Undefined,14.9,SUEZ,20/01/2025 18:00:00,AIS,POINT (10.751683 57.65865),626294000_0,0 days 00:01:00,-2.343935806183173e-06,309.6169018149159,0.0,0,5.278180272041587,57.65865,10.751683
2025-01-07 02:17:01,2025-01-07 02:17:01,Class A,626294000_0,57.660083,10.7484,Constrained by her draught,0.0,8.0,309.0,305.0,9274800,TRAV2,YANGTZE,Tanker,No additional information,44.0,249.0,Undefined,14.9,SUEZ,20/01/2025 18:00:00,AIS,POINT (10.7484 57.660083),626294000_0,0 days 00:01:00,1.3764166232179953e-06,309.2139324362237,0.0,0,5.281758785049257,57.660083,10.7484
2025-01-07 02:18:01,2025-01-07 02:18:01,Class A,626294000_0,57.661417,10.745233,Constrained by her draught,0.0,7.8,307.0,307.0,9274800,TRAV2,YANGTZE,Tanker,No additional information,44.0,249.0,Undefined,14.9,SUEZ,20/01/2025 18:00:00,AIS,POINT (10.745233 57.661417),626294000_0,0 days 00:01:00,-3.416944954532528e-06,308.21915512490665,0.0,0,5.285193518524179,57.661417,10.745233
2025-01-07 02:19:01,2025-01-07 02:19:01,Class A,626294000_0,57.662867,10.7421,Constrained by her draught,0.0,7.8,312.0,315.0,9274800,TRAV2,YANGTZE,Tanker,No additional information,44.0,249.0,Undefined,14.9,SUEZ,20/01/2025 18:00:00,AIS,POINT (10.7421 57.662867),626294000_0,0 days 00:01:00,1.8459785360796256e-06,310.86832158393815,0.0,0,5.288638111785395,57.662867,10.7421
2025-01-07 02:20:01,2025-01-07 02:20:01,Class A,626294000_0,57.66455,10.739383,Constrained by her draught,0.0,7.8,319.0,315.0,9274800,TRAV2,YANGTZE,Tanker,No additional information,44.0,249.0,Undefined,14.9,SUEZ,20/01/2025 18:00:00,AIS,POINT (10.739383 57.66455),626294000_0,0 days 00:01:00,2.1437536499146343e-07,319.1901648319043,0.0,0,5.291777965067033,57.66455,10.739383
2025-01-07 02:21:01,2025-01-07 02:21:01,Class A,626294000_0,57.666167,10.7368,Constrained by her draught,0.0,7.8,319.0,315.0,9274800,TRAV2,YANGTZE,Tanker,No additional information,44.0,249.0,Undefined,14.9,SUEZ,20/01/2025 18:00:00,AIS,POINT (10.7368 57.666167),626294000_0,0 days 00:01:00,-2.998068639691838e-06,319.4907781253418,0.0,0,5.294769127094117,57.666167,10.7368
2025-01-07 02:22:01,2025-01-07 02:22:01,Class A,626294000_0,57.667733,10.734217,Constrained by her draught,0.0,7.7,318.0,315.0,9274800,TRAV2,YANGTZE,Tanker,No additional information,44.0,249.0,Undefined,14.9,SUEZ,20/01/2025 18:00:00,AIS,POINT (10.734217 57.667733),626294000_0,0 days 00:01:00,-1.1916744402742265e-06,318.5830506609642,0.0,0,5.297742048986719,57.667733,10.734217
2025-01-07 02:23:00,2025-01-07 02:23:00,Class A,626294000_0,57.669333,10.731633,Constrained by her draught,0.0,7.7,318.0,316.0,9274800,TRAV2,YANGTZE,Tanker,No additional information,44.0,249.0,Undefined,14.9,SUEZ,20/01/2025 18:00:00,AIS,POINT (10.731633 57.669333),626294000_0,0 days 00:00:59,1.943338816896545e-06,319.1829799784346,0.0,0,5.300728164136131,57.669333,10.731633
2025-01-07 02:24:00,2025-01-07 02:24:00,Class A,626294000_0,57.670933,10.72895,Constrained by her draught,5.4,7.6,319.0,325.0,9274800,TRAV2,YANGTZE,Tanker,No additional information,44.0,249.0,Undefined,14.9,SUEZ,20/01/2025 18:00:00,AIS,POINT (10.72895 57.670933),626294000_0,0 days 00:01:00,-2.5279935912857788e-08,318.115987483165,0.0,0,5.30380673633052,57.670933,10.72895
2025-01-07 02:25:00,2025-01-07 02:25:00,Class A,626294000_0,57.6727,10.726883,Constrained by her draught,0.0,7.6,330.0,335.0,9274800,TRAV2,YANGTZE,Tanker,No additional information,44.0,249.0,Undefined,14.9,SUEZ,20/01/2025 18:00:00,AIS,POINT (10.726883 57.6727),626294000_0,0 days 00:01:00,-2.02938531437639e-06,327.97239815404555,0.0,0,5.306370467981762,57.6727,10.726883
2025-01-07 02:26:00,2025-01-07 02:26:00,Class A,626294000_0,57.674667,10.725417,Constrained by her draught,0.0,7.5,338.0,335.0,9274800,TRAV2,YANGTZE,Tanker,No additional information,44.0,249.0,Undefined,14.9,SUEZ,20/01/2025 18:00:00,AIS,POINT (10.725417 57.674667),626294000_0,0 days 00:01:00,1.009570072818226e-06,338.27132373285605,0.0,0,5.308445412414636,57.674667,10.725417
2025-01-07 02:27:01,2025-01-07 02:27:01,Class A,626294000_0,57.676617,10.723767,Constrained by her draught,-17.9,7.5,335.0,343.0,9274800,TRAV2,YANGTZE,Tanker,No additional information,44.0,249.0,Undefined,14.9,SUEZ,20/01/2025 18:00:00,AIS,POINT (10.723767 57.676617),626294000_0,0 days 00:01:01,-3.6850606369650516e-07,335.65640337958587,0.0,0,5.310686248347382,57.676617,10.723767
2025-01-07 02:28:01,2025-01-07 02:28:01,Class A,626294000_0,57.67865,10.722733,Constrained by her draught,0.0,7.5,347.0,355.0,9274800,TRAV2,YANGTZE,Tanker,No additional information,44.0,249.0,Undefined,14.9,SUEZ,20/01/2025 18:00:00,AIS,POINT (10.722733 57.67865),626294000_0,0 days 00:01:00,3.727555334174434e-08,344.787115652293,0.0,0,5.312382530011274,57.67865,10.722733
2025-01-07 02:29:01,2025-01-07 02:29:01,Class A,626294000_0,57.680683,10.7225,Constrained by her draught,0.0,7.4,357.0,0.0,9274800,TRAV2,YANGTZE,Tanker,No additional information,44.0,249.0,Undefined,14.9,SUEZ,20/01/2025 18:00:00,AIS,POINT (10.7225 57.680683),626294000_0,0 days 00:01:00,-2.1743576516991475e-06,356.4936300277027,0.0,0,5.313332035083541,57.680683,10.7225
2025-01-07 02:30:01,2025-01-07 02:30:01,Class A,626294000_0,57.6827,10.722583,Constrained by her draught,0.0,7.4,1.0,0.0,9274800,TRAV2,YANGTZE,Tanker,No additional information,44.0,249.0,Undefined,14.9,SUEZ,20/01/2025 18:00:00,AIS,POINT (10.722583 57.6827),626294000_0,0 days 00:01:00,-5.982293909479155e-07,1.2602591464732882,0.0,0,5.3139816505581745,57.6827,10.722583
2025-01-07 02:31:01,2025-01-07 02:31:01,Class A,626294000_0,57.6848,10.722433,Constrained by her draught,0.0,7.4,357.0,11.0,9274800,TRAV2,YANGTZE,Tanker,No additional information,44.0,249.0,Undefined,14.9,SUEZ,20/01/2025 18:00:00,AIS,POINT (10.722433 57.6848),626294000_0,0 days 00:01:00,2.6001379834010774e-06,357.8132780628536,0.0,0,5.314879204560439,57.6848,10.722433
2025-01-07 02:32:01,2025-01-07 02:32:01,Class A,626294000_0,57.686817,10.722967,Constrained by her draught,0.0,7.0,12.0,36.0,9274800,TRAV2,YANGTZE,Tanker,No additional information,44.0,249.0,Undefined,14.9,SUEZ,20/01/2025 18:00:00,AIS,POINT (10.722967 57.686817),626294000_0,0 days 00:01:00,-1.9910584609722765e-06,8.055063708578416,0.0,0,5.315109658321829,57.686817,10.722967
2025-01-07 02:33:01,2025-01-07 02:33:01,Class A,626294000_0,57.688383,10.724667,Constrained by her draught,0.0,6.3,33.0,54.0,9274800,TRAV2,YANGTZE,Tanker,No additional information,44.0,249.0,Undefined,14.9,SUEZ,20/01/2025 18:00:00,AIS,POINT (10.724667 57.688383),626294000_0,0 days 00:01:00,-6.98371206769042e-06,30.124784555899282,0.0,0,5.314090738969556,57.688383,10.724667
2025-01-07 02:34:00,2025-01-07 02:34:00,Class A,626294000_0,57.689417,10.726733,Constrained by her draught,0.0,5.6,49.0,65.0,9274800,TRAV2,YANGTZE,Tanker,No additional information,44.0,249.0,Undefined,14.9,SUEZ,20/01/2025 18:00:00,AIS,POINT (10.726733 57.689417),626294000_0,0 days 00:00:59,-8.537977439141954e-06,46.882403536431696,0.0,0,5.312538862281386,57.689417,10.726733
2025-01-07 02:35:00,2025-01-07 02:35:00,Class A,626294000_0,57.6902,10.729,Constrained by her draught,0.0,5.2,57.0,70.0,9274800,TRAV2,YANGTZE,Tanker,No additional information,44.0,249.0,Undefined,14.9,SUEZ,20/01/2025 18:00:00,AIS,POINT (10.729 57.6902),626294000_0,0 days 00:01:00,-2.951453102902083e-06,57.12889502026451,0.0,0,5.310709260564732,57.6902,10.729
2025-01-07 02:36:00,2025-01-07 02:36:00,Class A,626294000_0,57.690867,10.731317,Constrained by her draught,0.0,4.9,62.0,73.0,9274800,TRAV2,YANGTZE,Tanker,No additional information,44.0,249.0,Undefined,14.9,SUEZ,20/01/2025 18:00:00,AIS,POINT (10.731317 57.690867),626294000_0,0 days 00:01:00,-1.1116294347728878e-06,61.69254256807875,0.0,0,5.308791460660889,57.690867,10.731317
2025-01-07 02:37:00,2025-01-07 02:37:00,Class A,626294000_0,57.691417,10.733633,Constrained by her draught,0.0,4.8,66.0,73.0,9274800,TRAV2,YANGTZE,Tanker,No additional information,44.0,249.0,Undefined,14.9,SUEZ,20/01/2025 18:00:00,AIS,POINT (10.733633 57.691417),626294000_0,0 days 00:01:00,-1.6083302345480897e-06,66.0427628124271,0.0,0,5.306832552120898,57.691417,10.733633
2025-01-07 02:38:00,2025-01-07 02:38:00,Class A,626294000_0,57.691967,10.73585,Constrained by her draught,0.0,4.8,64.0,72.0,9274800,TRAV2,YANGTZE,Tanker,No additional information,44.0,249.0,Undefined,14.9,SUEZ,20/01/2025 18:00:00,AIS,POINT (10.73585 57.691967),626294000_0,0 days 00:01:00,-1.494361590116663e-06,65.10012124683004,0.0,0,5.304966236078133,57.691967,10.73585
2025-01-07 02:39:00,2025-01-07 02:39:00,Class A,626294000_0,57.692583,10.738083,Constrained by her draught,0.0,4.7,63.0,72.0,9274800,TRAV2,YANGTZE,Tanker,No additional information,44.0,249.0,Undefined,14.9,SUEZ,20/01/2025 18:00:00,AIS,POINT (10.738083 57.692583),626294000_0,0 days 00:01:00,1.1347173760966791e-06,62.69876541239961,0.0,0,5.303109312287085,57.692583,10.738083
2025-01-07 02:40:00,2025-01-07 02:40:00,Class A,626294000_0,57.693133,10.740233,Constrained by her draught,0.0,4.7,63.0,73.0,9274800,TRAV2,YANGTZE,Tanker,No additional information,44.0,249.0,Undefined,14.9,SUEZ,20/01/2025 18:00:00,AIS,POINT (10.740233 57.693133),626294000_0,0 days 00:01:00,-2.140134927050346e-06,64.42135268442973,0.0,0,5.301306085453471,57.693133,10.740233
2025-01-07 02:41:01,2025-01-07 02:41:01,Class A,626294000_0,57.6937,10.742483,Constrained by her draught,0.0,4.7,64.0,71.0,9274800,TRAV2,YANGTZE,Tanker,No additional information,44.0,249.0,Undefined,14.9,SUEZ,20/01/2025 18:00:00,AIS,POINT (10.742483 57.6937),626294000_0,0 days 00:01:01,1.0292151331869056e-06,64.75455105803968,0.0,0,5.299416204778503,57.6937,10.742483
2025-01-07 02:42:01,2025-01-07 02:42:01,Class A,626294000_0,57.694333,10.74485,Constrained by her draught,0.0,5.1,63.0,70.0,9274800,TRAV2,YANGTZE,Tanker,No additional information,44.0,249.0,Undefined,14.9,SUEZ,20/01/2025 18:00:00,AIS,POINT (10.74485 57.694333),626294000_0,0 days 00:01:00,3.309815666415011e-06,63.4162137765386,0.0,0,5.297441709235223,57.694333,10.74485
2025-01-07 02:43:01,2025-01-07 02:43:01,Class A,626294000_0,57.694983,10.74735,Constrained by her draught,0.0,5.6,61.0,68.0,9274800,TRAV2,YANGTZE,Tanker,No additional information,44.0,249.0,Undefined,14.9,SUEZ,20/01/2025 18:00:00,AIS,POINT (10.74735 57.694983),626294000_0,0 days 00:01:00,2.208280842506808e-06,64.05608754805093,0.0,0,5.295349937213309,57.694983,10.74735
2025-01-07 02:44:01,2025-01-07 02:44:01,Class A,626294000_0,57.695767,10.75015,Constrained by her draught,0.0,6.0,61.0,66.0,9274800,TRAV2,YANGTZE,Tanker,No additional information,44.0,249.0,Undefined,14.9,SUEZ,20/01/2025 18:00:00,AIS,POINT (10.75015 57.695767),626294000_0,0 days 00:01:00,6.303610071282845e-06,62.34733867503439,0.0,0,5.29302808051582,57.695767,10.75015
2025-01-07 02:45:01,2025-01-07 02:45:01,Class A,626294000_0,57.696633,10.753,Constrained by her draught,0.0,6.5,59.0,66.0,9274800,TRAV2,YANGTZE,Tanker,No additional information,44.0,249.0,Undefined,14.9,SUEZ,20/01/2025 18:00:00,AIS,POINT (10.753 57.696633),626294000_0,0 days 00:01:00,1.9405864367045286e-06,60.37663815788943,0.0,0,5.2906901657009735,57.696633,10.753
2025-01-07 02:46:01,2025-01-07 02:46:01,Class A,626294000_0,57.697583,10.7561,Constrained by her draught,0.0,6.9,59.0,65.0,9274800,TRAV2,YANGTZE,Tanker,No additional information,44.0,249.0,Undefined,14.9,SUEZ,20/01/2025 18:00:00,AIS,POINT (10.7561 57.697583),626294000_0,0 days 00:01:00,4.883513631044806e-06,60.16634935613388,0.0,0,5.288150836468737,57.697583,10.7561
2025-01-07 02:47:01,2025-01-07 02:47:01,Class A,626294000_0,57.698583,10.759267,Constrained by her draught,0.0,7.2,59.0,65.0,9274800,TRAV2,YANGTZE,Tanker,No additional information,44.0,249.0,Undefined,14.9,SUEZ,20/01/2025 18:00:00,AIS,POINT (10.759267 57.698583),626294000_0,0 days 00:01:00,1.7355076508239273e-06,59.420558092702265,0.0,0,5.2855681913302375,57.698583,10.759267
2025-01-07 02:48:01,2025-01-07 02:48:01,Class A,626294000_0,57.699583,10.762567,Constrained by her draught,0.0,7.5,59.0,65.0,9274800,TRAV2,YANGTZE,Tanker,No additional information,44.0,249.0,Undefined,14.9,SUEZ,20/01/2025 18:00:00,AIS,POINT (10.762567 57.699583),626294000_0,0 days 00:01:00,1.906237520592994e-06,60.44172976714822,0.0,0,5.282862596415127,57.699583,10.762567
2025-01-07 02:49:00,2025-01-07 02:49:00,Class A,626294000_0,57.7006,10.766,Constrained by her draught,0.0,7.7,62.0,65.0,9274800,TRAV2,YANGTZE,Tanker,No additional information,44.0,249.0,Undefined,14.9,SUEZ,20/01/2025 18:00:00,AIS,POINT (10.766 57.7006),626294000_0,0 days 00:00:59,3.3348676961601495e-06,60.99471404023245,0.0,0,5.280040339679992,57.7006,10.766
2025-01-07 02:50:00,2025-01-07 02:50:00,Class A,626294000_0,57.701667,10.76965,Constrained by her draught,0.0,7.9,60.0,56.0,9274800,TRAV2,YANGTZE,Tanker,No additional information,44.0,249.0,Undefined,14.9,SUEZ,20/01/2025 18:00:00,AIS,POINT (10.76965 57.701667),626294000_0,0 days 00:01:00,2.7918554016971083e-06,61.31590434384884,0.0,0,5.277035458297489,57.701667,10.76965
2025-01-07 02:51:00,2025-01-07 02:51:00,Class A,626294000_0,57.702967,10.773,Constrained by her draught,7.5,8.1,52.0,45.0,9274800,TRAV2,YANGTZE,Tanker,No additional information,44.0,249.0,Undefined,14.9,SUEZ,20/01/2025 18:00:00,AIS,POINT (10.773 57.702967),626294000_0,0 days 00:01:00,-3.523732321916139e-07,54.008774114235564,0.0,0,5.2743962026026265,57.702967,10.773
2025-01-07 02:52:00,2025-01-07 02:52:00,Class A,626294000_0,57.704667,10.775967,Constrained by her draught,0.0,8.2,41.0,36.0,9274800,TRAV2,YANGTZE,Tanker,No additional information,44.0,249.0,Undefined,14.9,SUEZ,20/01/2025 18:00:00,AIS,POINT (10.775967 57.704667),626294000_0,0 days 00:01:00,3.449571692813446e-06,42.99839802544227,0.0,0,5.272261304220989,57.704667,10.775967
2025-01-07 02:53:00,2025-01-07 02:53:00,Class A,626294000_0,57.70655,10.778367,Under way using engine,0.0,8.3,32.0,27.0,9274800,TRAV2,YANGTZE,Tanker,No additional information,44.0,249.0,Undefined,14.9,SUEZ,20/01/2025 18:00:00,AIS,POINT (10.778367 57.70655),626294000_0,0 days 00:01:00,-1.4543753082918037e-06,34.25227012007855,0.0,0,5.270722310414864,57.70655,10.778367
2025-01-07 02:54:00,2025-01-07 02:54:00,Class A,626294000_0,57.7087,10.780367,Under way using engine,0.0,8.5,26.0,22.0,9274800,TRAV2,YANGTZE,Tanker,No additional information,44.0,249.0,Undefined,14.9,SUEZ,20/01/2025 18:00:00,AIS,POINT (10.780367 57.7087),626294000_0,0 days 00:01:00,3.782566190219568e-06,26.425028925812114,0.0,0,5.269654882476176,57.7087,10.780367
2025-01-07 02:55:00,2025-01-07 02:55:00,Class A,626294000_0,57.710917,10.7819,Under way using engine,0.0,8.6,19.0,17.0,9274800,TRAV2,YANGTZE,Tanker,No additional information,44.0,249.0,Undefined,14.9,SUEZ,20/01/2025 18:00:00,AIS,POINT (10.7819 57.710917),626294000_0,0 days 00:01:00,-1.1698105319467357e-06,20.273138800257527,0.0,0,5.269047634025432,57.710917,10.7819
2025-01-07 02:56:00,2025-01-07 02:56:00,Class A,626294000_0,57.713283,10.78315,Under way using engine,0.0,8.8,15.0,15.0,9274800,TRAV2,YANGTZE,Tanker,No additional information,44.0,249.0,Undefined,14.9,SUEZ,20/01/2025 18:00:00,AIS,POINT (10.78315 57.713283),626294000_0,0 days 00:01:00,2.9327704117366553e-06,15.759257748137202,0.0,0,5.268759723060541,57.713283,10.78315
2025-01-07 02:57:01,2025-01-07 02:57:01,Class A,626294000_0,57.7157,10.784317,Under way using engine,0.0,8.9,13.0,10.0,9274800,TRAV2,YANGTZE,Tanker,No additional information,44.0,249.0,Undefined,14.9,SUEZ,20/01/2025 18:00:00,AIS,POINT (10.784317 57.7157),626294000_0,0 days 00:01:01,-1.0048761117757425e-07,14.460860291473011,0.0,0,5.268569134974409,57.7157,10.784317
2025-01-07 02:58:01,2025-01-07 02:58:01,Class A,626294000_0,57.718217,10.78515,Under way using engine,0.0,9.0,10.0,10.0,9274800,TRAV2,YANGTZE,Tanker,No additional information,44.0,249.0,Undefined,14.9,SUEZ,20/01/2025 18:00:00,AIS,POINT (10.78515 57.718217),626294000_0,0 days 00:01:00,3.1155936177972976e-06,10.023755970522984,0.0,0,5.26872718862241,57.718217,10.78515
2025-01-07 02:59:01,2025-01-07 02:59:01,Class A,626294000_0,57.720683,10.785917,Under way using engine,0.0,9.2,9.0,11.0,9274800,TRAV2,YANGTZE,Tanker,No additional information,44.0,249.0,Undefined,14.9,SUEZ,20/01/2025 18:00:00,AIS,POINT (10.785917 57.720683),626294000_0,0 days 00:01:00,-1.740113846178566e-06,9.430982601736503,0.0,0,5.268928946531924,57.720683,10.785917
2025-01-07 03:00:01,2025-01-07 03:00:01,Class A,626294000_0,57.723267,10.786767,Under way using engine,0.0,9.3,9.0,10.0,9274800,TRAV2,YANGTZE,Tanker,No additional information,44.0,249.0,Undefined,14.9,SUEZ,20/01/2025 18:00:00,AIS,POINT (10.786767 57.723267),626294000_0,0 days 00:01:00,3.82997031805085e-06,9.962970743853248,0.0,0,5.269098721449998,57.723267,10.786767
2025-01-07 03:01:01,2025-01-07 03:01:01,Class A,626294000_0,57.7258,10.78765,Under way using engine,17.9,9.4,10.0,5.0,9274800,TRAV2,YANGTZE,Tanker,No additional information,44.0,249.0,Undefined,14.9,SUEZ,20/01/2025 18:00:00,AIS,POINT (10.78765 57.7258),626294000_0,0 days 00:01:00,-1.4552367976539137e-06,10.544444006622086,0.0,0,5.269220296490554,57.7258,10.78765
2025-01-07 03:02:00,2025-01-07 03:02:00,Class A,626294000_0,57.7283,10.787967,Under way using engine,0.0,9.1,1.0,1.0,9274800,TRAV2,YANGTZE,Tanker,No additional information,44.0,249.0,Undefined,14.9,SUEZ,20/01/2025 18:00:00,AIS,POINT (10.787967 57.7283),626294000_0,0 days 00:00:59,-8.95425600333628e-07,3.8731809849516026,0.0,0,5.269856255990763,57.7283,10.787967
2025-01-07 03:03:00,2025-01-07 03:03:00,Class A,626294000_0,57.730833,10.788033,Under way using engine,0.0,8.9,0.0,0.0,9274800,TRAV2,YANGTZE,Tanker,No additional information,44.0,249.0,Undefined,14.9,SUEZ,20/01/2025 18:00:00,AIS,POINT (10.788033 57.730833),626294000_0,0 days 00:01:00,-4.6308346603947334e-07,0.7970052320373497,0.0,0,5.270738557457197,57.730833,10.788033
2025-01-07 03:04:00,2025-01-07 03:04:00,Class A,626294000_0,57.733233,10.78805,Under way using engine,0.0,8.8,0.0,0.0,9274800,TRAV2,YANGTZE,Tanker,No additional information,44.0,249.0,Undefined,14.9,SUEZ,20/01/2025 18:00:00,AIS,POINT (10.78805 57.733233),626294000_0,0 days 00:01:00,-4.121658632492657e-06,0.21666424102846804,0.0,0,5.271617765861348,57.733233,10.78805
2025-01-07 03:05:00,2025-01-07 03:05:00,Class A,626294000_0,57.735583,10.78805,Under way using engine,0.0,8.5,359.0,0.0,9274800,TRAV2,YANGTZE,Tanker,No additional information,44.0,249.0,Undefined,14.9,SUEZ,20/01/2025 18:00:00,AIS,POINT (10.78805 57.735583),626294000_0,0 days 00:01:00,-1.5473515264044474e-06,0.0,0.0,0,5.272495015222393,57.735583,10.78805
2025-01-07 03:06:00,2025-01-07 03:06:00,Class A,626294000_0,57.73795,10.7881,Under way using engine,0.0,8.3,1.0,1.0,9274800,TRAV2,YANGTZE,Tanker,No additional information,44.0,249.0,Undefined,14.9,SUEZ,20/01/2025 18:00:00,AIS,POINT (10.7881 57.73795),626294000_0,0 days 00:01:00,5.30628512273003e-07,0.6460235277394304,0.0,0,5.27333314784378,57.73795,10.7881
2025-01-07 03:07:00,2025-01-07 03:07:00,Class A,626294000_0,57.740183,10.788183,Under way using engine,0.0,8.1,0.0,0.0,9274800,TRAV2,YANGTZE,Tanker,No additional information,44.0,249.0,Undefined,14.9,SUEZ,20/01/2025 18:00:00,AIS,POINT (10.788183 57.740183),626294000_0,0 days 00:01:00,-4.136550823190616e-06,1.1365814740458404,0.0,0,5.2740914577077636,57.740183,10.788183
2025-01-07 03:08:00,2025-01-07 03:08:00,Class A,626294000_0,57.742433,10.788183,Under way using engine,0.0,8.0,0.0,0.0,9274800,TRAV2,YANGTZE,Tanker,No additional information,44.0,249.0,Undefined,14.9,SUEZ,20/01/2025 18:00:00,AIS,POINT (10.788183 57.742433),626294000_0,0 days 00:01:00,5.123054407113469e-07,0.0,0.0,0,5.274933929564046,57.742433,10.788183
2025-01-07 03:09:00,2025-01-07 03:09:00,Class A,626294000_0,57.744667,10.78825,Under way using engine,0.0,7.8,0.0,0.0,9274800,TRAV2,YANGTZE,Tanker,No additional information,44.0,249.0,Undefined,14.9,SUEZ,20/01/2025 18:00:00,AIS,POINT (10.78825 57.744667),626294000_0,0 days 00:01:00,-4.860796778094074e-07,0.9169990279071385,0.0,0,5.275709115609863,57.744667,10.78825
2025-01-07 03:10:00,2025-01-07 03:10:00,Class A,626294000_0,57.746767,10.788283,Under way using engine,0.0,7.7,0.0,0.0,9274800,TRAV2,YANGTZE,Tanker,No additional information,44.0,249.0,Undefined,14.9,SUEZ,20/01/2025 18:00:00,AIS,POINT (10.788283 57.746767),626294000_0,0 days 00:01:00,-4.152126356292931e-06,0.4804780675539746,0.0,0,5.276466353086125,57.746767,10.788283
2025-01-07 03:11:00,2025-01-07 03:11:00,Class A,626294000_0,57.7489,10.7883,Under way using engine,0.0,7.6,0.0,0.0,9274800,TRAV2,YANGTZE,Tanker,No additional information,44.0,249.0,Undefined,14.9,SUEZ,20/01/2025 18:00:00,AIS,POINT (10.7883 57.7489),626294000_0,0 days 00:01:00,1.0192485749606712e-06,0.24367946319068778,0.0,0,5.277251543052311,57.7489,10.7883
2025-01-07 03:12:00,2025-01-07 03:12:00,Class A,626294000_0,57.75095,10.788333,Under way using engine,0.0,7.5,0.0,0.0,9274800,TRAV2,YANGTZE,Tanker,No additional information,44.0,249.0,Undefined,14.9,SUEZ,20/01/2025 18:00:00,AIS,POINT (10.788333 57.75095),626294000_0,0 days 00:01:00,-2.5660001624064577e-06,0.4921395320185411,0.0,0,5.277991442960951,57.75095,10.788333
2025-01-07 03:13:01,2025-01-07 03:13:01,Class A,626294000_0,57.753033,10.78835,Under way using engine,0.0,7.4,359.0,0.0,9274800,TRAV2,YANGTZE,Tanker,No additional information,44.0,249.0,Undefined,14.9,SUEZ,20/01/2025 18:00:00,AIS,POINT (10.78835 57.753033),626294000_0,0 days 00:01:01,-3.66158295222509e-08,0.2495001063516611,0.0,0,5.278759278670037,57.753033,10.78835
2025-01-07 03:14:01,2025-01-07 03:14:01,Class A,626294000_0,57.7551,10.788417,Under way using engine,0.0,7.3,0.0,0.0,9274800,TRAV2,YANGTZE,Tanker,No additional information,44.0,249.0,Undefined,14.9,SUEZ,20/01/2025 18:00:00,AIS,POINT (10.788417 57.7551),626294000_0,0 days 00:01:00,5.704480604821893e-07,0.990786370749845,0.0,0,5.279475480595111,57.7551,10.788417
2025-01-07 03:15:01,2025-01-07 03:15:01,Class A,626294000_0,57.757067,10.788383,Under way using engine,0.0,7.2,358.0,0.0,9274800,TRAV2,YANGTZE,Tanker,No additional information,44.0,249.0,Undefined,14.9,SUEZ,20/01/2025 18:00:00,AIS,POINT (10.788383 57.757067),626294000_0,0 days 00:01:00,-3.1006852970472773e-06,359.4716428327317,0.0,0,5.280248239926793,57.757067,10.788383
2025-01-07 03:16:01,2025-01-07 03:16:01,Class A,626294000_0,57.759067,10.78835,Under way using engine,0.0,7.1,0.0,1.0,9274800,TRAV2,YANGTZE,Tanker,No additional information,44.0,249.0,Undefined,14.9,SUEZ,20/01/2025 18:00:00,AIS,POINT (10.78835 57.759067),626294000_0,0 days 00:01:00,1.0207506005747428e-06,359.49567087396167,0.0,0,5.281033144842874,57.759067,10.78835
2025-01-07 03:17:01,2025-01-07 03:17:01,Class A,626294000_0,57.761,10.78845,Under way using engine,0.0,7.0,0.0,354.0,9274800,TRAV2,YANGTZE,Tanker,No additional information,44.0,249.0,Undefined,14.9,SUEZ,20/01/2025 18:00:00,AIS,POINT (10.78845 57.761),626294000_0,0 days 00:01:00,-2.0523132940116247e-06,1.5807966725280949,0.0,0,5.28167023689931,57.761,10.78845
2025-01-07 03:18:01,2025-01-07 03:18:01,Class A,626294000_0,57.762967,10.788133,Under way using engine,0.0,7.0,353.0,348.0,9274800,TRAV2,YANGTZE,Tanker,No additional information,44.0,249.0,Undefined,14.9,SUEZ,20/01/2025 18:00:00,AIS,POINT (10.788133 57.762967),626294000_0,0 days 00:01:00,1.2543378992694708e-06,355.08659183708784,0.0,0,5.2827068794558345,57.762967,10.788133
2025-01-07 03:19:00,2025-01-07 03:19:00,Class A,626294000_0,57.76485,10.787517,Under way using engine,0.0,7.0,348.0,345.0,9274800,TRAV2,YANGTZE,Tanker,No additional information,44.0,249.0,Undefined,14.9,SUEZ,20/01/2025 18:00:00,AIS,POINT (10.787517 57.76485),626294000_0,0 days 00:00:59,-9.53952557736782e-07,350.10191535015247,0.0,0,5.283989085861648,57.76485,10.787517
2025-01-07 03:20:00,2025-01-07 03:20:00,Class A,626294000_0,57.766733,10.786633,Under way using engine,0.0,7.1,345.0,345.0,9274800,TRAV2,YANGTZE,Tanker,No additional information,44.0,249.0,Undefined,14.9,SUEZ,20/01/2025 18:00:00,AIS,POINT (10.786633 57.766733),626294000_0,0 days 00:01:00,-8.057521126317851e-08,345.94239164323113,0.0,0,5.2855197881443985,57.766733,10.786633
2025-01-07 03:21:00,2025-01-07 03:21:00,Class A,626294000_0,57.768733,10.785667,Under way using engine,0.0,7.5,346.0,344.0,9274800,TRAV2,YANGTZE,Tanker,No additional information,44.0,249.0,Undefined,14.9,SUEZ,20/01/2025 18:00:00,AIS,POINT (10.785667 57.768733),626294000_0,0 days 00:01:00,3.842012167996141e-06,345.5545666885495,0.0,0,5.287171067518242,57.768733,10.785667
2025-01-07 03:22:00,2025-01-07 03:22:00,Class A,626294000_0,57.770783,10.7846,Under way using engine,0.0,7.8,344.0,345.0,9274800,TRAV2,YANGTZE,Tanker,No additional information,44.0,249.0,Undefined,14.9,SUEZ,20/01/2025 18:00:00,AIS,POINT (10.7846 57.770783),626294000_0,0 days 00:01:00,1.926309546483863e-06,344.4864334862677,0.0,0,5.288935178998227,57.770783,10.7846
2025-01-07 03:23:00,2025-01-07 03:23:00,Class A,626294000_0,57.772917,10.783533,Under way using engine,0.0,8.1,346.0,349.0,9274800,TRAV2,YANGTZE,Tanker,No additional information,44.0,249.0,Undefined,14.9,SUEZ,20/01/2025 18:00:00,AIS,POINT (10.783533 57.772917),626294000_0,0 days 00:01:00,2.506994959587267e-06,345.0701408321161,0.0,0,5.290731568908972,57.772917,10.783533
2025-01-07 03:28:01,2025-01-07 03:28:01,Class A,626294000_0,57.78535,10.779317,Under way using engine,0.0,9.6,350.0,349.0,9274800,TRAV2,YANGTZE,Tanker,No additional information,44.0,249.0,Undefined,14.9,SUEZ,20/01/2025 18:00:00,AIS,POINT (10.779317 57.78535),626294000_0,0 days 00:05:01,1.910704599283766e-06,349.7533324897706,0.0,0,5.2993571728941795,57.78535,10.779317
2025-01-07 03:30:01,2025-01-07 03:30:01,Class A,626294000_0,57.7907,10.7775,Under way using engine,0.0,9.9,349.0,350.0,9274800,TRAV2,YANGTZE,Tanker,No additional information,44.0,249.0,Undefined,14.9,SUEZ,20/01/2025 18:00:00,AIS,POINT (10.7775 57.7907),626294000_0,0 days 00:02:00,3.093389353975144e-06,349.73915503763584,0.0,0,5.3030771239204135,57.7907,10.7775
2025-01-07 03:31:01,2025-01-07 03:31:01,Class A,626294000_0,57.7934,10.776567,Under way using engine,0.0,10.0,349.0,350.0,9274800,TRAV2,YANGTZE,Tanker,No additional information,44.0,249.0,Undefined,14.9,SUEZ,20/01/2025 18:00:00,AIS,POINT (10.776567 57.7934),626294000_0,0 days 00:01:00,8.333995210007701e-07,349.56467038381356,0.0,0,5.304970571379731,57.7934,10.776567
2025-01-07 03:32:00,2025-01-07 03:32:00,Class A,626294000_0,57.7961,10.775667,Under way using engine,0.0,10.1,350.0,350.0,9274800,TRAV2,YANGTZE,Tanker,No additional information,44.0,249.0,Undefined,14.9,SUEZ,20/01/2025 18:00:00,AIS,POINT (10.775667 57.7961),626294000_0,0 days 00:00:59,1.3633458112908285e-06,349.92680921939785,0.0,0,5.3068343901242105,57.7961,10.775667
2025-01-07 03:33:00,2025-01-07 03:33:00,Class A,626294000_0,57.798933,10.774783,Under way using engine,0.0,10.2,350.0,350.0,9274800,TRAV2,YANGTZE,Tanker,No additional information,44.0,249.0,Undefined,14.9,SUEZ,20/01/2025 18:00:00,AIS,POINT (10.774783 57.798933),626294000_0,0 days 00:01:00,2.5719143665381964e-06,350.5591401364947,0.0,0,5.308735220018606,57.798933,10.774783
2025-01-07 03:34:00,2025-01-07 03:34:00,Class A,626294000_0,57.8017,10.773783,Under way using engine,0.0,10.3,349.0,351.0,9274800,TRAV2,YANGTZE,Tanker,No additional information,44.0,249.0,Undefined,14.9,SUEZ,20/01/2025 18:00:00,AIS,POINT (10.773783 57.8017),626294000_0,0 days 00:01:00,-1.6709870420952063e-06,349.0997964009613,0.0,0,5.310718875111823,57.8017,10.773783
2025-01-07 03:35:00,2025-01-07 03:35:00,Class A,626294000_0,57.804617,10.77295,Under way using engine,0.0,10.4,350.0,350.0,9274800,TRAV2,YANGTZE,Tanker,No additional information,44.0,249.0,Undefined,14.9,SUEZ,20/01/2025 18:00:00,AIS,POINT (10.77295 57.804617),626294000_0,0 days 00:01:00,4.104359870370959e-06,351.34865965736356,0.0,0,5.312606744652666,57.804617,10.77295
2025-01-07 03:36:00,2025-01-07 03:36:00,Class A,626294000_0,57.807417,10.772,Under way using engine,0.0,10.5,349.0,350.0,9274800,TRAV2,YANGTZE,Tanker,No additional information,44.0,249.0,Undefined,14.9,SUEZ,20/01/2025 18:00:00,AIS,POINT (10.772 57.807417),626294000_0,0 days 00:01:00,-3.253017695169528e-06,349.7538585545227,0.0,0,5.314558766730216,57.807417,10.772
2025-01-07 03:37:00,2025-01-07 03:37:00,Class A,626294000_0,57.81035,10.77105,Under way using engine,0.0,10.5,349.0,350.0,9274800,TRAV2,YANGTZE,Tanker,No additional information,44.0,249.0,Undefined,14.9,SUEZ,20/01/2025 18:00:00,AIS,POINT (10.77105 57.81035),626294000_0,0 days 00:01:00,4.051538957814833e-06,350.21006221762684,0.0,0,5.316562847822641,57.81035,10.77105
2025-01-07 03:38:00,2025-01-07 03:38:00,Class A,626294000_0,57.8132,10.770133,Under way using engine,0.0,10.6,351.0,350.0,9274800,TRAV2,YANGTZE,Tanker,No additional information,44.0,249.0,Undefined,14.9,SUEZ,20/01/2025 18:00:00,AIS,POINT (10.770133 57.8132),626294000_0,0 days 00:01:00,-2.6232045190559212e-06,350.2744375524206,0.0,0,5.318505559503441,57.8132,10.770133
2025-01-07 03:39:00,2025-01-07 03:39:00,Class A,626294000_0,57.81605,10.76925,Under way using engine,0.0,10.6,351.0,350.0,9274800,TRAV2,YANGTZE,Tanker,No additional information,44.0,249.0,Undefined,14.9,SUEZ,20/01/2025 18:00:00,AIS,POINT (10.76925 57.81605),626294000_0,0 days 00:01:00,-9.345291614512354e-08,350.6292464899925,0.0,0,5.320417870886458,57.81605,10.76925
2025-01-07 03:40:00,2025-01-07 03:40:00,Class A,626294000_0,57.818983,10.768333,Under way using engine,0.0,10.6,349.0,350.0,9274800,TRAV2,YANGTZE,Tanker,No additional information,44.0,249.0,Undefined,14.9,SUEZ,20/01/2025 18:00:00,AIS,POINT (10.768333 57.818983),626294000_0,0 days 00:01:00,2.6249169889780375e-06,350.5461066693447,0.0,0,5.322394546805602,57.818983,10.768333
2025-01-07 03:41:00,2025-01-07 03:41:00,Class A,626294000_0,57.82195,10.7675,Under way using engine,0.0,10.6,351.0,350.0,9274800,TRAV2,YANGTZE,Tanker,No additional information,44.0,249.0,Undefined,14.9,SUEZ,20/01/2025 18:00:00,AIS,POINT (10.7675 57.82195),626294000_0,0 days 00:01:00,8.219806828051122e-07,351.49632917092066,0.0,0,5.324307901478652,57.82195,10.7675
2025-01-07 03:42:00,2025-01-07 03:42:00,Class A,626294000_0,57.8248,10.76665,Under way using engine,0.0,10.6,351.0,350.0,9274800,TRAV2,YANGTZE,Tanker,No additional information,44.0,249.0,Undefined,14.9,SUEZ,20/01/2025 18:00:00,AIS,POINT (10.76665 57.8248),626294000_0,0 days 00:01:00,-3.534574983505067e-06,350.9757347891074,0.0,0,5.326192812220377,57.8248,10.76665
2025-01-07 03:43:00,2025-01-07 03:43:00,Class A,626294000_0,57.82765,10.7658,Under way using engine,0.0,10.5,349.0,342.0,9274800,TRAV2,YANGTZE,Tanker,No additional information,44.0,249.0,Undefined,14.9,SUEZ,20/01/2025 18:00:00,AIS,POINT (10.7658 57.82765),626294000_0,0 days 00:01:00,-1.3458955752549776e-10,350.9764365598013,0.0,0,5.328078716211688,57.82765,10.7658
2025-01-07 03:49:00,2025-01-07 03:49:00,Class A,626294000_0,57.837383,10.746883,Under way using engine,0.0,8.3,286.0,280.0,9274800,TRAV2,YANGTZE,Tanker,No additional information,44.0,249.0,Undefined,14.9,SUEZ,20/01/2025 18:00:00,AIS,POINT (10.746883 57.837383),626294000_0,0 days 00:06:00,-2.8320060569529533e-06,314.0292687752163,0.0,0,5.349288397129659,57.837383,10.746883
2025-01-07 03:50:00,2025-01-07 03:50:00,Class A,626294000_0,57.837967,10.742533,Under way using engine,0.0,8.5,284.0,279.0,9274800,TRAV2,YANGTZE,Tanker,No additional information,44.0,249.0,Undefined,14.9,SUEZ,20/01/2025 18:00:00,AIS,POINT (10.742533 57.837967),626294000_0,0 days 00:01:00,1.7256462551091828e-06,284.1568447142639,0.0,0,5.353525377940222,57.837967,10.742533
2025-01-07 03:51:00,2025-01-07 03:51:00,Class A,626294000_0,57.838467,10.7381,Under way using engine,0.0,8.6,281.0,277.0,9274800,TRAV2,YANGTZE,Tanker,No additional information,44.0,249.0,Undefined,14.9,SUEZ,20/01/2025 18:00:00,AIS,POINT (10.7381 57.838467),626294000_0,0 days 00:01:00,7.471382781170545e-07,281.96521800133195,0.0,0,5.35780665733927,57.838467,10.7381
2025-01-07 03:52:00,2025-01-07 03:52:00,Class A,626294000_0,57.8389,10.733683,Under way using engine,0.0,8.8,280.0,277.0,9274800,TRAV2,YANGTZE,Tanker,No additional information,44.0,249.0,Undefined,14.9,SUEZ,20/01/2025 18:00:00,AIS,POINT (10.733683 57.8389),626294000_0,0 days 00:01:00,-6.618103983509784e-07,280.43665715736364,0.0,0,5.362047576315321,57.8389,10.733683
2025-01-07 03:53:01,2025-01-07 03:53:01,Class A,626294000_0,57.83935,10.729017,Under way using engine,0.0,9.0,281.0,277.0,9274800,TRAV2,YANGTZE,Tanker,No additional information,44.0,249.0,Undefined,14.9,SUEZ,20/01/2025 18:00:00,AIS,POINT (10.729017 57.83935),626294000_0,0 days 00:01:01,2.8058819762053754e-06,280.2714786648322,0.0,0,5.366525053375322,57.83935,10.729017
2025-01-07 03:54:01,2025-01-07 03:54:01,Class A,626294000_0,57.839733,10.724417,Under way using engine,0.0,9.1,278.0,278.0,9274800,TRAV2,YANGTZE,Tanker,No additional information,44.0,249.0,Undefined,14.9,SUEZ,20/01/2025 18:00:00,AIS,POINT (10.724417 57.839733),626294000_0,0 days 00:01:00,-1.365792397636211e-07,278.8920856531089,0.0,0,5.370916140585514,57.839733,10.724417
2025-01-07 03:55:01,2025-01-07 03:55:01,Class A,626294000_0,57.840183,10.7196,Under way using engine,0.0,9.2,279.0,277.0,9274800,TRAV2,YANGTZE,Tanker,No additional information,44.0,249.0,Undefined,14.9,SUEZ,20/01/2025 18:00:00,AIS,POINT (10.7196 57.840183),626294000_0,0 days 00:01:00,3.870174636009258e-06,279.956386274146,0.0,0,5.375533653735693,57.840183,10.7196
2025-01-07 03:56:01,2025-01-07 03:56:01,Class A,626294000_0,57.84065,10.714733,Under way using engine,0.0,9.4,280.0,277.0,9274800,TRAV2,YANGTZE,Tanker,No additional information,44.0,249.0,Undefined,14.9,SUEZ,20/01/2025 18:00:00,AIS,POINT (10.714733 57.84065),626294000_0,0 days 00:01:00,9.031865188643008e-07,280.22084587764925,0.0,0,5.380204243071909,57.84065,10.714733
2025-01-07 03:57:01,2025-01-07 03:57:01,Class A,626294000_0,57.841067,10.709783,Under way using engine,0.0,9.4,279.0,277.0,9274800,TRAV2,YANGTZE,Tanker,No additional information,44.0,249.0,Undefined,14.9,SUEZ,20/01/2025 18:00:00,AIS,POINT (10.709783 57.841067),626294000_0,0 days 00:01:00,1.0916909076546961e-06,278.9956590569714,0.0,0,5.384932548625843,57.841067,10.709783
2025-01-07 03:58:01,2025-01-07 03:58:01,Class A,626294000_0,57.8415,10.704983,Under way using engine,0.0,9.5,279.0,277.0,9274800,TRAV2,YANGTZE,Tanker,No additional information,44.0,249.0,Undefined,14.9,SUEZ,20/01/2025 18:00:00,AIS,POINT (10.704983 57.8415),626294000_0,0 days 00:01:00,-2.3633951367131097e-06,279.6210987380509,0.0,0,5.389529009038638,57.8415,10.704983
2025-01-07 03:59:01,2025-01-07 03:59:01,Class A,626294000_0,57.841933,10.7001,Under way using engine,0.0,9.6,279.0,277.0,9274800,TRAV2,YANGTZE,Tanker,No additional information,44.0,249.0,Undefined,14.9,SUEZ,20/01/2025 18:00:00,AIS,POINT (10.7001 57.841933),626294000_0,0 days 00:01:00,1.3495533539060386e-06,279.4607222426786,0.0,0,5.394202468432658,57.841933,10.7001
2025-01-07 04:00:01,2025-01-07 04:00:01,Class A,626294000_0,57.84235,10.69505,Under way using engine,0.0,9.6,278.0,277.0,9274800,TRAV2,YANGTZE,Tanker,No additional information,44.0,249.0,Undefined,14.9,SUEZ,20/01/2025 18:00:00,AIS,POINT (10.69505 57.84235),626294000_0,0 days 00:01:00,2.6409611712231746e-06,278.8207468205572,0.0,0,5.399024341753611,57.84235,10.69505
2025-01-07 04:01:00,2025-01-07 04:01:00,Class A,626294000_0,57.842833,10.690117,Under way using engine,0.0,9.7,280.0,277.0,9274800,TRAV2,YANGTZE,Tanker,No additional information,44.0,249.0,Undefined,14.9,SUEZ,20/01/2025 18:00:00,AIS,POINT (10.690117 57.842833),626294000_0,0 days 00:00:59,-1.640333479215015e-07,280.4256636292202,0.0,0,5.4037640072455035,57.842833,10.690117
2025-01-07 04:02:00,2025-01-07 04:02:00,Class A,626294000_0,57.843217,10.685167,Under way using engine,0.0,9.8,278.0,277.0,9274800,TRAV2,YANGTZE,Tanker,No additional information,44.0,249.0,Undefined,14.9,SUEZ,20/01/2025 18:00:00,AIS,POINT (10.685167 57.843217),626294000_0,0 days 00:01:00,-1.623808696156586e-06,278.2947416938986,0.0,0,5.408481741448889,57.843217,10.685167
2025-01-07 04:03:00,2025-01-07 04:03:00,Class A,626294000_0,57.843683,10.679983,Under way using engine,0.0,9.9,279.0,277.0,9274800,TRAV2,YANGTZE,Tanker,No additional information,44.0,249.0,Undefined,14.9,SUEZ,20/01/2025 18:00:00,AIS,POINT (10.679983 57.843683),626294000_0,0 days 00:01:00,4.206474909093404e-06,279.58872045571263,0.0,0,5.413447469705972,57.843683,10.679983
2025-01-07 04:04:00,2025-01-07 04:04:00,Class A,626294000_0,57.844083,10.674983,Under way using engine,0.0,9.9,279.0,279.0,9274800,TRAV2,YANGTZE,Tanker,No additional information,44.0,249.0,Undefined,14.9,SUEZ,20/01/2025 18:00:00,AIS,POINT (10.674983 57.844083),626294000_0,0 days 00:01:00,-3.320040006647374e-06,278.5503370785193,0.0,0,5.41821840405737,57.844083,10.674983
2025-01-07 04:05:00,2025-01-07 04:05:00,Class A,626294000_0,57.844617,10.669783,Under way using engine,0.0,10.0,281.0,288.0,9274800,TRAV2,YANGTZE,Tanker,No additional information,44.0,249.0,Undefined,14.9,SUEZ,20/01/2025 18:00:00,AIS,POINT (10.669783 57.844617),626294000_0,0 days 00:01:00,3.951530621758061e-06,280.9232382691689,0.0,0,5.423225863012713,57.844617,10.669783
2025-01-07 04:06:00,2025-01-07 04:06:00,Class A,626294000_0,57.845567,10.6649,Under way using engine,0.0,10.2,291.0,296.0,9274800,TRAV2,YANGTZE,Tanker,No additional information,44.0,249.0,Undefined,14.9,SUEZ,20/01/2025 18:00:00,AIS,POINT (10.6649 57.845567),626294000_0,0 days 00:01:00,-1.6132689047272374e-06,290.0822472767516,0.0,0,5.428100237249586,57.845567,10.6649
2025-01-07 04:07:00,2025-01-07 04:07:00,Class A,626294000_0,57.84695,10.660133,Under way using engine,0.0,10.3,300.0,300.0,9274800,TRAV2,YANGTZE,Tanker,No additional information,44.0,249.0,Undefined,14.9,SUEZ,20/01/2025 18:00:00,AIS,POINT (10.660133 57.84695),626294000_0,0 days 00:01:00,3.776131794897431e-06,298.598579861439,0.0,0,5.433033435749222,57.84695,10.660133
2025-01-07 04:09:00,2025-01-07 04:09:00,Class A,626294000_0,57.85,10.650933,Under way using engine,0.0,10.4,302.0,300.0,9274800,TRAV2,YANGTZE,Tanker,No additional information,44.0,249.0,Undefined,14.9,SUEZ,20/01/2025 18:00:00,AIS,POINT (10.650933 57.85),626294000_0,0 days 00:02:00,-8.707731563863176e-08,301.9257114360183,0.0,0,5.442700153349347,57.85,10.650933
2025-01-07 04:10:00,2025-01-07 04:10:00,Class A,626294000_0,57.851533,10.646417,Under way using engine,0.0,10.5,303.0,299.0,9274800,TRAV2,YANGTZE,Tanker,No additional information,44.0,249.0,Undefined,14.9,SUEZ,20/01/2025 18:00:00,AIS,POINT (10.646417 57.851533),626294000_0,0 days 00:01:00,-1.0449445092914252e-06,302.53696478405107,0.0,0,5.447459005885406,57.851533,10.646417
2025-01-07 04:11:00,2025-01-07 04:11:00,Class A,626294000_0,57.85305,10.6419,Under way using engine,12.9,10.3,300.0,287.0,9274800,TRAV2,YANGTZE,Tanker,No additional information,44.0,249.0,Undefined,14.9,SUEZ,20/01/2025 18:00:00,AIS,POINT (10.6419 57.85305),626294000_0,0 days 00:01:00,-2.5357086278788667e-07,302.26037546254946,0.0,0,5.452212676606445,57.85305,10.6419
2025-01-07 04:12:00,2025-01-07 04:12:00,Class A,626294000_0,57.854033,10.636933,Under way using engine,0.0,9.9,287.0,276.0,9274800,TRAV2,YANGTZE,Tanker,No additional information,44.0,249.0,Undefined,14.9,SUEZ,20/01/2025 18:00:00,AIS,POINT (10.636933 57.854033),626294000_0,0 days 00:01:00,-6.683813733152136e-07,290.4045085903771,0.0,0,5.457177811695894,57.854033,10.636933
2025-01-07 04:13:00,2025-01-07 04:13:00,Class A,626294000_0,57.85445,10.631883,Under way using engine,0.0,9.6,277.0,270.0,9274800,TRAV2,YANGTZE,Tanker,No additional information,44.0,249.0,Undefined,14.9,SUEZ,20/01/2025 18:00:00,AIS,POINT (10.631883 57.85445),626294000_0,0 days 00:01:00,-3.102270343955362e-06,278.8236638951319,0.0,0,5.462003416235566,57.85445,10.631883
2025-01-07 04:14:00,2025-01-07 04:14:00,Class A,626294000_0,57.854533,10.627033,Under way using engine,0.0,9.5,271.0,270.0,9274800,TRAV2,YANGTZE,Tanker,No additional information,44.0,249.0,Undefined,14.9,SUEZ,20/01/2025 18:00:00,AIS,POINT (10.627033 57.854533),626294000_0,0 days 00:01:00,-4.251084673565448e-06,271.84426476529507,0.0,0,5.466517034315909,57.854533,10.627033
2025-01-07 04:15:00,2025-01-07 04:15:00,Class A,626294000_0,57.85465,10.62195,Under way using engine,0.0,9.6,272.0,270.0,9274800,TRAV2,YANGTZE,Tanker,No additional information,44.0,249.0,Undefined,14.9,SUEZ,20/01/2025 18:00:00,AIS,POINT (10.62195 57.85465),626294000_0,0 days 00:01:00,3.879394872848271e-06,272.4792834938602,0.0,0,5.471259566612426,57.85465,10.62195
2025-01-07 04:16:00,2025-01-07 04:16:00,Class A,626294000_0,57.85475,10.616983,Under way using engine,0.0,9.6,271.0,270.0,9274800,TRAV2,YANGTZE,Tanker,No additional information,44.0,249.0,Undefined,14.9,SUEZ,20/01/2025 18:00:00,AIS,POINT (10.616983 57.85475),626294000_0,0 days 00:01:00,-1.9330668725834383e-06,272.16907849891993,0.0,0,5.475888996205914,57.85475,10.616983
2025-01-07 04:17:00,2025-01-07 04:17:00,Class A,626294000_0,57.854817,10.611833,Under way using engine,0.0,9.7,271.0,270.0,9274800,TRAV2,YANGTZE,Tanker,No additional information,44.0,249.0,Undefined,14.9,SUEZ,20/01/2025 18:00:00,AIS,POINT (10.611833 57.854817),626294000_0,0 days 00:01:00,2.984779853894296e-06,271.4028553359429,0.0,0,5.480675635745102,57.854817,10.611833
2025-01-07 04:18:00,2025-01-07 04:18:00,Class A,626294000_0,57.854883,10.606867,Under way using engine,0.0,9.7,270.0,268.0,9274800,TRAV2,YANGTZE,Tanker,No additional information,44.0,249.0,Undefined,14.9,SUEZ,20/01/2025 18:00:00,AIS,POINT (10.606867 57.854883),626294000_0,0 days 00:01:00,-3.0345632032321643e-06,271.4329852085507,0.0,0,5.485292412315136,57.854883,10.606867
2025-01-07 04:19:00,2025-01-07 04:19:00,Class A,626294000_0,57.85485,10.6019,Under way using engine,0.0,9.7,268.0,266.0,9274800,TRAV2,YANGTZE,Tanker,No additional information,44.0,249.0,Undefined,14.9,SUEZ,20/01/2025 18:00:00,AIS,POINT (10.6019 57.85485),626294000_0,0 days 00:01:00,-2.632776862695798e-09,269.2866935136234,0.0,0,5.4898730611689,57.85485,10.6019
2025-01-07 04:20:00,2025-01-07 04:20:00,Class A,626294000_0,57.854733,10.59675,Under way using engine,0.0,9.7,267.0,267.0,9274800,TRAV2,YANGTZE,Tanker,No additional information,44.0,249.0,Undefined,14.9,SUEZ,20/01/2025 18:00:00,AIS,POINT (10.59675 57.854733),626294000_0,0 days 00:01:00,3.088983199809175e-06,267.5572224855702,0.0,0,5.494591719786376,57.854733,10.59675
2025-01-07 04:21:01,2025-01-07 04:21:01,Class A,626294000_0,57.854633,10.591583,Under way using engine,0.0,9.8,268.0,269.0,9274800,TRAV2,YANGTZE,Tanker,No additional information,44.0,249.0,Undefined,14.9,SUEZ,20/01/2025 18:00:00,AIS,POINT (10.591583 57.854633),626294000_0,0 days 00:01:01,-1.119568913634429e-06,267.91901485382755,0.0,0,5.4993333370205875,57.854633,10.591583
2025-01-07 04:22:01,2025-01-07 04:22:01,Class A,626294000_0,57.85465,10.586517,Under way using engine,0.0,9.9,270.0,271.0,9274800,TRAV2,YANGTZE,Tanker,No additional information,44.0,249.0,Undefined,14.9,SUEZ,20/01/2025 18:00:00,AIS,POINT (10.586517 57.85465),626294000_0,0 days 00:01:00,-3.222121608349755e-07,270.36349848837096,0.0,0,5.504026662935508,57.85465,10.586517
2025-01-07 04:23:01,2025-01-07 04:23:01,Class A,626294000_0,57.854767,10.581217,Under way using engine,0.0,10.0,272.0,272.0,9274800,TRAV2,YANGTZE,Tanker,No additional information,44.0,249.0,Undefined,14.9,SUEZ,20/01/2025 18:00:00,AIS,POINT (10.581217 57.854767),626294000_0,0 days 00:01:00,3.932296840888612e-06,272.37807958939464,0.0,0,5.508975092336686,57.854767,10.581217
2025-01-07 04:24:01,2025-01-07 04:24:01,Class A,626294000_0,57.854933,10.576067,Under way using engine,0.0,10.1,273.0,273.0,9274800,TRAV2,YANGTZE,Tanker,No additional information,44.0,249.0,Undefined,14.9,SUEZ,20/01/2025 18:00:00,AIS,POINT (10.576067 57.854933),626294000_0,0 days 00:01:00,-2.3939670116468267e-06,273.4689705090757,0.0,0,5.513803914975759,57.854933,10.576067
2025-01-07 04:25:01,2025-01-07 04:25:01,Class A,626294000_0,57.855133,10.5707,Under way using engine,0.0,10.1,274.0,273.0,9274800,TRAV2,YANGTZE,Tanker,No additional information,44.0,249.0,Undefined,14.9,SUEZ,20/01/2025 18:00:00,AIS,POINT (10.5707 57.855133),626294000_0,0 days 00:01:00,3.6392426139854992e-06,274.0086245299672,0.0,0,5.518847048727207,57.855133,10.5707
2025-01-07 04:26:01,2025-01-07 04:26:01,Class A,626294000_0,57.85535,10.565483,Under way using engine,0.0,10.2,274.0,274.0,9274800,TRAV2,YANGTZE,Tanker,No additional information,44.0,249.0,Undefined,14.9,SUEZ,20/01/2025 18:00:00,AIS,POINT (10.565483 57.85535),626294000_0,0 days 00:01:00,-2.428800145022339e-06,274.47232020946535,0.0,0,5.523758369024572,57.85535,10.565483
2025-01-07 04:27:01,2025-01-07 04:27:01,Class A,626294000_0,57.855617,10.560067,Under way using engine,0.0,10.2,275.0,274.0,9274800,TRAV2,YANGTZE,Tanker,No additional information,44.0,249.0,Undefined,14.9,SUEZ,20/01/2025 18:00:00,AIS,POINT (10.560067 57.855617),626294000_0,0 days 00:01:00,3.400937305703122e-06,275.29599100326044,0.0,0,5.528873396794866,57.855617,10.560067
2025-01-07 04:28:01,2025-01-07 04:28:01,Class A,626294000_0,57.8559,10.554667,Under way using engine,0.0,10.2,275.0,274.0,9274800,TRAV2,YANGTZE,Tanker,No additional information,44.0,249.0,Undefined,14.9,SUEZ,20/01/2025 18:00:00,AIS,POINT (10.554667 57.8559),626294000_0,0 days 00:01:00,-2.1634749201125448e-07,275.62779875913304,0.0,0,5.53398023587047,57.8559,10.554667
2025-01-07 04:34:01,2025-01-07 04:34:01,Class A,626294000_0,57.857183,10.522433,Under way using engine,0.0,10.3,273.0,272.0,9274800,TRAV2,YANGTZE,Tanker,No additional information,44.0,249.0,Undefined,14.9,SUEZ,20/01/2025 18:00:00,AIS,POINT (10.522433 57.857183),626294000_0,0 days 00:06:00,-1.0681677005283518e-07,274.2920501777853,0.0,0,5.564323413791294,57.857183,10.522433
2025-01-07 04:38:00,2025-01-07 04:38:00,Class A,626294000_0,57.857917,10.50095,Under way using engine,0.0,10.5,274.0,272.0,9274800,TRAV2,YANGTZE,Tanker,No additional information,44.0,249.0,Undefined,14.9,SUEZ,20/01/2025 18:00:00,AIS,POINT (10.50095 57.857917),626294000_0,0 days 00:03:59,6.975760642536038e-08,273.6835666270657,0.0,0,5.584512817455879,57.857917,10.50095
2025-01-07 04:39:00,2025-01-07 04:39:00,Class A,626294000_0,57.858083,10.495583,Under way using engine,0.0,10.5,273.0,271.0,9274800,TRAV2,YANGTZE,Tanker,No additional information,44.0,249.0,Undefined,14.9,SUEZ,20/01/2025 18:00:00,AIS,POINT (10.495583 57.858083),626294000_0,0 days 00:01:00,-4.6716750095441375e-07,273.329504166325,0.0,0,5.589551663958926,57.858083,10.495583
2025-01-07 04:40:00,2025-01-07 04:40:00,Class A,626294000_0,57.858217,10.490033,Under way using engine,0.0,10.5,272.0,271.0,9274800,TRAV2,YANGTZE,Tanker,No additional information,44.0,249.0,Undefined,14.9,SUEZ,20/01/2025 18:00:00,AIS,POINT (10.490033 57.858217),626294000_0,0 days 00:01:00,2.962397518881269e-06,272.6007789301508,0.0,0,5.594748887327295,57.858217,10.490033
2025-01-07 04:41:00,2025-01-07 04:41:00,Class A,626294000_0,57.85835,10.484667,Under way using engine,0.0,10.5,272.0,271.0,9274800,TRAV2,YANGTZE,Tanker,No additional information,44.0,249.0,Undefined,14.9,SUEZ,20/01/2025 18:00:00,AIS,POINT (10.484667 57.85835),626294000_0,0 days 00:01:00,-3.0328441017816634e-06,272.66965636428665,0.0,0,5.599775739233224,57.85835,10.484667
2025-01-07 04:42:00,2025-01-07 04:42:00,Class A,626294000_0,57.85845,10.4791,Under way using engine,0.0,10.5,272.0,271.0,9274800,TRAV2,YANGTZE,Tanker,No additional information,44.0,249.0,Undefined,14.9,SUEZ,20/01/2025 18:00:00,AIS,POINT (10.4791 57.85845),626294000_0,0 days 00:01:00,3.2708226565916852e-06,271.93616690938296,0.0,0,5.604977378201269,57.85845,10.4791
2025-01-07 04:43:00,2025-01-07 04:43:00,Class A,626294000_0,57.858567,10.473533,Under way using engine,0.0,10.5,272.0,271.0,9274800,TRAV2,YANGTZE,Tanker,No additional information,44.0,249.0,Undefined,14.9,SUEZ,20/01/2025 18:00:00,AIS,POINT (10.473533 57.858567),626294000_0,0 days 00:01:00,1.8941739693296525e-08,272.26460464436997,0.0,0,5.6101860600384725,57.858567,10.473533
2025-01-07 04:44:00,2025-01-07 04:44:00,Class A,626294000_0,57.8587,10.468133,Under way using engine,0.0,10.5,272.0,271.0,9274800,TRAV2,YANGTZE,Tanker,No additional information,44.0,249.0,Undefined,14.9,SUEZ,20/01/2025 18:00:00,AIS,POINT (10.468133 57.8587),626294000_0,0 days 00:01:00,-2.7305472134988838e-06,272.65292588528064,0.0,0,5.615246419745886,57.8587,10.468133
2025-01-07 04:45:00,2025-01-07 04:45:00,Class A,626294000_0,57.858833,10.46275,Under way using engine,0.0,10.5,272.0,271.0,9274800,TRAV2,YANGTZE,Tanker,No additional information,44.0,249.0,Undefined,14.9,SUEZ,20/01/2025 18:00:00,AIS,POINT (10.46275 57.858833),626294000_0,0 days 00:01:00,-2.8036538652578073e-07,272.661287465036,0.0,0,5.620291636858801,57.858833,10.46275
2025-01-07 04:46:00,2025-01-07 04:46:00,Class A,626294000_0,57.85895,10.457167,Under way using engine,0.0,10.5,272.0,271.0,9274800,TRAV2,YANGTZE,Tanker,No additional information,44.0,249.0,Undefined,14.9,SUEZ,20/01/2025 18:00:00,AIS,POINT (10.457167 57.85895),626294000_0,0 days 00:01:00,3.273580038121677e-06,272.25815886392047,0.0,0,5.625517178918307,57.85895,10.457167
2025-01-07 04:47:00,2025-01-07 04:47:00,Class A,626294000_0,57.859067,10.451583,Under way using engine,0.0,10.5,272.0,271.0,9274800,TRAV2,YANGTZE,Tanker,No additional information,44.0,249.0,Undefined,14.9,SUEZ,20/01/2025 18:00:00,AIS,POINT (10.451583 57.859067),626294000_0,0 days 00:01:00,1.6179159644909406e-08,272.2577630556312,0.0,0,5.63074433794059,57.859067,10.451583
2025-01-07 04:48:00,2025-01-07 04:48:00,Class A,626294000_0,57.859217,10.445983,Under way using engine,0.0,10.5,272.0,271.0,9274800,TRAV2,YANGTZE,Tanker,No additional information,44.0,249.0,Undefined,14.9,SUEZ,20/01/2025 18:00:00,AIS,POINT (10.445983 57.859217),626294000_0,0 days 00:01:00,3.089157162888418e-07,272.88471339059373,0.0,0,5.635999293936258,57.859217,10.445983
2025-01-07 04:49:00,2025-01-07 04:49:00,Class A,626294000_0,57.859367,10.440583,Under way using engine,0.0,10.5,273.0,271.0,9274800,TRAV2,YANGTZE,Tanker,No additional information,44.0,249.0,Undefined,14.9,SUEZ,20/01/2025 18:00:00,AIS,POINT (10.440583 57.859367),626294000_0,0 days 00:01:00,-3.2941090615861765e-06,272.99120445750583,0.0,0,5.641069193180491,57.859367,10.440583
2025-01-07 04:50:00,2025-01-07 04:50:00,Class A,626294000_0,57.859533,10.4352,Under way using engine,0.0,10.5,273.0,270.0,9274800,TRAV2,YANGTZE,Tanker,No additional information,44.0,249.0,Undefined,14.9,SUEZ,20/01/2025 18:00:00,AIS,POINT (10.4352 57.859533),626294000_0,0 days 00:01:00,-2.5312315717505513e-07,273.3197768205245,0.0,0,5.646129851504036,57.859533,10.4352
2025-01-07 04:51:00,2025-01-07 04:51:00,Class A,626294000_0,57.859667,10.429633,Under way using engine,0.0,10.5,272.0,270.0,9274800,TRAV2,YANGTZE,Tanker,No additional information,44.0,249.0,Undefined,14.9,SUEZ,20/01/2025 18:00:00,AIS,POINT (10.429633 57.859667),626294000_0,0 days 00:01:00,2.9789183970244103e-06,272.5929663460066,0.0,0,5.651350168433203,57.859667,10.429633
2025-01-07 04:52:00,2025-01-07 04:52:00,Class A,626294000_0,57.859733,10.424267,Under way using engine,0.0,10.5,271.0,269.0,9274800,TRAV2,YANGTZE,Tanker,No additional information,44.0,249.0,Undefined,14.9,SUEZ,20/01/2025 18:00:00,AIS,POINT (10.424267 57.859733),626294000_0,0 days 00:01:00,-3.3847462860501994e-06,271.32670962740775,0.0,0,5.656359255386983,57.859733,10.424267
2025-01-07 04:54:00,2025-01-07 04:54:00,Class A,626294000_0,57.859867,10.413367,Under way using engine,0.0,10.4,271.0,269.0,9274800,TRAV2,YANGTZE,Tanker,No additional information,44.0,249.0,Undefined,14.9,SUEZ,20/01/2025 18:00:00,AIS,POINT (10.413367 57.859867),626294000_0,0 days 00:02:00,6.926276014423755e-07,271.3284010833879,0.0,0,5.666536244760639,57.859867,10.413367
2025-01-07 04:55:00,2025-01-07 04:55:00,Class A,626294000_0,57.859917,10.407833,Under way using engine,0.0,10.4,270.0,268.0,9274800,TRAV2,YANGTZE,Tanker,No additional information,44.0,249.0,Undefined,14.9,SUEZ,20/01/2025 18:00:00,AIS,POINT (10.407833 57.859917),626294000_0,0 days 00:01:00,1.3741313801573542e-06,270.9753300506007,0.0,0,5.671697540882272,57.859917,10.407833
2025-01-07 04:56:00,2025-01-07 04:56:00,Class A,626294000_0,57.8599,10.402483,Under way using engine,0.0,10.4,269.0,267.0,9274800,TRAV2,YANGTZE,Tanker,No additional information,44.0,249.0,Undefined,14.9,SUEZ,20/01/2025 18:00:00,AIS,POINT (10.402483 57.8599),626294000_0,0 days 00:01:00,-3.045724713004582e-06,269.6600428750927,0.0,0,5.676663800390949,57.8599,10.402483
2025-01-07 04:57:00,2025-01-07 04:57:00,Class A,626294000_0,57.85985,10.396983,Under way using engine,0.0,10.3,268.0,267.0,9274800,TRAV2,YANGTZE,Tanker,No additional information,44.0,249.0,Undefined,14.9,SUEZ,20/01/2025 18:00:00,AIS,POINT (10.396983 57.85985),626294000_0,0 days 00:01:00,2.485191749721282e-06,269.0233282674787,0.0,0,5.6817580436313015,57.85985,10.396983
2025-01-07 04:58:00,2025-01-07 04:58:00,Class A,626294000_0,57.859817,10.3917,Under way using engine,0.0,10.3,269.0,267.0,9274800,TRAV2,YANGTZE,Tanker,No additional information,44.0,249.0,Undefined,14.9,SUEZ,20/01/2025 18:00:00,AIS,POINT (10.3917 57.859817),626294000_0,0 days 00:01:00,-3.585419235541034e-06,269.329522407254,0.0,0,5.686657540051888,57.859817,10.3917
2025-01-07 04:59:00,2025-01-07 04:59:00,Class A,626294000_0,57.859783,10.386233,Under way using engine,0.0,10.3,269.0,267.0,9274800,TRAV2,YANGTZE,Tanker,No additional information,44.0,249.0,Undefined,14.9,SUEZ,20/01/2025 18:00:00,AIS,POINT (10.386233 57.859783),626294000_0,0 days 00:01:00,3.0343853141898802e-06,269.3325426752492,0.0,0,5.691728457021293,57.859783,10.386233
2025-01-07 05:00:00,2025-01-07 05:00:00,Class A,626294000_0,57.859717,10.380967,Under way using engine,0.0,10.3,269.0,266.0,9274800,TRAV2,YANGTZE,Tanker,No additional information,44.0,249.0,Undefined,14.9,SUEZ,20/01/2025 18:00:00,AIS,POINT (10.380967 57.859717),626294000_0,0 days 00:01:00,-3.296492029633153e-06,268.6526482902507,0.0,0,5.69660141075238,57.859717,10.380967
2025-01-07 05:01:00,2025-01-07 05:01:00,Class A,626294000_0,57.85965,10.375683,Under way using engine,0.0,10.3,268.0,266.0,9274800,TRAV2,YANGTZE,Tanker,No additional information,44.0,249.0,Undefined,14.9,SUEZ,20/01/2025 18:00:00,AIS,POINT (10.375683 57.85965),626294000_0,0 days 00:01:00,2.9762858875607517e-07,268.6368831889458,0.0,0,5.701491439980332,57.85965,10.375683
2025-01-07 05:02:00,2025-01-07 05:02:00,Class A,626294000_0,57.859517,10.370233,Under way using engine,0.0,10.3,267.0,265.0,9274800,TRAV2,YANGTZE,Tanker,No additional information,44.0,249.0,Undefined,14.9,SUEZ,20/01/2025 18:00:00,AIS,POINT (10.370233 57.859517),626294000_0,0 days 00:01:00,2.8070828315668923e-06,267.37588206784335,0.0,0,5.706512391929941,57.859517,10.370233
2025-01-07 05:03:00,2025-01-07 05:03:00,Class A,626294000_0,57.8594,10.364983,Under way using engine,0.0,10.2,267.0,265.0,9274800,TRAV2,YANGTZE,Tanker,No additional information,44.0,249.0,Undefined,14.9,SUEZ,20/01/2025 18:00:00,AIS,POINT (10.364983 57.8594),626294000_0,0 days 00:01:00,-3.3162162154200578e-06,267.6034700697882,0.0,0,5.711353910384909,57.8594,10.364983
2025-01-07 05:04:00,2025-01-07 05:04:00,Class A,626294000_0,57.859267,10.3596,Under way using engine,0.0,10.1,267.0,265.0,9274800,TRAV2,YANGTZE,Tanker,No additional information,44.0,249.0,Undefined,14.9,SUEZ,20/01/2025 18:00:00,AIS,POINT (10.3596 57.859267),626294000_0,0 days 00:01:00,2.2131683601173385e-06,267.34322872530385,0.0,0,5.716314059026936,57.859267,10.3596
2025-01-07 05:05:00,2025-01-07 05:05:00,Class A,626294000_0,57.859133,10.35425,Under way using engine,0.0,10.1,267.0,265.0,9274800,TRAV2,YANGTZE,Tanker,No additional information,44.0,249.0,Undefined,14.9,SUEZ,20/01/2025 18:00:00,AIS,POINT (10.35425 57.859133),626294000_0,0 days 00:01:00,-5.418150147420917e-07,267.30676042872255,0.0,0,5.721243896386955,57.859133,10.35425
2025-01-07 05:06:00,2025-01-07 05:06:00,Class A,626294000_0,57.859017,10.349083,Under way using engine,0.0,10.1,267.0,265.0,9274800,TRAV2,YANGTZE,Tanker,No additional information,44.0,249.0,Undefined,14.9,SUEZ,20/01/2025 18:00:00,AIS,POINT (10.349083 57.859017),626294000_0,0 days 00:01:00,-3.0392202517198212e-06,267.58578071929037,0.0,0,5.7260107279195696,57.859017,10.349083
2025-01-07 05:07:01,2025-01-07 05:07:01,Class A,626294000_0,57.8589,10.343767,Under way using engine,0.0,10.0,267.0,265.0,9274800,TRAV2,YANGTZE,Tanker,No additional information,44.0,249.0,Undefined,14.9,SUEZ,20/01/2025 18:00:00,AIS,POINT (10.343767 57.8589),626294000_0,0 days 00:01:01,1.0014818800967646e-06,267.63327807623295,0.0,0,5.73091660249955,57.8589,10.343767
2025-01-07 05:08:01,2025-01-07 05:08:01,Class A,626294000_0,57.858767,10.338617,Under way using engine,0.0,10.0,267.0,265.0,9274800,TRAV2,YANGTZE,Tanker,No additional information,44.0,249.0,Undefined,14.9,SUEZ,20/01/2025 18:00:00,AIS,POINT (10.338617 57.858767),626294000_0,0 days 00:01:00,-1.2738618141593887e-06,267.2230504815793,0.0,0,5.735662813414506,57.858767,10.338617
2025-01-07 05:09:01,2025-01-07 05:09:01,Class A,626294000_0,57.85865,10.3333,Under way using engine,0.0,10.1,268.0,265.0,9274800,TRAV2,YANGTZE,Tanker,No additional information,44.0,249.0,Undefined,14.9,SUEZ,20/01/2025 18:00:00,AIS,POINT (10.3333 57.85865),626294000_0,0 days 00:01:00,2.7292616814246033e-06,267.6337399625968,0.0,0,5.740571067598413,57.85865,10.3333
2025-01-07 05:10:01,2025-01-07 05:10:01,Class A,626294000_0,57.858533,10.327967,Under way using engine,0.0,10.0,268.0,265.0,9274800,TRAV2,YANGTZE,Tanker,No additional information,44.0,249.0,Undefined,14.9,SUEZ,20/01/2025 18:00:00,AIS,POINT (10.327967 57.858533),626294000_0,0 days 00:01:00,2.6390827959542916e-07,267.64085232101866,0.0,0,5.745494953109089,57.858533,10.327967
2025-01-07 05:11:01,2025-01-07 05:11:01,Class A,626294000_0,57.858417,10.322817,Under way using engine,0.0,10.1,267.0,265.0,9274800,TRAV2,YANGTZE,Tanker,No additional information,44.0,249.0,Undefined,14.9,SUEZ,20/01/2025 18:00:00,AIS,POINT (10.322817 57.858417),626294000_0,0 days 00:01:00,-3.0161554685760623e-06,267.5778468792656,0.0,0,5.750249475265052,57.858417,10.322817
2025-01-07 05:12:01,2025-01-07 05:12:01,Class A,626294000_0,57.858283,10.31765,Under way using engine,0.0,10.1,267.0,265.0,9274800,TRAV2,YANGTZE,Tanker,No additional information,44.0,249.0,Undefined,14.9,SUEZ,20/01/2025 18:00:00,AIS,POINT (10.31765 57.858283),626294000_0,0 days 00:01:00,3.0563343740176027e-07,267.211430202443,0.0,0,5.755013974556881,57.858283,10.31765
2025-01-07 05:13:01,2025-01-07 05:13:01,Class A,626294000_0,57.858183,10.312317,Under way using engine,0.0,10.1,267.0,265.0,9274800,TRAV2,YANGTZE,Tanker,No additional information,44.0,249.0,Undefined,14.9,SUEZ,20/01/2025 18:00:00,AIS,POINT (10.312317 57.858183),626294000_0,0 days 00:01:00,2.6913357947466163e-06,267.9836746573371,0.0,0,5.75994618480086,57.858183,10.312317
2025-01-07 05:14:01,2025-01-07 05:14:01,Class A,626294000_0,57.858067,10.30715,Under way using engine,0.0,10.0,268.0,265.0,9274800,TRAV2,YANGTZE,Tanker,No additional information,44.0,249.0,Undefined,14.9,SUEZ,20/01/2025 18:00:00,AIS,POINT (10.30715 57.858067),626294000_0,0 days 00:01:00,-2.7160529006154164e-06,267.5858443876197,0.0,0,5.764718617775632,57.858067,10.30715
2025-01-07 05:15:01,2025-01-07 05:15:01,Class A,626294000_0,57.857967,10.301833,Under way using engine,0.0,10.0,268.0,265.0,9274800,TRAV2,YANGTZE,Tanker,No additional information,44.0,249.0,Undefined,14.9,SUEZ,20/01/2025 18:00:00,AIS,POINT (10.301833 57.857967),626294000_0,0 days 00:01:00,2.4528906547619748e-06,267.97761071186835,0.0,0,5.76963732943848,57.857967,10.301833
2025-01-07 05:16:01,2025-01-07 05:16:01,Class A,626294000_0,57.85785,10.29665,Under way using engine,0.0,10.1,267.0,265.0,9274800,TRAV2,YANGTZE,Tanker,No additional information,44.0,249.0,Undefined,14.9,SUEZ,20/01/2025 18:00:00,AIS,POINT (10.29665 57.85785),626294000_0,0 days 00:01:00,-2.1874562454684675e-06,267.57257470085324,0.0,0,5.774425689819551,57.85785,10.29665
2025-01-07 05:17:01,2025-01-07 05:17:01,Class A,626294000_0,57.857733,10.2913,Under way using engine,0.0,10.1,267.0,265.0,9274800,TRAV2,YANGTZE,Tanker,No additional information,44.0,249.0,Undefined,14.9,SUEZ,20/01/2025 18:00:00,AIS,POINT (10.2913 57.857733),626294000_0,0 days 00:01:00,2.751861970805176e-06,267.64840682602176,0.0,0,5.779370415438433,57.857733,10.2913
2025-01-07 05:18:01,2025-01-07 05:18:01,Class A,626294000_0,57.857617,10.28615,Under way using engine,0.0,10.0,267.0,265.0,9274800,TRAV2,YANGTZE,Tanker,No additional information,44.0,249.0,Undefined,14.9,SUEZ,20/01/2025 18:00:00,AIS,POINT (10.28615 57.857617),626294000_0,0 days 00:01:00,-3.296330731911706e-06,267.5779006691122,0.0,0,5.784129755298458,57.857617,10.28615
2025-01-07 05:19:01,2025-01-07 05:19:01,Class A,626294000_0,57.857517,10.280833,Under way using engine,0.0,10.0,268.0,265.0,9274800,TRAV2,YANGTZE,Tanker,No additional information,44.0,249.0,Undefined,14.9,SUEZ,20/01/2025 18:00:00,AIS,POINT (10.280833 57.857517),626294000_0,0 days 00:01:00,2.733018243025583e-06,267.97763598742074,0.0,0,5.789051269530268,57.857517,10.280833
2025-01-07 05:24:01,2025-01-07 05:24:01,Class A,626294000_0,57.8569,10.2548,Under way using engine,0.0,9.9,267.0,265.0,9274800,TRAV2,YANGTZE,Tanker,No additional information,44.0,249.0,Undefined,14.9,SUEZ,20/01/2025 18:00:00,AIS,POINT (10.2548 57.8569),626294000_0,0 days 00:05:00,-3.57896335548919e-07,267.4603206507635,0.0,0,5.813112167561195,57.8569,10.2548
2025-01-07 05:25:01,2025-01-07 05:25:01,Class A,626294000_0,57.85675,10.249517,Under way using engine,0.0,9.9,266.0,265.0,9274800,TRAV2,YANGTZE,Tanker,No additional information,44.0,249.0,Undefined,14.9,SUEZ,20/01/2025 18:00:00,AIS,POINT (10.249517 57.85675),626294000_0,0 days 00:01:00,1.29952245342928e-06,266.9474572457615,0.0,0,5.8179881333589,57.85675,10.249517
2025-01-07 05:26:01,2025-01-07 05:26:01,Class A,626294000_0,57.856617,10.244417,Under way using engine,0.0,9.9,267.0,265.0,9274800,TRAV2,YANGTZE,Tanker,No additional information,44.0,249.0,Undefined,14.9,SUEZ,20/01/2025 18:00:00,AIS,POINT (10.244417 57.856617),626294000_0,0 days 00:01:00,-3.0404922101573417e-06,267.1959935608646,0.0,0,5.8227001133997955,57.856617,10.244417
2025-01-07 05:27:01,2025-01-07 05:27:01,Class A,626294000_0,57.856483,10.239167,Under way using engine,0.0,9.9,267.0,265.0,9274800,TRAV2,YANGTZE,Tanker,No additional information,44.0,249.0,Undefined,14.9,SUEZ,20/01/2025 18:00:00,AIS,POINT (10.239167 57.856483),626294000_0,0 days 00:01:00,2.472629130583371e-06,267.25565485347437,0.0,0,5.827552411021456,57.856483,10.239167
2025-01-07 05:28:01,2025-01-07 05:28:01,Class A,626294000_0,57.856333,10.234083,Under way using engine,0.0,9.9,266.0,265.0,9274800,TRAV2,YANGTZE,Tanker,No additional information,44.0,249.0,Undefined,14.9,SUEZ,20/01/2025 18:00:00,AIS,POINT (10.234083 57.856333),626294000_0,0 days 00:01:00,-2.7081121080730924e-06,266.8280781613813,0.0,0,5.8322446912030355,57.856333,10.234083
2025-01-07 05:29:01,2025-01-07 05:29:01,Class A,626294000_0,57.856217,10.22885,Under way using engine,0.0,9.9,267.0,265.0,9274800,TRAV2,YANGTZE,Tanker,No additional information,44.0,249.0,Undefined,14.9,SUEZ,20/01/2025 18:00:00,AIS,POINT (10.22885 57.856217),626294000_0,0 days 00:01:00,2.4038078820428003e-06,267.61643486959986,0.0,0,5.837088927104761,57.856217,10.22885
2025-01-07 05:30:00,2025-01-07 05:30:00,Class A,626294000_0,57.856083,10.2238,Under way using engine,0.0,9.9,267.0,265.0,9274800,TRAV2,YANGTZE,Tanker,No additional information,44.0,249.0,Undefined,14.9,SUEZ,20/01/2025 18:00:00,AIS,POINT (10.2238 57.856083),626294000_0,0 days 00:00:59,-1.6025267102976703e-06,267.1470034461164,0.0,0,5.841756506141366,57.856083,10.2238
2025-01-07 05:31:00,2025-01-07 05:31:00,Class A,626294000_0,57.855917,10.218583,Under way using engine,0.0,9.9,266.0,265.0,9274800,TRAV2,YANGTZE,Tanker,No additional information,44.0,249.0,Undefined,14.9,SUEZ,20/01/2025 18:00:00,AIS,POINT (10.218583 57.855917),626294000_0,0 days 00:01:00,1.3911617625630024e-06,266.5797255398709,0.0,0,5.8465692564315,57.855917,10.218583
2025-01-07 05:32:00,2025-01-07 05:32:00,Class A,626294000_0,57.855783,10.213517,Under way using engine,0.0,9.8,267.0,265.0,9274800,TRAV2,YANGTZE,Tanker,No additional information,44.0,249.0,Undefined,14.9,SUEZ,20/01/2025 18:00:00,AIS,POINT (10.213517 57.855783),626294000_0,0 days 00:01:00,-2.5402453799293605e-06,267.1560364404596,0.0,0,5.851253086015166,57.855783,10.213517
2025-01-07 05:33:00,2025-01-07 05:33:00,Class A,626294000_0,57.85565,10.2083,Under way using engine,0.0,9.9,267.0,265.0,9274800,TRAV2,YANGTZE,Tanker,No additional information,44.0,249.0,Undefined,14.9,SUEZ,20/01/2025 18:00:00,AIS,POINT (10.2083 57.85565),626294000_0,0 days 00:01:00,2.486117541433411e-06,267.2589523846136,0.0,0,5.85607897437765,57.85565,10.2083
2025-01-07 05:34:00,2025-01-07 05:34:00,Class A,626294000_0,57.8555,10.203283,Under way using engine,0.0,9.8,266.0,265.0,9274800,TRAV2,YANGTZE,Tanker,No additional information,44.0,249.0,Undefined,14.9,SUEZ,20/01/2025 18:00:00,AIS,POINT (10.203283 57.8555),626294000_0,0 days 00:01:00,-3.266335402845504e-06,266.7858239750549,0.0,0,5.8607126140315895,57.8555,10.203283
2025-01-07 05:35:00,2025-01-07 05:35:00,Class A,626294000_0,57.855367,10.198217,Under way using engine,0.0,9.8,267.0,265.0,9274800,TRAV2,YANGTZE,Tanker,No additional information,44.0,249.0,Undefined,14.9,SUEZ,20/01/2025 18:00:00,AIS,POINT (10.198217 57.855367),626294000_0,0 days 00:01:00,7.796538158644257e-07,267.1772741383868,0.0,0,5.865398729838067,57.855367,10.198217
2025-01-07 05:36:01,2025-01-07 05:36:01,Class A,626294000_0,57.8552,10.192983,Under way using engine,0.0,9.9,266.0,265.0,9274800,TRAV2,YANGTZE,Tanker,No additional information,44.0,249.0,Undefined,14.9,SUEZ,20/01/2025 18:00:00,AIS,POINT (10.192983 57.8552),626294000_0,0 days 00:01:01,1.383565390612865e-06,266.5703891724109,0.0,0,5.8702303847863595,57.8552,10.192983
2025-01-07 05:37:01,2025-01-07 05:37:01,Class A,626294000_0,57.855033,10.187717,Under way using engine,0.0,10.0,266.0,265.0,9274800,TRAV2,YANGTZE,Tanker,No additional information,44.0,249.0,Undefined,14.9,SUEZ,20/01/2025 18:00:00,AIS,POINT (10.187717 57.855033),626294000_0,0 days 00:01:00,1.9448097278615606e-06,266.5912233545103,0.0,0,5.875092643286742,57.855033,10.187717
2025-01-07 05:38:01,2025-01-07 05:38:01,Class A,626294000_0,57.854883,10.182617,Under way using engine,0.0,10.0,267.0,265.0,9274800,TRAV2,YANGTZE,Tanker,No additional information,44.0,249.0,Undefined,14.9,SUEZ,20/01/2025 18:00:00,AIS,POINT (10.182617 57.854883),626294000_0,0 days 00:01:00,-2.7629391310670143e-06,266.83814968596715,0.0,0,5.879806464893381,57.854883,10.182617
2025-01-07 05:39:01,2025-01-07 05:39:01,Class A,626294000_0,57.854733,10.177333,Under way using engine,0.0,10.0,267.0,265.0,9274800,TRAV2,YANGTZE,Tanker,No additional information,44.0,249.0,Undefined,14.9,SUEZ,20/01/2025 18:00:00,AIS,POINT (10.177333 57.854733),626294000_0,0 days 00:01:00,3.0304711561474333e-06,266.9482054204266,0.0,0,5.88469295765429,57.854733,10.177333
2025-01-07 05:40:01,2025-01-07 05:40:01,Class A,626294000_0,57.854583,10.172283,Under way using engine,0.0,9.9,266.0,265.0,9274800,TRAV2,YANGTZE,Tanker,No additional information,44.0,249.0,Undefined,14.9,SUEZ,20/01/2025 18:00:00,AIS,POINT (10.172283 57.854583),626294000_0,0 days 00:01:00,-3.8531229910063134e-06,266.806892848978,0.0,0,5.889361343648901,57.854583,10.172283
2025-01-07 05:41:01,2025-01-07 05:41:01,Class A,626294000_0,57.8544,10.167033,Under way using engine,0.0,9.9,266.0,265.0,9274800,TRAV2,YANGTZE,Tanker,No additional information,44.0,249.0,Undefined,14.9,SUEZ,20/01/2025 18:00:00,AIS,POINT (10.167033 57.8544),626294000_0,0 days 00:01:00,3.354573527605473e-06,266.2540078535357,0.0,0,5.894205701421439,57.8544,10.167033
2025-01-07 05:42:01,2025-01-07 05:42:01,Class A,626294000_0,57.85425,10.161817,Under way using engine,0.0,9.9,266.0,265.0,9274800,TRAV2,YANGTZE,Tanker,No additional information,44.0,249.0,Undefined,14.9,SUEZ,20/01/2025 18:00:00,AIS,POINT (10.161817 57.85425),626294000_0,0 days 00:01:00,-6.201645810696681e-07,266.9084800622713,0.0,0,5.899030639630973,57.85425,10.161817
2025-01-07 05:43:01,2025-01-07 05:43:01,Class A,626294000_0,57.8541,10.156733,Under way using engine,0.0,9.9,266.0,265.0,9274800,TRAV2,YANGTZE,Tanker,No additional information,44.0,249.0,Undefined,14.9,SUEZ,20/01/2025 18:00:00,AIS,POINT (10.156733 57.8541),626294000_0,0 days 00:01:00,-2.1734125569892985e-06,266.82827455949814,0.0,0,5.903732775699542,57.8541,10.156733
2025-01-07 05:44:00,2025-01-07 05:44:00,Class A,626294000_0,57.85395,10.1517,Under way using engine,0.0,9.8,266.0,264.0,9274800,TRAV2,YANGTZE,Tanker,No additional information,44.0,249.0,Undefined,14.9,SUEZ,20/01/2025 18:00:00,AIS,POINT (10.1517 57.85395),626294000_0,0 days 00:00:59,5.792775152574711e-07,266.79617175729425,0.0,0,5.908387837519469,57.85395,10.1517
2025-01-07 05:45:00,2025-01-07 05:45:00,Class A,626294000_0,57.853783,10.146683,Under way using engine,0.0,9.8,266.0,265.0,9274800,TRAV2,YANGTZE,Tanker,No additional information,44.0,249.0,Undefined,14.9,SUEZ,20/01/2025 18:00:00,AIS,POINT (10.146683 57.853783),626294000_0,0 days 00:01:00,-1.6410904502222809e-06,266.4223792432941,0.0,0,5.913022551154866,57.853783,10.146683
2025-01-07 05:46:00,2025-01-07 05:46:00,Class A,626294000_0,57.853633,10.1415,Under way using engine,0.0,9.8,266.0,265.0,9274800,TRAV2,YANGTZE,Tanker,No additional information,44.0,249.0,Undefined,14.9,SUEZ,20/01/2025 18:00:00,AIS,POINT (10.1415 57.853633),626294000_0,0 days 00:01:00,2.7028843562583476e-06,266.8888602813639,0.0,0,5.917819220578219,57.853633,10.1415
2025-01-07 05:47:00,2025-01-07 05:47:00,Class A,626294000_0,57.853467,10.136333,Under way using engine,0.0,9.7,266.0,264.0,9274800,TRAV2,YANGTZE,Tanker,No additional information,44.0,249.0,Undefined,14.9,SUEZ,20/01/2025 18:00:00,AIS,POINT (10.136333 57.853467),626294000_0,0 days 00:01:00,-2.3477529336607868e-07,266.5469000724958,0.0,0,5.922595932802609,57.853467,10.136333
2025-01-07 05:48:00,2025-01-07 05:48:00,Class A,626294000_0,57.853283,10.131383,Under way using engine,0.0,9.6,265.0,264.0,9274800,TRAV2,YANGTZE,Tanker,No additional information,44.0,249.0,Undefined,14.9,SUEZ,20/01/2025 18:00:00,AIS,POINT (10.131383 57.853283),626294000_0,0 days 00:01:00,-3.534929603174793e-06,266.00589787007306,0.0,0,5.9271638621237726,57.853283,10.131383
2025-01-07 05:49:00,2025-01-07 05:49:00,Class A,626294000_0,57.853133,10.126467,Under way using engine,0.0,9.6,266.0,265.0,9274800,TRAV2,YANGTZE,Tanker,No additional information,44.0,249.0,Undefined,14.9,SUEZ,20/01/2025 18:00:00,AIS,POINT (10.126467 57.853133),626294000_0,0 days 00:01:00,-6.259069285382187e-07,266.72006008878446,0.0,0,5.931712544653694,57.853133,10.126467
2025-01-07 05:50:00,2025-01-07 05:50:00,Class A,626294000_0,57.852967,10.121383,Under way using engine,0.0,9.6,266.0,265.0,9274800,TRAV2,YANGTZE,Tanker,No additional information,44.0,249.0,Undefined,14.9,SUEZ,20/01/2025 18:00:00,AIS,POINT (10.121383 57.852967),626294000_0,0 days 00:01:00,2.7956131830176827e-06,266.4906435072466,0.0,0,5.936413472312218,57.852967,10.121383
2025-01-07 05:51:00,2025-01-07 05:51:00,Class A,626294000_0,57.852817,10.1165,Under way using engine,0.0,9.5,266.0,265.0,9274800,TRAV2,YANGTZE,Tanker,No additional information,44.0,249.0,Undefined,14.9,SUEZ,20/01/2025 18:00:00,AIS,POINT (10.1165 57.852817),626294000_0,0 days 00:01:00,-3.3382813056666324e-06,266.6979436638242,0.0,0,5.940932457706366,57.852817,10.1165
2025-01-07 05:57:01,2025-01-07 05:57:01,Class A,626294000_0,57.851867,10.08655,Under way using engine,0.0,9.6,266.0,265.0,9274800,TRAV2,YANGTZE,Tanker,No additional information,44.0,249.0,Undefined,14.9,SUEZ,20/01/2025 18:00:00,AIS,POINT (10.08655 57.851867),626294000_0,0 days 00:06:01,2.6211321863848685e-07,266.60122096202895,0.0,0,5.968651919632186,57.851867,10.08655
2025-01-07 05:58:01,2025-01-07 05:58:01,Class A,626294000_0,57.851733,10.081667,Under way using engine,0.0,9.6,267.0,265.0,9274800,TRAV2,YANGTZE,Tanker,No additional information,44.0,249.0,Undefined,14.9,SUEZ,20/01/2025 18:00:00,AIS,POINT (10.081667 57.851733),626294000_0,0 days 00:01:00,-1.6015747876864903e-06,267.0498122265234,0.0,0,5.973180604267881,57.851733,10.081667
2025-01-07 05:59:01,2025-01-07 05:59:01,Class A,626294000_0,57.8516,10.076633,Under way using engine,0.0,9.4,267.0,265.0,9274800,TRAV2,YANGTZE,Tanker,No additional information,44.0,249.0,Undefined,14.9,SUEZ,20/01/2025 18:00:00,AIS,POINT (10.076633 57.8516),626294000_0,0 days 00:01:00,2.486109660267234e-06,267.1596297137541,0.0,0,5.97785171360657,57.8516,10.076633
2025-01-07 06:00:01,2025-01-07 06:00:01,Class A,626294000_0,57.851483,10.0718,Under way using engine,0.0,9.4,267.0,265.0,9274800,TRAV2,YANGTZE,Tanker,No additional information,44.0,249.0,Undefined,14.9,SUEZ,20/01/2025 18:00:00,AIS,POINT (10.0718 57.851483),626294000_0,0 days 00:01:00,-3.3347043501171683e-06,267.3971705904292,0.0,0,5.982340595105314,57.851483,10.0718
2025-01-07 06:01:00,2025-01-07 06:01:00,Class A,626294000_0,57.851317,10.066833,Under way using engine,0.0,9.4,267.0,265.0,9274800,TRAV2,YANGTZE,Tanker,No additional information,44.0,249.0,Undefined,14.9,SUEZ,20/01/2025 18:00:00,AIS,POINT (10.066833 57.851317),626294000_0,0 days 00:00:59,3.742810463526351e-06,266.4082572837027,0.0,0,5.986938561506205,57.851317,10.066833
2025-01-07 06:02:00,2025-01-07 06:02:00,Class A,626294000_0,57.8512,10.062033,Under way using engine,0.0,9.3,267.0,265.0,9274800,TRAV2,YANGTZE,Tanker,No additional information,44.0,249.0,Undefined,14.9,SUEZ,20/01/2025 18:00:00,AIS,POINT (10.062033 57.8512),626294000_0,0 days 00:01:00,-4.223538621495569e-06,267.3792936006312,0.0,0,5.991397608026778,57.8512,10.062033
2025-01-07 06:03:00,2025-01-07 06:03:00,Class A,626294000_0,57.851083,10.0571,Under way using engine,0.0,9.3,267.0,265.0,9274800,TRAV2,YANGTZE,Tanker,No additional information,44.0,249.0,Undefined,14.9,SUEZ,20/01/2025 18:00:00,AIS,POINT (10.0571 57.851083),626294000_0,0 days 00:01:00,2.1917182522197647e-06,267.449975783014,0.0,0,5.9959818854166835,57.851083,10.0571
2025-01-07 06:04:00,2025-01-07 06:04:00,Class A,626294000_0,57.850967,10.0523,Under way using engine,0.0,9.3,266.0,265.0,9274800,TRAV2,YANGTZE,Tanker,No additional information,44.0,249.0,Undefined,14.9,SUEZ,20/01/2025 18:00:00,AIS,POINT (10.0523 57.850967),626294000_0,0 days 00:01:00,-2.192613355859989e-06,267.4016960994819,0.0,0,6.000442349462994,57.850967,10.0523
2025-01-07 06:05:00,2025-01-07 06:05:00,Class A,626294000_0,57.850833,10.04755,Under way using engine,0.0,9.2,267.0,265.0,9274800,TRAV2,YANGTZE,Tanker,No additional information,44.0,249.0,Undefined,14.9,SUEZ,20/01/2025 18:00:00,AIS,POINT (10.04755 57.850833),626294000_0,0 days 00:01:00,-7.961181215216638e-07,266.967320892208,0.0,0,6.004850200175272,57.850833,10.04755
2025-01-07 06:11:01,2025-01-07 06:11:01,Class A,626294000_0,57.850267,10.018867,Under way using engine,0.0,9.0,268.0,265.0,9274800,TRAV2,YANGTZE,Tanker,No additional information,44.0,249.0,Undefined,14.9,SUEZ,20/01/2025 18:00:00,AIS,POINT (10.018867 57.850267),626294000_0,0 days 00:06:01,3.816842149195433e-08,267.8884178600134,0.0,0,6.031562234296021,57.850267,10.018867
2025-01-07 06:12:01,2025-01-07 06:12:01,Class A,626294000_0,57.850233,10.0143,Under way using engine,0.0,8.8,268.0,265.0,9274800,TRAV2,YANGTZE,Tanker,No additional information,44.0,249.0,Undefined,14.9,SUEZ,20/01/2025 18:00:00,AIS,POINT (10.0143 57.850233),626294000_0,0 days 00:01:00,-3.348954682417821e-06,269.2004006409902,0.0,0,6.03583646032967,57.850233,10.0143
2025-01-07 06:13:01,2025-01-07 06:13:01,Class A,626294000_0,57.850183,10.00965,Under way using engine,0.0,8.8,268.0,265.0,9274800,TRAV2,YANGTZE,Tanker,No additional information,44.0,249.0,Undefined,14.9,SUEZ,20/01/2025 18:00:00,AIS,POINT (10.00965 57.850183),626294000_0,0 days 00:01:00,1.3773708221868213e-06,268.84436687409175,0.0,0,6.040183499294123,57.850183,10.00965
2025-01-07 06:14:01,2025-01-07 06:14:01,Class A,626294000_0,57.850133,10.005,Under way using engine,0.0,8.8,268.0,264.0,9274800,TRAV2,YANGTZE,Tanker,No additional information,44.0,249.0,Undefined,14.9,SUEZ,20/01/2025 18:00:00,AIS,POINT (10.005 57.850133),626294000_0,0 days 00:01:00,1.062686295876201e-10,268.8443684801222,0.0,0,6.044530989617391,57.850133,10.005
2025-01-07 06:15:01,2025-01-07 06:15:01,Class A,626294000_0,57.850083,10.000517,Under way using engine,0.0,8.7,269.0,265.0,9274800,TRAV2,YANGTZE,Tanker,No additional information,44.0,249.0,Undefined,14.9,SUEZ,20/01/2025 18:00:00,AIS,POINT (10.000517 57.850083),626294000_0,0 days 00:01:00,-2.753873814149554e-06,268.80118911650743,0.0,0,6.048722152091464,57.850083,10.000517
2025-01-07 06:18:00,2025-01-07 06:18:00,Class A,626294000_0,57.850033,9.987183,Under way using engine,0.0,8.5,269.0,264.0,9274800,TRAV2,YANGTZE,Tanker,No additional information,44.0,249.0,Undefined,14.9,SUEZ,20/01/2025 18:00:00,AIS,POINT (9.987183 57.850033),626294000_0,0 days 00:02:59,-7.94322434044554e-08,269.60190472269016,0.0,0,6.061224532259633,57.850033,9.987183
2025-01-07 06:19:00,2025-01-07 06:19:00,Class A,626294000_0,57.85,9.9827,Under way using engine,0.0,8.5,269.0,265.0,9274800,TRAV2,YANGTZE,Tanker,No additional information,44.0,249.0,Undefined,14.9,SUEZ,20/01/2025 18:00:00,AIS,POINT (9.9827 57.85),626294000_0,0 days 00:01:00,2.280298659497355e-07,269.20936659653694,0.0,0,6.065423169066443,57.85,9.9827
2025-01-07 06:20:00,2025-01-07 06:20:00,Class A,626294000_0,57.85,9.978433,Under way using engine,0.0,8.3,270.0,264.0,9274800,TRAV2,YANGTZE,Tanker,No additional information,44.0,249.0,Undefined,14.9,SUEZ,20/01/2025 18:00:00,AIS,POINT (9.978433 57.85),626294000_0,0 days 00:01:00,-3.5698099224185388e-06,270.0018063446034,0.0,0,6.069430668050257,57.85,9.978433
2025-01-07 06:21:00,2025-01-07 06:21:00,Class A,626294000_0,57.850017,9.974067,Under way using engine,0.0,8.2,270.0,264.0,9274800,TRAV2,YANGTZE,Tanker,No additional information,44.0,249.0,Undefined,14.9,SUEZ,20/01/2025 18:00:00,AIS,POINT (9.974067 57.850017),626294000_0,0 days 00:01:00,1.634851747997519e-06,270.42108197050754,0.0,0,6.073537344397086,57.850017,9.974067
2025-01-07 06:22:00,2025-01-07 06:22:00,Class A,626294000_0,57.850017,9.969867,Under way using engine,0.0,8.1,270.0,264.0,9274800,TRAV2,YANGTZE,Tanker,No additional information,44.0,249.0,Undefined,14.9,SUEZ,20/01/2025 18:00:00,AIS,POINT (9.969867 57.850017),626294000_0,0 days 00:01:00,-2.7400109662981583e-06,270.0017779818159,0.0,0,6.077482614881427,57.850017,9.969867
2025-01-07 06:23:00,2025-01-07 06:23:00,Class A,626294000_0,57.85,9.965617,Under way using engine,0.0,8.0,269.0,264.0,9274800,TRAV2,YANGTZE,Tanker,No additional information,44.0,249.0,Undefined,14.9,SUEZ,20/01/2025 18:00:00,AIS,POINT (9.965617 57.85),626294000_0,0 days 00:01:00,8.267103572362951e-07,269.5711232428037,0.0,0,6.0814693755872025,57.85,9.965617
2025-01-07 06:24:00,2025-01-07 06:24:00,Class A,626294000_0,57.85,9.961467,Under way using engine,0.0,8.1,270.0,264.0,9274800,TRAV2,YANGTZE,Tanker,No additional information,44.0,249.0,Undefined,14.9,SUEZ,20/01/2025 18:00:00,AIS,POINT (9.961467 57.85),626294000_0,0 days 00:01:00,-1.6513990418942434e-06,270.0017568150073,0.0,0,6.085368357873252,57.85,9.961467
2025-01-07 06:25:00,2025-01-07 06:25:00,Class A,626294000_0,57.849967,9.9572,Under way using engine,0.0,8.0,269.0,264.0,9274800,TRAV2,YANGTZE,Tanker,No additional information,44.0,249.0,Undefined,14.9,SUEZ,20/01/2025 18:00:00,AIS,POINT (9.9572 57.849967),626294000_0,0 days 00:01:00,1.9372844137167277e-06,269.1691626747916,0.0,0,6.089366317510303,57.849967,9.9572
2025-01-07 06:26:00,2025-01-07 06:26:00,Class A,626294000_0,57.849983,9.953117,Under way using engine,0.0,7.9,271.0,264.0,9274800,TRAV2,YANGTZE,Tanker,No additional information,44.0,249.0,Undefined,14.9,SUEZ,20/01/2025 18:00:00,AIS,POINT (9.953117 57.849983),626294000_0,0 days 00:01:00,-3.0405452213713223e-06,270.4236494223342,0.0,0,6.09320848960562,57.849983,9.953117
2025-01-07 06:27:00,2025-01-07 06:27:00,Class A,626294000_0,57.849967,9.949083,Under way using engine,0.0,7.8,270.0,264.0,9274800,TRAV2,YANGTZE,Tanker,No additional information,44.0,249.0,Undefined,14.9,SUEZ,20/01/2025 18:00:00,AIS,POINT (9.949083 57.849967),626294000_0,0 days 00:01:00,-8.082053639579002e-07,269.574661956633,0.0,0,6.096993989110534,57.849967,9.949083
2025-01-07 06:28:00,2025-01-07 06:28:00,Class A,626294000_0,57.849917,9.9449,Under way using engine,0.0,7.9,268.0,263.0,9274800,TRAV2,YANGTZE,Tanker,No additional information,44.0,249.0,Undefined,14.9,SUEZ,20/01/2025 18:00:00,AIS,POINT (9.9449 57.849917),626294000_0,0 days 00:01:00,2.4732312046373804e-06,268.71498257071096,0.0,0,6.100908236617642,57.849917,9.9449
2025-01-07 06:29:00,2025-01-07 06:29:00,Class A,626294000_0,57.849883,9.940767,Under way using engine,0.0,7.7,269.0,263.0,9274800,TRAV2,YANGTZE,Tanker,No additional information,44.0,249.0,Undefined,14.9,SUEZ,20/01/2025 18:00:00,AIS,POINT (9.940767 57.849883),626294000_0,0 days 00:01:00,-8.338667112655866e-07,269.11607056406683,0.0,0,6.104781303765271,57.849883,9.940767
2025-01-07 06:30:00,2025-01-07 06:30:00,Class A,626294000_0,57.849817,9.936817,Under way using engine,0.0,7.7,267.0,262.0,9274800,TRAV2,YANGTZE,Tanker,No additional information,44.0,249.0,Undefined,14.9,SUEZ,20/01/2025 18:00:00,AIS,POINT (9.936817 57.849817),626294000_0,0 days 00:01:00,-2.994524869042196e-06,268.2032111401785,0.0,0,6.10847177072842,57.849817,9.936817
2025-01-07 06:31:00,2025-01-07 06:31:00,Class A,626294000_0,57.849717,9.932883,Under way using engine,0.0,7.7,267.0,262.0,9274800,TRAV2,YANGTZE,Tanker,No additional information,44.0,249.0,Undefined,14.9,SUEZ,20/01/2025 18:00:00,AIS,POINT (9.932883 57.849717),626294000_0,0 days 00:01:00,-2.2204171983559833e-07,267.2668280564579,0.0,0,6.112135931836757,57.849717,9.932883
2025-01-07 06:32:00,2025-01-07 06:32:00,Class A,626294000_0,57.84965,9.9289,Under way using engine,0.0,7.5,268.0,262.0,9274800,TRAV2,YANGTZE,Tanker,No additional information,44.0,249.0,Undefined,14.9,SUEZ,20/01/2025 18:00:00,AIS,POINT (9.9289 57.84965),626294000_0,0 days 00:01:00,7.673665273843824e-07,268.1911185032666,0.0,0,6.115857740378529,57.84965,9.9289
2025-01-07 06:33:00,2025-01-07 06:33:00,Class A,626294000_0,57.849583,9.925033,Under way using engine,0.0,7.5,268.0,262.0,9274800,TRAV2,YANGTZE,Tanker,No additional information,44.0,249.0,Undefined,14.9,SUEZ,20/01/2025 18:00:00,AIS,POINT (9.925033 57.849583),626294000_0,0 days 00:01:00,-1.9122717376591756e-06,268.136798308861,0.0,0,6.11947080686443,57.849583,9.925033
2025-01-07 06:34:00,2025-01-07 06:34:00,Class A,626294000_0,57.849483,9.92105,Under way using engine,0.0,7.5,267.0,263.0,9274800,TRAV2,YANGTZE,Tanker,No additional information,44.0,249.0,Undefined,14.9,SUEZ,20/01/2025 18:00:00,AIS,POINT (9.92105 57.849483),626294000_0,0 days 00:01:00,1.952657159191171e-06,267.30046092634376,0.0,0,6.123182038070157,57.849483,9.92105
2025-01-07 06:35:00,2025-01-07 06:35:00,Class A,626294000_0,57.84945,9.9171,Under way using engine,0.0,7.4,268.0,262.0,9274800,TRAV2,YANGTZE,Tanker,No additional information,44.0,249.0,Undefined,14.9,SUEZ,20/01/2025 18:00:00,AIS,POINT (9.9171 57.84945),626294000_0,0 days 00:01:00,-6.090072408721353e-07,269.102229661686,0.0,0,6.1268853570266835,57.84945,9.9171
2025-01-07 06:36:00,2025-01-07 06:36:00,Class A,626294000_0,57.849367,9.913267,Under way using engine,0.0,7.5,267.0,262.0,9274800,TRAV2,YANGTZE,Tanker,No additional information,44.0,249.0,Undefined,14.9,SUEZ,20/01/2025 18:00:00,AIS,POINT (9.913267 57.849367),626294000_0,0 days 00:01:00,-1.8856495641159734e-06,267.6714329742503,0.0,0,6.130461956034472,57.849367,9.913267
2025-01-07 06:37:00,2025-01-07 06:37:00,Class A,626294000_0,57.84925,9.909317,Under way using engine,0.0,7.5,268.0,263.0,9274800,TRAV2,YANGTZE,Tanker,No additional information,44.0,249.0,Undefined,14.9,SUEZ,20/01/2025 18:00:00,AIS,POINT (9.909317 57.84925),626294000_0,0 days 00:01:00,1.9784061285306087e-06,266.81577921733185,0.0,0,6.1341373690442405,57.84925,9.909317
2025-01-07 06:38:00,2025-01-07 06:38:00,Class A,626294000_0,57.849183,9.905483,Under way using engine,0.0,7.4,268.0,263.0,9274800,TRAV2,YANGTZE,Tanker,No additional information,44.0,249.0,Undefined,14.9,SUEZ,20/01/2025 18:00:00,AIS,POINT (9.905483 57.849183),626294000_0,0 days 00:01:00,-1.9797379640846537e-06,268.1207656506789,0.0,0,6.137720975514118,57.849183,9.905483
2025-01-07 06:39:00,2025-01-07 06:39:00,Class A,626294000_0,57.849133,9.901567,Under way using engine,0.0,7.3,268.0,262.0,9274800,TRAV2,YANGTZE,Tanker,No additional information,44.0,249.0,Undefined,14.9,SUEZ,20/01/2025 18:00:00,AIS,POINT (9.901567 57.849133),626294000_0,0 days 00:01:00,1.337235982774644e-06,268.6271964625271,0.0,0,6.141387790898895,57.849133,9.901567
2025-01-07 06:40:00,2025-01-07 06:40:00,Class A,626294000_0,57.849017,9.897867,Under way using engine,0.0,7.2,266.0,261.0,9274800,TRAV2,YANGTZE,Tanker,No additional information,44.0,249.0,Undefined,14.9,SUEZ,20/01/2025 18:00:00,AIS,POINT (9.897867 57.849017),626294000_0,0 days 00:01:00,-3.4758363195509733e-06,266.62991960171496,0.0,0,6.144829329459526,57.849017,9.897867
2025-01-07 06:41:00,2025-01-07 06:41:00,Class A,626294000_0,57.84885,9.8941,Under way using engine,0.0,6.9,263.0,263.0,9274800,TRAV2,YANGTZE,Tanker,No additional information,44.0,249.0,Undefined,14.9,SUEZ,20/01/2025 18:00:00,AIS,POINT (9.8941 57.84885),626294000_0,0 days 00:01:00,1.214403274619583e-06,265.2394238242702,0.0,0,6.148316935596927,57.84885,9.8941
2025-01-07 06:42:00,2025-01-07 06:42:00,Class A,626294000_0,57.848867,9.890567,Under way using engine,0.0,6.8,268.0,260.0,9274800,TRAV2,YANGTZE,Tanker,No additional information,44.0,249.0,Undefined,14.9,SUEZ,20/01/2025 18:00:00,AIS,POINT (9.890567 57.848867),626294000_0,0 days 00:01:00,-4.07174225395589e-06,270.5195535532705,0.0,0,6.151646975955787,57.848867,9.890567
2025-01-07 06:43:00,2025-01-07 06:43:00,Class A,626294000_0,57.84875,9.887067,Under way using engine,0.0,6.6,267.0,261.0,9274800,TRAV2,YANGTZE,Tanker,No additional information,44.0,249.0,Undefined,14.9,SUEZ,20/01/2025 18:00:00,AIS,POINT (9.887067 57.84875),626294000_0,0 days 00:01:00,-4.3326482916035355e-07,266.40703666163023,0.0,0,6.154900851460161,57.84875,9.887067
2025-01-07 06:44:00,2025-01-07 06:44:00,Class A,626294000_0,57.84865,9.883633,Under way using engine,0.0,6.7,266.0,261.0,9274800,TRAV2,YANGTZE,Tanker,No additional information,44.0,249.0,Undefined,14.9,SUEZ,20/01/2025 18:00:00,AIS,POINT (9.883633 57.84865),626294000_0,0 days 00:01:00,-1.117435891358542e-06,266.86925170931437,0.0,0,6.158098634982148,57.84865,9.883633
2025-01-07 06:45:00,2025-01-07 06:45:00,Class A,626294000_0,57.848567,9.880067,Under way using engine,0.0,6.7,266.0,261.0,9274800,TRAV2,YANGTZE,Tanker,No additional information,44.0,249.0,Undefined,14.9,SUEZ,20/01/2025 18:00:00,AIS,POINT (9.880067 57.848567),626294000_0,0 days 00:01:00,2.149089822210139e-06,267.4971197500321,0.0,0,6.161426653364138,57.848567,9.880067
2025-01-07 06:46:00,2025-01-07 06:46:00,Class A,626294000_0,57.848467,9.876617,Under way using engine,0.0,6.7,266.0,262.0,9274800,TRAV2,YANGTZE,Tanker,No additional information,44.0,249.0,Undefined,14.9,SUEZ,20/01/2025 18:00:00,AIS,POINT (9.876617 57.848467),626294000_0,0 days 00:01:00,-1.8852722451440443e-06,266.88377172163587,0.0,0,6.164640013835845,57.848467,9.876617
2025-01-07 06:47:00,2025-01-07 06:47:00,Class A,626294000_0,57.848433,9.87305,Under way using engine,0.0,6.7,269.0,261.0,9274800,TRAV2,YANGTZE,Tanker,No additional information,44.0,249.0,Undefined,14.9,SUEZ,20/01/2025 18:00:00,AIS,POINT (9.87305 57.848433),626294000_0,0 days 00:01:00,1.8554059730305245e-06,268.97536355846796,0.0,0,6.167986043089349,57.848433,9.87305
2025-01-07 06:48:00,2025-01-07 06:48:00,Class A,626294000_0,57.84835,9.869617,Under way using engine,0.0,6.6,267.0,261.0,9274800,TRAV2,YANGTZE,Tanker,No additional information,44.0,249.0,Undefined,14.9,SUEZ,20/01/2025 18:00:00,AIS,POINT (9.869617 57.84835),626294000_0,0 days 00:01:00,-2.161468677121515e-06,267.4001857565979,0.0,0,6.171189645060749,57.84835,9.869617
2025-01-07 06:49:01,2025-01-07 06:49:01,Class A,626294000_0,57.848233,9.86605,Under way using engine,0.0,6.7,266.0,261.0,9274800,TRAV2,YANGTZE,Tanker,No additional information,44.0,249.0,Undefined,14.9,SUEZ,20/01/2025 18:00:00,AIS,POINT (9.86605 57.848233),626294000_0,0 days 00:01:01,1.2759076181463027e-06,266.47445896271887,0.0,0,6.1745081837620885,57.848233,9.86605
2025-01-07 06:50:01,2025-01-07 06:50:01,Class A,626294000_0,57.848133,9.862417,Under way using engine,0.0,6.8,268.0,262.0,9274800,TRAV2,YANGTZE,Tanker,No additional information,44.0,249.0,Undefined,14.9,SUEZ,20/01/2025 18:00:00,AIS,POINT (9.862417 57.848133),626294000_0,0 days 00:01:00,2.023820999373114e-06,267.0406327052815,0.0,0,6.177894870099521,57.848133,9.862417
2025-01-07 06:51:01,2025-01-07 06:51:01,Class A,626294000_0,57.848067,9.858883,Under way using engine,0.0,6.9,265.0,261.0,9274800,TRAV2,YANGTZE,Tanker,No additional information,44.0,249.0,Undefined,14.9,SUEZ,20/01/2025 18:00:00,AIS,POINT (9.858883 57.848067),626294000_0,0 days 00:01:00,-1.6769513694379885e-06,267.991593726186,0.0,0,6.18120007120381,57.848067,9.858883
2025-01-07 06:52:01,2025-01-07 06:52:01,Class A,626294000_0,57.847967,9.855317,Under way using engine,0.0,7.0,268.0,262.0,9274800,TRAV2,YANGTZE,Tanker,No additional information,44.0,249.0,Undefined,14.9,SUEZ,20/01/2025 18:00:00,AIS,POINT (9.855317 57.847967),626294000_0,0 days 00:01:00,5.735367334509728e-07,266.98508886967454,0.0,0,6.184524214989056,57.847967,9.855317
2025-01-07 06:53:01,2025-01-07 06:53:01,Class A,626294000_0,57.847933,9.851583,Under way using engine,0.0,6.9,266.0,256.0,9274800,TRAV2,YANGTZE,Tanker,No additional information,44.0,249.0,Undefined,14.9,SUEZ,20/01/2025 18:00:00,AIS,POINT (9.851583 57.847933),626294000_0,0 days 00:01:00,2.6990100943222125e-06,269.0213322195696,0.0,0,6.1880290408389325,57.847933,9.851583
2025-01-07 06:54:01,2025-01-07 06:54:01,Class A,626294000_0,57.8477,9.848183,Under way using engine,0.0,6.7,261.0,253.0,9274800,TRAV2,YANGTZE,Tanker,No additional information,44.0,249.0,Undefined,14.9,SUEZ,20/01/2025 18:00:00,AIS,POINT (9.848183 57.8477),626294000_0,0 days 00:01:00,-5.056878837211756e-06,262.6636399943437,0.0,0,6.191152674136618,57.8477,9.848183
2025-01-07 06:55:01,2025-01-07 06:55:01,Class A,626294000_0,57.84725,9.844767,Under way using engine,0.0,6.6,257.0,256.0,9274800,TRAV2,YANGTZE,Tanker,No additional information,44.0,249.0,Undefined,14.9,SUEZ,20/01/2025 18:00:00,AIS,POINT (9.844767 57.84725),626294000_0,0 days 00:01:00,1.4974474591044478e-06,256.09809442448204,0.0,0,6.1942187747854875,57.84725,9.844767
2025-01-07 06:56:01,2025-01-07 06:56:01,Class A,626294000_0,57.846967,9.841283,Under way using engine,0.0,6.6,261.0,254.0,9274800,TRAV2,YANGTZE,Tanker,No additional information,44.0,249.0,Undefined,14.9,SUEZ,20/01/2025 18:00:00,AIS,POINT (9.841283 57.846967),626294000_0,0 days 00:01:00,9.102756903677592e-08,261.3232065456889,0.0,0,6.197405391552983,57.846967,9.841283
2025-01-07 06:57:01,2025-01-07 06:57:01,Class A,626294000_0,57.846617,9.838,Under way using engine,0.0,6.5,259.0,255.0,9274800,TRAV2,YANGTZE,Tanker,No additional information,44.0,249.0,Undefined,14.9,SUEZ,20/01/2025 18:00:00,AIS,POINT (9.838 57.846617),626294000_0,0 days 00:01:00,-2.9063525908871967e-06,258.67356989964475,0.0,0,6.200380512599934,57.846617,9.838
2025-01-07 06:58:01,2025-01-07 06:58:01,Class A,626294000_0,57.846383,9.834633,Under way using engine,0.0,6.4,261.0,251.0,9274800,TRAV2,YANGTZE,Tanker,No additional information,44.0,249.0,Undefined,14.9,SUEZ,20/01/2025 18:00:00,AIS,POINT (9.834633 57.846383),626294000_0,0 days 00:01:00,7.840122819289233e-07,262.5613298741463,0.0,0,6.203473995566195,57.846383,9.834633
2025-01-07 06:59:01,2025-01-07 06:59:01,Class A,626294000_0,57.845983,9.831517,Under way using engine,0.0,6.2,257.0,249.0,9274800,TRAV2,YANGTZE,Tanker,No additional information,44.0,249.0,Undefined,14.9,SUEZ,20/01/2025 18:00:00,AIS,POINT (9.831517 57.845983),626294000_0,0 days 00:01:00,-3.1412027483956566e-06,256.4401349071231,0.0,0,6.206275658476828,57.845983,9.831517
2025-01-07 07:00:01,2025-01-07 07:00:01,Class A,626294000_0,57.84545,9.828583,Under way using engine,0.0,5.9,252.0,250.0,9274800,TRAV2,YANGTZE,Tanker,No additional information,44.0,249.0,Undefined,14.9,SUEZ,20/01/2025 18:00:00,AIS,POINT (9.828583 57.84545),626294000_0,0 days 00:01:00,-1.73846776455189e-06,251.15424321552604,0.0,0,6.208861617395656,57.84545,9.828583
2025-01-07 07:01:01,2025-01-07 07:01:01,Class A,626294000_0,57.845017,9.825583,Under way using engine,0.0,5.7,254.0,252.0,9274800,TRAV2,YANGTZE,Tanker,No additional information,44.0,249.0,Undefined,14.9,SUEZ,20/01/2025 18:00:00,AIS,POINT (9.825583 57.845017),626294000_0,0 days 00:01:00,1.385248694907275e-07,254.82778066426994,0.0,0,6.211543590062779,57.845017,9.825583
2025-01-07 07:02:01,2025-01-07 07:02:01,Class A,626294000_0,57.84465,9.8227,Under way using engine,0.0,5.7,255.0,250.0,9274800,TRAV2,YANGTZE,Tanker,No additional information,44.0,249.0,Undefined,14.9,SUEZ,20/01/2025 18:00:00,AIS,POINT (9.8227 57.84465),626294000_0,0 days 00:01:00,-2.374040829509503e-06,256.5496120483396,0.0,0,6.21413769365855,57.84465,9.8227
2025-01-07 07:03:01,2025-01-07 07:03:01,Class A,626294000_0,57.844217,9.81975,Under way using engine,0.0,5.8,253.0,250.0,9274800,TRAV2,YANGTZE,Tanker,No additional information,44.0,249.0,Undefined,14.9,SUEZ,20/01/2025 18:00:00,AIS,POINT (9.81975 57.844217),626294000_0,0 days 00:01:00,1.5793619745992864e-06,254.58305086648576,0.0,0,6.216773160292162,57.844217,9.81975
2025-01-07 07:04:01,2025-01-07 07:04:01,Class A,626294000_0,57.843767,9.816817,Under way using engine,0.0,5.9,254.0,250.0,9274800,TRAV2,YANGTZE,Tanker,No additional information,44.0,249.0,Undefined,14.9,SUEZ,20/01/2025 18:00:00,AIS,POINT (9.816817 57.843767),626294000_0,0 days 00:01:00,-1.2688584993991175e-07,253.92039608859199,0.0,0,6.219387237564967,57.843767,9.816817
2025-01-07 07:06:01,2025-01-07 07:06:01,Class A,626294000_0,57.84305,9.810633,Under way using engine,0.0,6.0,261.0,254.0,9274800,TRAV2,YANGTZE,Tanker,No additional information,44.0,249.0,Undefined,14.9,SUEZ,20/01/2025 18:00:00,AIS,POINT (9.810633 57.84305),626294000_0,0 days 00:02:00,9.263541290132206e-07,257.71306226309156,0.0,0,6.224977174461686,57.84305,9.810633
2025-01-07 07:07:01,2025-01-07 07:07:01,Class A,626294000_0,57.842767,9.80755,Under way using engine,0.0,6.2,262.0,255.0,9274800,TRAV2,YANGTZE,Tanker,No additional information,44.0,249.0,Undefined,14.9,SUEZ,20/01/2025 18:00:00,AIS,POINT (9.80755 57.842767),626294000_0,0 days 00:01:00,-5.915551553579646e-07,260.2159945250037,0.0,0,6.227789281978718,57.842767,9.80755
2025-01-07 07:08:01,2025-01-07 07:08:01,Class A,626294000_0,57.842583,9.804417,Under way using engine,0.0,5.8,260.0,250.0,9274800,TRAV2,YANGTZE,Tanker,No additional information,44.0,249.0,Undefined,14.9,SUEZ,20/01/2025 18:00:00,AIS,POINT (9.804417 57.842583),626294000_0,0 days 00:01:00,3.896819836433311e-07,263.7046059890899,0.0,0,6.230681789852694,57.842583,9.804417
2025-01-07 07:09:00,2025-01-07 07:09:00,Class A,626294000_0,57.842217,9.801517,Under way using engine,0.0,5.8,258.0,250.0,9274800,TRAV2,YANGTZE,Tanker,No additional information,44.0,249.0,Undefined,14.9,SUEZ,20/01/2025 18:00:00,AIS,POINT (9.801517 57.842217),626294000_0,0 days 00:00:59,-2.035088037638148e-06,256.6616418387026,0.0,0,6.2332942242754745,57.842217,9.801517
2025-01-07 07:10:00,2025-01-07 07:10:00,Class A,626294000_0,57.841833,9.798817,Under way using engine,0.0,5.3,255.0,251.0,9274800,TRAV2,YANGTZE,Tanker,No additional information,44.0,249.0,Undefined,14.9,SUEZ,20/01/2025 18:00:00,AIS,POINT (9.798817 57.841833),626294000_0,0 days 00:01:00,-3.89711407692924e-06,255.04084277598213,0.0,0,6.235712346204081,57.841833,9.798817
2025-01-07 07:11:00,2025-01-07 07:11:00,Class A,626294000_0,57.841483,9.796,Under way using engine,0.0,5.5,256.0,250.0,9274800,TRAV2,YANGTZE,Tanker,No additional information,44.0,249.0,Undefined,14.9,SUEZ,20/01/2025 18:00:00,AIS,POINT (9.796 57.841483),626294000_0,0 days 00:01:00,1.6185023655874149e-06,256.8619185340493,0.0,0,6.238252370066876,57.841483,9.796
2025-01-07 07:12:00,2025-01-07 07:12:00,Class A,626294000_0,57.84115,9.7933,Under way using engine,0.0,5.4,254.0,249.0,9274800,TRAV2,YANGTZE,Tanker,No additional information,44.0,249.0,Undefined,14.9,SUEZ,20/01/2025 18:00:00,AIS,POINT (9.7933 57.84115),626294000_0,0 days 00:01:00,-1.998813177534766e-06,256.9551563916624,0.0,0,6.240687958242103,57.84115,9.7933
2025-01-07 07:13:00,2025-01-07 07:13:00,Class A,626294000_0,57.840733,9.79055,Under way using engine,0.0,5.4,256.0,250.0,9274800,TRAV2,YANGTZE,Tanker,No additional information,44.0,249.0,Undefined,14.9,SUEZ,20/01/2025 18:00:00,AIS,POINT (9.79055 57.840733),626294000_0,0 days 00:01:00,1.4480993968688916e-06,254.09968613256063,0.0,0,6.243143030104709,57.840733,9.79055
2025-01-07 07:14:00,2025-01-07 07:14:00,Class A,626294000_0,57.84035,9.787817,Under way using engine,0.0,5.5,256.0,250.0,9274800,TRAV2,YANGTZE,Tanker,No additional information,44.0,249.0,Undefined,14.9,SUEZ,20/01/2025 18:00:00,AIS,POINT (9.787817 57.84035),626294000_0,0 days 00:01:00,-5.47609038025268e-07,255.2509455214588,0.0,0,6.245593630625114,57.84035,9.787817
2025-01-07 07:15:00,2025-01-07 07:15:00,Class A,626294000_0,57.83995,9.784967,Under way using engine,0.0,5.5,254.0,250.0,9274800,TRAV2,YANGTZE,Tanker,No additional information,44.0,249.0,Undefined,14.9,SUEZ,20/01/2025 18:00:00,AIS,POINT (9.784967 57.83995),626294000_0,0 days 00:01:00,2.0011335149228005e-06,255.22982621139326,0.0,0,6.248149215784223,57.83995,9.784967
2025-01-07 07:16:00,2025-01-07 07:16:00,Class A,626294000_0,57.839583,9.782217,Under way using engine,0.0,5.5,256.0,250.0,9274800,TRAV2,YANGTZE,Tanker,No additional information,44.0,249.0,Undefined,14.9,SUEZ,20/01/2025 18:00:00,AIS,POINT (9.782217 57.839583),626294000_0,0 days 00:01:00,-1.8514902691454067e-06,255.92619328925315,0.0,0,6.250621687224559,57.839583,9.782217
2025-01-07 07:17:00,2025-01-07 07:17:00,Class A,626294000_0,57.839183,9.779367,Under way using engine,0.0,5.5,255.0,250.0,9274800,TRAV2,YANGTZE,Tanker,No additional information,44.0,249.0,Undefined,14.9,SUEZ,20/01/2025 18:00:00,AIS,POINT (9.779367 57.839183),626294000_0,0 days 00:01:00,1.8524562029176975e-06,255.2301269364723,0.0,0,6.253177818853546,57.839183,9.779367
2025-01-07 07:18:00,2025-01-07 07:18:00,Class A,626294000_0,57.838817,9.776567,Under way using engine,0.0,5.5,258.0,250.0,9274800,TRAV2,YANGTZE,Tanker,No additional information,44.0,249.0,Undefined,14.9,SUEZ,20/01/2025 18:00:00,AIS,POINT (9.776567 57.838817),626294000_0,0 days 00:01:00,-1.0581776676205224e-06,256.20434996682644,0.0,0,6.255698317277296,57.838817,9.776567
2025-01-07 07:19:00,2025-01-07 07:19:00,Class A,626294000_0,57.838417,9.7738,Under way using engine,0.0,5.5,253.0,250.0,9274800,TRAV2,YANGTZE,Tanker,No additional information,44.0,249.0,Undefined,14.9,SUEZ,20/01/2025 18:00:00,AIS,POINT (9.7738 57.838417),626294000_0,0 days 00:01:00,-2.639507634178715e-07,254.80752604412746,0.0,0,6.258176678732313,57.838417,9.7738
2025-01-07 07:20:00,2025-01-07 07:20:00,Class A,626294000_0,57.838033,9.7709,Under way using engine,0.0,5.6,256.0,250.0,9274800,TRAV2,YANGTZE,Tanker,No additional information,44.0,249.0,Undefined,14.9,SUEZ,20/01/2025 18:00:00,AIS,POINT (9.7709 57.838033),626294000_0,0 days 00:01:00,2.00024828911345e-06,256.0322810733427,0.0,0,6.26078610957482,57.838033,9.7709
2025-01-07 07:21:00,2025-01-07 07:21:00,Class A,626294000_0,57.837633,9.768117,Under way using engine,0.0,5.3,256.0,249.0,9274800,TRAV2,YANGTZE,Tanker,No additional information,44.0,249.0,Undefined,14.9,SUEZ,20/01/2025 18:00:00,AIS,POINT (9.768117 57.837633),626294000_0,0 days 00:01:00,-1.7444359103703944e-06,254.89119279969043,0.0,0,6.263280111219838,57.837633,9.768117
2025-01-07 07:22:00,2025-01-07 07:22:00,Class A,626294000_0,57.837217,9.76565,Under way using engine,0.0,5.1,254.0,251.0,9274800,TRAV2,YANGTZE,Tanker,No additional information,44.0,249.0,Undefined,14.9,SUEZ,20/01/2025 18:00:00,AIS,POINT (9.76565 57.837217),626294000_0,0 days 00:01:00,-4.865702465906449e-06,252.4242318818191,0.0,0,6.265470852228825,57.837217,9.76565
2025-01-07 07:23:01,2025-01-07 07:23:01,Class A,626294000_0,57.8369,9.763,Under way using engine,0.0,5.0,253.0,249.0,9274800,TRAV2,YANGTZE,Tanker,No additional information,44.0,249.0,Undefined,14.9,SUEZ,20/01/2025 18:00:00,AIS,POINT (9.763 57.8369),626294000_0,0 days 00:01:01,1.3628579379611458e-06,257.3362443563833,0.0,0,6.267867256527374,57.8369,9.763
2025-01-07 07:37:00,2025-01-07 07:37:00,Class A,626294000_0,57.832117,9.7274,Under way using engine,0.0,5.0,260.0,249.0,9274800,TRAV2,YANGTZE,Tanker,No additional information,44.0,249.0,Undefined,14.9,SUEZ,20/01/2025 18:00:00,AIS,POINT (9.7274 57.832117),626294000_0,0 days 00:13:59,-5.394530852303507e-08,255.8510331903184,0.0,0,6.299909719482414,57.832117,9.7274
2025-01-07 07:38:00,2025-01-07 07:38:00,Class A,626294000_0,57.83175,9.725117,Under way using engine,0.0,4.5,254.0,251.0,9274800,TRAV2,YANGTZE,Tanker,No additional information,44.0,249.0,Undefined,14.9,SUEZ,20/01/2025 18:00:00,AIS,POINT (9.725117 57.83175),626294000_0,0 days 00:01:00,-3.973967395867179e-06,253.199883615253,0.0,0,6.301946251175505,57.83175,9.725117
2025-01-07 07:39:00,2025-01-07 07:39:00,Class A,626294000_0,57.83145,9.722717,Under way using engine,0.0,4.7,256.0,251.0,9274800,TRAV2,YANGTZE,Tanker,No additional information,44.0,249.0,Undefined,14.9,SUEZ,20/01/2025 18:00:00,AIS,POINT (9.722717 57.83145),626294000_0,0 days 00:01:00,1.3304348088583572e-06,256.7883189980189,0.0,0,6.304115465210404,57.83145,9.722717
2025-01-07 07:40:00,2025-01-07 07:40:00,Class A,626294000_0,57.83115,9.7203,Under way using engine,0.0,4.9,255.0,250.0,9274800,TRAV2,YANGTZE,Tanker,No additional information,44.0,249.0,Undefined,14.9,SUEZ,20/01/2025 18:00:00,AIS,POINT (9.7203 57.83115),626294000_0,0 days 00:01:00,2.7352154381941424e-07,256.8781364202315,0.0,0,6.306300923691162,57.83115,9.7203
2025-01-07 07:41:00,2025-01-07 07:41:00,Class A,626294000_0,57.830833,9.717783,Under way using engine,0.0,4.9,256.0,250.0,9274800,TRAV2,YANGTZE,Tanker,No additional information,44.0,249.0,Undefined,14.9,SUEZ,20/01/2025 18:00:00,AIS,POINT (9.717783 57.830833),626294000_0,0 days 00:01:00,1.7271202615103425e-06,256.69238353985554,0.0,0,6.308575495788727,57.830833,9.717783
2025-01-07 07:42:00,2025-01-07 07:42:00,Class A,626294000_0,57.8305,9.7154,Under way using engine,0.0,4.8,257.0,251.0,9274800,TRAV2,YANGTZE,Tanker,No additional information,44.0,249.0,Undefined,14.9,SUEZ,20/01/2025 18:00:00,AIS,POINT (9.7154 57.8305),626294000_0,0 days 00:01:00,-2.026107719518117e-06,255.29484809759646,0.0,0,6.31071840511427,57.8305,9.7154
2025-01-07 07:43:01,2025-01-07 07:43:01,Class A,626294000_0,57.830183,9.712883,Under way using engine,0.0,4.8,256.0,250.0,9274800,TRAV2,YANGTZE,Tanker,No additional information,44.0,249.0,Undefined,14.9,SUEZ,20/01/2025 18:00:00,AIS,POINT (9.712883 57.830183),626294000_0,0 days 00:01:01,1.3053886164742756e-06,256.6926150295483,0.0,0,6.312993371869322,57.830183,9.712883
2025-01-07 07:44:01,2025-01-07 07:44:01,Class A,626294000_0,57.829867,9.710633,Under way using engine,0.0,4.5,256.0,251.0,9274800,TRAV2,YANGTZE,Tanker,No additional information,44.0,249.0,Undefined,14.9,SUEZ,20/01/2025 18:00:00,AIS,POINT (9.710633 57.829867),626294000_0,0 days 00:01:00,-3.583044736289247e-06,255.22412661691993,0.0,0,6.3150165208216205,57.829867,9.710633
2025-01-07 07:45:01,2025-01-07 07:45:01,Class A,626294000_0,57.829583,9.708267,Under way using engine,0.0,4.6,256.0,250.0,9274800,TRAV2,YANGTZE,Tanker,No additional information,44.0,249.0,Undefined,14.9,SUEZ,20/01/2025 18:00:00,AIS,POINT (9.708267 57.829583),626294000_0,0 days 00:01:00,1.6256748358808815e-06,257.2965049586953,0.0,0,6.317159929050555,57.829583,9.708267
2025-01-07 07:46:01,2025-01-07 07:46:01,Class A,626294000_0,57.829283,9.705933,Under way using engine,0.0,4.7,258.0,251.0,9274800,TRAV2,YANGTZE,Tanker,No additional information,44.0,249.0,Undefined,14.9,SUEZ,20/01/2025 18:00:00,AIS,POINT (9.705933 57.829283),626294000_0,0 days 00:01:00,-4.0174344423238073e-07,256.42909540004035,0.0,0,6.319268038821109,57.829283,9.705933
2025-01-07 07:47:01,2025-01-07 07:47:01,Class A,626294000_0,57.828983,9.7035,Under way using engine,0.0,4.7,254.0,250.0,9274800,TRAV2,YANGTZE,Tanker,No additional information,44.0,249.0,Undefined,14.9,SUEZ,20/01/2025 18:00:00,AIS,POINT (9.7035 57.828983),626294000_0,0 days 00:01:00,1.5905236420101825e-06,256.9622413378933,0.0,0,6.321469903246,57.828983,9.7035
2025-01-07 07:48:01,2025-01-07 07:48:01,Class A,626294000_0,57.828717,9.701067,Under way using engine,0.0,4.7,260.0,250.0,9274800,TRAV2,YANGTZE,Tanker,No additional information,44.0,249.0,Undefined,14.9,SUEZ,20/01/2025 18:00:00,AIS,POINT (9.701067 57.828717),626294000_0,0 days 00:01:00,-2.237613071873924e-07,258.39754684475446,0.0,0,6.323683039715541,57.828717,9.701067
2025-01-07 07:49:01,2025-01-07 07:49:01,Class A,626294000_0,57.82845,9.698733,Under way using engine,0.0,4.6,258.0,249.0,9274800,TRAV2,YANGTZE,Tanker,No additional information,44.0,249.0,Undefined,14.9,SUEZ,20/01/2025 18:00:00,AIS,POINT (9.698733 57.82845),626294000_0,0 days 00:01:00,-1.5925176794843562e-06,257.87551476914933,0.0,0,6.325802430519703,57.82845,9.698733
2025-01-07 07:50:01,2025-01-07 07:50:01,Class A,626294000_0,57.828067,9.696417,Under way using engine,0.0,4.6,255.0,250.0,9274800,TRAV2,YANGTZE,Tanker,No additional information,44.0,249.0,Undefined,14.9,SUEZ,20/01/2025 18:00:00,AIS,POINT (9.696417 57.828067),626294000_0,0 days 00:01:00,6.219770400930421e-07,252.7472059222653,0.0,0,6.327867170586467,57.828067,9.696417
2025-01-07 07:59:00,2025-01-07 07:59:00,Class A,626294000_0,57.82565,9.67555,Under way using engine,0.0,4.2,253.0,248.0,9274800,TRAV2,YANGTZE,Tanker,No additional information,44.0,249.0,Undefined,14.9,SUEZ,20/01/2025 18:00:00,AIS,POINT (9.67555 57.82565),626294000_0,0 days 00:08:59,-8.75569022807247e-08,257.73661945156624,0.0,0,6.346814551855759,57.82565,9.67555
2025-01-07 08:00:00,2025-01-07 08:00:00,Class A,626294000_0,57.825283,9.673367,Under way using engine,0.0,4.3,254.0,252.0,9274800,TRAV2,YANGTZE,Tanker,No additional information,44.0,249.0,Undefined,14.9,SUEZ,20/01/2025 18:00:00,AIS,POINT (9.673367 57.825283),626294000_0,0 days 00:01:00,-1.4535940301472229e-06,252.47933383687337,0.0,0,6.348760461098055,57.825283,9.673367
2025-01-07 08:01:00,2025-01-07 08:01:00,Class A,626294000_0,57.825033,9.671133,Under way using engine,0.0,4.3,254.0,252.0,9274800,TRAV2,YANGTZE,Tanker,No additional information,44.0,249.0,Undefined,14.9,SUEZ,20/01/2025 18:00:00,AIS,POINT (9.671133 57.825033),626294000_0,0 days 00:01:00,-1.0204185693928463e-07,258.13282835446716,0.0,0,6.350792717800353,57.825033,9.671133
2025-01-07 08:02:00,2025-01-07 08:02:00,Class A,626294000_0,57.824867,9.669,Under way using engine,0.0,4.0,264.0,252.0,9274800,TRAV2,YANGTZE,Tanker,No additional information,44.0,249.0,Undefined,14.9,SUEZ,20/01/2025 18:00:00,AIS,POINT (9.669 57.824867),626294000_0,0 days 00:01:00,-2.0967037188272127e-06,261.68613456227695,0.0,0,6.3527567870200246,57.824867,9.669
2025-01-07 08:03:00,2025-01-07 08:03:00,Class A,626294000_0,57.824767,9.6669,Under way using engine,0.0,3.9,264.0,246.0,9274800,TRAV2,YANGTZE,Tanker,No additional information,44.0,249.0,Undefined,14.9,SUEZ,20/01/2025 18:00:00,AIS,POINT (9.6669 57.824767),626294000_0,0 days 00:01:00,-7.793675628536776e-07,264.8908737878181,0.0,0,6.354711126843533,57.824767,9.6669
2025-01-07 08:04:00,2025-01-07 08:04:00,Class A,626294000_0,57.824383,9.665217,Under way using engine,-2.2,3.5,247.0,250.0,9274800,TRAV2,YANGTZE,Tanker,No additional information,44.0,249.0,Undefined,14.9,SUEZ,20/01/2025 18:00:00,AIS,POINT (9.665217 57.824383),626294000_0,0 days 00:01:00,-4.586952559525532e-06,246.80721096717073,0.0,0,6.3561790686230655,57.824383,9.665217
2025-01-07 08:05:01,2025-01-07 08:05:01,Class A,626294000_0,57.824183,9.6634,Under way using engine,0.0,3.6,260.0,252.0,9274800,TRAV2,YANGTZE,Tanker,No additional information,44.0,249.0,Undefined,14.9,SUEZ,20/01/2025 18:00:00,AIS,POINT (9.6634 57.824183),626294000_0,0 days 00:01:01,-9.048140525849468e-08,258.32218307868754,0.0,0,6.3578334804904255,57.824183,9.6634
2025-01-07 08:06:01,2025-01-07 08:06:01,Class A,626294000_0,57.824067,9.66155,Under way using engine,0.0,3.6,265.0,252.0,9274800,TRAV2,YANGTZE,Tanker,No additional information,44.0,249.0,Undefined,14.9,SUEZ,20/01/2025 18:00:00,AIS,POINT (9.66155 57.824067),626294000_0,0 days 00:01:00,6.254089774824391e-07,263.2852898312727,0.0,0,6.359546391035212,57.824067,9.66155
2025-01-07 08:07:01,2025-01-07 08:07:01,Class A,626294000_0,57.823933,9.659667,Under way using engine,0.0,3.5,259.0,250.0,9274800,TRAV2,YANGTZE,Tanker,No additional information,44.0,249.0,Undefined,14.9,SUEZ,20/01/2025 18:00:00,AIS,POINT (9.659667 57.823933),626294000_0,0 days 00:01:00,6.099084733705699e-07,262.38922578823775,0.0,0,6.361284784349933,57.823933,9.659667
2025-01-07 08:08:01,2025-01-07 08:08:01,Class A,626294000_0,57.8237,9.65795,Under way using engine,0.0,3.5,258.0,250.0,9274800,TRAV2,YANGTZE,Tanker,No additional information,44.0,249.0,Undefined,14.9,SUEZ,20/01/2025 18:00:00,AIS,POINT (9.65795 57.8237),626294000_0,0 days 00:01:00,-2.112820135627182e-06,255.7044631885012,0.0,0,6.362834169184987,57.8237,9.65795
2025-01-07 08:09:01,2025-01-07 08:09:01,Class A,626294000_0,57.82345,9.656167,Under way using engine,0.0,3.4,256.0,250.0,9274800,TRAV2,YANGTZE,Tanker,No additional information,44.0,249.0,Undefined,14.9,SUEZ,20/01/2025 18:00:00,AIS,POINT (9.656167 57.82345),626294000_0,0 days 00:01:00,1.186592922223053e-06,255.24972954045273,0.0,0,6.364440611263884,57.82345,9.656167
2025-01-07 08:10:01,2025-01-07 08:10:01,Class A,626294000_0,57.823183,9.654417,Under way using engine,0.0,3.4,254.0,251.0,9274800,TRAV2,YANGTZE,Tanker,No additional information,44.0,249.0,Undefined,14.9,SUEZ,20/01/2025 18:00:00,AIS,POINT (9.654417 57.823183),626294000_0,0 days 00:01:00,-3.859839674913015e-07,254.01362876082692,0.0,0,6.366010434455947,57.823183,9.654417
2025-01-07 08:11:01,2025-01-07 08:11:01,Class A,626294000_0,57.823017,9.65265,Under way using engine,0.0,3.4,261.0,250.0,9274800,TRAV2,YANGTZE,Tanker,No additional information,44.0,249.0,Undefined,14.9,SUEZ,20/01/2025 18:00:00,AIS,POINT (9.65265 57.823017),626294000_0,0 days 00:01:00,-4.283730995324926e-07,259.9961318586634,0.0,0,6.367629072592797,57.823017,9.65265
2025-01-07 08:12:01,2025-01-07 08:12:01,Class A,626294000_0,57.8228,9.650817,Under way using engine,0.0,3.6,260.0,251.0,9274800,TRAV2,YANGTZE,Tanker,No additional information,44.0,249.0,Undefined,14.9,SUEZ,20/01/2025 18:00:00,AIS,POINT (9.650817 57.8228),626294000_0,0 days 00:01:00,1.3767698686392628e-06,257.46751790285026,0.0,0,6.36929379261194,57.8228,9.650817
2025-01-07 08:13:01,2025-01-07 08:13:01,Class A,626294000_0,57.822583,9.649,Under way using engine,0.0,3.6,257.0,249.0,9274800,TRAV2,YANGTZE,Tanker,No additional information,44.0,249.0,Undefined,14.9,SUEZ,20/01/2025 18:00:00,AIS,POINT (9.649 57.822583),626294000_0,0 days 00:01:00,-2.576093971018694e-07,257.36075188223003,0.0,0,6.370943468658705,57.822583,9.649
2025-01-07 08:14:01,2025-01-07 08:14:01,Class A,626294000_0,57.822317,9.647067,Under way using engine,0.0,3.8,258.0,251.0,9274800,TRAV2,YANGTZE,Tanker,No additional information,44.0,249.0,Undefined,14.9,SUEZ,20/01/2025 18:00:00,AIS,POINT (9.647067 57.822317),626294000_0,0 days 00:01:00,2.2169806421360767e-06,255.51246457096585,0.0,0,6.372687231520623,57.822317,9.647067
2025-01-07 08:15:01,2025-01-07 08:15:01,Class A,626294000_0,57.822133,9.645133,Under way using engine,0.0,3.9,259.0,249.0,9274800,TRAV2,YANGTZE,Tanker,No additional information,44.0,249.0,Undefined,14.9,SUEZ,20/01/2025 18:00:00,AIS,POINT (9.645133 57.822133),626294000_0,0 days 00:01:00,-5.238773671885457e-07,259.8717938580461,0.0,0,6.374458505839222,57.822133,9.645133
2025-01-07 08:24:00,2025-01-07 08:24:00,Class A,626294000_0,57.819917,9.628417,Under way using engine,0.0,3.4,249.0,248.0,9274800,TRAV2,YANGTZE,Tanker,No additional information,44.0,249.0,Undefined,14.9,SUEZ,20/01/2025 18:00:00,AIS,POINT (9.628417 57.819917),626294000_0,0 days 00:08:59,-8.653261038773799e-08,256.02894928719587,0.0,0,6.389571079155938,57.819917,9.628417
2025-01-07 08:25:00,2025-01-07 08:25:00,Class A,626294000_0,57.819583,9.626717,Under way using engine,0.0,3.4,253.0,251.0,9274800,TRAV2,YANGTZE,Tanker,No additional information,44.0,249.0,Undefined,14.9,SUEZ,20/01/2025 18:00:00,AIS,POINT (9.626717 57.819583),626294000_0,0 days 00:01:00,-1.7450716621816665e-06,249.751688037429,0.0,0,6.391073601344457,57.819583,9.626717
2025-01-07 08:26:00,2025-01-07 08:26:00,Class A,626294000_0,57.819367,9.625,Under way using engine,0.0,3.4,256.0,251.0,9274800,TRAV2,YANGTZE,Tanker,No additional information,44.0,249.0,Undefined,14.9,SUEZ,20/01/2025 18:00:00,AIS,POINT (9.625 57.819367),626294000_0,0 days 00:01:00,-7.839400178841535e-07,256.7106914973639,0.0,0,6.392630234420649,57.819367,9.625
2025-01-07 08:27:00,2025-01-07 08:27:00,Class A,626294000_0,57.819167,9.623183,Under way using engine,0.0,3.4,257.0,250.0,9274800,TRAV2,YANGTZE,Tanker,No additional information,44.0,249.0,Undefined,14.9,SUEZ,20/01/2025 18:00:00,AIS,POINT (9.623183 57.819167),626294000_0,0 days 00:01:00,1.5054663927272702e-06,258.32376322966934,0.0,0,6.394286800124781,57.819167,9.623183
2025-01-07 08:28:01,2025-01-07 08:28:01,Class A,626294000_0,57.818967,9.621583,Under way using engine,0.0,3.2,256.0,249.0,9274800,TRAV2,YANGTZE,Tanker,No additional information,44.0,249.0,Undefined,14.9,SUEZ,20/01/2025 18:00:00,AIS,POINT (9.621583 57.818967),626294000_0,0 days 00:01:01,-3.8787630981475555e-06,256.79241249370864,0.0,0,6.3957379377402575,57.818967,9.621583
2025-01-07 08:29:01,2025-01-07 08:29:01,Class A,626294000_0,57.818733,9.619917,Under way using engine,0.0,3.3,257.0,251.0,9274800,TRAV2,YANGTZE,Tanker,No additional information,44.0,249.0,Undefined,14.9,SUEZ,20/01/2025 18:00:00,AIS,POINT (9.619917 57.818733),626294000_0,0 days 00:01:00,1.7562279496292187e-06,255.22707866831422,0.0,0,6.3972407556853765,57.818733,9.619917
2025-01-07 08:30:01,2025-01-07 08:30:01,Class A,626294000_0,57.81855,9.618133,Under way using engine,0.0,3.4,260.0,249.0,9274800,TRAV2,YANGTZE,Tanker,No additional information,44.0,249.0,Undefined,14.9,SUEZ,20/01/2025 18:00:00,AIS,POINT (9.618133 57.81855),626294000_0,0 days 00:01:00,1.5506190428350841e-06,259.09912626575124,0.0,0,6.398871786148634,57.81855,9.618133
2025-01-07 08:31:01,2025-01-07 08:31:01,Class A,626294000_0,57.818333,9.616483,Under way using engine,0.0,3.2,254.0,250.0,9274800,TRAV2,YANGTZE,Tanker,No additional information,44.0,249.0,Undefined,14.9,SUEZ,20/01/2025 18:00:00,AIS,POINT (9.616483 57.818333),626294000_0,0 days 00:01:00,-1.9361603691321942e-06,256.1301987765267,0.0,0,6.400365076311351,57.818333,9.616483
2025-01-07 08:32:01,2025-01-07 08:32:01,Class A,626294000_0,57.818117,9.614717,Under way using engine,0.0,3.4,259.0,252.0,9274800,TRAV2,YANGTZE,Tanker,No additional information,44.0,249.0,Undefined,14.9,SUEZ,20/01/2025 18:00:00,AIS,POINT (9.614717 57.818117),626294000_0,0 days 00:01:00,1.8561414813477603e-06,257.0673278075446,0.0,0,6.401968652452618,57.818117,9.614717
2025-01-07 08:33:01,2025-01-07 08:33:01,Class A,626294000_0,57.81795,9.61295,Under way using engine,0.0,3.4,258.0,251.0,9274800,TRAV2,YANGTZE,Tanker,No additional information,44.0,249.0,Undefined,14.9,SUEZ,20/01/2025 18:00:00,AIS,POINT (9.61295 57.81795),626294000_0,0 days 00:01:00,-2.853777561212465e-07,259.9384766746148,0.0,0,6.403588967137726,57.81795,9.61295
2025-01-07 08:34:01,2025-01-07 08:34:01,Class A,626294000_0,57.817767,9.611083,Under way using engine,0.0,3.5,260.0,250.0,9274800,TRAV2,YANGTZE,Tanker,No additional information,44.0,249.0,Undefined,14.9,SUEZ,20/01/2025 18:00:00,AIS,POINT (9.611083 57.817767),626294000_0,0 days 00:01:00,1.7127119463480658e-06,259.5731595114438,0.0,0,6.405298972042601,57.817767,9.611083
2025-01-07 08:35:01,2025-01-07 08:35:01,Class A,626294000_0,57.817483,9.609383,Under way using engine,0.0,3.4,250.0,252.0,9274800,TRAV2,YANGTZE,Tanker,No additional information,44.0,249.0,Undefined,14.9,SUEZ,20/01/2025 18:00:00,AIS,POINT (9.609383 57.817483),626294000_0,0 days 00:01:00,-1.92932950647956e-06,252.58631120970972,0.0,0,6.406818524421151,57.817483,9.609383
2025-01-07 08:44:00,2025-01-07 08:44:00,Class A,626294000_0,57.815617,9.593533,Under way using engine,0.0,3.5,257.0,249.0,9274800,TRAV2,YANGTZE,Tanker,No additional information,44.0,249.0,Undefined,14.9,SUEZ,20/01/2025 18:00:00,AIS,POINT (9.593533 57.815617),626294000_0,0 days 00:08:59,4.6861587692182484e-08,257.5428986856836,0.0,0,6.421240559366235,57.815617,9.593533
2025-01-07 08:45:00,2025-01-07 08:45:00,Class A,626294000_0,57.815283,9.5919,Under way using engine,0.0,3.4,251.0,252.0,9274800,TRAV2,YANGTZE,Tanker,No additional information,44.0,249.0,Undefined,14.9,SUEZ,20/01/2025 18:00:00,AIS,POINT (9.5919 57.815283),626294000_0,0 days 00:01:00,-9.563326881689986e-07,248.99440078244658,0.0,0,6.422681630428601,57.815283,9.5919
2025-01-07 08:46:00,2025-01-07 08:46:00,Class A,626294000_0,57.8151,9.5901,Under way using engine,0.0,3.5,257.0,251.0,9274800,TRAV2,YANGTZE,Tanker,No additional information,44.0,249.0,Undefined,14.9,SUEZ,20/01/2025 18:00:00,AIS,POINT (9.5901 57.8151),626294000_0,0 days 00:01:00,1.3795929346334592e-06,259.1947541129447,0.0,0,6.424329244913277,57.8151,9.5901
2025-01-07 08:47:00,2025-01-07 08:47:00,Class A,626294000_0,57.814883,9.588333,Under way using engine,0.0,3.4,254.0,250.0,9274800,TRAV2,YANGTZE,Tanker,No additional information,44.0,249.0,Undefined,14.9,SUEZ,20/01/2025 18:00:00,AIS,POINT (9.588333 57.814883),626294000_0,0 days 00:01:00,-3.166792341297873e-07,257.01770587573947,0.0,0,6.4259348292420455,57.814883,9.588333
2025-01-07 08:48:00,2025-01-07 08:48:00,Class A,626294000_0,57.81465,9.5866,Under way using engine,0.0,3.5,254.0,250.0,9274800,TRAV2,YANGTZE,Tanker,No additional information,44.0,249.0,Undefined,14.9,SUEZ,20/01/2025 18:00:00,AIS,POINT (9.5866 57.81465),626294000_0,0 days 00:01:00,-4.296080444954179e-07,255.8345344009636,0.0,0,6.427503179411738,57.81465,9.5866
2025-01-07 08:49:00,2025-01-07 08:49:00,Class A,626294000_0,57.8144,9.584733,Under way using engine,0.0,3.6,256.0,250.0,9274800,TRAV2,YANGTZE,Tanker,No additional information,44.0,249.0,Undefined,14.9,SUEZ,20/01/2025 18:00:00,AIS,POINT (9.584733 57.8144),626294000_0,0 days 00:01:00,2.2740747384849653e-06,255.8897336721366,0.0,0,6.42919322618857,57.8144,9.584733
2025-01-07 08:50:00,2025-01-07 08:50:00,Class A,626294000_0,57.814117,9.582967,Under way using engine,0.0,3.6,251.0,249.0,9274800,TRAV2,YANGTZE,Tanker,No additional information,44.0,249.0,Undefined,14.9,SUEZ,20/01/2025 18:00:00,AIS,POINT (9.582967 57.814117),626294000_0,0 days 00:01:00,-1.3367480923582122e-06,253.25716066828215,0.0,0,6.430777129786571,57.814117,9.582967
2025-01-07 08:51:00,2025-01-07 08:51:00,Class A,626294000_0,57.813833,9.5811,Under way using engine,0.0,3.6,256.0,251.0,9274800,TRAV2,YANGTZE,Tanker,No additional information,44.0,249.0,Undefined,14.9,SUEZ,20/01/2025 18:00:00,AIS,POINT (9.5811 57.813833),626294000_0,0 days 00:01:00,1.609427914086207e-06,254.06292209543602,0.0,0,6.432456569168968,57.813833,9.5811
2025-01-07 08:52:00,2025-01-07 08:52:00,Class A,626294000_0,57.813583,9.57925,Under way using engine,0.0,3.7,256.0,253.0,9274800,TRAV2,YANGTZE,Tanker,No additional information,44.0,249.0,Undefined,14.9,SUEZ,20/01/2025 18:00:00,AIS,POINT (9.57925 57.813583),626294000_0,0 days 00:01:00,-5.441786609620449e-07,255.76561509474544,0.0,0,6.4341308260203265,57.813583,9.57925
2025-01-07 08:53:00,2025-01-07 08:53:00,Class A,626294000_0,57.8134,9.5773,Under way using engine,0.0,3.7,262.0,250.0,9274800,TRAV2,YANGTZE,Tanker,No additional information,44.0,249.0,Undefined,14.9,SUEZ,20/01/2025 18:00:00,AIS,POINT (9.5773 57.8134),626294000_0,0 days 00:01:00,1.1812870370299385e-06,260.0090847456669,0.0,0,6.435921305970732,57.8134,9.5773
2025-01-07 08:54:01,2025-01-07 08:54:01,Class A,626294000_0,57.813117,9.575533,Under way using engine,0.0,3.7,253.0,251.0,9274800,TRAV2,YANGTZE,Tanker,No additional information,44.0,249.0,Undefined,14.9,SUEZ,20/01/2025 18:00:00,AIS,POINT (9.575533 57.813117),626294000_0,0 days 00:01:01,-2.6845626676759364e-06,253.26654498410758,0.0,0,6.437506585336437,57.813117,9.575533
2025-01-07 08:55:01,2025-01-07 08:55:01,Class A,626294000_0,57.812817,9.57365,Under way using engine,0.0,3.7,253.0,252.0,9274800,TRAV2,YANGTZE,Tanker,No additional information,44.0,249.0,Undefined,14.9,SUEZ,20/01/2025 18:00:00,AIS,POINT (9.57365 57.812817),626294000_0,0 days 00:01:00,2.485278039159536e-06,253.34944302376488,0.0,0,6.439196554550032,57.812817,9.57365
2025-01-07 08:56:01,2025-01-07 08:56:01,Class A,626294000_0,57.812633,9.5718,Under way using engine,0.0,3.5,260.0,249.0,9274800,TRAV2,YANGTZE,Tanker,No additional information,44.0,249.0,Undefined,14.9,SUEZ,20/01/2025 18:00:00,AIS,POINT (9.5718 57.812633),626294000_0,0 days 00:01:00,-1.3745286248046436e-06,259.42473326209023,0.0,0,6.440892206569288,57.812633,9.5718
2025-01-07 08:57:01,2025-01-07 08:57:01,Class A,626294000_0,57.81235,9.570017,Under way using engine,0.0,3.5,256.0,250.0,9274800,TRAV2,YANGTZE,Tanker,No additional information,44.0,249.0,Undefined,14.9,SUEZ,20/01/2025 18:00:00,AIS,POINT (9.570017 57.81235),626294000_0,0 days 00:01:00,-3.5766938359145387e-07,253.40876193154855,0.0,0,6.442492976674869,57.81235,9.570017
2025-01-07 08:58:01,2025-01-07 08:58:01,Class A,626294000_0,57.81205,9.568167,Under way using engine,0.0,3.8,254.0,249.0,9274800,TRAV2,YANGTZE,Tanker,No additional information,44.0,249.0,Undefined,14.9,SUEZ,20/01/2025 18:00:00,AIS,POINT (9.568167 57.81205),626294000_0,0 days 00:01:00,1.2110908468190215e-06,253.06960127893083,0.0,0,6.444151992613534,57.81205,9.568167
2025-01-07 08:59:01,2025-01-07 08:59:01,Class A,626294000_0,57.8117,9.5662,Under way using engine,0.0,3.9,258.0,252.0,9274800,TRAV2,YANGTZE,Tanker,No additional information,44.0,249.0,Undefined,14.9,SUEZ,20/01/2025 18:00:00,AIS,POINT (9.5662 57.8117),626294000_0,0 days 00:01:00,2.3107258426590858e-06,251.53017300360915,0.0,0,6.445906214260956,57.8117,9.5662
2025-01-07 09:00:01,2025-01-07 09:00:01,Class A,626294000_0,57.811383,9.56435,Under way using engine,0.0,3.7,253.0,252.0,9274800,TRAV2,YANGTZE,Tanker,No additional information,44.0,249.0,Undefined,14.9,SUEZ,20/01/2025 18:00:00,AIS,POINT (9.56435 57.811383),626294000_0,0 days 00:01:00,-2.1533528319737797e-06,252.16975952212306,0.0,0,6.447560085361362,57.811383,9.56435
2025-01-07 09:01:01,2025-01-07 09:01:01,Class A,626294000_0,57.81115,9.56235,Under way using engine,0.0,3.9,258.0,252.0,9274800,TRAV2,YANGTZE,Tanker,No additional information,44.0,249.0,Undefined,14.9,SUEZ,20/01/2025 18:00:00,AIS,POINT (9.56235 57.81115),626294000_0,0 days 00:01:00,1.7189272872101859e-06,257.66486757922814,0.0,0,6.449382972102678,57.81115,9.56235
2025-01-07 09:02:01,2025-01-07 09:02:01,Class A,626294000_0,57.81085,9.560383,Under way using engine,0.0,3.8,252.0,251.0,9274800,TRAV2,YANGTZE,Tanker,No additional information,44.0,249.0,Undefined,14.9,SUEZ,20/01/2025 18:00:00,AIS,POINT (9.560383 57.81085),626294000_0,0 days 00:01:00,-2.2162561199859492e-08,254.024359446117,0.0,0,6.451153439530717,57.81085,9.560383
2025-01-07 09:03:01,2025-01-07 09:03:01,Class A,626294000_0,57.81055,9.558467,Under way using engine,0.0,3.9,254.0,251.0,9274800,TRAV2,YANGTZE,Tanker,No additional information,44.0,249.0,Undefined,14.9,SUEZ,20/01/2025 18:00:00,AIS,POINT (9.558467 57.81055),626294000_0,0 days 00:01:00,-8.086507986904236e-07,253.6217278206599,0.0,0,6.452875661385782,57.81055,9.558467
2025-01-07 09:04:01,2025-01-07 09:04:01,Class A,626294000_0,57.8102,9.556383,Under way using engine,0.0,4.1,252.0,250.0,9274800,TRAV2,YANGTZE,Tanker,No additional information,44.0,249.0,Undefined,14.9,SUEZ,20/01/2025 18:00:00,AIS,POINT (9.556383 57.8102),626294000_0,0 days 00:01:00,3.1044939525124907e-06,252.50290417042697,0.0,0,6.454741529175975,57.8102,9.556383
2025-01-07 09:05:01,2025-01-07 09:05:01,Class A,626294000_0,57.80985,9.55455,Under way using engine,0.0,3.8,249.0,251.0,9274800,TRAV2,YANGTZE,Tanker,No additional information,44.0,249.0,Undefined,14.9,SUEZ,20/01/2025 18:00:00,AIS,POINT (9.55455 57.80985),626294000_0,0 days 00:01:00,-3.929189880406167e-06,250.28176013197654,0.0,0,6.456369452784434,57.80985,9.55455
2025-01-07 09:06:01,2025-01-07 09:06:01,Class A,626294000_0,57.809567,9.552667,Under way using engine,0.0,3.8,254.0,251.0,9274800,TRAV2,YANGTZE,Tanker,No additional information,44.0,249.0,Undefined,14.9,SUEZ,20/01/2025 18:00:00,AIS,POINT (9.552667 57.809567),626294000_0,0 days 00:01:00,1.5650457994904236e-07,254.24622655939723,0.0,0,6.458066134191102,57.809567,9.552667
2025-01-07 09:07:01,2025-01-07 09:07:01,Class A,626294000_0,57.80925,9.55075,Under way using engine,0.0,3.8,253.0,249.0,9274800,TRAV2,YANGTZE,Tanker,No additional information,44.0,249.0,Undefined,14.9,SUEZ,20/01/2025 18:00:00,AIS,POINT (9.55075 57.80925),626294000_0,0 days 00:01:00,8.369367861887297e-07,252.75638178236778,0.0,0,6.4597844337135575,57.80925,9.55075
2025-01-07 09:08:00,2025-01-07 09:08:00,Class A,626294000_0,57.80885,9.548983,Under way using engine,0.0,3.7,246.0,251.0,9274800,TRAV2,YANGTZE,Tanker,No additional information,44.0,249.0,Undefined,14.9,SUEZ,20/01/2025 18:00:00,AIS,POINT (9.548983 57.80885),626294000_0,0 days 00:00:59,-9.235209072686597e-07,246.9791935654228,0.0,0,6.461334315013347,57.80885,9.548983
2025-01-07 09:09:00,2025-01-07 09:09:00,Class A,626294000_0,57.808533,9.547017,Under way using engine,0.0,3.9,252.0,250.0,9274800,TRAV2,YANGTZE,Tanker,No additional information,44.0,249.0,Undefined,14.9,SUEZ,20/01/2025 18:00:00,AIS,POINT (9.547017 57.808533),626294000_0,0 days 00:01:00,1.682484405058683e-06,253.16190519709878,0.0,0,6.4630993631230815,57.808533,9.547017
2025-01-07 09:10:00,2025-01-07 09:10:00,Class A,626294000_0,57.808167,9.545217,Under way using engine,0.0,3.8,248.0,251.0,9274800,TRAV2,YANGTZE,Tanker,No additional information,44.0,249.0,Undefined,14.9,SUEZ,20/01/2025 18:00:00,AIS,POINT (9.545217 57.808167),626294000_0,0 days 00:01:00,-2.1062183687397113e-06,249.11063974445324,0.0,0,6.4646915637164,57.808167,9.545217
2025-01-07 09:11:00,2025-01-07 09:11:00,Class A,626294000_0,57.807833,9.5433,Under way using engine,0.0,4.0,256.0,251.0,9274800,TRAV2,YANGTZE,Tanker,No additional information,44.0,249.0,Undefined,14.9,SUEZ,20/01/2025 18:00:00,AIS,POINT (9.5433 57.807833),626294000_0,0 days 00:01:00,1.4924658226991791e-06,251.89125315617025,0.0,0,6.46640501291444,57.807833,9.5433
2025-01-07 09:12:00,2025-01-07 09:12:00,Class A,626294000_0,57.8075,9.541317,Under way using engine,0.0,3.9,255.0,251.0,9274800,TRAV2,YANGTZE,Tanker,No additional information,44.0,249.0,Undefined,14.9,SUEZ,20/01/2025 18:00:00,AIS,POINT (9.541317 57.8075),626294000_0,0 days 00:01:00,1.0287572802174137e-06,252.50594154214136,0.0,0,6.468181536784894,57.8075,9.541317
2025-01-07 09:13:00,2025-01-07 09:13:00,Class A,626294000_0,57.80715,9.539383,Under way using engine,0.0,3.8,251.0,250.0,9274800,TRAV2,YANGTZE,Tanker,No additional information,44.0,249.0,Undefined,14.9,SUEZ,20/01/2025 18:00:00,AIS,POINT (9.539383 57.80715),626294000_0,0 days 00:01:00,-6.055413221477398e-07,251.23908518394046,0.0,0,6.469906336970341,57.80715,9.539383
2025-01-07 09:14:00,2025-01-07 09:14:00,Class A,626294000_0,57.806817,9.537517,Under way using engine,0.0,3.9,251.0,251.0,9274800,TRAV2,YANGTZE,Tanker,No additional information,44.0,249.0,Undefined,14.9,SUEZ,20/01/2025 18:00:00,AIS,POINT (9.537517 57.806817),626294000_0,0 days 00:01:00,-1.2317898114966842e-06,251.48210678823764,0.0,0,6.4715721026954505,57.806817,9.537517
2025-01-07 09:15:00,2025-01-07 09:15:00,Class A,626294000_0,57.8065,9.535617,Under way using engine,0.0,3.8,252.0,251.0,9274800,TRAV2,YANGTZE,Tanker,No additional information,44.0,249.0,Undefined,14.9,SUEZ,20/01/2025 18:00:00,AIS,POINT (9.535617 57.8065),626294000_0,0 days 00:01:00,3.8220655618970984e-07,252.61259273725858,0.0,0,6.473275304681935,57.8065,9.535617
2025-01-07 09:16:00,2025-01-07 09:16:00,Class A,626294000_0,57.806117,9.5337,Under way using engine,0.0,3.7,247.0,252.0,9274800,TRAV2,YANGTZE,Tanker,No additional information,44.0,249.0,Undefined,14.9,SUEZ,20/01/2025 18:00:00,AIS,POINT (9.5337 57.806117),626294000_0,0 days 00:01:00,9.288782609791372e-07,249.44498494962733,0.0,0,6.474973974374646,57.806117,9.5337
2025-01-07 09:17:00,2025-01-07 09:17:00,Class A,626294000_0,57.805867,9.5318,Under way using engine,0.0,3.7,257.0,251.0,9274800,TRAV2,YANGTZE,Tanker,No additional information,44.0,249.0,Undefined,14.9,SUEZ,20/01/2025 18:00:00,AIS,POINT (9.5318 57.805867),626294000_0,0 days 00:01:00,-1.486067051943566e-06,256.1284406566482,0.0,0,6.476698533684348,57.805867,9.5318
2025-01-07 09:18:00,2025-01-07 09:18:00,Class A,626294000_0,57.80555,9.530017,Under way using engine,0.0,3.7,251.0,251.0,9274800,TRAV2,YANGTZE,Tanker,No additional information,44.0,249.0,Undefined,14.9,SUEZ,20/01/2025 18:00:00,AIS,POINT (9.530017 57.80555),626294000_0,0 days 00:01:00,-1.2809074371128994e-06,251.54713596003626,0.0,0,6.478291058427753,57.80555,9.530017
2025-01-07 09:19:00,2025-01-07 09:19:00,Class A,626294000_0,57.8052,9.528167,Under way using engine,0.0,3.7,251.0,251.0,9274800,TRAV2,YANGTZE,Tanker,No additional information,44.0,249.0,Undefined,14.9,SUEZ,20/01/2025 18:00:00,AIS,POINT (9.528167 57.8052),626294000_0,0 days 00:01:00,1.3785711883000745e-06,250.45149950737738,0.0,0,6.479936911792043,57.8052,9.528167
2025-01-07 09:20:00,2025-01-07 09:20:00,Class A,626294000_0,57.8049,9.526367,Under way using engine,0.0,3.7,253.0,251.0,9274800,TRAV2,YANGTZE,Tanker,No additional information,44.0,249.0,Undefined,14.9,SUEZ,20/01/2025 18:00:00,AIS,POINT (9.526367 57.8049),626294000_0,0 days 00:01:00,-1.2723355818694896e-06,252.6304619639991,0.0,0,6.481551156907196,57.8049,9.526367
2025-01-07 09:21:00,2025-01-07 09:21:00,Class A,626294000_0,57.804533,9.524517,Under way using engine,0.0,3.8,249.0,251.0,9274800,TRAV2,YANGTZE,Tanker,No additional information,44.0,249.0,Undefined,14.9,SUEZ,20/01/2025 18:00:00,AIS,POINT (9.524517 57.804533),626294000_0,0 days 00:01:00,1.452315050383564e-06,249.57911690073195,0.0,0,6.483191914836549,57.804533,9.524517
2025-01-07 09:22:00,2025-01-07 09:22:00,Class A,626294000_0,57.80425,9.522517,Under way using engine,0.0,3.9,256.0,249.0,9274800,TRAV2,YANGTZE,Tanker,No additional information,44.0,249.0,Undefined,14.9,SUEZ,20/01/2025 18:00:00,AIS,POINT (9.522517 57.80425),626294000_0,0 days 00:01:00,1.5767667349325838e-06,255.12798008351496,0.0,0,6.485001604001729,57.80425,9.522517
2025-01-07 09:23:00,2025-01-07 09:23:00,Class A,626294000_0,57.8038,9.520667,Under way using engine,0.0,4.0,249.0,252.0,9274800,TRAV2,YANGTZE,Tanker,No additional information,44.0,249.0,Undefined,14.9,SUEZ,20/01/2025 18:00:00,AIS,POINT (9.520667 57.8038),626294000_0,0 days 00:01:00,-5.953800585731771e-07,245.4629851163457,0.0,0,6.486616553289165,57.8038,9.520667
2025-01-07 09:24:00,2025-01-07 09:24:00,Class A,626294000_0,57.8035,9.5186,Under way using engine,-45.7,4.0,256.0,251.0,9274800,TRAV2,YANGTZE,Tanker,No additional information,44.0,249.0,Undefined,14.9,SUEZ,20/01/2025 18:00:00,AIS,POINT (9.5186 57.8035),626294000_0,0 days 00:01:00,1.8011101193716524e-06,254.76350403056506,0.0,0,6.488484780705584,57.8035,9.5186
2025-01-07 09:25:00,2025-01-07 09:25:00,Class A,626294000_0,57.8032,9.516767,Under way using engine,0.0,3.7,250.0,249.0,9274800,TRAV2,YANGTZE,Tanker,No additional information,44.0,249.0,Undefined,14.9,SUEZ,20/01/2025 18:00:00,AIS,POINT (9.516767 57.8032),626294000_0,0 days 00:01:00,-3.7128065204165223e-06,252.9256131491192,0.0,0,6.490130964441703,57.8032,9.516767
2025-01-07 09:26:00,2025-01-07 09:26:00,Class A,626294000_0,57.802867,9.51495,Under way using engine,0.0,3.6,251.0,249.0,9274800,TRAV2,YANGTZE,Tanker,No additional information,44.0,249.0,Undefined,14.9,SUEZ,20/01/2025 18:00:00,AIS,POINT (9.51495 57.802867),626294000_0,0 days 00:01:00,6.434768039502769e-08,251.01994616999352,0.0,0,6.491751717474181,57.802867,9.51495
2025-01-07 09:27:01,2025-01-07 09:27:01,Class A,626294000_0,57.8025,9.513167,Under way using engine,0.0,3.6,250.0,250.0,9274800,TRAV2,YANGTZE,Tanker,No additional information,44.0,249.0,Undefined,14.9,SUEZ,20/01/2025 18:00:00,AIS,POINT (9.513167 57.8025),626294000_0,0 days 00:01:01,-6.73520161665503e-07,248.87938836093886,0.0,0,6.4933296447666216,57.8025,9.513167
2025-01-07 09:28:01,2025-01-07 09:28:01,Class A,626294000_0,57.80215,9.51145,Under way using engine,0.0,3.6,249.0,250.0,9274800,TRAV2,YANGTZE,Tanker,No additional information,44.0,249.0,Undefined,14.9,SUEZ,20/01/2025 18:00:00,AIS,POINT (9.51145 57.80215),626294000_0,0 days 00:01:00,-6.884646196876469e-07,249.065884211684,0.0,0,6.4948503534144635,57.80215,9.51145
2025-01-07 09:29:01,2025-01-07 09:29:01,Class A,626294000_0,57.8018,9.5096,Under way using engine,0.0,3.7,250.0,249.0,9274800,TRAV2,YANGTZE,Tanker,No additional information,44.0,249.0,Undefined,14.9,SUEZ,20/01/2025 18:00:00,AIS,POINT (9.5096 57.8018),626294000_0,0 days 00:01:00,2.0618997229909245e-06,250.45320214949967,0.0,0,6.496497482047383,57.8018,9.5096
2025-01-07 09:30:01,2025-01-07 09:30:01,Class A,626294000_0,57.801417,9.50795,Under way using engine,0.0,3.4,247.0,251.0,9274800,TRAV2,YANGTZE,Tanker,No additional information,44.0,249.0,Undefined,14.9,SUEZ,20/01/2025 18:00:00,AIS,POINT (9.50795 57.801417),626294000_0,0 days 00:01:00,-2.7004054557767733e-06,246.46179388267316,0.0,0,6.497944465085017,57.801417,9.50795
2025-01-07 09:31:00,2025-01-07 09:31:00,Class A,626294000_0,57.801083,9.506167,Under way using engine,0.0,3.7,252.0,251.0,9274800,TRAV2,YANGTZE,Tanker,No additional information,44.0,249.0,Undefined,14.9,SUEZ,20/01/2025 18:00:00,AIS,POINT (9.506167 57.801083),626294000_0,0 days 00:00:59,2.0559739277674613e-06,250.63176674172917,0.0,0,6.4995332218861686,57.801083,9.506167
2025-01-07 09:32:00,2025-01-07 09:32:00,Class A,626294000_0,57.800717,9.504333,Under way using engine,0.0,3.9,249.0,252.0,9274800,TRAV2,YANGTZE,Tanker,No additional information,44.0,249.0,Undefined,14.9,SUEZ,20/01/2025 18:00:00,AIS,POINT (9.504333 57.800717),626294000_0,0 days 00:01:00,6.005563422332885e-07,249.46922776055465,0.0,0,6.501160521649191,57.800717,9.504333
2025-01-07 09:33:00,2025-01-07 09:33:00,Class A,626294000_0,57.800367,9.50225,Under way using engine,0.0,4.1,253.0,251.0,9274800,TRAV2,YANGTZE,Tanker,No additional information,44.0,249.0,Undefined,14.9,SUEZ,20/01/2025 18:00:00,AIS,POINT (9.50225 57.800367),626294000_0,0 days 00:01:00,3.7296435775044516e-06,252.499496106676,0.0,0,6.503029462914111,57.800367,9.50225
2025-01-07 09:34:00,2025-01-07 09:34:00,Class A,626294000_0,57.800017,9.500233,Under way using engine,0.0,4.1,252.0,250.0,9274800,TRAV2,YANGTZE,Tanker,No additional information,44.0,249.0,Undefined,14.9,SUEZ,20/01/2025 18:00:00,AIS,POINT (9.500233 57.800017),626294000_0,0 days 00:01:00,-1.0380060093013476e-06,251.96351925716777,0.0,0,6.504835861438011,57.800017,9.500233
2025-01-07 09:35:00,2025-01-07 09:35:00,Class A,626294000_0,57.799683,9.498217,Under way using engine,0.0,4.1,254.0,250.0,9274800,TRAV2,YANGTZE,Tanker,No additional information,44.0,249.0,Undefined,14.9,SUEZ,20/01/2025 18:00:00,AIS,POINT (9.498217 57.799683),626294000_0,0 days 00:01:00,-1.6530209136533745e-07,252.73012081427336,0.0,0,6.506646452589997,57.799683,9.498217
2025-01-07 09:36:00,2025-01-07 09:36:00,Class A,626294000_0,57.7993,9.496233,Under way using engine,0.0,3.9,248.0,249.0,9274800,TRAV2,YANGTZE,Tanker,No additional information,44.0,249.0,Undefined,14.9,SUEZ,20/01/2025 18:00:00,AIS,POINT (9.496233 57.7993),626294000_0,0 days 00:01:00,-1.8271526344140408e-08,250.08723542018728,0.0,0,6.508411477239973,57.7993,9.496233
2025-01-07 09:37:00,2025-01-07 09:37:00,Class A,626294000_0,57.798867,9.494267,Under way using engine,0.0,4.0,250.0,250.0,9274800,TRAV2,YANGTZE,Tanker,No additional information,44.0,249.0,Undefined,14.9,SUEZ,20/01/2025 18:00:00,AIS,POINT (9.494267 57.798867),626294000_0,0 days 00:01:00,2.811837175359045e-07,247.54545132589237,0.0,0,6.510143939836199,57.798867,9.494267
2025-01-07 09:38:00,2025-01-07 09:38:00,Class A,626294000_0,57.798517,9.4922,Under way using engine,0.0,4.1,252.0,251.0,9274800,TRAV2,YANGTZE,Tanker,No additional information,44.0,249.0,Undefined,14.9,SUEZ,20/01/2025 18:00:00,AIS,POINT (9.4922 57.798517),626294000_0,0 days 00:01:00,6.900655100058406e-07,252.3732245314356,0.0,0,6.511998421132255,57.798517,9.4922
2025-01-07 09:39:01,2025-01-07 09:39:01,Class A,626294000_0,57.7982,9.4901,Under way using engine,0.0,4.1,255.0,250.0,9274800,TRAV2,YANGTZE,Tanker,No additional information,44.0,249.0,Undefined,14.9,SUEZ,20/01/2025 18:00:00,AIS,POINT (9.4901 57.7982),626294000_0,0 days 00:01:01,-3.5578560903730586e-07,254.18528747203248,0.0,0,6.513894696158973,57.7982,9.4901
2025-01-07 09:40:01,2025-01-07 09:40:01,Class A,626294000_0,57.797817,9.488067,Under way using engine,0.0,4.1,251.0,250.0,9274800,TRAV2,YANGTZE,Tanker,No additional information,44.0,249.0,Undefined,14.9,SUEZ,20/01/2025 18:00:00,AIS,POINT (9.488067 57.797817),626294000_0,0 days 00:01:00,1.5396053693320465e-07,250.5314623461747,0.0,0,6.515706873685005,57.797817,9.488067
2025-01-07 09:41:01,2025-01-07 09:41:01,Class A,626294000_0,57.79745,9.486,Under way using engine,0.0,4.2,251.0,250.0,9274800,TRAV2,YANGTZE,Tanker,No additional information,44.0,249.0,Undefined,14.9,SUEZ,20/01/2025 18:00:00,AIS,POINT (9.486 57.79745),626294000_0,0 days 00:01:00,3.711873701131256e-07,251.5741575080056,0.0,0,6.5175564970123565,57.79745,9.486
2025-01-07 09:42:01,2025-01-07 09:42:01,Class A,626294000_0,57.797067,9.483917,Under way using engine,0.0,4.3,252.0,250.0,9274800,TRAV2,YANGTZE,Tanker,No additional information,44.0,249.0,Undefined,14.9,SUEZ,20/01/2025 18:00:00,AIS,POINT (9.483917 57.797067),626294000_0,0 days 00:01:00,4.09373483173258e-07,250.96518491589845,0.0,0,6.519416491802467,57.797067,9.483917
2025-01-07 09:43:01,2025-01-07 09:43:01,Class A,626294000_0,57.79665,9.48175,Under way using engine,0.0,4.4,250.0,250.0,9274800,TRAV2,YANGTZE,Tanker,No additional information,44.0,249.0,Undefined,14.9,SUEZ,20/01/2025 18:00:00,AIS,POINT (9.48175 57.79665),626294000_0,0 days 00:01:00,1.6586766731146096e-06,250.14687845089128,0.0,0,6.521345883822449,57.79665,9.48175
2025-01-07 09:44:01,2025-01-07 09:44:01,Class A,626294000_0,57.796267,9.479533,Under way using engine,0.0,4.3,250.0,250.0,9274800,TRAV2,YANGTZE,Tanker,No additional information,44.0,249.0,Undefined,14.9,SUEZ,20/01/2025 18:00:00,AIS,POINT (9.479533 57.796267),626294000_0,0 days 00:01:00,4.417068271786711e-07,252.0401378228521,0.0,0,6.523333549286745,57.796267,9.479533
2025-01-07 09:45:01,2025-01-07 09:45:01,Class A,626294000_0,57.795833,9.477417,Under way using engine,0.0,4.5,248.0,250.0,9274800,TRAV2,YANGTZE,Tanker,No additional information,44.0,249.0,Undefined,14.9,SUEZ,20/01/2025 18:00:00,AIS,POINT (9.477417 57.795833),626294000_0,0 days 00:01:00,-1.047080051472285e-06,248.9512924703569,0.0,0,6.525209532222087,57.795833,9.477417
2025-01-07 09:46:01,2025-01-07 09:46:01,Class A,626294000_0,57.795417,9.475167,Under way using engine,0.0,4.4,251.0,251.0,9274800,TRAV2,YANGTZE,Tanker,No additional information,44.0,249.0,Undefined,14.9,SUEZ,20/01/2025 18:00:00,AIS,POINT (9.475167 57.795417),626294000_0,0 days 00:01:00,1.8890262178384683e-06,250.8681694993826,0.0,0,6.527218647294267,57.795417,9.475167
2025-01-07 09:47:00,2025-01-07 09:47:00,Class A,626294000_0,57.795033,9.4731,Under way using engine,0.0,4.3,250.0,251.0,9274800,TRAV2,YANGTZE,Tanker,No additional information,44.0,249.0,Undefined,14.9,SUEZ,20/01/2025 18:00:00,AIS,POINT (9.4731 57.795033),626294000_0,0 days 00:00:59,-2.610901348998935e-06,250.78315989215008,0.0,0,6.529063946129259,57.795033,9.4731
2025-01-07 09:48:00,2025-01-07 09:48:00,Class A,626294000_0,57.794683,9.470933,Under way using engine,0.0,4.2,254.0,250.0,9274800,TRAV2,YANGTZE,Tanker,No additional information,44.0,249.0,Undefined,14.9,SUEZ,20/01/2025 18:00:00,AIS,POINT (9.470933 57.794683),626294000_0,0 days 00:01:00,6.337189559204049e-07,253.14124371543818,0.0,0,6.531015014778789,57.794683,9.470933
2025-01-07 09:49:00,2025-01-07 09:49:00,Class A,626294000_0,57.79425,9.469133,Under way using engine,0.0,3.6,245.0,250.0,9274800,TRAV2,YANGTZE,Tanker,No additional information,44.0,249.0,Undefined,14.9,SUEZ,20/01/2025 18:00:00,AIS,POINT (9.469133 57.79425),626294000_0,0 days 00:01:00,-4.786050789630933e-06,245.70828167284526,0.0,0,6.532591603549774,57.79425,9.469133
2025-01-07 09:50:00,2025-01-07 09:50:00,Class A,626294000_0,57.793917,9.467433,Under way using engine,0.0,3.5,250.0,250.0,9274800,TRAV2,YANGTZE,Tanker,No additional information,44.0,249.0,Undefined,14.9,SUEZ,20/01/2025 18:00:00,AIS,POINT (9.467433 57.793917),626294000_0,0 days 00:01:00,-2.6998364815881687e-06,249.82061440859405,0.0,0,6.534104301834338,57.793917,9.467433
2025-01-07 09:59:00,2025-01-07 09:59:00,Class A,626294000_0,57.7911,9.451783,Under way using engine,0.0,3.7,251.0,251.0,9274800,TRAV2,YANGTZE,Tanker,No additional information,44.0,249.0,Undefined,14.9,SUEZ,20/01/2025 18:00:00,AIS,POINT (9.451783 57.7911),626294000_0,0 days 00:09:00,4.465023021635486e-08,251.3457997426488,0.0,0,6.548111989334711,57.7911,9.451783
2025-01-07 10:00:00,2025-01-07 10:00:00,Class A,626294000_0,57.790817,9.449917,Under way using engine,0.0,3.7,251.0,250.0,9274800,TRAV2,YANGTZE,Tanker,No additional information,44.0,249.0,Undefined,14.9,SUEZ,20/01/2025 18:00:00,AIS,POINT (9.449917 57.790817),626294000_0,0 days 00:01:00,1.7322908925854276e-06,254.11774597613254,0.0,0,6.549799092459706,57.790817,9.449917
2025-01-07 10:01:00,2025-01-07 10:01:00,Class A,626294000_0,57.790467,9.448033,Under way using engine,0.0,3.7,251.0,249.0,9274800,TRAV2,YANGTZE,Tanker,No additional information,44.0,249.0,Undefined,14.9,SUEZ,20/01/2025 18:00:00,AIS,POINT (9.448033 57.790467),626294000_0,0 days 00:01:00,9.081491933325973e-07,250.78549139916356,0.0,0,6.551482723952646,57.790467,9.448033
2025-01-07 10:02:01,2025-01-07 10:02:01,Class A,626294000_0,57.790083,9.446233,Under way using engine,0.0,3.7,250.0,250.0,9274800,TRAV2,YANGTZE,Tanker,No additional information,44.0,249.0,Undefined,14.9,SUEZ,20/01/2025 18:00:00,AIS,POINT (9.446233 57.790083),626294000_0,0 days 00:01:01,-1.4331670246257222e-06,248.18773491775895,0.0,0,6.553076089216881,57.790083,9.446233
2025-01-07 10:03:01,2025-01-07 10:03:01,Class A,626294000_0,57.789683,9.444317,Under way using engine,0.0,3.8,249.0,250.0,9274800,TRAV2,YANGTZE,Tanker,No additional information,44.0,249.0,Undefined,14.9,SUEZ,20/01/2025 18:00:00,AIS,POINT (9.444317 57.789683),626294000_0,0 days 00:01:00,2.489629669029724e-06,248.6121994596832,0.0,0,6.55477498018063,57.789683,9.444317
2025-01-07 10:04:01,2025-01-07 10:04:01,Class A,626294000_0,57.789317,9.442433,Under way using engine,0.0,3.8,250.0,250.0,9274800,TRAV2,YANGTZE,Tanker,No additional information,44.0,249.0,Undefined,14.9,SUEZ,20/01/2025 18:00:00,AIS,POINT (9.442433 57.789317),626294000_0,0 days 00:01:00,-8.657192538742495e-07,249.97612506354704,0.0,0,6.556454066890883,57.789317,9.442433
2025-01-07 10:05:01,2025-01-07 10:05:01,Class A,626294000_0,57.788917,9.440617,Under way using engine,0.0,3.8,248.0,253.0,9274800,TRAV2,YANGTZE,Tanker,No additional information,44.0,249.0,Undefined,14.9,SUEZ,20/01/2025 18:00:00,AIS,POINT (9.440617 57.788917),626294000_0,0 days 00:01:00,-6.669105355816284e-07,247.54912119656575,0.0,0,6.558058114197067,57.788917,9.440617
2025-01-07 10:06:01,2025-01-07 10:06:01,Class A,626294000_0,57.78865,9.4386,Under way using engine,0.0,3.9,258.0,255.0,9274800,TRAV2,YANGTZE,Tanker,No additional information,44.0,249.0,Undefined,14.9,SUEZ,20/01/2025 18:00:00,AIS,POINT (9.4386 57.78865),626294000_0,0 days 00:01:00,1.8779783557317175e-06,256.0542436161297,0.0,0,6.559894507791112,57.78865,9.4386
2025-01-07 10:07:01,2025-01-07 10:07:01,Class A,626294000_0,57.788517,9.436633,Under way using engine,0.0,3.8,261.0,254.0,9274800,TRAV2,YANGTZE,Tanker,No additional information,44.0,249.0,Undefined,14.9,SUEZ,20/01/2025 18:00:00,AIS,POINT (9.436633 57.788517),626294000_0,0 days 00:01:00,-1.5749557300362919e-06,262.7715878487064,0.0,0,6.561724745617572,57.788517,9.436633
2025-01-07 10:08:01,2025-01-07 10:08:01,Class A,626294000_0,57.788283,9.434633,Under way using engine,0.0,3.8,258.0,255.0,9274800,TRAV2,YANGTZE,Tanker,No additional information,44.0,249.0,Undefined,14.9,SUEZ,20/01/2025 18:00:00,AIS,POINT (9.434633 57.788283),626294000_0,0 days 00:01:00,1.0696527055185878e-06,257.62116027975253,0.0,0,6.563555346263639,57.788283,9.434633
2025-01-07 10:09:01,2025-01-07 10:09:01,Class A,626294000_0,57.788067,9.432667,Under way using engine,0.0,3.9,259.0,255.0,9274800,TRAV2,YANGTZE,Tanker,No additional information,44.0,249.0,Undefined,14.9,SUEZ,20/01/2025 18:00:00,AIS,POINT (9.432667 57.788067),626294000_0,0 days 00:01:00,-6.650175220557292e-07,258.35462053636996,0.0,0,6.565359249011891,57.788067,9.432667
2025-01-07 10:10:01,2025-01-07 10:10:01,Class A,626294000_0,57.787833,9.430683,Under way using engine,0.0,3.9,259.0,255.0,9274800,TRAV2,YANGTZE,Tanker,No additional information,44.0,249.0,Undefined,14.9,SUEZ,20/01/2025 18:00:00,AIS,POINT (9.430683 57.787833),626294000_0,0 days 00:01:00,4.0722627650089e-07,257.5245822638737,0.0,0,6.567174837254297,57.787833,9.430683
2025-01-07 10:11:01,2025-01-07 10:11:01,Class A,626294000_0,57.787617,9.428717,Under way using engine,0.0,3.8,260.0,256.0,9274800,TRAV2,YANGTZE,Tanker,No additional information,44.0,249.0,Undefined,14.9,SUEZ,20/01/2025 18:00:00,AIS,POINT (9.428717 57.787617),626294000_0,0 days 00:01:00,-4.0683049078136357e-07,258.3547617483544,0.0,0,6.568978943031099,57.787617,9.428717
2025-01-07 10:12:01,2025-01-07 10:12:01,Class A,626294000_0,57.787417,9.42685,Under way using engine,0.0,3.7,259.0,254.0,9274800,TRAV2,YANGTZE,Tanker,No additional information,44.0,249.0,Undefined,14.9,SUEZ,20/01/2025 18:00:00,AIS,POINT (9.42685 57.787417),626294000_0,0 days 00:01:00,-1.701397640638558e-06,258.6379926424706,0.0,0,6.570693869518576,57.787417,9.42685
2025-01-07 10:13:01,2025-01-07 10:13:01,Class A,626294000_0,57.787167,9.424933,Under way using engine,0.0,3.8,257.0,255.0,9274800,TRAV2,YANGTZE,Tanker,No additional information,44.0,249.0,Undefined,14.9,SUEZ,20/01/2025 18:00:00,AIS,POINT (9.424933 57.787167),626294000_0,0 days 00:01:00,1.1425445653443746e-06,256.2536318015981,0.0,0,6.5724410892947525,57.787167,9.424933
2025-01-07 10:14:01,2025-01-07 10:14:01,Class A,626294000_0,57.786983,9.422933,Under way using engine,0.0,3.8,260.0,253.0,9274800,TRAV2,YANGTZE,Tanker,No additional information,44.0,249.0,Undefined,14.9,SUEZ,20/01/2025 18:00:00,AIS,POINT (9.422933 57.786983),626294000_0,0 days 00:01:00,9.277051629553957e-07,260.2088498223613,0.0,0,6.574287680795996,57.786983,9.422933
2025-01-07 10:15:01,2025-01-07 10:15:01,Class A,626294000_0,57.786783,9.421033,Under way using engine,0.0,3.7,257.0,250.0,9274800,TRAV2,YANGTZE,Tanker,No additional information,44.0,249.0,Undefined,14.9,SUEZ,20/01/2025 18:00:00,AIS,POINT (9.421033 57.786783),626294000_0,0 days 00:01:00,-1.5349196724836765e-06,258.83054656865056,0.0,0,6.576034288115141,57.786783,9.421033
2025-01-07 10:16:01,2025-01-07 10:16:01,Class A,626294000_0,57.7865,9.419167,Under way using engine,0.0,3.6,254.0,250.0,9274800,TRAV2,YANGTZE,Tanker,No additional information,44.0,249.0,Undefined,14.9,SUEZ,20/01/2025 18:00:00,AIS,POINT (9.419167 57.7865),626294000_0,0 days 00:01:00,5.345661235231199e-08,254.1195495559057,0.0,0,6.577723138564361,57.7865,9.419167
2025-01-07 10:17:01,2025-01-07 10:17:01,Class A,626294000_0,57.786217,9.417317,Under way using engine,0.0,3.8,254.0,250.0,9274800,TRAV2,YANGTZE,Tanker,No additional information,44.0,249.0,Undefined,14.9,SUEZ,20/01/2025 18:00:00,AIS,POINT (9.417317 57.786217),626294000_0,0 days 00:01:00,-2.5400773505224576e-07,253.9893229456795,0.0,0,6.579396869530367,57.786217,9.417317
2025-01-07 10:18:01,2025-01-07 10:18:01,Class A,626294000_0,57.785917,9.415383,Under way using engine,0.0,3.7,256.0,248.0,9274800,TRAV2,YANGTZE,Tanker,No additional information,44.0,249.0,Undefined,14.9,SUEZ,20/01/2025 18:00:00,AIS,POINT (9.415383 57.785917),626294000_0,0 days 00:01:00,1.4796119943908581e-06,253.7766097953084,0.0,0,6.581145437251025,57.785917,9.415383
2025-01-07 10:19:01,2025-01-07 10:19:01,Class A,626294000_0,57.785567,9.413617,Under way using engine,0.0,3.6,248.0,244.0,9274800,TRAV2,YANGTZE,Tanker,No additional information,44.0,249.0,Undefined,14.9,SUEZ,20/01/2025 18:00:00,AIS,POINT (9.413617 57.785567),626294000_0,0 days 00:01:00,-2.152009976739214e-06,249.6069054976344,0.0,0,6.582718884107538,57.785567,9.413617
2025-01-07 10:20:01,2025-01-07 10:20:01,Class A,626294000_0,57.785083,9.4119,Under way using engine,0.0,3.6,236.0,240.0,9274800,TRAV2,YANGTZE,Tanker,No additional information,44.0,249.0,Undefined,14.9,SUEZ,20/01/2025 18:00:00,AIS,POINT (9.4119 57.785083),626294000_0,0 days 00:01:00,9.55341593417693e-07,242.1318954153686,0.0,0,6.584204721714309,57.785083,9.4119
2025-01-07 10:21:01,2025-01-07 10:21:01,Class A,626294000_0,57.784483,9.410383,Under way using engine,0.0,3.7,233.0,240.0,9274800,TRAV2,YANGTZE,Tanker,No additional information,44.0,249.0,Undefined,14.9,SUEZ,20/01/2025 18:00:00,AIS,POINT (9.410383 57.784483),626294000_0,0 days 00:01:00,-8.887624676243271e-07,233.4282398922222,0.0,0,6.58546478153714,57.784483,9.410383
2025-01-07 10:22:00,2025-01-07 10:22:00,Class A,626294000_0,57.7838,9.408933,Under way using engine,0.0,3.7,230.0,242.0,9274800,TRAV2,YANGTZE,Tanker,No additional information,44.0,249.0,Undefined,14.9,SUEZ,20/01/2025 18:00:00,AIS,POINT (9.408933 57.7838),626294000_0,0 days 00:00:59,1.3183296681216195e-06,228.53812204000673,0.0,0,6.586635801990953,57.7838,9.408933
2025-01-07 10:23:00,2025-01-07 10:23:00,Class A,626294000_0,57.783167,9.407367,Under way using engine,0.0,3.7,231.0,241.0,9274800,TRAV2,YANGTZE,Tanker,No additional information,44.0,249.0,Undefined,14.9,SUEZ,20/01/2025 18:00:00,AIS,POINT (9.407367 57.783167),626294000_0,0 days 00:01:00,-3.5590621355018784e-08,232.83106461159184,0.0,0,6.587932741625857,57.783167,9.407367
2025-01-07 10:24:00,2025-01-07 10:24:00,Class A,626294000_0,57.782517,9.405883,Under way using engine,0.0,3.7,230.0,240.0,9274800,TRAV2,YANGTZE,Tanker,No additional information,44.0,249.0,Undefined,14.9,SUEZ,20/01/2025 18:00:00,AIS,POINT (9.405883 57.782517),626294000_0,0 days 00:01:00,-7.386733643881029e-07,230.59499680518636,0.0,0,6.5891465902080215,57.782517,9.405883
2025-01-07 10:25:00,2025-01-07 10:25:00,Class A,626294000_0,57.781817,9.404333,Under way using engine,0.0,3.8,231.0,241.0,9274800,TRAV2,YANGTZE,Tanker,No additional information,44.0,249.0,Undefined,14.9,SUEZ,20/01/2025 18:00:00,AIS,POINT (9.404333 57.781817),626294000_0,0 days 00:01:00,1.8283616439913742e-06,229.7333255513297,0.0,0,6.590408160292501,57.781817,9.404333
2025-01-07 10:26:00,2025-01-07 10:26:00,Class A,626294000_0,57.781167,9.4028,Under way using engine,0.0,3.8,234.0,241.0,9274800,TRAV2,YANGTZE,Tanker,No additional information,44.0,249.0,Undefined,14.9,SUEZ,20/01/2025 18:00:00,AIS,POINT (9.4028 57.781167),626294000_0,0 days 00:01:00,-1.1974106690215536e-06,231.50598788514267,0.0,0,6.591669024096175,57.781167,9.4028
2025-01-07 10:27:00,2025-01-07 10:27:00,Class A,626294000_0,57.7805,9.401217,Under way using engine,0.0,3.8,235.0,241.0,9274800,TRAV2,YANGTZE,Tanker,No additional information,44.0,249.0,Undefined,14.9,SUEZ,20/01/2025 18:00:00,AIS,POINT (9.401217 57.7805),626294000_0,0 days 00:01:00,9.746917944602314e-07,231.68161281364482,0.0,0,6.592972483410271,57.7805,9.401217
2025-01-07 10:28:00,2025-01-07 10:28:00,Class A,626294000_0,57.77985,9.39955,Under way using engine,0.0,3.9,232.0,241.0,9274800,TRAV2,YANGTZE,Tanker,No additional information,44.0,249.0,Undefined,14.9,SUEZ,20/01/2025 18:00:00,AIS,POINT (9.39955 57.77985),626294000_0,0 days 00:01:00,7.883715706500193e-07,233.82161530709078,0.0,0,6.594361311821488,57.77985,9.39955
2025-01-07 10:29:00,2025-01-07 10:29:00,Class A,626294000_0,57.7792,9.397883,Under way using engine,0.0,4.0,233.0,240.0,9274800,TRAV2,YANGTZE,Tanker,No additional information,44.0,249.0,Undefined,14.9,SUEZ,20/01/2025 18:00:00,AIS,POINT (9.397883 57.7792),626294000_0,0 days 00:01:00,3.985722998317796e-10,233.82210673698904,0.0,0,6.595750333166729,57.7792,9.397883
2025-01-07 10:30:00,2025-01-07 10:30:00,Class A,626294000_0,57.778467,9.396367,Under way using engine,0.0,3.8,226.0,241.0,9274800,TRAV2,YANGTZE,Tanker,No additional information,44.0,249.0,Undefined,14.9,SUEZ,20/01/2025 18:00:00,AIS,POINT (9.396367 57.778467),626294000_0,0 days 00:01:00,-3.1495268075491513e-07,227.79809887482025,0.0,0,6.596970426884298,57.778467,9.396367
2025-01-07 10:31:00,2025-01-07 10:31:00,Class A,626294000_0,57.777833,9.394767,Under way using engine,0.0,3.8,232.0,240.0,9274800,TRAV2,YANGTZE,Tanker,No additional information,44.0,249.0,Undefined,14.9,SUEZ,20/01/2025 18:00:00,AIS,POINT (9.394767 57.777833),626294000_0,0 days 00:01:00,-8.694778185912256e-07,233.3825686209552,0.0,0,6.5983009059304045,57.777833,9.394767
2025-01-07 10:32:00,2025-01-07 10:32:00,Class A,626294000_0,57.777167,9.393283,Under way using engine,0.0,3.7,228.0,237.0,9274800,TRAV2,YANGTZE,Tanker,No additional information,44.0,249.0,Undefined,14.9,SUEZ,20/01/2025 18:00:00,AIS,POINT (9.393283 57.777167),626294000_0,0 days 00:01:00,-8.91067069426766e-07,229.91422443616275,0.0,0,6.5995113310949005,57.777167,9.393283
2025-01-07 10:33:00,2025-01-07 10:33:00,Class A,626294000_0,57.7764,9.39185,Under way using engine,0.0,3.8,224.0,235.0,9274800,TRAV2,YANGTZE,Tanker,No additional information,44.0,249.0,Undefined,14.9,SUEZ,20/01/2025 18:00:00,AIS,POINT (9.39185 57.7764),626294000_0,0 days 00:01:00,1.4934606556397533e-06,224.8921965396865,0.0,0,6.6006426001828045,57.7764,9.39185
2025-01-07 10:34:00,2025-01-07 10:34:00,Class A,626294000_0,57.775583,9.390533,Under way using engine,0.0,3.9,224.0,236.0,9274800,TRAV2,YANGTZE,Tanker,No additional information,44.0,249.0,Undefined,14.9,SUEZ,20/01/2025 18:00:00,AIS,POINT (9.390533 57.775583),626294000_0,0 days 00:01:00,-1.692218643920502e-07,220.68177264644999,0.0,0,6.601648361058471,57.775583,9.390533
2025-01-07 10:35:00,2025-01-07 10:35:00,Class A,626294000_0,57.774733,9.389183,Under way using engine,0.0,4.0,221.0,236.0,9274800,TRAV2,YANGTZE,Tanker,No additional information,44.0,249.0,Undefined,14.9,SUEZ,20/01/2025 18:00:00,AIS,POINT (9.389183 57.774733),626294000_0,0 days 00:01:00,1.1307752571904865e-06,220.26235223988402,0.0,0,6.602675730934088,57.774733,9.389183
2025-01-07 10:36:00,2025-01-07 10:36:00,Class A,626294000_0,57.773933,9.387783,Under way using engine,0.0,3.8,220.0,235.0,9274800,TRAV2,YANGTZE,Tanker,No additional information,44.0,249.0,Undefined,14.9,SUEZ,20/01/2025 18:00:00,AIS,POINT (9.387783 57.773933),626294000_0,0 days 00:01:00,-6.051241339463794e-07,223.02147600932142,0.0,0,6.603766160023081,57.773933,9.387783
2025-01-07 10:37:00,2025-01-07 10:37:00,Class A,626294000_0,57.773167,9.386533,Under way using engine,0.0,3.7,224.0,236.0,9274800,TRAV2,YANGTZE,Tanker,No additional information,44.0,249.0,Undefined,14.9,SUEZ,20/01/2025 18:00:00,AIS,POINT (9.386533 57.773167),626294000_0,0 days 00:01:00,-2.442355914993911e-06,221.03076084928048,0.0,0,6.604724224693261,57.773167,9.386533
2025-01-07 10:38:00,2025-01-07 10:38:00,Class A,626294000_0,57.772333,9.3853,Under way using engine,0.0,3.7,217.0,236.0,9274800,TRAV2,YANGTZE,Tanker,No additional information,44.0,249.0,Undefined,14.9,SUEZ,20/01/2025 18:00:00,AIS,POINT (9.3853 57.772333),626294000_0,0 days 00:01:00,1.4399499006607564e-06,218.25306399385755,0.0,0,6.605645628403404,57.772333,9.3853
2025-01-07 10:39:00,2025-01-07 10:39:00,Class A,626294000_0,57.77155,9.384067,Under way using engine,0.0,3.7,220.0,235.0,9274800,TRAV2,YANGTZE,Tanker,No additional information,44.0,249.0,Undefined,14.9,SUEZ,20/01/2025 18:00:00,AIS,POINT (9.384067 57.77155),626294000_0,0 days 00:01:00,-1.222712612496789e-06,220.02337134416962,0.0,0,6.606582718024878,57.77155,9.384067
2025-01-07 10:41:00,2025-01-07 10:41:00,Class A,626294000_0,57.7699,9.3815,Under way using engine,0.0,3.8,219.0,235.0,9274800,TRAV2,YANGTZE,Tanker,No additional information,44.0,249.0,Undefined,14.9,SUEZ,20/01/2025 18:00:00,AIS,POINT (9.3815 57.7699),626294000_0,0 days 00:02:00,7.66361917910218e-07,219.68354055329672,0.0,0,6.608528245944628,57.7699,9.3815
2025-01-07 10:42:00,2025-01-07 10:42:00,Class A,626294000_0,57.769083,9.3802,Under way using engine,0.0,3.8,221.0,235.0,9274800,TRAV2,YANGTZE,Tanker,No additional information,44.0,249.0,Undefined,14.9,SUEZ,20/01/2025 18:00:00,AIS,POINT (9.3802 57.769083),626294000_0,0 days 00:01:00,-1.3451473321512165e-08,220.31924450144552,0.0,0,6.609519471840975,57.769083,9.3802
2025-01-07 10:43:00,2025-01-07 10:43:00,Class A,626294000_0,57.768283,9.3789,Under way using engine,0.0,3.7,221.0,236.0,9274800,TRAV2,YANGTZE,Tanker,No additional information,44.0,249.0,Undefined,14.9,SUEZ,20/01/2025 18:00:00,AIS,POINT (9.3789 57.768283),626294000_0,0 days 00:01:00,-3.985951873481915e-07,220.91521907633233,0.0,0,6.6105160539737735,57.768283,9.3789
2025-01-07 10:44:00,2025-01-07 10:44:00,Class A,626294000_0,57.767517,9.377583,Under way using engine,0.0,3.7,223.0,235.0,9274800,TRAV2,YANGTZE,Tanker,No additional information,44.0,249.0,Undefined,14.9,SUEZ,20/01/2025 18:00:00,AIS,POINT (9.377583 57.767517),626294000_0,0 days 00:01:00,-5.970053364245205e-07,222.52139304350445,0.0,0,6.611539331823566,57.767517,9.377583
2025-01-07 10:45:00,2025-01-07 10:45:00,Class A,626294000_0,57.766733,9.3763,Under way using engine,0.0,3.7,220.0,236.0,9274800,TRAV2,YANGTZE,Tanker,No additional information,44.0,249.0,Undefined,14.9,SUEZ,20/01/2025 18:00:00,AIS,POINT (9.3763 57.766733),626294000_0,0 days 00:01:00,3.978354156582356e-08,221.11615483763183,0.0,0,6.612524950186955,57.766733,9.3763
2025-01-07 10:46:00,2025-01-07 10:46:00,Class A,626294000_0,57.765967,9.375017,Under way using engine,0.0,3.6,220.0,235.0,9274800,TRAV2,YANGTZE,Tanker,No additional information,44.0,249.0,Undefined,14.9,SUEZ,20/01/2025 18:00:00,AIS,POINT (9.375017 57.765967),626294000_0,0 days 00:01:00,-4.167741592369958e-07,221.7770361343052,0.0,0,6.613516205800513,57.765967,9.375017
2025-01-07 10:47:00,2025-01-07 10:47:00,Class A,626294000_0,57.765167,9.373883,Under way using engine,0.0,3.6,218.0,236.0,9274800,TRAV2,YANGTZE,Tanker,No additional information,44.0,249.0,Undefined,14.9,SUEZ,20/01/2025 18:00:00,AIS,POINT (9.373883 57.765167),626294000_0,0 days 00:01:00,-7.550834422370657e-07,217.09241550077982,0.0,0,6.614355342076052,57.765167,9.373883
2025-01-07 10:48:00,2025-01-07 10:48:00,Class A,626294000_0,57.764417,9.3727,Under way using engine,0.0,3.6,218.0,235.0,9274800,TRAV2,YANGTZE,Tanker,No additional information,44.0,249.0,Undefined,14.9,SUEZ,20/01/2025 18:00:00,AIS,POINT (9.3727 57.764417),626294000_0,0 days 00:01:00,-7.024267533763848e-07,220.07586290231922,0.0,0,6.615256476345343,57.764417,9.3727
2025-01-07 10:49:00,2025-01-07 10:49:00,Class A,626294000_0,57.763583,9.371533,Under way using engine,0.0,3.6,217.0,236.0,9274800,TRAV2,YANGTZE,Tanker,No additional information,44.0,249.0,Undefined,14.9,SUEZ,20/01/2025 18:00:00,AIS,POINT (9.371533 57.763583),626294000_0,0 days 00:01:00,1.871439246398229e-06,216.73768404233107,0.0,0,6.616117173166296,57.763583,9.371533
2025-01-07 10:50:00,2025-01-07 10:50:00,Class A,626294000_0,57.762833,9.370417,Under way using engine,0.0,3.5,220.0,236.0,9274800,TRAV2,YANGTZE,Tanker,No additional information,44.0,249.0,Undefined,14.9,SUEZ,20/01/2025 18:00:00,AIS,POINT (9.370417 57.762833),626294000_0,0 days 00:01:00,-2.5727935658460707e-06,218.4404972226185,0.0,0,6.616954789584255,57.762833,9.370417
2025-01-07 10:51:00,2025-01-07 10:51:00,Class A,626294000_0,57.7621,9.369117,Under way using engine,0.0,3.6,222.0,235.0,9274800,TRAV2,YANGTZE,Tanker,No additional information,44.0,249.0,Undefined,14.9,SUEZ,20/01/2025 18:00:00,AIS,POINT (9.369117 57.7621),626294000_0,0 days 00:01:00,1.599868170792065e-06,223.41276140298856,0.0,0,6.6179731337324865,57.7621,9.369117
2025-01-07 10:52:00,2025-01-07 10:52:00,Class A,626294000_0,57.761317,9.367867,Under way using engine,0.0,3.6,224.0,235.0,9274800,TRAV2,YANGTZE,Tanker,No additional information,44.0,249.0,Undefined,14.9,SUEZ,20/01/2025 18:00:00,AIS,POINT (9.367867 57.761317),626294000_0,0 days 00:01:00,5.977225205003627e-07,220.41821450420173,0.0,0,6.618928912685646,57.761317,9.367867
2025-01-07 10:53:00,2025-01-07 10:53:00,Class A,626294000_0,57.7605,9.36675,Under way using engine,0.0,3.5,219.0,237.0,9274800,TRAV2,YANGTZE,Tanker,No additional information,44.0,249.0,Undefined,14.9,SUEZ,20/01/2025 18:00:00,AIS,POINT (9.36675 57.7605),626294000_0,0 days 00:01:00,-5.382243666464313e-07,216.10509171380738,0.0,0,6.619747818198817,57.7605,9.36675
2025-01-07 10:54:00,2025-01-07 10:54:00,Class A,626294000_0,57.759783,9.36555,Under way using engine,0.0,3.4,221.0,234.0,9274800,TRAV2,YANGTZE,Tanker,No additional information,44.0,249.0,Undefined,14.9,SUEZ,20/01/2025 18:00:00,AIS,POINT (9.36555 57.759783),626294000_0,0 days 00:01:00,-1.5429564547486125e-06,221.75988244282334,0.0,0,6.620676168787066,57.759783,9.36555
2025-01-07 10:55:00,2025-01-07 10:55:00,Class A,626294000_0,57.759033,9.364417,Under way using engine,0.0,3.3,221.0,236.0,9274800,TRAV2,YANGTZE,Tanker,No additional information,44.0,249.0,Undefined,14.9,SUEZ,20/01/2025 18:00:00,AIS,POINT (9.364417 57.759033),626294000_0,0 days 00:01:00,6.057702526100873e-08,218.86595435555503,0.0,0,6.621530859235046,57.759033,9.364417
2025-01-07 10:56:01,2025-01-07 10:56:01,Class A,626294000_0,57.758333,9.36315,Under way using engine,0.0,3.5,223.0,235.0,9274800,TRAV2,YANGTZE,Tanker,No additional information,44.0,249.0,Undefined,14.9,SUEZ,20/01/2025 18:00:00,AIS,POINT (9.36315 57.758333),626294000_0,0 days 00:01:01,-1.8131299352533082e-07,223.9982085292811,0.0,0,6.622528552142679,57.758333,9.36315
2025-01-07 10:57:01,2025-01-07 10:57:01,Class A,626294000_0,57.757533,9.36195,Under way using engine,0.0,3.6,218.0,236.0,9274800,TRAV2,YANGTZE,Tanker,No additional information,44.0,249.0,Undefined,14.9,SUEZ,20/01/2025 18:00:00,AIS,POINT (9.36195 57.757533),626294000_0,0 days 00:01:00,2.0845372682754617e-06,218.66891329209986,0.0,0,6.623432447420673,57.757533,9.36195
2025-01-07 10:58:01,2025-01-07 10:58:01,Class A,626294000_0,57.756767,9.360767,Under way using engine,0.0,3.4,220.0,235.0,9274800,TRAV2,YANGTZE,Tanker,No additional information,44.0,249.0,Undefined,14.9,SUEZ,20/01/2025 18:00:00,AIS,POINT (9.360767 57.756767),626294000_0,0 days 00:01:00,-9.93105433455229e-07,219.48711226307404,0.0,0,6.624330534732247,57.756767,9.360767
2025-01-07 10:59:01,2025-01-07 10:59:01,Class A,626294000_0,57.75605,9.359667,Under way using engine,0.0,3.1,220.0,235.0,9274800,TRAV2,YANGTZE,Tanker,No additional information,44.0,249.0,Undefined,14.9,SUEZ,20/01/2025 18:00:00,AIS,POINT (9.359667 57.75605),626294000_0,0 days 00:01:00,-2.0424523919851774e-06,219.30114517338097,0.0,0,6.625164347010948,57.75605,9.359667
2025-01-07 11:00:01,2025-01-07 11:00:01,Class A,626294000_0,57.755317,9.358817,Under way using engine,0.0,3.0,214.0,236.0,9274800,TRAV2,YANGTZE,Tanker,No additional information,44.0,249.0,Undefined,14.9,SUEZ,20/01/2025 18:00:00,AIS,POINT (9.358817 57.755317),626294000_0,0 days 00:01:00,-2.0067518375807543e-06,211.74509495177733,0.0,0,6.625755041109352,57.755317,9.358817
2025-01-07 11:01:01,2025-01-07 11:01:01,Class A,626294000_0,57.7546,9.357917,Under way using engine,0.0,3.1,210.0,236.0,9274800,TRAV2,YANGTZE,Tanker,No additional information,44.0,249.0,Undefined,14.9,SUEZ,20/01/2025 18:00:00,AIS,POINT (9.357917 57.7546),626294000_0,0 days 00:01:00,3.248317517282615e-08,213.81127890788724,0.0,0,6.626398369642819,57.7546,9.357917
2025-01-07 11:02:01,2025-01-07 11:02:01,Class A,626294000_0,57.7539,9.357017,Under way using engine,0.0,3.0,218.0,237.0,9274800,TRAV2,YANGTZE,Tanker,No additional information,44.0,249.0,Undefined,14.9,SUEZ,20/01/2025 18:00:00,AIS,POINT (9.357017 57.7539),626294000_0,0 days 00:01:00,-4.3492707893905395e-07,214.45031401938047,0.0,0,6.627046934027629,57.7539,9.357017
2025-01-07 11:03:01,2025-01-07 11:03:01,Class A,626294000_0,57.753217,9.3559,Under way using engine,0.0,3.2,222.0,237.0,9274800,TRAV2,YANGTZE,Tanker,No additional information,44.0,249.0,Undefined,14.9,SUEZ,20/01/2025 18:00:00,AIS,POINT (9.3559 57.753217),626294000_0,0 days 00:01:00,1.7890165986226433e-06,221.10856322393602,0.0,0,6.62790774744406,57.753217,9.3559
2025-01-07 11:04:01,2025-01-07 11:04:01,Class A,626294000_0,57.752517,9.354867,Under way using engine,0.0,3.2,215.0,235.0,9274800,TRAV2,YANGTZE,Tanker,No additional information,44.0,249.0,Undefined,14.9,SUEZ,20/01/2025 18:00:00,AIS,POINT (9.354867 57.752517),626294000_0,0 days 00:01:00,-4.830969971495821e-07,218.21733625646218,0.0,0,6.6286834732989,57.752517,9.354867
2025-01-07 11:05:01,2025-01-07 11:05:01,Class A,626294000_0,57.751783,9.353817,Under way using engine,0.0,3.2,216.0,235.0,9274800,TRAV2,YANGTZE,Tanker,No additional information,44.0,249.0,Undefined,14.9,SUEZ,20/01/2025 18:00:00,AIS,POINT (9.353817 57.751783),626294000_0,0 days 00:01:00,1.0034066219225326e-06,217.35492418577064,0.0,0,6.6294653804060255,57.751783,9.353817
2025-01-07 11:06:00,2025-01-07 11:06:00,Class A,626294000_0,57.751067,9.352733,Under way using engine,0.0,3.3,219.0,236.0,9274800,TRAV2,YANGTZE,Tanker,No additional information,44.0,249.0,Undefined,14.9,SUEZ,20/01/2025 18:00:00,AIS,POINT (9.352733 57.751067),626294000_0,0 days 00:00:59,3.9997605411693977e-07,218.9332145612664,0.0,0,6.6302852719358905,57.751067,9.352733
2025-01-07 11:07:00,2025-01-07 11:07:00,Class A,626294000_0,57.75035,9.35165,Under way using engine,0.0,3.3,220.0,235.0,9274800,TRAV2,YANGTZE,Tanker,No additional information,44.0,249.0,Undefined,14.9,SUEZ,20/01/2025 18:00:00,AIS,POINT (9.35165 57.75035),626294000_0,0 days 00:01:00,-4.691267836825734e-07,218.8688457282869,0.0,0,6.631104063219638,57.75035,9.35165
2025-01-07 11:08:00,2025-01-07 11:08:00,Class A,626294000_0,57.749617,9.35045,Under way using engine,0.0,3.4,220.0,235.0,9274800,TRAV2,YANGTZE,Tanker,No additional information,44.0,249.0,Undefined,14.9,SUEZ,20/01/2025 18:00:00,AIS,POINT (9.35045 57.749617),626294000_0,0 days 00:01:00,1.6248358687401496e-06,221.14047849034162,0.0,0,6.632029869001571,57.749617,9.35045
2025-01-07 11:09:00,2025-01-07 11:09:00,Class A,626294000_0,57.748883,9.3492,Under way using engine,0.0,3.6,224.0,234.0,9274800,TRAV2,YANGTZE,Tanker,No additional information,44.0,249.0,Undefined,14.9,SUEZ,20/01/2025 18:00:00,AIS,POINT (9.3492 57.748883),626294000_0,0 days 00:01:00,5.74138501832351e-07,222.26392684588555,0.0,0,6.6330032591764185,57.748883,9.3492
2025-01-07 11:10:00,2025-01-07 11:10:00,Class A,626294000_0,57.74805,9.3482,Under way using engine,0.0,3.3,213.0,235.0,9274800,TRAV2,YANGTZE,Tanker,No additional information,44.0,249.0,Undefined,14.9,SUEZ,20/01/2025 18:00:00,AIS,POINT (9.3482 57.74805),626294000_0,0 days 00:01:00,-8.809982555339494e-08,212.6448935869634,0.0,0,6.633708664551676,57.74805,9.3482
2025-01-07 11:11:00,2025-01-07 11:11:00,Class A,626294000_0,57.7473,9.347167,Under way using engine,0.0,3.3,219.0,236.0,9274800,TRAV2,YANGTZE,Tanker,No additional information,44.0,249.0,Undefined,14.9,SUEZ,20/01/2025 18:00:00,AIS,POINT (9.347167 57.7473),626294000_0,0 days 00:01:00,-1.8066656507277717e-06,216.3167818124839,0.0,0,6.634470526907554,57.7473,9.347167
2025-01-07 11:12:00,2025-01-07 11:12:00,Class A,626294000_0,57.746583,9.345983,Under way using engine,0.0,3.2,221.0,235.0,9274800,TRAV2,YANGTZE,Tanker,No additional information,44.0,249.0,Undefined,14.9,SUEZ,20/01/2025 18:00:00,AIS,POINT (9.345983 57.746583),626294000_0,0 days 00:01:00,7.752107309679311e-07,221.3884711928836,0.0,0,6.635386514670114,57.746583,9.345983
2025-01-07 11:13:00,2025-01-07 11:13:00,Class A,626294000_0,57.745817,9.3449,Under way using engine,0.0,3.4,214.0,235.0,9274800,TRAV2,YANGTZE,Tanker,No additional information,44.0,249.0,Undefined,14.9,SUEZ,20/01/2025 18:00:00,AIS,POINT (9.3449 57.745817),626294000_0,0 days 00:01:00,1.1656509287488924e-07,217.03588194581354,0.0,0,6.636191646616981,57.745817,9.3449
2025-01-07 11:14:00,2025-01-07 11:14:00,Class A,626294000_0,57.7451,9.3438,Under way using engine,0.0,3.3,219.0,236.0,9274800,TRAV2,YANGTZE,Tanker,No additional information,44.0,249.0,Undefined,14.9,SUEZ,20/01/2025 18:00:00,AIS,POINT (9.3438 57.7451),626294000_0,0 days 00:01:00,-1.0168398126288156e-06,219.30965187586702,0.0,0,6.637027781458204,57.7451,9.3438
2025-01-07 11:15:00,2025-01-07 11:15:00,Class A,626294000_0,57.74435,9.342633,Under way using engine,0.0,3.3,220.0,236.0,9274800,TRAV2,YANGTZE,Tanker,No additional information,44.0,249.0,Undefined,14.9,SUEZ,20/01/2025 18:00:00,AIS,POINT (9.342633 57.74435),626294000_0,0 days 00:01:00,1.4932279690261745e-06,219.70759313875737,0.0,0,6.637918193332077,57.74435,9.342633
2025-01-07 11:16:00,2025-01-07 11:16:00,Class A,626294000_0,57.74365,9.3414,Under way using engine,0.0,3.5,222.0,235.0,9274800,TRAV2,YANGTZE,Tanker,No additional information,44.0,249.0,Undefined,14.9,SUEZ,20/01/2025 18:00:00,AIS,POINT (9.3414 57.74365),626294000_0,0 days 00:01:00,-4.342507516832476e-07,223.23148039260965,0.0,0,6.638886672066937,57.74365,9.3414
2025-01-07 11:17:00,2025-01-07 11:17:00,Class A,626294000_0,57.742883,9.340183,Under way using engine,0.0,3.5,219.0,237.0,9274800,TRAV2,YANGTZE,Tanker,No additional information,44.0,249.0,Undefined,14.9,SUEZ,20/01/2025 18:00:00,AIS,POINT (9.340183 57.742883),626294000_0,0 days 00:01:00,1.3695226500878583e-06,220.25992958913787,0.0,0,6.639820093019539,57.742883,9.340183
2025-01-07 11:18:00,2025-01-07 11:18:00,Class A,626294000_0,57.7422,9.3389,Under way using engine,0.0,3.5,222.0,234.0,9274800,TRAV2,YANGTZE,Tanker,No additional information,44.0,249.0,Undefined,14.9,SUEZ,20/01/2025 18:00:00,AIS,POINT (9.3389 57.7422),626294000_0,0 days 00:01:00,-1.169168933741229e-06,225.074631860923,0.0,0,6.64084169754467,57.7422,9.3389
2025-01-07 11:19:00,2025-01-07 11:19:00,Class A,626294000_0,57.741417,9.337967,Under way using engine,0.0,3.3,207.0,234.0,9274800,TRAV2,YANGTZE,Tanker,No additional information,44.0,249.0,Undefined,14.9,SUEZ,20/01/2025 18:00:00,AIS,POINT (9.337967 57.741417),626294000_0,0 days 00:01:00,-1.2263291852463516e-06,212.45608533916942,0.0,0,6.6414995592852355,57.741417,9.337967
2025-01-07 11:20:00,2025-01-07 11:20:00,Class A,626294000_0,57.740633,9.337017,Under way using engine,0.0,3.3,211.0,237.0,9274800,TRAV2,YANGTZE,Tanker,No additional information,44.0,249.0,Undefined,14.9,SUEZ,20/01/2025 18:00:00,AIS,POINT (9.337017 57.740633),626294000_0,0 days 00:01:00,1.7825009156215315e-07,212.89356408422822,0.0,0,6.642173513677734,57.740633,9.337017
2025-01-07 11:21:00,2025-01-07 11:21:00,Class A,626294000_0,57.73995,9.335967,Under way using engine,0.0,3.0,220.0,236.0,9274800,TRAV2,YANGTZE,Tanker,No additional information,44.0,249.0,Undefined,14.9,SUEZ,20/01/2025 18:00:00,AIS,POINT (9.335967 57.73995),626294000_0,0 days 00:01:00,-1.5474935045268267e-06,219.37153830652844,0.0,0,6.642973119071384,57.73995,9.335967
2025-01-07 11:22:00,2025-01-07 11:22:00,Class A,626294000_0,57.739217,9.335,Under way using engine,0.0,3.2,216.0,236.0,9274800,TRAV2,YANGTZE,Tanker,No additional information,44.0,249.0,Undefined,14.9,SUEZ,20/01/2025 18:00:00,AIS,POINT (9.335 57.739217),626294000_0,0 days 00:01:00,3.982845316332407e-07,215.1523252890598,0.0,0,6.643678760673861,57.739217,9.335
2025-01-07 11:23:00,2025-01-07 11:23:00,Class A,626294000_0,57.7385,9.33385,Under way using engine,0.0,3.3,219.0,236.0,9274800,TRAV2,YANGTZE,Tanker,No additional information,44.0,249.0,Undefined,14.9,SUEZ,20/01/2025 18:00:00,AIS,POINT (9.33385 57.7385),626294000_0,0 days 00:01:00,1.4717729061525733e-06,220.56833766470746,0.0,0,6.644564051384259,57.7385,9.33385
2025-01-07 11:24:00,2025-01-07 11:24:00,Class A,626294000_0,57.73775,9.332733,Under way using engine,3.6,3.5,215.0,237.0,9274800,TRAV2,YANGTZE,Tanker,No additional information,44.0,249.0,Undefined,14.9,SUEZ,20/01/2025 18:00:00,AIS,POINT (9.332733 57.73775),626294000_0,0 days 00:01:00,4.3928574383765383e-07,218.4848531116484,0.0,0,6.645408196399149,57.73775,9.332733
2025-01-07 11:25:00,2025-01-07 11:25:00,Class A,626294000_0,57.737,9.331567,Under way using engine,0.0,3.3,219.0,239.0,9274800,TRAV2,YANGTZE,Tanker,No additional information,44.0,249.0,Undefined,14.9,SUEZ,20/01/2025 18:00:00,AIS,POINT (9.331567 57.737),626294000_0,0 days 00:01:00,5.120295814532398e-07,219.6891763219546,0.0,0,6.646299303131405,57.737,9.331567
2025-01-07 11:26:00,2025-01-07 11:26:00,Class A,626294000_0,57.736383,9.3305,Under way using engine,0.0,2.9,224.0,240.0,9274800,TRAV2,YANGTZE,Tanker,No additional information,44.0,249.0,Undefined,14.9,SUEZ,20/01/2025 18:00:00,AIS,POINT (9.3305 57.736383),626294000_0,0 days 00:01:00,-4.17468815220036e-06,222.7117371302802,0.0,0,6.647135442914111,57.736383,9.3305
2025-01-07 11:27:00,2025-01-07 11:27:00,Class A,626294000_0,57.73575,9.329567,Under way using engine,0.0,2.8,219.0,241.0,9274800,TRAV2,YANGTZE,Tanker,No additional information,44.0,249.0,Undefined,14.9,SUEZ,20/01/2025 18:00:00,AIS,POINT (9.329567 57.73575),626294000_0,0 days 00:01:00,-1.0644863488621798e-06,218.19661190882005,0.0,0,6.6478389810753535,57.73575,9.329567
2025-01-07 11:34:01,2025-01-07 11:34:01,Class A,626294000_0,57.732033,9.322583,Under way using engine,0.0,2.6,223.0,241.0,9274800,TRAV2,YANGTZE,Tanker,No additional information,44.0,249.0,Undefined,14.9,SUEZ,20/01/2025 18:00:00,AIS,POINT (9.322583 57.732033),626294000_0,0 days 00:07:01,-2.425048572465952e-07,225.0908672316867,0.0,0,6.653410714247694,57.732033,9.322583
2025-01-07 11:35:01,2025-01-07 11:35:01,Class A,626294000_0,57.731467,9.321667,Under way using engine,0.0,2.6,220.0,241.0,9274800,TRAV2,YANGTZE,Tanker,No additional information,44.0,249.0,Undefined,14.9,SUEZ,20/01/2025 18:00:00,AIS,POINT (9.321667 57.731467),626294000_0,0 days 00:01:00,-7.481050549700358e-08,220.82819261962524,0.0,0,6.654118657236735,57.731467,9.321667
2025-01-07 11:36:01,2025-01-07 11:36:01,Class A,626294000_0,57.731,9.3208,Under way using engine,0.0,2.3,223.0,241.0,9274800,TRAV2,YANGTZE,Tanker,No additional information,44.0,249.0,Undefined,14.9,SUEZ,20/01/2025 18:00:00,AIS,POINT (9.3208 57.731),626294000_0,0 days 00:01:00,-2.7985900939772775e-06,224.74675195063162,0.0,0,6.654809109076534,57.731,9.3208
2025-01-07 11:37:01,2025-01-07 11:37:01,Class A,626294000_0,57.730533,9.319833,Under way using engine,0.0,2.4,228.0,241.0,9274800,TRAV2,YANGTZE,Tanker,No additional information,44.0,249.0,Undefined,14.9,SUEZ,20/01/2025 18:00:00,AIS,POINT (9.319833 57.730533),626294000_0,0 days 00:01:00,1.198257373369876e-06,227.86954210773467,0.0,0,6.655595181083808,57.730533,9.319833
2025-01-07 11:40:01,2025-01-07 11:40:01,Class A,626294000_0,57.728867,9.31695,Under way using engine,0.0,2.8,224.0,241.0,9274800,TRAV2,YANGTZE,Tanker,No additional information,44.0,249.0,Undefined,14.9,SUEZ,20/01/2025 18:00:00,AIS,POINT (9.31695 57.728867),626294000_0,0 days 00:03:00,6.172692326769444e-07,222.7371191064575,0.0,0,6.657858561829697,57.728867,9.31695
2025-01-07 11:41:01,2025-01-07 11:41:01,Class A,626294000_0,57.7283,9.31585,Under way using engine,0.0,2.8,225.0,241.0,9274800,TRAV2,YANGTZE,Tanker,No additional information,44.0,249.0,Undefined,14.9,SUEZ,20/01/2025 18:00:00,AIS,POINT (9.31585 57.7283),626294000_0,0 days 00:01:00,1.869168040799366e-06,226.0091420692554,0.0,0,6.658742612967406,57.7283,9.31585
2025-01-07 11:42:01,2025-01-07 11:42:01,Class A,626294000_0,57.727783,9.314783,Under way using engine,0.0,2.8,226.0,240.0,9274800,TRAV2,YANGTZE,Tanker,No additional information,44.0,249.0,Undefined,14.9,SUEZ,20/01/2025 18:00:00,AIS,POINT (9.314783 57.727783),626294000_0,0 days 00:01:00,-1.455045519045586e-06,227.77748518762002,0.0,0,6.659609966466955,57.727783,9.314783
2025-01-07 11:43:01,2025-01-07 11:43:01,Class A,626294000_0,57.727217,9.313683,Under way using engine,0.0,2.9,227.0,241.0,9274800,TRAV2,YANGTZE,Tanker,No additional information,44.0,249.0,Undefined,14.9,SUEZ,20/01/2025 18:00:00,AIS,POINT (9.313683 57.727217),626294000_0,0 days 00:01:00,1.4339795686413426e-06,226.06053641774227,0.0,0,6.660494529706485,57.727217,9.313683
2025-01-07 11:44:01,2025-01-07 11:44:01,Class A,626294000_0,57.72665,9.312417,Under way using engine,0.0,3.1,230.0,241.0,9274800,TRAV2,YANGTZE,Tanker,No additional information,44.0,249.0,Undefined,14.9,SUEZ,20/01/2025 18:00:00,AIS,POINT (9.312417 57.72665),626294000_0,0 days 00:01:00,2.066712305793989e-06,230.01150010439224,0.0,0,6.6615375606916,57.72665,9.312417
2025-01-07 11:45:00,2025-01-07 11:45:00,Class A,626294000_0,57.7261,9.311067,Under way using engine,0.0,3.3,232.0,239.0,9274800,TRAV2,YANGTZE,Tanker,No additional information,44.0,249.0,Undefined,14.9,SUEZ,20/01/2025 18:00:00,AIS,POINT (9.311067 57.7261),626294000_0,0 days 00:00:59,1.2555285389067438e-06,232.657380580094,0.0,0,6.662666001639661,57.7261,9.311067
2025-01-07 11:46:00,2025-01-07 11:46:00,Class A,626294000_0,57.72545,9.309817,Under way using engine,0.0,3.3,227.0,241.0,9274800,TRAV2,YANGTZE,Tanker,No additional information,44.0,249.0,Undefined,14.9,SUEZ,20/01/2025 18:00:00,AIS,POINT (9.309817 57.72545),626294000_0,0 days 00:01:00,2.9050080643818674e-07,225.76002907188044,0.0,0,6.663669589835993,57.72545,9.309817
2025-01-07 11:47:00,2025-01-07 11:47:00,Class A,626294000_0,57.724883,9.3085,Under way using engine,0.0,3.2,233.0,241.0,9274800,TRAV2,YANGTZE,Tanker,No additional information,44.0,249.0,Undefined,14.9,SUEZ,20/01/2025 18:00:00,AIS,POINT (9.3085 57.724883),626294000_0,0 days 00:01:00,-8.71810956196971e-07,231.12294887365601,0.0,0,6.664761756840599,57.724883,9.3085
2025-01-07 11:48:00,2025-01-07 11:48:00,Class A,626294000_0,57.7243,9.307067,Under way using engine,0.0,3.4,229.0,239.0,9274800,TRAV2,YANGTZE,Tanker,No additional information,44.0,249.0,Undefined,14.9,SUEZ,20/01/2025 18:00:00,AIS,POINT (9.307067 57.7243),626294000_0,0 days 00:01:00,1.8176566382064035e-06,232.69736030184217,0.0,0,6.665960236950487,57.7243,9.307067
2025-01-07 11:49:00,2025-01-07 11:49:00,Class A,626294000_0,57.723567,9.305917,Under way using engine,0.0,3.4,220.0,241.0,9274800,TRAV2,YANGTZE,Tanker,No additional information,44.0,249.0,Undefined,14.9,SUEZ,20/01/2025 18:00:00,AIS,POINT (9.305917 57.723567),626294000_0,0 days 00:01:00,-1.9053484531190773e-07,219.9563802781991,0.0,0,6.6668442943109145,57.723567,9.305917
2025-01-07 11:50:00,2025-01-07 11:50:00,Class A,626294000_0,57.722917,9.304567,Under way using engine,0.0,3.3,230.0,244.0,9274800,TRAV2,YANGTZE,Tanker,No additional information,44.0,249.0,Undefined,14.9,SUEZ,20/01/2025 18:00:00,AIS,POINT (9.304567 57.722917),626294000_0,0 days 00:01:00,4.5485027009539047e-07,227.96165045121256,0.0,0,6.667944064086471,57.722917,9.304567
2025-01-07 11:51:01,2025-01-07 11:51:01,Class A,626294000_0,57.72245,9.303117,Under way using engine,0.0,3.1,239.0,242.0,9274800,TRAV2,YANGTZE,Tanker,No additional information,44.0,249.0,Undefined,14.9,SUEZ,20/01/2025 18:00:00,AIS,POINT (9.303117 57.72245),626294000_0,0 days 00:01:01,-2.465615475094902e-06,238.90620536662766,0.0,0,6.669193263799228,57.72245,9.303117
2025-01-07 11:52:01,2025-01-07 11:52:01,Class A,626294000_0,57.721933,9.301783,Under way using engine,0.0,3.0,229.0,240.0,9274800,TRAV2,YANGTZE,Tanker,No additional information,44.0,249.0,Undefined,14.9,SUEZ,20/01/2025 18:00:00,AIS,POINT (9.301783 57.721933),626294000_0,0 days 00:01:00,-2.893241903776394e-07,234.03116462286226,0.0,0,6.670317015874582,57.721933,9.301783
2025-01-07 11:53:01,2025-01-07 11:53:01,Class A,626294000_0,57.721417,9.300683,Under way using engine,2.9,2.8,227.0,238.0,9274800,TRAV2,YANGTZE,Tanker,No additional information,44.0,249.0,Undefined,14.9,SUEZ,20/01/2025 18:00:00,AIS,POINT (9.300683 57.721417),626294000_0,0 days 00:01:00,-3.0503671480030623e-06,228.70459189725474,0.0,0,6.671217452028529,57.721417,9.300683
2025-01-07 11:54:01,2025-01-07 11:54:01,Class A,626294000_0,57.72075,9.2997,Under way using engine,0.0,3.0,223.0,241.0,9274800,TRAV2,YANGTZE,Tanker,No additional information,44.0,249.0,Undefined,14.9,SUEZ,20/01/2025 18:00:00,AIS,POINT (9.2997 57.72075),626294000_0,0 days 00:01:00,2.0635883885803673e-06,218.20494209410364,0.0,0,6.671961887432213,57.72075,9.2997
2025-01-07 11:55:01,2025-01-07 11:55:01,Class A,626294000_0,57.720217,9.29845,Under way using engine,0.0,3.0,232.0,240.0,9274800,TRAV2,YANGTZE,Tanker,No additional information,44.0,249.0,Undefined,14.9,SUEZ,20/01/2025 18:00:00,AIS,POINT (9.29845 57.720217),626294000_0,0 days 00:01:00,1.798212331135506e-07,231.395720220064,0.0,0,6.67300098466417,57.720217,9.29845
2025-01-07 11:56:01,2025-01-07 11:56:01,Class A,626294000_0,57.719633,9.297267,Under way using engine,0.0,3.2,224.0,241.0,9274800,TRAV2,YANGTZE,Tanker,No additional information,44.0,249.0,Undefined,14.9,SUEZ,20/01/2025 18:00:00,AIS,POINT (9.297267 57.719633),626294000_0,0 days 00:01:00,1.8578547486232633e-07,227.2515584554323,0.0,0,6.673961204247594,57.719633,9.297267
2025-01-07 11:57:01,2025-01-07 11:57:01,Class A,626294000_0,57.71905,9.295967,Under way using engine,0.0,3.1,231.0,243.0,9274800,TRAV2,YANGTZE,Tanker,No additional information,44.0,249.0,Undefined,14.9,SUEZ,20/01/2025 18:00:00,AIS,POINT (9.295967 57.71905),626294000_0,0 days 00:01:00,1.4346088174754613e-06,229.9800239004995,0.0,0,6.675033720686736,57.71905,9.295967
2025-01-07 11:58:01,2025-01-07 11:58:01,Class A,626294000_0,57.718517,9.29465,Under way using engine,0.0,3.2,233.0,243.0,9274800,TRAV2,YANGTZE,Tanker,No additional information,44.0,249.0,Undefined,14.9,SUEZ,20/01/2025 18:00:00,AIS,POINT (9.29465 57.718517),626294000_0,0 days 00:01:00,-7.434748675135587e-07,232.84669788143555,0.0,0,6.676137246127358,57.718517,9.29465
2025-01-07 11:59:00,2025-01-07 11:59:00,Class A,626294000_0,57.718,9.293267,Under way using engine,0.0,3.1,233.0,240.0,9274800,TRAV2,YANGTZE,Tanker,No additional information,44.0,249.0,Undefined,14.9,SUEZ,20/01/2025 18:00:00,AIS,POINT (9.293267 57.718),626294000_0,0 days 00:00:59,1.0844326023893472e-06,235.01094443927036,0.0,0,6.677308685945634,57.718,9.293267
2025-01-07 12:00:00,2025-01-07 12:00:00,Class A,626294000_0,57.71745,9.292083,Under way using engine,0.0,2.9,228.0,239.0,9274800,TRAV2,YANGTZE,Tanker,No additional information,44.0,249.0,Undefined,14.9,SUEZ,20/01/2025 18:00:00,AIS,POINT (9.292083 57.71745),626294000_0,0 days 00:01:00,-2.445823574450106e-06,228.9852923526298,0.0,0,6.678280287691511,57.71745,9.292083
2025-01-07 12:01:00,2025-01-07 12:01:00,Class A,626294000_0,57.716883,9.290933,Under way using engine,0.0,3.1,228.0,240.0,9274800,TRAV2,YANGTZE,Tanker,No additional information,44.0,249.0,Undefined,14.9,SUEZ,20/01/2025 18:00:00,AIS,POINT (9.290933 57.716883),626294000_0,0 days 00:01:00,-6.873184416518564e-08,227.2894195042348,0.0,0,6.67921452085992,57.716883,9.290933
2025-01-07 12:02:00,2025-01-07 12:02:00,Class A,626294000_0,57.7163,9.289783,Under way using engine,0.0,3.2,224.0,239.0,9274800,TRAV2,YANGTZE,Tanker,No additional information,44.0,249.0,Undefined,14.9,SUEZ,20/01/2025 18:00:00,AIS,POINT (9.289783 57.7163),626294000_0,0 days 00:01:00,3.3814858551593454e-07,226.4944261405342,0.0,0,6.680144199047576,57.7163,9.289783
2025-01-07 12:03:00,2025-01-07 12:03:00,Class A,626294000_0,57.7157,9.28855,Under way using engine,0.0,3.0,227.0,239.0,9274800,TRAV2,YANGTZE,Tanker,No additional information,44.0,249.0,Undefined,14.9,SUEZ,20/01/2025 18:00:00,AIS,POINT (9.28855 57.7157),626294000_0,0 days 00:01:00,1.3652329566836271e-06,227.66476923711326,0.0,0,6.681148425154763,57.7157,9.28855
2025-01-07 12:15:00,2025-01-07 12:15:00,Class A,626294000_0,57.708833,9.273717,Under way using engine,0.0,3.2,227.0,239.0,9274800,TRAV2,YANGTZE,Tanker,No additional information,44.0,249.0,Undefined,14.9,SUEZ,20/01/2025 18:00:00,AIS,POINT (9.273717 57.708833),626294000_0,0 days 00:12:00,-4.4160956006189984e-08,229.09153759283834,0.0,0,6.693341338584339,57.708833,9.273717
2025-01-07 12:16:00,2025-01-07 12:16:00,Class A,626294000_0,57.708183,9.2726,Under way using engine,0.0,3.1,222.0,239.0,9274800,TRAV2,YANGTZE,Tanker,No additional information,44.0,249.0,Undefined,14.9,SUEZ,20/01/2025 18:00:00,AIS,POINT (9.2726 57.708183),626294000_0,0 days 00:01:00,2.611703222949437e-07,222.55390448531145,0.0,0,6.694221697138882,57.708183,9.2726
2025-01-07 12:17:00,2025-01-07 12:17:00,Class A,626294000_0,57.70755,9.27145,Under way using engine,0.0,3.0,227.0,241.0,9274800,TRAV2,YANGTZE,Tanker,No additional information,44.0,249.0,Undefined,14.9,SUEZ,20/01/2025 18:00:00,AIS,POINT (9.27145 57.70755),626294000_0,0 days 00:01:00,-6.385584866358425e-09,224.14489387898706,0.0,0,6.695138700852133,57.70755,9.27145
2025-01-07 12:18:00,2025-01-07 12:18:00,Class A,626294000_0,57.707033,9.270217,Under way using engine,0.0,2.8,236.0,243.0,9274800,TRAV2,YANGTZE,Tanker,No additional information,44.0,249.0,Undefined,14.9,SUEZ,20/01/2025 18:00:00,AIS,POINT (9.270217 57.707033),626294000_0,0 days 00:01:00,-1.37883159043055e-06,231.87389214044998,0.0,0,6.696168892449024,57.707033,9.270217
2025-01-07 12:19:01,2025-01-07 12:19:01,Class A,626294000_0,57.706583,9.268883,Under way using engine,0.0,3.0,232.0,240.0,9274800,TRAV2,YANGTZE,Tanker,No additional information,44.0,249.0,Undefined,14.9,SUEZ,20/01/2025 18:00:00,AIS,POINT (9.268883 57.706583),626294000_0,0 days 00:01:01,-2.4905492399943465e-07,237.73189070789346,0.0,0,6.697315271216221,57.706583,9.268883
2025-01-07 12:20:01,2025-01-07 12:20:01,Class A,626294000_0,57.70605,9.26775,Under way using engine,0.0,2.9,229.0,240.0,9274800,TRAV2,YANGTZE,Tanker,No additional information,44.0,249.0,Undefined,14.9,SUEZ,20/01/2025 18:00:00,AIS,POINT (9.26775 57.70605),626294000_0,0 days 00:01:00,-7.049101583873152e-07,228.63551617037814,0.0,0,6.6982453265648605,57.70605,9.26775
2025-01-07 12:21:01,2025-01-07 12:21:01,Class A,626294000_0,57.705533,9.266617,Under way using engine,0.0,2.8,228.0,239.0,9274800,TRAV2,YANGTZE,Tanker,No additional information,44.0,249.0,Undefined,14.9,SUEZ,20/01/2025 18:00:00,AIS,POINT (9.266617 57.705533),626294000_0,0 days 00:01:00,-3.237511169393571e-07,229.50025356403413,0.0,0,6.699180118223573,57.705533,9.266617
2025-01-07 12:22:01,2025-01-07 12:22:01,Class A,626294000_0,57.704983,9.265617,Under way using engine,0.0,2.7,227.0,241.0,9274800,TRAV2,YANGTZE,Tanker,No additional information,44.0,249.0,Undefined,14.9,SUEZ,20/01/2025 18:00:00,AIS,POINT (9.265617 57.704983),626294000_0,0 days 00:01:00,-9.11015146534616e-07,224.1695210146014,0.0,0,6.699978151666017,57.704983,9.265617
2025-01-07 12:23:01,2025-01-07 12:23:01,Class A,626294000_0,57.704533,9.264433,Under way using engine,0.0,2.8,234.0,239.0,9274800,TRAV2,YANGTZE,Tanker,No additional information,44.0,249.0,Undefined,14.9,SUEZ,20/01/2025 18:00:00,AIS,POINT (9.264433 57.704533),626294000_0,0 days 00:01:00,3.0364780298049656e-07,234.57393153881281,0.0,0,6.700981343390383,57.704533,9.264433
2025-01-07 12:24:01,2025-01-07 12:24:01,Class A,626294000_0,57.703933,9.26325,Under way using engine,0.0,3.1,227.0,240.0,9274800,TRAV2,YANGTZE,Tanker,No additional information,44.0,249.0,Undefined,14.9,SUEZ,20/01/2025 18:00:00,AIS,POINT (9.26325 57.703933),626294000_0,0 days 00:01:00,2.941110054334978e-06,226.49130759785888,0.0,0,6.701940299610629,57.703933,9.26325
2025-01-07 12:25:01,2025-01-07 12:25:01,Class A,626294000_0,57.703383,9.262067,Under way using engine,0.0,3.1,230.0,240.0,9274800,TRAV2,YANGTZE,Tanker,No additional information,44.0,249.0,Undefined,14.9,SUEZ,20/01/2025 18:00:00,AIS,POINT (9.262067 57.703383),626294000_0,0 days 00:01:00,-1.0393366696084194e-06,228.9723421479075,0.0,0,6.7029138300594315,57.703383,9.262067
2025-01-07 12:26:01,2025-01-07 12:26:01,Class A,626294000_0,57.70275,9.2608,Under way using engine,0.0,3.3,227.0,242.0,9274800,TRAV2,YANGTZE,Tanker,No additional information,44.0,249.0,Undefined,14.9,SUEZ,20/01/2025 18:00:00,AIS,POINT (9.2608 57.70275),626294000_0,0 days 00:01:00,2.7526477483102115e-06,226.92286194848327,0.0,0,6.703943917855221,57.70275,9.2608
2025-01-07 12:27:01,2025-01-07 12:27:01,Class A,626294000_0,57.7022,9.259267,Under way using engine,0.0,3.5,236.0,241.0,9274800,TRAV2,YANGTZE,Tanker,No additional information,44.0,249.0,Undefined,14.9,SUEZ,20/01/2025 18:00:00,AIS,POINT (9.259267 57.7022),626294000_0,0 days 00:01:00,1.861675256168815e-06,236.1207239253103,0.0,0,6.705252782304706,57.7022,9.259267
2025-01-07 12:28:00,2025-01-07 12:28:00,Class A,626294000_0,57.7016,9.2578,Under way using engine,0.0,3.6,232.0,241.0,9274800,TRAV2,YANGTZE,Tanker,No additional information,44.0,249.0,Undefined,14.9,SUEZ,20/01/2025 18:00:00,AIS,POINT (9.2578 57.7016),626294000_0,0 days 00:00:59,5.393382150700653e-07,232.56841053206983,0.0,0,6.706484166226593,57.7016,9.2578
2025-01-07 12:29:00,2025-01-07 12:29:00,Class A,626294000_0,57.700983,9.256233,Under way using engine,0.0,3.7,235.0,245.0,9274800,TRAV2,YANGTZE,Tanker,No additional information,44.0,249.0,Undefined,14.9,SUEZ,20/01/2025 18:00:00,AIS,POINT (9.256233 57.700983),626294000_0,0 days 00:01:00,1.122839916626163e-06,233.6144521301756,0.0,0,6.707806546022775,57.700983,9.256233
2025-01-07 12:30:00,2025-01-07 12:30:00,Class A,626294000_0,57.700517,9.254517,Under way using engine,0.0,3.7,244.0,245.0,9274800,TRAV2,YANGTZE,Tanker,No additional information,44.0,249.0,Undefined,14.9,SUEZ,20/01/2025 18:00:00,AIS,POINT (9.254517 57.700517),626294000_0,0 days 00:01:00,-3.480746686669495e-07,243.0602357108153,0.0,0,6.709315291696015,57.700517,9.254517
2025-01-07 12:31:00,2025-01-07 12:31:00,Class A,626294000_0,57.700017,9.2527,Under way using engine,0.0,3.9,243.0,243.0,9274800,TRAV2,YANGTZE,Tanker,No additional information,44.0,249.0,Undefined,14.9,SUEZ,20/01/2025 18:00:00,AIS,POINT (9.2527 57.700017),626294000_0,0 days 00:01:00,1.9685416588160714e-06,242.7531958798187,0.0,0,6.710911088952751,57.700017,9.2527
2025-01-07 12:32:00,2025-01-07 12:32:00,Class A,626294000_0,57.699467,9.251033,Under way using engine,0.0,3.8,235.0,242.0,9274800,TRAV2,YANGTZE,Tanker,No additional information,44.0,249.0,Undefined,14.9,SUEZ,20/01/2025 18:00:00,AIS,POINT (9.251033 57.699467),626294000_0,0 days 00:01:00,-1.404781473878233e-06,238.30777404333952,0.0,0,6.7123489913926555,57.699467,9.251033
2025-01-07 12:33:00,2025-01-07 12:33:00,Class A,626294000_0,57.698833,9.249367,Under way using engine,0.0,3.7,235.0,245.0,9274800,TRAV2,YANGTZE,Tanker,No additional information,44.0,249.0,Undefined,14.9,SUEZ,20/01/2025 18:00:00,AIS,POINT (9.249367 57.698833),626294000_0,0 days 00:01:00,1.4225625770527715e-06,234.54383182499262,0.0,0,6.713761908349298,57.698833,9.249367
2025-01-07 12:34:01,2025-01-07 12:34:01,Class A,626294000_0,57.698333,9.2476,Under way using engine,0.0,3.7,243.0,246.0,9274800,TRAV2,YANGTZE,Tanker,No additional information,44.0,249.0,Undefined,14.9,SUEZ,20/01/2025 18:00:00,AIS,POINT (9.2476 57.698333),626294000_0,0 days 00:01:01,-1.2724435652857087e-06,242.09828438145195,0.0,0,6.715310281680585,57.698333,9.2476
2025-01-07 12:35:01,2025-01-07 12:35:01,Class A,626294000_0,57.697833,9.245917,Under way using engine,0.0,3.7,239.0,244.0,9274800,TRAV2,YANGTZE,Tanker,No additional information,44.0,249.0,Undefined,14.9,SUEZ,20/01/2025 18:00:00,AIS,POINT (9.245917 57.697833),626294000_0,0 days 00:01:00,-6.80454718413735e-07,240.92887127818352,0.0,0,6.716778348017895,57.697833,9.245917
2025-01-07 12:37:01,2025-01-07 12:37:01,Class A,626294000_0,57.69685,9.24245,Under way using engine,0.0,3.9,242.0,243.0,9274800,TRAV2,YANGTZE,Tanker,No additional information,44.0,249.0,Undefined,14.9,SUEZ,20/01/2025 18:00:00,AIS,POINT (9.24245 57.69685),626294000_0,0 days 00:02:00,3.0528471843513777e-07,242.05252755577163,0.0,0,6.719816520891623,57.69685,9.24245
2025-01-07 12:38:01,2025-01-07 12:38:01,Class A,626294000_0,57.69635,9.24065,Under way using engine,0.0,3.8,239.0,240.0,9274800,TRAV2,YANGTZE,Tanker,No additional information,44.0,249.0,Undefined,14.9,SUEZ,20/01/2025 18:00:00,AIS,POINT (9.24065 57.69635),626294000_0,0 days 00:01:00,1.0982466504798858e-06,242.5357420591679,0.0,0,6.72139707570145,57.69635,9.24065
2025-01-07 12:39:01,2025-01-07 12:39:01,Class A,626294000_0,57.69575,9.239133,Under way using engine,0.0,3.7,232.0,239.0,9274800,TRAV2,YANGTZE,Tanker,No additional information,44.0,249.0,Undefined,14.9,SUEZ,20/01/2025 18:00:00,AIS,POINT (9.239133 57.69575),626294000_0,0 days 00:01:00,-2.3486959785297e-06,233.4954862780338,0.0,0,6.722677983718168,57.69575,9.239133
2025-01-07 12:40:01,2025-01-07 12:40:01,Class A,626294000_0,57.695117,9.237517,Under way using engine,0.0,3.7,237.0,240.0,9274800,TRAV2,YANGTZE,Tanker,No additional information,44.0,249.0,Undefined,14.9,SUEZ,20/01/2025 18:00:00,AIS,POINT (9.237517 57.695117),626294000_0,0 days 00:01:00,1.9263621568908913e-06,233.7607823145907,0.0,0,6.724044417118763,57.695117,9.237517
2025-01-07 12:41:00,2025-01-07 12:41:00,Class A,626294000_0,57.694483,9.235817,Under way using engine,0.0,3.8,235.0,240.0,9274800,TRAV2,YANGTZE,Tanker,No additional information,44.0,249.0,Undefined,14.9,SUEZ,20/01/2025 18:00:00,AIS,POINT (9.235817 57.694483),626294000_0,0 days 00:00:59,1.7619836646962806e-06,235.09218822357124,0.0,0,6.725491208038412,57.694483,9.235817
2025-01-07 12:42:00,2025-01-07 12:42:00,Class A,626294000_0,57.69385,9.234133,Under way using engine,0.0,4.0,234.0,239.0,9274800,TRAV2,YANGTZE,Tanker,No additional information,44.0,249.0,Undefined,14.9,SUEZ,20/01/2025 18:00:00,AIS,POINT (9.234133 57.69385),626294000_0,0 days 00:01:00,-8.162088672459058e-07,234.88054213065655,0.0,0,6.726923134566723,57.69385,9.234133
2025-01-07 12:43:00,2025-01-07 12:43:00,Class A,626294000_0,57.69315,9.2324,Under way using engine,0.0,4.1,231.0,239.0,9274800,TRAV2,YANGTZE,Tanker,No additional information,44.0,249.0,Undefined,14.9,SUEZ,20/01/2025 18:00:00,AIS,POINT (9.2324 57.69315),626294000_0,0 days 00:01:00,1.8767385205521172e-06,232.9195729991905,0.0,0,6.728382998206033,57.69315,9.2324
2025-01-07 12:44:00,2025-01-07 12:44:00,Class A,626294000_0,57.69245,9.230833,Under way using engine,0.0,3.9,230.0,240.0,9274800,TRAV2,YANGTZE,Tanker,No additional information,44.0,249.0,Undefined,14.9,SUEZ,20/01/2025 18:00:00,AIS,POINT (9.230833 57.69245),626294000_0,0 days 00:01:00,-2.1544175058934943e-06,230.11096429466104,0.0,0,6.72968400825544,57.69245,9.230833
2025-01-07 12:45:00,2025-01-07 12:45:00,Class A,626294000_0,57.691783,9.22925,Under way using engine,0.0,3.7,233.0,242.0,9274800,TRAV2,YANGTZE,Tanker,No additional information,44.0,249.0,Undefined,14.9,SUEZ,20/01/2025 18:00:00,AIS,POINT (9.22925 57.691783),626294000_0,0 days 00:01:00,-4.364264649939524e-07,231.74995783194095,0.0,0,6.731009975534503,57.691783,9.22925
2025-01-07 12:46:00,2025-01-07 12:46:00,Class A,626294000_0,57.691233,9.227617,Under way using engine,0.0,3.7,241.0,242.0,9274800,TRAV2,YANGTZE,Tanker,No additional information,44.0,249.0,Undefined,14.9,SUEZ,20/01/2025 18:00:00,AIS,POINT (9.227617 57.691233),626294000_0,0 days 00:01:00,-1.4101135363179845e-06,237.78342959990118,0.0,0,6.732417483623693,57.691233,9.227617
2025-01-07 12:55:00,2025-01-07 12:55:00,Class A,626294000_0,57.685517,9.2129,Under way using engine,0.0,4.2,232.0,239.0,9274800,TRAV2,YANGTZE,Tanker,No additional information,44.0,249.0,Undefined,14.9,SUEZ,20/01/2025 18:00:00,AIS,POINT (9.2129 57.685517),626294000_0,0 days 00:09:00,1.6754303324595046e-07,234.00340786904223,0.0,0,6.744892827883108,57.685517,9.2129
2025-01-07 12:56:00,2025-01-07 12:56:00,Class A,626294000_0,57.684767,9.2111,Under way using engine,0.0,4.2,233.0,241.0,9274800,TRAV2,YANGTZE,Tanker,No additional information,44.0,249.0,Undefined,14.9,SUEZ,20/01/2025 18:00:00,AIS,POINT (9.2111 57.684767),626294000_0,0 days 00:01:00,4.320323577529756e-06,232.06646816248127,0.0,0,6.74640513773291,57.684767,9.2111
2025-01-07 12:57:00,2025-01-07 12:57:00,Class A,626294000_0,57.684083,9.209283,Under way using engine,0.0,4.3,235.0,242.0,9274800,TRAV2,YANGTZE,Tanker,No additional information,44.0,249.0,Undefined,14.9,SUEZ,20/01/2025 18:00:00,AIS,POINT (9.209283 57.684083),626294000_0,0 days 00:01:00,-9.87611010883433e-07,234.8481362910034,0.0,0,6.7479527276845985,57.684083,9.209283
2025-01-07 12:58:00,2025-01-07 12:58:00,Class A,626294000_0,57.6834,9.207367,Under way using engine,0.0,4.3,237.0,242.0,9274800,TRAV2,YANGTZE,Tanker,No additional information,44.0,249.0,Undefined,14.9,SUEZ,20/01/2025 18:00:00,AIS,POINT (9.207367 57.6834),626294000_0,0 days 00:01:00,1.3371181916695553e-06,236.30502708774674,0.0,0,6.7495957281606875,57.6834,9.207367
2025-01-07 12:59:00,2025-01-07 12:59:00,Class A,626294000_0,57.682733,9.2054,Under way using engine,0.0,4.3,237.0,240.0,9274800,TRAV2,YANGTZE,Tanker,No additional information,44.0,249.0,Undefined,14.9,SUEZ,20/01/2025 18:00:00,AIS,POINT (9.2054 57.682733),626294000_0,0 days 00:01:00,4.3983642757925487e-07,237.61410943289664,0.0,0,6.751292385554414,57.682733,9.2054
2025-01-07 13:00:00,2025-01-07 13:00:00,Class A,626294000_0,57.682017,9.203567,Under way using engine,0.0,4.4,233.0,240.0,9274800,TRAV2,YANGTZE,Tanker,No additional information,44.0,249.0,Undefined,14.9,SUEZ,20/01/2025 18:00:00,AIS,POINT (9.203567 57.682017),626294000_0,0 days 00:01:00,-9.836658804779512e-07,233.84690493831278,0.0,0,6.752846860012895,57.682017,9.203567
2025-01-07 13:01:01,2025-01-07 13:01:01,Class A,626294000_0,57.6813,9.201633,Under way using engine,0.0,4.4,235.0,240.0,9274800,TRAV2,YANGTZE,Tanker,No additional information,44.0,249.0,Undefined,14.9,SUEZ,20/01/2025 18:00:00,AIS,POINT (9.201633 57.6813),626294000_0,0 days 00:01:01,7.317323335605839e-07,235.26144534485928,0.0,0,6.754498122515766,57.6813,9.201633
2025-01-07 13:02:01,2025-01-07 13:02:01,Class A,626294000_0,57.6806,9.199783,Under way using engine,0.0,4.4,236.0,240.0,9274800,TRAV2,YANGTZE,Tanker,No additional information,44.0,249.0,Undefined,14.9,SUEZ,20/01/2025 18:00:00,AIS,POINT (9.199783 57.6806),626294000_0,0 days 00:01:00,-8.027231901293747e-07,234.7124286764658,0.0,0,6.756073869997944,57.6806,9.199783
2025-01-07 13:03:01,2025-01-07 13:03:01,Class A,626294000_0,57.679833,9.1979,Under way using engine,0.0,4.3,232.0,240.0,9274800,TRAV2,YANGTZE,Tanker,No additional information,44.0,249.0,Undefined,14.9,SUEZ,20/01/2025 18:00:00,AIS,POINT (9.1979 57.679833),626294000_0,0 days 00:01:00,1.6672544009940521e-06,232.69815010299544,0.0,0,6.757662506624979,57.679833,9.1979
2025-01-07 13:04:01,2025-01-07 13:04:01,Class A,626294000_0,57.6791,9.196033,Under way using engine,0.0,4.4,233.0,241.0,9274800,TRAV2,YANGTZE,Tanker,No additional information,44.0,249.0,Undefined,14.9,SUEZ,20/01/2025 18:00:00,AIS,POINT (9.196033 57.6791),626294000_0,0 days 00:01:00,-8.412472959700082e-07,233.71017655458525,0.0,0,6.75924565671858,57.6791,9.196033
2025-01-07 13:05:01,2025-01-07 13:05:01,Class A,626294000_0,57.678383,9.194183,Under way using engine,0.0,4.4,235.0,241.0,9274800,TRAV2,YANGTZE,Tanker,No additional information,44.0,249.0,Undefined,14.9,SUEZ,20/01/2025 18:00:00,AIS,POINT (9.194183 57.678383),626294000_0,0 days 00:01:00,-5.186309894780822e-07,234.0632520764491,0.0,0,6.760817250056828,57.678383,9.194183
2025-01-07 13:06:01,2025-01-07 13:06:01,Class A,626294000_0,57.67765,9.192267,Under way using engine,0.0,4.4,234.0,240.0,9274800,TRAV2,YANGTZE,Tanker,No additional information,44.0,249.0,Undefined,14.9,SUEZ,20/01/2025 18:00:00,AIS,POINT (9.192267 57.67765),626294000_0,0 days 00:01:00,1.177580903094738e-06,234.41661266750913,0.0,0,6.762447847141226,57.67765,9.192267
2025-01-07 13:07:01,2025-01-07 13:07:01,Class A,626294000_0,57.676933,9.190517,Under way using engine,0.0,4.3,234.0,241.0,9274800,TRAV2,YANGTZE,Tanker,No additional information,44.0,249.0,Undefined,14.9,SUEZ,20/01/2025 18:00:00,AIS,POINT (9.190517 57.676933),626294000_0,0 days 00:01:00,-2.5064446294915724e-06,232.5389146406957,0.0,0,6.76392395236685,57.676933,9.190517
2025-01-07 13:08:01,2025-01-07 13:08:01,Class A,626294000_0,57.676233,9.188667,Under way using engine,0.0,4.2,234.0,240.0,9274800,TRAV2,YANGTZE,Tanker,No additional information,44.0,249.0,Undefined,14.9,SUEZ,20/01/2025 18:00:00,AIS,POINT (9.188667 57.676233),626294000_0,0 days 00:01:00,1.0244899114364812e-06,234.71568328522653,0.0,0,6.765500995950116,57.676233,9.188667
2025-01-07 13:09:01,2025-01-07 13:09:01,Class A,626294000_0,57.6755,9.186883,Under way using engine,0.0,4.4,232.0,242.0,9274800,TRAV2,YANGTZE,Tanker,No additional information,44.0,249.0,Undefined,14.9,SUEZ,20/01/2025 18:00:00,AIS,POINT (9.186883 57.6755),626294000_0,0 days 00:01:00,-2.7524086868964257e-07,232.46177138608954,0.0,0,6.76700562111995,57.6755,9.186883
2025-01-07 13:10:01,2025-01-07 13:10:01,Class A,626294000_0,57.674833,9.184967,Under way using engine,0.0,4.3,236.0,240.0,9274800,TRAV2,YANGTZE,Tanker,No additional information,44.0,249.0,Undefined,14.9,SUEZ,20/01/2025 18:00:00,AIS,POINT (9.184967 57.674833),626294000_0,0 days 00:01:00,6.091315717800163e-07,236.93523428985674,0.0,0,6.768655714896569,57.674833,9.184967
2025-01-07 13:11:01,2025-01-07 13:11:01,Class A,626294000_0,57.674083,9.183217,Under way using engine,0.0,4.4,230.0,241.0,9274800,TRAV2,YANGTZE,Tanker,No additional information,44.0,249.0,Undefined,14.9,SUEZ,20/01/2025 18:00:00,AIS,POINT (9.183217 57.674083),626294000_0,0 days 00:01:00,-7.275693764897401e-07,231.28947495629586,0.0,0,6.770123352923638,57.674083,9.183217
2025-01-07 13:12:01,2025-01-07 13:12:01,Class A,626294000_0,57.673383,9.181383,Under way using engine,0.0,4.3,237.0,243.0,9274800,TRAV2,YANGTZE,Tanker,No additional information,44.0,249.0,Undefined,14.9,SUEZ,20/01/2025 18:00:00,AIS,POINT (9.181383 57.673383),626294000_0,0 days 00:01:00,1.79328342631671e-07,234.48279803800534,0.0,0,6.771685889249884,57.673383,9.181383
2025-01-07 13:13:01,2025-01-07 13:13:01,Class A,626294000_0,57.672733,9.179483,Under way using engine,0.0,4.3,236.0,240.0,9274800,TRAV2,YANGTZE,Tanker,No additional information,44.0,249.0,Undefined,14.9,SUEZ,20/01/2025 18:00:00,AIS,POINT (9.179483 57.672733),626294000_0,0 days 00:01:00,4.203218309737263e-08,237.39179041177064,0.0,0,6.77332603857706,57.672733,9.179483
2025-01-07 13:14:00,2025-01-07 13:14:00,Class A,626294000_0,57.672033,9.177633,Under way using engine,0.0,4.4,234.0,240.0,9274800,TRAV2,YANGTZE,Tanker,No additional information,44.0,249.0,Undefined,14.9,SUEZ,20/01/2025 18:00:00,AIS,POINT (9.177633 57.672033),626294000_0,0 days 00:00:59,8.252404239965987e-07,234.7188127917101,0.0,0,6.774904340539871,57.672033,9.177633
2025-01-07 13:15:00,2025-01-07 13:15:00,Class A,626294000_0,57.671333,9.175717,Under way using engine,0.0,4.3,236.0,239.0,9274800,TRAV2,YANGTZE,Tanker,No additional information,44.0,249.0,Undefined,14.9,SUEZ,20/01/2025 18:00:00,AIS,POINT (9.175717 57.671333),626294000_0,0 days 00:01:00,2.6301923189087664e-07,235.66068124727536,0.0,0,6.776546190781996,57.671333,9.175717
2025-01-07 13:16:00,2025-01-07 13:16:00,Class A,626294000_0,57.6706,9.173983,Under way using engine,0.0,4.2,233.0,240.0,9274800,TRAV2,YANGTZE,Tanker,No additional information,44.0,249.0,Undefined,14.9,SUEZ,20/01/2025 18:00:00,AIS,POINT (9.173983 57.6706),626294000_0,0 days 00:01:00,-1.828498015140137e-06,231.67581499898253,0.0,0,6.778004316232692,57.6706,9.173983
2025-01-07 13:17:00,2025-01-07 13:17:00,Class A,626294000_0,57.6699,9.172167,Under way using engine,0.0,4.3,232.0,240.0,9274800,TRAV2,YANGTZE,Tanker,No additional information,44.0,249.0,Undefined,14.9,SUEZ,20/01/2025 18:00:00,AIS,POINT (9.172167 57.6699),626294000_0,0 days 00:01:00,4.717062507239838e-07,234.21775582820766,0.0,0,6.779550617851083,57.6699,9.172167
2025-01-07 13:18:00,2025-01-07 13:18:00,Class A,626294000_0,57.6692,9.170367,Under way using engine,0.0,4.2,232.0,239.0,9274800,TRAV2,YANGTZE,Tanker,No additional information,44.0,249.0,Undefined,14.9,SUEZ,20/01/2025 18:00:00,AIS,POINT (9.170367 57.6692),626294000_0,0 days 00:01:00,-2.1451218155399873e-07,233.97742693014024,0.0,0,6.78108176830253,57.6692,9.170367
2025-01-07 13:19:00,2025-01-07 13:19:00,Class A,626294000_0,57.66845,9.168567,Under way using engine,0.0,4.3,230.0,239.0,9274800,TRAV2,YANGTZE,Tanker,No additional information,44.0,249.0,Undefined,14.9,SUEZ,20/01/2025 18:00:00,AIS,POINT (9.168567 57.66845),626294000_0,0 days 00:01:00,9.297730870679496e-07,232.07897114372383,0.0,0,6.782599101045631,57.66845,9.168567
2025-01-07 13:26:01,2025-01-07 13:26:01,Class A,626294000_0,57.663417,9.155933,Under way using engine,0.0,4.2,233.0,242.0,9274800,TRAV2,YANGTZE,Tanker,No additional information,44.0,249.0,Undefined,14.9,SUEZ,20/01/2025 18:00:00,AIS,POINT (9.155933 57.663417),626294000_0,0 days 00:07:01,-8.594832132794164e-08,233.3259348946736,0.0,0,6.793319856097607,57.663417,9.155933
2025-01-07 13:27:01,2025-01-07 13:27:01,Class A,626294000_0,57.66275,9.154017,Under way using engine,0.0,4.4,238.0,242.0,9274800,TRAV2,YANGTZE,Tanker,No additional information,44.0,249.0,Undefined,14.9,SUEZ,20/01/2025 18:00:00,AIS,POINT (9.154017 57.66275),626294000_0,0 days 00:01:00,6.851404747323107e-07,236.94396253814824,0.0,0,6.794973472862496,57.66275,9.154017
2025-01-07 13:28:01,2025-01-07 13:28:01,Class A,626294000_0,57.662067,9.152017,Under way using engine,0.0,4.4,237.0,240.0,9274800,TRAV2,YANGTZE,Tanker,No additional information,44.0,249.0,Undefined,14.9,SUEZ,20/01/2025 18:00:00,AIS,POINT (9.152017 57.662067),626294000_0,0 days 00:01:00,1.439587384775134e-06,237.44550492510461,0.0,0,6.796703496650857,57.662067,9.152017
2025-01-07 13:29:01,2025-01-07 13:29:01,Class A,626294000_0,57.661367,9.150133,Under way using engine,0.0,4.4,236.0,240.0,9274800,TRAV2,YANGTZE,Tanker,No additional information,44.0,249.0,Undefined,14.9,SUEZ,20/01/2025 18:00:00,AIS,POINT (9.150133 57.661367),626294000_0,0 days 00:01:00,-1.3101754797645132e-06,235.2172018320506,0.0,0,6.79831759615936,57.661367,9.150133
2025-01-07 13:30:01,2025-01-07 13:30:01,Class A,626294000_0,57.660617,9.1482,Under way using engine,0.0,4.4,232.0,239.0,9274800,TRAV2,YANGTZE,Tanker,No additional information,44.0,249.0,Undefined,14.9,SUEZ,20/01/2025 18:00:00,AIS,POINT (9.1482 57.660617),626294000_0,0 days 00:01:00,1.5577453450183776e-06,234.04639573786716,0.0,0,6.799965038279904,57.660617,9.1482
2025-01-07 13:31:01,2025-01-07 13:31:01,Class A,626294000_0,57.659867,9.146517,Under way using engine,0.0,4.3,229.0,240.0,9274800,TRAV2,YANGTZE,Tanker,No additional information,44.0,249.0,Undefined,14.9,SUEZ,20/01/2025 18:00:00,AIS,POINT (9.146517 57.659867),626294000_0,0 days 00:01:00,-3.275753440521179e-06,230.20459100618783,0.0,0,6.801372596791475,57.659867,9.146517
2025-01-07 13:32:01,2025-01-07 13:32:01,Class A,626294000_0,57.65915,9.1447,Under way using engine,0.0,4.4,232.0,240.0,9274800,TRAV2,YANGTZE,Tanker,No additional information,44.0,249.0,Undefined,14.9,SUEZ,20/01/2025 18:00:00,AIS,POINT (9.1447 57.65915),626294000_0,0 days 00:01:00,1.1213228027468515e-06,233.58636134585288,0.0,0,6.8029182536429165,57.65915,9.1447
2025-01-07 13:33:01,2025-01-07 13:33:01,Class A,626294000_0,57.6584,9.142733,Under way using engine,0.0,4.6,235.0,242.0,9274800,TRAV2,YANGTZE,Tanker,No additional information,44.0,249.0,Undefined,14.9,SUEZ,20/01/2025 18:00:00,AIS,POINT (9.142733 57.6584),626294000_0,0 days 00:01:00,2.6140578829810056e-06,234.52158049107982,0.0,0,6.804599028867829,57.6584,9.142733
2025-01-07 13:34:01,2025-01-07 13:34:01,Class A,626294000_0,57.6577,9.140833,Under way using engine,0.0,4.5,234.0,241.0,9274800,TRAV2,YANGTZE,Tanker,No additional information,44.0,249.0,Undefined,14.9,SUEZ,20/01/2025 18:00:00,AIS,POINT (9.140833 57.6577),626294000_0,0 days 00:01:00,-1.7964419606361535e-06,235.44660088630962,0.0,0,6.806229572786168,57.6577,9.140833
2025-01-07 13:35:01,2025-01-07 13:35:01,Class A,626294000_0,57.657,9.1388,Under way using engine,0.0,4.5,238.0,241.0,9274800,TRAV2,YANGTZE,Tanker,No additional information,44.0,249.0,Undefined,14.9,SUEZ,20/01/2025 18:00:00,AIS,POINT (9.1388 57.657),626294000_0,0 days 00:01:00,1.8375088348789674e-06,237.23516939979987,0.0,0,6.807988096805691,57.657,9.1388
2025-01-07 13:36:01,2025-01-07 13:36:01,Class A,626294000_0,57.656233,9.136817,Under way using engine,0.0,4.6,233.0,240.0,9274800,TRAV2,YANGTZE,Tanker,No additional information,44.0,249.0,Undefined,14.9,SUEZ,20/01/2025 18:00:00,AIS,POINT (9.136817 57.656233),626294000_0,0 days 00:01:00,4.824889985668918e-07,234.13472968289756,0.0,0,6.809680215208494,57.656233,9.136817
2025-01-07 13:37:01,2025-01-07 13:37:01,Class A,626294000_0,57.655533,9.134917,Under way using engine,0.0,4.5,237.0,241.0,9274800,TRAV2,YANGTZE,Tanker,No additional information,44.0,249.0,Undefined,14.9,SUEZ,20/01/2025 18:00:00,AIS,POINT (9.134917 57.655533),626294000_0,0 days 00:01:00,-2.3184542083398663e-06,235.44819943844587,0.0,0,6.811311415711514,57.655533,9.134917
2025-01-07 13:38:01,2025-01-07 13:38:01,Class A,626294000_0,57.654833,9.132967,Under way using engine,0.0,4.4,234.0,240.0,9274800,TRAV2,YANGTZE,Tanker,No additional information,44.0,249.0,Undefined,14.9,SUEZ,20/01/2025 18:00:00,AIS,POINT (9.132967 57.654833),626294000_0,0 days 00:01:00,6.866686146966983e-07,236.14065991412087,0.0,0,6.812990868245898,57.654833,9.132967
2025-01-07 13:39:01,2025-01-07 13:39:01,Class A,626294000_0,57.65415,9.131083,Under way using engine,0.0,4.4,237.0,240.0,9274800,TRAV2,YANGTZE,Tanker,No additional information,44.0,249.0,Undefined,14.9,SUEZ,20/01/2025 18:00:00,AIS,POINT (9.131083 57.65415),626294000_0,0 days 00:01:00,-1.201172869313592e-06,235.87962658280347,0.0,0,6.814611829016309,57.65415,9.131083
2025-01-07 13:40:01,2025-01-07 13:40:01,Class A,626294000_0,57.653417,9.129117,Under way using engine,0.0,4.6,234.0,240.0,9274800,TRAV2,YANGTZE,Tanker,No additional information,44.0,249.0,Undefined,14.9,SUEZ,20/01/2025 18:00:00,AIS,POINT (9.129117 57.653417),626294000_0,0 days 00:01:00,1.9969064163774373e-06,235.1301316122016,0.0,0,6.816297945893062,57.653417,9.129117
2025-01-07 13:41:01,2025-01-07 13:41:01,Class A,626294000_0,57.652683,9.127183,Under way using engine,0.0,4.6,234.0,241.0,9274800,TRAV2,YANGTZE,Tanker,No additional information,44.0,249.0,Undefined,14.9,SUEZ,20/01/2025 18:00:00,AIS,POINT (9.127183 57.652683),626294000_0,0 days 00:01:00,-4.161116470568861e-07,234.65152637404435,0.0,0,6.8179532639397,57.652683,9.127183
2025-01-07 13:42:01,2025-01-07 13:42:01,Class A,626294000_0,57.651983,9.1252,Under way using engine,0.0,4.6,237.0,241.0,9274800,TRAV2,YANGTZE,Tanker,No additional information,44.0,249.0,Undefined,14.9,SUEZ,20/01/2025 18:00:00,AIS,POINT (9.1252 57.651983),626294000_0,0 days 00:01:00,7.841285003356458e-08,236.58617541797642,0.0,0,6.819665298271244,57.651983,9.1252
2025-01-07 13:43:00,2025-01-07 13:43:00,Class A,626294000_0,57.651283,9.123217,Under way using engine,0.0,4.5,235.0,240.0,9274800,TRAV2,YANGTZE,Tanker,No additional information,44.0,249.0,Undefined,14.9,SUEZ,20/01/2025 18:00:00,AIS,POINT (9.123217 57.651283),626294000_0,0 days 00:00:59,6.792642285626056e-07,236.5866834525835,0.0,0,6.821377551213684,57.651283,9.123217
2025-01-07 13:44:00,2025-01-07 13:44:00,Class A,626294000_0,57.650567,9.121217,Under way using engine,0.0,4.5,236.0,240.0,9274800,TRAV2,YANGTZE,Tanker,No additional information,44.0,249.0,Undefined,14.9,SUEZ,20/01/2025 18:00:00,AIS,POINT (9.121217 57.650567),626294000_0,0 days 00:01:00,-1.5834732418529197e-07,236.21580246933868,0.0,0,6.8231019431037385,57.650567,9.121217
2025-01-07 13:45:00,2025-01-07 13:45:00,Class A,626294000_0,57.64985,9.119283,Under way using engine,0.0,4.5,236.0,241.0,9274800,TRAV2,YANGTZE,Tanker,No additional information,44.0,249.0,Undefined,14.9,SUEZ,20/01/2025 18:00:00,AIS,POINT (9.119283 57.64985),626294000_0,0 days 00:01:00,-8.87476691484298e-07,235.28470689662777,0.0,0,6.8247628477016695,57.64985,9.119283
2025-01-07 13:46:00,2025-01-07 13:46:00,Class A,626294000_0,57.649133,9.1172,Under way using engine,0.0,4.6,238.0,241.0,9274800,TRAV2,YANGTZE,Tanker,No additional information,44.0,249.0,Undefined,14.9,SUEZ,20/01/2025 18:00:00,AIS,POINT (9.1172 57.649133),626294000_0,0 days 00:01:00,2.0572473780752573e-06,237.2486878152976,0.0,0,6.826567192318918,57.649133,9.1172
2025-01-07 13:47:01,2025-01-07 13:47:01,Class A,626294000_0,57.648383,9.115083,Under way using engine,0.0,4.6,235.0,239.0,9274800,TRAV2,YANGTZE,Tanker,No additional information,44.0,249.0,Undefined,14.9,SUEZ,20/01/2025 18:00:00,AIS,POINT (9.115083 57.648383),626294000_0,0 days 00:01:01,3.348158410438439e-07,236.4938513355002,0.0,0,6.82839535847669,57.648383,9.115083
2025-01-07 13:48:01,2025-01-07 13:48:01,Class A,626294000_0,57.6476,9.113167,Under way using engine,0.0,4.7,233.0,241.0,9274800,TRAV2,YANGTZE,Tanker,No additional information,44.0,249.0,Undefined,14.9,SUEZ,20/01/2025 18:00:00,AIS,POINT (9.113167 57.6476),626294000_0,0 days 00:01:00,-1.4375278055265654e-06,232.63229640889944,0.0,0,6.830021459205306,57.6476,9.113167
2025-01-07 13:49:01,2025-01-07 13:49:01,Class A,626294000_0,57.6469,9.111133,Under way using engine,0.0,4.6,239.0,241.0,9274800,TRAV2,YANGTZE,Tanker,No additional information,44.0,249.0,Undefined,14.9,SUEZ,20/01/2025 18:00:00,AIS,POINT (9.111133 57.6469),626294000_0,0 days 00:01:00,1.3084691459472736e-07,237.255246710807,0.0,0,6.831784088191678,57.6469,9.111133
2025-01-07 13:50:01,2025-01-07 13:50:01,Class A,626294000_0,57.6462,9.109083,Under way using engine,0.0,4.5,237.0,241.0,9274800,TRAV2,YANGTZE,Tanker,No additional information,44.0,249.0,Undefined,14.9,SUEZ,20/01/2025 18:00:00,AIS,POINT (9.109083 57.6462),626294000_0,0 days 00:01:00,2.2414764504368058e-07,237.459666361421,0.0,0,6.8335623223520106,57.6462,9.109083
2025-01-07 13:51:01,2025-01-07 13:51:01,Class A,626294000_0,57.645517,9.107,Under way using engine,0.0,4.7,239.0,241.0,9274800,TRAV2,YANGTZE,Tanker,No additional information,44.0,249.0,Undefined,14.9,SUEZ,20/01/2025 18:00:00,AIS,POINT (9.107 57.645517),626294000_0,0 days 00:01:00,1.8647183115663365e-07,238.50464665940504,0.0,0,6.835377182425926,57.645517,9.107
2025-01-07 13:52:01,2025-01-07 13:52:01,Class A,626294000_0,57.644767,9.104883,Under way using engine,0.0,4.7,236.0,240.0,9274800,TRAV2,YANGTZE,Tanker,No additional information,44.0,249.0,Undefined,14.9,SUEZ,20/01/2025 18:00:00,AIS,POINT (9.104883 57.644767),626294000_0,0 days 00:01:00,1.5889132066699569e-06,236.4964787527854,0.0,0,6.837206547797866,57.644767,9.104883
2025-01-07 13:53:01,2025-01-07 13:53:01,Class A,626294000_0,57.64405,9.102833,Under way using engine,0.0,4.7,237.0,241.0,9274800,TRAV2,YANGTZE,Tanker,No additional information,44.0,249.0,Undefined,14.9,SUEZ,20/01/2025 18:00:00,AIS,POINT (9.102833 57.64405),626294000_0,0 days 00:01:00,-1.4887803387785004e-06,236.83467043619805,0.0,0,6.838980796329888,57.64405,9.102833
2025-01-07 13:54:01,2025-01-07 13:54:01,Class A,626294000_0,57.643267,9.100733,Under way using engine,0.0,4.8,235.0,242.0,9274800,TRAV2,YANGTZE,Tanker,No additional information,44.0,249.0,Undefined,14.9,SUEZ,20/01/2025 18:00:00,AIS,POINT (9.100733 57.643267),626294000_0,0 days 00:01:00,1.8294075228084692e-06,235.13632388527816,0.0,0,6.840785246537856,57.643267,9.100733
2025-01-07 13:55:00,2025-01-07 13:55:00,Class A,626294000_0,57.64255,9.098633,Under way using engine,0.0,4.8,237.0,241.0,9274800,TRAV2,YANGTZE,Tanker,No additional information,44.0,249.0,Undefined,14.9,SUEZ,20/01/2025 18:00:00,AIS,POINT (9.098633 57.64255),626294000_0,0 days 00:00:59,-4.3833798535739014e-07,237.46494497026336,0.0,0,6.842608051362361,57.64255,9.098633
2025-01-07 13:56:00,2025-01-07 13:56:00,Class A,626294000_0,57.641833,9.096433,Under way using engine,0.0,4.8,239.0,241.0,9274800,TRAV2,YANGTZE,Tanker,No additional information,44.0,249.0,Undefined,14.9,SUEZ,20/01/2025 18:00:00,AIS,POINT (9.096433 57.641833),626294000_0,0 days 00:01:00,7.092429615478818e-07,238.66191151423584,0.0,0,6.844527262789301,57.641833,9.096433
2025-01-07 13:57:00,2025-01-07 13:57:00,Class A,626294000_0,57.6411,9.094283,Under way using engine,0.0,4.9,239.0,241.0,9274800,TRAV2,YANGTZE,Tanker,No additional information,44.0,249.0,Undefined,14.9,SUEZ,20/01/2025 18:00:00,AIS,POINT (9.094283 57.6411),626294000_0,0 days 00:01:00,-4.4251779585110947e-07,237.5039315194212,0.0,0,6.846394248059995,57.6411,9.094283
2025-01-07 13:58:00,2025-01-07 13:58:00,Class A,626294000_0,57.640433,9.092083,Under way using engine,0.0,4.9,240.0,240.0,9274800,TRAV2,YANGTZE,Tanker,No additional information,44.0,249.0,Undefined,14.9,SUEZ,20/01/2025 18:00:00,AIS,POINT (9.092083 57.640433),626294000_0,0 days 00:01:00,-3.387699845204019e-07,240.47129322829795,0.0,0,6.8483276301784795,57.640433,9.092083
2025-01-07 13:59:00,2025-01-07 13:59:00,Class A,626294000_0,57.63965,9.089967,Under way using engine,0.0,4.8,235.0,241.0,9274800,TRAV2,YANGTZE,Tanker,No additional information,44.0,249.0,Undefined,14.9,SUEZ,20/01/2025 18:00:00,AIS,POINT (9.089967 57.63965),626294000_0,0 days 00:01:00,7.241259361170044e-07,235.34270642635016,0.0,0,6.8501487173568,57.63965,9.089967
2025-01-07 14:11:00,2025-01-07 14:11:00,Class A,626294000_0,57.63105,9.064817,Under way using engine,0.0,4.4,234.0,239.0,9274800,TRAV2,YANGTZE,Tanker,No additional information,44.0,249.0,Undefined,14.9,SUEZ,20/01/2025 18:00:00,AIS,POINT (9.064817 57.63105),626294000_0,0 days 00:12:00,-1.174853709587885e-07,237.44056274632027,0.0,0,6.872004921280617,57.63105,9.064817
2025-01-07 14:12:00,2025-01-07 14:12:00,Class A,626294000_0,57.630333,9.062967,Under way using engine,0.0,4.3,235.0,240.0,9274800,TRAV2,YANGTZE,Tanker,No additional information,44.0,249.0,Undefined,14.9,SUEZ,20/01/2025 18:00:00,AIS,POINT (9.062967 57.630333),626294000_0,0 days 00:01:00,-3.3666467725926905e-06,234.0992991708136,0.0,0,6.873591061577783,57.630333,9.062967
2025-01-07 14:13:00,2025-01-07 14:13:00,Class A,626294000_0,57.629633,9.06115,Under way using engine,0.0,4.1,235.0,241.0,9274800,TRAV2,YANGTZE,Tanker,No additional information,44.0,249.0,Undefined,14.9,SUEZ,20/01/2025 18:00:00,AIS,POINT (9.06115 57.629633),626294000_0,0 days 00:01:00,-7.512606816352475e-07,234.2628614775124,0.0,0,6.8751502507614335,57.629633,9.06115
2025-01-07 14:14:00,2025-01-07 14:14:00,Class A,626294000_0,57.62905,9.059417,Under way using engine,0.0,3.9,237.0,242.0,9274800,TRAV2,YANGTZE,Tanker,No additional information,44.0,249.0,Undefined,14.9,SUEZ,20/01/2025 18:00:00,AIS,POINT (9.059417 57.62905),626294000_0,0 days 00:01:00,-3.1765297919996477e-06,237.85785260861434,0.0,0,6.876660468636284,57.62905,9.059417
2025-01-07 14:15:01,2025-01-07 14:15:01,Class A,626294000_0,57.628517,9.057533,Under way using engine,0.0,4.0,243.0,241.0,9274800,TRAV2,YANGTZE,Tanker,No additional information,44.0,249.0,Undefined,14.9,SUEZ,20/01/2025 18:00:00,AIS,POINT (9.057533 57.628517),626294000_0,0 days 00:01:01,8.074803764299089e-07,242.14865623848385,0.0,0,6.878329738406702,57.628517,9.057533
2025-01-07 14:16:01,2025-01-07 14:16:01,Class A,626294000_0,57.627933,9.055733,Under way using engine,0.0,4.1,239.0,240.0,9274800,TRAV2,YANGTZE,Tanker,No additional information,44.0,249.0,Undefined,14.9,SUEZ,20/01/2025 18:00:00,AIS,POINT (9.055733 57.627933),626294000_0,0 days 00:01:00,1.4281202451958947e-07,238.78603192235892,0.0,0,6.879904494123882,57.627933,9.055733
2025-01-07 14:17:01,2025-01-07 14:17:01,Class A,626294000_0,57.627317,9.0538,Under way using engine,0.0,4.2,239.0,239.0,9274800,TRAV2,YANGTZE,Tanker,No additional information,44.0,249.0,Undefined,14.9,SUEZ,20/01/2025 18:00:00,AIS,POINT (9.0538 57.627317),626294000_0,0 days 00:01:00,2.4026097620960126e-06,239.24019342375863,0.0,0,6.88159880051351,57.627317,9.0538
2025-01-07 14:18:01,2025-01-07 14:18:01,Class A,626294000_0,57.6266,9.05195,Under way using engine,0.0,4.3,233.0,238.0,9274800,TRAV2,YANGTZE,Tanker,No additional information,44.0,249.0,Undefined,14.9,SUEZ,20/01/2025 18:00:00,AIS,POINT (9.05195 57.6266),626294000_0,0 days 00:01:00,5.639754089021108e-07,234.102096245918,0.0,0,6.883186079930428,57.6266,9.05195
2025-01-07 14:21:01,2025-01-07 14:21:01,Class A,626294000_0,57.624633,9.046267,Under way using engine,0.0,4.3,239.0,240.0,9274800,TRAV2,YANGTZE,Tanker,No additional information,44.0,249.0,Undefined,14.9,SUEZ,20/01/2025 18:00:00,AIS,POINT (9.046267 57.624633),626294000_0,0 days 00:03:00,-1.539785348498768e-07,237.1233489553153,0.0,0,6.888126859154236,57.624633,9.046267
2025-01-07 14:22:01,2025-01-07 14:22:01,Class A,626294000_0,57.624033,9.04435,Under way using engine,0.0,4.3,241.0,240.0,9274800,TRAV2,YANGTZE,Tanker,No additional information,44.0,249.0,Undefined,14.9,SUEZ,20/01/2025 18:00:00,AIS,POINT (9.04435 57.624033),626294000_0,0 days 00:01:00,-5.795097537624307e-07,239.69389348588032,0.0,0,6.889811000901621,57.624033,9.04435
2025-01-07 14:23:01,2025-01-07 14:23:01,Class A,626294000_0,57.6234,9.04245,Under way using engine,0.0,4.1,238.0,239.0,9274800,TRAV2,YANGTZE,Tanker,No additional information,44.0,249.0,Undefined,14.9,SUEZ,20/01/2025 18:00:00,AIS,POINT (9.04245 57.6234),626294000_0,0 days 00:01:00,2.853016294540441e-07,238.11216675861942,0.0,0,6.891470052880443,57.6234,9.04245
2025-01-07 14:24:01,2025-01-07 14:24:01,Class A,626294000_0,57.622817,9.040667,Under way using engine,0.0,4.0,240.0,239.0,9274800,TRAV2,YANGTZE,Tanker,No additional information,44.0,249.0,Undefined,14.9,SUEZ,20/01/2025 18:00:00,AIS,POINT (9.040667 57.622817),626294000_0,0 days 00:01:00,-2.4641091287566426e-06,238.59180305390888,0.0,0,6.89303007628619,57.622817,9.040667
2025-01-07 14:25:01,2025-01-07 14:25:01,Class A,626294000_0,57.622083,9.039,Under way using engine,0.0,4.1,233.0,241.0,9274800,TRAV2,YANGTZE,Tanker,No additional information,44.0,249.0,Undefined,14.9,SUEZ,20/01/2025 18:00:00,AIS,POINT (9.039 57.622083),626294000_0,0 days 00:01:00,1.1369910657329427e-06,230.5719257162903,0.0,0,6.894437893682487,57.622083,9.039
2025-01-07 14:26:01,2025-01-07 14:26:01,Class A,626294000_0,57.6215,9.037167,Under way using engine,0.0,4.2,239.0,240.0,9274800,TRAV2,YANGTZE,Tanker,No additional information,44.0,249.0,Undefined,14.9,SUEZ,20/01/2025 18:00:00,AIS,POINT (9.037167 57.6215),626294000_0,0 days 00:01:00,-4.247428871148711e-07,239.29303389297024,0.0,0,6.8960464058477005,57.6215,9.037167
2025-01-07 14:27:01,2025-01-07 14:27:01,Class A,626294000_0,57.6209,9.035283,Under way using engine,0.0,4.1,240.0,239.0,9274800,TRAV2,YANGTZE,Tanker,No additional information,44.0,249.0,Undefined,14.9,SUEZ,20/01/2025 18:00:00,AIS,POINT (9.035283 57.6209),626294000_0,0 days 00:01:00,9.96821917034401e-07,239.26077078043681,0.0,0,6.8976996306499885,57.6209,9.035283
2025-01-07 14:28:01,2025-01-07 14:28:01,Class A,626294000_0,57.620233,9.033383,Under way using engine,0.0,4.3,236.0,241.0,9274800,TRAV2,YANGTZE,Tanker,No additional information,44.0,249.0,Undefined,14.9,SUEZ,20/01/2025 18:00:00,AIS,POINT (9.033383 57.620233),626294000_0,0 days 00:01:00,1.3227928195120866e-06,236.7546995896247,0.0,0,6.899350434125374,57.620233,9.033383
2025-01-07 14:29:01,2025-01-07 14:29:01,Class A,626294000_0,57.619617,9.031467,Under way using engine,0.0,4.4,237.0,240.0,9274800,TRAV2,YANGTZE,Tanker,No additional information,44.0,249.0,Undefined,14.9,SUEZ,20/01/2025 18:00:00,AIS,POINT (9.031467 57.619617),626294000_0,0 days 00:01:00,-6.121076919779203e-07,239.02263908303485,0.0,0,6.901030538331648,57.619617,9.031467
2025-01-07 14:30:01,2025-01-07 14:30:01,Class A,626294000_0,57.61895,9.029467,Under way using engine,0.0,4.4,237.0,241.0,9274800,TRAV2,YANGTZE,Tanker,No additional information,44.0,249.0,Undefined,14.9,SUEZ,20/01/2025 18:00:00,AIS,POINT (9.029467 57.61895),626294000_0,0 days 00:01:00,2.0126985384179356e-06,238.088963904151,0.0,0,6.902778050734717,57.61895,9.029467
2025-01-07 14:31:01,2025-01-07 14:31:01,Class A,626294000_0,57.618383,9.027467,Under way using engine,0.0,4.4,241.0,240.0,9274800,TRAV2,YANGTZE,Tanker,No additional information,44.0,249.0,Undefined,14.9,SUEZ,20/01/2025 18:00:00,AIS,POINT (9.027467 57.618383),626294000_0,0 days 00:01:00,-1.5405259102013447e-06,242.10586032620634,0.0,0,6.90455258712699,57.618383,9.027467
2025-01-07 14:32:01,2025-01-07 14:32:01,Class A,626294000_0,57.6177,9.025433,Under way using engine,0.0,4.5,238.0,240.0,9274800,TRAV2,YANGTZE,Tanker,No additional information,44.0,249.0,Undefined,14.9,SUEZ,20/01/2025 18:00:00,AIS,POINT (9.025433 57.6177),626294000_0,0 days 00:01:00,2.2823281666242934e-06,237.91354171437527,0.0,0,6.90632895245144,57.6177,9.025433
2025-01-07 14:33:01,2025-01-07 14:33:01,Class A,626294000_0,57.61705,9.023433,Under way using engine,0.0,4.5,239.0,240.0,9274800,TRAV2,YANGTZE,Tanker,No additional information,44.0,249.0,Undefined,14.9,SUEZ,20/01/2025 18:00:00,AIS,POINT (9.023433 57.61705),626294000_0,0 days 00:01:00,-1.0153676498994424e-06,238.75024206502462,0.0,0,6.908081610879317,57.61705,9.023433
2025-01-07 14:34:01,2025-01-07 14:34:01,Class A,626294000_0,57.616367,9.021417,Under way using engine,0.0,4.6,237.0,240.0,9274800,TRAV2,YANGTZE,Tanker,No additional information,44.0,249.0,Undefined,14.9,SUEZ,20/01/2025 18:00:00,AIS,POINT (9.021417 57.616367),626294000_0,0 days 00:01:00,7.634207505790325e-07,237.6848250862476,0.0,0,6.909841045319783,57.616367,9.021417
2025-01-07 14:35:00,2025-01-07 14:35:00,Class A,626294000_0,57.61565,9.0193,Under way using engine,0.0,4.7,240.0,243.0,9274800,TRAV2,YANGTZE,Tanker,No additional information,44.0,249.0,Undefined,14.9,SUEZ,20/01/2025 18:00:00,AIS,POINT (9.0193 57.61565),626294000_0,0 days 00:00:59,2.7297622147435264e-06,237.69322621592937,0.0,0,6.9116889077958374,57.61565,9.0193
2025-01-07 14:36:00,2025-01-07 14:36:00,Class A,626294000_0,57.6151,9.017083,Under way using engine,0.0,4.8,245.0,239.0,9274800,TRAV2,YANGTZE,Tanker,No additional information,44.0,249.0,Undefined,14.9,SUEZ,20/01/2025 18:00:00,AIS,POINT (9.017083 57.6151),626294000_0,0 days 00:01:00,-1.715385119274144e-06,245.14798222217968,0.0,0,6.913678012452489,57.6151,9.017083
2025-01-07 14:37:00,2025-01-07 14:37:00,Class A,626294000_0,57.614383,9.014967,Under way using engine,0.0,4.7,237.0,238.0,9274800,TRAV2,YANGTZE,Tanker,No additional information,44.0,249.0,Undefined,14.9,SUEZ,20/01/2025 18:00:00,AIS,POINT (9.014967 57.614383),626294000_0,0 days 00:01:00,9.979836286901367e-07,237.68189845978554,0.0,0,6.915525344137058,57.614383,9.014967
2025-01-07 14:38:00,2025-01-07 14:38:00,Class A,626294000_0,57.613633,9.013017,Under way using engine,0.0,4.6,234.0,240.0,9274800,TRAV2,YANGTZE,Tanker,No additional information,44.0,249.0,Undefined,14.9,SUEZ,20/01/2025 18:00:00,AIS,POINT (9.013017 57.613633),626294000_0,0 days 00:01:00,-1.7161965043090129e-06,234.31965510678202,0.0,0,6.917204120148689,57.613633,9.013017
2025-01-07 14:39:00,2025-01-07 14:39:00,Class A,626294000_0,57.612967,9.010917,Under way using engine,0.0,4.7,240.0,241.0,9274800,TRAV2,YANGTZE,Tanker,No additional information,44.0,249.0,Undefined,14.9,SUEZ,20/01/2025 18:00:00,AIS,POINT (9.010917 57.612967),626294000_0,0 days 00:01:00,6.679784285012038e-07,239.37143875608996,0.0,0,6.919050097273902,57.612967,9.010917
2025-01-07 14:40:00,2025-01-07 14:40:00,Class A,626294000_0,57.612333,9.008817,Under way using engine,0.0,4.7,238.0,240.0,9274800,TRAV2,YANGTZE,Tanker,No additional information,44.0,249.0,Undefined,14.9,SUEZ,20/01/2025 18:00:00,AIS,POINT (9.008817 57.612333),626294000_0,0 days 00:01:00,-4.940274584538275e-07,240.5938297007894,0.0,0,6.920904818418036,57.612333,9.008817
2025-01-07 14:41:00,2025-01-07 14:41:00,Class A,626294000_0,57.611683,9.006717,Under way using engine,0.0,4.7,238.0,237.0,9274800,TRAV2,YANGTZE,Tanker,No additional information,44.0,249.0,Undefined,14.9,SUEZ,20/01/2025 18:00:00,AIS,POINT (9.006717 57.611683),626294000_0,0 days 00:01:00,2.4552861416024037e-07,239.97953280042015,0.0,0,6.922755472786974,57.611683,9.006717
2025-01-07 14:42:00,2025-01-07 14:42:00,Class A,626294000_0,57.6109,9.004733,Under way using engine,0.0,4.7,232.0,237.0,9274800,TRAV2,YANGTZE,Tanker,No additional information,44.0,249.0,Undefined,14.9,SUEZ,20/01/2025 18:00:00,AIS,POINT (9.004733 57.6109),626294000_0,0 days 00:01:00,6.390776329933496e-07,233.61924999869467,0.0,0,6.924459092497334,57.6109,9.004733
2025-01-07 14:43:00,2025-01-07 14:43:00,Class A,626294000_0,57.610083,9.0027,Under way using engine,0.0,4.8,231.0,235.0,9274800,TRAV2,YANGTZE,Tanker,No additional information,44.0,249.0,Undefined,14.9,SUEZ,20/01/2025 18:00:00,AIS,POINT (9.0027 57.610083),626294000_0,0 days 00:01:00,1.2807354165506987e-06,233.12308760259097,0.0,0,6.92620113125839,57.610083,9.0027
2025-01-07 14:44:00,2025-01-07 14:44:00,Class A,626294000_0,57.60925,9.000783,Under way using engine,0.0,4.8,233.0,236.0,9274800,TRAV2,YANGTZE,Tanker,No additional information,44.0,249.0,Undefined,14.9,SUEZ,20/01/2025 18:00:00,AIS,POINT (9.000783 57.60925),626294000_0,0 days 00:01:00,-1.2151422135804642e-06,230.95274885443288,0.0,0,6.927827348221736,57.60925,9.000783
2025-01-07 14:45:00,2025-01-07 14:45:00,Class A,626294000_0,57.6084,8.99885,Under way using engine,0.0,4.7,229.0,234.0,9274800,TRAV2,YANGTZE,Tanker,No additional information,44.0,249.0,Undefined,14.9,SUEZ,20/01/2025 18:00:00,AIS,POINT (8.99885 57.6084),626294000_0,0 days 00:01:00,5.386811982763092e-07,230.61967901251433,0.0,0,6.929464719251266,57.6084,8.99885
2025-01-07 14:46:00,2025-01-07 14:46:00,Class A,626294000_0,57.6075,8.9971,Under way using engine,0.0,4.7,226.0,236.0,9274800,TRAV2,YANGTZE,Tanker,No additional information,44.0,249.0,Undefined,14.9,SUEZ,20/01/2025 18:00:00,AIS,POINT (8.9971 57.6075),626294000_0,0 days 00:01:00,-1.2484268374259481e-06,226.1696297516418,0.0,0,6.930912639576985,57.6075,8.9971
2025-01-07 14:47:00,2025-01-07 14:47:00,Class A,626294000_0,57.606683,8.99525,Under way using engine,0.0,4.5,230.0,235.0,9274800,TRAV2,YANGTZE,Tanker,No additional information,44.0,249.0,Undefined,14.9,SUEZ,20/01/2025 18:00:00,AIS,POINT (8.99525 57.606683),626294000_0,0 days 00:01:00,-4.6342717568714514e-07,230.50038329236588,0.0,0,6.9324792614579795,57.606683,8.99525
2025-01-07 14:48:00,2025-01-07 14:48:00,Class A,626294000_0,57.60585,8.993467,Under way using engine,0.0,4.6,227.0,236.0,9274800,TRAV2,YANGTZE,Tanker,No additional information,44.0,249.0,Undefined,14.9,SUEZ,20/01/2025 18:00:00,AIS,POINT (8.993467 57.60585),626294000_0,0 days 00:01:00,-5.290389791899738e-07,228.91052079948292,0.0,0,6.933977275280398,57.60585,8.993467
2025-01-07 14:49:01,2025-01-07 14:49:01,Class A,626294000_0,57.605067,8.991583,Under way using engine,0.0,4.5,232.0,235.0,9274800,TRAV2,YANGTZE,Tanker,No additional information,44.0,249.0,Undefined,14.9,SUEZ,20/01/2025 18:00:00,AIS,POINT (8.991583 57.605067),626294000_0,0 days 00:01:01,-3.280028016191613e-07,232.19828321508845,0.0,0,6.935586165512616,57.605067,8.991583
2025-01-07 14:50:01,2025-01-07 14:50:01,Class A,626294000_0,57.604283,8.989817,Under way using engine,0.0,4.4,230.0,235.0,9274800,TRAV2,YANGTZE,Tanker,No additional information,44.0,249.0,Undefined,14.9,SUEZ,20/01/2025 18:00:00,AIS,POINT (8.989817 57.604283),626294000_0,0 days 00:01:00,-8.61634695824222e-07,230.35483192929024,0.0,0,6.9370812344243165,57.604283,8.989817
2025-01-07 14:51:01,2025-01-07 14:51:01,Class A,626294000_0,57.603417,8.98805,Under way using engine,0.0,4.5,229.0,237.0,9274800,TRAV2,YANGTZE,Tanker,No additional information,44.0,249.0,Undefined,14.9,SUEZ,20/01/2025 18:00:00,AIS,POINT (8.98805 57.603417),626294000_0,0 days 00:01:00,1.6775955639334715e-06,227.5499981844454,0.0,0,6.938555772762009,57.603417,8.98805
2025-01-07 14:52:01,2025-01-07 14:52:01,Class A,626294000_0,57.60265,8.98625,Under way using engine,0.0,4.3,231.0,235.0,9274800,TRAV2,YANGTZE,Tanker,No additional information,44.0,249.0,Undefined,14.9,SUEZ,20/01/2025 18:00:00,AIS,POINT (8.98625 57.60265),626294000_0,0 days 00:01:00,-1.5689470528497252e-06,231.5052931495673,0.0,0,6.9400885736745455,57.60265,8.98625
2025-01-07 14:53:01,2025-01-07 14:53:01,Class A,626294000_0,57.601833,8.984617,Under way using engine,0.0,4.4,227.0,235.0,9274800,TRAV2,YANGTZE,Tanker,No additional information,44.0,249.0,Undefined,14.9,SUEZ,20/01/2025 18:00:00,AIS,POINT (8.984617 57.601833),626294000_0,0 days 00:01:00,-1.093706929061932e-06,226.96236686483255,0.0,0,6.941447310539927,57.601833,8.984617
2025-01-07 14:54:01,2025-01-07 14:54:01,Class A,626294000_0,57.600967,8.98285,Under way using engine,0.0,4.4,226.0,231.0,9274800,TRAV2,YANGTZE,Tanker,No additional information,44.0,249.0,Undefined,14.9,SUEZ,20/01/2025 18:00:00,AIS,POINT (8.98285 57.600967),626294000_0,0 days 00:01:00,2.664104513548894e-06,227.55192100687321,0.0,0,6.942922550621533,57.600967,8.98285
2025-01-07 14:55:01,2025-01-07 14:55:01,Class A,626294000_0,57.60005,8.9813,Under way using engine,0.0,4.5,223.0,231.0,9274800,TRAV2,YANGTZE,Tanker,No additional information,44.0,249.0,Undefined,14.9,SUEZ,20/01/2025 18:00:00,AIS,POINT (8.9813 57.60005),626294000_0,0 days 00:01:00,-1.4283614685276265e-06,222.16755085646452,0.0,0,6.944175270004928,57.60005,8.9813
2025-01-07 14:56:01,2025-01-07 14:56:01,Class A,626294000_0,57.599117,8.9797,Under way using engine,0.0,4.5,224.0,230.0,9274800,TRAV2,YANGTZE,Tanker,No additional information,44.0,249.0,Undefined,14.9,SUEZ,20/01/2025 18:00:00,AIS,POINT (8.9797 57.599117),626294000_0,0 days 00:01:00,9.260697278048319e-07,222.58054497702688,0.0,0,6.945472236128297,57.599117,8.9797
2025-01-07 14:57:01,2025-01-07 14:57:01,Class A,626294000_0,57.598133,8.977983,Under way using engine,0.0,4.8,223.0,231.0,9274800,TRAV2,YANGTZE,Tanker,No additional information,44.0,249.0,Undefined,14.9,SUEZ,20/01/2025 18:00:00,AIS,POINT (8.977983 57.598133),626294000_0,0 days 00:01:00,2.4789907775752097e-06,223.07707581068146,0.0,0,6.946868864939512,57.598133,8.977983
2025-01-07 14:58:01,2025-01-07 14:58:01,Class A,626294000_0,57.59715,8.976317,Under way using engine,0.0,4.9,221.0,231.0,9274800,TRAV2,YANGTZE,Tanker,No additional information,44.0,249.0,Undefined,14.9,SUEZ,20/01/2025 18:00:00,AIS,POINT (8.976317 57.59715),626294000_0,0 days 00:01:00,-5.968635534579032e-07,222.24594467884526,0.0,0,6.9482168423779775,57.59715,8.976317
2025-01-07 14:59:01,2025-01-07 14:59:01,Class A,626294000_0,57.596167,8.974517,Under way using engine,0.0,4.8,225.0,231.0,9274800,TRAV2,YANGTZE,Tanker,No additional information,44.0,249.0,Undefined,14.9,SUEZ,20/01/2025 18:00:00,AIS,POINT (8.974517 57.596167),626294000_0,0 days 00:01:00,1.5302750617509435e-06,224.45878564118846,0.0,0,6.949694368631328,57.596167,8.974517
2025-01-07 15:00:01,2025-01-07 15:00:01,Class A,626294000_0,57.595183,8.972717,Under way using engine,0.0,4.9,224.0,231.0,9274800,TRAV2,YANGTZE,Tanker,No additional information,44.0,249.0,Undefined,14.9,SUEZ,20/01/2025 18:00:00,AIS,POINT (8.972717 57.595183),626294000_0,0 days 00:01:00,2.262782598012851e-08,224.43043722335938,0.0,0,6.951171922848837,57.595183,8.972717
2025-01-07 15:01:01,2025-01-07 15:01:01,Class A,626294000_0,57.594233,8.970917,Under way using engine,0.0,4.9,227.0,231.0,9274800,TRAV2,YANGTZE,Tanker,No additional information,44.0,249.0,Undefined,14.9,SUEZ,20/01/2025 18:00:00,AIS,POINT (8.970917 57.594233),626294000_0,0 days 00:01:00,-7.433703266658354e-07,225.43851612237614,0.0,0,6.952658706940965,57.594233,8.970917
2025-01-07 15:02:01,2025-01-07 15:02:01,Class A,626294000_0,57.593183,8.96905,Under way using engine,0.0,5.1,223.0,231.0,9274800,TRAV2,YANGTZE,Tanker,No additional information,44.0,249.0,Undefined,14.9,SUEZ,20/01/2025 18:00:00,AIS,POINT (8.96905 57.593183),626294000_0,0 days 00:01:00,2.9855544983399484e-06,223.6196760503104,0.0,0,6.954184145444023,57.593183,8.96905
2025-01-07 15:03:01,2025-01-07 15:03:01,Class A,626294000_0,57.592183,8.967183,Under way using engine,0.0,5.1,226.0,231.0,9274800,TRAV2,YANGTZE,Tanker,No additional information,44.0,249.0,Undefined,14.9,SUEZ,20/01/2025 18:00:00,AIS,POINT (8.967183 57.592183),626294000_0,0 days 00:01:00,-1.1051356440408136e-06,225.0176833362268,0.0,0,6.955723033464314,57.592183,8.967183
2025-01-07 15:04:01,2025-01-07 15:04:01,Class A,626294000_0,57.591133,8.965467,Under way using engine,0.0,5.1,218.0,231.0,9274800,TRAV2,YANGTZE,Tanker,No additional information,44.0,249.0,Undefined,14.9,SUEZ,20/01/2025 18:00:00,AIS,POINT (8.965467 57.591133),626294000_0,0 days 00:01:00,-5.878598750661785e-07,221.21567907280283,0.0,0,6.9571033979956045,57.591133,8.965467
2025-01-07 15:06:00,2025-01-07 15:06:00,Class A,626294000_0,57.589217,8.961933,Under way using engine,0.0,4.6,229.0,236.0,9274800,TRAV2,YANGTZE,Tanker,No additional information,44.0,249.0,Undefined,14.9,SUEZ,20/01/2025 18:00:00,AIS,POINT (8.961933 57.589217),626294000_0,0 days 00:01:59,-5.814138019399351e-07,224.67252200527332,0.0,0,6.960011678528276,57.589217,8.961933
2025-01-07 15:07:00,2025-01-07 15:07:00,Class A,626294000_0,57.5884,8.960133,Under way using engine,0.0,4.5,227.0,235.0,9274800,TRAV2,YANGTZE,Tanker,No additional information,44.0,249.0,Undefined,14.9,SUEZ,20/01/2025 18:00:00,AIS,POINT (8.960133 57.5884),626294000_0,0 days 00:01:00,-2.909879099040921e-06,229.74214175753227,0.0,0,6.961534986026357,57.5884,8.960133
2025-01-07 15:08:00,2025-01-07 15:08:00,Class A,626294000_0,57.587617,8.958433,Under way using engine,0.0,4.3,231.0,236.0,9274800,TRAV2,YANGTZE,Tanker,No additional information,44.0,249.0,Undefined,14.9,SUEZ,20/01/2025 18:00:00,AIS,POINT (8.958433 57.587617),626294000_0,0 days 00:01:00,-1.9463970698406653e-06,229.3282232127212,0.0,0,6.962970895691724,57.587617,8.958433
2025-01-07 15:09:00,2025-01-07 15:09:00,Class A,626294000_0,57.5868,8.956783,Under way using engine,0.0,4.2,228.0,236.0,9274800,TRAV2,YANGTZE,Tanker,No additional information,44.0,249.0,Undefined,14.9,SUEZ,20/01/2025 18:00:00,AIS,POINT (8.956783 57.5868),626294000_0,0 days 00:01:00,7.868888294242845e-08,227.27006439242214,0.0,0,6.96434986327288,57.5868,8.956783
2025-01-07 15:10:00,2025-01-07 15:10:00,Class A,626294000_0,57.586067,8.9551,Under way using engine,0.0,4.3,231.0,236.0,9274800,TRAV2,YANGTZE,Tanker,No additional information,44.0,249.0,Undefined,14.9,SUEZ,20/01/2025 18:00:00,AIS,POINT (8.9551 57.586067),626294000_0,0 days 00:01:00,-1.2855099498066744e-06,230.90620156478516,0.0,0,6.965782841966077,57.586067,8.9551
2025-01-07 15:13:01,2025-01-07 15:13:01,Class A,626294000_0,57.5838,8.949833,Under way using engine,0.0,4.3,232.0,235.0,9274800,TRAV2,YANGTZE,Tanker,No additional information,44.0,249.0,Undefined,14.9,SUEZ,20/01/2025 18:00:00,AIS,POINT (8.949833 57.5838),626294000_0,0 days 00:03:01,3.893175234012425e-07,231.23979878696088,0.0,0,6.9702756388157985,57.5838,8.949833
2025-01-07 15:14:01,2025-01-07 15:14:01,Class A,626294000_0,57.583033,8.947967,Under way using engine,0.0,4.4,232.0,235.0,9274800,TRAV2,YANGTZE,Tanker,No additional information,44.0,249.0,Undefined,14.9,SUEZ,20/01/2025 18:00:00,AIS,POINT (8.947967 57.583033),626294000_0,0 days 00:01:00,1.8671151189063563e-06,232.5211230738746,0.0,0,6.971877210995758,57.583033,8.947967
2025-01-07 15:16:01,2025-01-07 15:16:01,Class A,626294000_0,57.581533,8.944717,Under way using engine,0.0,4.1,230.0,236.0,9274800,TRAV2,YANGTZE,Tanker,No additional information,44.0,249.0,Undefined,14.9,SUEZ,20/01/2025 18:00:00,AIS,POINT (8.944717 57.581533),626294000_0,0 days 00:02:00,-1.7209832929383938e-06,229.2749573546608,0.0,0,6.974624459152047,57.581533,8.944717
2025-01-07 15:17:01,2025-01-07 15:17:01,Class A,626294000_0,57.580817,8.943033,Under way using engine,0.0,4.0,229.0,235.0,9274800,TRAV2,YANGTZE,Tanker,No additional information,44.0,249.0,Undefined,14.9,SUEZ,20/01/2025 18:00:00,AIS,POINT (8.943033 57.580817),626294000_0,0 days 00:01:00,8.767093196626723e-08,231.5831753121513,0.0,0,6.976064178908477,57.580817,8.943033
2025-01-07 15:18:01,2025-01-07 15:18:01,Class A,626294000_0,57.580117,8.941467,Under way using engine,0.0,3.9,231.0,236.0,9274800,TRAV2,YANGTZE,Tanker,No additional information,44.0,249.0,Undefined,14.9,SUEZ,20/01/2025 18:00:00,AIS,POINT (8.941467 57.580117),626294000_0,0 days 00:01:00,-1.8341308064145001e-06,230.18017342577497,0.0,0,6.977394297012747,57.580117,8.941467
2025-01-07 15:19:01,2025-01-07 15:19:01,Class A,626294000_0,57.579433,8.939867,Under way using engine,0.0,3.9,231.0,235.0,9274800,TRAV2,YANGTZE,Tanker,No additional information,44.0,249.0,Undefined,14.9,SUEZ,20/01/2025 18:00:00,AIS,POINT (8.939867 57.579433),626294000_0,0 days 00:01:00,1.2616811774594321e-07,231.43220374280241,0.0,0,6.978761572528611,57.579433,8.939867
2025-01-07 15:20:01,2025-01-07 15:20:01,Class A,626294000_0,57.578667,8.9384,Under way using engine,0.0,3.9,226.0,239.0,9274800,TRAV2,YANGTZE,Tanker,No additional information,44.0,249.0,Undefined,14.9,SUEZ,20/01/2025 18:00:00,AIS,POINT (8.9384 57.578667),626294000_0,0 days 00:01:00,1.7233537202611855e-08,225.75752947818827,0.0,0,6.979979284398271,57.578667,8.9384
2025-01-07 15:21:01,2025-01-07 15:21:01,Class A,626294000_0,57.57805,8.9369,Under way using engine,0.0,3.7,233.0,242.0,9274800,TRAV2,YANGTZE,Tanker,No additional information,44.0,249.0,Undefined,14.9,SUEZ,20/01/2025 18:00:00,AIS,POINT (8.9369 57.57805),626294000_0,0 days 00:01:00,-2.601948713225246e-06,232.50505321856974,0.0,0,6.981267710878018,57.57805,8.9369
2025-01-07 15:22:01,2025-01-07 15:22:01,Class A,626294000_0,57.577567,8.935267,Under way using engine,0.0,3.4,242.0,241.0,9274800,TRAV2,YANGTZE,Tanker,No additional information,44.0,249.0,Undefined,14.9,SUEZ,20/01/2025 18:00:00,AIS,POINT (8.935267 57.577567),626294000_0,0 days 00:01:00,-4.1632272878721427e-07,241.11692019708454,0.0,0,6.982719481146726,57.577567,8.935267
2025-01-07 15:23:01,2025-01-07 15:23:01,Class A,626294000_0,57.577033,8.933717,Under way using engine,0.0,3.6,236.0,240.0,9274800,TRAV2,YANGTZE,Tanker,No additional information,44.0,249.0,Undefined,14.9,SUEZ,20/01/2025 18:00:00,AIS,POINT (8.933717 57.577033),626294000_0,0 days 00:01:00,-3.7846229343445005e-07,237.27745002182374,0.0,0,6.984077980607175,57.577033,8.933717
2025-01-07 15:24:00,2025-01-07 15:24:00,Class A,626294000_0,57.576483,8.932217,Under way using engine,0.0,3.5,238.0,241.0,9274800,TRAV2,YANGTZE,Tanker,No additional information,44.0,249.0,Undefined,14.9,SUEZ,20/01/2025 18:00:00,AIS,POINT (8.932217 57.576483),626294000_0,0 days 00:00:59,9.357429958800441e-08,235.63382738051698,0.0,0,6.985384162420991,57.576483,8.932217
2025-01-07 15:25:00,2025-01-07 15:25:00,Class A,626294000_0,57.57595,8.930683,Under way using engine,0.0,3.6,239.0,241.0,9274800,TRAV2,YANGTZE,Tanker,No additional information,44.0,249.0,Undefined,14.9,SUEZ,20/01/2025 18:00:00,AIS,POINT (8.930683 57.57595),626294000_0,0 days 00:01:00,-3.3168141141641283e-07,237.05629748490122,0.0,0,6.986727708231443,57.57595,8.930683
2025-01-07 15:29:00,2025-01-07 15:29:00,Class A,626294000_0,57.574117,8.9246,Under way using engine,0.0,3.3,241.0,240.0,9274800,TRAV2,YANGTZE,Tanker,No additional information,44.0,249.0,Undefined,14.9,SUEZ,20/01/2025 18:00:00,AIS,POINT (8.9246 57.574117),626294000_0,0 days 00:04:00,-3.456779448052883e-07,240.66737793775246,0.0,0,6.992129180902553,57.574117,8.9246
2025-01-07 15:30:00,2025-01-07 15:30:00,Class A,626294000_0,57.573617,8.923183,Under way using engine,0.0,3.3,237.0,241.0,9274800,TRAV2,YANGTZE,Tanker,No additional information,44.0,249.0,Undefined,14.9,SUEZ,20/01/2025 18:00:00,AIS,POINT (8.923183 57.573617),626294000_0,0 days 00:01:00,-8.024819706198963e-07,236.653388113704,0.0,0,6.993368784016041,57.573617,8.923183
2025-01-07 15:31:00,2025-01-07 15:31:00,Class A,626294000_0,57.573133,8.9217,Under way using engine,0.0,3.3,241.0,243.0,9274800,TRAV2,YANGTZE,Tanker,No additional information,44.0,249.0,Undefined,14.9,SUEZ,20/01/2025 18:00:00,AIS,POINT (8.9217 57.573133),626294000_0,0 days 00:01:00,6.633337083035342e-07,238.67417487014725,0.0,0,6.994676383310739,57.573133,8.9217
2025-01-07 15:32:00,2025-01-07 15:32:00,Class A,626294000_0,57.572767,8.920067,Under way using engine,0.0,3.3,247.0,241.0,9274800,TRAV2,YANGTZE,Tanker,No additional information,44.0,249.0,Undefined,14.9,SUEZ,20/01/2025 18:00:00,AIS,POINT (8.920067 57.572767),626294000_0,0 days 00:01:00,5.690005935351024e-07,247.31711003364887,0.0,0,6.9961594669351275,57.572767,8.920067
2025-01-07 15:33:00,2025-01-07 15:33:00,Class A,626294000_0,57.572317,8.9186,Under way using engine,0.0,3.3,237.0,240.0,9274800,TRAV2,YANGTZE,Tanker,No additional information,44.0,249.0,Undefined,14.9,SUEZ,20/01/2025 18:00:00,AIS,POINT (8.9186 57.572317),626294000_0,0 days 00:01:00,-1.3315753830209408e-06,240.22912028952805,0.0,0,6.997460580841381,57.572317,8.9186
2025-01-07 15:34:00,2025-01-07 15:34:00,Class A,626294000_0,57.571817,8.917017,Under way using engine,0.0,3.4,241.0,240.0,9274800,TRAV2,YANGTZE,Tanker,No additional information,44.0,249.0,Undefined,14.9,SUEZ,20/01/2025 18:00:00,AIS,POINT (8.917017 57.571817),626294000_0,0 days 00:01:00,2.4440521885045735e-06,239.50166473094282,0.0,0,6.998860964570308,57.571817,8.917017
2025-01-07 15:35:00,2025-01-07 15:35:00,Class A,626294000_0,57.571233,8.915617,Under way using engine,0.0,3.3,233.0,241.0,9274800,TRAV2,YANGTZE,Tanker,No additional information,44.0,249.0,Undefined,14.9,SUEZ,20/01/2025 18:00:00,AIS,POINT (8.915617 57.571233),626294000_0,0 days 00:01:00,-1.0611680927290533e-06,232.12145547871935,0.0,0,7.000062990988153,57.571233,8.915617
2025-01-07 15:36:00,2025-01-07 15:36:00,Class A,626294000_0,57.57075,8.914083,Under way using engine,0.0,3.5,239.0,240.0,9274800,TRAV2,YANGTZE,Tanker,No additional information,44.0,249.0,Undefined,14.9,SUEZ,20/01/2025 18:00:00,AIS,POINT (8.914083 57.57075),626294000_0,0 days 00:01:00,9.320845107737785e-08,239.58120690489764,0.0,0,7.001420642396012,57.57075,8.914083
2025-01-07 15:37:00,2025-01-07 15:37:00,Class A,626294000_0,57.570183,8.912633,Under way using engine,0.0,3.4,234.0,241.0,9274800,TRAV2,YANGTZE,Tanker,No additional information,44.0,249.0,Undefined,14.9,SUEZ,20/01/2025 18:00:00,AIS,POINT (8.912633 57.570183),626294000_0,0 days 00:01:00,2.5564631466227093e-07,233.90161977490106,0.0,0,7.00267559674629,57.570183,8.912633
2025-01-07 15:38:00,2025-01-07 15:38:00,Class A,626294000_0,57.56975,8.9111,Under way using engine,0.0,3.4,241.0,241.0,9274800,TRAV2,YANGTZE,Tanker,No additional information,44.0,249.0,Undefined,14.9,SUEZ,20/01/2025 18:00:00,AIS,POINT (8.9111 57.56975),626294000_0,0 days 00:01:00,-1.0208545872083008e-06,242.22489869193492,0.0,0,7.004045375134859,57.56975,8.9111
2025-01-07 15:39:00,2025-01-07 15:39:00,Class A,626294000_0,57.569233,8.909533,Under way using engine,0.0,3.5,236.0,240.0,9274800,TRAV2,YANGTZE,Tanker,No additional information,44.0,249.0,Undefined,14.9,SUEZ,20/01/2025 18:00:00,AIS,POINT (8.909533 57.569233),626294000_0,0 days 00:01:00,1.7776627664620927e-06,238.39985368537435,0.0,0,7.005426484438045,57.569233,8.909533
2025-01-07 15:40:00,2025-01-07 15:40:00,Class A,626294000_0,57.5687,8.90795,Under way using engine,0.0,3.6,238.0,241.0,9274800,TRAV2,YANGTZE,Tanker,No additional information,44.0,249.0,Undefined,14.9,SUEZ,20/01/2025 18:00:00,AIS,POINT (8.90795 57.5687),626294000_0,0 days 00:01:00,4.872527797198112e-07,237.8782768227655,0.0,0,7.00681905607302,57.5687,8.90795
2025-01-07 15:41:00,2025-01-07 15:41:00,Class A,626294000_0,57.56815,8.906283,Under way using engine,0.0,3.6,239.0,240.0,9274800,TRAV2,YANGTZE,Tanker,No additional information,44.0,249.0,Undefined,14.9,SUEZ,20/01/2025 18:00:00,AIS,POINT (8.906283 57.56815),626294000_0,0 days 00:01:00,1.4641497111658286e-06,238.4003186300078,0.0,0,7.008288554859097,57.56815,8.906283
2025-01-07 15:42:00,2025-01-07 15:42:00,Class A,626294000_0,57.5676,8.904717,Under way using engine,0.0,3.6,237.0,241.0,9274800,TRAV2,YANGTZE,Tanker,No additional information,44.0,249.0,Undefined,14.9,SUEZ,20/01/2025 18:00:00,AIS,POINT (8.904717 57.5676),626294000_0,0 days 00:01:00,-1.417994681436723e-06,236.78059415380108,0.0,0,7.009660576633151,57.5676,8.904717
2025-01-07 15:44:00,2025-01-07 15:44:00,Class A,626294000_0,57.56655,8.901417,Under way using engine,0.0,3.6,239.0,240.0,9274800,TRAV2,YANGTZE,Tanker,No additional information,44.0,249.0,Undefined,14.9,SUEZ,20/01/2025 18:00:00,AIS,POINT (8.901417 57.56655),626294000_0,0 days 00:02:00,3.887309844422741e-07,239.32168732245228,0.0,0,7.012580198964215,57.56655,8.901417
2025-01-07 15:45:00,2025-01-07 15:45:00,Class A,626294000_0,57.566017,8.899867,Under way using engine,0.0,3.5,235.0,239.0,9274800,TRAV2,YANGTZE,Tanker,No additional information,44.0,249.0,Undefined,14.9,SUEZ,20/01/2025 18:00:00,AIS,POINT (8.899867 57.566017),626294000_0,0 days 00:01:00,-1.2854658833945882e-06,237.3341526856887,0.0,0,7.013941490644615,57.566017,8.899867
2025-01-07 15:46:00,2025-01-07 15:46:00,Class A,626294000_0,57.565433,8.8983,Under way using engine,0.0,3.5,239.0,241.0,9274800,TRAV2,YANGTZE,Tanker,No additional information,44.0,249.0,Undefined,14.9,SUEZ,20/01/2025 18:00:00,AIS,POINT (8.8983 57.565433),626294000_0,0 days 00:01:00,1.1106235773976355e-06,235.20596610459003,0.0,0,7.015306253489222,57.565433,8.8983
2025-01-07 15:56:01,2025-01-07 15:56:01,Class A,626294000_0,57.559883,8.881733,Under way using engine,0.0,3.6,237.0,240.0,9274800,TRAV2,YANGTZE,Tanker,No additional information,44.0,249.0,Undefined,14.9,SUEZ,20/01/2025 18:00:00,AIS,POINT (8.881733 57.559883),626294000_0,0 days 00:10:01,6.996768499915456e-08,238.01945420260532,0.0,0,7.029902492756638,57.559883,8.881733
2025-01-07 15:57:01,2025-01-07 15:57:01,Class A,626294000_0,57.55935,8.880233,Under way using engine,0.0,3.5,234.0,240.0,9274800,TRAV2,YANGTZE,Tanker,No additional information,44.0,249.0,Undefined,14.9,SUEZ,20/01/2025 18:00:00,AIS,POINT (8.880233 57.55935),626294000_0,0 days 00:01:00,-2.504434883126444e-06,236.47958086185093,0.0,0,7.031216928339574,57.55935,8.880233
2025-01-07 15:58:01,2025-01-07 15:58:01,Class A,626294000_0,57.558817,8.878717,Under way using engine,0.0,3.3,237.0,240.0,9274800,TRAV2,YANGTZE,Tanker,No additional information,44.0,249.0,Undefined,14.9,SUEZ,20/01/2025 18:00:00,AIS,POINT (8.878717 57.558817),626294000_0,0 days 00:01:00,2.2258146090748699e-07,236.75927243503128,0.0,0,7.032546950144448,57.558817,8.878717
2025-01-07 15:59:01,2025-01-07 15:59:01,Class A,626294000_0,57.558267,8.877383,Under way using engine,0.0,3.3,228.0,240.0,9274800,TRAV2,YANGTZE,Tanker,No additional information,44.0,249.0,Undefined,14.9,SUEZ,20/01/2025 18:00:00,AIS,POINT (8.877383 57.558267),626294000_0,0 days 00:01:00,-2.1655528054001984e-06,232.45549424231132,0.0,0,7.033696761820914,57.558267,8.877383
2025-01-07 16:00:01,2025-01-07 16:00:01,Class A,626294000_0,57.55775,8.875967,Under way using engine,0.0,3.4,234.0,241.0,9274800,TRAV2,YANGTZE,Tanker,No additional information,44.0,249.0,Undefined,14.9,SUEZ,20/01/2025 18:00:00,AIS,POINT (8.875967 57.55775),626294000_0,0 days 00:01:00,5.080279812676401e-07,235.7607943005026,0.0,0,7.0349343816062,57.55775,8.875967
2025-01-07 16:01:00,2025-01-07 16:01:00,Class A,626294000_0,57.557233,8.8743,Under way using engine,0.0,3.7,241.0,241.0,9274800,TRAV2,YANGTZE,Tanker,No additional information,44.0,249.0,Undefined,14.9,SUEZ,20/01/2025 18:00:00,AIS,POINT (8.8743 57.557233),626294000_0,0 days 00:00:59,4.150313442032573e-06,239.9673394186835,0.0,0,7.036414840658912,57.557233,8.8743
2025-01-07 16:02:00,2025-01-07 16:02:00,Class A,626294000_0,57.556683,8.872667,Under way using engine,0.0,3.8,238.0,240.0,9274800,TRAV2,YANGTZE,Tanker,No additional information,44.0,249.0,Undefined,14.9,SUEZ,20/01/2025 18:00:00,AIS,POINT (8.872667 57.556683),626294000_0,0 days 00:01:00,-5.002851831164172e-07,237.87907098939678,0.0,0,7.037854144879815,57.556683,8.872667
2025-01-07 16:03:00,2025-01-07 16:03:00,Class A,626294000_0,57.55615,8.871033,Under way using engine,0.0,3.6,237.0,240.0,9274800,TRAV2,YANGTZE,Tanker,No additional information,44.0,249.0,Undefined,14.9,SUEZ,20/01/2025 18:00:00,AIS,POINT (8.871033 57.55615),626294000_0,0 days 00:01:00,-2.615648520565457e-07,238.69950528850012,0.0,0,7.039298866092347,57.55615,8.871033
2025-01-07 16:04:00,2025-01-07 16:04:00,Class A,626294000_0,57.55565,8.869483,Under way using engine,0.0,3.5,240.0,240.0,9274800,TRAV2,YANGTZE,Tanker,No additional information,44.0,249.0,Undefined,14.9,SUEZ,20/01/2025 18:00:00,AIS,POINT (8.869483 57.55565),626294000_0,0 days 00:01:00,-1.7230685244852963e-06,238.98237099490575,0.0,0,7.040670854554201,57.55565,8.869483
2025-01-07 16:05:00,2025-01-07 16:05:00,Class A,626294000_0,57.555117,8.86795,Under way using engine,0.0,3.4,237.0,242.0,9274800,TRAV2,YANGTZE,Tanker,No additional information,44.0,249.0,Undefined,14.9,SUEZ,20/01/2025 18:00:00,AIS,POINT (8.86795 57.555117),626294000_0,0 days 00:01:00,3.004086293181612e-07,237.05420737312863,0.0,0,7.042018127520619,57.555117,8.86795
2025-01-07 16:06:00,2025-01-07 16:06:00,Class A,626294000_0,57.554717,8.866383,Under way using engine,0.0,3.3,243.0,239.0,9274800,TRAV2,YANGTZE,Tanker,No additional information,44.0,249.0,Undefined,14.9,SUEZ,20/01/2025 18:00:00,AIS,POINT (8.866383 57.554717),626294000_0,0 days 00:01:00,-1.5132638372190707e-06,244.55534483404858,0.0,0,7.043432170770865,57.554717,8.866383
2025-01-07 16:08:00,2025-01-07 16:08:00,Class A,626294000_0,57.55365,8.863667,Under way using engine,0.0,3.3,240.0,241.0,9274800,TRAV2,YANGTZE,Tanker,No additional information,44.0,249.0,Undefined,14.9,SUEZ,20/01/2025 18:00:00,AIS,POINT (8.863667 57.55365),626294000_0,0 days 00:02:00,-4.378838856923264e-07,233.78743510934657,0.0,0,7.045788460811536,57.55365,8.863667
2025-01-07 16:09:00,2025-01-07 16:09:00,Class A,626294000_0,57.553167,8.862133,Under way using engine,0.0,3.3,238.0,240.0,9274800,TRAV2,YANGTZE,Tanker,No additional information,44.0,249.0,Undefined,14.9,SUEZ,20/01/2025 18:00:00,AIS,POINT (8.862133 57.553167),626294000_0,0 days 00:01:00,1.5930371444470207e-06,239.59328507177253,0.0,0,7.047149816503833,57.553167,8.862133
2025-01-07 16:10:00,2025-01-07 16:10:00,Class A,626294000_0,57.55265,8.860683,Under way using engine,0.0,3.4,237.0,240.0,9274800,TRAV2,YANGTZE,Tanker,No additional information,44.0,249.0,Undefined,14.9,SUEZ,20/01/2025 18:00:00,AIS,POINT (8.860683 57.55265),626294000_0,0 days 00:01:00,-6.284436771784349e-07,236.3940696106074,0.0,0,7.0484214018579365,57.55265,8.860683
2025-01-07 16:11:00,2025-01-07 16:11:00,Class A,626294000_0,57.552117,8.85905,Under way using engine,0.0,3.6,239.0,240.0,9274800,TRAV2,YANGTZE,Tanker,No additional information,44.0,249.0,Undefined,14.9,SUEZ,20/01/2025 18:00:00,AIS,POINT (8.85905 57.552117),626294000_0,0 days 00:01:00,2.835443206635875e-06,238.68674889275752,0.0,0,7.0498660726803175,57.552117,8.85905
2025-01-07 16:12:00,2025-01-07 16:12:00,Class A,626294000_0,57.551567,8.857517,Under way using engine,0.0,3.6,236.0,241.0,9274800,TRAV2,YANGTZE,Tanker,No additional information,44.0,249.0,Undefined,14.9,SUEZ,20/01/2025 18:00:00,AIS,POINT (8.857517 57.551567),626294000_0,0 days 00:01:00,-1.1201415055882673e-06,236.23060241672974,0.0,0,7.051209819980256,57.551567,8.857517
2025-01-07 16:13:00,2025-01-07 16:13:00,Class A,626294000_0,57.551017,8.855833,Under way using engine,0.0,3.7,238.0,240.0,9274800,TRAV2,YANGTZE,Tanker,No additional information,44.0,249.0,Undefined,14.9,SUEZ,20/01/2025 18:00:00,AIS,POINT (8.855833 57.551017),626294000_0,0 days 00:01:00,2.1187766143974092e-06,238.67115312006428,0.0,0,7.052699772870669,57.551017,8.855833
2025-01-07 16:14:00,2025-01-07 16:14:00,Class A,626294000_0,57.550467,8.85415,Under way using engine,0.0,3.8,238.0,240.0,9274800,TRAV2,YANGTZE,Tanker,No additional information,44.0,249.0,Undefined,14.9,SUEZ,20/01/2025 18:00:00,AIS,POINT (8.85415 57.550467),626294000_0,0 days 00:01:00,-1.3852516605438367e-08,238.6564190258831,0.0,0,7.054188888464001,57.550467,8.85415
2025-01-07 16:15:00,2025-01-07 16:15:00,Class A,626294000_0,57.549917,8.852467,Under way using engine,0.0,3.8,238.0,240.0,9274800,TRAV2,YANGTZE,Tanker,No additional information,44.0,249.0,Undefined,14.9,SUEZ,20/01/2025 18:00:00,AIS,POINT (8.852467 57.549917),626294000_0,0 days 00:01:00,3.596176931979292e-10,238.65680331159632,0.0,0,7.055678134097813,57.549917,8.852467
2025-01-07 16:16:00,2025-01-07 16:16:00,Class A,626294000_0,57.54935,8.85075,Under way using engine,0.0,3.8,239.0,240.0,9274800,TRAV2,YANGTZE,Tanker,No additional information,44.0,249.0,Undefined,14.9,SUEZ,20/01/2025 18:00:00,AIS,POINT (8.85075 57.54935),626294000_0,0 days 00:01:00,7.571045645998102e-07,238.39082489179125,0.0,0,7.0571961116046635,57.54935,8.85075
2025-01-07 16:17:00,2025-01-07 16:17:00,Class A,626294000_0,57.548817,8.849067,Under way using engine,0.0,3.8,239.0,240.0,9274800,TRAV2,YANGTZE,Tanker,No additional information,44.0,249.0,Undefined,14.9,SUEZ,20/01/2025 18:00:00,AIS,POINT (8.849067 57.548817),626294000_0,0 days 00:01:00,-1.0264442508268806e-06,239.45091784535612,0.0,0,7.058689913276117,57.548817,8.849067
2025-01-07 16:18:00,2025-01-07 16:18:00,Class A,626294000_0,57.548233,8.847333,Under way using engine,0.0,3.8,237.0,241.0,9274800,TRAV2,YANGTZE,Tanker,No additional information,44.0,249.0,Undefined,14.9,SUEZ,20/01/2025 18:00:00,AIS,POINT (8.847333 57.548233),626294000_0,0 days 00:01:00,1.5446850195104762e-06,237.88584381755157,0.0,0,7.060220317586838,57.548233,8.847333
2025-01-07 16:19:00,2025-01-07 16:19:00,Class A,626294000_0,57.5477,8.845583,Under way using engine,0.0,3.8,240.0,240.0,9274800,TRAV2,YANGTZE,Tanker,No additional information,44.0,249.0,Undefined,14.9,SUEZ,20/01/2025 18:00:00,AIS,POINT (8.845583 57.5477),626294000_0,0 days 00:01:00,-5.790041013561851e-07,240.42141021557978,0.0,0,7.061779211535079,57.5477,8.845583
2025-01-07 16:20:00,2025-01-07 16:20:00,Class A,626294000_0,57.547133,8.843867,Under way using engine,0.0,3.9,239.0,241.0,9274800,TRAV2,YANGTZE,Tanker,No additional information,44.0,249.0,Undefined,14.9,SUEZ,20/01/2025 18:00:00,AIS,POINT (8.843867 57.547133),626294000_0,0 days 00:01:00,4.806643302526694e-08,238.37747955907827,0.0,0,7.063296761541455,57.547133,8.843867
2025-01-07 16:21:00,2025-01-07 16:21:00,Class A,626294000_0,57.546567,8.841933,Under way using engine,0.0,4.1,240.0,240.0,9274800,TRAV2,YANGTZE,Tanker,No additional information,44.0,249.0,Undefined,14.9,SUEZ,20/01/2025 18:00:00,AIS,POINT (8.841933 57.546567),626294000_0,0 days 00:01:00,3.123997753167507e-06,241.3935286862831,0.0,0,7.065025665646942,57.546567,8.841933
2025-01-07 16:22:00,2025-01-07 16:22:00,Class A,626294000_0,57.54595,8.8403,Under way using engine,0.0,3.9,236.0,241.0,9274800,TRAV2,YANGTZE,Tanker,No additional information,44.0,249.0,Undefined,14.9,SUEZ,20/01/2025 18:00:00,AIS,POINT (8.8403 57.54595),626294000_0,0 days 00:01:00,-3.4267602234720144e-06,234.85137573434253,0.0,0,7.06645057896452,57.54595,8.8403
2025-01-07 16:23:00,2025-01-07 16:23:00,Class A,626294000_0,57.545483,8.8386,Under way using engine,0.0,3.7,244.0,240.0,9274800,TRAV2,YANGTZE,Tanker,No additional information,44.0,249.0,Undefined,14.9,SUEZ,20/01/2025 18:00:00,AIS,POINT (8.8386 57.545483),626294000_0,0 days 00:01:00,-1.4443055210077843e-06,242.89223689682706,0.0,0,7.067978235043243,57.545483,8.8386
2025-01-07 16:24:00,2025-01-07 16:24:00,Class A,626294000_0,57.5449,8.836933,Under way using engine,0.0,3.7,237.0,240.0,9274800,TRAV2,YANGTZE,Tanker,No additional information,44.0,249.0,Undefined,14.9,SUEZ,20/01/2025 18:00:00,AIS,POINT (8.836933 57.5449),626294000_0,0 days 00:01:00,1.3241828988621048e-06,236.90800153998003,0.0,0,7.069444877900173,57.5449,8.836933
2025-01-07 16:26:00,2025-01-07 16:26:00,Class A,626294000_0,57.543783,8.8337,Under way using engine,0.0,3.7,238.0,241.0,9274800,TRAV2,YANGTZE,Tanker,No additional information,44.0,249.0,Undefined,14.9,SUEZ,20/01/2025 18:00:00,AIS,POINT (8.8337 57.543783),626294000_0,0 days 00:02:00,-5.581949245791254e-07,237.22744907729077,0.0,0,7.072293130240359,57.543783,8.8337
2025-01-07 16:27:00,2025-01-07 16:27:00,Class A,626294000_0,57.543283,8.832017,Under way using engine,0.0,3.7,240.0,240.0,9274800,TRAV2,YANGTZE,Tanker,No additional information,44.0,249.0,Undefined,14.9,SUEZ,20/01/2025 18:00:00,AIS,POINT (8.832017 57.543283),626294000_0,0 days 00:01:00,2.3186680621482766e-08,241.0322618579117,0.0,0,7.073796509272937,57.543283,8.832017
2025-01-07 16:28:00,2025-01-07 16:28:00,Class A,626294000_0,57.542733,8.830283,Under way using engine,0.0,3.8,238.0,240.0,9274800,TRAV2,YANGTZE,Tanker,No additional information,44.0,249.0,Undefined,14.9,SUEZ,20/01/2025 18:00:00,AIS,POINT (8.830283 57.542733),626294000_0,0 days 00:01:00,1.5042463981428126e-06,239.41638875519737,0.0,0,7.0753368174855105,57.542733,8.830283
2025-01-07 16:30:00,2025-01-07 16:30:00,Class A,626294000_0,57.541683,8.827367,Under way using engine,0.0,3.2,235.0,240.0,9274800,TRAV2,YANGTZE,Tanker,No additional information,44.0,249.0,Undefined,14.9,SUEZ,20/01/2025 18:00:00,AIS,POINT (8.827367 57.541683),626294000_0,0 days 00:02:00,-2.149646139326368e-06,236.14173493415643,0.0,0,7.077896015992463,57.541683,8.827367
2025-01-07 16:31:00,2025-01-07 16:31:00,Class A,626294000_0,57.54115,8.825933,Under way using engine,0.0,3.2,240.0,241.0,9274800,TRAV2,YANGTZE,Tanker,No additional information,44.0,249.0,Undefined,14.9,SUEZ,20/01/2025 18:00:00,AIS,POINT (8.825933 57.54115),626294000_0,0 days 00:01:00,-1.9044359620623317e-07,235.29584719047514,0.0,0,7.07915053796492,57.54115,8.825933
2025-01-07 16:32:00,2025-01-07 16:32:00,Class A,626294000_0,57.540633,8.824483,Under way using engine,0.0,3.3,235.0,240.0,9274800,TRAV2,YANGTZE,Tanker,No additional information,44.0,249.0,Undefined,14.9,SUEZ,20/01/2025 18:00:00,AIS,POINT (8.824483 57.540633),626294000_0,0 days 00:01:00,-5.681603829557032e-08,236.40278004570206,0.0,0,7.080424667113265,57.540633,8.824483
2025-01-07 16:33:00,2025-01-07 16:33:00,Class A,626294000_0,57.5401,8.823033,Under way using engine,0.0,3.3,235.0,240.0,9274800,TRAV2,YANGTZE,Tanker,No additional information,44.0,249.0,Undefined,14.9,SUEZ,20/01/2025 18:00:00,AIS,POINT (8.823033 57.5401),626294000_0,0 days 00:01:00,2.767291215562678e-07,235.59360375174123,0.0,0,7.081694894152741,57.5401,8.823033
2025-01-07 16:34:00,2025-01-07 16:34:00,Class A,626294000_0,57.539567,8.821683,Under way using engine,0.0,3.2,237.0,241.0,9274800,TRAV2,YANGTZE,Tanker,No additional information,44.0,249.0,Undefined,14.9,SUEZ,20/01/2025 18:00:00,AIS,POINT (8.821683 57.539567),626294000_0,0 days 00:01:00,-1.3572868400234387e-06,233.66177155379802,0.0,0,7.082868414791425,57.539567,8.821683
2025-01-07 16:35:00,2025-01-07 16:35:00,Class A,626294000_0,57.539083,8.8202,Under way using engine,0.0,3.2,237.0,241.0,9274800,TRAV2,YANGTZE,Tanker,No additional information,44.0,249.0,Undefined,14.9,SUEZ,20/01/2025 18:00:00,AIS,POINT (8.8202 57.539083),626294000_0,0 days 00:01:00,9.97925942523139e-07,238.69795835443392,0.0,0,7.0841830685439655,57.539083,8.8202
2025-01-07 16:36:00,2025-01-07 16:36:00,Class A,626294000_0,57.538633,8.81875,Under way using engine,0.0,3.2,242.0,240.0,9274800,TRAV2,YANGTZE,Tanker,No additional information,44.0,249.0,Undefined,14.9,SUEZ,20/01/2025 18:00:00,AIS,POINT (8.81875 57.538633),626294000_0,0 days 00:01:00,-1.0079926158858198e-06,239.96339151997233,0.0,0,7.085474375011527,57.538633,8.81875
2025-01-07 16:37:00,2025-01-07 16:37:00,Class A,626294000_0,57.538083,8.817433,Under way using engine,0.0,3.1,231.0,240.0,9274800,TRAV2,YANGTZE,Tanker,No additional information,44.0,249.0,Undefined,14.9,SUEZ,20/01/2025 18:00:00,AIS,POINT (8.817433 57.538083),626294000_0,0 days 00:01:00,-1.1041169043191238e-07,232.1152408684714,0.0,0,7.08661199382794,57.538083,8.817433
2025-01-07 16:38:00,2025-01-07 16:38:00,Class A,626294000_0,57.537567,8.816133,Under way using engine,0.0,3.1,235.0,242.0,9274800,TRAV2,YANGTZE,Tanker,No additional information,44.0,249.0,Undefined,14.9,SUEZ,20/01/2025 18:00:00,AIS,POINT (8.816133 57.537567),626294000_0,0 days 00:01:00,-8.60214541219851e-07,233.51749568328472,0.0,0,7.087741753213783,57.537567,8.816133
2025-01-07 16:39:00,2025-01-07 16:39:00,Class A,626294000_0,57.537083,8.8147,Under way using engine,0.0,3.2,239.0,241.0,9274800,TRAV2,YANGTZE,Tanker,No additional information,44.0,249.0,Undefined,14.9,SUEZ,20/01/2025 18:00:00,AIS,POINT (8.8147 57.537083),626294000_0,0 days 00:01:00,1.2719307196774252e-06,237.82022140281077,0.0,0,7.089008385708469,57.537083,8.8147
2025-01-07 16:40:00,2025-01-07 16:40:00,Class A,626294000_0,57.53665,8.813317,Under way using engine,0.0,3.2,242.0,241.0,9274800,TRAV2,YANGTZE,Tanker,No additional information,44.0,249.0,Undefined,14.9,SUEZ,20/01/2025 18:00:00,AIS,POINT (8.813317 57.53665),626294000_0,0 days 00:01:00,-1.528310183616213e-06,239.74579144764454,0.0,0,7.0902394315498976,57.53665,8.813317
2025-01-07 16:41:00,2025-01-07 16:41:00,Class A,626294000_0,57.536183,8.81175,Under way using engine,0.0,3.4,241.0,240.0,9274800,TRAV2,YANGTZE,Tanker,No additional information,44.0,249.0,Undefined,14.9,SUEZ,20/01/2025 18:00:00,AIS,POINT (8.81175 57.536183),626294000_0,0 days 00:01:00,3.1817581727588908e-06,240.96075916933637,0.0,0,7.091640252123976,57.536183,8.81175
2025-01-07 16:42:00,2025-01-07 16:42:00,Class A,626294000_0,57.535717,8.8103,Under way using engine,0.0,3.3,239.0,239.0,9274800,TRAV2,YANGTZE,Tanker,No additional information,44.0,249.0,Undefined,14.9,SUEZ,20/01/2025 18:00:00,AIS,POINT (8.8103 57.535717),626294000_0,0 days 00:01:00,-1.7024306417084049e-06,239.09048228604613,0.0,0,7.092928121109716,57.535717,8.8103
2025-01-07 16:43:00,2025-01-07 16:43:00,Class A,626294000_0,57.535217,8.808833,Under way using engine,0.0,3.3,237.0,239.0,9274800,TRAV2,YANGTZE,Tanker,No additional information,44.0,249.0,Undefined,14.9,SUEZ,20/01/2025 18:00:00,AIS,POINT (8.808833 57.535217),626294000_0,0 days 00:01:00,7.92547935105851e-07,237.58674815468123,0.0,0,7.094224068793571,57.535217,8.808833
2025-01-07 16:44:00,2025-01-07 16:44:00,Class A,626294000_0,57.5347,8.8074,Under way using engine,0.0,3.4,237.0,240.0,9274800,TRAV2,YANGTZE,Tanker,No additional information,44.0,249.0,Undefined,14.9,SUEZ,20/01/2025 18:00:00,AIS,POINT (8.8074 57.5347),626294000_0,0 days 00:01:00,-1.8631057428414093e-07,236.09493688089378,0.0,0,7.095482954376538,57.5347,8.8074
2025-01-07 16:45:00,2025-01-07 16:45:00,Class A,626294000_0,57.534133,8.806017,Under way using engine,0.0,3.3,232.0,240.0,9274800,TRAV2,YANGTZE,Tanker,No additional information,44.0,249.0,Undefined,14.9,SUEZ,20/01/2025 18:00:00,AIS,POINT (8.806017 57.534133),626294000_0,0 days 00:01:00,2.2394686320240818e-07,232.62961762499424,0.0,0,7.096681064751464,57.534133,8.806017
2025-01-07 16:48:01,2025-01-07 16:48:01,Class A,626294000_0,57.532517,8.801,Under way using engine,0.0,3.8,238.0,240.0,9274800,TRAV2,YANGTZE,Tanker,No additional information,44.0,249.0,Undefined,14.9,SUEZ,20/01/2025 18:00:00,AIS,POINT (8.801 57.532517),626294000_0,0 days 00:03:01,1.100839600797453e-06,239.0368328127024,0.0,0,7.101137935009359,57.532517,8.801
2025-01-07 16:49:01,2025-01-07 16:49:01,Class A,626294000_0,57.53195,8.79935,Under way using engine,0.0,3.8,238.0,240.0,9274800,TRAV2,YANGTZE,Tanker,No additional information,44.0,249.0,Undefined,14.9,SUEZ,20/01/2025 18:00:00,AIS,POINT (8.79935 57.53195),626294000_0,0 days 00:01:00,3.250677907488895e-07,237.3762792865702,0.0,0,7.10259513062993,57.53195,8.79935
2025-01-07 16:57:00,2025-01-07 16:57:00,Class A,626294000_0,57.527217,8.7862,Under way using engine,0.0,3.7,236.0,241.0,9274800,TRAV2,YANGTZE,Tanker,No additional information,44.0,249.0,Undefined,14.9,SUEZ,20/01/2025 18:00:00,AIS,POINT (8.7862 57.527217),626294000_0,0 days 00:07:59,5.0137011287823385e-08,236.16689011365182,0.0,0,7.114160147187369,57.527217,8.7862
2025-01-07 16:58:00,2025-01-07 16:58:00,Class A,626294000_0,57.526683,8.78445,Under way using engine,0.0,3.8,239.0,240.0,9274800,TRAV2,YANGTZE,Tanker,No additional information,44.0,249.0,Undefined,14.9,SUEZ,20/01/2025 18:00:00,AIS,POINT (8.78445 57.526683),626294000_0,0 days 00:01:00,5.02056073125899e-07,240.38947742488486,0.0,0,7.115723585647843,57.526683,8.78445
2025-01-07 16:59:00,2025-01-07 16:59:00,Class A,626294000_0,57.526083,8.782817,Under way using engine,0.0,3.9,236.0,241.0,9274800,TRAV2,YANGTZE,Tanker,No additional information,44.0,249.0,Undefined,14.9,SUEZ,20/01/2025 18:00:00,AIS,POINT (8.782817 57.526083),626294000_0,0 days 00:01:00,-5.718911075852679e-07,235.61586458044167,0.0,0,7.117157465070026,57.526083,8.782817
2025-01-07 17:00:00,2025-01-07 17:00:00,Class A,626294000_0,57.525533,8.78095,Under way using engine,0.0,4.0,240.0,240.0,9274800,TRAV2,YANGTZE,Tanker,No additional information,44.0,249.0,Undefined,14.9,SUEZ,20/01/2025 18:00:00,AIS,POINT (8.78095 57.525533),626294000_0,0 days 00:01:00,2.5145253888796056e-06,241.24865177443883,0.0,0,7.118830579353957,57.525533,8.78095
2025-01-07 17:01:00,2025-01-07 17:01:00,Class A,626294000_0,57.524883,8.779183,Under way using engine,0.0,3.9,235.0,240.0,9274800,TRAV2,YANGTZE,Tanker,No additional information,44.0,249.0,Undefined,14.9,SUEZ,20/01/2025 18:00:00,AIS,POINT (8.779183 57.524883),626294000_0,0 days 00:01:00,2.0016365888641158e-07,235.58530957719677,0.0,0,7.120382232834555,57.524883,8.779183
2025-01-07 17:02:00,2025-01-07 17:02:00,Class A,626294000_0,57.5243,8.777417,Under way using engine,0.0,4.0,238.0,241.0,9274800,TRAV2,YANGTZE,Tanker,No additional information,44.0,249.0,Undefined,14.9,SUEZ,20/01/2025 18:00:00,AIS,POINT (8.777417 57.5243),626294000_0,0 days 00:01:00,-1.1412326606574175e-06,238.41635530856558,0.0,0,7.121949614494965,57.5243,8.777417
2025-01-07 17:03:01,2025-01-07 17:03:01,Class A,626294000_0,57.523767,8.775517,Under way using engine,0.0,4.0,243.0,239.0,9274800,TRAV2,YANGTZE,Tanker,No additional information,44.0,249.0,Undefined,14.9,SUEZ,20/01/2025 18:00:00,AIS,POINT (8.775517 57.523767),626294000_0,0 days 00:01:01,5.845280861760047e-07,242.41606902452895,0.0,0,7.1236593301045765,57.523767,8.775517
2025-01-07 17:10:00,2025-01-07 17:10:00,Class A,626294000_0,57.519633,8.7641,Under way using engine,0.0,4.0,236.0,240.0,9274800,TRAV2,YANGTZE,Tanker,No additional information,44.0,249.0,Undefined,14.9,SUEZ,20/01/2025 18:00:00,AIS,POINT (8.7641 57.519633),626294000_0,0 days 00:06:59,-3.262042164512604e-07,236.0125947413009,0.0,0,7.133706858979068,57.519633,8.7641
2025-01-07 17:11:00,2025-01-07 17:11:00,Class A,626294000_0,57.519067,8.76225,Under way using engine,0.0,3.9,240.0,240.0,9274800,TRAV2,YANGTZE,Tanker,No additional information,44.0,249.0,Undefined,14.9,SUEZ,20/01/2025 18:00:00,AIS,POINT (8.76225 57.519067),626294000_0,0 days 00:01:00,2.6236887444117552e-06,240.3299190736742,0.0,0,7.13536107793635,57.519067,8.76225
2025-01-07 17:12:00,2025-01-07 17:12:00,Class A,626294000_0,57.518483,8.760533,Under way using engine,0.0,3.9,239.0,240.0,9274800,TRAV2,YANGTZE,Tanker,No additional information,44.0,249.0,Undefined,14.9,SUEZ,20/01/2025 18:00:00,AIS,POINT (8.760533 57.518483),626294000_0,0 days 00:01:00,-1.6119884847141218e-06,237.65225810381074,0.0,0,7.13688208918054,57.518483,8.760533
2025-01-07 17:13:00,2025-01-07 17:13:00,Class A,626294000_0,57.517867,8.75885,Under way using engine,0.0,3.9,235.0,240.0,9274800,TRAV2,YANGTZE,Tanker,No additional information,44.0,249.0,Undefined,14.9,SUEZ,20/01/2025 18:00:00,AIS,POINT (8.75885 57.517867),626294000_0,0 days 00:01:00,7.010544552243434e-08,235.7244051296869,0.0,0,7.138362424739234,57.517867,8.75885
2025-01-07 17:14:00,2025-01-07 17:14:00,Class A,626294000_0,57.517233,8.757067,Under way using engine,0.0,4.0,237.0,241.0,9274800,TRAV2,YANGTZE,Tanker,No additional information,44.0,249.0,Undefined,14.9,SUEZ,20/01/2025 18:00:00,AIS,POINT (8.757067 57.517233),626294000_0,0 days 00:01:00,1.693139742485306e-06,236.4918034317626,0.0,0,7.139935435800663,57.517233,8.757067
2025-01-07 17:15:00,2025-01-07 17:15:00,Class A,626294000_0,57.516633,8.755217,Under way using engine,0.0,4.1,239.0,241.0,9274800,TRAV2,YANGTZE,Tanker,No additional information,44.0,249.0,Undefined,14.9,SUEZ,20/01/2025 18:00:00,AIS,POINT (8.755217 57.516633),626294000_0,0 days 00:01:00,3.8201697941641985e-07,238.87303135238562,0.0,0,7.141581891248045,57.516633,8.755217
2025-01-07 17:16:00,2025-01-07 17:16:00,Class A,626294000_0,57.516067,8.753433,Under way using engine,0.0,4.0,237.0,239.0,9274800,TRAV2,YANGTZE,Tanker,No additional information,44.0,249.0,Undefined,14.9,SUEZ,20/01/2025 18:00:00,AIS,POINT (8.753433 57.516067),626294000_0,0 days 00:01:00,-1.4819014786438249e-06,239.42851789115443,0.0,0,7.1431728353897475,57.516067,8.753433
2025-01-07 17:17:00,2025-01-07 17:17:00,Class A,626294000_0,57.51545,8.7517,Under way using engine,0.0,3.8,237.0,239.0,9274800,TRAV2,YANGTZE,Tanker,No additional information,44.0,249.0,Undefined,14.9,SUEZ,20/01/2025 18:00:00,AIS,POINT (8.7517 57.51545),626294000_0,0 days 00:01:00,1.1673400539824203e-07,236.45974914645893,0.0,0,7.144701982066713,57.51545,8.7517
2025-01-07 17:18:00,2025-01-07 17:18:00,Class A,626294000_0,57.5148,8.75015,Under way using engine,0.0,3.8,234.0,242.0,9274800,TRAV2,YANGTZE,Tanker,No additional information,44.0,249.0,Undefined,14.9,SUEZ,20/01/2025 18:00:00,AIS,POINT (8.75015 57.5148),626294000_0,0 days 00:01:00,-1.8788152294104751e-06,232.01759393284038,0.0,0,7.14604576300404,57.5148,8.75015
2025-01-07 17:19:00,2025-01-07 17:19:00,Class A,626294000_0,57.514233,8.7484,Under way using engine,0.0,3.8,237.0,240.0,9274800,TRAV2,YANGTZE,Tanker,No additional information,44.0,249.0,Undefined,14.9,SUEZ,20/01/2025 18:00:00,AIS,POINT (8.7484 57.514233),626294000_0,0 days 00:01:00,1.2929405526199348e-06,238.90002897411838,0.0,0,7.147603911119095,57.514233,8.7484
2025-01-07 17:20:01,2025-01-07 17:20:01,Class A,626294000_0,57.51365,8.74665,Under way using engine,0.0,3.9,240.0,240.0,9274800,TRAV2,YANGTZE,Tanker,No additional information,44.0,249.0,Undefined,14.9,SUEZ,20/01/2025 18:00:00,AIS,POINT (8.74665 57.51365),626294000_0,0 days 00:01:01,-2.984135592263855e-07,238.1907038356378,0.0,0,7.149158282486686,57.51365,8.74665
2025-01-07 17:21:01,2025-01-07 17:21:01,Class A,626294000_0,57.513067,8.744933,Under way using engine,0.0,3.9,238.0,240.0,9274800,TRAV2,YANGTZE,Tanker,No additional information,44.0,249.0,Undefined,14.9,SUEZ,20/01/2025 18:00:00,AIS,POINT (8.744933 57.513067),626294000_0,0 days 00:01:00,9.622132430935071e-08,237.70047077857532,0.0,0,7.150680791452658,57.513067,8.744933
2025-01-07 17:22:01,2025-01-07 17:22:01,Class A,626294000_0,57.5124,8.74325,Under way using engine,0.0,3.9,236.0,240.0,9274800,TRAV2,YANGTZE,Tanker,No additional information,44.0,249.0,Undefined,14.9,SUEZ,20/01/2025 18:00:00,AIS,POINT (8.74325 57.5124),626294000_0,0 days 00:01:00,9.982374766930917e-07,233.57840321964844,0.0,0,7.152149957666436,57.5124,8.74325
2025-01-07 17:23:01,2025-01-07 17:23:01,Class A,626294000_0,57.511833,8.741567,Under way using engine,0.0,3.7,240.0,241.0,9274800,TRAV2,YANGTZE,Tanker,No additional information,44.0,249.0,Undefined,14.9,SUEZ,20/01/2025 18:00:00,AIS,POINT (8.741567 57.511833),626294000_0,0 days 00:01:00,-1.740062004663089e-06,237.9035517370607,0.0,0,7.1536436793847935,57.511833,8.741567
2025-01-07 17:24:01,2025-01-07 17:24:01,Class A,626294000_0,57.511267,8.739933,Under way using engine,0.0,3.7,237.0,241.0,9274800,TRAV2,YANGTZE,Tanker,No additional information,44.0,249.0,Undefined,14.9,SUEZ,20/01/2025 18:00:00,AIS,POINT (8.739933 57.511267),626294000_0,0 days 00:01:00,-7.049721664638748e-07,237.18314428255832,0.0,0,7.155090253326646,57.511267,8.739933
2025-01-07 17:25:01,2025-01-07 17:25:01,Class A,626294000_0,57.510733,8.738267,Under way using engine,0.0,3.7,238.0,241.0,9274800,TRAV2,YANGTZE,Tanker,No additional information,44.0,249.0,Undefined,14.9,SUEZ,20/01/2025 18:00:00,AIS,POINT (8.738267 57.510733),626294000_0,0 days 00:01:00,-6.797293675110064e-08,239.17474672006307,0.0,0,7.156575787344252,57.510733,8.738267
2025-01-07 17:26:01,2025-01-07 17:26:01,Class A,626294000_0,57.510233,8.736683,Under way using engine,0.0,3.5,239.0,240.0,9274800,TRAV2,YANGTZE,Tanker,No additional information,44.0,249.0,Undefined,14.9,SUEZ,20/01/2025 18:00:00,AIS,POINT (8.736683 57.510233),626294000_0,0 days 00:01:00,-1.710160176247479e-06,239.5597949488224,0.0,0,7.157990194451652,57.510233,8.736683
2025-01-07 17:27:01,2025-01-07 17:27:01,Class A,626294000_0,57.509717,8.735117,Under way using engine,0.0,3.4,237.0,240.0,9274800,TRAV2,YANGTZE,Tanker,No additional information,44.0,249.0,Undefined,14.9,SUEZ,20/01/2025 18:00:00,AIS,POINT (8.735117 57.509717),626294000_0,0 days 00:01:00,-2.306368370096386e-09,238.4747460698303,0.0,0,7.159383353207593,57.509717,8.735117
2025-01-07 17:28:00,2025-01-07 17:28:00,Class A,626294000_0,57.509167,8.733617,Under way using engine,0.0,3.5,237.0,241.0,9274800,TRAV2,YANGTZE,Tanker,No additional information,44.0,249.0,Undefined,14.9,SUEZ,20/01/2025 18:00:00,AIS,POINT (8.733617 57.509167),626294000_0,0 days 00:00:59,1.6305568430309535e-07,235.6831270172973,0.0,0,7.160704330105103,57.509167,8.733617
2025-01-07 17:29:00,2025-01-07 17:29:00,Class A,626294000_0,57.508633,8.732,Under way using engine,0.0,3.6,241.0,241.0,9274800,TRAV2,YANGTZE,Tanker,No additional information,44.0,249.0,Undefined,14.9,SUEZ,20/01/2025 18:00:00,AIS,POINT (8.732 57.508633),626294000_0,0 days 00:01:00,8.552896814674818e-07,238.41826046150075,0.0,0,7.162142797336913,57.508633,8.732
2025-01-07 17:30:00,2025-01-07 17:30:00,Class A,626294000_0,57.508117,8.730517,Under way using engine,0.0,3.3,236.0,241.0,9274800,TRAV2,YANGTZE,Tanker,No additional information,44.0,249.0,Undefined,14.9,SUEZ,20/01/2025 18:00:00,AIS,POINT (8.730517 57.508117),626294000_0,0 days 00:01:00,-2.18444160115384e-06,237.06842419136615,0.0,0,7.163455778280897,57.508117,8.730517
2025-01-07 17:31:00,2025-01-07 17:31:00,Class A,626294000_0,57.50765,8.72905,Under way using engine,0.0,3.4,238.0,240.0,9274800,TRAV2,YANGTZE,Tanker,No additional information,44.0,249.0,Undefined,14.9,SUEZ,20/01/2025 18:00:00,AIS,POINT (8.72905 57.50765),626294000_0,0 days 00:01:00,-1.0239630051958048e-06,239.34949730024698,0.0,0,7.164765250979824,57.50765,8.72905
2025-01-07 17:32:00,2025-01-07 17:32:00,Class A,626294000_0,57.50715,8.727517,Under way using engine,0.0,3.4,239.0,240.0,9274800,TRAV2,YANGTZE,Tanker,No additional information,44.0,249.0,Undefined,14.9,SUEZ,20/01/2025 18:00:00,AIS,POINT (8.727517 57.50715),626294000_0,0 days 00:01:00,1.4675792582312227e-06,238.7364177447729,0.0,0,7.166130821740906,57.50715,8.727517
2025-01-07 17:33:00,2025-01-07 17:33:00,Class A,626294000_0,57.50665,8.72595,Under way using engine,0.0,3.4,240.0,240.0,9274800,TRAV2,YANGTZE,Tanker,No additional information,44.0,249.0,Undefined,14.9,SUEZ,20/01/2025 18:00:00,AIS,POINT (8.72595 57.50665),626294000_0,0 days 00:01:00,4.858927350534091e-07,239.2914991120775,0.0,0,7.1675294776685785,57.50665,8.72595
2025-01-07 17:34:00,2025-01-07 17:34:00,Class A,626294000_0,57.506133,8.724517,Under way using engine,0.0,3.3,235.0,240.0,9274800,TRAV2,YANGTZE,Tanker,No additional information,44.0,249.0,Undefined,14.9,SUEZ,20/01/2025 18:00:00,AIS,POINT (8.724517 57.506133),626294000_0,0 days 00:01:00,-1.6068077281680635e-06,236.115710409796,0.0,0,7.16879411838574,57.506133,8.724517
2025-01-07 17:35:01,2025-01-07 17:35:01,Class A,626294000_0,57.50565,8.722933,Under way using engine,0.0,3.4,243.0,240.0,9274800,TRAV2,YANGTZE,Tanker,No additional information,44.0,249.0,Undefined,14.9,SUEZ,20/01/2025 18:00:00,AIS,POINT (8.722933 57.50565),626294000_0,0 days 00:01:01,1.073773400762775e-06,240.42124558266778,0.0,0,7.170213597318354,57.50565,8.722933
2025-01-07 17:36:01,2025-01-07 17:36:01,Class A,626294000_0,57.505167,8.721367,Under way using engine,0.0,3.5,237.0,240.0,9274800,TRAV2,YANGTZE,Tanker,No additional information,44.0,249.0,Undefined,14.9,SUEZ,20/01/2025 18:00:00,AIS,POINT (8.721367 57.505167),626294000_0,0 days 00:01:00,2.3682879289726808e-07,240.1396349819591,0.0,0,7.17161571475954,57.505167,8.721367
2025-01-07 17:37:01,2025-01-07 17:37:01,Class A,626294000_0,57.50465,8.719783,Under way using engine,0.0,3.5,240.0,240.0,9274800,TRAV2,YANGTZE,Tanker,No additional information,44.0,249.0,Undefined,14.9,SUEZ,20/01/2025 18:00:00,AIS,POINT (8.719783 57.50465),626294000_0,0 days 00:01:00,7.927544435751566e-07,238.72017445890776,0.0,0,7.1730271564499875,57.50465,8.719783
2025-01-07 17:38:01,2025-01-07 17:38:01,Class A,626294000_0,57.504167,8.718083,Under way using engine,0.0,3.7,240.0,241.0,9274800,TRAV2,YANGTZE,Tanker,No additional information,44.0,249.0,Undefined,14.9,SUEZ,20/01/2025 18:00:00,AIS,POINT (8.718083 57.504167),626294000_0,0 days 00:01:00,1.163171322652563e-06,242.1285031253601,0.0,0,7.174559488585345,57.504167,8.718083
2025-01-07 17:39:01,2025-01-07 17:39:01,Class A,626294000_0,57.503683,8.716367,Under way using engine,0.0,3.8,240.0,240.0,9274800,TRAV2,YANGTZE,Tanker,No additional information,44.0,249.0,Undefined,14.9,SUEZ,20/01/2025 18:00:00,AIS,POINT (8.716367 57.503683),626294000_0,0 days 00:01:00,2.505459461430142e-07,242.30130765282686,0.0,0,7.1761072106819865,57.503683,8.716367
2025-01-07 17:40:01,2025-01-07 17:40:01,Class A,626294000_0,57.503117,8.7146,Under way using engine,0.0,3.9,240.0,240.0,9274800,TRAV2,YANGTZE,Tanker,No additional information,44.0,249.0,Undefined,14.9,SUEZ,20/01/2025 18:00:00,AIS,POINT (8.7146 57.503117),626294000_0,0 days 00:01:00,1.980147147380277e-06,239.19666102637262,0.0,0,7.1776846846618305,57.503117,8.7146
2025-01-07 17:41:01,2025-01-07 17:41:01,Class A,626294000_0,57.5026,8.712833,Under way using engine,0.0,3.9,244.0,240.0,9274800,TRAV2,YANGTZE,Tanker,No additional information,44.0,249.0,Undefined,14.9,SUEZ,20/01/2025 18:00:00,AIS,POINT (8.712833 57.5026),626294000_0,0 days 00:01:00,-7.49436168161915e-07,241.42837505003936,0.0,0,7.179274141573716,57.5026,8.712833
2025-01-07 17:42:00,2025-01-07 17:42:00,Class A,626294000_0,57.50205,8.711133,Under way using engine,0.0,3.8,237.0,240.0,9274800,TRAV2,YANGTZE,Tanker,No additional information,44.0,249.0,Undefined,14.9,SUEZ,20/01/2025 18:00:00,AIS,POINT (8.711133 57.50205),626294000_0,0 days 00:00:59,1.0003931168547031e-07,238.94528966868046,0.0,0,7.180790728852149,57.50205,8.711133
2025-01-07 17:43:00,2025-01-07 17:43:00,Class A,626294000_0,57.501467,8.709433,Under way using engine,0.0,3.8,237.0,240.0,9274800,TRAV2,YANGTZE,Tanker,No additional information,44.0,249.0,Undefined,14.9,SUEZ,20/01/2025 18:00:00,AIS,POINT (8.709433 57.501467),626294000_0,0 days 00:01:00,-2.2163544890715405e-08,237.4506753555612,0.0,0,7.182299468154331,57.501467,8.709433
2025-01-07 17:44:00,2025-01-07 17:44:00,Class A,626294000_0,57.5009,8.707717,Under way using engine,0.0,3.9,238.0,241.0,9274800,TRAV2,YANGTZE,Tanker,No additional information,44.0,249.0,Undefined,14.9,SUEZ,20/01/2025 18:00:00,AIS,POINT (8.707717 57.5009),626294000_0,0 days 00:01:00,-3.61508859226684e-08,238.40990158745527,0.0,0,7.1838277300061275,57.5009,8.707717
2025-01-07 17:45:00,2025-01-07 17:45:00,Class A,626294000_0,57.500333,8.706067,Under way using engine,0.0,3.8,237.0,240.0,9274800,TRAV2,YANGTZE,Tanker,No additional information,44.0,249.0,Undefined,14.9,SUEZ,20/01/2025 18:00:00,AIS,POINT (8.706067 57.500333),626294000_0,0 days 00:01:00,-9.3132600417078e-07,237.3988240066327,0.0,0,7.1852920719760585,57.500333,8.706067
2025-01-07 17:46:00,2025-01-07 17:46:00,Class A,626294000_0,57.49975,8.704317,Under way using engine,0.0,3.8,240.0,240.0,9274800,TRAV2,YANGTZE,Tanker,No additional information,44.0,249.0,Undefined,14.9,SUEZ,20/01/2025 18:00:00,AIS,POINT (8.704317 57.49975),626294000_0,0 days 00:01:00,1.6738247848001536e-06,238.20047882597657,0.0,0,7.186849727822684,57.49975,8.704317
2025-01-07 17:47:00,2025-01-07 17:47:00,Class A,626294000_0,57.49915,8.7028,Under way using engine,0.0,3.7,231.0,240.0,9274800,TRAV2,YANGTZE,Tanker,No additional information,44.0,249.0,Undefined,14.9,SUEZ,20/01/2025 18:00:00,AIS,POINT (8.7028 57.49915),626294000_0,0 days 00:01:00,-2.92365101674749e-06,233.64349087735238,0.0,0,7.188177292481592,57.49915,8.7028
2025-01-07 17:48:00,2025-01-07 17:48:00,Class A,626294000_0,57.498583,8.701083,Under way using engine,0.0,3.8,239.0,241.0,9274800,TRAV2,YANGTZE,Tanker,No additional information,44.0,249.0,Undefined,14.9,SUEZ,20/01/2025 18:00:00,AIS,POINT (8.701083 57.498583),626294000_0,0 days 00:01:00,2.1968874629003475e-06,238.42641705991394,0.0,0,7.189707041324146,57.498583,8.701083
2025-01-07 17:49:00,2025-01-07 17:49:00,Class A,626294000_0,57.498,8.699433,Under way using engine,0.0,3.9,237.0,241.0,9274800,TRAV2,YANGTZE,Tanker,No additional information,44.0,249.0,Undefined,14.9,SUEZ,20/01/2025 18:00:00,AIS,POINT (8.699433 57.498),626294000_0,0 days 00:01:00,-6.766338953337394e-07,236.67262660178596,0.0,0,7.191168038105421,57.498,8.699433
2025-01-07 17:50:00,2025-01-07 17:50:00,Class A,626294000_0,57.497417,8.697733,Under way using engine,0.0,3.8,236.0,240.0,9274800,TRAV2,YANGTZE,Tanker,No additional information,44.0,249.0,Undefined,14.9,SUEZ,20/01/2025 18:00:00,AIS,POINT (8.697733 57.497417),626294000_0,0 days 00:01:00,6.996875779576679e-07,237.45355837020702,0.0,0,7.192677694242249,57.497417,8.697733
2025-01-07 17:51:00,2025-01-07 17:51:00,Class A,626294000_0,57.496883,8.69605,Under way using engine,0.0,3.8,240.0,240.0,9274800,TRAV2,YANGTZE,Tanker,No additional information,44.0,249.0,Undefined,14.9,SUEZ,20/01/2025 18:00:00,AIS,POINT (8.69605 57.496883),626294000_0,0 days 00:01:00,-1.0333261894949478e-06,239.4396209451534,0.0,0,7.194182768191602,57.496883,8.69605
2025-01-07 17:52:00,2025-01-07 17:52:00,Class A,626294000_0,57.496283,8.694267,Under way using engine,0.0,3.9,240.0,241.0,9274800,TRAV2,YANGTZE,Tanker,No additional information,44.0,249.0,Undefined,14.9,SUEZ,20/01/2025 18:00:00,AIS,POINT (8.694267 57.496283),626294000_0,0 days 00:01:00,2.4838506863419045e-06,237.9441929862936,0.0,0,7.195769160319276,57.496283,8.694267
2025-01-07 17:53:00,2025-01-07 17:53:00,Class A,626294000_0,57.495717,8.6926,Under way using engine,0.0,3.7,234.0,239.0,9274800,TRAV2,YANGTZE,Tanker,No additional information,44.0,249.0,Undefined,14.9,SUEZ,20/01/2025 18:00:00,AIS,POINT (8.6926 57.495717),626294000_0,0 days 00:01:00,-2.195201869114556e-06,237.71379562607885,0.0,0,7.197251262143693,57.495717,8.6926
2025-01-07 17:54:00,2025-01-07 17:54:00,Class A,626294000_0,57.495117,8.691017,Under way using engine,0.0,3.8,240.0,243.0,9274800,TRAV2,YANGTZE,Tanker,No additional information,44.0,249.0,Undefined,14.9,SUEZ,20/01/2025 18:00:00,AIS,POINT (8.691017 57.495117),626294000_0,0 days 00:01:00,-5.805031585262909e-07,234.80377200974775,0.0,0,7.198643782434716,57.495117,8.691017
2025-01-07 17:55:00,2025-01-07 17:55:00,Class A,626294000_0,57.494583,8.689367,Under way using engine,0.0,3.5,234.0,240.0,9274800,TRAV2,YANGTZE,Tanker,No additional information,44.0,249.0,Undefined,14.9,SUEZ,20/01/2025 18:00:00,AIS,POINT (8.689367 57.494583),626294000_0,0 days 00:01:00,-1.7896943977185583e-07,238.94208440776703,0.0,0,7.200117314391619,57.494583,8.689367
2025-01-07 17:57:00,2025-01-07 17:57:00,Class A,626294000_0,57.493533,8.6863,Under way using engine,0.0,3.5,238.0,240.0,9274800,TRAV2,YANGTZE,Tanker,No additional information,44.0,249.0,Undefined,14.9,SUEZ,20/01/2025 18:00:00,AIS,POINT (8.6863 57.493533),626294000_0,0 days 00:02:00,-8.982762847057919e-07,237.50123485164318,0.0,0,7.2028428403266584,57.493533,8.6863
2025-01-07 17:58:00,2025-01-07 17:58:00,Class A,626294000_0,57.493,8.684817,Under way using engine,0.0,3.5,240.0,241.0,9274800,TRAV2,YANGTZE,Tanker,No additional information,44.0,249.0,Undefined,14.9,SUEZ,20/01/2025 18:00:00,AIS,POINT (8.684817 57.493),626294000_0,0 days 00:01:00,-5.692605247137487e-07,236.22643635360225,0.0,0,7.20415481814522,57.493,8.684817
2025-01-07 17:59:00,2025-01-07 17:59:00,Class A,626294000_0,57.492467,8.68325,Under way using engine,0.0,3.5,236.0,240.0,9274800,TRAV2,YANGTZE,Tanker,No additional information,44.0,249.0,Undefined,14.9,SUEZ,20/01/2025 18:00:00,AIS,POINT (8.68325 57.492467),626294000_0,0 days 00:01:00,1.173860017207964e-06,237.66973987823235,0.0,0,7.205548455914303,57.492467,8.68325
2025-01-07 18:00:00,2025-01-07 18:00:00,Class A,626294000_0,57.491917,8.681817,Under way using engine,0.0,3.4,234.0,241.0,9274800,TRAV2,YANGTZE,Tanker,No additional information,44.0,249.0,Undefined,14.9,SUEZ,20/01/2025 18:00:00,AIS,POINT (8.681817 57.491917),626294000_0,0 days 00:01:00,-1.5602244334337244e-06,234.46697445118187,0.0,0,7.20680803163134,57.491917,8.681817
2025-01-07 18:01:00,2025-01-07 18:01:00,Class A,626294000_0,57.491417,8.680183,Under way using engine,0.0,3.5,240.0,240.0,9274800,TRAV2,YANGTZE,Tanker,No additional information,44.0,249.0,Undefined,14.9,SUEZ,20/01/2025 18:00:00,AIS,POINT (8.680183 57.491417),626294000_0,0 days 00:01:00,1.9932730071504365e-06,240.34436298949964,0.0,0,7.208274839186558,57.491417,8.680183
2025-01-07 18:02:00,2025-01-07 18:02:00,Class A,626294000_0,57.4909,8.678617,Under way using engine,0.0,3.6,238.0,241.0,9274800,TRAV2,YANGTZE,Tanker,No additional information,44.0,249.0,Undefined,14.9,SUEZ,20/01/2025 18:00:00,AIS,POINT (8.678617 57.4909),626294000_0,0 days 00:01:00,-7.077825083747463e-07,238.43845616307328,0.0,0,7.209671660943029,57.4909,8.678617
2025-01-07 18:03:00,2025-01-07 18:03:00,Class A,626294000_0,57.49045,8.676967,Under way using engine,0.0,3.5,245.0,241.0,9274800,TRAV2,YANGTZE,Tanker,No additional information,44.0,249.0,Undefined,14.9,SUEZ,20/01/2025 18:00:00,AIS,POINT (8.676967 57.49045),626294000_0,0 days 00:01:00,2.1134870687632363e-07,243.09476187065275,0.0,0,7.211166171757867,57.49045,8.676967
2025-01-07 18:04:00,2025-01-07 18:04:00,Class A,626294000_0,57.489983,8.67525,Under way using engine,0.0,3.6,241.0,239.0,9274800,TRAV2,YANGTZE,Tanker,No additional information,44.0,249.0,Undefined,14.9,SUEZ,20/01/2025 18:00:00,AIS,POINT (8.67525 57.489983),626294000_0,0 days 00:01:00,1.2336463609504861e-06,243.15795652591555,0.0,0,7.212721774694002,57.489983,8.67525
2025-01-07 18:05:00,2025-01-07 18:05:00,Class A,626294000_0,57.489383,8.673667,Under way using engine,0.0,3.7,231.0,240.0,9274800,TRAV2,YANGTZE,Tanker,No additional information,44.0,249.0,Undefined,14.9,SUEZ,20/01/2025 18:00:00,AIS,POINT (8.673667 57.489383),626294000_0,0 days 00:01:00,2.040312947857001e-07,234.80801000583665,0.0,0,7.214115592780725,57.489383,8.673667
2025-01-07 18:06:00,2025-01-07 18:06:00,Class A,626294000_0,57.488883,8.671933,Under way using engine,0.0,3.9,245.0,239.0,9274800,TRAV2,YANGTZE,Tanker,No additional information,44.0,249.0,Undefined,14.9,SUEZ,20/01/2025 18:00:00,AIS,POINT (8.671933 57.488883),626294000_0,0 days 00:01:00,5.191309887637563e-07,241.78687671716148,0.0,0,7.215680044851353,57.488883,8.671933
2025-01-07 18:07:00,2025-01-07 18:07:00,Class A,626294000_0,57.488367,8.670467,Under way using engine,0.0,3.3,236.0,237.0,9274800,TRAV2,YANGTZE,Tanker,No additional information,44.0,249.0,Undefined,14.9,SUEZ,20/01/2025 18:00:00,AIS,POINT (8.670467 57.488367),626294000_0,0 days 00:01:00,-3.590845242546096e-06,236.7804997124407,0.0,0,7.216980531911249,57.488367,8.670467
2025-01-07 18:08:00,2025-01-07 18:08:00,Class A,626294000_0,57.487717,8.6692,Under way using engine,0.0,3.3,230.0,239.0,9274800,TRAV2,YANGTZE,Tanker,No additional information,44.0,249.0,Undefined,14.9,SUEZ,20/01/2025 18:00:00,AIS,POINT (8.6692 57.487717),626294000_0,0 days 00:01:00,-2.396879166270957e-08,226.3339823026453,0.0,0,7.218055904246587,57.487717,8.6692
2025-01-07 18:09:00,2025-01-07 18:09:00,Class A,626294000_0,57.487133,8.66785,Under way using engine,0.0,3.3,231.0,241.0,9274800,TRAV2,YANGTZE,Tanker,No additional information,44.0,249.0,Undefined,14.9,SUEZ,20/01/2025 18:00:00,AIS,POINT (8.66785 57.487133),626294000_0,0 days 00:01:00,-3.0415738238870207e-07,231.1718468587052,0.0,0,7.219227736561924,57.487133,8.66785
2025-01-07 18:10:00,2025-01-07 18:10:00,Class A,626294000_0,57.48665,8.6664,Under way using engine,0.0,3.2,240.0,240.0,9274800,TRAV2,YANGTZE,Tanker,No additional information,44.0,249.0,Undefined,14.9,SUEZ,20/01/2025 18:00:00,AIS,POINT (8.6664 57.48665),626294000_0,0 days 00:01:00,-4.4371150610913723e-07,238.21262864560362,0.0,0,7.220520861582494,57.48665,8.6664
2025-01-07 18:11:00,2025-01-07 18:11:00,Class A,626294000_0,57.486117,8.665133,Under way using engine,0.0,3.2,230.0,241.0,9274800,TRAV2,YANGTZE,Tanker,No additional information,44.0,249.0,Undefined,14.9,SUEZ,20/01/2025 18:00:00,AIS,POINT (8.665133 57.486117),626294000_0,0 days 00:01:00,-1.6194286863111472e-06,231.95173502279567,0.0,0,7.221624436250474,57.486117,8.665133
2025-01-07 18:12:00,2025-01-07 18:12:00,Class A,626294000_0,57.48565,8.663667,Under way using engine,0.0,3.2,240.0,240.0,9274800,TRAV2,YANGTZE,Tanker,No additional information,44.0,249.0,Undefined,14.9,SUEZ,20/01/2025 18:00:00,AIS,POINT (8.663667 57.48565),626294000_0,0 days 00:01:00,1.5918828340843005e-06,239.34750517135274,0.0,0,7.222937094181631,57.48565,8.663667
2025-01-07 18:13:00,2025-01-07 18:13:00,Class A,626294000_0,57.48515,8.66245,Under way using engine,0.0,3.0,231.0,240.0,9274800,TRAV2,YANGTZE,Tanker,No additional information,44.0,249.0,Undefined,14.9,SUEZ,20/01/2025 18:00:00,AIS,POINT (8.66245 57.48515),626294000_0,0 days 00:01:00,-2.8746966412878936e-06,232.60821809098564,0.0,0,7.2240001401749705,57.48515,8.66245
2025-01-07 18:14:00,2025-01-07 18:14:00,Class A,626294000_0,57.484633,8.6611,Under way using engine,0.0,3.0,237.0,241.0,9274800,TRAV2,YANGTZE,Tanker,No additional information,44.0,249.0,Undefined,14.9,SUEZ,20/01/2025 18:00:00,AIS,POINT (8.6611 57.484633),626294000_0,0 days 00:01:00,2.0965349830898004e-06,234.53221374052416,0.0,0,7.2251884105430095,57.484633,8.6611
2025-01-07 18:15:00,2025-01-07 18:15:00,Class A,626294000_0,57.484133,8.659667,Under way using engine,0.0,3.2,236.0,240.0,9274800,TRAV2,YANGTZE,Tanker,No additional information,44.0,249.0,Undefined,14.9,SUEZ,20/01/2025 18:00:00,AIS,POINT (8.659667 57.484133),626294000_0,0 days 00:01:00,8.491049191538114e-07,237.01240393784678,0.0,0,7.2264614366923725,57.484133,8.659667
2025-01-07 18:16:00,2025-01-07 18:16:00,Class A,626294000_0,57.48365,8.6582,Under way using engine,0.0,3.4,238.0,240.0,9274800,TRAV2,YANGTZE,Tanker,No additional information,44.0,249.0,Undefined,14.9,SUEZ,20/01/2025 18:00:00,AIS,POINT (8.6582 57.48365),626294000_0,0 days 00:01:00,1.995648914533008e-07,238.51298460862898,0.0,0,7.227771622827327,57.48365,8.6582
2025-01-07 18:29:00,2025-01-07 18:29:00,Class A,626294000_0,57.477017,8.639217,Under way using engine,0.0,3.3,238.0,240.0,9274800,TRAV2,YANGTZE,Tanker,No additional information,44.0,249.0,Undefined,14.9,SUEZ,20/01/2025 18:00:00,AIS,POINT (8.639217 57.477017),626294000_0,0 days 00:13:00,2.735023805713414e-08,236.98525935588418,0.0,0,7.244643335388291,57.477017,8.639217
2025-01-07 18:30:00,2025-01-07 18:30:00,Class A,626294000_0,57.47655,8.637617,Under way using engine,0.0,3.4,241.0,239.0,9274800,TRAV2,YANGTZE,Tanker,No additional information,44.0,249.0,Undefined,14.9,SUEZ,20/01/2025 18:00:00,AIS,POINT (8.637617 57.47655),626294000_0,0 days 00:01:00,1.3226013806519737e-06,241.5040009010492,0.0,0,7.246087867429224,57.47655,8.637617
2025-01-07 18:31:00,2025-01-07 18:31:00,Class A,626294000_0,57.476033,8.636233,Under way using engine,0.0,3.3,232.0,239.0,9274800,TRAV2,YANGTZE,Tanker,No additional information,44.0,249.0,Undefined,14.9,SUEZ,20/01/2025 18:00:00,AIS,POINT (8.636233 57.476033),626294000_0,0 days 00:01:00,-2.2588050915095054e-06,235.2092477132553,0.0,0,7.247310795975704,57.476033,8.636233
2025-01-07 18:32:00,2025-01-07 18:32:00,Class A,626294000_0,57.4755,8.634883,Under way using engine,0.0,3.2,236.0,242.0,9274800,TRAV2,YANGTZE,Tanker,No additional information,44.0,249.0,Undefined,14.9,SUEZ,20/01/2025 18:00:00,AIS,POINT (8.634883 57.4755),626294000_0,0 days 00:01:00,-1.7375450660459284e-07,233.70977494973852,0.0,0,7.248497005329379,57.4755,8.634883
2025-01-07 18:33:00,2025-01-07 18:33:00,Class A,626294000_0,57.475083,8.633333,Under way using engine,0.0,3.4,245.0,239.0,9274800,TRAV2,YANGTZE,Tanker,No additional information,44.0,249.0,Undefined,14.9,SUEZ,20/01/2025 18:00:00,AIS,POINT (8.633333 57.475083),626294000_0,0 days 00:01:00,9.800845299407026e-07,243.41850124888646,0.0,0,7.249905016485801,57.475083,8.633333
2025-01-07 18:34:00,2025-01-07 18:34:00,Class A,626294000_0,57.474517,8.631867,Under way using engine,0.0,3.4,232.0,240.0,9274800,TRAV2,YANGTZE,Tanker,No additional information,44.0,249.0,Undefined,14.9,SUEZ,20/01/2025 18:00:00,AIS,POINT (8.631867 57.474517),626294000_0,0 days 00:01:00,1.184842814085317e-06,234.3196578266517,0.0,0,7.251196372681269,57.474517,8.631867
2025-01-07 18:35:00,2025-01-07 18:35:00,Class A,626294000_0,57.473967,8.6303,Under way using engine,0.0,3.5,240.0,241.0,9274800,TRAV2,YANGTZE,Tanker,No additional information,44.0,249.0,Undefined,14.9,SUEZ,20/01/2025 18:00:00,AIS,POINT (8.6303 57.473967),626294000_0,0 days 00:01:00,1.110842189774538e-06,236.86471950083865,0.0,0,7.252589767195508,57.473967,8.6303
2025-01-07 18:36:00,2025-01-07 18:36:00,Class A,626294000_0,57.473467,8.62865,Under way using engine,0.0,3.7,242.0,239.0,9274800,TRAV2,YANGTZE,Tanker,No additional information,44.0,249.0,Undefined,14.9,SUEZ,20/01/2025 18:00:00,AIS,POINT (8.62865 57.473467),626294000_0,0 days 00:01:00,3.8171074001568364e-07,240.59587805404146,0.0,0,7.254075709704786,57.473467,8.62865
2025-01-07 18:37:00,2025-01-07 18:37:00,Class A,626294000_0,57.47285,8.626983,Under way using engine,0.0,3.8,235.0,241.0,9274800,TRAV2,YANGTZE,Tanker,No additional information,44.0,249.0,Undefined,14.9,SUEZ,20/01/2025 18:00:00,AIS,POINT (8.626983 57.47285),626294000_0,0 days 00:01:00,2.1569196131482476e-06,235.4588434342901,0.0,0,7.255550761614794,57.47285,8.626983
2025-01-07 18:38:00,2025-01-07 18:38:00,Class A,626294000_0,57.4723,8.625233,Under way using engine,0.0,4.0,240.0,241.0,9274800,TRAV2,YANGTZE,Tanker,No additional information,44.0,249.0,Undefined,14.9,SUEZ,20/01/2025 18:00:00,AIS,POINT (8.625233 57.4723),626294000_0,0 days 00:01:00,5.893870419061062e-08,239.69459723740715,0.0,0,7.257122372887824,57.4723,8.625233
2025-01-07 18:39:00,2025-01-07 18:39:00,Class A,626294000_0,57.47165,8.6234,Under way using engine,0.0,4.1,234.0,240.0,9274800,TRAV2,YANGTZE,Tanker,No additional information,44.0,249.0,Undefined,14.9,SUEZ,20/01/2025 18:00:00,AIS,POINT (8.6234 57.47165),626294000_0,0 days 00:01:00,2.8074724515580816e-06,236.59675180459055,0.0,0,7.25875129072129,57.47165,8.6234
2025-01-07 18:40:00,2025-01-07 18:40:00,Class A,626294000_0,57.471083,8.621567,Under way using engine,0.0,4.1,239.0,240.0,9274800,TRAV2,YANGTZE,Tanker,No additional information,44.0,249.0,Undefined,14.9,SUEZ,20/01/2025 18:00:00,AIS,POINT (8.621567 57.471083),626294000_0,0 days 00:01:00,-1.3458891557021688e-06,240.09071099251403,0.0,0,7.260399851771388,57.471083,8.621567
2025-01-07 18:41:00,2025-01-07 18:41:00,Class A,626294000_0,57.470433,8.619733,Under way using engine,0.0,4.1,239.0,241.0,9274800,TRAV2,YANGTZE,Tanker,No additional information,44.0,249.0,Undefined,14.9,SUEZ,20/01/2025 18:00:00,AIS,POINT (8.619733 57.470433),626294000_0,0 days 00:01:00,1.3606588784806997e-06,236.61198955849608,0.0,0,7.262030040785152,57.470433,8.619733
2025-01-07 18:47:00,2025-01-07 18:47:00,Class A,626294000_0,57.466767,8.608917,Under way using engine,0.0,4.1,238.0,240.0,9274800,TRAV2,YANGTZE,Tanker,No additional information,44.0,249.0,Undefined,14.9,SUEZ,20/01/2025 18:00:00,AIS,POINT (8.608917 57.466767),626294000_0,0 days 00:06:00,-1.8175715030586584e-07,237.7820082472186,0.0,0,7.271686359475771,57.466767,8.608917
2025-01-07 18:48:00,2025-01-07 18:48:00,Class A,626294000_0,57.46615,8.607033,Under way using engine,0.0,4.1,237.0,240.0,9274800,TRAV2,YANGTZE,Tanker,No additional information,44.0,249.0,Undefined,14.9,SUEZ,20/01/2025 18:00:00,AIS,POINT (8.607033 57.46615),626294000_0,0 days 00:01:00,1.2522709703074357e-06,238.6610421311447,0.0,0,7.273373921789599,57.46615,8.607033
2025-01-07 18:49:00,2025-01-07 18:49:00,Class A,626294000_0,57.4656,8.605333,Under way using engine,0.0,3.8,238.0,240.0,9274800,TRAV2,YANGTZE,Tanker,No additional information,44.0,249.0,Undefined,14.9,SUEZ,20/01/2025 18:00:00,AIS,POINT (8.605333 57.4656),626294000_0,0 days 00:01:00,-3.696671749920621e-06,238.97055288141064,0.0,0,7.274898371308633,57.4656,8.605333
2025-01-07 18:50:00,2025-01-07 18:50:00,Class A,626294000_0,57.464983,8.603633,Under way using engine,0.0,3.8,237.0,241.0,9274800,TRAV2,YANGTZE,Tanker,No additional information,44.0,249.0,Undefined,14.9,SUEZ,20/01/2025 18:00:00,AIS,POINT (8.603633 57.464983),626294000_0,0 days 00:01:00,1.1135343992304918e-06,235.98728471997322,0.0,0,7.276407299269742,57.464983,8.603633
2025-01-07 18:51:00,2025-01-07 18:51:00,Class A,626294000_0,57.464433,8.601933,Under way using engine,0.0,3.8,236.0,240.0,9274800,TRAV2,YANGTZE,Tanker,No additional information,44.0,249.0,Undefined,14.9,SUEZ,20/01/2025 18:00:00,AIS,POINT (8.601933 57.464433),626294000_0,0 days 00:01:00,-1.1127617988188137e-06,238.97136093957405,0.0,0,7.2779319957846536,57.464433,8.601933
2025-01-07 18:52:00,2025-01-07 18:52:00,Class A,626294000_0,57.463833,8.60025,Under way using engine,0.0,3.7,235.0,240.0,9274800,TRAV2,YANGTZE,Tanker,No additional information,44.0,249.0,Undefined,14.9,SUEZ,20/01/2025 18:00:00,AIS,POINT (8.60025 57.463833),626294000_0,0 days 00:01:00,5.858110031136625e-07,236.46176116282516,0.0,0,7.279428620664192,57.463833,8.60025
2025-01-07 18:54:00,2025-01-07 18:54:00,Class A,626294000_0,57.46275,8.59685,Under way using engine,0.0,3.9,237.0,240.0,9274800,TRAV2,YANGTZE,Tanker,No additional information,44.0,249.0,Undefined,14.9,SUEZ,20/01/2025 18:00:00,AIS,POINT (8.59685 57.46275),626294000_0,0 days 00:02:00,-3.5972484208520356e-07,239.36578682233352,0.0,0,7.282482580854417,57.46275,8.59685
2025-01-07 18:55:00,2025-01-07 18:55:00,Class A,626294000_0,57.46215,8.5951,Under way using engine,0.0,4.1,237.0,241.0,9274800,TRAV2,YANGTZE,Tanker,No additional information,44.0,249.0,Undefined,14.9,SUEZ,20/01/2025 18:00:00,AIS,POINT (8.5951 57.46215),626294000_0,0 days 00:01:00,1.657587859931708e-06,237.48501858689664,0.0,0,7.284044742816178,57.46215,8.5951
2025-01-07 18:56:00,2025-01-07 18:56:00,Class A,626294000_0,57.461583,8.59325,Under way using engine,0.0,4.0,239.0,241.0,9274800,TRAV2,YANGTZE,Tanker,No additional information,44.0,249.0,Undefined,14.9,SUEZ,20/01/2025 18:00:00,AIS,POINT (8.59325 57.461583),626294000_0,0 days 00:01:00,9.025062968531248e-07,240.32521225208393,0.0,0,7.285711973331432,57.461583,8.59325
2025-01-07 18:57:00,2025-01-07 18:57:00,Class A,626294000_0,57.460967,8.591417,Under way using engine,0.0,4.1,236.0,240.0,9274800,TRAV2,YANGTZE,Tanker,No additional information,44.0,249.0,Undefined,14.9,SUEZ,20/01/2025 18:00:00,AIS,POINT (8.591417 57.460967),626294000_0,0 days 00:01:00,5.329463503295811e-07,238.0036129585391,0.0,0,7.287351407581906,57.460967,8.591417
2025-01-07 19:02:00,2025-01-07 19:02:00,Class A,626294000_0,57.45805,8.58205,Under way using engine,0.0,3.9,239.0,241.0,9274800,TRAV2,YANGTZE,Tanker,No additional information,44.0,249.0,Undefined,14.9,SUEZ,20/01/2025 18:00:00,AIS,POINT (8.58205 57.45805),626294000_0,0 days 00:05:00,1.1912715719574092e-08,239.93542796122273,0.0,0,7.2957850300052005,57.45805,8.58205
2025-01-07 19:04:00,2025-01-07 19:04:00,Class A,626294000_0,57.456917,8.578717,Under way using engine,0.0,3.7,237.0,241.0,9274800,TRAV2,YANGTZE,Tanker,No additional information,44.0,249.0,Undefined,14.9,SUEZ,20/01/2025 18:00:00,AIS,POINT (8.578717 57.456917),626294000_0,0 days 00:02:00,-1.6111903340300354e-06,237.71116690009396,0.0,0,7.298764723361481,57.456917,8.578717
2025-01-07 19:05:00,2025-01-07 19:05:00,Class A,626294000_0,57.4564,8.577,Under way using engine,0.0,3.9,242.0,241.0,9274800,TRAV2,YANGTZE,Tanker,No additional information,44.0,249.0,Undefined,14.9,SUEZ,20/01/2025 18:00:00,AIS,POINT (8.577 57.4564),626294000_0,0 days 00:01:00,-5.7717983634584325e-08,240.76311920975445,0.0,0,7.300315337945889,57.4564,8.577
2025-01-07 19:06:00,2025-01-07 19:06:00,Class A,626294000_0,57.455833,8.5752,Under way using engine,0.0,3.8,236.0,240.0,9274800,TRAV2,YANGTZE,Tanker,No additional information,44.0,249.0,Undefined,14.9,SUEZ,20/01/2025 18:00:00,AIS,POINT (8.5752 57.455833),626294000_0,0 days 00:01:00,1.9695004897324573e-06,239.64917138336858,0.0,0,7.301935242430255,57.455833,8.5752
2025-01-07 19:07:00,2025-01-07 19:07:00,Class A,626294000_0,57.455267,8.573483,Under way using engine,0.0,3.8,238.0,241.0,9274800,TRAV2,YANGTZE,Tanker,No additional information,44.0,249.0,Undefined,14.9,SUEZ,20/01/2025 18:00:00,AIS,POINT (8.573483 57.455267),626294000_0,0 days 00:01:00,-1.2033724214546024e-06,238.5017885260771,0.0,0,7.303474756186263,57.455267,8.573483
2025-01-07 19:08:00,2025-01-07 19:08:00,Class A,626294000_0,57.4547,8.5717,Under way using engine,0.0,4.1,240.0,242.0,9274800,TRAV2,YANGTZE,Tanker,No additional information,44.0,249.0,Undefined,14.9,SUEZ,20/01/2025 18:00:00,AIS,POINT (8.5717 57.4547),626294000_0,0 days 00:01:00,9.597285099827794e-07,239.4123147067388,0.0,0,7.305078374873743,57.4547,8.5717
2025-01-07 19:09:00,2025-01-07 19:09:00,Class A,626294000_0,57.454183,8.569833,Under way using engine,0.0,3.9,240.0,240.0,9274800,TRAV2,YANGTZE,Tanker,No additional information,44.0,249.0,Undefined,14.9,SUEZ,20/01/2025 18:00:00,AIS,POINT (8.569833 57.454183),626294000_0,0 days 00:01:00,4.805377292969667e-07,242.7640839655062,0.0,0,7.3067753985780906,57.454183,8.569833
2025-01-07 19:10:00,2025-01-07 19:10:00,Class A,626294000_0,57.453617,8.56805,Under way using engine,0.0,4.0,243.0,242.0,9274800,TRAV2,YANGTZE,Tanker,No additional information,44.0,249.0,Undefined,14.9,SUEZ,20/01/2025 18:00:00,AIS,POINT (8.56805 57.453617),626294000_0,0 days 00:01:00,-4.954907099173998e-07,239.45734389436694,0.0,0,7.308379498474953,57.453617,8.56805
2025-01-07 19:14:00,2025-01-07 19:14:00,Class A,626294000_0,57.451333,8.560483,Under way using engine,0.0,4.2,237.0,241.0,9274800,TRAV2,YANGTZE,Tanker,No additional information,44.0,249.0,Undefined,14.9,SUEZ,20/01/2025 18:00:00,AIS,POINT (8.560483 57.451333),626294000_0,0 days 00:04:00,4.1267687124065216e-07,240.70918542643318,0.0,0,7.315215859840774,57.451333,8.560483
2025-01-07 19:15:00,2025-01-07 19:15:00,Class A,626294000_0,57.450767,8.558517,Under way using engine,0.0,4.4,241.0,242.0,9274800,TRAV2,YANGTZE,Tanker,No additional information,44.0,249.0,Undefined,14.9,SUEZ,20/01/2025 18:00:00,AIS,POINT (8.558517 57.450767),626294000_0,0 days 00:01:00,1.0132586972751374e-06,241.84961585779917,0.0,0,7.316998693138191,57.450767,8.558517
2025-01-07 19:16:00,2025-01-07 19:16:00,Class A,626294000_0,57.450233,8.556333,Under way using engine,0.0,4.4,246.0,239.0,9274800,TRAV2,YANGTZE,Tanker,No additional information,44.0,249.0,Undefined,14.9,SUEZ,20/01/2025 18:00:00,AIS,POINT (8.556333 57.450233),626294000_0,0 days 00:01:00,2.824626884069334e-06,245.5616177362583,0.0,0,7.319001178225482,57.450233,8.556333
2025-01-07 19:17:01,2025-01-07 19:17:01,Class A,626294000_0,57.449517,8.554517,Under way using engine,0.0,4.2,232.0,239.0,9274800,TRAV2,YANGTZE,Tanker,No additional information,44.0,249.0,Undefined,14.9,SUEZ,20/01/2025 18:00:00,AIS,POINT (8.554517 57.449517),626294000_0,0 days 00:01:01,-3.0366706060164693e-06,233.76684300552932,0.0,0,7.320603818906333,57.449517,8.554517
2025-01-07 19:37:01,2025-01-07 19:37:01,Class A,626294000_0,57.438017,8.5164,Under way using engine,0.0,3.9,242.0,240.0,9274800,TRAV2,YANGTZE,Tanker,No additional information,44.0,249.0,Undefined,14.9,SUEZ,20/01/2025 18:00:00,AIS,POINT (8.5164 57.438017),626294000_0,0 days 00:20:00,-2.3920648855367993e-08,240.7387575355105,0.0,0,7.355082633705008,57.438017,8.5164
2025-01-07 19:38:01,2025-01-07 19:38:01,Class A,626294000_0,57.4375,8.514617,Under way using engine,0.0,3.9,242.0,241.0,9274800,TRAV2,YANGTZE,Tanker,No additional information,44.0,249.0,Undefined,14.9,SUEZ,20/01/2025 18:00:00,AIS,POINT (8.514617 57.4375),626294000_0,0 days 00:01:00,-2.655329820266516e-06,241.68741969594612,0.0,0,7.356701525018193,57.4375,8.514617
2025-01-07 19:39:00,2025-01-07 19:39:00,Class A,626294000_0,57.436983,8.5128,Under way using engine,0.0,3.8,242.0,240.0,9274800,TRAV2,YANGTZE,Tanker,No additional information,44.0,249.0,Undefined,14.9,SUEZ,20/01/2025 18:00:00,AIS,POINT (8.5128 57.436983),626294000_0,0 days 00:00:59,1.1002321811386504e-06,242.13732081461433,0.0,0,7.358353640648497,57.436983,8.5128
2025-01-07 19:40:00,2025-01-07 19:40:00,Class A,626294000_0,57.436467,8.5112,Under way using engine,0.0,3.5,237.0,238.0,9274800,TRAV2,YANGTZE,Tanker,No additional information,44.0,249.0,Undefined,14.9,SUEZ,20/01/2025 18:00:00,AIS,POINT (8.5112 57.436467),626294000_0,0 days 00:01:00,-3.752374560469632e-06,239.0712460833828,0.0,0,7.3597947579962435,57.436467,8.5112
2025-01-07 19:41:00,2025-01-07 19:41:00,Class A,626294000_0,57.435817,8.509833,Under way using engine,0.0,3.4,228.0,241.0,9274800,TRAV2,YANGTZE,Tanker,No additional information,44.0,249.0,Undefined,14.9,SUEZ,20/01/2025 18:00:00,AIS,POINT (8.509833 57.435817),626294000_0,0 days 00:01:00,-6.968923037848657e-07,228.54240667946547,0.0,0,7.3609786573695475,57.435817,8.509833
2025-01-07 19:42:00,2025-01-07 19:42:00,Class A,626294000_0,57.435367,8.50835,Under way using engine,0.0,3.4,240.0,242.0,9274800,TRAV2,YANGTZE,Tanker,No additional information,44.0,249.0,Undefined,14.9,SUEZ,20/01/2025 18:00:00,AIS,POINT (8.50835 57.435367),626294000_0,0 days 00:01:00,-2.015637565529114e-06,240.58833093745542,0.0,0,7.362320994763064,57.435367,8.50835
2025-01-07 19:43:00,2025-01-07 19:43:00,Class A,626294000_0,57.434933,8.5067,Under way using engine,0.0,3.5,246.0,241.0,9274800,TRAV2,YANGTZE,Tanker,No additional information,44.0,249.0,Undefined,14.9,SUEZ,20/01/2025 18:00:00,AIS,POINT (8.5067 57.434933),626294000_0,0 days 00:01:00,2.2385474560848935e-06,243.95716893135267,0.0,0,7.36382969539933,57.434933,8.5067
2025-01-07 19:47:00,2025-01-07 19:47:00,Class A,626294000_0,57.4328,8.500583,Under way using engine,0.0,3.8,240.0,240.0,9274800,TRAV2,YANGTZE,Tanker,No additional information,44.0,249.0,Undefined,14.9,SUEZ,20/01/2025 18:00:00,AIS,POINT (8.500583 57.4328),626294000_0,0 days 00:04:00,-6.120843050418658e-08,237.06686640150275,0.0,0,7.369305090717101,57.4328,8.500583
2025-01-07 19:48:00,2025-01-07 19:48:00,Class A,626294000_0,57.432283,8.498817,Under way using engine,0.0,3.9,239.0,238.0,9274800,TRAV2,YANGTZE,Tanker,No additional information,44.0,249.0,Undefined,14.9,SUEZ,20/01/2025 18:00:00,AIS,POINT (8.498817 57.432283),626294000_0,0 days 00:01:00,3.1434599391287724e-06,241.46104130387084,0.0,0,7.370908490206752,57.432283,8.498817
2025-01-07 19:49:00,2025-01-07 19:49:00,Class A,626294000_0,57.431633,8.49715,Under way using engine,0.0,3.8,236.0,239.0,9274800,TRAV2,YANGTZE,Tanker,No additional information,44.0,249.0,Undefined,14.9,SUEZ,20/01/2025 18:00:00,AIS,POINT (8.49715 57.431633),626294000_0,0 days 00:01:00,7.951411713682065e-07,234.0827420361893,0.0,0,7.37238551613689,57.431633,8.49715
2025-01-07 19:50:00,2025-01-07 19:50:00,Class A,626294000_0,57.43105,8.495533,Under way using engine,0.0,3.8,237.0,239.0,9274800,TRAV2,YANGTZE,Tanker,No additional information,44.0,249.0,Undefined,14.9,SUEZ,20/01/2025 18:00:00,AIS,POINT (8.495533 57.43105),626294000_0,0 days 00:01:00,-1.8681748682946072e-06,236.18766186343402,0.0,0,7.37382909644433,57.43105,8.495533
2025-01-07 19:51:00,2025-01-07 19:51:00,Class A,626294000_0,57.43045,8.49375,Under way using engine,0.0,3.9,237.0,240.0,9274800,TRAV2,YANGTZE,Tanker,No additional information,44.0,249.0,Undefined,14.9,SUEZ,20/01/2025 18:00:00,AIS,POINT (8.49375 57.43045),626294000_0,0 days 00:01:00,2.61266690729056e-06,237.990593219919,0.0,0,7.375430678492477,57.43045,8.49375
2025-01-07 19:52:00,2025-01-07 19:52:00,Class A,626294000_0,57.429883,8.491917,Under way using engine,0.0,4.1,242.0,240.0,9274800,TRAV2,YANGTZE,Tanker,No additional information,44.0,249.0,Undefined,14.9,SUEZ,20/01/2025 18:00:00,AIS,POINT (8.491917 57.429883),626294000_0,0 days 00:01:00,1.9212973418828838e-07,240.11860229404982,0.0,0,7.377088546167924,57.429883,8.491917
2025-01-07 20:03:00,2025-01-07 20:03:00,Class A,626294000_0,57.4228,8.471833,Under way using engine,0.0,4.2,238.0,241.0,9274800,TRAV2,YANGTZE,Tanker,No additional information,44.0,249.0,Undefined,14.9,SUEZ,20/01/2025 18:00:00,AIS,POINT (8.471833 57.4228),626294000_0,0 days 00:11:00,1.0402942614064285e-07,236.7816044211625,0.0,0,7.395066881717096,57.4228,8.471833
2025-01-07 20:04:00,2025-01-07 20:04:00,Class A,626294000_0,57.422283,8.469917,Under way using engine,0.0,4.1,243.0,239.0,9274800,TRAV2,YANGTZE,Tanker,No additional information,44.0,249.0,Undefined,14.9,SUEZ,20/01/2025 18:00:00,AIS,POINT (8.469917 57.422283),626294000_0,0 days 00:01:00,-6.487704361939911e-07,243.3835675836812,0.0,0,7.396818452740475,57.422283,8.469917
2025-01-07 20:05:00,2025-01-07 20:05:00,Class A,626294000_0,57.421733,8.468117,Under way using engine,0.0,3.9,240.0,238.0,9274800,TRAV2,YANGTZE,Tanker,No additional information,44.0,249.0,Undefined,14.9,SUEZ,20/01/2025 18:00:00,AIS,POINT (8.468117 57.421733),626294000_0,0 days 00:01:00,-1.2285588970578154e-06,240.42691047472437,0.0,0,7.398449698673501,57.421733,8.468117
2025-01-07 20:06:00,2025-01-07 20:06:00,Class A,626294000_0,57.42115,8.466417,Under way using engine,0.0,3.9,235.0,236.0,9274800,TRAV2,YANGTZE,Tanker,No additional information,44.0,249.0,Undefined,14.9,SUEZ,20/01/2025 18:00:00,AIS,POINT (8.466417 57.42115),626294000_0,0 days 00:01:00,-9.05193820501658e-07,237.50774049869742,0.0,0,7.399976216617524,57.42115,8.466417
2025-01-07 20:07:00,2025-01-07 20:07:00,Class A,626294000_0,57.420467,8.4647,Under way using engine,0.0,4.0,235.0,238.0,9274800,TRAV2,YANGTZE,Tanker,No additional information,44.0,249.0,Undefined,14.9,SUEZ,20/01/2025 18:00:00,AIS,POINT (8.4647 57.420467),626294000_0,0 days 00:01:00,1.9843589609507557e-06,233.5458650549757,0.0,0,7.401497077201949,57.420467,8.4647
2025-01-07 20:08:00,2025-01-07 20:08:00,Class A,626294000_0,57.419833,8.462917,Under way using engine,0.0,4.2,236.0,239.0,9274800,TRAV2,YANGTZE,Tanker,No additional information,44.0,249.0,Undefined,14.9,SUEZ,20/01/2025 18:00:00,AIS,POINT (8.462917 57.419833),626294000_0,0 days 00:01:00,3.679547978073285e-08,236.5620577947147,0.0,0,7.403093363344947,57.419833,8.462917
2025-01-07 20:09:00,2025-01-07 20:09:00,Class A,626294000_0,57.41925,8.461133,Under way using engine,0.0,4.0,237.0,237.0,9274800,TRAV2,YANGTZE,Tanker,No additional information,44.0,249.0,Undefined,14.9,SUEZ,20/01/2025 18:00:00,AIS,POINT (8.461133 57.41925),626294000_0,0 days 00:01:00,-8.285629594474086e-07,238.74811083781526,0.0,0,7.404702147876645,57.41925,8.461133
2025-01-07 20:10:00,2025-01-07 20:10:00,Class A,626294000_0,57.41855,8.459367,Under way using engine,0.0,4.2,233.0,240.0,9274800,TRAV2,YANGTZE,Tanker,No additional information,44.0,249.0,Undefined,14.9,SUEZ,20/01/2025 18:00:00,AIS,POINT (8.459367 57.41855),626294000_0,0 days 00:01:00,1.7633870846403496e-06,233.64455313545398,0.0,0,7.406267411017847,57.41855,8.459367
2025-01-07 20:11:00,2025-01-07 20:11:00,Class A,626294000_0,57.417983,8.457417,Under way using engine,0.0,4.2,241.0,238.0,9274800,TRAV2,YANGTZE,Tanker,No additional information,44.0,249.0,Undefined,14.9,SUEZ,20/01/2025 18:00:00,AIS,POINT (8.457417 57.417983),626294000_0,0 days 00:01:00,3.977822179052114e-07,241.6335829576264,0.0,0,7.4080418510698225,57.417983,8.457417
2025-01-07 20:12:00,2025-01-07 20:12:00,Class A,626294000_0,57.417317,8.455717,Under way using engine,0.0,4.2,234.0,239.0,9274800,TRAV2,YANGTZE,Tanker,No additional information,44.0,249.0,Undefined,14.9,SUEZ,20/01/2025 18:00:00,AIS,POINT (8.455717 57.417317),626294000_0,0 days 00:01:00,-1.9069656477283949e-06,233.96498143634457,0.0,0,7.4095506487901135,57.417317,8.455717
2025-01-07 20:13:00,2025-01-07 20:13:00,Class A,626294000_0,57.416733,8.453833,Under way using engine,0.0,4.0,241.0,238.0,9274800,TRAV2,YANGTZE,Tanker,No additional information,44.0,249.0,Undefined,14.9,SUEZ,20/01/2025 18:00:00,AIS,POINT (8.453833 57.416733),626294000_0,0 days 00:01:00,1.2009990399479622e-06,240.0755509700353,0.0,0,7.411257229031118,57.416733,8.453833
2025-01-07 20:14:01,2025-01-07 20:14:01,Class A,626294000_0,57.41615,8.452167,Under way using engine,0.0,3.8,237.0,238.0,9274800,TRAV2,YANGTZE,Tanker,No additional information,44.0,249.0,Undefined,14.9,SUEZ,20/01/2025 18:00:00,AIS,POINT (8.452167 57.41615),626294000_0,0 days 00:01:01,-3.6053964590792545e-06,236.98460476342115,0.0,0,7.4127516313110755,57.41615,8.452167
2025-01-07 20:15:01,2025-01-07 20:15:01,Class A,626294000_0,57.415533,8.4505,Under way using engine,0.0,3.8,236.0,238.0,9274800,TRAV2,YANGTZE,Tanker,No additional information,44.0,249.0,Undefined,14.9,SUEZ,20/01/2025 18:00:00,AIS,POINT (8.4505 57.415533),626294000_0,0 days 00:01:00,1.1413654737466043e-06,235.50076204141547,0.0,0,7.414239564732516,57.415533,8.4505
2025-01-07 20:16:01,2025-01-07 20:16:01,Class A,626294000_0,57.414867,8.44885,Under way using engine,0.0,3.9,232.0,239.0,9274800,TRAV2,YANGTZE,Tanker,No additional information,44.0,249.0,Undefined,14.9,SUEZ,20/01/2025 18:00:00,AIS,POINT (8.44885 57.414867),626294000_0,0 days 00:01:00,6.527461489630098e-07,233.14946466444715,0.0,0,7.415700158240555,57.414867,8.44885
2025-01-07 20:17:01,2025-01-07 20:17:01,Class A,626294000_0,57.414317,8.447133,Under way using engine,0.0,4.0,240.0,240.0,9274800,TRAV2,YANGTZE,Tanker,No additional information,44.0,249.0,Undefined,14.9,SUEZ,20/01/2025 18:00:00,AIS,POINT (8.447133 57.414317),626294000_0,0 days 00:01:00,-1.0646040687546003e-06,239.25709839038944,0.0,0,7.417251988455697,57.414317,8.447133
2025-01-07 20:18:01,2025-01-07 20:18:01,Class A,626294000_0,57.413767,8.44545,Under way using engine,0.0,3.9,237.0,239.0,9274800,TRAV2,YANGTZE,Tanker,No additional information,44.0,249.0,Undefined,14.9,SUEZ,20/01/2025 18:00:00,AIS,POINT (8.44545 57.413767),626294000_0,0 days 00:01:00,-4.864099616807031e-07,238.75159973127444,0.0,0,7.418770781088266,57.413767,8.44545
2025-01-07 20:19:01,2025-01-07 20:19:01,Class A,626294000_0,57.413267,8.443667,Under way using engine,0.0,3.8,241.0,239.0,9274800,TRAV2,YANGTZE,Tanker,No additional information,44.0,249.0,Undefined,14.9,SUEZ,20/01/2025 18:00:00,AIS,POINT (8.443667 57.413267),626294000_0,0 days 00:01:00,6.984329491412552e-07,242.49544478751142,0.0,0,7.420398288406492,57.413267,8.443667
2025-01-07 20:20:00,2025-01-07 20:20:00,Class A,626294000_0,57.412767,8.441983,Under way using engine,0.0,3.6,242.0,238.0,9274800,TRAV2,YANGTZE,Tanker,No additional information,44.0,249.0,Undefined,14.9,SUEZ,20/01/2025 18:00:00,AIS,POINT (8.441983 57.412767),626294000_0,0 days 00:00:59,-9.28714756874838e-07,241.13330754167401,0.0,0,7.421929367371399,57.412767,8.441983
2025-01-07 20:21:00,2025-01-07 20:21:00,Class A,626294000_0,57.412217,8.440267,Under way using engine,0.0,3.8,238.0,238.0,9274800,TRAV2,YANGTZE,Tanker,No additional information,44.0,249.0,Undefined,14.9,SUEZ,20/01/2025 18:00:00,AIS,POINT (8.440267 57.412217),626294000_0,0 days 00:01:00,6.882665369703138e-07,239.24387431670624,0.0,0,7.423480664175397,57.412217,8.440267
2025-01-07 20:22:00,2025-01-07 20:22:00,Class A,626294000_0,57.411633,8.438533,Under way using engine,0.0,4.0,236.0,238.0,9274800,TRAV2,YANGTZE,Tanker,No additional information,44.0,249.0,Undefined,14.9,SUEZ,20/01/2025 18:00:00,AIS,POINT (8.438533 57.411633),626294000_0,0 days 00:01:00,8.041098974874167e-07,237.98223779127528,0.0,0,7.425042092787489,57.411633,8.438533
2025-01-07 20:23:00,2025-01-07 20:23:00,Class A,626294000_0,57.411033,8.436867,Under way using engine,0.0,3.9,234.0,238.0,9274800,TRAV2,YANGTZE,Tanker,No additional information,44.0,249.0,Undefined,14.9,SUEZ,20/01/2025 18:00:00,AIS,POINT (8.436867 57.411033),626294000_0,0 days 00:01:00,-6.850224565928149e-07,236.2315643318687,0.0,0,7.426533789016381,57.411033,8.436867
2025-01-07 20:31:00,2025-01-07 20:31:00,Class A,626294000_0,57.406683,8.422717,Under way using engine,0.0,3.6,239.0,240.0,9274800,TRAV2,YANGTZE,Tanker,No additional information,44.0,249.0,Undefined,14.9,SUEZ,20/01/2025 18:00:00,AIS,POINT (8.422717 57.406683),626294000_0,0 days 00:08:00,6.842842128393255e-08,240.29108657696452,0.0,0,7.439372751381799,57.406683,8.422717
2025-01-07 20:32:00,2025-01-07 20:32:00,Class A,626294000_0,57.406167,8.421067,Under way using engine,0.0,3.6,241.0,240.0,9274800,TRAV2,YANGTZE,Tanker,No additional information,44.0,249.0,Undefined,14.9,SUEZ,20/01/2025 18:00:00,AIS,POINT (8.421067 57.406167),626294000_0,0 days 00:01:00,-2.1451704842522298e-06,239.86348749261055,0.0,0,7.440868419666215,57.406167,8.421067
2025-01-07 20:33:00,2025-01-07 20:33:00,Class A,626294000_0,57.405633,8.419383,Under way using engine,0.0,3.6,240.0,241.0,9274800,TRAV2,YANGTZE,Tanker,No additional information,44.0,249.0,Undefined,14.9,SUEZ,20/01/2025 18:00:00,AIS,POINT (8.419383 57.405633),626294000_0,0 days 00:01:00,7.712984171533437e-07,239.51705818259427,0.0,0,7.4423933892039065,57.405633,8.419383
2025-01-07 20:34:00,2025-01-07 20:34:00,Class A,626294000_0,57.4052,8.41765,Under way using engine,0.0,3.7,245.0,239.0,9274800,TRAV2,YANGTZE,Tanker,No additional information,44.0,249.0,Undefined,14.9,SUEZ,20/01/2025 18:00:00,AIS,POINT (8.41765 57.4052),626294000_0,0 days 00:01:00,-7.250878906743884e-07,245.11791523275514,0.0,0,7.443988498603957,57.4052,8.41765
2025-01-07 20:35:00,2025-01-07 20:35:00,Class A,626294000_0,57.404617,8.416,Under way using engine,0.0,3.6,237.0,239.0,9274800,TRAV2,YANGTZE,Tanker,No additional information,44.0,249.0,Undefined,14.9,SUEZ,20/01/2025 18:00:00,AIS,POINT (8.416 57.404617),626294000_0,0 days 00:01:00,1.0427208949993258e-06,236.73975824172328,0.0,0,7.445469722793115,57.404617,8.416
2025-01-07 20:37:00,2025-01-07 20:37:00,Class A,626294000_0,57.403667,8.4126,Under way using engine,0.0,3.8,247.0,240.0,9274800,TRAV2,YANGTZE,Tanker,No additional information,44.0,249.0,Undefined,14.9,SUEZ,20/01/2025 18:00:00,AIS,POINT (8.4126 57.403667),626294000_0,0 days 00:02:00,-4.824622943828689e-07,242.58709158996265,0.0,0,7.448577552622313,57.403667,8.4126
2025-01-07 20:38:00,2025-01-07 20:38:00,Class A,626294000_0,57.403167,8.4109,Under way using engine,0.0,3.7,241.0,241.0,9274800,TRAV2,YANGTZE,Tanker,No additional information,44.0,249.0,Undefined,14.9,SUEZ,20/01/2025 18:00:00,AIS,POINT (8.4109 57.403167),626294000_0,0 days 00:01:00,3.63322582626769e-07,241.3681232769039,0.0,0,7.450126116088842,57.403167,8.4109
2025-01-07 20:43:01,2025-01-07 20:43:01,Class A,626294000_0,57.400717,8.4017,Under way using engine,0.0,3.9,242.0,242.0,9274800,TRAV2,YANGTZE,Tanker,No additional information,44.0,249.0,Undefined,14.9,SUEZ,20/01/2025 18:00:00,AIS,POINT (8.4017 57.400717),626294000_0,0 days 00:05:01,3.628407129530352e-07,243.70034093673752,0.0,0,7.458564369020958,57.400717,8.4017
2025-01-07 20:44:01,2025-01-07 20:44:01,Class A,626294000_0,57.400283,8.399767,Under way using engine,0.0,4.0,247.0,240.0,9274800,TRAV2,YANGTZE,Tanker,No additional information,44.0,249.0,Undefined,14.9,SUEZ,20/01/2025 18:00:00,AIS,POINT (8.399767 57.400283),626294000_0,0 days 00:01:00,8.131386845892901e-07,247.37762330905616,0.0,0,7.460355339097595,57.400283,8.399767
2025-01-07 20:45:01,2025-01-07 20:45:01,Class A,626294000_0,57.399767,8.397933,Under way using engine,0.0,4.0,241.0,241.0,9274800,TRAV2,YANGTZE,Tanker,No additional information,44.0,249.0,Undefined,14.9,SUEZ,20/01/2025 18:00:00,AIS,POINT (8.397933 57.399767),626294000_0,0 days 00:01:00,-4.23407546019266e-07,242.42668060018065,0.0,0,7.462031856555558,57.399767,8.397933
2025-01-07 20:46:01,2025-01-07 20:46:01,Class A,626294000_0,57.399283,8.39595,Under way using engine,0.0,4.2,246.0,239.0,9274800,TRAV2,YANGTZE,Tanker,No additional information,44.0,249.0,Undefined,14.9,SUEZ,20/01/2025 18:00:00,AIS,POINT (8.39595 57.399283),626294000_0,0 days 00:01:00,1.8060346830648917e-06,245.62957610864925,0.0,0,7.463860875079667,57.399283,8.39595
2025-01-07 20:51:00,2025-01-07 20:51:00,Class A,626294000_0,57.3966,8.386783,Under way using engine,0.0,3.7,248.0,242.0,9274800,TRAV2,YANGTZE,Tanker,No additional information,44.0,249.0,Undefined,14.9,SUEZ,20/01/2025 18:00:00,AIS,POINT (8.386783 57.3966),626294000_0,0 days 00:04:59,-2.804777946461584e-07,241.4927617615931,0.0,0,7.472220255243351,57.3966,8.386783
2025-01-07 20:52:00,2025-01-07 20:52:00,Class A,626294000_0,57.396117,8.385,Under way using engine,0.0,3.8,241.0,241.0,9274800,TRAV2,YANGTZE,Tanker,No additional information,44.0,249.0,Undefined,14.9,SUEZ,20/01/2025 18:00:00,AIS,POINT (8.385 57.396117),626294000_0,0 days 00:01:00,-1.62882165659302e-06,243.3099724399704,0.0,0,7.4738549747790115,57.396117,8.385
2025-01-07 20:53:00,2025-01-07 20:53:00,Class A,626294000_0,57.3956,8.383083,Under way using engine,0.0,4.1,240.0,240.0,9274800,TRAV2,YANGTZE,Tanker,No additional information,44.0,249.0,Undefined,14.9,SUEZ,20/01/2025 18:00:00,AIS,POINT (8.383083 57.3956),626294000_0,0 days 00:01:00,2.472441147992022e-06,243.4122496729937,0.0,0,7.475613162000092,57.3956,8.383083
2025-01-07 21:00:01,2025-01-07 21:00:01,Class A,626294000_0,57.392133,8.370083,Under way using engine,0.0,3.9,246.0,242.0,9274800,TRAV2,YANGTZE,Tanker,No additional information,44.0,249.0,Undefined,14.9,SUEZ,20/01/2025 18:00:00,AIS,POINT (8.370083 57.392133),626294000_0,0 days 00:07:01,-1.8168787877703066e-07,243.6738124198406,0.0,0,7.48754765071088,57.392133,8.370083
2025-01-07 21:01:01,2025-01-07 21:01:01,Class A,626294000_0,57.39175,8.368217,Under way using engine,0.0,3.8,245.0,240.0,9274800,TRAV2,YANGTZE,Tanker,No additional information,44.0,249.0,Undefined,14.9,SUEZ,20/01/2025 18:00:00,AIS,POINT (8.368217 57.39175),626294000_0,0 days 00:01:00,-1.1700300834305072e-06,249.14997449901483,0.0,0,7.489286012732122,57.39175,8.368217
2025-01-07 21:02:01,2025-01-07 21:02:01,Class A,626294000_0,57.3912,8.3664,Under way using engine,0.0,4.0,239.0,240.0,9274800,TRAV2,YANGTZE,Tanker,No additional information,44.0,249.0,Undefined,14.9,SUEZ,20/01/2025 18:00:00,AIS,POINT (8.3664 57.3912),626294000_0,0 days 00:01:00,1.4497321370877933e-06,240.67794028606974,0.0,0,7.4909403972964554,57.3912,8.3664
2025-01-07 21:08:00,2025-01-07 21:08:00,Class A,626294000_0,57.388267,8.3549,Under way using engine,0.0,4.0,245.0,241.0,9274800,TRAV2,YANGTZE,Tanker,No additional information,44.0,249.0,Undefined,14.9,SUEZ,20/01/2025 18:00:00,AIS,POINT (8.3549 57.388267),626294000_0,0 days 00:05:59,1.1912312199962771e-07,244.67909725723445,0.0,0,7.501532332972309,57.388267,8.3549
2025-01-07 21:10:00,2025-01-07 21:10:00,Class A,626294000_0,57.387233,8.350983,Under way using engine,0.0,4.1,241.0,240.0,9274800,TRAV2,YANGTZE,Tanker,No additional information,44.0,249.0,Undefined,14.9,SUEZ,20/01/2025 18:00:00,AIS,POINT (8.350983 57.387233),626294000_0,0 days 00:02:00,4.551196069136178e-07,243.9060894974579,0.0,0,7.505133352503872,57.387233,8.350983
2025-01-07 21:11:00,2025-01-07 21:11:00,Class A,626294000_0,57.386733,8.349233,Under way using engine,0.0,3.7,242.0,239.0,9274800,TRAV2,YANGTZE,Tanker,No additional information,44.0,249.0,Undefined,14.9,SUEZ,20/01/2025 18:00:00,AIS,POINT (8.349233 57.386733),626294000_0,0 days 00:01:00,-3.342684835965209e-06,242.0718079769783,0.0,0,7.506734118967183,57.386733,8.349233
2025-01-07 21:19:00,2025-01-07 21:19:00,Class A,626294000_0,57.382267,8.334267,Under way using engine,0.0,4.1,243.0,239.0,9274800,TRAV2,YANGTZE,Tanker,No additional information,44.0,249.0,Undefined,14.9,SUEZ,20/01/2025 18:00:00,AIS,POINT (8.334267 57.382267),626294000_0,0 days 00:08:00,3.291851388326025e-07,241.03575692944213,0.0,0,7.520387119782199,57.382267,8.334267
2025-01-07 21:20:00,2025-01-07 21:20:00,Class A,626294000_0,57.381683,8.332483,Under way using engine,0.0,4.0,240.0,242.0,9274800,TRAV2,YANGTZE,Tanker,No additional information,44.0,249.0,Undefined,14.9,SUEZ,20/01/2025 18:00:00,AIS,POINT (8.332483 57.381683),626294000_0,0 days 00:01:00,-8.534739197384076e-07,238.73061039883197,0.0,0,7.52200402673822,57.381683,8.332483
2025-01-07 21:21:00,2025-01-07 21:21:00,Class A,626294000_0,57.381167,8.330467,Under way using engine,0.0,4.2,245.0,240.0,9274800,TRAV2,YANGTZE,Tanker,No additional information,44.0,249.0,Undefined,14.9,SUEZ,20/01/2025 18:00:00,AIS,POINT (8.330467 57.381167),626294000_0,0 days 00:01:00,2.419995886977647e-06,244.60123669942544,0.0,0,7.523862242624195,57.381167,8.330467
2025-01-07 21:22:00,2025-01-07 21:22:00,Class A,626294000_0,57.380667,8.328567,Under way using engine,0.0,4.1,244.0,239.0,9274800,TRAV2,YANGTZE,Tanker,No additional information,44.0,249.0,Undefined,14.9,SUEZ,20/01/2025 18:00:00,AIS,POINT (8.328567 57.380667),626294000_0,0 days 00:01:00,-1.9609199921823025e-06,243.9797682205545,0.0,0,7.525610707363623,57.380667,8.328567
2025-01-07 21:23:00,2025-01-07 21:23:00,Class A,626294000_0,57.380083,8.326717,Under way using engine,0.0,4.2,240.0,241.0,9274800,TRAV2,YANGTZE,Tanker,No additional information,44.0,249.0,Undefined,14.9,SUEZ,20/01/2025 18:00:00,AIS,POINT (8.326717 57.380083),626294000_0,0 days 00:01:00,4.896675245013299e-07,239.64733809357057,0.0,0,7.527292432794277,57.380083,8.326717
2025-01-07 21:24:00,2025-01-07 21:24:00,Class A,626294000_0,57.379567,8.3247,Under way using engine,0.0,4.3,244.0,241.0,9274800,TRAV2,YANGTZE,Tanker,No additional information,44.0,249.0,Undefined,14.9,SUEZ,20/01/2025 18:00:00,AIS,POINT (8.3247 57.379567),626294000_0,0 days 00:01:00,1.4876762184557116e-06,244.61321304117763,0.0,0,7.529151973816773,57.379567,8.3247
2025-01-07 21:25:00,2025-01-07 21:25:00,Class A,626294000_0,57.379033,8.322633,Under way using engine,0.0,4.3,246.0,244.0,9274800,TRAV2,YANGTZE,Tanker,No additional information,44.0,249.0,Undefined,14.9,SUEZ,20/01/2025 18:00:00,AIS,POINT (8.322633 57.379033),626294000_0,0 days 00:01:00,9.94108470310217e-07,244.39534623014447,0.0,0,7.531056616934041,57.379033,8.322633
2025-01-07 21:26:00,2025-01-07 21:26:00,Class A,626294000_0,57.3786,8.32055,Under way using engine,0.0,4.4,249.0,242.0,9274800,TRAV2,YANGTZE,Tanker,No additional information,44.0,249.0,Undefined,14.9,SUEZ,20/01/2025 18:00:00,AIS,POINT (8.32055 57.3786),626294000_0,0 days 00:01:00,-9.90960077035686e-07,248.91394604079218,0.0,0,7.532998628524234,57.3786,8.32055
2025-01-07 21:27:00,2025-01-07 21:27:00,Class A,626294000_0,57.3781,8.31845,Under way using engine,0.0,4.4,245.0,240.0,9274800,TRAV2,YANGTZE,Tanker,No additional information,44.0,249.0,Undefined,14.9,SUEZ,20/01/2025 18:00:00,AIS,POINT (8.31845 57.3781),626294000_0,0 days 00:01:00,1.0537508302652851e-06,246.17165174038865,0.0,0,7.534943015109537,57.3781,8.31845
2025-01-07 21:28:00,2025-01-07 21:28:00,Class A,626294000_0,57.377567,8.316367,Under way using engine,0.0,4.5,245.0,240.0,9274800,TRAV2,YANGTZE,Tanker,No additional information,44.0,249.0,Undefined,14.9,SUEZ,20/01/2025 18:00:00,AIS,POINT (8.316367 57.377567),626294000_0,0 days 00:01:00,1.665583919913015e-07,244.60963543362266,0.0,0,7.53686385668376,57.377567,8.316367
2025-01-07 21:29:00,2025-01-07 21:29:00,Class A,626294000_0,57.377,8.314233,Under way using engine,0.0,4.7,244.0,240.0,9274800,TRAV2,YANGTZE,Tanker,No additional information,44.0,249.0,Undefined,14.9,SUEZ,20/01/2025 18:00:00,AIS,POINT (8.314233 57.377),626294000_0,0 days 00:01:00,1.2252323719654593e-06,243.76447810959246,0.0,0,7.538827380453077,57.377,8.314233
2025-01-07 21:30:00,2025-01-07 21:30:00,Class A,626294000_0,57.376433,8.31195,Under way using engine,0.0,4.7,245.0,240.0,9274800,TRAV2,YANGTZE,Tanker,No additional information,44.0,249.0,Undefined,14.9,SUEZ,20/01/2025 18:00:00,AIS,POINT (8.31195 57.376433),626294000_0,0 days 00:01:00,2.24905154972461e-06,245.2664874377517,0.0,0,7.540936603588775,57.376433,8.31195
2025-01-07 21:31:00,2025-01-07 21:31:00,Class A,626294000_0,57.375817,8.3098,Under way using engine,0.0,4.8,241.0,240.0,9274800,TRAV2,YANGTZE,Tanker,No additional information,44.0,249.0,Undefined,14.9,SUEZ,20/01/2025 18:00:00,AIS,POINT (8.3098 57.375817),626294000_0,0 days 00:01:00,-1.3201156445948728e-06,242.01287978220967,0.0,0,7.542905578106423,57.375817,8.3098
2025-01-07 21:32:00,2025-01-07 21:32:00,Class A,626294000_0,57.375217,8.307567,Under way using engine,0.0,4.8,244.0,241.0,9274800,TRAV2,YANGTZE,Tanker,No additional information,44.0,249.0,Undefined,14.9,SUEZ,20/01/2025 18:00:00,AIS,POINT (8.307567 57.375217),626294000_0,0 days 00:01:00,1.0080945951817874e-06,243.509779679015,0.0,0,7.544959204580631,57.375217,8.307567
2025-01-07 21:33:00,2025-01-07 21:33:00,Class A,626294000_0,57.374667,8.305267,Under way using engine,0.0,4.8,246.0,239.0,9274800,TRAV2,YANGTZE,Tanker,No additional information,44.0,249.0,Undefined,14.9,SUEZ,20/01/2025 18:00:00,AIS,POINT (8.305267 57.374667),626294000_0,0 days 00:01:00,3.563611991538295e-07,246.08170991209337,0.0,0,7.54708909669059,57.374667,8.305267
2025-01-07 21:34:00,2025-01-07 21:34:00,Class A,626294000_0,57.374033,8.303167,Under way using engine,0.0,4.8,241.0,242.0,9274800,TRAV2,YANGTZE,Tanker,No additional information,44.0,249.0,Undefined,14.9,SUEZ,20/01/2025 18:00:00,AIS,POINT (8.303167 57.374033),626294000_0,0 days 00:01:00,-1.8304790684941442e-06,240.75351822456915,0.0,0,7.549005827577694,57.374033,8.303167
2025-01-07 21:35:00,2025-01-07 21:35:00,Class A,626294000_0,57.37345,8.30095,Under way using engine,0.0,4.7,244.0,242.0,9274800,TRAV2,YANGTZE,Tanker,No additional information,44.0,249.0,Undefined,14.9,SUEZ,20/01/2025 18:00:00,AIS,POINT (8.30095 57.37345),626294000_0,0 days 00:01:00,1.0036204196002642e-06,244.0006226246786,0.0,0,7.551047882913204,57.37345,8.30095
2025-01-07 21:36:00,2025-01-07 21:36:00,Class A,626294000_0,57.372933,8.29875,Under way using engine,0.0,4.7,245.0,241.0,9274800,TRAV2,YANGTZE,Tanker,No additional information,44.0,249.0,Undefined,14.9,SUEZ,20/01/2025 18:00:00,AIS,POINT (8.29875 57.372933),626294000_0,0 days 00:01:00,-1.1120188574335714e-06,246.45050238563897,0.0,0,7.553087509061775,57.372933,8.29875
2025-01-07 21:37:00,2025-01-07 21:37:00,Class A,626294000_0,57.372367,8.296533,Under way using engine,0.0,4.7,244.0,240.0,9274800,TRAV2,YANGTZE,Tanker,No additional information,44.0,249.0,Undefined,14.9,SUEZ,20/01/2025 18:00:00,AIS,POINT (8.296533 57.372367),626294000_0,0 days 00:01:00,8.855640459719218e-07,244.66323941571974,0.0,0,7.555133455886136,57.372367,8.296533
2025-01-07 21:38:00,2025-01-07 21:38:00,Class A,626294000_0,57.371783,8.29435,Under way using engine,0.0,4.8,243.0,241.0,9274800,TRAV2,YANGTZE,Tanker,No additional information,44.0,249.0,Undefined,14.9,SUEZ,20/01/2025 18:00:00,AIS,POINT (8.29435 57.371783),626294000_0,0 days 00:01:00,-2.6846548199020543e-07,243.61201822130334,0.0,0,7.5571424937700495,57.371783,8.29435
2025-01-07 21:39:00,2025-01-07 21:39:00,Class A,626294000_0,57.371217,8.292167,Under way using engine,0.0,4.7,243.0,241.0,9274800,TRAV2,YANGTZE,Tanker,No additional information,44.0,249.0,Undefined,14.9,SUEZ,20/01/2025 18:00:00,AIS,POINT (8.292167 57.371217),626294000_0,0 days 00:01:00,-2.4351155998000545e-07,244.31975578113764,0.0,0,7.559155494735243,57.371217,8.292167
2025-01-07 21:40:00,2025-01-07 21:40:00,Class A,626294000_0,57.37065,8.29005,Under way using engine,0.0,4.6,245.0,242.0,9274800,TRAV2,YANGTZE,Tanker,No additional information,44.0,249.0,Undefined,14.9,SUEZ,20/01/2025 18:00:00,AIS,POINT (8.29005 57.37065),626294000_0,0 days 00:01:00,-9.77334516569445e-07,243.58626574865025,0.0,0,7.561103922949875,57.37065,8.29005
2025-01-07 21:41:00,2025-01-07 21:41:00,Class A,626294000_0,57.3701,8.287817,Under way using engine,0.0,4.7,246.0,240.0,9274800,TRAV2,YANGTZE,Tanker,No additional information,44.0,249.0,Undefined,14.9,SUEZ,20/01/2025 18:00:00,AIS,POINT (8.287817 57.3701),626294000_0,0 days 00:01:00,1.5255329916415266e-06,245.4503732987019,0.0,0,7.563169451189427,57.3701,8.287817
2025-01-07 21:49:01,2025-01-07 21:49:01,Class A,626294000_0,57.365267,8.270217,Under way using engine,0.0,4.9,245.0,240.0,9274800,TRAV2,YANGTZE,Tanker,No additional information,44.0,249.0,Undefined,14.9,SUEZ,20/01/2025 18:00:00,AIS,POINT (8.270217 57.365267),626294000_0,0 days 00:08:01,1.828764274819686e-08,243.02067455698358,0.0,0,7.579349121460629,57.365267,8.270217
2025-01-07 21:50:01,2025-01-07 21:50:01,Class A,626294000_0,57.364617,8.267933,Under way using engine,0.0,5.0,241.0,237.0,9274800,TRAV2,YANGTZE,Tanker,No additional information,44.0,249.0,Undefined,14.9,SUEZ,20/01/2025 18:00:00,AIS,POINT (8.267933 57.364617),626294000_0,0 days 00:01:00,1.9874693434546203e-06,242.1797580708543,0.0,0,7.581444682858935,57.364617,8.267933
2025-01-07 21:51:01,2025-01-07 21:51:01,Class A,626294000_0,57.3639,8.26585,Under way using engine,0.0,4.8,235.0,237.0,9274800,TRAV2,YANGTZE,Tanker,No additional information,44.0,249.0,Undefined,14.9,SUEZ,20/01/2025 18:00:00,AIS,POINT (8.26585 57.3639),626294000_0,0 days 00:01:00,-1.866120654877082e-06,237.4521227112374,0.0,0,7.583329804996483,57.3639,8.26585
2025-01-07 21:52:01,2025-01-07 21:52:01,Class A,626294000_0,57.36315,8.2637,Under way using engine,0.0,4.9,239.0,238.0,9274800,TRAV2,YANGTZE,Tanker,No additional information,44.0,249.0,Undefined,14.9,SUEZ,20/01/2025 18:00:00,AIS,POINT (8.2637 57.36315),626294000_0,0 days 00:01:00,1.4944524407635323e-06,237.10510918605382,0.0,0,7.5852736500239715,57.36315,8.2637
2025-01-07 21:53:01,2025-01-07 21:53:01,Class A,626294000_0,57.362383,8.261483,Under way using engine,0.0,4.9,234.0,237.0,9274800,TRAV2,YANGTZE,Tanker,No additional information,44.0,249.0,Undefined,14.9,SUEZ,20/01/2025 18:00:00,AIS,POINT (8.261483 57.362383),626294000_0,0 days 00:01:00,1.2271313363041937e-06,237.32148206599243,0.0,0,7.587279605212003,57.362383,8.261483
2025-01-07 22:04:00,2025-01-07 22:04:00,Class A,626294000_0,57.355,8.2384,Under way using engine,0.0,4.5,238.0,237.0,9274800,TRAV2,YANGTZE,Tanker,No additional information,44.0,249.0,Undefined,14.9,SUEZ,20/01/2025 18:00:00,AIS,POINT (8.2384 57.355),626294000_0,0 days 00:10:59,-2.892523231743162e-07,239.34220226906194,0.0,0,7.6083026551687585,57.355,8.2384
2025-01-07 22:05:00,2025-01-07 22:05:00,Class A,626294000_0,57.354333,8.2364,Under way using engine,0.0,4.6,239.0,238.0,9274800,TRAV2,YANGTZE,Tanker,No additional information,44.0,249.0,Undefined,14.9,SUEZ,20/01/2025 18:00:00,AIS,POINT (8.2364 57.354333),626294000_0,0 days 00:01:00,-1.5344316236015564e-06,238.27495346980868,0.0,0,7.610119373994404,57.354333,8.2364
2025-01-07 22:06:00,2025-01-07 22:06:00,Class A,626294000_0,57.35365,8.234317,Under way using engine,0.0,4.6,239.0,237.0,9274800,TRAV2,YANGTZE,Tanker,No additional information,44.0,249.0,Undefined,14.9,SUEZ,20/01/2025 18:00:00,AIS,POINT (8.234317 57.35365),626294000_0,0 days 00:01:00,1.4426636016786222e-06,238.70836187455905,0.0,0,7.6120140821404805,57.35365,8.234317
2025-01-07 22:07:00,2025-01-07 22:07:00,Class A,626294000_0,57.352967,8.232233,Under way using engine,0.0,4.7,238.0,236.0,9274800,TRAV2,YANGTZE,Tanker,No additional information,44.0,249.0,Undefined,14.9,SUEZ,20/01/2025 18:00:00,AIS,POINT (8.232233 57.352967),626294000_0,0 days 00:01:00,1.4848752973607253e-08,238.7210397164684,0.0,0,7.613909927970647,57.352967,8.232233
2025-01-07 22:13:00,2025-01-07 22:13:00,Class A,626294000_0,57.348783,8.219833,Under way using engine,0.0,4.6,241.0,236.0,9274800,TRAV2,YANGTZE,Tanker,No additional information,44.0,249.0,Undefined,14.9,SUEZ,20/01/2025 18:00:00,AIS,POINT (8.219833 57.348783),626294000_0,0 days 00:06:00,-2.093582203253424e-09,237.9817949584321,0.0,0,7.6251687665563175,57.348783,8.219833
2025-01-07 22:14:00,2025-01-07 22:14:00,Class A,626294000_0,57.348067,8.217733,Under way using engine,0.0,4.7,238.0,237.0,9274800,TRAV2,YANGTZE,Tanker,No additional information,44.0,249.0,Undefined,14.9,SUEZ,20/01/2025 18:00:00,AIS,POINT (8.217733 57.348067),626294000_0,0 days 00:01:00,7.810437405400549e-07,237.71026552707582,0.0,0,7.627074544492795,57.348067,8.217733
2025-01-07 22:15:00,2025-01-07 22:15:00,Class A,626294000_0,57.3474,8.215683,Under way using engine,0.0,4.7,235.0,236.0,9274800,TRAV2,YANGTZE,Tanker,No additional information,44.0,249.0,Undefined,14.9,SUEZ,20/01/2025 18:00:00,AIS,POINT (8.215683 57.3474),626294000_0,0 days 00:01:00,-1.5065872261864459e-06,238.9090327403402,0.0,0,7.6289417317652255,57.3474,8.215683
2025-01-07 22:16:00,2025-01-07 22:16:00,Class A,626294000_0,57.346683,8.213467,Under way using engine,0.0,4.9,239.0,236.0,9274800,TRAV2,YANGTZE,Tanker,No additional information,44.0,249.0,Undefined,14.9,SUEZ,20/01/2025 18:00:00,AIS,POINT (8.213467 57.346683),626294000_0,0 days 00:01:00,3.1768547292023206e-06,239.05073208166004,0.0,0,7.630961117382397,57.346683,8.213467
2025-01-07 22:17:00,2025-01-07 22:17:00,Class A,626294000_0,57.34595,8.21125,Under way using engine,0.0,5.0,238.0,237.0,9274800,TRAV2,YANGTZE,Tanker,No additional information,44.0,249.0,Undefined,14.9,SUEZ,20/01/2025 18:00:00,AIS,POINT (8.21125 57.34595),626294000_0,0 days 00:01:00,2.711516710926726e-07,238.50214927664018,0.0,0,7.63297834670373,57.34595,8.21125
2025-01-07 22:18:00,2025-01-07 22:18:00,Class A,626294000_0,57.345267,8.20905,Under way using engine,0.0,4.9,240.0,236.0,9274800,TRAV2,YANGTZE,Tanker,No additional information,44.0,249.0,Undefined,14.9,SUEZ,20/01/2025 18:00:00,AIS,POINT (8.20905 57.345267),626294000_0,0 days 00:01:00,-1.0327601387217086e-06,240.0859363897248,0.0,0,7.634989464415063,57.345267,8.20905
2025-01-07 22:19:00,2025-01-07 22:19:00,Class A,626294000_0,57.344517,8.207067,Under way using engine,0.0,4.7,234.0,235.0,9274800,TRAV2,YANGTZE,Tanker,No additional information,44.0,249.0,Undefined,14.9,SUEZ,20/01/2025 18:00:00,AIS,POINT (8.207067 57.344517),626294000_0,0 days 00:01:00,-1.9536909192463623e-06,234.97260972586665,0.0,0,7.6367745856995155,57.344517,8.207067
2025-01-07 22:20:00,2025-01-07 22:20:00,Class A,626294000_0,57.343767,8.205033,Under way using engine,0.0,4.7,236.0,238.0,9274800,TRAV2,YANGTZE,Tanker,No additional information,44.0,249.0,Undefined,14.9,SUEZ,20/01/2025 18:00:00,AIS,POINT (8.205033 57.343767),626294000_0,0 days 00:01:00,7.023871251106515e-07,235.6540008245514,0.0,0,7.638609778961745,57.343767,8.205033
2025-01-07 22:32:00,2025-01-07 22:32:00,Class A,626294000_0,57.334933,8.17775,Under way using engine,0.0,5.4,241.0,236.0,9274800,TRAV2,YANGTZE,Tanker,No additional information,44.0,249.0,Undefined,14.9,SUEZ,20/01/2025 18:00:00,AIS,POINT (8.17775 57.334933),626294000_0,0 days 00:12:00,2.625443088927828e-07,239.0481953917451,0.0,0,7.6634937554319835,57.334933,8.17775
2025-01-07 22:33:00,2025-01-07 22:33:00,Class A,626294000_0,57.33415,8.175583,Under way using engine,0.0,5.1,233.0,236.0,9274800,TRAV2,YANGTZE,Tanker,No additional information,44.0,249.0,Undefined,14.9,SUEZ,20/01/2025 18:00:00,AIS,POINT (8.175583 57.33415),626294000_0,0 days 00:01:00,-7.278472469234266e-07,236.2002276332213,0.0,0,7.665454707658836,57.33415,8.175583
2025-01-07 22:34:00,2025-01-07 22:34:00,Class A,626294000_0,57.333367,8.173317,Under way using engine,0.0,5.1,239.0,238.0,9274800,TRAV2,YANGTZE,Tanker,No additional information,44.0,249.0,Undefined,14.9,SUEZ,20/01/2025 18:00:00,AIS,POINT (8.173317 57.333367),626294000_0,0 days 00:01:00,1.3871969005557515e-06,237.37369995288037,0.0,0,7.667512761240505,57.333367,8.173317
2025-01-07 22:35:00,2025-01-07 22:35:00,Class A,626294000_0,57.332683,8.171033,Under way using engine,0.0,5.1,242.0,236.0,9274800,TRAV2,YANGTZE,Tanker,No additional information,44.0,249.0,Undefined,14.9,SUEZ,20/01/2025 18:00:00,AIS,POINT (8.171033 57.332683),626294000_0,0 days 00:01:00,-1.308315495813786e-06,240.97795237850085,0.0,0,7.6696088502782205,57.332683,8.171033
2025-01-07 22:36:00,2025-01-07 22:36:00,Class A,626294000_0,57.331883,8.168733,Under way using engine,0.0,5.2,237.0,237.0,9274800,TRAV2,YANGTZE,Tanker,No additional information,44.0,249.0,Undefined,14.9,SUEZ,20/01/2025 18:00:00,AIS,POINT (8.168733 57.331883),626294000_0,0 days 00:01:00,2.072290880700354e-06,237.2031746990367,0.0,0,7.671697098534717,57.331883,8.168733
2025-01-07 22:37:00,2025-01-07 22:37:00,Class A,626294000_0,57.33115,8.166417,Under way using engine,0.0,5.3,239.0,236.0,9274800,TRAV2,YANGTZE,Tanker,No additional information,44.0,249.0,Undefined,14.9,SUEZ,20/01/2025 18:00:00,AIS,POINT (8.166417 57.33115),626294000_0,0 days 00:01:00,-8.555875436172128e-07,239.6161020000812,0.0,0,7.673814877002508,57.33115,8.166417
2025-01-07 22:38:00,2025-01-07 22:38:00,Class A,626294000_0,57.330367,8.164,Under way using engine,0.0,5.4,238.0,236.0,9274800,TRAV2,YANGTZE,Tanker,No additional information,44.0,249.0,Undefined,14.9,SUEZ,20/01/2025 18:00:00,AIS,POINT (8.164 57.330367),626294000_0,0 days 00:01:00,2.2428230955618462e-06,239.0308438692606,0.0,0,7.676021533322389,57.330367,8.164
2025-01-07 22:39:00,2025-01-07 22:39:00,Class A,626294000_0,57.329567,8.16155,Under way using engine,0.0,5.4,240.0,235.0,9274800,TRAV2,YANGTZE,Tanker,No additional information,44.0,249.0,Undefined,14.9,SUEZ,20/01/2025 18:00:00,AIS,POINT (8.16155 57.329567),626294000_0,0 days 00:01:00,7.44934807288816e-07,238.83085847855503,0.0,0,7.678257243979846,57.329567,8.16155
2025-01-07 22:50:00,2025-01-07 22:50:00,Class A,626294000_0,57.3215,8.136867,Under way using engine,0.0,5.1,239.0,237.0,9274800,TRAV2,YANGTZE,Tanker,No additional information,44.0,249.0,Undefined,14.9,SUEZ,20/01/2025 18:00:00,AIS,POINT (8.136867 57.3215),626294000_0,0 days 00:11:00,-3.648628456717599e-07,238.8204757887053,0.0,0,7.70079179177083,57.3215,8.136867
2025-01-07 22:51:00,2025-01-07 22:51:00,Class A,626294000_0,57.320783,8.134567,Under way using engine,0.0,5.0,240.0,236.0,9274800,TRAV2,YANGTZE,Tanker,No additional information,44.0,249.0,Undefined,14.9,SUEZ,20/01/2025 18:00:00,AIS,POINT (8.134567 57.320783),626294000_0,0 days 00:01:00,5.550433029946897e-07,240.00012998848678,0.0,0,7.702899698100838,57.320783,8.134567
2025-01-07 22:52:00,2025-01-07 22:52:00,Class A,626294000_0,57.32005,8.13235,Under way using engine,0.0,5.1,238.0,236.0,9274800,TRAV2,YANGTZE,Tanker,No additional information,44.0,249.0,Undefined,14.9,SUEZ,20/01/2025 18:00:00,AIS,POINT (8.13235 57.32005),626294000_0,0 days 00:01:00,-9.412973037660376e-07,238.5201418952796,0.0,0,7.704923259659891,57.32005,8.13235
2025-01-07 22:53:00,2025-01-07 22:53:00,Class A,626294000_0,57.319317,8.129917,Under way using engine,0.0,5.3,243.0,236.0,9274800,TRAV2,YANGTZE,Tanker,No additional information,44.0,249.0,Undefined,14.9,SUEZ,20/01/2025 18:00:00,AIS,POINT (8.129917 57.319317),626294000_0,0 days 00:01:00,3.1233659648651038e-06,240.8410133682371,0.0,0,7.707158566980829,57.319317,8.129917
2025-01-07 22:54:00,2025-01-07 22:54:00,Class A,626294000_0,57.3186,8.127717,Under way using engine,0.0,5.0,239.0,236.0,9274800,TRAV2,YANGTZE,Tanker,No additional information,44.0,249.0,Undefined,14.9,SUEZ,20/01/2025 18:00:00,AIS,POINT (8.127717 57.3186),626294000_0,0 days 00:01:00,-3.6221146474279015e-06,238.88666875242708,0.0,0,7.70916905701289,57.3186,8.127717
2025-01-07 22:55:00,2025-01-07 22:55:00,Class A,626294000_0,57.317883,8.125533,Under way using engine,0.0,5.0,240.0,237.0,9274800,TRAV2,YANGTZE,Tanker,No additional information,44.0,249.0,Undefined,14.9,SUEZ,20/01/2025 18:00:00,AIS,POINT (8.125533 57.317883),626294000_0,0 days 00:01:00,-2.2854959503587074e-07,238.70182153144123,0.0,0,7.711164044401207,57.317883,8.125533
2025-01-07 22:56:00,2025-01-07 22:56:00,Class A,626294000_0,57.3172,8.123183,Under way using engine,0.0,5.0,242.0,237.0,9274800,TRAV2,YANGTZE,Tanker,No additional information,44.0,249.0,Undefined,14.9,SUEZ,20/01/2025 18:00:00,AIS,POINT (8.123183 57.3172),626294000_0,0 days 00:01:00,1.8916493144831366e-06,241.71023630680915,0.0,0,7.713328646989509,57.3172,8.123183
2025-01-07 22:57:00,2025-01-07 22:57:00,Class A,626294000_0,57.316517,8.120933,Under way using engine,0.0,5.0,242.0,237.0,9274800,TRAV2,YANGTZE,Tanker,No additional information,44.0,249.0,Undefined,14.9,SUEZ,20/01/2025 18:00:00,AIS,POINT (8.120933 57.316517),626294000_0,0 days 00:01:00,-1.4665702624543332e-06,240.65853698341664,0.0,0,7.715395457670979,57.316517,8.120933
2025-01-07 22:59:00,2025-01-07 22:59:00,Class A,626294000_0,57.315167,8.116133,Under way using engine,0.0,5.1,242.0,236.0,9274800,TRAV2,YANGTZE,Tanker,No additional information,44.0,249.0,Undefined,14.9,SUEZ,20/01/2025 18:00:00,AIS,POINT (8.116133 57.315167),626294000_0,0 days 00:02:00,1.046242371563405e-06,242.49034888530576,0.0,0,7.719826677863306,57.315167,8.116133
2025-01-07 23:08:00,2025-01-07 23:08:00,Class A,626294000_0,57.3084,8.094983,Under way using engine,0.0,5.7,239.0,236.0,9274800,TRAV2,YANGTZE,Tanker,No additional information,44.0,249.0,Undefined,14.9,SUEZ,20/01/2025 18:00:00,AIS,POINT (8.094983 57.3084),626294000_0,0 days 00:09:00,4.7380346366787166e-08,239.36507413566068,0.0,0,7.739196645238381,57.3084,8.094983
2025-01-07 23:09:00,2025-01-07 23:09:00,Class A,626294000_0,57.307583,8.092383,Under way using engine,0.0,5.7,240.0,235.0,9274800,TRAV2,YANGTZE,Tanker,No additional information,44.0,249.0,Undefined,14.9,SUEZ,20/01/2025 18:00:00,AIS,POINT (8.092383 57.307583),626294000_0,0 days 00:01:00,4.632925348733165e-06,239.8112605916831,0.0,0,7.741581836360448,57.307583,8.092383
2025-01-07 23:10:00,2025-01-07 23:10:00,Class A,626294000_0,57.306717,8.090033,Under way using engine,0.0,5.6,236.0,235.0,9274800,TRAV2,YANGTZE,Tanker,No additional information,44.0,249.0,Undefined,14.9,SUEZ,20/01/2025 18:00:00,AIS,POINT (8.090033 57.306717),626294000_0,0 days 00:01:00,-2.735119253922657e-06,235.69698467779546,0.0,0,7.743712500942297,57.306717,8.090033
2025-01-07 23:11:00,2025-01-07 23:11:00,Class A,626294000_0,57.30585,8.087633,Under way using engine,0.0,5.5,235.0,235.0,9274800,TRAV2,YANGTZE,Tanker,No additional information,44.0,249.0,Undefined,14.9,SUEZ,20/01/2025 18:00:00,AIS,POINT (8.087633 57.30585),626294000_0,0 days 00:01:00,7.121681411926935e-07,236.22647770451204,0.0,0,7.745892192986486,57.30585,8.087633
2025-01-07 23:25:00,2025-01-07 23:25:00,Class A,626294000_0,57.294617,8.0536,Under way using engine,0.0,5.3,239.0,237.0,9274800,TRAV2,YANGTZE,Tanker,No additional information,44.0,249.0,Undefined,14.9,SUEZ,20/01/2025 18:00:00,AIS,POINT (8.0536 57.294617),626294000_0,0 days 00:14:00,-4.527718381785198e-08,238.59114647474507,0.0,0,7.777034010690001,57.294617,8.0536
2025-01-07 23:27:00,2025-01-07 23:27:00,Class A,626294000_0,57.293117,8.048867,Under way using engine,0.0,5.2,239.0,236.0,9274800,TRAV2,YANGTZE,Tanker,No additional information,44.0,249.0,Undefined,14.9,SUEZ,20/01/2025 18:00:00,AIS,POINT (8.048867 57.293117),626294000_0,0 days 00:02:00,-8.755451262402746e-07,239.60879421044189,0.0,0,7.781380334309975,57.293117,8.048867
2025-01-07 23:28:00,2025-01-07 23:28:00,Class A,626294000_0,57.292383,8.046483,Under way using engine,0.0,5.1,240.0,236.0,9274800,TRAV2,YANGTZE,Tanker,No additional information,44.0,249.0,Undefined,14.9,SUEZ,20/01/2025 18:00:00,AIS,POINT (8.046483 57.292383),626294000_0,0 days 00:01:00,7.540874969047771e-09,240.32680876387718,0.0,0,7.783574070930783,57.292383,8.046483
2025-01-07 23:29:00,2025-01-07 23:29:00,Class A,626294000_0,57.291683,8.0442,Under way using engine,0.0,5.2,240.0,235.0,9274800,TRAV2,YANGTZE,Tanker,No additional information,44.0,249.0,Undefined,14.9,SUEZ,20/01/2025 18:00:00,AIS,POINT (8.0442 57.291683),626294000_0,0 days 00:01:00,-1.989665381295618e-06,240.42915229507088,0.0,0,7.78567560676946,57.291683,8.0442
2025-01-07 23:30:00,2025-01-07 23:30:00,Class A,626294000_0,57.2909,8.041833,Under way using engine,0.0,5.3,240.0,237.0,9274800,TRAV2,YANGTZE,Tanker,No additional information,44.0,249.0,Undefined,14.9,SUEZ,20/01/2025 18:00:00,AIS,POINT (8.041833 57.2909),626294000_0,0 days 00:01:00,2.5157070041069124e-06,238.52718014949116,0.0,0,7.787843433882643,57.2909,8.041833
2025-01-07 23:32:01,2025-01-07 23:32:01,Class A,626294000_0,57.2894,8.0371,Under way using engine,0.0,5.3,238.0,237.0,9274800,TRAV2,YANGTZE,Tanker,No additional information,44.0,249.0,Undefined,14.9,SUEZ,20/01/2025 18:00:00,AIS,POINT (8.0371 57.2894),626294000_0,0 days 00:02:01,-4.510993315306812e-07,239.611319986646,0.0,0,7.7921915910639665,57.2894,8.0371
2025-01-07 23:33:01,2025-01-07 23:33:01,Class A,626294000_0,57.288633,8.034633,Under way using engine,0.0,5.4,238.0,237.0,9274800,TRAV2,YANGTZE,Tanker,No additional information,44.0,249.0,Undefined,14.9,SUEZ,20/01/2025 18:00:00,AIS,POINT (8.034633 57.288633),626294000_0,0 days 00:01:00,2.1007456771480347e-06,240.0883535514045,0.0,0,7.794461190529208,57.288633,8.034633
2025-01-07 23:34:01,2025-01-07 23:34:01,Class A,626294000_0,57.2879,8.032217,Under way using engine,0.0,5.4,242.0,236.0,9274800,TRAV2,YANGTZE,Tanker,No additional information,44.0,249.0,Undefined,14.9,SUEZ,20/01/2025 18:00:00,AIS,POINT (8.032217 57.2879),626294000_0,0 days 00:01:00,-1.2612740848822707e-06,240.69064761968608,0.0,0,7.79668760098832,57.2879,8.032217
2025-01-07 23:35:01,2025-01-07 23:35:01,Class A,626294000_0,57.287133,8.029667,Under way using engine,0.0,5.5,241.0,235.0,9274800,TRAV2,YANGTZE,Tanker,No additional information,44.0,249.0,Undefined,14.9,SUEZ,20/01/2025 18:00:00,AIS,POINT (8.029667 57.287133),626294000_0,0 days 00:01:00,2.473338892281534e-06,240.90201446108298,0.0,0,7.7990389909271505,57.287133,8.029667
2025-01-07 23:36:01,2025-01-07 23:36:01,Class A,626294000_0,57.286317,8.027233,Under way using engine,0.0,5.4,237.0,234.0,9274800,TRAV2,YANGTZE,Tanker,No additional information,44.0,249.0,Undefined,14.9,SUEZ,20/01/2025 18:00:00,AIS,POINT (8.027233 57.286317),626294000_0,0 days 00:01:00,-9.081246068776876e-07,238.18827177174626,0.0,0,7.801267257135214,57.286317,8.027233
2025-01-07 23:44:01,2025-01-07 23:44:01,Class A,626294000_0,57.279883,8.007817,Under way using engine,0.0,5.7,243.0,238.0,9274800,TRAV2,YANGTZE,Tanker,No additional information,44.0,249.0,Undefined,14.9,SUEZ,20/01/2025 18:00:00,AIS,POINT (8.007817 57.279883),626294000_0,0 days 00:08:00,-3.587382189366264e-08,238.49550002258752,0.0,0,7.819064122527837,57.279883,8.007817
2025-01-07 23:45:01,2025-01-07 23:45:01,Class A,626294000_0,57.279117,8.005183,Under way using engine,0.0,5.7,241.0,236.0,9274800,TRAV2,YANGTZE,Tanker,No additional information,44.0,249.0,Undefined,14.9,SUEZ,20/01/2025 18:00:00,AIS,POINT (8.005183 57.279117),626294000_0,0 days 00:01:00,2.4236028165971544e-06,241.72075834917962,0.0,0,7.8215001338777705,57.279117,8.005183
2025-01-07 23:46:00,2025-01-07 23:46:00,Class A,626294000_0,57.2783,8.002667,Under way using engine,0.0,5.7,239.0,236.0,9274800,TRAV2,YANGTZE,Tanker,No additional information,44.0,249.0,Undefined,14.9,SUEZ,20/01/2025 18:00:00,AIS,POINT (8.002667 57.2783),626294000_0,0 days 00:00:59,-1.0840841471732438e-07,239.00691720464454,0.0,0,7.823810717125318,57.2783,8.002667
2025-01-07 23:47:00,2025-01-07 23:47:00,Class A,626294000_0,57.277517,8.000067,Under way using engine,0.0,5.9,242.0,236.0,9274800,TRAV2,YANGTZE,Tanker,No additional information,44.0,249.0,Undefined,14.9,SUEZ,20/01/2025 18:00:00,AIS,POINT (8.000067 57.277517),626294000_0,0 days 00:01:00,-1.3946972641401372e-07,240.87849115485977,0.0,0,7.82621049658045,57.277517,8.000067
2025-01-07 23:48:00,2025-01-07 23:48:00,Class A,626294000_0,57.2767,7.997467,Under way using engine,0.0,5.7,238.0,235.0,9274800,TRAV2,YANGTZE,Tanker,No additional information,44.0,249.0,Undefined,14.9,SUEZ,20/01/2025 18:00:00,AIS,POINT (7.997467 57.2767),626294000_0,0 days 00:01:00,5.203168365081562e-07,239.83215930128637,0.0,0,7.828603922680275,57.2767,7.997467
2025-01-07 23:49:00,2025-01-07 23:49:00,Class A,626294000_0,57.275883,7.994967,Under way using engine,0.0,5.7,238.0,236.0,9274800,TRAV2,YANGTZE,Tanker,No additional information,44.0,249.0,Undefined,14.9,SUEZ,20/01/2025 18:00:00,AIS,POINT (7.994967 57.275883),626294000_0,0 days 00:01:00,-1.441292123931049e-06,238.8469827821678,0.0,0,7.830899441213761,57.275883,7.994967
2025-01-07 23:50:00,2025-01-07 23:50:00,Class A,626294000_0,57.275017,7.992367,Under way using engine,0.0,5.8,238.0,237.0,9274800,TRAV2,YANGTZE,Tanker,No additional information,44.0,249.0,Undefined,14.9,SUEZ,20/01/2025 18:00:00,AIS,POINT (7.992367 57.275017),626294000_0,0 days 00:01:00,2.220413067959994e-06,238.36289188485927,0.0,0,7.833283860501035,57.275017,7.992367
2025-01-07 23:53:00,2025-01-07 23:53:00,Class A,626294000_0,57.272467,7.984467,Under way using engine,0.0,6.0,238.0,236.0,9274800,TRAV2,YANGTZE,Tanker,No additional information,44.0,249.0,Undefined,14.9,SUEZ,20/01/2025 18:00:00,AIS,POINT (7.984467 57.272467),626294000_0,0 days 00:03:00,7.441442063369809e-08,239.16368878969848,0.0,0,7.840545872640884,57.272467,7.984467
2025-01-07 23:54:00,2025-01-07 23:54:00,Class A,626294000_0,57.271633,7.981833,Under way using engine,0.0,6.0,240.0,236.0,9274800,TRAV2,YANGTZE,Tanker,No additional information,44.0,249.0,Undefined,14.9,SUEZ,20/01/2025 18:00:00,AIS,POINT (7.981833 57.271633),626294000_0,0 days 00:01:00,-2.402070908435102e-07,239.64600464281602,0.0,0,7.842970726750547,57.271633,7.981833
2025-01-07 23:55:00,2025-01-07 23:55:00,Class A,626294000_0,57.270783,7.979233,Under way using engine,0.0,6.0,238.0,235.0,9274800,TRAV2,YANGTZE,Tanker,No additional information,44.0,249.0,Undefined,14.9,SUEZ,20/01/2025 18:00:00,AIS,POINT (7.979233 57.270783),626294000_0,0 days 00:01:00,-2.362697803304616e-07,238.84097505706814,0.0,0,7.845359367197019,57.270783,7.979233
2025-01-07 23:56:00,2025-01-07 23:56:00,Class A,626294000_0,57.269883,7.976583,Under way using engine,0.0,5.9,237.0,237.0,9274800,TRAV2,YANGTZE,Tanker,No additional information,44.0,249.0,Undefined,14.9,SUEZ,20/01/2025 18:00:00,AIS,POINT (7.976583 57.269883),626294000_0,0 days 00:01:00,1.525040794267277e-06,237.8663562030733,0.0,0,7.847787728377087,57.269883,7.976583
2025-01-07 23:59:00,2025-01-07 23:59:00,Class A,626294000_0,57.26745,7.968683,Under way using engine,0.0,5.9,241.0,234.0,9274800,TRAV2,YANGTZE,Tanker,No additional information,44.0,249.0,Undefined,14.9,SUEZ,20/01/2025 18:00:00,AIS,POINT (7.968683 57.26745),626294000_0,0 days 00:03:00,-5.500965888203435e-07,240.33814677187456,0.0,0,7.8550762302455714,57.26745,7.968683
2025-01-08 00:00:00,2025-01-08 00:00:00,Class A,626294000_0,57.266617,7.966283,Under way using engine,0.0,5.6,238.0,234.0,Unknown,Unknown,YANGTZE,Undefined,No additional information,44.0,249.0,Undefined,14.9,Unknown,20/01/2025 18:00:00,AIS,POINT (7.966283 57.266617),626294000_0,0 days 00:01:00,-2.9950407239169845e-06,237.3051794387227,0.0,0,7.857272919801755,57.266617,7.966283
2025-01-08 00:01:00,2025-01-08 00:01:00,Class A,626294000_0,57.2657,7.9638,Under way using engine,0.0,5.8,236.0,236.0,9274800,TRAV2,YANGTZE,Tanker,No additional information,44.0,249.0,Undefined,14.9,SUEZ,20/01/2025 18:00:00,AIS,POINT (7.9638 57.2657),626294000_0,0 days 00:01:00,2.5943792852612616e-06,235.66885209406945,0.0,0,7.859535267269179,57.2657,7.9638
2025-01-08 00:10:00,2025-01-08 00:10:00,Class A,626294000_0,57.25785,7.939467,Under way using engine,0.0,6.3,242.0,239.0,9274800,TRAV2,YANGTZE,Tanker,No additional information,44.0,249.0,Undefined,14.9,SUEZ,20/01/2025 18:00:00,AIS,POINT (7.939467 57.25785),626294000_0,0 days 00:09:00,2.6437085835980485e-07,239.1926735072012,0.0,0,7.881933554281272,57.25785,7.939467
2025-01-08 00:11:00,2025-01-08 00:11:00,Class A,626294000_0,57.25705,7.936583,Under way using engine,0.0,6.4,243.0,237.0,9274800,TRAV2,YANGTZE,Tanker,No additional information,44.0,249.0,Undefined,14.9,SUEZ,20/01/2025 18:00:00,AIS,POINT (7.936583 57.25705),626294000_0,0 days 00:01:00,1.570191846887971e-06,242.84936825893004,0.0,0,7.884614178611976,57.25705,7.936583
2025-01-08 00:12:01,2025-01-08 00:12:01,Class A,626294000_0,57.256167,7.933717,Under way using engine,0.0,6.2,240.0,235.0,9274800,TRAV2,YANGTZE,Tanker,No additional information,44.0,249.0,Undefined,14.9,SUEZ,20/01/2025 18:00:00,AIS,POINT (7.933717 57.256167),626294000_0,0 days 00:01:01,4.8493152942188316e-08,240.33447819473838,0.0,0,7.887261673545895,57.256167,7.933717
2025-01-08 00:13:01,2025-01-08 00:13:01,Class A,626294000_0,57.2552,7.931067,Under way using engine,0.0,6.1,237.0,237.0,9274800,TRAV2,YANGTZE,Tanker,No additional information,44.0,249.0,Undefined,14.9,SUEZ,20/01/2025 18:00:00,AIS,POINT (7.931067 57.2552),626294000_0,0 days 00:01:00,-8.035944149925329e-07,235.99601502896377,0.0,0,7.889681449273159,57.2552,7.931067
2025-01-08 00:14:01,2025-01-08 00:14:01,Class A,626294000_0,57.2543,7.928417,Under way using engine,0.0,6.1,238.0,237.0,9274800,TRAV2,YANGTZE,Tanker,No additional information,44.0,249.0,Undefined,14.9,SUEZ,20/01/2025 18:00:00,AIS,POINT (7.928417 57.2543),626294000_0,0 days 00:01:00,-1.1284314944985966e-06,237.87727242620224,0.0,0,7.892114122933411,57.2543,7.928417
2025-01-08 00:15:01,2025-01-08 00:15:01,Class A,626294000_0,57.253433,7.925583,Under way using engine,0.0,6.2,240.0,237.0,9274800,TRAV2,YANGTZE,Tanker,No additional information,44.0,249.0,Undefined,14.9,SUEZ,20/01/2025 18:00:00,AIS,POINT (7.925583 57.253433),626294000_0,0 days 00:01:00,2.13040974217181e-06,240.50989855726405,0.0,0,7.894733961398953,57.253433,7.925583
2025-01-08 00:16:01,2025-01-08 00:16:01,Class A,626294000_0,57.25255,7.922967,Under way using engine,0.0,6.0,237.0,235.0,9274800,TRAV2,YANGTZE,Tanker,No additional information,44.0,249.0,Undefined,14.9,SUEZ,20/01/2025 18:00:00,AIS,POINT (7.922967 57.25255),626294000_0,0 days 00:01:00,-2.8907181941411265e-06,238.03712308515546,0.0,0,7.897136927032797,57.25255,7.922967
2025-01-08 00:17:01,2025-01-08 00:17:01,Class A,626294000_0,57.2516,7.920283,Under way using engine,0.0,6.0,237.0,236.0,9274800,TRAV2,YANGTZE,Tanker,No additional information,44.0,249.0,Undefined,14.9,SUEZ,20/01/2025 18:00:00,AIS,POINT (7.920283 57.2516),626294000_0,0 days 00:01:00,2.0768256718285954e-06,236.80368832967787,0.0,0,7.899594316663926,57.2516,7.920283
2025-01-08 00:18:01,2025-01-08 00:18:01,Class A,626294000_0,57.250717,7.917667,Under way using engine,0.0,5.9,237.0,235.0,9274800,TRAV2,YANGTZE,Tanker,No additional information,44.0,249.0,Undefined,14.9,SUEZ,20/01/2025 18:00:00,AIS,POINT (7.917667 57.250717),626294000_0,0 days 00:01:00,-2.0749815758742555e-06,238.0384030186129,0.0,0,7.901997763704189,57.250717,7.917667
2025-01-08 00:19:01,2025-01-08 00:19:01,Class A,626294000_0,57.249817,7.915167,Under way using engine,0.0,5.9,236.0,237.0,9274800,TRAV2,YANGTZE,Tanker,No additional information,44.0,249.0,Undefined,14.9,SUEZ,20/01/2025 18:00:00,AIS,POINT (7.915167 57.249817),626294000_0,0 days 00:01:00,-1.3505951578072876e-06,236.35845336909063,0.0,0,7.904284315077867,57.249817,7.915167
2025-01-08 00:20:01,2025-01-08 00:20:01,Class A,626294000_0,57.249,7.912517,Under way using engine,0.0,6.0,240.0,237.0,9274800,TRAV2,YANGTZE,Tanker,No additional information,44.0,249.0,Undefined,14.9,SUEZ,20/01/2025 18:00:00,AIS,POINT (7.912517 57.249),626294000_0,0 days 00:01:00,7.975823035252996e-07,240.32265168649155,0.0,0,7.9067340009896,57.249,7.912517
2025-01-08 00:21:01,2025-01-08 00:21:01,Class A,626294000_0,57.248133,7.9098,Under way using engine,0.0,6.0,239.0,236.0,9274800,TRAV2,YANGTZE,Tanker,No additional information,44.0,249.0,Undefined,14.9,SUEZ,20/01/2025 18:00:00,AIS,POINT (7.9098 57.248133),626294000_0,0 days 00:01:00,1.7480307740312094e-06,239.46724743410343,0.0,0,7.909240346559524,57.248133,7.9098
2025-01-08 00:22:01,2025-01-08 00:22:01,Class A,626294000_0,57.247233,7.907217,Under way using engine,0.0,6.1,235.0,235.0,9274800,TRAV2,YANGTZE,Tanker,No additional information,44.0,249.0,Undefined,14.9,SUEZ,20/01/2025 18:00:00,AIS,POINT (7.907217 57.247233),626294000_0,0 days 00:01:00,-1.3779940316398608e-06,237.21785965859283,0.0,0,7.911609117657545,57.247233,7.907217
2025-01-08 00:23:01,2025-01-08 00:23:01,Class A,626294000_0,57.246283,7.9045,Under way using engine,0.0,6.2,238.0,237.0,9274800,TRAV2,YANGTZE,Tanker,No additional information,44.0,249.0,Undefined,14.9,SUEZ,20/01/2025 18:00:00,AIS,POINT (7.9045 57.246283),626294000_0,0 days 00:01:00,2.727574476259267e-06,237.12746836000224,0.0,0,7.914100411180351,57.246283,7.9045
2025-01-08 00:24:01,2025-01-08 00:24:01,Class A,626294000_0,57.245383,7.901767,Under way using engine,0.0,6.3,240.0,236.0,9274800,TRAV2,YANGTZE,Tanker,No additional information,44.0,249.0,Undefined,14.9,SUEZ,20/01/2025 18:00:00,AIS,POINT (7.901767 57.245383),626294000_0,0 days 00:01:00,-5.924459236822793e-07,238.67381538819677,0.0,0,7.916617026596776,57.245383,7.901767
2025-01-08 00:32:01,2025-01-08 00:32:01,Class A,626294000_0,57.23775,7.878833,Under way using engine,0.0,6.7,236.0,235.0,9274800,TRAV2,YANGTZE,Tanker,No additional information,44.0,249.0,Undefined,14.9,SUEZ,20/01/2025 18:00:00,AIS,POINT (7.878833 57.23775),626294000_0,0 days 00:08:00,3.489497566960265e-07,238.4143483052592,0.0,0,7.937729944623273,57.23775,7.878833
2025-01-08 00:33:01,2025-01-08 00:33:01,Class A,626294000_0,57.2367,7.875983,Under way using engine,0.0,6.5,236.0,235.0,9274800,TRAV2,YANGTZE,Tanker,No additional information,44.0,249.0,Undefined,14.9,SUEZ,20/01/2025 18:00:00,AIS,POINT (7.875983 57.2367),626294000_0,0 days 00:01:00,1.378775465942825e-06,235.7543108376996,0.0,0,7.94033607125473,57.2367,7.875983
2025-01-08 00:38:00,2025-01-08 00:38:00,Class A,626294000_0,57.23155,7.862083,Under way using engine,0.0,6.8,236.0,236.0,9274800,TRAV2,YANGTZE,Tanker,No additional information,44.0,249.0,Undefined,14.9,SUEZ,20/01/2025 18:00:00,AIS,POINT (7.862083 57.23155),626294000_0,0 days 00:04:59,-2.260687513744198e-07,235.61081039737164,0.0,0,7.953045705424368,57.23155,7.862083
2025-01-08 00:39:00,2025-01-08 00:39:00,Class A,626294000_0,57.230483,7.859133,Under way using engine,0.0,6.8,236.0,236.0,9274800,TRAV2,YANGTZE,Tanker,No additional information,44.0,249.0,Undefined,14.9,SUEZ,20/01/2025 18:00:00,AIS,POINT (7.859133 57.230483),626294000_0,0 days 00:01:00,2.8185961177237064e-06,236.24822834792457,0.0,0,7.955748796993656,57.230483,7.859133
2025-01-08 00:40:00,2025-01-08 00:40:00,Class A,626294000_0,57.2295,7.8562,Under way using engine,0.0,6.9,238.0,236.0,9274800,TRAV2,YANGTZE,Tanker,No additional information,44.0,249.0,Undefined,14.9,SUEZ,20/01/2025 18:00:00,AIS,POINT (7.8562 57.2295),626294000_0,0 days 00:01:00,-1.6431928081832145e-06,238.2355571637542,0.0,0,7.958450939463534,57.2295,7.8562
2025-01-08 00:41:00,2025-01-08 00:41:00,Class A,626294000_0,57.22845,7.853267,Under way using engine,0.0,6.9,237.0,236.0,9274800,TRAV2,YANGTZE,Tanker,No additional information,44.0,249.0,Undefined,14.9,SUEZ,20/01/2025 18:00:00,AIS,POINT (7.853267 57.22845),626294000_0,0 days 00:01:00,1.1170556191958102e-06,236.5212742661364,0.0,0,7.961141061688645,57.22845,7.853267
2025-01-08 00:42:00,2025-01-08 00:42:00,Class A,626294000_0,57.22735,7.85025,Under way using engine,0.0,6.9,236.0,236.0,9274800,TRAV2,YANGTZE,Tanker,No additional information,44.0,249.0,Undefined,14.9,SUEZ,20/01/2025 18:00:00,AIS,POINT (7.85025 57.22735),626294000_0,0 days 00:01:00,2.031629582194272e-06,236.0383928410197,0.0,0,7.963904895442186,57.22735,7.85025
2025-01-08 00:43:00,2025-01-08 00:43:00,Class A,626294000_0,57.226217,7.847283,Under way using engine,0.0,7.0,234.0,236.0,9274800,TRAV2,YANGTZE,Tanker,No additional information,44.0,249.0,Undefined,14.9,SUEZ,20/01/2025 18:00:00,AIS,POINT (7.847283 57.226217),626294000_0,0 days 00:01:00,-1.1124843791558703e-07,234.80044703859087,0.0,0,7.966613864261904,57.226217,7.847283
2025-01-08 00:49:00,2025-01-08 00:49:00,Class A,626294000_0,57.219617,7.829267,Under way using engine,0.0,6.9,235.0,235.0,9274800,TRAV2,YANGTZE,Tanker,No additional information,44.0,249.0,Undefined,14.9,SUEZ,20/01/2025 18:00:00,AIS,POINT (7.829267 57.219617),626294000_0,0 days 00:06:00,-1.376149911627653e-08,235.92175215480586,0.0,0,7.983121373710035,57.219617,7.829267
2025-01-08 00:50:00,2025-01-08 00:50:00,Class A,626294000_0,57.21845,7.8263,Under way using engine,0.0,7.0,233.0,236.0,9274800,TRAV2,YANGTZE,Tanker,No additional information,44.0,249.0,Undefined,14.9,SUEZ,20/01/2025 18:00:00,AIS,POINT (7.8263 57.21845),626294000_0,0 days 00:01:00,7.024948828225196e-07,234.00433390743092,0.0,0,7.985826534488962,57.21845,7.8263
2025-01-08 00:51:00,2025-01-08 00:51:00,Class A,626294000_0,57.21735,7.823383,Under way using engine,0.0,7.0,235.0,237.0,9274800,TRAV2,YANGTZE,Tanker,No additional information,44.0,249.0,Undefined,14.9,SUEZ,20/01/2025 18:00:00,AIS,POINT (7.823383 57.21735),626294000_0,0 days 00:01:00,-1.8828956214963578e-06,235.14523228976785,0.0,0,7.988495052534552,57.21735,7.823383
2025-01-08 00:52:00,2025-01-08 00:52:00,Class A,626294000_0,57.216217,7.82035,Under way using engine,0.0,7.0,237.0,237.0,9274800,TRAV2,YANGTZE,Tanker,No additional information,44.0,249.0,Undefined,14.9,SUEZ,20/01/2025 18:00:00,AIS,POINT (7.82035 57.216217),626294000_0,0 days 00:01:00,2.1830318715971826e-06,235.3992713769427,0.0,0,7.991271983165696,57.216217,7.82035
2025-01-08 00:53:00,2025-01-08 00:53:00,Class A,626294000_0,57.215133,7.817333,Under way using engine,0.0,7.1,236.0,236.0,9274800,TRAV2,YANGTZE,Tanker,No additional information,44.0,249.0,Undefined,14.9,SUEZ,20/01/2025 18:00:00,AIS,POINT (7.817333 57.215133),626294000_0,0 days 00:01:00,-1.0696340335079055e-06,236.4350465926916,0.0,0,7.994042405608442,57.215133,7.817333
2025-01-08 00:54:00,2025-01-08 00:54:00,Class A,626294000_0,57.213983,7.814217,Under way using engine,0.0,7.2,235.0,236.0,9274800,TRAV2,YANGTZE,Tanker,No additional information,44.0,249.0,Undefined,14.9,SUEZ,20/01/2025 18:00:00,AIS,POINT (7.814217 57.213983),626294000_0,0 days 00:01:00,2.5187854586779824e-06,235.72440014568684,0.0,0,7.996898569920841,57.213983,7.814217
2025-01-08 00:55:00,2025-01-08 00:55:00,Class A,626294000_0,57.2128,7.811233,Under way using engine,0.0,7.1,233.0,236.0,9274800,TRAV2,YANGTZE,Tanker,No additional information,44.0,249.0,Undefined,14.9,SUEZ,20/01/2025 18:00:00,AIS,POINT (7.811233 57.2128),626294000_0,0 days 00:01:00,-1.2211994069239575e-06,233.79291525493505,0.0,0,7.999619302383646,57.2128,7.811233
2025-01-08 00:57:00,2025-01-08 00:57:00,Class A,626294000_0,57.21055,7.805267,Under way using engine,0.0,7.0,234.0,235.0,9274800,TRAV2,YANGTZE,Tanker,No additional information,44.0,249.0,Undefined,14.9,SUEZ,20/01/2025 18:00:00,AIS,POINT (7.805267 57.21055),626294000_0,0 days 00:02:00,-5.265903788330554e-07,235.14838511351385,0.0,0,8.00508081406459,57.21055,7.805267
2025-01-08 00:59:00,2025-01-08 00:59:00,Class A,626294000_0,57.208233,7.799383,Under way using engine,0.0,7.2,233.0,236.0,9274800,TRAV2,YANGTZE,Tanker,No additional information,44.0,249.0,Undefined,14.9,SUEZ,20/01/2025 18:00:00,AIS,POINT (7.799383 57.208233),626294000_0,0 days 00:02:00,2.0741136458870293e-08,233.98130426712598,0.0,0,8.010450956648196,57.208233,7.799383
2025-01-08 01:10:00,2025-01-08 01:10:00,Class A,626294000_0,57.195583,7.766767,Under way using engine,0.0,7.2,235.0,236.0,9274800,TRAV2,YANGTZE,Tanker,No additional information,44.0,249.0,Undefined,14.9,SUEZ,20/01/2025 18:00:00,AIS,POINT (7.766767 57.195583),626294000_0,0 days 00:11:00,1.5366669424942515e-08,234.41080641390164,0.0,0,8.040278108635421,57.195583,7.766767
2025-01-08 01:11:00,2025-01-08 01:11:00,Class A,626294000_0,57.19445,7.763783,Under way using engine,0.0,7.2,235.0,236.0,9274800,TRAV2,YANGTZE,Tanker,No additional information,44.0,249.0,Undefined,14.9,SUEZ,20/01/2025 18:00:00,AIS,POINT (7.763783 57.19445),626294000_0,0 days 00:01:00,-3.6753105573515396e-08,234.9776783078891,0.0,0,8.0430133552027,57.19445,7.763783
2025-01-08 01:12:00,2025-01-08 01:12:00,Class A,626294000_0,57.1932,7.760717,Under way using engine,0.0,7.3,232.0,236.0,9274800,TRAV2,YANGTZE,Tanker,No additional information,44.0,249.0,Undefined,14.9,SUEZ,20/01/2025 18:00:00,AIS,POINT (7.760717 57.1932),626294000_0,0 days 00:01:00,3.2409232737079127e-06,233.0402509305443,0.0,0,8.045808888682666,57.1932,7.760717
2025-01-08 01:13:00,2025-01-08 01:13:00,Class A,626294000_0,57.192033,7.757667,Under way using engine,0.0,7.3,234.0,235.0,9274800,TRAV2,YANGTZE,Tanker,No additional information,44.0,249.0,Undefined,14.9,SUEZ,20/01/2025 18:00:00,AIS,POINT (7.757667 57.192033),626294000_0,0 days 00:01:00,-1.7267710939789668e-06,234.7720994025252,0.0,0,8.048603767847068,57.192033,7.757667
2025-01-08 01:14:00,2025-01-08 01:14:00,Class A,626294000_0,57.190767,7.75465,Under way using engine,0.0,7.3,232.0,236.0,9274800,TRAV2,YANGTZE,Tanker,No additional information,44.0,249.0,Undefined,14.9,SUEZ,20/01/2025 18:00:00,AIS,POINT (7.75465 57.190767),626294000_0,0 days 00:01:00,1.3748145500924157e-06,232.24537490964107,0.0,0,8.05134900678942,57.190767,7.75465
2025-01-08 01:15:00,2025-01-08 01:15:00,Class A,626294000_0,57.189617,7.75155,Under way using engine,0.0,7.2,237.0,236.0,9274800,TRAV2,YANGTZE,Tanker,No additional information,44.0,249.0,Undefined,14.9,SUEZ,20/01/2025 18:00:00,AIS,POINT (7.75155 57.189617),626294000_0,0 days 00:01:00,-9.819873948171603e-07,235.6046236628427,0.0,0,8.054196830704411,57.189617,7.75155
2025-01-08 01:20:00,2025-01-08 01:20:00,Class A,626294000_0,57.18375,7.73685,Under way using engine,0.0,7.0,234.0,236.0,9274800,TRAV2,YANGTZE,Tanker,No additional information,44.0,249.0,Undefined,14.9,SUEZ,20/01/2025 18:00:00,AIS,POINT (7.73685 57.18375),626294000_0,0 days 00:05:00,-3.5402621570468624e-07,233.63427948645833,0.0,0,8.067633085140153,57.18375,7.73685
2025-01-08 01:22:00,2025-01-08 01:22:00,Class A,626294000_0,57.181417,7.73105,Under way using engine,0.0,7.0,234.0,235.0,9274800,TRAV2,YANGTZE,Tanker,No additional information,44.0,249.0,Undefined,14.9,SUEZ,20/01/2025 18:00:00,AIS,POINT (7.73105 57.181417),626294000_0,0 days 00:02:00,-3.315114037982408e-07,233.41991043851158,0.0,0,8.07293367145606,57.181417,7.73105
2025-01-08 01:23:00,2025-01-08 01:23:00,Class A,626294000_0,57.180167,7.7281,Under way using engine,0.0,7.2,232.0,236.0,9274800,TRAV2,YANGTZE,Tanker,No additional information,44.0,249.0,Undefined,14.9,SUEZ,20/01/2025 18:00:00,AIS,POINT (7.7281 57.180167),626294000_0,0 days 00:01:00,2.234021667995678e-06,231.98287450615652,0.0,0,8.07561908366343,57.180167,7.7281
2025-01-08 01:24:00,2025-01-08 01:24:00,Class A,626294000_0,57.179,7.725233,Under way using engine,0.0,7.1,233.0,236.0,9274800,TRAV2,YANGTZE,Tanker,No additional information,44.0,249.0,Undefined,14.9,SUEZ,20/01/2025 18:00:00,AIS,POINT (7.725233 57.179),626294000_0,0 days 00:01:00,-2.6661820824377886e-06,233.0947965851878,0.0,0,8.078237666364428,57.179,7.725233
2025-01-08 01:25:00,2025-01-08 01:25:00,Class A,626294000_0,57.177817,7.722317,Under way using engine,0.0,7.1,234.0,236.0,9274800,TRAV2,YANGTZE,Tanker,No additional information,44.0,249.0,Undefined,14.9,SUEZ,20/01/2025 18:00:00,AIS,POINT (7.722317 57.177817),626294000_0,0 days 00:01:00,9.568688813024867e-07,233.18724737568357,0.0,0,8.08090203831144,57.177817,7.722317
2025-01-08 01:26:00,2025-01-08 01:26:00,Class A,626294000_0,57.176583,7.719383,Under way using engine,0.0,7.1,232.0,236.0,9274800,TRAV2,YANGTZE,Tanker,No additional information,44.0,249.0,Undefined,14.9,SUEZ,20/01/2025 18:00:00,AIS,POINT (7.719383 57.176583),626294000_0,0 days 00:01:00,1.1971021120207885e-06,232.19233464035185,0.0,0,8.083575583679911,57.176583,7.719383
2025-01-08 01:27:00,2025-01-08 01:27:00,Class A,626294000_0,57.175333,7.716433,Under way using engine,0.0,7.1,231.0,237.0,9274800,TRAV2,YANGTZE,Tanker,No additional information,44.0,249.0,Undefined,14.9,SUEZ,20/01/2025 18:00:00,AIS,POINT (7.716433 57.175333),626294000_0,0 days 00:01:00,5.172938252170737e-07,231.9865109929657,0.0,0,8.086262465321417,57.175333,7.716433
2025-01-08 01:28:01,2025-01-08 01:28:01,Class A,626294000_0,57.174167,7.7135,Under way using engine,0.0,7.1,234.0,237.0,9274800,TRAV2,YANGTZE,Tanker,No additional information,44.0,249.0,Undefined,14.9,SUEZ,20/01/2025 18:00:00,AIS,POINT (7.7135 57.174167),626294000_0,0 days 00:01:01,-2.748843488526463e-06,233.74595982923037,0.0,0,8.088947601884252,57.174167,7.7135
2025-01-08 01:29:01,2025-01-08 01:29:01,Class A,626294000_0,57.172917,7.710567,Under way using engine,0.0,7.1,231.0,237.0,9274800,TRAV2,YANGTZE,Tanker,No additional information,44.0,249.0,Undefined,14.9,SUEZ,20/01/2025 18:00:00,AIS,POINT (7.710567 57.172917),626294000_0,0 days 00:01:00,2.572225699001659e-06,231.82754268315531,0.0,0,8.091618476533974,57.172917,7.710567
2025-01-08 01:30:01,2025-01-08 01:30:01,Class A,626294000_0,57.17175,7.707583,Under way using engine,0.0,7.1,235.0,238.0,9274800,TRAV2,YANGTZE,Tanker,No additional information,44.0,249.0,Undefined,14.9,SUEZ,20/01/2025 18:00:00,AIS,POINT (7.707583 57.17175),626294000_0,0 days 00:01:00,-8.568171067652912e-07,234.19424487932054,0.0,0,8.094354361699827,57.17175,7.707583
2025-01-08 01:31:01,2025-01-08 01:31:01,Class A,626294000_0,57.170633,7.704567,Under way using engine,0.0,7.2,235.0,237.0,9274800,TRAV2,YANGTZE,Tanker,No additional information,44.0,249.0,Undefined,14.9,SUEZ,20/01/2025 18:00:00,AIS,POINT (7.704567 57.170633),626294000_0,0 days 00:01:00,-4.4600219604116106e-07,235.66222673730704,0.0,0,8.097130776713565,57.170633,7.704567
2025-01-08 01:32:01,2025-01-08 01:32:01,Class A,626294000_0,57.169433,7.701567,Under way using engine,0.0,7.1,232.0,235.0,9274800,TRAV2,YANGTZE,Tanker,No additional information,44.0,249.0,Undefined,14.9,SUEZ,20/01/2025 18:00:00,AIS,POINT (7.701567 57.169433),626294000_0,0 days 00:01:00,1.2667618213576239e-06,233.5811232906746,0.0,0,8.099877381220162,57.169433,7.701567
2025-01-08 01:33:01,2025-01-08 01:33:01,Class A,626294000_0,57.168233,7.698733,Under way using engine,0.0,7.0,233.0,236.0,9274800,TRAV2,YANGTZE,Tanker,No additional information,44.0,249.0,Undefined,14.9,SUEZ,20/01/2025 18:00:00,AIS,POINT (7.698733 57.168233),626294000_0,0 days 00:01:00,-2.2223474954558286e-06,232.0114443551629,0.0,0,8.102460846611109,57.168233,7.698733
2025-01-08 01:35:01,2025-01-08 01:35:01,Class A,626294000_0,57.165833,7.69285,Under way using engine,0.0,7.3,232.0,237.0,9274800,TRAV2,YANGTZE,Tanker,No additional information,44.0,249.0,Undefined,14.9,SUEZ,20/01/2025 18:00:00,AIS,POINT (7.69285 57.165833),626294000_0,0 days 00:02:00,7.183486570767995e-07,233.0439916474195,0.0,0,8.107840585368276,57.165833,7.69285
2025-01-08 01:37:01,2025-01-08 01:37:01,Class A,626294000_0,57.16345,7.686917,Under way using engine,0.0,7.1,234.0,237.0,9274800,TRAV2,YANGTZE,Tanker,No additional information,44.0,249.0,Undefined,14.9,SUEZ,20/01/2025 18:00:00,AIS,POINT (7.686917 57.16345),626294000_0,0 days 00:02:00,9.11873352962067e-08,233.47348249771545,0.0,0,8.113273913181102,57.16345,7.686917
2025-01-08 01:38:01,2025-01-08 01:38:01,Class A,626294000_0,57.1623,7.684,Under way using engine,0.0,7.1,234.0,236.0,9274800,TRAV2,YANGTZE,Tanker,No additional information,44.0,249.0,Undefined,14.9,SUEZ,20/01/2025 18:00:00,AIS,POINT (7.684 57.1623),626294000_0,0 days 00:01:00,-1.4278512613368439e-06,233.98248986378542,0.0,0,8.115949477408543,57.1623,7.684
2025-01-08 01:43:00,2025-01-08 01:43:00,Class A,626294000_0,57.15625,7.669317,Under way using engine,0.0,7.3,234.0,236.0,9274800,TRAV2,YANGTZE,Tanker,No additional information,44.0,249.0,Undefined,14.9,SUEZ,20/01/2025 18:00:00,AIS,POINT (7.669317 57.15625),626294000_0,0 days 00:04:59,3.1735427149117916e-07,232.778773570431,0.0,0,8.129377489962256,57.15625,7.669317
2025-01-08 01:44:00,2025-01-08 01:44:00,Class A,626294000_0,57.154983,7.666233,Under way using engine,0.0,7.4,231.0,236.0,9274800,TRAV2,YANGTZE,Tanker,No additional information,44.0,249.0,Undefined,14.9,SUEZ,20/01/2025 18:00:00,AIS,POINT (7.666233 57.154983),626294000_0,0 days 00:01:00,2.836566593550259e-06,232.85783594854,0.0,0,8.13219965488219,57.154983,7.666233
2025-01-08 01:45:00,2025-01-08 01:45:00,Class A,626294000_0,57.153767,7.6633,Under way using engine,0.0,7.3,232.0,236.0,9274800,TRAV2,YANGTZE,Tanker,No additional information,44.0,249.0,Undefined,14.9,SUEZ,20/01/2025 18:00:00,AIS,POINT (7.6633 57.153767),626294000_0,0 days 00:01:00,-2.974382326878652e-06,232.60698306630297,0.0,0,8.134882117230035,57.153767,7.6633
2025-01-08 01:46:00,2025-01-08 01:46:00,Class A,626294000_0,57.152517,7.66025,Under way using engine,0.0,7.2,232.0,235.0,9274800,TRAV2,YANGTZE,Tanker,No additional information,44.0,249.0,Undefined,14.9,SUEZ,20/01/2025 18:00:00,AIS,POINT (7.66025 57.152517),626294000_0,0 days 00:01:00,2.2040814575303267e-06,232.9264489264791,0.0,0,8.137674432633013,57.152517,7.66025
2025-01-08 01:52:00,2025-01-08 01:52:00,Class A,626294000_0,57.145133,7.641767,Under way using engine,0.0,7.6,236.0,238.0,9274800,TRAV2,YANGTZE,Tanker,No additional information,44.0,249.0,Undefined,14.9,SUEZ,20/01/2025 18:00:00,AIS,POINT (7.641767 57.145133),626294000_0,0 days 00:06:00,9.8269557841086e-09,233.63739406562757,0.0,0,8.15463620389052,57.145133,7.641767
2025-01-08 01:53:00,2025-01-08 01:53:00,Class A,626294000_0,57.143917,7.638633,Under way using engine,0.0,7.6,234.0,238.0,9274800,TRAV2,YANGTZE,Tanker,No additional information,44.0,249.0,Undefined,14.9,SUEZ,20/01/2025 18:00:00,AIS,POINT (7.638633 57.143917),626294000_0,0 days 00:01:00,4.673026576044349e-07,234.42959846887433,0.0,0,8.157519666617423,57.143917,7.638633
2025-01-08 01:54:00,2025-01-08 01:54:00,Class A,626294000_0,57.142683,7.635433,Under way using engine,0.0,7.6,235.0,239.0,9274800,TRAV2,YANGTZE,Tanker,No additional information,44.0,249.0,Undefined,14.9,SUEZ,20/01/2025 18:00:00,AIS,POINT (7.635433 57.142683),626294000_0,0 days 00:01:00,1.2285394252357874e-06,234.5969900791865,0.0,0,8.160465513943798,57.142683,7.635433
2025-01-08 01:55:00,2025-01-08 01:55:00,Class A,626294000_0,57.141533,7.632167,Under way using engine,0.0,7.7,237.0,239.0,9274800,TRAV2,YANGTZE,Tanker,No additional information,44.0,249.0,Undefined,14.9,SUEZ,20/01/2025 18:00:00,AIS,POINT (7.632167 57.141533),626294000_0,0 days 00:01:00,-5.384028712504801e-07,237.01831929671403,0.0,0,8.163490945778161,57.141533,7.632167
2025-01-08 01:56:00,2025-01-08 01:56:00,Class A,626294000_0,57.140333,7.628767,Under way using engine,0.0,7.7,237.0,238.0,9274800,TRAV2,YANGTZE,Tanker,No additional information,44.0,249.0,Undefined,14.9,SUEZ,20/01/2025 18:00:00,AIS,POINT (7.628767 57.140333),626294000_0,0 days 00:01:00,2.7337618763183016e-06,236.95768705047848,0.0,0,8.166640402405507,57.140333,7.628767
2025-01-08 01:57:00,2025-01-08 01:57:00,Class A,626294000_0,57.139083,7.62555,Under way using engine,0.0,7.6,234.0,238.0,9274800,TRAV2,YANGTZE,Tanker,No additional information,44.0,249.0,Undefined,14.9,SUEZ,20/01/2025 18:00:00,AIS,POINT (7.62555 57.139083),626294000_0,0 days 00:01:00,-1.6711488744765128e-06,234.3941790288447,0.0,0,8.16960143657847,57.139083,7.62555
2025-01-08 01:58:01,2025-01-08 01:58:01,Class A,626294000_0,57.137917,7.6224,Under way using engine,0.0,7.5,236.0,238.0,9274800,TRAV2,YANGTZE,Tanker,No additional information,44.0,249.0,Undefined,14.9,SUEZ,20/01/2025 18:00:00,AIS,POINT (7.6224 57.137917),626294000_0,0 days 00:01:01,-3.4035503368095777e-06,235.70022865205266,0.0,0,8.172510902509034,57.137917,7.6224
2025-01-08 01:59:01,2025-01-08 01:59:01,Class A,626294000_0,57.136683,7.619167,Under way using engine,0.0,7.5,234.0,238.0,9274800,TRAV2,YANGTZE,Tanker,No additional information,44.0,249.0,Undefined,14.9,SUEZ,20/01/2025 18:00:00,AIS,POINT (7.619167 57.136683),626294000_0,0 days 00:01:00,3.3966403050567315e-06,234.8784875244375,0.0,0,8.175491140696195,57.136683,7.619167
2025-01-08 02:00:01,2025-01-08 02:00:01,Class A,626294000_0,57.135517,7.616,Under way using engine,0.0,7.6,235.0,238.0,9274800,TRAV2,YANGTZE,Tanker,No additional information,44.0,249.0,Undefined,14.9,SUEZ,20/01/2025 18:00:00,AIS,POINT (7.616 57.135517),626294000_0,0 days 00:01:00,-2.1065851304000472e-06,235.84538385092074,0.0,0,8.178418072098601,57.135517,7.616
2025-01-08 02:01:01,2025-01-08 02:01:01,Class A,626294000_0,57.1343,7.612683,Under way using engine,0.0,7.7,236.0,238.0,9274800,TRAV2,YANGTZE,Tanker,No additional information,44.0,249.0,Undefined,14.9,SUEZ,20/01/2025 18:00:00,AIS,POINT (7.612683 57.1343),626294000_0,0 days 00:01:00,2.975177985133689e-06,235.9385149661481,0.0,0,8.181484709456408,57.1343,7.612683
2025-01-08 02:09:00,2025-01-08 02:09:00,Class A,626294000_0,57.124783,7.5864,Under way using engine,0.0,7.5,237.0,239.0,9274800,TRAV2,YANGTZE,Tanker,No additional information,44.0,249.0,Undefined,14.9,SUEZ,20/01/2025 18:00:00,AIS,POINT (7.5864 57.124783),626294000_0,0 days 00:07:59,-9.621428052797218e-08,236.30127679889586,0.0,0,8.205818058112486,57.124783,7.5864
2025-01-08 02:10:00,2025-01-08 02:10:00,Class A,626294000_0,57.12365,7.583267,Under way using engine,0.0,7.5,236.0,239.0,9274800,TRAV2,YANGTZE,Tanker,No additional information,44.0,249.0,Undefined,14.9,SUEZ,20/01/2025 18:00:00,AIS,POINT (7.583267 57.12365),626294000_0,0 days 00:01:00,-3.2367496401191216e-06,236.3291894695255,0.0,0,8.208720432522052,57.12365,7.583267
2025-01-08 02:22:01,2025-01-08 02:22:01,Class A,626294000_0,57.109383,7.543683,Under way using engine,0.0,7.9,237.0,239.0,9274800,TRAV2,YANGTZE,Tanker,No additional information,44.0,249.0,Undefined,14.9,SUEZ,20/01/2025 18:00:00,AIS,POINT (7.543683 57.109383),626294000_0,0 days 00:12:01,2.6597176626544095e-07,236.43859244273415,0.0,0,8.245426341655476,57.109383,7.543683
2025-01-08 02:23:01,2025-01-08 02:23:01,Class A,626294000_0,57.10815,7.540217,Under way using engine,0.0,7.9,236.0,239.0,9274800,TRAV2,YANGTZE,Tanker,No additional information,44.0,249.0,Undefined,14.9,SUEZ,20/01/2025 18:00:00,AIS,POINT (7.540217 57.10815),626294000_0,0 days 00:01:00,3.204431828458737e-06,236.7732327186332,0.0,0,8.2486454162429,57.10815,7.540217
2025-01-08 02:24:01,2025-01-08 02:24:01,Class A,626294000_0,57.106967,7.536717,Under way using engine,0.0,7.9,237.0,239.0,9274800,TRAV2,YANGTZE,Tanker,No additional information,44.0,249.0,Undefined,14.9,SUEZ,20/01/2025 18:00:00,AIS,POINT (7.536717 57.106967),626294000_0,0 days 00:01:00,-3.471118608771937e-07,238.10355089530992,0.0,0,8.2519065463071,57.106967,7.536717
2025-01-08 02:25:00,2025-01-08 02:25:00,Class A,626294000_0,57.105817,7.533567,Under way using engine,0.0,7.7,235.0,238.0,9274800,TRAV2,YANGTZE,Tanker,No additional information,44.0,249.0,Undefined,14.9,SUEZ,20/01/2025 18:00:00,AIS,POINT (7.533567 57.105817),626294000_0,0 days 00:00:59,-4.495061196385466e-06,236.090841031958,0.0,0,8.25482803411349,57.105817,7.533567
2025-01-08 02:26:00,2025-01-08 02:26:00,Class A,626294000_0,57.104667,7.530167,Under way using engine,0.0,7.7,238.0,238.0,9274800,TRAV2,YANGTZE,Tanker,No additional information,44.0,249.0,Undefined,14.9,SUEZ,20/01/2025 18:00:00,AIS,POINT (7.530167 57.104667),626294000_0,0 days 00:01:00,2.4546876331453224e-06,238.08722635315337,0.0,0,8.257996545142534,57.104667,7.530167
2025-01-08 02:27:00,2025-01-08 02:27:00,Class A,626294000_0,57.103533,7.526883,Under way using engine,0.0,7.7,238.0,238.0,9274800,TRAV2,YANGTZE,Tanker,No additional information,44.0,249.0,Undefined,14.9,SUEZ,20/01/2025 18:00:00,AIS,POINT (7.526883 57.103533),626294000_0,0 days 00:01:00,-1.915434023963923e-06,237.5532920242623,0.0,0,8.261053519767682,57.103533,7.526883
2025-01-08 02:28:00,2025-01-08 02:28:00,Class A,626294000_0,57.102333,7.52355,Under way using engine,0.0,7.7,236.0,238.0,9274800,TRAV2,YANGTZE,Tanker,No additional information,44.0,249.0,Undefined,14.9,SUEZ,20/01/2025 18:00:00,AIS,POINT (7.52355 57.102333),626294000_0,0 days 00:01:00,1.804023405514822e-06,236.46142988165795,0.0,0,8.264148509891687,57.102333,7.52355
2025-01-08 02:30:00,2025-01-08 02:30:00,Class A,626294000_0,57.099983,7.517067,Under way using engine,0.0,7.6,234.0,238.0,9274800,TRAV2,YANGTZE,Tanker,No additional information,44.0,249.0,Undefined,14.9,SUEZ,20/01/2025 18:00:00,AIS,POINT (7.517067 57.099983),626294000_0,0 days 00:02:00,-8.544404161155512e-07,236.2848014052895,0.0,0,8.270167024939822,57.099983,7.517067
2025-01-08 02:31:00,2025-01-08 02:31:00,Class A,626294000_0,57.098783,7.513817,Under way using engine,0.0,7.6,235.0,237.0,9274800,TRAV2,YANGTZE,Tanker,No additional information,44.0,249.0,Undefined,14.9,SUEZ,20/01/2025 18:00:00,AIS,POINT (7.513817 57.098783),626294000_0,0 days 00:01:00,5.523647309511881e-07,235.79532900315954,0.0,0,8.273181158659709,57.098783,7.513817
2025-01-08 02:32:00,2025-01-08 02:32:00,Class A,626294000_0,57.097617,7.510683,Under way using engine,0.0,7.5,236.0,239.0,9274800,TRAV2,YANGTZE,Tanker,No additional information,44.0,249.0,Undefined,14.9,SUEZ,20/01/2025 18:00:00,AIS,POINT (7.510683 57.097617),626294000_0,0 days 00:01:00,-2.204854584283309e-06,235.5933359894174,0.0,0,8.276086624380511,57.097617,7.510683
2025-01-08 02:33:00,2025-01-08 02:33:00,Class A,626294000_0,57.096467,7.507367,Under way using engine,0.0,7.5,238.0,238.0,9274800,TRAV2,YANGTZE,Tanker,No additional information,44.0,249.0,Undefined,14.9,SUEZ,20/01/2025 18:00:00,AIS,POINT (7.507367 57.096467),626294000_0,0 days 00:01:00,2.286423470332424e-06,237.44624679734522,0.0,0,8.279174627412203,57.096467,7.507367
2025-01-08 02:34:00,2025-01-08 02:34:00,Class A,626294000_0,57.095283,7.504067,Under way using engine,0.0,7.5,236.0,239.0,9274800,TRAV2,YANGTZE,Tanker,No additional information,44.0,249.0,Undefined,14.9,SUEZ,20/01/2025 18:00:00,AIS,POINT (7.504067 57.095283),626294000_0,0 days 00:01:00,3.4741460173821963e-07,236.55800181262083,0.0,0,8.282241718218687,57.095283,7.504067
2025-01-08 02:35:00,2025-01-08 02:35:00,Class A,626294000_0,57.094267,7.5009,Under way using engine,0.0,7.5,240.0,239.0,9274800,TRAV2,YANGTZE,Tanker,No additional information,44.0,249.0,Undefined,14.9,SUEZ,20/01/2025 18:00:00,AIS,POINT (7.5009 57.094267),626294000_0,0 days 00:01:00,-4.650502514852504e-06,239.43802330757478,0.0,0,8.285204800524186,57.094267,7.5009
2025-01-08 02:36:00,2025-01-08 02:36:00,Class A,626294000_0,57.09315,7.49765,Under way using engine,0.0,7.4,236.0,237.0,9274800,TRAV2,YANGTZE,Tanker,No additional information,44.0,249.0,Undefined,14.9,SUEZ,20/01/2025 18:00:00,AIS,POINT (7.49765 57.09315),626294000_0,0 days 00:01:00,2.822045234406732e-06,237.68227480549533,0.0,0,8.288233918878497,57.09315,7.49765
2025-01-08 02:37:00,2025-01-08 02:37:00,Class A,626294000_0,57.092,7.494517,Under way using engine,0.0,7.4,237.0,238.0,9274800,TRAV2,YANGTZE,Tanker,No additional information,44.0,249.0,Undefined,14.9,SUEZ,20/01/2025 18:00:00,AIS,POINT (7.494517 57.092),626294000_0,0 days 00:01:00,-1.0907273482545307e-06,235.95703977398404,0.0,0,8.291142583890654,57.092,7.494517
2025-01-08 02:38:00,2025-01-08 02:38:00,Class A,626294000_0,57.090833,7.491283,Under way using engine,0.0,7.4,237.0,239.0,9274800,TRAV2,YANGTZE,Tanker,No additional information,44.0,249.0,Undefined,14.9,SUEZ,20/01/2025 18:00:00,AIS,POINT (7.491283 57.090833),626294000_0,0 days 00:01:00,1.707576922808365e-06,236.40972642041754,0.0,0,8.294148560947411,57.090833,7.491283
2025-01-08 02:39:00,2025-01-08 02:39:00,Class A,626294000_0,57.089733,7.48795,Under way using engine,0.0,7.5,238.0,239.0,9274800,TRAV2,YANGTZE,Tanker,No additional information,44.0,249.0,Undefined,14.9,SUEZ,20/01/2025 18:00:00,AIS,POINT (7.48795 57.089733),626294000_0,0 days 00:01:00,2.9938849652841037e-07,238.72518140100493,0.0,0,8.29726329231181,57.089733,7.48795
2025-01-08 02:40:00,2025-01-08 02:40:00,Class A,626294000_0,57.08865,7.484767,Under way using engine,0.0,7.4,236.0,238.0,9274800,TRAV2,YANGTZE,Tanker,No additional information,44.0,249.0,Undefined,14.9,SUEZ,20/01/2025 18:00:00,AIS,POINT (7.484767 57.08865),626294000_0,0 days 00:01:00,-2.4255343604319123e-06,237.94577773923208,0.0,0,8.300232962773093,57.08865,7.484767
2025-01-08 02:49:00,2025-01-08 02:49:00,Class A,626294000_0,57.078817,7.457217,Under way using engine,0.0,7.3,236.0,239.0,9274800,TRAV2,YANGTZE,Tanker,No additional information,44.0,249.0,Undefined,14.9,SUEZ,20/01/2025 18:00:00,AIS,POINT (7.457217 57.078817),626294000_0,0 days 00:09:00,-1.736886764110793e-07,236.71456867392115,0.0,0,8.325876586821714,57.078817,7.457217
2025-01-08 02:50:00,2025-01-08 02:50:00,Class A,626294000_0,57.0777,7.454167,Under way using engine,0.0,7.3,237.0,239.0,9274800,TRAV2,YANGTZE,Tanker,No additional information,44.0,249.0,Undefined,14.9,SUEZ,20/01/2025 18:00:00,AIS,POINT (7.454167 57.0777),626294000_0,0 days 00:01:00,2.686468475447679e-07,236.0274564283838,0.0,0,8.328712525282944,57.0777,7.454167
2025-01-08 02:51:00,2025-01-08 02:51:00,Class A,626294000_0,57.076567,7.45105,Under way using engine,0.0,7.2,235.0,239.0,9274800,TRAV2,YANGTZE,Tanker,No additional information,44.0,249.0,Undefined,14.9,SUEZ,20/01/2025 18:00:00,AIS,POINT (7.45105 57.076567),626294000_0,0 days 00:01:00,1.2144719763916754e-06,236.22733001646017,0.0,0,8.331612414936798,57.076567,7.45105
2025-01-08 02:52:00,2025-01-08 02:52:00,Class A,626294000_0,57.075533,7.44795,Under way using engine,0.0,7.2,236.0,238.0,9274800,TRAV2,YANGTZE,Tanker,No additional information,44.0,249.0,Undefined,14.9,SUEZ,20/01/2025 18:00:00,AIS,POINT (7.44795 57.075533),626294000_0,0 days 00:01:00,-1.8904451651665936e-06,238.464866092709,0.0,0,8.334511376532221,57.075533,7.44795
2025-01-08 02:53:00,2025-01-08 02:53:00,Class A,626294000_0,57.074383,7.444833,Under way using engine,0.0,7.2,236.0,239.0,9274800,TRAV2,YANGTZE,Tanker,No additional information,44.0,249.0,Undefined,14.9,SUEZ,20/01/2025 18:00:00,AIS,POINT (7.444833 57.074383),626294000_0,0 days 00:01:00,2.186430994940322e-06,235.83346877256957,0.0,0,8.33740920092483,57.074383,7.444833
2025-01-08 03:26:00,2025-01-08 03:26:00,Class A,626294000_0,57.030667,7.351533,Under way using engine,0.0,7.5,214.0,220.0,9274800,TRAV2,YANGTZE,Tanker,No additional information,44.0,249.0,Undefined,14.9,SUEZ,20/01/2025 18:00:00,AIS,POINT (7.351533 57.030667),626294000_0,0 days 00:33:00,-1.735566783330995e-08,229.29370664802255,0.0,0,8.42289382927566,57.030667,7.351533
2025-01-08 03:31:00,2025-01-08 03:31:00,Class A,626294000_0,57.02205,7.340717,Under way using engine,0.0,7.5,217.0,220.0,9274800,TRAV2,YANGTZE,Tanker,No additional information,44.0,249.0,Undefined,14.9,SUEZ,20/01/2025 18:00:00,AIS,POINT (7.340717 57.02205),626294000_0,0 days 00:05:00,3.497702848002778e-07,214.34319460394468,0.0,0,8.43229994653327,57.02205,7.340717
2025-01-08 03:32:00,2025-01-08 03:32:00,Class A,626294000_0,57.020267,7.3385,Under way using engine,0.0,7.6,214.0,219.0,9274800,TRAV2,YANGTZE,Tanker,No additional information,44.0,249.0,Undefined,14.9,SUEZ,20/01/2025 18:00:00,AIS,POINT (7.3385 57.020267),626294000_0,0 days 00:01:00,2.037525536275365e-06,214.09203334361553,0.0,0,8.434226973293343,57.020267,7.3385
