t,TS,Type of mobile,MMSI,Latitude,Longitude,Navigational status,ROT,SOG,COG,Heading,IMO,Callsign,Name,Ship type,Cargo type,Width,Length,Type of position fixing device,Draught,Destination,ETA,Data source type,geometry,traj_id,timedelta,acceleration,direction,oft_minutes60,oft_dummy60,haus_dist_a,lat,lon
2025-01-13 10:24:00,2025-01-13 10:24:00,Class A,626312000_0,56.096517,6.258283,Under way using engine,0.0,12.3,24.0,19.0,9332834,TRAX5,WISDOMS DAUGHTER,Tanker,No additional information,42.0,244.0,GPS,8.0,FOR ORDER,17/01/2025 09:00:00,AIS,POINT (6.258283 56.096517),626312000_0,0,0.0,30.93071773390318,0.0,0,9.42649847160917,56.096517,6.258283
2025-01-13 17:22:00,2025-01-13 17:22:00,Class A,626312000_0,57.2909,7.59045,Under way using engine,-2.9,13.1,61.0,54.0,9332834,TRAX5,WISDOMS DAUGHTER,Tanker,No additional information,42.0,244.0,GPS,8.0,FOR ORDER,17/01/2025 09:00:00,AIS,POINT (7.59045 57.2909),626312000_0,0 days 06:58:00,0.0,30.93071773390318,418.0,1,8.230967431702545,57.2909,7.59045
2025-01-13 21:00:00,2025-01-13 21:00:00,Class A,626312000_0,57.659517,8.848967,Under way using engine,0.0,13.3,72.0,73.0,9332834,TRAX5,WISDOMS DAUGHTER,Tanker,No additional information,42.0,244.0,GPS,8.0,FOR ORDER,17/01/2025 09:00:00,AIS,POINT (8.848967 57.659517),626312000_0,0 days 03:38:00,2.6660487042783348e-08,60.89067049000005,218.0,1,7.087549598767264,57.659517,8.848967
2025-01-13 21:29:00,2025-01-13 21:29:00,Class A,626312000_0,57.690717,9.041617,Under way using engine,0.0,13.3,73.0,73.0,9332834,TRAX5,WISDOMS DAUGHTER,Tanker,No additional information,42.0,244.0,GPS,8.0,FOR ORDER,17/01/2025 09:00:00,AIS,POINT (9.041617 57.690717),626312000_0,0 days 00:29:00,1.9025385385410546e-07,73.06850733772058,0.0,0,6.910714051759484,57.690717,9.041617
2025-01-13 21:36:00,2025-01-13 21:36:00,Class A,626312000_0,57.6996,9.087333,Under way using engine,0.0,13.5,68.0,67.0,9332834,TRAX5,WISDOMS DAUGHTER,Tanker,No additional information,42.0,244.0,GPS,8.0,FOR ORDER,17/01/2025 09:00:00,AIS,POINT (9.087333 57.6996),626312000_0,0 days 00:07:00,8.888672534171674e-09,70.0001859678299,0.0,0,6.869312675724479,57.6996,9.087333
2025-01-14 01:01:00,2025-01-14 01:01:00,Class A,626312000_0,57.804367,10.466367,Under way using engine,0.0,13.7,84.0,84.0,9332834,TRAX5,WISDOMS DAUGHTER,Tanker,No additional information,42.0,244.0,GPS,8.0,FOR ORDER,17/01/2025 09:00:00,AIS,POINT (10.466367 57.804367),626312000_0,0 days 03:25:00,-1.3232673796051846e-08,81.31397336209903,205.0,1,5.596872905666698,57.804367,10.466367
2025-01-14 01:02:00,2025-01-14 01:02:00,Class A,626312000_0,57.804833,10.47335,Under way using engine,1.1,13.8,83.0,84.0,9332834,TRAX5,WISDOMS DAUGHTER,Tanker,No additional information,42.0,244.0,GPS,8.0,FOR ORDER,17/01/2025 09:00:00,AIS,POINT (10.47335 57.804833),626312000_0,0 days 00:01:00,3.848158176438197e-06,82.85800514798012,0.0,0,5.5905397876900045,57.804833,10.47335
2025-01-14 01:03:00,2025-01-14 01:03:00,Class A,626312000_0,57.805267,10.4806,Under way using engine,0.0,13.8,83.0,85.0,9332834,TRAX5,WISDOMS DAUGHTER,Tanker,No additional information,42.0,244.0,GPS,8.0,FOR ORDER,17/01/2025 09:00:00,AIS,POINT (10.4806 57.805267),626312000_0,0 days 00:01:00,4.260918232605373e-06,83.58644171119937,0.0,0,5.58394800884007,57.805267,10.4806
2025-01-14 01:04:00,2025-01-14 01:04:00,Class A,626312000_0,57.80565,10.487767,Under way using engine,0.0,13.8,84.0,85.0,9332834,TRAX5,WISDOMS DAUGHTER,Tanker,No additional information,42.0,244.0,GPS,8.0,FOR ORDER,17/01/2025 09:00:00,AIS,POINT (10.487767 57.80565),626312000_0,0 days 00:01:00,-1.5309473233606046e-06,84.26935946054334,0.0,0,5.577416502495129,57.80565,10.487767
2025-01-14 01:05:00,2025-01-14 01:05:00,Class A,626312000_0,57.806017,10.494967,Under way using engine,0.0,13.9,84.0,86.0,9332834,TRAX5,WISDOMS DAUGHTER,Tanker,No additional information,42.0,244.0,GPS,8.0,FOR ORDER,17/01/2025 09:00:00,AIS,POINT (10.494967 57.806017),626312000_0,0 days 00:01:00,4.929940985046842e-07,84.53207819654654,0.0,0,5.570850018442965,57.806017,10.494967
2025-01-14 01:06:00,2025-01-14 01:06:00,Class A,626312000_0,57.806333,10.502167,Under way using engine,0.0,13.9,85.0,86.0,9332834,TRAX5,WISDOMS DAUGHTER,Tanker,No additional information,42.0,244.0,GPS,8.0,FOR ORDER,17/01/2025 09:00:00,AIS,POINT (10.502167 57.806333),626312000_0,0 days 00:01:00,-1.4075888778359615e-07,85.28776917130273,0.0,0,5.5642664281468415,57.806333,10.502167
2025-01-14 01:07:01,2025-01-14 01:07:01,Class A,626312000_0,57.80665,10.509383,Under way using engine,-1.1,13.9,84.0,86.0,9332834,TRAX5,WISDOMS DAUGHTER,Tanker,No additional information,42.0,244.0,GPS,8.0,FOR ORDER,17/01/2025 09:00:00,AIS,POINT (10.509383 57.80665),626312000_0,0 days 00:01:01,-1.6675359208333478e-06,85.28331337318741,0.0,0,5.557669868854122,57.80665,10.509383
2025-01-14 01:08:01,2025-01-14 01:08:01,Class A,626312000_0,57.807,10.51675,Under way using engine,-1.1,13.9,85.0,86.0,9332834,TRAX5,WISDOMS DAUGHTER,Tanker,No additional information,42.0,244.0,GPS,8.0,FOR ORDER,17/01/2025 09:00:00,AIS,POINT (10.51675 57.807),626312000_0,0 days 00:01:00,4.530749382587567e-06,84.90112726974093,0.0,0,5.550946573382598,57.807,10.51675
2025-01-14 01:10:01,2025-01-14 01:10:01,Class A,626312000_0,57.807667,10.531133,Under way using engine,0.0,14.0,84.0,86.0,9332834,TRAX5,WISDOMS DAUGHTER,Tanker,No additional information,42.0,244.0,GPS,8.0,FOR ORDER,17/01/2025 09:00:00,AIS,POINT (10.531133 57.807667),626312000_0,0 days 00:02:00,-1.4667385016748988e-06,85.01920564303526,0.0,0,5.5378190798589655,57.807667,10.531133
2025-01-14 01:11:00,2025-01-14 01:11:00,Class A,626312000_0,57.808,10.53845,Under way using engine,-1.1,14.1,85.0,85.0,9332834,TRAX5,WISDOMS DAUGHTER,Tanker,No additional information,42.0,244.0,GPS,8.0,FOR ORDER,17/01/2025 09:00:00,AIS,POINT (10.53845 57.808),626312000_0,0 days 00:00:59,4.187065999821733e-06,85.11433177246391,0.0,0,5.531140882616172,57.808,10.53845
2025-01-14 01:12:00,2025-01-14 01:12:00,Class A,626312000_0,57.808367,10.545767,Under way using engine,0.0,14.1,84.0,85.0,9332834,TRAX5,WISDOMS DAUGHTER,Tanker,No additional information,42.0,244.0,GPS,8.0,FOR ORDER,17/01/2025 09:00:00,AIS,POINT (10.545767 57.808367),626312000_0,0 days 00:01:00,-1.9626895314678316e-06,84.61854803198929,0.0,0,5.524476891017464,57.808367,10.545767
2025-01-14 01:13:00,2025-01-14 01:13:00,Class A,626312000_0,57.808767,10.553133,Under way using engine,0.0,14.3,83.0,85.0,9332834,TRAX5,WISDOMS DAUGHTER,Tanker,No additional information,42.0,244.0,GPS,8.0,FOR ORDER,17/01/2025 09:00:00,AIS,POINT (10.553133 57.808767),626312000_0,0 days 00:01:00,9.034626658555988e-07,84.17678515186128,0.0,0,5.517781273505683,57.808767,10.553133
2025-01-14 01:14:00,2025-01-14 01:14:00,Class A,626312000_0,57.809183,10.56055,Under way using engine,0.0,14.4,83.0,85.0,9332834,TRAX5,WISDOMS DAUGHTER,Tanker,No additional information,42.0,244.0,GPS,8.0,FOR ORDER,17/01/2025 09:00:00,AIS,POINT (10.56055 57.809183),626312000_0,0 days 00:01:00,8.872552345859635e-07,83.98688972874731,0.0,0,5.511045959411425,57.809183,10.56055
2025-01-14 01:15:00,2025-01-14 01:15:00,Class A,626312000_0,57.8096,10.568017,Under way using engine,0.0,14.5,83.0,85.0,9332834,TRAX5,WISDOMS DAUGHTER,Tanker,No additional information,42.0,244.0,GPS,8.0,FOR ORDER,17/01/2025 09:00:00,AIS,POINT (10.568017 57.8096),626312000_0,0 days 00:01:00,8.229701253200406e-07,84.01250489625369,0.0,0,5.504266373187713,57.8096,10.568017
2025-01-14 01:16:00,2025-01-14 01:16:00,Class A,626312000_0,57.810033,10.575533,Under way using engine,-1.1,14.6,83.0,85.0,9332834,TRAX5,WISDOMS DAUGHTER,Tanker,No additional information,42.0,244.0,GPS,8.0,FOR ORDER,17/01/2025 09:00:00,AIS,POINT (10.575533 57.810033),626312000_0,0 days 00:01:00,8.554687998230317e-07,83.82474599696502,0.0,0,5.497449059560806,57.810033,10.575533
2025-01-14 01:17:00,2025-01-14 01:17:00,Class A,626312000_0,57.8105,10.583133,Under way using engine,1.1,14.8,83.0,85.0,9332834,TRAX5,WISDOMS DAUGHTER,Tanker,No additional information,42.0,244.0,GPS,8.0,FOR ORDER,17/01/2025 09:00:00,AIS,POINT (10.583133 57.8105),626312000_0,0 days 00:01:00,1.493574657938634e-06,83.41705349189954,0.0,0,5.490568300391954,57.8105,10.583133
2025-01-14 01:18:00,2025-01-14 01:18:00,Class A,626312000_0,57.810983,10.590817,Under way using engine,0.0,14.9,83.0,85.0,9332834,TRAX5,WISDOMS DAUGHTER,Tanker,No additional information,42.0,244.0,GPS,8.0,FOR ORDER,17/01/2025 09:00:00,AIS,POINT (10.590817 57.810983),626312000_0,0 days 00:01:00,1.4333464817496903e-06,83.26726291357636,0.0,0,5.483617503291235,57.810983,10.590817
2025-01-14 01:30:01,2025-01-14 01:30:01,Class A,626312000_0,57.815167,10.6872,Under way using engine,0.0,15.4,85.0,84.0,9332834,TRAX5,WISDOMS DAUGHTER,Tanker,No additional information,42.0,244.0,GPS,8.0,FOR ORDER,17/01/2025 09:00:00,AIS,POINT (10.6872 57.815167),626312000_0,0 days 00:12:01,4.254845666748714e-07,85.30028522829781,0.0,0,5.395891881869854,57.815167,10.6872
2025-01-14 01:42:01,2025-01-14 01:42:01,Class A,626312000_0,57.811383,10.781333,Under way using engine,0.0,15.1,100.0,100.0,9332834,TRAX5,WISDOMS DAUGHTER,Tanker,No additional information,42.0,244.0,GPS,8.0,FOR ORDER,17/01/2025 09:00:00,AIS,POINT (10.781333 57.811383),626312000_0,0 days 00:12:00,-2.4859417995579123e-07,94.27578301251742,0.0,0,5.3074695800038265,57.811383,10.781333
2025-01-14 01:43:00,2025-01-14 01:43:00,Class A,626312000_0,57.810583,10.789067,Under way using engine,0.0,15.1,100.0,100.0,9332834,TRAX5,WISDOMS DAUGHTER,Tanker,No additional information,42.0,244.0,GPS,8.0,FOR ORDER,17/01/2025 09:00:00,AIS,POINT (10.789067 57.810583),626312000_0,0 days 00:00:59,2.439761129395564e-06,100.98535103011778,0.0,0,5.3000249699036335,57.810583,10.789067
2025-01-14 01:44:00,2025-01-14 01:44:00,Class A,626312000_0,57.809767,10.796817,Under way using engine,0.0,15.1,100.0,100.0,9332834,TRAX5,WISDOMS DAUGHTER,Tanker,No additional information,42.0,244.0,GPS,8.0,FOR ORDER,17/01/2025 09:00:00,AIS,POINT (10.796817 57.809767),626312000_0,0 days 00:01:00,-1.8476955895526995e-06,101.17682090719057,0.0,0,5.292560373844212,57.809767,10.796817
2025-01-14 01:45:00,2025-01-14 01:45:00,Class A,626312000_0,57.808967,10.804567,Under way using engine,0.0,15.1,100.0,100.0,9332834,TRAX5,WISDOMS DAUGHTER,Tanker,No additional information,42.0,244.0,GPS,8.0,FOR ORDER,17/01/2025 09:00:00,AIS,POINT (10.804567 57.808967),626312000_0,0 days 00:01:00,-9.208688494189455e-08,100.96272925513153,0.0,0,5.285102909100825,57.808967,10.804567
2025-01-14 01:46:00,2025-01-14 01:46:00,Class A,626312000_0,57.808217,10.8123,Under way using engine,6.4,15.1,101.0,107.0,9332834,TRAX5,WISDOMS DAUGHTER,Tanker,No additional information,42.0,244.0,GPS,8.0,FOR ORDER,17/01/2025 09:00:00,AIS,POINT (10.8123 57.808217),626312000_0,0 days 00:01:00,-5.583601945681644e-07,100.3144221572295,0.0,0,5.277681428831129,57.808217,10.8123
2025-01-14 01:47:00,2025-01-14 01:47:00,Class A,626312000_0,57.807133,10.81985,Under way using engine,6.4,15.0,105.0,111.0,9332834,TRAX5,WISDOMS DAUGHTER,Tanker,No additional information,42.0,244.0,GPS,8.0,FOR ORDER,17/01/2025 09:00:00,AIS,POINT (10.81985 57.807133),626312000_0,0 days 00:01:00,-6.781898536424494e-07,105.07933001966074,0.0,0,5.27030032923599,57.807133,10.81985
2025-01-14 01:48:00,2025-01-14 01:48:00,Class A,626312000_0,57.805817,10.8272,Under way using engine,7.5,14.8,110.0,120.0,9332834,TRAX5,WISDOMS DAUGHTER,Tanker,No additional information,42.0,244.0,GPS,8.0,FOR ORDER,17/01/2025 09:00:00,AIS,POINT (10.8272 57.805817),626312000_0,0 days 00:01:00,-1.0840916039849541e-06,108.5724584595057,0.0,0,5.263014395745939,57.805817,10.8272
2025-01-14 02:01:00,2025-01-14 02:01:00,Class A,626312000_0,57.77265,10.8988,Under way using engine,0.0,14.0,134.0,138.0,9332834,TRAX5,WISDOMS DAUGHTER,Tanker,No additional information,42.0,244.0,GPS,8.0,FOR ORDER,17/01/2025 09:00:00,AIS,POINT (10.8988 57.77265),626312000_0,0 days 00:13:00,-5.819545098861327e-07,130.96148602655103,0.0,0,5.184157063414263,57.77265,10.8988
2025-01-14 02:02:00,2025-01-14 02:02:00,Class A,626312000_0,57.769917,10.904017,Under way using engine,1.1,14.0,134.0,138.0,9332834,TRAX5,WISDOMS DAUGHTER,Tanker,No additional information,42.0,244.0,GPS,8.0,FOR ORDER,17/01/2025 09:00:00,AIS,POINT (10.904017 57.769917),626312000_0,0 days 00:01:00,3.1185324275681953e-07,134.4863968705654,0.0,0,5.178288924769069,57.769917,10.904017
2025-01-14 02:04:01,2025-01-14 02:04:01,Class A,626312000_0,57.764333,10.914417,Under way using engine,0.0,14.0,135.0,138.0,9332834,TRAX5,WISDOMS DAUGHTER,Tanker,No additional information,42.0,244.0,GPS,8.0,FOR ORDER,17/01/2025 09:00:00,AIS,POINT (10.914417 57.764333),626312000_0,0 days 00:02:01,4.274140204022567e-08,135.1862517518863,0.0,0,5.166538514557111,57.764333,10.914417
2025-01-14 02:05:01,2025-01-14 02:05:01,Class A,626312000_0,57.761617,10.919467,Under way using engine,0.0,14.0,135.0,138.0,9332834,TRAX5,WISDOMS DAUGHTER,Tanker,No additional information,42.0,244.0,GPS,8.0,FOR ORDER,17/01/2025 09:00:00,AIS,POINT (10.919467 57.761617),626312000_0,0 days 00:01:00,-2.401945100361291e-06,135.23313377255027,0.0,0,5.1608311205644,57.761617,10.919467
2025-01-14 02:06:01,2025-01-14 02:06:01,Class A,626312000_0,57.7588,10.924667,Under way using engine,0.0,14.0,135.0,138.0,9332834,TRAX5,WISDOMS DAUGHTER,Tanker,No additional information,42.0,244.0,GPS,8.0,FOR ORDER,17/01/2025 09:00:00,AIS,POINT (10.924667 57.7588),626312000_0,0 days 00:01:00,3.96997780506356e-06,135.43832744418148,0.0,0,5.1549464052892935,57.7588,10.924667
2025-01-14 02:07:01,2025-01-14 02:07:01,Class A,626312000_0,57.756033,10.929767,Under way using engine,0.0,13.9,135.0,138.0,9332834,TRAX5,WISDOMS DAUGHTER,Tanker,No additional information,42.0,244.0,GPS,8.0,FOR ORDER,17/01/2025 09:00:00,AIS,POINT (10.929767 57.756033),626312000_0,0 days 00:01:00,-2.257893412240857e-06,135.47938940229227,0.0,0,5.149173310309336,57.756033,10.929767
2025-01-14 02:08:01,2025-01-14 02:08:01,Class A,626312000_0,57.753283,10.934867,Under way using engine,0.0,13.8,135.0,138.0,9332834,TRAX5,WISDOMS DAUGHTER,Tanker,No additional information,42.0,244.0,GPS,8.0,FOR ORDER,17/01/2025 09:00:00,AIS,POINT (10.934867 57.753283),626312000_0,0 days 00:01:00,-3.6958205298292963e-07,135.30066911350377,0.0,0,5.143406848131111,57.753283,10.934867
2025-01-14 02:09:01,2025-01-14 02:09:01,Class A,626312000_0,57.75055,10.939867,Under way using engine,0.0,13.7,135.0,138.0,9332834,TRAX5,WISDOMS DAUGHTER,Tanker,No additional information,42.0,244.0,GPS,8.0,FOR ORDER,17/01/2025 09:00:00,AIS,POINT (10.939867 57.75055),626312000_0,0 days 00:01:00,-1.5307507447154602e-06,135.68813531132406,0.0,0,5.137739255207975,57.75055,10.939867
2025-01-14 02:10:00,2025-01-14 02:10:00,Class A,626312000_0,57.747833,10.944683,Under way using engine,0.0,13.6,136.0,139.0,9332834,TRAX5,WISDOMS DAUGHTER,Tanker,No additional information,42.0,244.0,GPS,8.0,FOR ORDER,17/01/2025 09:00:00,AIS,POINT (10.944683 57.747833),626312000_0,0 days 00:00:59,-5.088861721995128e-07,136.59122008677855,0.0,0,5.1322476404657245,57.747833,10.944683
2025-01-14 02:50:00,2025-01-14 02:50:00,Class A,626312000_0,57.641967,11.136583,Under way using engine,0.0,12.9,134.0,132.0,9332834,TRAX5,WISDOMS DAUGHTER,Tanker,No additional information,42.0,244.0,GPS,8.0,FOR ORDER,17/01/2025 09:00:00,AIS,POINT (11.136583 57.641967),626312000_0,0 days 00:40:00,-9.159244567996003e-08,135.82853988548106,0.0,0,4.914410254369288,57.641967,11.136583
2025-01-14 02:51:00,2025-01-14 02:51:00,Class A,626312000_0,57.6395,11.14135,Under way using engine,0.0,12.9,134.0,132.0,9332834,TRAX5,WISDOMS DAUGHTER,Tanker,No additional information,42.0,244.0,GPS,8.0,FOR ORDER,17/01/2025 09:00:00,AIS,POINT (11.14135 57.6395),626312000_0,0 days 00:01:00,-4.199596818006083e-06,134.0341987343196,0.0,0,4.909062572319485,57.6395,11.14135
2025-01-14 03:05:01,2025-01-14 03:05:01,Class A,626312000_0,57.605333,11.205867,Under way using engine,0.0,12.0,135.0,133.0,9332834,TRAX5,WISDOMS DAUGHTER,Tanker,No additional information,42.0,244.0,GPS,8.0,FOR ORDER,17/01/2025 09:00:00,AIS,POINT (11.205867 57.605333),626312000_0,0 days 00:14:01,-1.823941212165146e-07,134.65455571446046,0.0,0,4.836394864152637,57.605333,11.205867
2025-01-14 03:06:01,2025-01-14 03:06:01,Class A,626312000_0,57.603,11.210283,Under way using engine,0.0,12.1,134.0,133.0,9332834,TRAX5,WISDOMS DAUGHTER,Tanker,No additional information,42.0,244.0,GPS,8.0,FOR ORDER,17/01/2025 09:00:00,AIS,POINT (11.210283 57.603),626312000_0,0 days 00:01:00,-4.4546247942820845e-06,134.5964937386704,0.0,0,4.831423485295923,57.603,11.210283
2025-01-14 03:07:01,2025-01-14 03:07:01,Class A,626312000_0,57.6006,11.21485,Under way using engine,0.0,12.0,134.0,133.0,9332834,TRAX5,WISDOMS DAUGHTER,Tanker,No additional information,42.0,244.0,GPS,8.0,FOR ORDER,17/01/2025 09:00:00,AIS,POINT (11.21485 57.6006),626312000_0,0 days 00:01:00,3.2450120918627816e-06,134.44251021158288,0.0,0,4.826287020738405,57.6006,11.21485
2025-01-14 03:08:01,2025-01-14 03:08:01,Class A,626312000_0,57.598183,11.219433,Under way using engine,-3.6,12.2,135.0,131.0,9332834,TRAX5,WISDOMS DAUGHTER,Tanker,No additional information,42.0,244.0,GPS,8.0,FOR ORDER,17/01/2025 09:00:00,AIS,POINT (11.219433 57.598183),626312000_0,0 days 00:01:00,5.615196245539397e-07,134.54260803362774,0.0,0,4.821129345419597,57.598183,11.219433
2025-01-14 03:32:00,2025-01-14 03:32:00,Class A,626312000_0,57.54325,11.333767,Under way using engine,0.0,12.3,137.0,136.0,9332834,TRAX5,WISDOMS DAUGHTER,Tanker,No additional information,42.0,244.0,GPS,8.0,FOR ORDER,17/01/2025 09:00:00,AIS,POINT (11.333767 57.54325),626312000_0,0 days 00:23:59,-1.6654464108613993e-08,131.81049832086887,0.0,0,4.694503531568062,57.54325,11.333767
2025-01-14 03:33:00,2025-01-14 03:33:00,Class A,626312000_0,57.54075,11.338117,Under way using engine,0.0,12.4,137.0,136.0,9332834,TRAX5,WISDOMS DAUGHTER,Tanker,No additional information,42.0,244.0,GPS,8.0,FOR ORDER,17/01/2025 09:00:00,AIS,POINT (11.338117 57.54075),626312000_0,0 days 00:01:00,-3.87115420631227e-07,136.9580368113547,0.0,0,4.689530960629752,57.54075,11.338117
2025-01-14 03:42:00,2025-01-14 03:42:00,Class A,626312000_0,57.517867,11.376617,Under way using engine,3.6,12.1,145.0,149.0,9332834,TRAX5,WISDOMS DAUGHTER,Tanker,No additional information,42.0,244.0,GPS,8.0,FOR ORDER,17/01/2025 09:00:00,AIS,POINT (11.376617 57.517867),626312000_0,0 days 00:09:00,1.9094904509079046e-08,137.8933461361504,0.0,0,4.645239717623409,57.517867,11.376617
2025-01-14 03:43:00,2025-01-14 03:43:00,Class A,626312000_0,57.515,11.379867,Under way using engine,0.0,12.0,149.0,151.0,9332834,TRAX5,WISDOMS DAUGHTER,Tanker,No additional information,42.0,244.0,GPS,8.0,FOR ORDER,17/01/2025 09:00:00,AIS,POINT (11.379867 57.515),626312000_0,0 days 00:01:00,-2.194261607151518e-06,148.66545930263487,0.0,0,4.64114880285097,57.515,11.379867
2025-01-14 03:44:00,2025-01-14 03:44:00,Class A,626312000_0,57.512117,11.382917,Under way using engine,2.2,12.1,150.0,153.0,9332834,TRAX5,WISDOMS DAUGHTER,Tanker,No additional information,42.0,244.0,GPS,8.0,FOR ORDER,17/01/2025 09:00:00,AIS,POINT (11.382917 57.512117),626312000_0,0 days 00:01:00,-1.2624137960224983e-06,150.3929579909841,0.0,0,4.637237591345304,57.512117,11.382917
2025-01-14 04:01:00,2025-01-14 04:01:00,Class A,626312000_0,57.461567,11.430467,Under way using engine,0.0,12.3,142.0,142.0,9332834,TRAX5,WISDOMS DAUGHTER,Tanker,No additional information,42.0,244.0,GPS,8.0,FOR ORDER,17/01/2025 09:00:00,AIS,POINT (11.430467 57.461567),626312000_0,0 days 00:17:00,2.876191130110464e-08,153.15903620232302,0.0,0,4.574247003604637,57.461567,11.430467
2025-01-14 04:02:00,2025-01-14 04:02:00,Class A,626312000_0,57.458767,11.434433,Under way using engine,1.1,12.4,142.0,144.0,9332834,TRAX5,WISDOMS DAUGHTER,Tanker,No additional information,42.0,244.0,GPS,8.0,FOR ORDER,17/01/2025 09:00:00,AIS,POINT (11.434433 57.458767),626312000_0,0 days 00:01:00,5.854880354450364e-06,142.69539217917355,0.0,0,4.56952587510455,57.458767,11.434433
2025-01-14 04:03:00,2025-01-14 04:03:00,Class A,626312000_0,57.456,11.4382,Under way using engine,0.0,12.4,143.0,144.0,9332834,TRAX5,WISDOMS DAUGHTER,Tanker,No additional information,42.0,244.0,GPS,8.0,FOR ORDER,17/01/2025 09:00:00,AIS,POINT (11.4382 57.456),626312000_0,0 days 00:01:00,-2.8026450842562073e-06,143.7817995816751,0.0,0,4.565002108197542,57.456,11.4382
2025-01-14 04:04:00,2025-01-14 04:04:00,Class A,626312000_0,57.4532,11.442017,Under way using engine,0.0,12.5,143.0,143.0,9332834,TRAX5,WISDOMS DAUGHTER,Tanker,No additional information,42.0,244.0,GPS,8.0,FOR ORDER,17/01/2025 09:00:00,AIS,POINT (11.442017 57.4532),626312000_0,0 days 00:01:00,1.3191164563859283e-06,143.74336284184483,0.0,0,4.560419984234457,57.4532,11.442017
2025-01-14 04:05:00,2025-01-14 04:05:00,Class A,626312000_0,57.450433,11.445917,Under way using engine,3.6,12.4,143.0,147.0,9332834,TRAX5,WISDOMS DAUGHTER,Tanker,No additional information,42.0,244.0,GPS,8.0,FOR ORDER,17/01/2025 09:00:00,AIS,POINT (11.445917 57.450433),626312000_0,0 days 00:01:00,1.3564824952689545e-08,142.82508074723432,0.0,0,4.555773247825443,57.450433,11.445917
2025-01-14 04:06:00,2025-01-14 04:06:00,Class A,626312000_0,57.447567,11.449433,Under way using engine,0.0,12.2,148.0,149.0,9332834,TRAX5,WISDOMS DAUGHTER,Tanker,No additional information,42.0,244.0,GPS,8.0,FOR ORDER,17/01/2025 09:00:00,AIS,POINT (11.449433 57.447567),626312000_0,0 days 00:01:00,-1.2054159064965394e-06,146.57058499107518,0.0,0,4.551447060139224,57.447567,11.449433
2025-01-14 04:52:00,2025-01-14 04:52:00,Class A,626312000_0,57.335167,11.661417,Under way using engine,0.0,13.0,132.0,134.0,9332834,TRAX5,WISDOMS DAUGHTER,Tanker,No additional information,42.0,244.0,GPS,8.0,FOR ORDER,17/01/2025 09:00:00,AIS,POINT (11.661417 57.335167),626312000_0,0 days 00:46:00,3.44963110587987e-08,134.44610503988554,0.0,0,4.313015907643512,57.335167,11.661417
2025-01-14 04:53:00,2025-01-14 04:53:00,Class A,626312000_0,57.33265,11.666417,Under way using engine,0.0,13.0,133.0,134.0,9332834,TRAX5,WISDOMS DAUGHTER,Tanker,No additional information,42.0,244.0,GPS,8.0,FOR ORDER,17/01/2025 09:00:00,AIS,POINT (11.666417 57.33265),626312000_0,0 days 00:01:00,6.394873631495723e-06,133.00256510963015,0.0,0,4.307442905077792,57.33265,11.666417
2025-01-14 04:54:00,2025-01-14 04:54:00,Class A,626312000_0,57.3302,11.6712,Under way using engine,0.0,13.0,133.0,134.0,9332834,TRAX5,WISDOMS DAUGHTER,Tanker,No additional information,42.0,244.0,GPS,8.0,FOR ORDER,17/01/2025 09:00:00,AIS,POINT (11.6712 57.3302),626312000_0,0 days 00:01:00,-4.061412447311528e-06,133.49798462440606,0.0,0,4.3020964771896955,57.3302,11.6712
2025-01-14 04:55:00,2025-01-14 04:55:00,Class A,626312000_0,57.32765,11.676117,Under way using engine,0.0,13.0,133.0,134.0,9332834,TRAX5,WISDOMS DAUGHTER,Tanker,No additional information,42.0,244.0,GPS,8.0,FOR ORDER,17/01/2025 09:00:00,AIS,POINT (11.676117 57.32765),626312000_0,0 days 00:01:00,3.7611579608214615e-06,133.85010966572776,0.0,0,4.296588939973778,57.32765,11.676117
2025-01-14 04:56:00,2025-01-14 04:56:00,Class A,626312000_0,57.32515,11.680883,Under way using engine,0.0,12.9,134.0,133.0,9332834,TRAX5,WISDOMS DAUGHTER,Tanker,No additional information,42.0,244.0,GPS,8.0,FOR ORDER,17/01/2025 09:00:00,AIS,POINT (11.680883 57.32515),626312000_0,0 days 00:01:00,-2.888455568839576e-06,134.1742697964666,0.0,0,4.2912403314390355,57.32515,11.680883
2025-01-14 05:17:00,2025-01-14 05:17:00,Class A,626312000_0,57.273017,11.7803,Under way using engine,0.0,12.9,133.0,132.0,9332834,TRAX5,WISDOMS DAUGHTER,Tanker,No additional information,42.0,244.0,GPS,8.0,FOR ORDER,17/01/2025 09:00:00,AIS,POINT (11.7803 57.273017),626312000_0,0 days 00:21:00,-3.4147527163540305e-08,134.10433224178405,0.0,0,4.179695609040089,57.273017,11.7803
2025-01-14 05:18:00,2025-01-14 05:18:00,Class A,626312000_0,57.270533,11.785233,Under way using engine,0.0,12.9,132.0,132.0,9332834,TRAX5,WISDOMS DAUGHTER,Tanker,No additional information,42.0,244.0,GPS,8.0,FOR ORDER,17/01/2025 09:00:00,AIS,POINT (11.785233 57.270533),626312000_0,0 days 00:01:00,2.491248427243427e-06,132.96269188705406,0.0,0,4.174198877924481,57.270533,11.785233
2025-01-14 05:19:00,2025-01-14 05:19:00,Class A,626312000_0,57.268117,11.78995,Under way using engine,0.0,12.9,133.0,133.0,9332834,TRAX5,WISDOMS DAUGHTER,Tanker,No additional information,42.0,244.0,GPS,8.0,FOR ORDER,17/01/2025 09:00:00,AIS,POINT (11.78995 57.268117),626312000_0,0 days 00:01:00,-4.0756740970627314e-06,133.4474338648107,0.0,0,4.16892821074302,57.268117,11.78995
2025-01-14 05:20:00,2025-01-14 05:20:00,Class A,626312000_0,57.265583,11.794867,Under way using engine,0.0,13.0,133.0,133.0,9332834,TRAX5,WISDOMS DAUGHTER,Tanker,No additional information,42.0,244.0,GPS,8.0,FOR ORDER,17/01/2025 09:00:00,AIS,POINT (11.794867 57.265583),626312000_0,0 days 00:01:00,4.947882839025708e-06,133.62167382590326,0.0,0,4.163428542920125,57.265583,11.794867
2025-01-14 05:21:00,2025-01-14 05:21:00,Class A,626312000_0,57.263067,11.799667,Under way using engine,0.0,13.0,133.0,132.0,9332834,TRAX5,WISDOMS DAUGHTER,Tanker,No additional information,42.0,244.0,GPS,8.0,FOR ORDER,17/01/2025 09:00:00,AIS,POINT (11.799667 57.263067),626312000_0,0 days 00:01:00,-1.796642543188378e-06,134.10506831752582,0.0,0,4.158044596271906,57.263067,11.799667
2025-01-14 05:22:00,2025-01-14 05:22:00,Class A,626312000_0,57.260617,11.80445,Under way using engine,0.0,13.0,133.0,132.0,9332834,TRAX5,WISDOMS DAUGHTER,Tanker,No additional information,42.0,244.0,GPS,8.0,FOR ORDER,17/01/2025 09:00:00,AIS,POINT (11.80445 57.260617),626312000_0,0 days 00:01:00,-1.613166658939981e-06,133.44387681453702,0.0,0,4.152700351497687,57.260617,11.80445
2025-01-14 05:23:00,2025-01-14 05:23:00,Class A,626312000_0,57.258083,11.8094,Under way using engine,0.0,13.1,133.0,132.0,9332834,TRAX5,WISDOMS DAUGHTER,Tanker,No additional information,42.0,244.0,GPS,8.0,FOR ORDER,17/01/2025 09:00:00,AIS,POINT (11.8094 57.258083),626312000_0,0 days 00:01:00,3.8233822901388884e-06,133.42446377428348,0.0,0,4.147170146430574,57.258083,11.8094
2025-01-14 05:30:01,2025-01-14 05:30:01,Class A,626312000_0,57.240633,11.844283,Under way using engine,2.9,13.1,131.0,132.0,9332834,TRAX5,WISDOMS DAUGHTER,Tanker,No additional information,42.0,244.0,GPS,8.0,FOR ORDER,17/01/2025 09:00:00,AIS,POINT (11.844283 57.240633),626312000_0,0 days 00:07:01,-1.0181621686471371e-07,132.74465494964375,0.0,0,4.108346883195965,57.240633,11.844283
2025-01-14 05:31:01,2025-01-14 05:31:01,Class A,626312000_0,57.238133,11.849167,Under way using engine,0.0,13.1,133.0,134.0,9332834,TRAX5,WISDOMS DAUGHTER,Tanker,No additional information,42.0,244.0,GPS,8.0,FOR ORDER,17/01/2025 09:00:00,AIS,POINT (11.849167 57.238133),626312000_0,0 days 00:01:00,-7.80102516115223e-07,133.40655416478148,0.0,0,4.102891098360033,57.238133,11.849167
2025-01-14 05:40:01,2025-01-14 05:40:01,Class A,626312000_0,57.212317,11.883317,Under way using engine,0.0,12.6,158.0,162.0,9332834,TRAX5,WISDOMS DAUGHTER,Tanker,No additional information,42.0,244.0,GPS,8.0,FOR ORDER,17/01/2025 09:00:00,AIS,POINT (11.883317 57.212317),626312000_0,0 days 00:09:00,-3.8270867628576883e-07,144.37939915967638,0.0,0,4.061770564148841,57.212317,11.883317
2025-01-14 05:41:01,2025-01-14 05:41:01,Class A,626312000_0,57.208983,11.885683,Under way using engine,0.0,12.7,157.0,160.0,9332834,TRAX5,WISDOMS DAUGHTER,Tanker,No additional information,42.0,244.0,GPS,8.0,FOR ORDER,17/01/2025 09:00:00,AIS,POINT (11.885683 57.208983),626312000_0,0 days 00:01:00,1.3059334316447226e-06,158.97640315142462,0.0,0,4.058373324235463,57.208983,11.885683
2025-01-14 05:42:01,2025-01-14 05:42:01,Class A,626312000_0,57.20585,11.888133,Under way using engine,0.0,12.8,157.0,160.0,9332834,TRAX5,WISDOMS DAUGHTER,Tanker,No additional information,42.0,244.0,GPS,8.0,FOR ORDER,17/01/2025 09:00:00,AIS,POINT (11.888133 57.20585),626312000_0,0 days 00:01:00,-5.2345419351041535e-06,157.04486995388413,0.0,0,4.054970178727458,57.20585,11.888133
2025-01-14 06:00:01,2025-01-14 06:00:01,Class A,626312000_0,57.1443,11.929767,Under way using engine,0.0,13.0,161.0,165.0,9332834,TRAX5,WISDOMS DAUGHTER,Tanker,No additional information,42.0,244.0,GPS,8.0,FOR ORDER,17/01/2025 09:00:00,AIS,POINT (11.929767 57.1443),626312000_0,0 days 00:18:00,4.1154527618008203e-07,159.84589948343194,0.0,0,3.994426895463854,57.1443,11.929767
2025-01-14 06:01:01,2025-01-14 06:01:01,Class A,626312000_0,57.14085,11.931833,Under way using engine,0.0,13.0,162.0,166.0,9332834,TRAX5,WISDOMS DAUGHTER,Tanker,No additional information,42.0,244.0,GPS,8.0,FOR ORDER,17/01/2025 09:00:00,AIS,POINT (11.931833 57.14085),626312000_0,0 days 00:01:00,-4.5563688535416385e-07,162.00009100656678,0.0,0,3.9912983851585193,57.14085,11.931833
2025-01-14 06:07:01,2025-01-14 06:07:01,Class A,626312000_0,57.120483,11.945617,Under way using engine,0.0,13.0,158.0,160.0,9332834,TRAX5,WISDOMS DAUGHTER,Tanker,No additional information,42.0,244.0,GPS,8.0,FOR ORDER,17/01/2025 09:00:00,AIS,POINT (11.945617 57.120483),626312000_0,0 days 00:06:00,-5.7360093435383013e-08,159.82562488995177,0.0,0,3.9713697100373313,57.120483,11.945617
2025-01-14 06:28:01,2025-01-14 06:28:01,Class A,626312000_0,57.049517,11.987267,Under way using engine,0.0,12.7,169.0,171.0,9332834,TRAX5,WISDOMS DAUGHTER,Tanker,No additional information,42.0,244.0,GPS,8.0,FOR ORDER,17/01/2025 09:00:00,AIS,POINT (11.987267 57.049517),626312000_0,0 days 00:21:00,-1.0228976666533261e-07,162.29407164985594,0.0,0,3.90837108401774,57.049517,11.987267
2025-01-14 06:29:01,2025-01-14 06:29:01,Class A,626312000_0,57.04605,11.988467,Under way using engine,0.0,12.6,169.0,172.0,9332834,TRAX5,WISDOMS DAUGHTER,Tanker,No additional information,42.0,244.0,GPS,8.0,FOR ORDER,17/01/2025 09:00:00,AIS,POINT (11.988467 57.04605),626312000_0,0 days 00:01:00,-6.047549380091532e-07,169.33730433166886,0.0,0,3.9061004133668913,57.04605,11.988467
2025-01-14 06:30:01,2025-01-14 06:30:01,Class A,626312000_0,57.042617,11.989667,Under way using engine,1.1,12.6,169.0,172.0,9332834,TRAX5,WISDOMS DAUGHTER,Tanker,No additional information,42.0,244.0,GPS,8.0,FOR ORDER,17/01/2025 09:00:00,AIS,POINT (11.989667 57.042617),626312000_0,0 days 00:01:00,-1.0330424608841956e-06,169.23318684034984,0.0,0,3.903842985134775,57.042617,11.989667
2025-01-14 06:31:01,2025-01-14 06:31:01,Class A,626312000_0,57.039167,11.9908,Under way using engine,1.1,12.6,169.0,172.0,9332834,TRAX5,WISDOMS DAUGHTER,Tanker,No additional information,42.0,244.0,GPS,8.0,FOR ORDER,17/01/2025 09:00:00,AIS,POINT (11.9908 57.039167),626312000_0,0 days 00:01:00,3.1212511946793775e-07,169.86960197192832,0.0,0,3.9016454292040676,57.039167,11.9908
2025-01-14 06:32:01,2025-01-14 06:32:01,Class A,626312000_0,57.035733,11.991933,Under way using engine,0.0,12.5,169.0,171.0,9332834,TRAX5,WISDOMS DAUGHTER,Tanker,No additional information,42.0,244.0,GPS,8.0,FOR ORDER,17/01/2025 09:00:00,AIS,POINT (11.991933 57.035733),626312000_0,0 days 00:01:00,-4.869004993016355e-07,169.82246474515273,0.0,0,3.899455224754607,57.035733,11.991933
2025-01-14 06:33:01,2025-01-14 06:33:01,Class A,626312000_0,57.032383,11.993133,Under way using engine,-1.1,12.5,168.0,170.0,9332834,TRAX5,WISDOMS DAUGHTER,Tanker,No additional information,42.0,244.0,GPS,8.0,FOR ORDER,17/01/2025 09:00:00,AIS,POINT (11.993133 57.032383),626312000_0,0 days 00:01:00,-2.3453402593792605e-06,168.96992593840514,0.0,0,3.897231064572128,57.032383,11.993133
2025-01-14 06:34:01,2025-01-14 06:34:01,Class A,626312000_0,57.028917,11.9945,Under way using engine,0.0,12.5,167.0,170.0,9332834,TRAX5,WISDOMS DAUGHTER,Tanker,No additional information,42.0,244.0,GPS,8.0,FOR ORDER,17/01/2025 09:00:00,AIS,POINT (11.9945 57.028917),626312000_0,0 days 00:01:00,4.081682941677869e-06,167.88580153480063,0.0,0,3.8948132997653424,57.028917,11.9945
2025-01-14 06:35:01,2025-01-14 06:35:01,Class A,626312000_0,57.025567,11.995783,Under way using engine,0.0,12.5,168.0,171.0,9332834,TRAX5,WISDOMS DAUGHTER,Tanker,No additional information,42.0,244.0,GPS,8.0,FOR ORDER,17/01/2025 09:00:00,AIS,POINT (11.995783 57.025567),626312000_0,0 days 00:01:00,-3.8037395316677563e-06,168.22554191513063,0.0,0,3.8925146073264782,57.025567,11.995783
2025-01-14 06:36:01,2025-01-14 06:36:01,Class A,626312000_0,57.0221,11.997017,Under way using engine,-1.1,12.5,168.0,170.0,9332834,TRAX5,WISDOMS DAUGHTER,Tanker,No additional information,42.0,244.0,GPS,8.0,FOR ORDER,17/01/2025 09:00:00,AIS,POINT (11.997017 57.0221),626312000_0,0 days 00:01:00,3.3850727927502764e-06,169.03551596665466,0.0,0,3.890226472714025,57.0221,11.997017
2025-01-14 06:37:01,2025-01-14 06:37:01,Class A,626312000_0,57.018683,11.99835,Under way using engine,0.0,12.5,168.0,170.0,9332834,TRAX5,WISDOMS DAUGHTER,Tanker,No additional information,42.0,244.0,GPS,8.0,FOR ORDER,17/01/2025 09:00:00,AIS,POINT (11.99835 57.018683),626312000_0,0 days 00:01:00,-1.1823789743101425e-06,168.01066923584585,0.0,0,3.887862855984635,57.018683,11.99835
2025-01-14 06:38:01,2025-01-14 06:38:01,Class A,626312000_0,57.015283,11.9997,Under way using engine,0.0,12.5,167.0,170.0,9332834,TRAX5,WISDOMS DAUGHTER,Tanker,No additional information,42.0,244.0,GPS,8.0,FOR ORDER,17/01/2025 09:00:00,AIS,POINT (11.9997 57.015283),626312000_0,0 days 00:01:00,-4.535693130246152e-07,167.8023147763672,0.0,0,3.8854906301579195,57.015283,11.9997
2025-01-14 06:39:01,2025-01-14 06:39:01,Class A,626312000_0,57.011883,12.001033,Under way using engine,0.0,12.6,168.0,171.0,9332834,TRAX5,WISDOMS DAUGHTER,Tanker,No additional information,42.0,244.0,GPS,8.0,FOR ORDER,17/01/2025 09:00:00,AIS,POINT (12.001033 57.011883),626312000_0,0 days 00:01:00,-5.998143779406608e-08,167.95033084880492,0.0,0,3.883136503223392,57.011883,12.001033
2025-01-14 06:40:01,2025-01-14 06:40:01,Class A,626312000_0,57.008483,12.002283,Under way using engine,0.0,12.5,168.0,171.0,9332834,TRAX5,WISDOMS DAUGHTER,Tanker,No additional information,42.0,244.0,GPS,8.0,FOR ORDER,17/01/2025 09:00:00,AIS,POINT (12.002283 57.008483),626312000_0,0 days 00:01:00,-2.8387262695350516e-07,168.6796195240496,0.0,0,3.880863018693908,57.008483,12.002283
2025-01-14 06:41:01,2025-01-14 06:41:01,Class A,626312000_0,57.005083,12.003533,Under way using engine,0.0,12.5,168.0,171.0,9332834,TRAX5,WISDOMS DAUGHTER,Tanker,No additional information,42.0,244.0,GPS,8.0,FOR ORDER,17/01/2025 09:00:00,AIS,POINT (12.003533 57.005083),626312000_0,0 days 00:01:00,3.221100115079432e-10,168.6786115032496,0.0,0,3.878591584849583,57.005083,12.003533
2025-01-14 07:10:01,2025-01-14 07:10:01,Class A,626312000_0,56.906233,12.048117,Under way using engine,0.0,12.7,168.0,170.0,9332834,TRAX5,WISDOMS DAUGHTER,Tanker,No additional information,42.0,244.0,GPS,8.0,FOR ORDER,17/01/2025 09:00:00,AIS,POINT (12.048117 56.906233),626312000_0,0 days 00:29:00,4.5689751793320945e-08,166.16424189578117,0.0,0,3.8056014942190153,56.906233,12.048117
2025-01-14 07:11:01,2025-01-14 07:11:01,Class A,626312000_0,56.90285,12.04945,Under way using engine,0.0,12.7,167.0,169.0,9332834,TRAX5,WISDOMS DAUGHTER,Tanker,No additional information,42.0,244.0,GPS,8.0,FOR ORDER,17/01/2025 09:00:00,AIS,POINT (12.04945 56.90285),626312000_0,0 days 00:01:00,-1.5435845274191771e-06,167.85713745809244,0.0,0,3.8033174543348336,56.90285,12.04945
2025-01-14 07:12:01,2025-01-14 07:12:01,Class A,626312000_0,56.899383,12.050983,Under way using engine,0.0,12.6,166.0,169.0,9332834,TRAX5,WISDOMS DAUGHTER,Tanker,No additional information,42.0,244.0,GPS,8.0,FOR ORDER,17/01/2025 09:00:00,AIS,POINT (12.050983 56.899383),626312000_0,0 days 00:01:00,3.2884012740323794e-06,166.42443842365537,0.0,0,3.8008195730218497,56.899383,12.050983
2025-01-14 07:13:01,2025-01-14 07:13:01,Class A,626312000_0,56.896033,12.0524,Under way using engine,0.0,12.6,167.0,170.0,9332834,TRAX5,WISDOMS DAUGHTER,Tanker,No additional information,42.0,244.0,GPS,8.0,FOR ORDER,17/01/2025 09:00:00,AIS,POINT (12.0524 56.896033),626312000_0,0 days 00:01:00,-3.973670778093007e-06,166.99184767203428,0.0,0,3.798469378821554,56.896033,12.0524
2025-01-14 07:14:01,2025-01-14 07:14:01,Class A,626312000_0,56.89255,12.053817,Under way using engine,-1.1,12.7,167.0,170.0,9332834,TRAX5,WISDOMS DAUGHTER,Tanker,No additional information,42.0,244.0,GPS,8.0,FOR ORDER,17/01/2025 09:00:00,AIS,POINT (12.053817 56.89255),626312000_0,0 days 00:01:00,4.012404241862276e-06,167.47146501536133,0.0,0,3.79608175545588,56.89255,12.053817
2025-01-14 07:15:01,2025-01-14 07:15:01,Class A,626312000_0,56.889167,12.05525,Under way using engine,6.4,12.8,166.0,171.0,9332834,TRAX5,WISDOMS DAUGHTER,Tanker,No additional information,42.0,244.0,GPS,8.0,FOR ORDER,17/01/2025 09:00:00,AIS,POINT (12.05525 56.889167),626312000_0,0 days 00:01:00,-2.955944532135159e-06,166.97160913791788,0.0,0,3.7937106683996085,56.889167,12.05525
2025-01-14 07:16:01,2025-01-14 07:16:01,Class A,626312000_0,56.885667,12.056533,Under way using engine,-1.1,12.6,171.0,175.0,9332834,TRAX5,WISDOMS DAUGHTER,Tanker,No additional information,42.0,244.0,GPS,8.0,FOR ORDER,17/01/2025 09:00:00,AIS,POINT (12.056533 56.885667),626312000_0,0 days 00:01:00,3.001441496696929e-06,168.67560297748162,0.0,0,3.7914504294860554,56.885667,12.056533
2025-01-14 07:17:01,2025-01-14 07:17:01,Class A,626312000_0,56.882283,12.05745,Under way using engine,0.0,12.5,171.0,175.0,9332834,TRAX5,WISDOMS DAUGHTER,Tanker,No additional information,42.0,244.0,GPS,8.0,FOR ORDER,17/01/2025 09:00:00,AIS,POINT (12.05745 56.882283),626312000_0,0 days 00:01:00,-4.600765922296336e-06,171.5783297899876,0.0,0,3.7895764399923384,56.882283,12.05745
2025-01-14 07:18:00,2025-01-14 07:18:00,Class A,626312000_0,56.8789,12.058317,Under way using engine,0.0,12.5,172.0,175.0,9332834,TRAX5,WISDOMS DAUGHTER,Tanker,No additional information,42.0,244.0,GPS,8.0,FOR ORDER,17/01/2025 09:00:00,AIS,POINT (12.058317 56.8789),626312000_0,0 days 00:00:59,1.6673851331721873e-06,172.02842522064884,0.0,0,3.787752856933118,56.8789,12.058317
2025-01-14 07:19:00,2025-01-14 07:19:00,Class A,626312000_0,56.875367,12.059233,Under way using engine,-1.1,12.5,172.0,175.0,9332834,TRAX5,WISDOMS DAUGHTER,Tanker,No additional information,42.0,244.0,GPS,8.0,FOR ORDER,17/01/2025 09:00:00,AIS,POINT (12.059233 56.875367),626312000_0,0 days 00:01:00,2.919459092848327e-06,171.93593672325107,0.0,0,3.7858408240772596,56.875367,12.059233
2025-01-14 07:20:00,2025-01-14 07:20:00,Class A,626312000_0,56.871933,12.060133,Under way using engine,0.0,12.5,172.0,175.0,9332834,TRAX5,WISDOMS DAUGHTER,Tanker,No additional information,42.0,244.0,GPS,8.0,FOR ORDER,17/01/2025 09:00:00,AIS,POINT (12.060133 56.871933),626312000_0,0 days 00:01:00,-3.069760501611804e-06,171.84880461266857,0.0,0,3.7839755713093592,56.871933,12.060133
2025-01-14 07:21:00,2025-01-14 07:21:00,Class A,626312000_0,56.868567,12.060967,Under way using engine,0.0,12.5,172.0,175.0,9332834,TRAX5,WISDOMS DAUGHTER,Tanker,No additional information,42.0,244.0,GPS,8.0,FOR ORDER,17/01/2025 09:00:00,AIS,POINT (12.060967 56.868567),626312000_0,0 days 00:01:00,-2.2376800155940947e-06,172.28777104980588,0.0,0,3.782195682270551,56.868567,12.060967
2025-01-14 07:34:00,2025-01-14 07:34:00,Class A,626312000_0,56.82415,12.074133,Under way using engine,0.0,12.5,168.0,170.0,9332834,TRAX5,WISDOMS DAUGHTER,Tanker,No additional information,42.0,244.0,GPS,8.0,FOR ORDER,17/01/2025 09:00:00,AIS,POINT (12.074133 56.82415),626312000_0,0 days 00:13:00,1.5374579721767697e-07,170.7865482427335,0.0,0,3.7568560154960697,56.82415,12.074133
2025-01-14 07:35:00,2025-01-14 07:35:00,Class A,626312000_0,56.820767,12.075417,Under way using engine,0.0,12.5,168.0,170.0,9332834,TRAX5,WISDOMS DAUGHTER,Tanker,No additional information,42.0,244.0,GPS,8.0,FOR ORDER,17/01/2025 09:00:00,AIS,POINT (12.075417 56.820767),626312000_0,0 days 00:01:00,-1.8552735605087064e-07,168.2659416189565,0.0,0,3.7572792377869657,56.820767,12.075417
2025-01-14 07:36:00,2025-01-14 07:36:00,Class A,626312000_0,56.817417,12.0767,Under way using engine,0.0,12.5,167.0,169.0,9332834,TRAX5,WISDOMS DAUGHTER,Tanker,No additional information,42.0,244.0,GPS,8.0,FOR ORDER,17/01/2025 09:00:00,AIS,POINT (12.0767 56.817417),626312000_0,0 days 00:01:00,-1.0022931199272506e-06,168.1615402978457,0.0,0,3.7590405930034865,56.817417,12.0767
2025-01-14 07:37:00,2025-01-14 07:37:00,Class A,626312000_0,56.813983,12.07815,Under way using engine,0.0,12.5,167.0,170.0,9332834,TRAX5,WISDOMS DAUGHTER,Tanker,No additional information,42.0,244.0,GPS,8.0,FOR ORDER,17/01/2025 09:00:00,AIS,POINT (12.07815 56.813983),626312000_0,0 days 00:01:00,3.1485241501133984e-06,166.98620178140266,0.0,0,3.76098214921156,56.813983,12.07815
2025-01-14 07:38:00,2025-01-14 07:38:00,Class A,626312000_0,56.810633,12.079467,Under way using engine,0.0,12.5,168.0,170.0,9332834,TRAX5,WISDOMS DAUGHTER,Tanker,No additional information,42.0,244.0,GPS,8.0,FOR ORDER,17/01/2025 09:00:00,AIS,POINT (12.079467 56.810633),626312000_0,0 days 00:01:00,-3.0277377082209204e-06,167.85487756889415,0.0,0,3.7627823631782094,56.810633,12.079467
2025-01-14 07:39:00,2025-01-14 07:39:00,Class A,626312000_0,56.807183,12.0808,Under way using engine,0.0,12.5,167.0,170.0,9332834,TRAX5,WISDOMS DAUGHTER,Tanker,No additional information,42.0,244.0,GPS,8.0,FOR ORDER,17/01/2025 09:00:00,AIS,POINT (12.0808 56.807183),626312000_0,0 days 00:01:00,3.0820103861315214e-06,168.05652626927213,0.0,0,3.764615962351007,56.807183,12.0808
2025-01-14 07:40:00,2025-01-14 07:40:00,Class A,626312000_0,56.803783,12.08215,Under way using engine,0.0,12.5,167.0,170.0,9332834,TRAX5,WISDOMS DAUGHTER,Tanker,No additional information,42.0,244.0,GPS,8.0,FOR ORDER,17/01/2025 09:00:00,AIS,POINT (12.08215 56.803783),626312000_0,0 days 00:01:00,-1.451126433893605e-06,167.73511500177688,0.0,0,3.7664615717524583,56.803783,12.08215
2025-01-14 07:41:00,2025-01-14 07:41:00,Class A,626312000_0,56.800433,12.083433,Under way using engine,-1.1,12.5,167.0,167.0,9332834,TRAX5,WISDOMS DAUGHTER,Tanker,No additional information,42.0,244.0,GPS,8.0,FOR ORDER,17/01/2025 09:00:00,AIS,POINT (12.083433 56.800433),626312000_0,0 days 00:01:00,-1.7499242879425152e-06,168.15632609402292,0.0,0,3.768236026353577,56.800433,12.083433
2025-01-14 07:42:00,2025-01-14 07:42:00,Class A,626312000_0,56.796967,12.085,Under way using engine,0.0,12.6,166.0,168.0,9332834,TRAX5,WISDOMS DAUGHTER,Tanker,No additional information,42.0,244.0,GPS,8.0,FOR ORDER,17/01/2025 09:00:00,AIS,POINT (12.085 56.796967),626312000_0,0 days 00:01:00,4.574744581952445e-06,166.09446835903304,0.0,0,3.7703114154865247,56.796967,12.085
2025-01-14 07:43:00,2025-01-14 07:43:00,Class A,626312000_0,56.793567,12.086533,Under way using engine,0.0,12.7,166.0,168.0,9332834,TRAX5,WISDOMS DAUGHTER,Tanker,No additional information,42.0,244.0,GPS,8.0,FOR ORDER,17/01/2025 09:00:00,AIS,POINT (12.086533 56.793567),626312000_0,0 days 00:01:00,-2.1198754332131384e-06,166.12944650956024,0.0,0,3.7723457901111064,56.793567,12.086533
2025-01-14 07:44:00,2025-01-14 07:44:00,Class A,626312000_0,56.790133,12.088033,Under way using engine,0.0,12.7,166.0,168.0,9332834,TRAX5,WISDOMS DAUGHTER,Tanker,No additional information,42.0,244.0,GPS,8.0,FOR ORDER,17/01/2025 09:00:00,AIS,POINT (12.088033 56.790133),626312000_0,0 days 00:01:00,8.897693780364075e-07,166.5452423897051,0.0,0,3.7743553827784946,56.790133,12.088033
2025-01-14 07:50:00,2025-01-14 07:50:00,Class A,626312000_0,56.769517,12.096967,Under way using engine,0.0,12.6,165.0,168.0,9332834,TRAX5,WISDOMS DAUGHTER,Tanker,No additional information,42.0,244.0,GPS,8.0,FOR ORDER,17/01/2025 09:00:00,AIS,POINT (12.096967 56.769517),626312000_0,0 days 00:06:00,3.0796556276730684e-09,166.64061726540183,0.0,0,3.786405167781836,56.769517,12.096967
2025-01-14 07:51:00,2025-01-14 07:51:00,Class A,626312000_0,56.766117,12.098483,Under way using engine,0.0,12.6,166.0,168.0,9332834,TRAX5,WISDOMS DAUGHTER,Tanker,No additional information,42.0,244.0,GPS,8.0,FOR ORDER,17/01/2025 09:00:00,AIS,POINT (12.098483 56.766117),626312000_0,0 days 00:01:00,-9.731725324893264e-07,166.26775467675623,0.0,0,3.788443596368962,56.766117,12.098483
2025-01-14 07:52:00,2025-01-14 07:52:00,Class A,626312000_0,56.7627,12.099933,Under way using engine,-2.2,12.6,166.0,167.0,9332834,TRAX5,WISDOMS DAUGHTER,Tanker,No additional information,42.0,244.0,GPS,8.0,FOR ORDER,17/01/2025 09:00:00,AIS,POINT (12.099933 56.7627),626312000_0,0 days 00:01:00,2.513733387449578e-07,166.90640209007734,0.0,0,3.790422170979111,56.7627,12.099933
2025-01-14 07:53:00,2025-01-14 07:53:00,Class A,626312000_0,56.7593,12.10155,Under way using engine,0.0,12.7,164.0,166.0,9332834,TRAX5,WISDOMS DAUGHTER,Tanker,No additional information,42.0,244.0,GPS,8.0,FOR ORDER,17/01/2025 09:00:00,AIS,POINT (12.10155 56.7593),626312000_0,0 days 00:01:00,1.7056361234976207e-07,165.38832729891044,0.0,0,3.7925654136651343,56.7593,12.10155
2025-01-14 07:54:00,2025-01-14 07:54:00,Class A,626312000_0,56.75585,12.103217,Under way using engine,0.0,12.7,164.0,166.0,9332834,TRAX5,WISDOMS DAUGHTER,Tanker,No additional information,42.0,244.0,GPS,8.0,FOR ORDER,17/01/2025 09:00:00,AIS,POINT (12.103217 56.75585),626312000_0,0 days 00:01:00,1.7125290669441276e-06,165.1637409869528,0.0,0,3.794768628834438,56.75585,12.103217
2025-01-14 07:55:00,2025-01-14 07:55:00,Class A,626312000_0,56.752467,12.104983,Under way using engine,0.0,12.7,164.0,166.0,9332834,TRAX5,WISDOMS DAUGHTER,Tanker,No additional information,42.0,244.0,GPS,8.0,FOR ORDER,17/01/2025 09:00:00,AIS,POINT (12.104983 56.752467),626312000_0,0 days 00:01:00,-1.5495156673344644e-06,164.0287026507924,0.0,0,3.797061186993041,56.752467,12.104983
2025-01-14 07:56:00,2025-01-14 07:56:00,Class A,626312000_0,56.74905,12.106683,Under way using engine,0.0,12.8,164.0,167.0,9332834,TRAX5,WISDOMS DAUGHTER,Tanker,No additional information,42.0,244.0,GPS,8.0,FOR ORDER,17/01/2025 09:00:00,AIS,POINT (12.106683 56.74905),626312000_0,0 days 00:01:00,7.109659479086437e-07,164.74150825876598,0.0,0,3.7992966550731473,56.74905,12.106683
2025-01-14 08:01:01,2025-01-14 08:01:01,Class A,626312000_0,56.731783,12.114883,Under way using engine,0.0,12.8,166.0,168.0,9332834,TRAX5,WISDOMS DAUGHTER,Tanker,No additional information,42.0,244.0,GPS,8.0,FOR ORDER,17/01/2025 09:00:00,AIS,POINT (12.114883 56.731783),626312000_0,0 days 00:05:01,9.162796907952235e-08,165.398327747866,0.0,0,3.810246461504689,56.731783,12.114883
2025-01-14 08:06:01,2025-01-14 08:06:01,Class A,626312000_0,56.714633,12.122733,Under way using engine,0.0,12.7,165.0,169.0,9332834,TRAX5,WISDOMS DAUGHTER,Tanker,No additional information,42.0,244.0,GPS,8.0,FOR ORDER,17/01/2025 09:00:00,AIS,POINT (12.122733 56.714633),626312000_0,0 days 00:05:00,-1.2541462806959018e-07,165.89863893220956,0.0,0,3.820895610522355,56.714633,12.122733
2025-01-14 08:07:01,2025-01-14 08:07:01,Class A,626312000_0,56.71115,12.124283,Under way using engine,0.0,12.6,166.0,169.0,9332834,TRAX5,WISDOMS DAUGHTER,Tanker,No additional information,42.0,244.0,GPS,8.0,FOR ORDER,17/01/2025 09:00:00,AIS,POINT (12.124283 56.71115),626312000_0,0 days 00:01:00,1.5107581636023948e-06,166.27404549135497,0.0,0,3.8230224998356985,56.71115,12.124283
2025-01-14 08:08:01,2025-01-14 08:08:01,Class A,626312000_0,56.70785,12.125717,Under way using engine,1.1,12.6,166.0,169.0,9332834,TRAX5,WISDOMS DAUGHTER,Tanker,No additional information,42.0,244.0,GPS,8.0,FOR ORDER,17/01/2025 09:00:00,AIS,POINT (12.125717 56.70785),626312000_0,0 days 00:01:00,-5.9653425169222105e-06,166.58413679834177,0.0,0,3.8250060171699074,56.70785,12.125717
2025-01-14 08:13:01,2025-01-14 08:13:01,Class A,626312000_0,56.690683,12.133217,Under way using engine,1.1,12.7,166.0,169.0,9332834,TRAX5,WISDOMS DAUGHTER,Tanker,No additional information,42.0,244.0,GPS,8.0,FOR ORDER,17/01/2025 09:00:00,AIS,POINT (12.133217 56.690683),626312000_0,0 days 00:05:00,8.551623026442548e-07,166.50848122581192,0.0,0,3.835401941510824,56.690683,12.133217
2025-01-14 08:14:01,2025-01-14 08:14:01,Class A,626312000_0,56.687217,12.134667,Under way using engine,-1.1,12.7,166.0,168.0,9332834,TRAX5,WISDOMS DAUGHTER,Tanker,No additional information,42.0,244.0,GPS,8.0,FOR ORDER,17/01/2025 09:00:00,AIS,POINT (12.134667 56.687217),626312000_0,0 days 00:01:00,7.880880469703118e-07,167.06018279020736,0.0,0,3.8374453340738297,56.687217,12.134667
2025-01-14 08:15:01,2025-01-14 08:15:01,Class A,626312000_0,56.683767,12.136133,Under way using engine,0.0,12.7,166.0,168.0,9332834,TRAX5,WISDOMS DAUGHTER,Tanker,No additional information,42.0,244.0,GPS,8.0,FOR ORDER,17/01/2025 09:00:00,AIS,POINT (12.136133 56.683767),626312000_0,0 days 00:01:00,-4.2008181589847824e-07,166.8625666459693,0.0,0,3.8395041915550747,56.683767,12.136133
2025-01-14 08:37:00,2025-01-14 08:37:00,Class A,626312000_0,56.6079,12.167733,Under way using engine,0.0,12.8,164.0,164.0,9332834,TRAX5,WISDOMS DAUGHTER,Tanker,No additional information,42.0,244.0,GPS,7.3,FOR ORDER,17/01/2025 09:00:00,AIS,POINT (12.167733 56.6079),626312000_0,0 days 00:21:59,-3.227982855551837e-09,167.08807869757106,0.0,0,3.8847922940937263,56.6079,12.167733
2025-01-14 08:38:00,2025-01-14 08:38:00,Class A,626312000_0,56.60445,12.16945,Under way using engine,0.0,12.8,164.0,165.0,9332834,TRAX5,WISDOMS DAUGHTER,Tanker,No additional information,42.0,244.0,GPS,7.3,FOR ORDER,17/01/2025 09:00:00,AIS,POINT (12.16945 56.60445),626312000_0,0 days 00:01:00,1.1371274527656144e-06,164.68062397371364,0.0,0,3.8871550116414184,56.60445,12.16945
2025-01-14 08:39:00,2025-01-14 08:39:00,Class A,626312000_0,56.601033,12.17115,Under way using engine,1.1,12.8,164.0,164.0,9332834,TRAX5,WISDOMS DAUGHTER,Tanker,No additional information,42.0,244.0,GPS,7.3,FOR ORDER,17/01/2025 09:00:00,AIS,POINT (12.17115 56.601033),626312000_0,0 days 00:01:00,-1.0604493333960628e-06,164.68425382626083,0.0,0,3.8894969129680517,56.601033,12.17115
2025-01-14 08:40:00,2025-01-14 08:40:00,Class A,626312000_0,56.597617,12.172883,Under way using engine,0.0,12.7,164.0,165.0,9332834,TRAX5,WISDOMS DAUGHTER,Tanker,No additional information,42.0,244.0,GPS,7.3,FOR ORDER,17/01/2025 09:00:00,AIS,POINT (12.172883 56.597617),626312000_0,0 days 00:01:00,1.2120392617461992e-07,164.395607207779,0.0,0,3.891873290186745,56.597617,12.172883
2025-01-14 08:57:01,2025-01-14 08:57:01,Class A,626312000_0,56.541167,12.2116,Under way using engine,0.0,12.5,158.0,161.0,9332834,TRAX5,WISDOMS DAUGHTER,Tanker,No additional information,42.0,244.0,GPS,7.3,FOR ORDER,17/01/2025 09:00:00,AIS,POINT (12.2116 56.541167),626312000_0,0 days 00:17:01,-1.604272793217646e-10,159.28424295910827,0.0,0,3.941327940802186,56.541167,12.2116
2025-01-14 09:03:01,2025-01-14 09:03:01,Class A,626312000_0,56.52155,12.225367,Under way using engine,0.0,12.6,158.0,160.0,9332834,TRAX5,WISDOMS DAUGHTER,Tanker,No additional information,42.0,244.0,GPS,7.3,FOR ORDER,17/01/2025 09:00:00,AIS,POINT (12.225367 56.52155),626312000_0,0 days 00:06:00,-2.0841310788512097e-07,158.83666902916752,0.0,0,3.9589515902049124,56.52155,12.225367
2025-01-14 09:04:01,2025-01-14 09:04:01,Class A,626312000_0,56.51835,12.227633,Under way using engine,0.0,12.6,158.0,160.0,9332834,TRAX5,WISDOMS DAUGHTER,Tanker,No additional information,42.0,244.0,GPS,7.3,FOR ORDER,17/01/2025 09:00:00,AIS,POINT (12.227633 56.51835),626312000_0,0 days 00:01:00,-2.1758336879772104e-06,158.6617111377126,0.0,0,3.961852541961905,56.51835,12.227633
2025-01-14 09:10:00,2025-01-14 09:10:00,Class A,626312000_0,56.498433,12.239583,Under way using engine,0.0,12.5,166.0,168.0,9332834,TRAX5,WISDOMS DAUGHTER,Tanker,No additional information,42.0,244.0,GPS,7.3,FOR ORDER,17/01/2025 09:00:00,AIS,POINT (12.239583 56.498433),626312000_0,0 days 00:05:59,3.656340341269933e-07,161.67616843692724,0.0,0,3.9778463018710264,56.498433,12.239583
2025-01-14 09:11:00,2025-01-14 09:11:00,Class A,626312000_0,56.495117,12.24105,Under way using engine,0.0,12.5,166.0,168.0,9332834,TRAX5,WISDOMS DAUGHTER,Tanker,No additional information,42.0,244.0,GPS,7.3,FOR ORDER,17/01/2025 09:00:00,AIS,POINT (12.24105 56.495117),626312000_0,0 days 00:01:00,-2.886759714078949e-06,166.2764474245031,0.0,0,3.9800062920236687,56.495117,12.24105
2025-01-14 09:12:00,2025-01-14 09:12:00,Class A,626312000_0,56.49175,12.24255,Under way using engine,0.0,12.4,166.0,168.0,9332834,TRAX5,WISDOMS DAUGHTER,Tanker,No additional information,42.0,244.0,GPS,7.3,FOR ORDER,17/01/2025 09:00:00,AIS,POINT (12.24255 56.49175),626312000_0,0 days 00:01:00,1.6670801738217072e-06,166.18277662967967,0.0,0,3.9822118620094775,56.49175,12.24255
2025-01-14 09:13:00,2025-01-14 09:13:00,Class A,626312000_0,56.48845,12.244017,Under way using engine,1.1,12.4,166.0,168.0,9332834,TRAX5,WISDOMS DAUGHTER,Tanker,No additional information,42.0,244.0,GPS,7.3,FOR ORDER,17/01/2025 09:00:00,AIS,POINT (12.244017 56.48845),626312000_0,0 days 00:01:00,-2.146778903709722e-06,166.2101113123673,0.0,0,3.9843725943724184,56.48845,12.244017
2025-01-14 09:14:00,2025-01-14 09:14:00,Class A,626312000_0,56.485083,12.245517,Under way using engine,0.0,12.4,166.0,168.0,9332834,TRAX5,WISDOMS DAUGHTER,Tanker,No additional information,42.0,244.0,GPS,7.3,FOR ORDER,17/01/2025 09:00:00,AIS,POINT (12.245517 56.485083),626312000_0,0 days 00:01:00,2.147746789394429e-06,166.18044145742965,0.0,0,3.986582495916144,56.485083,12.245517
2025-01-14 09:15:00,2025-01-14 09:15:00,Class A,626312000_0,56.481633,12.246967,Under way using engine,0.0,12.3,166.0,168.0,9332834,TRAX5,WISDOMS DAUGHTER,Tanker,No additional information,42.0,244.0,GPS,7.3,FOR ORDER,17/01/2025 09:00:00,AIS,POINT (12.246967 56.481633),626312000_0,0 days 00:01:00,2.297858912071882e-06,166.93375032063568,0.0,0,3.9887643517316227,56.481633,12.246967
2025-01-14 09:16:00,2025-01-14 09:16:00,Class A,626312000_0,56.47835,12.248367,Under way using engine,0.0,12.3,167.0,168.0,9332834,TRAX5,WISDOMS DAUGHTER,Tanker,No additional information,42.0,244.0,GPS,7.3,FOR ORDER,17/01/2025 09:00:00,AIS,POINT (12.248367 56.47835),626312000_0,0 days 00:01:00,-5.224028164834771e-06,166.74816742821895,0.0,0,3.9908624205284253,56.47835,12.248367
2025-01-14 09:43:00,2025-01-14 09:43:00,Class A,626312000_0,56.389067,12.288533,Under way using engine,0.0,12.1,166.0,168.0,9332834,TRAX5,WISDOMS DAUGHTER,Tanker,No additional information,42.0,244.0,GPS,7.3,FOR ORDER,17/01/2025 09:00:00,AIS,POINT (12.288533 56.389067),626312000_0,0 days 00:27:00,3.9811715769937767e-08,166.01523735244996,0.0,0,4.050739789491421,56.389067,12.288533
2025-01-14 09:48:00,2025-01-14 09:48:00,Class A,626312000_0,56.372733,12.295083,Under way using engine,0.0,11.9,166.0,167.0,9332834,TRAX5,WISDOMS DAUGHTER,Tanker,No additional information,42.0,244.0,GPS,7.3,FOR ORDER,17/01/2025 09:00:00,AIS,POINT (12.295083 56.372733),626312000_0,0 days 00:05:00,-3.7921050854349743e-07,167.47931135090016,0.0,0,4.061080246327202,56.372733,12.295083
2025-01-14 09:49:00,2025-01-14 09:49:00,Class A,626312000_0,56.36965,12.2964,Under way using engine,0.0,11.9,166.0,167.0,9332834,TRAX5,WISDOMS DAUGHTER,Tanker,No additional information,42.0,244.0,GPS,7.3,FOR ORDER,17/01/2025 09:00:00,AIS,POINT (12.2964 56.36965),626312000_0,0 days 00:01:00,-5.512698003983715e-06,166.68928208879686,0.0,0,4.063115793061896,56.36965,12.2964
2025-01-14 09:50:00,2025-01-14 09:50:00,Class A,626312000_0,56.366317,12.2977,Under way using engine,0.0,11.9,167.0,167.0,9332834,TRAX5,WISDOMS DAUGHTER,Tanker,No additional information,42.0,244.0,GPS,7.3,FOR ORDER,17/01/2025 09:00:00,AIS,POINT (12.2977 56.366317),626312000_0,0 days 00:01:00,7.477302692639346e-06,167.80941375535315,0.0,0,4.065198413048003,56.366317,12.2977
2025-01-14 09:51:00,2025-01-14 09:51:00,Class A,626312000_0,56.363033,12.298983,Under way using engine,0.0,11.9,166.0,166.0,9332834,TRAX5,WISDOMS DAUGHTER,Tanker,No additional information,42.0,244.0,GPS,7.3,FOR ORDER,17/01/2025 09:00:00,AIS,POINT (12.298983 56.363033),626312000_0,0 days 00:01:00,-1.542653189065387e-06,167.78889650336964,0.0,0,4.067254496206131,56.363033,12.298983
2025-01-14 09:52:00,2025-01-14 09:52:00,Class A,626312000_0,56.359817,12.300417,Under way using engine,0.0,11.9,165.0,166.0,9332834,TRAX5,WISDOMS DAUGHTER,Tanker,No additional information,42.0,244.0,GPS,7.3,FOR ORDER,17/01/2025 09:00:00,AIS,POINT (12.300417 56.359817),626312000_0,0 days 00:01:00,-1.4623330740701386e-06,166.12479032110457,0.0,0,4.069441951964052,56.359817,12.300417
2025-01-14 09:53:00,2025-01-14 09:53:00,Class A,626312000_0,56.3566,12.301867,Under way using engine,0.0,11.9,166.0,167.0,9332834,TRAX5,WISDOMS DAUGHTER,Tanker,No additional information,42.0,244.0,GPS,7.3,FOR ORDER,17/01/2025 09:00:00,AIS,POINT (12.301867 56.3566),626312000_0,0 days 00:01:00,9.681273791890011e-08,165.97910448700407,0.0,0,4.071647022101252,56.3566,12.301867
2025-01-14 09:54:00,2025-01-14 09:54:00,Class A,626312000_0,56.353367,12.30315,Under way using engine,0.0,11.8,167.0,167.0,9332834,TRAX5,WISDOMS DAUGHTER,Tanker,No additional information,42.0,244.0,GPS,7.3,FOR ORDER,17/01/2025 09:00:00,AIS,POINT (12.30315 56.353367),626312000_0,0 days 00:01:00,-1.744924096074539e-07,167.59913459057134,0.0,0,4.073696251372702,56.353367,12.30315
2025-01-14 09:55:00,2025-01-14 09:55:00,Class A,626312000_0,56.350117,12.30445,Under way using engine,0.0,11.8,168.0,168.0,9332834,TRAX5,WISDOMS DAUGHTER,Tanker,No additional information,42.0,244.0,GPS,7.3,FOR ORDER,17/01/2025 09:00:00,AIS,POINT (12.30445 56.350117),626312000_0,0 days 00:01:00,5.768102630800449e-07,167.5025994769411,0.0,0,4.075768135965047,56.350117,12.30445
2025-01-14 09:56:00,2025-01-14 09:56:00,Class A,626312000_0,56.34685,12.305617,Under way using engine,0.0,11.9,169.0,168.0,9332834,TRAX5,WISDOMS DAUGHTER,Tanker,No additional information,42.0,244.0,GPS,7.3,FOR ORDER,17/01/2025 09:00:00,AIS,POINT (12.305617 56.34685),626312000_0,0 days 00:01:00,4.5029434508093526e-08,168.80291938863263,0.0,0,4.077717509537166,56.34685,12.305617
2025-01-14 09:57:00,2025-01-14 09:57:00,Class A,626312000_0,56.343617,12.306667,Under way using engine,-6.4,11.8,169.0,163.0,9332834,TRAX5,WISDOMS DAUGHTER,Tanker,No additional information,42.0,244.0,GPS,7.3,FOR ORDER,17/01/2025 09:00:00,AIS,POINT (12.306667 56.343617),626312000_0,0 days 00:01:00,-1.4069187209953213e-06,169.7963304777129,0.0,0,4.079547109864646,56.343617,12.306667
2025-01-14 09:58:00,2025-01-14 09:58:00,Class A,626312000_0,56.340417,12.308133,Under way using engine,-2.2,11.8,164.0,160.0,9332834,TRAX5,WISDOMS DAUGHTER,Tanker,No additional information,42.0,244.0,GPS,7.3,FOR ORDER,17/01/2025 09:00:00,AIS,POINT (12.308133 56.340417),626312000_0,0 days 00:01:00,5.19311178239741e-07,165.7525716838618,0.0,0,4.081772896557205,56.340417,12.308133
2025-01-14 10:07:00,2025-01-14 10:07:00,Class A,626312000_0,56.311717,12.32545,Under way using engine,0.0,12.2,161.0,160.0,9332834,TRAX5,WISDOMS DAUGHTER,Tanker,No additional information,42.0,244.0,GPS,7.3,FOR ORDER,17/01/2025 09:00:00,AIS,POINT (12.32545 56.311717),626312000_0,0 days 00:09:00,2.108570466464743e-07,161.49494890720644,0.0,0,4.105843898706817,56.311717,12.32545
2025-01-14 10:08:00,2025-01-14 10:08:00,Class A,626312000_0,56.308483,12.32745,Under way using engine,0.0,12.3,160.0,160.0,9332834,TRAX5,WISDOMS DAUGHTER,Tanker,No additional information,42.0,244.0,GPS,7.3,FOR ORDER,17/01/2025 09:00:00,AIS,POINT (12.32745 56.308483),626312000_0,0 days 00:01:00,1.7448518098223813e-06,161.06508309212802,0.0,0,4.108611605626407,56.308483,12.32745
2025-01-14 10:09:00,2025-01-14 10:09:00,Class A,626312000_0,56.30525,12.329533,Under way using engine,1.1,12.3,160.0,161.0,9332834,TRAX5,WISDOMS DAUGHTER,Tanker,No additional information,42.0,244.0,GPS,7.3,FOR ORDER,17/01/2025 09:00:00,AIS,POINT (12.329533 56.30525),626312000_0,0 days 00:01:00,4.443007381166088e-07,160.3313159345504,0.0,0,4.1114608678971996,56.30525,12.329533
2025-01-14 10:10:00,2025-01-14 10:10:00,Class A,626312000_0,56.30205,12.331467,Under way using engine,0.0,12.3,161.0,162.0,9332834,TRAX5,WISDOMS DAUGHTER,Tanker,No additional information,42.0,244.0,GPS,7.3,FOR ORDER,17/01/2025 09:00:00,AIS,POINT (12.331467 56.30205),626312000_0,0 days 00:01:00,-1.8034194022389262e-06,161.46278646287237,0.0,0,4.11415929569894,56.30205,12.331467
2025-01-14 10:11:00,2025-01-14 10:11:00,Class A,626312000_0,56.298733,12.333433,Under way using engine,0.0,12.3,161.0,162.0,9332834,TRAX5,WISDOMS DAUGHTER,Tanker,No additional information,42.0,244.0,GPS,7.3,FOR ORDER,17/01/2025 09:00:00,AIS,POINT (12.333433 56.298733),626312000_0,0 days 00:01:00,3.608277595044705e-06,161.7954588686705,0.0,0,4.11692072732874,56.298733,12.333433
2025-01-14 10:18:00,2025-01-14 10:18:00,Class A,626312000_0,56.27565,12.346083,Under way using engine,1.1,12.3,164.0,167.0,9332834,TRAX5,WISDOMS DAUGHTER,Tanker,No additional information,42.0,244.0,GPS,7.3,FOR ORDER,17/01/2025 09:00:00,AIS,POINT (12.346083 56.27565),626312000_0,0 days 00:07:00,-1.9938048362493012e-07,163.0765998746723,0.0,0,4.135191481086457,56.27565,12.346083
2025-01-14 10:19:00,2025-01-14 10:19:00,Class A,626312000_0,56.272317,12.347617,Under way using engine,0.0,12.3,165.0,167.0,9332834,TRAX5,WISDOMS DAUGHTER,Tanker,No additional information,42.0,244.0,GPS,7.3,FOR ORDER,17/01/2025 09:00:00,AIS,POINT (12.347617 56.272317),626312000_0,0 days 00:01:00,-2.107812053423671e-07,165.664828798469,0.0,0,4.137554750574909,56.272317,12.347617
2025-01-14 10:20:00,2025-01-14 10:20:00,Class A,626312000_0,56.269017,12.349033,Under way using engine,0.0,12.4,166.0,168.0,9332834,TRAX5,WISDOMS DAUGHTER,Tanker,No additional information,42.0,244.0,GPS,7.3,FOR ORDER,17/01/2025 09:00:00,AIS,POINT (12.349033 56.269017),626312000_0,0 days 00:01:00,-1.4780653078822908e-06,166.5979025520387,0.0,0,4.139797395823739,56.269017,12.349033
2025-01-14 10:21:00,2025-01-14 10:21:00,Class A,626312000_0,56.265583,12.350483,Under way using engine,0.0,12.4,166.0,167.0,9332834,TRAX5,WISDOMS DAUGHTER,Tanker,No additional information,42.0,244.0,GPS,7.3,FOR ORDER,17/01/2025 09:00:00,AIS,POINT (12.350483 56.265583),626312000_0,0 days 00:01:00,4.1683053557650906e-06,166.80295003944684,0.0,0,4.142110476823259,56.265583,12.350483
2025-01-14 10:22:00,2025-01-14 10:22:00,Class A,626312000_0,56.262217,12.35195,Under way using engine,0.0,12.4,166.0,167.0,9332834,TRAX5,WISDOMS DAUGHTER,Tanker,No additional information,42.0,244.0,GPS,7.3,FOR ORDER,17/01/2025 09:00:00,AIS,POINT (12.35195 56.262217),626312000_0,0 days 00:01:00,-1.9773152220733976e-06,166.39288569140786,0.0,0,4.144423800547912,56.262217,12.35195
2025-01-14 10:23:00,2025-01-14 10:23:00,Class A,626312000_0,56.25885,12.35345,Under way using engine,0.0,12.4,165.0,167.0,9332834,TRAX5,WISDOMS DAUGHTER,Tanker,No additional information,42.0,244.0,GPS,7.3,FOR ORDER,17/01/2025 09:00:00,AIS,POINT (12.35345 56.25885),626312000_0,0 days 00:01:00,1.6582400991646656e-07,166.1013360429979,0.0,0,4.1467711434957435,56.25885,12.35345
2025-01-14 10:24:00,2025-01-14 10:24:00,Class A,626312000_0,56.255483,12.35495,Under way using engine,0.0,12.4,165.0,168.0,9332834,TRAX5,WISDOMS DAUGHTER,Tanker,No additional information,42.0,244.0,GPS,7.3,FOR ORDER,17/01/2025 09:00:00,AIS,POINT (12.35495 56.255483),626312000_0,0 days 00:01:00,4.90288116977595e-10,166.10016070345944,0.0,0,4.149120433042166,56.255483,12.35495
2025-01-14 10:25:00,2025-01-14 10:25:00,Class A,626312000_0,56.252167,12.3564,Under way using engine,0.0,12.4,166.0,168.0,9332834,TRAX5,WISDOMS DAUGHTER,Tanker,No additional information,42.0,244.0,GPS,7.3,FOR ORDER,17/01/2025 09:00:00,AIS,POINT (12.3564 56.252167),626312000_0,0 days 00:01:00,-1.7367761521417443e-06,166.34600745746513,0.0,0,4.151409767795514,56.252167,12.3564
2025-01-14 10:44:00,2025-01-14 10:44:00,Class A,626312000_0,56.189333,12.397083,Under way using engine,0.0,12.9,152.0,152.0,9332834,TRAX5,WISDOMS DAUGHTER,Tanker,No additional information,42.0,244.0,GPS,7.3,FOR ORDER,17/01/2025 09:00:00,AIS,POINT (12.397083 56.189333),626312000_0,0 days 00:19:00,1.6735487663515605e-07,160.18478780980888,0.0,0,4.207817654878714,56.189333,12.397083
2025-01-14 10:45:00,2025-01-14 10:45:00,Class A,626312000_0,56.186183,12.40015,Under way using engine,-1.1,12.9,151.0,152.0,9332834,TRAX5,WISDOMS DAUGHTER,Tanker,No additional information,42.0,244.0,GPS,7.3,FOR ORDER,17/01/2025 09:00:00,AIS,POINT (12.40015 56.186183),626312000_0,0 days 00:01:00,2.123972249565966e-06,151.54942479507787,0.0,0,4.21164658273792,56.186183,12.40015
2025-01-14 10:46:00,2025-01-14 10:46:00,Class A,626312000_0,56.183017,12.40325,Under way using engine,0.0,13.0,150.0,151.0,9332834,TRAX5,WISDOMS DAUGHTER,Tanker,No additional information,42.0,244.0,GPS,7.3,FOR ORDER,17/01/2025 09:00:00,AIS,POINT (12.40325 56.183017),626312000_0,0 days 00:01:00,7.088464833410191e-07,151.41197360486,0.0,0,4.2155127900349205,56.183017,12.40325
2025-01-14 11:01:00,2025-01-14 11:01:00,Class A,626312000_0,56.141233,12.463567,Under way using engine,0.0,12.3,134.0,134.0,9332834,TRAX5,WISDOMS DAUGHTER,Tanker,No additional information,42.0,244.0,GPS,7.3,FOR ORDER,17/01/2025 09:00:00,AIS,POINT (12.463567 56.141233),626312000_0,0 days 00:15:00,-6.260044863481877e-08,141.18160176538896,0.0,0,4.285224573116909,56.141233,12.463567
2025-01-14 11:02:00,2025-01-14 11:02:00,Class A,626312000_0,56.1388,12.467883,Under way using engine,-1.1,12.1,134.0,133.0,9332834,TRAX5,WISDOMS DAUGHTER,Tanker,No additional information,42.0,244.0,GPS,7.3,FOR ORDER,17/01/2025 09:00:00,AIS,POINT (12.467883 56.1388),626312000_0,0 days 00:01:00,-4.71799483143591e-06,135.3330762496189,0.0,0,4.290057481229126,56.1388,12.467883
2025-01-14 11:13:00,2025-01-14 11:13:00,Class A,626312000_0,56.118283,12.508617,Under way using engine,1.1,8.9,130.0,130.0,9332834,TRAX5,WISDOMS DAUGHTER,Tanker,No additional information,42.0,244.0,GPS,7.3,FOR ORDER,17/01/2025 09:00:00,AIS,POINT (12.508617 56.118283),626312000_0,0 days 00:11:00,-1.7977889475744006e-06,132.0884476734891,0.0,0,4.334976025740511,56.118283,12.508617
2025-01-14 11:38:00,2025-01-14 11:38:00,Class A,626312000_0,56.068467,12.61845,Under way using engine,0.0,12.3,132.0,131.0,9332834,TRAX5,WISDOMS DAUGHTER,Tanker,No additional information,42.0,244.0,GPS,7.3,FOR ORDER,17/01/2025 09:00:00,AIS,POINT (12.61845 56.068467),626312000_0,0 days 00:25:00,4.671439382479357e-07,129.06778168801543,0.0,0,4.454548713623861,56.068467,12.61845
2025-01-14 11:39:00,2025-01-14 11:39:00,Class A,626312000_0,56.065733,12.62375,Under way using engine,0.0,12.4,132.0,130.0,9332834,TRAX5,WISDOMS DAUGHTER,Tanker,No additional information,42.0,244.0,GPS,7.3,FOR ORDER,17/01/2025 09:00:00,AIS,POINT (12.62375 56.065733),626312000_0,0 days 00:01:00,2.6918033083263524e-05,132.73862891041017,0.0,0,4.460416726000833,56.065733,12.62375
2025-01-14 11:40:00,2025-01-14 11:40:00,Class A,626312000_0,56.063683,12.627717,Under way using engine,10.0,12.5,131.0,135.0,9332834,TRAX5,WISDOMS DAUGHTER,Tanker,No additional information,42.0,244.0,GPS,7.3,FOR ORDER,17/01/2025 09:00:00,AIS,POINT (12.627717 56.063683),626312000_0,0 days 00:01:00,-3.12925280324252e-05,132.7879833267774,0.0,0,4.464810105922201,56.063683,12.627717
2025-01-14 11:41:00,2025-01-14 11:41:00,Class A,626312000_0,56.060917,12.632117,Under way using engine,0.0,12.3,141.0,141.0,9332834,TRAX5,WISDOMS DAUGHTER,Tanker,No additional information,42.0,244.0,GPS,7.3,FOR ORDER,17/01/2025 09:00:00,AIS,POINT (12.632117 56.060917),626312000_0,0 days 00:01:00,2.1079977245011106e-05,138.38993713150228,0.0,0,4.469827480049425,56.060917,12.632117
2025-01-14 11:42:00,2025-01-14 11:42:00,Class A,626312000_0,56.058467,12.6355,Under way using engine,6.4,12.4,142.0,144.0,9332834,TRAX5,WISDOMS DAUGHTER,Tanker,No additional information,42.0,244.0,GPS,7.3,FOR ORDER,17/01/2025 09:00:00,AIS,POINT (12.6355 56.058467),626312000_0,0 days 00:01:00,-1.8766500918306352e-05,142.36818288568708,0.0,0,4.473780308391104,56.058467,12.6355
2025-01-14 11:43:00,2025-01-14 11:43:00,Class A,626312000_0,56.055333,12.639317,Under way using engine,11.4,12.4,146.0,151.0,9332834,TRAX5,WISDOMS DAUGHTER,Tanker,No additional information,42.0,244.0,GPS,7.3,FOR ORDER,17/01/2025 09:00:00,AIS,POINT (12.639317 56.055333),626312000_0,0 days 00:01:00,2.1543679193556977e-05,145.78051835744532,0.0,0,4.478349353014457,56.055333,12.639317
2025-01-14 11:44:00,2025-01-14 11:44:00,Class A,626312000_0,56.052667,12.641733,Under way using engine,6.4,12.1,155.0,159.0,9332834,TRAX5,WISDOMS DAUGHTER,Tanker,No additional information,42.0,244.0,GPS,7.3,FOR ORDER,17/01/2025 09:00:00,AIS,POINT (12.641733 56.052667),626312000_0,0 days 00:01:00,-2.4846581622973984e-05,153.15743653821767,0.0,0,4.481442496849536,56.052667,12.641733
2025-01-14 11:45:00,2025-01-14 11:45:00,Class A,626312000_0,56.049533,12.643817,Under way using engine,11.4,12.0,162.0,170.0,9332834,TRAX5,WISDOMS DAUGHTER,Tanker,No additional information,42.0,244.0,GPS,7.3,FOR ORDER,17/01/2025 09:00:00,AIS,POINT (12.643817 56.049533),626312000_0,0 days 00:01:00,1.0972288430869401e-05,159.62656396047737,0.0,0,4.484357060253455,56.049533,12.643817
2025-01-14 12:14:00,2025-01-14 12:14:00,Class A,626312000_0,55.961633,12.623917,Under way using engine,-2.9,11.4,170.0,170.0,9332834,TRAX5,WISDOMS DAUGHTER,Tanker,No additional information,42.0,244.0,GPS,7.3,FOR ORDER,17/01/2025 09:00:00,AIS,POINT (12.623917 55.961633),626312000_0,0 days 00:29:00,-3.078663825569933e-07,187.22235116630375,0.0,0,4.492149734285914,55.961633,12.623917
2025-01-14 12:15:00,2025-01-14 12:15:00,Class A,626312000_0,55.9585,12.62495,Under way using engine,-1.1,11.4,169.0,170.0,9332834,TRAX5,WISDOMS DAUGHTER,Tanker,No additional information,42.0,244.0,GPS,7.3,FOR ORDER,17/01/2025 09:00:00,AIS,POINT (12.62495 55.9585),626312000_0,0 days 00:01:00,4.045157628613074e-06,169.5424392778682,0.0,0,4.494114526636921,55.9585,12.62495
2025-01-14 12:16:00,2025-01-14 12:16:00,Class A,626312000_0,55.95535,12.626,Under way using engine,-1.1,11.4,169.0,171.0,9332834,TRAX5,WISDOMS DAUGHTER,Tanker,No additional information,42.0,244.0,GPS,7.3,FOR ORDER,17/01/2025 09:00:00,AIS,POINT (12.626 55.95535),626312000_0,0 days 00:01:00,5.710616571275867e-07,169.42943710838233,0.0,0,4.496102369745265,55.95535,12.626
2025-01-14 12:17:00,2025-01-14 12:17:00,Class A,626312000_0,55.952217,12.627017,Under way using engine,1.1,11.5,169.0,172.0,9332834,TRAX5,WISDOMS DAUGHTER,Tanker,No additional information,42.0,244.0,GPS,7.3,FOR ORDER,17/01/2025 09:00:00,AIS,POINT (12.627017 55.952217),626312000_0,0 days 00:01:00,-6.207540943689408e-07,169.69928662864368,0.0,0,4.49805510735529,55.952217,12.627017
2025-01-14 12:18:00,2025-01-14 12:18:00,Class A,626312000_0,55.949083,12.627917,Under way using engine,0.0,11.4,170.0,171.0,9332834,TRAX5,WISDOMS DAUGHTER,Tanker,No additional information,42.0,244.0,GPS,7.3,FOR ORDER,17/01/2025 09:00:00,AIS,POINT (12.627917 55.949083),626312000_0,0 days 00:01:00,-3.1274291932443615e-07,170.8652178021431,0.0,0,4.49989872240976,55.949083,12.627917
2025-01-14 13:08:01,2025-01-14 13:08:01,Class A,626312000_0,55.795567,12.698117,Under way using engine,0.0,11.1,191.0,191.0,9332834,TRAX5,WISDOMS DAUGHTER,Tanker,No additional information,42.0,244.0,GPS,7.3,FOR ORDER,17/01/2025 09:00:00,AIS,POINT (12.698117 55.795567),626312000_0,0 days 00:50:01,-3.309297329216756e-09,165.5818912109346,0.0,0,4.616672511507071,55.795567,12.698117
2025-01-14 13:09:01,2025-01-14 13:09:01,Class A,626312000_0,55.792583,12.696983,Under way using engine,-1.1,11.1,192.0,191.0,9332834,TRAX5,WISDOMS DAUGHTER,Tanker,No additional information,42.0,244.0,GPS,7.3,FOR ORDER,17/01/2025 09:00:00,AIS,POINT (12.696983 55.792583),626312000_0,0 days 00:01:00,-3.6349020707887997e-06,192.059808046197,0.0,0,4.616626232348574,55.792583,12.696983
2025-01-14 13:10:01,2025-01-14 13:10:01,Class A,626312000_0,55.789433,12.6959,Under way using engine,0.0,11.2,191.0,191.0,9332834,TRAX5,WISDOMS DAUGHTER,Tanker,No additional information,42.0,244.0,GPS,7.3,FOR ORDER,17/01/2025 09:00:00,AIS,POINT (12.6959 55.789433),626312000_0,0 days 00:01:00,4.853403626611362e-06,190.94047421445586,0.0,0,4.61668695093007,55.789433,12.6959
2025-01-14 13:27:01,2025-01-14 13:27:01,Class A,626312000_0,55.735983,12.6792,Under way using engine,0.0,11.6,180.0,178.0,9332834,TRAX5,WISDOMS DAUGHTER,Tanker,No additional information,42.0,244.0,GPS,7.3,FOR ORDER,17/01/2025 09:00:00,AIS,POINT (12.6792 55.735983),626312000_0,0 days 00:17:00,-2.917611590099748e-08,189.97685885786615,0.0,0,4.619651405721865,55.735983,12.6792
2025-01-14 13:28:01,2025-01-14 13:28:01,Class A,626312000_0,55.732667,12.679233,Under way using engine,0.0,11.7,179.0,178.0,9332834,TRAX5,WISDOMS DAUGHTER,Tanker,No additional information,42.0,244.0,GPS,7.3,FOR ORDER,17/01/2025 09:00:00,AIS,POINT (12.679233 55.732667),626312000_0,0 days 00:01:00,3.819697236710021e-06,179.6789532375726,0.0,0,4.620857176711806,55.732667,12.679233
2025-01-14 13:29:01,2025-01-14 13:29:01,Class A,626312000_0,55.729433,12.6793,Under way using engine,0.0,11.8,178.0,177.0,9332834,TRAX5,WISDOMS DAUGHTER,Tanker,No additional information,42.0,244.0,GPS,7.3,FOR ORDER,17/01/2025 09:00:00,AIS,POINT (12.6793 55.729433),626312000_0,0 days 00:01:00,-2.5308453394270408e-06,179.3316183974714,0.0,0,4.622067664637548,55.729433,12.6793
2025-01-14 13:30:01,2025-01-14 13:30:01,Class A,626312000_0,55.726067,12.679467,Under way using engine,0.0,11.9,178.0,177.0,9332834,TRAX5,WISDOMS DAUGHTER,Tanker,No additional information,42.0,244.0,GPS,7.3,FOR ORDER,17/01/2025 09:00:00,AIS,POINT (12.679467 55.726067),626312000_0,0 days 00:01:00,4.116258429563109e-06,178.39957162858536,0.0,0,4.623420525358363,55.726067,12.679467
2025-01-14 13:31:01,2025-01-14 13:31:01,Class A,626312000_0,55.7228,12.679667,Under way using engine,1.1,12.0,177.0,176.0,9332834,TRAX5,WISDOMS DAUGHTER,Tanker,No additional information,42.0,244.0,GPS,7.3,FOR ORDER,17/01/2025 09:00:00,AIS,POINT (12.679667 55.7228),626312000_0,0 days 00:01:00,-3.0423262660803896e-06,178.02534122500413,0.0,0,4.624770987517761,55.7228,12.679667
2025-01-14 13:32:00,2025-01-14 13:32:00,Class A,626312000_0,55.7195,12.679883,Under way using engine,-1.1,12.0,178.0,176.0,9332834,TRAX5,WISDOMS DAUGHTER,Tanker,No additional information,42.0,244.0,GPS,7.3,FOR ORDER,17/01/2025 09:00:00,AIS,POINT (12.679883 55.7195),626312000_0,0 days 00:00:59,2.807652452615847e-06,177.88863623626776,0.0,0,4.626150099731959,55.7195,12.679883
2025-01-14 13:33:00,2025-01-14 13:33:00,Class A,626312000_0,55.716083,12.680167,Under way using engine,-2.2,12.0,178.0,176.0,9332834,TRAX5,WISDOMS DAUGHTER,Tanker,No additional information,42.0,244.0,GPS,7.3,FOR ORDER,17/01/2025 09:00:00,AIS,POINT (12.680167 55.716083),626312000_0,0 days 00:01:00,1.9340105855946186e-06,177.3195095628123,0.0,0,4.627636514674096,55.716083,12.680167
2025-01-14 13:34:00,2025-01-14 13:34:00,Class A,626312000_0,55.712767,12.680433,Under way using engine,3.6,12.0,176.0,176.0,9332834,TRAX5,WISDOMS DAUGHTER,Tanker,No additional information,42.0,244.0,GPS,7.3,FOR ORDER,17/01/2025 09:00:00,AIS,POINT (12.680433 55.712767),626312000_0,0 days 00:01:00,-3.1348087269173567e-06,177.41258244479786,0.0,0,4.6290719981405575,55.712767,12.680433
2025-01-14 13:35:00,2025-01-14 13:35:00,Class A,626312000_0,55.709483,12.68065,Under way using engine,0.0,12.0,177.0,175.0,9332834,TRAX5,WISDOMS DAUGHTER,Tanker,No additional information,42.0,244.0,GPS,7.3,FOR ORDER,17/01/2025 09:00:00,AIS,POINT (12.68065 55.709483),626312000_0,0 days 00:01:00,-1.0241627216539656e-06,177.86799931359383,0.0,0,4.630452206284825,55.709483,12.68065
2025-01-14 13:36:00,2025-01-14 13:36:00,Class A,626312000_0,55.7061,12.680933,Under way using engine,-1.1,12.0,178.0,177.0,9332834,TRAX5,WISDOMS DAUGHTER,Tanker,No additional information,42.0,244.0,GPS,7.3,FOR ORDER,17/01/2025 09:00:00,AIS,POINT (12.680933 55.7061),626312000_0,0 days 00:01:00,3.1076885635392674e-06,177.30144035043338,0.0,0,4.631931520462063,55.7061,12.680933
2025-01-14 14:00:00,2025-01-14 14:00:00,Class A,626312000_0,55.63275,12.69405,Under way using engine,0.0,8.6,173.0,173.0,9332834,TRAX5,WISDOMS DAUGHTER,Tanker,No additional information,42.0,244.0,GPS,7.3,FOR ORDER,17/01/2025 09:00:00,AIS,POINT (12.69405 55.63275),626312000_0,0 days 00:24:00,-4.058766686759012e-07,174.23561673863787,0.0,0,4.6709768046875375,55.63275,12.69405
2025-01-14 14:01:00,2025-01-14 14:01:00,Class A,626312000_0,55.630317,12.694517,Under way using engine,0.0,8.5,174.0,174.0,9332834,TRAX5,WISDOMS DAUGHTER,Tanker,No additional information,42.0,244.0,GPS,7.3,FOR ORDER,17/01/2025 09:00:00,AIS,POINT (12.694517 55.630317),626312000_0,0 days 00:01:00,-1.9314696214944947e-05,173.81565555635518,0.0,0,4.672316311874122,55.630317,12.694517
2025-01-14 14:02:00,2025-01-14 14:02:00,Class A,626312000_0,55.62795,12.694883,Under way using engine,-1.1,8.4,175.0,174.0,9332834,TRAX5,WISDOMS DAUGHTER,Tanker,No additional information,42.0,244.0,GPS,7.3,FOR ORDER,17/01/2025 09:00:00,AIS,POINT (12.694883 55.62795),626312000_0,0 days 00:01:00,-2.203907973618166e-06,175.0109311893782,0.0,0,4.673538418398849,55.62795,12.694883
2025-01-14 14:03:00,2025-01-14 14:03:00,Class A,626312000_0,55.62565,12.695233,Under way using engine,0.0,8.2,174.0,173.0,9332834,TRAX5,WISDOMS DAUGHTER,Tanker,No additional information,42.0,244.0,GPS,7.3,FOR ORDER,17/01/2025 09:00:00,AIS,POINT (12.695233 55.62565),626312000_0,0 days 00:01:00,-2.088511352790756e-06,175.08937556305705,0.0,0,4.674721569596418,55.62565,12.695233
2025-01-14 14:04:00,2025-01-14 14:04:00,Class A,626312000_0,55.623333,12.6956,Under way using engine,0.0,8.1,175.0,174.0,9332834,TRAX5,WISDOMS DAUGHTER,Tanker,No additional information,42.0,244.0,GPS,7.3,FOR ORDER,17/01/2025 09:00:00,AIS,POINT (12.6956 55.623333),626312000_0,0 days 00:01:00,5.49773344507984e-07,174.8893807437098,0.0,0,4.675927701546294,55.623333,12.6956
2025-01-14 14:05:00,2025-01-14 14:05:00,Class A,626312000_0,55.621133,12.695883,Under way using engine,0.0,7.9,175.0,173.0,9332834,TRAX5,WISDOMS DAUGHTER,Tanker,No additional information,42.0,244.0,GPS,7.3,FOR ORDER,17/01/2025 09:00:00,AIS,POINT (12.695883 55.621133),626312000_0,0 days 00:01:00,-3.725616350483118e-06,175.84555075415733,0.0,0,4.677013018317247,55.621133,12.695883
2025-01-14 14:06:00,2025-01-14 14:06:00,Class A,626312000_0,55.618883,12.696167,Under way using engine,0.0,7.8,176.0,174.0,9332834,TRAX5,WISDOMS DAUGHTER,Tanker,No additional information,42.0,244.0,GPS,7.3,FOR ORDER,17/01/2025 09:00:00,AIS,POINT (12.696167 55.618883),626312000_0,0 days 00:01:00,1.5435679636294711e-06,175.92301946043358,0.0,0,4.678118792500359,55.618883,12.696167
2025-01-14 14:21:00,2025-01-14 14:21:00,Class A,626312000_0,55.586883,12.700367,Under way using engine,-1.1,7.5,175.0,172.0,9332834,TRAX5,WISDOMS DAUGHTER,Tanker,No additional information,42.0,244.0,GPS,7.3,FOR ORDER,17/01/2025 09:00:00,AIS,POINT (12.700367 55.586883),626312000_0,0 days 00:15:00,-2.402437198423884e-07,175.75774702966282,0.0,0,4.694084577885767,55.586883,12.700367
2025-01-14 14:22:00,2025-01-14 14:22:00,Class A,626312000_0,55.5848,12.700717,Under way using engine,0.0,7.5,175.0,173.0,9332834,TRAX5,WISDOMS DAUGHTER,Tanker,No additional information,42.0,244.0,GPS,7.3,FOR ORDER,17/01/2025 09:00:00,AIS,POINT (12.700717 55.5848),626312000_0,0 days 00:01:00,-1.4476258066550435e-06,174.57509287898313,0.0,0,4.6952005031080395,55.5848,12.700717
2025-01-14 14:23:00,2025-01-14 14:23:00,Class A,626312000_0,55.58265,12.701067,Under way using engine,1.1,7.5,174.0,173.0,9332834,TRAX5,WISDOMS DAUGHTER,Tanker,No additional information,42.0,244.0,GPS,7.3,FOR ORDER,17/01/2025 09:00:00,AIS,POINT (12.701067 55.58265),626312000_0,0 days 00:01:00,2.0630304335530225e-06,174.7428996392489,0.0,0,4.696342631153097,55.58265,12.701067
2025-01-14 14:47:01,2025-01-14 14:47:01,Class A,626312000_0,55.5359,12.69635,Under way using engine,-2.2,6.2,185.0,173.0,9332834,TRAX5,WISDOMS DAUGHTER,Tanker,No additional information,42.0,244.0,GPS,7.3,FOR ORDER,17/01/2025 09:00:00,AIS,POINT (12.69635 55.5359),626312000_0,0 days 00:24:01,-2.696220110056882e-07,183.26789674211278,0.0,0,4.710002115724473,55.5359,12.69635
2025-01-14 14:48:01,2025-01-14 14:48:01,Class A,626312000_0,55.534167,12.696433,Under way using engine,6.4,6.2,177.0,177.0,9332834,TRAX5,WISDOMS DAUGHTER,Tanker,No additional information,42.0,244.0,GPS,7.3,FOR ORDER,17/01/2025 09:00:00,AIS,POINT (12.696433 55.534167),626312000_0,0 days 00:01:00,-6.683520797779779e-06,178.44744561518803,0.0,0,4.710754151679859,55.534167,12.696433
2025-01-14 14:49:01,2025-01-14 14:49:01,Class A,626312000_0,55.53235,12.696467,Under way using engine,1.1,6.3,183.0,180.0,9332834,TRAX5,WISDOMS DAUGHTER,Tanker,No additional information,42.0,244.0,GPS,7.3,FOR ORDER,17/01/2025 09:00:00,AIS,POINT (12.696467 55.53235),626312000_0,0 days 00:01:00,2.5811597728546856e-06,179.3932616877621,0.0,0,4.711494379428463,55.53235,12.696467
2025-01-14 14:50:01,2025-01-14 14:50:01,Class A,626312000_0,55.530567,12.696183,Under way using engine,-2.9,6.4,186.0,180.0,9332834,TRAX5,WISDOMS DAUGHTER,Tanker,No additional information,42.0,244.0,GPS,7.3,FOR ORDER,17/01/2025 09:00:00,AIS,POINT (12.696183 55.530567),626312000_0,0 days 00:01:00,-8.301036109126666e-07,185.15119612454285,0.0,0,4.711929178815086,55.530567,12.696183
2025-01-14 14:51:00,2025-01-14 14:51:00,Class A,626312000_0,55.528783,12.696,Under way using engine,2.2,6.5,182.0,180.0,9332834,TRAX5,WISDOMS DAUGHTER,Tanker,No additional information,42.0,244.0,GPS,7.3,FOR ORDER,17/01/2025 09:00:00,AIS,POINT (12.696 55.528783),626312000_0,0 days 00:00:59,8.505292330922184e-07,183.32278359518386,0.0,0,4.712457980119082,55.528783,12.696
2025-01-14 14:52:00,2025-01-14 14:52:00,Class A,626312000_0,55.526867,12.6958,Under way using engine,-2.2,7.0,183.0,178.0,9332834,TRAX5,WISDOMS DAUGHTER,Tanker,No additional information,42.0,244.0,GPS,7.3,FOR ORDER,17/01/2025 09:00:00,AIS,POINT (12.6958 55.526867),626312000_0,0 days 00:01:00,3.1559737114804684e-06,183.38130337140754,0.0,0,4.71302341820492,55.526867,12.6958
2025-01-14 14:53:00,2025-01-14 14:53:00,Class A,626312000_0,55.5249,12.6957,Under way using engine,0.0,7.4,180.0,176.0,9332834,TRAX5,WISDOMS DAUGHTER,Tanker,No additional information,42.0,244.0,GPS,7.3,FOR ORDER,17/01/2025 09:00:00,AIS,POINT (12.6957 55.5249),626312000_0,0 days 00:01:00,1.4987167920094873e-06,181.64835869415245,0.0,0,4.7137015619393,55.5249,12.6957
2025-01-14 14:54:00,2025-01-14 14:54:00,Class A,626312000_0,55.522733,12.695667,Under way using engine,0.0,7.8,179.0,176.0,9332834,TRAX5,WISDOMS DAUGHTER,Tanker,No additional information,42.0,244.0,GPS,7.3,FOR ORDER,17/01/2025 09:00:00,AIS,POINT (12.695667 55.522733),626312000_0,0 days 00:01:00,6.162364330737426e-06,180.49390577878975,0.0,0,4.714520485250329,55.522733,12.695667
2025-01-14 14:55:00,2025-01-14 14:55:00,Class A,626312000_0,55.520517,12.695683,Under way using engine,-2.2,8.3,180.0,176.0,9332834,TRAX5,WISDOMS DAUGHTER,Tanker,No additional information,42.0,244.0,GPS,7.3,FOR ORDER,17/01/2025 09:00:00,AIS,POINT (12.695683 55.520517),626312000_0,0 days 00:01:00,1.5134173844256535e-06,179.76580797417114,0.0,0,4.715404562969016,55.520517,12.695683
2025-01-14 14:56:00,2025-01-14 14:56:00,Class A,626312000_0,55.518167,12.695717,Under way using engine,1.1,8.6,178.0,175.0,9332834,TRAX5,WISDOMS DAUGHTER,Tanker,No additional information,42.0,244.0,GPS,7.3,FOR ORDER,17/01/2025 09:00:00,AIS,POINT (12.695717 55.518167),626312000_0,0 days 00:01:00,4.145911757341735e-06,179.53069889718233,0.0,0,4.716358719362323,55.518167,12.695717
2025-01-14 14:57:00,2025-01-14 14:57:00,Class A,626312000_0,55.515733,12.695767,Under way using engine,-1.1,8.9,180.0,175.0,9332834,TRAX5,WISDOMS DAUGHTER,Tanker,No additional information,42.0,244.0,GPS,7.3,FOR ORDER,17/01/2025 09:00:00,AIS,POINT (12.695767 55.515733),626312000_0,0 days 00:01:00,2.6004062409520306e-06,179.33364303202598,0.0,0,4.717361605563539,55.515733,12.695767
2025-01-14 14:58:00,2025-01-14 14:58:00,Class A,626312000_0,55.513183,12.695867,Under way using engine,0.0,9.2,179.0,176.0,9332834,TRAX5,WISDOMS DAUGHTER,Tanker,No additional information,42.0,244.0,GPS,7.3,FOR ORDER,17/01/2025 09:00:00,AIS,POINT (12.695867 55.513183),626312000_0,0 days 00:01:00,3.6017735873312106e-06,178.72798070908584,0.0,0,4.718457175406492,55.513183,12.695867
2025-01-14 15:07:01,2025-01-14 15:07:01,Class A,626312000_0,55.488483,12.694383,Under way using engine,0.0,10.1,190.0,190.0,9332834,TRAX5,WISDOMS DAUGHTER,Tanker,No additional information,42.0,244.0,GPS,7.3,FOR ORDER,17/01/2025 09:00:00,AIS,POINT (12.694383 55.488483),626312000_0,0 days 00:09:01,6.527922016057879e-07,181.94960715183078,0.0,0,4.7268775515776795,55.488483,12.694383
2025-01-14 15:08:01,2025-01-14 15:08:01,Class A,626312000_0,55.485717,12.693317,Under way using engine,0.0,10.2,192.0,190.0,9332834,TRAX5,WISDOMS DAUGHTER,Tanker,No additional information,42.0,244.0,GPS,7.3,FOR ORDER,17/01/2025 09:00:00,AIS,POINT (12.693317 55.485717),626312000_0,0 days 00:01:00,2.798297682077809e-06,192.3182605011132,0.0,0,4.7270024901839225,55.485717,12.693317
2025-01-14 15:09:01,2025-01-14 15:09:01,Class A,626312000_0,55.482933,12.69225,Under way using engine,0.0,10.2,192.0,190.0,9332834,TRAX5,WISDOMS DAUGHTER,Tanker,No additional information,42.0,244.0,GPS,7.3,FOR ORDER,17/01/2025 09:00:00,AIS,POINT (12.69225 55.482933),626312000_0,0 days 00:01:00,5.47848423250163e-07,192.25300143998217,0.0,0,4.727135558325781,55.482933,12.69225
2025-01-14 15:10:01,2025-01-14 15:10:01,Class A,626312000_0,55.480133,12.691183,Under way using engine,0.0,10.3,192.0,190.0,9332834,TRAX5,WISDOMS DAUGHTER,Tanker,No additional information,42.0,244.0,GPS,7.3,FOR ORDER,17/01/2025 09:00:00,AIS,POINT (12.691183 55.480133),626312000_0,0 days 00:01:00,4.837964754353819e-07,192.18592204511089,0.0,0,4.727276904149893,55.480133,12.691183
2025-01-14 15:11:01,2025-01-14 15:11:01,Class A,626312000_0,55.477233,12.690083,Under way using engine,0.0,10.4,192.0,190.0,9332834,TRAX5,WISDOMS DAUGHTER,Tanker,No additional information,42.0,244.0,GPS,7.3,FOR ORDER,17/01/2025 09:00:00,AIS,POINT (12.690083 55.477233),626312000_0,0 days 00:01:00,3.1454773777999487e-06,192.13214456591203,0.0,0,4.727429975061398,55.477233,12.690083
2025-01-14 15:12:01,2025-01-14 15:12:01,Class A,626312000_0,55.474467,12.689033,Under way using engine,0.0,10.3,192.0,191.0,9332834,TRAX5,WISDOMS DAUGHTER,Tanker,No additional information,42.0,244.0,GPS,7.3,FOR ORDER,17/01/2025 09:00:00,AIS,POINT (12.689033 55.474467),626312000_0,0 days 00:01:00,-4.235802080324484e-06,192.14225648714614,0.0,0,4.727577106380076,55.474467,12.689033
2025-01-14 15:20:01,2025-01-14 15:20:01,Class A,626312000_0,55.451317,12.67975,Under way using engine,0.0,10.4,194.0,193.0,9332834,TRAX5,WISDOMS DAUGHTER,Tanker,No additional information,42.0,244.0,GPS,7.3,FOR ORDER,17/01/2025 09:00:00,AIS,POINT (12.67975 55.451317),626312000_0,0 days 00:08:00,5.347594600842486e-07,192.81171190892798,0.0,0,4.728428524166142,55.451317,12.67975
2025-01-14 15:21:01,2025-01-14 15:21:01,Class A,626312000_0,55.44865,12.678567,Under way using engine,0.0,10.5,194.0,193.0,9332834,TRAX5,WISDOMS DAUGHTER,Tanker,No additional information,42.0,244.0,GPS,7.3,FOR ORDER,17/01/2025 09:00:00,AIS,POINT (12.678567 55.44865),626312000_0,0 days 00:01:00,-6.725118982191102e-06,194.12080078474193,0.0,0,4.728431314314082,55.44865,12.678567
2025-01-14 15:22:01,2025-01-14 15:22:01,Class A,626312000_0,55.446083,12.677433,Under way using engine,1.1,10.5,193.0,192.0,9332834,TRAX5,WISDOMS DAUGHTER,Tanker,No additional information,42.0,244.0,GPS,7.3,FOR ORDER,17/01/2025 09:00:00,AIS,POINT (12.677433 55.446083),626312000_0,0 days 00:01:00,-3.2089358874389165e-06,194.06638794208826,0.0,0,4.72843994084825,55.446083,12.677433
2025-01-14 15:23:00,2025-01-14 15:23:00,Class A,626312000_0,55.443283,12.6762,Under way using engine,1.1,10.5,194.0,192.0,9332834,TRAX5,WISDOMS DAUGHTER,Tanker,No additional information,42.0,244.0,GPS,7.3,FOR ORDER,17/01/2025 09:00:00,AIS,POINT (12.6762 55.443283),626312000_0,0 days 00:00:59,9.077051383627525e-06,194.0244173745479,0.0,0,4.728454838230772,55.443283,12.6762
2025-01-14 15:24:00,2025-01-14 15:24:00,Class A,626312000_0,55.440467,12.674917,Under way using engine,0.0,10.5,194.0,192.0,9332834,TRAX5,WISDOMS DAUGHTER,Tanker,No additional information,42.0,244.0,GPS,7.3,FOR ORDER,17/01/2025 09:00:00,AIS,POINT (12.674917 55.440467),626312000_0,0 days 00:01:00,-8.161587516177076e-07,194.49107569439175,0.0,0,4.728432607588377,55.440467,12.674917
2025-01-14 15:25:00,2025-01-14 15:25:00,Class A,626312000_0,55.437633,12.67365,Under way using engine,0.0,10.5,194.0,192.0,9332834,TRAX5,WISDOMS DAUGHTER,Tanker,No additional information,42.0,244.0,GPS,7.3,FOR ORDER,17/01/2025 09:00:00,AIS,POINT (12.67365 55.437633),626312000_0,0 days 00:01:00,4.696414512156584e-07,194.2315800323179,0.0,0,4.728434364098545,55.437633,12.67365
2025-01-14 15:26:00,2025-01-14 15:26:00,Class A,626312000_0,55.434783,12.672417,Under way using engine,1.1,10.5,193.0,192.0,9332834,TRAX5,WISDOMS DAUGHTER,Tanker,No additional information,42.0,244.0,GPS,7.3,FOR ORDER,17/01/2025 09:00:00,AIS,POINT (12.672417 55.434783),626312000_0,0 days 00:01:00,3.3534928075027704e-07,193.7906988231993,0.0,0,4.728475729254089,55.434783,12.672417
2025-01-14 15:35:00,2025-01-14 15:35:00,Class A,626312000_0,55.40835,12.658783,Under way using engine,0.0,11.7,196.0,195.0,9332834,TRAX5,WISDOMS DAUGHTER,Tanker,No additional information,42.0,244.0,GPS,7.3,FOR ORDER,17/01/2025 09:00:00,AIS,POINT (12.658783 55.40835),626312000_0,0 days 00:09:00,4.323301026314511e-07,196.32199899255534,0.0,0,4.726956699320399,55.40835,12.658783
2025-01-14 15:36:00,2025-01-14 15:36:00,Class A,626312000_0,55.4052,12.657133,Under way using engine,0.0,11.8,196.0,195.0,9332834,TRAX5,WISDOMS DAUGHTER,Tanker,No additional information,42.0,244.0,GPS,7.3,FOR ORDER,17/01/2025 09:00:00,AIS,POINT (12.657133 55.4052),626312000_0,0 days 00:01:00,6.993477776583721e-06,196.56268190651355,0.0,0,4.72676516586661,55.4052,12.657133
2025-01-14 15:37:00,2025-01-14 15:37:00,Class A,626312000_0,55.402067,12.6554,Under way using engine,0.0,12.0,197.0,195.0,9332834,TRAX5,WISDOMS DAUGHTER,Tanker,No additional information,42.0,244.0,GPS,7.3,FOR ORDER,17/01/2025 09:00:00,AIS,POINT (12.6554 55.402067),626312000_0,0 days 00:01:00,-7.418933952447853e-08,197.43667644798933,0.0,0,4.726493764276855,55.402067,12.6554
2025-01-14 15:38:00,2025-01-14 15:38:00,Class A,626312000_0,55.398833,12.653683,Under way using engine,-1.1,12.1,197.0,195.0,9332834,TRAX5,WISDOMS DAUGHTER,Tanker,No additional information,42.0,244.0,GPS,7.3,FOR ORDER,17/01/2025 09:00:00,AIS,POINT (12.653683 55.398833),626312000_0,0 days 00:01:00,2.9024393774244727e-06,196.77755758751275,0.0,0,4.726281751092394,55.398833,12.653683
2025-01-14 15:39:00,2025-01-14 15:39:00,Class A,626312000_0,55.395567,12.65195,Under way using engine,0.0,12.2,196.0,194.0,9332834,TRAX5,WISDOMS DAUGHTER,Tanker,No additional information,42.0,244.0,GPS,7.3,FOR ORDER,17/01/2025 09:00:00,AIS,POINT (12.65195 55.395567),626312000_0,0 days 00:01:00,1.029425817187981e-06,196.76982938848187,0.0,0,4.726071408310289,55.395567,12.65195
2025-01-14 15:40:00,2025-01-14 15:40:00,Class A,626312000_0,55.392283,12.6503,Under way using engine,0.0,12.4,195.0,194.0,9332834,TRAX5,WISDOMS DAUGHTER,Tanker,No additional information,42.0,244.0,GPS,7.3,FOR ORDER,17/01/2025 09:00:00,AIS,POINT (12.6503 55.392283),626312000_0,0 days 00:01:00,1.2269812027420359e-07,195.9267243449135,0.0,0,4.725946858311888,55.392283,12.6503
2025-01-14 15:41:00,2025-01-14 15:41:00,Class A,626312000_0,55.38895,12.64865,Under way using engine,0.0,12.5,195.0,194.0,9332834,TRAX5,WISDOMS DAUGHTER,Tanker,No additional information,42.0,244.0,GPS,7.3,FOR ORDER,17/01/2025 09:00:00,AIS,POINT (12.64865 55.38895),626312000_0,0 days 00:01:00,1.458347331810897e-06,195.70546719006327,0.0,0,4.725845717575744,55.38895,12.64865
2025-01-14 15:49:00,2025-01-14 15:49:00,Class A,626312000_0,55.361617,12.634,Under way using engine,0.0,13.0,198.0,196.0,9332834,TRAX5,WISDOMS DAUGHTER,Tanker,No additional information,42.0,244.0,GPS,7.3,FOR ORDER,17/01/2025 09:00:00,AIS,POINT (12.634 55.361617),626312000_0,0 days 00:08:00,4.229177236031532e-07,196.94384855235595,0.0,0,4.724114098944689,55.361617,12.634
2025-01-14 15:50:00,2025-01-14 15:50:00,Class A,626312000_0,55.358083,12.632083,Under way using engine,0.0,13.1,197.0,196.0,9332834,TRAX5,WISDOMS DAUGHTER,Tanker,No additional information,42.0,244.0,GPS,7.3,FOR ORDER,17/01/2025 09:00:00,AIS,POINT (12.632083 55.358083),626312000_0,0 days 00:01:00,3.916800322742341e-06,197.1372398996465,0.0,0,4.7238843660920615,55.358083,12.632083
2025-01-14 15:51:00,2025-01-14 15:51:00,Class A,626312000_0,55.35465,12.630167,Under way using engine,-1.1,13.1,197.0,195.0,9332834,TRAX5,WISDOMS DAUGHTER,Tanker,No additional information,42.0,244.0,GPS,7.3,FOR ORDER,17/01/2025 09:00:00,AIS,POINT (12.630167 55.35465),626312000_0,0 days 00:01:00,-2.984884476228703e-06,197.60348139388,0.0,0,4.7236158263544255,55.35465,12.630167
2025-01-14 15:52:00,2025-01-14 15:52:00,Class A,626312000_0,55.3511,12.628283,Under way using engine,-1.1,13.1,196.0,195.0,9332834,TRAX5,WISDOMS DAUGHTER,Tanker,No additional information,42.0,244.0,GPS,7.3,FOR ORDER,17/01/2025 09:00:00,AIS,POINT (12.628283 55.3511),626312000_0,0 days 00:01:00,3.289708200945483e-06,196.79019211474835,0.0,0,4.723429510138792,55.3511,12.628283
2025-01-14 15:53:01,2025-01-14 15:53:01,Class A,626312000_0,55.3476,12.6265,Under way using engine,0.0,13.1,195.0,194.0,9332834,TRAX5,WISDOMS DAUGHTER,Tanker,No additional information,42.0,244.0,GPS,7.3,FOR ORDER,17/01/2025 09:00:00,AIS,POINT (12.6265 55.3476),626312000_0,0 days 00:01:01,-3.7721844798232006e-06,196.15420281172035,0.0,0,4.72331644199592,55.3476,12.6265
2025-01-14 15:54:01,2025-01-14 15:54:01,Class A,626312000_0,55.344033,12.624733,Under way using engine,0.0,13.1,195.0,194.0,9332834,TRAX5,WISDOMS DAUGHTER,Tanker,No additional information,42.0,244.0,GPS,7.3,FOR ORDER,17/01/2025 09:00:00,AIS,POINT (12.624733 55.344033),626312000_0,0 days 00:01:00,3.762699002909179e-06,195.73222841906707,0.0,0,4.723249846547289,55.344033,12.624733
2025-01-14 15:55:01,2025-01-14 15:55:01,Class A,626312000_0,55.340583,12.623033,Under way using engine,-3.6,13.0,195.0,192.0,9332834,TRAX5,WISDOMS DAUGHTER,Tanker,No additional information,42.0,244.0,GPS,7.3,FOR ORDER,17/01/2025 09:00:00,AIS,POINT (12.623033 55.340583),626312000_0,0 days 00:01:00,-3.802150781691387e-06,195.6543855172779,0.0,0,4.72319678906236,55.340583,12.623033
2025-01-14 15:56:01,2025-01-14 15:56:01,Class A,626312000_0,55.3371,12.621517,Under way using engine,-7.5,12.9,191.0,184.0,9332834,TRAX5,WISDOMS DAUGHTER,Tanker,No additional information,42.0,244.0,GPS,7.3,FOR ORDER,17/01/2025 09:00:00,AIS,POINT (12.621517 55.3371),626312000_0,0 days 00:01:00,1.5827817011648526e-07,193.9041463270359,0.0,0,4.723327135800146,55.3371,12.621517
2025-01-14 15:57:01,2025-01-14 15:57:01,Class A,626312000_0,55.333567,12.620867,Under way using engine,0.0,12.7,182.0,180.0,9332834,TRAX5,WISDOMS DAUGHTER,Tanker,No additional information,42.0,244.0,GPS,7.3,FOR ORDER,17/01/2025 09:00:00,AIS,POINT (12.620867 55.333567),626312000_0,0 days 00:01:00,-1.1196521607360233e-06,185.97410146819036,0.0,0,4.724263383587435,55.333567,12.620867
2025-01-14 15:59:00,2025-01-14 15:59:00,Class A,626312000_0,55.3265,12.620467,Under way using engine,0.0,12.8,181.0,181.0,9332834,TRAX5,WISDOMS DAUGHTER,Tanker,No additional information,42.0,244.0,GPS,7.3,FOR ORDER,17/01/2025 09:00:00,AIS,POINT (12.620467 55.3265),626312000_0,0 days 00:01:59,1.9755704966623977e-07,181.84430554254826,0.0,0,4.726955360523937,55.3265,12.620467
2025-01-14 16:00:00,2025-01-14 16:00:00,Class A,626312000_0,55.3229,12.620283,Under way using engine,0.0,12.8,181.0,181.0,9332834,TRAX5,WISDOMS DAUGHTER,Tanker,No additional information,42.0,244.0,GPS,7.3,FOR ORDER,17/01/2025 09:00:00,AIS,POINT (12.620283 55.3229),626312000_0,0 days 00:01:00,1.128058142478514e-06,181.66567541182206,0.0,0,4.728347977808953,55.3229,12.620283
2025-01-14 16:01:00,2025-01-14 16:01:00,Class A,626312000_0,55.31935,12.620033,Under way using engine,-8.7,12.8,182.0,177.0,9332834,TRAX5,WISDOMS DAUGHTER,Tanker,No additional information,42.0,244.0,GPS,7.3,FOR ORDER,17/01/2025 09:00:00,AIS,POINT (12.620033 55.31935),626312000_0,0 days 00:01:00,-1.5050926361554843e-06,182.29464606023828,0.0,0,4.729661774614544,55.31935,12.620033
2025-01-14 16:25:00,2025-01-14 16:25:00,Class A,626312000_0,55.272067,12.732417,Under way using engine,0.0,13.6,113.0,111.0,9332834,TRAX5,WISDOMS DAUGHTER,Tanker,No additional information,42.0,244.0,GPS,7.3,FOR ORDER,17/01/2025 09:00:00,AIS,POINT (12.732417 55.272067),626312000_0,0 days 00:24:00,-3.0049110385247767e-07,126.41715949872048,0.0,0,4.851435663585059,55.272067,12.732417
2025-01-14 16:26:01,2025-01-14 16:26:01,Class A,626312000_0,55.270583,12.7385,Under way using engine,0.0,13.6,112.0,111.0,9332834,TRAX5,WISDOMS DAUGHTER,Tanker,No additional information,42.0,244.0,GPS,7.3,FOR ORDER,17/01/2025 09:00:00,AIS,POINT (12.7385 55.270583),626312000_0,0 days 00:01:01,1.2020408199535858e-05,113.17954773309623,0.0,0,4.857561997050372,55.270583,12.7385
2025-01-14 16:27:01,2025-01-14 16:27:01,Class A,626312000_0,55.269083,12.744667,Under way using engine,0.0,13.5,112.0,111.0,9332834,TRAX5,WISDOMS DAUGHTER,Tanker,No additional information,42.0,244.0,GPS,7.3,FOR ORDER,17/01/2025 09:00:00,AIS,POINT (12.744667 55.269083),626312000_0,0 days 00:01:00,3.476731004751421e-06,113.11679535004231,0.0,0,4.863771338266735,55.269083,12.744667
2025-01-14 16:58:00,2025-01-14 16:58:00,Class A,626312000_0,55.223917,12.9286,Under way using engine,0.0,13.1,110.0,108.0,9332834,TRAX5,WISDOMS DAUGHTER,Tanker,No additional information,42.0,244.0,GPS,7.3,FOR ORDER,17/01/2025 09:00:00,AIS,POINT (12.9286 55.223917),626312000_0,0 days 00:30:59,-1.3552718735267817e-07,113.22915179444931,0.0,0,5.049306314083945,55.223917,12.9286
2025-01-14 16:59:00,2025-01-14 16:59:00,Class A,626312000_0,55.222683,12.9345,Under way using engine,0.0,13.1,109.0,108.0,9332834,TRAX5,WISDOMS DAUGHTER,Tanker,No additional information,42.0,244.0,GPS,7.3,FOR ORDER,17/01/2025 09:00:00,AIS,POINT (12.9345 55.222683),626312000_0,0 days 00:01:00,-3.1002269593407085e-06,110.13506324648222,0.0,0,5.055171145153048,55.222683,12.9345
2025-01-14 17:00:00,2025-01-14 17:00:00,Class A,626312000_0,55.2214,12.940583,Under way using engine,0.0,13.1,110.0,108.0,9332834,TRAX5,WISDOMS DAUGHTER,Tanker,No additional information,42.0,244.0,GPS,7.3,FOR ORDER,17/01/2025 09:00:00,AIS,POINT (12.940583 55.2214),626312000_0,0 days 00:01:00,3.5622500411352166e-06,110.2903599504449,0.0,0,5.061222841888114,55.2214,12.940583
2025-01-14 17:01:00,2025-01-14 17:01:00,Class A,626312000_0,55.220183,12.946417,Under way using engine,-1.1,13.1,110.0,108.0,9332834,TRAX5,WISDOMS DAUGHTER,Tanker,No additional information,42.0,244.0,GPS,7.3,FOR ORDER,17/01/2025 09:00:00,AIS,POINT (12.946417 55.220183),626312000_0,0 days 00:01:00,-4.832425452806245e-06,110.08540366018008,0.0,0,5.067021471885136,55.220183,12.946417
2025-01-14 17:02:00,2025-01-14 17:02:00,Class A,626312000_0,55.2189,12.952483,Under way using engine,0.0,13.1,109.0,108.0,9332834,TRAX5,WISDOMS DAUGHTER,Tanker,No additional information,42.0,244.0,GPS,7.3,FOR ORDER,17/01/2025 09:00:00,AIS,POINT (12.952483 55.2189),626312000_0,0 days 00:01:00,4.556827528724919e-06,110.34140871727175,0.0,0,5.073058560005987,55.2189,12.952483
2025-01-14 17:03:00,2025-01-14 17:03:00,Class A,626312000_0,55.217667,12.9585,Under way using engine,0.0,13.1,109.0,108.0,9332834,TRAX5,WISDOMS DAUGHTER,Tanker,No additional information,42.0,244.0,GPS,7.3,FOR ORDER,17/01/2025 09:00:00,AIS,POINT (12.9585 55.217667),626312000_0,0 days 00:01:00,-1.3399585378947594e-06,109.75699287139736,0.0,0,5.079030462652101,55.217667,12.9585
2025-01-14 17:27:01,2025-01-14 17:27:01,Class A,626312000_0,55.184667,13.1011,Under way using engine,-3.6,13.4,103.0,99.0,9332834,TRAX5,WISDOMS DAUGHTER,Tanker,No additional information,42.0,244.0,GPS,7.3,FOR ORDER,17/01/2025 09:00:00,AIS,POINT (13.1011 55.184667),626312000_0,0 days 00:24:01,1.1812113774370492e-08,112.01390696019712,0.0,0,5.222258241311705,55.184667,13.1011
2025-01-14 17:28:01,2025-01-14 17:28:01,Class A,626312000_0,55.1839,13.107567,Under way using engine,-1.1,13.3,99.0,94.0,9332834,TRAX5,WISDOMS DAUGHTER,Tanker,No additional information,42.0,244.0,GPS,7.3,FOR ORDER,17/01/2025 09:00:00,AIS,POINT (13.107567 55.1839),626312000_0,0 days 00:01:00,3.5747516804168216e-06,101.73259776495081,0.0,0,5.228452558471387,55.1839,13.107567
2025-01-14 17:29:01,2025-01-14 17:29:01,Class A,626312000_0,55.183433,13.113883,Under way using engine,1.1,13.3,96.0,94.0,9332834,TRAX5,WISDOMS DAUGHTER,Tanker,No additional information,42.0,244.0,GPS,7.3,FOR ORDER,17/01/2025 09:00:00,AIS,POINT (13.113883 55.183433),626312000_0,0 days 00:01:00,-4.173282334185338e-06,97.37629229228452,0.0,0,5.234385070121322,55.183433,13.113883
2025-01-14 17:50:01,2025-01-14 17:50:01,Class A,626312000_0,55.1766,13.2482,Under way using engine,0.0,13.2,94.0,91.0,9332834,TRAX5,WISDOMS DAUGHTER,Tanker,No additional information,42.0,244.0,GPS,7.3,FOR ORDER,17/01/2025 09:00:00,AIS,POINT (13.2482 55.1766),626312000_0,0 days 00:21:00,4.4949032173276674e-08,95.03608387827069,0.0,0,5.359494315514198,55.1766,13.2482
2025-01-14 17:51:01,2025-01-14 17:51:01,Class A,626312000_0,55.176283,13.254583,Under way using engine,0.0,13.2,95.0,91.0,9332834,TRAX5,WISDOMS DAUGHTER,Tanker,No additional information,42.0,244.0,GPS,7.3,FOR ORDER,17/01/2025 09:00:00,AIS,POINT (13.254583 55.176283),626312000_0,0 days 00:01:00,-2.425998877443776e-07,94.96777259963585,0.0,0,5.365447886095718,55.176283,13.254583
2025-01-14 17:52:01,2025-01-14 17:52:01,Class A,626312000_0,55.175967,13.26095,Under way using engine,0.0,13.1,94.0,91.0,9332834,TRAX5,WISDOMS DAUGHTER,Tanker,No additional information,42.0,244.0,GPS,7.3,FOR ORDER,17/01/2025 09:00:00,AIS,POINT (13.26095 55.175967),626312000_0,0 days 00:01:00,-2.8389252269859707e-07,94.96452759901041,0.0,0,5.371387450375181,55.175967,13.26095
2025-01-14 17:55:01,2025-01-14 17:55:01,Class A,626312000_0,55.175233,13.28005,Under way using engine,0.0,13.0,94.0,91.0,9332834,TRAX5,WISDOMS DAUGHTER,Tanker,No additional information,42.0,244.0,GPS,7.3,FOR ORDER,17/01/2025 09:00:00,AIS,POINT (13.28005 55.175233),626312000_0,0 days 00:03:00,-5.786901560179526e-08,93.84203730437997,0.0,0,5.389123986956322,55.175233,13.28005
2025-01-14 17:56:01,2025-01-14 17:56:01,Class A,626312000_0,55.1749,13.286383,Under way using engine,-2.2,13.0,94.0,90.0,9332834,TRAX5,WISDOMS DAUGHTER,Tanker,No additional information,42.0,244.0,GPS,7.3,FOR ORDER,17/01/2025 09:00:00,AIS,POINT (13.286383 55.1749),626312000_0,0 days 00:01:00,-3.760325173479221e-07,95.2581130440974,0.0,0,5.3950434684300745,55.1749,13.286383
2025-01-14 17:57:01,2025-01-14 17:57:01,Class A,626312000_0,55.174717,13.29265,Under way using engine,0.0,13.0,92.0,90.0,9332834,TRAX5,WISDOMS DAUGHTER,Tanker,No additional information,42.0,244.0,GPS,7.3,FOR ORDER,17/01/2025 09:00:00,AIS,POINT (13.29265 55.174717),626312000_0,0 days 00:01:00,-1.4951749848605977e-06,92.9245654147037,0.0,0,5.400842604756039,55.174717,13.29265
2025-01-14 17:58:00,2025-01-14 17:58:00,Class A,626312000_0,55.174533,13.298967,Under way using engine,0.0,13.0,92.0,90.0,9332834,TRAX5,WISDOMS DAUGHTER,Tanker,No additional information,42.0,244.0,GPS,7.3,FOR ORDER,17/01/2025 09:00:00,AIS,POINT (13.298967 55.174533),626312000_0,0 days 00:00:59,2.8304842427588823e-06,92.91724407741401,0.0,0,5.4066888843399346,55.174533,13.298967
2025-01-14 17:59:00,2025-01-14 17:59:00,Class A,626312000_0,55.174367,13.305267,Under way using engine,0.0,13.0,92.0,90.0,9332834,TRAX5,WISDOMS DAUGHTER,Tanker,No additional information,42.0,244.0,GPS,7.3,FOR ORDER,17/01/2025 09:00:00,AIS,POINT (13.305267 55.174367),626312000_0,0 days 00:01:00,-2.2244172908710464e-06,92.63912674301548,0.0,0,5.412513385101696,55.174367,13.305267
2025-01-14 18:00:00,2025-01-14 18:00:00,Class A,626312000_0,55.17415,13.3116,Under way using engine,0.0,13.0,93.0,90.0,9332834,TRAX5,WISDOMS DAUGHTER,Tanker,No additional information,42.0,244.0,GPS,7.3,FOR ORDER,17/01/2025 09:00:00,AIS,POINT (13.3116 55.17415),626312000_0,0 days 00:01:00,6.671936279151192e-07,93.43103254704658,0.0,0,5.418389800819891,55.17415,13.3116
2025-01-14 18:01:00,2025-01-14 18:01:00,Class A,626312000_0,55.173967,13.3179,Under way using engine,0.0,13.0,93.0,90.0,9332834,TRAX5,WISDOMS DAUGHTER,Tanker,No additional information,42.0,244.0,GPS,7.3,FOR ORDER,17/01/2025 09:00:00,AIS,POINT (13.3179 55.173967),626312000_0,0 days 00:01:00,-6.406901227853662e-07,92.90919102918582,0.0,0,5.424223308396144,55.173967,13.3179
2025-01-14 18:02:00,2025-01-14 18:02:00,Class A,626312000_0,55.1738,13.324067,Under way using engine,0.0,13.0,93.0,90.0,9332834,TRAX5,WISDOMS DAUGHTER,Tanker,No additional information,42.0,244.0,GPS,7.3,FOR ORDER,17/01/2025 09:00:00,AIS,POINT (13.324067 55.1738),626312000_0,0 days 00:01:00,-2.3749147653332986e-06,92.71226411293196,0.0,0,5.4299297678870575,55.1738,13.324067
2025-01-14 18:10:00,2025-01-14 18:10:00,Class A,626312000_0,55.1724,13.3749,Under way using engine,0.0,13.0,92.0,90.0,9332834,TRAX5,WISDOMS DAUGHTER,Tanker,No additional information,42.0,244.0,GPS,7.3,FOR ORDER,17/01/2025 09:00:00,AIS,POINT (13.3749 55.1724),626312000_0,0 days 00:08:00,4.152736345657857e-07,92.7400771950023,0.0,0,5.477014295839385,55.1724,13.3749
2025-01-14 18:12:02,2025-01-14 18:12:02,Class A,626312000_0,55.172,13.387533,Under way using engine,0.0,13.0,93.0,90.0,9332834,TRAX5,WISDOMS DAUGHTER,Tanker,No additional information,42.0,244.0,GPS,7.3,FOR ORDER,17/01/2025 09:00:00,AIS,POINT (13.387533 55.172),626312000_0,0 days 00:02:02,-1.2089647200339731e-06,93.1681105159488,0.0,0,5.4887470221581545,55.172,13.387533
2025-01-14 18:18:00,2025-01-14 18:18:00,Class A,626312000_0,55.17075,13.425867,Under way using engine,0.0,13.0,92.0,90.0,9332834,TRAX5,WISDOMS DAUGHTER,Tanker,No additional information,42.0,244.0,GPS,7.3,FOR ORDER,17/01/2025 09:00:00,AIS,POINT (13.425867 55.17075),626312000_0,0 days 00:05:58,6.31243007834953e-07,93.25200305169841,0.0,0,5.524388114586629,55.17075,13.425867
2025-01-14 18:19:00,2025-01-14 18:19:00,Class A,626312000_0,55.170567,13.431783,Under way using engine,0.0,13.0,92.0,90.0,9332834,TRAX5,WISDOMS DAUGHTER,Tanker,No additional information,42.0,244.0,GPS,7.3,FOR ORDER,17/01/2025 09:00:00,AIS,POINT (13.431783 55.170567),626312000_0,0 days 00:01:00,-9.033720981655672e-06,93.09772700974838,0.0,0,5.529887814248044,55.170567,13.431783
2025-01-14 18:20:00,2025-01-14 18:20:00,Class A,626312000_0,55.170417,13.437983,Under way using engine,0.0,13.0,91.0,90.0,9332834,TRAX5,WISDOMS DAUGHTER,Tanker,No additional information,42.0,244.0,GPS,7.3,FOR ORDER,17/01/2025 09:00:00,AIS,POINT (13.437983 55.170417),626312000_0,0 days 00:01:00,4.9726171739651085e-06,92.42307555846338,0.0,0,5.535635843430183,55.170417,13.437983
2025-01-14 18:21:00,2025-01-14 18:21:00,Class A,626312000_0,55.170317,13.444167,Under way using engine,0.0,13.0,92.0,90.0,9332834,TRAX5,WISDOMS DAUGHTER,Tanker,No additional information,42.0,244.0,GPS,7.3,FOR ORDER,17/01/2025 09:00:00,AIS,POINT (13.444167 55.170317),626312000_0,0 days 00:01:00,-3.371827194568472e-07,91.61925687716018,0.0,0,5.541350307227023,55.170317,13.444167
2025-01-14 18:22:00,2025-01-14 18:22:00,Class A,626312000_0,55.170217,13.450733,Under way using engine,0.0,13.0,92.0,90.0,9332834,TRAX5,WISDOMS DAUGHTER,Tanker,No additional information,42.0,244.0,GPS,7.3,FOR ORDER,17/01/2025 09:00:00,AIS,POINT (13.450733 55.170217),626312000_0,0 days 00:01:00,6.7594363759257625e-06,91.52478875719243,0.0,0,5.5474164199444225,55.170217,13.450733
2025-01-14 18:23:00,2025-01-14 18:23:00,Class A,626312000_0,55.1701,13.457267,Under way using engine,0.0,13.0,91.0,90.0,9332834,TRAX5,WISDOMS DAUGHTER,Tanker,No additional information,42.0,244.0,GPS,7.3,FOR ORDER,17/01/2025 09:00:00,AIS,POINT (13.457267 55.1701),626312000_0,0 days 00:01:00,-5.506654139821622e-07,91.79305912296746,0.0,0,5.553461030995537,55.1701,13.457267
2025-01-14 18:24:00,2025-01-14 18:24:00,Class A,626312000_0,55.17005,13.462917,Under way using engine,0.0,13.1,91.0,90.0,9332834,TRAX5,WISDOMS DAUGHTER,Tanker,No additional information,42.0,244.0,GPS,7.3,FOR ORDER,17/01/2025 09:00:00,AIS,POINT (13.462917 55.17005),626312000_0,0 days 00:01:00,-1.5691960588340146e-05,90.8853787241577,0.0,0,5.558668482918007,55.17005,13.462917
2025-01-14 18:25:00,2025-01-14 18:25:00,Class A,626312000_0,55.169817,13.469783,Under way using engine,0.0,13.1,91.0,90.0,9332834,TRAX5,WISDOMS DAUGHTER,Tanker,No additional information,42.0,244.0,GPS,7.3,FOR ORDER,17/01/2025 09:00:00,AIS,POINT (13.469783 55.169817),626312000_0,0 days 00:01:00,2.1726144499243813e-05,93.39749232111046,0.0,0,5.5650659872699615,55.169817,13.469783
2025-01-14 18:30:00,2025-01-14 18:30:00,Class A,626312000_0,55.169233,13.5017,Under way using engine,0.0,13.3,92.0,91.0,9332834,TRAX5,WISDOMS DAUGHTER,Tanker,No additional information,42.0,244.0,GPS,7.3,FOR ORDER,17/01/2025 09:00:00,AIS,POINT (13.5017 55.169233),626312000_0,0 days 00:05:00,-1.7394008571648371e-06,91.82180952117733,0.0,0,5.59462338990642,55.169233,13.5017
2025-01-14 18:36:00,2025-01-14 18:36:00,Class A,626312000_0,55.16855,13.540283,Under way using engine,0.0,13.3,91.0,90.0,9332834,TRAX5,WISDOMS DAUGHTER,Tanker,No additional information,42.0,244.0,GPS,7.3,FOR ORDER,17/01/2025 09:00:00,AIS,POINT (13.540283 55.16855),626312000_0,0 days 00:06:00,1.3870516110549822e-07,91.75938017607683,0.0,0,5.6303794703598795,55.16855,13.540283
2025-01-14 18:37:00,2025-01-14 18:37:00,Class A,626312000_0,55.168467,13.546733,Under way using engine,0.0,13.3,91.0,90.0,9332834,TRAX5,WISDOMS DAUGHTER,Tanker,No additional information,42.0,244.0,GPS,7.3,FOR ORDER,17/01/2025 09:00:00,AIS,POINT (13.546733 55.168467),626312000_0,0 days 00:01:00,3.2070123785070806e-07,91.28799572248016,0.0,0,5.636348348156721,55.168467,13.546733
2025-01-14 18:38:00,2025-01-14 18:38:00,Class A,626312000_0,55.16835,13.553217,Under way using engine,0.0,13.3,91.0,90.0,9332834,TRAX5,WISDOMS DAUGHTER,Tanker,No additional information,42.0,244.0,GPS,7.3,FOR ORDER,17/01/2025 09:00:00,AIS,POINT (13.553217 55.16835),626312000_0,0 days 00:01:00,6.303068089524074e-07,91.80683862817915,0.0,0,5.6423628624350295,55.16835,13.553217
2025-01-14 18:39:00,2025-01-14 18:39:00,Class A,626312000_0,55.168233,13.559683,Under way using engine,-1.1,13.3,91.0,90.0,9332834,TRAX5,WISDOMS DAUGHTER,Tanker,No additional information,42.0,244.0,GPS,7.3,FOR ORDER,17/01/2025 09:00:00,AIS,POINT (13.559683 55.168233),626312000_0,0 days 00:01:00,-3.1813544958945486e-07,91.81187460640757,0.0,0,5.648361843677244,55.168233,13.559683
2025-01-14 18:40:00,2025-01-14 18:40:00,Class A,626312000_0,55.168133,13.56625,Under way using engine,1.1,13.4,90.0,90.0,9332834,TRAX5,WISDOMS DAUGHTER,Tanker,No additional information,42.0,244.0,GPS,7.3,FOR ORDER,17/01/2025 09:00:00,AIS,POINT (13.56625 55.168133),626312000_0,0 days 00:01:00,1.7721377363652824e-06,91.52447613057706,0.0,0,5.654448250182154,55.168133,13.56625
2025-01-14 18:48:00,2025-01-14 18:48:00,Class A,626312000_0,55.16735,13.618717,Under way using engine,0.0,13.6,91.0,90.0,9332834,TRAX5,WISDOMS DAUGHTER,Tanker,No additional information,42.0,244.0,GPS,7.3,FOR ORDER,17/01/2025 09:00:00,AIS,POINT (13.618717 55.16735),626312000_0,0 days 00:08:00,-1.913434900082723e-08,91.47514881881597,0.0,0,5.703107742309101,55.16735,13.618717
2025-01-14 18:51:02,2025-01-14 18:51:02,Class A,626312000_0,55.166967,13.638667,Under way using engine,0.0,13.6,91.0,90.0,9332834,TRAX5,WISDOMS DAUGHTER,Tanker,No additional information,42.0,244.0,GPS,7.3,FOR ORDER,17/01/2025 09:00:00,AIS,POINT (13.638667 55.166967),626312000_0,0 days 00:03:02,1.1737784548993791e-07,91.91684847445617,0.0,0,5.7216605190718015,55.166967,13.638667
2025-01-14 18:55:02,2025-01-14 18:55:02,Class A,626312000_0,55.166417,13.664933,Under way using engine,0.0,13.5,92.0,90.0,9332834,TRAX5,WISDOMS DAUGHTER,Tanker,No additional information,42.0,244.0,GPS,7.3,FOR ORDER,17/01/2025 09:00:00,AIS,POINT (13.664933 55.166417),626312000_0,0 days 00:04:00,-4.2716964166464917e-08,92.0887193670323,0.0,0,5.746118816998913,55.166417,13.664933
2025-01-14 18:56:02,2025-01-14 18:56:02,Class A,626312000_0,55.16625,13.671617,Under way using engine,0.0,13.5,92.0,90.0,9332834,TRAX5,WISDOMS DAUGHTER,Tanker,No additional information,42.0,244.0,GPS,7.3,FOR ORDER,17/01/2025 09:00:00,AIS,POINT (13.671617 55.16625),626312000_0,0 days 00:01:00,2.1159953643315984e-06,92.50187067040082,0.0,0,5.7523557227961835,55.16625,13.671617
2025-01-14 19:15:01,2025-01-14 19:15:01,Class A,626312000_0,55.16225,13.795017,Under way using engine,-1.1,13.5,95.0,90.0,9332834,TRAX5,WISDOMS DAUGHTER,Tanker,No additional information,42.0,244.0,GPS,7.3,FOR ORDER,17/01/2025 09:00:00,AIS,POINT (13.795017 55.16225),626312000_0,0 days 00:18:59,-1.6708496845454422e-07,93.19719205650966,0.0,0,5.868024298755587,55.16225,13.795017
2025-01-14 19:21:00,2025-01-14 19:21:00,Class A,626312000_0,55.160733,13.833883,Under way using engine,0.0,13.1,94.0,90.0,9332834,TRAX5,WISDOMS DAUGHTER,Tanker,No additional information,42.0,244.0,GPS,7.3,FOR ORDER,17/01/2025 09:00:00,AIS,POINT (13.833883 55.160733),626312000_0,0 days 00:05:59,1.1464385027302353e-09,93.89269339746676,0.0,0,5.904616872508241,55.160733,13.833883
2025-01-14 19:22:00,2025-01-14 19:22:00,Class A,626312000_0,55.16055,13.84045,Under way using engine,0.0,13.1,93.0,90.0,9332834,TRAX5,WISDOMS DAUGHTER,Tanker,No additional information,42.0,244.0,GPS,7.3,FOR ORDER,17/01/2025 09:00:00,AIS,POINT (13.84045 55.16055),626312000_0,0 days 00:01:00,1.1353257144457319e-06,92.78994839126432,0.0,0,5.91077522305907,55.16055,13.84045
2025-01-14 19:31:00,2025-01-14 19:31:00,Class A,626312000_0,55.158017,13.897483,Under way using engine,0.0,13.0,94.0,90.0,9332834,TRAX5,WISDOMS DAUGHTER,Tanker,No additional information,42.0,244.0,GPS,7.3,FOR ORDER,17/01/2025 09:00:00,AIS,POINT (13.897483 55.158017),626312000_0,0 days 00:09:00,-4.2988213604088385e-07,94.42185396496319,0.0,0,5.964646207317664,55.158017,13.897483
2025-01-14 19:36:01,2025-01-14 19:36:01,Class A,626312000_0,55.156767,13.928033,Under way using engine,0.0,12.9,94.0,90.0,9332834,TRAX5,WISDOMS DAUGHTER,Tanker,No additional information,42.0,244.0,GPS,7.3,FOR ORDER,17/01/2025 09:00:00,AIS,POINT (13.928033 55.156767),626312000_0,0 days 00:05:01,-8.841689750054786e-07,94.08382285326559,0.0,0,5.9934874949372325,55.156767,13.928033
2025-01-14 19:37:01,2025-01-14 19:37:01,Class A,626312000_0,55.156533,13.934183,Under way using engine,1.1,12.9,93.0,90.0,9332834,TRAX5,WISDOMS DAUGHTER,Tanker,No additional information,42.0,244.0,GPS,7.3,FOR ORDER,17/01/2025 09:00:00,AIS,POINT (13.934183 55.156533),626312000_0,0 days 00:01:00,1.0349054154189299e-06,93.8075376664541,0.0,0,5.999289080958593,55.156533,13.934183
2025-01-14 19:38:01,2025-01-14 19:38:01,Class A,626312000_0,55.156267,13.940467,Under way using engine,0.0,13.0,94.0,90.0,9332834,TRAX5,WISDOMS DAUGHTER,Tanker,No additional information,42.0,244.0,GPS,7.3,FOR ORDER,17/01/2025 09:00:00,AIS,POINT (13.940467 55.156267),626312000_0,0 days 00:01:00,2.4368871698379873e-06,94.23465121745676,0.0,0,6.005227724000564,55.156267,13.940467
2025-01-14 19:39:00,2025-01-14 19:39:00,Class A,626312000_0,55.155983,13.946683,Under way using engine,0.0,12.9,93.0,90.0,9332834,TRAX5,WISDOMS DAUGHTER,Tanker,No additional information,42.0,244.0,GPS,7.3,FOR ORDER,17/01/2025 09:00:00,AIS,POINT (13.946683 55.155983),626312000_0,0 days 00:00:59,7.264552907464044e-07,94.56949408164797,0.0,0,6.011110501280858,55.155983,13.946683
2025-01-14 19:40:00,2025-01-14 19:40:00,Class A,626312000_0,55.155733,13.95335,Under way using engine,0.0,13.0,94.0,90.0,9332834,TRAX5,WISDOMS DAUGHTER,Tanker,No additional information,42.0,244.0,GPS,7.3,FOR ORDER,17/01/2025 09:00:00,AIS,POINT (13.95335 55.155733),626312000_0,0 days 00:01:00,6.018242821091976e-06,93.75226954842532,0.0,0,6.017400755142374,55.155733,13.95335
2025-01-14 19:41:00,2025-01-14 19:41:00,Class A,626312000_0,55.155367,13.960033,Under way using engine,0.0,12.9,94.0,90.0,9332834,TRAX5,WISDOMS DAUGHTER,Tanker,No additional information,42.0,244.0,GPS,7.3,FOR ORDER,17/01/2025 09:00:00,AIS,POINT (13.960033 55.155367),626312000_0,0 days 00:01:00,5.713765563745426e-07,95.47251923471538,0.0,0,6.023749380441471,55.155367,13.960033
2025-01-14 19:42:00,2025-01-14 19:42:00,Class A,626312000_0,55.154933,13.966733,Under way using engine,0.0,12.9,94.0,90.0,9332834,TRAX5,WISDOMS DAUGHTER,Tanker,No additional information,42.0,244.0,GPS,7.3,FOR ORDER,17/01/2025 09:00:00,AIS,POINT (13.966733 55.154933),626312000_0,0 days 00:01:00,5.188958982386422e-07,96.46540249251962,0.0,0,6.03013955421506,55.154933,13.966733
2025-01-14 20:15:01,2025-01-14 20:15:01,Class A,626312000_0,55.148017,14.171783,Under way using engine,0.0,13.0,93.0,90.0,9332834,TRAX5,WISDOMS DAUGHTER,Tanker,No additional information,42.0,244.0,GPS,7.3,FOR ORDER,17/01/2025 09:00:00,AIS,POINT (14.171783 55.148017),626312000_0,0 days 00:33:01,-2.7936989058750673e-07,93.2939170818363,0.0,0,6.223760043532284,55.148017,14.171783
2025-01-14 20:16:01,2025-01-14 20:16:01,Class A,626312000_0,55.147833,14.177967,Under way using engine,1.1,13.1,93.0,91.0,9332834,TRAX5,WISDOMS DAUGHTER,Tanker,No additional information,42.0,244.0,GPS,7.3,FOR ORDER,17/01/2025 09:00:00,AIS,POINT (14.177967 55.147833),626312000_0,0 days 00:01:00,-5.024095852921116e-07,92.97799196645678,0.0,0,6.229602056218761,55.147833,14.177967
2025-01-14 20:17:01,2025-01-14 20:17:01,Class A,626312000_0,55.1476,14.1844,Under way using engine,0.0,13.1,93.0,91.0,9332834,TRAX5,WISDOMS DAUGHTER,Tanker,No additional information,42.0,244.0,GPS,7.3,FOR ORDER,17/01/2025 09:00:00,AIS,POINT (14.1844 55.1476),626312000_0,0 days 00:01:00,4.4904573433565945e-06,93.6239352116653,0.0,0,6.235694836409894,55.1476,14.1844
2025-01-14 20:18:01,2025-01-14 20:18:01,Class A,626312000_0,55.147367,14.190633,Under way using engine,0.0,13.1,94.0,90.0,9332834,TRAX5,WISDOMS DAUGHTER,Tanker,No additional information,42.0,244.0,GPS,7.3,FOR ORDER,17/01/2025 09:00:00,AIS,POINT (14.190633 55.147367),626312000_0,0 days 00:01:00,-3.5342262978299855e-06,93.740036787701,0.0,0,6.241601434597453,55.147367,14.190633
2025-01-14 20:19:01,2025-01-14 20:19:01,Class A,626312000_0,55.14715,14.197083,Under way using engine,0.0,13.1,93.0,90.0,9332834,TRAX5,WISDOMS DAUGHTER,Tanker,No additional information,42.0,244.0,GPS,7.3,FOR ORDER,17/01/2025 09:00:00,AIS,POINT (14.197083 55.14715),626312000_0,0 days 00:01:00,3.8059361448296214e-06,93.36656932207632,0.0,0,6.247705762137809,55.14715,14.197083
2025-01-14 20:22:01,2025-01-14 20:22:01,Class A,626312000_0,55.146583,14.21715,Under way using engine,1.1,13.1,92.0,90.0,9332834,TRAX5,WISDOMS DAUGHTER,Tanker,No additional information,42.0,244.0,GPS,7.3,FOR ORDER,17/01/2025 09:00:00,AIS,POINT (14.21715 55.146583),626312000_0,0 days 00:03:00,1.3937475801597376e-06,92.82232797823144,0.0,0,6.266663409525679,55.146583,14.21715
2025-01-14 20:27:01,2025-01-14 20:27:01,Class A,626312000_0,55.1463,14.2491,Under way using engine,0.0,13.2,88.0,85.0,9332834,TRAX5,WISDOMS DAUGHTER,Tanker,No additional information,42.0,244.0,GPS,7.3,FOR ORDER,17/01/2025 09:00:00,AIS,POINT (14.2491 55.1463),626312000_0,0 days 00:05:00,-1.0849965572694125e-06,90.87486762771243,0.0,0,6.296642396915122,55.1463,14.2491
2025-01-14 20:28:01,2025-01-14 20:28:01,Class A,626312000_0,55.146383,14.255417,Under way using engine,0.0,13.2,87.0,83.0,9332834,TRAX5,WISDOMS DAUGHTER,Tanker,No additional information,42.0,244.0,GPS,7.3,FOR ORDER,17/01/2025 09:00:00,AIS,POINT (14.255417 55.146383),626312000_0,0 days 00:01:00,-1.2767440072360542e-06,88.68033301986179,0.0,0,6.3025229365504885,55.146383,14.255417
2025-01-14 20:29:01,2025-01-14 20:29:01,Class A,626312000_0,55.146583,14.26195,Under way using engine,0.0,13.3,86.0,82.0,9332834,TRAX5,WISDOMS DAUGHTER,Tanker,No additional information,42.0,244.0,GPS,7.3,FOR ORDER,17/01/2025 09:00:00,AIS,POINT (14.26195 55.146583),626312000_0,0 days 00:01:00,3.960989439503769e-06,86.93095491132868,0.0,0,6.308565179776461,55.146583,14.26195
2025-01-14 20:30:01,2025-01-14 20:30:01,Class A,626312000_0,55.146817,14.268367,Under way using engine,-2.2,13.3,85.0,80.0,9332834,TRAX5,WISDOMS DAUGHTER,Tanker,No additional information,42.0,244.0,GPS,7.3,FOR ORDER,17/01/2025 09:00:00,AIS,POINT (14.268367 55.146817),626312000_0,0 days 00:01:00,-1.9901774189514264e-06,86.3463055687796,0.0,0,6.314487865457103,55.146817,14.268367
2025-01-14 20:31:01,2025-01-14 20:31:01,Class A,626312000_0,55.1472,14.27465,Under way using engine,0.0,13.3,83.0,79.0,9332834,TRAX5,WISDOMS DAUGHTER,Tanker,No additional information,42.0,244.0,GPS,7.3,FOR ORDER,17/01/2025 09:00:00,AIS,POINT (14.27465 55.1472),626312000_0,0 days 00:01:00,-1.975770689052747e-06,83.90879038016396,0.0,0,6.320233661054708,55.1472,14.27465
2025-01-14 20:32:01,2025-01-14 20:32:01,Class A,626312000_0,55.14765,14.281183,Under way using engine,0.0,13.3,83.0,79.0,9332834,TRAX5,WISDOMS DAUGHTER,Tanker,No additional information,42.0,244.0,GPS,7.3,FOR ORDER,17/01/2025 09:00:00,AIS,POINT (14.281183 55.14765),626312000_0,0 days 00:01:00,4.631861380683556e-06,83.12439780057753,0.0,0,6.3261909947653345,55.14765,14.281183
2025-01-14 20:33:01,2025-01-14 20:33:01,Class A,626312000_0,55.148067,14.287567,Under way using engine,0.0,13.3,83.0,79.0,9332834,TRAX5,WISDOMS DAUGHTER,Tanker,No additional information,42.0,244.0,GPS,7.3,FOR ORDER,17/01/2025 09:00:00,AIS,POINT (14.287567 55.148067),626312000_0,0 days 00:01:00,-2.7409765718875545e-06,83.47661239123852,0.0,0,6.332021568986085,55.148067,14.287567
2025-01-14 21:18:00,2025-01-14 21:18:00,Class A,626312000_0,55.259217,14.463733,Under way using engine,-1.1,12.7,39.0,34.0,9332834,TRAX5,WISDOMS DAUGHTER,Tanker,No additional information,42.0,244.0,GPS,7.3,FOR ORDER,17/01/2025 09:00:00,AIS,POINT (14.463733 55.259217),626312000_0,0 days 00:44:59,-2.3713815288578816e-07,42.05589003422426,0.0,0,6.460075795396598,55.259217,14.463733
2025-01-14 21:20:00,2025-01-14 21:20:00,Class A,626312000_0,55.264783,14.471433,Under way using engine,0.0,12.7,38.0,34.0,9332834,TRAX5,WISDOMS DAUGHTER,Tanker,No additional information,42.0,244.0,GPS,7.3,FOR ORDER,17/01/2025 09:00:00,AIS,POINT (14.471433 55.264783),626312000_0,0 days 00:02:00,3.2744798269157362e-06,38.24537178107198,0.0,0,6.465537469646973,55.264783,14.471433
2025-01-14 21:22:00,2025-01-14 21:22:00,Class A,626312000_0,55.270317,14.478983,Under way using engine,0.0,12.8,37.0,34.0,9332834,TRAX5,WISDOMS DAUGHTER,Tanker,No additional information,42.0,244.0,GPS,7.3,FOR ORDER,17/01/2025 09:00:00,AIS,POINT (14.478983 55.270317),626312000_0,0 days 00:02:00,-6.062505804863598e-07,37.85480157274378,0.0,0,6.470877000737149,55.270317,14.478983
2025-01-14 21:23:00,2025-01-14 21:23:00,Class A,626312000_0,55.273167,14.482867,Under way using engine,1.1,12.8,37.0,35.0,9332834,TRAX5,WISDOMS DAUGHTER,Tanker,No additional information,42.0,244.0,GPS,7.3,FOR ORDER,17/01/2025 09:00:00,AIS,POINT (14.482867 55.273167),626312000_0,0 days 00:01:00,3.203288562073197e-06,37.823118352544384,0.0,0,6.473626404412368,55.273167,14.482867
2025-01-14 21:24:00,2025-01-14 21:24:00,Class A,626312000_0,55.275917,14.48665,Under way using engine,0.0,12.8,38.0,35.0,9332834,TRAX5,WISDOMS DAUGHTER,Tanker,No additional information,42.0,244.0,GPS,7.3,FOR ORDER,17/01/2025 09:00:00,AIS,POINT (14.48665 55.275917),626312000_0,0 days 00:01:00,-3.5375054081707243e-06,38.081548745955274,0.0,0,6.476315011343101,55.275917,14.48665
2025-01-14 21:25:00,2025-01-14 21:25:00,Class A,626312000_0,55.278717,14.49055,Under way using engine,0.0,12.8,37.0,34.0,9332834,TRAX5,WISDOMS DAUGHTER,Tanker,No additional information,42.0,244.0,GPS,7.3,FOR ORDER,17/01/2025 09:00:00,AIS,POINT (14.49055 55.278717),626312000_0,0 days 00:01:00,2.4909045552270043e-06,38.426119732224834,0.0,0,6.4791004583158,55.278717,14.49055
2025-01-14 21:26:01,2025-01-14 21:26:01,Class A,626312000_0,55.281517,14.49435,Under way using engine,0.0,12.8,37.0,34.0,9332834,TRAX5,WISDOMS DAUGHTER,Tanker,No additional information,42.0,244.0,GPS,7.3,FOR ORDER,17/01/2025 09:00:00,AIS,POINT (14.49435 55.281517),626312000_0,0 days 00:01:01,-2.8410595989577393e-06,37.70177253038128,0.0,0,6.481793604500841,55.281517,14.49435
2025-01-14 21:27:01,2025-01-14 21:27:01,Class A,626312000_0,55.2844,14.4982,Under way using engine,0.0,12.8,37.0,34.0,9332834,TRAX5,WISDOMS DAUGHTER,Tanker,No additional information,42.0,244.0,GPS,7.3,FOR ORDER,17/01/2025 09:00:00,AIS,POINT (14.4982 55.2844),626312000_0,0 days 00:01:00,4.365726078967664e-06,37.25324490595062,0.0,0,6.484509694651479,55.2844,14.4982
2025-01-14 21:28:01,2025-01-14 21:28:01,Class A,626312000_0,55.287183,14.501917,Under way using engine,0.0,12.8,37.0,34.0,9332834,TRAX5,WISDOMS DAUGHTER,Tanker,No additional information,42.0,244.0,GPS,7.3,FOR ORDER,17/01/2025 09:00:00,AIS,POINT (14.501917 55.287183),626312000_0,0 days 00:01:00,-3.885366292019935e-06,37.255351108002515,0.0,0,6.4871343910501045,55.287183,14.501917
2025-01-14 21:42:01,2025-01-14 21:42:01,Class A,626312000_0,55.327367,14.553367,Under way using engine,0.0,12.8,36.0,35.0,9332834,TRAX5,WISDOMS DAUGHTER,Tanker,No additional information,42.0,244.0,GPS,7.3,FOR ORDER,17/01/2025 09:00:00,AIS,POINT (14.553367 55.327367),626312000_0,0 days 00:14:00,1.213892474392051e-07,36.06151790183384,0.0,0,6.5231749143883135,55.327367,14.553367
2025-01-14 21:43:01,2025-01-14 21:43:01,Class A,626312000_0,55.330267,14.5571,Under way using engine,0.0,12.7,36.0,35.0,9332834,TRAX5,WISDOMS DAUGHTER,Tanker,No additional information,42.0,244.0,GPS,7.3,FOR ORDER,17/01/2025 09:00:00,AIS,POINT (14.5571 55.330267),626312000_0,0 days 00:01:00,1.3250031168293447e-06,36.21258176445923,0.0,0,6.525812407459167,55.330267,14.5571
2025-01-14 21:45:01,2025-01-14 21:45:01,Class A,626312000_0,55.335967,14.564483,Under way using engine,0.0,12.7,36.0,35.0,9332834,TRAX5,WISDOMS DAUGHTER,Tanker,No additional information,42.0,244.0,GPS,7.3,FOR ORDER,17/01/2025 09:00:00,AIS,POINT (14.564483 55.335967),626312000_0,0 days 00:02:00,-8.415602045665534e-07,36.377938423099124,0.0,0,6.531046759652622,55.335967,14.564483
2025-01-14 21:46:00,2025-01-14 21:46:00,Class A,626312000_0,55.3387,14.568133,Under way using engine,0.0,12.7,36.0,34.0,9332834,TRAX5,WISDOMS DAUGHTER,Tanker,No additional information,42.0,244.0,GPS,7.3,FOR ORDER,17/01/2025 09:00:00,AIS,POINT (14.568133 55.3387),626312000_0,0 days 00:00:59,-1.5636679889823717e-06,37.21784166679845,0.0,0,6.533664314016292,55.3387,14.568133
2025-01-14 21:47:00,2025-01-14 21:47:00,Class A,626312000_0,55.341483,14.57175,Under way using engine,0.0,12.7,36.0,34.0,9332834,TRAX5,WISDOMS DAUGHTER,Tanker,No additional information,42.0,244.0,GPS,7.3,FOR ORDER,17/01/2025 09:00:00,AIS,POINT (14.57175 55.341483),626312000_0,0 days 00:01:00,-9.157842179681984e-07,36.46778348362034,0.0,0,6.536237104870661,55.341483,14.57175
2025-01-14 21:48:00,2025-01-14 21:48:00,Class A,626312000_0,55.344383,14.575433,Under way using engine,0.0,12.6,35.0,33.0,9332834,TRAX5,WISDOMS DAUGHTER,Tanker,No additional information,42.0,244.0,GPS,7.3,FOR ORDER,17/01/2025 09:00:00,AIS,POINT (14.575433 55.344383),626312000_0,0 days 00:01:00,3.6038806075883516e-06,35.835392070744945,0.0,0,6.53883854740343,55.344383,14.575433
2025-01-14 21:49:00,2025-01-14 21:49:00,Class A,626312000_0,55.347283,14.578967,Under way using engine,1.1,12.7,35.0,35.0,9332834,TRAX5,WISDOMS DAUGHTER,Tanker,No additional information,42.0,244.0,GPS,7.3,FOR ORDER,17/01/2025 09:00:00,AIS,POINT (14.578967 55.347283),626312000_0,0 days 00:01:00,-1.5215106368671673e-06,34.71795649567093,0.0,0,6.541300627057667,55.347283,14.578967
2025-01-14 21:50:00,2025-01-14 21:50:00,Class A,626312000_0,55.350117,14.582617,Under way using engine,0.0,12.6,36.0,35.0,9332834,TRAX5,WISDOMS DAUGHTER,Tanker,No additional information,42.0,244.0,GPS,7.3,FOR ORDER,17/01/2025 09:00:00,AIS,POINT (14.582617 55.350117),626312000_0,0 days 00:01:00,-4.75946424347455e-07,36.213562479704194,0.0,0,6.543895687677565,55.350117,14.582617
2025-01-14 21:51:01,2025-01-14 21:51:01,Class A,626312000_0,55.352983,14.586317,Under way using engine,0.0,12.5,36.0,34.0,9332834,TRAX5,WISDOMS DAUGHTER,Tanker,No additional information,42.0,244.0,GPS,7.3,FOR ORDER,17/01/2025 09:00:00,AIS,POINT (14.586317 55.352983),626312000_0,0 days 00:01:01,-4.79297215776204e-07,36.2765300909457,0.0,0,6.546530679645898,55.352983,14.586317
2025-01-14 21:52:01,2025-01-14 21:52:01,Class A,626312000_0,55.35575,14.589867,Under way using engine,0.0,12.5,36.0,35.0,9332834,TRAX5,WISDOMS DAUGHTER,Tanker,No additional information,42.0,244.0,GPS,7.3,FOR ORDER,17/01/2025 09:00:00,AIS,POINT (14.589867 55.35575),626312000_0,0 days 00:01:00,-2.2307433530226244e-06,36.10449954104723,0.0,0,6.549055704648266,55.35575,14.589867
2025-01-14 21:53:01,2025-01-14 21:53:01,Class A,626312000_0,55.358583,14.593567,Under way using engine,0.0,12.5,36.0,35.0,9332834,TRAX5,WISDOMS DAUGHTER,Tanker,No additional information,42.0,244.0,GPS,7.3,FOR ORDER,17/01/2025 09:00:00,AIS,POINT (14.593567 55.358583),626312000_0,0 days 00:01:00,3.208618946202235e-06,36.58969978101487,0.0,0,6.551705317789025,55.358583,14.593567
2025-01-14 22:07:00,2025-01-14 22:07:00,Class A,626312000_0,55.397433,14.647,Under way using engine,0.0,12.3,61.0,63.0,9332834,TRAX5,WISDOMS DAUGHTER,Tanker,No additional information,42.0,244.0,GPS,7.3,FOR ORDER,17/01/2025 09:00:00,AIS,POINT (14.647 55.397433),626312000_0,0 days 00:13:59,-5.0086030192613336e-09,37.98307917267391,0.0,0,6.590835311649656,55.397433,14.647
2025-01-14 22:08:00,2025-01-14 22:08:00,Class A,626312000_0,55.399117,14.652433,Under way using engine,2.9,12.4,64.0,67.0,9332834,TRAX5,WISDOMS DAUGHTER,Tanker,No additional information,42.0,244.0,GPS,7.3,FOR ORDER,17/01/2025 09:00:00,AIS,POINT (14.652433 55.399117),626312000_0,0 days 00:01:00,-2.4990089043770817e-07,61.37088408410705,0.0,0,6.595515368708424,55.399117,14.652433
2025-01-14 22:09:00,2025-01-14 22:09:00,Class A,626312000_0,55.400517,14.6579,Under way using engine,0.0,12.5,67.0,67.0,9332834,TRAX5,WISDOMS DAUGHTER,Tanker,No additional information,42.0,244.0,GPS,7.3,FOR ORDER,17/01/2025 09:00:00,AIS,POINT (14.6579 55.400517),626312000_0,0 days 00:01:00,-3.375063924720877e-06,65.72378126154024,0.0,0,6.60031425456758,55.400517,14.6579
2025-01-14 22:10:00,2025-01-14 22:10:00,Class A,626312000_0,55.401867,14.663667,Under way using engine,0.0,12.6,68.0,68.0,9332834,TRAX5,WISDOMS DAUGHTER,Tanker,No additional information,42.0,244.0,GPS,7.3,FOR ORDER,17/01/2025 09:00:00,AIS,POINT (14.663667 55.401867),626312000_0,0 days 00:01:00,4.235192224615149e-06,67.59337692796032,0.0,0,6.605415738097412,55.401867,14.663667
2025-01-14 22:11:00,2025-01-14 22:11:00,Class A,626312000_0,55.403383,14.6694,Under way using engine,0.0,12.6,68.0,67.0,9332834,TRAX5,WISDOMS DAUGHTER,Tanker,No additional information,42.0,244.0,GPS,7.3,FOR ORDER,17/01/2025 09:00:00,AIS,POINT (14.6694 55.403383),626312000_0,0 days 00:01:00,1.5076270917425365e-06,65.02568857025375,0.0,0,6.61043671216872,55.403383,14.6694
2025-01-14 22:16:00,2025-01-14 22:16:00,Class A,626312000_0,55.409883,14.698383,Under way using engine,0.0,12.8,67.0,67.0,9332834,TRAX5,WISDOMS DAUGHTER,Tanker,No additional information,42.0,244.0,GPS,7.3,FOR ORDER,17/01/2025 09:00:00,AIS,POINT (14.698383 55.409883),626312000_0,0 days 00:05:00,-3.2301360385652657e-07,68.43328617417745,0.0,0,6.6361870306682125,55.409883,14.698383
2025-01-14 22:17:00,2025-01-14 22:17:00,Class A,626312000_0,55.4112,14.704067,Under way using engine,0.0,12.8,67.0,67.0,9332834,TRAX5,WISDOMS DAUGHTER,Tanker,No additional information,42.0,244.0,GPS,7.3,FOR ORDER,17/01/2025 09:00:00,AIS,POINT (14.704067 55.4112),626312000_0,0 days 00:01:00,-1.6527834852291008e-06,67.79488376403356,0.0,0,6.6412284533951995,55.4112,14.704067
2025-01-14 22:18:00,2025-01-14 22:18:00,Class A,626312000_0,55.412617,14.709933,Under way using engine,0.0,12.8,66.0,67.0,9332834,TRAX5,WISDOMS DAUGHTER,Tanker,No additional information,42.0,244.0,GPS,7.3,FOR ORDER,17/01/2025 09:00:00,AIS,POINT (14.709933 55.412617),626312000_0,0 days 00:01:00,4.14103590081461e-06,66.94639462707289,0.0,0,6.64641561880304,55.412617,14.709933
2025-01-14 22:19:00,2025-01-14 22:19:00,Class A,626312000_0,55.41405,14.715683,Under way using engine,0.0,12.8,66.0,67.0,9332834,TRAX5,WISDOMS DAUGHTER,Tanker,No additional information,42.0,244.0,GPS,7.3,FOR ORDER,17/01/2025 09:00:00,AIS,POINT (14.715683 55.41405),626312000_0,0 days 00:01:00,-1.6813622245112423e-06,66.29462824578195,0.0,0,6.6514886418943835,55.41405,14.715683
2025-01-14 22:35:01,2025-01-14 22:35:01,Class A,626312000_0,55.436067,14.807567,Under way using engine,0.0,12.7,67.0,67.0,9332834,TRAX5,WISDOMS DAUGHTER,Tanker,No additional information,42.0,244.0,GPS,7.3,FOR ORDER,17/01/2025 09:00:00,AIS,POINT (14.807567 55.436067),626312000_0,0 days 00:16:01,-5.9554289685002924e-08,67.07050076926447,0.0,0,6.7329971797190735,55.436067,14.807567
2025-01-14 22:36:01,2025-01-14 22:36:01,Class A,626312000_0,55.4374,14.8133,Under way using engine,0.0,12.6,67.0,67.0,9332834,TRAX5,WISDOMS DAUGHTER,Tanker,No additional information,42.0,244.0,GPS,7.3,FOR ORDER,17/01/2025 09:00:00,AIS,POINT (14.8133 55.4374),626312000_0,0 days 00:01:00,-5.823637720559372e-07,67.71144631427711,0.0,0,6.73810573680979,55.4374,14.8133
2025-01-14 22:44:00,2025-01-14 22:44:00,Class A,626312000_0,55.447767,14.85915,Under way using engine,0.0,12.6,68.0,66.0,9332834,TRAX5,WISDOMS DAUGHTER,Tanker,No additional information,42.0,244.0,GPS,7.3,FOR ORDER,17/01/2025 09:00:00,AIS,POINT (14.85915 55.447767),626312000_0,0 days 00:07:59,-3.0744438061335205e-08,68.24817425248523,0.0,0,6.779090425569495,55.447767,14.85915
2025-01-14 22:45:00,2025-01-14 22:45:00,Class A,626312000_0,55.449083,14.8649,Under way using engine,0.0,12.6,67.0,66.0,9332834,TRAX5,WISDOMS DAUGHTER,Tanker,No additional information,42.0,244.0,GPS,7.3,FOR ORDER,17/01/2025 09:00:00,AIS,POINT (14.8649 55.449083),626312000_0,0 days 00:01:00,2.970579244536449e-07,68.0213488882099,0.0,0,6.784231283409197,55.449083,14.8649
2025-01-14 22:46:00,2025-01-14 22:46:00,Class A,626312000_0,55.450383,14.870633,Under way using engine,0.0,12.6,68.0,66.0,9332834,TRAX5,WISDOMS DAUGHTER,Tanker,No additional information,42.0,244.0,GPS,7.3,FOR ORDER,17/01/2025 09:00:00,AIS,POINT (14.870633 55.450383),626312000_0,0 days 00:01:00,-4.6454724937094033e-07,68.20443843641272,0.0,0,6.789361595099276,55.450383,14.870633
2025-01-14 22:47:00,2025-01-14 22:47:00,Class A,626312000_0,55.451667,14.8764,Under way using engine,0.0,12.7,68.0,66.0,9332834,TRAX5,WISDOMS DAUGHTER,Tanker,No additional information,42.0,244.0,GPS,7.3,FOR ORDER,17/01/2025 09:00:00,AIS,POINT (14.8764 55.451667),626312000_0,0 days 00:01:00,3.7075470037910056e-07,68.56278288294129,0.0,0,6.79453025441406,55.451667,14.8764
2025-01-14 22:48:00,2025-01-14 22:48:00,Class A,626312000_0,55.45295,14.882167,Under way using engine,0.0,12.6,68.0,66.0,9332834,TRAX5,WISDOMS DAUGHTER,Tanker,No additional information,42.0,244.0,GPS,7.3,FOR ORDER,17/01/2025 09:00:00,AIS,POINT (14.882167 55.45295),626312000_0,0 days 00:01:00,-1.4337699275288978e-08,68.57732987681288,0.0,0,6.799700400604868,55.45295,14.882167
2025-01-14 22:49:00,2025-01-14 22:49:00,Class A,626312000_0,55.45425,14.887917,Under way using engine,0.0,12.7,68.0,66.0,9332834,TRAX5,WISDOMS DAUGHTER,Tanker,No additional information,42.0,244.0,GPS,7.3,FOR ORDER,17/01/2025 09:00:00,AIS,POINT (14.887917 55.45425),626312000_0,0 days 00:01:00,-8.800407983935767e-08,68.26091801165364,0.0,0,6.804850647221142,55.45425,14.887917
2025-01-14 22:50:00,2025-01-14 22:50:00,Class A,626312000_0,55.455533,14.893583,Under way using engine,0.0,12.7,68.0,66.0,9332834,TRAX5,WISDOMS DAUGHTER,Tanker,No additional information,42.0,244.0,GPS,7.3,FOR ORDER,17/01/2025 09:00:00,AIS,POINT (14.893583 55.455533),626312000_0,0 days 00:01:00,-1.5690801328538165e-06,68.22967378469394,0.0,0,6.8099262770538855,55.455533,14.893583
2025-01-14 22:51:00,2025-01-14 22:51:00,Class A,626312000_0,55.45685,14.89945,Under way using engine,0.0,12.7,68.0,66.0,9332834,TRAX5,WISDOMS DAUGHTER,Tanker,No additional information,42.0,244.0,GPS,7.3,FOR ORDER,17/01/2025 09:00:00,AIS,POINT (14.89945 55.45685),626312000_0,0 days 00:01:00,3.668105913272685e-06,68.40017212130556,0.0,0,6.815186433292122,55.45685,14.89945
2025-01-14 22:52:00,2025-01-14 22:52:00,Class A,626312000_0,55.45815,14.905133,Under way using engine,0.0,12.7,68.0,66.0,9332834,TRAX5,WISDOMS DAUGHTER,Tanker,No additional information,42.0,244.0,GPS,7.3,FOR ORDER,17/01/2025 09:00:00,AIS,POINT (14.905133 55.45815),626312000_0,0 days 00:01:00,-3.2014019067705373e-06,68.02698126851283,0.0,0,6.820275990108463,55.45815,14.905133
2025-01-14 22:53:00,2025-01-14 22:53:00,Class A,626312000_0,55.459483,14.911033,Under way using engine,0.0,12.7,68.0,66.0,9332834,TRAX5,WISDOMS DAUGHTER,Tanker,No additional information,42.0,244.0,GPS,7.3,FOR ORDER,17/01/2025 09:00:00,AIS,POINT (14.911033 55.459483),626312000_0,0 days 00:01:00,3.9164541314543775e-06,68.2717431268988,0.0,0,6.825565800474639,55.459483,14.911033
2025-01-14 22:54:00,2025-01-14 22:54:00,Class A,626312000_0,55.460767,14.91685,Under way using engine,0.0,12.8,68.0,67.0,9332834,TRAX5,WISDOMS DAUGHTER,Tanker,No additional information,42.0,244.0,GPS,7.3,FOR ORDER,17/01/2025 09:00:00,AIS,POINT (14.91685 55.460767),626312000_0,0 days 00:01:00,-1.9149218413797744e-06,68.72601276570418,0.0,0,6.830790888385327,55.460767,14.91685
2025-01-14 22:55:00,2025-01-14 22:55:00,Class A,626312000_0,55.461933,14.9226,Under way using engine,0.0,12.8,68.0,66.0,9332834,TRAX5,WISDOMS DAUGHTER,Tanker,No additional information,42.0,244.0,GPS,7.3,FOR ORDER,17/01/2025 09:00:00,AIS,POINT (14.9226 55.461933),626312000_0,0 days 00:01:00,-2.3805277134033033e-06,70.3172679786311,0.0,0,6.835985798675124,55.461933,14.9226
2025-01-14 22:56:01,2025-01-14 22:56:01,Class A,626312000_0,55.463267,14.928633,Under way using engine,0.0,12.8,68.0,67.0,9332834,TRAX5,WISDOMS DAUGHTER,Tanker,No additional information,42.0,244.0,GPS,7.3,FOR ORDER,17/01/2025 09:00:00,AIS,POINT (14.928633 55.463267),626312000_0,0 days 00:01:01,4.531986059604585e-06,68.69094184766573,0.0,0,6.8414067062241655,55.463267,14.928633
2025-01-14 22:57:01,2025-01-14 22:57:01,Class A,626312000_0,55.464533,14.934383,Under way using engine,0.0,12.8,68.0,67.0,9332834,TRAX5,WISDOMS DAUGHTER,Tanker,No additional information,42.0,244.0,GPS,7.3,FOR ORDER,17/01/2025 09:00:00,AIS,POINT (14.934383 55.464533),626312000_0,0 days 00:01:00,-3.534948502217439e-06,68.77320954894901,0.0,0,6.846576031777416,55.464533,14.934383
2025-01-14 22:58:01,2025-01-14 22:58:01,Class A,626312000_0,55.465833,14.940333,Under way using engine,0.0,12.8,68.0,67.0,9332834,TRAX5,WISDOMS DAUGHTER,Tanker,No additional information,42.0,244.0,GPS,7.3,FOR ORDER,17/01/2025 09:00:00,AIS,POINT (14.940333 55.465833),626312000_0,0 days 00:01:00,3.6538067549392607e-06,68.92075774454656,0.0,0,6.851929171095466,55.465833,14.940333
2025-01-14 22:59:01,2025-01-14 22:59:01,Class A,626312000_0,55.467117,14.946217,Under way using engine,0.0,12.8,68.0,67.0,9332834,TRAX5,WISDOMS DAUGHTER,Tanker,No additional information,42.0,244.0,GPS,7.3,FOR ORDER,17/01/2025 09:00:00,AIS,POINT (14.946217 55.467117),626312000_0,0 days 00:01:00,-1.2630872466418864e-06,68.9437860016746,0.0,0,6.857224579668148,55.467117,14.946217
2025-01-14 23:00:01,2025-01-14 23:00:01,Class A,626312000_0,55.4684,14.952067,Under way using engine,0.0,12.9,68.0,67.0,9332834,TRAX5,WISDOMS DAUGHTER,Tanker,No additional information,42.0,244.0,GPS,7.3,FOR ORDER,17/01/2025 09:00:00,AIS,POINT (14.952067 55.4684),626312000_0,0 days 00:01:00,-5.716795587914208e-07,68.84663961132577,0.0,0,6.862488797964335,55.4684,14.952067
2025-01-14 23:06:00,2025-01-14 23:06:00,Class A,626312000_0,55.476183,14.987417,Under way using engine,0.0,12.9,68.0,67.0,9332834,TRAX5,WISDOMS DAUGHTER,Tanker,No additional information,42.0,244.0,GPS,7.3,FOR ORDER,17/01/2025 09:00:00,AIS,POINT (14.987417 55.476183),626312000_0,0 days 00:05:59,1.9034818062418347e-07,68.75726843522995,0.0,0,6.89431595523044,55.476183,14.987417
2025-01-14 23:07:00,2025-01-14 23:07:00,Class A,626312000_0,55.47735,14.99335,Under way using engine,0.0,12.9,69.0,67.0,9332834,TRAX5,WISDOMS DAUGHTER,Tanker,No additional information,42.0,244.0,GPS,7.3,FOR ORDER,17/01/2025 09:00:00,AIS,POINT (14.99335 55.47735),626312000_0,0 days 00:01:00,-1.025013229324073e-06,70.8573950656396,0.0,0,6.8997001457403195,55.47735,14.99335
2025-01-14 23:08:00,2025-01-14 23:08:00,Class A,626312000_0,55.478583,14.999183,Under way using engine,0.0,12.9,69.0,67.0,9332834,TRAX5,WISDOMS DAUGHTER,Tanker,No additional information,42.0,244.0,GPS,7.3,FOR ORDER,17/01/2025 09:00:00,AIS,POINT (14.999183 55.478583),626312000_0,0 days 00:01:00,-9.660625655361164e-07,69.54245584579195,0.0,0,6.904971171497315,55.478583,14.999183
2025-01-14 23:09:00,2025-01-14 23:09:00,Class A,626312000_0,55.479917,15.005133,Under way using engine,0.0,13.0,69.0,67.0,9332834,TRAX5,WISDOMS DAUGHTER,Tanker,No additional information,42.0,244.0,GPS,7.3,FOR ORDER,17/01/2025 09:00:00,AIS,POINT (15.005133 55.479917),626312000_0,0 days 00:01:00,3.0340427470189103e-06,68.41263324060787,0.0,0,6.910328206175811,55.479917,15.005133
2025-01-14 23:10:00,2025-01-14 23:10:00,Class A,626312000_0,55.4812,15.01105,Under way using engine,1.1,12.9,68.0,67.0,9332834,TRAX5,WISDOMS DAUGHTER,Tanker,No additional information,42.0,244.0,GPS,7.3,FOR ORDER,17/01/2025 09:00:00,AIS,POINT (15.01105 55.4812),626312000_0,0 days 00:01:00,-1.1143940975242087e-06,69.0590492497738,0.0,0,6.915668662965931,55.4812,15.01105
2025-01-14 23:11:00,2025-01-14 23:11:00,Class A,626312000_0,55.482417,15.017067,Under way using engine,0.0,12.9,69.0,67.0,9332834,TRAX5,WISDOMS DAUGHTER,Tanker,No additional information,42.0,244.0,GPS,7.3,FOR ORDER,17/01/2025 09:00:00,AIS,POINT (15.017067 55.482417),626312000_0,0 days 00:01:00,9.381965082860995e-07,70.35455890031358,0.0,0,6.9211245118120095,55.482417,15.017067
2025-01-14 23:12:00,2025-01-14 23:12:00,Class A,626312000_0,55.483683,15.023,Under way using engine,0.0,12.9,69.0,67.0,9332834,TRAX5,WISDOMS DAUGHTER,Tanker,No additional information,42.0,244.0,GPS,7.3,FOR ORDER,17/01/2025 09:00:00,AIS,POINT (15.023 55.483683),626312000_0,0 days 00:01:00,-8.677751902750758e-07,69.3627422556707,0.0,0,6.926487329576804,55.483683,15.023
2025-01-14 23:13:00,2025-01-14 23:13:00,Class A,626312000_0,55.485033,15.028833,Under way using engine,0.0,13.0,68.0,67.0,9332834,TRAX5,WISDOMS DAUGHTER,Tanker,No additional information,42.0,244.0,GPS,7.3,FOR ORDER,17/01/2025 09:00:00,AIS,POINT (15.028833 55.485033),626312000_0,0 days 00:01:00,-6.913218476063803e-07,67.77992623743728,0.0,0,6.931732222605616,55.485033,15.028833
2025-01-14 23:14:00,2025-01-14 23:14:00,Class A,626312000_0,55.486317,15.034817,Under way using engine,0.0,13.0,68.0,67.0,9332834,TRAX5,WISDOMS DAUGHTER,Tanker,No additional information,42.0,244.0,GPS,7.3,FOR ORDER,17/01/2025 09:00:00,AIS,POINT (15.034817 55.486317),626312000_0,0 days 00:01:00,1.719207753604161e-06,69.25620028709841,0.0,0,6.937141570099676,55.486317,15.034817
2025-01-14 23:15:00,2025-01-14 23:15:00,Class A,626312000_0,55.4876,15.040767,Under way using engine,0.0,13.0,69.0,67.0,9332834,TRAX5,WISDOMS DAUGHTER,Tanker,No additional information,42.0,244.0,GPS,7.3,FOR ORDER,17/01/2025 09:00:00,AIS,POINT (15.040767 55.4876),626312000_0,0 days 00:01:00,-5.724766725480335e-07,69.16207981064417,0.0,0,6.942519644969397,55.4876,15.040767
2025-01-14 23:20:01,2025-01-14 23:20:01,Class A,626312000_0,55.493867,15.070617,Under way using engine,0.0,12.9,70.0,67.0,9332834,TRAX5,WISDOMS DAUGHTER,Tanker,No additional information,42.0,244.0,GPS,7.3,FOR ORDER,17/01/2025 09:00:00,AIS,POINT (15.070617 55.493867),626312000_0,0 days 00:05:01,-7.436184195525172e-08,69.65386707653835,0.0,0,6.969563677354917,55.493867,15.070617
2025-01-14 23:21:01,2025-01-14 23:21:01,Class A,626312000_0,55.495117,15.076567,Under way using engine,0.0,12.9,69.0,67.0,9332834,TRAX5,WISDOMS DAUGHTER,Tanker,No additional information,42.0,244.0,GPS,7.3,FOR ORDER,17/01/2025 09:00:00,AIS,POINT (15.076567 55.495117),626312000_0,0 days 00:01:00,-3.856598697800824e-09,69.64999159876498,0.0,0,6.974957557849725,55.495117,15.076567
2025-01-14 23:22:01,2025-01-14 23:22:01,Class A,626312000_0,55.496367,15.082517,Under way using engine,0.0,12.9,69.0,67.0,9332834,TRAX5,WISDOMS DAUGHTER,Tanker,No additional information,42.0,244.0,GPS,7.3,FOR ORDER,17/01/2025 09:00:00,AIS,POINT (15.082517 55.496367),626312000_0,0 days 00:01:00,-3.0998222836243344e-09,69.64939871637557,0.0,0,6.9803525659457195,55.496367,15.082517
2025-01-14 23:23:01,2025-01-14 23:23:01,Class A,626312000_0,55.4976,15.088367,Under way using engine,0.0,12.9,69.0,67.0,9332834,TRAX5,WISDOMS DAUGHTER,Tanker,No additional information,42.0,244.0,GPS,7.3,FOR ORDER,17/01/2025 09:00:00,AIS,POINT (15.088367 55.4976),626312000_0,0 days 00:01:00,-1.8319318735172084e-06,69.58794859609924,0.0,0,6.985656923266845,55.4976,15.088367
2025-01-14 23:24:01,2025-01-14 23:24:01,Class A,626312000_0,55.498867,15.0944,Under way using engine,0.0,12.9,69.0,67.0,9332834,TRAX5,WISDOMS DAUGHTER,Tanker,No additional information,42.0,244.0,GPS,7.3,FOR ORDER,17/01/2025 09:00:00,AIS,POINT (15.0944 55.498867),626312000_0,0 days 00:01:00,3.3747296310577842e-06,69.6546234915445,0.0,0,6.991129575608509,55.498867,15.0944
2025-01-14 23:26:01,2025-01-14 23:26:01,Class A,626312000_0,55.501467,15.10625,Under way using engine,0.0,12.9,69.0,67.0,9332834,TRAX5,WISDOMS DAUGHTER,Tanker,No additional information,42.0,244.0,GPS,7.3,FOR ORDER,17/01/2025 09:00:00,AIS,POINT (15.10625 55.501467),626312000_0,0 days 00:02:00,-7.085583931505426e-07,68.82011822072707,0.0,0,7.0018525495220185,55.501467,15.10625
2025-01-14 23:27:01,2025-01-14 23:27:01,Class A,626312000_0,55.5027,15.11215,Under way using engine,0.0,12.8,69.0,67.0,9332834,TRAX5,WISDOMS DAUGHTER,Tanker,No additional information,42.0,244.0,GPS,7.3,FOR ORDER,17/01/2025 09:00:00,AIS,POINT (15.11215 55.5027),626312000_0,0 days 00:01:00,-1.1468406448614793e-06,69.74437984266086,0.0,0,7.007209531998384,55.5027,15.11215
2025-01-14 23:34:01,2025-01-14 23:34:01,Class A,626312000_0,55.511217,15.15295,Under way using engine,0.0,12.7,69.0,67.0,9332834,TRAX5,WISDOMS DAUGHTER,Tanker,No additional information,42.0,244.0,GPS,7.3,FOR ORDER,17/01/2025 09:00:00,AIS,POINT (15.15295 55.511217),626312000_0,0 days 00:07:00,-1.9463816118860269e-07,69.74844961511695,0.0,0,7.044286594009928,55.511217,15.15295
2025-01-14 23:35:01,2025-01-14 23:35:01,Class A,626312000_0,55.512433,15.1587,Under way using engine,-1.1,12.7,69.0,67.0,9332834,TRAX5,WISDOMS DAUGHTER,Tanker,No additional information,42.0,244.0,GPS,7.3,FOR ORDER,17/01/2025 09:00:00,AIS,POINT (15.1587 55.512433),626312000_0,0 days 00:01:00,-1.3125723523005224e-06,69.51794126162281,0.0,0,7.0495119123303835,55.512433,15.1587
2025-01-14 23:36:01,2025-01-14 23:36:01,Class A,626312000_0,55.513717,15.164683,Under way using engine,0.0,12.7,68.0,65.0,9332834,TRAX5,WISDOMS DAUGHTER,Tanker,No additional information,42.0,244.0,GPS,7.3,FOR ORDER,17/01/2025 09:00:00,AIS,POINT (15.164683 55.513717),626312000_0,0 days 00:01:00,4.564107406432446e-06,69.2398195840612,0.0,0,7.05494512801262,55.513717,15.164683
2025-01-14 23:52:00,2025-01-14 23:52:00,Class A,626312000_0,55.53495,15.2578,Under way using engine,0.0,12.8,68.0,65.0,9332834,TRAX5,WISDOMS DAUGHTER,Tanker,No additional information,42.0,244.0,GPS,7.3,FOR ORDER,17/01/2025 09:00:00,AIS,POINT (15.2578 55.53495),626312000_0,0 days 00:15:59,-1.3117126597525546e-07,68.02052069134425,0.0,0,7.139327120284444,55.53495,15.2578
2025-01-14 23:53:00,2025-01-14 23:53:00,Class A,626312000_0,55.536267,15.2636,Under way using engine,0.0,12.9,68.0,65.0,9332834,TRAX5,WISDOMS DAUGHTER,Tanker,No additional information,42.0,244.0,GPS,7.3,FOR ORDER,17/01/2025 09:00:00,AIS,POINT (15.2636 55.536267),626312000_0,0 days 00:01:00,-5.801710571018559e-07,68.13413444783845,0.0,0,7.144593732140967,55.536267,15.2636
2025-01-14 23:54:00,2025-01-14 23:54:00,Class A,626312000_0,55.5376,15.269583,Under way using engine,0.0,12.9,68.0,65.0,9332834,TRAX5,WISDOMS DAUGHTER,Tanker,No additional information,42.0,244.0,GPS,7.3,FOR ORDER,17/01/2025 09:00:00,AIS,POINT (15.269583 55.5376),626312000_0,0 days 00:01:00,3.162628067807224e-06,68.50683525818027,0.0,0,7.150034187558128,55.5376,15.269583
2025-01-14 23:55:00,2025-01-14 23:55:00,Class A,626312000_0,55.5389,15.275467,Under way using engine,0.0,12.9,68.0,65.0,9332834,TRAX5,WISDOMS DAUGHTER,Tanker,No additional information,42.0,244.0,GPS,7.3,FOR ORDER,17/01/2025 09:00:00,AIS,POINT (15.275467 55.5389),626312000_0,0 days 00:01:00,-1.9919612668458543e-06,68.66944230648414,0.0,0,7.155388509814545,55.5389,15.275467
2025-01-14 23:56:00,2025-01-14 23:56:00,Class A,626312000_0,55.5402,15.28135,Under way using engine,0.0,12.9,68.0,65.0,9332834,TRAX5,WISDOMS DAUGHTER,Tanker,No additional information,42.0,244.0,GPS,7.3,FOR ORDER,17/01/2025 09:00:00,AIS,POINT (15.28135 55.5402),626312000_0,0 days 00:01:00,-1.9508979309772422e-08,68.66550125388989,0.0,0,7.16074293262431,55.5402,15.28135
2025-01-14 23:57:00,2025-01-14 23:57:00,Class A,626312000_0,55.5415,15.287233,Under way using engine,0.0,12.9,68.0,65.0,9332834,TRAX5,WISDOMS DAUGHTER,Tanker,No additional information,42.0,244.0,GPS,7.3,FOR ORDER,17/01/2025 09:00:00,AIS,POINT (15.287233 55.5415),626312000_0,0 days 00:01:00,-3.168242530523016e-09,68.66485930553466,0.0,0,7.166098420148163,55.5415,15.287233
2025-01-14 23:58:00,2025-01-14 23:58:00,Class A,626312000_0,55.542767,15.293033,Under way using engine,0.0,12.9,68.0,65.0,9332834,TRAX5,WISDOMS DAUGHTER,Tanker,No additional information,42.0,244.0,GPS,7.3,FOR ORDER,17/01/2025 09:00:00,AIS,POINT (15.293033 55.542767),626312000_0,0 days 00:01:00,-1.729005271301938e-06,68.88666181942301,0.0,0,7.171383127819138,55.542767,15.293033
2025-01-15 00:11:00,2025-01-15 00:11:00,Class A,626312000_0,55.562317,15.367417,Under way using engine,0.0,12.9,63.0,59.0,9332834,TRAX5,WISDOMS DAUGHTER,Tanker,No additional information,42.0,244.0,GPS,7.3,FOR ORDER,17/01/2025 09:00:00,AIS,POINT (15.367417 55.562317),626312000_0,0 days 00:13:00,1.2102921334999915e-07,65.04773322607343,0.0,0,7.2384225150515356,55.562317,15.367417
2025-01-15 00:12:00,2025-01-15 00:12:00,Class A,626312000_0,55.56395,15.373183,Under way using engine,0.0,12.9,63.0,59.0,9332834,TRAX5,WISDOMS DAUGHTER,Tanker,No additional information,42.0,244.0,GPS,7.3,FOR ORDER,17/01/2025 09:00:00,AIS,POINT (15.373183 55.56395),626312000_0,0 days 00:01:00,2.406216580493695e-06,63.39505211743801,0.0,0,7.24359804580914,55.56395,15.373183
2025-01-15 00:13:01,2025-01-15 00:13:01,Class A,626312000_0,55.565567,15.378867,Under way using engine,0.0,12.9,63.0,59.0,9332834,TRAX5,WISDOMS DAUGHTER,Tanker,No additional information,42.0,244.0,GPS,7.3,FOR ORDER,17/01/2025 09:00:00,AIS,POINT (15.378867 55.565567),626312000_0,0 days 00:01:01,-3.2828015208492934e-06,63.291287219054254,0.0,0,7.248699406756014,55.565567,15.378867
2025-01-15 00:15:01,2025-01-15 00:15:01,Class A,626312000_0,55.568783,15.39025,Under way using engine,0.0,12.9,63.0,59.0,9332834,TRAX5,WISDOMS DAUGHTER,Tanker,No additional information,42.0,244.0,GPS,7.3,FOR ORDER,17/01/2025 09:00:00,AIS,POINT (15.39025 55.568783),626312000_0,0 days 00:02:00,9.074062497994529e-07,63.44592118943797,0.0,0,7.25892480632552,55.568783,15.39025
2025-01-15 00:20:00,2025-01-15 00:20:00,Class A,626312000_0,55.576783,15.418717,Under way using engine,0.0,13.0,63.0,59.0,9332834,TRAX5,WISDOMS DAUGHTER,Tanker,No additional information,42.0,244.0,GPS,7.3,FOR ORDER,17/01/2025 09:00:00,AIS,POINT (15.418717 55.576783),626312000_0,0 days 00:04:59,5.6061448689604924e-08,63.55732534546934,0.0,0,7.28452860132658,55.576783,15.418717
2025-01-15 00:21:00,2025-01-15 00:21:00,Class A,626312000_0,55.5784,15.42445,Under way using engine,0.0,13.0,63.0,59.0,9332834,TRAX5,WISDOMS DAUGHTER,Tanker,No additional information,42.0,244.0,GPS,7.3,FOR ORDER,17/01/2025 09:00:00,AIS,POINT (15.42445 55.5784),626312000_0,0 days 00:01:00,4.719383287254761e-07,63.48073260688108,0.0,0,7.289687164585939,55.5784,15.42445
2025-01-15 00:22:00,2025-01-15 00:22:00,Class A,626312000_0,55.580033,15.430267,Under way using engine,0.0,13.1,63.0,59.0,9332834,TRAX5,WISDOMS DAUGHTER,Tanker,No additional information,42.0,244.0,GPS,7.3,FOR ORDER,17/01/2025 09:00:00,AIS,POINT (15.430267 55.580033),626312000_0,0 days 00:01:00,1.5343894723437827e-06,63.587169322005366,0.0,0,7.294924443025096,55.580033,15.430267
2025-01-15 00:23:00,2025-01-15 00:23:00,Class A,626312000_0,55.5816,15.435933,Under way using engine,0.0,13.1,63.0,59.0,9332834,TRAX5,WISDOMS DAUGHTER,Tanker,No additional information,42.0,244.0,GPS,7.3,FOR ORDER,17/01/2025 09:00:00,AIS,POINT (15.435933 55.5816),626312000_0,0 days 00:01:00,-3.278309839939792e-06,63.9261055812475,0.0,0,7.3000327537107665,55.5816,15.435933
2025-01-15 00:24:00,2025-01-15 00:24:00,Class A,626312000_0,55.58325,15.4418,Under way using engine,0.0,13.1,63.0,59.0,9332834,TRAX5,WISDOMS DAUGHTER,Tanker,No additional information,42.0,244.0,GPS,7.3,FOR ORDER,17/01/2025 09:00:00,AIS,POINT (15.4418 55.58325),626312000_0,0 days 00:01:00,4.2891589372468415e-06,63.54422577107374,0.0,0,7.30531679213359,55.58325,15.4418
2025-01-15 00:28:01,2025-01-15 00:28:01,Class A,626312000_0,55.589683,15.4649,Under way using engine,0.0,13.2,63.0,59.0,9332834,TRAX5,WISDOMS DAUGHTER,Tanker,No additional information,42.0,244.0,GPS,7.3,FOR ORDER,17/01/2025 09:00:00,AIS,POINT (15.4649 55.589683),626312000_0,0 days 00:04:01,-6.20879114167088e-07,63.75859035442414,0.0,0,7.326149191791551,55.589683,15.4649
2025-01-15 00:29:01,2025-01-15 00:29:01,Class A,626312000_0,55.59135,15.4708,Under way using engine,0.0,13.2,63.0,59.0,9332834,TRAX5,WISDOMS DAUGHTER,Tanker,No additional information,42.0,244.0,GPS,7.3,FOR ORDER,17/01/2025 09:00:00,AIS,POINT (15.4708 55.59135),626312000_0,0 days 00:01:00,3.2266483539826502e-06,63.433278356171854,0.0,0,7.331467292324846,55.59135,15.4708
2025-01-15 00:30:01,2025-01-15 00:30:01,Class A,626312000_0,55.592983,15.4766,Under way using engine,0.0,13.2,63.0,59.0,9332834,TRAX5,WISDOMS DAUGHTER,Tanker,No additional information,42.0,244.0,GPS,7.3,FOR ORDER,17/01/2025 09:00:00,AIS,POINT (15.4766 55.592983),626312000_0,0 days 00:01:00,-2.0403128145893493e-06,63.512768808246335,0.0,0,7.3366978847427,55.592983,15.4766
2025-01-15 00:31:01,2025-01-15 00:31:01,Class A,626312000_0,55.5946,15.482317,Under way using engine,0.0,13.2,63.0,59.0,9332834,TRAX5,WISDOMS DAUGHTER,Tanker,No additional information,42.0,244.0,GPS,7.3,FOR ORDER,17/01/2025 09:00:00,AIS,POINT (15.482317 55.5946),626312000_0,0 days 00:01:00,-1.525413376584677e-06,63.40725079315109,0.0,0,7.341853034975979,55.5946,15.482317
2025-01-15 00:36:00,2025-01-15 00:36:00,Class A,626312000_0,55.602633,15.511467,Under way using engine,0.0,13.2,63.0,59.0,9332834,TRAX5,WISDOMS DAUGHTER,Tanker,No additional information,42.0,244.0,GPS,7.3,FOR ORDER,17/01/2025 09:00:00,AIS,POINT (15.511467 55.602633),626312000_0,0 days 00:04:59,4.0157441385894094e-07,63.98698524730901,0.0,0,7.368207507979468,55.602633,15.511467
2025-01-15 00:37:00,2025-01-15 00:37:00,Class A,626312000_0,55.6042,15.517317,Under way using engine,0.0,13.2,64.0,59.0,9332834,TRAX5,WISDOMS DAUGHTER,Tanker,No additional information,42.0,244.0,GPS,7.3,FOR ORDER,17/01/2025 09:00:00,AIS,POINT (15.517317 55.6042),626312000_0,0 days 00:01:00,-6.051189223849814e-07,64.62899867617449,0.0,0,7.3735108856762395,55.6042,15.517317
2025-01-15 00:38:00,2025-01-15 00:38:00,Class A,626312000_0,55.6058,15.523133,Under way using engine,0.0,13.2,63.0,59.0,9332834,TRAX5,WISDOMS DAUGHTER,Tanker,No additional information,42.0,244.0,GPS,7.3,FOR ORDER,17/01/2025 09:00:00,AIS,POINT (15.523133 55.6058),626312000_0,0 days 00:01:00,-9.917283425367e-08,64.03157566624964,0.0,0,7.378774513918282,55.6058,15.523133
2025-01-15 00:39:01,2025-01-15 00:39:01,Class A,626312000_0,55.607467,15.529,Under way using engine,0.0,13.2,62.0,59.0,9332834,TRAX5,WISDOMS DAUGHTER,Tanker,No additional information,42.0,244.0,GPS,7.3,FOR ORDER,17/01/2025 09:00:00,AIS,POINT (15.529 55.607467),626312000_0,0 days 00:01:01,-1.6686522432854595e-07,63.29508353234718,0.0,0,7.384072836026741,55.607467,15.529
2025-01-15 00:40:01,2025-01-15 00:40:01,Class A,626312000_0,55.609083,15.534717,Under way using engine,0.0,13.2,63.0,59.0,9332834,TRAX5,WISDOMS DAUGHTER,Tanker,No additional information,42.0,244.0,GPS,7.3,FOR ORDER,17/01/2025 09:00:00,AIS,POINT (15.534717 55.609083),626312000_0,0 days 00:01:00,-1.1739979708796631e-06,63.41297010996391,0.0,0,7.38923888437402,55.609083,15.534717
2025-01-15 00:41:01,2025-01-15 00:41:01,Class A,626312000_0,55.610683,15.540567,Under way using engine,0.0,13.3,64.0,60.0,9332834,TRAX5,WISDOMS DAUGHTER,Tanker,No additional information,42.0,244.0,GPS,7.3,FOR ORDER,17/01/2025 09:00:00,AIS,POINT (15.540567 55.610683),626312000_0,0 days 00:01:00,1.867894611090994e-06,64.15999203740125,0.0,0,7.394539081291341,55.610683,15.540567
2025-01-15 00:42:01,2025-01-15 00:42:01,Class A,626312000_0,55.6123,15.546517,Under way using engine,0.0,13.3,64.0,59.0,9332834,TRAX5,WISDOMS DAUGHTER,Tanker,No additional information,42.0,244.0,GPS,7.3,FOR ORDER,17/01/2025 09:00:00,AIS,POINT (15.546517 55.6123),626312000_0,0 days 00:01:00,1.8014504500024736e-06,64.30214954024513,0.0,0,7.399933544957414,55.6123,15.546517
2025-01-15 00:43:00,2025-01-15 00:43:00,Class A,626312000_0,55.613833,15.552317,Under way using engine,0.0,13.3,64.0,60.0,9332834,TRAX5,WISDOMS DAUGHTER,Tanker,No additional information,42.0,244.0,GPS,7.3,FOR ORDER,17/01/2025 09:00:00,AIS,POINT (15.552317 55.613833),626312000_0,0 days 00:00:59,-1.6164511157429952e-06,64.91852396869729,0.0,0,7.405203433913549,55.613833,15.552317
2025-01-15 00:44:00,2025-01-15 00:44:00,Class A,626312000_0,55.61535,15.5581,Under way using engine,5.4,13.3,64.0,63.0,9332834,TRAX5,WISDOMS DAUGHTER,Tanker,No additional information,42.0,244.0,GPS,7.3,FOR ORDER,17/01/2025 09:00:00,AIS,POINT (15.5581 55.61535),626312000_0,0 days 00:01:00,-2.38120268848285e-06,65.08349339786321,0.0,0,7.410461707453119,55.61535,15.5581
2025-01-15 00:45:00,2025-01-15 00:45:00,Class A,626312000_0,55.6167,15.5643,Under way using engine,-1.1,13.3,70.0,65.0,9332834,TRAX5,WISDOMS DAUGHTER,Tanker,No additional information,42.0,244.0,GPS,7.3,FOR ORDER,17/01/2025 09:00:00,AIS,POINT (15.5643 55.6167),626312000_0,0 days 00:01:00,4.705583756567421e-06,68.91259946258924,0.0,0,7.416165744603406,55.6167,15.5643
2025-01-15 01:04:00,2025-01-15 01:04:00,Class A,626312000_0,55.636833,15.6827,Under way using engine,0.0,13.3,75.0,73.0,9332834,TRAX5,WISDOMS DAUGHTER,Tanker,No additional information,42.0,244.0,GPS,7.3,FOR ORDER,17/01/2025 09:00:00,AIS,POINT (15.6827 55.636833),626312000_0,0 days 00:19:00,-1.270317043199691e-07,73.18974566830491,0.0,0,7.526590985598194,55.636833,15.6827
2025-01-15 01:05:00,2025-01-15 01:05:00,Class A,626312000_0,55.637717,15.689083,Under way using engine,0.0,13.4,76.0,72.0,9332834,TRAX5,WISDOMS DAUGHTER,Tanker,No additional information,42.0,244.0,GPS,7.3,FOR ORDER,17/01/2025 09:00:00,AIS,POINT (15.689083 55.637717),626312000_0,0 days 00:01:00,1.0999001395946544e-06,76.21119573708387,0.0,0,7.532598818685951,55.637717,15.689083
2025-01-15 01:15:00,2025-01-15 01:15:00,Class A,626312000_0,55.646717,15.753333,Under way using engine,0.0,13.5,75.0,72.0,9332834,TRAX5,WISDOMS DAUGHTER,Tanker,No additional information,42.0,244.0,GPS,7.3,FOR ORDER,17/01/2025 09:00:00,AIS,POINT (15.753333 55.646717),626312000_0,0 days 00:10:00,8.179883516853948e-08,76.0339673038726,0.0,0,7.593089161485527,55.646717,15.753333
2025-01-15 01:16:00,2025-01-15 01:16:00,Class A,626312000_0,55.647633,15.75965,Under way using engine,0.0,13.5,75.0,72.0,9332834,TRAX5,WISDOMS DAUGHTER,Tanker,No additional information,42.0,244.0,GPS,7.3,FOR ORDER,17/01/2025 09:00:00,AIS,POINT (15.75965 55.647633),626312000_0,0 days 00:01:00,-1.7243545962008794e-06,75.58585271236103,0.0,0,7.5990333621841675,55.647633,15.75965
2025-01-15 01:17:00,2025-01-15 01:17:00,Class A,626312000_0,55.6485,15.766233,Under way using engine,0.0,13.5,75.0,72.0,9332834,TRAX5,WISDOMS DAUGHTER,Tanker,No additional information,42.0,244.0,GPS,7.3,FOR ORDER,17/01/2025 09:00:00,AIS,POINT (15.766233 55.6485),626312000_0,0 days 00:01:00,4.156420742167663e-06,76.85952431491893,0.0,0,7.6052484592714,55.6485,15.766233
2025-01-15 01:18:00,2025-01-15 01:18:00,Class A,626312000_0,55.649383,15.772683,Under way using engine,0.0,13.5,76.0,72.0,9332834,TRAX5,WISDOMS DAUGHTER,Tanker,No additional information,42.0,244.0,GPS,7.3,FOR ORDER,17/01/2025 09:00:00,AIS,POINT (15.772683 55.649383),626312000_0,0 days 00:01:00,-2.1511514742622467e-06,76.35994328952194,0.0,0,7.611331102311146,55.649383,15.772683
2025-01-15 01:19:01,2025-01-15 01:19:01,Class A,626312000_0,55.650267,15.779133,Under way using engine,0.0,13.5,76.0,72.0,9332834,TRAX5,WISDOMS DAUGHTER,Tanker,No additional information,42.0,244.0,GPS,7.3,FOR ORDER,17/01/2025 09:00:00,AIS,POINT (15.779133 55.650267),626312000_0,0 days 00:01:01,-1.8667231852730508e-06,76.34478004515256,0.0,0,7.617414226164217,55.650267,15.779133
2025-01-15 01:20:01,2025-01-15 01:20:01,Class A,626312000_0,55.6512,15.78565,Under way using engine,0.0,13.5,75.0,71.0,9332834,TRAX5,WISDOMS DAUGHTER,Tanker,No additional information,42.0,244.0,GPS,7.3,FOR ORDER,17/01/2025 09:00:00,AIS,POINT (15.78565 55.6512),626312000_0,0 days 00:01:00,3.401851736367023e-06,75.76006451205342,0.0,0,7.623552271371201,55.6512,15.78565
2025-01-15 01:26:01,2025-01-15 01:26:01,Class A,626312000_0,55.656683,15.82395,Under way using engine,0.0,13.4,75.0,72.0,9332834,TRAX5,WISDOMS DAUGHTER,Tanker,No additional information,42.0,244.0,GPS,7.3,FOR ORDER,17/01/2025 09:00:00,AIS,POINT (15.82395 55.656683),626312000_0,0 days 00:06:00,-4.033835790346078e-07,75.74627956992566,0.0,0,7.6596401672068115,55.656683,15.82395
2025-01-15 01:33:00,2025-01-15 01:33:00,Class A,626312000_0,55.663083,15.86815,Under way using engine,1.1,13.3,74.0,72.0,9332834,TRAX5,WISDOMS DAUGHTER,Tanker,No additional information,42.0,244.0,GPS,7.3,FOR ORDER,17/01/2025 09:00:00,AIS,POINT (15.86815 55.663083),626312000_0,0 days 00:06:59,-1.3042233352328347e-07,75.58565882032792,0.0,0,7.701302653855905,55.663083,15.86815
2025-01-15 01:35:00,2025-01-15 01:35:00,Class A,626312000_0,55.664983,15.880833,Under way using engine,0.0,13.4,75.0,73.0,9332834,TRAX5,WISDOMS DAUGHTER,Tanker,No additional information,42.0,244.0,GPS,7.3,FOR ORDER,17/01/2025 09:00:00,AIS,POINT (15.880833 55.664983),626312000_0,0 days 00:02:00,2.2780840760553792e-07,75.12074175068517,0.0,0,7.713249662795119,55.664983,15.880833
2025-01-15 01:36:00,2025-01-15 01:36:00,Class A,626312000_0,55.665883,15.887233,Under way using engine,-1.1,13.4,75.0,72.0,9332834,TRAX5,WISDOMS DAUGHTER,Tanker,No additional information,42.0,244.0,GPS,7.3,FOR ORDER,17/01/2025 09:00:00,AIS,POINT (15.887233 55.665883),626312000_0,0 days 00:01:00,6.019025865166537e-07,75.99755477146891,0.0,0,7.719292324365557,55.665883,15.887233
2025-01-15 01:37:00,2025-01-15 01:37:00,Class A,626312000_0,55.66675,15.893533,Under way using engine,0.0,13.4,75.0,72.0,9332834,TRAX5,WISDOMS DAUGHTER,Tanker,No additional information,42.0,244.0,GPS,7.3,FOR ORDER,17/01/2025 09:00:00,AIS,POINT (15.893533 55.66675),626312000_0,0 days 00:01:00,-1.9437471739925376e-06,76.28514127469583,0.0,0,7.725245412493378,55.66675,15.893533
2025-01-15 01:38:00,2025-01-15 01:38:00,Class A,626312000_0,55.667683,15.900017,Under way using engine,0.0,13.4,75.0,72.0,9332834,TRAX5,WISDOMS DAUGHTER,Tanker,No additional information,42.0,244.0,GPS,7.3,FOR ORDER,17/01/2025 09:00:00,AIS,POINT (15.900017 55.667683),626312000_0,0 days 00:01:00,3.611827054723962e-06,75.68480734415147,0.0,0,7.731364080377086,55.667683,15.900017
2025-01-15 01:39:00,2025-01-15 01:39:00,Class A,626312000_0,55.668633,15.9064,Under way using engine,0.0,13.4,75.0,72.0,9332834,TRAX5,WISDOMS DAUGHTER,Tanker,No additional information,42.0,244.0,GPS,7.3,FOR ORDER,17/01/2025 09:00:00,AIS,POINT (15.9064 55.668633),626312000_0,0 days 00:01:00,-1.5799097038854027e-06,75.21431125601202,0.0,0,7.737381190692881,55.668633,15.9064
2025-01-15 01:45:01,2025-01-15 01:45:01,Class A,626312000_0,55.673817,15.9447,Under way using engine,0.0,13.2,76.0,72.0,9332834,TRAX5,WISDOMS DAUGHTER,Tanker,No additional information,42.0,244.0,GPS,7.3,FOR ORDER,17/01/2025 09:00:00,AIS,POINT (15.9447 55.673817),626312000_0,0 days 00:06:01,-1.6106397758387444e-07,76.48781169848462,0.0,0,7.773613162837985,55.673817,15.9447
2025-01-15 01:46:00,2025-01-15 01:46:00,Class A,626312000_0,55.674617,15.950933,Under way using engine,0.0,13.2,76.0,72.0,9332834,TRAX5,WISDOMS DAUGHTER,Tanker,No additional information,42.0,244.0,GPS,7.3,FOR ORDER,17/01/2025 09:00:00,AIS,POINT (15.950933 55.674617),626312000_0,0 days 00:00:59,-8.191898697304687e-07,77.17475292608646,0.0,0,7.779521330767658,55.674617,15.950933
2025-01-15 01:47:00,2025-01-15 01:47:00,Class A,626312000_0,55.675467,15.95725,Under way using engine,0.0,13.2,76.0,72.0,9332834,TRAX5,WISDOMS DAUGHTER,Tanker,No additional information,42.0,244.0,GPS,7.3,FOR ORDER,17/01/2025 09:00:00,AIS,POINT (15.95725 55.675467),626312000_0,0 days 00:01:00,-1.1536191807212833e-07,76.57614521781784,0.0,0,7.78550117880975,55.675467,15.95725
2025-01-15 01:48:00,2025-01-15 01:48:00,Class A,626312000_0,55.6763,15.96365,Under way using engine,0.0,13.2,77.0,72.0,9332834,TRAX5,WISDOMS DAUGHTER,Tanker,No additional information,42.0,244.0,GPS,7.3,FOR ORDER,17/01/2025 09:00:00,AIS,POINT (15.96365 55.6763),626312000_0,0 days 00:01:00,1.2900995400042635e-06,76.99969707912146,0.0,0,7.791566362120585,55.6763,15.96365
2025-01-15 01:49:00,2025-01-15 01:49:00,Class A,626312000_0,55.6771,15.970033,Under way using engine,0.0,13.3,77.0,72.0,9332834,TRAX5,WISDOMS DAUGHTER,Tanker,No additional information,42.0,244.0,GPS,7.3,FOR ORDER,17/01/2025 09:00:00,AIS,POINT (15.970033 55.6771),626312000_0,0 days 00:01:00,-5.17086835276348e-07,77.46562634907343,0.0,0,7.797622745891853,55.6771,15.970033
2025-01-15 01:53:00,2025-01-15 01:53:00,Class A,626312000_0,55.68045,15.995483,Under way using engine,0.0,13.2,76.0,72.0,9332834,TRAX5,WISDOMS DAUGHTER,Tanker,No additional information,42.0,244.0,GPS,7.3,FOR ORDER,17/01/2025 09:00:00,AIS,POINT (15.995483 55.68045),626312000_0,0 days 00:04:00,-2.448569310820944e-08,76.84873803885222,0.0,0,7.821741804435249,55.68045,15.995483
2025-01-15 01:54:00,2025-01-15 01:54:00,Class A,626312000_0,55.681333,16.001667,Under way using engine,1.1,13.2,75.0,71.0,9332834,TRAX5,WISDOMS DAUGHTER,Tanker,No additional information,42.0,244.0,GPS,7.3,FOR ORDER,17/01/2025 09:00:00,AIS,POINT (16.001667 55.681333),626312000_0,0 days 00:01:00,-2.7049257085013057e-06,75.78559228554792,0.0,0,7.827588996328627,55.681333,16.001667
2025-01-15 01:55:00,2025-01-15 01:55:00,Class A,626312000_0,55.68225,16.008033,Under way using engine,0.0,13.2,75.0,72.0,9332834,TRAX5,WISDOMS DAUGHTER,Tanker,No additional information,42.0,244.0,GPS,7.3,FOR ORDER,17/01/2025 09:00:00,AIS,POINT (16.008033 55.68225),626312000_0,0 days 00:01:00,3.3387184608135374e-06,75.66506472094801,0.0,0,7.833607192299726,55.68225,16.008033
2025-01-15 01:56:00,2025-01-15 01:56:00,Class A,626312000_0,55.683117,16.014333,Under way using engine,0.0,13.2,76.0,73.0,9332834,TRAX5,WISDOMS DAUGHTER,Tanker,No additional information,42.0,244.0,GPS,7.3,FOR ORDER,17/01/2025 09:00:00,AIS,POINT (16.014333 55.683117),626312000_0,0 days 00:01:00,-1.4954550870244423e-06,76.27961964915647,0.0,0,7.839572360650101,55.683117,16.014333
2025-01-15 01:57:00,2025-01-15 01:57:00,Class A,626312000_0,55.683933,16.02055,Under way using engine,0.0,13.2,76.0,72.0,9332834,TRAX5,WISDOMS DAUGHTER,Tanker,No additional information,42.0,244.0,GPS,7.3,FOR ORDER,17/01/2025 09:00:00,AIS,POINT (16.02055 55.683933),626312000_0,0 days 00:01:00,-1.7782716320918565e-06,76.89153967900359,0.0,0,7.845468059713709,55.683933,16.02055
2025-01-15 01:58:00,2025-01-15 01:58:00,Class A,626312000_0,55.684767,16.026967,Under way using engine,0.0,13.1,76.0,72.0,9332834,TRAX5,WISDOMS DAUGHTER,Tanker,No additional information,42.0,244.0,GPS,7.3,FOR ORDER,17/01/2025 09:00:00,AIS,POINT (16.026967 55.684767),626312000_0,0 days 00:01:00,3.5278284272630594e-06,77.01520715573224,0.0,0,7.8515558036675115,55.684767,16.026967
2025-01-15 01:59:00,2025-01-15 01:59:00,Class A,626312000_0,55.685583,16.033133,Under way using engine,0.0,13.1,76.0,72.0,9332834,TRAX5,WISDOMS DAUGHTER,Tanker,No additional information,42.0,244.0,GPS,7.3,FOR ORDER,17/01/2025 09:00:00,AIS,POINT (16.033133 55.685583),626312000_0,0 days 00:01:00,-4.400050565429569e-06,76.78640829606036,0.0,0,7.857402866418966,55.685583,16.033133
2025-01-15 02:16:00,2025-01-15 02:16:00,Class A,626312000_0,55.700133,16.138483,Under way using engine,0.0,12.9,76.0,72.0,9332834,TRAX5,WISDOMS DAUGHTER,Tanker,No additional information,42.0,244.0,GPS,7.3,FOR ORDER,17/01/2025 09:00:00,AIS,POINT (16.138483 55.700133),626312000_0,0 days 00:17:00,4.672063749667945e-08,76.1880872101342,0.0,0,7.9572631990847835,55.700133,16.138483
2025-01-15 02:17:00,2025-01-15 02:17:00,Class A,626312000_0,55.700983,16.144533,Under way using engine,0.0,12.8,76.0,72.0,9332834,TRAX5,WISDOMS DAUGHTER,Tanker,No additional information,42.0,244.0,GPS,7.3,FOR ORDER,17/01/2025 09:00:00,AIS,POINT (16.144533 55.700983),626312000_0,0 days 00:01:00,-2.5578709319348544e-06,75.99797494652637,0.0,0,7.963000016677696,55.700983,16.144533
2025-01-15 02:18:00,2025-01-15 02:18:00,Class A,626312000_0,55.70185,16.150767,Under way using engine,0.0,12.8,76.0,72.0,9332834,TRAX5,WISDOMS DAUGHTER,Tanker,No additional information,42.0,244.0,GPS,7.3,FOR ORDER,17/01/2025 09:00:00,AIS,POINT (16.150767 55.70185),626312000_0,0 days 00:01:00,3.2434454106424215e-06,76.13359967707044,0.0,0,7.968913743151319,55.70185,16.150767
2025-01-15 02:19:00,2025-01-15 02:19:00,Class A,626312000_0,55.702817,16.15695,Under way using engine,0.0,12.9,75.0,72.0,9332834,TRAX5,WISDOMS DAUGHTER,Tanker,No additional information,42.0,244.0,GPS,7.3,FOR ORDER,17/01/2025 09:00:00,AIS,POINT (16.15695 55.702817),626312000_0,0 days 00:01:00,-8.157278245770131e-08,74.48552198926416,0.0,0,7.974757257305576,55.702817,16.15695
2025-01-15 02:20:00,2025-01-15 02:20:00,Class A,626312000_0,55.70365,16.163,Under way using engine,0.0,12.9,75.0,72.0,9332834,TRAX5,WISDOMS DAUGHTER,Tanker,No additional information,42.0,244.0,GPS,7.3,FOR ORDER,17/01/2025 09:00:00,AIS,POINT (16.163 55.70365),626312000_0,0 days 00:01:00,-3.2946174318263806e-06,76.26636268920225,0.0,0,7.980499337399195,55.70365,16.163
2025-01-15 02:21:00,2025-01-15 02:21:00,Class A,626312000_0,55.704533,16.16925,Under way using engine,0.0,12.9,75.0,72.0,9332834,TRAX5,WISDOMS DAUGHTER,Tanker,No additional information,42.0,244.0,GPS,7.3,FOR ORDER,17/01/2025 09:00:00,AIS,POINT (16.16925 55.704533),626312000_0,0 days 00:01:00,3.759378829319227e-06,75.9216337954852,0.0,0,7.986427118830299,55.704533,16.16925
2025-01-15 02:22:00,2025-01-15 02:22:00,Class A,626312000_0,55.7054,16.175417,Under way using engine,0.0,12.9,76.0,73.0,9332834,TRAX5,WISDOMS DAUGHTER,Tanker,No additional information,42.0,244.0,GPS,7.3,FOR ORDER,17/01/2025 09:00:00,AIS,POINT (16.175417 55.7054),626312000_0,0 days 00:01:00,-1.5284916025015347e-06,75.98768558266875,0.0,0,7.992277647015649,55.7054,16.175417
2025-01-15 02:23:00,2025-01-15 02:23:00,Class A,626312000_0,55.706183,16.1816,Under way using engine,0.0,12.9,76.0,73.0,9332834,TRAX5,WISDOMS DAUGHTER,Tanker,No additional information,42.0,244.0,GPS,7.3,FOR ORDER,17/01/2025 09:00:00,AIS,POINT (16.1816 55.706183),626312000_0,0 days 00:01:00,-3.284514192436414e-07,77.33032493390124,0.0,0,7.998161882031895,55.706183,16.1816
2025-01-15 02:24:00,2025-01-15 02:24:00,Class A,626312000_0,55.707033,16.187717,Under way using engine,0.0,12.9,76.0,73.0,9332834,TRAX5,WISDOMS DAUGHTER,Tanker,No additional information,42.0,244.0,GPS,7.3,FOR ORDER,17/01/2025 09:00:00,AIS,POINT (16.187717 55.707033),626312000_0,0 days 00:01:00,-6.498003803063514e-07,76.14328666442918,0.0,0,8.003968154737061,55.707033,16.187717
2025-01-15 02:26:00,2025-01-15 02:26:00,Class A,626312000_0,55.708617,16.200217,Under way using engine,0.0,12.9,77.0,73.0,9332834,TRAX5,WISDOMS DAUGHTER,Tanker,No additional information,42.0,244.0,GPS,7.3,FOR ORDER,17/01/2025 09:00:00,AIS,POINT (16.200217 55.708617),626312000_0,0 days 00:02:00,9.234149316406643e-07,77.31909672302652,0.0,0,8.015866633371902,55.708617,16.200217
2025-01-15 02:27:00,2025-01-15 02:27:00,Class A,626312000_0,55.709367,16.206317,Under way using engine,0.0,12.9,77.0,73.0,9332834,TRAX5,WISDOMS DAUGHTER,Tanker,No additional information,42.0,244.0,GPS,7.3,FOR ORDER,17/01/2025 09:00:00,AIS,POINT (16.206317 55.709367),626312000_0,0 days 00:01:00,-2.8410426963049533e-06,77.68674913338543,0.0,0,8.021678632387673,55.709367,16.206317
2025-01-15 02:28:00,2025-01-15 02:28:00,Class A,626312000_0,55.71015,16.212633,Under way using engine,0.0,12.9,77.0,73.0,9332834,TRAX5,WISDOMS DAUGHTER,Tanker,No additional information,42.0,244.0,GPS,7.3,FOR ORDER,17/01/2025 09:00:00,AIS,POINT (16.212633 55.71015),626312000_0,0 days 00:01:00,3.900496439479597e-06,77.58744130558586,0.0,0,8.027695624290324,55.71015,16.212633
2025-01-15 02:29:00,2025-01-15 02:29:00,Class A,626312000_0,55.71095,16.218833,Under way using engine,0.0,12.9,77.0,73.0,9332834,TRAX5,WISDOMS DAUGHTER,Tanker,No additional information,42.0,244.0,GPS,7.3,FOR ORDER,17/01/2025 09:00:00,AIS,POINT (16.218833 55.71095),626312000_0,0 days 00:01:00,-1.8636735631208553e-06,77.09720649813801,0.0,0,8.033596142590815,55.71095,16.218833
2025-01-15 02:34:01,2025-01-15 02:34:01,Class A,626312000_0,55.71505,16.249733,Under way using engine,0.0,12.9,76.0,73.0,9332834,TRAX5,WISDOMS DAUGHTER,Tanker,No additional information,42.0,244.0,GPS,7.3,FOR ORDER,17/01/2025 09:00:00,AIS,POINT (16.249733 55.71505),626312000_0,0 days 00:05:01,-1.1468673279785307e-07,76.73362611207938,0.0,0,8.062988256487168,55.71505,16.249733
2025-01-15 03:19:00,2025-01-15 03:19:00,Class A,626312000_0,55.7513,16.526933,Under way using engine,0.0,12.9,75.0,73.0,9332834,TRAX5,WISDOMS DAUGHTER,Tanker,No additional information,42.0,244.0,GPS,7.3,FOR ORDER,17/01/2025 09:00:00,AIS,POINT (16.526933 55.7513),626312000_0,0 days 00:44:59,-1.9231039819240693e-09,76.8099348031651,0.0,0,8.327342986706503,55.7513,16.526933
2025-01-15 03:20:00,2025-01-15 03:20:00,Class A,626312000_0,55.752133,16.533,Under way using engine,0.0,12.9,76.0,73.0,9332834,TRAX5,WISDOMS DAUGHTER,Tanker,No additional information,42.0,244.0,GPS,7.3,FOR ORDER,17/01/2025 09:00:00,AIS,POINT (16.533 55.752133),626312000_0,0 days 00:01:00,-1.4723719737115733e-06,76.28700557454681,0.0,0,8.333132248589843,55.752133,16.533
2025-01-15 03:25:00,2025-01-15 03:25:00,Class A,626312000_0,55.756167,16.563883,Under way using engine,0.0,12.8,76.0,73.0,9332834,TRAX5,WISDOMS DAUGHTER,Tanker,No additional information,42.0,244.0,GPS,7.3,FOR ORDER,17/01/2025 09:00:00,AIS,POINT (16.563883 55.756167),626312000_0,0 days 00:05:00,3.332344512670289e-07,76.91938838094967,0.0,0,8.362648692822688,55.756167,16.563883
2025-01-15 03:26:00,2025-01-15 03:26:00,Class A,626312000_0,55.756983,16.57005,Under way using engine,0.0,12.8,76.0,74.0,9332834,TRAX5,WISDOMS DAUGHTER,Tanker,No additional information,42.0,244.0,GPS,7.3,FOR ORDER,17/01/2025 09:00:00,AIS,POINT (16.57005 55.756983),626312000_0,0 days 00:01:00,-1.049580545365326e-07,76.7651511653088,0.0,0,8.368542204128984,55.756983,16.57005
